00000000: 03 00 00 00 33 2e 30 35 5f 30 33 32 34 30 31 00  ....3.05_032401.
00000010: 00 00 00 00 84 10 00 00 e7 07 03 18 0d 39 05 00  .............9..
00000020: 00 00 00 00 ba 87 00 00 00 00 00 00 00 00 00 00  ................
00000030: 00 00 00 00 00 00 00 00 00 00 00 00 00 00 00 00  ................
00000040: 00 00 00 00 00 00 00 00 00 00 00 00 00 00 00 00  ................
00000050: 00 00 00 00 00 00 00 00 00 00 00 00 00 00 00 00  ................
00000060: 00 00 00 00 00 00 00 00 00 00 00 00 00 00 00 00  ................
00000070: 00 00 00 00 00 00 00 00 00 00 00 00 00 00 00 00  ................
00000080: 30 33 32 34 20 b8 fc d0 c2 b3 f5 ca bc bb af 76  0324 ..........v
00000090: 30 2e 34 5f 72 65 6c 65 61 73 65 5f 47 43 31 30  0.4_release_GC10
000000a0: 38 34 5f 44 56 50 5f 62 61 73 65 32 37 4d 40 70  84_DVP_base27M@p
000000b0: 63 6c 6b 3d 33 36 4d 68 7a 5f 31 32 38 30 78 37  clk=36Mhz_1280x7
000000c0: 32 30 5f 33 30 66 70 73 0d 0a 56 34 20 b8 fc d0  20_30fps..V4 ...
000000d0: c2 b3 f5 ca bc bb af 0d 0a 56 32 20 59 59 20 63  .........V2 YY c
000000e0: 68 61 6e 67 65 20 64 61 79 2f 6e 69 67 68 74 00  hange day/night.
000000f0: 00 00 00 00 00 00 00 00 00 00 00 00 00 00 00 00  ................
00000100: 00 00 00 00 00 00 00 00 00 00 00 00 00 00 00 00  ................
00000110: 00 00 00 00 00 00 00 00 00 00 00 00 00 00 00 00  ................
00000120: 00 00 00 00 00 00 00 00 00 00 00 00 00 00 00 00  ................
00000130: 00 00 00 00 00 00 00 00 00 00 00 00 00 00 00 00  ................
00000140: 00 00 00 00 00 00 00 00 00 00 00 00 00 00 00 00  ................
00000150: 00 00 00 00 00 00 00 00 00 00 00 00 00 00 00 00  ................
00000160: 00 00 00 00 00 00 00 00 00 00 00 00 00 00 00 00  ................
00000170: 00 00 00 00 00 00 00 00 00 00 00 00 00 00 00 00  ................
00000180: 00 00 00 00 00 00 00 00 00 00 00 00 00 00 00 00  ................
00000190: 00 00 00 00 00 00 00 00 00 00 00 00 00 00 00 00  ................
000001a0: 00 00 00 00 00 00 00 00 00 00 00 00 00 00 00 00  ................
000001b0: 00 00 00 00 00 00 00 00 00 00 00 00 00 00 00 00  ................
000001c0: 00 00 00 00 00 00 00 00 00 00 00 00 00 00 00 00  ................
000001d0: 00 00 00 00 00 00 00 00 00 00 00 00 00 00 00 00  ................
000001e0: 00 00 00 00 00 00 00 00 00 00 00 00 00 00 00 00  ................
000001f0: 00 00 00 00 00 00 00 00 00 00 00 00 00 00 00 00  ................
00000200: 00 00 ba 00 00 00 01 00 40 00 40 00 40 00 40 00  ........@.@.@.@.
00000210: 00 ff 00 ff 00 ff 00 ff 01 00 40 00 40 00 40 00  ..........@.@.@.
00000220: 40 00 f6 ff f1 ff f1 ff f6 ff 01 00 40 00 40 00  @...........@.@.
00000230: 40 00 40 00 fb ff f6 ff f6 ff fb ff 01 00 40 00  @.@...........@.
00000240: 40 00 40 00 40 00 fb ff f1 ff f1 ff fb ff 01 00  @.@.@...........
00000250: 40 00 40 00 40 00 40 00 fb ff f6 ff f6 ff fb ff  @.@.@.@.........
00000260: 01 00 40 00 40 00 40 00 40 00 fb ff f6 ff f6 ff  ..@.@.@.@.......
00000270: fb ff 01 00 40 00 40 00 40 00 40 00 14 00 14 00  ....@.@.@.@.....
00000280: 14 00 14 00 01 00 42 00 42 00 42 00 42 00 14 00  ......B.B.B.B...
00000290: 14 00 14 00 14 00 01 00 42 00 42 00 42 00 42 00  ........B.B.B.B.
000002a0: 14 00 14 00 14 00 14 00 01 00 42 00 42 00 42 00  ..........B.B.B.
000002b0: 42 00 d8 ff d8 ff d8 ff d8 ff 01 00 c0 00 01 00  B...............
000002c0: 80 02 68 01 0a 00 04 00 03 00 00 00 00 00 00 00  ..h.............
000002d0: 00 00 00 00 00 00 00 00 00 00 ff 00 ff 00 00 00  ................
000002e0: 00 00 00 00 00 00 00 00 00 00 00 00 00 00 04 00  ................
000002f0: 03 00 00 00 00 00 00 00 00 00 00 00 00 00 00 00  ................
00000300: 00 00 ff 00 ff 00 00 00 00 00 00 00 00 00 00 00  ................
00000310: 00 00 00 00 00 00 04 00 03 00 00 00 00 00 00 00  ................
00000320: 00 00 00 00 00 00 00 00 00 00 ff 00 ff 00 00 00  ................
00000330: 00 00 00 00 00 00 00 00 00 00 00 00 00 00 04 00  ................
00000340: 03 00 00 00 00 00 00 00 00 00 00 00 00 00 00 00  ................
00000350: 00 00 ff 00 ff 00 00 00 00 00 00 00 00 00 00 00  ................
00000360: 00 00 00 00 00 00 1c 02 1c 02 1c 02 1c 02 1c 02  ................
00000370: 1c 02 1c 02 1c 02 1c 02 1c 02 02 00 6c 03 00 00  ............l...
00000380: 08 00 10 00 18 00 20 00 28 00 30 00 38 00 40 00  ...... .(.0.8.@.
00000390: 48 00 50 00 58 00 60 00 68 00 70 00 78 00 80 00  H.P.X.`.h.p.x...
000003a0: 88 00 90 00 98 00 a0 00 a8 00 b0 00 b8 00 c0 00  ................
000003b0: c8 00 d0 00 d8 00 e0 00 e8 00 f0 00 f8 00 00 01  ................
000003c0: 08 01 10 01 18 01 20 01 28 01 30 01 38 01 40 01  ...... .(.0.8.@.
000003d0: 48 01 50 01 58 01 60 01 68 01 70 01 78 01 80 01  H.P.X.`.h.p.x...
000003e0: 88 01 90 01 98 01 a0 01 a8 01 b0 01 b8 01 c0 01  ................
000003f0: c8 01 d0 01 d8 01 e0 01 e8 01 f0 01 f8 01 00 02  ................
00000400: 08 02 10 02 18 02 20 02 28 02 30 02 38 02 40 02  ...... .(.0.8.@.
00000410: 48 02 50 02 58 02 60 02 68 02 70 02 78 02 80 02  H.P.X.`.h.p.x...
00000420: 88 02 90 02 98 02 a0 02 a8 02 b0 02 b8 02 c0 02  ................
00000430: c8 02 d0 02 d8 02 e0 02 e8 02 f0 02 f8 02 00 03  ................
00000440: 08 03 10 03 18 03 20 03 28 03 30 03 38 03 40 03  ...... .(.0.8.@.
00000450: 48 03 50 03 58 03 60 03 68 03 70 03 78 03 80 03  H.P.X.`.h.p.x...
00000460: 88 03 90 03 98 03 a0 03 a8 03 b0 03 b8 03 c0 03  ................
00000470: c8 03 d0 03 d8 03 e0 03 e8 03 f0 03 f8 03 ff 03  ................
00000480: 00 00 08 00 10 00 18 00 20 00 28 00 30 00 38 00  ........ .(.0.8.
00000490: 40 00 48 00 50 00 58 00 60 00 68 00 70 00 78 00  @.H.P.X.`.h.p.x.
000004a0: 80 00 88 00 90 00 98 00 a0 00 a8 00 b0 00 b8 00  ................
000004b0: c0 00 c8 00 d0 00 d8 00 e0 00 e8 00 f0 00 f8 00  ................
000004c0: 00 01 08 01 10 01 18 01 20 01 28 01 30 01 38 01  ........ .(.0.8.
000004d0: 40 01 48 01 50 01 58 01 60 01 68 01 70 01 78 01  @.H.P.X.`.h.p.x.
000004e0: 80 01 88 01 90 01 98 01 a0 01 a8 01 b0 01 b8 01  ................
000004f0: c0 01 c8 01 d0 01 d8 01 e0 01 e8 01 f0 01 f8 01  ................
00000500: 00 02 08 02 10 02 18 02 20 02 28 02 30 02 38 02  ........ .(.0.8.
00000510: 40 02 48 02 50 02 58 02 60 02 68 02 70 02 78 02  @.H.P.X.`.h.p.x.
00000520: 80 02 88 02 90 02 98 02 a0 02 a8 02 b0 02 b8 02  ................
00000530: c0 02 c8 02 d0 02 d8 02 e0 02 e8 02 f0 02 f8 02  ................
00000540: 00 03 08 03 10 03 18 03 20 03 28 03 30 03 38 03  ........ .(.0.8.
00000550: 40 03 48 03 50 03 58 03 60 03 68 03 70 03 78 03  @.H.P.X.`.h.p.x.
00000560: 80 03 88 03 90 03 98 03 a0 03 a8 03 b0 03 b8 03  ................
00000570: c0 03 c8 03 d0 03 d8 03 e0 03 e8 03 f0 03 f8 03  ................
00000580: ff 03 00 00 08 00 10 00 18 00 20 00 28 00 30 00  .......... .(.0.
00000590: 38 00 40 00 48 00 50 00 58 00 60 00 68 00 70 00  8.@.H.P.X.`.h.p.
000005a0: 78 00 80 00 88 00 90 00 98 00 a0 00 a8 00 b0 00  x...............
000005b0: b8 00 c0 00 c8 00 d0 00 d8 00 e0 00 e8 00 f0 00  ................
000005c0: f8 00 00 01 08 01 10 01 18 01 20 01 28 01 30 01  .......... .(.0.
000005d0: 38 01 40 01 48 01 50 01 58 01 60 01 68 01 70 01  8.@.H.P.X.`.h.p.
000005e0: 78 01 80 01 88 01 90 01 98 01 a0 01 a8 01 b0 01  x...............
000005f0: b8 01 c0 01 c8 01 d0 01 d8 01 e0 01 e8 01 f0 01  ................
00000600: f8 01 00 02 08 02 10 02 18 02 20 02 28 02 30 02  .......... .(.0.
00000610: 38 02 40 02 48 02 50 02 58 02 60 02 68 02 70 02  8.@.H.P.X.`.h.p.
00000620: 78 02 80 02 88 02 90 02 98 02 a0 02 a8 02 b0 02  x...............
00000630: b8 02 c0 02 c8 02 d0 02 d8 02 e0 02 e8 02 f0 02  ................
00000640: f8 02 00 03 08 03 10 03 18 03 20 03 28 03 30 03  .......... .(.0.
00000650: 38 03 40 03 48 03 50 03 58 03 60 03 68 03 70 03  8.@.H.P.X.`.h.p.
00000660: 78 03 80 03 88 03 90 03 98 03 a0 03 a8 03 b0 03  x...............
00000670: b8 03 c0 03 c8 03 d0 03 d8 03 e0 03 e8 03 f0 03  ................
00000680: f8 03 ff 03 00 00 80 00 00 00 00 00 00 00 00 00  ................
00000690: 00 00 00 00 00 00 00 00 00 00 00 00 00 00 00 00  ................
000006a0: 00 00 00 00 00 00 80 00 00 00 00 00 00 00 00 00  ................
000006b0: 00 00 00 00 00 00 00 00 00 00 00 00 00 00 00 00  ................
000006c0: 00 00 00 00 00 00 80 00 00 00 00 00 00 00 00 00  ................
000006d0: 00 00 00 00 00 00 00 00 00 00 00 00 00 00 00 00  ................
000006e0: 00 00 00 00 01 00 03 00 dc 08 01 00 00 00 ff 03  ................
000006f0: 84 03 65 02 43 01 84 00 29 00 0a 00 01 00 00 00  ..e.C...).......
00000700: 00 00 00 00 00 00 00 00 00 00 00 00 00 00 00 00  ................
00000710: ff 03 84 03 65 02 43 01 84 00 29 00 0a 00 01 00  ....e.C...).....
00000720: 00 00 00 00 00 00 00 00 00 00 00 00 00 00 00 00  ................
00000730: 00 00 ff 03 84 03 65 02 43 01 84 00 29 00 0a 00  ......e.C...)...
00000740: 01 00 00 00 00 00 00 00 00 00 00 00 00 00 00 00  ................
00000750: 00 00 00 00 05 00 00 00 40 00 80 00 c0 00 00 01  ........@.......
00000760: 40 01 80 01 c0 01 00 02 40 02 80 02 c0 02 00 03  @.......@.......
00000770: 40 03 80 03 c0 03 ff 03 00 00 02 00 04 00 06 00  @...............
00000780: 08 00 0a 00 0c 00 0e 00 00 00 00 00 00 00 00 00  ................
00000790: 00 00 00 00 00 00 00 00 d0 07 d0 07 d0 07 01 00  ................
000007a0: ff 03 00 00 00 00 00 00 00 00 00 00 00 00 00 00  ................
000007b0: 00 00 00 00 00 00 00 00 00 00 00 00 00 00 00 00  ................
000007c0: 00 00 ff 03 00 00 00 00 00 00 00 00 00 00 00 00  ................
000007d0: 00 00 00 00 00 00 00 00 00 00 00 00 00 00 00 00  ................
000007e0: 00 00 00 00 ff 03 00 00 00 00 00 00 00 00 00 00  ................
000007f0: 00 00 00 00 00 00 00 00 00 00 00 00 00 00 00 00  ................
00000800: 00 00 00 00 00 00 06 00 00 00 2c 00 6d 00 ca 00  ..........,.m...
00000810: 38 01 ae 01 1f 02 86 02 d6 02 14 03 44 03 6b 03  8...........D.k.
00000820: 8d 03 ac 03 c9 03 e5 03 ff 03 00 00 01 00 06 00  ................
00000830: 0b 00 10 00 00 00 00 00 00 00 00 00 00 00 00 00  ................
00000840: 00 00 00 00 00 00 00 00 00 00 0a 00 0a 00 0a 00  ................
00000850: 01 00 ff 03 06 00 00 00 00 00 00 00 00 00 00 00  ................
00000860: 00 00 00 00 00 00 00 00 00 00 00 00 00 00 00 00  ................
00000870: 00 00 00 00 ff 03 06 00 00 00 00 00 00 00 00 00  ................
00000880: 00 00 00 00 00 00 00 00 00 00 00 00 00 00 00 00  ................
00000890: 00 00 00 00 00 00 ff 03 06 00 00 00 00 00 00 00  ................
000008a0: 00 00 00 00 00 00 00 00 00 00 00 00 00 00 00 00  ................
000008b0: 00 00 00 00 00 00 00 00 06 00 00 00 71 00 dc 00  ............q...
000008c0: 3c 01 92 01 e0 01 27 02 67 02 a2 02 d9 02 0b 03  <.....'.g.......
000008d0: 39 03 64 03 8d 03 b4 03 da 03 ff 03 00 00 02 00  9.d.............
000008e0: 05 00 10 00 00 00 00 00 00 00 00 00 00 00 00 00  ................
000008f0: 00 00 00 00 00 00 00 00 00 00 00 00 32 00 32 00  ............2.2.
00000900: 32 00 01 00 ff 03 06 00 00 00 00 00 00 00 00 00  2...............
00000910: 00 00 00 00 00 00 00 00 00 00 00 00 00 00 00 00  ................
00000920: 00 00 00 00 00 00 ff 03 06 00 00 00 00 00 00 00  ................
00000930: 00 00 00 00 00 00 00 00 00 00 00 00 00 00 00 00  ................
00000940: 00 00 00 00 00 00 00 00 ff 03 06 00 00 00 00 00  ................
00000950: 00 00 00 00 00 00 00 00 00 00 00 00 00 00 00 00  ................
00000960: 00 00 00 00 00 00 00 00 00 00 05 00 00 00 71 00  ..............q.
00000970: eb 00 69 01 e0 01 48 02 98 02 d5 02 03 03 27 03  ..i...H.......'.
00000980: 46 03 63 03 80 03 9f 03 bf 03 df 03 ff 03 00 00  F.c.............
00000990: 01 00 04 00 0a 00 10 00 00 00 00 00 00 00 00 00  ................
000009a0: 00 00 00 00 00 00 00 00 00 00 00 00 00 00 32 00  ..............2.
000009b0: 32 00 32 00 01 00 ff 03 06 00 00 00 00 00 00 00  2.2.............
000009c0: 00 00 00 00 00 00 00 00 00 00 00 00 00 00 00 00  ................
000009d0: 00 00 00 00 00 00 00 00 ff 03 06 00 00 00 00 00  ................
000009e0: 00 00 00 00 00 00 00 00 00 00 00 00 00 00 00 00  ................
000009f0: 00 00 00 00 00 00 00 00 00 00 ff 03 06 00 00 00  ................
00000a00: 00 00 00 00 00 00 00 00 00 00 00 00 00 00 00 00  ................
00000a10: 00 00 00 00 00 00 00 00 00 00 00 00 04 00 00 00  ................
00000a20: 11 00 31 00 65 00 a7 00 f4 00 46 01 98 01 e7 01  ..1.e.....F.....
00000a30: 32 02 7a 02 c0 02 02 03 43 03 83 03 c1 03 ff 03  2.z.....C.......
00000a40: 00 00 01 00 07 00 10 00 00 00 00 00 00 00 00 00  ................
00000a50: 00 00 00 00 00 00 00 00 00 00 00 00 00 00 00 00  ................
00000a60: 32 00 32 00 32 00 01 00 ff 03 4f 00 00 00 00 00  2.2.2.....O.....
00000a70: 00 00 00 00 00 00 00 00 00 00 00 00 00 00 00 00  ................
00000a80: 00 00 00 00 00 00 00 00 00 00 ff 03 4f 00 00 00  ............O...
00000a90: 00 00 00 00 00 00 00 00 00 00 00 00 00 00 00 00  ................
00000aa0: 00 00 00 00 00 00 00 00 00 00 00 00 ff 03 4f 00  ..............O.
00000ab0: 00 00 00 00 00 00 00 00 00 00 00 00 00 00 00 00  ................
00000ac0: 00 00 00 00 00 00 00 00 00 00 00 00 00 00 04 00  ................
00000ad0: 00 00 05 00 14 00 36 00 6a 00 ab 00 f7 00 49 01  ......6.j.....I.
00000ae0: 9f 01 f4 01 46 02 95 02 e1 02 2a 03 72 03 b9 03  ....F.....*.r...
00000af0: ff 03 00 00 02 00 09 00 10 00 00 00 00 00 00 00  ................
00000b00: 00 00 00 00 00 00 00 00 00 00 00 00 00 00 00 00  ................
00000b10: 00 00 64 00 64 00 64 00 01 00 ff 03 e7 02 1c 01  ..d.d.d.........
00000b20: 39 00 06 00 00 00 00 00 00 00 00 00 00 00 00 00  9...............
00000b30: 00 00 00 00 00 00 00 00 00 00 00 00 ff 03 e7 02  ................
00000b40: 1c 01 39 00 06 00 00 00 00 00 00 00 00 00 00 00  ..9.............
00000b50: 00 00 00 00 00 00 00 00 00 00 00 00 00 00 ff 03  ................
00000b60: e7 02 1c 01 39 00 06 00 00 00 00 00 00 00 00 00  ....9...........
00000b70: 00 00 00 00 00 00 00 00 00 00 00 00 00 00 00 00  ................
00000b80: 03 00 00 00 04 00 10 00 2d 00 59 00 90 00 d1 00  ........-.Y.....
00000b90: 18 01 63 01 b0 01 00 02 52 02 a6 02 fb 02 51 03  ..c.....R.....Q.
00000ba0: a8 03 ff 03 00 00 02 00 07 00 10 00 00 00 00 00  ................
00000bb0: 00 00 00 00 00 00 00 00 00 00 00 00 00 00 00 00  ................
00000bc0: 00 00 00 00 20 03 20 03 20 03 01 00 ff 03 18 03  .... . . .......
00000bd0: 6f 01 66 00 11 00 01 00 00 00 00 00 00 00 00 00  o.f.............
00000be0: 00 00 00 00 00 00 00 00 00 00 00 00 00 00 ff 03  ................
00000bf0: 18 03 6f 01 66 00 11 00 01 00 00 00 00 00 00 00  ..o.f...........
00000c00: 00 00 00 00 00 00 00 00 00 00 00 00 00 00 00 00  ................
00000c10: ff 03 18 03 6f 01 66 00 11 00 01 00 00 00 00 00  ....o.f.........
00000c20: 00 00 00 00 00 00 00 00 00 00 00 00 00 00 00 00  ................
00000c30: 00 00 03 00 00 00 01 00 09 00 1c 00 41 00 7d 00  ............A.}.
00000c40: cb 00 22 01 7c 01 d3 01 27 02 7a 02 ca 02 19 03  ..".|...'.z.....
00000c50: 66 03 b3 03 ff 03 00 00 04 00 07 00 10 00 00 00  f...............
00000c60: 00 00 00 00 00 00 00 00 00 00 00 00 00 00 00 00  ................
00000c70: 00 00 00 00 00 00 e8 03 e8 03 e8 03 01 00 ff 03  ................
00000c80: e7 02 1c 01 39 00 06 00 00 00 00 00 00 00 00 00  ....9...........
00000c90: 00 00 00 00 00 00 00 00 00 00 00 00 00 00 00 00  ................
00000ca0: ff 03 e7 02 1c 01 39 00 06 00 00 00 00 00 00 00  ......9.........
00000cb0: 00 00 00 00 00 00 00 00 00 00 00 00 00 00 00 00  ................
00000cc0: 00 00 ff 03 e7 02 1c 01 39 00 06 00 00 00 00 00  ........9.......
00000cd0: 00 00 00 00 00 00 00 00 00 00 00 00 00 00 00 00  ................
00000ce0: 00 00 00 00 04 00 00 00 29 00 55 00 87 00 c1 00  ........).U.....
00000cf0: 04 01 4a 01 93 01 da 01 20 02 66 02 ab 02 f0 02  ..J..... .f.....
00000d00: 34 03 78 03 bc 03 ff 03 00 00 03 00 06 00 10 00  4.x.............
00000d10: 00 00 00 00 00 00 00 00 00 00 00 00 00 00 00 00  ................
00000d20: 00 00 00 00 00 00 00 00 20 03 20 03 20 03 01 00  ........ . . ...
00000d30: ff 03 18 03 6f 01 66 00 11 00 01 00 00 00 00 00  ....o.f.........
00000d40: 00 00 00 00 00 00 00 00 00 00 00 00 00 00 00 00  ................
00000d50: 00 00 ff 03 18 03 6f 01 66 00 11 00 01 00 00 00  ......o.f.......
00000d60: 00 00 00 00 00 00 00 00 00 00 00 00 00 00 00 00  ................
00000d70: 00 00 00 00 ff 03 18 03 6f 01 66 00 11 00 01 00  ........o.f.....
00000d80: 00 00 00 00 00 00 00 00 00 00 00 00 00 00 00 00  ................
00000d90: 00 00 00 00 00 00 04 00 00 00 40 00 80 00 c0 00  ..........@.....
00000da0: 00 01 40 01 80 01 c0 01 00 02 40 02 80 02 c0 02  ..@.......@.....
00000db0: 00 03 40 03 80 03 c0 03 ff 03 00 00 10 00 00 00  ..@.............
00000dc0: 00 00 00 00 00 00 00 00 00 00 00 00 00 00 00 00  ................
00000dd0: 00 00 00 00 00 00 00 00 00 00 e8 03 e8 03 e8 03  ................
00000de0: 01 00 00 00 ff 03 84 03 65 02 43 01 84 00 29 00  ........e.C...).
00000df0: 0a 00 01 00 00 00 00 00 00 00 00 00 00 00 00 00  ................
00000e00: 00 00 00 00 00 00 05 00 d0 07 00 00 00 00 00 00  ................
00000e10: 00 00 01 00 ff 03 00 00 00 00 00 00 00 00 00 00  ................
00000e20: 00 00 00 00 00 00 00 00 00 00 00 00 00 00 00 00  ................
00000e30: 00 00 00 00 00 00 05 00 14 00 01 00 32 00 01 00  ............2...
00000e40: 01 00 01 00 ff 03 4f 00 00 00 00 00 00 00 00 00  ......O.........
00000e50: 00 00 00 00 00 00 00 00 00 00 00 00 00 00 00 00  ................
00000e60: 00 00 00 00 00 00 06 00 64 00 01 00 1e 00 01 00  ........d.......
00000e70: 01 00 01 00 ff 03 1c 01 06 00 00 00 00 00 00 00  ................
00000e80: 00 00 00 00 00 00 00 00 00 00 00 00 00 00 00 00  ................
00000e90: 00 00 00 00 00 00 05 00 c8 00 01 00 1e 00 01 00  ................
00000ea0: 01 00 01 00 ff 03 65 02 84 00 0a 00 00 00 00 00  ......e.........
00000eb0: 00 00 00 00 00 00 00 00 00 00 00 00 00 00 00 00  ................
00000ec0: 00 00 00 00 00 00 04 00 f4 01 01 00 1e 00 01 00  ................
00000ed0: 01 00 01 00 ff 03 18 03 6f 01 66 00 11 00 01 00  ........o.f.....
00000ee0: 00 00 00 00 00 00 00 00 00 00 00 00 00 00 00 00  ................
00000ef0: 00 00 00 00 00 00 04 00 e8 03 01 00 1e 00 01 00  ................
00000f00: 01 00 01 00 ff 03 84 03 65 02 43 01 84 00 29 00  ........e.C...).
00000f10: 0a 00 01 00 00 00 00 00 00 00 00 00 00 00 00 00  ................
00000f20: 00 00 00 00 00 00 03 00 d0 07 01 00 14 00 01 00  ................
00000f30: 01 00 01 00 ff 03 9c 03 a7 02 97 01 c6 00 4f 00  ..............O.
00000f40: 19 00 06 00 01 00 00 00 00 00 00 00 00 00 00 00  ................
00000f50: 00 00 00 00 00 00 03 00 c4 09 01 00 14 00 01 00  ................
00000f60: 01 00 01 00 ff 03 ac 03 d7 02 db 01 05 01 79 00  ..............y.
00000f70: 2f 00 0f 00 04 00 01 00 00 00 00 00 00 00 00 00  /...............
00000f80: 00 00 00 00 00 00 04 00 b8 0b 00 00 00 00 00 00  ................
00000f90: 00 00 01 00 ff 03 e6 03 9c 03 2d 03 a7 02 1b 02  ..........-.....
00000fa0: 97 01 24 01 c6 00 80 00 4f 00 2e 00 19 00 0d 00  ..$.....O.......
00000fb0: 06 00 03 00 01 00 04 00 10 27 00 00 00 00 00 00  .........'......
00000fc0: 00 00 04 00 40 04 01 00 00 00 01 00 00 00 00 00  ....@...........
00000fd0: 01 00 01 00 00 00 01 00 01 00 08 00 08 00 78 00  ..............x.
00000fe0: 01 00 e8 03 d0 07 40 00 20 00 00 00 08 00 14 00  ......@. .......
00000ff0: ff 03 18 03 6f 01 66 00 11 00 01 00 00 00 00 00  ....o.f.........
00001000: 00 00 00 00 00 00 00 00 00 00 00 00 00 00 00 00  ................
00001010: 00 00 e8 03 02 00 00 00 0b 00 08 00 78 00 60 00  ............x.`.
00001020: 04 00 01 00 e8 03 d0 07 40 00 18 00 00 00 08 00  ........@.......
00001030: 14 00 0a 00 00 00 00 00 01 00 00 00 01 00 01 00  ................
00001040: 00 00 01 00 01 00 08 00 08 00 40 00 01 00 dc 05  ..........@.....
00001050: f0 0a 18 00 0c 00 00 00 08 00 14 00 ff 03 1c 01  ................
00001060: 06 00 00 00 00 00 00 00 00 00 00 00 00 00 00 00  ................
00001070: 00 00 00 00 00 00 00 00 00 00 00 00 00 00 c8 00  ................
00001080: 02 00 00 00 0b 00 10 00 78 00 10 00 0c 00 01 00  ........x.......
00001090: dc 05 f0 0a 18 00 0c 00 00 00 08 00 14 00 00 00  ................
000010a0: 00 00 00 00 01 00 01 00 01 00 01 00 00 00 01 00  ................
000010b0: 01 00 08 00 08 00 40 00 01 00 dc 05 f0 0a 40 00  ......@.......@.
000010c0: 20 00 00 00 08 00 14 00 ff 03 18 03 6f 01 66 00   ...........o.f.
000010d0: 11 00 01 00 00 00 00 00 00 00 00 00 00 00 00 00  ................
000010e0: 00 00 00 00 00 00 00 00 00 00 e8 03 02 00 00 00  ................
000010f0: 0b 00 10 00 40 00 00 00 0c 00 01 00 dc 05 f0 0a  ....@...........
00001100: 40 00 20 00 00 00 08 00 14 00 c8 00 00 00 00 00  @. .............
00001110: 01 00 01 00 01 00 01 00 00 00 01 00 01 00 08 00  ................
00001120: 08 00 40 00 01 00 08 07 28 0a 40 00 20 00 00 00  ..@.....(.@. ...
00001130: 08 00 14 00 ff 03 cc 03 42 03 85 02 c3 01 1c 01  ........B.......
00001140: a2 00 53 00 26 00 10 00 06 00 02 00 00 00 00 00  ..S.&...........
00001150: 00 00 00 00 00 00 88 13 02 00 00 00 0f 00 10 00  ................
00001160: 40 00 00 00 0c 00 01 00 08 07 28 0a 40 00 20 00  @.........(.@. .
00001170: 00 00 08 00 14 00 c8 00 00 00 00 00 01 00 01 00  ................
00001180: 01 00 01 00 00 00 01 00 01 00 08 00 08 00 40 00  ..............@.
00001190: 01 00 c4 09 1c 0c 40 00 20 00 00 00 08 00 14 00  ......@. .......
000011a0: ff 03 e6 03 9c 03 2d 03 a7 02 1b 02 97 01 24 01  ......-.......$.
000011b0: c6 00 80 00 4f 00 2e 00 19 00 0d 00 06 00 03 00  ....O...........
000011c0: 01 00 10 27 02 00 00 00 0f 00 18 00 40 00 00 00  ...'........@...
000011d0: 0c 00 01 00 c4 09 1c 0c 40 00 20 00 00 00 08 00  ........@. .....
000011e0: 1e 00 64 00 00 00 00 00 01 00 01 00 01 00 01 00  ..d.............
000011f0: 00 00 01 00 01 00 08 00 08 00 40 00 01 00 f0 0a  ..........@.....
00001200: ac 0d 40 00 20 00 00 00 08 00 14 00 ff 03 f2 03  ..@. ...........
00001210: cc 03 90 03 42 03 e7 02 85 02 22 02 c3 01 6b 01  ....B....."...k.
00001220: 1c 01 d9 00 a2 00 75 00 53 00 39 00 26 00 20 4e  ......u.S.9.&. N
00001230: 01 00 00 00 0f 00 20 00 40 00 00 00 0c 00 01 00  ...... .@.......
00001240: f0 0a ac 0d 40 00 20 00 00 00 08 00 1e 00 64 00  ....@. .......d.
00001250: 00 00 01 00 01 00 01 00 01 00 01 00 00 00 01 00  ................
00001260: 01 00 08 00 08 00 78 00 01 00 d8 0e c0 12 60 00  ......x.......`.
00001270: 40 00 00 00 08 00 14 00 ff 03 f9 03 e6 03 c6 03  @...............
00001280: 9c 03 68 03 2d 03 ec 02 a7 02 61 02 1b 02 d8 01  ..h.-.....a.....
00001290: 97 01 5b 01 24 01 f2 00 c6 00 40 9c 01 00 00 00  ..[.$.....@.....
000012a0: 0f 00 20 00 7f 00 00 00 0c 00 01 00 d8 0e c0 12  .. .............
000012b0: 60 00 40 00 00 00 08 00 1e 00 64 00 00 00 01 00  `.@.......d.....
000012c0: 01 00 01 00 01 00 01 00 00 00 01 00 01 00 08 00  ................
000012d0: 08 00 78 00 01 00 c0 12 a8 16 6c 00 30 00 00 00  ..x.......l.0...
000012e0: 08 00 14 00 ff 03 f9 03 e6 03 c6 03 9c 03 68 03  ..............h.
000012f0: 2d 03 ec 02 a7 02 61 02 1b 02 d8 01 97 01 5b 01  -.....a.......[.
00001300: 24 01 f2 00 c6 00 40 9c 01 00 00 00 0f 00 40 00  $.....@.......@.
00001310: 78 00 10 00 0c 00 01 00 c0 12 a8 16 80 00 30 00  x.............0.
00001320: 00 00 08 00 14 00 64 00 00 00 01 00 01 00 01 00  ......d.........
00001330: 01 00 01 00 00 00 01 00 01 00 08 00 08 00 78 00  ..............x.
00001340: 01 00 40 1f 10 27 40 00 20 00 00 00 08 00 14 00  ..@..'@. .......
00001350: ff 03 f9 03 e6 03 c6 03 9c 03 68 03 2d 03 ec 02  ..........h.-...
00001360: a7 02 61 02 1b 02 d8 01 97 01 5b 01 24 01 f2 00  ..a.......[.$...
00001370: c6 00 40 9c 02 00 00 00 0f 00 40 00 78 00 10 00  ..@.......@.x...
00001380: 0c 00 01 00 40 1f 10 27 40 00 20 00 00 00 08 00  ....@..'@. .....
00001390: 14 00 00 00 00 00 01 00 01 00 01 00 01 00 01 00  ................
000013a0: 01 00 01 00 01 00 08 00 08 00 78 00 04 00 e8 03  ..........x.....
000013b0: d0 07 40 00 20 00 00 00 08 00 28 00 ff 03 18 03  ..@. .....(.....
000013c0: 6f 01 66 00 11 00 01 00 00 00 00 00 00 00 00 00  o.f.............
000013d0: 00 00 00 00 00 00 00 00 00 00 00 00 00 00 e8 03  ................
000013e0: 02 00 00 00 0b 00 08 00 78 00 00 00 04 00 04 00  ........x.......
000013f0: e8 03 d0 07 40 00 18 00 00 00 08 00 28 00 32 00  ....@.......(.2.
00001400: 00 00 05 00 56 00 01 00 01 00 14 00 0c 00 1e 00  ....V...........
00001410: 01 00 14 00 04 00 78 00 01 00 14 00 04 00 78 00  ......x.......x.
00001420: 01 00 14 00 0c 00 1e 00 01 00 14 00 0c 00 1e 00  ................
00001430: 01 00 14 00 04 00 78 00 01 00 14 00 04 00 78 00  ......x.......x.
00001440: 01 00 14 00 04 00 78 00 01 00 14 00 04 00 78 00  ......x.......x.
00001450: 01 00 14 00 04 00 78 00 06 00 16 00 c0 00 00 00  ......x.........
00001460: 00 00 37 00 3c 00 40 00 40 00 40 00 40 00 07 00  ..7.<.@.@.@.@...
00001470: 6c 03 00 00 18 00 2f 00 47 00 5e 00 74 00 8b 00  l...../.G.^.t...
00001480: a1 00 b7 00 cc 00 e1 00 f5 00 09 01 1d 01 30 01  ..............0.
00001490: 42 01 54 01 66 01 77 01 88 01 99 01 a9 01 b9 01  B.T.f.w.........
000014a0: c9 01 d8 01 e7 01 f6 01 04 02 12 02 1f 02 2c 02  ..............,.
000014b0: 39 02 45 02 52 02 5d 02 68 02 73 02 7e 02 88 02  9.E.R.].h.s.~...
000014c0: 92 02 9b 02 a4 02 ac 02 b5 02 bd 02 c4 02 cb 02  ................
000014d0: d3 02 d9 02 e0 02 e6 02 ec 02 f2 02 f8 02 fd 02  ................
000014e0: 03 03 08 03 0d 03 12 03 16 03 1b 03 1f 03 24 03  ..............$.
000014f0: 28 03 2c 03 30 03 33 03 37 03 3a 03 3e 03 41 03  (.,.0.3.7.:.>.A.
00001500: 44 03 47 03 4a 03 4d 03 4f 03 52 03 55 03 57 03  D.G.J.M.O.R.U.W.
00001510: 59 03 5b 03 5e 03 60 03 62 03 64 03 65 03 67 03  Y.[.^.`.b.d.e.g.
00001520: 69 03 6b 03 6d 03 6e 03 70 03 72 03 74 03 75 03  i.k.m.n.p.r.t.u.
00001530: 77 03 79 03 7b 03 7d 03 7f 03 82 03 84 03 86 03  w.y.{.}.........
00001540: 89 03 8c 03 8f 03 92 03 95 03 98 03 9c 03 9f 03  ................
00001550: a3 03 a8 03 ac 03 b1 03 b5 03 ba 03 c0 03 c5 03  ................
00001560: ca 03 d0 03 d6 03 db 03 e1 03 e7 03 ed 03 f3 03  ................
00001570: f9 03 ff 03 00 00 18 00 2f 00 47 00 5e 00 74 00  ......../.G.^.t.
00001580: 8b 00 a1 00 b7 00 cc 00 e1 00 f5 00 09 01 1d 01  ................
00001590: 30 01 42 01 54 01 66 01 77 01 88 01 99 01 a9 01  0.B.T.f.w.......
000015a0: b9 01 c9 01 d8 01 e7 01 f6 01 04 02 12 02 1f 02  ................
000015b0: 2c 02 39 02 45 02 52 02 5d 02 68 02 73 02 7e 02  ,.9.E.R.].h.s.~.
000015c0: 88 02 92 02 9b 02 a4 02 ac 02 b5 02 bd 02 c4 02  ................
000015d0: cb 02 d3 02 d9 02 e0 02 e6 02 ec 02 f2 02 f8 02  ................
000015e0: fd 02 03 03 08 03 0d 03 12 03 16 03 1b 03 1f 03  ................
000015f0: 24 03 28 03 2c 03 30 03 33 03 37 03 3a 03 3e 03  $.(.,.0.3.7.:.>.
00001600: 41 03 44 03 47 03 4a 03 4d 03 4f 03 52 03 55 03  A.D.G.J.M.O.R.U.
00001610: 57 03 59 03 5b 03 5e 03 60 03 62 03 64 03 65 03  W.Y.[.^.`.b.d.e.
00001620: 67 03 69 03 6b 03 6d 03 6e 03 70 03 72 03 74 03  g.i.k.m.n.p.r.t.
00001630: 75 03 77 03 79 03 7b 03 7d 03 7f 03 82 03 84 03  u.w.y.{.}.......
00001640: 86 03 89 03 8c 03 8f 03 92 03 95 03 98 03 9c 03  ................
00001650: 9f 03 a3 03 a8 03 ac 03 b1 03 b5 03 ba 03 c0 03  ................
00001660: c5 03 ca 03 d0 03 d6 03 db 03 e1 03 e7 03 ed 03  ................
00001670: f3 03 f9 03 ff 03 00 00 18 00 2f 00 47 00 5e 00  ........../.G.^.
00001680: 74 00 8b 00 a1 00 b7 00 cc 00 e1 00 f5 00 09 01  t...............
00001690: 1d 01 30 01 42 01 54 01 66 01 77 01 88 01 99 01  ..0.B.T.f.w.....
000016a0: a9 01 b9 01 c9 01 d8 01 e7 01 f6 01 04 02 12 02  ................
000016b0: 1f 02 2c 02 39 02 45 02 52 02 5d 02 68 02 73 02  ..,.9.E.R.].h.s.
000016c0: 7e 02 88 02 92 02 9b 02 a4 02 ac 02 b5 02 bd 02  ~...............
000016d0: c4 02 cb 02 d3 02 d9 02 e0 02 e6 02 ec 02 f2 02  ................
000016e0: f8 02 fd 02 03 03 08 03 0d 03 12 03 16 03 1b 03  ................
000016f0: 1f 03 24 03 28 03 2c 03 30 03 33 03 37 03 3a 03  ..$.(.,.0.3.7.:.
00001700: 3e 03 41 03 44 03 47 03 4a 03 4d 03 4f 03 52 03  >.A.D.G.J.M.O.R.
00001710: 55 03 57 03 59 03 5b 03 5e 03 60 03 62 03 64 03  U.W.Y.[.^.`.b.d.
00001720: 65 03 67 03 69 03 6b 03 6d 03 6e 03 70 03 72 03  e.g.i.k.m.n.p.r.
00001730: 74 03 75 03 77 03 79 03 7b 03 7d 03 7f 03 82 03  t.u.w.y.{.}.....
00001740: 84 03 86 03 89 03 8c 03 8f 03 92 03 95 03 98 03  ................
00001750: 9c 03 9f 03 a3 03 a8 03 ac 03 b1 03 b5 03 ba 03  ................
00001760: c0 03 c5 03 ca 03 d0 03 d6 03 db 03 e1 03 e7 03  ................
00001770: ed 03 f3 03 f9 03 ff 03 00 00 09 00 13 00 26 00  ..............&.
00001780: 35 00 52 00 70 00 80 00 00 00 00 00 00 00 00 00  5.R.p...........
00001790: 00 00 00 00 00 00 00 00 00 00 09 00 13 00 26 00  ..............&.
000017a0: 35 00 52 00 70 00 80 00 00 00 00 00 00 00 00 00  5.R.p...........
000017b0: 00 00 00 00 00 00 00 00 00 00 09 00 13 00 26 00  ..............&.
000017c0: 35 00 52 00 70 00 80 00 00 00 00 00 00 00 00 00  5.R.p...........
000017d0: 00 00 00 00 00 00 00 00 01 00 08 00 88 00 01 00  ................
000017e0: 01 00 00 00 ff 00 00 00 44 02 ce fe 02 00 93 ff  ........D.......
000017f0: b9 01 ae ff ed ff 64 fe 89 02 01 00 00 00 ff 00  ......d.........
00001800: 00 00 3c 02 11 ff b3 ff 83 ff 65 01 18 00 bf ff  ..<.......e.....
00001810: 09 ff 31 02 01 00 00 00 ff 00 00 00 04 02 0c ff  ..1.............
00001820: f0 ff 49 ff c9 01 ee ff fe ff be fe 44 02 01 00  ..I.........D...
00001830: 00 00 ff 00 00 00 98 01 7f ff e9 ff 9d ff b5 01  ................
00001840: ae ff f2 ff 1a ff f4 01 01 00 00 00 ff 00 00 00  ................
00001850: fc 01 1b ff e9 ff 93 ff bf 01 ae ff 10 00 1a ff  ................
00001860: d6 01 09 00 6a 00 00 00 07 00 0d 00 01 00 01 00  ....j...........
00001870: 14 00 07 00 0d 00 01 00 00 00 14 00 07 00 0d 00  ................
00001880: 01 00 01 00 14 00 07 00 0d 00 01 00 01 00 14 00  ................
00001890: 07 00 0d 00 01 00 01 00 14 00 07 00 0d 00 01 00  ................
000018a0: 01 00 14 00 07 00 0d 00 01 00 01 00 14 00 07 00  ................
000018b0: 0d 00 01 00 01 00 14 00 07 00 00 00 01 00 01 00  ................
000018c0: 14 00 07 00 0d 00 01 00 01 00 14 00 0a 00 ee 26  ...............&
000018d0: 01 00 1f 00 80 00 00 00 00 00 00 00 00 00 60 00  ..............`.
000018e0: c0 00 00 00 10 00 20 00 30 00 40 00 50 00 60 00  ...... .0.@.P.`.
000018f0: 70 00 80 00 90 00 a0 00 b0 00 c0 00 d0 00 e0 00  p...............
00001900: f0 00 00 01 10 01 20 01 30 01 40 01 50 01 60 01  ...... .0.@.P.`.
00001910: 70 01 80 01 90 01 a0 01 b0 01 c0 01 d0 01 e0 01  p...............
00001920: f0 01 00 02 10 02 20 02 30 02 40 02 50 02 60 02  ...... .0.@.P.`.
00001930: 70 02 80 02 90 02 a0 02 b0 02 c0 02 d0 02 e0 02  p...............
00001940: f0 02 00 03 10 03 20 03 30 03 40 03 50 03 60 03  ...... .0.@.P.`.
00001950: 70 03 80 03 90 03 a0 03 b0 03 c0 03 d0 03 e0 03  p...............
00001960: f0 03 ff 03 00 00 10 00 20 00 30 00 40 00 50 00  ........ .0.@.P.
00001970: 60 00 70 00 80 00 90 00 a0 00 b0 00 c0 00 d0 00  `.p.............
00001980: e0 00 f0 00 00 01 10 01 20 01 30 01 40 01 50 01  ........ .0.@.P.
00001990: 60 01 70 01 80 01 90 01 a0 01 b0 01 c0 01 d0 01  `.p.............
000019a0: e0 01 f0 01 00 02 10 02 20 02 30 02 40 02 50 02  ........ .0.@.P.
000019b0: 60 02 70 02 80 02 90 02 a0 02 b0 02 c0 02 d0 02  `.p.............
000019c0: e0 02 f0 02 00 03 10 03 20 03 30 03 40 03 50 03  ........ .0.@.P.
000019d0: 60 03 70 03 80 03 90 03 a0 03 b0 03 c0 03 d0 03  `.p.............
000019e0: e0 03 f0 03 ff 03 00 00 10 00 20 00 30 00 40 00  .......... .0.@.
000019f0: 50 00 60 00 70 00 80 00 90 00 a0 00 b0 00 c0 00  P.`.p...........
00001a00: d0 00 e0 00 f0 00 00 01 10 01 20 01 30 01 40 01  .......... .0.@.
00001a10: 50 01 60 01 70 01 80 01 90 01 a0 01 b0 01 c0 01  P.`.p...........
00001a20: d0 01 e0 01 f0 01 00 02 10 02 20 02 30 02 40 02  .......... .0.@.
00001a30: 50 02 60 02 70 02 80 02 90 02 a0 02 b0 02 c0 02  P.`.p...........
00001a40: d0 02 e0 02 f0 02 00 03 10 03 20 03 30 03 40 03  .......... .0.@.
00001a50: 50 03 60 03 70 03 80 03 90 03 a0 03 b0 03 c0 03  P.`.p...........
00001a60: d0 03 e0 03 f0 03 ff 03 00 00 24 00 44 00 64 00  ..........$.D.d.
00001a70: 84 00 a4 00 c4 00 e0 00 fc 00 18 01 30 01 4c 01  ............0.L.
00001a80: 60 01 78 01 88 01 9c 01 ac 01 bc 01 cc 01 dc 01  `.x.............
00001a90: e8 01 f4 01 fc 01 08 02 10 02 1c 02 24 02 2c 02  ............$.,.
00001aa0: 34 02 3c 02 40 02 48 02 54 02 5c 02 64 02 70 02  4.<.@.H.T.\.d.p.
00001ab0: 78 02 84 02 8c 02 98 02 a4 02 b0 02 bc 02 c8 02  x...............
00001ac0: d8 02 e4 02 f0 02 00 03 0c 03 1c 03 28 03 38 03  ............(.8.
00001ad0: 48 03 54 03 64 03 74 03 84 03 94 03 a4 03 b4 03  H.T.d.t.........
00001ae0: c4 03 d4 03 e4 03 f4 03 ff 03 00 00 10 00 1c 00  ................
00001af0: 28 00 34 00 40 00 4c 00 58 00 60 00 6c 00 78 00  (.4.@.L.X.`.l.x.
00001b00: 84 00 90 00 9c 00 a8 00 b4 00 c4 00 d4 00 e8 00  ................
00001b10: fc 00 10 01 28 01 3c 01 54 01 70 01 88 01 a0 01  ....(.<.T.p.....
00001b20: bc 01 d4 01 f0 01 08 02 20 02 38 02 50 02 64 02  ........ .8.P.d.
00001b30: 78 02 88 02 9c 02 a8 02 b4 02 c0 02 cc 02 d4 02  x...............
00001b40: dc 02 e8 02 f0 02 fc 02 04 03 10 03 1c 03 2c 03  ..............,.
00001b50: 38 03 44 03 54 03 60 03 70 03 80 03 90 03 a0 03  8.D.T.`.p.......
00001b60: b0 03 c0 03 d0 03 e0 03 f0 03 ff 03 00 00 10 00  ................
00001b70: 20 00 30 00 40 00 50 00 60 00 70 00 80 00 90 00   .0.@.P.`.p.....
00001b80: a0 00 b0 00 c0 00 d0 00 e0 00 f0 00 00 01 10 01  ................
00001b90: 20 01 30 01 40 01 50 01 60 01 70 01 80 01 90 01   .0.@.P.`.p.....
00001ba0: a0 01 b0 01 c0 01 d0 01 e0 01 f0 01 00 02 10 02  ................
00001bb0: 20 02 30 02 40 02 50 02 60 02 70 02 80 02 90 02   .0.@.P.`.p.....
00001bc0: a0 02 b0 02 c0 02 d0 02 e0 02 f0 02 00 03 10 03  ................
00001bd0: 20 03 30 03 40 03 50 03 60 03 70 03 80 03 90 03   .0.@.P.`.p.....
00001be0: a0 03 b0 03 c0 03 d0 03 e0 03 f0 03 ff 03 00 00  ................
00001bf0: 40 00 00 00 00 00 00 00 00 00 00 00 00 00 00 00  @...............
00001c00: 00 00 00 00 00 00 00 00 00 00 00 00 00 00 00 00  ................
00001c10: 40 00 00 00 00 00 00 00 00 00 00 00 00 00 00 00  @...............
00001c20: 00 00 00 00 00 00 00 00 00 00 00 00 00 00 00 00  ................
00001c30: 40 00 00 00 00 00 00 00 00 00 00 00 00 00 00 00  @...............
00001c40: 00 00 00 00 00 00 00 00 00 00 00 00 00 00 00 00  ................
00001c50: 0a 00 18 00 1f 00 40 00 00 00 00 00 00 00 00 00  ......@.........
00001c60: 00 00 00 00 00 00 00 00 00 00 00 00 00 00 00 00  ................
00001c70: 08 00 11 00 25 00 2c 00 40 00 00 00 00 00 00 00  ....%.,.@.......
00001c80: 00 00 00 00 00 00 00 00 00 00 00 00 00 00 00 00  ................
00001c90: 08 00 10 00 18 00 20 00 28 00 30 00 38 00 00 00  ...... .(.0.8...
00001ca0: 00 00 00 00 00 00 00 00 00 00 00 00 00 00 00 00  ................
00001cb0: 00 00 08 00 00 01 12 00 00 00 01 00 00 00 00 00  ................
00001cc0: 00 00 60 00 c0 00 00 00 10 00 20 00 30 00 40 00  ..`....... .0.@.
00001cd0: 50 00 60 00 70 00 80 00 90 00 a0 00 b0 00 c0 00  P.`.p...........
00001ce0: d0 00 e0 00 f0 00 00 01 10 01 20 01 30 01 40 01  .......... .0.@.
00001cf0: 50 01 60 01 70 01 80 01 90 01 a0 01 b0 01 c0 01  P.`.p...........
00001d00: d0 01 e0 01 f0 01 00 02 10 02 20 02 30 02 40 02  .......... .0.@.
00001d10: 50 02 60 02 70 02 80 02 90 02 a0 02 b0 02 c0 02  P.`.p...........
00001d20: d0 02 e0 02 f0 02 00 03 10 03 20 03 30 03 40 03  .......... .0.@.
00001d30: 50 03 60 03 70 03 80 03 90 03 a0 03 b0 03 c0 03  P.`.p...........
00001d40: d0 03 e0 03 f0 03 ff 03 00 00 10 00 20 00 30 00  ............ .0.
00001d50: 40 00 50 00 60 00 70 00 80 00 90 00 a0 00 b0 00  @.P.`.p.........
00001d60: c0 00 d0 00 e0 00 f0 00 00 01 10 01 20 01 30 01  ............ .0.
00001d70: 40 01 50 01 60 01 70 01 80 01 90 01 a0 01 b0 01  @.P.`.p.........
00001d80: c0 01 d0 01 e0 01 f0 01 00 02 10 02 20 02 30 02  ............ .0.
00001d90: 40 02 50 02 60 02 70 02 80 02 90 02 a0 02 b0 02  @.P.`.p.........
00001da0: c0 02 d0 02 e0 02 f0 02 00 03 10 03 20 03 30 03  ............ .0.
00001db0: 40 03 50 03 60 03 70 03 80 03 90 03 a0 03 b0 03  @.P.`.p.........
00001dc0: c0 03 d0 03 e0 03 f0 03 ff 03 00 00 10 00 20 00  .............. .
00001dd0: 30 00 40 00 50 00 60 00 70 00 80 00 90 00 a0 00  0.@.P.`.p.......
00001de0: b0 00 c0 00 d0 00 e0 00 f0 00 00 01 10 01 20 01  .............. .
00001df0: 30 01 40 01 50 01 60 01 70 01 80 01 90 01 a0 01  0.@.P.`.p.......
00001e00: b0 01 c0 01 d0 01 e0 01 f0 01 00 02 10 02 20 02  .............. .
00001e10: 30 02 40 02 50 02 60 02 70 02 80 02 90 02 a0 02  0.@.P.`.p.......
00001e20: b0 02 c0 02 d0 02 e0 02 f0 02 00 03 10 03 20 03  .............. .
00001e30: 30 03 40 03 50 03 60 03 70 03 80 03 90 03 a0 03  0.@.P.`.p.......
00001e40: b0 03 c0 03 d0 03 e0 03 f0 03 ff 03 00 00 33 00  ..............3.
00001e50: 62 00 8c 00 af 00 ca 00 e0 00 f3 00 04 01 15 01  b...............
00001e60: 25 01 36 01 46 01 56 01 66 01 76 01 85 01 95 01  %.6.F.V.f.v.....
00001e70: a4 01 b3 01 c2 01 d1 01 e0 01 ef 01 fe 01 0c 02  ................
00001e80: 1b 02 29 02 37 02 45 02 53 02 61 02 6f 02 7c 02  ..).7.E.S.a.o.|.
00001e90: 8a 02 97 02 a5 02 b2 02 bf 02 cc 02 d9 02 e6 02  ................
00001ea0: f3 02 00 03 0c 03 19 03 26 03 32 03 3e 03 4b 03  ........&.2.>.K.
00001eb0: 57 03 63 03 70 03 7c 03 88 03 94 03 a0 03 ac 03  W.c.p.|.........
00001ec0: b8 03 c4 03 d0 03 dc 03 e8 03 f4 03 ff 03 00 00  ................
00001ed0: 11 00 22 00 33 00 44 00 55 00 66 00 77 00 88 00  ..".3.D.U.f.w...
00001ee0: 9a 00 ab 00 bd 00 ce 00 e0 00 f2 00 04 01 16 01  ................
00001ef0: 29 01 3b 01 4e 01 61 01 74 01 88 01 9b 01 af 01  ).;.N.a.t.......
00001f00: c3 01 d7 01 ea 01 fe 01 12 02 25 02 38 02 4b 02  ..........%.8.K.
00001f10: 5d 02 6f 02 81 02 92 02 a3 02 b3 02 c2 02 d0 02  ].o.............
00001f20: de 02 eb 02 f7 02 02 03 0c 03 16 03 20 03 29 03  ............ .).
00001f30: 33 03 3d 03 48 03 53 03 5f 03 6c 03 79 03 86 03  3.=.H.S._.l.y...
00001f40: 95 03 a3 03 b2 03 c1 03 d1 03 e0 03 f0 03 ff 03  ................
00001f50: 00 00 10 00 20 00 30 00 40 00 50 00 60 00 70 00  .... .0.@.P.`.p.
00001f60: 80 00 90 00 a0 00 b0 00 c0 00 d0 00 e0 00 f0 00  ................
00001f70: 00 01 10 01 20 01 30 01 40 01 50 01 60 01 70 01  .... .0.@.P.`.p.
00001f80: 80 01 90 01 a0 01 b0 01 c0 01 d0 01 e0 01 f0 01  ................
00001f90: 00 02 10 02 20 02 30 02 40 02 50 02 60 02 70 02  .... .0.@.P.`.p.
00001fa0: 80 02 90 02 a0 02 b0 02 c0 02 d0 02 e0 02 f0 02  ................
00001fb0: 00 03 10 03 20 03 30 03 40 03 50 03 60 03 70 03  .... .0.@.P.`.p.
00001fc0: 80 03 90 03 a0 03 b0 03 c0 03 d0 03 e0 03 f0 03  ................
00001fd0: ff 03 00 00 40 00 00 00 00 00 00 00 00 00 00 00  ....@...........
00001fe0: 00 00 00 00 00 00 00 00 00 00 00 00 00 00 00 00  ................
00001ff0: 00 00 00 00 40 00 00 00 00 00 00 00 00 00 00 00  ....@...........
00002000: 00 00 00 00 00 00 00 00 00 00 00 00 00 00 00 00  ................
00002010: 00 00 00 00 40 00 00 00 00 00 00 00 00 00 00 00  ....@...........
00002020: 00 00 00 00 00 00 00 00 00 00 00 00 00 00 00 00  ................
00002030: 00 00 00 00 03 00 08 00 2b 00 40 00 00 00 00 00  ........+.@.....
00002040: 00 00 00 00 00 00 00 00 00 00 00 00 00 00 00 00  ................
00002050: 00 00 00 00 15 00 2a 00 33 00 40 00 00 00 00 00  ......*.3.@.....
00002060: 00 00 00 00 00 00 00 00 00 00 00 00 00 00 00 00  ................
00002070: 00 00 00 00 40 00 00 00 00 00 00 00 00 00 00 00  ....@...........
00002080: 00 00 00 00 00 00 00 00 00 00 00 00 00 00 00 00  ................
00002090: 00 00 01 00 40 00 80 00 00 01 0c 00 00 00 01 00  ....@...........
000020a0: 20 00 40 00 60 00 80 00 c0 00 00 00 33 00 63 00   .@.`.......3.c.
000020b0: 8c 00 ab 00 c1 00 d2 00 e0 00 ed 00 fa 00 07 01  ................
000020c0: 13 01 20 01 2c 01 39 01 45 01 52 01 5f 01 6c 01  .. .,.9.E.R._.l.
000020d0: 79 01 86 01 93 01 a1 01 ae 01 bb 01 c9 01 d7 01  y...............
000020e0: e4 01 f2 01 00 02 0e 02 1c 02 2a 02 38 02 46 02  ..........*.8.F.
000020f0: 54 02 62 02 70 02 7f 02 8d 02 9c 02 aa 02 b9 02  T.b.p...........
00002100: c7 02 d6 02 e4 02 f3 02 02 03 11 03 1f 03 2e 03  ................
00002110: 3d 03 4c 03 5b 03 6a 03 79 03 88 03 97 03 a5 03  =.L.[.j.y.......
00002120: b4 03 c3 03 d2 03 e1 03 f0 03 ff 03 00 00 0f 00  ................
00002130: 1d 00 2e 00 41 00 58 00 73 00 90 00 ae 00 cc 00  ....A.X.s.......
00002140: ea 00 07 01 20 01 36 01 49 01 59 01 67 01 73 01  .... .6.I.Y.g.s.
00002150: 7f 01 89 01 94 01 9f 01 ab 01 b6 01 c2 01 ce 01  ................
00002160: da 01 e6 01 f2 01 ff 01 0c 02 19 02 26 02 33 02  ............&.3.
00002170: 40 02 4e 02 5c 02 69 02 77 02 85 02 94 02 a2 02  @.N.\.i.w.......
00002180: b0 02 bf 02 cd 02 dc 02 eb 02 fa 02 09 03 18 03  ................
00002190: 27 03 36 03 45 03 55 03 64 03 73 03 83 03 92 03  '.6.E.U.d.s.....
000021a0: a2 03 b1 03 c1 03 d1 03 e0 03 f0 03 ff 03 00 00  ................
000021b0: 0c 00 17 00 24 00 34 00 45 00 58 00 6d 00 82 00  ....$.4.E.X.m...
000021c0: 99 00 b1 00 c9 00 e2 00 fb 00 14 01 2c 01 44 01  ............,.D.
000021d0: 5b 01 71 01 86 01 9a 01 ac 01 bc 01 cc 01 da 01  [.q.............
000021e0: e7 01 f4 01 00 02 0b 02 17 02 22 02 2d 02 38 02  ..........".-.8.
000021f0: 43 02 4f 02 5b 02 67 02 74 02 80 02 8d 02 9a 02  C.O.[.g.t.......
00002200: a8 02 b5 02 c3 02 d1 02 df 02 ed 02 fb 02 0a 03  ................
00002210: 19 03 27 03 36 03 45 03 55 03 64 03 73 03 83 03  ..'.6.E.U.d.s...
00002220: 92 03 a2 03 b1 03 c1 03 d0 03 e0 03 f0 03 ff 03  ................
00002230: 00 00 10 00 20 00 30 00 40 00 50 00 60 00 70 00  .... .0.@.P.`.p.
00002240: 80 00 90 00 a0 00 b0 00 c0 00 d0 00 e0 00 f0 00  ................
00002250: 00 01 10 01 20 01 30 01 40 01 50 01 60 01 70 01  .... .0.@.P.`.p.
00002260: 80 01 90 01 a0 01 b0 01 c0 01 d0 01 e0 01 f0 01  ................
00002270: 00 02 10 02 20 02 30 02 40 02 50 02 60 02 70 02  .... .0.@.P.`.p.
00002280: 80 02 90 02 a0 02 b0 02 c0 02 d0 02 e0 02 f0 02  ................
00002290: 00 03 10 03 20 03 30 03 40 03 50 03 60 03 70 03  .... .0.@.P.`.p.
000022a0: 80 03 90 03 a0 03 b0 03 c0 03 d0 03 e0 03 f0 03  ................
000022b0: ff 03 00 00 10 00 20 00 30 00 40 00 50 00 60 00  ...... .0.@.P.`.
000022c0: 70 00 80 00 90 00 a0 00 b0 00 c0 00 d0 00 e0 00  p...............
000022d0: f0 00 00 01 10 01 20 01 30 01 40 01 50 01 60 01  ...... .0.@.P.`.
000022e0: 70 01 80 01 90 01 a0 01 b0 01 c0 01 d0 01 e0 01  p...............
000022f0: f0 01 00 02 10 02 20 02 30 02 40 02 50 02 60 02  ...... .0.@.P.`.
00002300: 70 02 80 02 90 02 a0 02 b0 02 c0 02 d0 02 e0 02  p...............
00002310: f0 02 00 03 10 03 20 03 30 03 40 03 50 03 60 03  ...... .0.@.P.`.
00002320: 70 03 80 03 90 03 a0 03 b0 03 c0 03 d0 03 e0 03  p...............
00002330: f0 03 ff 03 00 00 10 00 20 00 30 00 40 00 50 00  ........ .0.@.P.
00002340: 60 00 70 00 80 00 90 00 a0 00 b0 00 c0 00 d0 00  `.p.............
00002350: e0 00 f0 00 00 01 10 01 20 01 30 01 40 01 50 01  ........ .0.@.P.
00002360: 60 01 70 01 80 01 90 01 a0 01 b0 01 c0 01 d0 01  `.p.............
00002370: e0 01 f0 01 00 02 10 02 20 02 30 02 40 02 50 02  ........ .0.@.P.
00002380: 60 02 70 02 80 02 90 02 a0 02 b0 02 c0 02 d0 02  `.p.............
00002390: e0 02 f0 02 00 03 10 03 20 03 30 03 40 03 50 03  ........ .0.@.P.
000023a0: 60 03 70 03 80 03 90 03 a0 03 b0 03 c0 03 d0 03  `.p.............
000023b0: e0 03 f0 03 ff 03 00 00 03 00 06 00 0d 00 40 00  ..............@.
000023c0: 00 00 00 00 00 00 00 00 00 00 00 00 00 00 00 00  ................
000023d0: 00 00 00 00 00 00 00 00 04 00 0c 00 13 00 40 00  ..............@.
000023e0: 00 00 00 00 00 00 00 00 00 00 00 00 00 00 00 00  ................
000023f0: 00 00 00 00 00 00 00 00 03 00 13 00 20 00 40 00  ............ .@.
00002400: 00 00 00 00 00 00 00 00 00 00 00 00 00 00 00 00  ................
00002410: 00 00 00 00 00 00 00 00 40 00 00 00 00 00 00 00  ........@.......
00002420: 00 00 00 00 00 00 00 00 00 00 00 00 00 00 00 00  ................
00002430: 00 00 00 00 00 00 00 00 40 00 00 00 00 00 00 00  ........@.......
00002440: 00 00 00 00 00 00 00 00 00 00 00 00 00 00 00 00  ................
00002450: 00 00 00 00 00 00 00 00 40 00 00 00 00 00 00 00  ........@.......
00002460: 00 00 00 00 00 00 00 00 00 00 00 00 00 00 00 00  ................
00002470: 00 00 00 00 00 00 01 00 40 00 80 00 00 01 08 00  ........@.......
00002480: 00 00 01 00 20 00 40 00 60 00 80 00 c0 00 00 00  .... .@.`.......
00002490: 29 00 50 00 74 00 94 00 af 00 c5 00 d8 00 e8 00  ).P.t...........
000024a0: f8 00 07 01 16 01 23 01 31 01 3e 01 4b 01 59 01  ......#.1.>.K.Y.
000024b0: 66 01 74 01 81 01 8f 01 9c 01 aa 01 b7 01 c5 01  f.t.............
000024c0: d3 01 e0 01 ee 01 fc 01 0a 02 18 02 26 02 34 02  ............&.4.
000024d0: 42 02 50 02 5e 02 6c 02 7a 02 88 02 97 02 a5 02  B.P.^.l.z.......
000024e0: b3 02 c1 02 d0 02 de 02 ec 02 fb 02 09 03 18 03  ................
000024f0: 26 03 34 03 43 03 51 03 60 03 6e 03 7d 03 8b 03  &.4.C.Q.`.n.}...
00002500: 9a 03 a8 03 b7 03 c5 03 d4 03 e2 03 f1 03 ff 03  ................
00002510: 00 00 0d 00 1b 00 2a 00 3c 00 50 00 67 00 80 00  ......*.<.P.g...
00002520: 9a 00 b6 00 d1 00 ec 00 06 01 1e 01 35 01 48 01  ............5.H.
00002530: 5a 01 6b 01 79 01 87 01 95 01 a2 01 af 01 bb 01  Z.k.y...........
00002540: c8 01 d6 01 e3 01 f0 01 fd 01 0b 02 18 02 26 02  ..............&.
00002550: 33 02 41 02 4f 02 5d 02 6b 02 78 02 86 02 95 02  3.A.O.].k.x.....
00002560: a3 02 b1 02 bf 02 cd 02 dc 02 ea 02 f8 02 07 03  ................
00002570: 15 03 24 03 32 03 41 03 4f 03 5e 03 6c 03 7b 03  ..$.2.A.O.^.l.{.
00002580: 8a 03 98 03 a7 03 b6 03 c5 03 d3 03 e2 03 f1 03  ................
00002590: ff 03 00 00 0d 00 1a 00 28 00 36 00 45 00 56 00  ........(.6.E.V.
000025a0: 69 00 7e 00 95 00 ad 00 c7 00 e2 00 fd 00 19 01  i.~.............
000025b0: 34 01 4e 01 68 01 80 01 97 01 ab 01 bd 01 ce 01  4.N.h...........
000025c0: dc 01 ea 01 f6 01 01 02 0c 02 16 02 20 02 29 02  ............ .).
000025d0: 34 02 3e 02 49 02 54 02 60 02 6b 02 77 02 84 02  4.>.I.T.`.k.w...
000025e0: 90 02 9d 02 aa 02 b7 02 c4 02 d2 02 e0 02 ee 02  ................
000025f0: fc 02 0b 03 19 03 28 03 37 03 46 03 55 03 64 03  ......(.7.F.U.d.
00002600: 73 03 83 03 92 03 a1 03 b1 03 c1 03 d0 03 e0 03  s...............
00002610: f0 03 ff 03 00 00 0f 00 1e 00 2d 00 3c 00 4b 00  ..........-.<.K.
00002620: 5a 00 6a 00 7a 00 8b 00 9c 00 ae 00 c0 00 d3 00  Z.j.z...........
00002630: e7 00 fc 00 11 01 27 01 3d 01 54 01 6a 01 81 01  ......'.=.T.j...
00002640: 97 01 ad 01 c2 01 d7 01 eb 01 fe 01 10 02 20 02  .............. .
00002650: 2f 02 3d 02 4a 02 57 02 63 02 6e 02 79 02 85 02  /.=.J.W.c.n.y...
00002660: 90 02 9b 02 a7 02 b4 02 c0 02 cd 02 da 02 e7 02  ................
00002670: f4 02 02 03 10 03 1e 03 2c 03 3b 03 49 03 58 03  ........,.;.I.X.
00002680: 67 03 76 03 85 03 94 03 a3 03 b2 03 c2 03 d1 03  g.v.............
00002690: e1 03 f0 03 ff 03 00 00 10 00 20 00 30 00 40 00  .......... .0.@.
000026a0: 50 00 60 00 70 00 80 00 90 00 a0 00 b0 00 c0 00  P.`.p...........
000026b0: d0 00 e0 00 f0 00 00 01 10 01 20 01 30 01 40 01  .......... .0.@.
000026c0: 50 01 60 01 70 01 80 01 90 01 a0 01 b0 01 c0 01  P.`.p...........
000026d0: d0 01 e0 01 f0 01 00 02 10 02 20 02 30 02 40 02  .......... .0.@.
000026e0: 50 02 60 02 70 02 80 02 90 02 a0 02 b0 02 c0 02  P.`.p...........
000026f0: d0 02 e0 02 f0 02 00 03 10 03 20 03 30 03 40 03  .......... .0.@.
00002700: 50 03 60 03 70 03 80 03 90 03 a0 03 b0 03 c0 03  P.`.p...........
00002710: d0 03 e0 03 f0 03 ff 03 00 00 10 00 20 00 30 00  ............ .0.
00002720: 40 00 50 00 60 00 70 00 80 00 90 00 a0 00 b0 00  @.P.`.p.........
00002730: c0 00 d0 00 e0 00 f0 00 00 01 10 01 20 01 30 01  ............ .0.
00002740: 40 01 50 01 60 01 70 01 80 01 90 01 a0 01 b0 01  @.P.`.p.........
00002750: c0 01 d0 01 e0 01 f0 01 00 02 10 02 20 02 30 02  ............ .0.
00002760: 40 02 50 02 60 02 70 02 80 02 90 02 a0 02 b0 02  @.P.`.p.........
00002770: c0 02 d0 02 e0 02 f0 02 00 03 10 03 20 03 30 03  ............ .0.
00002780: 40 03 50 03 60 03 70 03 80 03 90 03 a0 03 b0 03  @.P.`.p.........
00002790: c0 03 d0 03 e0 03 f0 03 ff 03 00 00 04 00 07 00  ................
000027a0: 0e 00 40 00 00 00 00 00 00 00 00 00 00 00 00 00  ..@.............
000027b0: 00 00 00 00 00 00 00 00 00 00 00 00 04 00 0d 00  ................
000027c0: 15 00 40 00 00 00 00 00 00 00 00 00 00 00 00 00  ..@.............
000027d0: 00 00 00 00 00 00 00 00 00 00 00 00 07 00 13 00  ................
000027e0: 1e 00 40 00 00 00 00 00 00 00 00 00 00 00 00 00  ..@.............
000027f0: 00 00 00 00 00 00 00 00 00 00 00 00 0e 00 1c 00  ................
00002800: 26 00 40 00 00 00 00 00 00 00 00 00 00 00 00 00  &.@.............
00002810: 00 00 00 00 00 00 00 00 00 00 00 00 40 00 00 00  ............@...
00002820: 00 00 00 00 00 00 00 00 00 00 00 00 00 00 00 00  ................
00002830: 00 00 00 00 00 00 00 00 00 00 00 00 40 00 00 00  ............@...
00002840: 00 00 00 00 00 00 00 00 00 00 00 00 00 00 00 00  ................
00002850: 00 00 00 00 00 00 00 00 00 00 01 00 40 00 80 00  ............@...
00002860: 00 01 08 00 00 00 01 00 00 00 00 00 00 00 60 00  ..............`.
00002870: c0 00 00 00 10 00 20 00 30 00 40 00 50 00 60 00  ...... .0.@.P.`.
00002880: 70 00 80 00 90 00 a0 00 b0 00 c0 00 d0 00 e0 00  p...............
00002890: f0 00 00 01 10 01 20 01 30 01 40 01 50 01 60 01  ...... .0.@.P.`.
000028a0: 70 01 80 01 90 01 a0 01 b0 01 c0 01 d0 01 e0 01  p...............
000028b0: f0 01 00 02 10 02 20 02 30 02 40 02 50 02 60 02  ...... .0.@.P.`.
000028c0: 70 02 80 02 90 02 a0 02 b0 02 c0 02 d0 02 e0 02  p...............
000028d0: f0 02 00 03 10 03 20 03 30 03 40 03 50 03 60 03  ...... .0.@.P.`.
000028e0: 70 03 80 03 90 03 a0 03 b0 03 c0 03 d0 03 e0 03  p...............
000028f0: f0 03 ff 03 00 00 10 00 20 00 30 00 40 00 50 00  ........ .0.@.P.
00002900: 60 00 70 00 80 00 90 00 a0 00 b0 00 c0 00 d0 00  `.p.............
00002910: e0 00 f0 00 00 01 10 01 20 01 30 01 40 01 50 01  ........ .0.@.P.
00002920: 60 01 70 01 80 01 90 01 a0 01 b0 01 c0 01 d0 01  `.p.............
00002930: e0 01 f0 01 00 02 10 02 20 02 30 02 40 02 50 02  ........ .0.@.P.
00002940: 60 02 70 02 80 02 90 02 a0 02 b0 02 c0 02 d0 02  `.p.............
00002950: e0 02 f0 02 00 03 10 03 20 03 30 03 40 03 50 03  ........ .0.@.P.
00002960: 60 03 70 03 80 03 90 03 a0 03 b0 03 c0 03 d0 03  `.p.............
00002970: e0 03 f0 03 ff 03 00 00 10 00 20 00 30 00 40 00  .......... .0.@.
00002980: 50 00 60 00 70 00 80 00 90 00 a0 00 b0 00 c0 00  P.`.p...........
00002990: d0 00 e0 00 f0 00 00 01 10 01 20 01 30 01 40 01  .......... .0.@.
000029a0: 50 01 60 01 70 01 80 01 90 01 a0 01 b0 01 c0 01  P.`.p...........
000029b0: d0 01 e0 01 f0 01 00 02 10 02 20 02 30 02 40 02  .......... .0.@.
000029c0: 50 02 60 02 70 02 80 02 90 02 a0 02 b0 02 c0 02  P.`.p...........
000029d0: d0 02 e0 02 f0 02 00 03 10 03 20 03 30 03 40 03  .......... .0.@.
000029e0: 50 03 60 03 70 03 80 03 90 03 a0 03 b0 03 c0 03  P.`.p...........
000029f0: d0 03 e0 03 f0 03 ff 03 00 00 39 00 6c 00 96 00  ..........9.l...
00002a00: b6 00 cf 00 e2 00 f2 00 00 01 0e 01 1c 01 2a 01  ..............*.
00002a10: 38 01 46 01 54 01 62 01 70 01 7e 01 8d 01 9b 01  8.F.T.b.p.~.....
00002a20: a9 01 b7 01 c6 01 d4 01 e2 01 f0 01 fe 01 0d 02  ................
00002a30: 1b 02 29 02 37 02 45 02 53 02 61 02 6f 02 7d 02  ..).7.E.S.a.o.}.
00002a40: 8a 02 98 02 a6 02 b3 02 c1 02 cf 02 dc 02 ea 02  ................
00002a50: f7 02 04 03 12 03 1f 03 2d 03 3a 03 47 03 54 03  ........-.:.G.T.
00002a60: 62 03 6f 03 7c 03 89 03 96 03 a4 03 b1 03 be 03  b.o.|...........
00002a70: cb 03 d8 03 e5 03 f2 03 ff 03 00 00 11 00 22 00  ..............".
00002a80: 32 00 43 00 53 00 64 00 75 00 85 00 96 00 a7 00  2.C.S.d.u.......
00002a90: b7 00 c8 00 d9 00 ea 00 fa 00 0b 01 1c 01 2d 01  ..............-.
00002aa0: 3e 01 4f 01 60 01 72 01 83 01 94 01 a5 01 b7 01  >.O.`.r.........
00002ab0: c8 01 da 01 ec 01 fe 01 10 02 22 02 35 02 48 02  ..........".5.H.
00002ac0: 5b 02 6e 02 82 02 96 02 aa 02 bd 02 d1 02 e4 02  [.n.............
00002ad0: f7 02 09 03 1b 03 2c 03 3c 03 4b 03 5a 03 67 03  ......,.<.K.Z.g.
00002ae0: 73 03 7e 03 89 03 93 03 9c 03 a6 03 b0 03 ba 03  s.~.............
00002af0: c5 03 d0 03 dc 03 e7 03 f3 03 ff 03 00 00 10 00  ................
00002b00: 20 00 30 00 40 00 50 00 60 00 70 00 80 00 90 00   .0.@.P.`.p.....
00002b10: a0 00 b0 00 c0 00 d0 00 e0 00 f0 00 00 01 10 01  ................
00002b20: 20 01 30 01 40 01 50 01 60 01 70 01 80 01 90 01   .0.@.P.`.p.....
00002b30: a0 01 b0 01 c0 01 d0 01 e0 01 f0 01 00 02 10 02  ................
00002b40: 20 02 30 02 40 02 50 02 60 02 70 02 80 02 90 02   .0.@.P.`.p.....
00002b50: a0 02 b0 02 c0 02 d0 02 e0 02 f0 02 00 03 10 03  ................
00002b60: 20 03 30 03 40 03 50 03 60 03 70 03 80 03 90 03   .0.@.P.`.p.....
00002b70: a0 03 b0 03 c0 03 d0 03 e0 03 f0 03 ff 03 00 00  ................
00002b80: 40 00 00 00 00 00 00 00 00 00 00 00 00 00 00 00  @...............
00002b90: 00 00 00 00 00 00 00 00 00 00 00 00 00 00 00 00  ................
00002ba0: 40 00 00 00 00 00 00 00 00 00 00 00 00 00 00 00  @...............
00002bb0: 00 00 00 00 00 00 00 00 00 00 00 00 00 00 00 00  ................
00002bc0: 40 00 00 00 00 00 00 00 00 00 00 00 00 00 00 00  @...............
00002bd0: 00 00 00 00 00 00 00 00 00 00 00 00 00 00 00 00  ................
00002be0: 02 00 08 00 1f 00 40 00 00 00 00 00 00 00 00 00  ......@.........
00002bf0: 00 00 00 00 00 00 00 00 00 00 00 00 00 00 00 00  ................
00002c00: 18 00 23 00 31 00 39 00 40 00 00 00 00 00 00 00  ..#.1.9.@.......
00002c10: 00 00 00 00 00 00 00 00 00 00 00 00 00 00 00 00  ................
00002c20: 40 00 00 00 00 00 00 00 00 00 00 00 00 00 00 00  @...............
00002c30: 00 00 00 00 00 00 00 00 00 00 00 00 00 00 01 00  ................
00002c40: 40 00 80 00 00 01 08 00 00 00 01 00 00 00 00 00  @...............
00002c50: 00 00 60 00 c0 00 00 00 10 00 20 00 30 00 40 00  ..`....... .0.@.
00002c60: 50 00 60 00 70 00 80 00 90 00 a0 00 b0 00 c0 00  P.`.p...........
00002c70: d0 00 e0 00 f0 00 00 01 10 01 20 01 30 01 40 01  .......... .0.@.
00002c80: 50 01 60 01 70 01 80 01 90 01 a0 01 b0 01 c0 01  P.`.p...........
00002c90: d0 01 e0 01 f0 01 00 02 10 02 20 02 30 02 40 02  .......... .0.@.
00002ca0: 50 02 60 02 70 02 80 02 90 02 a0 02 b0 02 c0 02  P.`.p...........
00002cb0: d0 02 e0 02 f0 02 00 03 10 03 20 03 30 03 40 03  .......... .0.@.
00002cc0: 50 03 60 03 70 03 80 03 90 03 a0 03 b0 03 c0 03  P.`.p...........
00002cd0: d0 03 e0 03 f0 03 ff 03 00 00 10 00 20 00 30 00  ............ .0.
00002ce0: 40 00 50 00 60 00 70 00 80 00 90 00 a0 00 b0 00  @.P.`.p.........
00002cf0: c0 00 d0 00 e0 00 f0 00 00 01 10 01 20 01 30 01  ............ .0.
00002d00: 40 01 50 01 60 01 70 01 80 01 90 01 a0 01 b0 01  @.P.`.p.........
00002d10: c0 01 d0 01 e0 01 f0 01 00 02 10 02 20 02 30 02  ............ .0.
00002d20: 40 02 50 02 60 02 70 02 80 02 90 02 a0 02 b0 02  @.P.`.p.........
00002d30: c0 02 d0 02 e0 02 f0 02 00 03 10 03 20 03 30 03  ............ .0.
00002d40: 40 03 50 03 60 03 70 03 80 03 90 03 a0 03 b0 03  @.P.`.p.........
00002d50: c0 03 d0 03 e0 03 f0 03 ff 03 00 00 10 00 20 00  .............. .
00002d60: 30 00 40 00 50 00 60 00 70 00 80 00 90 00 a0 00  0.@.P.`.p.......
00002d70: b0 00 c0 00 d0 00 e0 00 f0 00 00 01 10 01 20 01  .............. .
00002d80: 30 01 40 01 50 01 60 01 70 01 80 01 90 01 a0 01  0.@.P.`.p.......
00002d90: b0 01 c0 01 d0 01 e0 01 f0 01 00 02 10 02 20 02  .............. .
00002da0: 30 02 40 02 50 02 60 02 70 02 80 02 90 02 a0 02  0.@.P.`.p.......
00002db0: b0 02 c0 02 d0 02 e0 02 f0 02 00 03 10 03 20 03  .............. .
00002dc0: 30 03 40 03 50 03 60 03 70 03 80 03 90 03 a0 03  0.@.P.`.p.......
00002dd0: b0 03 c0 03 d0 03 e0 03 f0 03 ff 03 00 00 21 00  ..............!.
00002de0: 40 00 5e 00 7b 00 97 00 b0 00 c7 00 de 00 f2 00  @.^.{...........
00002df0: 06 01 18 01 2a 01 3a 01 49 01 58 01 66 01 74 01  ....*.:.I.X.f.t.
00002e00: 81 01 8e 01 9b 01 a7 01 b4 01 c1 01 cd 01 da 01  ................
00002e10: e7 01 f4 01 01 02 0f 02 1c 02 29 02 37 02 44 02  ..........).7.D.
00002e20: 52 02 5f 02 6d 02 7b 02 89 02 97 02 a4 02 b3 02  R._.m.{.........
00002e30: c1 02 cf 02 dd 02 eb 02 f9 02 08 03 16 03 25 03  ..............%.
00002e40: 33 03 41 03 50 03 5e 03 6d 03 7c 03 8a 03 99 03  3.A.P.^.m.|.....
00002e50: a7 03 b6 03 c5 03 d3 03 e2 03 f1 03 ff 03 00 00  ................
00002e60: 11 00 22 00 32 00 43 00 53 00 64 00 75 00 86 00  ..".2.C.S.d.u...
00002e70: 97 00 a8 00 b9 00 ca 00 dc 00 ed 00 ff 00 11 01  ................
00002e80: 23 01 35 01 48 01 5b 01 6e 01 81 01 94 01 a8 01  #.5.H.[.n.......
00002e90: bc 01 d0 01 e4 01 f8 01 0c 02 1f 02 33 02 46 02  ............3.F.
00002ea0: 59 02 6c 02 7e 02 8f 02 a0 02 b0 02 c0 02 ce 02  Y.l.~...........
00002eb0: dc 02 ea 02 f6 02 03 03 0e 03 1a 03 26 03 31 03  ............&.1.
00002ec0: 3c 03 48 03 54 03 60 03 6c 03 79 03 85 03 92 03  <.H.T.`.l.y.....
00002ed0: a0 03 ad 03 bb 03 c8 03 d6 03 e4 03 f2 03 ff 03  ................
00002ee0: 00 00 10 00 20 00 30 00 40 00 50 00 60 00 70 00  .... .0.@.P.`.p.
00002ef0: 80 00 90 00 a0 00 b0 00 c0 00 d0 00 e0 00 f0 00  ................
00002f00: 00 01 10 01 20 01 30 01 40 01 50 01 60 01 70 01  .... .0.@.P.`.p.
00002f10: 80 01 90 01 a0 01 b0 01 c0 01 d0 01 e0 01 f0 01  ................
00002f20: 00 02 10 02 20 02 30 02 40 02 50 02 60 02 70 02  .... .0.@.P.`.p.
00002f30: 80 02 90 02 a0 02 b0 02 c0 02 d0 02 e0 02 f0 02  ................
00002f40: 00 03 10 03 20 03 30 03 40 03 50 03 60 03 70 03  .... .0.@.P.`.p.
00002f50: 80 03 90 03 a0 03 b0 03 c0 03 d0 03 e0 03 f0 03  ................
00002f60: ff 03 00 00 40 00 00 00 00 00 00 00 00 00 00 00  ....@...........
00002f70: 00 00 00 00 00 00 00 00 00 00 00 00 00 00 00 00  ................
00002f80: 00 00 00 00 40 00 00 00 00 00 00 00 00 00 00 00  ....@...........
00002f90: 00 00 00 00 00 00 00 00 00 00 00 00 00 00 00 00  ................
00002fa0: 00 00 00 00 40 00 00 00 00 00 00 00 00 00 00 00  ....@...........
00002fb0: 00 00 00 00 00 00 00 00 00 00 00 00 00 00 00 00  ................
00002fc0: 00 00 00 00 03 00 09 00 16 00 24 00 40 00 00 00  ..........$.@...
00002fd0: 00 00 00 00 00 00 00 00 00 00 00 00 00 00 00 00  ................
00002fe0: 00 00 00 00 17 00 27 00 33 00 40 00 00 00 00 00  ......'.3.@.....
00002ff0: 00 00 00 00 00 00 00 00 00 00 00 00 00 00 00 00  ................
00003000: 00 00 00 00 40 00 00 00 00 00 00 00 00 00 00 00  ....@...........
00003010: 00 00 00 00 00 00 00 00 00 00 00 00 00 00 00 00  ................
00003020: 00 00 01 00 40 00 80 00 00 01 08 00 00 00 01 00  ....@...........
00003030: 20 00 40 00 60 00 80 00 c0 00 00 00 22 00 43 00   .@.`.......".C.
00003040: 62 00 80 00 9a 00 b2 00 c6 00 d7 00 e7 00 f5 00  b...............
00003050: 03 01 0f 01 1c 01 2a 01 37 01 44 01 51 01 5f 01  ......*.7.D.Q._.
00003060: 6c 01 7a 01 87 01 95 01 a3 01 b1 01 bf 01 cd 01  l.z.............
00003070: db 01 e9 01 f7 01 05 02 13 02 22 02 30 02 3f 02  ..........".0.?.
00003080: 4d 02 5c 02 6a 02 79 02 87 02 96 02 a5 02 b4 02  M.\.j.y.........
00003090: c3 02 d1 02 e0 02 ef 02 fe 02 0d 03 1c 03 2b 03  ..............+.
000030a0: 3a 03 49 03 58 03 68 03 77 03 86 03 95 03 a4 03  :.I.X.h.w.......
000030b0: b3 03 c3 03 d2 03 e1 03 f0 03 ff 03 00 00 15 00  ................
000030c0: 2b 00 40 00 57 00 6e 00 86 00 9e 00 b7 00 cf 00  +.@.W.n.........
000030d0: e6 00 fc 00 11 01 24 01 35 01 44 01 52 01 5f 01  ......$.5.D.R._.
000030e0: 6b 01 76 01 82 01 8e 01 9a 01 a6 01 b2 01 bf 01  k.v.............
000030f0: cb 01 d8 01 e5 01 f2 01 00 02 0d 02 1b 02 29 02  ..............).
00003100: 36 02 44 02 53 02 61 02 6f 02 7e 02 8c 02 9b 02  6.D.S.a.o.~.....
00003110: aa 02 b9 02 c8 02 d7 02 e6 02 f5 02 04 03 14 03  ................
00003120: 23 03 33 03 42 03 52 03 61 03 71 03 81 03 91 03  #.3.B.R.a.q.....
00003130: a0 03 b0 03 c0 03 d0 03 e0 03 f0 03 ff 03 00 00  ................
00003140: 0c 00 17 00 23 00 2f 00 3d 00 4c 00 5c 00 6e 00  ....#./.=.L.\.n.
00003150: 82 00 97 00 af 00 c7 00 e1 00 fb 00 16 01 30 01  ..............0.
00003160: 49 01 62 01 79 01 8f 01 a3 01 b4 01 c5 01 d3 01  I.b.y...........
00003170: e1 01 ed 01 f9 01 04 02 10 02 1b 02 26 02 32 02  ............&.2.
00003180: 3e 02 4a 02 57 02 63 02 70 02 7d 02 8b 02 98 02  >.J.W.c.p.}.....
00003190: a6 02 b4 02 c1 02 d0 02 de 02 ec 02 fb 02 0a 03  ................
000031a0: 18 03 27 03 36 03 45 03 55 03 64 03 73 03 83 03  ..'.6.E.U.d.s...
000031b0: 92 03 a2 03 b1 03 c1 03 d0 03 e0 03 f0 03 ff 03  ................
000031c0: 00 00 10 00 20 00 30 00 40 00 50 00 60 00 70 00  .... .0.@.P.`.p.
000031d0: 80 00 90 00 a0 00 b0 00 c0 00 d0 00 e0 00 f0 00  ................
000031e0: 00 01 10 01 20 01 30 01 40 01 50 01 60 01 70 01  .... .0.@.P.`.p.
000031f0: 80 01 90 01 a0 01 b0 01 c0 01 d0 01 e0 01 f0 01  ................
00003200: 00 02 10 02 20 02 30 02 40 02 50 02 60 02 70 02  .... .0.@.P.`.p.
00003210: 80 02 90 02 a0 02 b0 02 c0 02 d0 02 e0 02 f0 02  ................
00003220: 00 03 10 03 20 03 30 03 40 03 50 03 60 03 70 03  .... .0.@.P.`.p.
00003230: 80 03 90 03 a0 03 b0 03 c0 03 d0 03 e0 03 f0 03  ................
00003240: ff 03 00 00 10 00 20 00 30 00 40 00 50 00 60 00  ...... .0.@.P.`.
00003250: 70 00 80 00 90 00 a0 00 b0 00 c0 00 d0 00 e0 00  p...............
00003260: f0 00 00 01 10 01 20 01 30 01 40 01 50 01 60 01  ...... .0.@.P.`.
00003270: 70 01 80 01 90 01 a0 01 b0 01 c0 01 d0 01 e0 01  p...............
00003280: f0 01 00 02 10 02 20 02 30 02 40 02 50 02 60 02  ...... .0.@.P.`.
00003290: 70 02 80 02 90 02 a0 02 b0 02 c0 02 d0 02 e0 02  p...............
000032a0: f0 02 00 03 10 03 20 03 30 03 40 03 50 03 60 03  ...... .0.@.P.`.
000032b0: 70 03 80 03 90 03 a0 03 b0 03 c0 03 d0 03 e0 03  p...............
000032c0: f0 03 ff 03 00 00 10 00 20 00 30 00 40 00 50 00  ........ .0.@.P.
000032d0: 60 00 70 00 80 00 90 00 a0 00 b0 00 c0 00 d0 00  `.p.............
000032e0: e0 00 f0 00 00 01 10 01 20 01 30 01 40 01 50 01  ........ .0.@.P.
000032f0: 60 01 70 01 80 01 90 01 a0 01 b0 01 c0 01 d0 01  `.p.............
00003300: e0 01 f0 01 00 02 10 02 20 02 30 02 40 02 50 02  ........ .0.@.P.
00003310: 60 02 70 02 80 02 90 02 a0 02 b0 02 c0 02 d0 02  `.p.............
00003320: e0 02 f0 02 00 03 10 03 20 03 30 03 40 03 50 03  ........ .0.@.P.
00003330: 60 03 70 03 80 03 90 03 a0 03 b0 03 c0 03 d0 03  `.p.............
00003340: e0 03 f0 03 ff 03 00 00 05 00 0b 00 40 00 00 00  ............@...
00003350: 00 00 00 00 00 00 00 00 00 00 00 00 00 00 00 00  ................
00003360: 00 00 00 00 00 00 00 00 04 00 0d 00 13 00 40 00  ..............@.
00003370: 00 00 00 00 00 00 00 00 00 00 00 00 00 00 00 00  ................
00003380: 00 00 00 00 00 00 00 00 08 00 14 00 1d 00 40 00  ..............@.
00003390: 00 00 00 00 00 00 00 00 00 00 00 00 00 00 00 00  ................
000033a0: 00 00 00 00 00 00 00 00 40 00 00 00 00 00 00 00  ........@.......
000033b0: 00 00 00 00 00 00 00 00 00 00 00 00 00 00 00 00  ................
000033c0: 00 00 00 00 00 00 00 00 40 00 00 00 00 00 00 00  ........@.......
000033d0: 00 00 00 00 00 00 00 00 00 00 00 00 00 00 00 00  ................
000033e0: 00 00 00 00 00 00 00 00 40 00 00 00 00 00 00 00  ........@.......
000033f0: 00 00 00 00 00 00 00 00 00 00 00 00 00 00 00 00  ................
00003400: 00 00 00 00 00 00 00 00 40 00 80 00 00 01 08 00  ........@.......
00003410: 00 00 00 00 20 00 40 00 80 00 c4 00 ff 00 00 00  .... .@.........
00003420: 24 00 47 00 68 00 86 00 9f 00 b5 00 c8 00 d9 00  $.G.h...........
00003430: ea 00 f9 00 08 01 15 01 23 01 30 01 3c 01 49 01  ........#.0.<.I.
00003440: 56 01 63 01 6f 01 7c 01 8a 01 97 01 a4 01 b2 01  V.c.o.|.........
00003450: bf 01 cd 01 da 01 e8 01 f6 01 04 02 12 02 20 02  .............. .
00003460: 2e 02 3d 02 4b 02 5a 02 68 02 77 02 85 02 94 02  ..=.K.Z.h.w.....
00003470: a3 02 b1 02 c0 02 cf 02 de 02 ed 02 fc 02 0b 03  ................
00003480: 1a 03 29 03 38 03 48 03 57 03 66 03 75 03 85 03  ..).8.H.W.f.u...
00003490: 94 03 a3 03 b3 03 c2 03 d1 03 e1 03 f0 03 ff 03  ................
000034a0: 00 00 0f 00 1d 00 2d 00 3f 00 53 00 69 00 81 00  ......-.?.S.i...
000034b0: 9a 00 b4 00 ce 00 e8 00 01 01 18 01 2d 01 40 01  ............-.@.
000034c0: 51 01 60 01 6e 01 7a 01 87 01 92 01 9e 01 aa 01  Q.`.n.z.........
000034d0: b6 01 c2 01 cf 01 db 01 e8 01 f5 01 02 02 10 02  ................
000034e0: 1d 02 2b 02 38 02 46 02 54 02 62 02 71 02 7f 02  ..+.8.F.T.b.q...
000034f0: 8e 02 9c 02 ab 02 ba 02 c9 02 d8 02 e7 02 f6 02  ................
00003500: 05 03 14 03 24 03 33 03 43 03 52 03 62 03 71 03  ....$.3.C.R.b.q.
00003510: 81 03 91 03 a1 03 b0 03 c0 03 d0 03 e0 03 f0 03  ................
00003520: ff 03 00 00 0b 00 16 00 21 00 2c 00 39 00 46 00  ........!.,.9.F.
00003530: 55 00 65 00 77 00 8a 00 a0 00 b6 00 ce 00 e6 00  U.e.w...........
00003540: ff 00 17 01 30 01 47 01 5e 01 73 01 87 01 9a 01  ....0.G.^.s.....
00003550: ac 01 bd 01 cd 01 dc 01 eb 01 f9 01 06 02 14 02  ................
00003560: 21 02 2e 02 3a 02 47 02 54 02 61 02 6e 02 7b 02  !...:.G.T.a.n.{.
00003570: 89 02 97 02 a5 02 b3 02 c1 02 cf 02 dd 02 ec 02  ................
00003580: fb 02 09 03 18 03 27 03 36 03 45 03 55 03 64 03  ......'.6.E.U.d.
00003590: 73 03 83 03 92 03 a2 03 b1 03 c1 03 d1 03 e0 03  s...............
000035a0: f0 03 ff 03 00 00 10 00 20 00 30 00 40 00 50 00  ........ .0.@.P.
000035b0: 60 00 70 00 80 00 90 00 a0 00 b0 00 c0 00 d0 00  `.p.............
000035c0: e0 00 f0 00 00 01 10 01 20 01 30 01 40 01 50 01  ........ .0.@.P.
000035d0: 60 01 70 01 80 01 90 01 a0 01 b0 01 c0 01 d0 01  `.p.............
000035e0: e0 01 f0 01 00 02 10 02 20 02 30 02 40 02 50 02  ........ .0.@.P.
000035f0: 60 02 70 02 80 02 90 02 a0 02 b0 02 c0 02 d0 02  `.p.............
00003600: e0 02 f0 02 00 03 10 03 20 03 30 03 40 03 50 03  ........ .0.@.P.
00003610: 60 03 70 03 80 03 90 03 a0 03 b0 03 c0 03 d0 03  `.p.............
00003620: e0 03 f0 03 ff 03 00 00 10 00 20 00 30 00 40 00  .......... .0.@.
00003630: 50 00 60 00 70 00 80 00 90 00 a0 00 b0 00 c0 00  P.`.p...........
00003640: d0 00 e0 00 f0 00 00 01 10 01 20 01 30 01 40 01  .......... .0.@.
00003650: 50 01 60 01 70 01 80 01 90 01 a0 01 b0 01 c0 01  P.`.p...........
00003660: d0 01 e0 01 f0 01 00 02 10 02 20 02 30 02 40 02  .......... .0.@.
00003670: 50 02 60 02 70 02 80 02 90 02 a0 02 b0 02 c0 02  P.`.p...........
00003680: d0 02 e0 02 f0 02 00 03 10 03 20 03 30 03 40 03  .......... .0.@.
00003690: 50 03 60 03 70 03 80 03 90 03 a0 03 b0 03 c0 03  P.`.p...........
000036a0: d0 03 e0 03 f0 03 ff 03 00 00 10 00 20 00 30 00  ............ .0.
000036b0: 40 00 50 00 60 00 70 00 80 00 90 00 a0 00 b0 00  @.P.`.p.........
000036c0: c0 00 d0 00 e0 00 f0 00 00 01 10 01 20 01 30 01  ............ .0.
000036d0: 40 01 50 01 60 01 70 01 80 01 90 01 a0 01 b0 01  @.P.`.p.........
000036e0: c0 01 d0 01 e0 01 f0 01 00 02 10 02 20 02 30 02  ............ .0.
000036f0: 40 02 50 02 60 02 70 02 80 02 90 02 a0 02 b0 02  @.P.`.p.........
00003700: c0 02 d0 02 e0 02 f0 02 00 03 10 03 20 03 30 03  ............ .0.
00003710: 40 03 50 03 60 03 70 03 80 03 90 03 a0 03 b0 03  @.P.`.p.........
00003720: c0 03 d0 03 e0 03 f0 03 ff 03 00 00 04 00 07 00  ................
00003730: 10 00 40 00 00 00 00 00 00 00 00 00 00 00 00 00  ..@.............
00003740: 00 00 00 00 00 00 00 00 00 00 00 00 04 00 0d 00  ................
00003750: 15 00 40 00 00 00 00 00 00 00 00 00 00 00 00 00  ..@.............
00003760: 00 00 00 00 00 00 00 00 00 00 00 00 09 00 12 00  ................
00003770: 23 00 40 00 00 00 00 00 00 00 00 00 00 00 00 00  #.@.............
00003780: 00 00 00 00 00 00 00 00 00 00 00 00 40 00 00 00  ............@...
00003790: 00 00 00 00 00 00 00 00 00 00 00 00 00 00 00 00  ................
000037a0: 00 00 00 00 00 00 00 00 00 00 00 00 40 00 00 00  ............@...
000037b0: 00 00 00 00 00 00 00 00 00 00 00 00 00 00 00 00  ................
000037c0: 00 00 00 00 00 00 00 00 00 00 00 00 40 00 00 00  ............@...
000037d0: 00 00 00 00 00 00 00 00 00 00 00 00 00 00 00 00  ................
000037e0: 00 00 00 00 00 00 00 00 00 00 00 00 40 00 80 00  ............@...
000037f0: 00 01 08 00 00 00 01 00 20 00 40 00 80 00 c4 00  ........ .@.....
00003800: ff 00 00 00 2e 00 58 00 7c 00 9a 00 b4 00 cb 00  ......X.|.......
00003810: e0 00 f2 00 02 01 11 01 1e 01 2a 01 36 01 41 01  ..........*.6.A.
00003820: 4c 01 57 01 63 01 6e 01 7a 01 86 01 92 01 9e 01  L.W.c.n.z.......
00003830: ab 01 b7 01 c4 01 d1 01 de 01 eb 01 f8 01 05 02  ................
00003840: 13 02 21 02 2e 02 3c 02 4a 02 58 02 66 02 75 02  ..!...<.J.X.f.u.
00003850: 83 02 92 02 a0 02 af 02 be 02 cc 02 db 02 ea 02  ................
00003860: f9 02 08 03 17 03 27 03 36 03 45 03 55 03 64 03  ......'.6.E.U.d.
00003870: 73 03 83 03 92 03 a2 03 b2 03 c1 03 d1 03 e0 03  s...............
00003880: f0 03 ff 03 00 00 17 00 2d 00 44 00 5c 00 76 00  ........-.D.\.v.
00003890: 91 00 ac 00 c8 00 e2 00 fd 00 15 01 2c 01 41 01  ............,.A.
000038a0: 54 01 64 01 74 01 81 01 8e 01 9a 01 a6 01 b1 01  T.d.t...........
000038b0: bc 01 c7 01 d3 01 de 01 ea 01 f6 01 02 02 0e 02  ................
000038c0: 1b 02 27 02 34 02 41 02 4e 02 5b 02 69 02 76 02  ..'.4.A.N.[.i.v.
000038d0: 84 02 91 02 9f 02 ad 02 bb 02 c9 02 d7 02 e5 02  ................
000038e0: f4 02 02 03 11 03 1f 03 2e 03 3d 03 4b 03 5a 03  ..........=.K.Z.
000038f0: 69 03 78 03 87 03 96 03 a5 03 b4 03 c3 03 d2 03  i.x.............
00003900: e1 03 f0 03 ff 03 00 00 11 00 22 00 33 00 45 00  ..........".3.E.
00003910: 56 00 68 00 7a 00 8d 00 a0 00 b4 00 c9 00 df 00  V.h.z...........
00003920: f5 00 0c 01 24 01 3d 01 57 01 70 01 8a 01 a2 01  ....$.=.W.p.....
00003930: bb 01 d2 01 e8 01 fd 01 10 02 22 02 32 02 42 02  ..........".2.B.
00003940: 50 02 5e 02 6a 02 76 02 82 02 8d 02 97 02 a1 02  P.^.j.v.........
00003950: ab 02 b5 02 bf 02 c9 02 d4 02 de 02 e9 02 f5 02  ................
00003960: 00 03 0c 03 18 03 25 03 31 03 3e 03 4b 03 58 03  ......%.1.>.K.X.
00003970: 65 03 73 03 81 03 8e 03 9c 03 aa 03 b8 03 c6 03  e.s.............
00003980: d5 03 e3 03 f1 03 ff 03 00 00 0c 00 17 00 23 00  ..............#.
00003990: 2e 00 3a 00 46 00 52 00 5e 00 6a 00 77 00 84 00  ..:.F.R.^.j.w...
000039a0: 91 00 9e 00 ac 00 bb 00 c9 00 d8 00 e8 00 f8 00  ................
000039b0: 09 01 1a 01 2b 01 3e 01 51 01 64 01 78 01 8d 01  ....+.>.Q.d.x...
000039c0: a3 01 b9 01 cf 01 e5 01 fc 01 13 02 2a 02 41 02  ............*.A.
000039d0: 58 02 6f 02 85 02 9b 02 b1 02 c6 02 db 02 ef 02  X.o.............
000039e0: 03 03 16 03 28 03 39 03 49 03 58 03 67 03 75 03  ....(.9.I.X.g.u.
000039f0: 82 03 8f 03 9b 03 a6 03 b1 03 bc 03 c6 03 d0 03  ................
00003a00: da 03 e4 03 ed 03 f6 03 ff 03 00 00 10 00 20 00  .............. .
00003a10: 30 00 3f 00 4f 00 5f 00 6f 00 7e 00 8e 00 9e 00  0.?.O._.o.~.....
00003a20: ae 00 be 00 ce 00 de 00 ee 00 ff 00 0f 01 1f 01  ................
00003a30: 30 01 40 01 51 01 61 01 72 01 83 01 94 01 a5 01  0.@.Q.a.r.......
00003a40: b6 01 c8 01 d9 01 eb 01 fc 01 0e 02 20 02 32 02  ............ .2.
00003a50: 44 02 57 02 69 02 7c 02 8f 02 a2 02 b5 02 c8 02  D.W.i.|.........
00003a60: da 02 ed 02 00 03 12 03 24 03 36 03 47 03 58 03  ........$.6.G.X.
00003a70: 68 03 78 03 87 03 95 03 a3 03 b0 03 bb 03 c7 03  h.x.............
00003a80: d1 03 db 03 e5 03 ee 03 f7 03 ff 03 00 00 10 00  ................
00003a90: 20 00 30 00 40 00 50 00 60 00 70 00 80 00 90 00   .0.@.P.`.p.....
00003aa0: a0 00 b0 00 c0 00 d0 00 e0 00 f0 00 00 01 10 01  ................
00003ab0: 20 01 30 01 40 01 50 01 60 01 70 01 80 01 90 01   .0.@.P.`.p.....
00003ac0: a0 01 b0 01 c0 01 d0 01 e0 01 f0 01 00 02 10 02  ................
00003ad0: 20 02 30 02 40 02 50 02 60 02 70 02 80 02 90 02   .0.@.P.`.p.....
00003ae0: a0 02 b0 02 c0 02 d0 02 e0 02 f0 02 00 03 10 03  ................
00003af0: 20 03 30 03 40 03 50 03 60 03 70 03 80 03 90 03   .0.@.P.`.p.....
00003b00: a0 03 b0 03 c0 03 d0 03 e0 03 f0 03 ff 03 00 00  ................
00003b10: 02 00 05 00 0f 00 40 00 00 00 00 00 00 00 00 00  ......@.........
00003b20: 00 00 00 00 00 00 00 00 00 00 00 00 00 00 00 00  ................
00003b30: 04 00 0c 00 16 00 40 00 00 00 00 00 00 00 00 00  ......@.........
00003b40: 00 00 00 00 00 00 00 00 00 00 00 00 00 00 00 00  ................
00003b50: 0e 00 17 00 29 00 40 00 00 00 00 00 00 00 00 00  ....).@.........
00003b60: 00 00 00 00 00 00 00 00 00 00 00 00 00 00 00 00  ................
00003b70: 19 00 2e 00 40 00 00 00 00 00 00 00 00 00 00 00  ....@...........
00003b80: 00 00 00 00 00 00 00 00 00 00 00 00 00 00 00 00  ................
00003b90: 26 00 38 00 40 00 00 00 00 00 00 00 00 00 00 00  &.8.@...........
00003ba0: 00 00 00 00 00 00 00 00 00 00 00 00 00 00 00 00  ................
00003bb0: 40 00 00 00 00 00 00 00 00 00 00 00 00 00 00 00  @...............
00003bc0: 00 00 00 00 00 00 00 00 00 00 00 00 00 00 01 00  ................
00003bd0: 40 00 80 00 00 01 00 00 00 00 00 00 00 00 00 00  @...............
00003be0: 00 00 00 00 00 00 00 00 10 00 20 00 30 00 40 00  .......... .0.@.
00003bf0: 50 00 60 00 70 00 80 00 90 00 a0 00 b0 00 c0 00  P.`.p...........
00003c00: d0 00 e0 00 f0 00 00 01 10 01 20 01 30 01 40 01  .......... .0.@.
00003c10: 50 01 60 01 70 01 80 01 90 01 a0 01 b0 01 c0 01  P.`.p...........
00003c20: d0 01 e0 01 f0 01 00 02 10 02 20 02 30 02 40 02  .......... .0.@.
00003c30: 50 02 60 02 70 02 80 02 90 02 a0 02 b0 02 c0 02  P.`.p...........
00003c40: d0 02 e0 02 f0 02 00 03 10 03 20 03 30 03 40 03  .......... .0.@.
00003c50: 50 03 60 03 70 03 80 03 90 03 a0 03 b0 03 c0 03  P.`.p...........
00003c60: d0 03 e0 03 f0 03 ff 03 00 00 10 00 20 00 30 00  ............ .0.
00003c70: 40 00 50 00 60 00 70 00 80 00 90 00 a0 00 b0 00  @.P.`.p.........
00003c80: c0 00 d0 00 e0 00 f0 00 00 01 10 01 20 01 30 01  ............ .0.
00003c90: 40 01 50 01 60 01 70 01 80 01 90 01 a0 01 b0 01  @.P.`.p.........
00003ca0: c0 01 d0 01 e0 01 f0 01 00 02 10 02 20 02 30 02  ............ .0.
00003cb0: 40 02 50 02 60 02 70 02 80 02 90 02 a0 02 b0 02  @.P.`.p.........
00003cc0: c0 02 d0 02 e0 02 f0 02 00 03 10 03 20 03 30 03  ............ .0.
00003cd0: 40 03 50 03 60 03 70 03 80 03 90 03 a0 03 b0 03  @.P.`.p.........
00003ce0: c0 03 d0 03 e0 03 f0 03 ff 03 00 00 10 00 20 00  .............. .
00003cf0: 30 00 40 00 50 00 60 00 70 00 80 00 90 00 a0 00  0.@.P.`.p.......
00003d00: b0 00 c0 00 d0 00 e0 00 f0 00 00 01 10 01 20 01  .............. .
00003d10: 30 01 40 01 50 01 60 01 70 01 80 01 90 01 a0 01  0.@.P.`.p.......
00003d20: b0 01 c0 01 d0 01 e0 01 f0 01 00 02 10 02 20 02  .............. .
00003d30: 30 02 40 02 50 02 60 02 70 02 80 02 90 02 a0 02  0.@.P.`.p.......
00003d40: b0 02 c0 02 d0 02 e0 02 f0 02 00 03 10 03 20 03  .............. .
00003d50: 30 03 40 03 50 03 60 03 70 03 80 03 90 03 a0 03  0.@.P.`.p.......
00003d60: b0 03 c0 03 d0 03 e0 03 f0 03 ff 03 00 00 10 00  ................
00003d70: 20 00 30 00 40 00 50 00 60 00 70 00 80 00 90 00   .0.@.P.`.p.....
00003d80: a0 00 b0 00 c0 00 d0 00 e0 00 f0 00 00 01 10 01  ................
00003d90: 20 01 30 01 40 01 50 01 60 01 70 01 80 01 90 01   .0.@.P.`.p.....
00003da0: a0 01 b0 01 c0 01 d0 01 e0 01 f0 01 00 02 10 02  ................
00003db0: 20 02 30 02 40 02 50 02 60 02 70 02 80 02 90 02   .0.@.P.`.p.....
00003dc0: a0 02 b0 02 c0 02 d0 02 e0 02 f0 02 00 03 10 03  ................
00003dd0: 20 03 30 03 40 03 50 03 60 03 70 03 80 03 90 03   .0.@.P.`.p.....
00003de0: a0 03 b0 03 c0 03 d0 03 e0 03 f0 03 ff 03 00 00  ................
00003df0: 10 00 20 00 30 00 40 00 50 00 60 00 70 00 80 00  .. .0.@.P.`.p...
00003e00: 90 00 a0 00 b0 00 c0 00 d0 00 e0 00 f0 00 00 01  ................
00003e10: 10 01 20 01 30 01 40 01 50 01 60 01 70 01 80 01  .. .0.@.P.`.p...
00003e20: 90 01 a0 01 b0 01 c0 01 d0 01 e0 01 f0 01 00 02  ................
00003e30: 10 02 20 02 30 02 40 02 50 02 60 02 70 02 80 02  .. .0.@.P.`.p...
00003e40: 90 02 a0 02 b0 02 c0 02 d0 02 e0 02 f0 02 00 03  ................
00003e50: 10 03 20 03 30 03 40 03 50 03 60 03 70 03 80 03  .. .0.@.P.`.p...
00003e60: 90 03 a0 03 b0 03 c0 03 d0 03 e0 03 f0 03 ff 03  ................
00003e70: 00 00 10 00 20 00 30 00 40 00 50 00 60 00 70 00  .... .0.@.P.`.p.
00003e80: 80 00 90 00 a0 00 b0 00 c0 00 d0 00 e0 00 f0 00  ................
00003e90: 00 01 10 01 20 01 30 01 40 01 50 01 60 01 70 01  .... .0.@.P.`.p.
00003ea0: 80 01 90 01 a0 01 b0 01 c0 01 d0 01 e0 01 f0 01  ................
00003eb0: 00 02 10 02 20 02 30 02 40 02 50 02 60 02 70 02  .... .0.@.P.`.p.
00003ec0: 80 02 90 02 a0 02 b0 02 c0 02 d0 02 e0 02 f0 02  ................
00003ed0: 00 03 10 03 20 03 30 03 40 03 50 03 60 03 70 03  .... .0.@.P.`.p.
00003ee0: 80 03 90 03 a0 03 b0 03 c0 03 d0 03 e0 03 f0 03  ................
00003ef0: ff 03 00 00 40 00 00 00 00 00 00 00 00 00 00 00  ....@...........
00003f00: 00 00 00 00 00 00 00 00 00 00 00 00 00 00 00 00  ................
00003f10: 00 00 00 00 40 00 00 00 00 00 00 00 00 00 00 00  ....@...........
00003f20: 00 00 00 00 00 00 00 00 00 00 00 00 00 00 00 00  ................
00003f30: 00 00 00 00 40 00 00 00 00 00 00 00 00 00 00 00  ....@...........
00003f40: 00 00 00 00 00 00 00 00 00 00 00 00 00 00 00 00  ................
00003f50: 00 00 00 00 08 00 10 00 18 00 20 00 28 00 30 00  .......... .(.0.
00003f60: 38 00 00 00 00 00 00 00 00 00 00 00 00 00 00 00  8...............
00003f70: 00 00 00 00 08 00 10 00 18 00 20 00 28 00 30 00  .......... .(.0.
00003f80: 38 00 00 00 00 00 00 00 00 00 00 00 00 00 00 00  8...............
00003f90: 00 00 00 00 08 00 10 00 18 00 20 00 28 00 30 00  .......... .(.0.
00003fa0: 38 00 00 00 00 00 00 00 00 00 00 00 00 00 00 00  8...............
00003fb0: 00 00 00 00 00 00 01 00 00 00 0b 00 58 2b 01 00  ............X+..
00003fc0: 01 00 04 00 01 00 03 00 03 00 01 00 18 00 00 00  ................
00003fd0: 00 00 82 ff 82 ff 82 ff 82 ff 80 ff 7e ff 7c ff  ............~.|.
00003fe0: 7a ff 78 ff 76 ff 74 ff 72 ff 70 ff 6e ff 6c ff  z.x.v.t.r.p.n.l.
00003ff0: 6a ff 68 ff 66 ff 64 ff 64 ff 62 ff 60 ff 5e ff  j.h.f.d.d.b.`.^.
00004000: 5c ff 5c ff 5a ff 58 ff 58 ff 56 ff 54 ff 54 ff  \.\.Z.X.X.V.T.T.
00004010: 52 ff 52 ff 50 ff 50 ff 4e ff 4e ff 4c ff 4c ff  R.R.P.P.N.N.L.L.
00004020: 4c ff 4a ff 4a ff 4a ff 4a ff 4a ff 4a ff 4a ff  L.J.J.J.J.J.J.J.
00004030: 4a ff 4a ff 4a ff 4a ff 4a ff 4a ff 4c ff 4c ff  J.J.J.J.J.J.L.L.
00004040: 4c ff 4e ff 4e ff 50 ff 50 ff 52 ff 54 ff 56 ff  L.N.N.P.P.R.T.V.
00004050: 58 ff 58 ff 5a ff 5c ff 5e ff 60 ff 64 ff 66 ff  X.X.Z.\.^.`.d.f.
00004060: 68 ff 6a ff 6c ff 70 ff 72 ff 74 ff 78 ff 7a ff  h.j.l.p.r.t.x.z.
00004070: 7c ff 80 ff 82 ff 86 ff 88 ff 8c ff 8e ff 92 ff  |...............
00004080: 96 ff 98 ff 9c ff 9e ff a2 ff a4 ff a8 ff ac ff  ................
00004090: ae ff b2 ff b4 ff b8 ff ba ff be ff c0 ff c4 ff  ................
000040a0: c6 ff ca ff cc ff d0 ff d2 ff d6 ff d8 ff da ff  ................
000040b0: de ff e0 ff e2 ff e4 ff e6 ff e8 ff ea ff ee ff  ................
000040c0: f0 ff f0 ff f2 ff f4 ff f6 ff f8 ff fa ff fc ff  ................
000040d0: fe ff 00 00 04 00 06 00 08 00 0c 00 0e 00 10 00  ................
000040e0: 14 00 16 00 18 00 1c 00 1e 00 22 00 24 00 26 00  ..........".$.&.
000040f0: 28 00 2c 00 2e 00 30 00 32 00 36 00 38 00 3a 00  (.,...0.2.6.8.:.
00004100: 3c 00 3e 00 40 00 44 00 46 00 48 00 4a 00 4c 00  <.>.@.D.F.H.J.L.
00004110: 4e 00 50 00 52 00 54 00 56 00 58 00 58 00 5a 00  N.P.R.T.V.X.X.Z.
00004120: 5c 00 5e 00 60 00 62 00 64 00 64 00 66 00 68 00  \.^.`.b.d.d.f.h.
00004130: 68 00 6a 00 6c 00 6c 00 6e 00 70 00 70 00 72 00  h.j.l.l.n.p.p.r.
00004140: 72 00 74 00 74 00 76 00 76 00 78 00 78 00 7a 00  r.t.t.v.v.x.x.z.
00004150: 7a 00 7c 00 7c 00 7c 00 7c 00 7e 00 7e 00 7e 00  z.|.|.|.|.~.~.~.
00004160: 7e 00 80 00 80 00 80 00 80 00 80 00 80 00 80 00  ~...............
00004170: 82 00 82 00 82 00 82 00 82 00 82 00 82 00 80 00  ................
00004180: 80 00 80 00 80 00 80 00 80 00 80 00 80 00 7e 00  ..............~.
00004190: 7e 00 7e 00 7e 00 7e 00 7c 00 7c 00 7c 00 7c 00  ~.~.~.~.|.|.|.|.
000041a0: 7a 00 7a 00 7a 00 7a 00 78 00 78 00 78 00 76 00  z.z.z.z.x.x.x.v.
000041b0: 76 00 76 00 74 00 74 00 74 00 72 00 72 00 70 00  v.v.t.t.t.r.r.p.
000041c0: 70 00 70 00 6e 00 6e 00 6e 00 6c 00 6c 00 6a 00  p.p.n.n.n.l.l.j.
000041d0: 6a 00 54 ff 54 ff 54 ff 54 ff 54 ff 54 ff 54 ff  j.T.T.T.T.T.T.T.
000041e0: 54 ff 54 ff 52 ff 52 ff 52 ff 50 ff 50 ff 50 ff  T.T.R.R.R.P.P.P.
000041f0: 4e ff 4e ff 4e ff 4c ff 4c ff 4c ff 4a ff 4a ff  N.N.N.L.L.L.J.J.
00004200: 4a ff 4a ff 48 ff 48 ff 48 ff 48 ff 48 ff 46 ff  J.J.H.H.H.H.H.F.
00004210: 46 ff 46 ff 46 ff 46 ff 46 ff 46 ff 46 ff 46 ff  F.F.F.F.F.F.F.F.
00004220: 46 ff 46 ff 46 ff 48 ff 48 ff 48 ff 48 ff 4a ff  F.F.F.H.H.H.H.J.
00004230: 4a ff 4a ff 4c ff 4c ff 4e ff 4e ff 50 ff 50 ff  J.J.L.L.N.N.P.P.
00004240: 52 ff 52 ff 54 ff 56 ff 58 ff 5a ff 5a ff 5c ff  R.R.T.V.X.Z.Z.\.
00004250: 5e ff 60 ff 64 ff 66 ff 68 ff 6a ff 6c ff 6e ff  ^.`.d.f.h.j.l.n.
00004260: 72 ff 74 ff 76 ff 7a ff 7c ff 80 ff 82 ff 86 ff  r.t.v.z.|.......
00004270: 88 ff 8a ff 8e ff 92 ff 94 ff 98 ff 9a ff 9e ff  ................
00004280: a0 ff a4 ff a6 ff aa ff ac ff b0 ff b4 ff b6 ff  ................
00004290: ba ff bc ff c0 ff c2 ff c6 ff c8 ff cc ff ce ff  ................
000042a0: d0 ff d4 ff d6 ff d8 ff dc ff de ff e0 ff e2 ff  ................
000042b0: e4 ff e8 ff ea ff ec ff ee ff ee ff f0 ff f2 ff  ................
000042c0: f4 ff f6 ff f8 ff f8 ff fa ff fc ff fe ff 00 00  ................
000042d0: 02 00 02 00 06 00 08 00 0a 00 0c 00 0e 00 10 00  ................
000042e0: 14 00 16 00 18 00 1a 00 1e 00 20 00 24 00 26 00  .......... .$.&.
000042f0: 28 00 2c 00 2e 00 30 00 32 00 36 00 38 00 3a 00  (.,...0.2.6.8.:.
00004300: 3c 00 40 00 42 00 44 00 46 00 48 00 4a 00 4c 00  <.@.B.D.F.H.J.L.
00004310: 4e 00 50 00 52 00 54 00 54 00 56 00 58 00 5a 00  N.P.R.T.T.V.X.Z.
00004320: 5c 00 5c 00 5e 00 60 00 60 00 62 00 64 00 64 00  \.\.^.`.`.b.d.d.
00004330: 66 00 66 00 68 00 6a 00 6a 00 6c 00 6c 00 6c 00  f.f.h.j.j.l.l.l.
00004340: 6e 00 6e 00 70 00 70 00 70 00 72 00 72 00 72 00  n.n.p.p.p.r.r.r.
00004350: 74 00 74 00 74 00 74 00 76 00 76 00 76 00 76 00  t.t.t.t.v.v.v.v.
00004360: 76 00 78 00 78 00 78 00 78 00 78 00 78 00 78 00  v.x.x.x.x.x.x.x.
00004370: 78 00 78 00 78 00 78 00 78 00 78 00 78 00 78 00  x.x.x.x.x.x.x.x.
00004380: 78 00 78 00 78 00 78 00 78 00 78 00 78 00 78 00  x.x.x.x.x.x.x.x.
00004390: 76 00 76 00 76 00 76 00 76 00 76 00 76 00 74 00  v.v.v.v.v.v.v.t.
000043a0: 74 00 74 00 74 00 74 00 74 00 72 00 72 00 72 00  t.t.t.t.t.r.r.r.
000043b0: 72 00 72 00 70 00 70 00 70 00 70 00 6e 00 6e 00  r.r.p.p.p.p.n.n.
000043c0: 6e 00 6e 00 6c 00 6c 00 6c 00 6c 00 6a 00 6a 00  n.n.l.l.l.l.j.j.
000043d0: 6a 00 02 00 3a 00 74 00 80 00 88 00 c6 00 fe 00  j...:.t.........
000043e0: ff 00 00 00 00 00 00 00 00 00 00 00 00 00 00 00  ................
000043f0: 00 00 06 00 3c 00 74 00 80 00 92 00 fc 00 ff 00  ....<.t.........
00004400: 00 00 00 00 00 00 00 00 00 00 00 00 00 00 00 00  ................
00004410: 00 00 01 00 02 00 01 00 03 00 00 00 01 00 18 00  ................
00004420: 00 00 01 00 b0 ff af ff ae ff ae ff ad ff ac ff  ................
00004430: ab ff ab ff aa ff a9 ff a9 ff a8 ff a8 ff a8 ff  ................
00004440: a8 ff a8 ff a8 ff a8 ff a8 ff a9 ff a9 ff aa ff  ................
00004450: ab ff ac ff ad ff af ff b1 ff b2 ff b4 ff b6 ff  ................
00004460: b9 ff bb ff bd ff c0 ff c2 ff c4 ff c7 ff c9 ff  ................
00004470: cc ff ce ff d0 ff d2 ff d4 ff d6 ff d8 ff da ff  ................
00004480: dc ff dd ff df ff e0 ff e2 ff e3 ff e4 ff e6 ff  ................
00004490: e7 ff e8 ff e9 ff ea ff eb ff ec ff ec ff ed ff  ................
000044a0: ee ff ef ff ef ff f0 ff f0 ff f1 ff f1 ff f2 ff  ................
000044b0: f2 ff f3 ff f3 ff f4 ff f4 ff f4 ff f5 ff f5 ff  ................
000044c0: f5 ff f6 ff f6 ff f6 ff f7 ff f7 ff f7 ff f7 ff  ................
000044d0: f8 ff f8 ff f8 ff f9 ff f9 ff f9 ff f9 ff fa ff  ................
000044e0: fa ff fa ff fa ff fb ff fb ff fb ff fb ff fb ff  ................
000044f0: fc ff fc ff fc ff fc ff fc ff fd ff fd ff fd ff  ................
00004500: fd ff fd ff fd ff fe ff fe ff fe ff fe ff fe ff  ................
00004510: fe ff ff ff ff ff ff ff ff ff ff ff ff ff 00 00  ................
00004520: 00 00 00 00 00 00 00 00 00 00 00 00 01 00 01 00  ................
00004530: 01 00 01 00 01 00 01 00 01 00 02 00 02 00 02 00  ................
00004540: 02 00 02 00 02 00 03 00 03 00 03 00 03 00 03 00  ................
00004550: 04 00 04 00 04 00 04 00 05 00 05 00 05 00 05 00  ................
00004560: 06 00 06 00 06 00 07 00 07 00 07 00 08 00 08 00  ................
00004570: 09 00 09 00 09 00 0a 00 0a 00 0b 00 0b 00 0c 00  ................
00004580: 0c 00 0d 00 0d 00 0e 00 0f 00 0f 00 10 00 11 00  ................
00004590: 11 00 12 00 13 00 13 00 14 00 15 00 16 00 17 00  ................
000045a0: 18 00 18 00 19 00 1a 00 1b 00 1c 00 1d 00 1e 00  ................
000045b0: 1f 00 20 00 21 00 22 00 24 00 25 00 26 00 27 00  .. .!.".$.%.&.'.
000045c0: 28 00 29 00 2b 00 2c 00 2d 00 2f 00 30 00 31 00  (.).+.,.-./.0.1.
000045d0: 33 00 34 00 35 00 37 00 38 00 3a 00 3b 00 3c 00  3.4.5.7.8.:.;.<.
000045e0: 3e 00 3f 00 40 00 42 00 43 00 44 00 45 00 46 00  >.?.@.B.C.D.E.F.
000045f0: 47 00 48 00 49 00 4a 00 4b 00 4b 00 4c 00 4c 00  G.H.I.J.K.K.L.L.
00004600: 4d 00 4d 00 4d 00 4e 00 4e 00 4e 00 4e 00 4e 00  M.M.M.N.N.N.N.N.
00004610: 4e 00 4e 00 4e 00 4e 00 4e 00 4e 00 4e 00 4e 00  N.N.N.N.N.N.N.N.
00004620: 4d 00 4d 00 b8 ff b8 ff b8 ff b6 ff b5 ff b3 ff  M.M.............
00004630: b1 ff af ff ae ff ac ff aa ff a8 ff a7 ff a5 ff  ................
00004640: a4 ff a2 ff a1 ff 9f ff 9e ff 9c ff 9b ff 9a ff  ................
00004650: 99 ff 97 ff 96 ff 95 ff 94 ff 93 ff 93 ff 92 ff  ................
00004660: 91 ff 91 ff 90 ff 90 ff 90 ff 8f ff 8f ff 8f ff  ................
00004670: 8f ff 8f ff 90 ff 90 ff 90 ff 91 ff 91 ff 92 ff  ................
00004680: 92 ff 93 ff 94 ff 94 ff 95 ff 96 ff 97 ff 98 ff  ................
00004690: 99 ff 9b ff 9c ff 9d ff 9e ff a0 ff a1 ff a2 ff  ................
000046a0: a4 ff a5 ff a7 ff a8 ff aa ff ab ff ad ff af ff  ................
000046b0: b0 ff b2 ff b4 ff b5 ff b7 ff b9 ff ba ff bc ff  ................
000046c0: be ff c0 ff c1 ff c3 ff c5 ff c7 ff c9 ff ca ff  ................
000046d0: cc ff ce ff d0 ff d1 ff d3 ff d5 ff d7 ff d8 ff  ................
000046e0: da ff dc ff dd ff df ff e1 ff e2 ff e4 ff e5 ff  ................
000046f0: e7 ff e8 ff ea ff eb ff ed ff ee ff ef ff f0 ff  ................
00004700: f2 ff f3 ff f4 ff f5 ff f6 ff f7 ff f8 ff f9 ff  ................
00004710: fa ff fb ff fc ff fc ff fd ff fe ff fe ff ff ff  ................
00004720: ff ff 00 00 00 00 00 00 01 00 01 00 01 00 01 00  ................
00004730: 02 00 02 00 02 00 02 00 03 00 03 00 04 00 05 00  ................
00004740: 05 00 06 00 07 00 08 00 0a 00 0b 00 0c 00 0d 00  ................
00004750: 0f 00 10 00 12 00 14 00 15 00 17 00 19 00 1a 00  ................
00004760: 1c 00 1e 00 20 00 22 00 24 00 25 00 27 00 29 00  .... .".$.%.'.).
00004770: 2b 00 2d 00 2f 00 31 00 33 00 34 00 36 00 38 00  +.-./.1.3.4.6.8.
00004780: 3a 00 3b 00 3d 00 3e 00 40 00 41 00 43 00 44 00  :.;.=.>.@.A.C.D.
00004790: 45 00 47 00 48 00 49 00 4a 00 4b 00 4c 00 4d 00  E.G.H.I.J.K.L.M.
000047a0: 4d 00 4e 00 4f 00 50 00 50 00 51 00 51 00 52 00  M.N.O.P.P.Q.Q.R.
000047b0: 52 00 53 00 53 00 53 00 54 00 54 00 54 00 54 00  R.S.S.S.T.T.T.T.
000047c0: 54 00 55 00 55 00 55 00 55 00 55 00 54 00 54 00  T.U.U.U.U.U.T.T.
000047d0: 54 00 54 00 54 00 54 00 53 00 53 00 53 00 52 00  T.T.T.T.S.S.S.R.
000047e0: 52 00 52 00 51 00 51 00 50 00 50 00 4f 00 4f 00  R.R.Q.Q.P.P.O.O.
000047f0: 4e 00 4e 00 4d 00 4c 00 4c 00 4b 00 4a 00 4a 00  N.N.M.L.L.K.J.J.
00004800: 49 00 48 00 48 00 47 00 46 00 46 00 45 00 44 00  I.H.H.G.F.F.E.D.
00004810: 43 00 42 00 42 00 41 00 40 00 3f 00 3f 00 3e 00  C.B.B.A.@.?.?.>.
00004820: 3d 00 3c 00 00 00 18 00 28 00 4e 00 80 00 b6 00  =.<.....(.N.....
00004830: d4 00 ea 00 ff 00 00 00 00 00 00 00 00 00 00 00  ................
00004840: 00 00 00 00 02 00 20 00 46 00 70 00 80 00 8c 00  ...... .F.p.....
00004850: b2 00 d8 00 ff 00 00 00 00 00 00 00 00 00 00 00  ................
00004860: 00 00 00 00 01 00 03 00 01 00 03 00 02 00 01 00  ................
00004870: 18 00 00 00 01 00 c0 ff bc ff b9 ff b5 ff b1 ff  ................
00004880: ae ff aa ff a7 ff a3 ff a0 ff 9c ff 99 ff 96 ff  ................
00004890: 93 ff 90 ff 8d ff 8b ff 88 ff 86 ff 84 ff 82 ff  ................
000048a0: 80 ff 7e ff 7c ff 7a ff 79 ff 77 ff 76 ff 75 ff  ..~.|.z.y.w.v.u.
000048b0: 74 ff 73 ff 72 ff 71 ff 70 ff 70 ff 6f ff 6f ff  t.s.r.q.p.p.o.o.
000048c0: 6f ff 6f ff 6f ff 6f ff 6f ff 6f ff 6f ff 70 ff  o.o.o.o.o.o.o.p.
000048d0: 70 ff 71 ff 71 ff 72 ff 73 ff 74 ff 74 ff 75 ff  p.q.q.r.s.t.t.u.
000048e0: 77 ff 78 ff 79 ff 7a ff 7c ff 7d ff 7f ff 80 ff  w.x.y.z.|.}.....
000048f0: 82 ff 83 ff 85 ff 87 ff 89 ff 8b ff 8d ff 8f ff  ................
00004900: 91 ff 93 ff 95 ff 97 ff 9a ff 9c ff 9e ff a1 ff  ................
00004910: a3 ff a6 ff a8 ff ab ff ad ff b0 ff b2 ff b5 ff  ................
00004920: b7 ff ba ff bd ff bf ff c2 ff c5 ff c7 ff ca ff  ................
00004930: cc ff cf ff d1 ff d4 ff d6 ff d9 ff db ff dd ff  ................
00004940: df ff e1 ff e4 ff e6 ff e8 ff e9 ff eb ff ed ff  ................
00004950: ef ff f0 ff f1 ff f3 ff f4 ff f5 ff f6 ff f7 ff  ................
00004960: f8 ff f9 ff fa ff fb ff fb ff fc ff fd ff fe ff  ................
00004970: fe ff ff ff ff ff 00 00 01 00 01 00 02 00 02 00  ................
00004980: 03 00 04 00 05 00 05 00 06 00 07 00 08 00 09 00  ................
00004990: 0a 00 0b 00 0c 00 0e 00 0f 00 11 00 12 00 14 00  ................
000049a0: 16 00 17 00 19 00 1b 00 1d 00 1f 00 21 00 23 00  ............!.#.
000049b0: 26 00 28 00 2a 00 2c 00 2f 00 31 00 33 00 36 00  &.(.*.,./.1.3.6.
000049c0: 38 00 3a 00 3d 00 3f 00 41 00 44 00 46 00 48 00  8.:.=.?.A.D.F.H.
000049d0: 4a 00 4c 00 4f 00 51 00 53 00 55 00 57 00 58 00  J.L.O.Q.S.U.W.X.
000049e0: 5a 00 5c 00 5d 00 5f 00 60 00 62 00 63 00 64 00  Z.\.]._.`.b.c.d.
000049f0: 65 00 66 00 67 00 68 00 69 00 6a 00 6b 00 6b 00  e.f.g.h.i.j.k.k.
00004a00: 6c 00 6d 00 6d 00 6d 00 6e 00 6e 00 6e 00 6e 00  l.m.m.m.n.n.n.n.
00004a10: 6f 00 6f 00 6f 00 6f 00 6e 00 6e 00 6e 00 6e 00  o.o.o.o.n.n.n.n.
00004a20: 6e 00 6d 00 6d 00 6c 00 6c 00 6b 00 6b 00 6a 00  n.m.m.l.l.k.k.j.
00004a30: 6a 00 69 00 68 00 67 00 67 00 66 00 65 00 64 00  j.i.h.g.g.f.e.d.
00004a40: 63 00 62 00 61 00 60 00 5f 00 5e 00 5d 00 5c 00  c.b.a.`._.^.].\.
00004a50: 5b 00 5a 00 59 00 57 00 56 00 55 00 54 00 52 00  [.Z.Y.W.V.U.T.R.
00004a60: 51 00 50 00 4f 00 4d 00 4c 00 4b 00 4a 00 48 00  Q.P.O.M.L.K.J.H.
00004a70: 47 00 46 00 44 00 9c ff 9b ff 99 ff 98 ff 96 ff  G.F.D...........
00004a80: 95 ff 94 ff 92 ff 91 ff 8f ff 8e ff 8d ff 8b ff  ................
00004a90: 8a ff 89 ff 87 ff 86 ff 85 ff 84 ff 82 ff 81 ff  ................
00004aa0: 80 ff 7f ff 7e ff 7d ff 7c ff 7b ff 7a ff 7a ff  ....~.}.|.{.z.z.
00004ab0: 79 ff 78 ff 77 ff 77 ff 76 ff 76 ff 75 ff 75 ff  y.x.w.w.v.v.u.u.
00004ac0: 75 ff 74 ff 74 ff 74 ff 74 ff 74 ff 74 ff 74 ff  u.t.t.t.t.t.t.t.
00004ad0: 74 ff 74 ff 75 ff 75 ff 75 ff 76 ff 76 ff 77 ff  t.t.u.u.u.v.v.w.
00004ae0: 77 ff 78 ff 79 ff 7a ff 7b ff 7b ff 7c ff 7d ff  w.x.y.z.{.{.|.}.
00004af0: 7e ff 7f ff 81 ff 82 ff 83 ff 84 ff 86 ff 87 ff  ~...............
00004b00: 89 ff 8a ff 8c ff 8d ff 8f ff 90 ff 92 ff 94 ff  ................
00004b10: 96 ff 97 ff 99 ff 9b ff 9d ff 9f ff a1 ff a3 ff  ................
00004b20: a5 ff a7 ff a9 ff ac ff ae ff b0 ff b2 ff b5 ff  ................
00004b30: b7 ff b9 ff bc ff be ff c1 ff c3 ff c6 ff c8 ff  ................
00004b40: ca ff cd ff cf ff d2 ff d4 ff d6 ff d9 ff db ff  ................
00004b50: dd ff e0 ff e2 ff e4 ff e6 ff e8 ff ea ff ec ff  ................
00004b60: ee ff f0 ff f2 ff f4 ff f5 ff f7 ff f8 ff fa ff  ................
00004b70: fc ff fd ff ff ff 00 00 01 00 03 00 04 00 06 00  ................
00004b80: 07 00 09 00 0a 00 0c 00 0e 00 0f 00 11 00 12 00  ................
00004b90: 14 00 16 00 18 00 19 00 1b 00 1d 00 1f 00 20 00  .............. .
00004ba0: 22 00 24 00 26 00 28 00 29 00 2b 00 2d 00 2f 00  ".$.&.(.).+.-./.
00004bb0: 31 00 32 00 34 00 36 00 38 00 39 00 3b 00 3d 00  1.2.4.6.8.9.;.=.
00004bc0: 3f 00 40 00 42 00 43 00 45 00 47 00 48 00 49 00  ?.@.B.C.E.G.H.I.
00004bd0: 4b 00 4c 00 4e 00 4f 00 50 00 52 00 53 00 54 00  K.L.N.O.P.R.S.T.
00004be0: 55 00 56 00 57 00 58 00 59 00 5a 00 5a 00 5b 00  U.V.W.X.Y.Z.Z.[.
00004bf0: 5c 00 5d 00 5d 00 5e 00 5e 00 5f 00 5f 00 60 00  \.].].^.^._._.`.
00004c00: 60 00 60 00 61 00 61 00 61 00 61 00 61 00 61 00  `.`.a.a.a.a.a.a.
00004c10: 62 00 62 00 62 00 62 00 61 00 61 00 61 00 61 00  b.b.b.b.a.a.a.a.
00004c20: 61 00 61 00 61 00 60 00 60 00 60 00 5f 00 5f 00  a.a.a.`.`.`._._.
00004c30: 5f 00 5e 00 5e 00 5d 00 5d 00 5c 00 5c 00 5b 00  _.^.^.].].\.\.[.
00004c40: 5b 00 5a 00 5a 00 59 00 58 00 58 00 57 00 56 00  [.Z.Z.Y.X.X.W.V.
00004c50: 56 00 55 00 54 00 54 00 53 00 52 00 51 00 51 00  V.U.T.T.S.R.Q.Q.
00004c60: 50 00 4f 00 4e 00 4e 00 4d 00 4c 00 4b 00 4a 00  P.O.N.N.M.L.K.J.
00004c70: 4a 00 49 00 48 00 00 00 0e 00 4e 00 6e 00 80 00  J.I.H.....N.n...
00004c80: 90 00 b6 00 ff 00 00 00 00 00 00 00 00 00 00 00  ................
00004c90: 00 00 00 00 00 00 00 00 26 00 5a 00 76 00 80 00  ........&.Z.v...
00004ca0: 88 00 b4 00 ff 00 00 00 00 00 00 00 00 00 00 00  ................
00004cb0: 00 00 00 00 00 00 01 00 03 00 01 00 03 00 02 00  ................
00004cc0: 01 00 18 00 00 00 01 00 ac ff aa ff a9 ff a7 ff  ................
00004cd0: a5 ff a3 ff a2 ff a0 ff 9e ff 9c ff 9b ff 99 ff  ................
00004ce0: 98 ff 96 ff 94 ff 93 ff 92 ff 90 ff 8f ff 8e ff  ................
00004cf0: 8c ff 8b ff 8a ff 89 ff 88 ff 88 ff 87 ff 86 ff  ................
00004d00: 86 ff 85 ff 85 ff 84 ff 84 ff 84 ff 84 ff 84 ff  ................
00004d10: 84 ff 84 ff 85 ff 85 ff 86 ff 86 ff 87 ff 88 ff  ................
00004d20: 89 ff 89 ff 8a ff 8b ff 8d ff 8e ff 8f ff 90 ff  ................
00004d30: 92 ff 93 ff 94 ff 96 ff 97 ff 99 ff 9b ff 9c ff  ................
00004d40: 9e ff a0 ff a2 ff a3 ff a5 ff a7 ff a9 ff ab ff  ................
00004d50: ad ff af ff b1 ff b3 ff b5 ff b7 ff b9 ff bb ff  ................
00004d60: bd ff bf ff c1 ff c3 ff c5 ff c7 ff c9 ff cb ff  ................
00004d70: cd ff cf ff d1 ff d3 ff d5 ff d7 ff d9 ff db ff  ................
00004d80: dd ff df ff e0 ff e2 ff e4 ff e5 ff e7 ff e9 ff  ................
00004d90: ea ff eb ff ed ff ee ff ef ff f1 ff f2 ff f3 ff  ................
00004da0: f4 ff f5 ff f6 ff f7 ff f8 ff f8 ff f9 ff fa ff  ................
00004db0: fa ff fb ff fb ff fc ff fc ff fd ff fd ff fe ff  ................
00004dc0: fe ff ff ff ff ff 00 00 00 00 00 00 01 00 01 00  ................
00004dd0: 02 00 03 00 03 00 04 00 04 00 05 00 06 00 06 00  ................
00004de0: 07 00 08 00 09 00 0a 00 0b 00 0c 00 0d 00 0e 00  ................
00004df0: 0f 00 10 00 12 00 13 00 14 00 16 00 17 00 19 00  ................
00004e00: 1a 00 1c 00 1e 00 20 00 21 00 23 00 25 00 27 00  ...... .!.#.%.'.
00004e10: 29 00 2a 00 2c 00 2e 00 30 00 32 00 34 00 36 00  ).*.,...0.2.4.6.
00004e20: 38 00 3a 00 3c 00 3e 00 40 00 42 00 44 00 46 00  8.:.<.>.@.B.D.F.
00004e30: 48 00 4a 00 4c 00 4d 00 4f 00 51 00 53 00 55 00  H.J.L.M.O.Q.S.U.
00004e40: 56 00 58 00 5a 00 5b 00 5d 00 5f 00 60 00 62 00  V.X.Z.[.]._.`.b.
00004e50: 63 00 64 00 66 00 67 00 68 00 69 00 6a 00 6b 00  c.d.f.g.h.i.j.k.
00004e60: 6c 00 6d 00 6d 00 6e 00 6f 00 6f 00 70 00 70 00  l.m.m.n.o.o.p.p.
00004e70: 70 00 70 00 71 00 71 00 71 00 71 00 71 00 71 00  p.p.q.q.q.q.q.q.
00004e80: 71 00 70 00 70 00 70 00 70 00 6f 00 6f 00 6e 00  q.p.p.p.p.o.o.n.
00004e90: 6e 00 6d 00 6d 00 6c 00 6b 00 6b 00 6a 00 69 00  n.m.m.l.k.k.j.i.
00004ea0: 68 00 67 00 67 00 66 00 65 00 64 00 63 00 62 00  h.g.g.f.e.d.c.b.
00004eb0: 61 00 60 00 5f 00 5e 00 5d 00 5c 00 5b 00 5a 00  a.`._.^.].\.[.Z.
00004ec0: 59 00 58 00 57 00 55 00 90 ff 8f ff 8d ff 8c ff  Y.X.W.U.........
00004ed0: 8a ff 89 ff 87 ff 86 ff 84 ff 83 ff 81 ff 80 ff  ................
00004ee0: 7f ff 7d ff 7c ff 7b ff 7a ff 78 ff 77 ff 76 ff  ..}.|.{.z.x.w.v.
00004ef0: 75 ff 74 ff 73 ff 72 ff 71 ff 71 ff 70 ff 6f ff  u.t.s.r.q.q.p.o.
00004f00: 6f ff 6e ff 6e ff 6d ff 6d ff 6d ff 6c ff 6c ff  o.n.n.m.m.m.l.l.
00004f10: 6c ff 6c ff 6d ff 6d ff 6d ff 6e ff 6e ff 6f ff  l.l.m.m.m.n.n.o.
00004f20: 6f ff 70 ff 71 ff 72 ff 73 ff 74 ff 75 ff 76 ff  o.p.q.r.s.t.u.v.
00004f30: 77 ff 78 ff 79 ff 7b ff 7c ff 7e ff 7f ff 81 ff  w.x.y.{.|.~.....
00004f40: 82 ff 84 ff 86 ff 87 ff 89 ff 8b ff 8d ff 8f ff  ................
00004f50: 91 ff 92 ff 94 ff 96 ff 98 ff 9b ff 9d ff 9f ff  ................
00004f60: a1 ff a3 ff a5 ff a7 ff a9 ff ac ff ae ff b0 ff  ................
00004f70: b2 ff b4 ff b7 ff b9 ff bb ff bd ff bf ff c2 ff  ................
00004f80: c4 ff c6 ff c8 ff ca ff cc ff cf ff d1 ff d3 ff  ................
00004f90: d5 ff d7 ff d9 ff db ff dd ff df ff e1 ff e2 ff  ................
00004fa0: e4 ff e6 ff e8 ff e9 ff eb ff ed ff ee ff f0 ff  ................
00004fb0: f1 ff f3 ff f4 ff f5 ff f7 ff f8 ff f9 ff fa ff  ................
00004fc0: fb ff fc ff fe ff ff ff 00 00 01 00 02 00 04 00  ................
00004fd0: 05 00 06 00 08 00 09 00 0a 00 0c 00 0d 00 0f 00  ................
00004fe0: 10 00 12 00 13 00 15 00 16 00 18 00 19 00 1b 00  ................
00004ff0: 1c 00 1e 00 1f 00 21 00 22 00 24 00 25 00 27 00  ......!.".$.%.'.
00005000: 28 00 2a 00 2c 00 2d 00 2f 00 30 00 31 00 33 00  (.*.,.-./.0.1.3.
00005010: 34 00 36 00 37 00 39 00 3a 00 3b 00 3d 00 3e 00  4.6.7.9.:.;.=.>.
00005020: 3f 00 41 00 42 00 43 00 44 00 45 00 47 00 48 00  ?.A.B.C.D.E.G.H.
00005030: 49 00 4a 00 4b 00 4c 00 4d 00 4d 00 4e 00 4f 00  I.J.K.L.M.M.N.O.
00005040: 50 00 51 00 51 00 52 00 52 00 53 00 53 00 54 00  P.Q.Q.R.R.S.S.T.
00005050: 54 00 55 00 55 00 55 00 55 00 56 00 56 00 56 00  T.U.U.U.U.V.V.V.
00005060: 56 00 56 00 56 00 56 00 56 00 56 00 56 00 56 00  V.V.V.V.V.V.V.V.
00005070: 55 00 55 00 55 00 55 00 54 00 54 00 54 00 53 00  U.U.U.U.T.T.T.S.
00005080: 53 00 52 00 52 00 51 00 51 00 50 00 50 00 4f 00  S.R.R.Q.Q.P.P.O.
00005090: 4f 00 4e 00 4d 00 4d 00 4c 00 4b 00 4b 00 4a 00  O.N.M.M.L.K.K.J.
000050a0: 49 00 48 00 48 00 47 00 46 00 45 00 45 00 44 00  I.H.H.G.F.E.E.D.
000050b0: 43 00 42 00 41 00 40 00 40 00 3f 00 3e 00 3d 00  C.B.A.@.@.?.>.=.
000050c0: 3c 00 3b 00 3a 00 39 00 00 00 1e 00 6c 00 80 00  <.;.:.9.....l...
000050d0: 94 00 cc 00 ff 00 00 00 00 00 00 00 00 00 00 00  ................
000050e0: 00 00 00 00 00 00 00 00 00 00 24 00 76 00 80 00  ..........$.v...
000050f0: 8a 00 be 00 ff 00 00 00 00 00 00 00 00 00 00 00  ................
00005100: 00 00 00 00 00 00 00 00 01 00 03 00 01 00 03 00  ................
00005110: 00 00 01 00 18 00 00 00 01 00 98 ff 97 ff 95 ff  ................
00005120: 94 ff 93 ff 91 ff 90 ff 8e ff 8d ff 8c ff 8a ff  ................
00005130: 89 ff 88 ff 86 ff 85 ff 84 ff 83 ff 82 ff 80 ff  ................
00005140: 7f ff 7e ff 7d ff 7c ff 7b ff 7a ff 7a ff 79 ff  ..~.}.|.{.z.z.y.
00005150: 78 ff 77 ff 77 ff 76 ff 76 ff 75 ff 75 ff 75 ff  x.w.w.v.v.u.u.u.
00005160: 74 ff 74 ff 74 ff 74 ff 74 ff 74 ff 74 ff 75 ff  t.t.t.t.t.t.t.u.
00005170: 75 ff 75 ff 76 ff 77 ff 77 ff 78 ff 79 ff 7a ff  u.u.v.w.w.x.y.z.
00005180: 7b ff 7c ff 7e ff 7f ff 80 ff 82 ff 84 ff 85 ff  {.|.~...........
00005190: 87 ff 89 ff 8b ff 8d ff 8f ff 92 ff 94 ff 96 ff  ................
000051a0: 98 ff 9b ff 9d ff a0 ff a2 ff a5 ff a7 ff aa ff  ................
000051b0: ad ff af ff b2 ff b5 ff b7 ff ba ff bd ff bf ff  ................
000051c0: c2 ff c5 ff c7 ff ca ff cc ff cf ff d2 ff d4 ff  ................
000051d0: d6 ff d9 ff db ff de ff e0 ff e2 ff e4 ff e6 ff  ................
000051e0: e8 ff ea ff ec ff ee ff ef ff f1 ff f3 ff f4 ff  ................
000051f0: f5 ff f7 ff f8 ff f9 ff fa ff fa ff fb ff fc ff  ................
00005200: fc ff fd ff fd ff fe ff fe ff fe ff fe ff ff ff  ................
00005210: ff ff ff ff ff ff ff ff 00 00 00 00 00 00 01 00  ................
00005220: 01 00 01 00 02 00 02 00 03 00 03 00 04 00 05 00  ................
00005230: 05 00 06 00 07 00 08 00 08 00 09 00 0a 00 0b 00  ................
00005240: 0c 00 0e 00 0f 00 10 00 11 00 13 00 14 00 15 00  ................
00005250: 17 00 18 00 1a 00 1b 00 1d 00 1e 00 20 00 22 00  ............ .".
00005260: 23 00 25 00 27 00 28 00 2a 00 2c 00 2d 00 2f 00  #.%.'.(.*.,.-./.
00005270: 31 00 33 00 34 00 36 00 38 00 39 00 3b 00 3d 00  1.3.4.6.8.9.;.=.
00005280: 3e 00 40 00 42 00 43 00 45 00 47 00 48 00 4a 00  >.@.B.C.E.G.H.J.
00005290: 4b 00 4c 00 4e 00 4f 00 51 00 52 00 53 00 54 00  K.L.N.O.Q.R.S.T.
000052a0: 55 00 57 00 58 00 59 00 59 00 5a 00 5b 00 5c 00  U.W.X.Y.Y.Z.[.\.
000052b0: 5d 00 5d 00 5e 00 5e 00 5f 00 5f 00 5f 00 5f 00  ].].^.^._._._._.
000052c0: 60 00 60 00 60 00 60 00 60 00 5f 00 5f 00 5f 00  `.`.`.`.`._._._.
000052d0: 5f 00 5e 00 5e 00 5d 00 5d 00 5c 00 5c 00 5b 00  _.^.^.].].\.\.[.
000052e0: 5b 00 5a 00 59 00 58 00 58 00 57 00 56 00 55 00  [.Z.Y.X.X.W.V.U.
000052f0: 54 00 53 00 52 00 51 00 50 00 4f 00 4e 00 4d 00  T.S.R.Q.P.O.N.M.
00005300: 4c 00 4b 00 4a 00 48 00 47 00 46 00 45 00 44 00  L.K.J.H.G.F.E.D.
00005310: 42 00 41 00 40 00 3f 00 3d 00 a0 ff 9f ff 9d ff  B.A.@.?.=.......
00005320: 9c ff 9a ff 99 ff 98 ff 96 ff 95 ff 93 ff 92 ff  ................
00005330: 91 ff 90 ff 8e ff 8d ff 8c ff 8b ff 8a ff 89 ff  ................
00005340: 88 ff 87 ff 86 ff 86 ff 85 ff 84 ff 84 ff 83 ff  ................
00005350: 83 ff 82 ff 82 ff 82 ff 82 ff 82 ff 82 ff 82 ff  ................
00005360: 82 ff 82 ff 82 ff 83 ff 83 ff 83 ff 84 ff 84 ff  ................
00005370: 85 ff 85 ff 86 ff 87 ff 88 ff 88 ff 89 ff 8a ff  ................
00005380: 8b ff 8c ff 8d ff 8e ff 8f ff 90 ff 92 ff 93 ff  ................
00005390: 94 ff 95 ff 97 ff 98 ff 99 ff 9b ff 9c ff 9e ff  ................
000053a0: 9f ff a1 ff a2 ff a4 ff a5 ff a7 ff a9 ff aa ff  ................
000053b0: ac ff ad ff af ff b1 ff b3 ff b4 ff b6 ff b8 ff  ................
000053c0: ba ff bb ff bd ff bf ff c1 ff c2 ff c4 ff c6 ff  ................
000053d0: c8 ff ca ff cb ff cd ff cf ff d1 ff d2 ff d4 ff  ................
000053e0: d6 ff d8 ff d9 ff db ff dd ff df ff e0 ff e2 ff  ................
000053f0: e3 ff e5 ff e7 ff e8 ff ea ff eb ff ed ff ee ff  ................
00005400: f0 ff f1 ff f3 ff f4 ff f5 ff f7 ff f8 ff f9 ff  ................
00005410: fa ff fc ff fd ff fe ff ff ff 00 00 01 00 02 00  ................
00005420: 03 00 04 00 05 00 06 00 07 00 08 00 09 00 0a 00  ................
00005430: 0b 00 0d 00 0e 00 0f 00 10 00 12 00 13 00 14 00  ................
00005440: 16 00 17 00 19 00 1a 00 1b 00 1d 00 1e 00 20 00  .............. .
00005450: 21 00 23 00 25 00 26 00 28 00 29 00 2b 00 2c 00  !.#.%.&.(.).+.,.
00005460: 2e 00 30 00 31 00 33 00 34 00 36 00 38 00 39 00  ..0.1.3.4.6.8.9.
00005470: 3b 00 3c 00 3e 00 3f 00 41 00 42 00 44 00 45 00  ;.<.>.?.A.B.D.E.
00005480: 46 00 48 00 49 00 4b 00 4c 00 4d 00 4e 00 50 00  F.H.I.K.L.M.N.P.
00005490: 51 00 52 00 53 00 54 00 55 00 56 00 57 00 58 00  Q.R.S.T.U.V.W.X.
000054a0: 59 00 5a 00 5b 00 5b 00 5c 00 5d 00 5d 00 5e 00  Y.Z.[.[.\.].].^.
000054b0: 5e 00 5e 00 5f 00 5f 00 5f 00 5f 00 60 00 60 00  ^.^._._._._.`.`.
000054c0: 60 00 60 00 60 00 5f 00 5f 00 5f 00 5f 00 5e 00  `.`.`._._._._.^.
000054d0: 5e 00 5e 00 5d 00 5d 00 5c 00 5c 00 5b 00 5a 00  ^.^.].].\.\.[.Z.
000054e0: 5a 00 59 00 58 00 57 00 57 00 56 00 55 00 54 00  Z.Y.X.W.W.V.U.T.
000054f0: 53 00 52 00 51 00 50 00 4f 00 4e 00 4d 00 4c 00  S.R.Q.P.O.N.M.L.
00005500: 4b 00 4a 00 49 00 48 00 47 00 46 00 44 00 43 00  K.J.I.H.G.F.D.C.
00005510: 42 00 41 00 40 00 3f 00 3d 00 00 00 34 00 6c 00  B.A.@.?.=...4.l.
00005520: 80 00 90 00 cc 00 ff 00 00 00 00 00 00 00 00 00  ................
00005530: 00 00 00 00 00 00 00 00 00 00 00 00 18 00 76 00  ..............v.
00005540: 80 00 88 00 cc 00 ff 00 00 00 00 00 00 00 00 00  ................
00005550: 00 00 00 00 00 00 00 00 00 00 01 00 04 00 01 00  ................
00005560: 03 00 00 00 01 00 18 00 00 00 01 00 90 ff 8f ff  ................
00005570: 8e ff 8d ff 8c ff 8b ff 8a ff 89 ff 88 ff 87 ff  ................
00005580: 86 ff 85 ff 84 ff 83 ff 82 ff 81 ff 80 ff 7f ff  ................
00005590: 7f ff 7e ff 7d ff 7c ff 7c ff 7b ff 7a ff 7a ff  ..~.}.|.|.{.z.z.
000055a0: 79 ff 79 ff 79 ff 78 ff 78 ff 78 ff 78 ff 78 ff  y.y.y.x.x.x.x.x.
000055b0: 77 ff 77 ff 78 ff 78 ff 78 ff 78 ff 79 ff 79 ff  w.w.x.x.x.x.y.y.
000055c0: 79 ff 7a ff 7b ff 7b ff 7c ff 7d ff 7e ff 7f ff  y.z.{.{.|.}.~...
000055d0: 80 ff 82 ff 83 ff 84 ff 86 ff 87 ff 89 ff 8a ff  ................
000055e0: 8c ff 8d ff 8f ff 91 ff 93 ff 95 ff 96 ff 98 ff  ................
000055f0: 9a ff 9c ff 9e ff a0 ff a2 ff a4 ff a6 ff a8 ff  ................
00005600: aa ff ac ff ae ff b0 ff b2 ff b4 ff b6 ff b8 ff  ................
00005610: ba ff bc ff bd ff bf ff c1 ff c3 ff c4 ff c6 ff  ................
00005620: c8 ff c9 ff cb ff cd ff ce ff d0 ff d1 ff d3 ff  ................
00005630: d4 ff d6 ff d7 ff d9 ff da ff db ff dd ff de ff  ................
00005640: e0 ff e1 ff e3 ff e4 ff e5 ff e7 ff e8 ff ea ff  ................
00005650: eb ff ed ff ee ff ef ff f1 ff f2 ff f4 ff f6 ff  ................
00005660: f7 ff f9 ff fa ff fc ff fd ff ff ff 00 00 01 00  ................
00005670: 03 00 04 00 05 00 06 00 08 00 09 00 0a 00 0c 00  ................
00005680: 0d 00 0f 00 11 00 12 00 14 00 16 00 18 00 1a 00  ................
00005690: 1c 00 1e 00 20 00 23 00 25 00 27 00 29 00 2c 00  .... .#.%.'.).,.
000056a0: 2e 00 30 00 33 00 35 00 37 00 3a 00 3c 00 3f 00  ..0.3.5.7.:.<.?.
000056b0: 41 00 43 00 46 00 48 00 4a 00 4d 00 4f 00 51 00  A.C.F.H.J.M.O.Q.
000056c0: 54 00 56 00 58 00 5a 00 5d 00 5f 00 61 00 63 00  T.V.X.Z.]._.a.c.
000056d0: 65 00 67 00 69 00 6b 00 6d 00 6f 00 70 00 72 00  e.g.i.k.m.o.p.r.
000056e0: 74 00 75 00 77 00 78 00 7a 00 7b 00 7c 00 7e 00  t.u.w.x.z.{.|.~.
000056f0: 7f 00 80 00 81 00 82 00 83 00 84 00 84 00 85 00  ................
00005700: 85 00 86 00 86 00 86 00 87 00 87 00 87 00 87 00  ................
00005710: 87 00 86 00 86 00 86 00 85 00 85 00 84 00 84 00  ................
00005720: 83 00 82 00 81 00 81 00 80 00 7f 00 7e 00 7d 00  ............~.}.
00005730: 7b 00 7a 00 79 00 78 00 76 00 75 00 74 00 72 00  {.z.y.x.v.u.t.r.
00005740: 71 00 6f 00 6e 00 6c 00 6b 00 69 00 67 00 66 00  q.o.n.l.k.i.g.f.
00005750: 64 00 62 00 61 00 5f 00 5d 00 5b 00 59 00 58 00  d.b.a._.].[.Y.X.
00005760: 56 00 54 00 52 00 50 00 4e 00 4c 00 9c ff 9b ff  V.T.R.P.N.L.....
00005770: 9a ff 99 ff 98 ff 97 ff 96 ff 95 ff 94 ff 93 ff  ................
00005780: 92 ff 91 ff 90 ff 8f ff 8e ff 8d ff 8d ff 8c ff  ................
00005790: 8b ff 8a ff 89 ff 88 ff 88 ff 87 ff 86 ff 86 ff  ................
000057a0: 85 ff 84 ff 84 ff 83 ff 83 ff 82 ff 82 ff 82 ff  ................
000057b0: 81 ff 81 ff 81 ff 81 ff 81 ff 80 ff 80 ff 80 ff  ................
000057c0: 80 ff 81 ff 81 ff 81 ff 81 ff 82 ff 82 ff 82 ff  ................
000057d0: 83 ff 83 ff 84 ff 85 ff 86 ff 86 ff 87 ff 88 ff  ................
000057e0: 89 ff 8a ff 8b ff 8c ff 8e ff 8f ff 90 ff 91 ff  ................
000057f0: 93 ff 94 ff 96 ff 97 ff 99 ff 9a ff 9c ff 9d ff  ................
00005800: 9f ff a1 ff a2 ff a4 ff a6 ff a8 ff aa ff ab ff  ................
00005810: ad ff af ff b1 ff b3 ff b5 ff b7 ff b9 ff bb ff  ................
00005820: bd ff bf ff c1 ff c2 ff c4 ff c6 ff c8 ff ca ff  ................
00005830: cc ff ce ff d0 ff d2 ff d4 ff d6 ff d8 ff da ff  ................
00005840: dc ff de ff e0 ff e2 ff e4 ff e5 ff e7 ff e9 ff  ................
00005850: eb ff ec ff ee ff f0 ff f1 ff f3 ff f5 ff f6 ff  ................
00005860: f8 ff f9 ff fb ff fc ff fd ff ff ff 00 00 01 00  ................
00005870: 02 00 04 00 05 00 06 00 07 00 09 00 0a 00 0b 00  ................
00005880: 0c 00 0e 00 0f 00 11 00 12 00 14 00 15 00 17 00  ................
00005890: 18 00 1a 00 1b 00 1d 00 1f 00 21 00 22 00 24 00  ..........!.".$.
000058a0: 26 00 28 00 2a 00 2b 00 2d 00 2f 00 31 00 33 00  &.(.*.+.-./.1.3.
000058b0: 35 00 37 00 39 00 3b 00 3c 00 3e 00 40 00 42 00  5.7.9.;.<.>.@.B.
000058c0: 44 00 46 00 48 00 4a 00 4c 00 4d 00 4f 00 51 00  D.F.H.J.L.M.O.Q.
000058d0: 53 00 54 00 56 00 58 00 59 00 5b 00 5c 00 5e 00  S.T.V.X.Y.[.\.^.
000058e0: 5f 00 61 00 62 00 63 00 65 00 66 00 67 00 68 00  _.a.b.c.e.f.g.h.
000058f0: 69 00 6a 00 6b 00 6c 00 6d 00 6d 00 6e 00 6e 00  i.j.k.l.m.m.n.n.
00005900: 6f 00 6f 00 6f 00 70 00 70 00 70 00 70 00 70 00  o.o.o.p.p.p.p.p.
00005910: 6f 00 6f 00 6f 00 6f 00 6e 00 6e 00 6d 00 6c 00  o.o.o.o.n.n.m.l.
00005920: 6c 00 6b 00 6a 00 69 00 69 00 68 00 67 00 66 00  l.k.j.i.i.h.g.f.
00005930: 65 00 63 00 62 00 61 00 60 00 5f 00 5d 00 5c 00  e.c.b.a.`._.].\.
00005940: 5b 00 59 00 58 00 56 00 55 00 53 00 52 00 50 00  [.Y.X.V.U.S.R.P.
00005950: 4e 00 4d 00 4b 00 4a 00 48 00 46 00 45 00 43 00  N.M.K.J.H.F.E.C.
00005960: 41 00 3f 00 3e 00 3c 00 3a 00 38 00 00 00 2e 00  A.?.>.<.:.8.....
00005970: 54 00 78 00 80 00 86 00 9e 00 c8 00 ff 00 00 00  T.x.............
00005980: 00 00 00 00 00 00 00 00 00 00 00 00 00 00 32 00  ..............2.
00005990: 78 00 80 00 88 00 9e 00 c8 00 ff 00 00 00 00 00  x...............
000059a0: 00 00 00 00 00 00 00 00 00 00 00 00 01 00 04 00  ................
000059b0: 01 00 03 00 00 00 01 00 18 00 00 00 01 00 37 ff  ..............7.
000059c0: 37 ff 38 ff 38 ff 39 ff 39 ff 39 ff 3a ff 3a ff  7.8.8.9.9.9.:.:.
000059d0: 3b ff 3c ff 3c ff 3d ff 3d ff 3e ff 3f ff 40 ff  ;.<.<.=.=.>.?.@.
000059e0: 41 ff 42 ff 42 ff 44 ff 45 ff 46 ff 47 ff 48 ff  A.B.B.D.E.F.G.H.
000059f0: 4a ff 4b ff 4d ff 4e ff 50 ff 52 ff 54 ff 56 ff  J.K.M.N.P.R.T.V.
00005a00: 58 ff 5a ff 5c ff 5e ff 60 ff 62 ff 64 ff 67 ff  X.Z.\.^.`.b.d.g.
00005a10: 69 ff 6c ff 6e ff 71 ff 73 ff 76 ff 78 ff 7b ff  i.l.n.q.s.v.x.{.
00005a20: 7d ff 80 ff 83 ff 86 ff 88 ff 8b ff 8e ff 91 ff  }...............
00005a30: 93 ff 96 ff 99 ff 9c ff 9f ff a2 ff a4 ff a7 ff  ................
00005a40: aa ff ad ff af ff b2 ff b5 ff b8 ff ba ff bd ff  ................
00005a50: c0 ff c2 ff c5 ff c7 ff ca ff cc ff cf ff d1 ff  ................
00005a60: d3 ff d5 ff d8 ff da ff dc ff de ff e0 ff e2 ff  ................
00005a70: e4 ff e5 ff e7 ff e9 ff ea ff ec ff ed ff ee ff  ................
00005a80: f0 ff f1 ff f2 ff f3 ff f4 ff f5 ff f6 ff f7 ff  ................
00005a90: f7 ff f8 ff f9 ff f9 ff fa ff fb ff fb ff fc ff  ................
00005aa0: fc ff fc ff fd ff fd ff fe ff fe ff fe ff fe ff  ................
00005ab0: ff ff ff ff ff ff ff ff 00 00 00 00 00 00 00 00  ................
00005ac0: 00 00 00 00 00 00 00 00 01 00 01 00 01 00 01 00  ................
00005ad0: 01 00 01 00 02 00 02 00 02 00 02 00 02 00 03 00  ................
00005ae0: 03 00 04 00 04 00 04 00 05 00 05 00 06 00 07 00  ................
00005af0: 07 00 08 00 09 00 0a 00 0b 00 0c 00 0d 00 0e 00  ................
00005b00: 10 00 11 00 12 00 14 00 15 00 17 00 18 00 1a 00  ................
00005b10: 1b 00 1d 00 1f 00 21 00 23 00 24 00 26 00 28 00  ......!.#.$.&.(.
00005b20: 2a 00 2c 00 2e 00 30 00 32 00 34 00 36 00 38 00  *.,...0.2.4.6.8.
00005b30: 3b 00 3d 00 3f 00 41 00 43 00 45 00 47 00 4a 00  ;.=.?.A.C.E.G.J.
00005b40: 4c 00 4e 00 50 00 52 00 54 00 56 00 58 00 5a 00  L.N.P.R.T.V.X.Z.
00005b50: 5c 00 5e 00 60 00 62 00 64 00 66 00 68 00 6a 00  \.^.`.b.d.f.h.j.
00005b60: 6c 00 6d 00 6f 00 71 00 72 00 74 00 75 00 77 00  l.m.o.q.r.t.u.w.
00005b70: 78 00 7a 00 7b 00 7c 00 7e 00 7f 00 80 00 81 00  x.z.{.|.~.......
00005b80: 82 00 84 00 85 00 86 00 87 00 88 00 88 00 89 00  ................
00005b90: 8a 00 8b 00 8c 00 8c 00 8d 00 8e 00 8e 00 8f 00  ................
00005ba0: 90 00 90 00 91 00 91 00 92 00 92 00 93 00 93 00  ................
00005bb0: 94 00 94 00 95 00 95 00 95 00 96 00 96 00 9c ff  ................
00005bc0: 9c ff 9b ff 9b ff 9b ff 9a ff 9a ff 99 ff 99 ff  ................
00005bd0: 99 ff 98 ff 98 ff 97 ff 97 ff 96 ff 96 ff 96 ff  ................
00005be0: 95 ff 95 ff 94 ff 94 ff 93 ff 93 ff 92 ff 92 ff  ................
00005bf0: 91 ff 91 ff 90 ff 90 ff 8f ff 8f ff 8e ff 8e ff  ................
00005c00: 8d ff 8d ff 8c ff 8c ff 8b ff 8b ff 8a ff 89 ff  ................
00005c10: 89 ff 88 ff 88 ff 87 ff 86 ff 86 ff 85 ff 84 ff  ................
00005c20: 84 ff 83 ff 82 ff 81 ff 81 ff 80 ff 7f ff 7f ff  ................
00005c30: 7e ff 7d ff 7d ff 7c ff 7c ff 7b ff 7b ff 7a ff  ~.}.}.|.|.{.{.z.
00005c40: 7a ff 7a ff 7a ff 79 ff 79 ff 79 ff 79 ff 79 ff  z.z.z.y.y.y.y.y.
00005c50: 7a ff 7a ff 7a ff 7b ff 7b ff 7c ff 7d ff 7e ff  z.z.z.{.{.|.}.~.
00005c60: 7f ff 80 ff 81 ff 82 ff 84 ff 85 ff 87 ff 89 ff  ................
00005c70: 8b ff 8d ff 8f ff 92 ff 95 ff 97 ff 9a ff 9d ff  ................
00005c80: a1 ff a4 ff a8 ff ac ff b0 ff b4 ff b8 ff bc ff  ................
00005c90: c0 ff c4 ff c9 ff cd ff d1 ff d5 ff d9 ff dd ff  ................
00005ca0: e1 ff e4 ff e8 ff eb ff ed ff f0 ff f2 ff f4 ff  ................
00005cb0: f6 ff f8 ff f9 ff fb ff fc ff fd ff ff ff 00 00  ................
00005cc0: 01 00 03 00 05 00 06 00 08 00 0a 00 0c 00 0d 00  ................
00005cd0: 0f 00 11 00 13 00 15 00 16 00 18 00 1a 00 1c 00  ................
00005ce0: 1e 00 1f 00 21 00 23 00 25 00 27 00 29 00 2a 00  ....!.#.%.'.).*.
00005cf0: 2c 00 2e 00 30 00 31 00 33 00 35 00 37 00 38 00  ,...0.1.3.5.7.8.
00005d00: 3a 00 3c 00 3e 00 3f 00 41 00 43 00 44 00 46 00  :.<.>.?.A.C.D.F.
00005d10: 47 00 49 00 4a 00 4c 00 4d 00 4f 00 50 00 52 00  G.I.J.L.M.O.P.R.
00005d20: 53 00 55 00 56 00 57 00 58 00 5a 00 5b 00 5c 00  S.U.V.W.X.Z.[.\.
00005d30: 5d 00 5e 00 60 00 61 00 62 00 63 00 64 00 65 00  ].^.`.a.b.c.d.e.
00005d40: 65 00 66 00 67 00 68 00 69 00 69 00 6a 00 6b 00  e.f.g.h.i.i.j.k.
00005d50: 6b 00 6c 00 6c 00 6c 00 6d 00 6d 00 6d 00 6e 00  k.l.l.l.m.m.m.n.
00005d60: 6e 00 6e 00 6e 00 6e 00 6e 00 6e 00 6e 00 6e 00  n.n.n.n.n.n.n.n.
00005d70: 6e 00 6d 00 6d 00 6d 00 6d 00 6c 00 6c 00 6b 00  n.m.m.m.m.l.l.k.
00005d80: 6b 00 6b 00 6a 00 69 00 69 00 68 00 68 00 67 00  k.k.j.i.i.h.h.g.
00005d90: 66 00 66 00 65 00 64 00 64 00 63 00 62 00 61 00  f.f.e.d.d.c.b.a.
00005da0: 60 00 60 00 5f 00 5e 00 5d 00 5c 00 5b 00 5a 00  `.`._.^.].\.[.Z.
00005db0: 5a 00 59 00 58 00 57 00 56 00 55 00 54 00 00 00  Z.Y.X.W.V.U.T...
00005dc0: 18 00 2e 00 5c 00 6c 00 80 00 9c 00 d2 00 e8 00  ....\.l.........
00005dd0: ff 00 00 00 00 00 00 00 00 00 00 00 00 00 00 00  ................
00005de0: 30 00 62 00 76 00 80 00 88 00 ce 00 ff 00 00 00  0.b.v...........
00005df0: 00 00 00 00 00 00 00 00 00 00 00 00 00 00 01 00  ................
00005e00: 04 00 01 00 03 00 02 00 01 00 18 00 00 00 01 00  ................
00005e10: 43 ff 43 ff 43 ff 42 ff 42 ff 42 ff 42 ff 42 ff  C.C.C.B.B.B.B.B.
00005e20: 42 ff 42 ff 43 ff 43 ff 44 ff 44 ff 45 ff 46 ff  B.B.C.C.D.D.E.F.
00005e30: 47 ff 49 ff 4a ff 4c ff 4e ff 50 ff 53 ff 55 ff  G.I.J.L.N.P.S.U.
00005e40: 58 ff 5c ff 5f ff 63 ff 67 ff 6b ff 6f ff 74 ff  X.\._.c.g.k.o.t.
00005e50: 78 ff 7d ff 82 ff 87 ff 8c ff 91 ff 95 ff 9a ff  x.}.............
00005e60: 9f ff a4 ff a8 ff ad ff b1 ff b6 ff ba ff be ff  ................
00005e70: c2 ff c6 ff c9 ff cc ff d0 ff d3 ff d5 ff d8 ff  ................
00005e80: da ff dd ff df ff e1 ff e3 ff e5 ff e7 ff e8 ff  ................
00005e90: ea ff eb ff ed ff ee ff ef ff f0 ff f1 ff f2 ff  ................
00005ea0: f3 ff f4 ff f5 ff f6 ff f7 ff f8 ff f8 ff f9 ff  ................
00005eb0: f9 ff fa ff fa ff fb ff fb ff fc ff fc ff fc ff  ................
00005ec0: fd ff fd ff fd ff fe ff fe ff fe ff fe ff ff ff  ................
00005ed0: ff ff ff ff ff ff ff ff ff ff ff ff 00 00 00 00  ................
00005ee0: 00 00 00 00 00 00 00 00 00 00 00 00 00 00 00 00  ................
00005ef0: 00 00 00 00 00 00 00 00 00 00 00 00 00 00 00 00  ................
00005f00: 00 00 00 00 00 00 00 00 00 00 00 00 00 00 00 00  ................
00005f10: 00 00 00 00 00 00 00 00 00 00 00 00 00 00 00 00  ................
00005f20: 00 00 00 00 00 00 00 00 00 00 00 00 00 00 00 00  ................
00005f30: 00 00 00 00 00 00 00 00 01 00 01 00 01 00 01 00  ................
00005f40: 01 00 01 00 02 00 02 00 02 00 02 00 03 00 03 00  ................
00005f50: 03 00 04 00 04 00 05 00 05 00 05 00 06 00 06 00  ................
00005f60: 07 00 08 00 08 00 09 00 0a 00 0a 00 0b 00 0c 00  ................
00005f70: 0d 00 0e 00 0e 00 0f 00 10 00 12 00 13 00 14 00  ................
00005f80: 15 00 16 00 18 00 19 00 1b 00 1c 00 1e 00 1f 00  ................
00005f90: 21 00 23 00 25 00 27 00 29 00 2b 00 2d 00 2f 00  !.#.%.'.).+.-./.
00005fa0: 31 00 33 00 35 00 38 00 3a 00 3c 00 3f 00 41 00  1.3.5.8.:.<.?.A.
00005fb0: 44 00 46 00 49 00 4b 00 4e 00 50 00 53 00 56 00  D.F.I.K.N.P.S.V.
00005fc0: 58 00 5b 00 5e 00 60 00 63 00 66 00 68 00 6b 00  X.[.^.`.c.f.h.k.
00005fd0: 6e 00 70 00 73 00 75 00 77 00 7a 00 7c 00 7e 00  n.p.s.u.w.z.|.~.
00005fe0: 80 00 82 00 83 00 85 00 87 00 88 00 89 00 8b 00  ................
00005ff0: 8c 00 8d 00 8e 00 8f 00 90 00 90 00 91 00 92 00  ................
00006000: 92 00 93 00 94 00 94 00 95 00 95 00 96 00 96 00  ................
00006010: a8 ff a7 ff a7 ff a6 ff a5 ff a5 ff a4 ff a3 ff  ................
00006020: a3 ff a2 ff a1 ff a1 ff a0 ff 9f ff 9f ff 9e ff  ................
00006030: 9e ff 9d ff 9d ff 9c ff 9b ff 9b ff 9b ff 9a ff  ................
00006040: 9a ff 99 ff 99 ff 98 ff 98 ff 98 ff 98 ff 97 ff  ................
00006050: 97 ff 97 ff 97 ff 97 ff 97 ff 97 ff 97 ff 97 ff  ................
00006060: 97 ff 97 ff 97 ff 97 ff 97 ff 98 ff 98 ff 98 ff  ................
00006070: 99 ff 99 ff 9a ff 9a ff 9b ff 9b ff 9c ff 9d ff  ................
00006080: 9e ff 9f ff a0 ff a1 ff a2 ff a3 ff a4 ff a5 ff  ................
00006090: a6 ff a7 ff a8 ff aa ff ab ff ac ff ae ff af ff  ................
000060a0: b1 ff b2 ff b4 ff b5 ff b7 ff b8 ff ba ff bb ff  ................
000060b0: bd ff bf ff c0 ff c2 ff c4 ff c5 ff c7 ff c9 ff  ................
000060c0: ca ff cc ff ce ff cf ff d1 ff d3 ff d4 ff d6 ff  ................
000060d0: d8 ff d9 ff db ff dd ff de ff e0 ff e2 ff e3 ff  ................
000060e0: e5 ff e6 ff e8 ff e9 ff eb ff ec ff ee ff ef ff  ................
000060f0: f0 ff f2 ff f3 ff f4 ff f5 ff f7 ff f8 ff f9 ff  ................
00006100: fa ff fb ff fc ff fd ff fe ff ff ff 00 00 00 00  ................
00006110: 01 00 02 00 03 00 04 00 05 00 05 00 06 00 07 00  ................
00006120: 08 00 08 00 09 00 0a 00 0b 00 0c 00 0d 00 0e 00  ................
00006130: 0f 00 10 00 11 00 12 00 13 00 14 00 15 00 16 00  ................
00006140: 17 00 18 00 19 00 1b 00 1c 00 1d 00 1e 00 1f 00  ................
00006150: 20 00 22 00 23 00 24 00 25 00 26 00 28 00 29 00   .".#.$.%.&.(.).
00006160: 2a 00 2b 00 2c 00 2e 00 2f 00 30 00 31 00 32 00  *.+.,.../.0.1.2.
00006170: 33 00 34 00 36 00 37 00 38 00 39 00 3a 00 3b 00  3.4.6.7.8.9.:.;.
00006180: 3c 00 3d 00 3e 00 3f 00 40 00 41 00 42 00 43 00  <.=.>.?.@.A.B.C.
00006190: 44 00 44 00 45 00 46 00 47 00 48 00 48 00 49 00  D.D.E.F.G.H.H.I.
000061a0: 4a 00 4a 00 4b 00 4b 00 4c 00 4c 00 4d 00 4d 00  J.J.K.K.L.L.M.M.
000061b0: 4e 00 4e 00 4e 00 4e 00 4f 00 4f 00 4f 00 4f 00  N.N.N.N.O.O.O.O.
000061c0: 4f 00 4f 00 4f 00 50 00 50 00 50 00 4f 00 4f 00  O.O.O.P.P.P.O.O.
000061d0: 4f 00 4f 00 4f 00 4f 00 4f 00 4f 00 4e 00 4e 00  O.O.O.O.O.O.N.N.
000061e0: 4e 00 4e 00 4d 00 4d 00 4d 00 4d 00 4c 00 4c 00  N.N.M.M.M.M.L.L.
000061f0: 4c 00 4b 00 4b 00 4a 00 4a 00 4a 00 49 00 49 00  L.K.K.J.J.J.I.I.
00006200: 48 00 48 00 48 00 47 00 47 00 46 00 46 00 45 00  H.H.H.G.G.F.F.E.
00006210: 00 00 18 00 24 00 30 00 40 00 5a 00 80 00 a6 00  ....$.0.@.Z.....
00006220: bc 00 d6 00 e8 00 ff 00 00 00 00 00 00 00 00 00  ................
00006230: 00 00 36 00 74 00 80 00 8a 00 cc 00 ff 00 00 00  ..6.t...........
00006240: 00 00 00 00 00 00 00 00 00 00 00 00 00 00 00 00  ................
00006250: 01 00 04 00 01 00 03 00 02 00 01 00 18 00 00 00  ................
00006260: 01 00 b8 ff b8 ff b8 ff b8 ff b8 ff b6 ff b4 ff  ................
00006270: b2 ff b0 ff ae ff ad ff ab ff a9 ff a7 ff a5 ff  ................
00006280: a3 ff a2 ff a0 ff 9e ff 9c ff 9b ff 99 ff 97 ff  ................
00006290: 96 ff 94 ff 93 ff 92 ff 90 ff 8f ff 8e ff 8d ff  ................
000062a0: 8c ff 8b ff 8a ff 89 ff 88 ff 87 ff 86 ff 86 ff  ................
000062b0: 85 ff 85 ff 85 ff 84 ff 84 ff 84 ff 84 ff 84 ff  ................
000062c0: 85 ff 85 ff 85 ff 86 ff 86 ff 87 ff 88 ff 88 ff  ................
000062d0: 89 ff 8a ff 8b ff 8c ff 8d ff 8f ff 90 ff 91 ff  ................
000062e0: 93 ff 94 ff 96 ff 97 ff 99 ff 9a ff 9c ff 9e ff  ................
000062f0: 9f ff a1 ff a3 ff a5 ff a7 ff a9 ff aa ff ac ff  ................
00006300: ae ff b0 ff b2 ff b4 ff b6 ff b8 ff bb ff bd ff  ................
00006310: bf ff c1 ff c3 ff c5 ff c7 ff c9 ff cb ff cd ff  ................
00006320: cf ff d1 ff d3 ff d5 ff d7 ff d9 ff db ff dd ff  ................
00006330: df ff e0 ff e2 ff e4 ff e6 ff e7 ff e9 ff eb ff  ................
00006340: ec ff ee ff ef ff f0 ff f2 ff f3 ff f4 ff f5 ff  ................
00006350: f7 ff f8 ff f9 ff fa ff fb ff fc ff fd ff fe ff  ................
00006360: ff ff ff ff 00 00 01 00 02 00 03 00 04 00 05 00  ................
00006370: 06 00 06 00 07 00 08 00 09 00 0a 00 0b 00 0c 00  ................
00006380: 0d 00 0e 00 0f 00 10 00 11 00 12 00 13 00 15 00  ................
00006390: 16 00 17 00 18 00 19 00 1b 00 1c 00 1d 00 1e 00  ................
000063a0: 20 00 21 00 22 00 23 00 25 00 26 00 27 00 28 00   .!.".#.%.&.'.(.
000063b0: 2a 00 2b 00 2c 00 2d 00 2f 00 30 00 31 00 32 00  *.+.,.-./.0.1.2.
000063c0: 34 00 35 00 36 00 37 00 38 00 3a 00 3b 00 3c 00  4.5.6.7.8.:.;.<.
000063d0: 3d 00 3e 00 3f 00 40 00 41 00 42 00 43 00 44 00  =.>.?.@.A.B.C.D.
000063e0: 45 00 46 00 47 00 47 00 48 00 49 00 4a 00 4a 00  E.F.G.G.H.I.J.J.
000063f0: 4b 00 4b 00 4c 00 4d 00 4d 00 4d 00 4e 00 4e 00  K.K.L.M.M.M.N.N.
00006400: 4f 00 4f 00 4f 00 4f 00 4f 00 4f 00 50 00 50 00  O.O.O.O.O.O.P.P.
00006410: 50 00 50 00 50 00 4f 00 4f 00 4f 00 4f 00 4f 00  P.P.P.O.O.O.O.O.
00006420: 4f 00 4e 00 4e 00 4e 00 4d 00 4d 00 4d 00 4c 00  O.N.N.N.M.M.M.L.
00006430: 4c 00 4b 00 4b 00 4a 00 4a 00 49 00 49 00 48 00  L.K.K.J.J.I.I.H.
00006440: 48 00 47 00 47 00 46 00 45 00 45 00 44 00 43 00  H.G.G.F.E.E.D.C.
00006450: 43 00 42 00 41 00 41 00 40 00 3f 00 3f 00 3e 00  C.B.A.A.@.?.?.>.
00006460: 3d 00 8a ff 89 ff 88 ff 88 ff 87 ff 86 ff 86 ff  =...............
00006470: 85 ff 85 ff 84 ff 83 ff 83 ff 82 ff 82 ff 81 ff  ................
00006480: 81 ff 80 ff 80 ff 7f ff 7f ff 7f ff 7e ff 7e ff  ............~.~.
00006490: 7e ff 7e ff 7d ff 7d ff 7d ff 7d ff 7d ff 7d ff  ~.~.}.}.}.}.}.}.
000064a0: 7d ff 7d ff 7d ff 7d ff 7d ff 7e ff 7e ff 7e ff  }.}.}.}.}.~.~.~.
000064b0: 7f ff 7f ff 80 ff 80 ff 81 ff 81 ff 82 ff 83 ff  ................
000064c0: 84 ff 85 ff 86 ff 87 ff 88 ff 89 ff 8a ff 8b ff  ................
000064d0: 8d ff 8e ff 90 ff 91 ff 93 ff 94 ff 96 ff 97 ff  ................
000064e0: 99 ff 9b ff 9c ff 9e ff a0 ff a2 ff a3 ff a5 ff  ................
000064f0: a7 ff a9 ff ab ff ad ff af ff b1 ff b3 ff b5 ff  ................
00006500: b7 ff b9 ff bb ff bd ff bf ff c1 ff c3 ff c5 ff  ................
00006510: c7 ff c9 ff cb ff cd ff ce ff d0 ff d2 ff d4 ff  ................
00006520: d6 ff d8 ff da ff dc ff dd ff df ff e1 ff e2 ff  ................
00006530: e4 ff e6 ff e7 ff e9 ff ea ff ec ff ed ff ee ff  ................
00006540: f0 ff f1 ff f2 ff f3 ff f4 ff f5 ff f6 ff f7 ff  ................
00006550: f8 ff f9 ff fa ff fb ff fc ff fc ff fd ff fe ff  ................
00006560: ff ff ff ff 00 00 01 00 02 00 03 00 04 00 05 00  ................
00006570: 06 00 06 00 07 00 08 00 09 00 0a 00 0c 00 0d 00  ................
00006580: 0e 00 0f 00 10 00 11 00 12 00 13 00 15 00 16 00  ................
00006590: 17 00 18 00 1a 00 1b 00 1c 00 1e 00 1f 00 20 00  .............. .
000065a0: 22 00 23 00 24 00 26 00 27 00 28 00 2a 00 2b 00  ".#.$.&.'.(.*.+.
000065b0: 2c 00 2e 00 2f 00 30 00 32 00 33 00 34 00 35 00  ,.../.0.2.3.4.5.
000065c0: 37 00 38 00 39 00 3a 00 3c 00 3d 00 3e 00 3f 00  7.8.9.:.<.=.>.?.
000065d0: 40 00 42 00 43 00 44 00 45 00 46 00 47 00 48 00  @.B.C.D.E.F.G.H.
000065e0: 49 00 4a 00 4b 00 4b 00 4c 00 4d 00 4e 00 4f 00  I.J.K.K.L.M.N.O.
000065f0: 4f 00 50 00 51 00 51 00 52 00 52 00 53 00 53 00  O.P.Q.Q.R.R.S.S.
00006600: 53 00 54 00 54 00 54 00 55 00 55 00 55 00 55 00  S.T.T.T.U.U.U.U.
00006610: 55 00 55 00 55 00 55 00 55 00 55 00 55 00 55 00  U.U.U.U.U.U.U.U.
00006620: 55 00 55 00 55 00 55 00 54 00 54 00 54 00 54 00  U.U.U.U.T.T.T.T.
00006630: 53 00 53 00 53 00 52 00 52 00 52 00 51 00 51 00  S.S.S.R.R.R.Q.Q.
00006640: 50 00 50 00 50 00 4f 00 4f 00 4e 00 4e 00 4d 00  P.P.P.O.O.N.N.M.
00006650: 4d 00 4c 00 4c 00 4b 00 4b 00 4a 00 4a 00 49 00  M.L.L.K.K.J.J.I.
00006660: 49 00 04 00 2a 00 72 00 80 00 8e 00 ca 00 ff 00  I...*.r.........
00006670: 00 00 00 00 00 00 00 00 00 00 00 00 00 00 00 00  ................
00006680: 00 00 00 00 2e 00 72 00 80 00 8e 00 ca 00 fe 00  ......r.........
00006690: ff 00 00 00 00 00 00 00 00 00 00 00 00 00 00 00  ................
000066a0: 00 00 01 00 04 00 01 00 05 00 02 00 01 00 18 00  ................
000066b0: 00 00 01 00 b0 ff b0 ff af ff af ff af ff ae ff  ................
000066c0: ae ff ad ff ad ff ad ff ac ff ac ff ab ff ab ff  ................
000066d0: ab ff aa ff aa ff a9 ff a9 ff a9 ff a8 ff a8 ff  ................
000066e0: a8 ff a7 ff a7 ff a6 ff a6 ff a6 ff a5 ff a5 ff  ................
000066f0: a5 ff a4 ff a4 ff a4 ff a4 ff a3 ff a3 ff a3 ff  ................
00006700: a3 ff a2 ff a2 ff a2 ff a2 ff a2 ff a2 ff a2 ff  ................
00006710: a2 ff a2 ff a2 ff a3 ff a3 ff a3 ff a3 ff a4 ff  ................
00006720: a4 ff a5 ff a5 ff a6 ff a6 ff a7 ff a8 ff a9 ff  ................
00006730: a9 ff aa ff ab ff ac ff ad ff af ff b0 ff b1 ff  ................
00006740: b3 ff b4 ff b6 ff b7 ff b9 ff ba ff bc ff be ff  ................
00006750: c0 ff c1 ff c3 ff c5 ff c7 ff c9 ff cb ff cd ff  ................
00006760: ce ff d0 ff d2 ff d4 ff d6 ff d8 ff da ff dc ff  ................
00006770: de ff df ff e1 ff e3 ff e5 ff e6 ff e8 ff ea ff  ................
00006780: eb ff ed ff ee ff f0 ff f1 ff f3 ff f4 ff f5 ff  ................
00006790: f6 ff f7 ff f8 ff f9 ff fa ff fa ff fb ff fc ff  ................
000067a0: fc ff fd ff fd ff fe ff fe ff fe ff ff ff ff ff  ................
000067b0: ff ff 00 00 00 00 00 00 01 00 01 00 01 00 02 00  ................
000067c0: 02 00 03 00 03 00 04 00 04 00 05 00 05 00 06 00  ................
000067d0: 07 00 07 00 08 00 09 00 0a 00 0b 00 0b 00 0c 00  ................
000067e0: 0d 00 0f 00 10 00 11 00 12 00 13 00 14 00 16 00  ................
000067f0: 17 00 18 00 19 00 1b 00 1c 00 1d 00 1f 00 20 00  .............. .
00006800: 22 00 23 00 24 00 26 00 27 00 29 00 2a 00 2b 00  ".#.$.&.'.).*.+.
00006810: 2d 00 2e 00 2f 00 31 00 32 00 33 00 35 00 36 00  -.../.1.2.3.5.6.
00006820: 37 00 38 00 3a 00 3b 00 3c 00 3d 00 3e 00 3f 00  7.8.:.;.<.=.>.?.
00006830: 40 00 41 00 42 00 43 00 43 00 44 00 45 00 45 00  @.A.B.C.C.D.E.E.
00006840: 46 00 47 00 47 00 48 00 48 00 49 00 49 00 4a 00  F.G.G.H.H.I.I.J.
00006850: 4a 00 4a 00 4a 00 4b 00 4b 00 4b 00 4b 00 4b 00  J.J.J.K.K.K.K.K.
00006860: 4b 00 4b 00 4c 00 4c 00 4b 00 4b 00 4b 00 4b 00  K.K.L.L.K.K.K.K.
00006870: 4b 00 4b 00 4b 00 4a 00 4a 00 4a 00 49 00 49 00  K.K.K.J.J.J.I.I.
00006880: 49 00 48 00 48 00 48 00 47 00 47 00 46 00 46 00  I.H.H.H.G.G.F.F.
00006890: 45 00 44 00 44 00 43 00 43 00 42 00 41 00 41 00  E.D.D.C.C.B.A.A.
000068a0: 40 00 3f 00 3f 00 3e 00 3d 00 3c 00 3c 00 3b 00  @.?.?.>.=.<.<.;.
000068b0: 3a 00 39 00 a0 ff a0 ff a0 ff a0 ff a0 ff a0 ff  :.9.............
000068c0: 9f ff 9f ff 9f ff 9f ff 9f ff 9f ff 9f ff 9f ff  ................
000068d0: 9f ff 9f ff 9f ff 9f ff 9f ff 9f ff 9f ff 9f ff  ................
000068e0: 9f ff 9f ff 9f ff 9f ff 9f ff 9f ff a0 ff a0 ff  ................
000068f0: a0 ff a0 ff a1 ff a1 ff a1 ff a2 ff a2 ff a3 ff  ................
00006900: a3 ff a4 ff a4 ff a5 ff a5 ff a6 ff a7 ff a8 ff  ................
00006910: a8 ff a9 ff aa ff ab ff ac ff ad ff ae ff af ff  ................
00006920: b0 ff b1 ff b3 ff b4 ff b5 ff b7 ff b8 ff b9 ff  ................
00006930: bb ff bc ff be ff bf ff c1 ff c2 ff c4 ff c6 ff  ................
00006940: c7 ff c9 ff cb ff cc ff ce ff d0 ff d1 ff d3 ff  ................
00006950: d5 ff d6 ff d8 ff da ff db ff dd ff df ff e0 ff  ................
00006960: e2 ff e4 ff e5 ff e7 ff e8 ff ea ff eb ff ec ff  ................
00006970: ee ff ef ff f0 ff f2 ff f3 ff f4 ff f5 ff f6 ff  ................
00006980: f7 ff f8 ff f9 ff fa ff fb ff fb ff fc ff fd ff  ................
00006990: fd ff fe ff fe ff fe ff ff ff ff ff ff ff ff ff  ................
000069a0: ff ff ff ff 00 00 00 00 00 00 00 00 00 00 00 00  ................
000069b0: 00 00 00 00 00 00 00 00 00 00 00 00 00 00 01 00  ................
000069c0: 01 00 01 00 01 00 02 00 02 00 02 00 03 00 03 00  ................
000069d0: 04 00 04 00 05 00 06 00 06 00 07 00 08 00 09 00  ................
000069e0: 0a 00 0b 00 0c 00 0d 00 0e 00 10 00 11 00 12 00  ................
000069f0: 14 00 15 00 17 00 18 00 1a 00 1b 00 1d 00 1f 00  ................
00006a00: 20 00 22 00 24 00 25 00 27 00 29 00 2b 00 2c 00   .".$.%.'.).+.,.
00006a10: 2e 00 30 00 31 00 33 00 35 00 37 00 38 00 3a 00  ..0.1.3.5.7.8.:.
00006a20: 3c 00 3d 00 3f 00 40 00 42 00 44 00 45 00 46 00  <.=.?.@.B.D.E.F.
00006a30: 48 00 49 00 4b 00 4c 00 4d 00 4e 00 4f 00 51 00  H.I.K.L.M.N.O.Q.
00006a40: 52 00 53 00 54 00 55 00 56 00 56 00 57 00 58 00  R.S.T.U.V.V.W.X.
00006a50: 59 00 5a 00 5a 00 5b 00 5c 00 5c 00 5d 00 5e 00  Y.Z.Z.[.\.\.].^.
00006a60: 5e 00 5f 00 5f 00 60 00 60 00 61 00 61 00 61 00  ^._._.`.`.a.a.a.
00006a70: 62 00 62 00 62 00 63 00 63 00 63 00 63 00 64 00  b.b.b.c.c.c.c.d.
00006a80: 64 00 64 00 64 00 64 00 64 00 65 00 65 00 65 00  d.d.d.d.d.e.e.e.
00006a90: 65 00 65 00 65 00 65 00 65 00 65 00 65 00 65 00  e.e.e.e.e.e.e.e.
00006aa0: 65 00 65 00 65 00 65 00 65 00 65 00 65 00 65 00  e.e.e.e.e.e.e.e.
00006ab0: 65 00 65 00 00 00 18 00 42 00 70 00 80 00 90 00  e.e.....B.p.....
00006ac0: be 00 f0 00 ff 00 00 00 00 00 00 00 00 00 00 00  ................
00006ad0: 00 00 00 00 00 00 36 00 6c 00 80 00 94 00 be 00  ......6.l.......
00006ae0: ff 00 00 00 00 00 00 00 00 00 00 00 00 00 00 00  ................
00006af0: 00 00 00 00 04 00 02 00 01 00 fe ff ff ff 00 00  ................
00006b00: 08 00 ff ff ff ff 40 00 28 00 1e 00 0a 00 b4 00  ......@.(.......
00006b10: 32 00 0c 00 ce 00 01 00 01 00 00 00 10 00 00 02  2...............
00006b20: ff 03 00 00 00 00 40 00 40 00 40 00 01 00 00 00  ......@.@.@.....
00006b30: 10 00 00 02 ff 03 00 00 00 00 40 00 4c 00 40 00  ..........@.L.@.
00006b40: 01 00 00 00 10 00 00 02 ff 03 00 00 00 00 40 00  ..............@.
00006b50: 4a 00 40 00 01 00 00 00 10 00 00 02 ff 03 00 00  J.@.............
00006b60: 00 00 3a 00 44 00 3a 00 01 00 00 00 10 00 00 02  ..:.D.:.........
00006b70: ff 03 00 00 00 00 36 00 44 00 36 00 01 00 00 00  ......6.D.6.....
00006b80: 10 00 00 02 ff 03 00 00 00 00 32 00 40 00 32 00  ..........2.@.2.
00006b90: 01 00 00 00 10 00 00 02 ff 03 00 00 00 00 30 00  ..............0.
00006ba0: 3a 00 30 00 01 00 00 00 10 00 00 02 ff 03 00 00  :.0.............
00006bb0: 00 00 2d 00 37 00 2d 00 01 00 00 00 10 00 00 02  ..-.7.-.........
00006bc0: ff 03 00 00 00 00 37 00 37 00 37 00 01 00 00 00  ......7.7.7.....
00006bd0: f0 00 00 02 ff 03 00 00 00 00 32 00 40 00 40 00  ..........2.@.@.
00006be0: 0d 00 40 00 01 00 40 00 00 00 08 00 01 00 20 00  ..@...@....... .
00006bf0: 10 00 01 00 20 00 08 00 01 00 20 00 08 00 01 00  .... ..... .....
00006c00: 20 00 08 00 01 00 20 00 08 00 01 00 20 00 0c 00   ..... ..... ...
00006c10: 01 00 20 00 04 00 01 00 10 00 04 00 01 00 20 00  .. ........... .
00006c20: 0e 00 06 00 00 00 0f 00 0e 00 48 00 fb ff 40 00  ..........H...@.
00006c30: 00 00 01 00 10 00 5c 10 01 00 00 00 78 00 01 00  ......\.....x...
00006c40: 01 00 00 00 32 00 00 00 00 00 01 00 1e 00 01 00  ....2...........
00006c50: 01 00 01 00 0a 00 01 00 01 00 01 00 14 00 01 00  ................
00006c60: 01 00 01 00 14 00 01 00 01 00 01 00 32 00 01 00  ............2...
00006c70: 01 00 01 00 14 00 01 00 01 00 01 00 48 00 01 00  ............H...
00006c80: 01 00 01 00 48 00 01 00 01 00 00 00 00 00 00 00  ....H...........
00006c90: 00 00 00 00 00 00 00 00 00 00 00 00 00 00 00 00  ................
00006ca0: 00 00 00 00 00 00 00 00 00 00 00 00 00 00 00 00  ................
00006cb0: 00 00 00 00 00 00 00 00 00 00 00 00 00 00 00 00  ................
00006cc0: 00 00 00 00 00 00 00 00 00 00 00 00 00 00 00 00  ................
00006cd0: 00 00 00 00 00 00 00 00 00 00 00 00 00 00 00 00  ................
00006ce0: 00 00 00 00 00 00 00 00 00 00 00 00 00 00 00 00  ................
00006cf0: 00 00 00 00 00 00 00 00 00 00 00 00 00 00 00 00  ................
00006d00: 00 00 00 00 00 00 00 00 00 00 00 00 00 00 00 00  ................
00006d10: 00 00 00 00 00 00 00 00 00 00 00 00 00 00 00 00  ................
00006d20: 00 00 00 00 00 00 00 00 00 00 00 00 00 00 00 00  ................
00006d30: 00 00 00 00 00 00 00 00 00 00 00 00 00 00 00 00  ................
00006d40: 00 00 00 00 00 00 00 00 00 00 00 00 00 00 00 00  ................
00006d50: 00 00 00 00 00 00 00 00 00 00 00 00 00 00 00 00  ................
00006d60: 00 00 00 00 00 00 00 00 00 00 00 00 00 00 00 00  ................
00006d70: 00 00 00 00 00 00 00 00 00 00 00 00 00 00 00 00  ................
00006d80: 00 00 00 00 00 00 00 00 00 00 00 00 00 00 00 00  ................
00006d90: 00 00 00 00 00 00 00 00 00 00 00 00 00 00 00 00  ................
00006da0: 00 00 00 00 00 00 00 00 00 00 00 00 00 00 00 00  ................
00006db0: 00 00 00 00 00 00 00 00 00 00 00 00 00 00 00 00  ................
00006dc0: 00 00 00 00 00 00 00 00 00 00 00 00 00 00 00 00  ................
00006dd0: 00 00 00 00 00 00 00 00 00 00 00 00 00 00 00 00  ................
00006de0: 00 00 00 00 00 00 00 00 00 00 00 00 00 00 00 00  ................
00006df0: 00 00 00 00 00 00 00 00 00 00 00 00 00 00 00 00  ................
00006e00: 00 00 00 00 00 00 00 00 00 00 00 00 00 00 00 00  ................
00006e10: 00 00 00 00 00 00 00 00 00 00 00 00 00 00 00 00  ................
00006e20: 00 00 00 00 00 00 00 00 00 00 00 00 00 00 00 00  ................
00006e30: 00 00 00 00 00 00 00 00 00 00 00 00 00 00 00 00  ................
00006e40: 00 00 00 00 00 00 00 00 00 00 00 00 00 00 00 00  ................
00006e50: 00 00 00 00 00 00 00 00 00 00 00 00 00 00 00 00  ................
00006e60: 00 00 00 00 00 00 00 00 00 00 00 00 00 00 00 00  ................
00006e70: 00 00 00 00 00 00 00 00 00 00 00 00 00 00 00 00  ................
00006e80: 00 00 00 00 00 00 00 00 00 00 00 00 00 00 00 00  ................
00006e90: 00 00 00 00 00 00 00 00 00 00 00 00 00 00 00 00  ................
00006ea0: 00 00 00 00 00 00 00 00 00 00 00 00 00 00 00 00  ................
00006eb0: 00 00 00 00 00 00 00 00 00 00 00 00 00 00 00 00  ................
00006ec0: 00 00 00 00 00 00 00 00 00 00 00 00 00 00 00 00  ................
00006ed0: 00 00 00 00 00 00 00 00 00 00 00 00 00 00 00 00  ................
00006ee0: 00 00 00 00 00 00 00 00 00 00 00 00 00 00 00 00  ................
00006ef0: 00 00 00 00 00 00 00 00 00 00 00 00 00 00 00 00  ................
00006f00: 00 00 00 00 00 00 00 00 00 00 00 00 00 00 00 00  ................
00006f10: 00 00 00 00 00 00 00 00 00 00 00 00 00 00 00 00  ................
00006f20: 00 00 00 00 00 00 00 00 00 00 00 00 00 00 00 00  ................
00006f30: 00 00 00 00 00 00 00 00 00 00 00 00 00 00 00 00  ................
00006f40: 00 00 00 00 00 00 00 00 00 00 00 00 00 00 00 00  ................
00006f50: 00 00 00 00 00 00 00 00 00 00 00 00 00 00 00 00  ................
00006f60: 00 00 00 00 00 00 00 00 00 00 00 00 00 00 00 00  ................
00006f70: 00 00 00 00 00 00 00 00 00 00 00 00 00 00 00 00  ................
00006f80: 00 00 00 00 00 00 00 00 00 00 00 00 00 00 00 00  ................
00006f90: 00 00 00 00 00 00 00 00 00 00 00 00 00 00 00 00  ................
00006fa0: 00 00 00 00 00 00 00 00 00 00 00 00 00 00 00 00  ................
00006fb0: 00 00 00 00 00 00 00 00 00 00 00 00 00 00 00 00  ................
00006fc0: 00 00 00 00 00 00 00 00 00 00 00 00 00 00 00 00  ................
00006fd0: 00 00 00 00 00 00 00 00 00 00 00 00 00 00 00 00  ................
00006fe0: 00 00 00 00 00 00 00 00 00 00 00 00 00 00 00 00  ................
00006ff0: 00 00 00 00 00 00 00 00 00 00 00 00 00 00 00 00  ................
00007000: 00 00 00 00 00 00 00 00 00 00 00 00 00 00 00 00  ................
00007010: 00 00 00 00 00 00 00 00 00 00 00 00 00 00 00 00  ................
00007020: 00 00 00 00 00 00 00 00 00 00 00 00 00 00 00 00  ................
00007030: 00 00 00 00 00 00 00 00 00 00 00 00 00 00 00 00  ................
00007040: 00 00 00 00 00 00 00 00 00 00 00 00 00 00 00 00  ................
00007050: 00 00 00 00 00 00 00 00 00 00 00 00 00 00 00 00  ................
00007060: 00 00 00 00 00 00 00 00 00 00 00 00 00 00 00 00  ................
00007070: 00 00 00 00 00 00 00 00 00 00 00 00 00 00 00 00  ................
00007080: 00 00 00 00 00 00 00 00 00 00 00 00 00 00 00 00  ................
00007090: 00 00 00 00 00 00 00 00 00 00 00 00 00 00 00 00  ................
000070a0: 00 00 00 00 00 00 00 00 00 00 00 00 00 00 00 00  ................
000070b0: 00 00 00 00 00 00 00 00 00 00 00 00 00 00 00 00  ................
000070c0: 00 00 00 00 00 00 00 00 00 00 00 00 00 00 00 00  ................
000070d0: 00 00 00 00 00 00 00 00 00 00 00 00 00 00 00 00  ................
000070e0: 00 00 00 00 00 00 00 00 00 00 00 00 00 00 00 00  ................
000070f0: 00 00 00 00 00 00 00 00 00 00 00 00 00 00 00 00  ................
00007100: 00 00 00 00 00 00 00 00 00 00 00 00 00 00 00 00  ................
00007110: 00 00 00 00 00 00 00 00 00 00 00 00 00 00 00 00  ................
00007120: 00 00 00 00 00 00 00 00 00 00 00 00 00 00 00 00  ................
00007130: 00 00 00 00 00 00 00 00 00 00 00 00 00 00 00 00  ................
00007140: 00 00 00 00 00 00 00 00 00 00 00 00 00 00 00 00  ................
00007150: 00 00 00 00 00 00 00 00 00 00 00 00 00 00 00 00  ................
00007160: 00 00 00 00 00 00 00 00 00 00 00 00 00 00 00 00  ................
00007170: 00 00 00 00 00 00 00 00 00 00 00 00 00 00 00 00  ................
00007180: 00 00 00 00 00 00 00 00 00 00 00 00 00 00 00 00  ................
00007190: 00 00 00 00 00 00 00 00 00 00 00 00 00 00 00 00  ................
000071a0: 00 00 00 00 00 00 00 00 00 00 00 00 00 00 00 00  ................
000071b0: 00 00 00 00 00 00 00 00 00 00 00 00 00 00 00 00  ................
000071c0: 00 00 00 00 00 00 00 00 00 00 00 00 00 00 00 00  ................
000071d0: 00 00 00 00 00 00 00 00 00 00 00 00 00 00 00 00  ................
000071e0: 00 00 00 00 00 00 00 00 00 00 00 00 00 00 00 00  ................
000071f0: 00 00 00 00 00 00 00 00 00 00 00 00 00 00 00 00  ................
00007200: 00 00 00 00 00 00 00 00 00 00 00 00 00 00 00 00  ................
00007210: 00 00 00 00 00 00 00 00 00 00 00 00 00 00 00 00  ................
00007220: 00 00 00 00 00 00 00 00 00 00 00 00 00 00 00 00  ................
00007230: 00 00 00 00 00 00 00 00 00 00 00 00 00 00 00 00  ................
00007240: 00 00 00 00 00 00 00 00 00 00 00 00 00 00 00 00  ................
00007250: 00 00 00 00 00 00 00 00 00 00 00 00 00 00 00 00  ................
00007260: 00 00 00 00 00 00 00 00 00 00 00 00 00 00 00 00  ................
00007270: 00 00 00 00 00 00 00 00 00 00 00 00 00 00 00 00  ................
00007280: 00 00 00 00 00 00 00 00 00 00 00 00 00 00 00 00  ................
00007290: 00 00 00 00 00 00 00 00 00 00 00 00 00 00 00 00  ................
000072a0: 00 00 00 00 00 00 00 00 00 00 00 00 00 00 00 00  ................
000072b0: 00 00 00 00 00 00 00 00 00 00 00 00 00 00 00 00  ................
000072c0: 00 00 00 00 00 00 00 00 00 00 00 00 00 00 00 00  ................
000072d0: 00 00 00 00 00 00 00 00 00 00 00 00 00 00 00 00  ................
000072e0: 00 00 00 00 00 00 00 00 00 00 00 00 00 00 00 00  ................
000072f0: 00 00 00 00 00 00 00 00 00 00 00 00 00 00 00 00  ................
00007300: 00 00 00 00 00 00 00 00 00 00 00 00 00 00 00 00  ................
00007310: 00 00 00 00 00 00 00 00 00 00 00 00 00 00 00 00  ................
00007320: 00 00 00 00 00 00 00 00 00 00 00 00 00 00 00 00  ................
00007330: 00 00 00 00 00 00 00 00 00 00 00 00 00 00 00 00  ................
00007340: 00 00 00 00 00 00 00 00 00 00 00 00 00 00 00 00  ................
00007350: 00 00 00 00 00 00 00 00 00 00 00 00 00 00 00 00  ................
00007360: 00 00 00 00 00 00 00 00 00 00 00 00 00 00 00 00  ................
00007370: 00 00 00 00 00 00 00 00 00 00 00 00 00 00 00 00  ................
00007380: 00 00 00 00 00 00 00 00 00 00 00 00 00 00 00 00  ................
00007390: 00 00 00 00 00 00 00 00 00 00 00 00 00 00 00 00  ................
000073a0: 00 00 00 00 00 00 00 00 00 00 00 00 00 00 00 00  ................
000073b0: 00 00 00 00 00 00 00 00 00 00 00 00 00 00 00 00  ................
000073c0: 00 00 00 00 00 00 00 00 00 00 00 00 00 00 00 00  ................
000073d0: 00 00 00 00 00 00 00 00 00 00 00 00 00 00 00 00  ................
000073e0: 00 00 00 00 00 00 00 00 00 00 00 00 00 00 00 00  ................
000073f0: 00 00 00 00 00 00 00 00 00 00 00 00 00 00 00 00  ................
00007400: 00 00 00 00 00 00 00 00 00 00 00 00 00 00 00 00  ................
00007410: 00 00 00 00 00 00 00 00 00 00 00 00 00 00 00 00  ................
00007420: 00 00 00 00 00 00 00 00 00 00 00 00 00 00 00 00  ................
00007430: 00 00 00 00 00 00 00 00 00 00 00 00 00 00 00 00  ................
00007440: 00 00 00 00 00 00 00 00 00 00 00 00 00 00 00 00  ................
00007450: 00 00 00 00 00 00 00 00 00 00 00 00 00 00 00 00  ................
00007460: 00 00 00 00 00 00 00 00 00 00 00 00 00 00 00 00  ................
00007470: 00 00 00 00 00 00 00 00 00 00 00 00 00 00 00 00  ................
00007480: 00 00 00 00 00 00 00 00 00 00 00 00 00 00 00 00  ................
00007490: 00 00 00 00 00 00 00 00 00 00 00 00 00 00 00 00  ................
000074a0: 00 00 00 00 00 00 00 00 00 00 00 00 00 00 00 00  ................
000074b0: 00 00 00 00 00 00 00 00 00 00 00 00 00 00 00 00  ................
000074c0: 00 00 00 00 00 00 00 00 00 00 00 00 00 00 00 00  ................
000074d0: 00 00 00 00 00 00 00 00 00 00 00 00 00 00 00 00  ................
000074e0: 00 00 00 00 00 00 00 00 00 00 00 00 00 00 00 00  ................
000074f0: 00 00 00 00 00 00 00 00 00 00 00 00 00 00 00 00  ................
00007500: 00 00 00 00 00 00 00 00 00 00 00 00 00 00 00 00  ................
00007510: 00 00 00 00 00 00 00 00 00 00 00 00 00 00 00 00  ................
00007520: 00 00 00 00 00 00 00 00 00 00 00 00 00 00 00 00  ................
00007530: 00 00 00 00 00 00 00 00 00 00 00 00 00 00 00 00  ................
00007540: 00 00 00 00 00 00 00 00 00 00 00 00 00 00 00 00  ................
00007550: 00 00 00 00 00 00 00 00 00 00 00 00 00 00 00 00  ................
00007560: 00 00 00 00 00 00 00 00 00 00 00 00 00 00 00 00  ................
00007570: 00 00 00 00 00 00 00 00 00 00 00 00 00 00 00 00  ................
00007580: 00 00 00 00 00 00 00 00 00 00 00 00 00 00 00 00  ................
00007590: 00 00 00 00 00 00 00 00 00 00 00 00 00 00 00 00  ................
000075a0: 00 00 00 00 00 00 00 00 00 00 00 00 00 00 00 00  ................
000075b0: 00 00 00 00 00 00 00 00 00 00 00 00 00 00 00 00  ................
000075c0: 00 00 00 00 00 00 00 00 00 00 00 00 00 00 00 00  ................
000075d0: 00 00 00 00 00 00 00 00 00 00 00 00 00 00 00 00  ................
000075e0: 00 00 00 00 00 00 00 00 00 00 00 00 00 00 00 00  ................
000075f0: 00 00 00 00 00 00 00 00 00 00 00 00 00 00 00 00  ................
00007600: 00 00 00 00 00 00 00 00 00 00 00 00 00 00 00 00  ................
00007610: 00 00 00 00 00 00 00 00 00 00 00 00 00 00 00 00  ................
00007620: 00 00 00 00 00 00 00 00 00 00 00 00 00 00 00 00  ................
00007630: 00 00 00 00 00 00 00 00 00 00 00 00 00 00 00 00  ................
00007640: 00 00 00 00 00 00 00 00 00 00 00 00 00 00 00 00  ................
00007650: 00 00 00 00 00 00 00 00 00 00 00 00 00 00 00 00  ................
00007660: 00 00 00 00 00 00 00 00 00 00 00 00 00 00 00 00  ................
00007670: 00 00 00 00 00 00 00 00 00 00 00 00 00 00 00 00  ................
00007680: 00 00 00 00 00 00 00 00 00 00 00 00 00 00 00 00  ................
00007690: 00 00 00 00 00 00 00 00 00 00 00 00 00 00 00 00  ................
000076a0: 00 00 00 00 00 00 00 00 00 00 00 00 00 00 00 00  ................
000076b0: 00 00 00 00 00 00 00 00 00 00 00 00 00 00 00 00  ................
000076c0: 00 00 00 00 00 00 00 00 00 00 00 00 00 00 00 00  ................
000076d0: 00 00 00 00 00 00 00 00 00 00 00 00 00 00 00 00  ................
000076e0: 00 00 00 00 00 00 00 00 00 00 00 00 00 00 00 00  ................
000076f0: 00 00 00 00 00 00 00 00 00 00 00 00 00 00 00 00  ................
00007700: 00 00 00 00 00 00 00 00 00 00 00 00 00 00 00 00  ................
00007710: 00 00 00 00 00 00 00 00 00 00 00 00 00 00 00 00  ................
00007720: 00 00 00 00 00 00 00 00 00 00 00 00 00 00 00 00  ................
00007730: 00 00 00 00 00 00 00 00 00 00 00 00 00 00 00 00  ................
00007740: 00 00 00 00 00 00 00 00 00 00 00 00 00 00 00 00  ................
00007750: 00 00 00 00 00 00 00 00 00 00 00 00 00 00 00 00  ................
00007760: 00 00 00 00 00 00 00 00 00 00 00 00 00 00 00 00  ................
00007770: 00 00 00 00 00 00 00 00 00 00 00 00 00 00 00 00  ................
00007780: 00 00 00 00 00 00 00 00 00 00 00 00 00 00 00 00  ................
00007790: 00 00 00 00 00 00 00 00 00 00 00 00 00 00 00 00  ................
000077a0: 00 00 00 00 00 00 00 00 00 00 00 00 00 00 00 00  ................
000077b0: 00 00 00 00 00 00 00 00 00 00 00 00 00 00 00 00  ................
000077c0: 00 00 00 00 00 00 00 00 00 00 00 00 00 00 00 00  ................
000077d0: 00 00 00 00 00 00 00 00 00 00 00 00 00 00 00 00  ................
000077e0: 00 00 00 00 00 00 00 00 00 00 00 00 00 00 00 00  ................
000077f0: 00 00 00 00 00 00 00 00 00 00 00 00 00 00 00 00  ................
00007800: 00 00 00 00 00 00 00 00 00 00 00 00 00 00 00 00  ................
00007810: 00 00 00 00 00 00 00 00 00 00 00 00 00 00 00 00  ................
00007820: 00 00 00 00 00 00 00 00 00 00 00 00 00 00 00 00  ................
00007830: 00 00 00 00 00 00 00 00 00 00 00 00 00 00 00 00  ................
00007840: 00 00 00 00 00 00 00 00 00 00 00 00 00 00 00 00  ................
00007850: 00 00 00 00 00 00 00 00 00 00 00 00 00 00 00 00  ................
00007860: 00 00 00 00 00 00 00 00 00 00 00 00 00 00 00 00  ................
00007870: 00 00 00 00 00 00 00 00 00 00 00 00 00 00 00 00  ................
00007880: 00 00 00 00 00 00 00 00 00 00 00 00 00 00 00 00  ................
00007890: 00 00 00 00 00 00 00 00 00 00 00 00 00 00 00 00  ................
000078a0: 00 00 00 00 00 00 00 00 00 00 00 00 00 00 00 00  ................
000078b0: 00 00 00 00 00 00 00 00 00 00 00 00 00 00 00 00  ................
000078c0: 00 00 00 00 00 00 00 00 00 00 00 00 00 00 00 00  ................
000078d0: 00 00 00 00 00 00 00 00 00 00 00 00 00 00 00 00  ................
000078e0: 00 00 00 00 00 00 00 00 00 00 00 00 00 00 00 00  ................
000078f0: 00 00 00 00 00 00 00 00 00 00 00 00 00 00 00 00  ................
00007900: 00 00 00 00 00 00 00 00 00 00 00 00 00 00 00 00  ................
00007910: 00 00 00 00 00 00 00 00 00 00 00 00 00 00 00 00  ................
00007920: 00 00 00 00 00 00 00 00 00 00 00 00 00 00 00 00  ................
00007930: 00 00 00 00 00 00 00 00 00 00 00 00 00 00 00 00  ................
00007940: 00 00 00 00 00 00 00 00 00 00 00 00 00 00 00 00  ................
00007950: 00 00 00 00 00 00 00 00 00 00 00 00 00 00 00 00  ................
00007960: 00 00 00 00 00 00 00 00 00 00 00 00 00 00 00 00  ................
00007970: 00 00 00 00 00 00 00 00 00 00 00 00 00 00 00 00  ................
00007980: 00 00 00 00 00 00 00 00 00 00 00 00 00 00 00 00  ................
00007990: 00 00 00 00 00 00 00 00 00 00 00 00 00 00 00 00  ................
000079a0: 00 00 00 00 00 00 00 00 00 00 00 00 00 00 00 00  ................
000079b0: 00 00 00 00 00 00 00 00 00 00 00 00 00 00 00 00  ................
000079c0: 00 00 00 00 00 00 00 00 00 00 00 00 00 00 00 00  ................
000079d0: 00 00 00 00 00 00 00 00 00 00 00 00 00 00 00 00  ................
000079e0: 00 00 00 00 00 00 00 00 00 00 00 00 00 00 00 00  ................
000079f0: 00 00 00 00 00 00 00 00 00 00 00 00 00 00 00 00  ................
00007a00: 00 00 00 00 00 00 00 00 00 00 00 00 00 00 00 00  ................
00007a10: 00 00 00 00 00 00 00 00 00 00 00 00 00 00 00 00  ................
00007a20: 00 00 00 00 00 00 00 00 00 00 00 00 00 00 00 00  ................
00007a30: 00 00 00 00 00 00 00 00 00 00 00 00 00 00 00 00  ................
00007a40: 00 00 00 00 00 00 00 00 00 00 00 00 00 00 00 00  ................
00007a50: 00 00 00 00 00 00 00 00 00 00 00 00 00 00 00 00  ................
00007a60: 00 00 00 00 00 00 00 00 00 00 00 00 00 00 00 00  ................
00007a70: 00 00 00 00 00 00 00 00 00 00 00 00 00 00 00 00  ................
00007a80: 00 00 00 00 00 00 00 00 00 00 00 00 00 00 00 00  ................
00007a90: 00 00 00 00 00 00 00 00 00 00 00 00 00 00 00 00  ................
00007aa0: 00 00 00 00 00 00 00 00 00 00 00 00 00 00 00 00  ................
00007ab0: 00 00 00 00 00 00 00 00 00 00 00 00 00 00 00 00  ................
00007ac0: 00 00 00 00 00 00 00 00 00 00 00 00 00 00 00 00  ................
00007ad0: 00 00 00 00 00 00 00 00 00 00 00 00 00 00 00 00  ................
00007ae0: 00 00 00 00 00 00 00 00 00 00 00 00 00 00 00 00  ................
00007af0: 00 00 00 00 00 00 00 00 00 00 00 00 00 00 00 00  ................
00007b00: 00 00 00 00 00 00 00 00 00 00 00 00 00 00 00 00  ................
00007b10: 00 00 00 00 00 00 00 00 00 00 00 00 00 00 00 00  ................
00007b20: 00 00 00 00 00 00 00 00 00 00 00 00 00 00 00 00  ................
00007b30: 00 00 00 00 00 00 00 00 00 00 00 00 00 00 00 00  ................
00007b40: 00 00 00 00 00 00 00 00 00 00 00 00 00 00 00 00  ................
00007b50: 00 00 00 00 00 00 00 00 00 00 00 00 00 00 00 00  ................
00007b60: 00 00 00 00 00 00 00 00 00 00 00 00 00 00 00 00  ................
00007b70: 00 00 00 00 00 00 00 00 00 00 00 00 00 00 00 00  ................
00007b80: 00 00 00 00 00 00 00 00 00 00 00 00 00 00 00 00  ................
00007b90: 00 00 00 00 00 00 00 00 00 00 00 00 00 00 00 00  ................
00007ba0: 00 00 00 00 00 00 00 00 00 00 00 00 00 00 00 00  ................
00007bb0: 00 00 00 00 00 00 00 00 00 00 00 00 00 00 00 00  ................
00007bc0: 00 00 00 00 00 00 00 00 00 00 00 00 00 00 00 00  ................
00007bd0: 00 00 00 00 00 00 00 00 00 00 00 00 00 00 00 00  ................
00007be0: 00 00 00 00 00 00 00 00 00 00 00 00 00 00 00 00  ................
00007bf0: 00 00 00 00 00 00 00 00 00 00 00 00 00 00 00 00  ................
00007c00: 00 00 00 00 00 00 00 00 00 00 00 00 00 00 00 00  ................
00007c10: 00 00 00 00 00 00 00 00 00 00 00 00 00 00 00 00  ................
00007c20: 00 00 00 00 00 00 00 00 00 00 00 00 00 00 00 00  ................
00007c30: 00 00 00 00 00 00 00 00 00 00 00 00 00 00 00 00  ................
00007c40: 00 00 00 00 00 00 00 00 00 00 00 00 00 00 00 00  ................
00007c50: 00 00 00 00 00 00 00 00 00 00 00 00 00 00 00 00  ................
00007c60: 00 00 00 00 00 00 00 00 00 00 00 00 00 00 00 00  ................
00007c70: 00 00 00 00 00 00 00 00 00 00 00 00 00 00 00 00  ................
00007c80: 00 00 00 00 00 00 00 00 00 00 00 00 00 00 00 00  ................
00007c90: 11 00 04 01 06 00 06 00 06 00 06 00 06 00 06 00  ................
00007ca0: 06 00 06 00 06 00 06 00 06 00 06 00 06 00 06 00  ................
00007cb0: 06 00 06 00 06 00 09 00 09 00 09 00 09 00 09 00  ................
00007cc0: 09 00 09 00 09 00 09 00 09 00 09 00 09 00 09 00  ................
00007cd0: 09 00 06 00 06 00 09 00 0c 00 0c 00 0c 00 0c 00  ................
00007ce0: 0c 00 0c 00 0c 00 0c 00 0c 00 0c 00 0c 00 0c 00  ................
00007cf0: 09 00 06 00 06 00 09 00 0c 00 0f 00 0f 00 0f 00  ................
00007d00: 0f 00 0f 00 0f 00 0f 00 0f 00 0f 00 0f 00 0c 00  ................
00007d10: 09 00 06 00 06 00 09 00 0c 00 0f 00 0f 00 0f 00  ................
00007d20: 0f 00 0f 00 0f 00 0f 00 0f 00 0f 00 0f 00 0c 00  ................
00007d30: 09 00 06 00 06 00 09 00 0c 00 0f 00 0c 00 0c 00  ................
00007d40: 0c 00 0c 00 0c 00 0c 00 0c 00 0c 00 0c 00 0c 00  ................
00007d50: 09 00 06 00 06 00 09 00 09 00 09 00 09 00 09 00  ................
00007d60: 09 00 09 00 09 00 09 00 09 00 09 00 09 00 09 00  ................
00007d70: 09 00 06 00 06 00 06 00 06 00 06 00 06 00 06 00  ................
00007d80: 06 00 06 00 06 00 06 00 06 00 06 00 06 00 06 00  ................
00007d90: 06 00 06 00 12 00 2e 00 00 00 ff 04 00 00 cf 02  ................
00007da0: 00 00 00 00 00 00 00 00 00 00 00 00 00 00 00 00  ................
00007db0: 00 00 00 00 00 00 00 00 00 00 00 00 00 00 00 00  ................
00007dc0: 40 00 13 00 10 02 01 00 8e 01 00 01 5c 01 ff ff  @...........\...
00007dd0: 00 00 00 00 0f 00 08 00 05 00 04 00 03 00 02 00  ................
00007de0: 02 00 01 00 01 00 01 00 01 00 01 00 01 00 01 00  ................
00007df0: 01 00 01 00 03 00 c8 00 00 00 2c 00 47 00 57 00  ..........,.G.W.
00007e00: 65 00 73 00 46 00 55 00 69 00 8e 00 96 00 81 00  e.s.F.U.i.......
00007e10: 74 00 5f 00 55 00 4c 00 7d 00 70 00 62 00 64 00  t._.U.L.}.p.b.d.
00007e20: 2c 00 56 00 76 00 87 00 93 00 a5 00 61 00 68 00  ,.V.v.......a.h.
00007e30: 92 00 70 00 94 00 db 00 ad 00 8d 00 6d 00 61 00  ..p.........m.a.
00007e40: b1 00 96 00 78 00 58 00 32 00 86 00 4f 00 3a 00  ....x.X.2...O.:.
00007e50: 2b 00 24 00 61 00 4f 00 30 00 2f 00 0a 00 fa 00  +.$.a.O.0./.....
00007e60: 73 00 4e 00 37 00 2e 00 83 00 5d 00 3e 00 35 00  s.N.7.....].>.5.
00007e70: 07 00 1e 00 20 4e 02 00 00 00 01 00 02 00 03 00  .... N..........
00007e80: 03 00 00 00 01 00 02 00 03 00 03 00 00 00 01 00  ................
00007e90: 00 00 00 04 00 00 00 01 00 00 00 04 00 00 00 01  ................
00007ea0: 00 00 00 04 00 00 00 01 00 00 02 01 00 00 00 01  ................
00007eb0: 00 00 00 04 00 00 00 01 00 00 00 04 00 00 00 01  ................
00007ec0: 00 00 00 04 00 00 00 01 00 00 00 01 00 00 04 01  ................
00007ed0: 00 00 00 04 00 00 00 01 00 00 00 04 00 00 00 01  ................
00007ee0: 00 00 00 04 00 00 00 01 00 00 02 01 00 00 02 01  ................
00007ef0: 00 00 00 04 00 00 00 01 00 00 00 04 00 00 00 01  ................
00007f00: 00 00 00 04 00 00 00 01 00 00 02 01 00 00 00 01  ................
00007f10: 00 00 00 04 00 00 00 01 00 00 00 04 00 00 00 01  ................
00007f20: 00 00 00 04 00 00 00 01 00 00 00 01 00 00 00 01  ................
00007f30: 00 00 00 04 00 00 00 01 00 00 00 04 00 00 00 01  ................
00007f40: 00 00 00 04 00 00 00 01 00 00 04 01 00 00 00 01  ................
00007f50: 00 00 00 04 00 00 00 01 00 00 00 04 00 00 00 01  ................
00007f60: 00 00 00 04 00 00 00 01 00 00 02 01 00 00 00 01  ................
00007f70: 00 00 00 04 00 00 00 01 00 00 00 04 00 00 00 01  ................
00007f80: 00 00 00 04 00 00 00 01 00 00 fe 00 00 00 00 01  ................
00007f90: 00 00 00 04 00 00 00 01 00 00 00 04 00 00 00 01  ................
00007fa0: 00 00 00 04 00 00 00 01 00 00 00 01 00 00 04 01  ................
00007fb0: 00 00 00 04 00 00 00 01 00 00 00 04 00 00 00 01  ................
00007fc0: 00 00 00 04 00 00 00 01 00 00 00 01 00 00 00 01  ................
00007fd0: 00 00 14 00 f0 00 01 00 00 00 00 00 01 00 0f 00  ................
00007fe0: 00 00 dc 05 00 00 18 00 00 00 0f 00 00 00 dc 05  ................
00007ff0: 00 00 18 00 00 00 dc 05 00 00 01 00 00 00 00 01  ................
00008000: 00 00 00 01 00 00 00 01 00 00 00 01 00 00 00 40  ...............@
00008010: 00 00 00 01 00 00 e1 00 00 00 03 00 00 00 23 00  ..............#.
00008020: 00 00 00 00 00 00 02 00 00 00 02 00 00 00 04 00  ................
00008030: 00 00 04 00 00 00 06 00 00 00 06 00 00 00 08 00  ................
00008040: 00 00 08 00 00 00 10 00 00 00 10 00 00 00 20 00  .............. .
00008050: 00 00 20 00 00 00 42 00 00 00 42 00 00 00 80 00  .. ...B...B.....
00008060: 00 00 80 00 00 00 00 04 00 00 00 00 00 00 00 00  ................
00008070: 00 00 08 00 00 00 05 00 00 00 04 00 00 00 02 00  ................
00008080: 00 00 02 00 00 00 02 00 00 00 02 00 00 00 02 00  ................
00008090: 00 00 02 00 00 00 03 00 00 00 04 00 00 00 04 00  ................
000080a0: 00 00 05 00 00 00 06 00 00 00 0a 00 00 00 0c 00  ................
000080b0: 00 00 00 00 00 00 29 00 00 00 0a 00 00 00 05 00  ......).........
000080c0: 00 00 15 00 1e 00 00 00 00 00 00 00 00 00 05 00  ................
000080d0: 00 00 00 00 68 29 34 08 00 00 04 00 00 00 00 00  ....h)4.........
000080e0: 16 00 32 01 00 00 08 00 10 00 18 00 20 00 28 00  ..2......... .(.
000080f0: 30 00 38 00 40 00 48 00 50 00 58 00 60 00 68 00  0.8.@.H.P.X.`.h.
00008100: 70 00 78 00 80 00 88 00 90 00 98 00 a0 00 a8 00  p.x.............
00008110: b0 00 b8 00 c0 00 c8 00 d0 00 d8 00 e0 00 e8 00  ................
00008120: f0 00 f8 00 00 01 08 01 10 01 18 01 20 01 28 01  ............ .(.
00008130: 30 01 38 01 40 01 48 01 50 01 58 01 60 01 68 01  0.8.@.H.P.X.`.h.
00008140: 70 01 78 01 80 01 88 01 90 01 98 01 a0 01 a8 01  p.x.............
00008150: b0 01 b8 01 c0 01 c8 01 d0 01 d8 01 e0 01 e8 01  ................
00008160: f0 01 f8 01 00 02 08 02 10 02 18 02 20 02 28 02  ............ .(.
00008170: 30 02 38 02 40 02 48 02 50 02 58 02 60 02 68 02  0.8.@.H.P.X.`.h.
00008180: 70 02 78 02 80 02 88 02 90 02 98 02 a0 02 a8 02  p.x.............
00008190: b0 02 b8 02 c0 02 c8 02 d0 02 d8 02 e0 02 e8 02  ................
000081a0: f0 02 f8 02 00 03 08 03 10 03 18 03 20 03 28 03  ............ .(.
000081b0: 30 03 38 03 40 03 48 03 50 03 58 03 60 03 68 03  0.8.@.H.P.X.`.h.
000081c0: 70 03 78 03 80 03 88 03 90 03 98 03 a0 03 a8 03  p.x.............
000081d0: b0 03 b8 03 c0 03 c8 03 d0 03 d8 03 e0 03 e8 03  ................
000081e0: f0 03 f8 03 ff 03 00 00 10 00 20 00 30 00 40 00  .......... .0.@.
000081f0: 50 00 60 00 70 00 00 00 00 00 00 00 00 00 00 00  P.`.p...........
00008200: 00 00 00 00 00 00 00 00 00 00 00 00 00 00 00 00  ................
00008210: 00 00 17 00 e4 03 00 00 00 00 00 00 00 00 00 00  ................
00008220: 00 00 00 00 00 00 00 00 00 00 00 00 00 00 00 00  ................
00008230: 00 00 00 00 00 00 00 00 00 00 00 00 00 00 00 00  ................
00008240: 00 00 00 00 00 00 00 00 00 00 00 00 00 00 00 00  ................
00008250: 00 00 00 00 00 00 00 00 00 00 00 00 00 00 00 00  ................
00008260: 00 00 00 00 00 00 00 00 00 00 00 00 00 00 00 00  ................
00008270: 00 00 00 00 00 00 00 00 00 00 00 00 00 00 00 00  ................
00008280: 00 00 00 00 00 00 00 00 00 00 00 00 00 00 00 00  ................
00008290: 00 00 00 00 00 00 00 00 00 00 00 00 00 00 00 00  ................
000082a0: 00 00 00 00 00 00 00 00 00 00 00 00 00 00 00 00  ................
000082b0: 00 00 00 00 00 00 00 00 00 00 00 00 00 00 00 00  ................
000082c0: 00 00 00 00 00 00 00 00 00 00 00 00 00 00 00 00  ................
000082d0: 00 00 00 00 00 00 00 00 00 00 00 00 00 00 00 00  ................
000082e0: 00 00 00 00 00 00 00 00 00 00 00 00 00 00 00 00  ................
000082f0: 00 00 00 00 00 00 00 00 00 00 00 00 00 00 00 00  ................
00008300: 00 00 00 00 00 00 00 00 00 00 00 00 00 00 00 00  ................
00008310: 00 00 00 00 00 00 00 00 00 00 00 00 00 00 00 00  ................
00008320: 00 00 00 00 00 00 00 00 00 00 00 00 00 00 00 00  ................
00008330: 00 00 00 00 00 00 00 00 00 00 00 00 00 00 00 00  ................
00008340: 00 00 00 00 00 00 00 00 00 00 00 00 00 00 00 00  ................
00008350: 00 00 00 00 00 00 00 00 00 00 00 00 00 00 00 00  ................
00008360: 00 00 00 00 00 00 00 00 00 00 00 00 00 00 00 00  ................
00008370: 00 00 00 00 00 00 00 00 00 00 00 00 00 00 00 00  ................
00008380: 00 00 00 00 00 00 00 00 00 00 00 00 00 00 00 00  ................
00008390: 00 00 00 00 00 00 00 00 00 00 00 00 00 00 00 00  ................
000083a0: 00 00 00 00 00 00 00 00 00 00 00 00 00 00 00 00  ................
000083b0: 00 00 00 00 00 00 00 00 00 00 00 00 00 00 00 00  ................
000083c0: 00 00 00 00 00 00 00 00 00 00 00 00 00 00 00 00  ................
000083d0: 00 00 00 00 00 00 00 00 00 00 00 00 00 00 00 00  ................
000083e0: 00 00 00 00 00 00 00 00 00 00 00 00 00 00 00 00  ................
000083f0: 00 00 00 00 00 00 00 00 00 00 00 00 00 00 00 00  ................
00008400: 00 00 00 00 00 00 00 00 00 00 00 00 00 00 00 00  ................
00008410: 00 00 00 00 00 00 00 00 00 00 00 00 00 00 00 00  ................
00008420: 00 00 00 00 00 00 00 00 00 00 00 00 00 00 00 00  ................
00008430: 00 00 00 00 00 00 00 00 00 00 00 00 00 00 00 00  ................
00008440: 00 00 00 00 00 00 00 00 00 00 00 00 00 00 00 00  ................
00008450: 00 00 00 00 00 00 00 00 00 00 00 00 00 00 00 00  ................
00008460: 00 00 00 00 00 00 00 00 00 00 00 00 00 00 00 00  ................
00008470: 00 00 00 00 00 00 00 00 00 00 00 00 00 00 00 00  ................
00008480: 00 00 00 00 00 00 00 00 00 00 00 00 00 00 00 00  ................
00008490: 00 00 00 00 00 00 00 00 00 00 00 00 00 00 00 00  ................
000084a0: 00 00 00 00 00 00 00 00 00 00 00 00 00 00 00 00  ................
000084b0: 00 00 00 00 00 00 00 00 00 00 00 00 00 00 00 00  ................
000084c0: 00 00 00 00 00 00 00 00 00 00 00 00 00 00 00 00  ................
000084d0: 00 00 00 00 00 00 00 00 00 00 00 00 00 00 00 00  ................
000084e0: 00 00 00 00 00 00 00 00 00 00 00 00 00 00 00 00  ................
000084f0: 00 00 00 00 00 00 00 00 00 00 00 00 00 00 00 00  ................
00008500: 00 00 00 00 00 00 00 00 00 00 00 00 00 00 00 00  ................
00008510: 00 00 00 00 00 00 00 00 00 00 00 00 00 00 00 00  ................
00008520: 00 00 00 00 00 00 00 00 00 00 00 00 00 00 00 00  ................
00008530: 00 00 00 00 00 00 00 00 00 00 00 00 00 00 00 00  ................
00008540: 00 00 00 00 00 00 00 00 00 00 00 00 00 00 00 00  ................
00008550: 00 00 00 00 00 00 00 00 00 00 00 00 00 00 00 00  ................
00008560: 00 00 00 00 00 00 00 00 00 00 00 00 00 00 00 00  ................
00008570: 00 00 00 00 00 00 00 00 00 00 00 00 00 00 00 00  ................
00008580: 00 00 00 00 00 00 00 00 00 00 00 00 00 00 00 00  ................
00008590: 00 00 00 00 00 00 00 00 00 00 00 00 00 00 00 00  ................
000085a0: 00 00 00 00 00 00 00 00 00 00 00 00 00 00 00 00  ................
000085b0: 00 00 00 00 00 00 00 00 00 00 00 00 00 00 00 00  ................
000085c0: 00 00 00 00 00 00 00 00 00 00 00 00 00 00 00 00  ................
000085d0: 00 00 00 00 00 00 00 00 00 00 00 00 00 00 00 00  ................
000085e0: 00 00 00 00 00 00 00 00 00 00 00 00 00 00 00 00  ................
000085f0: 00 00 00 00 00 00 1c 00 c0 01 fe 03 f0 00 fe 03  ................
00008600: f0 00 fe 03 f0 00 fe 03 00 00 f2 03 00 00 f3 03  ................
00008610: 0f 00 f4 03 36 00 f5 03 c0 00 f6 03 13 00 f7 03  ....6...........
00008620: 01 00 f8 03 10 00 f9 03 43 00 fa 03 00 00 fc 03  ........C.......
00008630: 8e 00 05 0d 06 00 06 0d 40 00 07 0d 00 00 08 0d  ........@.......
00008640: 10 00 0a 0d 02 00 0c 00 03 00 0d 0d 02 00 0e 0d  ................
00008650: d4 00 0f 00 05 00 10 00 08 00 17 00 0c 00 73 0d  ..............s.
00008660: 92 00 76 0d 00 00 41 0d 02 00 42 0d ee 00 7a 0d  ..v...A...B...z.
00008670: 0a 00 6b 00 18 00 b0 0d 9d 00 b1 0d 00 00 b2 0d  ..k.............
00008680: ac 00 b3 0d d5 00 b4 0d 00 00 b5 0d 97 00 b6 0d  ................
00008690: 09 00 d2 00 fc 00 19 0d 31 00 20 0d 40 00 25 0d  ........1. .@.%.
000086a0: cb 00 27 0d 03 00 29 0d 40 00 43 0d 20 00 58 00  ..'...).@.C. .X.
000086b0: 60 00 d6 00 66 00 d7 00 19 00 93 00 02 00 d9 00  `...f...........
000086c0: 14 00 da 00 c1 00 2a 0d 00 00 28 0d 04 00 53 0d  ......*...(...S.
000086d0: 12 00 c2 0d 84 00 50 00 30 00 80 00 07 00 8c 00  ......P.0.......
000086e0: 05 00 8d 00 a8 00 77 00 01 00 78 00 04 00 79 00  ......w...x...y.
000086f0: 65 00 67 00 c0 00 54 00 ff 00 55 00 02 00 56 00  e.g...T...U...V.
00008700: 00 00 57 00 04 00 5a 00 ff 00 5b 00 07 00 d5 00  ..W...Z...[.....
00008710: 03 00 02 01 a9 00 03 0d 02 00 04 0d d0 00 7a 00  ..............z.
00008720: 60 00 e0 04 ff 00 14 04 75 00 15 04 75 00 16 04  `.......u...u...
00008730: 75 00 17 04 75 00 22 01 00 00 21 01 80 00 28 04  u...u."...!...(.
00008740: 10 00 29 04 10 00 2a 04 10 00 2b 04 10 00 2c 04  ..)...*...+...,.
00008750: 14 00 2d 04 14 00 2e 04 18 00 2f 04 18 00 30 04  ..-......./...0.
00008760: 05 00 31 04 05 00 32 04 05 00 33 04 05 00 34 04  ..1...2...3...4.
00008770: 05 00 35 04 05 00 36 04 05 00 37 04 05 00 53 01  ..5...6...7...S.
00008780: a0 00 90 01 01 00 92 01 00 00 94 01 00 00 95 01  ................
00008790: 02 00 96 01 d0 00 97 01 05 00 98 01 00 00 dc 00  ................
000087a0: 05 00 dd 00 ea 00 12 02 05 00 13 02 00 00 90 02  ................
000087b0: 0b 00 3e 02 40 00 1e 03 3e 00 03 00 00 00 33 2e  ..>.@...>.....3.
000087c0: 30 35 5f 30 33 32 34 30 31 00 00 00 00 00 84 10  05_032401.......
000087d0: 00 00 e7 07 03 18 0d 37 3a 01 00 00 00 00 ba 87  .......7:.......
000087e0: 00 00 00 00 00 00 00 00 00 00 00 00 00 00 00 00  ................
000087f0: 00 00 00 00 00 00 00 00 00 00 00 00 00 00 00 00  ................
00008800: 00 00 00 00 00 00 00 00 00 00 00 00 00 00 00 00  ................
00008810: 00 00 00 00 00 00 00 00 00 00 00 00 00 00 00 00  ................
00008820: 00 00 00 00 00 00 00 00 00 00 00 00 00 00 00 00  ................
00008830: 00 00 00 00 00 00 00 00 00 00 35 2e 32 32 20 62  ..........5.22 b
00008840: 6c 63 20 73 68 61 72 70 20 77 64 72 20 79 75 76  lc sharp wdr yuv
00008850: 65 66 66 65 63 74 0d 0a 38 2e 34 20 73 68 61 72  effect..8.4 shar
00008860: 70 20 77 64 72 20 64 65 6e 6f 69 73 65 20 33 64  p wdr denoise 3d
00008870: 6e 72 0d 0a 38 2e 32 34 20 63 6f 6e 74 72 61 73  nr..8.24 contras
00008880: 74 00 00 00 00 00 00 00 00 00 00 00 00 00 00 00  t...............
00008890: 00 00 00 00 00 00 00 00 00 00 00 00 00 00 00 00  ................
000088a0: 00 00 00 00 00 00 00 00 00 00 00 00 00 00 00 00  ................
000088b0: 00 00 00 00 00 00 00 00 00 00 00 00 00 00 00 00  ................
000088c0: 00 00 00 00 00 00 00 00 00 00 00 00 00 00 00 00  ................
000088d0: 00 00 00 00 00 00 00 00 00 00 00 00 00 00 00 00  ................
000088e0: 00 00 00 00 00 00 00 00 00 00 00 00 00 00 00 00  ................
000088f0: 00 00 00 00 00 00 00 00 00 00 00 00 00 00 00 00  ................
00008900: 00 00 00 00 00 00 00 00 00 00 00 00 00 00 00 00  ................
00008910: 00 00 00 00 00 00 00 00 00 00 00 00 00 00 00 00  ................
00008920: 00 00 00 00 00 00 00 00 00 00 00 00 00 00 00 00  ................
00008930: 00 00 00 00 00 00 00 00 00 00 00 00 00 00 00 00  ................
00008940: 00 00 00 00 00 00 00 00 00 00 00 00 00 00 00 00  ................
00008950: 00 00 00 00 00 00 00 00 00 00 00 00 00 00 00 00  ................
00008960: 00 00 00 00 00 00 00 00 00 00 00 00 00 00 00 00  ................
00008970: 00 00 00 00 00 00 00 00 00 00 00 00 00 00 00 00  ................
00008980: 00 00 00 00 00 00 00 00 00 00 00 00 00 00 00 00  ................
00008990: 00 00 00 00 00 00 00 00 00 00 00 00 00 00 00 00  ................
000089a0: 00 00 00 00 00 00 00 00 00 00 00 00 00 00 00 00  ................
000089b0: 00 00 00 00 00 00 00 00 00 00 00 00 ba 00 00 00  ................
000089c0: 01 00 40 00 40 00 40 00 40 00 00 ff 00 ff 00 ff  ..@.@.@.@.......
000089d0: 00 ff 01 00 42 00 42 00 42 00 42 00 00 00 00 00  ....B.B.B.B.....
000089e0: 00 00 00 00 01 00 40 00 40 00 40 00 40 00 0a 00  ......@.@.@.@...
000089f0: 0a 00 0a 00 0a 00 01 00 40 00 40 00 40 00 40 00  ........@.@.@.@.
00008a00: 14 00 14 00 14 00 14 00 01 00 40 00 40 00 40 00  ..........@.@.@.
00008a10: 40 00 1e 00 1e 00 1e 00 1e 00 01 00 40 00 40 00  @...........@.@.
00008a20: 40 00 40 00 32 00 32 00 32 00 32 00 01 00 40 00  @.@.2.2.2.2...@.
00008a30: 40 00 40 00 40 00 50 00 50 00 50 00 50 00 01 00  @.@.@.P.P.P.P...
00008a40: 40 00 40 00 40 00 40 00 14 00 14 00 14 00 14 00  @.@.@.@.........
00008a50: 01 00 42 00 42 00 40 00 42 00 28 00 28 00 28 00  ..B.B.@.B.(.(.(.
00008a60: 28 00 01 00 42 00 42 00 42 00 42 00 28 00 28 00  (...B.B.B.B.(.(.
00008a70: 28 00 28 00 01 00 c0 00 01 00 80 02 68 01 0a 00  (.(.........h...
00008a80: 04 00 03 00 00 00 00 00 00 00 00 00 00 00 00 00  ................
00008a90: 00 00 00 00 ff 00 ff 00 00 00 00 00 00 00 00 00  ................
00008aa0: 00 00 00 00 00 00 00 00 04 00 03 00 00 00 00 00  ................
00008ab0: 00 00 00 00 00 00 00 00 00 00 00 00 ff 00 ff 00  ................
00008ac0: 00 00 00 00 00 00 00 00 00 00 00 00 00 00 00 00  ................
00008ad0: 04 00 03 00 00 00 00 00 00 00 00 00 00 00 00 00  ................
00008ae0: 00 00 00 00 ff 00 ff 00 00 00 00 00 00 00 00 00  ................
00008af0: 00 00 00 00 00 00 00 00 04 00 03 00 00 00 00 00  ................
00008b00: 00 00 00 00 00 00 00 00 00 00 00 00 ff 00 ff 00  ................
00008b10: 00 00 00 00 00 00 00 00 00 00 00 00 00 00 00 00  ................
00008b20: 1c 02 1c 02 1c 02 1c 02 1c 02 1c 02 1c 02 1c 02  ................
00008b30: 1c 02 1c 02 02 00 6c 03 00 00 08 00 10 00 18 00  ......l.........
00008b40: 20 00 28 00 30 00 38 00 40 00 48 00 50 00 58 00   .(.0.8.@.H.P.X.
00008b50: 60 00 68 00 70 00 78 00 80 00 88 00 90 00 98 00  `.h.p.x.........
00008b60: a0 00 a8 00 b0 00 b8 00 c0 00 c8 00 d0 00 d8 00  ................
00008b70: e0 00 e8 00 f0 00 f8 00 00 01 08 01 10 01 18 01  ................
00008b80: 20 01 28 01 30 01 38 01 40 01 48 01 50 01 58 01   .(.0.8.@.H.P.X.
00008b90: 60 01 68 01 70 01 78 01 80 01 88 01 90 01 98 01  `.h.p.x.........
00008ba0: a0 01 a8 01 b0 01 b8 01 c0 01 c8 01 d0 01 d8 01  ................
00008bb0: e0 01 e8 01 f0 01 f8 01 00 02 08 02 10 02 18 02  ................
00008bc0: 20 02 28 02 30 02 38 02 40 02 48 02 50 02 58 02   .(.0.8.@.H.P.X.
00008bd0: 60 02 68 02 70 02 78 02 80 02 88 02 90 02 98 02  `.h.p.x.........
00008be0: a0 02 a8 02 b0 02 b8 02 c0 02 c8 02 d0 02 d8 02  ................
00008bf0: e0 02 e8 02 f0 02 f8 02 00 03 08 03 10 03 18 03  ................
00008c00: 20 03 28 03 30 03 38 03 40 03 48 03 50 03 58 03   .(.0.8.@.H.P.X.
00008c10: 60 03 68 03 70 03 78 03 80 03 88 03 90 03 98 03  `.h.p.x.........
00008c20: a0 03 a8 03 b0 03 b8 03 c0 03 c8 03 d0 03 d8 03  ................
00008c30: e0 03 e8 03 f0 03 f8 03 ff 03 00 00 08 00 10 00  ................
00008c40: 18 00 20 00 28 00 30 00 38 00 40 00 48 00 50 00  .. .(.0.8.@.H.P.
00008c50: 58 00 60 00 68 00 70 00 78 00 80 00 88 00 90 00  X.`.h.p.x.......
00008c60: 98 00 a0 00 a8 00 b0 00 b8 00 c0 00 c8 00 d0 00  ................
00008c70: d8 00 e0 00 e8 00 f0 00 f8 00 00 01 08 01 10 01  ................
00008c80: 18 01 20 01 28 01 30 01 38 01 40 01 48 01 50 01  .. .(.0.8.@.H.P.
00008c90: 58 01 60 01 68 01 70 01 78 01 80 01 88 01 90 01  X.`.h.p.x.......
00008ca0: 98 01 a0 01 a8 01 b0 01 b8 01 c0 01 c8 01 d0 01  ................
00008cb0: d8 01 e0 01 e8 01 f0 01 f8 01 00 02 08 02 10 02  ................
00008cc0: 18 02 20 02 28 02 30 02 38 02 40 02 48 02 50 02  .. .(.0.8.@.H.P.
00008cd0: 58 02 60 02 68 02 70 02 78 02 80 02 88 02 90 02  X.`.h.p.x.......
00008ce0: 98 02 a0 02 a8 02 b0 02 b8 02 c0 02 c8 02 d0 02  ................
00008cf0: d8 02 e0 02 e8 02 f0 02 f8 02 00 03 08 03 10 03  ................
00008d00: 18 03 20 03 28 03 30 03 38 03 40 03 48 03 50 03  .. .(.0.8.@.H.P.
00008d10: 58 03 60 03 68 03 70 03 78 03 80 03 88 03 90 03  X.`.h.p.x.......
00008d20: 98 03 a0 03 a8 03 b0 03 b8 03 c0 03 c8 03 d0 03  ................
00008d30: d8 03 e0 03 e8 03 f0 03 f8 03 ff 03 00 00 08 00  ................
00008d40: 10 00 18 00 20 00 28 00 30 00 38 00 40 00 48 00  .... .(.0.8.@.H.
00008d50: 50 00 58 00 60 00 68 00 70 00 78 00 80 00 88 00  P.X.`.h.p.x.....
00008d60: 90 00 98 00 a0 00 a8 00 b0 00 b8 00 c0 00 c8 00  ................
00008d70: d0 00 d8 00 e0 00 e8 00 f0 00 f8 00 00 01 08 01  ................
00008d80: 10 01 18 01 20 01 28 01 30 01 38 01 40 01 48 01  .... .(.0.8.@.H.
00008d90: 50 01 58 01 60 01 68 01 70 01 78 01 80 01 88 01  P.X.`.h.p.x.....
00008da0: 90 01 98 01 a0 01 a8 01 b0 01 b8 01 c0 01 c8 01  ................
00008db0: d0 01 d8 01 e0 01 e8 01 f0 01 f8 01 00 02 08 02  ................
00008dc0: 10 02 18 02 20 02 28 02 30 02 38 02 40 02 48 02  .... .(.0.8.@.H.
00008dd0: 50 02 58 02 60 02 68 02 70 02 78 02 80 02 88 02  P.X.`.h.p.x.....
00008de0: 90 02 98 02 a0 02 a8 02 b0 02 b8 02 c0 02 c8 02  ................
00008df0: d0 02 d8 02 e0 02 e8 02 f0 02 f8 02 00 03 08 03  ................
00008e00: 10 03 18 03 20 03 28 03 30 03 38 03 40 03 48 03  .... .(.0.8.@.H.
00008e10: 50 03 58 03 60 03 68 03 70 03 78 03 80 03 88 03  P.X.`.h.p.x.....
00008e20: 90 03 98 03 a0 03 a8 03 b0 03 b8 03 c0 03 c8 03  ................
00008e30: d0 03 d8 03 e0 03 e8 03 f0 03 f8 03 ff 03 00 00  ................
00008e40: 80 00 00 00 00 00 00 00 00 00 00 00 00 00 00 00  ................
00008e50: 00 00 00 00 00 00 00 00 00 00 00 00 00 00 00 00  ................
00008e60: 80 00 00 00 00 00 00 00 00 00 00 00 00 00 00 00  ................
00008e70: 00 00 00 00 00 00 00 00 00 00 00 00 00 00 00 00  ................
00008e80: 80 00 00 00 00 00 00 00 00 00 00 00 00 00 00 00  ................
00008e90: 00 00 00 00 00 00 00 00 00 00 00 00 00 00 00 00  ................
00008ea0: 03 00 dc 08 01 00 00 00 ff 03 84 03 65 02 43 01  ............e.C.
00008eb0: 84 00 29 00 0a 00 01 00 00 00 00 00 00 00 00 00  ..).............
00008ec0: 00 00 00 00 00 00 00 00 00 00 ff 03 84 03 65 02  ..............e.
00008ed0: 43 01 84 00 29 00 0a 00 01 00 00 00 00 00 00 00  C...)...........
00008ee0: 00 00 00 00 00 00 00 00 00 00 00 00 ff 03 84 03  ................
00008ef0: 65 02 43 01 84 00 29 00 0a 00 01 00 00 00 00 00  e.C...).........
00008f00: 00 00 00 00 00 00 00 00 00 00 00 00 00 00 05 00  ................
00008f10: 00 00 40 00 80 00 c0 00 00 01 40 01 80 01 c0 01  ..@.......@.....
00008f20: 00 02 40 02 80 02 c0 02 00 03 40 03 80 03 c0 03  ..@.......@.....
00008f30: ff 03 00 00 02 00 04 00 06 00 08 00 0a 00 0c 00  ................
00008f40: 0e 00 00 00 00 00 00 00 00 00 00 00 00 00 00 00  ................
00008f50: 00 00 d0 07 d0 07 d0 07 01 00 ff 03 00 00 00 00  ................
00008f60: 00 00 00 00 00 00 00 00 00 00 00 00 00 00 00 00  ................
00008f70: 00 00 00 00 00 00 00 00 00 00 00 00 ff 03 00 00  ................
00008f80: 00 00 00 00 00 00 00 00 00 00 00 00 00 00 00 00  ................
00008f90: 00 00 00 00 00 00 00 00 00 00 00 00 00 00 ff 03  ................
00008fa0: 00 00 00 00 00 00 00 00 00 00 00 00 00 00 00 00  ................
00008fb0: 00 00 00 00 00 00 00 00 00 00 00 00 00 00 00 00  ................
00008fc0: 06 00 00 00 87 00 08 01 7c 01 e0 01 34 02 7b 02  ........|...4.{.
00008fd0: ba 02 f1 02 22 03 4c 03 72 03 93 03 b1 03 cd 03  ....".L.r.......
00008fe0: e6 03 ff 03 00 00 03 00 06 00 10 00 00 00 00 00  ................
00008ff0: 00 00 00 00 00 00 00 00 00 00 00 00 00 00 00 00  ................
00009000: 00 00 00 00 0a 00 0a 00 0a 00 01 00 ff 03 00 00  ................
00009010: 00 00 00 00 00 00 00 00 00 00 00 00 00 00 00 00  ................
00009020: 00 00 00 00 00 00 00 00 00 00 00 00 00 00 ff 03  ................
00009030: 00 00 00 00 00 00 00 00 00 00 00 00 00 00 00 00  ................
00009040: 00 00 00 00 00 00 00 00 00 00 00 00 00 00 00 00  ................
00009050: ff 03 00 00 00 00 00 00 00 00 00 00 00 00 00 00  ................
00009060: 00 00 00 00 00 00 00 00 00 00 00 00 00 00 00 00  ................
00009070: 00 00 06 00 00 00 80 00 fc 00 6f 01 d6 01 2e 02  ..........o.....
00009080: 7a 02 bd 02 f7 02 29 03 54 03 79 03 9a 03 b7 03  z.....).T.y.....
00009090: d1 03 e9 03 ff 03 00 00 03 00 05 00 10 00 00 00  ................
000090a0: 00 00 00 00 00 00 00 00 00 00 00 00 00 00 00 00  ................
000090b0: 00 00 00 00 00 00 0a 00 0a 00 0a 00 01 00 ff 03  ................
000090c0: 00 00 00 00 00 00 00 00 00 00 00 00 00 00 00 00  ................
000090d0: 00 00 00 00 00 00 00 00 00 00 00 00 00 00 00 00  ................
000090e0: ff 03 00 00 00 00 00 00 00 00 00 00 00 00 00 00  ................
000090f0: 00 00 00 00 00 00 00 00 00 00 00 00 00 00 00 00  ................
00009100: 00 00 ff 03 00 00 00 00 00 00 00 00 00 00 00 00  ................
00009110: 00 00 00 00 00 00 00 00 00 00 00 00 00 00 00 00  ................
00009120: 00 00 00 00 05 00 00 00 8f 00 16 01 8f 01 f5 01  ................
00009130: 49 02 90 02 cd 02 03 03 31 03 5a 03 7e 03 9d 03  I.......1.Z.~...
00009140: b8 03 d2 03 e9 03 ff 03 00 00 03 00 06 00 10 00  ................
00009150: 00 00 00 00 00 00 00 00 00 00 00 00 00 00 00 00  ................
00009160: 00 00 00 00 00 00 00 00 14 00 14 00 14 00 01 00  ................
00009170: ff 03 06 00 00 00 00 00 00 00 00 00 00 00 00 00  ................
00009180: 00 00 00 00 00 00 00 00 00 00 00 00 00 00 00 00  ................
00009190: 00 00 ff 03 06 00 00 00 00 00 00 00 00 00 00 00  ................
000091a0: 00 00 00 00 00 00 00 00 00 00 00 00 00 00 00 00  ................
000091b0: 00 00 00 00 ff 03 06 00 00 00 00 00 00 00 00 00  ................
000091c0: 00 00 00 00 00 00 00 00 00 00 00 00 00 00 00 00  ................
000091d0: 00 00 00 00 00 00 04 00 00 00 24 00 52 00 88 00  ..........$.R...
000091e0: c7 00 0a 01 50 01 98 01 df 01 25 02 6a 02 af 02  ....P.....%.j...
000091f0: f3 02 36 03 7a 03 bd 03 ff 03 00 00 01 00 07 00  ..6.z...........
00009200: 10 00 00 00 00 00 00 00 00 00 00 00 00 00 00 00  ................
00009210: 00 00 00 00 00 00 00 00 00 00 32 00 32 00 32 00  ..........2.2.2.
00009220: 01 00 ff 03 4f 00 00 00 00 00 00 00 00 00 00 00  ....O...........
00009230: 00 00 00 00 00 00 00 00 00 00 00 00 00 00 00 00  ................
00009240: 00 00 00 00 ff 03 4f 00 00 00 00 00 00 00 00 00  ......O.........
00009250: 00 00 00 00 00 00 00 00 00 00 00 00 00 00 00 00  ................
00009260: 00 00 00 00 00 00 ff 03 4f 00 00 00 00 00 00 00  ........O.......
00009270: 00 00 00 00 00 00 00 00 00 00 00 00 00 00 00 00  ................
00009280: 00 00 00 00 00 00 00 00 04 00 00 00 05 00 14 00  ................
00009290: 39 00 71 00 b8 00 0a 01 62 01 bc 01 14 02 66 02  9.q.....b.....f.
000092a0: b3 02 fb 02 3f 03 81 03 c1 03 ff 03 00 00 02 00  ....?...........
000092b0: 09 00 10 00 00 00 00 00 00 00 00 00 00 00 00 00  ................
000092c0: 00 00 00 00 00 00 00 00 00 00 00 00 64 00 64 00  ............d.d.
000092d0: 64 00 01 00 ff 03 65 02 84 00 0a 00 00 00 00 00  d.....e.........
000092e0: 00 00 00 00 00 00 00 00 00 00 00 00 00 00 00 00  ................
000092f0: 00 00 00 00 00 00 ff 03 65 02 84 00 0a 00 00 00  ........e.......
00009300: 00 00 00 00 00 00 00 00 00 00 00 00 00 00 00 00  ................
00009310: 00 00 00 00 00 00 00 00 ff 03 65 02 84 00 0a 00  ..........e.....
00009320: 00 00 00 00 00 00 00 00 00 00 00 00 00 00 00 00  ................
00009330: 00 00 00 00 00 00 00 00 00 00 04 00 00 00 06 00  ................
00009340: 11 00 29 00 4e 00 7e 00 b9 00 fb 00 45 01 93 01  ..).N.~.....E...
00009350: e5 01 3a 02 91 02 eb 02 46 03 a3 03 ff 03 00 00  ..:.....F.......
00009360: 02 00 08 00 10 00 00 00 00 00 00 00 00 00 00 00  ................
00009370: 00 00 00 00 00 00 00 00 00 00 00 00 00 00 f4 01  ................
00009380: f4 01 f4 01 01 00 ff 03 e7 02 1c 01 39 00 06 00  ............9...
00009390: 00 00 00 00 00 00 00 00 00 00 00 00 00 00 00 00  ................
000093a0: 00 00 00 00 00 00 00 00 ff 03 e7 02 1c 01 39 00  ..............9.
000093b0: 06 00 00 00 00 00 00 00 00 00 00 00 00 00 00 00  ................
000093c0: 00 00 00 00 00 00 00 00 00 00 ff 03 e7 02 1c 01  ................
000093d0: 39 00 06 00 00 00 00 00 00 00 00 00 00 00 00 00  9...............
000093e0: 00 00 00 00 00 00 00 00 00 00 00 00 04 00 00 00  ................
000093f0: 07 00 16 00 35 00 6b 00 b4 00 06 01 59 01 aa 01  ....5.k.....Y...
00009400: f9 01 47 02 93 02 dd 02 27 03 6f 03 b8 03 ff 03  ..G.....'.o.....
00009410: 00 00 03 00 06 00 10 00 00 00 00 00 00 00 00 00  ................
00009420: 00 00 00 00 00 00 00 00 00 00 00 00 00 00 00 00  ................
00009430: 20 03 20 03 20 03 01 00 ff 03 e7 02 1c 01 39 00   . . .........9.
00009440: 06 00 00 00 00 00 00 00 00 00 00 00 00 00 00 00  ................
00009450: 00 00 00 00 00 00 00 00 00 00 ff 03 e7 02 1c 01  ................
00009460: 39 00 06 00 00 00 00 00 00 00 00 00 00 00 00 00  9...............
00009470: 00 00 00 00 00 00 00 00 00 00 00 00 ff 03 e7 02  ................
00009480: 1c 01 39 00 06 00 00 00 00 00 00 00 00 00 00 00  ..9.............
00009490: 00 00 00 00 00 00 00 00 00 00 00 00 00 00 04 00  ................
000094a0: 00 00 29 00 55 00 87 00 c1 00 04 01 4a 01 93 01  ..).U.......J...
000094b0: da 01 20 02 66 02 ab 02 f0 02 34 03 78 03 bc 03  .. .f.....4.x...
000094c0: ff 03 00 00 03 00 06 00 10 00 00 00 00 00 00 00  ................
000094d0: 00 00 00 00 00 00 00 00 00 00 00 00 00 00 00 00  ................
000094e0: 00 00 20 03 20 03 20 03 01 00 ff 03 1c 01 06 00  .. . . .........
000094f0: 00 00 00 00 00 00 00 00 00 00 00 00 00 00 00 00  ................
00009500: 00 00 00 00 00 00 00 00 00 00 00 00 ff 03 1c 01  ................
00009510: 06 00 00 00 00 00 00 00 00 00 00 00 00 00 00 00  ................
00009520: 00 00 00 00 00 00 00 00 00 00 00 00 00 00 ff 03  ................
00009530: 1c 01 06 00 00 00 00 00 00 00 00 00 00 00 00 00  ................
00009540: 00 00 00 00 00 00 00 00 00 00 00 00 00 00 00 00  ................
00009550: 04 00 00 00 40 00 80 00 c0 00 00 01 40 01 80 01  ....@.......@...
00009560: c0 01 00 02 40 02 80 02 c0 02 00 03 40 03 80 03  ....@.......@...
00009570: c0 03 ff 03 00 00 10 00 00 00 00 00 00 00 00 00  ................
00009580: 00 00 00 00 00 00 00 00 00 00 00 00 00 00 00 00  ................
00009590: 00 00 00 00 c8 00 c8 00 c8 00 01 00 00 00 ff 03  ................
000095a0: 84 03 65 02 43 01 84 00 29 00 0a 00 01 00 00 00  ..e.C...).......
000095b0: 00 00 00 00 00 00 00 00 00 00 00 00 00 00 00 00  ................
000095c0: 05 00 d0 07 00 00 00 00 00 00 00 00 01 00 ff 03  ................
000095d0: 06 00 00 00 00 00 00 00 00 00 00 00 00 00 00 00  ................
000095e0: 00 00 00 00 00 00 00 00 00 00 00 00 00 00 00 00  ................
000095f0: 06 00 32 00 01 00 3c 00 01 00 00 00 01 00 ff 03  ..2...<.........
00009600: 06 00 00 00 00 00 00 00 00 00 00 00 00 00 00 00  ................
00009610: 00 00 00 00 00 00 00 00 00 00 00 00 00 00 00 00  ................
00009620: 06 00 32 00 01 00 3c 00 01 00 00 00 01 00 ff 03  ..2...<.........
00009630: 4f 00 00 00 00 00 00 00 00 00 00 00 00 00 00 00  O...............
00009640: 00 00 00 00 00 00 00 00 00 00 00 00 00 00 00 00  ................
00009650: 05 00 64 00 01 00 3c 00 01 00 00 00 01 00 ff 03  ..d...<.........
00009660: 4f 00 00 00 00 00 00 00 00 00 00 00 00 00 00 00  O...............
00009670: 00 00 00 00 00 00 00 00 00 00 00 00 00 00 00 00  ................
00009680: 04 00 64 00 01 00 3c 00 01 00 00 00 01 00 ff 03  ..d...<.........
00009690: 1c 01 06 00 00 00 00 00 00 00 00 00 00 00 00 00  ................
000096a0: 00 00 00 00 00 00 00 00 00 00 00 00 00 00 00 00  ................
000096b0: 04 00 c8 00 01 00 3c 00 01 00 00 00 01 00 ff 03  ......<.........
000096c0: 18 03 6f 01 66 00 11 00 01 00 00 00 00 00 00 00  ..o.f...........
000096d0: 00 00 00 00 00 00 00 00 00 00 00 00 00 00 00 00  ................
000096e0: 04 00 e8 03 01 00 19 00 01 00 01 00 01 00 ff 03  ................
000096f0: 18 03 6f 01 66 00 11 00 01 00 00 00 00 00 00 00  ..o.f...........
00009700: 00 00 00 00 00 00 00 00 00 00 00 00 00 00 00 00  ................
00009710: 04 00 e8 03 01 00 19 00 01 00 01 00 01 00 ff 03  ................
00009720: ac 03 d7 02 db 01 05 01 79 00 2f 00 0f 00 04 00  ........y./.....
00009730: 01 00 00 00 00 00 00 00 00 00 00 00 00 00 00 00  ................
00009740: 04 00 b8 0b 00 00 00 00 00 00 00 00 01 00 ff 03  ................
00009750: e6 03 9c 03 2d 03 a7 02 1b 02 97 01 24 01 c6 00  ....-.......$...
00009760: 80 00 4f 00 2e 00 19 00 0d 00 06 00 03 00 01 00  ..O.............
00009770: 04 00 10 27 00 00 00 00 00 00 00 00 04 00 40 04  ...'..........@.
00009780: 01 00 00 00 01 00 01 00 01 00 01 00 01 00 01 00  ................
00009790: 01 00 01 00 08 00 08 00 78 00 04 00 e8 03 d0 07  ........x.......
000097a0: 40 00 20 00 00 00 08 00 14 00 ff 03 18 03 6f 01  @. ...........o.
000097b0: 66 00 11 00 01 00 00 00 00 00 00 00 00 00 00 00  f...............
000097c0: 00 00 00 00 00 00 00 00 00 00 00 00 e8 03 02 00  ................
000097d0: 00 00 0b 00 08 00 78 00 60 00 04 00 02 00 e8 03  ......x.`.......
000097e0: d0 07 40 00 18 00 00 00 08 00 14 00 0a 00 00 00  ..@.............
000097f0: 00 00 01 00 01 00 01 00 01 00 01 00 01 00 01 00  ................
00009800: 08 00 08 00 78 00 04 00 88 13 58 1b 40 00 20 00  ....x.....X.@. .
00009810: 00 00 08 00 14 00 ff 03 1c 01 06 00 00 00 00 00  ................
00009820: 00 00 00 00 00 00 00 00 00 00 00 00 00 00 00 00  ................
00009830: 00 00 00 00 00 00 00 00 c8 00 02 00 00 00 0b 00  ................
00009840: 08 00 78 00 60 00 04 00 04 00 b0 04 98 08 40 00  ..x.`.........@.
00009850: 18 00 00 00 08 00 14 00 0a 00 00 00 00 00 01 00  ................
00009860: 01 00 01 00 01 00 01 00 01 00 01 00 08 00 08 00  ................
00009870: 78 00 04 00 ac 0d 70 17 40 00 20 00 00 00 08 00  x.....p.@. .....
00009880: 14 00 ff 03 1b 02 4f 00 03 00 00 00 00 00 00 00  ......O.........
00009890: 00 00 00 00 00 00 00 00 00 00 00 00 00 00 00 00  ................
000098a0: 00 00 00 00 90 01 02 00 00 00 0c 00 10 00 78 00  ..............x.
000098b0: 10 00 0c 00 04 00 dc 05 c4 09 40 00 18 00 00 00  ..........@.....
000098c0: 08 00 14 00 0a 00 00 00 00 00 01 00 01 00 01 00  ................
000098d0: 01 00 01 00 01 00 01 00 08 00 08 00 78 00 04 00  ............x...
000098e0: 64 19 40 1f 60 00 30 00 00 00 08 00 14 00 ff 03  d.@.`.0.........
000098f0: e7 02 1c 01 39 00 06 00 00 00 00 00 00 00 00 00  ....9...........
00009900: 00 00 00 00 00 00 00 00 00 00 00 00 00 00 00 00  ................
00009910: 20 03 02 00 00 00 0d 00 08 00 78 00 60 00 04 00   .........x.`...
00009920: 04 00 dc 05 c4 09 40 00 20 00 00 00 08 00 14 00  ......@. .......
00009930: 0a 00 00 00 00 00 01 00 01 00 01 00 01 00 01 00  ................
00009940: 01 00 01 00 08 00 08 00 78 00 04 00 b0 04 98 08  ........x.......
00009950: 40 00 20 00 00 00 08 00 14 00 ff 03 cc 03 42 03  @. ...........B.
00009960: 85 02 c3 01 1c 01 a2 00 53 00 26 00 10 00 06 00  ........S.&.....
00009970: 02 00 00 00 00 00 00 00 00 00 00 00 88 13 01 00  ................
00009980: 00 00 0f 00 18 00 78 00 10 00 0c 00 04 00 08 07  ......x.........
00009990: f0 0a 40 00 20 00 00 00 08 00 14 00 0a 00 00 00  ..@. ...........
000099a0: 00 00 01 00 01 00 01 00 01 00 01 00 01 00 01 00  ................
000099b0: 08 00 08 00 78 00 04 00 dc 05 98 08 40 00 20 00  ....x.......@. .
000099c0: 00 00 08 00 14 00 ff 03 f2 03 cc 03 90 03 42 03  ..............B.
000099d0: e7 02 85 02 22 02 c3 01 6b 01 1c 01 d9 00 a2 00  ...."...k.......
000099e0: 75 00 53 00 39 00 26 00 20 4e 01 00 00 00 0f 00  u.S.9.&. N......
000099f0: 20 00 78 00 10 00 0c 00 04 00 c4 09 ac 0d 40 00   .x...........@.
00009a00: 20 00 00 00 08 00 14 00 0a 00 00 00 01 00 01 00   ...............
00009a10: 01 00 01 00 01 00 01 00 01 00 01 00 08 00 08 00  ................
00009a20: 78 00 04 00 f0 0a ac 0d 40 00 20 00 00 00 08 00  x.......@. .....
00009a30: 14 00 ff 03 f9 03 e6 03 c6 03 9c 03 68 03 2d 03  ............h.-.
00009a40: ec 02 a7 02 61 02 1b 02 d8 01 97 01 5b 01 24 01  ....a.......[.$.
00009a50: f2 00 c6 00 40 9c 01 00 00 00 0f 00 20 00 78 00  ....@....... .x.
00009a60: 10 00 0c 00 04 00 ac 0d c0 12 40 00 20 00 00 00  ..........@. ...
00009a70: 08 00 14 00 0a 00 00 00 01 00 01 00 01 00 01 00  ................
00009a80: 01 00 01 00 01 00 01 00 08 00 08 00 78 00 04 00  ............x...
00009a90: 58 1b 28 23 80 00 40 00 00 00 08 00 14 00 ff 03  X.(#..@.........
00009aa0: f9 03 e6 03 c6 03 9c 03 68 03 2d 03 ec 02 a7 02  ........h.-.....
00009ab0: 61 02 1b 02 d8 01 97 01 5b 01 24 01 f2 00 c6 00  a.......[.$.....
00009ac0: 40 9c 02 00 00 00 0e 00 08 00 78 00 60 00 04 00  @.........x.`...
00009ad0: 04 00 94 11 7c 15 60 00 20 00 00 00 08 00 14 00  ....|.`. .......
00009ae0: 64 00 00 00 01 00 01 00 01 00 01 00 01 00 01 00  d...............
00009af0: 01 00 01 00 08 00 08 00 78 00 04 00 58 1b 10 27  ........x...X..'
00009b00: 80 00 40 00 00 00 08 00 14 00 ff 03 f9 03 e6 03  ..@.............
00009b10: c6 03 9c 03 68 03 2d 03 ec 02 a7 02 61 02 1b 02  ....h.-.....a...
00009b20: d8 01 97 01 5b 01 24 01 f2 00 c6 00 40 9c 02 00  ....[.$.....@...
00009b30: 00 00 0f 00 08 00 78 00 60 00 04 00 04 00 58 1b  ......x.`.....X.
00009b40: 10 27 80 00 40 00 00 00 08 00 14 00 0a 00 00 00  .'..@...........
00009b50: 01 00 01 00 01 00 01 00 01 00 01 00 01 00 01 00  ................
00009b60: 08 00 08 00 78 00 04 00 e8 03 d0 07 40 00 20 00  ....x.......@. .
00009b70: 00 00 08 00 28 00 ff 03 18 03 6f 01 66 00 11 00  ....(.....o.f...
00009b80: 01 00 00 00 00 00 00 00 00 00 00 00 00 00 00 00  ................
00009b90: 00 00 00 00 00 00 00 00 e8 03 02 00 00 00 0b 00  ................
00009ba0: 08 00 78 00 70 00 04 00 04 00 e8 03 d0 07 40 00  ..x.p.........@.
00009bb0: 18 00 00 00 08 00 28 00 0a 00 00 00 05 00 56 00  ......(.......V.
00009bc0: 00 00 00 00 14 00 0c 00 1e 00 00 00 14 00 04 00  ................
00009bd0: 78 00 00 00 14 00 04 00 78 00 00 00 14 00 0c 00  x.......x.......
00009be0: 1e 00 00 00 14 00 0c 00 1e 00 00 00 14 00 04 00  ................
00009bf0: 78 00 00 00 14 00 04 00 78 00 00 00 14 00 04 00  x.......x.......
00009c00: 78 00 00 00 14 00 04 00 78 00 01 00 14 00 04 00  x.......x.......
00009c10: 78 00 06 00 16 00 c0 00 00 00 00 00 37 00 3c 00  x...........7.<.
00009c20: 40 00 40 00 40 00 40 00 07 00 6c 03 00 00 0e 00  @.@.@.@...l.....
00009c30: 1b 00 28 00 35 00 42 00 4f 00 5c 00 69 00 76 00  ..(.5.B.O.\.i.v.
00009c40: 83 00 90 00 9d 00 aa 00 b7 00 c4 00 d1 00 df 00  ................
00009c50: ec 00 f9 00 06 01 13 01 20 01 2e 01 3b 01 48 01  ........ ...;.H.
00009c60: 55 01 63 01 70 01 7d 01 8b 01 98 01 a5 01 b2 01  U.c.p.}.........
00009c70: bf 01 cc 01 d8 01 e5 01 f1 01 fe 01 0a 02 16 02  ................
00009c80: 21 02 2d 02 38 02 43 02 4e 02 58 02 62 02 6c 02  !.-.8.C.N.X.b.l.
00009c90: 76 02 80 02 89 02 93 02 9c 02 a4 02 ad 02 b5 02  v...............
00009ca0: be 02 c6 02 ce 02 d5 02 dd 02 e4 02 ec 02 f3 02  ................
00009cb0: fa 02 01 03 08 03 0e 03 15 03 1b 03 22 03 28 03  ............".(.
00009cc0: 2e 03 34 03 39 03 3f 03 45 03 4a 03 50 03 55 03  ..4.9.?.E.J.P.U.
00009cd0: 5a 03 5f 03 64 03 69 03 6e 03 72 03 77 03 7b 03  Z._.d.i.n.r.w.{.
00009ce0: 80 03 84 03 89 03 8d 03 91 03 95 03 99 03 9d 03  ................
00009cf0: a1 03 a4 03 a8 03 ac 03 af 03 b3 03 b6 03 ba 03  ................
00009d00: bd 03 c1 03 c4 03 c7 03 ca 03 cd 03 d1 03 d4 03  ................
00009d10: d7 03 da 03 dd 03 e0 03 e3 03 e6 03 e9 03 eb 03  ................
00009d20: ee 03 f1 03 f4 03 f7 03 fa 03 fd 03 ff 03 00 00  ................
00009d30: 0e 00 1b 00 28 00 35 00 42 00 4f 00 5c 00 69 00  ....(.5.B.O.\.i.
00009d40: 76 00 83 00 90 00 9d 00 aa 00 b7 00 c4 00 d1 00  v...............
00009d50: df 00 ec 00 f9 00 06 01 13 01 20 01 2e 01 3b 01  .......... ...;.
00009d60: 48 01 55 01 63 01 70 01 7d 01 8b 01 98 01 a5 01  H.U.c.p.}.......
00009d70: b2 01 bf 01 cc 01 d8 01 e5 01 f1 01 fe 01 0a 02  ................
00009d80: 16 02 21 02 2d 02 38 02 43 02 4e 02 58 02 62 02  ..!.-.8.C.N.X.b.
00009d90: 6c 02 76 02 80 02 89 02 93 02 9c 02 a4 02 ad 02  l.v.............
00009da0: b5 02 be 02 c6 02 ce 02 d5 02 dd 02 e4 02 ec 02  ................
00009db0: f3 02 fa 02 01 03 08 03 0e 03 15 03 1b 03 22 03  ..............".
00009dc0: 28 03 2e 03 34 03 39 03 3f 03 45 03 4a 03 50 03  (...4.9.?.E.J.P.
00009dd0: 55 03 5a 03 5f 03 64 03 69 03 6e 03 72 03 77 03  U.Z._.d.i.n.r.w.
00009de0: 7b 03 80 03 84 03 89 03 8d 03 91 03 95 03 99 03  {...............
00009df0: 9d 03 a1 03 a4 03 a8 03 ac 03 af 03 b3 03 b6 03  ................
00009e00: ba 03 bd 03 c1 03 c4 03 c7 03 ca 03 cd 03 d1 03  ................
00009e10: d4 03 d7 03 da 03 dd 03 e0 03 e3 03 e6 03 e9 03  ................
00009e20: eb 03 ee 03 f1 03 f4 03 f7 03 fa 03 fd 03 ff 03  ................
00009e30: 00 00 0e 00 1b 00 28 00 35 00 42 00 4f 00 5c 00  ......(.5.B.O.\.
00009e40: 69 00 76 00 83 00 90 00 9d 00 aa 00 b7 00 c4 00  i.v.............
00009e50: d1 00 df 00 ec 00 f9 00 06 01 13 01 20 01 2e 01  ............ ...
00009e60: 3b 01 48 01 55 01 63 01 70 01 7d 01 8b 01 98 01  ;.H.U.c.p.}.....
00009e70: a5 01 b2 01 bf 01 cc 01 d8 01 e5 01 f1 01 fe 01  ................
00009e80: 0a 02 16 02 21 02 2d 02 38 02 43 02 4e 02 58 02  ....!.-.8.C.N.X.
00009e90: 62 02 6c 02 76 02 80 02 89 02 93 02 9c 02 a4 02  b.l.v...........
00009ea0: ad 02 b5 02 be 02 c6 02 ce 02 d5 02 dd 02 e4 02  ................
00009eb0: ec 02 f3 02 fa 02 01 03 08 03 0e 03 15 03 1b 03  ................
00009ec0: 22 03 28 03 2e 03 34 03 39 03 3f 03 45 03 4a 03  ".(...4.9.?.E.J.
00009ed0: 50 03 55 03 5a 03 5f 03 64 03 69 03 6e 03 72 03  P.U.Z._.d.i.n.r.
00009ee0: 77 03 7b 03 80 03 84 03 89 03 8d 03 91 03 95 03  w.{.............
00009ef0: 99 03 9d 03 a1 03 a4 03 a8 03 ac 03 af 03 b3 03  ................
00009f00: b6 03 ba 03 bd 03 c1 03 c4 03 c7 03 ca 03 cd 03  ................
00009f10: d1 03 d4 03 d7 03 da 03 dd 03 e0 03 e3 03 e6 03  ................
00009f20: e9 03 eb 03 ee 03 f1 03 f4 03 f7 03 fa 03 fd 03  ................
00009f30: ff 03 00 00 19 00 2c 00 40 00 80 00 00 00 00 00  ......,.@.......
00009f40: 00 00 00 00 00 00 00 00 00 00 00 00 00 00 00 00  ................
00009f50: 00 00 00 00 19 00 2c 00 40 00 80 00 00 00 00 00  ......,.@.......
00009f60: 00 00 00 00 00 00 00 00 00 00 00 00 00 00 00 00  ................
00009f70: 00 00 00 00 19 00 2c 00 40 00 80 00 00 00 00 00  ......,.@.......
00009f80: 00 00 00 00 00 00 00 00 00 00 00 00 00 00 00 00  ................
00009f90: 00 00 01 00 08 00 88 00 00 00 00 00 00 00 ff 00  ................
00009fa0: 00 00 00 01 00 00 00 00 00 00 00 01 00 00 00 00  ................
00009fb0: 00 00 00 01 01 00 00 00 ff 00 00 00 88 01 a0 ff  ................
00009fc0: d8 ff a3 ff 98 01 c5 ff bf ff 5c fe e5 02 01 00  ..........\.....
00009fd0: 00 00 ff 00 00 00 c8 01 5d ff db ff a1 ff c3 01  ........].......
00009fe0: 9c ff be ff 8d ff b5 01 01 00 00 00 ff 00 00 00  ................
00009ff0: 85 01 8c ff ef ff 9c ff 14 02 50 ff fd ff f6 fe  ..........P.....
0000a000: 0d 02 01 00 00 00 ff 00 00 00 85 01 8f ff ec ff  ................
0000a010: a0 ff c1 01 9f ff f6 ff 2a ff e0 01 09 00 6a 00  ........*.....j.
0000a020: 00 00 07 00 0d 00 01 00 01 00 14 00 07 00 0d 00  ................
0000a030: 01 00 00 00 14 00 07 00 0d 00 01 00 01 00 14 00  ................
0000a040: 07 00 0d 00 01 00 01 00 14 00 07 00 0d 00 01 00  ................
0000a050: 01 00 14 00 07 00 0d 00 01 00 01 00 14 00 07 00  ................
0000a060: 0d 00 01 00 01 00 14 00 07 00 0d 00 01 00 01 00  ................
0000a070: 14 00 07 00 00 00 01 00 01 00 14 00 07 00 0d 00  ................
0000a080: 01 00 01 00 14 00 0a 00 ee 26 01 00 1f 00 80 00  .........&......
0000a090: 00 00 00 00 00 00 00 00 60 00 c0 00 00 00 10 00  ........`.......
0000a0a0: 20 00 30 00 40 00 50 00 60 00 70 00 80 00 90 00   .0.@.P.`.p.....
0000a0b0: a0 00 b0 00 c0 00 d0 00 e0 00 f0 00 00 01 10 01  ................
0000a0c0: 20 01 30 01 40 01 50 01 60 01 70 01 80 01 90 01   .0.@.P.`.p.....
0000a0d0: a0 01 b0 01 c0 01 d0 01 e0 01 f0 01 00 02 10 02  ................
0000a0e0: 20 02 30 02 40 02 50 02 60 02 70 02 80 02 90 02   .0.@.P.`.p.....
0000a0f0: a0 02 b0 02 c0 02 d0 02 e0 02 f0 02 00 03 10 03  ................
0000a100: 20 03 30 03 40 03 50 03 60 03 70 03 80 03 90 03   .0.@.P.`.p.....
0000a110: a0 03 b0 03 c0 03 d0 03 e0 03 f0 03 ff 03 00 00  ................
0000a120: 10 00 20 00 30 00 40 00 50 00 60 00 70 00 80 00  .. .0.@.P.`.p...
0000a130: 90 00 a0 00 b0 00 c0 00 d0 00 e0 00 f0 00 00 01  ................
0000a140: 10 01 20 01 30 01 40 01 50 01 60 01 70 01 80 01  .. .0.@.P.`.p...
0000a150: 90 01 a0 01 b0 01 c0 01 d0 01 e0 01 f0 01 00 02  ................
0000a160: 10 02 20 02 30 02 40 02 50 02 60 02 70 02 80 02  .. .0.@.P.`.p...
0000a170: 90 02 a0 02 b0 02 c0 02 d0 02 e0 02 f0 02 00 03  ................
0000a180: 10 03 20 03 30 03 40 03 50 03 60 03 70 03 80 03  .. .0.@.P.`.p...
0000a190: 90 03 a0 03 b0 03 c0 03 d0 03 e0 03 f0 03 ff 03  ................
0000a1a0: 00 00 10 00 20 00 30 00 40 00 50 00 60 00 70 00  .... .0.@.P.`.p.
0000a1b0: 80 00 90 00 a0 00 b0 00 c0 00 d0 00 e0 00 f0 00  ................
0000a1c0: 00 01 10 01 20 01 30 01 40 01 50 01 60 01 70 01  .... .0.@.P.`.p.
0000a1d0: 80 01 90 01 a0 01 b0 01 c0 01 d0 01 e0 01 f0 01  ................
0000a1e0: 00 02 10 02 20 02 30 02 40 02 50 02 60 02 70 02  .... .0.@.P.`.p.
0000a1f0: 80 02 90 02 a0 02 b0 02 c0 02 d0 02 e0 02 f0 02  ................
0000a200: 00 03 10 03 20 03 30 03 40 03 50 03 60 03 70 03  .... .0.@.P.`.p.
0000a210: 80 03 90 03 a0 03 b0 03 c0 03 d0 03 e0 03 f0 03  ................
0000a220: ff 03 00 00 34 00 60 00 88 00 a4 00 bc 00 d0 00  ....4.`.........
0000a230: e4 00 f8 00 08 01 1c 01 2c 01 38 01 48 01 58 01  ........,.8.H.X.
0000a240: 64 01 70 01 80 01 8c 01 98 01 a0 01 ac 01 b8 01  d.p.............
0000a250: c4 01 d0 01 d8 01 e4 01 f0 01 fc 01 08 02 14 02  ................
0000a260: 20 02 2c 02 38 02 48 02 54 02 60 02 70 02 7c 02   .,.8.H.T.`.p.|.
0000a270: 8c 02 98 02 a8 02 b8 02 c4 02 d4 02 e0 02 f0 02  ................
0000a280: 00 03 10 03 1c 03 2c 03 3c 03 4c 03 5c 03 68 03  ......,.<.L.\.h.
0000a290: 78 03 88 03 98 03 a8 03 b4 03 c4 03 d4 03 e4 03  x...............
0000a2a0: f4 03 ff 03 00 00 14 00 24 00 34 00 44 00 54 00  ........$.4.D.T.
0000a2b0: 68 00 78 00 88 00 9c 00 ac 00 c0 00 d0 00 e4 00  h.x.............
0000a2c0: f8 00 0c 01 20 01 34 01 4c 01 60 01 74 01 88 01  .... .4.L.`.t...
0000a2d0: a0 01 b4 01 c8 01 dc 01 f4 01 08 02 1c 02 30 02  ..............0.
0000a2e0: 40 02 54 02 68 02 78 02 88 02 9c 02 a8 02 b8 02  @.T.h.x.........
0000a2f0: c8 02 d4 02 e0 02 ec 02 f4 02 00 03 08 03 10 03  ................
0000a300: 1c 03 24 03 2c 03 34 03 40 03 4c 03 58 03 64 03  ..$.,.4.@.L.X.d.
0000a310: 70 03 7c 03 8c 03 98 03 a8 03 b8 03 c4 03 d4 03  p.|.............
0000a320: e4 03 f4 03 ff 03 00 00 10 00 20 00 30 00 40 00  .......... .0.@.
0000a330: 50 00 60 00 70 00 80 00 90 00 a0 00 b0 00 c0 00  P.`.p...........
0000a340: d0 00 e0 00 f0 00 00 01 10 01 20 01 30 01 40 01  .......... .0.@.
0000a350: 50 01 60 01 70 01 80 01 90 01 a0 01 b0 01 c0 01  P.`.p...........
0000a360: d0 01 e0 01 f0 01 00 02 10 02 20 02 30 02 40 02  .......... .0.@.
0000a370: 50 02 60 02 70 02 80 02 90 02 a0 02 b0 02 c0 02  P.`.p...........
0000a380: d0 02 e0 02 f0 02 00 03 10 03 20 03 30 03 40 03  .......... .0.@.
0000a390: 50 03 60 03 70 03 80 03 90 03 a0 03 b0 03 c0 03  P.`.p...........
0000a3a0: d0 03 e0 03 f0 03 ff 03 00 00 40 00 00 00 00 00  ..........@.....
0000a3b0: 00 00 00 00 00 00 00 00 00 00 00 00 00 00 00 00  ................
0000a3c0: 00 00 00 00 00 00 00 00 00 00 40 00 00 00 00 00  ..........@.....
0000a3d0: 00 00 00 00 00 00 00 00 00 00 00 00 00 00 00 00  ................
0000a3e0: 00 00 00 00 00 00 00 00 00 00 40 00 00 00 00 00  ..........@.....
0000a3f0: 00 00 00 00 00 00 00 00 00 00 00 00 00 00 00 00  ................
0000a400: 00 00 00 00 00 00 00 00 00 00 02 00 06 00 0c 00  ................
0000a410: 1b 00 35 00 40 00 00 00 00 00 00 00 00 00 00 00  ..5.@...........
0000a420: 00 00 00 00 00 00 00 00 00 00 05 00 0c 00 28 00  ..............(.
0000a430: 31 00 40 00 00 00 00 00 00 00 00 00 00 00 00 00  1.@.............
0000a440: 00 00 00 00 00 00 00 00 00 00 08 00 10 00 18 00  ................
0000a450: 20 00 28 00 30 00 38 00 00 00 00 00 00 00 00 00   .(.0.8.........
0000a460: 00 00 00 00 00 00 00 00 00 00 00 00 08 00 00 01  ................
0000a470: 1f 00 00 00 01 00 20 00 40 00 60 00 80 00 c0 00  ...... .@.`.....
0000a480: 00 00 25 00 49 00 6c 00 8d 00 ac 00 c8 00 e0 00  ..%.I.l.........
0000a490: f5 00 07 01 17 01 24 01 31 01 3d 01 49 01 55 01  ......$.1.=.I.U.
0000a4a0: 62 01 6e 01 7a 01 87 01 93 01 a0 01 ad 01 ba 01  b.n.z...........
0000a4b0: c7 01 d4 01 e1 01 ee 01 fc 01 09 02 17 02 24 02  ..............$.
0000a4c0: 32 02 40 02 4d 02 5b 02 69 02 77 02 85 02 93 02  2.@.M.[.i.w.....
0000a4d0: a1 02 b0 02 be 02 cc 02 da 02 e9 02 f7 02 06 03  ................
0000a4e0: 14 03 23 03 31 03 40 03 4f 03 5d 03 6c 03 7b 03  ..#.1.@.O.].l.{.
0000a4f0: 89 03 98 03 a7 03 b6 03 c4 03 d3 03 e2 03 f1 03  ................
0000a500: ff 03 00 00 1d 00 39 00 55 00 70 00 8b 00 a6 00  ......9.U.p.....
0000a510: c0 00 d9 00 f2 00 09 01 20 01 35 01 49 01 5b 01  ........ .5.I.[.
0000a520: 6d 01 7c 01 8b 01 98 01 a4 01 af 01 ba 01 c5 01  m.|.............
0000a530: cf 01 d8 01 e2 01 ec 01 f6 01 01 02 0c 02 17 02  ................
0000a540: 22 02 2e 02 3a 02 46 02 52 02 5f 02 6c 02 79 02  "...:.F.R._.l.y.
0000a550: 86 02 94 02 a1 02 af 02 bd 02 cb 02 da 02 e8 02  ................
0000a560: f7 02 06 03 15 03 24 03 33 03 42 03 52 03 61 03  ......$.3.B.R.a.
0000a570: 71 03 81 03 90 03 a0 03 b0 03 c0 03 d0 03 e0 03  q...............
0000a580: f0 03 ff 03 00 00 12 00 24 00 36 00 49 00 5c 00  ........$.6.I.\.
0000a590: 6f 00 83 00 97 00 ac 00 c2 00 d8 00 ef 00 06 01  o...............
0000a5a0: 1d 01 34 01 4a 01 61 01 77 01 8c 01 a0 01 b4 01  ..4.J.a.w.......
0000a5b0: c7 01 d8 01 e8 01 f7 01 05 02 13 02 1f 02 2c 02  ..............,.
0000a5c0: 38 02 44 02 50 02 5c 02 69 02 75 02 82 02 8e 02  8.D.P.\.i.u.....
0000a5d0: 9b 02 a8 02 b5 02 c2 02 cf 02 dd 02 ea 02 f7 02  ................
0000a5e0: 05 03 12 03 20 03 2e 03 3b 03 49 03 57 03 65 03  .... ...;.I.W.e.
0000a5f0: 73 03 81 03 8f 03 9d 03 ab 03 b9 03 c7 03 d5 03  s...............
0000a600: e3 03 f1 03 ff 03 00 00 11 00 21 00 32 00 42 00  ..........!.2.B.
0000a610: 53 00 64 00 75 00 86 00 97 00 a9 00 bb 00 cd 00  S.d.u...........
0000a620: e0 00 f3 00 07 01 1b 01 2f 01 44 01 5a 01 70 01  ......../.D.Z.p.
0000a630: 87 01 9e 01 b5 01 cc 01 e3 01 f9 01 0e 02 22 02  ..............".
0000a640: 34 02 45 02 54 02 62 02 6f 02 7b 02 86 02 90 02  4.E.T.b.o.{.....
0000a650: 9b 02 a5 02 b0 02 bb 02 c6 02 d1 02 dd 02 e9 02  ................
0000a660: f5 02 02 03 0f 03 1c 03 29 03 36 03 44 03 52 03  ........).6.D.R.
0000a670: 5f 03 6e 03 7c 03 8a 03 99 03 a7 03 b6 03 c4 03  _.n.|...........
0000a680: d3 03 e2 03 f1 03 ff 03 00 00 10 00 20 00 30 00  ............ .0.
0000a690: 40 00 50 00 60 00 70 00 80 00 90 00 a0 00 b0 00  @.P.`.p.........
0000a6a0: c0 00 d0 00 e0 00 f0 00 00 01 10 01 20 01 30 01  ............ .0.
0000a6b0: 40 01 50 01 60 01 70 01 80 01 90 01 a0 01 b0 01  @.P.`.p.........
0000a6c0: c0 01 d0 01 e0 01 f0 01 00 02 10 02 20 02 30 02  ............ .0.
0000a6d0: 40 02 50 02 60 02 70 02 80 02 90 02 a0 02 b0 02  @.P.`.p.........
0000a6e0: c0 02 d0 02 e0 02 f0 02 00 03 10 03 20 03 30 03  ............ .0.
0000a6f0: 40 03 50 03 60 03 70 03 80 03 90 03 a0 03 b0 03  @.P.`.p.........
0000a700: c0 03 d0 03 e0 03 f0 03 ff 03 00 00 10 00 20 00  .............. .
0000a710: 30 00 40 00 50 00 60 00 70 00 80 00 90 00 a0 00  0.@.P.`.p.......
0000a720: b0 00 c0 00 d0 00 e0 00 f0 00 00 01 10 01 20 01  .............. .
0000a730: 30 01 40 01 50 01 60 01 70 01 80 01 90 01 a0 01  0.@.P.`.p.......
0000a740: b0 01 c0 01 d0 01 e0 01 f0 01 00 02 10 02 20 02  .............. .
0000a750: 30 02 40 02 50 02 60 02 70 02 80 02 90 02 a0 02  0.@.P.`.p.......
0000a760: b0 02 c0 02 d0 02 e0 02 f0 02 00 03 10 03 20 03  .............. .
0000a770: 30 03 40 03 50 03 60 03 70 03 80 03 90 03 a0 03  0.@.P.`.p.......
0000a780: b0 03 c0 03 d0 03 e0 03 f0 03 ff 03 00 00 06 00  ................
0000a790: 0d 00 40 00 00 00 00 00 00 00 00 00 00 00 00 00  ..@.............
0000a7a0: 00 00 00 00 00 00 00 00 00 00 00 00 00 00 0e 00  ................
0000a7b0: 1a 00 40 00 00 00 00 00 00 00 00 00 00 00 00 00  ..@.............
0000a7c0: 00 00 00 00 00 00 00 00 00 00 00 00 00 00 08 00  ................
0000a7d0: 17 00 1f 00 40 00 00 00 00 00 00 00 00 00 00 00  ....@...........
0000a7e0: 00 00 00 00 00 00 00 00 00 00 00 00 00 00 14 00  ................
0000a7f0: 1d 00 27 00 40 00 00 00 00 00 00 00 00 00 00 00  ..'.@...........
0000a800: 00 00 00 00 00 00 00 00 00 00 00 00 00 00 40 00  ..............@.
0000a810: 00 00 00 00 00 00 00 00 00 00 00 00 00 00 00 00  ................
0000a820: 00 00 00 00 00 00 00 00 00 00 00 00 00 00 08 00  ................
0000a830: 10 00 18 00 20 00 28 00 30 00 38 00 00 00 00 00  .... .(.0.8.....
0000a840: 00 00 00 00 00 00 00 00 00 00 00 00 00 00 00 00  ................
0000a850: 08 00 00 01 1f 00 00 00 01 00 20 00 40 00 60 00  .......... .@.`.
0000a860: 80 00 c0 00 00 00 22 00 43 00 63 00 81 00 9d 00  ......".C.c.....
0000a870: b6 00 cd 00 e1 00 f3 00 03 01 11 01 1f 01 2b 01  ..............+.
0000a880: 37 01 43 01 4f 01 5b 01 68 01 74 01 81 01 8d 01  7.C.O.[.h.t.....
0000a890: 9a 01 a7 01 b4 01 c1 01 cf 01 dc 01 e9 01 f7 01  ................
0000a8a0: 05 02 13 02 21 02 2f 02 3d 02 4b 02 59 02 67 02  ....!./.=.K.Y.g.
0000a8b0: 76 02 84 02 93 02 a2 02 b0 02 bf 02 ce 02 dd 02  v...............
0000a8c0: ec 02 fb 02 0a 03 19 03 28 03 37 03 47 03 56 03  ........(.7.G.V.
0000a8d0: 65 03 75 03 84 03 93 03 a3 03 b2 03 c2 03 d1 03  e.u.............
0000a8e0: e1 03 f0 03 ff 03 00 00 1b 00 35 00 4f 00 69 00  ..........5.O.i.
0000a8f0: 82 00 9c 00 b4 00 cd 00 e4 00 fb 00 12 01 27 01  ..............'.
0000a900: 3c 01 4f 01 62 01 74 01 84 01 93 01 a2 01 af 01  <.O.b.t.........
0000a910: bc 01 c8 01 d3 01 df 01 ea 01 f5 01 01 02 0c 02  ................
0000a920: 18 02 24 02 30 02 3c 02 49 02 55 02 62 02 6f 02  ..$.0.<.I.U.b.o.
0000a930: 7c 02 89 02 96 02 a4 02 b1 02 bf 02 cd 02 db 02  |...............
0000a940: e9 02 f7 02 05 03 13 03 22 03 30 03 3f 03 4d 03  ........".0.?.M.
0000a950: 5c 03 6b 03 79 03 88 03 97 03 a6 03 b5 03 c4 03  \.k.y...........
0000a960: d3 03 e2 03 f1 03 ff 03 00 00 19 00 31 00 49 00  ............1.I.
0000a970: 61 00 78 00 90 00 a7 00 bf 00 d6 00 ec 00 03 01  a.x.............
0000a980: 19 01 2e 01 43 01 58 01 6d 01 80 01 94 01 a6 01  ....C.X.m.......
0000a990: b9 01 ca 01 db 01 ec 01 fc 01 0b 02 1a 02 2a 02  ..............*.
0000a9a0: 38 02 47 02 55 02 64 02 72 02 80 02 8d 02 9b 02  8.G.U.d.r.......
0000a9b0: a9 02 b6 02 c3 02 d1 02 de 02 ea 02 f7 02 04 03  ................
0000a9c0: 11 03 1d 03 2a 03 36 03 42 03 4e 03 5b 03 67 03  ....*.6.B.N.[.g.
0000a9d0: 73 03 7f 03 8a 03 96 03 a2 03 ae 03 ba 03 c5 03  s...............
0000a9e0: d1 03 dd 03 e8 03 f4 03 ff 03 00 00 15 00 29 00  ..............).
0000a9f0: 3d 00 51 00 65 00 79 00 8d 00 a0 00 b4 00 c8 00  =.Q.e.y.........
0000aa00: db 00 ef 00 02 01 16 01 29 01 3c 01 4f 01 62 01  ........).<.O.b.
0000aa10: 74 01 87 01 99 01 ab 01 bd 01 cf 01 e0 01 f1 01  t...............
0000aa20: 03 02 13 02 24 02 34 02 44 02 54 02 64 02 73 02  ....$.4.D.T.d.s.
0000aa30: 83 02 92 02 a0 02 af 02 be 02 cc 02 da 02 e8 02  ................
0000aa40: f6 02 03 03 11 03 1e 03 2b 03 38 03 45 03 52 03  ........+.8.E.R.
0000aa50: 5f 03 6c 03 78 03 85 03 91 03 9e 03 aa 03 b6 03  _.l.x...........
0000aa60: c3 03 cf 03 db 03 e7 03 f3 03 ff 03 00 00 10 00  ................
0000aa70: 20 00 30 00 40 00 50 00 60 00 70 00 80 00 90 00   .0.@.P.`.p.....
0000aa80: a0 00 b0 00 c0 00 d0 00 e0 00 f0 00 00 01 10 01  ................
0000aa90: 20 01 30 01 40 01 50 01 60 01 70 01 80 01 90 01   .0.@.P.`.p.....
0000aaa0: a0 01 b0 01 c0 01 d0 01 e0 01 f0 01 00 02 10 02  ................
0000aab0: 20 02 30 02 40 02 50 02 60 02 70 02 80 02 90 02   .0.@.P.`.p.....
0000aac0: a0 02 b0 02 c0 02 d0 02 e0 02 f0 02 00 03 10 03  ................
0000aad0: 20 03 30 03 40 03 50 03 60 03 70 03 80 03 90 03   .0.@.P.`.p.....
0000aae0: a0 03 b0 03 c0 03 d0 03 e0 03 f0 03 ff 03 00 00  ................
0000aaf0: 10 00 20 00 30 00 40 00 50 00 60 00 70 00 80 00  .. .0.@.P.`.p...
0000ab00: 90 00 a0 00 b0 00 c0 00 d0 00 e0 00 f0 00 00 01  ................
0000ab10: 10 01 20 01 30 01 40 01 50 01 60 01 70 01 80 01  .. .0.@.P.`.p...
0000ab20: 90 01 a0 01 b0 01 c0 01 d0 01 e0 01 f0 01 00 02  ................
0000ab30: 10 02 20 02 30 02 40 02 50 02 60 02 70 02 80 02  .. .0.@.P.`.p...
0000ab40: 90 02 a0 02 b0 02 c0 02 d0 02 e0 02 f0 02 00 03  ................
0000ab50: 10 03 20 03 30 03 40 03 50 03 60 03 70 03 80 03  .. .0.@.P.`.p...
0000ab60: 90 03 a0 03 b0 03 c0 03 d0 03 e0 03 f0 03 ff 03  ................
0000ab70: 00 00 05 00 0e 00 40 00 00 00 00 00 00 00 00 00  ......@.........
0000ab80: 00 00 00 00 00 00 00 00 00 00 00 00 00 00 00 00  ................
0000ab90: 00 00 10 00 1a 00 40 00 00 00 00 00 00 00 00 00  ......@.........
0000aba0: 00 00 00 00 00 00 00 00 00 00 00 00 00 00 00 00  ................
0000abb0: 00 00 13 00 1c 00 40 00 00 00 00 00 00 00 00 00  ......@.........
0000abc0: 00 00 00 00 00 00 00 00 00 00 00 00 00 00 00 00  ................
0000abd0: 00 00 1d 00 40 00 00 00 00 00 00 00 00 00 00 00  ....@...........
0000abe0: 00 00 00 00 00 00 00 00 00 00 00 00 00 00 00 00  ................
0000abf0: 00 00 40 00 00 00 00 00 00 00 00 00 00 00 00 00  ..@.............
0000ac00: 00 00 00 00 00 00 00 00 00 00 00 00 00 00 00 00  ................
0000ac10: 00 00 40 00 00 00 00 00 00 00 00 00 00 00 00 00  ..@.............
0000ac20: 00 00 00 00 00 00 00 00 00 00 00 00 00 00 00 00  ................
0000ac30: 00 00 00 00 08 00 00 01 1f 00 00 00 01 00 20 00  .............. .
0000ac40: 40 00 60 00 80 00 c0 00 00 00 20 00 3f 00 5d 00  @.`....... .?.].
0000ac50: 7b 00 97 00 b2 00 cb 00 e3 00 f8 00 0b 01 1c 01  {...............
0000ac60: 2c 01 3b 01 48 01 55 01 62 01 6e 01 7b 01 88 01  ,.;.H.U.b.n.{...
0000ac70: 95 01 a2 01 af 01 bc 01 c9 01 d6 01 e3 01 f1 01  ................
0000ac80: fe 01 0c 02 19 02 27 02 34 02 42 02 50 02 5e 02  ......'.4.B.P.^.
0000ac90: 6c 02 7a 02 88 02 96 02 a4 02 b2 02 c0 02 ce 02  l.z.............
0000aca0: dd 02 eb 02 f9 02 08 03 16 03 25 03 33 03 42 03  ..........%.3.B.
0000acb0: 50 03 5f 03 6d 03 7c 03 8a 03 99 03 a8 03 b6 03  P._.m.|.........
0000acc0: c5 03 d4 03 e2 03 f1 03 ff 03 00 00 20 00 3f 00  ............ .?.
0000acd0: 5d 00 7b 00 98 00 b3 00 cd 00 e6 00 fd 00 13 01  ].{.............
0000ace0: 28 01 3b 01 4d 01 5f 01 70 01 80 01 90 01 a0 01  (.;.M._.p.......
0000acf0: b0 01 bf 01 cf 01 de 01 ed 01 fc 01 0b 02 19 02  ................
0000ad00: 28 02 36 02 44 02 52 02 60 02 6e 02 7c 02 8a 02  (.6.D.R.`.n.|...
0000ad10: 97 02 a5 02 b2 02 bf 02 cc 02 d9 02 e6 02 f3 02  ................
0000ad20: 00 03 0c 03 19 03 26 03 32 03 3e 03 4b 03 57 03  ......&.2.>.K.W.
0000ad30: 63 03 70 03 7c 03 88 03 94 03 a0 03 ac 03 b8 03  c.p.|...........
0000ad40: c4 03 d0 03 dc 03 e8 03 f4 03 ff 03 00 00 18 00  ................
0000ad50: 30 00 48 00 60 00 78 00 8f 00 a6 00 bd 00 d4 00  0.H.`.x.........
0000ad60: ea 00 00 01 16 01 2b 01 40 01 55 01 68 01 7c 01  ......+.@.U.h.|.
0000ad70: 8f 01 a1 01 b3 01 c4 01 d4 01 e5 01 f4 01 03 02  ................
0000ad80: 12 02 21 02 2f 02 3d 02 4b 02 59 02 67 02 74 02  ..!./.=.K.Y.g.t.
0000ad90: 82 02 8f 02 9d 02 aa 02 b7 02 c5 02 d2 02 df 02  ................
0000ada0: ec 02 f9 02 06 03 12 03 1f 03 2c 03 39 03 45 03  ..........,.9.E.
0000adb0: 52 03 5e 03 6b 03 77 03 84 03 90 03 9d 03 a9 03  R.^.k.w.........
0000adc0: b6 03 c2 03 ce 03 db 03 e7 03 f3 03 ff 03 00 00  ................
0000add0: 10 00 20 00 30 00 40 00 50 00 60 00 70 00 80 00  .. .0.@.P.`.p...
0000ade0: 90 00 a0 00 b0 00 c0 00 d0 00 e0 00 f0 00 00 01  ................
0000adf0: 10 01 20 01 30 01 40 01 50 01 60 01 70 01 80 01  .. .0.@.P.`.p...
0000ae00: 90 01 a0 01 b0 01 c0 01 d0 01 e0 01 f0 01 00 02  ................
0000ae10: 10 02 20 02 30 02 40 02 50 02 60 02 70 02 80 02  .. .0.@.P.`.p...
0000ae20: 90 02 a0 02 b0 02 c0 02 d0 02 e0 02 f0 02 00 03  ................
0000ae30: 10 03 20 03 30 03 40 03 50 03 60 03 70 03 80 03  .. .0.@.P.`.p...
0000ae40: 90 03 a0 03 b0 03 c0 03 d0 03 e0 03 f0 03 ff 03  ................
0000ae50: 00 00 10 00 20 00 30 00 40 00 50 00 60 00 70 00  .... .0.@.P.`.p.
0000ae60: 80 00 90 00 a0 00 b0 00 c0 00 d0 00 e0 00 f0 00  ................
0000ae70: 00 01 10 01 20 01 30 01 40 01 50 01 60 01 70 01  .... .0.@.P.`.p.
0000ae80: 80 01 90 01 a0 01 b0 01 c0 01 d0 01 e0 01 f0 01  ................
0000ae90: 00 02 10 02 20 02 30 02 40 02 50 02 60 02 70 02  .... .0.@.P.`.p.
0000aea0: 80 02 90 02 a0 02 b0 02 c0 02 d0 02 e0 02 f0 02  ................
0000aeb0: 00 03 10 03 20 03 30 03 40 03 50 03 60 03 70 03  .... .0.@.P.`.p.
0000aec0: 80 03 90 03 a0 03 b0 03 c0 03 d0 03 e0 03 f0 03  ................
0000aed0: ff 03 00 00 10 00 20 00 30 00 40 00 50 00 60 00  ...... .0.@.P.`.
0000aee0: 70 00 80 00 90 00 a0 00 b0 00 c0 00 d0 00 e0 00  p...............
0000aef0: f0 00 00 01 10 01 20 01 30 01 40 01 50 01 60 01  ...... .0.@.P.`.
0000af00: 70 01 80 01 90 01 a0 01 b0 01 c0 01 d0 01 e0 01  p...............
0000af10: f0 01 00 02 10 02 20 02 30 02 40 02 50 02 60 02  ...... .0.@.P.`.
0000af20: 70 02 80 02 90 02 a0 02 b0 02 c0 02 d0 02 e0 02  p...............
0000af30: f0 02 00 03 10 03 20 03 30 03 40 03 50 03 60 03  ...... .0.@.P.`.
0000af40: 70 03 80 03 90 03 a0 03 b0 03 c0 03 d0 03 e0 03  p...............
0000af50: f0 03 ff 03 00 00 08 00 10 00 40 00 00 00 00 00  ..........@.....
0000af60: 00 00 00 00 00 00 00 00 00 00 00 00 00 00 00 00  ................
0000af70: 00 00 00 00 00 00 05 00 0a 00 10 00 40 00 00 00  ............@...
0000af80: 00 00 00 00 00 00 00 00 00 00 00 00 00 00 00 00  ................
0000af90: 00 00 00 00 00 00 0e 00 15 00 1d 00 40 00 00 00  ............@...
0000afa0: 00 00 00 00 00 00 00 00 00 00 00 00 00 00 00 00  ................
0000afb0: 00 00 00 00 00 00 40 00 00 00 00 00 00 00 00 00  ......@.........
0000afc0: 00 00 00 00 00 00 00 00 00 00 00 00 00 00 00 00  ................
0000afd0: 00 00 00 00 00 00 40 00 00 00 00 00 00 00 00 00  ......@.........
0000afe0: 00 00 00 00 00 00 00 00 00 00 00 00 00 00 00 00  ................
0000aff0: 00 00 00 00 00 00 40 00 00 00 00 00 00 00 00 00  ......@.........
0000b000: 00 00 00 00 00 00 00 00 00 00 00 00 00 00 00 00  ................
0000b010: 00 00 00 00 00 00 00 00 08 00 00 01 1f 00 00 00  ................
0000b020: 01 00 00 00 00 00 00 00 60 00 c0 00 00 00 10 00  ........`.......
0000b030: 20 00 30 00 40 00 50 00 60 00 70 00 80 00 90 00   .0.@.P.`.p.....
0000b040: a0 00 b0 00 c0 00 d0 00 e0 00 f0 00 00 01 10 01  ................
0000b050: 20 01 30 01 40 01 50 01 60 01 70 01 80 01 90 01   .0.@.P.`.p.....
0000b060: a0 01 b0 01 c0 01 d0 01 e0 01 f0 01 00 02 10 02  ................
0000b070: 20 02 30 02 40 02 50 02 60 02 70 02 80 02 90 02   .0.@.P.`.p.....
0000b080: a0 02 b0 02 c0 02 d0 02 e0 02 f0 02 00 03 10 03  ................
0000b090: 20 03 30 03 40 03 50 03 60 03 70 03 80 03 90 03   .0.@.P.`.p.....
0000b0a0: a0 03 b0 03 c0 03 d0 03 e0 03 f0 03 ff 03 00 00  ................
0000b0b0: 10 00 20 00 30 00 40 00 50 00 60 00 70 00 80 00  .. .0.@.P.`.p...
0000b0c0: 90 00 a0 00 b0 00 c0 00 d0 00 e0 00 f0 00 00 01  ................
0000b0d0: 10 01 20 01 30 01 40 01 50 01 60 01 70 01 80 01  .. .0.@.P.`.p...
0000b0e0: 90 01 a0 01 b0 01 c0 01 d0 01 e0 01 f0 01 00 02  ................
0000b0f0: 10 02 20 02 30 02 40 02 50 02 60 02 70 02 80 02  .. .0.@.P.`.p...
0000b100: 90 02 a0 02 b0 02 c0 02 d0 02 e0 02 f0 02 00 03  ................
0000b110: 10 03 20 03 30 03 40 03 50 03 60 03 70 03 80 03  .. .0.@.P.`.p...
0000b120: 90 03 a0 03 b0 03 c0 03 d0 03 e0 03 f0 03 ff 03  ................
0000b130: 00 00 10 00 20 00 30 00 40 00 50 00 60 00 70 00  .... .0.@.P.`.p.
0000b140: 80 00 90 00 a0 00 b0 00 c0 00 d0 00 e0 00 f0 00  ................
0000b150: 00 01 10 01 20 01 30 01 40 01 50 01 60 01 70 01  .... .0.@.P.`.p.
0000b160: 80 01 90 01 a0 01 b0 01 c0 01 d0 01 e0 01 f0 01  ................
0000b170: 00 02 10 02 20 02 30 02 40 02 50 02 60 02 70 02  .... .0.@.P.`.p.
0000b180: 80 02 90 02 a0 02 b0 02 c0 02 d0 02 e0 02 f0 02  ................
0000b190: 00 03 10 03 20 03 30 03 40 03 50 03 60 03 70 03  .... .0.@.P.`.p.
0000b1a0: 80 03 90 03 a0 03 b0 03 c0 03 d0 03 e0 03 f0 03  ................
0000b1b0: ff 03 00 00 2e 00 5a 00 82 00 a4 00 c0 00 d6 00  ......Z.........
0000b1c0: e8 00 f6 00 01 01 0b 01 15 01 1f 01 2a 01 34 01  ............*.4.
0000b1d0: 3f 01 4b 01 56 01 62 01 6d 01 7a 01 86 01 92 01  ?.K.V.b.m.z.....
0000b1e0: 9f 01 ac 01 b9 01 c7 01 d4 01 e2 01 f0 01 fd 01  ................
0000b1f0: 0c 02 1a 02 28 02 37 02 45 02 54 02 63 02 72 02  ....(.7.E.T.c.r.
0000b200: 81 02 90 02 9f 02 ae 02 be 02 cd 02 dc 02 ec 02  ................
0000b210: fb 02 0b 03 1a 03 29 03 39 03 48 03 58 03 67 03  ......).9.H.X.g.
0000b220: 76 03 86 03 95 03 a4 03 b3 03 c3 03 d2 03 e1 03  v...............
0000b230: f0 03 ff 03 00 00 0c 00 18 00 24 00 2f 00 3b 00  ..........$./.;.
0000b240: 46 00 51 00 5c 00 67 00 72 00 7c 00 86 00 90 00  F.Q.\.g.r.|.....
0000b250: 99 00 a2 00 ac 00 b5 00 be 00 c8 00 d2 00 dc 00  ................
0000b260: e7 00 f2 00 fe 00 0b 01 18 01 26 01 35 01 44 01  ..........&.5.D.
0000b270: 53 01 63 01 74 01 85 01 97 01 a9 01 bb 01 ce 01  S.c.t...........
0000b280: e1 01 f4 01 07 02 1b 02 2f 02 43 02 58 02 6c 02  ......../.C.X.l.
0000b290: 81 02 96 02 ab 02 c0 02 d5 02 ea 02 ff 02 14 03  ................
0000b2a0: 29 03 3e 03 54 03 69 03 7f 03 94 03 a9 03 bf 03  ).>.T.i.........
0000b2b0: d4 03 ea 03 ff 03 00 00 10 00 20 00 30 00 40 00  .......... .0.@.
0000b2c0: 50 00 60 00 70 00 80 00 90 00 a0 00 b0 00 c0 00  P.`.p...........
0000b2d0: d0 00 e0 00 f0 00 00 01 10 01 20 01 30 01 40 01  .......... .0.@.
0000b2e0: 50 01 60 01 70 01 80 01 90 01 a0 01 b0 01 c0 01  P.`.p...........
0000b2f0: d0 01 e0 01 f0 01 00 02 10 02 20 02 30 02 40 02  .......... .0.@.
0000b300: 50 02 60 02 70 02 80 02 90 02 a0 02 b0 02 c0 02  P.`.p...........
0000b310: d0 02 e0 02 f0 02 00 03 10 03 20 03 30 03 40 03  .......... .0.@.
0000b320: 50 03 60 03 70 03 80 03 90 03 a0 03 b0 03 c0 03  P.`.p...........
0000b330: d0 03 e0 03 f0 03 ff 03 00 00 40 00 00 00 00 00  ..........@.....
0000b340: 00 00 00 00 00 00 00 00 00 00 00 00 00 00 00 00  ................
0000b350: 00 00 00 00 00 00 00 00 00 00 40 00 00 00 00 00  ..........@.....
0000b360: 00 00 00 00 00 00 00 00 00 00 00 00 00 00 00 00  ................
0000b370: 00 00 00 00 00 00 00 00 00 00 40 00 00 00 00 00  ..........@.....
0000b380: 00 00 00 00 00 00 00 00 00 00 00 00 00 00 00 00  ................
0000b390: 00 00 00 00 00 00 00 00 00 00 03 00 0a 00 1b 00  ................
0000b3a0: 35 00 40 00 00 00 00 00 00 00 00 00 00 00 00 00  5.@.............
0000b3b0: 00 00 00 00 00 00 00 00 00 00 0c 00 17 00 2d 00  ..............-.
0000b3c0: 40 00 00 00 00 00 00 00 00 00 00 00 00 00 00 00  @...............
0000b3d0: 00 00 00 00 00 00 00 00 00 00 40 00 00 00 00 00  ..........@.....
0000b3e0: 00 00 00 00 00 00 00 00 00 00 00 00 00 00 00 00  ................
0000b3f0: 00 00 00 00 00 00 00 00 00 00 00 00 08 00 c8 00  ................
0000b400: 1f 00 00 00 01 00 00 00 00 00 00 00 60 00 c0 00  ............`...
0000b410: 00 00 10 00 20 00 30 00 40 00 50 00 60 00 70 00  .... .0.@.P.`.p.
0000b420: 80 00 90 00 a0 00 b0 00 c0 00 d0 00 e0 00 f0 00  ................
0000b430: 00 01 10 01 20 01 30 01 40 01 50 01 60 01 70 01  .... .0.@.P.`.p.
0000b440: 80 01 90 01 a0 01 b0 01 c0 01 d0 01 e0 01 f0 01  ................
0000b450: 00 02 10 02 20 02 30 02 40 02 50 02 60 02 70 02  .... .0.@.P.`.p.
0000b460: 80 02 90 02 a0 02 b0 02 c0 02 d0 02 e0 02 f0 02  ................
0000b470: 00 03 10 03 20 03 30 03 40 03 50 03 60 03 70 03  .... .0.@.P.`.p.
0000b480: 80 03 90 03 a0 03 b0 03 c0 03 d0 03 e0 03 f0 03  ................
0000b490: ff 03 00 00 10 00 20 00 30 00 40 00 50 00 60 00  ...... .0.@.P.`.
0000b4a0: 70 00 80 00 90 00 a0 00 b0 00 c0 00 d0 00 e0 00  p...............
0000b4b0: f0 00 00 01 10 01 20 01 30 01 40 01 50 01 60 01  ...... .0.@.P.`.
0000b4c0: 70 01 80 01 90 01 a0 01 b0 01 c0 01 d0 01 e0 01  p...............
0000b4d0: f0 01 00 02 10 02 20 02 30 02 40 02 50 02 60 02  ...... .0.@.P.`.
0000b4e0: 70 02 80 02 90 02 a0 02 b0 02 c0 02 d0 02 e0 02  p...............
0000b4f0: f0 02 00 03 10 03 20 03 30 03 40 03 50 03 60 03  ...... .0.@.P.`.
0000b500: 70 03 80 03 90 03 a0 03 b0 03 c0 03 d0 03 e0 03  p...............
0000b510: f0 03 ff 03 00 00 10 00 20 00 30 00 40 00 50 00  ........ .0.@.P.
0000b520: 60 00 70 00 80 00 90 00 a0 00 b0 00 c0 00 d0 00  `.p.............
0000b530: e0 00 f0 00 00 01 10 01 20 01 30 01 40 01 50 01  ........ .0.@.P.
0000b540: 60 01 70 01 80 01 90 01 a0 01 b0 01 c0 01 d0 01  `.p.............
0000b550: e0 01 f0 01 00 02 10 02 20 02 30 02 40 02 50 02  ........ .0.@.P.
0000b560: 60 02 70 02 80 02 90 02 a0 02 b0 02 c0 02 d0 02  `.p.............
0000b570: e0 02 f0 02 00 03 10 03 20 03 30 03 40 03 50 03  ........ .0.@.P.
0000b580: 60 03 70 03 80 03 90 03 a0 03 b0 03 c0 03 d0 03  `.p.............
0000b590: e0 03 f0 03 ff 03 00 00 30 00 5d 00 84 00 a5 00  ........0.].....
0000b5a0: c0 00 d5 00 e6 00 f4 00 00 01 0b 01 16 01 21 01  ..............!.
0000b5b0: 2c 01 38 01 43 01 4e 01 5a 01 65 01 71 01 7d 01  ,.8.C.N.Z.e.q.}.
0000b5c0: 89 01 95 01 a1 01 ae 01 ba 01 c7 01 d4 01 e1 01  ................
0000b5d0: ef 01 fc 01 0a 02 18 02 26 02 34 02 42 02 51 02  ........&.4.B.Q.
0000b5e0: 5f 02 6e 02 7d 02 8b 02 9a 02 a9 02 b8 02 c8 02  _.n.}...........
0000b5f0: d7 02 e6 02 f6 02 05 03 15 03 24 03 34 03 43 03  ..........$.4.C.
0000b600: 53 03 62 03 72 03 82 03 91 03 a1 03 b1 03 c1 03  S.b.r...........
0000b610: d0 03 e0 03 f0 03 ff 03 00 00 05 00 0a 00 0f 00  ................
0000b620: 15 00 1b 00 21 00 28 00 2f 00 37 00 40 00 4a 00  ....!.(./.7.@.J.
0000b630: 55 00 60 00 6d 00 7c 00 8b 00 9b 00 ab 00 bd 00  U.`.m.|.........
0000b640: cf 00 e2 00 f5 00 09 01 1d 01 31 01 45 01 5a 01  ..........1.E.Z.
0000b650: 6e 01 82 01 96 01 aa 01 be 01 d1 01 e5 01 f8 01  n...............
0000b660: 0b 02 1e 02 31 02 44 02 57 02 69 02 7c 02 8e 02  ....1.D.W.i.|...
0000b670: a0 02 b2 02 c4 02 d6 02 e8 02 fa 02 0c 03 1e 03  ................
0000b680: 2f 03 41 03 52 03 64 03 75 03 86 03 98 03 a9 03  /.A.R.d.u.......
0000b690: ba 03 cc 03 dd 03 ee 03 ff 03 00 00 10 00 20 00  .............. .
0000b6a0: 30 00 40 00 50 00 60 00 70 00 80 00 90 00 a0 00  0.@.P.`.p.......
0000b6b0: b0 00 c0 00 d0 00 e0 00 f0 00 00 01 10 01 20 01  .............. .
0000b6c0: 30 01 40 01 50 01 60 01 70 01 80 01 90 01 a0 01  0.@.P.`.p.......
0000b6d0: b0 01 c0 01 d0 01 e0 01 f0 01 00 02 10 02 20 02  .............. .
0000b6e0: 30 02 40 02 50 02 60 02 70 02 80 02 90 02 a0 02  0.@.P.`.p.......
0000b6f0: b0 02 c0 02 d0 02 e0 02 f0 02 00 03 10 03 20 03  .............. .
0000b700: 30 03 40 03 50 03 60 03 70 03 80 03 90 03 a0 03  0.@.P.`.p.......
0000b710: b0 03 c0 03 d0 03 e0 03 f0 03 ff 03 00 00 40 00  ..............@.
0000b720: 00 00 00 00 00 00 00 00 00 00 00 00 00 00 00 00  ................
0000b730: 00 00 00 00 00 00 00 00 00 00 00 00 00 00 40 00  ..............@.
0000b740: 00 00 00 00 00 00 00 00 00 00 00 00 00 00 00 00  ................
0000b750: 00 00 00 00 00 00 00 00 00 00 00 00 00 00 40 00  ..............@.
0000b760: 00 00 00 00 00 00 00 00 00 00 00 00 00 00 00 00  ................
0000b770: 00 00 00 00 00 00 00 00 00 00 00 00 00 00 03 00  ................
0000b780: 09 00 18 00 32 00 40 00 00 00 00 00 00 00 00 00  ....2.@.........
0000b790: 00 00 00 00 00 00 00 00 00 00 00 00 00 00 0d 00  ................
0000b7a0: 1c 00 40 00 00 00 00 00 00 00 00 00 00 00 00 00  ..@.............
0000b7b0: 00 00 00 00 00 00 00 00 00 00 00 00 00 00 40 00  ..............@.
0000b7c0: 00 00 00 00 00 00 00 00 00 00 00 00 00 00 00 00  ................
0000b7d0: 00 00 00 00 00 00 00 00 00 00 00 00 00 00 00 00  ................
0000b7e0: 08 00 c8 00 1f 00 00 00 01 00 00 00 00 00 00 00  ................
0000b7f0: 60 00 c0 00 00 00 10 00 20 00 30 00 40 00 50 00  `....... .0.@.P.
0000b800: 60 00 70 00 80 00 90 00 a0 00 b0 00 c0 00 d0 00  `.p.............
0000b810: e0 00 f0 00 00 01 10 01 20 01 30 01 40 01 50 01  ........ .0.@.P.
0000b820: 60 01 70 01 80 01 90 01 a0 01 b0 01 c0 01 d0 01  `.p.............
0000b830: e0 01 f0 01 00 02 10 02 20 02 30 02 40 02 50 02  ........ .0.@.P.
0000b840: 60 02 70 02 80 02 90 02 a0 02 b0 02 c0 02 d0 02  `.p.............
0000b850: e0 02 f0 02 00 03 10 03 20 03 30 03 40 03 50 03  ........ .0.@.P.
0000b860: 60 03 70 03 80 03 90 03 a0 03 b0 03 c0 03 d0 03  `.p.............
0000b870: e0 03 f0 03 ff 03 00 00 10 00 20 00 30 00 40 00  .......... .0.@.
0000b880: 50 00 60 00 70 00 80 00 90 00 a0 00 b0 00 c0 00  P.`.p...........
0000b890: d0 00 e0 00 f0 00 00 01 10 01 20 01 30 01 40 01  .......... .0.@.
0000b8a0: 50 01 60 01 70 01 80 01 90 01 a0 01 b0 01 c0 01  P.`.p...........
0000b8b0: d0 01 e0 01 f0 01 00 02 10 02 20 02 30 02 40 02  .......... .0.@.
0000b8c0: 50 02 60 02 70 02 80 02 90 02 a0 02 b0 02 c0 02  P.`.p...........
0000b8d0: d0 02 e0 02 f0 02 00 03 10 03 20 03 30 03 40 03  .......... .0.@.
0000b8e0: 50 03 60 03 70 03 80 03 90 03 a0 03 b0 03 c0 03  P.`.p...........
0000b8f0: d0 03 e0 03 f0 03 ff 03 00 00 10 00 20 00 30 00  ............ .0.
0000b900: 40 00 50 00 60 00 70 00 80 00 90 00 a0 00 b0 00  @.P.`.p.........
0000b910: c0 00 d0 00 e0 00 f0 00 00 01 10 01 20 01 30 01  ............ .0.
0000b920: 40 01 50 01 60 01 70 01 80 01 90 01 a0 01 b0 01  @.P.`.p.........
0000b930: c0 01 d0 01 e0 01 f0 01 00 02 10 02 20 02 30 02  ............ .0.
0000b940: 40 02 50 02 60 02 70 02 80 02 90 02 a0 02 b0 02  @.P.`.p.........
0000b950: c0 02 d0 02 e0 02 f0 02 00 03 10 03 20 03 30 03  ............ .0.
0000b960: 40 03 50 03 60 03 70 03 80 03 90 03 a0 03 b0 03  @.P.`.p.........
0000b970: c0 03 d0 03 e0 03 f0 03 ff 03 00 00 28 00 4f 00  ............(.O.
0000b980: 75 00 99 00 bc 00 dc 00 fa 00 15 01 2d 01 43 01  u...........-.C.
0000b990: 58 01 6b 01 7c 01 8c 01 9b 01 a9 01 b7 01 c4 01  X.k.|...........
0000b9a0: d1 01 df 01 ec 01 f9 01 06 02 13 02 20 02 2d 02  ............ .-.
0000b9b0: 3a 02 47 02 53 02 60 02 6d 02 7a 02 86 02 93 02  :.G.S.`.m.z.....
0000b9c0: 9f 02 ac 02 b8 02 c5 02 d1 02 dd 02 ea 02 f6 02  ................
0000b9d0: 02 03 0f 03 1b 03 27 03 33 03 3f 03 4b 03 57 03  ......'.3.?.K.W.
0000b9e0: 64 03 70 03 7c 03 88 03 94 03 a0 03 ac 03 b8 03  d.p.|...........
0000b9f0: c4 03 d0 03 dc 03 e8 03 f4 03 ff 03 00 00 11 00  ................
0000ba00: 21 00 32 00 42 00 53 00 63 00 74 00 85 00 95 00  !.2.B.S.c.t.....
0000ba10: a6 00 b7 00 c8 00 d9 00 ea 00 fc 00 0d 01 1f 01  ................
0000ba20: 30 01 42 01 54 01 67 01 79 01 8c 01 9e 01 b1 01  0.B.T.g.y.......
0000ba30: c5 01 d8 01 ec 01 00 02 13 02 27 02 3b 02 4e 02  ..........'.;.N.
0000ba40: 62 02 74 02 87 02 98 02 a9 02 ba 02 c9 02 d8 02  b.t.............
0000ba50: e5 02 f2 02 fe 02 09 03 14 03 1f 03 29 03 34 03  ............).4.
0000ba60: 3e 03 49 03 54 03 60 03 6c 03 79 03 87 03 95 03  >.I.T.`.l.y.....
0000ba70: a3 03 b2 03 c1 03 d0 03 e0 03 f0 03 ff 03 00 00  ................
0000ba80: 10 00 20 00 30 00 40 00 50 00 60 00 70 00 80 00  .. .0.@.P.`.p...
0000ba90: 90 00 a0 00 b0 00 c0 00 d0 00 e0 00 f0 00 00 01  ................
0000baa0: 10 01 20 01 30 01 40 01 50 01 60 01 70 01 80 01  .. .0.@.P.`.p...
0000bab0: 90 01 a0 01 b0 01 c0 01 d0 01 e0 01 f0 01 00 02  ................
0000bac0: 10 02 20 02 30 02 40 02 50 02 60 02 70 02 80 02  .. .0.@.P.`.p...
0000bad0: 90 02 a0 02 b0 02 c0 02 d0 02 e0 02 f0 02 00 03  ................
0000bae0: 10 03 20 03 30 03 40 03 50 03 60 03 70 03 80 03  .. .0.@.P.`.p...
0000baf0: 90 03 a0 03 b0 03 c0 03 d0 03 e0 03 f0 03 ff 03  ................
0000bb00: 00 00 40 00 00 00 00 00 00 00 00 00 00 00 00 00  ..@.............
0000bb10: 00 00 00 00 00 00 00 00 00 00 00 00 00 00 00 00  ................
0000bb20: 00 00 40 00 00 00 00 00 00 00 00 00 00 00 00 00  ..@.............
0000bb30: 00 00 00 00 00 00 00 00 00 00 00 00 00 00 00 00  ................
0000bb40: 00 00 40 00 00 00 00 00 00 00 00 00 00 00 00 00  ..@.............
0000bb50: 00 00 00 00 00 00 00 00 00 00 00 00 00 00 00 00  ................
0000bb60: 00 00 06 00 12 00 40 00 00 00 00 00 00 00 00 00  ......@.........
0000bb70: 00 00 00 00 00 00 00 00 00 00 00 00 00 00 00 00  ................
0000bb80: 00 00 1b 00 29 00 35 00 40 00 00 00 00 00 00 00  ....).5.@.......
0000bb90: 00 00 00 00 00 00 00 00 00 00 00 00 00 00 00 00  ................
0000bba0: 00 00 40 00 00 00 00 00 00 00 00 00 00 00 00 00  ..@.............
0000bbb0: 00 00 00 00 00 00 00 00 00 00 00 00 00 00 00 00  ................
0000bbc0: 00 00 00 00 08 00 c8 00 1f 00 00 00 01 00 00 00  ................
0000bbd0: 00 00 00 00 60 00 c0 00 00 00 10 00 20 00 30 00  ....`....... .0.
0000bbe0: 40 00 50 00 60 00 70 00 80 00 90 00 a0 00 b0 00  @.P.`.p.........
0000bbf0: c0 00 d0 00 e0 00 f0 00 00 01 10 01 20 01 30 01  ............ .0.
0000bc00: 40 01 50 01 60 01 70 01 80 01 90 01 a0 01 b0 01  @.P.`.p.........
0000bc10: c0 01 d0 01 e0 01 f0 01 00 02 10 02 20 02 30 02  ............ .0.
0000bc20: 40 02 50 02 60 02 70 02 80 02 90 02 a0 02 b0 02  @.P.`.p.........
0000bc30: c0 02 d0 02 e0 02 f0 02 00 03 10 03 20 03 30 03  ............ .0.
0000bc40: 40 03 50 03 60 03 70 03 80 03 90 03 a0 03 b0 03  @.P.`.p.........
0000bc50: c0 03 d0 03 e0 03 f0 03 ff 03 00 00 10 00 20 00  .............. .
0000bc60: 30 00 40 00 50 00 60 00 70 00 80 00 90 00 a0 00  0.@.P.`.p.......
0000bc70: b0 00 c0 00 d0 00 e0 00 f0 00 00 01 10 01 20 01  .............. .
0000bc80: 30 01 40 01 50 01 60 01 70 01 80 01 90 01 a0 01  0.@.P.`.p.......
0000bc90: b0 01 c0 01 d0 01 e0 01 f0 01 00 02 10 02 20 02  .............. .
0000bca0: 30 02 40 02 50 02 60 02 70 02 80 02 90 02 a0 02  0.@.P.`.p.......
0000bcb0: b0 02 c0 02 d0 02 e0 02 f0 02 00 03 10 03 20 03  .............. .
0000bcc0: 30 03 40 03 50 03 60 03 70 03 80 03 90 03 a0 03  0.@.P.`.p.......
0000bcd0: b0 03 c0 03 d0 03 e0 03 f0 03 ff 03 00 00 10 00  ................
0000bce0: 20 00 30 00 40 00 50 00 60 00 70 00 80 00 90 00   .0.@.P.`.p.....
0000bcf0: a0 00 b0 00 c0 00 d0 00 e0 00 f0 00 00 01 10 01  ................
0000bd00: 20 01 30 01 40 01 50 01 60 01 70 01 80 01 90 01   .0.@.P.`.p.....
0000bd10: a0 01 b0 01 c0 01 d0 01 e0 01 f0 01 00 02 10 02  ................
0000bd20: 20 02 30 02 40 02 50 02 60 02 70 02 80 02 90 02   .0.@.P.`.p.....
0000bd30: a0 02 b0 02 c0 02 d0 02 e0 02 f0 02 00 03 10 03  ................
0000bd40: 20 03 30 03 40 03 50 03 60 03 70 03 80 03 90 03   .0.@.P.`.p.....
0000bd50: a0 03 b0 03 c0 03 d0 03 e0 03 f0 03 ff 03 00 00  ................
0000bd60: 32 00 60 00 86 00 a4 00 bc 00 d0 00 e4 00 f6 00  2.`.............
0000bd70: 08 01 19 01 29 01 38 01 47 01 55 01 63 01 70 01  ....).8.G.U.c.p.
0000bd80: 7c 01 88 01 94 01 a0 01 ab 01 b6 01 c1 01 cc 01  |...............
0000bd90: d8 01 e3 01 ee 01 fa 01 06 02 12 02 1e 02 2b 02  ..............+.
0000bda0: 38 02 45 02 52 02 60 02 6d 02 7b 02 89 02 97 02  8.E.R.`.m.{.....
0000bdb0: a5 02 b4 02 c2 02 d1 02 e0 02 ef 02 fd 02 0c 03  ................
0000bdc0: 1b 03 2b 03 3a 03 49 03 58 03 67 03 76 03 86 03  ..+.:.I.X.g.v...
0000bdd0: 95 03 a4 03 b3 03 c3 03 d2 03 e1 03 f0 03 ff 03  ................
0000bde0: 00 00 11 00 22 00 32 00 43 00 54 00 65 00 76 00  ....".2.C.T.e.v.
0000bdf0: 87 00 99 00 ab 00 be 00 d0 00 e4 00 f7 00 0b 01  ................
0000be00: 20 01 34 01 49 01 5e 01 73 01 88 01 9d 01 b2 01   .4.I.^.s.......
0000be10: c7 01 dc 01 f1 01 05 02 19 02 2d 02 40 02 53 02  ..........-.@.S.
0000be20: 65 02 77 02 88 02 98 02 a8 02 b7 02 c5 02 d2 02  e.w.............
0000be30: de 02 e9 02 f4 02 fd 02 06 03 0f 03 18 03 21 03  ..............!.
0000be40: 2a 03 34 03 3e 03 49 03 55 03 61 03 6e 03 7b 03  *.4.>.I.U.a.n.{.
0000be50: 89 03 97 03 a5 03 b4 03 c2 03 d2 03 e1 03 f0 03  ................
0000be60: ff 03 00 00 10 00 20 00 30 00 40 00 50 00 60 00  ...... .0.@.P.`.
0000be70: 70 00 80 00 90 00 a0 00 b0 00 c0 00 d0 00 e0 00  p...............
0000be80: f0 00 00 01 10 01 20 01 30 01 40 01 50 01 60 01  ...... .0.@.P.`.
0000be90: 70 01 80 01 90 01 a0 01 b0 01 c0 01 d0 01 e0 01  p...............
0000bea0: f0 01 00 02 10 02 20 02 30 02 40 02 50 02 60 02  ...... .0.@.P.`.
0000beb0: 70 02 80 02 90 02 a0 02 b0 02 c0 02 d0 02 e0 02  p...............
0000bec0: f0 02 00 03 10 03 20 03 30 03 40 03 50 03 60 03  ...... .0.@.P.`.
0000bed0: 70 03 80 03 90 03 a0 03 b0 03 c0 03 d0 03 e0 03  p...............
0000bee0: f0 03 ff 03 00 00 40 00 00 00 00 00 00 00 00 00  ......@.........
0000bef0: 00 00 00 00 00 00 00 00 00 00 00 00 00 00 00 00  ................
0000bf00: 00 00 00 00 00 00 40 00 00 00 00 00 00 00 00 00  ......@.........
0000bf10: 00 00 00 00 00 00 00 00 00 00 00 00 00 00 00 00  ................
0000bf20: 00 00 00 00 00 00 40 00 00 00 00 00 00 00 00 00  ......@.........
0000bf30: 00 00 00 00 00 00 00 00 00 00 00 00 00 00 00 00  ................
0000bf40: 00 00 00 00 00 00 02 00 06 00 0c 00 1b 00 35 00  ..............5.
0000bf50: 40 00 00 00 00 00 00 00 00 00 00 00 00 00 00 00  @...............
0000bf60: 00 00 00 00 00 00 05 00 0c 00 28 00 31 00 40 00  ..........(.1.@.
0000bf70: 00 00 00 00 00 00 00 00 00 00 00 00 00 00 00 00  ................
0000bf80: 00 00 00 00 00 00 40 00 00 00 00 00 00 00 00 00  ......@.........
0000bf90: 00 00 00 00 00 00 00 00 00 00 00 00 00 00 00 00  ................
0000bfa0: 00 00 00 00 00 00 00 00 08 00 c8 00 1f 00 00 00  ................
0000bfb0: 01 00 00 00 00 00 00 00 60 00 bf 00 00 00 10 00  ........`.......
0000bfc0: 20 00 30 00 40 00 50 00 60 00 70 00 80 00 90 00   .0.@.P.`.p.....
0000bfd0: a0 00 b0 00 c0 00 d0 00 e0 00 f0 00 00 01 10 01  ................
0000bfe0: 20 01 30 01 40 01 50 01 60 01 70 01 80 01 90 01   .0.@.P.`.p.....
0000bff0: a0 01 b0 01 c0 01 d0 01 e0 01 f0 01 00 02 10 02  ................
0000c000: 20 02 30 02 40 02 50 02 60 02 70 02 80 02 90 02   .0.@.P.`.p.....
0000c010: a0 02 b0 02 c0 02 d0 02 e0 02 f0 02 00 03 10 03  ................
0000c020: 20 03 30 03 40 03 50 03 60 03 70 03 80 03 90 03   .0.@.P.`.p.....
0000c030: a0 03 b0 03 c0 03 d0 03 e0 03 f0 03 ff 03 00 00  ................
0000c040: 10 00 20 00 30 00 40 00 50 00 60 00 70 00 80 00  .. .0.@.P.`.p...
0000c050: 90 00 a0 00 b0 00 c0 00 d0 00 e0 00 f0 00 00 01  ................
0000c060: 10 01 20 01 30 01 40 01 50 01 60 01 70 01 80 01  .. .0.@.P.`.p...
0000c070: 90 01 a0 01 b0 01 c0 01 d0 01 e0 01 f0 01 00 02  ................
0000c080: 10 02 20 02 30 02 40 02 50 02 60 02 70 02 80 02  .. .0.@.P.`.p...
0000c090: 90 02 a0 02 b0 02 c0 02 d0 02 e0 02 f0 02 00 03  ................
0000c0a0: 10 03 20 03 30 03 40 03 50 03 60 03 70 03 80 03  .. .0.@.P.`.p...
0000c0b0: 90 03 a0 03 b0 03 c0 03 d0 03 e0 03 f0 03 ff 03  ................
0000c0c0: 00 00 10 00 20 00 30 00 40 00 50 00 60 00 70 00  .... .0.@.P.`.p.
0000c0d0: 80 00 90 00 a0 00 b0 00 c0 00 d0 00 e0 00 f0 00  ................
0000c0e0: 00 01 10 01 20 01 30 01 40 01 50 01 60 01 70 01  .... .0.@.P.`.p.
0000c0f0: 80 01 90 01 a0 01 b0 01 c0 01 d0 01 e0 01 f0 01  ................
0000c100: 00 02 10 02 20 02 30 02 40 02 50 02 60 02 70 02  .... .0.@.P.`.p.
0000c110: 80 02 90 02 a0 02 b0 02 c0 02 d0 02 e0 02 f0 02  ................
0000c120: 00 03 10 03 20 03 30 03 40 03 50 03 60 03 70 03  .... .0.@.P.`.p.
0000c130: 80 03 90 03 a0 03 b0 03 c0 03 d0 03 e0 03 f0 03  ................
0000c140: ff 03 00 00 32 00 60 00 86 00 a4 00 bc 00 d0 00  ....2.`.........
0000c150: e4 00 f6 00 08 01 19 01 29 01 38 01 47 01 55 01  ........).8.G.U.
0000c160: 63 01 70 01 7c 01 88 01 94 01 a0 01 ab 01 b6 01  c.p.|...........
0000c170: c1 01 cc 01 d8 01 e3 01 ee 01 fa 01 06 02 12 02  ................
0000c180: 1e 02 2b 02 38 02 45 02 52 02 60 02 6d 02 7b 02  ..+.8.E.R.`.m.{.
0000c190: 89 02 97 02 a5 02 b4 02 c2 02 d1 02 e0 02 ef 02  ................
0000c1a0: fd 02 0c 03 1b 03 2b 03 3a 03 49 03 58 03 67 03  ......+.:.I.X.g.
0000c1b0: 76 03 86 03 95 03 a4 03 b3 03 c3 03 d2 03 e1 03  v...............
0000c1c0: f0 03 ff 03 00 00 11 00 22 00 32 00 43 00 54 00  ........".2.C.T.
0000c1d0: 65 00 76 00 87 00 99 00 ab 00 be 00 d0 00 e4 00  e.v.............
0000c1e0: f7 00 0b 01 20 01 34 01 49 01 5e 01 73 01 88 01  .... .4.I.^.s...
0000c1f0: 9d 01 b2 01 c7 01 dc 01 f1 01 05 02 19 02 2d 02  ..............-.
0000c200: 40 02 53 02 65 02 77 02 88 02 98 02 a8 02 b7 02  @.S.e.w.........
0000c210: c5 02 d2 02 de 02 e9 02 f4 02 fd 02 06 03 0f 03  ................
0000c220: 18 03 21 03 2a 03 34 03 3e 03 49 03 55 03 61 03  ..!.*.4.>.I.U.a.
0000c230: 6e 03 7b 03 89 03 97 03 a5 03 b4 03 c2 03 d2 03  n.{.............
0000c240: e1 03 f0 03 ff 03 00 00 10 00 20 00 30 00 40 00  .......... .0.@.
0000c250: 50 00 60 00 70 00 80 00 90 00 a0 00 b0 00 c0 00  P.`.p...........
0000c260: d0 00 e0 00 f0 00 00 01 10 01 20 01 30 01 40 01  .......... .0.@.
0000c270: 50 01 60 01 70 01 80 01 90 01 a0 01 b0 01 c0 01  P.`.p...........
0000c280: d0 01 e0 01 f0 01 00 02 10 02 20 02 30 02 40 02  .......... .0.@.
0000c290: 50 02 60 02 70 02 80 02 90 02 a0 02 b0 02 c0 02  P.`.p...........
0000c2a0: d0 02 e0 02 f0 02 00 03 10 03 20 03 30 03 40 03  .......... .0.@.
0000c2b0: 50 03 60 03 70 03 80 03 90 03 a0 03 b0 03 c0 03  P.`.p...........
0000c2c0: d0 03 e0 03 f0 03 ff 03 00 00 40 00 00 00 00 00  ..........@.....
0000c2d0: 00 00 00 00 00 00 00 00 00 00 00 00 00 00 00 00  ................
0000c2e0: 00 00 00 00 00 00 00 00 00 00 40 00 00 00 00 00  ..........@.....
0000c2f0: 00 00 00 00 00 00 00 00 00 00 00 00 00 00 00 00  ................
0000c300: 00 00 00 00 00 00 00 00 00 00 40 00 00 00 00 00  ..........@.....
0000c310: 00 00 00 00 00 00 00 00 00 00 00 00 00 00 00 00  ................
0000c320: 00 00 00 00 00 00 00 00 00 00 02 00 06 00 0c 00  ................
0000c330: 1b 00 35 00 40 00 00 00 00 00 00 00 00 00 00 00  ..5.@...........
0000c340: 00 00 00 00 00 00 00 00 00 00 05 00 0c 00 28 00  ..............(.
0000c350: 31 00 40 00 00 00 00 00 00 00 00 00 00 00 00 00  1.@.............
0000c360: 00 00 00 00 00 00 00 00 00 00 40 00 00 00 00 00  ..........@.....
0000c370: 00 00 00 00 00 00 00 00 00 00 00 00 00 00 00 00  ................
0000c380: 00 00 00 00 00 00 00 00 00 00 00 00 08 00 c8 00  ................
0000c390: 00 00 00 00 00 00 00 00 00 00 00 00 00 00 00 00  ................
0000c3a0: 00 00 10 00 20 00 30 00 40 00 50 00 60 00 70 00  .... .0.@.P.`.p.
0000c3b0: 80 00 90 00 a0 00 b0 00 c0 00 d0 00 e0 00 f0 00  ................
0000c3c0: 00 01 10 01 20 01 30 01 40 01 50 01 60 01 70 01  .... .0.@.P.`.p.
0000c3d0: 80 01 90 01 a0 01 b0 01 c0 01 d0 01 e0 01 f0 01  ................
0000c3e0: 00 02 10 02 20 02 30 02 40 02 50 02 60 02 70 02  .... .0.@.P.`.p.
0000c3f0: 80 02 90 02 a0 02 b0 02 c0 02 d0 02 e0 02 f0 02  ................
0000c400: 00 03 10 03 20 03 30 03 40 03 50 03 60 03 70 03  .... .0.@.P.`.p.
0000c410: 80 03 90 03 a0 03 b0 03 c0 03 d0 03 e0 03 f0 03  ................
0000c420: ff 03 00 00 10 00 20 00 30 00 40 00 50 00 60 00  ...... .0.@.P.`.
0000c430: 70 00 80 00 90 00 a0 00 b0 00 c0 00 d0 00 e0 00  p...............
0000c440: f0 00 00 01 10 01 20 01 30 01 40 01 50 01 60 01  ...... .0.@.P.`.
0000c450: 70 01 80 01 90 01 a0 01 b0 01 c0 01 d0 01 e0 01  p...............
0000c460: f0 01 00 02 10 02 20 02 30 02 40 02 50 02 60 02  ...... .0.@.P.`.
0000c470: 70 02 80 02 90 02 a0 02 b0 02 c0 02 d0 02 e0 02  p...............
0000c480: f0 02 00 03 10 03 20 03 30 03 40 03 50 03 60 03  ...... .0.@.P.`.
0000c490: 70 03 80 03 90 03 a0 03 b0 03 c0 03 d0 03 e0 03  p...............
0000c4a0: f0 03 ff 03 00 00 10 00 20 00 30 00 40 00 50 00  ........ .0.@.P.
0000c4b0: 60 00 70 00 80 00 90 00 a0 00 b0 00 c0 00 d0 00  `.p.............
0000c4c0: e0 00 f0 00 00 01 10 01 20 01 30 01 40 01 50 01  ........ .0.@.P.
0000c4d0: 60 01 70 01 80 01 90 01 a0 01 b0 01 c0 01 d0 01  `.p.............
0000c4e0: e0 01 f0 01 00 02 10 02 20 02 30 02 40 02 50 02  ........ .0.@.P.
0000c4f0: 60 02 70 02 80 02 90 02 a0 02 b0 02 c0 02 d0 02  `.p.............
0000c500: e0 02 f0 02 00 03 10 03 20 03 30 03 40 03 50 03  ........ .0.@.P.
0000c510: 60 03 70 03 80 03 90 03 a0 03 b0 03 c0 03 d0 03  `.p.............
0000c520: e0 03 f0 03 ff 03 00 00 10 00 20 00 30 00 40 00  .......... .0.@.
0000c530: 50 00 60 00 70 00 80 00 90 00 a0 00 b0 00 c0 00  P.`.p...........
0000c540: d0 00 e0 00 f0 00 00 01 10 01 20 01 30 01 40 01  .......... .0.@.
0000c550: 50 01 60 01 70 01 80 01 90 01 a0 01 b0 01 c0 01  P.`.p...........
0000c560: d0 01 e0 01 f0 01 00 02 10 02 20 02 30 02 40 02  .......... .0.@.
0000c570: 50 02 60 02 70 02 80 02 90 02 a0 02 b0 02 c0 02  P.`.p...........
0000c580: d0 02 e0 02 f0 02 00 03 10 03 20 03 30 03 40 03  .......... .0.@.
0000c590: 50 03 60 03 70 03 80 03 90 03 a0 03 b0 03 c0 03  P.`.p...........
0000c5a0: d0 03 e0 03 f0 03 ff 03 00 00 10 00 20 00 30 00  ............ .0.
0000c5b0: 40 00 50 00 60 00 70 00 80 00 90 00 a0 00 b0 00  @.P.`.p.........
0000c5c0: c0 00 d0 00 e0 00 f0 00 00 01 10 01 20 01 30 01  ............ .0.
0000c5d0: 40 01 50 01 60 01 70 01 80 01 90 01 a0 01 b0 01  @.P.`.p.........
0000c5e0: c0 01 d0 01 e0 01 f0 01 00 02 10 02 20 02 30 02  ............ .0.
0000c5f0: 40 02 50 02 60 02 70 02 80 02 90 02 a0 02 b0 02  @.P.`.p.........
0000c600: c0 02 d0 02 e0 02 f0 02 00 03 10 03 20 03 30 03  ............ .0.
0000c610: 40 03 50 03 60 03 70 03 80 03 90 03 a0 03 b0 03  @.P.`.p.........
0000c620: c0 03 d0 03 e0 03 f0 03 ff 03 00 00 10 00 20 00  .............. .
0000c630: 30 00 40 00 50 00 60 00 70 00 80 00 90 00 a0 00  0.@.P.`.p.......
0000c640: b0 00 c0 00 d0 00 e0 00 f0 00 00 01 10 01 20 01  .............. .
0000c650: 30 01 40 01 50 01 60 01 70 01 80 01 90 01 a0 01  0.@.P.`.p.......
0000c660: b0 01 c0 01 d0 01 e0 01 f0 01 00 02 10 02 20 02  .............. .
0000c670: 30 02 40 02 50 02 60 02 70 02 80 02 90 02 a0 02  0.@.P.`.p.......
0000c680: b0 02 c0 02 d0 02 e0 02 f0 02 00 03 10 03 20 03  .............. .
0000c690: 30 03 40 03 50 03 60 03 70 03 80 03 90 03 a0 03  0.@.P.`.p.......
0000c6a0: b0 03 c0 03 d0 03 e0 03 f0 03 ff 03 00 00 40 00  ..............@.
0000c6b0: 00 00 00 00 00 00 00 00 00 00 00 00 00 00 00 00  ................
0000c6c0: 00 00 00 00 00 00 00 00 00 00 00 00 00 00 40 00  ..............@.
0000c6d0: 00 00 00 00 00 00 00 00 00 00 00 00 00 00 00 00  ................
0000c6e0: 00 00 00 00 00 00 00 00 00 00 00 00 00 00 40 00  ..............@.
0000c6f0: 00 00 00 00 00 00 00 00 00 00 00 00 00 00 00 00  ................
0000c700: 00 00 00 00 00 00 00 00 00 00 00 00 00 00 02 00  ................
0000c710: 06 00 0c 00 1b 00 35 00 40 00 00 00 00 00 00 00  ......5.@.......
0000c720: 00 00 00 00 00 00 00 00 00 00 00 00 00 00 05 00  ................
0000c730: 0c 00 28 00 31 00 40 00 00 00 00 00 00 00 00 00  ..(.1.@.........
0000c740: 00 00 00 00 00 00 00 00 00 00 00 00 00 00 40 00  ..............@.
0000c750: 00 00 00 00 00 00 00 00 00 00 00 00 00 00 00 00  ................
0000c760: 00 00 00 00 00 00 00 00 00 00 00 00 00 00 00 00  ................
0000c770: 01 00 00 00 0b 00 58 2b 01 00 01 00 04 00 01 00  ......X+........
0000c780: 03 00 03 00 01 00 18 00 00 00 01 00 82 ff 82 ff  ................
0000c790: 82 ff 82 ff 80 ff 7e ff 7c ff 7a ff 78 ff 76 ff  ......~.|.z.x.v.
0000c7a0: 74 ff 72 ff 70 ff 6e ff 6c ff 6a ff 68 ff 66 ff  t.r.p.n.l.j.h.f.
0000c7b0: 64 ff 64 ff 62 ff 60 ff 5e ff 5c ff 5c ff 5a ff  d.d.b.`.^.\.\.Z.
0000c7c0: 58 ff 58 ff 56 ff 54 ff 54 ff 52 ff 52 ff 50 ff  X.X.V.T.T.R.R.P.
0000c7d0: 50 ff 4e ff 4e ff 4c ff 4c ff 4c ff 4a ff 4a ff  P.N.N.L.L.L.J.J.
0000c7e0: 4a ff 4a ff 4a ff 4a ff 4a ff 4a ff 4a ff 4a ff  J.J.J.J.J.J.J.J.
0000c7f0: 4a ff 4a ff 4a ff 4c ff 4c ff 4c ff 4e ff 4e ff  J.J.J.L.L.L.N.N.
0000c800: 50 ff 50 ff 52 ff 54 ff 56 ff 58 ff 58 ff 5a ff  P.P.R.T.V.X.X.Z.
0000c810: 5c ff 5e ff 60 ff 64 ff 66 ff 68 ff 6a ff 6c ff  \.^.`.d.f.h.j.l.
0000c820: 70 ff 72 ff 74 ff 78 ff 7a ff 7c ff 80 ff 82 ff  p.r.t.x.z.|.....
0000c830: 86 ff 88 ff 8c ff 8e ff 92 ff 96 ff 98 ff 9c ff  ................
0000c840: 9e ff a2 ff a4 ff a8 ff ac ff ae ff b2 ff b4 ff  ................
0000c850: b8 ff ba ff be ff c0 ff c4 ff c6 ff ca ff cc ff  ................
0000c860: d0 ff d2 ff d6 ff d8 ff da ff de ff e0 ff e2 ff  ................
0000c870: e4 ff e6 ff e8 ff ea ff ee ff f0 ff f0 ff f2 ff  ................
0000c880: f4 ff f6 ff f8 ff fa ff fc ff fe ff 00 00 04 00  ................
0000c890: 06 00 08 00 0c 00 0e 00 10 00 14 00 16 00 18 00  ................
0000c8a0: 1c 00 1e 00 22 00 24 00 26 00 28 00 2c 00 2e 00  ....".$.&.(.,...
0000c8b0: 30 00 32 00 36 00 38 00 3a 00 3c 00 3e 00 40 00  0.2.6.8.:.<.>.@.
0000c8c0: 44 00 46 00 48 00 4a 00 4c 00 4e 00 50 00 52 00  D.F.H.J.L.N.P.R.
0000c8d0: 54 00 56 00 58 00 58 00 5a 00 5c 00 5e 00 60 00  T.V.X.X.Z.\.^.`.
0000c8e0: 62 00 64 00 64 00 66 00 68 00 68 00 6a 00 6c 00  b.d.d.f.h.h.j.l.
0000c8f0: 6c 00 6e 00 70 00 70 00 72 00 72 00 74 00 74 00  l.n.p.p.r.r.t.t.
0000c900: 76 00 76 00 78 00 78 00 7a 00 7a 00 7c 00 7c 00  v.v.x.x.z.z.|.|.
0000c910: 7c 00 7c 00 7e 00 7e 00 7e 00 7e 00 80 00 80 00  |.|.~.~.~.~.....
0000c920: 80 00 80 00 80 00 80 00 80 00 82 00 82 00 82 00  ................
0000c930: 82 00 82 00 82 00 82 00 80 00 80 00 80 00 80 00  ................
0000c940: 80 00 80 00 80 00 80 00 7e 00 7e 00 7e 00 7e 00  ........~.~.~.~.
0000c950: 7e 00 7c 00 7c 00 7c 00 7c 00 7a 00 7a 00 7a 00  ~.|.|.|.|.z.z.z.
0000c960: 7a 00 78 00 78 00 78 00 76 00 76 00 76 00 74 00  z.x.x.x.v.v.v.t.
0000c970: 74 00 74 00 72 00 72 00 70 00 70 00 70 00 6e 00  t.t.r.r.p.p.p.n.
0000c980: 6e 00 6e 00 6c 00 6c 00 6a 00 6a 00 54 ff 54 ff  n.n.l.l.j.j.T.T.
0000c990: 54 ff 54 ff 54 ff 54 ff 54 ff 54 ff 54 ff 52 ff  T.T.T.T.T.T.T.R.
0000c9a0: 52 ff 52 ff 50 ff 50 ff 50 ff 4e ff 4e ff 4e ff  R.R.P.P.P.N.N.N.
0000c9b0: 4c ff 4c ff 4c ff 4a ff 4a ff 4a ff 4a ff 48 ff  L.L.L.J.J.J.J.H.
0000c9c0: 48 ff 48 ff 48 ff 48 ff 46 ff 46 ff 46 ff 46 ff  H.H.H.H.F.F.F.F.
0000c9d0: 46 ff 46 ff 46 ff 46 ff 46 ff 46 ff 46 ff 46 ff  F.F.F.F.F.F.F.F.
0000c9e0: 48 ff 48 ff 48 ff 48 ff 4a ff 4a ff 4a ff 4c ff  H.H.H.H.J.J.J.L.
0000c9f0: 4c ff 4e ff 4e ff 50 ff 50 ff 52 ff 52 ff 54 ff  L.N.N.P.P.R.R.T.
0000ca00: 56 ff 58 ff 5a ff 5a ff 5c ff 5e ff 60 ff 64 ff  V.X.Z.Z.\.^.`.d.
0000ca10: 66 ff 68 ff 6a ff 6c ff 6e ff 72 ff 74 ff 76 ff  f.h.j.l.n.r.t.v.
0000ca20: 7a ff 7c ff 80 ff 82 ff 86 ff 88 ff 8a ff 8e ff  z.|.............
0000ca30: 92 ff 94 ff 98 ff 9a ff 9e ff a0 ff a4 ff a6 ff  ................
0000ca40: aa ff ac ff b0 ff b4 ff b6 ff ba ff bc ff c0 ff  ................
0000ca50: c2 ff c6 ff c8 ff cc ff ce ff d0 ff d4 ff d6 ff  ................
0000ca60: d8 ff dc ff de ff e0 ff e2 ff e4 ff e8 ff ea ff  ................
0000ca70: ec ff ee ff ee ff f0 ff f2 ff f4 ff f6 ff f8 ff  ................
0000ca80: f8 ff fa ff fc ff fe ff 00 00 02 00 02 00 06 00  ................
0000ca90: 08 00 0a 00 0c 00 0e 00 10 00 14 00 16 00 18 00  ................
0000caa0: 1a 00 1e 00 20 00 24 00 26 00 28 00 2c 00 2e 00  .... .$.&.(.,...
0000cab0: 30 00 32 00 36 00 38 00 3a 00 3c 00 40 00 42 00  0.2.6.8.:.<.@.B.
0000cac0: 44 00 46 00 48 00 4a 00 4c 00 4e 00 50 00 52 00  D.F.H.J.L.N.P.R.
0000cad0: 54 00 54 00 56 00 58 00 5a 00 5c 00 5c 00 5e 00  T.T.V.X.Z.\.\.^.
0000cae0: 60 00 60 00 62 00 64 00 64 00 66 00 66 00 68 00  `.`.b.d.d.f.f.h.
0000caf0: 6a 00 6a 00 6c 00 6c 00 6c 00 6e 00 6e 00 70 00  j.j.l.l.l.n.n.p.
0000cb00: 70 00 70 00 72 00 72 00 72 00 74 00 74 00 74 00  p.p.r.r.r.t.t.t.
0000cb10: 74 00 76 00 76 00 76 00 76 00 76 00 78 00 78 00  t.v.v.v.v.v.x.x.
0000cb20: 78 00 78 00 78 00 78 00 78 00 78 00 78 00 78 00  x.x.x.x.x.x.x.x.
0000cb30: 78 00 78 00 78 00 78 00 78 00 78 00 78 00 78 00  x.x.x.x.x.x.x.x.
0000cb40: 78 00 78 00 78 00 78 00 78 00 76 00 76 00 76 00  x.x.x.x.x.v.v.v.
0000cb50: 76 00 76 00 76 00 76 00 74 00 74 00 74 00 74 00  v.v.v.v.t.t.t.t.
0000cb60: 74 00 74 00 72 00 72 00 72 00 72 00 72 00 70 00  t.t.r.r.r.r.r.p.
0000cb70: 70 00 70 00 70 00 6e 00 6e 00 6e 00 6e 00 6c 00  p.p.p.n.n.n.n.l.
0000cb80: 6c 00 6c 00 6c 00 6a 00 6a 00 6a 00 02 00 3a 00  l.l.l.j.j.j...:.
0000cb90: 74 00 80 00 88 00 c6 00 fe 00 ff 00 00 00 00 00  t...............
0000cba0: 00 00 00 00 00 00 00 00 00 00 00 00 06 00 3c 00  ..............<.
0000cbb0: 74 00 80 00 92 00 fc 00 ff 00 00 00 00 00 00 00  t...............
0000cbc0: 00 00 00 00 00 00 00 00 00 00 00 00 01 00 04 00  ................
0000cbd0: 01 00 03 00 00 00 01 00 18 00 00 00 01 00 3c ff  ..............<.
0000cbe0: 3b ff 3a ff 3a ff 39 ff 38 ff 37 ff 36 ff 35 ff  ;.:.:.9.8.7.6.5.
0000cbf0: 34 ff 33 ff 32 ff 32 ff 31 ff 30 ff 2f ff 2f ff  4.3.2.2.1.0././.
0000cc00: 2e ff 2d ff 2d ff 2c ff 2c ff 2b ff 2b ff 2a ff  ..-.-.,.,.+.+.*.
0000cc10: 2a ff 2a ff 2a ff 29 ff 29 ff 29 ff 29 ff 29 ff  *.*.*.).).).).).
0000cc20: 2a ff 2a ff 2a ff 2a ff 2b ff 2b ff 2c ff 2d ff  *.*.*.*.+.+.,.-.
0000cc30: 2d ff 2e ff 2f ff 30 ff 31 ff 33 ff 34 ff 35 ff  -.../.0.1.3.4.5.
0000cc40: 37 ff 38 ff 3a ff 3c ff 3e ff 40 ff 42 ff 44 ff  7.8.:.<.>.@.B.D.
0000cc50: 46 ff 49 ff 4b ff 4e ff 50 ff 53 ff 56 ff 58 ff  F.I.K.N.P.S.V.X.
0000cc60: 5b ff 5e ff 61 ff 64 ff 67 ff 6a ff 6e ff 71 ff  [.^.a.d.g.j.n.q.
0000cc70: 74 ff 77 ff 7b ff 7e ff 81 ff 85 ff 88 ff 8b ff  t.w.{.~.........
0000cc80: 8f ff 92 ff 96 ff 99 ff 9d ff a0 ff a4 ff a7 ff  ................
0000cc90: ab ff ae ff b1 ff b5 ff b8 ff bb ff bf ff c2 ff  ................
0000cca0: c5 ff c8 ff cb ff ce ff d1 ff d4 ff d7 ff da ff  ................
0000ccb0: dc ff df ff e1 ff e4 ff e6 ff e8 ff ea ff ec ff  ................
0000ccc0: ee ff f0 ff f1 ff f3 ff f4 ff f5 ff f7 ff f8 ff  ................
0000ccd0: f9 ff fa ff fb ff fc ff fd ff fe ff ff ff 00 00  ................
0000cce0: 01 00 02 00 03 00 04 00 05 00 06 00 07 00 08 00  ................
0000ccf0: 09 00 0a 00 0c 00 0d 00 0f 00 10 00 12 00 14 00  ................
0000cd00: 16 00 18 00 1a 00 1d 00 1f 00 22 00 24 00 27 00  ..........".$.'.
0000cd10: 2a 00 2d 00 30 00 33 00 36 00 39 00 3c 00 3f 00  *.-.0.3.6.9.<.?.
0000cd20: 42 00 45 00 49 00 4c 00 4f 00 52 00 55 00 59 00  B.E.I.L.O.R.U.Y.
0000cd30: 5c 00 5f 00 62 00 65 00 68 00 6b 00 6d 00 70 00  \._.b.e.h.k.m.p.
0000cd40: 73 00 76 00 78 00 7a 00 7d 00 7f 00 81 00 83 00  s.v.x.z.}.......
0000cd50: 85 00 87 00 89 00 8a 00 8c 00 8d 00 8f 00 90 00  ................
0000cd60: 91 00 92 00 93 00 94 00 95 00 96 00 96 00 97 00  ................
0000cd70: 98 00 98 00 99 00 99 00 99 00 99 00 99 00 9a 00  ................
0000cd80: 9a 00 9a 00 99 00 99 00 99 00 99 00 98 00 98 00  ................
0000cd90: 97 00 97 00 96 00 96 00 95 00 94 00 94 00 93 00  ................
0000cda0: 92 00 91 00 90 00 8f 00 8e 00 8d 00 8c 00 8b 00  ................
0000cdb0: 8a 00 89 00 88 00 87 00 85 00 84 00 83 00 82 00  ................
0000cdc0: 80 00 7f 00 7e 00 7c 00 7b 00 79 00 78 00 76 00  ....~.|.{.y.x.v.
0000cdd0: 75 00 74 00 72 00 71 00 6f 00 6e 00 6c 00 30 ff  u.t.r.q.o.n.l.0.
0000cde0: 30 ff 31 ff 31 ff 31 ff 31 ff 31 ff 31 ff 31 ff  0.1.1.1.1.1.1.1.
0000cdf0: 31 ff 31 ff 32 ff 32 ff 32 ff 32 ff 32 ff 32 ff  1.1.2.2.2.2.2.2.
0000ce00: 32 ff 33 ff 33 ff 33 ff 33 ff 34 ff 34 ff 34 ff  2.3.3.3.3.4.4.4.
0000ce10: 35 ff 35 ff 35 ff 36 ff 36 ff 37 ff 37 ff 38 ff  5.5.5.6.6.7.7.8.
0000ce20: 38 ff 39 ff 39 ff 3a ff 3b ff 3b ff 3c ff 3d ff  8.9.9.:.;.;.<.=.
0000ce30: 3d ff 3e ff 3f ff 40 ff 41 ff 42 ff 43 ff 44 ff  =.>.?.@.A.B.C.D.
0000ce40: 45 ff 46 ff 47 ff 48 ff 4a ff 4b ff 4c ff 4d ff  E.F.G.H.J.K.L.M.
0000ce50: 4f ff 50 ff 52 ff 53 ff 55 ff 57 ff 58 ff 5a ff  O.P.R.S.U.W.X.Z.
0000ce60: 5c ff 5e ff 60 ff 62 ff 64 ff 66 ff 68 ff 6a ff  \.^.`.b.d.f.h.j.
0000ce70: 6d ff 6f ff 72 ff 74 ff 77 ff 79 ff 7c ff 7f ff  m.o.r.t.w.y.|...
0000ce80: 82 ff 85 ff 88 ff 8b ff 8e ff 91 ff 95 ff 98 ff  ................
0000ce90: 9c ff 9f ff a3 ff a7 ff aa ff ae ff b2 ff b6 ff  ................
0000cea0: ba ff be ff c1 ff c5 ff c9 ff cc ff d0 ff d4 ff  ................
0000ceb0: d7 ff da ff dd ff e1 ff e4 ff e6 ff e9 ff ec ff  ................
0000cec0: ee ff f0 ff f2 ff f4 ff f5 ff f7 ff f8 ff f9 ff  ................
0000ced0: fb ff fc ff fd ff fe ff ff ff ff ff 00 00 01 00  ................
0000cee0: 02 00 03 00 04 00 06 00 07 00 08 00 09 00 0b 00  ................
0000cef0: 0c 00 0d 00 0f 00 11 00 12 00 14 00 16 00 18 00  ................
0000cf00: 1a 00 1b 00 1e 00 20 00 22 00 24 00 26 00 28 00  ...... .".$.&.(.
0000cf10: 2b 00 2d 00 2f 00 31 00 34 00 36 00 38 00 3b 00  +.-./.1.4.6.8.;.
0000cf20: 3d 00 3f 00 42 00 44 00 46 00 48 00 4b 00 4d 00  =.?.B.D.F.H.K.M.
0000cf30: 4f 00 51 00 53 00 55 00 57 00 59 00 5b 00 5d 00  O.Q.S.U.W.Y.[.].
0000cf40: 5f 00 61 00 63 00 64 00 66 00 68 00 6a 00 6b 00  _.a.c.d.f.h.j.k.
0000cf50: 6d 00 6e 00 70 00 71 00 73 00 74 00 76 00 77 00  m.n.p.q.s.t.v.w.
0000cf60: 78 00 7a 00 7b 00 7c 00 7d 00 7e 00 7f 00 80 00  x.z.{.|.}.~.....
0000cf70: 81 00 82 00 83 00 84 00 85 00 85 00 86 00 87 00  ................
0000cf80: 87 00 88 00 88 00 88 00 89 00 89 00 89 00 89 00  ................
0000cf90: 8a 00 8a 00 8a 00 8a 00 8a 00 8a 00 89 00 89 00  ................
0000cfa0: 89 00 89 00 89 00 88 00 88 00 88 00 88 00 87 00  ................
0000cfb0: 87 00 86 00 86 00 86 00 85 00 85 00 85 00 84 00  ................
0000cfc0: 84 00 84 00 83 00 83 00 83 00 82 00 82 00 82 00  ................
0000cfd0: 82 00 81 00 81 00 81 00 81 00 81 00 81 00 00 00  ................
0000cfe0: 32 00 56 00 70 00 80 00 90 00 a4 00 b4 00 ff 00  2.V.p...........
0000cff0: 00 00 00 00 00 00 00 00 00 00 00 00 00 00 00 00  ................
0000d000: 3a 00 58 00 72 00 80 00 8e 00 a4 00 d6 00 fe 00  :.X.r...........
0000d010: ff 00 00 00 00 00 00 00 00 00 00 00 00 00 01 00  ................
0000d020: 04 00 01 00 03 00 00 00 01 00 18 00 00 00 01 00  ................
0000d030: 30 ff 30 ff 30 ff 30 ff 30 ff 30 ff 2f ff 2f ff  0.0.0.0.0.0././.
0000d040: 2f ff 2f ff 2f ff 2f ff 2f ff 2f ff 2f ff 2f ff  /./././././././.
0000d050: 2f ff 2f ff 2f ff 2f ff 2f ff 2f ff 2f ff 2f ff  /./././././././.
0000d060: 2f ff 30 ff 30 ff 30 ff 30 ff 31 ff 31 ff 32 ff  /.0.0.0.0.1.1.2.
0000d070: 32 ff 33 ff 33 ff 34 ff 34 ff 35 ff 36 ff 37 ff  2.3.3.4.4.5.6.7.
0000d080: 37 ff 38 ff 39 ff 3a ff 3b ff 3c ff 3d ff 3e ff  7.8.9.:.;.<.=.>.
0000d090: 40 ff 41 ff 42 ff 44 ff 45 ff 46 ff 48 ff 4a ff  @.A.B.D.E.F.H.J.
0000d0a0: 4b ff 4d ff 4f ff 50 ff 52 ff 54 ff 56 ff 58 ff  K.M.O.P.R.T.V.X.
0000d0b0: 5a ff 5c ff 5e ff 61 ff 63 ff 65 ff 68 ff 6a ff  Z.\.^.a.c.e.h.j.
0000d0c0: 6d ff 6f ff 72 ff 75 ff 78 ff 7a ff 7d ff 80 ff  m.o.r.u.x.z.}...
0000d0d0: 83 ff 87 ff 8a ff 8d ff 90 ff 94 ff 97 ff 9a ff  ................
0000d0e0: 9e ff a2 ff a5 ff a9 ff ac ff b0 ff b4 ff b7 ff  ................
0000d0f0: bb ff be ff c2 ff c6 ff c9 ff cc ff d0 ff d3 ff  ................
0000d100: d6 ff d9 ff dc ff df ff e2 ff e5 ff e7 ff ea ff  ................
0000d110: ec ff ee ff f0 ff f2 ff f4 ff f5 ff f7 ff f8 ff  ................
0000d120: f9 ff fa ff fb ff fc ff fd ff fe ff fe ff ff ff  ................
0000d130: 00 00 01 00 02 00 03 00 03 00 04 00 06 00 07 00  ................
0000d140: 08 00 09 00 0a 00 0c 00 0d 00 0f 00 11 00 13 00  ................
0000d150: 15 00 17 00 19 00 1c 00 1e 00 21 00 24 00 27 00  ..........!.$.'.
0000d160: 2a 00 2d 00 30 00 33 00 36 00 3a 00 3d 00 40 00  *.-.0.3.6.:.=.@.
0000d170: 44 00 47 00 4a 00 4d 00 50 00 54 00 57 00 59 00  D.G.J.M.P.T.W.Y.
0000d180: 5c 00 5f 00 62 00 64 00 66 00 68 00 6b 00 6d 00  \._.b.d.f.h.k.m.
0000d190: 6e 00 70 00 72 00 73 00 75 00 76 00 77 00 79 00  n.p.r.s.u.v.w.y.
0000d1a0: 7a 00 7b 00 7b 00 7c 00 7d 00 7e 00 7e 00 7f 00  z.{.{.|.}.~.~...
0000d1b0: 7f 00 80 00 80 00 80 00 81 00 81 00 81 00 81 00  ................
0000d1c0: 81 00 81 00 81 00 81 00 81 00 81 00 81 00 81 00  ................
0000d1d0: 81 00 80 00 80 00 80 00 80 00 7f 00 7f 00 7f 00  ................
0000d1e0: 7e 00 7e 00 7e 00 7d 00 7d 00 7c 00 7c 00 7c 00  ~.~.~.}.}.|.|.|.
0000d1f0: 7b 00 7b 00 7a 00 79 00 79 00 78 00 78 00 77 00  {.{.z.y.y.x.x.w.
0000d200: 77 00 76 00 75 00 75 00 74 00 73 00 73 00 72 00  w.v.u.u.t.s.s.r.
0000d210: 71 00 71 00 70 00 6f 00 6f 00 6e 00 6d 00 6d 00  q.q.p.o.o.n.m.m.
0000d220: 6c 00 6b 00 6a 00 6a 00 69 00 68 00 67 00 66 00  l.k.j.j.i.h.g.f.
0000d230: 34 ff 34 ff 34 ff 34 ff 34 ff 33 ff 33 ff 33 ff  4.4.4.4.4.3.3.3.
0000d240: 32 ff 32 ff 32 ff 32 ff 31 ff 31 ff 31 ff 31 ff  2.2.2.2.1.1.1.1.
0000d250: 31 ff 31 ff 31 ff 31 ff 31 ff 31 ff 31 ff 31 ff  1.1.1.1.1.1.1.1.
0000d260: 31 ff 31 ff 32 ff 32 ff 33 ff 33 ff 34 ff 34 ff  1.1.2.2.3.3.4.4.
0000d270: 35 ff 36 ff 37 ff 38 ff 39 ff 3a ff 3b ff 3c ff  5.6.7.8.9.:.;.<.
0000d280: 3d ff 3f ff 40 ff 42 ff 44 ff 46 ff 47 ff 49 ff  =.?.@.B.D.F.G.I.
0000d290: 4b ff 4e ff 50 ff 52 ff 54 ff 57 ff 59 ff 5c ff  K.N.P.R.T.W.Y.\.
0000d2a0: 5e ff 61 ff 64 ff 67 ff 69 ff 6c ff 6f ff 72 ff  ^.a.d.g.i.l.o.r.
0000d2b0: 75 ff 78 ff 7b ff 7e ff 80 ff 83 ff 86 ff 89 ff  u.x.{.~.........
0000d2c0: 8c ff 8f ff 92 ff 95 ff 98 ff 9b ff 9e ff a1 ff  ................
0000d2d0: a4 ff a7 ff aa ff ad ff b0 ff b2 ff b5 ff b8 ff  ................
0000d2e0: ba ff bd ff c0 ff c2 ff c5 ff c7 ff c9 ff cc ff  ................
0000d2f0: ce ff d1 ff d3 ff d5 ff d7 ff d9 ff db ff dd ff  ................
0000d300: df ff e1 ff e3 ff e5 ff e7 ff e9 ff ea ff ec ff  ................
0000d310: ed ff ef ff f0 ff f2 ff f3 ff f4 ff f6 ff f7 ff  ................
0000d320: f8 ff f9 ff fa ff fc ff fd ff fe ff ff ff 00 00  ................
0000d330: 01 00 02 00 04 00 05 00 06 00 07 00 09 00 0a 00  ................
0000d340: 0b 00 0d 00 0e 00 0f 00 11 00 12 00 14 00 16 00  ................
0000d350: 17 00 19 00 1b 00 1c 00 1e 00 20 00 22 00 24 00  .......... .".$.
0000d360: 26 00 28 00 2a 00 2c 00 2e 00 30 00 32 00 34 00  &.(.*.,...0.2.4.
0000d370: 36 00 38 00 3a 00 3c 00 3e 00 40 00 42 00 44 00  6.8.:.<.>.@.B.D.
0000d380: 46 00 48 00 4a 00 4b 00 4d 00 4f 00 51 00 52 00  F.H.J.K.M.O.Q.R.
0000d390: 54 00 56 00 57 00 59 00 5a 00 5c 00 5d 00 5e 00  T.V.W.Y.Z.\.].^.
0000d3a0: 60 00 61 00 62 00 63 00 65 00 66 00 67 00 68 00  `.a.b.c.e.f.g.h.
0000d3b0: 69 00 6a 00 6b 00 6b 00 6c 00 6d 00 6e 00 6e 00  i.j.k.k.l.m.n.n.
0000d3c0: 6f 00 6f 00 70 00 70 00 71 00 71 00 71 00 72 00  o.o.p.p.q.q.q.r.
0000d3d0: 72 00 72 00 72 00 72 00 72 00 72 00 72 00 71 00  r.r.r.r.r.r.r.q.
0000d3e0: 71 00 71 00 70 00 70 00 6f 00 6f 00 6e 00 6e 00  q.q.p.p.o.o.n.n.
0000d3f0: 6d 00 6c 00 6c 00 6b 00 6a 00 69 00 68 00 67 00  m.l.l.k.j.i.h.g.
0000d400: 66 00 65 00 64 00 63 00 62 00 60 00 5f 00 5e 00  f.e.d.c.b.`._.^.
0000d410: 5d 00 5c 00 5a 00 59 00 58 00 56 00 55 00 54 00  ].\.Z.Y.X.V.U.T.
0000d420: 52 00 51 00 4f 00 4e 00 4d 00 4b 00 4a 00 48 00  R.Q.O.N.M.K.J.H.
0000d430: 00 00 24 00 54 00 72 00 80 00 92 00 a8 00 cc 00  ..$.T.r.........
0000d440: ff 00 00 00 00 00 00 00 00 00 00 00 00 00 00 00  ................
0000d450: 02 00 2a 00 50 00 70 00 80 00 8e 00 ac 00 d8 00  ..*.P.p.........
0000d460: ff 00 00 00 00 00 00 00 00 00 00 00 00 00 00 00  ................
0000d470: 01 00 04 00 01 00 03 00 00 00 01 00 18 00 00 00  ................
0000d480: 01 00 28 ff 28 ff 27 ff 27 ff 26 ff 25 ff 25 ff  ..(.(.'.'.&.%.%.
0000d490: 24 ff 23 ff 23 ff 22 ff 22 ff 21 ff 21 ff 20 ff  $.#.#.".".!.!. .
0000d4a0: 20 ff 20 ff 1f ff 1f ff 1e ff 1e ff 1e ff 1e ff   . .............
0000d4b0: 1e ff 1d ff 1d ff 1d ff 1d ff 1d ff 1e ff 1e ff  ................
0000d4c0: 1e ff 1e ff 1f ff 1f ff 20 ff 20 ff 21 ff 21 ff  ........ . .!.!.
0000d4d0: 22 ff 23 ff 24 ff 25 ff 26 ff 27 ff 28 ff 29 ff  ".#.$.%.&.'.(.).
0000d4e0: 2b ff 2c ff 2e ff 30 ff 31 ff 33 ff 35 ff 37 ff  +.,...0.1.3.5.7.
0000d4f0: 39 ff 3b ff 3e ff 40 ff 43 ff 45 ff 48 ff 4b ff  9.;.>.@.C.E.H.K.
0000d500: 4e ff 50 ff 53 ff 56 ff 59 ff 5d ff 60 ff 63 ff  N.P.S.V.Y.].`.c.
0000d510: 66 ff 6a ff 6d ff 71 ff 74 ff 77 ff 7b ff 7f ff  f.j.m.q.t.w.{...
0000d520: 82 ff 86 ff 89 ff 8d ff 91 ff 94 ff 98 ff 9b ff  ................
0000d530: 9f ff a3 ff a6 ff aa ff ad ff b1 ff b4 ff b8 ff  ................
0000d540: bb ff bf ff c2 ff c5 ff c9 ff cc ff cf ff d2 ff  ................
0000d550: d5 ff d8 ff da ff dd ff e0 ff e2 ff e5 ff e7 ff  ................
0000d560: e9 ff eb ff ed ff ef ff f1 ff f2 ff f4 ff f5 ff  ................
0000d570: f6 ff f7 ff f9 ff fa ff fb ff fc ff fd ff fe ff  ................
0000d580: ff ff 00 00 01 00 02 00 04 00 05 00 06 00 08 00  ................
0000d590: 09 00 0b 00 0d 00 0f 00 10 00 13 00 15 00 17 00  ................
0000d5a0: 19 00 1c 00 1f 00 21 00 24 00 27 00 2a 00 2d 00  ......!.$.'.*.-.
0000d5b0: 30 00 33 00 37 00 3a 00 3d 00 41 00 44 00 47 00  0.3.7.:.=.A.D.G.
0000d5c0: 4b 00 4e 00 52 00 55 00 58 00 5c 00 5f 00 62 00  K.N.R.U.X.\._.b.
0000d5d0: 66 00 69 00 6c 00 6f 00 73 00 76 00 79 00 7c 00  f.i.l.o.s.v.y.|.
0000d5e0: 7f 00 82 00 85 00 87 00 8a 00 8d 00 90 00 92 00  ................
0000d5f0: 95 00 97 00 9a 00 9c 00 9f 00 a1 00 a3 00 a5 00  ................
0000d600: a8 00 aa 00 ac 00 ae 00 af 00 b1 00 b3 00 b5 00  ................
0000d610: b6 00 b8 00 b9 00 ba 00 bc 00 bd 00 be 00 bf 00  ................
0000d620: c0 00 c1 00 c2 00 c3 00 c3 00 c4 00 c4 00 c5 00  ................
0000d630: c6 00 c6 00 c6 00 c7 00 c7 00 c7 00 c7 00 c7 00  ................
0000d640: c7 00 c7 00 c7 00 c7 00 c7 00 c7 00 c7 00 c7 00  ................
0000d650: c6 00 c6 00 c6 00 c5 00 c5 00 c5 00 c4 00 c4 00  ................
0000d660: c3 00 c3 00 c2 00 c2 00 c1 00 c0 00 c0 00 bf 00  ................
0000d670: bf 00 be 00 bd 00 bd 00 bc 00 bb 00 bb 00 ba 00  ................
0000d680: b9 00 44 ff 44 ff 44 ff 43 ff 43 ff 43 ff 42 ff  ..D.D.D.C.C.C.B.
0000d690: 42 ff 42 ff 42 ff 41 ff 41 ff 41 ff 40 ff 40 ff  B.B.B.A.A.A.@.@.
0000d6a0: 40 ff 40 ff 40 ff 40 ff 3f ff 3f ff 3f ff 3f ff  @.@.@.@.?.?.?.?.
0000d6b0: 3f ff 3f ff 3f ff 3f ff 3f ff 40 ff 40 ff 40 ff  ?.?.?.?.?.@.@.@.
0000d6c0: 40 ff 40 ff 41 ff 41 ff 42 ff 42 ff 43 ff 43 ff  @.@.A.A.B.B.C.C.
0000d6d0: 44 ff 44 ff 45 ff 46 ff 47 ff 47 ff 48 ff 49 ff  D.D.E.F.G.G.H.I.
0000d6e0: 4a ff 4b ff 4c ff 4e ff 4f ff 50 ff 52 ff 53 ff  J.K.L.N.O.P.R.S.
0000d6f0: 55 ff 56 ff 58 ff 5a ff 5b ff 5d ff 5f ff 61 ff  U.V.X.Z.[.]._.a.
0000d700: 63 ff 65 ff 68 ff 6a ff 6c ff 6f ff 72 ff 74 ff  c.e.h.j.l.o.r.t.
0000d710: 77 ff 7a ff 7d ff 80 ff 83 ff 86 ff 89 ff 8c ff  w.z.}...........
0000d720: 90 ff 93 ff 96 ff 9a ff 9d ff a1 ff a4 ff a7 ff  ................
0000d730: ab ff ae ff b2 ff b5 ff b9 ff bc ff bf ff c3 ff  ................
0000d740: c6 ff c9 ff cc ff cf ff d2 ff d5 ff d8 ff db ff  ................
0000d750: de ff e1 ff e3 ff e6 ff e8 ff ea ff ec ff ef ff  ................
0000d760: f0 ff f2 ff f4 ff f5 ff f7 ff f8 ff f9 ff fa ff  ................
0000d770: fb ff fc ff fc ff fd ff fe ff fe ff ff ff ff ff  ................
0000d780: 00 00 00 00 00 00 01 00 01 00 02 00 02 00 03 00  ................
0000d790: 04 00 04 00 05 00 06 00 07 00 08 00 09 00 0b 00  ................
0000d7a0: 0c 00 0e 00 0f 00 11 00 13 00 15 00 17 00 19 00  ................
0000d7b0: 1b 00 1e 00 20 00 23 00 25 00 28 00 2a 00 2d 00  .... .#.%.(.*.-.
0000d7c0: 2f 00 32 00 35 00 37 00 3a 00 3d 00 3f 00 42 00  /.2.5.7.:.=.?.B.
0000d7d0: 44 00 47 00 49 00 4c 00 4e 00 51 00 53 00 55 00  D.G.I.L.N.Q.S.U.
0000d7e0: 57 00 59 00 5b 00 5d 00 5f 00 61 00 63 00 64 00  W.Y.[.]._.a.c.d.
0000d7f0: 66 00 67 00 69 00 6a 00 6b 00 6c 00 6e 00 6f 00  f.g.i.j.k.l.n.o.
0000d800: 70 00 71 00 72 00 73 00 73 00 74 00 75 00 76 00  p.q.r.s.s.t.u.v.
0000d810: 76 00 77 00 77 00 78 00 78 00 79 00 79 00 7a 00  v.w.w.x.x.y.y.z.
0000d820: 7a 00 7a 00 7a 00 7b 00 7b 00 7b 00 7b 00 7b 00  z.z.z.{.{.{.{.{.
0000d830: 7b 00 7b 00 7b 00 7b 00 7b 00 7b 00 7b 00 7b 00  {.{.{.{.{.{.{.{.
0000d840: 7b 00 7b 00 7b 00 7b 00 7b 00 7b 00 7b 00 7a 00  {.{.{.{.{.{.{.z.
0000d850: 7a 00 7a 00 7a 00 7a 00 7a 00 7a 00 79 00 79 00  z.z.z.z.z.z.y.y.
0000d860: 79 00 79 00 79 00 79 00 79 00 78 00 78 00 78 00  y.y.y.y.y.x.x.x.
0000d870: 78 00 78 00 78 00 77 00 77 00 77 00 77 00 77 00  x.x.x.w.w.w.w.w.
0000d880: 76 00 00 00 36 00 54 00 72 00 80 00 8c 00 a4 00  v...6.T.r.......
0000d890: c8 00 ff 00 00 00 00 00 00 00 00 00 00 00 00 00  ................
0000d8a0: 00 00 00 00 46 00 72 00 80 00 8e 00 ae 00 e6 00  ....F.r.........
0000d8b0: ff 00 00 00 00 00 00 00 00 00 00 00 00 00 00 00  ................
0000d8c0: 00 00 01 00 04 00 01 00 03 00 00 00 01 00 18 00  ................
0000d8d0: 00 00 01 00 84 ff 84 ff 84 ff 84 ff 84 ff 83 ff  ................
0000d8e0: 81 ff 80 ff 7e ff 7c ff 7b ff 79 ff 78 ff 76 ff  ....~.|.{.y.x.v.
0000d8f0: 75 ff 73 ff 72 ff 71 ff 6f ff 6e ff 6c ff 6b ff  u.s.r.q.o.n.l.k.
0000d900: 6a ff 69 ff 68 ff 66 ff 65 ff 64 ff 63 ff 62 ff  j.i.h.f.e.d.c.b.
0000d910: 61 ff 60 ff 60 ff 5f ff 5e ff 5e ff 5d ff 5c ff  a.`.`._.^.^.].\.
0000d920: 5c ff 5c ff 5b ff 5b ff 5b ff 5b ff 5b ff 5b ff  \.\.[.[.[.[.[.[.
0000d930: 5b ff 5b ff 5c ff 5c ff 5d ff 5d ff 5e ff 5f ff  [.[.\.\.].].^._.
0000d940: 60 ff 61 ff 62 ff 63 ff 64 ff 66 ff 67 ff 69 ff  `.a.b.c.d.f.g.i.
0000d950: 6a ff 6c ff 6e ff 70 ff 73 ff 75 ff 77 ff 7a ff  j.l.n.p.s.u.w.z.
0000d960: 7d ff 80 ff 83 ff 86 ff 89 ff 8d ff 90 ff 94 ff  }...............
0000d970: 97 ff 9b ff 9f ff a3 ff a7 ff ab ff af ff b3 ff  ................
0000d980: b6 ff ba ff be ff c2 ff c5 ff c9 ff cc ff cf ff  ................
0000d990: d2 ff d5 ff d8 ff db ff dd ff df ff e1 ff e3 ff  ................
0000d9a0: e5 ff e7 ff e8 ff ea ff eb ff ed ff ee ff ef ff  ................
0000d9b0: f0 ff f2 ff f3 ff f4 ff f5 ff f6 ff f7 ff f8 ff  ................
0000d9c0: f9 ff fa ff fb ff fc ff fd ff fe ff ff ff ff ff  ................
0000d9d0: 00 00 01 00 01 00 02 00 02 00 03 00 03 00 04 00  ................
0000d9e0: 04 00 05 00 05 00 06 00 07 00 07 00 08 00 08 00  ................
0000d9f0: 09 00 0a 00 0b 00 0c 00 0d 00 0e 00 0f 00 10 00  ................
0000da00: 11 00 13 00 14 00 16 00 17 00 19 00 1b 00 1d 00  ................
0000da10: 1f 00 20 00 22 00 25 00 27 00 29 00 2b 00 2d 00  .. .".%.'.).+.-.
0000da20: 30 00 32 00 34 00 37 00 39 00 3c 00 3e 00 41 00  0.2.4.7.9.<.>.A.
0000da30: 43 00 45 00 48 00 4a 00 4d 00 4f 00 51 00 54 00  C.E.H.J.M.O.Q.T.
0000da40: 56 00 58 00 5a 00 5c 00 5e 00 60 00 62 00 64 00  V.X.Z.\.^.`.b.d.
0000da50: 66 00 68 00 69 00 6b 00 6d 00 6e 00 6f 00 71 00  f.h.i.k.m.n.o.q.
0000da60: 72 00 73 00 75 00 76 00 77 00 78 00 79 00 7a 00  r.s.u.v.w.x.y.z.
0000da70: 7b 00 7c 00 7c 00 7d 00 7e 00 7f 00 7f 00 80 00  {.|.|.}.~.......
0000da80: 80 00 81 00 81 00 82 00 82 00 83 00 83 00 83 00  ................
0000da90: 84 00 84 00 84 00 84 00 84 00 84 00 85 00 85 00  ................
0000daa0: 85 00 85 00 85 00 85 00 85 00 85 00 85 00 85 00  ................
0000dab0: 85 00 84 00 84 00 84 00 84 00 84 00 84 00 84 00  ................
0000dac0: 84 00 83 00 83 00 83 00 83 00 83 00 82 00 82 00  ................
0000dad0: 82 00 82 00 98 ff 97 ff 96 ff 96 ff 95 ff 94 ff  ................
0000dae0: 93 ff 92 ff 91 ff 91 ff 90 ff 8f ff 8e ff 8d ff  ................
0000daf0: 8d ff 8c ff 8b ff 8b ff 8a ff 89 ff 89 ff 88 ff  ................
0000db00: 87 ff 87 ff 86 ff 86 ff 86 ff 85 ff 85 ff 84 ff  ................
0000db10: 84 ff 84 ff 84 ff 83 ff 83 ff 83 ff 83 ff 83 ff  ................
0000db20: 83 ff 83 ff 83 ff 84 ff 84 ff 84 ff 85 ff 85 ff  ................
0000db30: 85 ff 86 ff 87 ff 87 ff 88 ff 89 ff 8a ff 8a ff  ................
0000db40: 8b ff 8d ff 8e ff 8f ff 90 ff 91 ff 93 ff 94 ff  ................
0000db50: 96 ff 98 ff 99 ff 9b ff 9d ff 9f ff a1 ff a3 ff  ................
0000db60: a5 ff a7 ff a9 ff ab ff ad ff af ff b1 ff b3 ff  ................
0000db70: b5 ff b7 ff b9 ff bb ff be ff c0 ff c2 ff c4 ff  ................
0000db80: c6 ff c8 ff c9 ff cb ff cd ff cf ff d1 ff d3 ff  ................
0000db90: d5 ff d6 ff d8 ff da ff db ff dd ff df ff e0 ff  ................
0000dba0: e2 ff e3 ff e5 ff e6 ff e8 ff e9 ff eb ff ec ff  ................
0000dbb0: ed ff ef ff f0 ff f1 ff f2 ff f4 ff f5 ff f6 ff  ................
0000dbc0: f7 ff f8 ff f9 ff fa ff fb ff fc ff fd ff fe ff  ................
0000dbd0: fe ff ff ff 00 00 01 00 01 00 02 00 03 00 04 00  ................
0000dbe0: 04 00 05 00 06 00 07 00 08 00 09 00 0a 00 0b 00  ................
0000dbf0: 0c 00 0d 00 0f 00 10 00 12 00 13 00 15 00 17 00  ................
0000dc00: 19 00 1a 00 1c 00 1e 00 20 00 23 00 25 00 27 00  ........ .#.%.'.
0000dc10: 29 00 2b 00 2e 00 30 00 32 00 34 00 37 00 39 00  ).+...0.2.4.7.9.
0000dc20: 3b 00 3e 00 40 00 42 00 44 00 47 00 49 00 4b 00  ;.>.@.B.D.G.I.K.
0000dc30: 4d 00 4f 00 51 00 53 00 55 00 57 00 59 00 5b 00  M.O.Q.S.U.W.Y.[.
0000dc40: 5c 00 5e 00 60 00 61 00 63 00 64 00 66 00 67 00  \.^.`.a.c.d.f.g.
0000dc50: 68 00 6a 00 6b 00 6c 00 6d 00 6f 00 70 00 71 00  h.j.k.l.m.o.p.q.
0000dc60: 72 00 73 00 74 00 75 00 76 00 77 00 78 00 78 00  r.s.t.u.v.w.x.x.
0000dc70: 79 00 7a 00 7b 00 7b 00 7c 00 7d 00 7d 00 7e 00  y.z.{.{.|.}.}.~.
0000dc80: 7e 00 7f 00 7f 00 80 00 80 00 81 00 81 00 81 00  ~...............
0000dc90: 82 00 82 00 82 00 83 00 83 00 83 00 84 00 84 00  ................
0000dca0: 84 00 84 00 84 00 85 00 85 00 85 00 85 00 85 00  ................
0000dcb0: 85 00 85 00 86 00 86 00 86 00 86 00 86 00 86 00  ................
0000dcc0: 86 00 86 00 86 00 86 00 86 00 86 00 86 00 86 00  ................
0000dcd0: 86 00 86 00 04 00 48 00 60 00 6c 00 7e 00 92 00  ......H.`.l.~...
0000dce0: a0 00 ba 00 fc 00 ff 00 00 00 00 00 00 00 00 00  ................
0000dcf0: 00 00 00 00 00 00 3c 00 50 00 70 00 80 00 8e 00  ......<.P.p.....
0000dd00: b0 00 fc 00 ff 00 00 00 00 00 00 00 00 00 00 00  ................
0000dd10: 00 00 00 00 01 00 04 00 01 00 03 00 00 00 01 00  ................
0000dd20: 18 00 00 00 01 00 74 ff 74 ff 73 ff 73 ff 72 ff  ......t.t.s.s.r.
0000dd30: 72 ff 71 ff 71 ff 70 ff 70 ff 6f ff 6f ff 6e ff  r.q.q.p.p.o.o.n.
0000dd40: 6e ff 6d ff 6d ff 6c ff 6c ff 6b ff 6b ff 6a ff  n.m.m.l.l.k.k.j.
0000dd50: 6a ff 69 ff 69 ff 68 ff 68 ff 67 ff 67 ff 66 ff  j.i.i.h.h.g.g.f.
0000dd60: 66 ff 65 ff 65 ff 64 ff 64 ff 63 ff 63 ff 63 ff  f.e.e.d.d.c.c.c.
0000dd70: 62 ff 62 ff 62 ff 61 ff 61 ff 61 ff 61 ff 61 ff  b.b.b.a.a.a.a.a.
0000dd80: 61 ff 61 ff 61 ff 61 ff 61 ff 61 ff 62 ff 62 ff  a.a.a.a.a.a.b.b.
0000dd90: 62 ff 63 ff 64 ff 64 ff 65 ff 66 ff 67 ff 68 ff  b.c.d.d.e.f.g.h.
0000dda0: 69 ff 6a ff 6b ff 6d ff 6e ff 70 ff 71 ff 73 ff  i.j.k.m.n.p.q.s.
0000ddb0: 75 ff 77 ff 79 ff 7b ff 7d ff 80 ff 82 ff 85 ff  u.w.y.{.}.......
0000ddc0: 88 ff 8b ff 8e ff 91 ff 95 ff 98 ff 9c ff a0 ff  ................
0000ddd0: a4 ff a7 ff ac ff b0 ff b4 ff b8 ff bc ff c0 ff  ................
0000dde0: c4 ff c8 ff cc ff d0 ff d4 ff d7 ff db ff de ff  ................
0000ddf0: e2 ff e5 ff e8 ff ea ff ed ff ef ff f1 ff f3 ff  ................
0000de00: f5 ff f7 ff f8 ff f9 ff fb ff fc ff fc ff fd ff  ................
0000de10: fe ff fe ff ff ff ff ff 00 00 00 00 00 00 00 00  ................
0000de20: 00 00 00 00 00 00 00 00 00 00 00 00 00 00 00 00  ................
0000de30: 00 00 01 00 01 00 02 00 02 00 03 00 04 00 06 00  ................
0000de40: 07 00 09 00 0b 00 0e 00 10 00 13 00 16 00 1a 00  ................
0000de50: 1d 00 21 00 25 00 29 00 2d 00 30 00 34 00 38 00  ..!.%.).-.0.4.8.
0000de60: 3c 00 40 00 43 00 47 00 4a 00 4e 00 51 00 54 00  <.@.C.G.J.N.Q.T.
0000de70: 57 00 5a 00 5c 00 5f 00 61 00 64 00 66 00 68 00  W.Z.\._.a.d.f.h.
0000de80: 6b 00 6d 00 6f 00 70 00 72 00 74 00 76 00 77 00  k.m.o.p.r.t.v.w.
0000de90: 79 00 7a 00 7b 00 7d 00 7e 00 7f 00 80 00 81 00  y.z.{.}.~.......
0000dea0: 82 00 83 00 84 00 85 00 85 00 86 00 87 00 87 00  ................
0000deb0: 88 00 89 00 89 00 89 00 8a 00 8a 00 8a 00 8b 00  ................
0000dec0: 8b 00 8b 00 8b 00 8b 00 8b 00 8b 00 8b 00 8b 00  ................
0000ded0: 8b 00 8b 00 8b 00 8b 00 8a 00 8a 00 8a 00 89 00  ................
0000dee0: 89 00 89 00 88 00 88 00 87 00 87 00 86 00 86 00  ................
0000def0: 85 00 85 00 84 00 83 00 83 00 82 00 81 00 81 00  ................
0000df00: 80 00 7f 00 7f 00 7e 00 7d 00 7c 00 7b 00 7b 00  ......~.}.|.{.{.
0000df10: 7a 00 79 00 78 00 77 00 77 00 76 00 75 00 74 00  z.y.x.w.w.v.u.t.
0000df20: 73 00 72 00 71 00 98 ff 98 ff 98 ff 98 ff 98 ff  s.r.q...........
0000df30: 98 ff 98 ff 98 ff 98 ff 99 ff 99 ff 99 ff 99 ff  ................
0000df40: 99 ff 99 ff 99 ff 99 ff 99 ff 9a ff 9a ff 9a ff  ................
0000df50: 9a ff 9a ff 9b ff 9b ff 9b ff 9b ff 9b ff 9c ff  ................
0000df60: 9c ff 9c ff 9d ff 9d ff 9d ff 9e ff 9e ff 9f ff  ................
0000df70: 9f ff 9f ff a0 ff a0 ff a1 ff a2 ff a2 ff a3 ff  ................
0000df80: a3 ff a4 ff a5 ff a6 ff a6 ff a7 ff a8 ff a9 ff  ................
0000df90: aa ff ab ff ac ff ad ff ae ff af ff b0 ff b1 ff  ................
0000dfa0: b2 ff b4 ff b5 ff b6 ff b7 ff b9 ff ba ff bc ff  ................
0000dfb0: bd ff be ff c0 ff c1 ff c3 ff c4 ff c6 ff c7 ff  ................
0000dfc0: c9 ff ca ff cc ff ce ff cf ff d1 ff d2 ff d4 ff  ................
0000dfd0: d5 ff d7 ff d9 ff da ff dc ff dd ff df ff e0 ff  ................
0000dfe0: e2 ff e3 ff e4 ff e6 ff e7 ff e9 ff ea ff eb ff  ................
0000dff0: ed ff ee ff ef ff f0 ff f1 ff f3 ff f4 ff f5 ff  ................
0000e000: f6 ff f7 ff f8 ff f8 ff f9 ff fa ff fb ff fb ff  ................
0000e010: fc ff fd ff fd ff fe ff fe ff ff ff ff ff ff ff  ................
0000e020: 00 00 00 00 00 00 00 00 00 00 00 00 00 00 00 00  ................
0000e030: 00 00 01 00 01 00 01 00 02 00 02 00 03 00 04 00  ................
0000e040: 06 00 07 00 09 00 0c 00 0e 00 11 00 14 00 18 00  ................
0000e050: 1b 00 1f 00 23 00 26 00 2a 00 2d 00 31 00 34 00  ....#.&.*.-.1.4.
0000e060: 37 00 39 00 3c 00 3e 00 40 00 43 00 45 00 46 00  7.9.<.>.@.C.E.F.
0000e070: 48 00 4a 00 4b 00 4c 00 4e 00 4f 00 50 00 51 00  H.J.K.L.N.O.P.Q.
0000e080: 52 00 53 00 54 00 54 00 55 00 56 00 56 00 57 00  R.S.T.T.U.V.V.W.
0000e090: 57 00 58 00 58 00 59 00 59 00 59 00 5a 00 5a 00  W.X.X.Y.Y.Y.Z.Z.
0000e0a0: 5a 00 5a 00 5b 00 5b 00 5b 00 5b 00 5b 00 5b 00  Z.Z.[.[.[.[.[.[.
0000e0b0: 5b 00 5b 00 5b 00 5b 00 5b 00 5b 00 5b 00 5a 00  [.[.[.[.[.[.[.Z.
0000e0c0: 5a 00 5a 00 5a 00 5a 00 5a 00 5a 00 5a 00 59 00  Z.Z.Z.Z.Z.Z.Z.Y.
0000e0d0: 59 00 59 00 59 00 59 00 59 00 58 00 58 00 58 00  Y.Y.Y.Y.Y.X.X.X.
0000e0e0: 58 00 58 00 58 00 58 00 57 00 57 00 57 00 57 00  X.X.X.X.W.W.W.W.
0000e0f0: 57 00 57 00 57 00 57 00 56 00 56 00 56 00 56 00  W.W.W.W.V.V.V.V.
0000e100: 56 00 56 00 56 00 56 00 55 00 55 00 55 00 55 00  V.V.V.V.U.U.U.U.
0000e110: 55 00 55 00 55 00 55 00 55 00 54 00 54 00 54 00  U.U.U.U.U.T.T.T.
0000e120: 54 00 54 00 54 00 00 00 18 00 52 00 5c 00 68 00  T.T.T.....R.\.h.
0000e130: 7e 00 8e 00 9e 00 bc 00 ff 00 00 00 00 00 00 00  ~...............
0000e140: 00 00 00 00 00 00 06 00 3a 00 6c 00 80 00 90 00  ........:.l.....
0000e150: 9a 00 ae 00 d4 00 ff 00 00 00 00 00 00 00 00 00  ................
0000e160: 00 00 00 00 00 00 01 00 04 00 01 00 04 00 00 00  ................
0000e170: 01 00 18 00 00 00 01 00 90 ff 8f ff 8e ff 8d ff  ................
0000e180: 8c ff 8b ff 8a ff 89 ff 88 ff 87 ff 86 ff 85 ff  ................
0000e190: 84 ff 83 ff 82 ff 81 ff 80 ff 7f ff 7e ff 7d ff  ............~.}.
0000e1a0: 7c ff 7c ff 7b ff 7a ff 79 ff 78 ff 78 ff 77 ff  |.|.{.z.y.x.x.w.
0000e1b0: 76 ff 76 ff 75 ff 75 ff 74 ff 73 ff 73 ff 72 ff  v.v.u.u.t.s.s.r.
0000e1c0: 72 ff 72 ff 71 ff 71 ff 71 ff 70 ff 70 ff 70 ff  r.r.q.q.q.p.p.p.
0000e1d0: 70 ff 70 ff 70 ff 70 ff 70 ff 70 ff 70 ff 70 ff  p.p.p.p.p.p.p.p.
0000e1e0: 71 ff 71 ff 71 ff 72 ff 72 ff 73 ff 73 ff 74 ff  q.q.q.r.r.s.s.t.
0000e1f0: 75 ff 76 ff 76 ff 77 ff 78 ff 79 ff 7a ff 7c ff  u.v.v.w.x.y.z.|.
0000e200: 7d ff 7e ff 7f ff 81 ff 82 ff 84 ff 85 ff 87 ff  }.~.............
0000e210: 89 ff 8b ff 8c ff 8e ff 90 ff 92 ff 95 ff 97 ff  ................
0000e220: 99 ff 9b ff 9e ff a0 ff a3 ff a5 ff a8 ff ab ff  ................
0000e230: ae ff b1 ff b4 ff b7 ff b9 ff bc ff bf ff c2 ff  ................
0000e240: c5 ff c8 ff cb ff ce ff d1 ff d4 ff d7 ff d9 ff  ................
0000e250: dc ff df ff e1 ff e4 ff e6 ff e8 ff eb ff ed ff  ................
0000e260: ef ff f1 ff f3 ff f4 ff f6 ff f8 ff f9 ff fa ff  ................
0000e270: fc ff fd ff fe ff ff ff 00 00 01 00 02 00 03 00  ................
0000e280: 04 00 05 00 06 00 07 00 08 00 09 00 0b 00 0c 00  ................
0000e290: 0e 00 10 00 12 00 14 00 16 00 18 00 1a 00 1d 00  ................
0000e2a0: 1f 00 21 00 24 00 26 00 29 00 2c 00 2e 00 31 00  ..!.$.&.).,...1.
0000e2b0: 33 00 36 00 39 00 3c 00 3f 00 41 00 44 00 47 00  3.6.9.<.?.A.D.G.
0000e2c0: 4a 00 4d 00 50 00 54 00 57 00 5a 00 5d 00 60 00  J.M.P.T.W.Z.].`.
0000e2d0: 64 00 67 00 6a 00 6e 00 71 00 74 00 78 00 7b 00  d.g.j.n.q.t.x.{.
0000e2e0: 7e 00 81 00 84 00 87 00 89 00 8c 00 8e 00 91 00  ~...............
0000e2f0: 93 00 95 00 96 00 98 00 99 00 9b 00 9c 00 9d 00  ................
0000e300: 9e 00 9e 00 9f 00 a0 00 a0 00 a0 00 a0 00 a1 00  ................
0000e310: a1 00 a0 00 a0 00 a0 00 9f 00 9f 00 9e 00 9e 00  ................
0000e320: 9d 00 9c 00 9b 00 9a 00 99 00 98 00 97 00 96 00  ................
0000e330: 95 00 94 00 93 00 91 00 90 00 8f 00 8d 00 8c 00  ................
0000e340: 8b 00 89 00 88 00 86 00 85 00 84 00 82 00 81 00  ................
0000e350: 80 00 7e 00 7d 00 7c 00 7b 00 79 00 78 00 77 00  ..~.}.|.{.y.x.w.
0000e360: 76 00 75 00 74 00 73 00 72 00 72 00 71 00 70 00  v.u.t.s.r.r.q.p.
0000e370: 70 00 6f 00 6f 00 6e 00 a0 ff 9f ff 9e ff 9c ff  p.o.o.n.........
0000e380: 9b ff 9a ff 98 ff 97 ff 96 ff 95 ff 93 ff 92 ff  ................
0000e390: 91 ff 90 ff 8f ff 8d ff 8c ff 8b ff 8a ff 89 ff  ................
0000e3a0: 88 ff 87 ff 86 ff 85 ff 84 ff 84 ff 83 ff 82 ff  ................
0000e3b0: 81 ff 81 ff 80 ff 7f ff 7f ff 7e ff 7e ff 7d ff  ..........~.~.}.
0000e3c0: 7d ff 7d ff 7d ff 7c ff 7c ff 7c ff 7c ff 7c ff  }.}.}.|.|.|.|.|.
0000e3d0: 7c ff 7d ff 7d ff 7d ff 7e ff 7e ff 7f ff 7f ff  |.}.}.}.~.~.....
0000e3e0: 80 ff 80 ff 81 ff 82 ff 83 ff 84 ff 85 ff 86 ff  ................
0000e3f0: 87 ff 88 ff 89 ff 8b ff 8c ff 8d ff 8f ff 90 ff  ................
0000e400: 92 ff 93 ff 95 ff 96 ff 98 ff 9a ff 9c ff 9e ff  ................
0000e410: a0 ff a2 ff a4 ff a6 ff a8 ff aa ff ac ff ae ff  ................
0000e420: b1 ff b3 ff b5 ff b8 ff ba ff bd ff bf ff c2 ff  ................
0000e430: c4 ff c7 ff c9 ff cb ff ce ff d0 ff d3 ff d5 ff  ................
0000e440: d7 ff da ff dc ff de ff e1 ff e3 ff e5 ff e7 ff  ................
0000e450: e9 ff eb ff ed ff ee ff f0 ff f2 ff f3 ff f4 ff  ................
0000e460: f6 ff f7 ff f8 ff f9 ff fa ff fb ff fb ff fc ff  ................
0000e470: fd ff fe ff fe ff ff ff 00 00 01 00 02 00 03 00  ................
0000e480: 04 00 05 00 07 00 08 00 09 00 0b 00 0c 00 0d 00  ................
0000e490: 0f 00 10 00 12 00 13 00 15 00 16 00 18 00 19 00  ................
0000e4a0: 1b 00 1c 00 1e 00 20 00 21 00 23 00 25 00 26 00  ...... .!.#.%.&.
0000e4b0: 28 00 2a 00 2b 00 2d 00 2f 00 31 00 33 00 34 00  (.*.+.-./.1.3.4.
0000e4c0: 36 00 38 00 3a 00 3c 00 3e 00 3f 00 41 00 43 00  6.8.:.<.>.?.A.C.
0000e4d0: 45 00 47 00 48 00 4a 00 4c 00 4e 00 4f 00 51 00  E.G.H.J.L.N.O.Q.
0000e4e0: 53 00 54 00 56 00 58 00 59 00 5b 00 5c 00 5e 00  S.T.V.X.Y.[.\.^.
0000e4f0: 5f 00 61 00 62 00 63 00 65 00 66 00 67 00 68 00  _.a.b.c.e.f.g.h.
0000e500: 69 00 6a 00 6b 00 6c 00 6d 00 6e 00 6f 00 6f 00  i.j.k.l.m.n.o.o.
0000e510: 70 00 71 00 71 00 72 00 72 00 72 00 73 00 73 00  p.q.q.r.r.r.s.s.
0000e520: 73 00 73 00 73 00 73 00 73 00 73 00 73 00 73 00  s.s.s.s.s.s.s.s.
0000e530: 73 00 73 00 73 00 72 00 72 00 72 00 71 00 71 00  s.s.s.r.r.r.q.q.
0000e540: 71 00 70 00 70 00 6f 00 6f 00 6e 00 6d 00 6d 00  q.p.p.o.o.n.m.m.
0000e550: 6c 00 6c 00 6b 00 6a 00 69 00 69 00 68 00 67 00  l.l.k.j.i.i.h.g.
0000e560: 66 00 66 00 65 00 64 00 63 00 62 00 62 00 61 00  f.f.e.d.c.b.b.a.
0000e570: 60 00 5f 00 5e 00 5d 00 00 00 40 00 5a 00 60 00  `._.^.]...@.Z.`.
0000e580: 76 00 80 00 88 00 96 00 aa 00 ba 00 fc 00 ff 00  v...............
0000e590: 00 00 00 00 00 00 00 00 00 00 2a 00 52 00 76 00  ..........*.R.v.
0000e5a0: 80 00 8a 00 9c 00 c8 00 ff 00 00 00 00 00 00 00  ................
0000e5b0: 00 00 00 00 00 00 00 00 01 00 04 00 01 00 05 00  ................
0000e5c0: 00 00 01 00 18 00 00 00 01 00 80 ff 80 ff 80 ff  ................
0000e5d0: 80 ff 80 ff 80 ff 81 ff 81 ff 81 ff 81 ff 81 ff  ................
0000e5e0: 81 ff 82 ff 82 ff 82 ff 82 ff 82 ff 82 ff 83 ff  ................
0000e5f0: 83 ff 83 ff 83 ff 84 ff 84 ff 84 ff 84 ff 84 ff  ................
0000e600: 85 ff 85 ff 85 ff 86 ff 86 ff 86 ff 86 ff 87 ff  ................
0000e610: 87 ff 87 ff 88 ff 88 ff 89 ff 89 ff 89 ff 8a ff  ................
0000e620: 8a ff 8b ff 8b ff 8c ff 8c ff 8d ff 8d ff 8e ff  ................
0000e630: 8e ff 8f ff 8f ff 90 ff 91 ff 91 ff 92 ff 93 ff  ................
0000e640: 93 ff 94 ff 95 ff 96 ff 97 ff 97 ff 98 ff 99 ff  ................
0000e650: 9a ff 9b ff 9c ff 9d ff 9e ff 9f ff a0 ff a1 ff  ................
0000e660: a3 ff a4 ff a5 ff a7 ff a8 ff a9 ff ab ff ad ff  ................
0000e670: ae ff b0 ff b2 ff b3 ff b5 ff b7 ff b9 ff bb ff  ................
0000e680: bd ff c0 ff c2 ff c4 ff c7 ff c9 ff cc ff ce ff  ................
0000e690: d1 ff d3 ff d6 ff d9 ff db ff de ff e0 ff e3 ff  ................
0000e6a0: e5 ff e8 ff ea ff ec ff ee ff f0 ff f2 ff f4 ff  ................
0000e6b0: f5 ff f7 ff f8 ff f9 ff fb ff fc ff fd ff fe ff  ................
0000e6c0: ff ff 00 00 01 00 01 00 02 00 03 00 04 00 04 00  ................
0000e6d0: 05 00 06 00 07 00 07 00 08 00 09 00 0a 00 0a 00  ................
0000e6e0: 0b 00 0c 00 0d 00 0e 00 0f 00 10 00 11 00 12 00  ................
0000e6f0: 13 00 14 00 15 00 16 00 17 00 18 00 19 00 1a 00  ................
0000e700: 1b 00 1d 00 1e 00 1f 00 20 00 21 00 23 00 24 00  ........ .!.#.$.
0000e710: 25 00 26 00 28 00 29 00 2a 00 2b 00 2d 00 2e 00  %.&.(.).*.+.-...
0000e720: 2f 00 30 00 31 00 32 00 34 00 35 00 36 00 37 00  /.0.1.2.4.5.6.7.
0000e730: 38 00 39 00 3a 00 3b 00 3c 00 3d 00 3d 00 3e 00  8.9.:.;.<.=.=.>.
0000e740: 3f 00 40 00 40 00 41 00 41 00 42 00 42 00 43 00  ?.@.@.A.A.B.B.C.
0000e750: 43 00 43 00 44 00 44 00 44 00 44 00 44 00 44 00  C.C.D.D.D.D.D.D.
0000e760: 44 00 44 00 43 00 43 00 43 00 42 00 42 00 41 00  D.D.C.C.C.B.B.A.
0000e770: 40 00 40 00 3f 00 3e 00 3e 00 3d 00 3c 00 3b 00  @.@.?.>.>.=.<.;.
0000e780: 3a 00 39 00 38 00 37 00 36 00 35 00 33 00 32 00  :.9.8.7.6.5.3.2.
0000e790: 31 00 30 00 2e 00 2d 00 2c 00 2a 00 29 00 27 00  1.0...-.,.*.).'.
0000e7a0: 26 00 24 00 23 00 21 00 20 00 1e 00 1c 00 1b 00  &.$.#.!. .......
0000e7b0: 19 00 17 00 16 00 14 00 12 00 11 00 0f 00 0d 00  ................
0000e7c0: 0b 00 0a 00 08 00 06 00 04 00 00 00 00 00 00 00  ................
0000e7d0: 00 00 00 00 00 00 00 00 00 00 00 00 00 00 00 00  ................
0000e7e0: 00 00 00 00 00 00 00 00 00 00 00 00 00 00 00 00  ................
0000e7f0: 00 00 00 00 00 00 00 00 00 00 00 00 00 00 00 00  ................
0000e800: 00 00 00 00 00 00 00 00 00 00 00 00 00 00 00 00  ................
0000e810: 00 00 00 00 00 00 00 00 00 00 00 00 00 00 00 00  ................
0000e820: 00 00 00 00 00 00 00 00 00 00 00 00 00 00 00 00  ................
0000e830: 00 00 00 00 00 00 00 00 00 00 00 00 00 00 00 00  ................
0000e840: 00 00 00 00 00 00 00 00 00 00 00 00 00 00 00 00  ................
0000e850: 00 00 00 00 00 00 00 00 00 00 00 00 00 00 00 00  ................
0000e860: 00 00 00 00 00 00 00 00 00 00 00 00 00 00 00 00  ................
0000e870: 00 00 00 00 00 00 00 00 00 00 00 00 00 00 00 00  ................
0000e880: 00 00 00 00 00 00 00 00 00 00 00 00 00 00 00 00  ................
0000e890: 00 00 00 00 00 00 00 00 00 00 00 00 00 00 00 00  ................
0000e8a0: 00 00 00 00 00 00 00 00 00 00 00 00 00 00 00 00  ................
0000e8b0: 00 00 00 00 00 00 00 00 00 00 00 00 00 00 00 00  ................
0000e8c0: 00 00 00 00 00 00 00 00 00 00 00 00 00 00 00 00  ................
0000e8d0: 00 00 00 00 00 00 00 00 00 00 00 00 00 00 00 00  ................
0000e8e0: 00 00 00 00 00 00 00 00 00 00 00 00 00 00 00 00  ................
0000e8f0: 00 00 00 00 00 00 00 00 00 00 00 00 00 00 00 00  ................
0000e900: 00 00 00 00 00 00 00 00 00 00 00 00 00 00 00 00  ................
0000e910: 00 00 00 00 00 00 00 00 00 00 00 00 00 00 00 00  ................
0000e920: 00 00 00 00 00 00 00 00 00 00 00 00 00 00 00 00  ................
0000e930: 00 00 00 00 00 00 00 00 00 00 00 00 00 00 00 00  ................
0000e940: 00 00 00 00 00 00 00 00 00 00 00 00 00 00 00 00  ................
0000e950: 00 00 00 00 00 00 00 00 00 00 00 00 00 00 00 00  ................
0000e960: 00 00 00 00 00 00 00 00 00 00 00 00 00 00 00 00  ................
0000e970: 00 00 00 00 00 00 00 00 00 00 00 00 00 00 00 00  ................
0000e980: 00 00 00 00 00 00 00 00 00 00 00 00 00 00 00 00  ................
0000e990: 00 00 00 00 00 00 00 00 00 00 00 00 00 00 00 00  ................
0000e9a0: 00 00 00 00 00 00 00 00 00 00 00 00 00 00 00 00  ................
0000e9b0: 00 00 00 00 00 00 00 00 00 00 00 00 00 00 00 00  ................
0000e9c0: 00 00 00 00 00 00 00 00 00 00 04 00 3c 00 5e 00  ............<.^.
0000e9d0: 70 00 7e 00 8c 00 a2 00 c6 00 ff 00 00 00 00 00  p.~.............
0000e9e0: 00 00 00 00 00 00 00 00 00 00 00 00 ff 00 00 00  ................
0000e9f0: 00 00 00 00 00 00 00 00 00 00 00 00 00 00 00 00  ................
0000ea00: 00 00 00 00 00 00 00 00 00 00 01 00 04 00 01 00  ................
0000ea10: 05 00 00 00 01 00 18 00 00 00 01 00 97 ff 97 ff  ................
0000ea20: 97 ff 97 ff 97 ff 97 ff 97 ff 97 ff 97 ff 97 ff  ................
0000ea30: 97 ff 97 ff 97 ff 97 ff 97 ff 97 ff 98 ff 98 ff  ................
0000ea40: 98 ff 98 ff 98 ff 98 ff 99 ff 99 ff 99 ff 9a ff  ................
0000ea50: 9a ff 9a ff 9b ff 9b ff 9c ff 9c ff 9d ff 9d ff  ................
0000ea60: 9e ff 9e ff 9f ff a0 ff a1 ff a1 ff a2 ff a3 ff  ................
0000ea70: a4 ff a5 ff a6 ff a7 ff a9 ff aa ff ab ff ac ff  ................
0000ea80: ae ff af ff b0 ff b2 ff b3 ff b4 ff b6 ff b7 ff  ................
0000ea90: b9 ff ba ff bc ff bd ff bf ff c0 ff c2 ff c3 ff  ................
0000eaa0: c5 ff c6 ff c8 ff c9 ff cb ff cc ff cd ff cf ff  ................
0000eab0: d0 ff d1 ff d3 ff d4 ff d5 ff d6 ff d8 ff d9 ff  ................
0000eac0: da ff db ff dc ff dd ff de ff df ff e0 ff e1 ff  ................
0000ead0: e2 ff e3 ff e4 ff e5 ff e6 ff e7 ff e8 ff e9 ff  ................
0000eae0: ea ff ea ff eb ff ec ff ed ff ee ff ef ff f0 ff  ................
0000eaf0: f0 ff f1 ff f2 ff f3 ff f4 ff f5 ff f5 ff f6 ff  ................
0000eb00: f7 ff f8 ff f9 ff fa ff fa ff fb ff fc ff fd ff  ................
0000eb10: fe ff ff ff ff ff 00 00 01 00 02 00 03 00 03 00  ................
0000eb20: 04 00 05 00 06 00 07 00 08 00 08 00 09 00 0a 00  ................
0000eb30: 0b 00 0b 00 0c 00 0d 00 0d 00 0e 00 0f 00 10 00  ................
0000eb40: 10 00 11 00 12 00 12 00 13 00 14 00 15 00 15 00  ................
0000eb50: 16 00 17 00 18 00 19 00 1a 00 1b 00 1c 00 1d 00  ................
0000eb60: 1e 00 1f 00 20 00 21 00 23 00 24 00 25 00 26 00  .... .!.#.$.%.&.
0000eb70: 28 00 29 00 2a 00 2c 00 2d 00 2f 00 30 00 32 00  (.).*.,.-./.0.2.
0000eb80: 33 00 35 00 36 00 38 00 39 00 3b 00 3d 00 3e 00  3.5.6.8.9.;.=.>.
0000eb90: 40 00 42 00 43 00 45 00 47 00 48 00 4a 00 4c 00  @.B.C.E.G.H.J.L.
0000eba0: 4d 00 4f 00 51 00 52 00 54 00 55 00 57 00 58 00  M.O.Q.R.T.U.W.X.
0000ebb0: 5a 00 5b 00 5c 00 5d 00 5e 00 5f 00 60 00 61 00  Z.[.\.].^._.`.a.
0000ebc0: 62 00 63 00 63 00 64 00 64 00 65 00 65 00 65 00  b.c.c.d.d.e.e.e.
0000ebd0: 66 00 66 00 66 00 66 00 66 00 66 00 66 00 66 00  f.f.f.f.f.f.f.f.
0000ebe0: 65 00 65 00 65 00 64 00 64 00 64 00 63 00 63 00  e.e.e.d.d.d.c.c.
0000ebf0: 62 00 61 00 61 00 60 00 5f 00 5f 00 5e 00 5d 00  b.a.a.`._._.^.].
0000ec00: 5c 00 5c 00 5b 00 5a 00 59 00 58 00 57 00 56 00  \.\.[.Z.Y.X.W.V.
0000ec10: 56 00 55 00 54 00 53 00 51 00 51 00 00 00 00 00  V.U.T.S.Q.Q.....
0000ec20: 00 00 00 00 00 00 00 00 00 00 00 00 00 00 00 00  ................
0000ec30: 00 00 00 00 00 00 00 00 00 00 00 00 00 00 00 00  ................
0000ec40: 00 00 00 00 00 00 00 00 00 00 00 00 00 00 00 00  ................
0000ec50: 00 00 00 00 00 00 00 00 00 00 00 00 00 00 00 00  ................
0000ec60: 00 00 00 00 00 00 00 00 00 00 00 00 00 00 00 00  ................
0000ec70: 00 00 00 00 00 00 00 00 00 00 00 00 00 00 00 00  ................
0000ec80: 00 00 00 00 00 00 00 00 00 00 00 00 00 00 00 00  ................
0000ec90: 00 00 00 00 00 00 00 00 00 00 00 00 00 00 00 00  ................
0000eca0: 00 00 00 00 00 00 00 00 00 00 00 00 00 00 00 00  ................
0000ecb0: 00 00 00 00 00 00 00 00 00 00 00 00 00 00 00 00  ................
0000ecc0: 00 00 00 00 00 00 00 00 00 00 00 00 00 00 00 00  ................
0000ecd0: 00 00 00 00 00 00 00 00 00 00 00 00 00 00 00 00  ................
0000ece0: 00 00 00 00 00 00 00 00 00 00 00 00 00 00 00 00  ................
0000ecf0: 00 00 00 00 00 00 00 00 00 00 00 00 00 00 00 00  ................
0000ed00: 00 00 00 00 00 00 00 00 00 00 00 00 00 00 00 00  ................
0000ed10: 00 00 00 00 00 00 00 00 00 00 00 00 00 00 00 00  ................
0000ed20: 00 00 00 00 00 00 00 00 00 00 00 00 00 00 00 00  ................
0000ed30: 00 00 00 00 00 00 00 00 00 00 00 00 00 00 00 00  ................
0000ed40: 00 00 00 00 00 00 00 00 00 00 00 00 00 00 00 00  ................
0000ed50: 00 00 00 00 00 00 00 00 00 00 00 00 00 00 00 00  ................
0000ed60: 00 00 00 00 00 00 00 00 00 00 00 00 00 00 00 00  ................
0000ed70: 00 00 00 00 00 00 00 00 00 00 00 00 00 00 00 00  ................
0000ed80: 00 00 00 00 00 00 00 00 00 00 00 00 00 00 00 00  ................
0000ed90: 00 00 00 00 00 00 00 00 00 00 00 00 00 00 00 00  ................
0000eda0: 00 00 00 00 00 00 00 00 00 00 00 00 00 00 00 00  ................
0000edb0: 00 00 00 00 00 00 00 00 00 00 00 00 00 00 00 00  ................
0000edc0: 00 00 00 00 00 00 00 00 00 00 00 00 00 00 00 00  ................
0000edd0: 00 00 00 00 00 00 00 00 00 00 00 00 00 00 00 00  ................
0000ede0: 00 00 00 00 00 00 00 00 00 00 00 00 00 00 00 00  ................
0000edf0: 00 00 00 00 00 00 00 00 00 00 00 00 00 00 00 00  ................
0000ee00: 00 00 00 00 00 00 00 00 00 00 00 00 00 00 00 00  ................
0000ee10: 00 00 00 00 00 00 00 00 00 00 00 00 02 00 2a 00  ..............*.
0000ee20: 4a 00 68 00 80 00 8a 00 9c 00 ba 00 ce 00 fe 00  J.h.............
0000ee30: ff 00 00 00 00 00 00 00 00 00 00 00 00 00 ff 00  ................
0000ee40: 00 00 00 00 00 00 00 00 00 00 00 00 00 00 00 00  ................
0000ee50: 00 00 00 00 00 00 00 00 00 00 00 00 01 00 04 00  ................
0000ee60: 01 00 05 00 02 00 01 00 18 00 00 00 01 00 a6 ff  ................
0000ee70: a6 ff a5 ff a5 ff a4 ff a3 ff a3 ff a2 ff a2 ff  ................
0000ee80: a1 ff a1 ff a0 ff a0 ff 9f ff 9f ff 9e ff 9e ff  ................
0000ee90: 9d ff 9d ff 9c ff 9c ff 9c ff 9b ff 9b ff 9b ff  ................
0000eea0: 9b ff 9a ff 9a ff 9a ff 9a ff 9a ff 9a ff 9a ff  ................
0000eeb0: 9a ff 9a ff 9a ff 9a ff 9a ff 9b ff 9b ff 9b ff  ................
0000eec0: 9c ff 9c ff 9d ff 9d ff 9e ff 9f ff 9f ff a0 ff  ................
0000eed0: a1 ff a2 ff a3 ff a4 ff a5 ff a6 ff a7 ff a9 ff  ................
0000eee0: aa ff ab ff ad ff ae ff af ff b1 ff b2 ff b4 ff  ................
0000eef0: b5 ff b7 ff b9 ff ba ff bc ff be ff bf ff c1 ff  ................
0000ef00: c3 ff c4 ff c6 ff c8 ff ca ff cb ff cd ff cf ff  ................
0000ef10: d1 ff d2 ff d4 ff d6 ff d7 ff d9 ff db ff dc ff  ................
0000ef20: de ff e0 ff e1 ff e3 ff e4 ff e6 ff e7 ff e9 ff  ................
0000ef30: ea ff eb ff ed ff ee ff ef ff f0 ff f2 ff f3 ff  ................
0000ef40: f4 ff f5 ff f6 ff f6 ff f7 ff f8 ff f9 ff f9 ff  ................
0000ef50: fa ff fa ff fb ff fb ff fc ff fc ff fc ff fd ff  ................
0000ef60: fd ff fd ff fd ff fe ff fe ff fe ff fe ff ff ff  ................
0000ef70: ff ff ff ff 00 00 00 00 00 00 01 00 01 00 01 00  ................
0000ef80: 02 00 02 00 03 00 03 00 04 00 05 00 05 00 06 00  ................
0000ef90: 06 00 07 00 08 00 09 00 09 00 0a 00 0b 00 0c 00  ................
0000efa0: 0d 00 0e 00 0e 00 0f 00 10 00 11 00 12 00 13 00  ................
0000efb0: 14 00 15 00 16 00 17 00 18 00 19 00 1b 00 1c 00  ................
0000efc0: 1d 00 1e 00 1f 00 20 00 21 00 22 00 23 00 25 00  ...... .!.".#.%.
0000efd0: 26 00 27 00 28 00 29 00 2a 00 2b 00 2c 00 2d 00  &.'.(.).*.+.,.-.
0000efe0: 2e 00 30 00 31 00 32 00 33 00 34 00 35 00 36 00  ..0.1.2.3.4.5.6.
0000eff0: 37 00 38 00 39 00 3a 00 3a 00 3b 00 3c 00 3d 00  7.8.9.:.:.;.<.=.
0000f000: 3e 00 3f 00 3f 00 40 00 41 00 42 00 42 00 43 00  >.?.?.@.A.B.B.C.
0000f010: 44 00 44 00 45 00 45 00 46 00 47 00 47 00 48 00  D.D.E.E.F.G.G.H.
0000f020: 48 00 49 00 49 00 49 00 4a 00 4a 00 4b 00 4b 00  H.I.I.I.J.J.K.K.
0000f030: 4b 00 4b 00 4c 00 4c 00 4c 00 4c 00 4d 00 4d 00  K.K.L.L.L.L.M.M.
0000f040: 4d 00 4d 00 4d 00 4d 00 4e 00 4e 00 4e 00 4e 00  M.M.M.M.N.N.N.N.
0000f050: 4e 00 4e 00 4e 00 4e 00 4e 00 4e 00 4e 00 4e 00  N.N.N.N.N.N.N.N.
0000f060: 4e 00 4e 00 4d 00 4d 00 4d 00 4d 00 4d 00 00 00  N.N.M.M.M.M.M...
0000f070: 00 00 00 00 00 00 00 00 00 00 00 00 00 00 00 00  ................
0000f080: 00 00 00 00 00 00 00 00 00 00 00 00 00 00 00 00  ................
0000f090: 00 00 00 00 00 00 00 00 00 00 00 00 00 00 00 00  ................
0000f0a0: 00 00 00 00 00 00 00 00 00 00 00 00 00 00 00 00  ................
0000f0b0: 00 00 00 00 00 00 00 00 00 00 00 00 00 00 00 00  ................
0000f0c0: 00 00 00 00 00 00 00 00 00 00 00 00 00 00 00 00  ................
0000f0d0: 00 00 00 00 00 00 00 00 00 00 00 00 00 00 00 00  ................
0000f0e0: 00 00 00 00 00 00 00 00 00 00 00 00 00 00 00 00  ................
0000f0f0: 00 00 00 00 00 00 00 00 00 00 00 00 00 00 00 00  ................
0000f100: 00 00 00 00 00 00 00 00 00 00 00 00 00 00 00 00  ................
0000f110: 00 00 00 00 00 00 00 00 00 00 00 00 00 00 00 00  ................
0000f120: 00 00 00 00 00 00 00 00 00 00 00 00 00 00 00 00  ................
0000f130: 00 00 00 00 00 00 00 00 00 00 00 00 00 00 00 00  ................
0000f140: 00 00 00 00 00 00 00 00 00 00 00 00 00 00 00 00  ................
0000f150: 00 00 00 00 00 00 00 00 00 00 00 00 00 00 00 00  ................
0000f160: 00 00 00 00 00 00 00 00 00 00 00 00 00 00 00 00  ................
0000f170: 00 00 00 00 00 00 00 00 00 00 00 00 00 00 00 00  ................
0000f180: 00 00 00 00 00 00 00 00 00 00 00 00 00 00 00 00  ................
0000f190: 00 00 00 00 00 00 00 00 00 00 00 00 00 00 00 00  ................
0000f1a0: 00 00 00 00 00 00 00 00 00 00 00 00 00 00 00 00  ................
0000f1b0: 00 00 00 00 00 00 00 00 00 00 00 00 00 00 00 00  ................
0000f1c0: 00 00 00 00 00 00 00 00 00 00 00 00 00 00 00 00  ................
0000f1d0: 00 00 00 00 00 00 00 00 00 00 00 00 00 00 00 00  ................
0000f1e0: 00 00 00 00 00 00 00 00 00 00 00 00 00 00 00 00  ................
0000f1f0: 00 00 00 00 00 00 00 00 00 00 00 00 00 00 00 00  ................
0000f200: 00 00 00 00 00 00 00 00 00 00 00 00 00 00 00 00  ................
0000f210: 00 00 00 00 00 00 00 00 00 00 00 00 00 00 00 00  ................
0000f220: 00 00 00 00 00 00 00 00 00 00 00 00 00 00 00 00  ................
0000f230: 00 00 00 00 00 00 00 00 00 00 00 00 00 00 00 00  ................
0000f240: 00 00 00 00 00 00 00 00 00 00 00 00 00 00 00 00  ................
0000f250: 00 00 00 00 00 00 00 00 00 00 00 00 00 00 00 00  ................
0000f260: 00 00 00 00 00 00 00 00 00 00 00 00 00 00 00 00  ................
0000f270: 30 00 6e 00 80 00 90 00 c6 00 ea 00 ff 00 00 00  0.n.............
0000f280: 00 00 00 00 00 00 00 00 00 00 00 00 00 00 00 00  ................
0000f290: ff 00 00 00 00 00 00 00 00 00 00 00 00 00 00 00  ................
0000f2a0: 00 00 00 00 00 00 00 00 00 00 00 00 00 00 04 00  ................
0000f2b0: 02 00 01 00 fe ff ff ff 00 00 08 00 ff ff ff ff  ................
0000f2c0: 40 00 28 00 1e 00 0a 00 b4 00 32 00 0c 00 ce 00  @.(.......2.....
0000f2d0: 01 00 01 00 00 00 10 00 00 02 ff 03 00 00 00 00  ................
0000f2e0: 40 00 40 00 40 00 01 00 00 00 10 00 00 02 ff 03  @.@.@...........
0000f2f0: 00 00 00 00 3a 00 3a 00 3a 00 01 00 00 00 10 00  ....:.:.:.......
0000f300: 00 02 ff 03 00 00 00 00 40 00 40 00 40 00 01 00  ........@.@.@...
0000f310: 00 00 10 00 00 02 ff 03 00 00 00 00 40 00 40 00  ............@.@.
0000f320: 40 00 01 00 00 00 10 00 00 02 ff 03 00 00 00 00  @...............
0000f330: 40 00 40 00 40 00 01 00 00 00 10 00 00 02 ff 03  @.@.@...........
0000f340: 00 00 00 00 40 00 40 00 40 00 01 00 00 00 2c 01  ....@.@.@.....,.
0000f350: 00 02 ff 03 00 00 00 00 00 00 40 00 40 00 01 00  ..........@.@...
0000f360: 00 00 2c 01 00 02 ff 03 00 00 00 00 00 00 40 00  ..,...........@.
0000f370: 40 00 01 00 00 00 2c 01 00 02 ff 03 00 00 00 00  @.....,.........
0000f380: 00 00 40 00 40 00 01 00 00 00 2c 01 00 02 ff 03  ..@.@.....,.....
0000f390: 00 00 00 00 00 00 40 00 40 00 0d 00 40 00 01 00  ......@.@...@...
0000f3a0: 40 00 00 00 10 00 10 00 20 00 10 00 10 00 20 00  @....... ..... .
0000f3b0: 10 00 10 00 20 00 10 00 10 00 20 00 10 00 10 00  .... ..... .....
0000f3c0: 20 00 10 00 10 00 20 00 10 00 10 00 20 00 08 00   ..... ..... ...
0000f3d0: 10 00 20 00 04 00 01 00 20 00 0e 00 06 00 00 00  .. ..... .......
0000f3e0: 0f 00 0e 00 4c 00 00 00 00 00 00 00 01 00 10 00  ....L...........
0000f3f0: 5c 10 01 00 00 00 78 00 01 00 01 00 01 00 78 00  \.....x.......x.
0000f400: 01 00 00 00 01 00 78 00 01 00 00 00 01 00 78 00  ......x.......x.
0000f410: 01 00 00 00 01 00 48 00 01 00 00 00 01 00 48 00  ......H.......H.
0000f420: 01 00 01 00 01 00 19 00 01 00 01 00 01 00 19 00  ................
0000f430: 01 00 01 00 01 00 48 00 01 00 01 00 01 00 48 00  ......H.......H.
0000f440: 01 00 01 00 00 00 00 00 00 00 00 00 00 00 00 00  ................
0000f450: 00 00 00 00 00 00 00 00 00 00 00 00 00 00 00 00  ................
0000f460: 00 00 00 00 00 00 00 00 00 00 00 00 00 00 00 00  ................
0000f470: 00 00 00 00 00 00 00 00 00 00 00 00 00 00 00 00  ................
0000f480: 00 00 00 00 00 00 00 00 00 00 00 00 00 00 00 00  ................
0000f490: 00 00 00 00 00 00 00 00 00 00 00 00 00 00 00 00  ................
0000f4a0: 00 00 00 00 00 00 00 00 00 00 00 00 00 00 00 00  ................
0000f4b0: 00 00 00 00 00 00 00 00 00 00 00 00 00 00 00 00  ................
0000f4c0: 00 00 00 00 00 00 00 00 00 00 00 00 00 00 00 00  ................
0000f4d0: 00 00 00 00 00 00 00 00 00 00 00 00 00 00 00 00  ................
0000f4e0: 00 00 00 00 00 00 00 00 00 00 00 00 00 00 00 00  ................
0000f4f0: 00 00 00 00 00 00 00 00 00 00 00 00 00 00 00 00  ................
0000f500: 00 00 00 00 00 00 00 00 00 00 00 00 00 00 00 00  ................
0000f510: 00 00 00 00 00 00 00 00 00 00 00 00 00 00 00 00  ................
0000f520: 00 00 00 00 00 00 00 00 00 00 00 00 00 00 00 00  ................
0000f530: 00 00 00 00 00 00 00 00 00 00 00 00 00 00 00 00  ................
0000f540: 00 00 00 00 00 00 00 00 00 00 00 00 00 00 00 00  ................
0000f550: 00 00 00 00 00 00 00 00 00 00 00 00 00 00 00 00  ................
0000f560: 00 00 00 00 00 00 00 00 00 00 00 00 00 00 00 00  ................
0000f570: 00 00 00 00 00 00 00 00 00 00 00 00 00 00 00 00  ................
0000f580: 00 00 00 00 00 00 00 00 00 00 00 00 00 00 00 00  ................
0000f590: 00 00 00 00 00 00 00 00 00 00 00 00 00 00 00 00  ................
0000f5a0: 00 00 00 00 00 00 00 00 00 00 00 00 00 00 00 00  ................
0000f5b0: 00 00 00 00 00 00 00 00 00 00 00 00 00 00 00 00  ................
0000f5c0: 00 00 00 00 00 00 00 00 00 00 00 00 00 00 00 00  ................
0000f5d0: 00 00 00 00 00 00 00 00 00 00 00 00 00 00 00 00  ................
0000f5e0: 00 00 00 00 00 00 00 00 00 00 00 00 00 00 00 00  ................
0000f5f0: 00 00 00 00 00 00 00 00 00 00 00 00 00 00 00 00  ................
0000f600: 00 00 00 00 00 00 00 00 00 00 00 00 00 00 00 00  ................
0000f610: 00 00 00 00 00 00 00 00 00 00 00 00 00 00 00 00  ................
0000f620: 00 00 00 00 00 00 00 00 00 00 00 00 00 00 00 00  ................
0000f630: 00 00 00 00 00 00 00 00 00 00 00 00 00 00 00 00  ................
0000f640: 00 00 00 00 00 00 00 00 00 00 00 00 00 00 00 00  ................
0000f650: 00 00 00 00 00 00 00 00 00 00 00 00 00 00 00 00  ................
0000f660: 00 00 00 00 00 00 00 00 00 00 00 00 00 00 00 00  ................
0000f670: 00 00 00 00 00 00 00 00 00 00 00 00 00 00 00 00  ................
0000f680: 00 00 00 00 00 00 00 00 00 00 00 00 00 00 00 00  ................
0000f690: 00 00 00 00 00 00 00 00 00 00 00 00 00 00 00 00  ................
0000f6a0: 00 00 00 00 00 00 00 00 00 00 00 00 00 00 00 00  ................
0000f6b0: 00 00 00 00 00 00 00 00 00 00 00 00 00 00 00 00  ................
0000f6c0: 00 00 00 00 00 00 00 00 00 00 00 00 00 00 00 00  ................
0000f6d0: 00 00 00 00 00 00 00 00 00 00 00 00 00 00 00 00  ................
0000f6e0: 00 00 00 00 00 00 00 00 00 00 00 00 00 00 00 00  ................
0000f6f0: 00 00 00 00 00 00 00 00 00 00 00 00 00 00 00 00  ................
0000f700: 00 00 00 00 00 00 00 00 00 00 00 00 00 00 00 00  ................
0000f710: 00 00 00 00 00 00 00 00 00 00 00 00 00 00 00 00  ................
0000f720: 00 00 00 00 00 00 00 00 00 00 00 00 00 00 00 00  ................
0000f730: 00 00 00 00 00 00 00 00 00 00 00 00 00 00 00 00  ................
0000f740: 00 00 00 00 00 00 00 00 00 00 00 00 00 00 00 00  ................
0000f750: 00 00 00 00 00 00 00 00 00 00 00 00 00 00 00 00  ................
0000f760: 00 00 00 00 00 00 00 00 00 00 00 00 00 00 00 00  ................
0000f770: 00 00 00 00 00 00 00 00 00 00 00 00 00 00 00 00  ................
0000f780: 00 00 00 00 00 00 00 00 00 00 00 00 00 00 00 00  ................
0000f790: 00 00 00 00 00 00 00 00 00 00 00 00 00 00 00 00  ................
0000f7a0: 00 00 00 00 00 00 00 00 00 00 00 00 00 00 00 00  ................
0000f7b0: 00 00 00 00 00 00 00 00 00 00 00 00 00 00 00 00  ................
0000f7c0: 00 00 00 00 00 00 00 00 00 00 00 00 00 00 00 00  ................
0000f7d0: 00 00 00 00 00 00 00 00 00 00 00 00 00 00 00 00  ................
0000f7e0: 00 00 00 00 00 00 00 00 00 00 00 00 00 00 00 00  ................
0000f7f0: 00 00 00 00 00 00 00 00 00 00 00 00 00 00 00 00  ................
0000f800: 00 00 00 00 00 00 00 00 00 00 00 00 00 00 00 00  ................
0000f810: 00 00 00 00 00 00 00 00 00 00 00 00 00 00 00 00  ................
0000f820: 00 00 00 00 00 00 00 00 00 00 00 00 00 00 00 00  ................
0000f830: 00 00 00 00 00 00 00 00 00 00 00 00 00 00 00 00  ................
0000f840: 00 00 00 00 00 00 00 00 00 00 00 00 00 00 00 00  ................
0000f850: 00 00 00 00 00 00 00 00 00 00 00 00 00 00 00 00  ................
0000f860: 00 00 00 00 00 00 00 00 00 00 00 00 00 00 00 00  ................
0000f870: 00 00 00 00 00 00 00 00 00 00 00 00 00 00 00 00  ................
0000f880: 00 00 00 00 00 00 00 00 00 00 00 00 00 00 00 00  ................
0000f890: 00 00 00 00 00 00 00 00 00 00 00 00 00 00 00 00  ................
0000f8a0: 00 00 00 00 00 00 00 00 00 00 00 00 00 00 00 00  ................
0000f8b0: 00 00 00 00 00 00 00 00 00 00 00 00 00 00 00 00  ................
0000f8c0: 00 00 00 00 00 00 00 00 00 00 00 00 00 00 00 00  ................
0000f8d0: 00 00 00 00 00 00 00 00 00 00 00 00 00 00 00 00  ................
0000f8e0: 00 00 00 00 00 00 00 00 00 00 00 00 00 00 00 00  ................
0000f8f0: 00 00 00 00 00 00 00 00 00 00 00 00 00 00 00 00  ................
0000f900: 00 00 00 00 00 00 00 00 00 00 00 00 00 00 00 00  ................
0000f910: 00 00 00 00 00 00 00 00 00 00 00 00 00 00 00 00  ................
0000f920: 00 00 00 00 00 00 00 00 00 00 00 00 00 00 00 00  ................
0000f930: 00 00 00 00 00 00 00 00 00 00 00 00 00 00 00 00  ................
0000f940: 00 00 00 00 00 00 00 00 00 00 00 00 00 00 00 00  ................
0000f950: 00 00 00 00 00 00 00 00 00 00 00 00 00 00 00 00  ................
0000f960: 00 00 00 00 00 00 00 00 00 00 00 00 00 00 00 00  ................
0000f970: 00 00 00 00 00 00 00 00 00 00 00 00 00 00 00 00  ................
0000f980: 00 00 00 00 00 00 00 00 00 00 00 00 00 00 00 00  ................
0000f990: 00 00 00 00 00 00 00 00 00 00 00 00 00 00 00 00  ................
0000f9a0: 00 00 00 00 00 00 00 00 00 00 00 00 00 00 00 00  ................
0000f9b0: 00 00 00 00 00 00 00 00 00 00 00 00 00 00 00 00  ................
0000f9c0: 00 00 00 00 00 00 00 00 00 00 00 00 00 00 00 00  ................
0000f9d0: 00 00 00 00 00 00 00 00 00 00 00 00 00 00 00 00  ................
0000f9e0: 00 00 00 00 00 00 00 00 00 00 00 00 00 00 00 00  ................
0000f9f0: 00 00 00 00 00 00 00 00 00 00 00 00 00 00 00 00  ................
0000fa00: 00 00 00 00 00 00 00 00 00 00 00 00 00 00 00 00  ................
0000fa10: 00 00 00 00 00 00 00 00 00 00 00 00 00 00 00 00  ................
0000fa20: 00 00 00 00 00 00 00 00 00 00 00 00 00 00 00 00  ................
0000fa30: 00 00 00 00 00 00 00 00 00 00 00 00 00 00 00 00  ................
0000fa40: 00 00 00 00 00 00 00 00 00 00 00 00 00 00 00 00  ................
0000fa50: 00 00 00 00 00 00 00 00 00 00 00 00 00 00 00 00  ................
0000fa60: 00 00 00 00 00 00 00 00 00 00 00 00 00 00 00 00  ................
0000fa70: 00 00 00 00 00 00 00 00 00 00 00 00 00 00 00 00  ................
0000fa80: 00 00 00 00 00 00 00 00 00 00 00 00 00 00 00 00  ................
0000fa90: 00 00 00 00 00 00 00 00 00 00 00 00 00 00 00 00  ................
0000faa0: 00 00 00 00 00 00 00 00 00 00 00 00 00 00 00 00  ................
0000fab0: 00 00 00 00 00 00 00 00 00 00 00 00 00 00 00 00  ................
0000fac0: 00 00 00 00 00 00 00 00 00 00 00 00 00 00 00 00  ................
0000fad0: 00 00 00 00 00 00 00 00 00 00 00 00 00 00 00 00  ................
0000fae0: 00 00 00 00 00 00 00 00 00 00 00 00 00 00 00 00  ................
0000faf0: 00 00 00 00 00 00 00 00 00 00 00 00 00 00 00 00  ................
0000fb00: 00 00 00 00 00 00 00 00 00 00 00 00 00 00 00 00  ................
0000fb10: 00 00 00 00 00 00 00 00 00 00 00 00 00 00 00 00  ................
0000fb20: 00 00 00 00 00 00 00 00 00 00 00 00 00 00 00 00  ................
0000fb30: 00 00 00 00 00 00 00 00 00 00 00 00 00 00 00 00  ................
0000fb40: 00 00 00 00 00 00 00 00 00 00 00 00 00 00 00 00  ................
0000fb50: 00 00 00 00 00 00 00 00 00 00 00 00 00 00 00 00  ................
0000fb60: 00 00 00 00 00 00 00 00 00 00 00 00 00 00 00 00  ................
0000fb70: 00 00 00 00 00 00 00 00 00 00 00 00 00 00 00 00  ................
0000fb80: 00 00 00 00 00 00 00 00 00 00 00 00 00 00 00 00  ................
0000fb90: 00 00 00 00 00 00 00 00 00 00 00 00 00 00 00 00  ................
0000fba0: 00 00 00 00 00 00 00 00 00 00 00 00 00 00 00 00  ................
0000fbb0: 00 00 00 00 00 00 00 00 00 00 00 00 00 00 00 00  ................
0000fbc0: 00 00 00 00 00 00 00 00 00 00 00 00 00 00 00 00  ................
0000fbd0: 00 00 00 00 00 00 00 00 00 00 00 00 00 00 00 00  ................
0000fbe0: 00 00 00 00 00 00 00 00 00 00 00 00 00 00 00 00  ................
0000fbf0: 00 00 00 00 00 00 00 00 00 00 00 00 00 00 00 00  ................
0000fc00: 00 00 00 00 00 00 00 00 00 00 00 00 00 00 00 00  ................
0000fc10: 00 00 00 00 00 00 00 00 00 00 00 00 00 00 00 00  ................
0000fc20: 00 00 00 00 00 00 00 00 00 00 00 00 00 00 00 00  ................
0000fc30: 00 00 00 00 00 00 00 00 00 00 00 00 00 00 00 00  ................
0000fc40: 00 00 00 00 00 00 00 00 00 00 00 00 00 00 00 00  ................
0000fc50: 00 00 00 00 00 00 00 00 00 00 00 00 00 00 00 00  ................
0000fc60: 00 00 00 00 00 00 00 00 00 00 00 00 00 00 00 00  ................
0000fc70: 00 00 00 00 00 00 00 00 00 00 00 00 00 00 00 00  ................
0000fc80: 00 00 00 00 00 00 00 00 00 00 00 00 00 00 00 00  ................
0000fc90: 00 00 00 00 00 00 00 00 00 00 00 00 00 00 00 00  ................
0000fca0: 00 00 00 00 00 00 00 00 00 00 00 00 00 00 00 00  ................
0000fcb0: 00 00 00 00 00 00 00 00 00 00 00 00 00 00 00 00  ................
0000fcc0: 00 00 00 00 00 00 00 00 00 00 00 00 00 00 00 00  ................
0000fcd0: 00 00 00 00 00 00 00 00 00 00 00 00 00 00 00 00  ................
0000fce0: 00 00 00 00 00 00 00 00 00 00 00 00 00 00 00 00  ................
0000fcf0: 00 00 00 00 00 00 00 00 00 00 00 00 00 00 00 00  ................
0000fd00: 00 00 00 00 00 00 00 00 00 00 00 00 00 00 00 00  ................
0000fd10: 00 00 00 00 00 00 00 00 00 00 00 00 00 00 00 00  ................
0000fd20: 00 00 00 00 00 00 00 00 00 00 00 00 00 00 00 00  ................
0000fd30: 00 00 00 00 00 00 00 00 00 00 00 00 00 00 00 00  ................
0000fd40: 00 00 00 00 00 00 00 00 00 00 00 00 00 00 00 00  ................
0000fd50: 00 00 00 00 00 00 00 00 00 00 00 00 00 00 00 00  ................
0000fd60: 00 00 00 00 00 00 00 00 00 00 00 00 00 00 00 00  ................
0000fd70: 00 00 00 00 00 00 00 00 00 00 00 00 00 00 00 00  ................
0000fd80: 00 00 00 00 00 00 00 00 00 00 00 00 00 00 00 00  ................
0000fd90: 00 00 00 00 00 00 00 00 00 00 00 00 00 00 00 00  ................
0000fda0: 00 00 00 00 00 00 00 00 00 00 00 00 00 00 00 00  ................
0000fdb0: 00 00 00 00 00 00 00 00 00 00 00 00 00 00 00 00  ................
0000fdc0: 00 00 00 00 00 00 00 00 00 00 00 00 00 00 00 00  ................
0000fdd0: 00 00 00 00 00 00 00 00 00 00 00 00 00 00 00 00  ................
0000fde0: 00 00 00 00 00 00 00 00 00 00 00 00 00 00 00 00  ................
0000fdf0: 00 00 00 00 00 00 00 00 00 00 00 00 00 00 00 00  ................
0000fe00: 00 00 00 00 00 00 00 00 00 00 00 00 00 00 00 00  ................
0000fe10: 00 00 00 00 00 00 00 00 00 00 00 00 00 00 00 00  ................
0000fe20: 00 00 00 00 00 00 00 00 00 00 00 00 00 00 00 00  ................
0000fe30: 00 00 00 00 00 00 00 00 00 00 00 00 00 00 00 00  ................
0000fe40: 00 00 00 00 00 00 00 00 00 00 00 00 00 00 00 00  ................
0000fe50: 00 00 00 00 00 00 00 00 00 00 00 00 00 00 00 00  ................
0000fe60: 00 00 00 00 00 00 00 00 00 00 00 00 00 00 00 00  ................
0000fe70: 00 00 00 00 00 00 00 00 00 00 00 00 00 00 00 00  ................
0000fe80: 00 00 00 00 00 00 00 00 00 00 00 00 00 00 00 00  ................
0000fe90: 00 00 00 00 00 00 00 00 00 00 00 00 00 00 00 00  ................
0000fea0: 00 00 00 00 00 00 00 00 00 00 00 00 00 00 00 00  ................
0000feb0: 00 00 00 00 00 00 00 00 00 00 00 00 00 00 00 00  ................
0000fec0: 00 00 00 00 00 00 00 00 00 00 00 00 00 00 00 00  ................
0000fed0: 00 00 00 00 00 00 00 00 00 00 00 00 00 00 00 00  ................
0000fee0: 00 00 00 00 00 00 00 00 00 00 00 00 00 00 00 00  ................
0000fef0: 00 00 00 00 00 00 00 00 00 00 00 00 00 00 00 00  ................
0000ff00: 00 00 00 00 00 00 00 00 00 00 00 00 00 00 00 00  ................
0000ff10: 00 00 00 00 00 00 00 00 00 00 00 00 00 00 00 00  ................
0000ff20: 00 00 00 00 00 00 00 00 00 00 00 00 00 00 00 00  ................
0000ff30: 00 00 00 00 00 00 00 00 00 00 00 00 00 00 00 00  ................
0000ff40: 00 00 00 00 00 00 00 00 00 00 00 00 00 00 00 00  ................
0000ff50: 00 00 00 00 00 00 00 00 00 00 00 00 00 00 00 00  ................
0000ff60: 00 00 00 00 00 00 00 00 00 00 00 00 00 00 00 00  ................
0000ff70: 00 00 00 00 00 00 00 00 00 00 00 00 00 00 00 00  ................
0000ff80: 00 00 00 00 00 00 00 00 00 00 00 00 00 00 00 00  ................
0000ff90: 00 00 00 00 00 00 00 00 00 00 00 00 00 00 00 00  ................
0000ffa0: 00 00 00 00 00 00 00 00 00 00 00 00 00 00 00 00  ................
0000ffb0: 00 00 00 00 00 00 00 00 00 00 00 00 00 00 00 00  ................
0000ffc0: 00 00 00 00 00 00 00 00 00 00 00 00 00 00 00 00  ................
0000ffd0: 00 00 00 00 00 00 00 00 00 00 00 00 00 00 00 00  ................
0000ffe0: 00 00 00 00 00 00 00 00 00 00 00 00 00 00 00 00  ................
0000fff0: 00 00 00 00 00 00 00 00 00 00 00 00 00 00 00 00  ................
00010000: 00 00 00 00 00 00 00 00 00 00 00 00 00 00 00 00  ................
00010010: 00 00 00 00 00 00 00 00 00 00 00 00 00 00 00 00  ................
00010020: 00 00 00 00 00 00 00 00 00 00 00 00 00 00 00 00  ................
00010030: 00 00 00 00 00 00 00 00 00 00 00 00 00 00 00 00  ................
00010040: 00 00 00 00 00 00 00 00 00 00 00 00 00 00 00 00  ................
00010050: 00 00 00 00 00 00 00 00 00 00 00 00 00 00 00 00  ................
00010060: 00 00 00 00 00 00 00 00 00 00 00 00 00 00 00 00  ................
00010070: 00 00 00 00 00 00 00 00 00 00 00 00 00 00 00 00  ................
00010080: 00 00 00 00 00 00 00 00 00 00 00 00 00 00 00 00  ................
00010090: 00 00 00 00 00 00 00 00 00 00 00 00 00 00 00 00  ................
000100a0: 00 00 00 00 00 00 00 00 00 00 00 00 00 00 00 00  ................
000100b0: 00 00 00 00 00 00 00 00 00 00 00 00 00 00 00 00  ................
000100c0: 00 00 00 00 00 00 00 00 00 00 00 00 00 00 00 00  ................
000100d0: 00 00 00 00 00 00 00 00 00 00 00 00 00 00 00 00  ................
000100e0: 00 00 00 00 00 00 00 00 00 00 00 00 00 00 00 00  ................
000100f0: 00 00 00 00 00 00 00 00 00 00 00 00 00 00 00 00  ................
00010100: 00 00 00 00 00 00 00 00 00 00 00 00 00 00 00 00  ................
00010110: 00 00 00 00 00 00 00 00 00 00 00 00 00 00 00 00  ................
00010120: 00 00 00 00 00 00 00 00 00 00 00 00 00 00 00 00  ................
00010130: 00 00 00 00 00 00 00 00 00 00 00 00 00 00 00 00  ................
00010140: 00 00 00 00 00 00 00 00 00 00 00 00 00 00 00 00  ................
00010150: 00 00 00 00 00 00 00 00 00 00 00 00 00 00 00 00  ................
00010160: 00 00 00 00 00 00 00 00 00 00 00 00 00 00 00 00  ................
00010170: 00 00 00 00 00 00 00 00 00 00 00 00 00 00 00 00  ................
00010180: 00 00 00 00 00 00 00 00 00 00 00 00 00 00 00 00  ................
00010190: 00 00 00 00 00 00 00 00 00 00 00 00 00 00 00 00  ................
000101a0: 00 00 00 00 00 00 00 00 00 00 00 00 00 00 00 00  ................
000101b0: 00 00 00 00 00 00 00 00 00 00 00 00 00 00 00 00  ................
000101c0: 00 00 00 00 00 00 00 00 00 00 00 00 00 00 00 00  ................
000101d0: 00 00 00 00 00 00 00 00 00 00 00 00 00 00 00 00  ................
000101e0: 00 00 00 00 00 00 00 00 00 00 00 00 00 00 00 00  ................
000101f0: 00 00 00 00 00 00 00 00 00 00 00 00 00 00 00 00  ................
00010200: 00 00 00 00 00 00 00 00 00 00 00 00 00 00 00 00  ................
00010210: 00 00 00 00 00 00 00 00 00 00 00 00 00 00 00 00  ................
00010220: 00 00 00 00 00 00 00 00 00 00 00 00 00 00 00 00  ................
00010230: 00 00 00 00 00 00 00 00 00 00 00 00 00 00 00 00  ................
00010240: 00 00 00 00 00 00 00 00 00 00 00 00 00 00 00 00  ................
00010250: 00 00 00 00 00 00 00 00 00 00 00 00 00 00 00 00  ................
00010260: 00 00 00 00 00 00 00 00 00 00 00 00 00 00 00 00  ................
00010270: 00 00 00 00 00 00 00 00 00 00 00 00 00 00 00 00  ................
00010280: 00 00 00 00 00 00 00 00 00 00 00 00 00 00 00 00  ................
00010290: 00 00 00 00 00 00 00 00 00 00 00 00 00 00 00 00  ................
000102a0: 00 00 00 00 00 00 00 00 00 00 00 00 00 00 00 00  ................
000102b0: 00 00 00 00 00 00 00 00 00 00 00 00 00 00 00 00  ................
000102c0: 00 00 00 00 00 00 00 00 00 00 00 00 00 00 00 00  ................
000102d0: 00 00 00 00 00 00 00 00 00 00 00 00 00 00 00 00  ................
000102e0: 00 00 00 00 00 00 00 00 00 00 00 00 00 00 00 00  ................
000102f0: 00 00 00 00 00 00 00 00 00 00 00 00 00 00 00 00  ................
00010300: 00 00 00 00 00 00 00 00 00 00 00 00 00 00 00 00  ................
00010310: 00 00 00 00 00 00 00 00 00 00 00 00 00 00 00 00  ................
00010320: 00 00 00 00 00 00 00 00 00 00 00 00 00 00 00 00  ................
00010330: 00 00 00 00 00 00 00 00 00 00 00 00 00 00 00 00  ................
00010340: 00 00 00 00 00 00 00 00 00 00 00 00 00 00 00 00  ................
00010350: 00 00 00 00 00 00 00 00 00 00 00 00 00 00 00 00  ................
00010360: 00 00 00 00 00 00 00 00 00 00 00 00 00 00 00 00  ................
00010370: 00 00 00 00 00 00 00 00 00 00 00 00 00 00 00 00  ................
00010380: 00 00 00 00 00 00 00 00 00 00 00 00 00 00 00 00  ................
00010390: 00 00 00 00 00 00 00 00 00 00 00 00 00 00 00 00  ................
000103a0: 00 00 00 00 00 00 00 00 00 00 00 00 00 00 00 00  ................
000103b0: 00 00 00 00 00 00 00 00 00 00 00 00 00 00 00 00  ................
000103c0: 00 00 00 00 00 00 00 00 00 00 00 00 00 00 00 00  ................
000103d0: 00 00 00 00 00 00 00 00 00 00 00 00 00 00 00 00  ................
000103e0: 00 00 00 00 00 00 00 00 00 00 00 00 00 00 00 00  ................
000103f0: 00 00 00 00 00 00 00 00 00 00 00 00 00 00 00 00  ................
00010400: 00 00 00 00 00 00 00 00 00 00 00 00 00 00 00 00  ................
00010410: 00 00 00 00 00 00 00 00 00 00 00 00 00 00 00 00  ................
00010420: 00 00 00 00 00 00 00 00 00 00 00 00 00 00 00 00  ................
00010430: 00 00 00 00 00 00 00 00 00 00 00 00 00 00 00 00  ................
00010440: 00 00 00 00 00 00 00 00 00 00 11 00 04 01 06 00  ................
00010450: 06 00 06 00 06 00 06 00 06 00 06 00 06 00 06 00  ................
00010460: 06 00 06 00 06 00 06 00 06 00 06 00 06 00 06 00  ................
00010470: 09 00 09 00 09 00 09 00 09 00 09 00 09 00 09 00  ................
00010480: 09 00 09 00 09 00 09 00 09 00 09 00 06 00 06 00  ................
00010490: 09 00 0c 00 0c 00 0c 00 0c 00 0c 00 0c 00 0c 00  ................
000104a0: 0c 00 0c 00 0c 00 0c 00 0c 00 09 00 06 00 06 00  ................
000104b0: 09 00 0c 00 0f 00 0f 00 0f 00 0f 00 0f 00 0f 00  ................
000104c0: 0f 00 0f 00 0f 00 0f 00 0c 00 09 00 06 00 06 00  ................
000104d0: 09 00 0c 00 0f 00 0f 00 0f 00 0f 00 0f 00 0f 00  ................
000104e0: 0f 00 0f 00 0f 00 0f 00 0c 00 09 00 06 00 06 00  ................
000104f0: 09 00 0c 00 0c 00 0c 00 0c 00 0c 00 0c 00 0c 00  ................
00010500: 0c 00 0c 00 0c 00 0c 00 0c 00 09 00 06 00 06 00  ................
00010510: 09 00 09 00 09 00 09 00 09 00 09 00 09 00 09 00  ................
00010520: 09 00 09 00 09 00 09 00 09 00 09 00 06 00 06 00  ................
00010530: 06 00 06 00 06 00 06 00 06 00 06 00 06 00 06 00  ................
00010540: 06 00 06 00 06 00 06 00 06 00 06 00 06 00 12 00  ................
00010550: 2e 00 00 00 ff 04 00 00 cf 02 00 00 00 00 00 00  ................
00010560: 00 00 00 00 00 00 00 00 00 00 00 00 00 00 00 00  ................
00010570: 00 00 00 00 00 00 00 00 00 00 40 00 13 00 10 02  ..........@.....
00010580: 00 00 00 01 00 01 00 01 00 00 00 00 00 00 0f 00  ................
00010590: 08 00 05 00 04 00 03 00 02 00 02 00 01 00 01 00  ................
000105a0: 01 00 01 00 01 00 01 00 01 00 01 00 01 00 1e 00  ................
000105b0: c8 00 00 00 2a 00 38 00 51 00 49 00 5c 00 32 00  ....*.8.Q.I.\.2.
000105c0: 32 00 32 00 32 00 32 00 73 00 4c 00 34 00 40 00  2.2.2.2.s.L.4.@.
000105d0: 36 00 32 00 32 00 32 00 60 00 32 00 52 00 60 00  6.2.2.2.`.2.R.`.
000105e0: 79 00 67 00 7a 00 bc 02 bc 02 bc 02 bc 02 bc 02  y.g.z...........
000105f0: b4 00 74 00 5c 00 5e 00 54 00 bc 02 bc 02 bc 02  ..t.\.^.T.......
00010600: bc 02 bc 02 64 00 3d 00 1a 00 2b 00 19 00 32 00  ....d.=...+...2.
00010610: 32 00 32 00 32 00 32 00 c8 00 65 00 42 00 48 00  2.2.2.2...e.B.H.
00010620: 38 00 bc 02 bc 02 bc 02 bc 02 bc 02 0a 00 30 75  8.............0u
00010630: 03 00 00 00 01 00 02 00 03 00 03 00 00 00 01 00  ................
00010640: 02 00 03 00 03 00 00 00 00 00 00 00 00 00 00 00  ................
00010650: 00 00 00 00 00 00 00 00 00 00 00 00 00 00 00 00  ................
00010660: 00 00 00 00 00 00 00 00 00 00 00 00 00 00 00 00  ................
00010670: 00 00 00 00 00 00 00 00 00 00 00 00 00 00 00 00  ................
00010680: 00 00 00 00 00 00 00 00 00 00 00 00 00 00 00 00  ................
00010690: 00 00 00 00 00 00 00 00 00 00 00 00 00 00 00 00  ................
000106a0: 00 00 00 00 00 00 00 00 00 00 00 00 00 00 00 00  ................
000106b0: 00 00 00 00 00 00 00 00 00 00 00 00 00 00 00 00  ................
000106c0: 00 00 00 00 00 00 00 00 00 00 00 00 00 00 00 00  ................
000106d0: 00 00 00 00 00 00 00 00 00 00 00 00 00 00 00 00  ................
000106e0: 00 00 00 00 00 00 00 00 00 00 00 00 00 00 00 00  ................
000106f0: 00 00 00 00 00 00 00 00 00 00 00 00 00 00 00 00  ................
00010700: 00 00 00 00 00 00 00 00 00 00 00 00 00 00 00 00  ................
00010710: 00 00 00 00 00 00 00 00 00 00 00 00 00 00 00 00  ................
00010720: 00 00 00 00 00 00 00 00 00 00 00 00 00 00 00 00  ................
00010730: 00 00 00 00 00 00 00 00 00 00 00 00 00 00 00 00  ................
00010740: 00 00 00 00 00 00 00 00 00 00 00 00 00 00 00 00  ................
00010750: 00 00 00 00 00 00 00 00 00 00 00 00 00 00 00 00  ................
00010760: 00 00 00 00 00 00 00 00 00 00 00 00 00 00 00 00  ................
00010770: 00 00 00 00 00 00 00 00 00 00 00 00 00 00 00 00  ................
00010780: 00 00 00 00 00 00 00 00 00 00 00 00 14 00 f0 00  ................
00010790: 01 00 00 00 00 00 01 00 0a 00 00 00 ca 08 00 00  ................
000107a0: 0a 00 00 00 0a 00 00 00 ca 08 00 00 0a 00 00 00  ................
000107b0: ca 08 00 00 01 00 00 00 00 01 00 00 00 01 00 00  ................
000107c0: 00 01 00 00 00 01 00 00 00 40 00 00 00 01 00 00  .........@......
000107d0: 01 00 00 00 06 00 00 00 37 00 00 00 00 00 00 00  ........7.......
000107e0: 01 00 00 00 01 00 00 00 02 00 00 00 02 00 00 00  ................
000107f0: 04 00 00 00 04 00 00 00 08 00 00 00 08 00 00 00  ................
00010800: 10 00 00 00 10 00 00 00 20 00 00 00 20 00 00 00  ........ ... ...
00010810: 42 00 00 00 42 00 00 00 80 00 00 00 80 00 00 00  B...B...........
00010820: 00 04 00 00 00 00 00 00 00 00 00 00 05 00 00 00  ................
00010830: 02 00 00 00 02 00 00 00 02 00 00 00 02 00 00 00  ................
00010840: 02 00 00 00 02 00 00 00 02 00 00 00 02 00 00 00  ................
00010850: 03 00 00 00 04 00 00 00 04 00 00 00 05 00 00 00  ................
00010860: 05 00 00 00 06 00 00 00 07 00 00 00 00 00 00 00  ................
00010870: 08 00 00 00 0a 00 00 00 05 00 00 00 15 00 1e 00  ................
00010880: 00 00 00 00 00 00 00 00 05 00 01 00 00 00 08 20  ............... 
00010890: 58 02 01 00 3c 00 00 00 00 00 16 00 32 01 00 00  X...<.......2...
000108a0: 08 00 10 00 18 00 20 00 28 00 30 00 38 00 40 00  ...... .(.0.8.@.
000108b0: 48 00 50 00 58 00 60 00 68 00 70 00 78 00 80 00  H.P.X.`.h.p.x...
000108c0: 88 00 90 00 98 00 a0 00 a8 00 b0 00 b8 00 c0 00  ................
000108d0: c8 00 d0 00 d8 00 e0 00 e8 00 f0 00 f8 00 00 01  ................
000108e0: 08 01 10 01 18 01 20 01 28 01 30 01 38 01 40 01  ...... .(.0.8.@.
000108f0: 48 01 50 01 58 01 60 01 68 01 70 01 78 01 80 01  H.P.X.`.h.p.x...
00010900: 88 01 90 01 98 01 a0 01 a8 01 b0 01 b8 01 c0 01  ................
00010910: c8 01 d0 01 d8 01 e0 01 e8 01 f0 01 f8 01 00 02  ................
00010920: 08 02 10 02 18 02 20 02 28 02 30 02 38 02 40 02  ...... .(.0.8.@.
00010930: 48 02 50 02 58 02 60 02 68 02 70 02 78 02 80 02  H.P.X.`.h.p.x...
00010940: 88 02 90 02 98 02 a0 02 a8 02 b0 02 b8 02 c0 02  ................
00010950: c8 02 d0 02 d8 02 e0 02 e8 02 f0 02 f8 02 00 03  ................
00010960: 08 03 10 03 18 03 20 03 28 03 30 03 38 03 40 03  ...... .(.0.8.@.
00010970: 48 03 50 03 58 03 60 03 68 03 70 03 78 03 80 03  H.P.X.`.h.p.x...
00010980: 88 03 90 03 98 03 a0 03 a8 03 b0 03 b8 03 c0 03  ................
00010990: c8 03 d0 03 d8 03 e0 03 e8 03 f0 03 f8 03 ff 03  ................
000109a0: 00 00 10 00 20 00 30 00 40 00 50 00 60 00 70 00  .... .0.@.P.`.p.
000109b0: 00 00 00 00 00 00 00 00 00 00 00 00 00 00 00 00  ................
000109c0: 00 00 00 00 00 00 00 00 00 00 00 00 17 00 e4 03  ................
000109d0: 00 00 00 00 00 00 00 00 00 00 00 00 00 00 00 00  ................
000109e0: 00 00 00 00 00 00 00 00 00 00 00 00 00 00 00 00  ................
000109f0: 00 00 00 00 00 00 00 00 00 00 00 00 00 00 00 00  ................
00010a00: 00 00 00 00 00 00 00 00 00 00 00 00 00 00 00 00  ................
00010a10: 00 00 00 00 00 00 00 00 00 00 00 00 00 00 00 00  ................
00010a20: 00 00 00 00 00 00 00 00 00 00 00 00 00 00 00 00  ................
00010a30: 00 00 00 00 00 00 00 00 00 00 00 00 00 00 00 00  ................
00010a40: 00 00 00 00 00 00 00 00 00 00 00 00 00 00 00 00  ................
00010a50: 00 00 00 00 00 00 00 00 00 00 00 00 00 00 00 00  ................
00010a60: 00 00 00 00 00 00 00 00 00 00 00 00 00 00 00 00  ................
00010a70: 00 00 00 00 00 00 00 00 00 00 00 00 00 00 00 00  ................
00010a80: 00 00 00 00 00 00 00 00 00 00 00 00 00 00 00 00  ................
00010a90: 00 00 00 00 00 00 00 00 00 00 00 00 00 00 00 00  ................
00010aa0: 00 00 00 00 00 00 00 00 00 00 00 00 00 00 00 00  ................
00010ab0: 00 00 00 00 00 00 00 00 00 00 00 00 00 00 00 00  ................
00010ac0: 00 00 00 00 00 00 00 00 00 00 00 00 00 00 00 00  ................
00010ad0: 00 00 00 00 00 00 00 00 00 00 00 00 00 00 00 00  ................
00010ae0: 00 00 00 00 00 00 00 00 00 00 00 00 00 00 00 00  ................
00010af0: 00 00 00 00 00 00 00 00 00 00 00 00 00 00 00 00  ................
00010b00: 00 00 00 00 00 00 00 00 00 00 00 00 00 00 00 00  ................
00010b10: 00 00 00 00 00 00 00 00 00 00 00 00 00 00 00 00  ................
00010b20: 00 00 00 00 00 00 00 00 00 00 00 00 00 00 00 00  ................
00010b30: 00 00 00 00 00 00 00 00 00 00 00 00 00 00 00 00  ................
00010b40: 00 00 00 00 00 00 00 00 00 00 00 00 00 00 00 00  ................
00010b50: 00 00 00 00 00 00 00 00 00 00 00 00 00 00 00 00  ................
00010b60: 00 00 00 00 00 00 00 00 00 00 00 00 00 00 00 00  ................
00010b70: 00 00 00 00 00 00 00 00 00 00 00 00 00 00 00 00  ................
00010b80: 00 00 00 00 00 00 00 00 00 00 00 00 00 00 00 00  ................
00010b90: 00 00 00 00 00 00 00 00 00 00 00 00 00 00 00 00  ................
00010ba0: 00 00 00 00 00 00 00 00 00 00 00 00 00 00 00 00  ................
00010bb0: 00 00 00 00 00 00 00 00 00 00 00 00 00 00 00 00  ................
00010bc0: 00 00 00 00 00 00 00 00 00 00 00 00 00 00 00 00  ................
00010bd0: 00 00 00 00 00 00 00 00 00 00 00 00 00 00 00 00  ................
00010be0: 00 00 00 00 00 00 00 00 00 00 00 00 00 00 00 00  ................
00010bf0: 00 00 00 00 00 00 00 00 00 00 00 00 00 00 00 00  ................
00010c00: 00 00 00 00 00 00 00 00 00 00 00 00 00 00 00 00  ................
00010c10: 00 00 00 00 00 00 00 00 00 00 00 00 00 00 00 00  ................
00010c20: 00 00 00 00 00 00 00 00 00 00 00 00 00 00 00 00  ................
00010c30: 00 00 00 00 00 00 00 00 00 00 00 00 00 00 00 00  ................
00010c40: 00 00 00 00 00 00 00 00 00 00 00 00 00 00 00 00  ................
00010c50: 00 00 00 00 00 00 00 00 00 00 00 00 00 00 00 00  ................
00010c60: 00 00 00 00 00 00 00 00 00 00 00 00 00 00 00 00  ................
00010c70: 00 00 00 00 00 00 00 00 00 00 00 00 00 00 00 00  ................
00010c80: 00 00 00 00 00 00 00 00 00 00 00 00 00 00 00 00  ................
00010c90: 00 00 00 00 00 00 00 00 00 00 00 00 00 00 00 00  ................
00010ca0: 00 00 00 00 00 00 00 00 00 00 00 00 00 00 00 00  ................
00010cb0: 00 00 00 00 00 00 00 00 00 00 00 00 00 00 00 00  ................
00010cc0: 00 00 00 00 00 00 00 00 00 00 00 00 00 00 00 00  ................
00010cd0: 00 00 00 00 00 00 00 00 00 00 00 00 00 00 00 00  ................
00010ce0: 00 00 00 00 00 00 00 00 00 00 00 00 00 00 00 00  ................
00010cf0: 00 00 00 00 00 00 00 00 00 00 00 00 00 00 00 00  ................
00010d00: 00 00 00 00 00 00 00 00 00 00 00 00 00 00 00 00  ................
00010d10: 00 00 00 00 00 00 00 00 00 00 00 00 00 00 00 00  ................
00010d20: 00 00 00 00 00 00 00 00 00 00 00 00 00 00 00 00  ................
00010d30: 00 00 00 00 00 00 00 00 00 00 00 00 00 00 00 00  ................
00010d40: 00 00 00 00 00 00 00 00 00 00 00 00 00 00 00 00  ................
00010d50: 00 00 00 00 00 00 00 00 00 00 00 00 00 00 00 00  ................
00010d60: 00 00 00 00 00 00 00 00 00 00 00 00 00 00 00 00  ................
00010d70: 00 00 00 00 00 00 00 00 00 00 00 00 00 00 00 00  ................
00010d80: 00 00 00 00 00 00 00 00 00 00 00 00 00 00 00 00  ................
00010d90: 00 00 00 00 00 00 00 00 00 00 00 00 00 00 00 00  ................
00010da0: 00 00 00 00 00 00 00 00 00 00 00 00 00 00 00 00  ................
00010db0: 1c 00 c0 01 fe 03 f0 00 fe 03 f0 00 fe 03 f0 00  ................
00010dc0: fe 03 00 00 f2 03 00 00 f3 03 0f 00 f4 03 36 00  ..............6.
00010dd0: f5 03 c0 00 f6 03 13 00 f7 03 01 00 f8 03 10 00  ................
00010de0: f9 03 43 00 fa 03 00 00 fc 03 8e 00 05 0d 06 00  ..C.............
00010df0: 06 0d 40 00 07 0d 00 00 08 0d 10 00 0a 0d 02 00  ..@.............
00010e00: 0c 00 03 00 0d 0d 02 00 0e 0d d4 00 0f 00 05 00  ................
00010e10: 10 00 08 00 17 00 0c 00 73 0d 92 00 76 0d 00 00  ........s...v...
00010e20: 41 0d 02 00 42 0d ee 00 7a 0d 0a 00 6b 00 18 00  A...B...z...k...
00010e30: b0 0d 9d 00 b1 0d 00 00 b2 0d ac 00 b3 0d d5 00  ................
00010e40: b4 0d 00 00 b5 0d 97 00 b6 0d 09 00 d2 00 fc 00  ................
00010e50: 19 0d 31 00 20 0d 40 00 25 0d cb 00 27 0d 03 00  ..1. .@.%...'...
00010e60: 29 0d 40 00 43 0d 20 00 58 00 60 00 d6 00 66 00  ).@.C. .X.`...f.
00010e70: d7 00 19 00 93 00 02 00 d9 00 14 00 da 00 c1 00  ................
00010e80: 2a 0d 00 00 28 0d 04 00 53 0d 12 00 c2 0d 84 00  *...(...S.......
00010e90: 50 00 30 00 80 00 07 00 8c 00 05 00 8d 00 a8 00  P.0.............
00010ea0: 77 00 01 00 78 00 04 00 79 00 65 00 67 00 c0 00  w...x...y.e.g...
00010eb0: 54 00 ff 00 55 00 02 00 56 00 00 00 57 00 04 00  T...U...V...W...
00010ec0: 5a 00 ff 00 5b 00 07 00 d5 00 03 00 02 01 a9 00  Z...[...........
00010ed0: 03 0d 02 00 04 0d d0 00 7a 00 60 00 e0 04 ff 00  ........z.`.....
00010ee0: 14 04 75 00 15 04 75 00 16 04 75 00 17 04 75 00  ..u...u...u...u.
00010ef0: 22 01 00 00 21 01 80 00 28 04 10 00 29 04 10 00  "...!...(...)...
00010f00: 2a 04 10 00 2b 04 10 00 2c 04 14 00 2d 04 14 00  *...+...,...-...
00010f10: 2e 04 18 00 2f 04 18 00 30 04 05 00 31 04 05 00  ..../...0...1...
00010f20: 32 04 05 00 33 04 05 00 34 04 05 00 35 04 05 00  2...3...4...5...
00010f30: 36 04 05 00 37 04 05 00 53 01 a0 00 90 01 01 00  6...7...S.......
00010f40: 92 01 00 00 94 01 00 00 95 01 02 00 96 01 d0 00  ................
00010f50: 97 01 05 00 98 01 00 00 dc 00 05 00 dd 00 ea 00  ................
00010f60: 12 02 05 00 13 02 00 00 90 02 0b 00 3e 02 40 00  ............>.@.
00010f70: 1e 03 3e 00 03 00 00 00 33 2e 30 35 5f 30 33 32  ..>.....3.05_032
00010f80: 34 30 31 00 00 00 00 00 84 10 00 00 e7 07 03 18  401.............
00010f90: 0d 38 04 02 00 00 00 00 ba 87 00 00 00 00 00 00  .8..............
00010fa0: 00 00 00 00 00 00 00 00 00 00 00 00 00 00 00 00  ................
00010fb0: 00 00 00 00 00 00 00 00 00 00 00 00 00 00 00 00  ................
00010fc0: 00 00 00 00 00 00 00 00 00 00 00 00 00 00 00 00  ................
00010fd0: 00 00 00 00 00 00 00 00 00 00 00 00 00 00 00 00  ................
00010fe0: 00 00 00 00 00 00 00 00 00 00 00 00 00 00 00 00  ................
00010ff0: 00 00 00 00 56 33 20 b8 fc d0 c2 b5 da c8 fd cc  ....V3 .........
00011000: d7 d7 d3 b2 ce ca fd a3 ac b2 a2 d3 c5 bb af b5  ................
00011010: cd d5 d5 d0 a7 b9 fb 0d 0a 56 32 20 63 68 61 6e  .........V2 chan
00011020: 67 65 20 64 61 79 20 63 63 6d 20 73 68 61 72 70  ge day ccm sharp
00011030: 20 2f 6e 69 67 68 74 20 6c 75 6d 20 6e 6f 69 73   /night lum nois
00011040: 65 00 00 00 00 00 00 00 00 00 00 00 00 00 00 00  e...............
00011050: 00 00 00 00 00 00 00 00 00 00 00 00 00 00 00 00  ................
00011060: 00 00 00 00 00 00 00 00 00 00 00 00 00 00 00 00  ................
00011070: 00 00 00 00 00 00 00 00 00 00 00 00 00 00 00 00  ................
00011080: 00 00 00 00 00 00 00 00 00 00 00 00 00 00 00 00  ................
00011090: 00 00 00 00 00 00 00 00 00 00 00 00 00 00 00 00  ................
000110a0: 00 00 00 00 00 00 00 00 00 00 00 00 00 00 00 00  ................
000110b0: 00 00 00 00 00 00 00 00 00 00 00 00 00 00 00 00  ................
000110c0: 00 00 00 00 00 00 00 00 00 00 00 00 00 00 00 00  ................
000110d0: 00 00 00 00 00 00 00 00 00 00 00 00 00 00 00 00  ................
000110e0: 00 00 00 00 00 00 00 00 00 00 00 00 00 00 00 00  ................
000110f0: 00 00 00 00 00 00 00 00 00 00 00 00 00 00 00 00  ................
00011100: 00 00 00 00 00 00 00 00 00 00 00 00 00 00 00 00  ................
00011110: 00 00 00 00 00 00 00 00 00 00 00 00 00 00 00 00  ................
00011120: 00 00 00 00 00 00 00 00 00 00 00 00 00 00 00 00  ................
00011130: 00 00 00 00 00 00 00 00 00 00 00 00 00 00 00 00  ................
00011140: 00 00 00 00 00 00 00 00 00 00 00 00 00 00 00 00  ................
00011150: 00 00 00 00 00 00 00 00 00 00 00 00 00 00 00 00  ................
00011160: 00 00 00 00 00 00 00 00 00 00 00 00 00 00 00 00  ................
00011170: 00 00 00 00 00 00 ba 00 00 00 01 00 40 00 40 00  ............@.@.
00011180: 40 00 40 00 00 ff 00 ff 00 ff 00 ff 01 00 40 00  @.@...........@.
00011190: 40 00 40 00 40 00 f6 ff f1 ff f1 ff f6 ff 01 00  @.@.@...........
000111a0: 40 00 40 00 40 00 40 00 fb ff f6 ff f6 ff fb ff  @.@.@.@.........
000111b0: 01 00 40 00 40 00 40 00 40 00 fb ff f1 ff f1 ff  ..@.@.@.@.......
000111c0: fb ff 01 00 40 00 40 00 40 00 40 00 fb ff f6 ff  ....@.@.@.@.....
000111d0: f6 ff fb ff 01 00 40 00 40 00 40 00 40 00 fb ff  ......@.@.@.@...
000111e0: f6 ff f6 ff fb ff 01 00 40 00 40 00 40 00 40 00  ........@.@.@.@.
000111f0: 14 00 14 00 14 00 14 00 01 00 42 00 42 00 42 00  ..........B.B.B.
00011200: 42 00 14 00 14 00 14 00 14 00 01 00 42 00 42 00  B...........B.B.
00011210: 42 00 42 00 14 00 14 00 14 00 14 00 01 00 42 00  B.B...........B.
00011220: 42 00 42 00 42 00 d8 ff d8 ff d8 ff d8 ff 01 00  B.B.B...........
00011230: c0 00 01 00 80 02 68 01 0a 00 04 00 03 00 00 00  ......h.........
00011240: 00 00 00 00 00 00 00 00 00 00 00 00 00 00 ff 00  ................
00011250: ff 00 00 00 00 00 00 00 00 00 00 00 00 00 00 00  ................
00011260: 00 00 04 00 03 00 00 00 00 00 00 00 00 00 00 00  ................
00011270: 00 00 00 00 00 00 ff 00 ff 00 00 00 00 00 00 00  ................
00011280: 00 00 00 00 00 00 00 00 00 00 04 00 03 00 00 00  ................
00011290: 00 00 00 00 00 00 00 00 00 00 00 00 00 00 ff 00  ................
000112a0: ff 00 00 00 00 00 00 00 00 00 00 00 00 00 00 00  ................
000112b0: 00 00 04 00 03 00 00 00 00 00 00 00 00 00 00 00  ................
000112c0: 00 00 00 00 00 00 ff 00 ff 00 00 00 00 00 00 00  ................
000112d0: 00 00 00 00 00 00 00 00 00 00 1c 02 1c 02 1c 02  ................
000112e0: 1c 02 1c 02 1c 02 1c 02 1c 02 1c 02 1c 02 02 00  ................
000112f0: 6c 03 00 00 08 00 10 00 18 00 20 00 28 00 30 00  l......... .(.0.
00011300: 38 00 40 00 48 00 50 00 58 00 60 00 68 00 70 00  8.@.H.P.X.`.h.p.
00011310: 78 00 80 00 88 00 90 00 98 00 a0 00 a8 00 b0 00  x...............
00011320: b8 00 c0 00 c8 00 d0 00 d8 00 e0 00 e8 00 f0 00  ................
00011330: f8 00 00 01 08 01 10 01 18 01 20 01 28 01 30 01  .......... .(.0.
00011340: 38 01 40 01 48 01 50 01 58 01 60 01 68 01 70 01  8.@.H.P.X.`.h.p.
00011350: 78 01 80 01 88 01 90 01 98 01 a0 01 a8 01 b0 01  x...............
00011360: b8 01 c0 01 c8 01 d0 01 d8 01 e0 01 e8 01 f0 01  ................
00011370: f8 01 00 02 08 02 10 02 18 02 20 02 28 02 30 02  .......... .(.0.
00011380: 38 02 40 02 48 02 50 02 58 02 60 02 68 02 70 02  8.@.H.P.X.`.h.p.
00011390: 78 02 80 02 88 02 90 02 98 02 a0 02 a8 02 b0 02  x...............
000113a0: b8 02 c0 02 c8 02 d0 02 d8 02 e0 02 e8 02 f0 02  ................
000113b0: f8 02 00 03 08 03 10 03 18 03 20 03 28 03 30 03  .......... .(.0.
000113c0: 38 03 40 03 48 03 50 03 58 03 60 03 68 03 70 03  8.@.H.P.X.`.h.p.
000113d0: 78 03 80 03 88 03 90 03 98 03 a0 03 a8 03 b0 03  x...............
000113e0: b8 03 c0 03 c8 03 d0 03 d8 03 e0 03 e8 03 f0 03  ................
000113f0: f8 03 ff 03 00 00 08 00 10 00 18 00 20 00 28 00  ............ .(.
00011400: 30 00 38 00 40 00 48 00 50 00 58 00 60 00 68 00  0.8.@.H.P.X.`.h.
00011410: 70 00 78 00 80 00 88 00 90 00 98 00 a0 00 a8 00  p.x.............
00011420: b0 00 b8 00 c0 00 c8 00 d0 00 d8 00 e0 00 e8 00  ................
00011430: f0 00 f8 00 00 01 08 01 10 01 18 01 20 01 28 01  ............ .(.
00011440: 30 01 38 01 40 01 48 01 50 01 58 01 60 01 68 01  0.8.@.H.P.X.`.h.
00011450: 70 01 78 01 80 01 88 01 90 01 98 01 a0 01 a8 01  p.x.............
00011460: b0 01 b8 01 c0 01 c8 01 d0 01 d8 01 e0 01 e8 01  ................
00011470: f0 01 f8 01 00 02 08 02 10 02 18 02 20 02 28 02  ............ .(.
00011480: 30 02 38 02 40 02 48 02 50 02 58 02 60 02 68 02  0.8.@.H.P.X.`.h.
00011490: 70 02 78 02 80 02 88 02 90 02 98 02 a0 02 a8 02  p.x.............
000114a0: b0 02 b8 02 c0 02 c8 02 d0 02 d8 02 e0 02 e8 02  ................
000114b0: f0 02 f8 02 00 03 08 03 10 03 18 03 20 03 28 03  ............ .(.
000114c0: 30 03 38 03 40 03 48 03 50 03 58 03 60 03 68 03  0.8.@.H.P.X.`.h.
000114d0: 70 03 78 03 80 03 88 03 90 03 98 03 a0 03 a8 03  p.x.............
000114e0: b0 03 b8 03 c0 03 c8 03 d0 03 d8 03 e0 03 e8 03  ................
000114f0: f0 03 f8 03 ff 03 00 00 08 00 10 00 18 00 20 00  .............. .
00011500: 28 00 30 00 38 00 40 00 48 00 50 00 58 00 60 00  (.0.8.@.H.P.X.`.
00011510: 68 00 70 00 78 00 80 00 88 00 90 00 98 00 a0 00  h.p.x...........
00011520: a8 00 b0 00 b8 00 c0 00 c8 00 d0 00 d8 00 e0 00  ................
00011530: e8 00 f0 00 f8 00 00 01 08 01 10 01 18 01 20 01  .............. .
00011540: 28 01 30 01 38 01 40 01 48 01 50 01 58 01 60 01  (.0.8.@.H.P.X.`.
00011550: 68 01 70 01 78 01 80 01 88 01 90 01 98 01 a0 01  h.p.x...........
00011560: a8 01 b0 01 b8 01 c0 01 c8 01 d0 01 d8 01 e0 01  ................
00011570: e8 01 f0 01 f8 01 00 02 08 02 10 02 18 02 20 02  .............. .
00011580: 28 02 30 02 38 02 40 02 48 02 50 02 58 02 60 02  (.0.8.@.H.P.X.`.
00011590: 68 02 70 02 78 02 80 02 88 02 90 02 98 02 a0 02  h.p.x...........
000115a0: a8 02 b0 02 b8 02 c0 02 c8 02 d0 02 d8 02 e0 02  ................
000115b0: e8 02 f0 02 f8 02 00 03 08 03 10 03 18 03 20 03  .............. .
000115c0: 28 03 30 03 38 03 40 03 48 03 50 03 58 03 60 03  (.0.8.@.H.P.X.`.
000115d0: 68 03 70 03 78 03 80 03 88 03 90 03 98 03 a0 03  h.p.x...........
000115e0: a8 03 b0 03 b8 03 c0 03 c8 03 d0 03 d8 03 e0 03  ................
000115f0: e8 03 f0 03 f8 03 ff 03 00 00 80 00 00 00 00 00  ................
00011600: 00 00 00 00 00 00 00 00 00 00 00 00 00 00 00 00  ................
00011610: 00 00 00 00 00 00 00 00 00 00 80 00 00 00 00 00  ................
00011620: 00 00 00 00 00 00 00 00 00 00 00 00 00 00 00 00  ................
00011630: 00 00 00 00 00 00 00 00 00 00 80 00 00 00 00 00  ................
00011640: 00 00 00 00 00 00 00 00 00 00 00 00 00 00 00 00  ................
00011650: 00 00 00 00 00 00 00 00 01 00 03 00 dc 08 01 00  ................
00011660: 00 00 ff 03 84 03 65 02 43 01 84 00 29 00 0a 00  ......e.C...)...
00011670: 01 00 00 00 00 00 00 00 00 00 00 00 00 00 00 00  ................
00011680: 00 00 00 00 ff 03 84 03 65 02 43 01 84 00 29 00  ........e.C...).
00011690: 0a 00 01 00 00 00 00 00 00 00 00 00 00 00 00 00  ................
000116a0: 00 00 00 00 00 00 ff 03 84 03 65 02 43 01 84 00  ..........e.C...
000116b0: 29 00 0a 00 01 00 00 00 00 00 00 00 00 00 00 00  )...............
000116c0: 00 00 00 00 00 00 00 00 05 00 00 00 40 00 80 00  ............@...
000116d0: c0 00 00 01 40 01 80 01 c0 01 00 02 40 02 80 02  ....@.......@...
000116e0: c0 02 00 03 40 03 80 03 c0 03 ff 03 00 00 02 00  ....@...........
000116f0: 04 00 06 00 08 00 0a 00 0c 00 0e 00 00 00 00 00  ................
00011700: 00 00 00 00 00 00 00 00 00 00 00 00 d0 07 d0 07  ................
00011710: d0 07 01 00 ff 03 00 00 00 00 00 00 00 00 00 00  ................
00011720: 00 00 00 00 00 00 00 00 00 00 00 00 00 00 00 00  ................
00011730: 00 00 00 00 00 00 ff 03 00 00 00 00 00 00 00 00  ................
00011740: 00 00 00 00 00 00 00 00 00 00 00 00 00 00 00 00  ................
00011750: 00 00 00 00 00 00 00 00 ff 03 00 00 00 00 00 00  ................
00011760: 00 00 00 00 00 00 00 00 00 00 00 00 00 00 00 00  ................
00011770: 00 00 00 00 00 00 00 00 00 00 06 00 00 00 2c 00  ..............,.
00011780: 6d 00 ca 00 38 01 ae 01 1f 02 86 02 d6 02 14 03  m...8...........
00011790: 44 03 6b 03 8d 03 ac 03 c9 03 e5 03 ff 03 00 00  D.k.............
000117a0: 01 00 06 00 0b 00 10 00 00 00 00 00 00 00 00 00  ................
000117b0: 00 00 00 00 00 00 00 00 00 00 00 00 00 00 0a 00  ................
000117c0: 0a 00 0a 00 01 00 ff 03 06 00 00 00 00 00 00 00  ................
000117d0: 00 00 00 00 00 00 00 00 00 00 00 00 00 00 00 00  ................
000117e0: 00 00 00 00 00 00 00 00 ff 03 06 00 00 00 00 00  ................
000117f0: 00 00 00 00 00 00 00 00 00 00 00 00 00 00 00 00  ................
00011800: 00 00 00 00 00 00 00 00 00 00 ff 03 06 00 00 00  ................
00011810: 00 00 00 00 00 00 00 00 00 00 00 00 00 00 00 00  ................
00011820: 00 00 00 00 00 00 00 00 00 00 00 00 06 00 00 00  ................
00011830: 71 00 dc 00 3c 01 92 01 e0 01 27 02 67 02 a2 02  q...<.....'.g...
00011840: d9 02 0b 03 39 03 64 03 8d 03 b4 03 da 03 ff 03  ....9.d.........
00011850: 00 00 02 00 05 00 10 00 00 00 00 00 00 00 00 00  ................
00011860: 00 00 00 00 00 00 00 00 00 00 00 00 00 00 00 00  ................
00011870: 32 00 32 00 32 00 01 00 ff 03 06 00 00 00 00 00  2.2.2...........
00011880: 00 00 00 00 00 00 00 00 00 00 00 00 00 00 00 00  ................
00011890: 00 00 00 00 00 00 00 00 00 00 ff 03 06 00 00 00  ................
000118a0: 00 00 00 00 00 00 00 00 00 00 00 00 00 00 00 00  ................
000118b0: 00 00 00 00 00 00 00 00 00 00 00 00 ff 03 06 00  ................
000118c0: 00 00 00 00 00 00 00 00 00 00 00 00 00 00 00 00  ................
000118d0: 00 00 00 00 00 00 00 00 00 00 00 00 00 00 05 00  ................
000118e0: 00 00 71 00 eb 00 69 01 e0 01 48 02 98 02 d5 02  ..q...i...H.....
000118f0: 03 03 27 03 46 03 63 03 80 03 9f 03 bf 03 df 03  ..'.F.c.........
00011900: ff 03 00 00 01 00 04 00 0a 00 10 00 00 00 00 00  ................
00011910: 00 00 00 00 00 00 00 00 00 00 00 00 00 00 00 00  ................
00011920: 00 00 32 00 32 00 32 00 01 00 ff 03 06 00 00 00  ..2.2.2.........
00011930: 00 00 00 00 00 00 00 00 00 00 00 00 00 00 00 00  ................
00011940: 00 00 00 00 00 00 00 00 00 00 00 00 ff 03 06 00  ................
00011950: 00 00 00 00 00 00 00 00 00 00 00 00 00 00 00 00  ................
00011960: 00 00 00 00 00 00 00 00 00 00 00 00 00 00 ff 03  ................
00011970: 06 00 00 00 00 00 00 00 00 00 00 00 00 00 00 00  ................
00011980: 00 00 00 00 00 00 00 00 00 00 00 00 00 00 00 00  ................
00011990: 04 00 00 00 11 00 31 00 65 00 a7 00 f4 00 46 01  ......1.e.....F.
000119a0: 98 01 e7 01 32 02 7a 02 c0 02 02 03 43 03 83 03  ....2.z.....C...
000119b0: c1 03 ff 03 00 00 01 00 07 00 10 00 00 00 00 00  ................
000119c0: 00 00 00 00 00 00 00 00 00 00 00 00 00 00 00 00  ................
000119d0: 00 00 00 00 32 00 32 00 32 00 01 00 ff 03 4f 00  ....2.2.2.....O.
000119e0: 00 00 00 00 00 00 00 00 00 00 00 00 00 00 00 00  ................
000119f0: 00 00 00 00 00 00 00 00 00 00 00 00 00 00 ff 03  ................
00011a00: 4f 00 00 00 00 00 00 00 00 00 00 00 00 00 00 00  O...............
00011a10: 00 00 00 00 00 00 00 00 00 00 00 00 00 00 00 00  ................
00011a20: ff 03 4f 00 00 00 00 00 00 00 00 00 00 00 00 00  ..O.............
00011a30: 00 00 00 00 00 00 00 00 00 00 00 00 00 00 00 00  ................
00011a40: 00 00 04 00 00 00 05 00 14 00 36 00 6a 00 ab 00  ..........6.j...
00011a50: f7 00 49 01 9f 01 f4 01 46 02 95 02 e1 02 2a 03  ..I.....F.....*.
00011a60: 72 03 b9 03 ff 03 00 00 02 00 09 00 10 00 00 00  r...............
00011a70: 00 00 00 00 00 00 00 00 00 00 00 00 00 00 00 00  ................
00011a80: 00 00 00 00 00 00 64 00 64 00 64 00 01 00 ff 03  ......d.d.d.....
00011a90: e7 02 1c 01 39 00 06 00 00 00 00 00 00 00 00 00  ....9...........
00011aa0: 00 00 00 00 00 00 00 00 00 00 00 00 00 00 00 00  ................
00011ab0: ff 03 e7 02 1c 01 39 00 06 00 00 00 00 00 00 00  ......9.........
00011ac0: 00 00 00 00 00 00 00 00 00 00 00 00 00 00 00 00  ................
00011ad0: 00 00 ff 03 e7 02 1c 01 39 00 06 00 00 00 00 00  ........9.......
00011ae0: 00 00 00 00 00 00 00 00 00 00 00 00 00 00 00 00  ................
00011af0: 00 00 00 00 03 00 00 00 04 00 10 00 2d 00 59 00  ............-.Y.
00011b00: 90 00 d1 00 18 01 63 01 b0 01 00 02 52 02 a6 02  ......c.....R...
00011b10: fb 02 51 03 a8 03 ff 03 00 00 02 00 07 00 10 00  ..Q.............
00011b20: 00 00 00 00 00 00 00 00 00 00 00 00 00 00 00 00  ................
00011b30: 00 00 00 00 00 00 00 00 20 03 20 03 20 03 01 00  ........ . . ...
00011b40: ff 03 18 03 6f 01 66 00 11 00 01 00 00 00 00 00  ....o.f.........
00011b50: 00 00 00 00 00 00 00 00 00 00 00 00 00 00 00 00  ................
00011b60: 00 00 ff 03 18 03 6f 01 66 00 11 00 01 00 00 00  ......o.f.......
00011b70: 00 00 00 00 00 00 00 00 00 00 00 00 00 00 00 00  ................
00011b80: 00 00 00 00 ff 03 18 03 6f 01 66 00 11 00 01 00  ........o.f.....
00011b90: 00 00 00 00 00 00 00 00 00 00 00 00 00 00 00 00  ................
00011ba0: 00 00 00 00 00 00 03 00 00 00 01 00 09 00 1c 00  ................
00011bb0: 41 00 7d 00 cb 00 22 01 7c 01 d3 01 27 02 7a 02  A.}...".|...'.z.
00011bc0: ca 02 19 03 66 03 b3 03 ff 03 00 00 04 00 07 00  ....f...........
00011bd0: 10 00 00 00 00 00 00 00 00 00 00 00 00 00 00 00  ................
00011be0: 00 00 00 00 00 00 00 00 00 00 e8 03 e8 03 e8 03  ................
00011bf0: 01 00 ff 03 e7 02 1c 01 39 00 06 00 00 00 00 00  ........9.......
00011c00: 00 00 00 00 00 00 00 00 00 00 00 00 00 00 00 00  ................
00011c10: 00 00 00 00 ff 03 e7 02 1c 01 39 00 06 00 00 00  ..........9.....
00011c20: 00 00 00 00 00 00 00 00 00 00 00 00 00 00 00 00  ................
00011c30: 00 00 00 00 00 00 ff 03 e7 02 1c 01 39 00 06 00  ............9...
00011c40: 00 00 00 00 00 00 00 00 00 00 00 00 00 00 00 00  ................
00011c50: 00 00 00 00 00 00 00 00 04 00 00 00 29 00 55 00  ............).U.
00011c60: 87 00 c1 00 04 01 4a 01 93 01 da 01 20 02 66 02  ......J..... .f.
00011c70: ab 02 f0 02 34 03 78 03 bc 03 ff 03 00 00 03 00  ....4.x.........
00011c80: 06 00 10 00 00 00 00 00 00 00 00 00 00 00 00 00  ................
00011c90: 00 00 00 00 00 00 00 00 00 00 00 00 20 03 20 03  ............ . .
00011ca0: 20 03 01 00 ff 03 18 03 6f 01 66 00 11 00 01 00   .......o.f.....
00011cb0: 00 00 00 00 00 00 00 00 00 00 00 00 00 00 00 00  ................
00011cc0: 00 00 00 00 00 00 ff 03 18 03 6f 01 66 00 11 00  ..........o.f...
00011cd0: 01 00 00 00 00 00 00 00 00 00 00 00 00 00 00 00  ................
00011ce0: 00 00 00 00 00 00 00 00 ff 03 18 03 6f 01 66 00  ............o.f.
00011cf0: 11 00 01 00 00 00 00 00 00 00 00 00 00 00 00 00  ................
00011d00: 00 00 00 00 00 00 00 00 00 00 04 00 00 00 40 00  ..............@.
00011d10: 80 00 c0 00 00 01 40 01 80 01 c0 01 00 02 40 02  ......@.......@.
00011d20: 80 02 c0 02 00 03 40 03 80 03 c0 03 ff 03 00 00  ......@.........
00011d30: 10 00 00 00 00 00 00 00 00 00 00 00 00 00 00 00  ................
00011d40: 00 00 00 00 00 00 00 00 00 00 00 00 00 00 e8 03  ................
00011d50: e8 03 e8 03 01 00 00 00 ff 03 84 03 65 02 43 01  ............e.C.
00011d60: 84 00 29 00 0a 00 01 00 00 00 00 00 00 00 00 00  ..).............
00011d70: 00 00 00 00 00 00 00 00 00 00 05 00 d0 07 00 00  ................
00011d80: 00 00 00 00 00 00 01 00 ff 03 00 00 00 00 00 00  ................
00011d90: 00 00 00 00 00 00 00 00 00 00 00 00 00 00 00 00  ................
00011da0: 00 00 00 00 00 00 00 00 00 00 05 00 14 00 01 00  ................
00011db0: 32 00 01 00 01 00 01 00 ff 03 4f 00 00 00 00 00  2.........O.....
00011dc0: 00 00 00 00 00 00 00 00 00 00 00 00 00 00 00 00  ................
00011dd0: 00 00 00 00 00 00 00 00 00 00 06 00 64 00 01 00  ............d...
00011de0: 1e 00 01 00 01 00 01 00 ff 03 1c 01 06 00 00 00  ................
00011df0: 00 00 00 00 00 00 00 00 00 00 00 00 00 00 00 00  ................
00011e00: 00 00 00 00 00 00 00 00 00 00 05 00 c8 00 01 00  ................
00011e10: 1e 00 01 00 01 00 01 00 ff 03 65 02 84 00 0a 00  ..........e.....
00011e20: 00 00 00 00 00 00 00 00 00 00 00 00 00 00 00 00  ................
00011e30: 00 00 00 00 00 00 00 00 00 00 04 00 f4 01 01 00  ................
00011e40: 1e 00 01 00 01 00 01 00 ff 03 18 03 6f 01 66 00  ............o.f.
00011e50: 11 00 01 00 00 00 00 00 00 00 00 00 00 00 00 00  ................
00011e60: 00 00 00 00 00 00 00 00 00 00 04 00 e8 03 01 00  ................
00011e70: 1e 00 01 00 01 00 01 00 ff 03 84 03 65 02 43 01  ............e.C.
00011e80: 84 00 29 00 0a 00 01 00 00 00 00 00 00 00 00 00  ..).............
00011e90: 00 00 00 00 00 00 00 00 00 00 03 00 d0 07 01 00  ................
00011ea0: 14 00 01 00 01 00 01 00 ff 03 9c 03 a7 02 97 01  ................
00011eb0: c6 00 4f 00 19 00 06 00 01 00 00 00 00 00 00 00  ..O.............
00011ec0: 00 00 00 00 00 00 00 00 00 00 03 00 c4 09 01 00  ................
00011ed0: 14 00 01 00 01 00 01 00 ff 03 ac 03 d7 02 db 01  ................
00011ee0: 05 01 79 00 2f 00 0f 00 04 00 01 00 00 00 00 00  ..y./...........
00011ef0: 00 00 00 00 00 00 00 00 00 00 04 00 b8 0b 00 00  ................
00011f00: 00 00 00 00 00 00 01 00 ff 03 e6 03 9c 03 2d 03  ..............-.
00011f10: a7 02 1b 02 97 01 24 01 c6 00 80 00 4f 00 2e 00  ......$.....O...
00011f20: 19 00 0d 00 06 00 03 00 01 00 04 00 10 27 00 00  .............'..
00011f30: 00 00 00 00 00 00 04 00 40 04 01 00 00 00 01 00  ........@.......
00011f40: 00 00 00 00 01 00 01 00 00 00 01 00 01 00 08 00  ................
00011f50: 08 00 78 00 01 00 e8 03 d0 07 40 00 20 00 00 00  ..x.......@. ...
00011f60: 08 00 14 00 ff 03 18 03 6f 01 66 00 11 00 01 00  ........o.f.....
00011f70: 00 00 00 00 00 00 00 00 00 00 00 00 00 00 00 00  ................
00011f80: 00 00 00 00 00 00 e8 03 02 00 00 00 0b 00 08 00  ................
00011f90: 78 00 60 00 04 00 01 00 e8 03 d0 07 40 00 18 00  x.`.........@...
00011fa0: 00 00 08 00 14 00 0a 00 00 00 00 00 01 00 00 00  ................
00011fb0: 01 00 01 00 00 00 01 00 01 00 08 00 08 00 40 00  ..............@.
00011fc0: 01 00 dc 05 f0 0a 18 00 0c 00 00 00 08 00 14 00  ................
00011fd0: ff 03 1c 01 06 00 00 00 00 00 00 00 00 00 00 00  ................
00011fe0: 00 00 00 00 00 00 00 00 00 00 00 00 00 00 00 00  ................
00011ff0: 00 00 c8 00 02 00 00 00 0b 00 10 00 78 00 10 00  ............x...
00012000: 0c 00 01 00 dc 05 f0 0a 18 00 0c 00 00 00 08 00  ................
00012010: 14 00 00 00 00 00 00 00 01 00 01 00 01 00 01 00  ................
00012020: 00 00 01 00 01 00 08 00 08 00 40 00 01 00 dc 05  ..........@.....
00012030: f0 0a 40 00 20 00 00 00 08 00 14 00 ff 03 18 03  ..@. ...........
00012040: 6f 01 66 00 11 00 01 00 00 00 00 00 00 00 00 00  o.f.............
00012050: 00 00 00 00 00 00 00 00 00 00 00 00 00 00 e8 03  ................
00012060: 02 00 00 00 0b 00 10 00 40 00 00 00 0c 00 01 00  ........@.......
00012070: dc 05 f0 0a 40 00 20 00 00 00 08 00 14 00 c8 00  ....@. .........
00012080: 00 00 00 00 01 00 01 00 01 00 01 00 00 00 01 00  ................
00012090: 01 00 08 00 08 00 40 00 01 00 08 07 28 0a 40 00  ......@.....(.@.
000120a0: 20 00 00 00 08 00 14 00 ff 03 cc 03 42 03 85 02   ...........B...
000120b0: c3 01 1c 01 a2 00 53 00 26 00 10 00 06 00 02 00  ......S.&.......
000120c0: 00 00 00 00 00 00 00 00 00 00 88 13 02 00 00 00  ................
000120d0: 0f 00 10 00 40 00 00 00 0c 00 01 00 08 07 28 0a  ....@.........(.
000120e0: 40 00 20 00 00 00 08 00 14 00 c8 00 00 00 00 00  @. .............
000120f0: 01 00 01 00 01 00 01 00 00 00 01 00 01 00 08 00  ................
00012100: 08 00 40 00 01 00 c4 09 1c 0c 40 00 20 00 00 00  ..@.......@. ...
00012110: 08 00 14 00 ff 03 e6 03 9c 03 2d 03 a7 02 1b 02  ..........-.....
00012120: 97 01 24 01 c6 00 80 00 4f 00 2e 00 19 00 0d 00  ..$.....O.......
00012130: 06 00 03 00 01 00 10 27 02 00 00 00 0f 00 18 00  .......'........
00012140: 40 00 00 00 0c 00 01 00 c4 09 1c 0c 40 00 20 00  @...........@. .
00012150: 00 00 08 00 1e 00 64 00 00 00 00 00 01 00 01 00  ......d.........
00012160: 01 00 01 00 00 00 01 00 01 00 08 00 08 00 40 00  ..............@.
00012170: 01 00 f0 0a ac 0d 40 00 20 00 00 00 08 00 14 00  ......@. .......
00012180: ff 03 f2 03 cc 03 90 03 42 03 e7 02 85 02 22 02  ........B.....".
00012190: c3 01 6b 01 1c 01 d9 00 a2 00 75 00 53 00 39 00  ..k.......u.S.9.
000121a0: 26 00 20 4e 01 00 00 00 0f 00 20 00 40 00 00 00  &. N...... .@...
000121b0: 0c 00 01 00 f0 0a ac 0d 40 00 20 00 00 00 08 00  ........@. .....
000121c0: 1e 00 64 00 00 00 01 00 01 00 01 00 01 00 01 00  ..d.............
000121d0: 00 00 01 00 01 00 08 00 08 00 78 00 01 00 d8 0e  ..........x.....
000121e0: c0 12 60 00 40 00 00 00 08 00 14 00 ff 03 f9 03  ..`.@...........
000121f0: e6 03 c6 03 9c 03 68 03 2d 03 ec 02 a7 02 61 02  ......h.-.....a.
00012200: 1b 02 d8 01 97 01 5b 01 24 01 f2 00 c6 00 40 9c  ......[.$.....@.
00012210: 01 00 00 00 0f 00 20 00 7f 00 00 00 0c 00 01 00  ...... .........
00012220: d8 0e c0 12 60 00 40 00 00 00 08 00 1e 00 64 00  ....`.@.......d.
00012230: 00 00 01 00 01 00 01 00 01 00 01 00 00 00 01 00  ................
00012240: 01 00 08 00 08 00 78 00 01 00 c0 12 a8 16 6c 00  ......x.......l.
00012250: 30 00 00 00 08 00 14 00 ff 03 f9 03 e6 03 c6 03  0...............
00012260: 9c 03 68 03 2d 03 ec 02 a7 02 61 02 1b 02 d8 01  ..h.-.....a.....
00012270: 97 01 5b 01 24 01 f2 00 c6 00 40 9c 01 00 00 00  ..[.$.....@.....
00012280: 0f 00 40 00 78 00 10 00 0c 00 01 00 c0 12 a8 16  ..@.x...........
00012290: 80 00 30 00 00 00 08 00 14 00 64 00 00 00 01 00  ..0.......d.....
000122a0: 01 00 01 00 01 00 01 00 00 00 01 00 01 00 08 00  ................
000122b0: 08 00 78 00 01 00 40 1f 10 27 40 00 20 00 00 00  ..x...@..'@. ...
000122c0: 08 00 14 00 ff 03 f9 03 e6 03 c6 03 9c 03 68 03  ..............h.
000122d0: 2d 03 ec 02 a7 02 61 02 1b 02 d8 01 97 01 5b 01  -.....a.......[.
000122e0: 24 01 f2 00 c6 00 40 9c 02 00 00 00 0f 00 40 00  $.....@.......@.
000122f0: 78 00 10 00 0c 00 01 00 40 1f 10 27 40 00 20 00  x.......@..'@. .
00012300: 00 00 08 00 14 00 00 00 00 00 01 00 01 00 01 00  ................
00012310: 01 00 01 00 01 00 01 00 01 00 08 00 08 00 78 00  ..............x.
00012320: 04 00 e8 03 d0 07 40 00 20 00 00 00 08 00 28 00  ......@. .....(.
00012330: ff 03 18 03 6f 01 66 00 11 00 01 00 00 00 00 00  ....o.f.........
00012340: 00 00 00 00 00 00 00 00 00 00 00 00 00 00 00 00  ................
00012350: 00 00 e8 03 02 00 00 00 0b 00 08 00 78 00 00 00  ............x...
00012360: 04 00 04 00 e8 03 d0 07 40 00 18 00 00 00 08 00  ........@.......
00012370: 28 00 32 00 00 00 05 00 56 00 01 00 01 00 14 00  (.2.....V.......
00012380: 0c 00 1e 00 01 00 14 00 04 00 78 00 01 00 14 00  ..........x.....
00012390: 04 00 78 00 01 00 14 00 0c 00 1e 00 01 00 14 00  ..x.............
000123a0: 0c 00 1e 00 01 00 14 00 04 00 78 00 01 00 14 00  ..........x.....
000123b0: 04 00 78 00 01 00 14 00 04 00 78 00 01 00 14 00  ..x.......x.....
000123c0: 04 00 78 00 01 00 14 00 04 00 78 00 06 00 16 00  ..x.......x.....
000123d0: c0 00 00 00 00 00 37 00 3c 00 40 00 40 00 40 00  ......7.<.@.@.@.
000123e0: 40 00 07 00 6c 03 00 00 18 00 2f 00 47 00 5e 00  @...l...../.G.^.
000123f0: 74 00 8b 00 a1 00 b7 00 cc 00 e1 00 f5 00 09 01  t...............
00012400: 1d 01 30 01 42 01 54 01 66 01 77 01 88 01 99 01  ..0.B.T.f.w.....
00012410: a9 01 b9 01 c9 01 d8 01 e7 01 f6 01 04 02 12 02  ................
00012420: 1f 02 2c 02 39 02 45 02 52 02 5d 02 68 02 73 02  ..,.9.E.R.].h.s.
00012430: 7e 02 88 02 92 02 9b 02 a4 02 ac 02 b5 02 bd 02  ~...............
00012440: c4 02 cb 02 d3 02 d9 02 e0 02 e6 02 ec 02 f2 02  ................
00012450: f8 02 fd 02 03 03 08 03 0d 03 12 03 16 03 1b 03  ................
00012460: 1f 03 24 03 28 03 2c 03 30 03 33 03 37 03 3a 03  ..$.(.,.0.3.7.:.
00012470: 3e 03 41 03 44 03 47 03 4a 03 4d 03 4f 03 52 03  >.A.D.G.J.M.O.R.
00012480: 55 03 57 03 59 03 5b 03 5e 03 60 03 62 03 64 03  U.W.Y.[.^.`.b.d.
00012490: 65 03 67 03 69 03 6b 03 6d 03 6e 03 70 03 72 03  e.g.i.k.m.n.p.r.
000124a0: 74 03 75 03 77 03 79 03 7b 03 7d 03 7f 03 82 03  t.u.w.y.{.}.....
000124b0: 84 03 86 03 89 03 8c 03 8f 03 92 03 95 03 98 03  ................
000124c0: 9c 03 9f 03 a3 03 a8 03 ac 03 b1 03 b5 03 ba 03  ................
000124d0: c0 03 c5 03 ca 03 d0 03 d6 03 db 03 e1 03 e7 03  ................
000124e0: ed 03 f3 03 f9 03 ff 03 00 00 18 00 2f 00 47 00  ............/.G.
000124f0: 5e 00 74 00 8b 00 a1 00 b7 00 cc 00 e1 00 f5 00  ^.t.............
00012500: 09 01 1d 01 30 01 42 01 54 01 66 01 77 01 88 01  ....0.B.T.f.w...
00012510: 99 01 a9 01 b9 01 c9 01 d8 01 e7 01 f6 01 04 02  ................
00012520: 12 02 1f 02 2c 02 39 02 45 02 52 02 5d 02 68 02  ....,.9.E.R.].h.
00012530: 73 02 7e 02 88 02 92 02 9b 02 a4 02 ac 02 b5 02  s.~.............
00012540: bd 02 c4 02 cb 02 d3 02 d9 02 e0 02 e6 02 ec 02  ................
00012550: f2 02 f8 02 fd 02 03 03 08 03 0d 03 12 03 16 03  ................
00012560: 1b 03 1f 03 24 03 28 03 2c 03 30 03 33 03 37 03  ....$.(.,.0.3.7.
00012570: 3a 03 3e 03 41 03 44 03 47 03 4a 03 4d 03 4f 03  :.>.A.D.G.J.M.O.
00012580: 52 03 55 03 57 03 59 03 5b 03 5e 03 60 03 62 03  R.U.W.Y.[.^.`.b.
00012590: 64 03 65 03 67 03 69 03 6b 03 6d 03 6e 03 70 03  d.e.g.i.k.m.n.p.
000125a0: 72 03 74 03 75 03 77 03 79 03 7b 03 7d 03 7f 03  r.t.u.w.y.{.}...
000125b0: 82 03 84 03 86 03 89 03 8c 03 8f 03 92 03 95 03  ................
000125c0: 98 03 9c 03 9f 03 a3 03 a8 03 ac 03 b1 03 b5 03  ................
000125d0: ba 03 c0 03 c5 03 ca 03 d0 03 d6 03 db 03 e1 03  ................
000125e0: e7 03 ed 03 f3 03 f9 03 ff 03 00 00 18 00 2f 00  ............../.
000125f0: 47 00 5e 00 74 00 8b 00 a1 00 b7 00 cc 00 e1 00  G.^.t...........
00012600: f5 00 09 01 1d 01 30 01 42 01 54 01 66 01 77 01  ......0.B.T.f.w.
00012610: 88 01 99 01 a9 01 b9 01 c9 01 d8 01 e7 01 f6 01  ................
00012620: 04 02 12 02 1f 02 2c 02 39 02 45 02 52 02 5d 02  ......,.9.E.R.].
00012630: 68 02 73 02 7e 02 88 02 92 02 9b 02 a4 02 ac 02  h.s.~...........
00012640: b5 02 bd 02 c4 02 cb 02 d3 02 d9 02 e0 02 e6 02  ................
00012650: ec 02 f2 02 f8 02 fd 02 03 03 08 03 0d 03 12 03  ................
00012660: 16 03 1b 03 1f 03 24 03 28 03 2c 03 30 03 33 03  ......$.(.,.0.3.
00012670: 37 03 3a 03 3e 03 41 03 44 03 47 03 4a 03 4d 03  7.:.>.A.D.G.J.M.
00012680: 4f 03 52 03 55 03 57 03 59 03 5b 03 5e 03 60 03  O.R.U.W.Y.[.^.`.
00012690: 62 03 64 03 65 03 67 03 69 03 6b 03 6d 03 6e 03  b.d.e.g.i.k.m.n.
000126a0: 70 03 72 03 74 03 75 03 77 03 79 03 7b 03 7d 03  p.r.t.u.w.y.{.}.
000126b0: 7f 03 82 03 84 03 86 03 89 03 8c 03 8f 03 92 03  ................
000126c0: 95 03 98 03 9c 03 9f 03 a3 03 a8 03 ac 03 b1 03  ................
000126d0: b5 03 ba 03 c0 03 c5 03 ca 03 d0 03 d6 03 db 03  ................
000126e0: e1 03 e7 03 ed 03 f3 03 f9 03 ff 03 00 00 09 00  ................
000126f0: 13 00 26 00 35 00 52 00 70 00 80 00 00 00 00 00  ..&.5.R.p.......
00012700: 00 00 00 00 00 00 00 00 00 00 00 00 00 00 09 00  ................
00012710: 13 00 26 00 35 00 52 00 70 00 80 00 00 00 00 00  ..&.5.R.p.......
00012720: 00 00 00 00 00 00 00 00 00 00 00 00 00 00 09 00  ................
00012730: 13 00 26 00 35 00 52 00 70 00 80 00 00 00 00 00  ..&.5.R.p.......
00012740: 00 00 00 00 00 00 00 00 00 00 00 00 01 00 08 00  ................
00012750: 88 00 01 00 01 00 00 00 ff 00 00 00 44 02 ce fe  ............D...
00012760: 02 00 93 ff b9 01 ae ff ed ff 64 fe 89 02 01 00  ..........d.....
00012770: 00 00 ff 00 00 00 3c 02 11 ff b3 ff 83 ff 65 01  ......<.......e.
00012780: 18 00 bf ff 09 ff 31 02 01 00 00 00 ff 00 00 00  ......1.........
00012790: 04 02 0c ff f0 ff 49 ff c9 01 ee ff fe ff be fe  ......I.........
000127a0: 44 02 01 00 00 00 ff 00 00 00 98 01 7f ff e9 ff  D...............
000127b0: 9d ff b5 01 ae ff f2 ff 1a ff f4 01 01 00 00 00  ................
000127c0: ff 00 00 00 fc 01 1b ff e9 ff 93 ff bf 01 ae ff  ................
000127d0: 10 00 1a ff d6 01 09 00 6a 00 00 00 07 00 0d 00  ........j.......
000127e0: 01 00 01 00 14 00 07 00 0d 00 01 00 00 00 14 00  ................
000127f0: 07 00 0d 00 01 00 01 00 14 00 07 00 0d 00 01 00  ................
00012800: 01 00 14 00 07 00 0d 00 01 00 01 00 14 00 07 00  ................
00012810: 0d 00 01 00 01 00 14 00 07 00 0d 00 01 00 01 00  ................
00012820: 14 00 07 00 0d 00 01 00 01 00 14 00 07 00 00 00  ................
00012830: 01 00 01 00 14 00 07 00 0d 00 01 00 01 00 14 00  ................
00012840: 0a 00 ee 26 01 00 1f 00 80 00 00 00 00 00 00 00  ...&............
00012850: 00 00 60 00 c0 00 00 00 10 00 20 00 30 00 40 00  ..`....... .0.@.
00012860: 50 00 60 00 70 00 80 00 90 00 a0 00 b0 00 c0 00  P.`.p...........
00012870: d0 00 e0 00 f0 00 00 01 10 01 20 01 30 01 40 01  .......... .0.@.
00012880: 50 01 60 01 70 01 80 01 90 01 a0 01 b0 01 c0 01  P.`.p...........
00012890: d0 01 e0 01 f0 01 00 02 10 02 20 02 30 02 40 02  .......... .0.@.
000128a0: 50 02 60 02 70 02 80 02 90 02 a0 02 b0 02 c0 02  P.`.p...........
000128b0: d0 02 e0 02 f0 02 00 03 10 03 20 03 30 03 40 03  .......... .0.@.
000128c0: 50 03 60 03 70 03 80 03 90 03 a0 03 b0 03 c0 03  P.`.p...........
000128d0: d0 03 e0 03 f0 03 ff 03 00 00 10 00 20 00 30 00  ............ .0.
000128e0: 40 00 50 00 60 00 70 00 80 00 90 00 a0 00 b0 00  @.P.`.p.........
000128f0: c0 00 d0 00 e0 00 f0 00 00 01 10 01 20 01 30 01  ............ .0.
00012900: 40 01 50 01 60 01 70 01 80 01 90 01 a0 01 b0 01  @.P.`.p.........
00012910: c0 01 d0 01 e0 01 f0 01 00 02 10 02 20 02 30 02  ............ .0.
00012920: 40 02 50 02 60 02 70 02 80 02 90 02 a0 02 b0 02  @.P.`.p.........
00012930: c0 02 d0 02 e0 02 f0 02 00 03 10 03 20 03 30 03  ............ .0.
00012940: 40 03 50 03 60 03 70 03 80 03 90 03 a0 03 b0 03  @.P.`.p.........
00012950: c0 03 d0 03 e0 03 f0 03 ff 03 00 00 10 00 20 00  .............. .
00012960: 30 00 40 00 50 00 60 00 70 00 80 00 90 00 a0 00  0.@.P.`.p.......
00012970: b0 00 c0 00 d0 00 e0 00 f0 00 00 01 10 01 20 01  .............. .
00012980: 30 01 40 01 50 01 60 01 70 01 80 01 90 01 a0 01  0.@.P.`.p.......
00012990: b0 01 c0 01 d0 01 e0 01 f0 01 00 02 10 02 20 02  .............. .
000129a0: 30 02 40 02 50 02 60 02 70 02 80 02 90 02 a0 02  0.@.P.`.p.......
000129b0: b0 02 c0 02 d0 02 e0 02 f0 02 00 03 10 03 20 03  .............. .
000129c0: 30 03 40 03 50 03 60 03 70 03 80 03 90 03 a0 03  0.@.P.`.p.......
000129d0: b0 03 c0 03 d0 03 e0 03 f0 03 ff 03 00 00 24 00  ..............$.
000129e0: 44 00 64 00 84 00 a4 00 c4 00 e0 00 fc 00 18 01  D.d.............
000129f0: 30 01 4c 01 60 01 78 01 88 01 9c 01 ac 01 bc 01  0.L.`.x.........
00012a00: cc 01 dc 01 e8 01 f4 01 fc 01 08 02 10 02 1c 02  ................
00012a10: 24 02 2c 02 34 02 3c 02 40 02 48 02 54 02 5c 02  $.,.4.<.@.H.T.\.
00012a20: 64 02 70 02 78 02 84 02 8c 02 98 02 a4 02 b0 02  d.p.x...........
00012a30: bc 02 c8 02 d8 02 e4 02 f0 02 00 03 0c 03 1c 03  ................
00012a40: 28 03 38 03 48 03 54 03 64 03 74 03 84 03 94 03  (.8.H.T.d.t.....
00012a50: a4 03 b4 03 c4 03 d4 03 e4 03 f4 03 ff 03 00 00  ................
00012a60: 10 00 1c 00 28 00 34 00 40 00 4c 00 58 00 60 00  ....(.4.@.L.X.`.
00012a70: 6c 00 78 00 84 00 90 00 9c 00 a8 00 b4 00 c4 00  l.x.............
00012a80: d4 00 e8 00 fc 00 10 01 28 01 3c 01 54 01 70 01  ........(.<.T.p.
00012a90: 88 01 a0 01 bc 01 d4 01 f0 01 08 02 20 02 38 02  ............ .8.
00012aa0: 50 02 64 02 78 02 88 02 9c 02 a8 02 b4 02 c0 02  P.d.x...........
00012ab0: cc 02 d4 02 dc 02 e8 02 f0 02 fc 02 04 03 10 03  ................
00012ac0: 1c 03 2c 03 38 03 44 03 54 03 60 03 70 03 80 03  ..,.8.D.T.`.p...
00012ad0: 90 03 a0 03 b0 03 c0 03 d0 03 e0 03 f0 03 ff 03  ................
00012ae0: 00 00 10 00 20 00 30 00 40 00 50 00 60 00 70 00  .... .0.@.P.`.p.
00012af0: 80 00 90 00 a0 00 b0 00 c0 00 d0 00 e0 00 f0 00  ................
00012b00: 00 01 10 01 20 01 30 01 40 01 50 01 60 01 70 01  .... .0.@.P.`.p.
00012b10: 80 01 90 01 a0 01 b0 01 c0 01 d0 01 e0 01 f0 01  ................
00012b20: 00 02 10 02 20 02 30 02 40 02 50 02 60 02 70 02  .... .0.@.P.`.p.
00012b30: 80 02 90 02 a0 02 b0 02 c0 02 d0 02 e0 02 f0 02  ................
00012b40: 00 03 10 03 20 03 30 03 40 03 50 03 60 03 70 03  .... .0.@.P.`.p.
00012b50: 80 03 90 03 a0 03 b0 03 c0 03 d0 03 e0 03 f0 03  ................
00012b60: ff 03 00 00 40 00 00 00 00 00 00 00 00 00 00 00  ....@...........
00012b70: 00 00 00 00 00 00 00 00 00 00 00 00 00 00 00 00  ................
00012b80: 00 00 00 00 40 00 00 00 00 00 00 00 00 00 00 00  ....@...........
00012b90: 00 00 00 00 00 00 00 00 00 00 00 00 00 00 00 00  ................
00012ba0: 00 00 00 00 40 00 00 00 00 00 00 00 00 00 00 00  ....@...........
00012bb0: 00 00 00 00 00 00 00 00 00 00 00 00 00 00 00 00  ................
00012bc0: 00 00 00 00 0a 00 18 00 1f 00 40 00 00 00 00 00  ..........@.....
00012bd0: 00 00 00 00 00 00 00 00 00 00 00 00 00 00 00 00  ................
00012be0: 00 00 00 00 08 00 11 00 25 00 2c 00 40 00 00 00  ........%.,.@...
00012bf0: 00 00 00 00 00 00 00 00 00 00 00 00 00 00 00 00  ................
00012c00: 00 00 00 00 08 00 10 00 18 00 20 00 28 00 30 00  .......... .(.0.
00012c10: 38 00 00 00 00 00 00 00 00 00 00 00 00 00 00 00  8...............
00012c20: 00 00 00 00 00 00 08 00 00 01 12 00 00 00 01 00  ................
00012c30: 00 00 00 00 00 00 60 00 c0 00 00 00 10 00 20 00  ......`....... .
00012c40: 30 00 40 00 50 00 60 00 70 00 80 00 90 00 a0 00  0.@.P.`.p.......
00012c50: b0 00 c0 00 d0 00 e0 00 f0 00 00 01 10 01 20 01  .............. .
00012c60: 30 01 40 01 50 01 60 01 70 01 80 01 90 01 a0 01  0.@.P.`.p.......
00012c70: b0 01 c0 01 d0 01 e0 01 f0 01 00 02 10 02 20 02  .............. .
00012c80: 30 02 40 02 50 02 60 02 70 02 80 02 90 02 a0 02  0.@.P.`.p.......
00012c90: b0 02 c0 02 d0 02 e0 02 f0 02 00 03 10 03 20 03  .............. .
00012ca0: 30 03 40 03 50 03 60 03 70 03 80 03 90 03 a0 03  0.@.P.`.p.......
00012cb0: b0 03 c0 03 d0 03 e0 03 f0 03 ff 03 00 00 10 00  ................
00012cc0: 20 00 30 00 40 00 50 00 60 00 70 00 80 00 90 00   .0.@.P.`.p.....
00012cd0: a0 00 b0 00 c0 00 d0 00 e0 00 f0 00 00 01 10 01  ................
00012ce0: 20 01 30 01 40 01 50 01 60 01 70 01 80 01 90 01   .0.@.P.`.p.....
00012cf0: a0 01 b0 01 c0 01 d0 01 e0 01 f0 01 00 02 10 02  ................
00012d00: 20 02 30 02 40 02 50 02 60 02 70 02 80 02 90 02   .0.@.P.`.p.....
00012d10: a0 02 b0 02 c0 02 d0 02 e0 02 f0 02 00 03 10 03  ................
00012d20: 20 03 30 03 40 03 50 03 60 03 70 03 80 03 90 03   .0.@.P.`.p.....
00012d30: a0 03 b0 03 c0 03 d0 03 e0 03 f0 03 ff 03 00 00  ................
00012d40: 10 00 20 00 30 00 40 00 50 00 60 00 70 00 80 00  .. .0.@.P.`.p...
00012d50: 90 00 a0 00 b0 00 c0 00 d0 00 e0 00 f0 00 00 01  ................
00012d60: 10 01 20 01 30 01 40 01 50 01 60 01 70 01 80 01  .. .0.@.P.`.p...
00012d70: 90 01 a0 01 b0 01 c0 01 d0 01 e0 01 f0 01 00 02  ................
00012d80: 10 02 20 02 30 02 40 02 50 02 60 02 70 02 80 02  .. .0.@.P.`.p...
00012d90: 90 02 a0 02 b0 02 c0 02 d0 02 e0 02 f0 02 00 03  ................
00012da0: 10 03 20 03 30 03 40 03 50 03 60 03 70 03 80 03  .. .0.@.P.`.p...
00012db0: 90 03 a0 03 b0 03 c0 03 d0 03 e0 03 f0 03 ff 03  ................
00012dc0: 00 00 33 00 62 00 8c 00 af 00 ca 00 e0 00 f3 00  ..3.b...........
00012dd0: 04 01 15 01 25 01 36 01 46 01 56 01 66 01 76 01  ....%.6.F.V.f.v.
00012de0: 85 01 95 01 a4 01 b3 01 c2 01 d1 01 e0 01 ef 01  ................
00012df0: fe 01 0c 02 1b 02 29 02 37 02 45 02 53 02 61 02  ......).7.E.S.a.
00012e00: 6f 02 7c 02 8a 02 97 02 a5 02 b2 02 bf 02 cc 02  o.|.............
00012e10: d9 02 e6 02 f3 02 00 03 0c 03 19 03 26 03 32 03  ............&.2.
00012e20: 3e 03 4b 03 57 03 63 03 70 03 7c 03 88 03 94 03  >.K.W.c.p.|.....
00012e30: a0 03 ac 03 b8 03 c4 03 d0 03 dc 03 e8 03 f4 03  ................
00012e40: ff 03 00 00 11 00 22 00 33 00 44 00 55 00 66 00  ......".3.D.U.f.
00012e50: 77 00 88 00 9a 00 ab 00 bd 00 ce 00 e0 00 f2 00  w...............
00012e60: 04 01 16 01 29 01 3b 01 4e 01 61 01 74 01 88 01  ....).;.N.a.t...
00012e70: 9b 01 af 01 c3 01 d7 01 ea 01 fe 01 12 02 25 02  ..............%.
00012e80: 38 02 4b 02 5d 02 6f 02 81 02 92 02 a3 02 b3 02  8.K.].o.........
00012e90: c2 02 d0 02 de 02 eb 02 f7 02 02 03 0c 03 16 03  ................
00012ea0: 20 03 29 03 33 03 3d 03 48 03 53 03 5f 03 6c 03   .).3.=.H.S._.l.
00012eb0: 79 03 86 03 95 03 a3 03 b2 03 c1 03 d1 03 e0 03  y...............
00012ec0: f0 03 ff 03 00 00 10 00 20 00 30 00 40 00 50 00  ........ .0.@.P.
00012ed0: 60 00 70 00 80 00 90 00 a0 00 b0 00 c0 00 d0 00  `.p.............
00012ee0: e0 00 f0 00 00 01 10 01 20 01 30 01 40 01 50 01  ........ .0.@.P.
00012ef0: 60 01 70 01 80 01 90 01 a0 01 b0 01 c0 01 d0 01  `.p.............
00012f00: e0 01 f0 01 00 02 10 02 20 02 30 02 40 02 50 02  ........ .0.@.P.
00012f10: 60 02 70 02 80 02 90 02 a0 02 b0 02 c0 02 d0 02  `.p.............
00012f20: e0 02 f0 02 00 03 10 03 20 03 30 03 40 03 50 03  ........ .0.@.P.
00012f30: 60 03 70 03 80 03 90 03 a0 03 b0 03 c0 03 d0 03  `.p.............
00012f40: e0 03 f0 03 ff 03 00 00 40 00 00 00 00 00 00 00  ........@.......
00012f50: 00 00 00 00 00 00 00 00 00 00 00 00 00 00 00 00  ................
00012f60: 00 00 00 00 00 00 00 00 40 00 00 00 00 00 00 00  ........@.......
00012f70: 00 00 00 00 00 00 00 00 00 00 00 00 00 00 00 00  ................
00012f80: 00 00 00 00 00 00 00 00 40 00 00 00 00 00 00 00  ........@.......
00012f90: 00 00 00 00 00 00 00 00 00 00 00 00 00 00 00 00  ................
00012fa0: 00 00 00 00 00 00 00 00 03 00 08 00 2b 00 40 00  ............+.@.
00012fb0: 00 00 00 00 00 00 00 00 00 00 00 00 00 00 00 00  ................
00012fc0: 00 00 00 00 00 00 00 00 15 00 2a 00 33 00 40 00  ..........*.3.@.
00012fd0: 00 00 00 00 00 00 00 00 00 00 00 00 00 00 00 00  ................
00012fe0: 00 00 00 00 00 00 00 00 40 00 00 00 00 00 00 00  ........@.......
00012ff0: 00 00 00 00 00 00 00 00 00 00 00 00 00 00 00 00  ................
00013000: 00 00 00 00 00 00 01 00 40 00 80 00 00 01 0c 00  ........@.......
00013010: 00 00 01 00 20 00 40 00 60 00 80 00 c0 00 00 00  .... .@.`.......
00013020: 33 00 63 00 8c 00 ab 00 c1 00 d2 00 e0 00 ed 00  3.c.............
00013030: fa 00 07 01 13 01 20 01 2c 01 39 01 45 01 52 01  ...... .,.9.E.R.
00013040: 5f 01 6c 01 79 01 86 01 93 01 a1 01 ae 01 bb 01  _.l.y...........
00013050: c9 01 d7 01 e4 01 f2 01 00 02 0e 02 1c 02 2a 02  ..............*.
00013060: 38 02 46 02 54 02 62 02 70 02 7f 02 8d 02 9c 02  8.F.T.b.p.......
00013070: aa 02 b9 02 c7 02 d6 02 e4 02 f3 02 02 03 11 03  ................
00013080: 1f 03 2e 03 3d 03 4c 03 5b 03 6a 03 79 03 88 03  ....=.L.[.j.y...
00013090: 97 03 a5 03 b4 03 c3 03 d2 03 e1 03 f0 03 ff 03  ................
000130a0: 00 00 0f 00 1d 00 2e 00 41 00 58 00 73 00 90 00  ........A.X.s...
000130b0: ae 00 cc 00 ea 00 07 01 20 01 36 01 49 01 59 01  ........ .6.I.Y.
000130c0: 67 01 73 01 7f 01 89 01 94 01 9f 01 ab 01 b6 01  g.s.............
000130d0: c2 01 ce 01 da 01 e6 01 f2 01 ff 01 0c 02 19 02  ................
000130e0: 26 02 33 02 40 02 4e 02 5c 02 69 02 77 02 85 02  &.3.@.N.\.i.w...
000130f0: 94 02 a2 02 b0 02 bf 02 cd 02 dc 02 eb 02 fa 02  ................
00013100: 09 03 18 03 27 03 36 03 45 03 55 03 64 03 73 03  ....'.6.E.U.d.s.
00013110: 83 03 92 03 a2 03 b1 03 c1 03 d1 03 e0 03 f0 03  ................
00013120: ff 03 00 00 0c 00 17 00 24 00 34 00 45 00 58 00  ........$.4.E.X.
00013130: 6d 00 82 00 99 00 b1 00 c9 00 e2 00 fb 00 14 01  m...............
00013140: 2c 01 44 01 5b 01 71 01 86 01 9a 01 ac 01 bc 01  ,.D.[.q.........
00013150: cc 01 da 01 e7 01 f4 01 00 02 0b 02 17 02 22 02  ..............".
00013160: 2d 02 38 02 43 02 4f 02 5b 02 67 02 74 02 80 02  -.8.C.O.[.g.t...
00013170: 8d 02 9a 02 a8 02 b5 02 c3 02 d1 02 df 02 ed 02  ................
00013180: fb 02 0a 03 19 03 27 03 36 03 45 03 55 03 64 03  ......'.6.E.U.d.
00013190: 73 03 83 03 92 03 a2 03 b1 03 c1 03 d0 03 e0 03  s...............
000131a0: f0 03 ff 03 00 00 10 00 20 00 30 00 40 00 50 00  ........ .0.@.P.
000131b0: 60 00 70 00 80 00 90 00 a0 00 b0 00 c0 00 d0 00  `.p.............
000131c0: e0 00 f0 00 00 01 10 01 20 01 30 01 40 01 50 01  ........ .0.@.P.
000131d0: 60 01 70 01 80 01 90 01 a0 01 b0 01 c0 01 d0 01  `.p.............
000131e0: e0 01 f0 01 00 02 10 02 20 02 30 02 40 02 50 02  ........ .0.@.P.
000131f0: 60 02 70 02 80 02 90 02 a0 02 b0 02 c0 02 d0 02  `.p.............
00013200: e0 02 f0 02 00 03 10 03 20 03 30 03 40 03 50 03  ........ .0.@.P.
00013210: 60 03 70 03 80 03 90 03 a0 03 b0 03 c0 03 d0 03  `.p.............
00013220: e0 03 f0 03 ff 03 00 00 10 00 20 00 30 00 40 00  .......... .0.@.
00013230: 50 00 60 00 70 00 80 00 90 00 a0 00 b0 00 c0 00  P.`.p...........
00013240: d0 00 e0 00 f0 00 00 01 10 01 20 01 30 01 40 01  .......... .0.@.
00013250: 50 01 60 01 70 01 80 01 90 01 a0 01 b0 01 c0 01  P.`.p...........
00013260: d0 01 e0 01 f0 01 00 02 10 02 20 02 30 02 40 02  .......... .0.@.
00013270: 50 02 60 02 70 02 80 02 90 02 a0 02 b0 02 c0 02  P.`.p...........
00013280: d0 02 e0 02 f0 02 00 03 10 03 20 03 30 03 40 03  .......... .0.@.
00013290: 50 03 60 03 70 03 80 03 90 03 a0 03 b0 03 c0 03  P.`.p...........
000132a0: d0 03 e0 03 f0 03 ff 03 00 00 10 00 20 00 30 00  ............ .0.
000132b0: 40 00 50 00 60 00 70 00 80 00 90 00 a0 00 b0 00  @.P.`.p.........
000132c0: c0 00 d0 00 e0 00 f0 00 00 01 10 01 20 01 30 01  ............ .0.
000132d0: 40 01 50 01 60 01 70 01 80 01 90 01 a0 01 b0 01  @.P.`.p.........
000132e0: c0 01 d0 01 e0 01 f0 01 00 02 10 02 20 02 30 02  ............ .0.
000132f0: 40 02 50 02 60 02 70 02 80 02 90 02 a0 02 b0 02  @.P.`.p.........
00013300: c0 02 d0 02 e0 02 f0 02 00 03 10 03 20 03 30 03  ............ .0.
00013310: 40 03 50 03 60 03 70 03 80 03 90 03 a0 03 b0 03  @.P.`.p.........
00013320: c0 03 d0 03 e0 03 f0 03 ff 03 00 00 03 00 06 00  ................
00013330: 0d 00 40 00 00 00 00 00 00 00 00 00 00 00 00 00  ..@.............
00013340: 00 00 00 00 00 00 00 00 00 00 00 00 04 00 0c 00  ................
00013350: 13 00 40 00 00 00 00 00 00 00 00 00 00 00 00 00  ..@.............
00013360: 00 00 00 00 00 00 00 00 00 00 00 00 03 00 13 00  ................
00013370: 20 00 40 00 00 00 00 00 00 00 00 00 00 00 00 00   .@.............
00013380: 00 00 00 00 00 00 00 00 00 00 00 00 40 00 00 00  ............@...
00013390: 00 00 00 00 00 00 00 00 00 00 00 00 00 00 00 00  ................
000133a0: 00 00 00 00 00 00 00 00 00 00 00 00 40 00 00 00  ............@...
000133b0: 00 00 00 00 00 00 00 00 00 00 00 00 00 00 00 00  ................
000133c0: 00 00 00 00 00 00 00 00 00 00 00 00 40 00 00 00  ............@...
000133d0: 00 00 00 00 00 00 00 00 00 00 00 00 00 00 00 00  ................
000133e0: 00 00 00 00 00 00 00 00 00 00 01 00 40 00 80 00  ............@...
000133f0: 00 01 08 00 00 00 01 00 20 00 40 00 60 00 80 00  ........ .@.`...
00013400: c0 00 00 00 29 00 50 00 74 00 94 00 af 00 c5 00  ....).P.t.......
00013410: d8 00 e8 00 f8 00 07 01 16 01 23 01 31 01 3e 01  ..........#.1.>.
00013420: 4b 01 59 01 66 01 74 01 81 01 8f 01 9c 01 aa 01  K.Y.f.t.........
00013430: b7 01 c5 01 d3 01 e0 01 ee 01 fc 01 0a 02 18 02  ................
00013440: 26 02 34 02 42 02 50 02 5e 02 6c 02 7a 02 88 02  &.4.B.P.^.l.z...
00013450: 97 02 a5 02 b3 02 c1 02 d0 02 de 02 ec 02 fb 02  ................
00013460: 09 03 18 03 26 03 34 03 43 03 51 03 60 03 6e 03  ....&.4.C.Q.`.n.
00013470: 7d 03 8b 03 9a 03 a8 03 b7 03 c5 03 d4 03 e2 03  }...............
00013480: f1 03 ff 03 00 00 0d 00 1b 00 2a 00 3c 00 50 00  ..........*.<.P.
00013490: 67 00 80 00 9a 00 b6 00 d1 00 ec 00 06 01 1e 01  g...............
000134a0: 35 01 48 01 5a 01 6b 01 79 01 87 01 95 01 a2 01  5.H.Z.k.y.......
000134b0: af 01 bb 01 c8 01 d6 01 e3 01 f0 01 fd 01 0b 02  ................
000134c0: 18 02 26 02 33 02 41 02 4f 02 5d 02 6b 02 78 02  ..&.3.A.O.].k.x.
000134d0: 86 02 95 02 a3 02 b1 02 bf 02 cd 02 dc 02 ea 02  ................
000134e0: f8 02 07 03 15 03 24 03 32 03 41 03 4f 03 5e 03  ......$.2.A.O.^.
000134f0: 6c 03 7b 03 8a 03 98 03 a7 03 b6 03 c5 03 d3 03  l.{.............
00013500: e2 03 f1 03 ff 03 00 00 0d 00 1a 00 28 00 36 00  ............(.6.
00013510: 45 00 56 00 69 00 7e 00 95 00 ad 00 c7 00 e2 00  E.V.i.~.........
00013520: fd 00 19 01 34 01 4e 01 68 01 80 01 97 01 ab 01  ....4.N.h.......
00013530: bd 01 ce 01 dc 01 ea 01 f6 01 01 02 0c 02 16 02  ................
00013540: 20 02 29 02 34 02 3e 02 49 02 54 02 60 02 6b 02   .).4.>.I.T.`.k.
00013550: 77 02 84 02 90 02 9d 02 aa 02 b7 02 c4 02 d2 02  w...............
00013560: e0 02 ee 02 fc 02 0b 03 19 03 28 03 37 03 46 03  ..........(.7.F.
00013570: 55 03 64 03 73 03 83 03 92 03 a1 03 b1 03 c1 03  U.d.s...........
00013580: d0 03 e0 03 f0 03 ff 03 00 00 0f 00 1e 00 2d 00  ..............-.
00013590: 3c 00 4b 00 5a 00 6a 00 7a 00 8b 00 9c 00 ae 00  <.K.Z.j.z.......
000135a0: c0 00 d3 00 e7 00 fc 00 11 01 27 01 3d 01 54 01  ..........'.=.T.
000135b0: 6a 01 81 01 97 01 ad 01 c2 01 d7 01 eb 01 fe 01  j...............
000135c0: 10 02 20 02 2f 02 3d 02 4a 02 57 02 63 02 6e 02  .. ./.=.J.W.c.n.
000135d0: 79 02 85 02 90 02 9b 02 a7 02 b4 02 c0 02 cd 02  y...............
000135e0: da 02 e7 02 f4 02 02 03 10 03 1e 03 2c 03 3b 03  ............,.;.
000135f0: 49 03 58 03 67 03 76 03 85 03 94 03 a3 03 b2 03  I.X.g.v.........
00013600: c2 03 d1 03 e1 03 f0 03 ff 03 00 00 10 00 20 00  .............. .
00013610: 30 00 40 00 50 00 60 00 70 00 80 00 90 00 a0 00  0.@.P.`.p.......
00013620: b0 00 c0 00 d0 00 e0 00 f0 00 00 01 10 01 20 01  .............. .
00013630: 30 01 40 01 50 01 60 01 70 01 80 01 90 01 a0 01  0.@.P.`.p.......
00013640: b0 01 c0 01 d0 01 e0 01 f0 01 00 02 10 02 20 02  .............. .
00013650: 30 02 40 02 50 02 60 02 70 02 80 02 90 02 a0 02  0.@.P.`.p.......
00013660: b0 02 c0 02 d0 02 e0 02 f0 02 00 03 10 03 20 03  .............. .
00013670: 30 03 40 03 50 03 60 03 70 03 80 03 90 03 a0 03  0.@.P.`.p.......
00013680: b0 03 c0 03 d0 03 e0 03 f0 03 ff 03 00 00 10 00  ................
00013690: 20 00 30 00 40 00 50 00 60 00 70 00 80 00 90 00   .0.@.P.`.p.....
000136a0: a0 00 b0 00 c0 00 d0 00 e0 00 f0 00 00 01 10 01  ................
000136b0: 20 01 30 01 40 01 50 01 60 01 70 01 80 01 90 01   .0.@.P.`.p.....
000136c0: a0 01 b0 01 c0 01 d0 01 e0 01 f0 01 00 02 10 02  ................
000136d0: 20 02 30 02 40 02 50 02 60 02 70 02 80 02 90 02   .0.@.P.`.p.....
000136e0: a0 02 b0 02 c0 02 d0 02 e0 02 f0 02 00 03 10 03  ................
000136f0: 20 03 30 03 40 03 50 03 60 03 70 03 80 03 90 03   .0.@.P.`.p.....
00013700: a0 03 b0 03 c0 03 d0 03 e0 03 f0 03 ff 03 00 00  ................
00013710: 04 00 07 00 0e 00 40 00 00 00 00 00 00 00 00 00  ......@.........
00013720: 00 00 00 00 00 00 00 00 00 00 00 00 00 00 00 00  ................
00013730: 04 00 0d 00 15 00 40 00 00 00 00 00 00 00 00 00  ......@.........
00013740: 00 00 00 00 00 00 00 00 00 00 00 00 00 00 00 00  ................
00013750: 07 00 13 00 1e 00 40 00 00 00 00 00 00 00 00 00  ......@.........
00013760: 00 00 00 00 00 00 00 00 00 00 00 00 00 00 00 00  ................
00013770: 0e 00 1c 00 26 00 40 00 00 00 00 00 00 00 00 00  ....&.@.........
00013780: 00 00 00 00 00 00 00 00 00 00 00 00 00 00 00 00  ................
00013790: 40 00 00 00 00 00 00 00 00 00 00 00 00 00 00 00  @...............
000137a0: 00 00 00 00 00 00 00 00 00 00 00 00 00 00 00 00  ................
000137b0: 40 00 00 00 00 00 00 00 00 00 00 00 00 00 00 00  @...............
000137c0: 00 00 00 00 00 00 00 00 00 00 00 00 00 00 01 00  ................
000137d0: 40 00 80 00 00 01 08 00 00 00 01 00 00 00 00 00  @...............
000137e0: 00 00 60 00 c0 00 00 00 10 00 20 00 30 00 40 00  ..`....... .0.@.
000137f0: 50 00 60 00 70 00 80 00 90 00 a0 00 b0 00 c0 00  P.`.p...........
00013800: d0 00 e0 00 f0 00 00 01 10 01 20 01 30 01 40 01  .......... .0.@.
00013810: 50 01 60 01 70 01 80 01 90 01 a0 01 b0 01 c0 01  P.`.p...........
00013820: d0 01 e0 01 f0 01 00 02 10 02 20 02 30 02 40 02  .......... .0.@.
00013830: 50 02 60 02 70 02 80 02 90 02 a0 02 b0 02 c0 02  P.`.p...........
00013840: d0 02 e0 02 f0 02 00 03 10 03 20 03 30 03 40 03  .......... .0.@.
00013850: 50 03 60 03 70 03 80 03 90 03 a0 03 b0 03 c0 03  P.`.p...........
00013860: d0 03 e0 03 f0 03 ff 03 00 00 10 00 20 00 30 00  ............ .0.
00013870: 40 00 50 00 60 00 70 00 80 00 90 00 a0 00 b0 00  @.P.`.p.........
00013880: c0 00 d0 00 e0 00 f0 00 00 01 10 01 20 01 30 01  ............ .0.
00013890: 40 01 50 01 60 01 70 01 80 01 90 01 a0 01 b0 01  @.P.`.p.........
000138a0: c0 01 d0 01 e0 01 f0 01 00 02 10 02 20 02 30 02  ............ .0.
000138b0: 40 02 50 02 60 02 70 02 80 02 90 02 a0 02 b0 02  @.P.`.p.........
000138c0: c0 02 d0 02 e0 02 f0 02 00 03 10 03 20 03 30 03  ............ .0.
000138d0: 40 03 50 03 60 03 70 03 80 03 90 03 a0 03 b0 03  @.P.`.p.........
000138e0: c0 03 d0 03 e0 03 f0 03 ff 03 00 00 10 00 20 00  .............. .
000138f0: 30 00 40 00 50 00 60 00 70 00 80 00 90 00 a0 00  0.@.P.`.p.......
00013900: b0 00 c0 00 d0 00 e0 00 f0 00 00 01 10 01 20 01  .............. .
00013910: 30 01 40 01 50 01 60 01 70 01 80 01 90 01 a0 01  0.@.P.`.p.......
00013920: b0 01 c0 01 d0 01 e0 01 f0 01 00 02 10 02 20 02  .............. .
00013930: 30 02 40 02 50 02 60 02 70 02 80 02 90 02 a0 02  0.@.P.`.p.......
00013940: b0 02 c0 02 d0 02 e0 02 f0 02 00 03 10 03 20 03  .............. .
00013950: 30 03 40 03 50 03 60 03 70 03 80 03 90 03 a0 03  0.@.P.`.p.......
00013960: b0 03 c0 03 d0 03 e0 03 f0 03 ff 03 00 00 39 00  ..............9.
00013970: 6c 00 96 00 b6 00 cf 00 e2 00 f2 00 00 01 0e 01  l...............
00013980: 1c 01 2a 01 38 01 46 01 54 01 62 01 70 01 7e 01  ..*.8.F.T.b.p.~.
00013990: 8d 01 9b 01 a9 01 b7 01 c6 01 d4 01 e2 01 f0 01  ................
000139a0: fe 01 0d 02 1b 02 29 02 37 02 45 02 53 02 61 02  ......).7.E.S.a.
000139b0: 6f 02 7d 02 8a 02 98 02 a6 02 b3 02 c1 02 cf 02  o.}.............
000139c0: dc 02 ea 02 f7 02 04 03 12 03 1f 03 2d 03 3a 03  ............-.:.
000139d0: 47 03 54 03 62 03 6f 03 7c 03 89 03 96 03 a4 03  G.T.b.o.|.......
000139e0: b1 03 be 03 cb 03 d8 03 e5 03 f2 03 ff 03 00 00  ................
000139f0: 11 00 22 00 32 00 43 00 53 00 64 00 75 00 85 00  ..".2.C.S.d.u...
00013a00: 96 00 a7 00 b7 00 c8 00 d9 00 ea 00 fa 00 0b 01  ................
00013a10: 1c 01 2d 01 3e 01 4f 01 60 01 72 01 83 01 94 01  ..-.>.O.`.r.....
00013a20: a5 01 b7 01 c8 01 da 01 ec 01 fe 01 10 02 22 02  ..............".
00013a30: 35 02 48 02 5b 02 6e 02 82 02 96 02 aa 02 bd 02  5.H.[.n.........
00013a40: d1 02 e4 02 f7 02 09 03 1b 03 2c 03 3c 03 4b 03  ..........,.<.K.
00013a50: 5a 03 67 03 73 03 7e 03 89 03 93 03 9c 03 a6 03  Z.g.s.~.........
00013a60: b0 03 ba 03 c5 03 d0 03 dc 03 e7 03 f3 03 ff 03  ................
00013a70: 00 00 10 00 20 00 30 00 40 00 50 00 60 00 70 00  .... .0.@.P.`.p.
00013a80: 80 00 90 00 a0 00 b0 00 c0 00 d0 00 e0 00 f0 00  ................
00013a90: 00 01 10 01 20 01 30 01 40 01 50 01 60 01 70 01  .... .0.@.P.`.p.
00013aa0: 80 01 90 01 a0 01 b0 01 c0 01 d0 01 e0 01 f0 01  ................
00013ab0: 00 02 10 02 20 02 30 02 40 02 50 02 60 02 70 02  .... .0.@.P.`.p.
00013ac0: 80 02 90 02 a0 02 b0 02 c0 02 d0 02 e0 02 f0 02  ................
00013ad0: 00 03 10 03 20 03 30 03 40 03 50 03 60 03 70 03  .... .0.@.P.`.p.
00013ae0: 80 03 90 03 a0 03 b0 03 c0 03 d0 03 e0 03 f0 03  ................
00013af0: ff 03 00 00 40 00 00 00 00 00 00 00 00 00 00 00  ....@...........
00013b00: 00 00 00 00 00 00 00 00 00 00 00 00 00 00 00 00  ................
00013b10: 00 00 00 00 40 00 00 00 00 00 00 00 00 00 00 00  ....@...........
00013b20: 00 00 00 00 00 00 00 00 00 00 00 00 00 00 00 00  ................
00013b30: 00 00 00 00 40 00 00 00 00 00 00 00 00 00 00 00  ....@...........
00013b40: 00 00 00 00 00 00 00 00 00 00 00 00 00 00 00 00  ................
00013b50: 00 00 00 00 02 00 08 00 1f 00 40 00 00 00 00 00  ..........@.....
00013b60: 00 00 00 00 00 00 00 00 00 00 00 00 00 00 00 00  ................
00013b70: 00 00 00 00 18 00 23 00 31 00 39 00 40 00 00 00  ......#.1.9.@...
00013b80: 00 00 00 00 00 00 00 00 00 00 00 00 00 00 00 00  ................
00013b90: 00 00 00 00 40 00 00 00 00 00 00 00 00 00 00 00  ....@...........
00013ba0: 00 00 00 00 00 00 00 00 00 00 00 00 00 00 00 00  ................
00013bb0: 00 00 01 00 40 00 80 00 00 01 08 00 00 00 01 00  ....@...........
00013bc0: 00 00 00 00 00 00 60 00 c0 00 00 00 10 00 20 00  ......`....... .
00013bd0: 30 00 40 00 50 00 60 00 70 00 80 00 90 00 a0 00  0.@.P.`.p.......
00013be0: b0 00 c0 00 d0 00 e0 00 f0 00 00 01 10 01 20 01  .............. .
00013bf0: 30 01 40 01 50 01 60 01 70 01 80 01 90 01 a0 01  0.@.P.`.p.......
00013c00: b0 01 c0 01 d0 01 e0 01 f0 01 00 02 10 02 20 02  .............. .
00013c10: 30 02 40 02 50 02 60 02 70 02 80 02 90 02 a0 02  0.@.P.`.p.......
00013c20: b0 02 c0 02 d0 02 e0 02 f0 02 00 03 10 03 20 03  .............. .
00013c30: 30 03 40 03 50 03 60 03 70 03 80 03 90 03 a0 03  0.@.P.`.p.......
00013c40: b0 03 c0 03 d0 03 e0 03 f0 03 ff 03 00 00 10 00  ................
00013c50: 20 00 30 00 40 00 50 00 60 00 70 00 80 00 90 00   .0.@.P.`.p.....
00013c60: a0 00 b0 00 c0 00 d0 00 e0 00 f0 00 00 01 10 01  ................
00013c70: 20 01 30 01 40 01 50 01 60 01 70 01 80 01 90 01   .0.@.P.`.p.....
00013c80: a0 01 b0 01 c0 01 d0 01 e0 01 f0 01 00 02 10 02  ................
00013c90: 20 02 30 02 40 02 50 02 60 02 70 02 80 02 90 02   .0.@.P.`.p.....
00013ca0: a0 02 b0 02 c0 02 d0 02 e0 02 f0 02 00 03 10 03  ................
00013cb0: 20 03 30 03 40 03 50 03 60 03 70 03 80 03 90 03   .0.@.P.`.p.....
00013cc0: a0 03 b0 03 c0 03 d0 03 e0 03 f0 03 ff 03 00 00  ................
00013cd0: 10 00 20 00 30 00 40 00 50 00 60 00 70 00 80 00  .. .0.@.P.`.p...
00013ce0: 90 00 a0 00 b0 00 c0 00 d0 00 e0 00 f0 00 00 01  ................
00013cf0: 10 01 20 01 30 01 40 01 50 01 60 01 70 01 80 01  .. .0.@.P.`.p...
00013d00: 90 01 a0 01 b0 01 c0 01 d0 01 e0 01 f0 01 00 02  ................
00013d10: 10 02 20 02 30 02 40 02 50 02 60 02 70 02 80 02  .. .0.@.P.`.p...
00013d20: 90 02 a0 02 b0 02 c0 02 d0 02 e0 02 f0 02 00 03  ................
00013d30: 10 03 20 03 30 03 40 03 50 03 60 03 70 03 80 03  .. .0.@.P.`.p...
00013d40: 90 03 a0 03 b0 03 c0 03 d0 03 e0 03 f0 03 ff 03  ................
00013d50: 00 00 21 00 40 00 5e 00 7b 00 97 00 b0 00 c7 00  ..!.@.^.{.......
00013d60: de 00 f2 00 06 01 18 01 2a 01 3a 01 49 01 58 01  ........*.:.I.X.
00013d70: 66 01 74 01 81 01 8e 01 9b 01 a7 01 b4 01 c1 01  f.t.............
00013d80: cd 01 da 01 e7 01 f4 01 01 02 0f 02 1c 02 29 02  ..............).
00013d90: 37 02 44 02 52 02 5f 02 6d 02 7b 02 89 02 97 02  7.D.R._.m.{.....
00013da0: a4 02 b3 02 c1 02 cf 02 dd 02 eb 02 f9 02 08 03  ................
00013db0: 16 03 25 03 33 03 41 03 50 03 5e 03 6d 03 7c 03  ..%.3.A.P.^.m.|.
00013dc0: 8a 03 99 03 a7 03 b6 03 c5 03 d3 03 e2 03 f1 03  ................
00013dd0: ff 03 00 00 11 00 22 00 32 00 43 00 53 00 64 00  ......".2.C.S.d.
00013de0: 75 00 86 00 97 00 a8 00 b9 00 ca 00 dc 00 ed 00  u...............
00013df0: ff 00 11 01 23 01 35 01 48 01 5b 01 6e 01 81 01  ....#.5.H.[.n...
00013e00: 94 01 a8 01 bc 01 d0 01 e4 01 f8 01 0c 02 1f 02  ................
00013e10: 33 02 46 02 59 02 6c 02 7e 02 8f 02 a0 02 b0 02  3.F.Y.l.~.......
00013e20: c0 02 ce 02 dc 02 ea 02 f6 02 03 03 0e 03 1a 03  ................
00013e30: 26 03 31 03 3c 03 48 03 54 03 60 03 6c 03 79 03  &.1.<.H.T.`.l.y.
00013e40: 85 03 92 03 a0 03 ad 03 bb 03 c8 03 d6 03 e4 03  ................
00013e50: f2 03 ff 03 00 00 10 00 20 00 30 00 40 00 50 00  ........ .0.@.P.
00013e60: 60 00 70 00 80 00 90 00 a0 00 b0 00 c0 00 d0 00  `.p.............
00013e70: e0 00 f0 00 00 01 10 01 20 01 30 01 40 01 50 01  ........ .0.@.P.
00013e80: 60 01 70 01 80 01 90 01 a0 01 b0 01 c0 01 d0 01  `.p.............
00013e90: e0 01 f0 01 00 02 10 02 20 02 30 02 40 02 50 02  ........ .0.@.P.
00013ea0: 60 02 70 02 80 02 90 02 a0 02 b0 02 c0 02 d0 02  `.p.............
00013eb0: e0 02 f0 02 00 03 10 03 20 03 30 03 40 03 50 03  ........ .0.@.P.
00013ec0: 60 03 70 03 80 03 90 03 a0 03 b0 03 c0 03 d0 03  `.p.............
00013ed0: e0 03 f0 03 ff 03 00 00 40 00 00 00 00 00 00 00  ........@.......
00013ee0: 00 00 00 00 00 00 00 00 00 00 00 00 00 00 00 00  ................
00013ef0: 00 00 00 00 00 00 00 00 40 00 00 00 00 00 00 00  ........@.......
00013f00: 00 00 00 00 00 00 00 00 00 00 00 00 00 00 00 00  ................
00013f10: 00 00 00 00 00 00 00 00 40 00 00 00 00 00 00 00  ........@.......
00013f20: 00 00 00 00 00 00 00 00 00 00 00 00 00 00 00 00  ................
00013f30: 00 00 00 00 00 00 00 00 03 00 09 00 16 00 24 00  ..............$.
00013f40: 40 00 00 00 00 00 00 00 00 00 00 00 00 00 00 00  @...............
00013f50: 00 00 00 00 00 00 00 00 17 00 27 00 33 00 40 00  ..........'.3.@.
00013f60: 00 00 00 00 00 00 00 00 00 00 00 00 00 00 00 00  ................
00013f70: 00 00 00 00 00 00 00 00 40 00 00 00 00 00 00 00  ........@.......
00013f80: 00 00 00 00 00 00 00 00 00 00 00 00 00 00 00 00  ................
00013f90: 00 00 00 00 00 00 01 00 40 00 80 00 00 01 08 00  ........@.......
00013fa0: 00 00 01 00 20 00 40 00 60 00 80 00 c0 00 00 00  .... .@.`.......
00013fb0: 22 00 43 00 62 00 80 00 9a 00 b2 00 c6 00 d7 00  ".C.b...........
00013fc0: e7 00 f5 00 03 01 0f 01 1c 01 2a 01 37 01 44 01  ..........*.7.D.
00013fd0: 51 01 5f 01 6c 01 7a 01 87 01 95 01 a3 01 b1 01  Q._.l.z.........
00013fe0: bf 01 cd 01 db 01 e9 01 f7 01 05 02 13 02 22 02  ..............".
00013ff0: 30 02 3f 02 4d 02 5c 02 6a 02 79 02 87 02 96 02  0.?.M.\.j.y.....
00014000: a5 02 b4 02 c3 02 d1 02 e0 02 ef 02 fe 02 0d 03  ................
00014010: 1c 03 2b 03 3a 03 49 03 58 03 68 03 77 03 86 03  ..+.:.I.X.h.w...
00014020: 95 03 a4 03 b3 03 c3 03 d2 03 e1 03 f0 03 ff 03  ................
00014030: 00 00 15 00 2b 00 40 00 57 00 6e 00 86 00 9e 00  ....+.@.W.n.....
00014040: b7 00 cf 00 e6 00 fc 00 11 01 24 01 35 01 44 01  ..........$.5.D.
00014050: 52 01 5f 01 6b 01 76 01 82 01 8e 01 9a 01 a6 01  R._.k.v.........
00014060: b2 01 bf 01 cb 01 d8 01 e5 01 f2 01 00 02 0d 02  ................
00014070: 1b 02 29 02 36 02 44 02 53 02 61 02 6f 02 7e 02  ..).6.D.S.a.o.~.
00014080: 8c 02 9b 02 aa 02 b9 02 c8 02 d7 02 e6 02 f5 02  ................
00014090: 04 03 14 03 23 03 33 03 42 03 52 03 61 03 71 03  ....#.3.B.R.a.q.
000140a0: 81 03 91 03 a0 03 b0 03 c0 03 d0 03 e0 03 f0 03  ................
000140b0: ff 03 00 00 0c 00 17 00 23 00 2f 00 3d 00 4c 00  ........#./.=.L.
000140c0: 5c 00 6e 00 82 00 97 00 af 00 c7 00 e1 00 fb 00  \.n.............
000140d0: 16 01 30 01 49 01 62 01 79 01 8f 01 a3 01 b4 01  ..0.I.b.y.......
000140e0: c5 01 d3 01 e1 01 ed 01 f9 01 04 02 10 02 1b 02  ................
000140f0: 26 02 32 02 3e 02 4a 02 57 02 63 02 70 02 7d 02  &.2.>.J.W.c.p.}.
00014100: 8b 02 98 02 a6 02 b4 02 c1 02 d0 02 de 02 ec 02  ................
00014110: fb 02 0a 03 18 03 27 03 36 03 45 03 55 03 64 03  ......'.6.E.U.d.
00014120: 73 03 83 03 92 03 a2 03 b1 03 c1 03 d0 03 e0 03  s...............
00014130: f0 03 ff 03 00 00 10 00 20 00 30 00 40 00 50 00  ........ .0.@.P.
00014140: 60 00 70 00 80 00 90 00 a0 00 b0 00 c0 00 d0 00  `.p.............
00014150: e0 00 f0 00 00 01 10 01 20 01 30 01 40 01 50 01  ........ .0.@.P.
00014160: 60 01 70 01 80 01 90 01 a0 01 b0 01 c0 01 d0 01  `.p.............
00014170: e0 01 f0 01 00 02 10 02 20 02 30 02 40 02 50 02  ........ .0.@.P.
00014180: 60 02 70 02 80 02 90 02 a0 02 b0 02 c0 02 d0 02  `.p.............
00014190: e0 02 f0 02 00 03 10 03 20 03 30 03 40 03 50 03  ........ .0.@.P.
000141a0: 60 03 70 03 80 03 90 03 a0 03 b0 03 c0 03 d0 03  `.p.............
000141b0: e0 03 f0 03 ff 03 00 00 10 00 20 00 30 00 40 00  .......... .0.@.
000141c0: 50 00 60 00 70 00 80 00 90 00 a0 00 b0 00 c0 00  P.`.p...........
000141d0: d0 00 e0 00 f0 00 00 01 10 01 20 01 30 01 40 01  .......... .0.@.
000141e0: 50 01 60 01 70 01 80 01 90 01 a0 01 b0 01 c0 01  P.`.p...........
000141f0: d0 01 e0 01 f0 01 00 02 10 02 20 02 30 02 40 02  .......... .0.@.
00014200: 50 02 60 02 70 02 80 02 90 02 a0 02 b0 02 c0 02  P.`.p...........
00014210: d0 02 e0 02 f0 02 00 03 10 03 20 03 30 03 40 03  .......... .0.@.
00014220: 50 03 60 03 70 03 80 03 90 03 a0 03 b0 03 c0 03  P.`.p...........
00014230: d0 03 e0 03 f0 03 ff 03 00 00 10 00 20 00 30 00  ............ .0.
00014240: 40 00 50 00 60 00 70 00 80 00 90 00 a0 00 b0 00  @.P.`.p.........
00014250: c0 00 d0 00 e0 00 f0 00 00 01 10 01 20 01 30 01  ............ .0.
00014260: 40 01 50 01 60 01 70 01 80 01 90 01 a0 01 b0 01  @.P.`.p.........
00014270: c0 01 d0 01 e0 01 f0 01 00 02 10 02 20 02 30 02  ............ .0.
00014280: 40 02 50 02 60 02 70 02 80 02 90 02 a0 02 b0 02  @.P.`.p.........
00014290: c0 02 d0 02 e0 02 f0 02 00 03 10 03 20 03 30 03  ............ .0.
000142a0: 40 03 50 03 60 03 70 03 80 03 90 03 a0 03 b0 03  @.P.`.p.........
000142b0: c0 03 d0 03 e0 03 f0 03 ff 03 00 00 05 00 0b 00  ................
000142c0: 40 00 00 00 00 00 00 00 00 00 00 00 00 00 00 00  @...............
000142d0: 00 00 00 00 00 00 00 00 00 00 00 00 04 00 0d 00  ................
000142e0: 13 00 40 00 00 00 00 00 00 00 00 00 00 00 00 00  ..@.............
000142f0: 00 00 00 00 00 00 00 00 00 00 00 00 08 00 14 00  ................
00014300: 1d 00 40 00 00 00 00 00 00 00 00 00 00 00 00 00  ..@.............
00014310: 00 00 00 00 00 00 00 00 00 00 00 00 40 00 00 00  ............@...
00014320: 00 00 00 00 00 00 00 00 00 00 00 00 00 00 00 00  ................
00014330: 00 00 00 00 00 00 00 00 00 00 00 00 40 00 00 00  ............@...
00014340: 00 00 00 00 00 00 00 00 00 00 00 00 00 00 00 00  ................
00014350: 00 00 00 00 00 00 00 00 00 00 00 00 40 00 00 00  ............@...
00014360: 00 00 00 00 00 00 00 00 00 00 00 00 00 00 00 00  ................
00014370: 00 00 00 00 00 00 00 00 00 00 00 00 40 00 80 00  ............@...
00014380: 00 01 08 00 00 00 00 00 20 00 40 00 80 00 c4 00  ........ .@.....
00014390: ff 00 00 00 24 00 47 00 68 00 86 00 9f 00 b5 00  ....$.G.h.......
000143a0: c8 00 d9 00 ea 00 f9 00 08 01 15 01 23 01 30 01  ............#.0.
000143b0: 3c 01 49 01 56 01 63 01 6f 01 7c 01 8a 01 97 01  <.I.V.c.o.|.....
000143c0: a4 01 b2 01 bf 01 cd 01 da 01 e8 01 f6 01 04 02  ................
000143d0: 12 02 20 02 2e 02 3d 02 4b 02 5a 02 68 02 77 02  .. ...=.K.Z.h.w.
000143e0: 85 02 94 02 a3 02 b1 02 c0 02 cf 02 de 02 ed 02  ................
000143f0: fc 02 0b 03 1a 03 29 03 38 03 48 03 57 03 66 03  ......).8.H.W.f.
00014400: 75 03 85 03 94 03 a3 03 b3 03 c2 03 d1 03 e1 03  u...............
00014410: f0 03 ff 03 00 00 0f 00 1d 00 2d 00 3f 00 53 00  ..........-.?.S.
00014420: 69 00 81 00 9a 00 b4 00 ce 00 e8 00 01 01 18 01  i...............
00014430: 2d 01 40 01 51 01 60 01 6e 01 7a 01 87 01 92 01  -.@.Q.`.n.z.....
00014440: 9e 01 aa 01 b6 01 c2 01 cf 01 db 01 e8 01 f5 01  ................
00014450: 02 02 10 02 1d 02 2b 02 38 02 46 02 54 02 62 02  ......+.8.F.T.b.
00014460: 71 02 7f 02 8e 02 9c 02 ab 02 ba 02 c9 02 d8 02  q...............
00014470: e7 02 f6 02 05 03 14 03 24 03 33 03 43 03 52 03  ........$.3.C.R.
00014480: 62 03 71 03 81 03 91 03 a1 03 b0 03 c0 03 d0 03  b.q.............
00014490: e0 03 f0 03 ff 03 00 00 0b 00 16 00 21 00 2c 00  ............!.,.
000144a0: 39 00 46 00 55 00 65 00 77 00 8a 00 a0 00 b6 00  9.F.U.e.w.......
000144b0: ce 00 e6 00 ff 00 17 01 30 01 47 01 5e 01 73 01  ........0.G.^.s.
000144c0: 87 01 9a 01 ac 01 bd 01 cd 01 dc 01 eb 01 f9 01  ................
000144d0: 06 02 14 02 21 02 2e 02 3a 02 47 02 54 02 61 02  ....!...:.G.T.a.
000144e0: 6e 02 7b 02 89 02 97 02 a5 02 b3 02 c1 02 cf 02  n.{.............
000144f0: dd 02 ec 02 fb 02 09 03 18 03 27 03 36 03 45 03  ..........'.6.E.
00014500: 55 03 64 03 73 03 83 03 92 03 a2 03 b1 03 c1 03  U.d.s...........
00014510: d1 03 e0 03 f0 03 ff 03 00 00 10 00 20 00 30 00  ............ .0.
00014520: 40 00 50 00 60 00 70 00 80 00 90 00 a0 00 b0 00  @.P.`.p.........
00014530: c0 00 d0 00 e0 00 f0 00 00 01 10 01 20 01 30 01  ............ .0.
00014540: 40 01 50 01 60 01 70 01 80 01 90 01 a0 01 b0 01  @.P.`.p.........
00014550: c0 01 d0 01 e0 01 f0 01 00 02 10 02 20 02 30 02  ............ .0.
00014560: 40 02 50 02 60 02 70 02 80 02 90 02 a0 02 b0 02  @.P.`.p.........
00014570: c0 02 d0 02 e0 02 f0 02 00 03 10 03 20 03 30 03  ............ .0.
00014580: 40 03 50 03 60 03 70 03 80 03 90 03 a0 03 b0 03  @.P.`.p.........
00014590: c0 03 d0 03 e0 03 f0 03 ff 03 00 00 10 00 20 00  .............. .
000145a0: 30 00 40 00 50 00 60 00 70 00 80 00 90 00 a0 00  0.@.P.`.p.......
000145b0: b0 00 c0 00 d0 00 e0 00 f0 00 00 01 10 01 20 01  .............. .
000145c0: 30 01 40 01 50 01 60 01 70 01 80 01 90 01 a0 01  0.@.P.`.p.......
000145d0: b0 01 c0 01 d0 01 e0 01 f0 01 00 02 10 02 20 02  .............. .
000145e0: 30 02 40 02 50 02 60 02 70 02 80 02 90 02 a0 02  0.@.P.`.p.......
000145f0: b0 02 c0 02 d0 02 e0 02 f0 02 00 03 10 03 20 03  .............. .
00014600: 30 03 40 03 50 03 60 03 70 03 80 03 90 03 a0 03  0.@.P.`.p.......
00014610: b0 03 c0 03 d0 03 e0 03 f0 03 ff 03 00 00 10 00  ................
00014620: 20 00 30 00 40 00 50 00 60 00 70 00 80 00 90 00   .0.@.P.`.p.....
00014630: a0 00 b0 00 c0 00 d0 00 e0 00 f0 00 00 01 10 01  ................
00014640: 20 01 30 01 40 01 50 01 60 01 70 01 80 01 90 01   .0.@.P.`.p.....
00014650: a0 01 b0 01 c0 01 d0 01 e0 01 f0 01 00 02 10 02  ................
00014660: 20 02 30 02 40 02 50 02 60 02 70 02 80 02 90 02   .0.@.P.`.p.....
00014670: a0 02 b0 02 c0 02 d0 02 e0 02 f0 02 00 03 10 03  ................
00014680: 20 03 30 03 40 03 50 03 60 03 70 03 80 03 90 03   .0.@.P.`.p.....
00014690: a0 03 b0 03 c0 03 d0 03 e0 03 f0 03 ff 03 00 00  ................
000146a0: 04 00 07 00 10 00 40 00 00 00 00 00 00 00 00 00  ......@.........
000146b0: 00 00 00 00 00 00 00 00 00 00 00 00 00 00 00 00  ................
000146c0: 04 00 0d 00 15 00 40 00 00 00 00 00 00 00 00 00  ......@.........
000146d0: 00 00 00 00 00 00 00 00 00 00 00 00 00 00 00 00  ................
000146e0: 09 00 12 00 23 00 40 00 00 00 00 00 00 00 00 00  ....#.@.........
000146f0: 00 00 00 00 00 00 00 00 00 00 00 00 00 00 00 00  ................
00014700: 40 00 00 00 00 00 00 00 00 00 00 00 00 00 00 00  @...............
00014710: 00 00 00 00 00 00 00 00 00 00 00 00 00 00 00 00  ................
00014720: 40 00 00 00 00 00 00 00 00 00 00 00 00 00 00 00  @...............
00014730: 00 00 00 00 00 00 00 00 00 00 00 00 00 00 00 00  ................
00014740: 40 00 00 00 00 00 00 00 00 00 00 00 00 00 00 00  @...............
00014750: 00 00 00 00 00 00 00 00 00 00 00 00 00 00 00 00  ................
00014760: 40 00 80 00 00 01 08 00 00 00 01 00 20 00 40 00  @........... .@.
00014770: 80 00 c4 00 ff 00 00 00 2e 00 58 00 7c 00 9a 00  ..........X.|...
00014780: b4 00 cb 00 e0 00 f2 00 02 01 11 01 1e 01 2a 01  ..............*.
00014790: 36 01 41 01 4c 01 57 01 63 01 6e 01 7a 01 86 01  6.A.L.W.c.n.z...
000147a0: 92 01 9e 01 ab 01 b7 01 c4 01 d1 01 de 01 eb 01  ................
000147b0: f8 01 05 02 13 02 21 02 2e 02 3c 02 4a 02 58 02  ......!...<.J.X.
000147c0: 66 02 75 02 83 02 92 02 a0 02 af 02 be 02 cc 02  f.u.............
000147d0: db 02 ea 02 f9 02 08 03 17 03 27 03 36 03 45 03  ..........'.6.E.
000147e0: 55 03 64 03 73 03 83 03 92 03 a2 03 b2 03 c1 03  U.d.s...........
000147f0: d1 03 e0 03 f0 03 ff 03 00 00 17 00 2d 00 44 00  ............-.D.
00014800: 5c 00 76 00 91 00 ac 00 c8 00 e2 00 fd 00 15 01  \.v.............
00014810: 2c 01 41 01 54 01 64 01 74 01 81 01 8e 01 9a 01  ,.A.T.d.t.......
00014820: a6 01 b1 01 bc 01 c7 01 d3 01 de 01 ea 01 f6 01  ................
00014830: 02 02 0e 02 1b 02 27 02 34 02 41 02 4e 02 5b 02  ......'.4.A.N.[.
00014840: 69 02 76 02 84 02 91 02 9f 02 ad 02 bb 02 c9 02  i.v.............
00014850: d7 02 e5 02 f4 02 02 03 11 03 1f 03 2e 03 3d 03  ..............=.
00014860: 4b 03 5a 03 69 03 78 03 87 03 96 03 a5 03 b4 03  K.Z.i.x.........
00014870: c3 03 d2 03 e1 03 f0 03 ff 03 00 00 11 00 22 00  ..............".
00014880: 33 00 45 00 56 00 68 00 7a 00 8d 00 a0 00 b4 00  3.E.V.h.z.......
00014890: c9 00 df 00 f5 00 0c 01 24 01 3d 01 57 01 70 01  ........$.=.W.p.
000148a0: 8a 01 a2 01 bb 01 d2 01 e8 01 fd 01 10 02 22 02  ..............".
000148b0: 32 02 42 02 50 02 5e 02 6a 02 76 02 82 02 8d 02  2.B.P.^.j.v.....
000148c0: 97 02 a1 02 ab 02 b5 02 bf 02 c9 02 d4 02 de 02  ................
000148d0: e9 02 f5 02 00 03 0c 03 18 03 25 03 31 03 3e 03  ..........%.1.>.
000148e0: 4b 03 58 03 65 03 73 03 81 03 8e 03 9c 03 aa 03  K.X.e.s.........
000148f0: b8 03 c6 03 d5 03 e3 03 f1 03 ff 03 00 00 0c 00  ................
00014900: 17 00 23 00 2e 00 3a 00 46 00 52 00 5e 00 6a 00  ..#...:.F.R.^.j.
00014910: 77 00 84 00 91 00 9e 00 ac 00 bb 00 c9 00 d8 00  w...............
00014920: e8 00 f8 00 09 01 1a 01 2b 01 3e 01 51 01 64 01  ........+.>.Q.d.
00014930: 78 01 8d 01 a3 01 b9 01 cf 01 e5 01 fc 01 13 02  x...............
00014940: 2a 02 41 02 58 02 6f 02 85 02 9b 02 b1 02 c6 02  *.A.X.o.........
00014950: db 02 ef 02 03 03 16 03 28 03 39 03 49 03 58 03  ........(.9.I.X.
00014960: 67 03 75 03 82 03 8f 03 9b 03 a6 03 b1 03 bc 03  g.u.............
00014970: c6 03 d0 03 da 03 e4 03 ed 03 f6 03 ff 03 00 00  ................
00014980: 10 00 20 00 30 00 3f 00 4f 00 5f 00 6f 00 7e 00  .. .0.?.O._.o.~.
00014990: 8e 00 9e 00 ae 00 be 00 ce 00 de 00 ee 00 ff 00  ................
000149a0: 0f 01 1f 01 30 01 40 01 51 01 61 01 72 01 83 01  ....0.@.Q.a.r...
000149b0: 94 01 a5 01 b6 01 c8 01 d9 01 eb 01 fc 01 0e 02  ................
000149c0: 20 02 32 02 44 02 57 02 69 02 7c 02 8f 02 a2 02   .2.D.W.i.|.....
000149d0: b5 02 c8 02 da 02 ed 02 00 03 12 03 24 03 36 03  ............$.6.
000149e0: 47 03 58 03 68 03 78 03 87 03 95 03 a3 03 b0 03  G.X.h.x.........
000149f0: bb 03 c7 03 d1 03 db 03 e5 03 ee 03 f7 03 ff 03  ................
00014a00: 00 00 10 00 20 00 30 00 40 00 50 00 60 00 70 00  .... .0.@.P.`.p.
00014a10: 80 00 90 00 a0 00 b0 00 c0 00 d0 00 e0 00 f0 00  ................
00014a20: 00 01 10 01 20 01 30 01 40 01 50 01 60 01 70 01  .... .0.@.P.`.p.
00014a30: 80 01 90 01 a0 01 b0 01 c0 01 d0 01 e0 01 f0 01  ................
00014a40: 00 02 10 02 20 02 30 02 40 02 50 02 60 02 70 02  .... .0.@.P.`.p.
00014a50: 80 02 90 02 a0 02 b0 02 c0 02 d0 02 e0 02 f0 02  ................
00014a60: 00 03 10 03 20 03 30 03 40 03 50 03 60 03 70 03  .... .0.@.P.`.p.
00014a70: 80 03 90 03 a0 03 b0 03 c0 03 d0 03 e0 03 f0 03  ................
00014a80: ff 03 00 00 02 00 05 00 0f 00 40 00 00 00 00 00  ..........@.....
00014a90: 00 00 00 00 00 00 00 00 00 00 00 00 00 00 00 00  ................
00014aa0: 00 00 00 00 04 00 0c 00 16 00 40 00 00 00 00 00  ..........@.....
00014ab0: 00 00 00 00 00 00 00 00 00 00 00 00 00 00 00 00  ................
00014ac0: 00 00 00 00 0e 00 17 00 29 00 40 00 00 00 00 00  ........).@.....
00014ad0: 00 00 00 00 00 00 00 00 00 00 00 00 00 00 00 00  ................
00014ae0: 00 00 00 00 19 00 2e 00 40 00 00 00 00 00 00 00  ........@.......
00014af0: 00 00 00 00 00 00 00 00 00 00 00 00 00 00 00 00  ................
00014b00: 00 00 00 00 26 00 38 00 40 00 00 00 00 00 00 00  ....&.8.@.......
00014b10: 00 00 00 00 00 00 00 00 00 00 00 00 00 00 00 00  ................
00014b20: 00 00 00 00 40 00 00 00 00 00 00 00 00 00 00 00  ....@...........
00014b30: 00 00 00 00 00 00 00 00 00 00 00 00 00 00 00 00  ................
00014b40: 00 00 01 00 40 00 80 00 00 01 00 00 00 00 00 00  ....@...........
00014b50: 00 00 00 00 00 00 00 00 00 00 00 00 10 00 20 00  .............. .
00014b60: 30 00 40 00 50 00 60 00 70 00 80 00 90 00 a0 00  0.@.P.`.p.......
00014b70: b0 00 c0 00 d0 00 e0 00 f0 00 00 01 10 01 20 01  .............. .
00014b80: 30 01 40 01 50 01 60 01 70 01 80 01 90 01 a0 01  0.@.P.`.p.......
00014b90: b0 01 c0 01 d0 01 e0 01 f0 01 00 02 10 02 20 02  .............. .
00014ba0: 30 02 40 02 50 02 60 02 70 02 80 02 90 02 a0 02  0.@.P.`.p.......
00014bb0: b0 02 c0 02 d0 02 e0 02 f0 02 00 03 10 03 20 03  .............. .
00014bc0: 30 03 40 03 50 03 60 03 70 03 80 03 90 03 a0 03  0.@.P.`.p.......
00014bd0: b0 03 c0 03 d0 03 e0 03 f0 03 ff 03 00 00 10 00  ................
00014be0: 20 00 30 00 40 00 50 00 60 00 70 00 80 00 90 00   .0.@.P.`.p.....
00014bf0: a0 00 b0 00 c0 00 d0 00 e0 00 f0 00 00 01 10 01  ................
00014c00: 20 01 30 01 40 01 50 01 60 01 70 01 80 01 90 01   .0.@.P.`.p.....
00014c10: a0 01 b0 01 c0 01 d0 01 e0 01 f0 01 00 02 10 02  ................
00014c20: 20 02 30 02 40 02 50 02 60 02 70 02 80 02 90 02   .0.@.P.`.p.....
00014c30: a0 02 b0 02 c0 02 d0 02 e0 02 f0 02 00 03 10 03  ................
00014c40: 20 03 30 03 40 03 50 03 60 03 70 03 80 03 90 03   .0.@.P.`.p.....
00014c50: a0 03 b0 03 c0 03 d0 03 e0 03 f0 03 ff 03 00 00  ................
00014c60: 10 00 20 00 30 00 40 00 50 00 60 00 70 00 80 00  .. .0.@.P.`.p...
00014c70: 90 00 a0 00 b0 00 c0 00 d0 00 e0 00 f0 00 00 01  ................
00014c80: 10 01 20 01 30 01 40 01 50 01 60 01 70 01 80 01  .. .0.@.P.`.p...
00014c90: 90 01 a0 01 b0 01 c0 01 d0 01 e0 01 f0 01 00 02  ................
00014ca0: 10 02 20 02 30 02 40 02 50 02 60 02 70 02 80 02  .. .0.@.P.`.p...
00014cb0: 90 02 a0 02 b0 02 c0 02 d0 02 e0 02 f0 02 00 03  ................
00014cc0: 10 03 20 03 30 03 40 03 50 03 60 03 70 03 80 03  .. .0.@.P.`.p...
00014cd0: 90 03 a0 03 b0 03 c0 03 d0 03 e0 03 f0 03 ff 03  ................
00014ce0: 00 00 10 00 20 00 30 00 40 00 50 00 60 00 70 00  .... .0.@.P.`.p.
00014cf0: 80 00 90 00 a0 00 b0 00 c0 00 d0 00 e0 00 f0 00  ................
00014d00: 00 01 10 01 20 01 30 01 40 01 50 01 60 01 70 01  .... .0.@.P.`.p.
00014d10: 80 01 90 01 a0 01 b0 01 c0 01 d0 01 e0 01 f0 01  ................
00014d20: 00 02 10 02 20 02 30 02 40 02 50 02 60 02 70 02  .... .0.@.P.`.p.
00014d30: 80 02 90 02 a0 02 b0 02 c0 02 d0 02 e0 02 f0 02  ................
00014d40: 00 03 10 03 20 03 30 03 40 03 50 03 60 03 70 03  .... .0.@.P.`.p.
00014d50: 80 03 90 03 a0 03 b0 03 c0 03 d0 03 e0 03 f0 03  ................
00014d60: ff 03 00 00 10 00 20 00 30 00 40 00 50 00 60 00  ...... .0.@.P.`.
00014d70: 70 00 80 00 90 00 a0 00 b0 00 c0 00 d0 00 e0 00  p...............
00014d80: f0 00 00 01 10 01 20 01 30 01 40 01 50 01 60 01  ...... .0.@.P.`.
00014d90: 70 01 80 01 90 01 a0 01 b0 01 c0 01 d0 01 e0 01  p...............
00014da0: f0 01 00 02 10 02 20 02 30 02 40 02 50 02 60 02  ...... .0.@.P.`.
00014db0: 70 02 80 02 90 02 a0 02 b0 02 c0 02 d0 02 e0 02  p...............
00014dc0: f0 02 00 03 10 03 20 03 30 03 40 03 50 03 60 03  ...... .0.@.P.`.
00014dd0: 70 03 80 03 90 03 a0 03 b0 03 c0 03 d0 03 e0 03  p...............
00014de0: f0 03 ff 03 00 00 10 00 20 00 30 00 40 00 50 00  ........ .0.@.P.
00014df0: 60 00 70 00 80 00 90 00 a0 00 b0 00 c0 00 d0 00  `.p.............
00014e00: e0 00 f0 00 00 01 10 01 20 01 30 01 40 01 50 01  ........ .0.@.P.
00014e10: 60 01 70 01 80 01 90 01 a0 01 b0 01 c0 01 d0 01  `.p.............
00014e20: e0 01 f0 01 00 02 10 02 20 02 30 02 40 02 50 02  ........ .0.@.P.
00014e30: 60 02 70 02 80 02 90 02 a0 02 b0 02 c0 02 d0 02  `.p.............
00014e40: e0 02 f0 02 00 03 10 03 20 03 30 03 40 03 50 03  ........ .0.@.P.
00014e50: 60 03 70 03 80 03 90 03 a0 03 b0 03 c0 03 d0 03  `.p.............
00014e60: e0 03 f0 03 ff 03 00 00 40 00 00 00 00 00 00 00  ........@.......
00014e70: 00 00 00 00 00 00 00 00 00 00 00 00 00 00 00 00  ................
00014e80: 00 00 00 00 00 00 00 00 40 00 00 00 00 00 00 00  ........@.......
00014e90: 00 00 00 00 00 00 00 00 00 00 00 00 00 00 00 00  ................
00014ea0: 00 00 00 00 00 00 00 00 40 00 00 00 00 00 00 00  ........@.......
00014eb0: 00 00 00 00 00 00 00 00 00 00 00 00 00 00 00 00  ................
00014ec0: 00 00 00 00 00 00 00 00 08 00 10 00 18 00 20 00  .............. .
00014ed0: 28 00 30 00 38 00 00 00 00 00 00 00 00 00 00 00  (.0.8...........
00014ee0: 00 00 00 00 00 00 00 00 08 00 10 00 18 00 20 00  .............. .
00014ef0: 28 00 30 00 38 00 00 00 00 00 00 00 00 00 00 00  (.0.8...........
00014f00: 00 00 00 00 00 00 00 00 08 00 10 00 18 00 20 00  .............. .
00014f10: 28 00 30 00 38 00 00 00 00 00 00 00 00 00 00 00  (.0.8...........
00014f20: 00 00 00 00 00 00 00 00 00 00 01 00 00 00 0b 00  ................
00014f30: 58 2b 01 00 01 00 04 00 01 00 03 00 03 00 01 00  X+..............
00014f40: 18 00 00 00 00 00 82 ff 82 ff 82 ff 82 ff 80 ff  ................
00014f50: 7e ff 7c ff 7a ff 78 ff 76 ff 74 ff 72 ff 70 ff  ~.|.z.x.v.t.r.p.
00014f60: 6e ff 6c ff 6a ff 68 ff 66 ff 64 ff 64 ff 62 ff  n.l.j.h.f.d.d.b.
00014f70: 60 ff 5e ff 5c ff 5c ff 5a ff 58 ff 58 ff 56 ff  `.^.\.\.Z.X.X.V.
00014f80: 54 ff 54 ff 52 ff 52 ff 50 ff 50 ff 4e ff 4e ff  T.T.R.R.P.P.N.N.
00014f90: 4c ff 4c ff 4c ff 4a ff 4a ff 4a ff 4a ff 4a ff  L.L.L.J.J.J.J.J.
00014fa0: 4a ff 4a ff 4a ff 4a ff 4a ff 4a ff 4a ff 4a ff  J.J.J.J.J.J.J.J.
00014fb0: 4c ff 4c ff 4c ff 4e ff 4e ff 50 ff 50 ff 52 ff  L.L.L.N.N.P.P.R.
00014fc0: 54 ff 56 ff 58 ff 58 ff 5a ff 5c ff 5e ff 60 ff  T.V.X.X.Z.\.^.`.
00014fd0: 64 ff 66 ff 68 ff 6a ff 6c ff 70 ff 72 ff 74 ff  d.f.h.j.l.p.r.t.
00014fe0: 78 ff 7a ff 7c ff 80 ff 82 ff 86 ff 88 ff 8c ff  x.z.|...........
00014ff0: 8e ff 92 ff 96 ff 98 ff 9c ff 9e ff a2 ff a4 ff  ................
00015000: a8 ff ac ff ae ff b2 ff b4 ff b8 ff ba ff be ff  ................
00015010: c0 ff c4 ff c6 ff ca ff cc ff d0 ff d2 ff d6 ff  ................
00015020: d8 ff da ff de ff e0 ff e2 ff e4 ff e6 ff e8 ff  ................
00015030: ea ff ee ff f0 ff f0 ff f2 ff f4 ff f6 ff f8 ff  ................
00015040: fa ff fc ff fe ff 00 00 04 00 06 00 08 00 0c 00  ................
00015050: 0e 00 10 00 14 00 16 00 18 00 1c 00 1e 00 22 00  ..............".
00015060: 24 00 26 00 28 00 2c 00 2e 00 30 00 32 00 36 00  $.&.(.,...0.2.6.
00015070: 38 00 3a 00 3c 00 3e 00 40 00 44 00 46 00 48 00  8.:.<.>.@.D.F.H.
00015080: 4a 00 4c 00 4e 00 50 00 52 00 54 00 56 00 58 00  J.L.N.P.R.T.V.X.
00015090: 58 00 5a 00 5c 00 5e 00 60 00 62 00 64 00 64 00  X.Z.\.^.`.b.d.d.
000150a0: 66 00 68 00 68 00 6a 00 6c 00 6c 00 6e 00 70 00  f.h.h.j.l.l.n.p.
000150b0: 70 00 72 00 72 00 74 00 74 00 76 00 76 00 78 00  p.r.r.t.t.v.v.x.
000150c0: 78 00 7a 00 7a 00 7c 00 7c 00 7c 00 7c 00 7e 00  x.z.z.|.|.|.|.~.
000150d0: 7e 00 7e 00 7e 00 80 00 80 00 80 00 80 00 80 00  ~.~.~...........
000150e0: 80 00 80 00 82 00 82 00 82 00 82 00 82 00 82 00  ................
000150f0: 82 00 80 00 80 00 80 00 80 00 80 00 80 00 80 00  ................
00015100: 80 00 7e 00 7e 00 7e 00 7e 00 7e 00 7c 00 7c 00  ..~.~.~.~.~.|.|.
00015110: 7c 00 7c 00 7a 00 7a 00 7a 00 7a 00 78 00 78 00  |.|.z.z.z.z.x.x.
00015120: 78 00 76 00 76 00 76 00 74 00 74 00 74 00 72 00  x.v.v.v.t.t.t.r.
00015130: 72 00 70 00 70 00 70 00 6e 00 6e 00 6e 00 6c 00  r.p.p.p.n.n.n.l.
00015140: 6c 00 6a 00 6a 00 54 ff 54 ff 54 ff 54 ff 54 ff  l.j.j.T.T.T.T.T.
00015150: 54 ff 54 ff 54 ff 54 ff 52 ff 52 ff 52 ff 50 ff  T.T.T.T.R.R.R.P.
00015160: 50 ff 50 ff 4e ff 4e ff 4e ff 4c ff 4c ff 4c ff  P.P.N.N.N.L.L.L.
00015170: 4a ff 4a ff 4a ff 4a ff 48 ff 48 ff 48 ff 48 ff  J.J.J.J.H.H.H.H.
00015180: 48 ff 46 ff 46 ff 46 ff 46 ff 46 ff 46 ff 46 ff  H.F.F.F.F.F.F.F.
00015190: 46 ff 46 ff 46 ff 46 ff 46 ff 48 ff 48 ff 48 ff  F.F.F.F.F.H.H.H.
000151a0: 48 ff 4a ff 4a ff 4a ff 4c ff 4c ff 4e ff 4e ff  H.J.J.J.L.L.N.N.
000151b0: 50 ff 50 ff 52 ff 52 ff 54 ff 56 ff 58 ff 5a ff  P.P.R.R.T.V.X.Z.
000151c0: 5a ff 5c ff 5e ff 60 ff 64 ff 66 ff 68 ff 6a ff  Z.\.^.`.d.f.h.j.
000151d0: 6c ff 6e ff 72 ff 74 ff 76 ff 7a ff 7c ff 80 ff  l.n.r.t.v.z.|...
000151e0: 82 ff 86 ff 88 ff 8a ff 8e ff 92 ff 94 ff 98 ff  ................
000151f0: 9a ff 9e ff a0 ff a4 ff a6 ff aa ff ac ff b0 ff  ................
00015200: b4 ff b6 ff ba ff bc ff c0 ff c2 ff c6 ff c8 ff  ................
00015210: cc ff ce ff d0 ff d4 ff d6 ff d8 ff dc ff de ff  ................
00015220: e0 ff e2 ff e4 ff e8 ff ea ff ec ff ee ff ee ff  ................
00015230: f0 ff f2 ff f4 ff f6 ff f8 ff f8 ff fa ff fc ff  ................
00015240: fe ff 00 00 02 00 02 00 06 00 08 00 0a 00 0c 00  ................
00015250: 0e 00 10 00 14 00 16 00 18 00 1a 00 1e 00 20 00  .............. .
00015260: 24 00 26 00 28 00 2c 00 2e 00 30 00 32 00 36 00  $.&.(.,...0.2.6.
00015270: 38 00 3a 00 3c 00 40 00 42 00 44 00 46 00 48 00  8.:.<.@.B.D.F.H.
00015280: 4a 00 4c 00 4e 00 50 00 52 00 54 00 54 00 56 00  J.L.N.P.R.T.T.V.
00015290: 58 00 5a 00 5c 00 5c 00 5e 00 60 00 60 00 62 00  X.Z.\.\.^.`.`.b.
000152a0: 64 00 64 00 66 00 66 00 68 00 6a 00 6a 00 6c 00  d.d.f.f.h.j.j.l.
000152b0: 6c 00 6c 00 6e 00 6e 00 70 00 70 00 70 00 72 00  l.l.n.n.p.p.p.r.
000152c0: 72 00 72 00 74 00 74 00 74 00 74 00 76 00 76 00  r.r.t.t.t.t.v.v.
000152d0: 76 00 76 00 76 00 78 00 78 00 78 00 78 00 78 00  v.v.v.x.x.x.x.x.
000152e0: 78 00 78 00 78 00 78 00 78 00 78 00 78 00 78 00  x.x.x.x.x.x.x.x.
000152f0: 78 00 78 00 78 00 78 00 78 00 78 00 78 00 78 00  x.x.x.x.x.x.x.x.
00015300: 78 00 78 00 76 00 76 00 76 00 76 00 76 00 76 00  x.x.v.v.v.v.v.v.
00015310: 76 00 74 00 74 00 74 00 74 00 74 00 74 00 72 00  v.t.t.t.t.t.t.r.
00015320: 72 00 72 00 72 00 72 00 70 00 70 00 70 00 70 00  r.r.r.r.p.p.p.p.
00015330: 6e 00 6e 00 6e 00 6e 00 6c 00 6c 00 6c 00 6c 00  n.n.n.n.l.l.l.l.
00015340: 6a 00 6a 00 6a 00 02 00 3a 00 74 00 80 00 88 00  j.j.j...:.t.....
00015350: c6 00 fe 00 ff 00 00 00 00 00 00 00 00 00 00 00  ................
00015360: 00 00 00 00 00 00 06 00 3c 00 74 00 80 00 92 00  ........<.t.....
00015370: fc 00 ff 00 00 00 00 00 00 00 00 00 00 00 00 00  ................
00015380: 00 00 00 00 00 00 01 00 02 00 01 00 03 00 00 00  ................
00015390: 01 00 18 00 00 00 01 00 b0 ff af ff ae ff ae ff  ................
000153a0: ad ff ac ff ab ff ab ff aa ff a9 ff a9 ff a8 ff  ................
000153b0: a8 ff a8 ff a8 ff a8 ff a8 ff a8 ff a8 ff a9 ff  ................
000153c0: a9 ff aa ff ab ff ac ff ad ff af ff b1 ff b2 ff  ................
000153d0: b4 ff b6 ff b9 ff bb ff bd ff c0 ff c2 ff c4 ff  ................
000153e0: c7 ff c9 ff cc ff ce ff d0 ff d2 ff d4 ff d6 ff  ................
000153f0: d8 ff da ff dc ff dd ff df ff e0 ff e2 ff e3 ff  ................
00015400: e4 ff e6 ff e7 ff e8 ff e9 ff ea ff eb ff ec ff  ................
00015410: ec ff ed ff ee ff ef ff ef ff f0 ff f0 ff f1 ff  ................
00015420: f1 ff f2 ff f2 ff f3 ff f3 ff f4 ff f4 ff f4 ff  ................
00015430: f5 ff f5 ff f5 ff f6 ff f6 ff f6 ff f7 ff f7 ff  ................
00015440: f7 ff f7 ff f8 ff f8 ff f8 ff f9 ff f9 ff f9 ff  ................
00015450: f9 ff fa ff fa ff fa ff fa ff fb ff fb ff fb ff  ................
00015460: fb ff fb ff fc ff fc ff fc ff fc ff fc ff fd ff  ................
00015470: fd ff fd ff fd ff fd ff fd ff fe ff fe ff fe ff  ................
00015480: fe ff fe ff fe ff ff ff ff ff ff ff ff ff ff ff  ................
00015490: ff ff 00 00 00 00 00 00 00 00 00 00 00 00 00 00  ................
000154a0: 01 00 01 00 01 00 01 00 01 00 01 00 01 00 02 00  ................
000154b0: 02 00 02 00 02 00 02 00 02 00 03 00 03 00 03 00  ................
000154c0: 03 00 03 00 04 00 04 00 04 00 04 00 05 00 05 00  ................
000154d0: 05 00 05 00 06 00 06 00 06 00 07 00 07 00 07 00  ................
000154e0: 08 00 08 00 09 00 09 00 09 00 0a 00 0a 00 0b 00  ................
000154f0: 0b 00 0c 00 0c 00 0d 00 0d 00 0e 00 0f 00 0f 00  ................
00015500: 10 00 11 00 11 00 12 00 13 00 13 00 14 00 15 00  ................
00015510: 16 00 17 00 18 00 18 00 19 00 1a 00 1b 00 1c 00  ................
00015520: 1d 00 1e 00 1f 00 20 00 21 00 22 00 24 00 25 00  ...... .!.".$.%.
00015530: 26 00 27 00 28 00 29 00 2b 00 2c 00 2d 00 2f 00  &.'.(.).+.,.-./.
00015540: 30 00 31 00 33 00 34 00 35 00 37 00 38 00 3a 00  0.1.3.4.5.7.8.:.
00015550: 3b 00 3c 00 3e 00 3f 00 40 00 42 00 43 00 44 00  ;.<.>.?.@.B.C.D.
00015560: 45 00 46 00 47 00 48 00 49 00 4a 00 4b 00 4b 00  E.F.G.H.I.J.K.K.
00015570: 4c 00 4c 00 4d 00 4d 00 4d 00 4e 00 4e 00 4e 00  L.L.M.M.M.N.N.N.
00015580: 4e 00 4e 00 4e 00 4e 00 4e 00 4e 00 4e 00 4e 00  N.N.N.N.N.N.N.N.
00015590: 4e 00 4e 00 4d 00 4d 00 b8 ff b8 ff b8 ff b6 ff  N.N.M.M.........
000155a0: b5 ff b3 ff b1 ff af ff ae ff ac ff aa ff a8 ff  ................
000155b0: a7 ff a5 ff a4 ff a2 ff a1 ff 9f ff 9e ff 9c ff  ................
000155c0: 9b ff 9a ff 99 ff 97 ff 96 ff 95 ff 94 ff 93 ff  ................
000155d0: 93 ff 92 ff 91 ff 91 ff 90 ff 90 ff 90 ff 8f ff  ................
000155e0: 8f ff 8f ff 8f ff 8f ff 90 ff 90 ff 90 ff 91 ff  ................
000155f0: 91 ff 92 ff 92 ff 93 ff 94 ff 94 ff 95 ff 96 ff  ................
00015600: 97 ff 98 ff 99 ff 9b ff 9c ff 9d ff 9e ff a0 ff  ................
00015610: a1 ff a2 ff a4 ff a5 ff a7 ff a8 ff aa ff ab ff  ................
00015620: ad ff af ff b0 ff b2 ff b4 ff b5 ff b7 ff b9 ff  ................
00015630: ba ff bc ff be ff c0 ff c1 ff c3 ff c5 ff c7 ff  ................
00015640: c9 ff ca ff cc ff ce ff d0 ff d1 ff d3 ff d5 ff  ................
00015650: d7 ff d8 ff da ff dc ff dd ff df ff e1 ff e2 ff  ................
00015660: e4 ff e5 ff e7 ff e8 ff ea ff eb ff ed ff ee ff  ................
00015670: ef ff f0 ff f2 ff f3 ff f4 ff f5 ff f6 ff f7 ff  ................
00015680: f8 ff f9 ff fa ff fb ff fc ff fc ff fd ff fe ff  ................
00015690: fe ff ff ff ff ff 00 00 00 00 00 00 01 00 01 00  ................
000156a0: 01 00 01 00 02 00 02 00 02 00 02 00 03 00 03 00  ................
000156b0: 04 00 05 00 05 00 06 00 07 00 08 00 0a 00 0b 00  ................
000156c0: 0c 00 0d 00 0f 00 10 00 12 00 14 00 15 00 17 00  ................
000156d0: 19 00 1a 00 1c 00 1e 00 20 00 22 00 24 00 25 00  ........ .".$.%.
000156e0: 27 00 29 00 2b 00 2d 00 2f 00 31 00 33 00 34 00  '.).+.-./.1.3.4.
000156f0: 36 00 38 00 3a 00 3b 00 3d 00 3e 00 40 00 41 00  6.8.:.;.=.>.@.A.
00015700: 43 00 44 00 45 00 47 00 48 00 49 00 4a 00 4b 00  C.D.E.G.H.I.J.K.
00015710: 4c 00 4d 00 4d 00 4e 00 4f 00 50 00 50 00 51 00  L.M.M.N.O.P.P.Q.
00015720: 51 00 52 00 52 00 53 00 53 00 53 00 54 00 54 00  Q.R.R.S.S.S.T.T.
00015730: 54 00 54 00 54 00 55 00 55 00 55 00 55 00 55 00  T.T.T.U.U.U.U.U.
00015740: 54 00 54 00 54 00 54 00 54 00 54 00 53 00 53 00  T.T.T.T.T.T.S.S.
00015750: 53 00 52 00 52 00 52 00 51 00 51 00 50 00 50 00  S.R.R.R.Q.Q.P.P.
00015760: 4f 00 4f 00 4e 00 4e 00 4d 00 4c 00 4c 00 4b 00  O.O.N.N.M.L.L.K.
00015770: 4a 00 4a 00 49 00 48 00 48 00 47 00 46 00 46 00  J.J.I.H.H.G.F.F.
00015780: 45 00 44 00 43 00 42 00 42 00 41 00 40 00 3f 00  E.D.C.B.B.A.@.?.
00015790: 3f 00 3e 00 3d 00 3c 00 00 00 18 00 28 00 4e 00  ?.>.=.<.....(.N.
000157a0: 80 00 b6 00 d4 00 ea 00 ff 00 00 00 00 00 00 00  ................
000157b0: 00 00 00 00 00 00 00 00 02 00 20 00 46 00 70 00  .......... .F.p.
000157c0: 80 00 8c 00 b2 00 d8 00 ff 00 00 00 00 00 00 00  ................
000157d0: 00 00 00 00 00 00 00 00 01 00 03 00 01 00 03 00  ................
000157e0: 02 00 01 00 18 00 00 00 01 00 c0 ff bc ff b9 ff  ................
000157f0: b5 ff b1 ff ae ff aa ff a7 ff a3 ff a0 ff 9c ff  ................
00015800: 99 ff 96 ff 93 ff 90 ff 8d ff 8b ff 88 ff 86 ff  ................
00015810: 84 ff 82 ff 80 ff 7e ff 7c ff 7a ff 79 ff 77 ff  ......~.|.z.y.w.
00015820: 76 ff 75 ff 74 ff 73 ff 72 ff 71 ff 70 ff 70 ff  v.u.t.s.r.q.p.p.
00015830: 6f ff 6f ff 6f ff 6f ff 6f ff 6f ff 6f ff 6f ff  o.o.o.o.o.o.o.o.
00015840: 6f ff 70 ff 70 ff 71 ff 71 ff 72 ff 73 ff 74 ff  o.p.p.q.q.r.s.t.
00015850: 74 ff 75 ff 77 ff 78 ff 79 ff 7a ff 7c ff 7d ff  t.u.w.x.y.z.|.}.
00015860: 7f ff 80 ff 82 ff 83 ff 85 ff 87 ff 89 ff 8b ff  ................
00015870: 8d ff 8f ff 91 ff 93 ff 95 ff 97 ff 9a ff 9c ff  ................
00015880: 9e ff a1 ff a3 ff a6 ff a8 ff ab ff ad ff b0 ff  ................
00015890: b2 ff b5 ff b7 ff ba ff bd ff bf ff c2 ff c5 ff  ................
000158a0: c7 ff ca ff cc ff cf ff d1 ff d4 ff d6 ff d9 ff  ................
000158b0: db ff dd ff df ff e1 ff e4 ff e6 ff e8 ff e9 ff  ................
000158c0: eb ff ed ff ef ff f0 ff f1 ff f3 ff f4 ff f5 ff  ................
000158d0: f6 ff f7 ff f8 ff f9 ff fa ff fb ff fb ff fc ff  ................
000158e0: fd ff fe ff fe ff ff ff ff ff 00 00 01 00 01 00  ................
000158f0: 02 00 02 00 03 00 04 00 05 00 05 00 06 00 07 00  ................
00015900: 08 00 09 00 0a 00 0b 00 0c 00 0e 00 0f 00 11 00  ................
00015910: 12 00 14 00 16 00 17 00 19 00 1b 00 1d 00 1f 00  ................
00015920: 21 00 23 00 26 00 28 00 2a 00 2c 00 2f 00 31 00  !.#.&.(.*.,./.1.
00015930: 33 00 36 00 38 00 3a 00 3d 00 3f 00 41 00 44 00  3.6.8.:.=.?.A.D.
00015940: 46 00 48 00 4a 00 4c 00 4f 00 51 00 53 00 55 00  F.H.J.L.O.Q.S.U.
00015950: 57 00 58 00 5a 00 5c 00 5d 00 5f 00 60 00 62 00  W.X.Z.\.]._.`.b.
00015960: 63 00 64 00 65 00 66 00 67 00 68 00 69 00 6a 00  c.d.e.f.g.h.i.j.
00015970: 6b 00 6b 00 6c 00 6d 00 6d 00 6d 00 6e 00 6e 00  k.k.l.m.m.m.n.n.
00015980: 6e 00 6e 00 6f 00 6f 00 6f 00 6f 00 6e 00 6e 00  n.n.o.o.o.o.n.n.
00015990: 6e 00 6e 00 6e 00 6d 00 6d 00 6c 00 6c 00 6b 00  n.n.n.m.m.l.l.k.
000159a0: 6b 00 6a 00 6a 00 69 00 68 00 67 00 67 00 66 00  k.j.j.i.h.g.g.f.
000159b0: 65 00 64 00 63 00 62 00 61 00 60 00 5f 00 5e 00  e.d.c.b.a.`._.^.
000159c0: 5d 00 5c 00 5b 00 5a 00 59 00 57 00 56 00 55 00  ].\.[.Z.Y.W.V.U.
000159d0: 54 00 52 00 51 00 50 00 4f 00 4d 00 4c 00 4b 00  T.R.Q.P.O.M.L.K.
000159e0: 4a 00 48 00 47 00 46 00 44 00 9c ff 9b ff 99 ff  J.H.G.F.D.......
000159f0: 98 ff 96 ff 95 ff 94 ff 92 ff 91 ff 8f ff 8e ff  ................
00015a00: 8d ff 8b ff 8a ff 89 ff 87 ff 86 ff 85 ff 84 ff  ................
00015a10: 82 ff 81 ff 80 ff 7f ff 7e ff 7d ff 7c ff 7b ff  ........~.}.|.{.
00015a20: 7a ff 7a ff 79 ff 78 ff 77 ff 77 ff 76 ff 76 ff  z.z.y.x.w.w.v.v.
00015a30: 75 ff 75 ff 75 ff 74 ff 74 ff 74 ff 74 ff 74 ff  u.u.u.t.t.t.t.t.
00015a40: 74 ff 74 ff 74 ff 74 ff 75 ff 75 ff 75 ff 76 ff  t.t.t.t.u.u.u.v.
00015a50: 76 ff 77 ff 77 ff 78 ff 79 ff 7a ff 7b ff 7b ff  v.w.w.x.y.z.{.{.
00015a60: 7c ff 7d ff 7e ff 7f ff 81 ff 82 ff 83 ff 84 ff  |.}.~...........
00015a70: 86 ff 87 ff 89 ff 8a ff 8c ff 8d ff 8f ff 90 ff  ................
00015a80: 92 ff 94 ff 96 ff 97 ff 99 ff 9b ff 9d ff 9f ff  ................
00015a90: a1 ff a3 ff a5 ff a7 ff a9 ff ac ff ae ff b0 ff  ................
00015aa0: b2 ff b5 ff b7 ff b9 ff bc ff be ff c1 ff c3 ff  ................
00015ab0: c6 ff c8 ff ca ff cd ff cf ff d2 ff d4 ff d6 ff  ................
00015ac0: d9 ff db ff dd ff e0 ff e2 ff e4 ff e6 ff e8 ff  ................
00015ad0: ea ff ec ff ee ff f0 ff f2 ff f4 ff f5 ff f7 ff  ................
00015ae0: f8 ff fa ff fc ff fd ff ff ff 00 00 01 00 03 00  ................
00015af0: 04 00 06 00 07 00 09 00 0a 00 0c 00 0e 00 0f 00  ................
00015b00: 11 00 12 00 14 00 16 00 18 00 19 00 1b 00 1d 00  ................
00015b10: 1f 00 20 00 22 00 24 00 26 00 28 00 29 00 2b 00  .. .".$.&.(.).+.
00015b20: 2d 00 2f 00 31 00 32 00 34 00 36 00 38 00 39 00  -./.1.2.4.6.8.9.
00015b30: 3b 00 3d 00 3f 00 40 00 42 00 43 00 45 00 47 00  ;.=.?.@.B.C.E.G.
00015b40: 48 00 49 00 4b 00 4c 00 4e 00 4f 00 50 00 52 00  H.I.K.L.N.O.P.R.
00015b50: 53 00 54 00 55 00 56 00 57 00 58 00 59 00 5a 00  S.T.U.V.W.X.Y.Z.
00015b60: 5a 00 5b 00 5c 00 5d 00 5d 00 5e 00 5e 00 5f 00  Z.[.\.].].^.^._.
00015b70: 5f 00 60 00 60 00 60 00 61 00 61 00 61 00 61 00  _.`.`.`.a.a.a.a.
00015b80: 61 00 61 00 62 00 62 00 62 00 62 00 61 00 61 00  a.a.b.b.b.b.a.a.
00015b90: 61 00 61 00 61 00 61 00 61 00 60 00 60 00 60 00  a.a.a.a.a.`.`.`.
00015ba0: 5f 00 5f 00 5f 00 5e 00 5e 00 5d 00 5d 00 5c 00  _._._.^.^.].].\.
00015bb0: 5c 00 5b 00 5b 00 5a 00 5a 00 59 00 58 00 58 00  \.[.[.Z.Z.Y.X.X.
00015bc0: 57 00 56 00 56 00 55 00 54 00 54 00 53 00 52 00  W.V.V.U.T.T.S.R.
00015bd0: 51 00 51 00 50 00 4f 00 4e 00 4e 00 4d 00 4c 00  Q.Q.P.O.N.N.M.L.
00015be0: 4b 00 4a 00 4a 00 49 00 48 00 00 00 0e 00 4e 00  K.J.J.I.H.....N.
00015bf0: 6e 00 80 00 90 00 b6 00 ff 00 00 00 00 00 00 00  n...............
00015c00: 00 00 00 00 00 00 00 00 00 00 00 00 26 00 5a 00  ............&.Z.
00015c10: 76 00 80 00 88 00 b4 00 ff 00 00 00 00 00 00 00  v...............
00015c20: 00 00 00 00 00 00 00 00 00 00 01 00 03 00 01 00  ................
00015c30: 03 00 02 00 01 00 18 00 00 00 01 00 ac ff aa ff  ................
00015c40: a9 ff a7 ff a5 ff a3 ff a2 ff a0 ff 9e ff 9c ff  ................
00015c50: 9b ff 99 ff 98 ff 96 ff 94 ff 93 ff 92 ff 90 ff  ................
00015c60: 8f ff 8e ff 8c ff 8b ff 8a ff 89 ff 88 ff 88 ff  ................
00015c70: 87 ff 86 ff 86 ff 85 ff 85 ff 84 ff 84 ff 84 ff  ................
00015c80: 84 ff 84 ff 84 ff 84 ff 85 ff 85 ff 86 ff 86 ff  ................
00015c90: 87 ff 88 ff 89 ff 89 ff 8a ff 8b ff 8d ff 8e ff  ................
00015ca0: 8f ff 90 ff 92 ff 93 ff 94 ff 96 ff 97 ff 99 ff  ................
00015cb0: 9b ff 9c ff 9e ff a0 ff a2 ff a3 ff a5 ff a7 ff  ................
00015cc0: a9 ff ab ff ad ff af ff b1 ff b3 ff b5 ff b7 ff  ................
00015cd0: b9 ff bb ff bd ff bf ff c1 ff c3 ff c5 ff c7 ff  ................
00015ce0: c9 ff cb ff cd ff cf ff d1 ff d3 ff d5 ff d7 ff  ................
00015cf0: d9 ff db ff dd ff df ff e0 ff e2 ff e4 ff e5 ff  ................
00015d00: e7 ff e9 ff ea ff eb ff ed ff ee ff ef ff f1 ff  ................
00015d10: f2 ff f3 ff f4 ff f5 ff f6 ff f7 ff f8 ff f8 ff  ................
00015d20: f9 ff fa ff fa ff fb ff fb ff fc ff fc ff fd ff  ................
00015d30: fd ff fe ff fe ff ff ff ff ff 00 00 00 00 00 00  ................
00015d40: 01 00 01 00 02 00 03 00 03 00 04 00 04 00 05 00  ................
00015d50: 06 00 06 00 07 00 08 00 09 00 0a 00 0b 00 0c 00  ................
00015d60: 0d 00 0e 00 0f 00 10 00 12 00 13 00 14 00 16 00  ................
00015d70: 17 00 19 00 1a 00 1c 00 1e 00 20 00 21 00 23 00  .......... .!.#.
00015d80: 25 00 27 00 29 00 2a 00 2c 00 2e 00 30 00 32 00  %.'.).*.,...0.2.
00015d90: 34 00 36 00 38 00 3a 00 3c 00 3e 00 40 00 42 00  4.6.8.:.<.>.@.B.
00015da0: 44 00 46 00 48 00 4a 00 4c 00 4d 00 4f 00 51 00  D.F.H.J.L.M.O.Q.
00015db0: 53 00 55 00 56 00 58 00 5a 00 5b 00 5d 00 5f 00  S.U.V.X.Z.[.]._.
00015dc0: 60 00 62 00 63 00 64 00 66 00 67 00 68 00 69 00  `.b.c.d.f.g.h.i.
00015dd0: 6a 00 6b 00 6c 00 6d 00 6d 00 6e 00 6f 00 6f 00  j.k.l.m.m.n.o.o.
00015de0: 70 00 70 00 70 00 70 00 71 00 71 00 71 00 71 00  p.p.p.p.q.q.q.q.
00015df0: 71 00 71 00 71 00 70 00 70 00 70 00 70 00 6f 00  q.q.q.p.p.p.p.o.
00015e00: 6f 00 6e 00 6e 00 6d 00 6d 00 6c 00 6b 00 6b 00  o.n.n.m.m.l.k.k.
00015e10: 6a 00 69 00 68 00 67 00 67 00 66 00 65 00 64 00  j.i.h.g.g.f.e.d.
00015e20: 63 00 62 00 61 00 60 00 5f 00 5e 00 5d 00 5c 00  c.b.a.`._.^.].\.
00015e30: 5b 00 5a 00 59 00 58 00 57 00 55 00 90 ff 8f ff  [.Z.Y.X.W.U.....
00015e40: 8d ff 8c ff 8a ff 89 ff 87 ff 86 ff 84 ff 83 ff  ................
00015e50: 81 ff 80 ff 7f ff 7d ff 7c ff 7b ff 7a ff 78 ff  ......}.|.{.z.x.
00015e60: 77 ff 76 ff 75 ff 74 ff 73 ff 72 ff 71 ff 71 ff  w.v.u.t.s.r.q.q.
00015e70: 70 ff 6f ff 6f ff 6e ff 6e ff 6d ff 6d ff 6d ff  p.o.o.n.n.m.m.m.
00015e80: 6c ff 6c ff 6c ff 6c ff 6d ff 6d ff 6d ff 6e ff  l.l.l.l.m.m.m.n.
00015e90: 6e ff 6f ff 6f ff 70 ff 71 ff 72 ff 73 ff 74 ff  n.o.o.p.q.r.s.t.
00015ea0: 75 ff 76 ff 77 ff 78 ff 79 ff 7b ff 7c ff 7e ff  u.v.w.x.y.{.|.~.
00015eb0: 7f ff 81 ff 82 ff 84 ff 86 ff 87 ff 89 ff 8b ff  ................
00015ec0: 8d ff 8f ff 91 ff 92 ff 94 ff 96 ff 98 ff 9b ff  ................
00015ed0: 9d ff 9f ff a1 ff a3 ff a5 ff a7 ff a9 ff ac ff  ................
00015ee0: ae ff b0 ff b2 ff b4 ff b7 ff b9 ff bb ff bd ff  ................
00015ef0: bf ff c2 ff c4 ff c6 ff c8 ff ca ff cc ff cf ff  ................
00015f00: d1 ff d3 ff d5 ff d7 ff d9 ff db ff dd ff df ff  ................
00015f10: e1 ff e2 ff e4 ff e6 ff e8 ff e9 ff eb ff ed ff  ................
00015f20: ee ff f0 ff f1 ff f3 ff f4 ff f5 ff f7 ff f8 ff  ................
00015f30: f9 ff fa ff fb ff fc ff fe ff ff ff 00 00 01 00  ................
00015f40: 02 00 04 00 05 00 06 00 08 00 09 00 0a 00 0c 00  ................
00015f50: 0d 00 0f 00 10 00 12 00 13 00 15 00 16 00 18 00  ................
00015f60: 19 00 1b 00 1c 00 1e 00 1f 00 21 00 22 00 24 00  ..........!.".$.
00015f70: 25 00 27 00 28 00 2a 00 2c 00 2d 00 2f 00 30 00  %.'.(.*.,.-./.0.
00015f80: 31 00 33 00 34 00 36 00 37 00 39 00 3a 00 3b 00  1.3.4.6.7.9.:.;.
00015f90: 3d 00 3e 00 3f 00 41 00 42 00 43 00 44 00 45 00  =.>.?.A.B.C.D.E.
00015fa0: 47 00 48 00 49 00 4a 00 4b 00 4c 00 4d 00 4d 00  G.H.I.J.K.L.M.M.
00015fb0: 4e 00 4f 00 50 00 51 00 51 00 52 00 52 00 53 00  N.O.P.Q.Q.R.R.S.
00015fc0: 53 00 54 00 54 00 55 00 55 00 55 00 55 00 56 00  S.T.T.U.U.U.U.V.
00015fd0: 56 00 56 00 56 00 56 00 56 00 56 00 56 00 56 00  V.V.V.V.V.V.V.V.
00015fe0: 56 00 56 00 55 00 55 00 55 00 55 00 54 00 54 00  V.V.U.U.U.U.T.T.
00015ff0: 54 00 53 00 53 00 52 00 52 00 51 00 51 00 50 00  T.S.S.R.R.Q.Q.P.
00016000: 50 00 4f 00 4f 00 4e 00 4d 00 4d 00 4c 00 4b 00  P.O.O.N.M.M.L.K.
00016010: 4b 00 4a 00 49 00 48 00 48 00 47 00 46 00 45 00  K.J.I.H.H.G.F.E.
00016020: 45 00 44 00 43 00 42 00 41 00 40 00 40 00 3f 00  E.D.C.B.A.@.@.?.
00016030: 3e 00 3d 00 3c 00 3b 00 3a 00 39 00 00 00 1e 00  >.=.<.;.:.9.....
00016040: 6c 00 80 00 94 00 cc 00 ff 00 00 00 00 00 00 00  l...............
00016050: 00 00 00 00 00 00 00 00 00 00 00 00 00 00 24 00  ..............$.
00016060: 76 00 80 00 8a 00 be 00 ff 00 00 00 00 00 00 00  v...............
00016070: 00 00 00 00 00 00 00 00 00 00 00 00 01 00 03 00  ................
00016080: 01 00 03 00 00 00 01 00 18 00 00 00 01 00 98 ff  ................
00016090: 97 ff 95 ff 94 ff 93 ff 91 ff 90 ff 8e ff 8d ff  ................
000160a0: 8c ff 8a ff 89 ff 88 ff 86 ff 85 ff 84 ff 83 ff  ................
000160b0: 82 ff 80 ff 7f ff 7e ff 7d ff 7c ff 7b ff 7a ff  ......~.}.|.{.z.
000160c0: 7a ff 79 ff 78 ff 77 ff 77 ff 76 ff 76 ff 75 ff  z.y.x.w.w.v.v.u.
000160d0: 75 ff 75 ff 74 ff 74 ff 74 ff 74 ff 74 ff 74 ff  u.u.t.t.t.t.t.t.
000160e0: 74 ff 75 ff 75 ff 75 ff 76 ff 77 ff 77 ff 78 ff  t.u.u.u.v.w.w.x.
000160f0: 79 ff 7a ff 7b ff 7c ff 7e ff 7f ff 80 ff 82 ff  y.z.{.|.~.......
00016100: 84 ff 85 ff 87 ff 89 ff 8b ff 8d ff 8f ff 92 ff  ................
00016110: 94 ff 96 ff 98 ff 9b ff 9d ff a0 ff a2 ff a5 ff  ................
00016120: a7 ff aa ff ad ff af ff b2 ff b5 ff b7 ff ba ff  ................
00016130: bd ff bf ff c2 ff c5 ff c7 ff ca ff cc ff cf ff  ................
00016140: d2 ff d4 ff d6 ff d9 ff db ff de ff e0 ff e2 ff  ................
00016150: e4 ff e6 ff e8 ff ea ff ec ff ee ff ef ff f1 ff  ................
00016160: f3 ff f4 ff f5 ff f7 ff f8 ff f9 ff fa ff fa ff  ................
00016170: fb ff fc ff fc ff fd ff fd ff fe ff fe ff fe ff  ................
00016180: fe ff ff ff ff ff ff ff ff ff ff ff 00 00 00 00  ................
00016190: 00 00 01 00 01 00 01 00 02 00 02 00 03 00 03 00  ................
000161a0: 04 00 05 00 05 00 06 00 07 00 08 00 08 00 09 00  ................
000161b0: 0a 00 0b 00 0c 00 0e 00 0f 00 10 00 11 00 13 00  ................
000161c0: 14 00 15 00 17 00 18 00 1a 00 1b 00 1d 00 1e 00  ................
000161d0: 20 00 22 00 23 00 25 00 27 00 28 00 2a 00 2c 00   .".#.%.'.(.*.,.
000161e0: 2d 00 2f 00 31 00 33 00 34 00 36 00 38 00 39 00  -./.1.3.4.6.8.9.
000161f0: 3b 00 3d 00 3e 00 40 00 42 00 43 00 45 00 47 00  ;.=.>.@.B.C.E.G.
00016200: 48 00 4a 00 4b 00 4c 00 4e 00 4f 00 51 00 52 00  H.J.K.L.N.O.Q.R.
00016210: 53 00 54 00 55 00 57 00 58 00 59 00 59 00 5a 00  S.T.U.W.X.Y.Y.Z.
00016220: 5b 00 5c 00 5d 00 5d 00 5e 00 5e 00 5f 00 5f 00  [.\.].].^.^._._.
00016230: 5f 00 5f 00 60 00 60 00 60 00 60 00 60 00 5f 00  _._.`.`.`.`.`._.
00016240: 5f 00 5f 00 5f 00 5e 00 5e 00 5d 00 5d 00 5c 00  _._._.^.^.].].\.
00016250: 5c 00 5b 00 5b 00 5a 00 59 00 58 00 58 00 57 00  \.[.[.Z.Y.X.X.W.
00016260: 56 00 55 00 54 00 53 00 52 00 51 00 50 00 4f 00  V.U.T.S.R.Q.P.O.
00016270: 4e 00 4d 00 4c 00 4b 00 4a 00 48 00 47 00 46 00  N.M.L.K.J.H.G.F.
00016280: 45 00 44 00 42 00 41 00 40 00 3f 00 3d 00 a0 ff  E.D.B.A.@.?.=...
00016290: 9f ff 9d ff 9c ff 9a ff 99 ff 98 ff 96 ff 95 ff  ................
000162a0: 93 ff 92 ff 91 ff 90 ff 8e ff 8d ff 8c ff 8b ff  ................
000162b0: 8a ff 89 ff 88 ff 87 ff 86 ff 86 ff 85 ff 84 ff  ................
000162c0: 84 ff 83 ff 83 ff 82 ff 82 ff 82 ff 82 ff 82 ff  ................
000162d0: 82 ff 82 ff 82 ff 82 ff 82 ff 83 ff 83 ff 83 ff  ................
000162e0: 84 ff 84 ff 85 ff 85 ff 86 ff 87 ff 88 ff 88 ff  ................
000162f0: 89 ff 8a ff 8b ff 8c ff 8d ff 8e ff 8f ff 90 ff  ................
00016300: 92 ff 93 ff 94 ff 95 ff 97 ff 98 ff 99 ff 9b ff  ................
00016310: 9c ff 9e ff 9f ff a1 ff a2 ff a4 ff a5 ff a7 ff  ................
00016320: a9 ff aa ff ac ff ad ff af ff b1 ff b3 ff b4 ff  ................
00016330: b6 ff b8 ff ba ff bb ff bd ff bf ff c1 ff c2 ff  ................
00016340: c4 ff c6 ff c8 ff ca ff cb ff cd ff cf ff d1 ff  ................
00016350: d2 ff d4 ff d6 ff d8 ff d9 ff db ff dd ff df ff  ................
00016360: e0 ff e2 ff e3 ff e5 ff e7 ff e8 ff ea ff eb ff  ................
00016370: ed ff ee ff f0 ff f1 ff f3 ff f4 ff f5 ff f7 ff  ................
00016380: f8 ff f9 ff fa ff fc ff fd ff fe ff ff ff 00 00  ................
00016390: 01 00 02 00 03 00 04 00 05 00 06 00 07 00 08 00  ................
000163a0: 09 00 0a 00 0b 00 0d 00 0e 00 0f 00 10 00 12 00  ................
000163b0: 13 00 14 00 16 00 17 00 19 00 1a 00 1b 00 1d 00  ................
000163c0: 1e 00 20 00 21 00 23 00 25 00 26 00 28 00 29 00  .. .!.#.%.&.(.).
000163d0: 2b 00 2c 00 2e 00 30 00 31 00 33 00 34 00 36 00  +.,...0.1.3.4.6.
000163e0: 38 00 39 00 3b 00 3c 00 3e 00 3f 00 41 00 42 00  8.9.;.<.>.?.A.B.
000163f0: 44 00 45 00 46 00 48 00 49 00 4b 00 4c 00 4d 00  D.E.F.H.I.K.L.M.
00016400: 4e 00 50 00 51 00 52 00 53 00 54 00 55 00 56 00  N.P.Q.R.S.T.U.V.
00016410: 57 00 58 00 59 00 5a 00 5b 00 5b 00 5c 00 5d 00  W.X.Y.Z.[.[.\.].
00016420: 5d 00 5e 00 5e 00 5e 00 5f 00 5f 00 5f 00 5f 00  ].^.^.^._._._._.
00016430: 60 00 60 00 60 00 60 00 60 00 5f 00 5f 00 5f 00  `.`.`.`.`._._._.
00016440: 5f 00 5e 00 5e 00 5e 00 5d 00 5d 00 5c 00 5c 00  _.^.^.^.].].\.\.
00016450: 5b 00 5a 00 5a 00 59 00 58 00 57 00 57 00 56 00  [.Z.Z.Y.X.W.W.V.
00016460: 55 00 54 00 53 00 52 00 51 00 50 00 4f 00 4e 00  U.T.S.R.Q.P.O.N.
00016470: 4d 00 4c 00 4b 00 4a 00 49 00 48 00 47 00 46 00  M.L.K.J.I.H.G.F.
00016480: 44 00 43 00 42 00 41 00 40 00 3f 00 3d 00 00 00  D.C.B.A.@.?.=...
00016490: 34 00 6c 00 80 00 90 00 cc 00 ff 00 00 00 00 00  4.l.............
000164a0: 00 00 00 00 00 00 00 00 00 00 00 00 00 00 00 00  ................
000164b0: 18 00 76 00 80 00 88 00 cc 00 ff 00 00 00 00 00  ..v.............
000164c0: 00 00 00 00 00 00 00 00 00 00 00 00 00 00 01 00  ................
000164d0: 04 00 01 00 03 00 00 00 01 00 18 00 00 00 01 00  ................
000164e0: 90 ff 8f ff 8e ff 8d ff 8c ff 8b ff 8a ff 89 ff  ................
000164f0: 88 ff 87 ff 86 ff 85 ff 84 ff 83 ff 82 ff 81 ff  ................
00016500: 80 ff 7f ff 7f ff 7e ff 7d ff 7c ff 7c ff 7b ff  ......~.}.|.|.{.
00016510: 7a ff 7a ff 79 ff 79 ff 79 ff 78 ff 78 ff 78 ff  z.z.y.y.y.x.x.x.
00016520: 78 ff 78 ff 77 ff 77 ff 78 ff 78 ff 78 ff 78 ff  x.x.w.w.x.x.x.x.
00016530: 79 ff 79 ff 79 ff 7a ff 7b ff 7b ff 7c ff 7d ff  y.y.y.z.{.{.|.}.
00016540: 7e ff 7f ff 80 ff 82 ff 83 ff 84 ff 86 ff 87 ff  ~...............
00016550: 89 ff 8a ff 8c ff 8d ff 8f ff 91 ff 93 ff 95 ff  ................
00016560: 96 ff 98 ff 9a ff 9c ff 9e ff a0 ff a2 ff a4 ff  ................
00016570: a6 ff a8 ff aa ff ac ff ae ff b0 ff b2 ff b4 ff  ................
00016580: b6 ff b8 ff ba ff bc ff bd ff bf ff c1 ff c3 ff  ................
00016590: c4 ff c6 ff c8 ff c9 ff cb ff cd ff ce ff d0 ff  ................
000165a0: d1 ff d3 ff d4 ff d6 ff d7 ff d9 ff da ff db ff  ................
000165b0: dd ff de ff e0 ff e1 ff e3 ff e4 ff e5 ff e7 ff  ................
000165c0: e8 ff ea ff eb ff ed ff ee ff ef ff f1 ff f2 ff  ................
000165d0: f4 ff f6 ff f7 ff f9 ff fa ff fc ff fd ff ff ff  ................
000165e0: 00 00 01 00 03 00 04 00 05 00 06 00 08 00 09 00  ................
000165f0: 0a 00 0c 00 0d 00 0f 00 11 00 12 00 14 00 16 00  ................
00016600: 18 00 1a 00 1c 00 1e 00 20 00 23 00 25 00 27 00  ........ .#.%.'.
00016610: 29 00 2c 00 2e 00 30 00 33 00 35 00 37 00 3a 00  ).,...0.3.5.7.:.
00016620: 3c 00 3f 00 41 00 43 00 46 00 48 00 4a 00 4d 00  <.?.A.C.F.H.J.M.
00016630: 4f 00 51 00 54 00 56 00 58 00 5a 00 5d 00 5f 00  O.Q.T.V.X.Z.]._.
00016640: 61 00 63 00 65 00 67 00 69 00 6b 00 6d 00 6f 00  a.c.e.g.i.k.m.o.
00016650: 70 00 72 00 74 00 75 00 77 00 78 00 7a 00 7b 00  p.r.t.u.w.x.z.{.
00016660: 7c 00 7e 00 7f 00 80 00 81 00 82 00 83 00 84 00  |.~.............
00016670: 84 00 85 00 85 00 86 00 86 00 86 00 87 00 87 00  ................
00016680: 87 00 87 00 87 00 86 00 86 00 86 00 85 00 85 00  ................
00016690: 84 00 84 00 83 00 82 00 81 00 81 00 80 00 7f 00  ................
000166a0: 7e 00 7d 00 7b 00 7a 00 79 00 78 00 76 00 75 00  ~.}.{.z.y.x.v.u.
000166b0: 74 00 72 00 71 00 6f 00 6e 00 6c 00 6b 00 69 00  t.r.q.o.n.l.k.i.
000166c0: 67 00 66 00 64 00 62 00 61 00 5f 00 5d 00 5b 00  g.f.d.b.a._.].[.
000166d0: 59 00 58 00 56 00 54 00 52 00 50 00 4e 00 4c 00  Y.X.V.T.R.P.N.L.
000166e0: 9c ff 9b ff 9a ff 99 ff 98 ff 97 ff 96 ff 95 ff  ................
000166f0: 94 ff 93 ff 92 ff 91 ff 90 ff 8f ff 8e ff 8d ff  ................
00016700: 8d ff 8c ff 8b ff 8a ff 89 ff 88 ff 88 ff 87 ff  ................
00016710: 86 ff 86 ff 85 ff 84 ff 84 ff 83 ff 83 ff 82 ff  ................
00016720: 82 ff 82 ff 81 ff 81 ff 81 ff 81 ff 81 ff 80 ff  ................
00016730: 80 ff 80 ff 80 ff 81 ff 81 ff 81 ff 81 ff 82 ff  ................
00016740: 82 ff 82 ff 83 ff 83 ff 84 ff 85 ff 86 ff 86 ff  ................
00016750: 87 ff 88 ff 89 ff 8a ff 8b ff 8c ff 8e ff 8f ff  ................
00016760: 90 ff 91 ff 93 ff 94 ff 96 ff 97 ff 99 ff 9a ff  ................
00016770: 9c ff 9d ff 9f ff a1 ff a2 ff a4 ff a6 ff a8 ff  ................
00016780: aa ff ab ff ad ff af ff b1 ff b3 ff b5 ff b7 ff  ................
00016790: b9 ff bb ff bd ff bf ff c1 ff c2 ff c4 ff c6 ff  ................
000167a0: c8 ff ca ff cc ff ce ff d0 ff d2 ff d4 ff d6 ff  ................
000167b0: d8 ff da ff dc ff de ff e0 ff e2 ff e4 ff e5 ff  ................
000167c0: e7 ff e9 ff eb ff ec ff ee ff f0 ff f1 ff f3 ff  ................
000167d0: f5 ff f6 ff f8 ff f9 ff fb ff fc ff fd ff ff ff  ................
000167e0: 00 00 01 00 02 00 04 00 05 00 06 00 07 00 09 00  ................
000167f0: 0a 00 0b 00 0c 00 0e 00 0f 00 11 00 12 00 14 00  ................
00016800: 15 00 17 00 18 00 1a 00 1b 00 1d 00 1f 00 21 00  ..............!.
00016810: 22 00 24 00 26 00 28 00 2a 00 2b 00 2d 00 2f 00  ".$.&.(.*.+.-./.
00016820: 31 00 33 00 35 00 37 00 39 00 3b 00 3c 00 3e 00  1.3.5.7.9.;.<.>.
00016830: 40 00 42 00 44 00 46 00 48 00 4a 00 4c 00 4d 00  @.B.D.F.H.J.L.M.
00016840: 4f 00 51 00 53 00 54 00 56 00 58 00 59 00 5b 00  O.Q.S.T.V.X.Y.[.
00016850: 5c 00 5e 00 5f 00 61 00 62 00 63 00 65 00 66 00  \.^._.a.b.c.e.f.
00016860: 67 00 68 00 69 00 6a 00 6b 00 6c 00 6d 00 6d 00  g.h.i.j.k.l.m.m.
00016870: 6e 00 6e 00 6f 00 6f 00 6f 00 70 00 70 00 70 00  n.n.o.o.o.p.p.p.
00016880: 70 00 70 00 6f 00 6f 00 6f 00 6f 00 6e 00 6e 00  p.p.o.o.o.o.n.n.
00016890: 6d 00 6c 00 6c 00 6b 00 6a 00 69 00 69 00 68 00  m.l.l.k.j.i.i.h.
000168a0: 67 00 66 00 65 00 63 00 62 00 61 00 60 00 5f 00  g.f.e.c.b.a.`._.
000168b0: 5d 00 5c 00 5b 00 59 00 58 00 56 00 55 00 53 00  ].\.[.Y.X.V.U.S.
000168c0: 52 00 50 00 4e 00 4d 00 4b 00 4a 00 48 00 46 00  R.P.N.M.K.J.H.F.
000168d0: 45 00 43 00 41 00 3f 00 3e 00 3c 00 3a 00 38 00  E.C.A.?.>.<.:.8.
000168e0: 00 00 2e 00 54 00 78 00 80 00 86 00 9e 00 c8 00  ....T.x.........
000168f0: ff 00 00 00 00 00 00 00 00 00 00 00 00 00 00 00  ................
00016900: 00 00 32 00 78 00 80 00 88 00 9e 00 c8 00 ff 00  ..2.x...........
00016910: 00 00 00 00 00 00 00 00 00 00 00 00 00 00 00 00  ................
00016920: 01 00 04 00 01 00 03 00 00 00 01 00 18 00 00 00  ................
00016930: 01 00 37 ff 37 ff 38 ff 38 ff 39 ff 39 ff 39 ff  ..7.7.8.8.9.9.9.
00016940: 3a ff 3a ff 3b ff 3c ff 3c ff 3d ff 3d ff 3e ff  :.:.;.<.<.=.=.>.
00016950: 3f ff 40 ff 41 ff 42 ff 42 ff 44 ff 45 ff 46 ff  ?.@.A.B.B.D.E.F.
00016960: 47 ff 48 ff 4a ff 4b ff 4d ff 4e ff 50 ff 52 ff  G.H.J.K.M.N.P.R.
00016970: 54 ff 56 ff 58 ff 5a ff 5c ff 5e ff 60 ff 62 ff  T.V.X.Z.\.^.`.b.
00016980: 64 ff 67 ff 69 ff 6c ff 6e ff 71 ff 73 ff 76 ff  d.g.i.l.n.q.s.v.
00016990: 78 ff 7b ff 7d ff 80 ff 83 ff 86 ff 88 ff 8b ff  x.{.}...........
000169a0: 8e ff 91 ff 93 ff 96 ff 99 ff 9c ff 9f ff a2 ff  ................
000169b0: a4 ff a7 ff aa ff ad ff af ff b2 ff b5 ff b8 ff  ................
000169c0: ba ff bd ff c0 ff c2 ff c5 ff c7 ff ca ff cc ff  ................
000169d0: cf ff d1 ff d3 ff d5 ff d8 ff da ff dc ff de ff  ................
000169e0: e0 ff e2 ff e4 ff e5 ff e7 ff e9 ff ea ff ec ff  ................
000169f0: ed ff ee ff f0 ff f1 ff f2 ff f3 ff f4 ff f5 ff  ................
00016a00: f6 ff f7 ff f7 ff f8 ff f9 ff f9 ff fa ff fb ff  ................
00016a10: fb ff fc ff fc ff fc ff fd ff fd ff fe ff fe ff  ................
00016a20: fe ff fe ff ff ff ff ff ff ff ff ff 00 00 00 00  ................
00016a30: 00 00 00 00 00 00 00 00 00 00 00 00 01 00 01 00  ................
00016a40: 01 00 01 00 01 00 01 00 02 00 02 00 02 00 02 00  ................
00016a50: 02 00 03 00 03 00 04 00 04 00 04 00 05 00 05 00  ................
00016a60: 06 00 07 00 07 00 08 00 09 00 0a 00 0b 00 0c 00  ................
00016a70: 0d 00 0e 00 10 00 11 00 12 00 14 00 15 00 17 00  ................
00016a80: 18 00 1a 00 1b 00 1d 00 1f 00 21 00 23 00 24 00  ..........!.#.$.
00016a90: 26 00 28 00 2a 00 2c 00 2e 00 30 00 32 00 34 00  &.(.*.,...0.2.4.
00016aa0: 36 00 38 00 3b 00 3d 00 3f 00 41 00 43 00 45 00  6.8.;.=.?.A.C.E.
00016ab0: 47 00 4a 00 4c 00 4e 00 50 00 52 00 54 00 56 00  G.J.L.N.P.R.T.V.
00016ac0: 58 00 5a 00 5c 00 5e 00 60 00 62 00 64 00 66 00  X.Z.\.^.`.b.d.f.
00016ad0: 68 00 6a 00 6c 00 6d 00 6f 00 71 00 72 00 74 00  h.j.l.m.o.q.r.t.
00016ae0: 75 00 77 00 78 00 7a 00 7b 00 7c 00 7e 00 7f 00  u.w.x.z.{.|.~...
00016af0: 80 00 81 00 82 00 84 00 85 00 86 00 87 00 88 00  ................
00016b00: 88 00 89 00 8a 00 8b 00 8c 00 8c 00 8d 00 8e 00  ................
00016b10: 8e 00 8f 00 90 00 90 00 91 00 91 00 92 00 92 00  ................
00016b20: 93 00 93 00 94 00 94 00 95 00 95 00 95 00 96 00  ................
00016b30: 96 00 9c ff 9c ff 9b ff 9b ff 9b ff 9a ff 9a ff  ................
00016b40: 99 ff 99 ff 99 ff 98 ff 98 ff 97 ff 97 ff 96 ff  ................
00016b50: 96 ff 96 ff 95 ff 95 ff 94 ff 94 ff 93 ff 93 ff  ................
00016b60: 92 ff 92 ff 91 ff 91 ff 90 ff 90 ff 8f ff 8f ff  ................
00016b70: 8e ff 8e ff 8d ff 8d ff 8c ff 8c ff 8b ff 8b ff  ................
00016b80: 8a ff 89 ff 89 ff 88 ff 88 ff 87 ff 86 ff 86 ff  ................
00016b90: 85 ff 84 ff 84 ff 83 ff 82 ff 81 ff 81 ff 80 ff  ................
00016ba0: 7f ff 7f ff 7e ff 7d ff 7d ff 7c ff 7c ff 7b ff  ....~.}.}.|.|.{.
00016bb0: 7b ff 7a ff 7a ff 7a ff 7a ff 79 ff 79 ff 79 ff  {.z.z.z.z.y.y.y.
00016bc0: 79 ff 79 ff 7a ff 7a ff 7a ff 7b ff 7b ff 7c ff  y.y.z.z.z.{.{.|.
00016bd0: 7d ff 7e ff 7f ff 80 ff 81 ff 82 ff 84 ff 85 ff  }.~.............
00016be0: 87 ff 89 ff 8b ff 8d ff 8f ff 92 ff 95 ff 97 ff  ................
00016bf0: 9a ff 9d ff a1 ff a4 ff a8 ff ac ff b0 ff b4 ff  ................
00016c00: b8 ff bc ff c0 ff c4 ff c9 ff cd ff d1 ff d5 ff  ................
00016c10: d9 ff dd ff e1 ff e4 ff e8 ff eb ff ed ff f0 ff  ................
00016c20: f2 ff f4 ff f6 ff f8 ff f9 ff fb ff fc ff fd ff  ................
00016c30: ff ff 00 00 01 00 03 00 05 00 06 00 08 00 0a 00  ................
00016c40: 0c 00 0d 00 0f 00 11 00 13 00 15 00 16 00 18 00  ................
00016c50: 1a 00 1c 00 1e 00 1f 00 21 00 23 00 25 00 27 00  ........!.#.%.'.
00016c60: 29 00 2a 00 2c 00 2e 00 30 00 31 00 33 00 35 00  ).*.,...0.1.3.5.
00016c70: 37 00 38 00 3a 00 3c 00 3e 00 3f 00 41 00 43 00  7.8.:.<.>.?.A.C.
00016c80: 44 00 46 00 47 00 49 00 4a 00 4c 00 4d 00 4f 00  D.F.G.I.J.L.M.O.
00016c90: 50 00 52 00 53 00 55 00 56 00 57 00 58 00 5a 00  P.R.S.U.V.W.X.Z.
00016ca0: 5b 00 5c 00 5d 00 5e 00 60 00 61 00 62 00 63 00  [.\.].^.`.a.b.c.
00016cb0: 64 00 65 00 65 00 66 00 67 00 68 00 69 00 69 00  d.e.e.f.g.h.i.i.
00016cc0: 6a 00 6b 00 6b 00 6c 00 6c 00 6c 00 6d 00 6d 00  j.k.k.l.l.l.m.m.
00016cd0: 6d 00 6e 00 6e 00 6e 00 6e 00 6e 00 6e 00 6e 00  m.n.n.n.n.n.n.n.
00016ce0: 6e 00 6e 00 6e 00 6d 00 6d 00 6d 00 6d 00 6c 00  n.n.n.m.m.m.m.l.
00016cf0: 6c 00 6b 00 6b 00 6b 00 6a 00 69 00 69 00 68 00  l.k.k.k.j.i.i.h.
00016d00: 68 00 67 00 66 00 66 00 65 00 64 00 64 00 63 00  h.g.f.f.e.d.d.c.
00016d10: 62 00 61 00 60 00 60 00 5f 00 5e 00 5d 00 5c 00  b.a.`.`._.^.].\.
00016d20: 5b 00 5a 00 5a 00 59 00 58 00 57 00 56 00 55 00  [.Z.Z.Y.X.W.V.U.
00016d30: 54 00 00 00 18 00 2e 00 5c 00 6c 00 80 00 9c 00  T.......\.l.....
00016d40: d2 00 e8 00 ff 00 00 00 00 00 00 00 00 00 00 00  ................
00016d50: 00 00 00 00 30 00 62 00 76 00 80 00 88 00 ce 00  ....0.b.v.......
00016d60: ff 00 00 00 00 00 00 00 00 00 00 00 00 00 00 00  ................
00016d70: 00 00 01 00 04 00 01 00 03 00 02 00 01 00 18 00  ................
00016d80: 00 00 01 00 43 ff 43 ff 43 ff 42 ff 42 ff 42 ff  ....C.C.C.B.B.B.
00016d90: 42 ff 42 ff 42 ff 42 ff 43 ff 43 ff 44 ff 44 ff  B.B.B.B.C.C.D.D.
00016da0: 45 ff 46 ff 47 ff 49 ff 4a ff 4c ff 4e ff 50 ff  E.F.G.I.J.L.N.P.
00016db0: 53 ff 55 ff 58 ff 5c ff 5f ff 63 ff 67 ff 6b ff  S.U.X.\._.c.g.k.
00016dc0: 6f ff 74 ff 78 ff 7d ff 82 ff 87 ff 8c ff 91 ff  o.t.x.}.........
00016dd0: 95 ff 9a ff 9f ff a4 ff a8 ff ad ff b1 ff b6 ff  ................
00016de0: ba ff be ff c2 ff c6 ff c9 ff cc ff d0 ff d3 ff  ................
00016df0: d5 ff d8 ff da ff dd ff df ff e1 ff e3 ff e5 ff  ................
00016e00: e7 ff e8 ff ea ff eb ff ed ff ee ff ef ff f0 ff  ................
00016e10: f1 ff f2 ff f3 ff f4 ff f5 ff f6 ff f7 ff f8 ff  ................
00016e20: f8 ff f9 ff f9 ff fa ff fa ff fb ff fb ff fc ff  ................
00016e30: fc ff fc ff fd ff fd ff fd ff fe ff fe ff fe ff  ................
00016e40: fe ff ff ff ff ff ff ff ff ff ff ff ff ff ff ff  ................
00016e50: 00 00 00 00 00 00 00 00 00 00 00 00 00 00 00 00  ................
00016e60: 00 00 00 00 00 00 00 00 00 00 00 00 00 00 00 00  ................
00016e70: 00 00 00 00 00 00 00 00 00 00 00 00 00 00 00 00  ................
00016e80: 00 00 00 00 00 00 00 00 00 00 00 00 00 00 00 00  ................
00016e90: 00 00 00 00 00 00 00 00 00 00 00 00 00 00 00 00  ................
00016ea0: 00 00 00 00 00 00 00 00 00 00 00 00 01 00 01 00  ................
00016eb0: 01 00 01 00 01 00 01 00 02 00 02 00 02 00 02 00  ................
00016ec0: 03 00 03 00 03 00 04 00 04 00 05 00 05 00 05 00  ................
00016ed0: 06 00 06 00 07 00 08 00 08 00 09 00 0a 00 0a 00  ................
00016ee0: 0b 00 0c 00 0d 00 0e 00 0e 00 0f 00 10 00 12 00  ................
00016ef0: 13 00 14 00 15 00 16 00 18 00 19 00 1b 00 1c 00  ................
00016f00: 1e 00 1f 00 21 00 23 00 25 00 27 00 29 00 2b 00  ....!.#.%.'.).+.
00016f10: 2d 00 2f 00 31 00 33 00 35 00 38 00 3a 00 3c 00  -./.1.3.5.8.:.<.
00016f20: 3f 00 41 00 44 00 46 00 49 00 4b 00 4e 00 50 00  ?.A.D.F.I.K.N.P.
00016f30: 53 00 56 00 58 00 5b 00 5e 00 60 00 63 00 66 00  S.V.X.[.^.`.c.f.
00016f40: 68 00 6b 00 6e 00 70 00 73 00 75 00 77 00 7a 00  h.k.n.p.s.u.w.z.
00016f50: 7c 00 7e 00 80 00 82 00 83 00 85 00 87 00 88 00  |.~.............
00016f60: 89 00 8b 00 8c 00 8d 00 8e 00 8f 00 90 00 90 00  ................
00016f70: 91 00 92 00 92 00 93 00 94 00 94 00 95 00 95 00  ................
00016f80: 96 00 96 00 a8 ff a7 ff a7 ff a6 ff a5 ff a5 ff  ................
00016f90: a4 ff a3 ff a3 ff a2 ff a1 ff a1 ff a0 ff 9f ff  ................
00016fa0: 9f ff 9e ff 9e ff 9d ff 9d ff 9c ff 9b ff 9b ff  ................
00016fb0: 9b ff 9a ff 9a ff 99 ff 99 ff 98 ff 98 ff 98 ff  ................
00016fc0: 98 ff 97 ff 97 ff 97 ff 97 ff 97 ff 97 ff 97 ff  ................
00016fd0: 97 ff 97 ff 97 ff 97 ff 97 ff 97 ff 97 ff 98 ff  ................
00016fe0: 98 ff 98 ff 99 ff 99 ff 9a ff 9a ff 9b ff 9b ff  ................
00016ff0: 9c ff 9d ff 9e ff 9f ff a0 ff a1 ff a2 ff a3 ff  ................
00017000: a4 ff a5 ff a6 ff a7 ff a8 ff aa ff ab ff ac ff  ................
00017010: ae ff af ff b1 ff b2 ff b4 ff b5 ff b7 ff b8 ff  ................
00017020: ba ff bb ff bd ff bf ff c0 ff c2 ff c4 ff c5 ff  ................
00017030: c7 ff c9 ff ca ff cc ff ce ff cf ff d1 ff d3 ff  ................
00017040: d4 ff d6 ff d8 ff d9 ff db ff dd ff de ff e0 ff  ................
00017050: e2 ff e3 ff e5 ff e6 ff e8 ff e9 ff eb ff ec ff  ................
00017060: ee ff ef ff f0 ff f2 ff f3 ff f4 ff f5 ff f7 ff  ................
00017070: f8 ff f9 ff fa ff fb ff fc ff fd ff fe ff ff ff  ................
00017080: 00 00 00 00 01 00 02 00 03 00 04 00 05 00 05 00  ................
00017090: 06 00 07 00 08 00 08 00 09 00 0a 00 0b 00 0c 00  ................
000170a0: 0d 00 0e 00 0f 00 10 00 11 00 12 00 13 00 14 00  ................
000170b0: 15 00 16 00 17 00 18 00 19 00 1b 00 1c 00 1d 00  ................
000170c0: 1e 00 1f 00 20 00 22 00 23 00 24 00 25 00 26 00  .... .".#.$.%.&.
000170d0: 28 00 29 00 2a 00 2b 00 2c 00 2e 00 2f 00 30 00  (.).*.+.,.../.0.
000170e0: 31 00 32 00 33 00 34 00 36 00 37 00 38 00 39 00  1.2.3.4.6.7.8.9.
000170f0: 3a 00 3b 00 3c 00 3d 00 3e 00 3f 00 40 00 41 00  :.;.<.=.>.?.@.A.
00017100: 42 00 43 00 44 00 44 00 45 00 46 00 47 00 48 00  B.C.D.D.E.F.G.H.
00017110: 48 00 49 00 4a 00 4a 00 4b 00 4b 00 4c 00 4c 00  H.I.J.J.K.K.L.L.
00017120: 4d 00 4d 00 4e 00 4e 00 4e 00 4e 00 4f 00 4f 00  M.M.N.N.N.N.O.O.
00017130: 4f 00 4f 00 4f 00 4f 00 4f 00 50 00 50 00 50 00  O.O.O.O.O.P.P.P.
00017140: 4f 00 4f 00 4f 00 4f 00 4f 00 4f 00 4f 00 4f 00  O.O.O.O.O.O.O.O.
00017150: 4e 00 4e 00 4e 00 4e 00 4d 00 4d 00 4d 00 4d 00  N.N.N.N.M.M.M.M.
00017160: 4c 00 4c 00 4c 00 4b 00 4b 00 4a 00 4a 00 4a 00  L.L.L.K.K.J.J.J.
00017170: 49 00 49 00 48 00 48 00 48 00 47 00 47 00 46 00  I.I.H.H.H.G.G.F.
00017180: 46 00 45 00 00 00 18 00 24 00 30 00 40 00 5a 00  F.E.....$.0.@.Z.
00017190: 80 00 a6 00 bc 00 d6 00 e8 00 ff 00 00 00 00 00  ................
000171a0: 00 00 00 00 00 00 36 00 74 00 80 00 8a 00 cc 00  ......6.t.......
000171b0: ff 00 00 00 00 00 00 00 00 00 00 00 00 00 00 00  ................
000171c0: 00 00 00 00 01 00 04 00 01 00 03 00 02 00 01 00  ................
000171d0: 18 00 00 00 01 00 b8 ff b8 ff b8 ff b8 ff b8 ff  ................
000171e0: b6 ff b4 ff b2 ff b0 ff ae ff ad ff ab ff a9 ff  ................
000171f0: a7 ff a5 ff a3 ff a2 ff a0 ff 9e ff 9c ff 9b ff  ................
00017200: 99 ff 97 ff 96 ff 94 ff 93 ff 92 ff 90 ff 8f ff  ................
00017210: 8e ff 8d ff 8c ff 8b ff 8a ff 89 ff 88 ff 87 ff  ................
00017220: 86 ff 86 ff 85 ff 85 ff 85 ff 84 ff 84 ff 84 ff  ................
00017230: 84 ff 84 ff 85 ff 85 ff 85 ff 86 ff 86 ff 87 ff  ................
00017240: 88 ff 88 ff 89 ff 8a ff 8b ff 8c ff 8d ff 8f ff  ................
00017250: 90 ff 91 ff 93 ff 94 ff 96 ff 97 ff 99 ff 9a ff  ................
00017260: 9c ff 9e ff 9f ff a1 ff a3 ff a5 ff a7 ff a9 ff  ................
00017270: aa ff ac ff ae ff b0 ff b2 ff b4 ff b6 ff b8 ff  ................
00017280: bb ff bd ff bf ff c1 ff c3 ff c5 ff c7 ff c9 ff  ................
00017290: cb ff cd ff cf ff d1 ff d3 ff d5 ff d7 ff d9 ff  ................
000172a0: db ff dd ff df ff e0 ff e2 ff e4 ff e6 ff e7 ff  ................
000172b0: e9 ff eb ff ec ff ee ff ef ff f0 ff f2 ff f3 ff  ................
000172c0: f4 ff f5 ff f7 ff f8 ff f9 ff fa ff fb ff fc ff  ................
000172d0: fd ff fe ff ff ff ff ff 00 00 01 00 02 00 03 00  ................
000172e0: 04 00 05 00 06 00 06 00 07 00 08 00 09 00 0a 00  ................
000172f0: 0b 00 0c 00 0d 00 0e 00 0f 00 10 00 11 00 12 00  ................
00017300: 13 00 15 00 16 00 17 00 18 00 19 00 1b 00 1c 00  ................
00017310: 1d 00 1e 00 20 00 21 00 22 00 23 00 25 00 26 00  .... .!.".#.%.&.
00017320: 27 00 28 00 2a 00 2b 00 2c 00 2d 00 2f 00 30 00  '.(.*.+.,.-./.0.
00017330: 31 00 32 00 34 00 35 00 36 00 37 00 38 00 3a 00  1.2.4.5.6.7.8.:.
00017340: 3b 00 3c 00 3d 00 3e 00 3f 00 40 00 41 00 42 00  ;.<.=.>.?.@.A.B.
00017350: 43 00 44 00 45 00 46 00 47 00 47 00 48 00 49 00  C.D.E.F.G.G.H.I.
00017360: 4a 00 4a 00 4b 00 4b 00 4c 00 4d 00 4d 00 4d 00  J.J.K.K.L.M.M.M.
00017370: 4e 00 4e 00 4f 00 4f 00 4f 00 4f 00 4f 00 4f 00  N.N.O.O.O.O.O.O.
00017380: 50 00 50 00 50 00 50 00 50 00 4f 00 4f 00 4f 00  P.P.P.P.P.O.O.O.
00017390: 4f 00 4f 00 4f 00 4e 00 4e 00 4e 00 4d 00 4d 00  O.O.O.N.N.N.M.M.
000173a0: 4d 00 4c 00 4c 00 4b 00 4b 00 4a 00 4a 00 49 00  M.L.L.K.K.J.J.I.
000173b0: 49 00 48 00 48 00 47 00 47 00 46 00 45 00 45 00  I.H.H.G.G.F.E.E.
000173c0: 44 00 43 00 43 00 42 00 41 00 41 00 40 00 3f 00  D.C.C.B.A.A.@.?.
000173d0: 3f 00 3e 00 3d 00 8a ff 89 ff 88 ff 88 ff 87 ff  ?.>.=...........
000173e0: 86 ff 86 ff 85 ff 85 ff 84 ff 83 ff 83 ff 82 ff  ................
000173f0: 82 ff 81 ff 81 ff 80 ff 80 ff 7f ff 7f ff 7f ff  ................
00017400: 7e ff 7e ff 7e ff 7e ff 7d ff 7d ff 7d ff 7d ff  ~.~.~.~.}.}.}.}.
00017410: 7d ff 7d ff 7d ff 7d ff 7d ff 7d ff 7d ff 7e ff  }.}.}.}.}.}.}.~.
00017420: 7e ff 7e ff 7f ff 7f ff 80 ff 80 ff 81 ff 81 ff  ~.~.............
00017430: 82 ff 83 ff 84 ff 85 ff 86 ff 87 ff 88 ff 89 ff  ................
00017440: 8a ff 8b ff 8d ff 8e ff 90 ff 91 ff 93 ff 94 ff  ................
00017450: 96 ff 97 ff 99 ff 9b ff 9c ff 9e ff a0 ff a2 ff  ................
00017460: a3 ff a5 ff a7 ff a9 ff ab ff ad ff af ff b1 ff  ................
00017470: b3 ff b5 ff b7 ff b9 ff bb ff bd ff bf ff c1 ff  ................
00017480: c3 ff c5 ff c7 ff c9 ff cb ff cd ff ce ff d0 ff  ................
00017490: d2 ff d4 ff d6 ff d8 ff da ff dc ff dd ff df ff  ................
000174a0: e1 ff e2 ff e4 ff e6 ff e7 ff e9 ff ea ff ec ff  ................
000174b0: ed ff ee ff f0 ff f1 ff f2 ff f3 ff f4 ff f5 ff  ................
000174c0: f6 ff f7 ff f8 ff f9 ff fa ff fb ff fc ff fc ff  ................
000174d0: fd ff fe ff ff ff ff ff 00 00 01 00 02 00 03 00  ................
000174e0: 04 00 05 00 06 00 06 00 07 00 08 00 09 00 0a 00  ................
000174f0: 0c 00 0d 00 0e 00 0f 00 10 00 11 00 12 00 13 00  ................
00017500: 15 00 16 00 17 00 18 00 1a 00 1b 00 1c 00 1e 00  ................
00017510: 1f 00 20 00 22 00 23 00 24 00 26 00 27 00 28 00  .. .".#.$.&.'.(.
00017520: 2a 00 2b 00 2c 00 2e 00 2f 00 30 00 32 00 33 00  *.+.,.../.0.2.3.
00017530: 34 00 35 00 37 00 38 00 39 00 3a 00 3c 00 3d 00  4.5.7.8.9.:.<.=.
00017540: 3e 00 3f 00 40 00 42 00 43 00 44 00 45 00 46 00  >.?.@.B.C.D.E.F.
00017550: 47 00 48 00 49 00 4a 00 4b 00 4b 00 4c 00 4d 00  G.H.I.J.K.K.L.M.
00017560: 4e 00 4f 00 4f 00 50 00 51 00 51 00 52 00 52 00  N.O.O.P.Q.Q.R.R.
00017570: 53 00 53 00 53 00 54 00 54 00 54 00 55 00 55 00  S.S.S.T.T.T.U.U.
00017580: 55 00 55 00 55 00 55 00 55 00 55 00 55 00 55 00  U.U.U.U.U.U.U.U.
00017590: 55 00 55 00 55 00 55 00 55 00 55 00 54 00 54 00  U.U.U.U.U.U.T.T.
000175a0: 54 00 54 00 53 00 53 00 53 00 52 00 52 00 52 00  T.T.S.S.S.R.R.R.
000175b0: 51 00 51 00 50 00 50 00 50 00 4f 00 4f 00 4e 00  Q.Q.P.P.P.O.O.N.
000175c0: 4e 00 4d 00 4d 00 4c 00 4c 00 4b 00 4b 00 4a 00  N.M.M.L.L.K.K.J.
000175d0: 4a 00 49 00 49 00 04 00 2a 00 72 00 80 00 8e 00  J.I.I...*.r.....
000175e0: ca 00 ff 00 00 00 00 00 00 00 00 00 00 00 00 00  ................
000175f0: 00 00 00 00 00 00 00 00 2e 00 72 00 80 00 8e 00  ..........r.....
00017600: ca 00 fe 00 ff 00 00 00 00 00 00 00 00 00 00 00  ................
00017610: 00 00 00 00 00 00 01 00 04 00 01 00 05 00 02 00  ................
00017620: 01 00 18 00 00 00 01 00 b0 ff b0 ff af ff af ff  ................
00017630: af ff ae ff ae ff ad ff ad ff ad ff ac ff ac ff  ................
00017640: ab ff ab ff ab ff aa ff aa ff a9 ff a9 ff a9 ff  ................
00017650: a8 ff a8 ff a8 ff a7 ff a7 ff a6 ff a6 ff a6 ff  ................
00017660: a5 ff a5 ff a5 ff a4 ff a4 ff a4 ff a4 ff a3 ff  ................
00017670: a3 ff a3 ff a3 ff a2 ff a2 ff a2 ff a2 ff a2 ff  ................
00017680: a2 ff a2 ff a2 ff a2 ff a2 ff a3 ff a3 ff a3 ff  ................
00017690: a3 ff a4 ff a4 ff a5 ff a5 ff a6 ff a6 ff a7 ff  ................
000176a0: a8 ff a9 ff a9 ff aa ff ab ff ac ff ad ff af ff  ................
000176b0: b0 ff b1 ff b3 ff b4 ff b6 ff b7 ff b9 ff ba ff  ................
000176c0: bc ff be ff c0 ff c1 ff c3 ff c5 ff c7 ff c9 ff  ................
000176d0: cb ff cd ff ce ff d0 ff d2 ff d4 ff d6 ff d8 ff  ................
000176e0: da ff dc ff de ff df ff e1 ff e3 ff e5 ff e6 ff  ................
000176f0: e8 ff ea ff eb ff ed ff ee ff f0 ff f1 ff f3 ff  ................
00017700: f4 ff f5 ff f6 ff f7 ff f8 ff f9 ff fa ff fa ff  ................
00017710: fb ff fc ff fc ff fd ff fd ff fe ff fe ff fe ff  ................
00017720: ff ff ff ff ff ff 00 00 00 00 00 00 01 00 01 00  ................
00017730: 01 00 02 00 02 00 03 00 03 00 04 00 04 00 05 00  ................
00017740: 05 00 06 00 07 00 07 00 08 00 09 00 0a 00 0b 00  ................
00017750: 0b 00 0c 00 0d 00 0f 00 10 00 11 00 12 00 13 00  ................
00017760: 14 00 16 00 17 00 18 00 19 00 1b 00 1c 00 1d 00  ................
00017770: 1f 00 20 00 22 00 23 00 24 00 26 00 27 00 29 00  .. .".#.$.&.'.).
00017780: 2a 00 2b 00 2d 00 2e 00 2f 00 31 00 32 00 33 00  *.+.-.../.1.2.3.
00017790: 35 00 36 00 37 00 38 00 3a 00 3b 00 3c 00 3d 00  5.6.7.8.:.;.<.=.
000177a0: 3e 00 3f 00 40 00 41 00 42 00 43 00 43 00 44 00  >.?.@.A.B.C.C.D.
000177b0: 45 00 45 00 46 00 47 00 47 00 48 00 48 00 49 00  E.E.F.G.G.H.H.I.
000177c0: 49 00 4a 00 4a 00 4a 00 4a 00 4b 00 4b 00 4b 00  I.J.J.J.J.K.K.K.
000177d0: 4b 00 4b 00 4b 00 4b 00 4c 00 4c 00 4b 00 4b 00  K.K.K.K.L.L.K.K.
000177e0: 4b 00 4b 00 4b 00 4b 00 4b 00 4a 00 4a 00 4a 00  K.K.K.K.K.J.J.J.
000177f0: 49 00 49 00 49 00 48 00 48 00 48 00 47 00 47 00  I.I.I.H.H.H.G.G.
00017800: 46 00 46 00 45 00 44 00 44 00 43 00 43 00 42 00  F.F.E.D.D.C.C.B.
00017810: 41 00 41 00 40 00 3f 00 3f 00 3e 00 3d 00 3c 00  A.A.@.?.?.>.=.<.
00017820: 3c 00 3b 00 3a 00 39 00 a0 ff a0 ff a0 ff a0 ff  <.;.:.9.........
00017830: a0 ff a0 ff 9f ff 9f ff 9f ff 9f ff 9f ff 9f ff  ................
00017840: 9f ff 9f ff 9f ff 9f ff 9f ff 9f ff 9f ff 9f ff  ................
00017850: 9f ff 9f ff 9f ff 9f ff 9f ff 9f ff 9f ff 9f ff  ................
00017860: a0 ff a0 ff a0 ff a0 ff a1 ff a1 ff a1 ff a2 ff  ................
00017870: a2 ff a3 ff a3 ff a4 ff a4 ff a5 ff a5 ff a6 ff  ................
00017880: a7 ff a8 ff a8 ff a9 ff aa ff ab ff ac ff ad ff  ................
00017890: ae ff af ff b0 ff b1 ff b3 ff b4 ff b5 ff b7 ff  ................
000178a0: b8 ff b9 ff bb ff bc ff be ff bf ff c1 ff c2 ff  ................
000178b0: c4 ff c6 ff c7 ff c9 ff cb ff cc ff ce ff d0 ff  ................
000178c0: d1 ff d3 ff d5 ff d6 ff d8 ff da ff db ff dd ff  ................
000178d0: df ff e0 ff e2 ff e4 ff e5 ff e7 ff e8 ff ea ff  ................
000178e0: eb ff ec ff ee ff ef ff f0 ff f2 ff f3 ff f4 ff  ................
000178f0: f5 ff f6 ff f7 ff f8 ff f9 ff fa ff fb ff fb ff  ................
00017900: fc ff fd ff fd ff fe ff fe ff fe ff ff ff ff ff  ................
00017910: ff ff ff ff ff ff ff ff 00 00 00 00 00 00 00 00  ................
00017920: 00 00 00 00 00 00 00 00 00 00 00 00 00 00 00 00  ................
00017930: 00 00 01 00 01 00 01 00 01 00 02 00 02 00 02 00  ................
00017940: 03 00 03 00 04 00 04 00 05 00 06 00 06 00 07 00  ................
00017950: 08 00 09 00 0a 00 0b 00 0c 00 0d 00 0e 00 10 00  ................
00017960: 11 00 12 00 14 00 15 00 17 00 18 00 1a 00 1b 00  ................
00017970: 1d 00 1f 00 20 00 22 00 24 00 25 00 27 00 29 00  .... .".$.%.'.).
00017980: 2b 00 2c 00 2e 00 30 00 31 00 33 00 35 00 37 00  +.,...0.1.3.5.7.
00017990: 38 00 3a 00 3c 00 3d 00 3f 00 40 00 42 00 44 00  8.:.<.=.?.@.B.D.
000179a0: 45 00 46 00 48 00 49 00 4b 00 4c 00 4d 00 4e 00  E.F.H.I.K.L.M.N.
000179b0: 4f 00 51 00 52 00 53 00 54 00 55 00 56 00 56 00  O.Q.R.S.T.U.V.V.
000179c0: 57 00 58 00 59 00 5a 00 5a 00 5b 00 5c 00 5c 00  W.X.Y.Z.Z.[.\.\.
000179d0: 5d 00 5e 00 5e 00 5f 00 5f 00 60 00 60 00 61 00  ].^.^._._.`.`.a.
000179e0: 61 00 61 00 62 00 62 00 62 00 63 00 63 00 63 00  a.a.b.b.b.c.c.c.
000179f0: 63 00 64 00 64 00 64 00 64 00 64 00 64 00 65 00  c.d.d.d.d.d.d.e.
00017a00: 65 00 65 00 65 00 65 00 65 00 65 00 65 00 65 00  e.e.e.e.e.e.e.e.
00017a10: 65 00 65 00 65 00 65 00 65 00 65 00 65 00 65 00  e.e.e.e.e.e.e.e.
00017a20: 65 00 65 00 65 00 65 00 00 00 18 00 42 00 70 00  e.e.e.e.....B.p.
00017a30: 80 00 90 00 be 00 f0 00 ff 00 00 00 00 00 00 00  ................
00017a40: 00 00 00 00 00 00 00 00 00 00 36 00 6c 00 80 00  ..........6.l...
00017a50: 94 00 be 00 ff 00 00 00 00 00 00 00 00 00 00 00  ................
00017a60: 00 00 00 00 00 00 00 00 04 00 02 00 01 00 fe ff  ................
00017a70: ff ff 00 00 08 00 ff ff ff ff 40 00 28 00 1e 00  ..........@.(...
00017a80: 0a 00 b4 00 32 00 0c 00 ce 00 01 00 01 00 00 00  ....2...........
00017a90: 10 00 00 02 ff 03 00 00 00 00 40 00 40 00 40 00  ..........@.@.@.
00017aa0: 01 00 00 00 10 00 00 02 ff 03 00 00 00 00 40 00  ..............@.
00017ab0: 4c 00 40 00 01 00 00 00 10 00 00 02 ff 03 00 00  L.@.............
00017ac0: 00 00 40 00 4a 00 40 00 01 00 00 00 10 00 00 02  ..@.J.@.........
00017ad0: ff 03 00 00 00 00 3a 00 44 00 3a 00 01 00 00 00  ......:.D.:.....
00017ae0: 10 00 00 02 ff 03 00 00 00 00 36 00 44 00 36 00  ..........6.D.6.
00017af0: 01 00 00 00 10 00 00 02 ff 03 00 00 00 00 32 00  ..............2.
00017b00: 40 00 32 00 01 00 00 00 10 00 00 02 ff 03 00 00  @.2.............
00017b10: 00 00 30 00 3a 00 30 00 01 00 00 00 10 00 00 02  ..0.:.0.........
00017b20: ff 03 00 00 00 00 2d 00 37 00 2d 00 01 00 00 00  ......-.7.-.....
00017b30: 10 00 00 02 ff 03 00 00 00 00 37 00 37 00 37 00  ..........7.7.7.
00017b40: 01 00 00 00 f0 00 00 02 ff 03 00 00 00 00 32 00  ..............2.
00017b50: 40 00 40 00 0d 00 40 00 01 00 40 00 00 00 08 00  @.@...@...@.....
00017b60: 01 00 20 00 10 00 01 00 20 00 08 00 01 00 20 00  .. ..... ..... .
00017b70: 08 00 01 00 20 00 08 00 01 00 20 00 08 00 01 00  .... ..... .....
00017b80: 20 00 0c 00 01 00 20 00 04 00 01 00 10 00 04 00   ..... .........
00017b90: 01 00 20 00 0e 00 06 00 00 00 0f 00 0e 00 48 00  .. ...........H.
00017ba0: fb ff 40 00 00 00 01 00 10 00 5c 10 01 00 00 00  ..@.......\.....
00017bb0: 78 00 01 00 01 00 00 00 32 00 00 00 00 00 01 00  x.......2.......
00017bc0: 1e 00 01 00 01 00 01 00 0a 00 01 00 01 00 01 00  ................
00017bd0: 14 00 01 00 01 00 01 00 14 00 01 00 01 00 01 00  ................
00017be0: 32 00 01 00 01 00 01 00 14 00 01 00 01 00 01 00  2...............
00017bf0: 48 00 01 00 01 00 01 00 48 00 01 00 01 00 00 00  H.......H.......
00017c00: 00 00 00 00 00 00 00 00 00 00 00 00 00 00 00 00  ................
00017c10: 00 00 00 00 00 00 00 00 00 00 00 00 00 00 00 00  ................
00017c20: 00 00 00 00 00 00 00 00 00 00 00 00 00 00 00 00  ................
00017c30: 00 00 00 00 00 00 00 00 00 00 00 00 00 00 00 00  ................
00017c40: 00 00 00 00 00 00 00 00 00 00 00 00 00 00 00 00  ................
00017c50: 00 00 00 00 00 00 00 00 00 00 00 00 00 00 00 00  ................
00017c60: 00 00 00 00 00 00 00 00 00 00 00 00 00 00 00 00  ................
00017c70: 00 00 00 00 00 00 00 00 00 00 00 00 00 00 00 00  ................
00017c80: 00 00 00 00 00 00 00 00 00 00 00 00 00 00 00 00  ................
00017c90: 00 00 00 00 00 00 00 00 00 00 00 00 00 00 00 00  ................
00017ca0: 00 00 00 00 00 00 00 00 00 00 00 00 00 00 00 00  ................
00017cb0: 00 00 00 00 00 00 00 00 00 00 00 00 00 00 00 00  ................
00017cc0: 00 00 00 00 00 00 00 00 00 00 00 00 00 00 00 00  ................
00017cd0: 00 00 00 00 00 00 00 00 00 00 00 00 00 00 00 00  ................
00017ce0: 00 00 00 00 00 00 00 00 00 00 00 00 00 00 00 00  ................
00017cf0: 00 00 00 00 00 00 00 00 00 00 00 00 00 00 00 00  ................
00017d00: 00 00 00 00 00 00 00 00 00 00 00 00 00 00 00 00  ................
00017d10: 00 00 00 00 00 00 00 00 00 00 00 00 00 00 00 00  ................
00017d20: 00 00 00 00 00 00 00 00 00 00 00 00 00 00 00 00  ................
00017d30: 00 00 00 00 00 00 00 00 00 00 00 00 00 00 00 00  ................
00017d40: 00 00 00 00 00 00 00 00 00 00 00 00 00 00 00 00  ................
00017d50: 00 00 00 00 00 00 00 00 00 00 00 00 00 00 00 00  ................
00017d60: 00 00 00 00 00 00 00 00 00 00 00 00 00 00 00 00  ................
00017d70: 00 00 00 00 00 00 00 00 00 00 00 00 00 00 00 00  ................
00017d80: 00 00 00 00 00 00 00 00 00 00 00 00 00 00 00 00  ................
00017d90: 00 00 00 00 00 00 00 00 00 00 00 00 00 00 00 00  ................
00017da0: 00 00 00 00 00 00 00 00 00 00 00 00 00 00 00 00  ................
00017db0: 00 00 00 00 00 00 00 00 00 00 00 00 00 00 00 00  ................
00017dc0: 00 00 00 00 00 00 00 00 00 00 00 00 00 00 00 00  ................
00017dd0: 00 00 00 00 00 00 00 00 00 00 00 00 00 00 00 00  ................
00017de0: 00 00 00 00 00 00 00 00 00 00 00 00 00 00 00 00  ................
00017df0: 00 00 00 00 00 00 00 00 00 00 00 00 00 00 00 00  ................
00017e00: 00 00 00 00 00 00 00 00 00 00 00 00 00 00 00 00  ................
00017e10: 00 00 00 00 00 00 00 00 00 00 00 00 00 00 00 00  ................
00017e20: 00 00 00 00 00 00 00 00 00 00 00 00 00 00 00 00  ................
00017e30: 00 00 00 00 00 00 00 00 00 00 00 00 00 00 00 00  ................
00017e40: 00 00 00 00 00 00 00 00 00 00 00 00 00 00 00 00  ................
00017e50: 00 00 00 00 00 00 00 00 00 00 00 00 00 00 00 00  ................
00017e60: 00 00 00 00 00 00 00 00 00 00 00 00 00 00 00 00  ................
00017e70: 00 00 00 00 00 00 00 00 00 00 00 00 00 00 00 00  ................
00017e80: 00 00 00 00 00 00 00 00 00 00 00 00 00 00 00 00  ................
00017e90: 00 00 00 00 00 00 00 00 00 00 00 00 00 00 00 00  ................
00017ea0: 00 00 00 00 00 00 00 00 00 00 00 00 00 00 00 00  ................
00017eb0: 00 00 00 00 00 00 00 00 00 00 00 00 00 00 00 00  ................
00017ec0: 00 00 00 00 00 00 00 00 00 00 00 00 00 00 00 00  ................
00017ed0: 00 00 00 00 00 00 00 00 00 00 00 00 00 00 00 00  ................
00017ee0: 00 00 00 00 00 00 00 00 00 00 00 00 00 00 00 00  ................
00017ef0: 00 00 00 00 00 00 00 00 00 00 00 00 00 00 00 00  ................
00017f00: 00 00 00 00 00 00 00 00 00 00 00 00 00 00 00 00  ................
00017f10: 00 00 00 00 00 00 00 00 00 00 00 00 00 00 00 00  ................
00017f20: 00 00 00 00 00 00 00 00 00 00 00 00 00 00 00 00  ................
00017f30: 00 00 00 00 00 00 00 00 00 00 00 00 00 00 00 00  ................
00017f40: 00 00 00 00 00 00 00 00 00 00 00 00 00 00 00 00  ................
00017f50: 00 00 00 00 00 00 00 00 00 00 00 00 00 00 00 00  ................
00017f60: 00 00 00 00 00 00 00 00 00 00 00 00 00 00 00 00  ................
00017f70: 00 00 00 00 00 00 00 00 00 00 00 00 00 00 00 00  ................
00017f80: 00 00 00 00 00 00 00 00 00 00 00 00 00 00 00 00  ................
00017f90: 00 00 00 00 00 00 00 00 00 00 00 00 00 00 00 00  ................
00017fa0: 00 00 00 00 00 00 00 00 00 00 00 00 00 00 00 00  ................
00017fb0: 00 00 00 00 00 00 00 00 00 00 00 00 00 00 00 00  ................
00017fc0: 00 00 00 00 00 00 00 00 00 00 00 00 00 00 00 00  ................
00017fd0: 00 00 00 00 00 00 00 00 00 00 00 00 00 00 00 00  ................
00017fe0: 00 00 00 00 00 00 00 00 00 00 00 00 00 00 00 00  ................
00017ff0: 00 00 00 00 00 00 00 00 00 00 00 00 00 00 00 00  ................
00018000: 00 00 00 00 00 00 00 00 00 00 00 00 00 00 00 00  ................
00018010: 00 00 00 00 00 00 00 00 00 00 00 00 00 00 00 00  ................
00018020: 00 00 00 00 00 00 00 00 00 00 00 00 00 00 00 00  ................
00018030: 00 00 00 00 00 00 00 00 00 00 00 00 00 00 00 00  ................
00018040: 00 00 00 00 00 00 00 00 00 00 00 00 00 00 00 00  ................
00018050: 00 00 00 00 00 00 00 00 00 00 00 00 00 00 00 00  ................
00018060: 00 00 00 00 00 00 00 00 00 00 00 00 00 00 00 00  ................
00018070: 00 00 00 00 00 00 00 00 00 00 00 00 00 00 00 00  ................
00018080: 00 00 00 00 00 00 00 00 00 00 00 00 00 00 00 00  ................
00018090: 00 00 00 00 00 00 00 00 00 00 00 00 00 00 00 00  ................
000180a0: 00 00 00 00 00 00 00 00 00 00 00 00 00 00 00 00  ................
000180b0: 00 00 00 00 00 00 00 00 00 00 00 00 00 00 00 00  ................
000180c0: 00 00 00 00 00 00 00 00 00 00 00 00 00 00 00 00  ................
000180d0: 00 00 00 00 00 00 00 00 00 00 00 00 00 00 00 00  ................
000180e0: 00 00 00 00 00 00 00 00 00 00 00 00 00 00 00 00  ................
000180f0: 00 00 00 00 00 00 00 00 00 00 00 00 00 00 00 00  ................
00018100: 00 00 00 00 00 00 00 00 00 00 00 00 00 00 00 00  ................
00018110: 00 00 00 00 00 00 00 00 00 00 00 00 00 00 00 00  ................
00018120: 00 00 00 00 00 00 00 00 00 00 00 00 00 00 00 00  ................
00018130: 00 00 00 00 00 00 00 00 00 00 00 00 00 00 00 00  ................
00018140: 00 00 00 00 00 00 00 00 00 00 00 00 00 00 00 00  ................
00018150: 00 00 00 00 00 00 00 00 00 00 00 00 00 00 00 00  ................
00018160: 00 00 00 00 00 00 00 00 00 00 00 00 00 00 00 00  ................
00018170: 00 00 00 00 00 00 00 00 00 00 00 00 00 00 00 00  ................
00018180: 00 00 00 00 00 00 00 00 00 00 00 00 00 00 00 00  ................
00018190: 00 00 00 00 00 00 00 00 00 00 00 00 00 00 00 00  ................
000181a0: 00 00 00 00 00 00 00 00 00 00 00 00 00 00 00 00  ................
000181b0: 00 00 00 00 00 00 00 00 00 00 00 00 00 00 00 00  ................
000181c0: 00 00 00 00 00 00 00 00 00 00 00 00 00 00 00 00  ................
000181d0: 00 00 00 00 00 00 00 00 00 00 00 00 00 00 00 00  ................
000181e0: 00 00 00 00 00 00 00 00 00 00 00 00 00 00 00 00  ................
000181f0: 00 00 00 00 00 00 00 00 00 00 00 00 00 00 00 00  ................
00018200: 00 00 00 00 00 00 00 00 00 00 00 00 00 00 00 00  ................
00018210: 00 00 00 00 00 00 00 00 00 00 00 00 00 00 00 00  ................
00018220: 00 00 00 00 00 00 00 00 00 00 00 00 00 00 00 00  ................
00018230: 00 00 00 00 00 00 00 00 00 00 00 00 00 00 00 00  ................
00018240: 00 00 00 00 00 00 00 00 00 00 00 00 00 00 00 00  ................
00018250: 00 00 00 00 00 00 00 00 00 00 00 00 00 00 00 00  ................
00018260: 00 00 00 00 00 00 00 00 00 00 00 00 00 00 00 00  ................
00018270: 00 00 00 00 00 00 00 00 00 00 00 00 00 00 00 00  ................
00018280: 00 00 00 00 00 00 00 00 00 00 00 00 00 00 00 00  ................
00018290: 00 00 00 00 00 00 00 00 00 00 00 00 00 00 00 00  ................
000182a0: 00 00 00 00 00 00 00 00 00 00 00 00 00 00 00 00  ................
000182b0: 00 00 00 00 00 00 00 00 00 00 00 00 00 00 00 00  ................
000182c0: 00 00 00 00 00 00 00 00 00 00 00 00 00 00 00 00  ................
000182d0: 00 00 00 00 00 00 00 00 00 00 00 00 00 00 00 00  ................
000182e0: 00 00 00 00 00 00 00 00 00 00 00 00 00 00 00 00  ................
000182f0: 00 00 00 00 00 00 00 00 00 00 00 00 00 00 00 00  ................
00018300: 00 00 00 00 00 00 00 00 00 00 00 00 00 00 00 00  ................
00018310: 00 00 00 00 00 00 00 00 00 00 00 00 00 00 00 00  ................
00018320: 00 00 00 00 00 00 00 00 00 00 00 00 00 00 00 00  ................
00018330: 00 00 00 00 00 00 00 00 00 00 00 00 00 00 00 00  ................
00018340: 00 00 00 00 00 00 00 00 00 00 00 00 00 00 00 00  ................
00018350: 00 00 00 00 00 00 00 00 00 00 00 00 00 00 00 00  ................
00018360: 00 00 00 00 00 00 00 00 00 00 00 00 00 00 00 00  ................
00018370: 00 00 00 00 00 00 00 00 00 00 00 00 00 00 00 00  ................
00018380: 00 00 00 00 00 00 00 00 00 00 00 00 00 00 00 00  ................
00018390: 00 00 00 00 00 00 00 00 00 00 00 00 00 00 00 00  ................
000183a0: 00 00 00 00 00 00 00 00 00 00 00 00 00 00 00 00  ................
000183b0: 00 00 00 00 00 00 00 00 00 00 00 00 00 00 00 00  ................
000183c0: 00 00 00 00 00 00 00 00 00 00 00 00 00 00 00 00  ................
000183d0: 00 00 00 00 00 00 00 00 00 00 00 00 00 00 00 00  ................
000183e0: 00 00 00 00 00 00 00 00 00 00 00 00 00 00 00 00  ................
000183f0: 00 00 00 00 00 00 00 00 00 00 00 00 00 00 00 00  ................
00018400: 00 00 00 00 00 00 00 00 00 00 00 00 00 00 00 00  ................
00018410: 00 00 00 00 00 00 00 00 00 00 00 00 00 00 00 00  ................
00018420: 00 00 00 00 00 00 00 00 00 00 00 00 00 00 00 00  ................
00018430: 00 00 00 00 00 00 00 00 00 00 00 00 00 00 00 00  ................
00018440: 00 00 00 00 00 00 00 00 00 00 00 00 00 00 00 00  ................
00018450: 00 00 00 00 00 00 00 00 00 00 00 00 00 00 00 00  ................
00018460: 00 00 00 00 00 00 00 00 00 00 00 00 00 00 00 00  ................
00018470: 00 00 00 00 00 00 00 00 00 00 00 00 00 00 00 00  ................
00018480: 00 00 00 00 00 00 00 00 00 00 00 00 00 00 00 00  ................
00018490: 00 00 00 00 00 00 00 00 00 00 00 00 00 00 00 00  ................
000184a0: 00 00 00 00 00 00 00 00 00 00 00 00 00 00 00 00  ................
000184b0: 00 00 00 00 00 00 00 00 00 00 00 00 00 00 00 00  ................
000184c0: 00 00 00 00 00 00 00 00 00 00 00 00 00 00 00 00  ................
000184d0: 00 00 00 00 00 00 00 00 00 00 00 00 00 00 00 00  ................
000184e0: 00 00 00 00 00 00 00 00 00 00 00 00 00 00 00 00  ................
000184f0: 00 00 00 00 00 00 00 00 00 00 00 00 00 00 00 00  ................
00018500: 00 00 00 00 00 00 00 00 00 00 00 00 00 00 00 00  ................
00018510: 00 00 00 00 00 00 00 00 00 00 00 00 00 00 00 00  ................
00018520: 00 00 00 00 00 00 00 00 00 00 00 00 00 00 00 00  ................
00018530: 00 00 00 00 00 00 00 00 00 00 00 00 00 00 00 00  ................
00018540: 00 00 00 00 00 00 00 00 00 00 00 00 00 00 00 00  ................
00018550: 00 00 00 00 00 00 00 00 00 00 00 00 00 00 00 00  ................
00018560: 00 00 00 00 00 00 00 00 00 00 00 00 00 00 00 00  ................
00018570: 00 00 00 00 00 00 00 00 00 00 00 00 00 00 00 00  ................
00018580: 00 00 00 00 00 00 00 00 00 00 00 00 00 00 00 00  ................
00018590: 00 00 00 00 00 00 00 00 00 00 00 00 00 00 00 00  ................
000185a0: 00 00 00 00 00 00 00 00 00 00 00 00 00 00 00 00  ................
000185b0: 00 00 00 00 00 00 00 00 00 00 00 00 00 00 00 00  ................
000185c0: 00 00 00 00 00 00 00 00 00 00 00 00 00 00 00 00  ................
000185d0: 00 00 00 00 00 00 00 00 00 00 00 00 00 00 00 00  ................
000185e0: 00 00 00 00 00 00 00 00 00 00 00 00 00 00 00 00  ................
000185f0: 00 00 00 00 00 00 00 00 00 00 00 00 00 00 00 00  ................
00018600: 00 00 00 00 00 00 00 00 00 00 00 00 00 00 00 00  ................
00018610: 00 00 00 00 00 00 00 00 00 00 00 00 00 00 00 00  ................
00018620: 00 00 00 00 00 00 00 00 00 00 00 00 00 00 00 00  ................
00018630: 00 00 00 00 00 00 00 00 00 00 00 00 00 00 00 00  ................
00018640: 00 00 00 00 00 00 00 00 00 00 00 00 00 00 00 00  ................
00018650: 00 00 00 00 00 00 00 00 00 00 00 00 00 00 00 00  ................
00018660: 00 00 00 00 00 00 00 00 00 00 00 00 00 00 00 00  ................
00018670: 00 00 00 00 00 00 00 00 00 00 00 00 00 00 00 00  ................
00018680: 00 00 00 00 00 00 00 00 00 00 00 00 00 00 00 00  ................
00018690: 00 00 00 00 00 00 00 00 00 00 00 00 00 00 00 00  ................
000186a0: 00 00 00 00 00 00 00 00 00 00 00 00 00 00 00 00  ................
000186b0: 00 00 00 00 00 00 00 00 00 00 00 00 00 00 00 00  ................
000186c0: 00 00 00 00 00 00 00 00 00 00 00 00 00 00 00 00  ................
000186d0: 00 00 00 00 00 00 00 00 00 00 00 00 00 00 00 00  ................
000186e0: 00 00 00 00 00 00 00 00 00 00 00 00 00 00 00 00  ................
000186f0: 00 00 00 00 00 00 00 00 00 00 00 00 00 00 00 00  ................
00018700: 00 00 00 00 00 00 00 00 00 00 00 00 00 00 00 00  ................
00018710: 00 00 00 00 00 00 00 00 00 00 00 00 00 00 00 00  ................
00018720: 00 00 00 00 00 00 00 00 00 00 00 00 00 00 00 00  ................
00018730: 00 00 00 00 00 00 00 00 00 00 00 00 00 00 00 00  ................
00018740: 00 00 00 00 00 00 00 00 00 00 00 00 00 00 00 00  ................
00018750: 00 00 00 00 00 00 00 00 00 00 00 00 00 00 00 00  ................
00018760: 00 00 00 00 00 00 00 00 00 00 00 00 00 00 00 00  ................
00018770: 00 00 00 00 00 00 00 00 00 00 00 00 00 00 00 00  ................
00018780: 00 00 00 00 00 00 00 00 00 00 00 00 00 00 00 00  ................
00018790: 00 00 00 00 00 00 00 00 00 00 00 00 00 00 00 00  ................
000187a0: 00 00 00 00 00 00 00 00 00 00 00 00 00 00 00 00  ................
000187b0: 00 00 00 00 00 00 00 00 00 00 00 00 00 00 00 00  ................
000187c0: 00 00 00 00 00 00 00 00 00 00 00 00 00 00 00 00  ................
000187d0: 00 00 00 00 00 00 00 00 00 00 00 00 00 00 00 00  ................
000187e0: 00 00 00 00 00 00 00 00 00 00 00 00 00 00 00 00  ................
000187f0: 00 00 00 00 00 00 00 00 00 00 00 00 00 00 00 00  ................
00018800: 00 00 00 00 00 00 00 00 00 00 00 00 00 00 00 00  ................
00018810: 00 00 00 00 00 00 00 00 00 00 00 00 00 00 00 00  ................
00018820: 00 00 00 00 00 00 00 00 00 00 00 00 00 00 00 00  ................
00018830: 00 00 00 00 00 00 00 00 00 00 00 00 00 00 00 00  ................
00018840: 00 00 00 00 00 00 00 00 00 00 00 00 00 00 00 00  ................
00018850: 00 00 00 00 00 00 00 00 00 00 00 00 00 00 00 00  ................
00018860: 00 00 00 00 00 00 00 00 00 00 00 00 00 00 00 00  ................
00018870: 00 00 00 00 00 00 00 00 00 00 00 00 00 00 00 00  ................
00018880: 00 00 00 00 00 00 00 00 00 00 00 00 00 00 00 00  ................
00018890: 00 00 00 00 00 00 00 00 00 00 00 00 00 00 00 00  ................
000188a0: 00 00 00 00 00 00 00 00 00 00 00 00 00 00 00 00  ................
000188b0: 00 00 00 00 00 00 00 00 00 00 00 00 00 00 00 00  ................
000188c0: 00 00 00 00 00 00 00 00 00 00 00 00 00 00 00 00  ................
000188d0: 00 00 00 00 00 00 00 00 00 00 00 00 00 00 00 00  ................
000188e0: 00 00 00 00 00 00 00 00 00 00 00 00 00 00 00 00  ................
000188f0: 00 00 00 00 00 00 00 00 00 00 00 00 00 00 00 00  ................
00018900: 00 00 00 00 00 00 00 00 00 00 00 00 00 00 00 00  ................
00018910: 00 00 00 00 00 00 00 00 00 00 00 00 00 00 00 00  ................
00018920: 00 00 00 00 00 00 00 00 00 00 00 00 00 00 00 00  ................
00018930: 00 00 00 00 00 00 00 00 00 00 00 00 00 00 00 00  ................
00018940: 00 00 00 00 00 00 00 00 00 00 00 00 00 00 00 00  ................
00018950: 00 00 00 00 00 00 00 00 00 00 00 00 00 00 00 00  ................
00018960: 00 00 00 00 00 00 00 00 00 00 00 00 00 00 00 00  ................
00018970: 00 00 00 00 00 00 00 00 00 00 00 00 00 00 00 00  ................
00018980: 00 00 00 00 00 00 00 00 00 00 00 00 00 00 00 00  ................
00018990: 00 00 00 00 00 00 00 00 00 00 00 00 00 00 00 00  ................
000189a0: 00 00 00 00 00 00 00 00 00 00 00 00 00 00 00 00  ................
000189b0: 00 00 00 00 00 00 00 00 00 00 00 00 00 00 00 00  ................
000189c0: 00 00 00 00 00 00 00 00 00 00 00 00 00 00 00 00  ................
000189d0: 00 00 00 00 00 00 00 00 00 00 00 00 00 00 00 00  ................
000189e0: 00 00 00 00 00 00 00 00 00 00 00 00 00 00 00 00  ................
000189f0: 00 00 00 00 00 00 00 00 00 00 00 00 00 00 00 00  ................
00018a00: 00 00 00 00 00 00 00 00 00 00 00 00 00 00 00 00  ................
00018a10: 00 00 00 00 00 00 00 00 00 00 00 00 00 00 00 00  ................
00018a20: 00 00 00 00 00 00 00 00 00 00 00 00 00 00 00 00  ................
00018a30: 00 00 00 00 00 00 00 00 00 00 00 00 00 00 00 00  ................
00018a40: 00 00 00 00 00 00 00 00 00 00 00 00 00 00 00 00  ................
00018a50: 00 00 00 00 00 00 00 00 00 00 00 00 00 00 00 00  ................
00018a60: 00 00 00 00 00 00 00 00 00 00 00 00 00 00 00 00  ................
00018a70: 00 00 00 00 00 00 00 00 00 00 00 00 00 00 00 00  ................
00018a80: 00 00 00 00 00 00 00 00 00 00 00 00 00 00 00 00  ................
00018a90: 00 00 00 00 00 00 00 00 00 00 00 00 00 00 00 00  ................
00018aa0: 00 00 00 00 00 00 00 00 00 00 00 00 00 00 00 00  ................
00018ab0: 00 00 00 00 00 00 00 00 00 00 00 00 00 00 00 00  ................
00018ac0: 00 00 00 00 00 00 00 00 00 00 00 00 00 00 00 00  ................
00018ad0: 00 00 00 00 00 00 00 00 00 00 00 00 00 00 00 00  ................
00018ae0: 00 00 00 00 00 00 00 00 00 00 00 00 00 00 00 00  ................
00018af0: 00 00 00 00 00 00 00 00 00 00 00 00 00 00 00 00  ................
00018b00: 00 00 00 00 00 00 00 00 00 00 00 00 00 00 00 00  ................
00018b10: 00 00 00 00 00 00 00 00 00 00 00 00 00 00 00 00  ................
00018b20: 00 00 00 00 00 00 00 00 00 00 00 00 00 00 00 00  ................
00018b30: 00 00 00 00 00 00 00 00 00 00 00 00 00 00 00 00  ................
00018b40: 00 00 00 00 00 00 00 00 00 00 00 00 00 00 00 00  ................
00018b50: 00 00 00 00 00 00 00 00 00 00 00 00 00 00 00 00  ................
00018b60: 00 00 00 00 00 00 00 00 00 00 00 00 00 00 00 00  ................
00018b70: 00 00 00 00 00 00 00 00 00 00 00 00 00 00 00 00  ................
00018b80: 00 00 00 00 00 00 00 00 00 00 00 00 00 00 00 00  ................
00018b90: 00 00 00 00 00 00 00 00 00 00 00 00 00 00 00 00  ................
00018ba0: 00 00 00 00 00 00 00 00 00 00 00 00 00 00 00 00  ................
00018bb0: 00 00 00 00 00 00 00 00 00 00 00 00 00 00 00 00  ................
00018bc0: 00 00 00 00 00 00 00 00 00 00 00 00 00 00 00 00  ................
00018bd0: 00 00 00 00 00 00 00 00 00 00 00 00 00 00 00 00  ................
00018be0: 00 00 00 00 00 00 00 00 00 00 00 00 00 00 00 00  ................
00018bf0: 00 00 00 00 00 00 00 00 00 00 00 00 00 00 00 00  ................
00018c00: 00 00 00 00 11 00 04 01 06 00 06 00 06 00 06 00  ................
00018c10: 06 00 06 00 06 00 06 00 06 00 06 00 06 00 06 00  ................
00018c20: 06 00 06 00 06 00 06 00 06 00 09 00 09 00 09 00  ................
00018c30: 09 00 09 00 09 00 09 00 09 00 09 00 09 00 09 00  ................
00018c40: 09 00 09 00 09 00 06 00 06 00 09 00 0c 00 0c 00  ................
00018c50: 0c 00 0c 00 0c 00 0c 00 0c 00 0c 00 0c 00 0c 00  ................
00018c60: 0c 00 0c 00 09 00 06 00 06 00 09 00 0c 00 0f 00  ................
00018c70: 0f 00 0f 00 0f 00 0f 00 0f 00 0f 00 0f 00 0f 00  ................
00018c80: 0f 00 0c 00 09 00 06 00 06 00 09 00 0c 00 0f 00  ................
00018c90: 0f 00 0f 00 0f 00 0f 00 0f 00 0f 00 0f 00 0f 00  ................
00018ca0: 0f 00 0c 00 09 00 06 00 06 00 09 00 0c 00 0f 00  ................
00018cb0: 0c 00 0c 00 0c 00 0c 00 0c 00 0c 00 0c 00 0c 00  ................
00018cc0: 0c 00 0c 00 09 00 06 00 06 00 09 00 09 00 09 00  ................
00018cd0: 09 00 09 00 09 00 09 00 09 00 09 00 09 00 09 00  ................
00018ce0: 09 00 09 00 09 00 06 00 06 00 06 00 06 00 06 00  ................
00018cf0: 06 00 06 00 06 00 06 00 06 00 06 00 06 00 06 00  ................
00018d00: 06 00 06 00 06 00 06 00 12 00 2e 00 00 00 ff 04  ................
00018d10: 00 00 cf 02 00 00 00 00 00 00 00 00 00 00 00 00  ................
00018d20: 00 00 00 00 00 00 00 00 00 00 00 00 00 00 00 00  ................
00018d30: 00 00 00 00 40 00 13 00 10 02 01 00 8e 01 00 01  ....@...........
00018d40: 5c 01 ff ff 00 00 00 00 0f 00 08 00 05 00 04 00  \...............
00018d50: 03 00 02 00 02 00 01 00 01 00 01 00 01 00 01 00  ................
00018d60: 01 00 01 00 01 00 01 00 03 00 c8 00 00 00 2c 00  ..............,.
00018d70: 47 00 57 00 65 00 73 00 46 00 55 00 69 00 8e 00  G.W.e.s.F.U.i...
00018d80: 96 00 81 00 74 00 5f 00 55 00 4c 00 7d 00 70 00  ....t._.U.L.}.p.
00018d90: 62 00 64 00 2c 00 56 00 76 00 87 00 93 00 a5 00  b.d.,.V.v.......
00018da0: 61 00 68 00 92 00 70 00 94 00 db 00 ad 00 8d 00  a.h...p.........
00018db0: 6d 00 61 00 b1 00 96 00 78 00 58 00 32 00 86 00  m.a.....x.X.2...
00018dc0: 4f 00 3a 00 2b 00 24 00 61 00 4f 00 30 00 2f 00  O.:.+.$.a.O.0./.
00018dd0: 0a 00 fa 00 73 00 4e 00 37 00 2e 00 83 00 5d 00  ....s.N.7.....].
00018de0: 3e 00 35 00 07 00 1e 00 20 4e 02 00 00 00 01 00  >.5..... N......
00018df0: 02 00 03 00 03 00 00 00 01 00 02 00 03 00 03 00  ................
00018e00: 00 00 01 00 00 00 00 04 00 00 00 01 00 00 00 04  ................
00018e10: 00 00 00 01 00 00 00 04 00 00 00 01 00 00 02 01  ................
00018e20: 00 00 00 01 00 00 00 04 00 00 00 01 00 00 00 04  ................
00018e30: 00 00 00 01 00 00 00 04 00 00 00 01 00 00 00 01  ................
00018e40: 00 00 04 01 00 00 00 04 00 00 00 01 00 00 00 04  ................
00018e50: 00 00 00 01 00 00 00 04 00 00 00 01 00 00 02 01  ................
00018e60: 00 00 02 01 00 00 00 04 00 00 00 01 00 00 00 04  ................
00018e70: 00 00 00 01 00 00 00 04 00 00 00 01 00 00 02 01  ................
00018e80: 00 00 00 01 00 00 00 04 00 00 00 01 00 00 00 04  ................
00018e90: 00 00 00 01 00 00 00 04 00 00 00 01 00 00 00 01  ................
00018ea0: 00 00 00 01 00 00 00 04 00 00 00 01 00 00 00 04  ................
00018eb0: 00 00 00 01 00 00 00 04 00 00 00 01 00 00 04 01  ................
00018ec0: 00 00 00 01 00 00 00 04 00 00 00 01 00 00 00 04  ................
00018ed0: 00 00 00 01 00 00 00 04 00 00 00 01 00 00 02 01  ................
00018ee0: 00 00 00 01 00 00 00 04 00 00 00 01 00 00 00 04  ................
00018ef0: 00 00 00 01 00 00 00 04 00 00 00 01 00 00 fe 00  ................
00018f00: 00 00 00 01 00 00 00 04 00 00 00 01 00 00 00 04  ................
00018f10: 00 00 00 01 00 00 00 04 00 00 00 01 00 00 00 01  ................
00018f20: 00 00 04 01 00 00 00 04 00 00 00 01 00 00 00 04  ................
00018f30: 00 00 00 01 00 00 00 04 00 00 00 01 00 00 00 01  ................
00018f40: 00 00 00 01 00 00 14 00 f0 00 01 00 00 00 00 00  ................
00018f50: 01 00 0f 00 00 00 dc 05 00 00 18 00 00 00 0f 00  ................
00018f60: 00 00 dc 05 00 00 18 00 00 00 dc 05 00 00 01 00  ................
00018f70: 00 00 00 01 00 00 00 01 00 00 00 01 00 00 00 01  ................
00018f80: 00 00 00 40 00 00 00 01 00 00 e1 00 00 00 03 00  ...@............
00018f90: 00 00 23 00 00 00 00 00 00 00 02 00 00 00 02 00  ..#.............
00018fa0: 00 00 04 00 00 00 04 00 00 00 06 00 00 00 06 00  ................
00018fb0: 00 00 08 00 00 00 08 00 00 00 10 00 00 00 10 00  ................
00018fc0: 00 00 20 00 00 00 20 00 00 00 42 00 00 00 42 00  .. ... ...B...B.
00018fd0: 00 00 80 00 00 00 80 00 00 00 00 04 00 00 00 00  ................
00018fe0: 00 00 00 00 00 00 08 00 00 00 05 00 00 00 04 00  ................
00018ff0: 00 00 02 00 00 00 02 00 00 00 02 00 00 00 02 00  ................
00019000: 00 00 02 00 00 00 02 00 00 00 03 00 00 00 04 00  ................
00019010: 00 00 04 00 00 00 05 00 00 00 06 00 00 00 0a 00  ................
00019020: 00 00 0c 00 00 00 00 00 00 00 29 00 00 00 0a 00  ..........).....
00019030: 00 00 05 00 00 00 15 00 1e 00 00 00 00 00 00 00  ................
00019040: 00 00 05 00 00 00 00 00 68 29 34 08 00 00 04 00  ........h)4.....
00019050: 00 00 00 00 16 00 32 01 00 00 08 00 10 00 18 00  ......2.........
00019060: 20 00 28 00 30 00 38 00 40 00 48 00 50 00 58 00   .(.0.8.@.H.P.X.
00019070: 60 00 68 00 70 00 78 00 80 00 88 00 90 00 98 00  `.h.p.x.........
00019080: a0 00 a8 00 b0 00 b8 00 c0 00 c8 00 d0 00 d8 00  ................
00019090: e0 00 e8 00 f0 00 f8 00 00 01 08 01 10 01 18 01  ................
000190a0: 20 01 28 01 30 01 38 01 40 01 48 01 50 01 58 01   .(.0.8.@.H.P.X.
000190b0: 60 01 68 01 70 01 78 01 80 01 88 01 90 01 98 01  `.h.p.x.........
000190c0: a0 01 a8 01 b0 01 b8 01 c0 01 c8 01 d0 01 d8 01  ................
000190d0: e0 01 e8 01 f0 01 f8 01 00 02 08 02 10 02 18 02  ................
000190e0: 20 02 28 02 30 02 38 02 40 02 48 02 50 02 58 02   .(.0.8.@.H.P.X.
000190f0: 60 02 68 02 70 02 78 02 80 02 88 02 90 02 98 02  `.h.p.x.........
00019100: a0 02 a8 02 b0 02 b8 02 c0 02 c8 02 d0 02 d8 02  ................
00019110: e0 02 e8 02 f0 02 f8 02 00 03 08 03 10 03 18 03  ................
00019120: 20 03 28 03 30 03 38 03 40 03 48 03 50 03 58 03   .(.0.8.@.H.P.X.
00019130: 60 03 68 03 70 03 78 03 80 03 88 03 90 03 98 03  `.h.p.x.........
00019140: a0 03 a8 03 b0 03 b8 03 c0 03 c8 03 d0 03 d8 03  ................
00019150: e0 03 e8 03 f0 03 f8 03 ff 03 00 00 10 00 20 00  .............. .
00019160: 30 00 40 00 50 00 60 00 70 00 00 00 00 00 00 00  0.@.P.`.p.......
00019170: 00 00 00 00 00 00 00 00 00 00 00 00 00 00 00 00  ................
00019180: 00 00 00 00 00 00 17 00 e4 03 00 00 00 00 00 00  ................
00019190: 00 00 00 00 00 00 00 00 00 00 00 00 00 00 00 00  ................
000191a0: 00 00 00 00 00 00 00 00 00 00 00 00 00 00 00 00  ................
000191b0: 00 00 00 00 00 00 00 00 00 00 00 00 00 00 00 00  ................
000191c0: 00 00 00 00 00 00 00 00 00 00 00 00 00 00 00 00  ................
000191d0: 00 00 00 00 00 00 00 00 00 00 00 00 00 00 00 00  ................
000191e0: 00 00 00 00 00 00 00 00 00 00 00 00 00 00 00 00  ................
000191f0: 00 00 00 00 00 00 00 00 00 00 00 00 00 00 00 00  ................
00019200: 00 00 00 00 00 00 00 00 00 00 00 00 00 00 00 00  ................
00019210: 00 00 00 00 00 00 00 00 00 00 00 00 00 00 00 00  ................
00019220: 00 00 00 00 00 00 00 00 00 00 00 00 00 00 00 00  ................
00019230: 00 00 00 00 00 00 00 00 00 00 00 00 00 00 00 00  ................
00019240: 00 00 00 00 00 00 00 00 00 00 00 00 00 00 00 00  ................
00019250: 00 00 00 00 00 00 00 00 00 00 00 00 00 00 00 00  ................
00019260: 00 00 00 00 00 00 00 00 00 00 00 00 00 00 00 00  ................
00019270: 00 00 00 00 00 00 00 00 00 00 00 00 00 00 00 00  ................
00019280: 00 00 00 00 00 00 00 00 00 00 00 00 00 00 00 00  ................
00019290: 00 00 00 00 00 00 00 00 00 00 00 00 00 00 00 00  ................
000192a0: 00 00 00 00 00 00 00 00 00 00 00 00 00 00 00 00  ................
000192b0: 00 00 00 00 00 00 00 00 00 00 00 00 00 00 00 00  ................
000192c0: 00 00 00 00 00 00 00 00 00 00 00 00 00 00 00 00  ................
000192d0: 00 00 00 00 00 00 00 00 00 00 00 00 00 00 00 00  ................
000192e0: 00 00 00 00 00 00 00 00 00 00 00 00 00 00 00 00  ................
000192f0: 00 00 00 00 00 00 00 00 00 00 00 00 00 00 00 00  ................
00019300: 00 00 00 00 00 00 00 00 00 00 00 00 00 00 00 00  ................
00019310: 00 00 00 00 00 00 00 00 00 00 00 00 00 00 00 00  ................
00019320: 00 00 00 00 00 00 00 00 00 00 00 00 00 00 00 00  ................
00019330: 00 00 00 00 00 00 00 00 00 00 00 00 00 00 00 00  ................
00019340: 00 00 00 00 00 00 00 00 00 00 00 00 00 00 00 00  ................
00019350: 00 00 00 00 00 00 00 00 00 00 00 00 00 00 00 00  ................
00019360: 00 00 00 00 00 00 00 00 00 00 00 00 00 00 00 00  ................
00019370: 00 00 00 00 00 00 00 00 00 00 00 00 00 00 00 00  ................
00019380: 00 00 00 00 00 00 00 00 00 00 00 00 00 00 00 00  ................
00019390: 00 00 00 00 00 00 00 00 00 00 00 00 00 00 00 00  ................
000193a0: 00 00 00 00 00 00 00 00 00 00 00 00 00 00 00 00  ................
000193b0: 00 00 00 00 00 00 00 00 00 00 00 00 00 00 00 00  ................
000193c0: 00 00 00 00 00 00 00 00 00 00 00 00 00 00 00 00  ................
000193d0: 00 00 00 00 00 00 00 00 00 00 00 00 00 00 00 00  ................
000193e0: 00 00 00 00 00 00 00 00 00 00 00 00 00 00 00 00  ................
000193f0: 00 00 00 00 00 00 00 00 00 00 00 00 00 00 00 00  ................
00019400: 00 00 00 00 00 00 00 00 00 00 00 00 00 00 00 00  ................
00019410: 00 00 00 00 00 00 00 00 00 00 00 00 00 00 00 00  ................
00019420: 00 00 00 00 00 00 00 00 00 00 00 00 00 00 00 00  ................
00019430: 00 00 00 00 00 00 00 00 00 00 00 00 00 00 00 00  ................
00019440: 00 00 00 00 00 00 00 00 00 00 00 00 00 00 00 00  ................
00019450: 00 00 00 00 00 00 00 00 00 00 00 00 00 00 00 00  ................
00019460: 00 00 00 00 00 00 00 00 00 00 00 00 00 00 00 00  ................
00019470: 00 00 00 00 00 00 00 00 00 00 00 00 00 00 00 00  ................
00019480: 00 00 00 00 00 00 00 00 00 00 00 00 00 00 00 00  ................
00019490: 00 00 00 00 00 00 00 00 00 00 00 00 00 00 00 00  ................
000194a0: 00 00 00 00 00 00 00 00 00 00 00 00 00 00 00 00  ................
000194b0: 00 00 00 00 00 00 00 00 00 00 00 00 00 00 00 00  ................
000194c0: 00 00 00 00 00 00 00 00 00 00 00 00 00 00 00 00  ................
000194d0: 00 00 00 00 00 00 00 00 00 00 00 00 00 00 00 00  ................
000194e0: 00 00 00 00 00 00 00 00 00 00 00 00 00 00 00 00  ................
000194f0: 00 00 00 00 00 00 00 00 00 00 00 00 00 00 00 00  ................
00019500: 00 00 00 00 00 00 00 00 00 00 00 00 00 00 00 00  ................
00019510: 00 00 00 00 00 00 00 00 00 00 00 00 00 00 00 00  ................
00019520: 00 00 00 00 00 00 00 00 00 00 00 00 00 00 00 00  ................
00019530: 00 00 00 00 00 00 00 00 00 00 00 00 00 00 00 00  ................
00019540: 00 00 00 00 00 00 00 00 00 00 00 00 00 00 00 00  ................
00019550: 00 00 00 00 00 00 00 00 00 00 00 00 00 00 00 00  ................
00019560: 00 00 00 00 00 00 00 00 00 00 1c 00 c0 01 fe 03  ................
00019570: f0 00 fe 03 f0 00 fe 03 f0 00 fe 03 00 00 f2 03  ................
00019580: 00 00 f3 03 0f 00 f4 03 36 00 f5 03 c0 00 f6 03  ........6.......
00019590: 13 00 f7 03 01 00 f8 03 10 00 f9 03 43 00 fa 03  ............C...
000195a0: 00 00 fc 03 8e 00 05 0d 06 00 06 0d 40 00 07 0d  ............@...
000195b0: 00 00 08 0d 10 00 0a 0d 02 00 0c 00 03 00 0d 0d  ................
000195c0: 02 00 0e 0d d4 00 0f 00 05 00 10 00 08 00 17 00  ................
000195d0: 0c 00 73 0d 92 00 76 0d 00 00 41 0d 02 00 42 0d  ..s...v...A...B.
000195e0: ee 00 7a 0d 0a 00 6b 00 18 00 b0 0d 9d 00 b1 0d  ..z...k.........
000195f0: 00 00 b2 0d ac 00 b3 0d d5 00 b4 0d 00 00 b5 0d  ................
00019600: 97 00 b6 0d 09 00 d2 00 fc 00 19 0d 31 00 20 0d  ............1. .
00019610: 40 00 25 0d cb 00 27 0d 03 00 29 0d 40 00 43 0d  @.%...'...).@.C.
00019620: 20 00 58 00 60 00 d6 00 66 00 d7 00 19 00 93 00   .X.`...f.......
00019630: 02 00 d9 00 14 00 da 00 c1 00 2a 0d 00 00 28 0d  ..........*...(.
00019640: 04 00 53 0d 12 00 c2 0d 84 00 50 00 30 00 80 00  ..S.......P.0...
00019650: 07 00 8c 00 05 00 8d 00 a8 00 77 00 01 00 78 00  ..........w...x.
00019660: 04 00 79 00 65 00 67 00 c0 00 54 00 ff 00 55 00  ..y.e.g...T...U.
00019670: 02 00 56 00 00 00 57 00 04 00 5a 00 ff 00 5b 00  ..V...W...Z...[.
00019680: 07 00 d5 00 03 00 02 01 a9 00 03 0d 02 00 04 0d  ................
00019690: d0 00 7a 00 60 00 e0 04 ff 00 14 04 75 00 15 04  ..z.`.......u...
000196a0: 75 00 16 04 75 00 17 04 75 00 22 01 00 00 21 01  u...u...u."...!.
000196b0: 80 00 28 04 10 00 29 04 10 00 2a 04 10 00 2b 04  ..(...)...*...+.
000196c0: 10 00 2c 04 14 00 2d 04 14 00 2e 04 18 00 2f 04  ..,...-......./.
000196d0: 18 00 30 04 05 00 31 04 05 00 32 04 05 00 33 04  ..0...1...2...3.
000196e0: 05 00 34 04 05 00 35 04 05 00 36 04 05 00 37 04  ..4...5...6...7.
000196f0: 05 00 53 01 a0 00 90 01 01 00 92 01 00 00 94 01  ..S.............
00019700: 00 00 95 01 02 00 96 01 d0 00 97 01 05 00 98 01  ................
00019710: 00 00 dc 00 05 00 dd 00 ea 00 12 02 05 00 13 02  ................
00019720: 00 00 90 02 0b 00 3e 02 40 00 1e 03 3e 00        ......>.@...>.
