00000000: 03 00 00 00 33 2e 30 31 36 00 00 00 00 00 00 00  ....3.016.......
00000010: 00 00 00 00 35 11 00 00 e1 07 09 0f 0c 07 28 00  ....5.........(.
00000020: 00 00 00 00 22 87 00 00 00 00 00 00 00 00 00 00  ...."...........
00000030: 00 00 00 00 00 00 00 00 00 00 00 00 00 00 00 00  ................
00000040: 00 00 00 00 00 00 00 00 00 00 00 00 00 00 00 00  ................
00000050: 00 00 00 00 00 00 00 00 00 00 00 00 00 00 00 00  ................
00000060: 00 00 00 00 00 00 00 00 00 00 00 00 00 00 00 00  ................
00000070: 00 00 00 00 00 00 00 00 00 00 00 00 00 00 00 00  ................
00000080: 37 2e 35 20 68 6f 6e 67 20 73 68 69 20 20 c8 ab  7.5 hong shi  ..
00000090: be b0 0d 0a 39 2e 31 30 20 77 64 72 20 33 64 6e  ....9.10 wdr 3dn
000000a0: 72 20 7a 6f 6e 65 5f 77 65 69 67 68 74 0d 0a 39  r zone_weight..9
000000b0: 2e 31 34 20 46 6f 72 20 ba ea ca d3 20 c8 ab be  .14 For .... ...
000000c0: b0 00 00 00 00 00 00 00 00 00 00 00 00 00 00 00  ................
000000d0: 00 00 00 00 00 00 00 00 00 00 00 00 00 00 00 00  ................
000000e0: 00 00 00 00 00 00 00 00 00 00 00 00 00 00 00 00  ................
000000f0: 00 00 00 00 00 00 00 00 00 00 00 00 00 00 00 00  ................
00000100: 00 00 00 00 00 00 00 00 00 00 00 00 00 00 00 00  ................
00000110: 00 00 00 00 00 00 00 00 00 00 00 00 00 00 00 00  ................
00000120: 00 00 00 00 00 00 00 00 00 00 00 00 00 00 00 00  ................
00000130: 00 00 00 00 00 00 00 00 00 00 00 00 00 00 00 00  ................
00000140: 00 00 00 00 00 00 00 00 00 00 00 00 00 00 00 00  ................
00000150: 00 00 00 00 00 00 00 00 00 00 00 00 00 00 00 00  ................
00000160: 00 00 00 00 00 00 00 00 00 00 00 00 00 00 00 00  ................
00000170: 00 00 00 00 00 00 00 00 00 00 00 00 00 00 00 00  ................
00000180: 00 00 00 00 00 00 00 00 00 00 00 00 00 00 00 00  ................
00000190: 00 00 00 00 00 00 00 00 00 00 00 00 00 00 00 00  ................
000001a0: 00 00 00 00 00 00 00 00 00 00 00 00 00 00 00 00  ................
000001b0: 00 00 00 00 00 00 00 00 00 00 00 00 00 00 00 00  ................
000001c0: 00 00 00 00 00 00 00 00 00 00 00 00 00 00 00 00  ................
000001d0: 00 00 00 00 00 00 00 00 00 00 00 00 00 00 00 00  ................
000001e0: 00 00 00 00 00 00 00 00 00 00 00 00 00 00 00 00  ................
000001f0: 00 00 00 00 00 00 00 00 00 00 00 00 00 00 00 00  ................
00000200: 00 00 ba 00 00 00 01 00 40 00 40 00 40 00 40 00  ........@.@.@.@.
00000210: 00 00 00 00 00 00 00 00 01 00 42 00 42 00 42 00  ..........B.B.B.
00000220: 42 00 d8 ff d8 ff d8 ff d8 ff 01 00 42 00 42 00  B...........B.B.
00000230: 42 00 42 00 d8 ff d8 ff d8 ff d8 ff 01 00 42 00  B.B...........B.
00000240: 42 00 42 00 42 00 d8 ff d8 ff d8 ff d8 ff 01 00  B.B.B...........
00000250: 42 00 42 00 42 00 42 00 d8 ff d8 ff d8 ff d8 ff  B.B.B.B.........
00000260: 01 00 42 00 42 00 42 00 42 00 d8 ff d8 ff d8 ff  ..B.B.B.B.......
00000270: d8 ff 01 00 42 00 42 00 42 00 42 00 00 00 00 00  ....B.B.B.B.....
00000280: 00 00 00 00 01 00 42 00 42 00 42 00 42 00 00 00  ......B.B.B.B...
00000290: 00 00 00 00 00 00 01 00 42 00 42 00 42 00 42 00  ........B.B.B.B.
000002a0: d8 ff d8 ff d8 ff d8 ff 01 00 42 00 42 00 42 00  ..........B.B.B.
000002b0: 42 00 d8 ff d8 ff d8 ff d8 ff 01 00 c0 00 00 00  B...............
000002c0: 80 02 e0 01 0a 00 00 00 0f 00 0f 00 0a 00 00 00  ................
000002d0: 00 00 00 00 00 00 00 00 00 00 ff 00 ff 00 18 01  ................
000002e0: 2c 01 00 00 00 00 00 00 00 00 00 00 00 00 00 00  ,...............
000002f0: 0f 00 0f 00 0a 00 00 00 00 00 00 00 00 00 00 00  ................
00000300: 00 00 ff 00 ff 00 18 01 2c 01 00 00 00 00 00 00  ........,.......
00000310: 00 00 00 00 00 00 00 00 0f 00 0f 00 0a 00 00 00  ................
00000320: 00 00 00 00 00 00 00 00 00 00 ff 00 ff 00 18 01  ................
00000330: 2c 01 00 00 00 00 00 00 00 00 00 00 00 00 00 00  ,...............
00000340: 0f 00 0f 00 0a 00 00 00 00 00 00 00 00 00 00 00  ................
00000350: 00 00 ff 00 ff 00 18 01 2c 01 00 00 00 00 00 00  ........,.......
00000360: 00 00 00 00 00 00 00 00 64 00 ce 00 33 01 71 02  ........d...3.q.
00000370: 71 02 71 02 71 02 71 02 71 02 02 00 6c 03 00 00  q.q.q.q.q...l...
00000380: 08 00 10 00 18 00 20 00 28 00 30 00 38 00 40 00  ...... .(.0.8.@.
00000390: 48 00 50 00 58 00 60 00 68 00 70 00 78 00 80 00  H.P.X.`.h.p.x...
000003a0: 88 00 90 00 98 00 a0 00 a8 00 b0 00 b8 00 c0 00  ................
000003b0: c8 00 d0 00 d8 00 e0 00 e8 00 f0 00 f8 00 00 01  ................
000003c0: 08 01 10 01 18 01 20 01 28 01 30 01 38 01 40 01  ...... .(.0.8.@.
000003d0: 48 01 50 01 58 01 60 01 68 01 70 01 78 01 80 01  H.P.X.`.h.p.x...
000003e0: 88 01 90 01 98 01 a0 01 a8 01 b0 01 b8 01 c0 01  ................
000003f0: c8 01 d0 01 d8 01 e0 01 e8 01 f0 01 f8 01 00 02  ................
00000400: 08 02 10 02 18 02 20 02 28 02 30 02 38 02 40 02  ...... .(.0.8.@.
00000410: 48 02 50 02 58 02 60 02 68 02 70 02 78 02 80 02  H.P.X.`.h.p.x...
00000420: 88 02 90 02 98 02 a0 02 a8 02 b0 02 b8 02 c0 02  ................
00000430: c8 02 d0 02 d8 02 e0 02 e8 02 f0 02 f8 02 00 03  ................
00000440: 08 03 10 03 18 03 20 03 28 03 30 03 38 03 40 03  ...... .(.0.8.@.
00000450: 48 03 50 03 58 03 60 03 68 03 70 03 78 03 80 03  H.P.X.`.h.p.x...
00000460: 88 03 90 03 98 03 a0 03 a8 03 b0 03 b8 03 c0 03  ................
00000470: c8 03 d0 03 d8 03 e0 03 e8 03 f0 03 f8 03 ff 03  ................
00000480: 00 00 08 00 10 00 18 00 20 00 28 00 30 00 38 00  ........ .(.0.8.
00000490: 40 00 48 00 50 00 58 00 60 00 68 00 70 00 78 00  @.H.P.X.`.h.p.x.
000004a0: 80 00 88 00 90 00 98 00 a0 00 a8 00 b0 00 b8 00  ................
000004b0: c0 00 c8 00 d0 00 d8 00 e0 00 e8 00 f0 00 f8 00  ................
000004c0: 00 01 08 01 10 01 18 01 20 01 28 01 30 01 38 01  ........ .(.0.8.
000004d0: 40 01 48 01 50 01 58 01 60 01 68 01 70 01 78 01  @.H.P.X.`.h.p.x.
000004e0: 80 01 88 01 90 01 98 01 a0 01 a8 01 b0 01 b8 01  ................
000004f0: c0 01 c8 01 d0 01 d8 01 e0 01 e8 01 f0 01 f8 01  ................
00000500: 00 02 08 02 10 02 18 02 20 02 28 02 30 02 38 02  ........ .(.0.8.
00000510: 40 02 48 02 50 02 58 02 60 02 68 02 70 02 78 02  @.H.P.X.`.h.p.x.
00000520: 80 02 88 02 90 02 98 02 a0 02 a8 02 b0 02 b8 02  ................
00000530: c0 02 c8 02 d0 02 d8 02 e0 02 e8 02 f0 02 f8 02  ................
00000540: 00 03 08 03 10 03 18 03 20 03 28 03 30 03 38 03  ........ .(.0.8.
00000550: 40 03 48 03 50 03 58 03 60 03 68 03 70 03 78 03  @.H.P.X.`.h.p.x.
00000560: 80 03 88 03 90 03 98 03 a0 03 a8 03 b0 03 b8 03  ................
00000570: c0 03 c8 03 d0 03 d8 03 e0 03 e8 03 f0 03 f8 03  ................
00000580: ff 03 00 00 08 00 10 00 18 00 20 00 28 00 30 00  .......... .(.0.
00000590: 38 00 40 00 48 00 50 00 58 00 60 00 68 00 70 00  8.@.H.P.X.`.h.p.
000005a0: 78 00 80 00 88 00 90 00 98 00 a0 00 a8 00 b0 00  x...............
000005b0: b8 00 c0 00 c8 00 d0 00 d8 00 e0 00 e8 00 f0 00  ................
000005c0: f8 00 00 01 08 01 10 01 18 01 20 01 28 01 30 01  .......... .(.0.
000005d0: 38 01 40 01 48 01 50 01 58 01 60 01 68 01 70 01  8.@.H.P.X.`.h.p.
000005e0: 78 01 80 01 88 01 90 01 98 01 a0 01 a8 01 b0 01  x...............
000005f0: b8 01 c0 01 c8 01 d0 01 d8 01 e0 01 e8 01 f0 01  ................
00000600: f8 01 00 02 08 02 10 02 18 02 20 02 28 02 30 02  .......... .(.0.
00000610: 38 02 40 02 48 02 50 02 58 02 60 02 68 02 70 02  8.@.H.P.X.`.h.p.
00000620: 78 02 80 02 88 02 90 02 98 02 a0 02 a8 02 b0 02  x...............
00000630: b8 02 c0 02 c8 02 d0 02 d8 02 e0 02 e8 02 f0 02  ................
00000640: f8 02 00 03 08 03 10 03 18 03 20 03 28 03 30 03  .......... .(.0.
00000650: 38 03 40 03 48 03 50 03 58 03 60 03 68 03 70 03  8.@.H.P.X.`.h.p.
00000660: 78 03 80 03 88 03 90 03 98 03 a0 03 a8 03 b0 03  x...............
00000670: b8 03 c0 03 c8 03 d0 03 d8 03 e0 03 e8 03 f0 03  ................
00000680: f8 03 ff 03 00 00 80 00 00 00 00 00 00 00 00 00  ................
00000690: 00 00 00 00 00 00 00 00 00 00 00 00 00 00 00 00  ................
000006a0: 00 00 00 00 00 00 80 00 00 00 00 00 00 00 00 00  ................
000006b0: 00 00 00 00 00 00 00 00 00 00 00 00 00 00 00 00  ................
000006c0: 00 00 00 00 00 00 80 00 00 00 00 00 00 00 00 00  ................
000006d0: 00 00 00 00 00 00 00 00 00 00 00 00 00 00 00 00  ................
000006e0: 00 00 00 00 01 00 03 00 dc 08 01 00 00 00 ff 03  ................
000006f0: 4f 00 00 00 00 00 00 00 00 00 00 00 00 00 00 00  O...............
00000700: 00 00 00 00 00 00 00 00 00 00 00 00 00 00 00 00  ................
00000710: ff 03 4f 00 00 00 00 00 00 00 00 00 00 00 00 00  ..O.............
00000720: 00 00 00 00 00 00 00 00 00 00 00 00 00 00 00 00  ................
00000730: 00 00 ff 03 4f 00 00 00 00 00 00 00 00 00 00 00  ....O...........
00000740: 00 00 00 00 00 00 00 00 00 00 00 00 00 00 00 00  ................
00000750: 00 00 00 00 04 00 00 00 40 00 80 00 c0 00 00 01  ........@.......
00000760: 40 01 80 01 c0 01 00 02 40 02 80 02 c0 02 00 03  @.......@.......
00000770: 40 03 80 03 c0 03 ff 03 00 00 02 00 04 00 06 00  @...............
00000780: 08 00 0a 00 0c 00 0e 00 00 00 00 00 00 00 00 00  ................
00000790: 00 00 00 00 00 00 00 00 64 00 64 00 64 00 01 00  ........d.d.d...
000007a0: ff 03 00 00 00 00 00 00 00 00 00 00 00 00 00 00  ................
000007b0: 00 00 00 00 00 00 00 00 00 00 00 00 00 00 00 00  ................
000007c0: 00 00 ff 03 00 00 00 00 00 00 00 00 00 00 00 00  ................
000007d0: 00 00 00 00 00 00 00 00 00 00 00 00 00 00 00 00  ................
000007e0: 00 00 00 00 ff 03 00 00 00 00 00 00 00 00 00 00  ................
000007f0: 00 00 00 00 00 00 00 00 00 00 00 00 00 00 00 00  ................
00000800: 00 00 00 00 00 00 06 00 00 00 5c 00 b9 00 16 01  ..........\.....
00000810: 74 01 d1 01 27 02 73 02 b2 02 e5 02 10 03 38 03  t...'.s.......8.
00000820: 5f 03 87 03 af 03 d7 03 ff 03 00 00 02 00 07 00  _...............
00000830: 0b 00 10 00 00 00 00 00 00 00 00 00 00 00 00 00  ................
00000840: 00 00 00 00 00 00 00 00 00 00 14 00 14 00 14 00  ................
00000850: 01 00 ff 03 4f 00 00 00 00 00 00 00 00 00 00 00  ....O...........
00000860: 00 00 00 00 00 00 00 00 00 00 00 00 00 00 00 00  ................
00000870: 00 00 00 00 ff 03 4f 00 00 00 00 00 00 00 00 00  ......O.........
00000880: 00 00 00 00 00 00 00 00 00 00 00 00 00 00 00 00  ................
00000890: 00 00 00 00 00 00 ff 03 4f 00 00 00 00 00 00 00  ........O.......
000008a0: 00 00 00 00 00 00 00 00 00 00 00 00 00 00 00 00  ................
000008b0: 00 00 00 00 00 00 00 00 06 00 00 00 94 00 1c 01  ................
000008c0: 8f 01 ed 01 39 02 77 02 a9 02 d2 02 f6 02 16 03  ....9.w.........
000008d0: 38 03 5c 03 82 03 ab 03 d5 03 ff 03 00 00 02 00  8.\.............
000008e0: 0b 00 10 00 00 00 00 00 00 00 00 00 00 00 00 00  ................
000008f0: 00 00 00 00 00 00 00 00 00 00 00 00 64 00 64 00  ............d.d.
00000900: 64 00 01 00 ff 03 1c 01 06 00 00 00 00 00 00 00  d...............
00000910: 00 00 00 00 00 00 00 00 00 00 00 00 00 00 00 00  ................
00000920: 00 00 00 00 00 00 ff 03 1c 01 06 00 00 00 00 00  ................
00000930: 00 00 00 00 00 00 00 00 00 00 00 00 00 00 00 00  ................
00000940: 00 00 00 00 00 00 00 00 ff 03 1c 01 06 00 00 00  ................
00000950: 00 00 00 00 00 00 00 00 00 00 00 00 00 00 00 00  ................
00000960: 00 00 00 00 00 00 00 00 00 00 05 00 00 00 94 00  ................
00000970: 1c 01 8f 01 ed 01 39 02 77 02 a9 02 d2 02 f6 02  ......9.w.......
00000980: 16 03 38 03 5c 03 82 03 ab 03 d5 03 ff 03 00 00  ..8.\...........
00000990: 02 00 0b 00 10 00 00 00 00 00 00 00 00 00 00 00  ................
000009a0: 00 00 00 00 00 00 00 00 00 00 00 00 00 00 c8 00  ................
000009b0: c8 00 c8 00 01 00 ff 03 1c 01 06 00 00 00 00 00  ................
000009c0: 00 00 00 00 00 00 00 00 00 00 00 00 00 00 00 00  ................
000009d0: 00 00 00 00 00 00 00 00 ff 03 1c 01 06 00 00 00  ................
000009e0: 00 00 00 00 00 00 00 00 00 00 00 00 00 00 00 00  ................
000009f0: 00 00 00 00 00 00 00 00 00 00 ff 03 1c 01 06 00  ................
00000a00: 00 00 00 00 00 00 00 00 00 00 00 00 00 00 00 00  ................
00000a10: 00 00 00 00 00 00 00 00 00 00 00 00 05 00 00 00  ................
00000a20: 40 00 80 00 c0 00 00 01 40 01 80 01 c0 01 00 02  @.......@.......
00000a30: 40 02 80 02 c0 02 00 03 40 03 80 03 c0 03 ff 03  @.......@.......
00000a40: 00 00 10 00 00 00 00 00 00 00 00 00 00 00 00 00  ................
00000a50: 00 00 00 00 00 00 00 00 00 00 00 00 00 00 00 00  ................
00000a60: c8 00 c8 00 c8 00 01 00 ff 03 65 02 84 00 0a 00  ..........e.....
00000a70: 00 00 00 00 00 00 00 00 00 00 00 00 00 00 00 00  ................
00000a80: 00 00 00 00 00 00 00 00 00 00 ff 03 65 02 84 00  ............e...
00000a90: 0a 00 00 00 00 00 00 00 00 00 00 00 00 00 00 00  ................
00000aa0: 00 00 00 00 00 00 00 00 00 00 00 00 ff 03 65 02  ..............e.
00000ab0: 84 00 0a 00 00 00 00 00 00 00 00 00 00 00 00 00  ................
00000ac0: 00 00 00 00 00 00 00 00 00 00 00 00 00 00 04 00  ................
00000ad0: 00 00 0f 00 27 00 56 00 97 00 e4 00 3a 01 92 01  ....'.V.....:...
00000ae0: e9 01 3a 02 86 02 cc 02 0e 03 4e 03 8a 03 c5 03  ..:.......N.....
00000af0: ff 03 00 00 01 00 07 00 10 00 00 00 00 00 00 00  ................
00000b00: 00 00 00 00 00 00 00 00 00 00 00 00 00 00 00 00  ................
00000b10: 00 00 f4 01 f4 01 f4 01 01 00 ff 03 e7 02 1c 01  ................
00000b20: 39 00 06 00 00 00 00 00 00 00 00 00 00 00 00 00  9...............
00000b30: 00 00 00 00 00 00 00 00 00 00 00 00 ff 03 e7 02  ................
00000b40: 1c 01 39 00 06 00 00 00 00 00 00 00 00 00 00 00  ..9.............
00000b50: 00 00 00 00 00 00 00 00 00 00 00 00 00 00 ff 03  ................
00000b60: e7 02 1c 01 39 00 06 00 00 00 00 00 00 00 00 00  ....9...........
00000b70: 00 00 00 00 00 00 00 00 00 00 00 00 00 00 00 00  ................
00000b80: 04 00 00 00 18 00 40 00 7a 00 c3 00 13 01 64 01  ......@.z.....d.
00000b90: b3 01 fd 01 45 02 8a 02 cc 02 0c 03 4a 03 87 03  ....E.......J...
00000ba0: c4 03 ff 03 00 00 01 00 06 00 10 00 00 00 00 00  ................
00000bb0: 00 00 00 00 00 00 00 00 00 00 00 00 00 00 00 00  ................
00000bc0: 00 00 00 00 20 03 20 03 20 03 01 00 ff 03 df 03  .... . . .......
00000bd0: 84 03 ff 02 65 02 cc 01 43 01 d5 00 84 00 4c 00  ....e...C.....L.
00000be0: 29 00 15 00 0a 00 04 00 01 00 00 00 00 00 ff 03  )...............
00000bf0: df 03 84 03 ff 02 65 02 cc 01 43 01 d5 00 84 00  ......e...C.....
00000c00: 4c 00 29 00 15 00 0a 00 04 00 01 00 00 00 00 00  L.).............
00000c10: ff 03 df 03 84 03 ff 02 65 02 cc 01 43 01 d5 00  ........e...C...
00000c20: 84 00 4c 00 29 00 15 00 0a 00 04 00 01 00 00 00  ..L.)...........
00000c30: 00 00 04 00 00 00 40 00 80 00 c0 00 00 01 40 01  ......@.......@.
00000c40: 80 01 c0 01 00 02 40 02 80 02 c0 02 00 03 40 03  ......@.......@.
00000c50: 80 03 c0 03 ff 03 00 00 10 00 00 00 00 00 00 00  ................
00000c60: 00 00 00 00 00 00 00 00 00 00 00 00 00 00 00 00  ................
00000c70: 00 00 00 00 00 00 40 1f 40 1f 40 1f 01 00 ff 03  ......@.@.@.....
00000c80: f2 03 cc 03 90 03 42 03 e7 02 85 02 22 02 c3 01  ......B....."...
00000c90: 6b 01 1c 01 d9 00 a2 00 75 00 53 00 39 00 26 00  k.......u.S.9.&.
00000ca0: ff 03 f2 03 cc 03 90 03 42 03 e7 02 85 02 22 02  ........B.....".
00000cb0: c3 01 6b 01 1c 01 d9 00 a2 00 75 00 53 00 39 00  ..k.......u.S.9.
00000cc0: 26 00 ff 03 f2 03 cc 03 90 03 42 03 e7 02 85 02  &.........B.....
00000cd0: 22 02 c3 01 6b 01 1c 01 d9 00 a2 00 75 00 53 00  "...k.......u.S.
00000ce0: 39 00 26 00 02 00 00 00 40 00 80 00 c0 00 00 01  9.&.....@.......
00000cf0: 40 01 80 01 c0 01 00 02 40 02 80 02 c0 02 00 03  @.......@.......
00000d00: 40 03 80 03 c0 03 ff 03 00 00 10 00 00 00 00 00  @...............
00000d10: 00 00 00 00 00 00 00 00 00 00 00 00 00 00 00 00  ................
00000d20: 00 00 00 00 00 00 00 00 20 4e 20 4e 20 4e 01 00  ........ N N N..
00000d30: ff 03 1c 01 06 00 00 00 00 00 00 00 00 00 00 00  ................
00000d40: 00 00 00 00 00 00 00 00 00 00 00 00 00 00 00 00  ................
00000d50: 00 00 ff 03 1c 01 06 00 00 00 00 00 00 00 00 00  ................
00000d60: 00 00 00 00 00 00 00 00 00 00 00 00 00 00 00 00  ................
00000d70: 00 00 00 00 ff 03 1c 01 06 00 00 00 00 00 00 00  ................
00000d80: 00 00 00 00 00 00 00 00 00 00 00 00 00 00 00 00  ................
00000d90: 00 00 00 00 00 00 04 00 00 00 40 00 80 00 c0 00  ..........@.....
00000da0: 00 01 40 01 80 01 c0 01 00 02 40 02 80 02 c0 02  ..@.......@.....
00000db0: 00 03 40 03 80 03 c0 03 ff 03 00 00 02 00 04 00  ..@.............
00000dc0: 06 00 08 00 0a 00 0c 00 0e 00 00 00 00 00 00 00  ................
00000dd0: 00 00 00 00 00 00 00 00 00 00 c8 00 c8 00 c8 00  ................
00000de0: 01 00 01 00 ff 03 4f 00 00 00 00 00 00 00 00 00  ......O.........
00000df0: 00 00 00 00 00 00 00 00 00 00 00 00 00 00 00 00  ................
00000e00: 00 00 00 00 00 00 06 00 64 00 00 00 00 00 00 00  ........d.......
00000e10: 00 00 01 00 ff 03 06 00 00 00 00 00 00 00 00 00  ................
00000e20: 00 00 00 00 00 00 00 00 00 00 00 00 00 00 00 00  ................
00000e30: 00 00 00 00 00 00 06 00 32 00 00 00 00 00 00 00  ........2.......
00000e40: 00 00 01 00 ff 03 1c 01 06 00 00 00 00 00 00 00  ................
00000e50: 00 00 00 00 00 00 00 00 00 00 00 00 00 00 00 00  ................
00000e60: 00 00 00 00 00 00 06 00 c8 00 00 00 00 00 00 00  ................
00000e70: 00 00 01 00 ff 03 1c 01 06 00 00 00 00 00 00 00  ................
00000e80: 00 00 00 00 00 00 00 00 00 00 00 00 00 00 00 00  ................
00000e90: 00 00 00 00 00 00 05 00 c8 00 00 00 00 00 00 00  ................
00000ea0: 00 00 01 00 ff 03 b4 01 21 00 00 00 00 00 00 00  ........!.......
00000eb0: 00 00 00 00 00 00 00 00 00 00 00 00 00 00 00 00  ................
00000ec0: 00 00 00 00 00 00 05 00 2c 01 00 00 00 00 00 00  ........,.......
00000ed0: 00 00 01 00 ff 03 65 02 84 00 0a 00 00 00 00 00  ......e.........
00000ee0: 00 00 00 00 00 00 00 00 00 00 00 00 00 00 00 00  ................
00000ef0: 00 00 00 00 00 00 04 00 f4 01 00 00 00 00 00 00  ................
00000f00: 00 00 01 00 ff 03 b4 01 21 00 00 00 00 00 00 00  ........!.......
00000f10: 00 00 00 00 00 00 00 00 00 00 00 00 00 00 00 00  ................
00000f20: 00 00 00 00 00 00 04 00 2c 01 00 00 00 00 00 00  ........,.......
00000f30: 00 00 01 00 ff 03 c0 03 18 03 3f 02 6f 01 ce 00  ..........?.o...
00000f40: 66 00 2c 00 11 00 05 00 01 00 00 00 00 00 00 00  f.,.............
00000f50: 00 00 00 00 00 00 04 00 a0 0f 00 00 00 00 00 00  ................
00000f60: 00 00 01 00 ff 03 e6 03 9c 03 2d 03 a7 02 1b 02  ..........-.....
00000f70: 97 01 24 01 c6 00 80 00 4f 00 2e 00 19 00 0d 00  ..$.....O.......
00000f80: 06 00 03 00 01 00 02 00 10 27 00 00 00 00 00 00  .........'......
00000f90: 00 00 01 00 ff 03 b4 01 21 00 00 00 00 00 00 00  ........!.......
00000fa0: 00 00 00 00 00 00 00 00 00 00 00 00 00 00 00 00  ................
00000fb0: 00 00 00 00 00 00 04 00 2c 01 00 00 00 00 00 00  ........,.......
00000fc0: 00 00 04 00 40 04 01 00 00 00 00 00 00 00 00 00  ....@...........
00000fd0: 01 00 01 00 01 00 01 00 01 00 08 00 08 00 78 00  ..............x.
00000fe0: 04 00 e8 03 d0 07 40 00 20 00 00 00 08 00 14 00  ......@. .......
00000ff0: ff 03 18 03 6f 01 66 00 11 00 01 00 00 00 00 00  ....o.f.........
00001000: 00 00 00 00 00 00 00 00 00 00 00 00 00 00 00 00  ................
00001010: 00 00 e8 03 02 00 00 00 0b 00 08 00 78 00 60 00  ............x.`.
00001020: 04 00 04 00 e8 03 d0 07 40 00 18 00 00 00 08 00  ........@.......
00001030: 14 00 0a 00 00 00 00 00 01 00 01 00 01 00 01 00  ................
00001040: 01 00 01 00 01 00 08 00 08 00 78 00 04 00 b0 04  ..........x.....
00001050: d0 07 40 00 18 00 00 00 08 00 14 00 ff 03 1c 01  ..@.............
00001060: 06 00 00 00 00 00 00 00 00 00 00 00 00 00 00 00  ................
00001070: 00 00 00 00 00 00 00 00 00 00 00 00 00 00 c8 00  ................
00001080: 02 00 00 00 0b 00 08 00 78 00 60 00 04 00 04 00  ........x.`.....
00001090: b0 04 d0 07 40 00 18 00 00 00 08 00 14 00 0a 00  ....@...........
000010a0: 00 00 00 00 01 00 01 00 01 00 01 00 01 00 01 00  ................
000010b0: 01 00 08 00 08 00 78 00 04 00 14 05 d0 07 40 00  ......x.......@.
000010c0: 18 00 00 00 08 00 14 00 ff 03 1b 02 4f 00 03 00  ............O...
000010d0: 00 00 00 00 00 00 00 00 00 00 00 00 00 00 00 00  ................
000010e0: 00 00 00 00 00 00 00 00 00 00 90 01 02 00 00 00  ................
000010f0: 0b 00 08 00 78 00 60 00 04 00 04 00 14 05 d0 07  ....x.`.........
00001100: 40 00 18 00 00 00 08 00 14 00 0a 00 00 00 00 00  @...............
00001110: 01 00 01 00 01 00 01 00 01 00 01 00 01 00 08 00  ................
00001120: 08 00 78 00 04 00 dc 05 34 08 40 00 20 00 00 00  ..x.....4.@. ...
00001130: 08 00 14 00 ff 03 9c 02 b9 00 16 00 01 00 00 00  ................
00001140: 00 00 00 00 00 00 00 00 00 00 00 00 00 00 00 00  ................
00001150: 00 00 00 00 00 00 58 02 02 00 00 00 0b 00 08 00  ......X.........
00001160: 78 00 60 00 04 00 04 00 dc 05 34 08 40 00 20 00  x.`.......4.@. .
00001170: 00 00 08 00 14 00 0a 00 00 00 00 00 01 00 01 00  ................
00001180: 01 00 01 00 01 00 01 00 01 00 08 00 08 00 78 00  ..............x.
00001190: 04 00 dc 05 34 08 56 00 30 00 00 00 08 00 14 00  ....4.V.0.......
000011a0: ff 03 df 03 84 03 ff 02 65 02 cc 01 43 01 d5 00  ........e...C...
000011b0: 84 00 4c 00 29 00 15 00 0a 00 04 00 01 00 00 00  ..L.)...........
000011c0: 00 00 40 1f 02 00 00 00 0d 00 08 00 78 00 60 00  ..@.........x.`.
000011d0: 04 00 04 00 dc 05 34 08 56 00 20 00 00 00 08 00  ......4.V. .....
000011e0: 14 00 0a 00 00 00 00 00 01 00 01 00 01 00 01 00  ................
000011f0: 01 00 01 00 01 00 08 00 08 00 78 00 04 00 dc 05  ..........x.....
00001200: 34 08 56 00 30 00 00 00 08 00 14 00 ff 03 f9 03  4.V.0...........
00001210: e6 03 c6 03 9c 03 68 03 2d 03 ec 02 a7 02 61 02  ......h.-.....a.
00001220: 1b 02 d8 01 97 01 5b 01 24 01 f2 00 c6 00 40 9c  ......[.$.....@.
00001230: 01 00 00 00 0e 00 08 00 78 00 60 00 04 00 04 00  ........x.`.....
00001240: dc 05 34 08 56 00 20 00 00 00 08 00 14 00 0a 00  ..4.V. .........
00001250: 00 00 00 00 01 00 01 00 01 00 01 00 01 00 01 00  ................
00001260: 01 00 08 00 08 00 78 00 04 00 40 06 98 08 56 00  ......x...@...V.
00001270: 30 00 00 00 08 00 14 00 ff 03 f9 03 e6 03 c6 03  0...............
00001280: 9c 03 68 03 2d 03 ec 02 a7 02 61 02 1b 02 d8 01  ..h.-.....a.....
00001290: 97 01 5b 01 24 01 f2 00 c6 00 40 9c 02 00 00 00  ..[.$.....@.....
000012a0: 0e 00 08 00 78 00 60 00 04 00 04 00 40 06 98 08  ....x.`.....@...
000012b0: 56 00 24 00 00 00 08 00 14 00 0a 00 00 00 00 00  V.$.............
000012c0: 01 00 01 00 01 00 01 00 01 00 01 00 01 00 08 00  ................
000012d0: 08 00 78 00 04 00 40 06 98 08 56 00 30 00 00 00  ..x...@...V.0...
000012e0: 08 00 14 00 ff 03 f9 03 e6 03 c6 03 9c 03 68 03  ..............h.
000012f0: 2d 03 ec 02 a7 02 61 02 1b 02 d8 01 97 01 5b 01  -.....a.......[.
00001300: 24 01 f2 00 c6 00 40 9c 02 00 00 00 0e 00 08 00  $.....@.........
00001310: 78 00 60 00 04 00 04 00 40 06 98 08 56 00 24 00  x.`.....@...V.$.
00001320: 00 00 08 00 14 00 0a 00 00 00 01 00 01 00 01 00  ................
00001330: 01 00 01 00 01 00 01 00 01 00 08 00 08 00 78 00  ..............x.
00001340: 04 00 40 06 fc 08 56 00 30 00 00 00 08 00 14 00  ..@...V.0.......
00001350: ff 03 fa 03 eb 03 d1 03 af 03 84 03 53 03 1c 03  ............S...
00001360: e1 02 a4 02 65 02 27 02 e9 01 af 01 77 01 43 01  ....e.'.....w.C.
00001370: 14 01 50 c3 02 00 00 00 0f 00 08 00 78 00 60 00  ..P.........x.`.
00001380: 04 00 04 00 40 06 fc 08 56 00 24 00 00 00 08 00  ....@...V.$.....
00001390: 14 00 0a 00 00 00 01 00 01 00 01 00 01 00 01 00  ................
000013a0: 01 00 01 00 01 00 08 00 08 00 78 00 04 00 58 1b  ..........x...X.
000013b0: f8 2a 70 00 30 00 00 00 08 00 3c 00 ff 03 df 03  .*p.0.....<.....
000013c0: 84 03 ff 02 65 02 cc 01 43 01 d5 00 84 00 4c 00  ....e...C.....L.
000013d0: 29 00 15 00 0a 00 04 00 01 00 00 00 00 00 40 1f  ).............@.
000013e0: 02 00 00 00 0b 00 08 00 78 00 70 00 04 00 04 00  ........x.p.....
000013f0: 58 1b f8 2a 58 00 30 00 00 00 08 00 3c 00 0a 00  X..*X.0.....<...
00001400: 00 00 05 00 56 00 01 00 01 00 14 00 0c 00 1e 00  ....V...........
00001410: 01 00 14 00 04 00 78 00 01 00 14 00 04 00 78 00  ......x.......x.
00001420: 01 00 14 00 0c 00 1e 00 01 00 14 00 0c 00 1e 00  ................
00001430: 01 00 14 00 04 00 78 00 01 00 14 00 04 00 78 00  ......x.......x.
00001440: 01 00 14 00 04 00 78 00 01 00 14 00 04 00 78 00  ......x.......x.
00001450: 01 00 14 00 04 00 78 00 06 00 16 00 c0 00 00 00  ......x.........
00001460: 00 00 37 00 3c 00 40 00 40 00 40 00 40 00 07 00  ..7.<.@.@.@.@...
00001470: 6c 03 00 00 1c 00 36 00 50 00 6a 00 82 00 9a 00  l.....6.P.j.....
00001480: b0 00 c6 00 dc 00 f0 00 04 01 17 01 29 01 3b 01  ............).;.
00001490: 4c 01 5c 01 6c 01 7b 01 8a 01 98 01 a6 01 b3 01  L.\.l.{.........
000014a0: c0 01 cd 01 d9 01 e5 01 f0 01 fb 01 06 02 10 02  ................
000014b0: 1a 02 24 02 2e 02 37 02 40 02 49 02 52 02 5a 02  ..$...7.@.I.R.Z.
000014c0: 62 02 6a 02 71 02 79 02 80 02 87 02 8d 02 94 02  b.j.q.y.........
000014d0: 9a 02 a0 02 a6 02 ac 02 b1 02 b7 02 bc 02 c1 02  ................
000014e0: c6 02 ca 02 cf 02 d3 02 d8 02 dc 02 e0 02 e4 02  ................
000014f0: e8 02 eb 02 ef 02 f3 02 f6 02 fa 02 fd 02 00 03  ................
00001500: 03 03 07 03 0a 03 0d 03 10 03 13 03 16 03 19 03  ................
00001510: 1c 03 1f 03 22 03 25 03 28 03 2b 03 2e 03 31 03  ....".%.(.+...1.
00001520: 34 03 37 03 3a 03 3d 03 40 03 44 03 47 03 4b 03  4.7.:.=.@.D.G.K.
00001530: 4e 03 52 03 56 03 59 03 5d 03 61 03 66 03 6a 03  N.R.V.Y.].a.f.j.
00001540: 6e 03 73 03 78 03 7c 03 81 03 87 03 8c 03 91 03  n.s.x.|.........
00001550: 97 03 9c 03 a2 03 a8 03 ae 03 b4 03 ba 03 c0 03  ................
00001560: c6 03 cc 03 d3 03 d9 03 df 03 e6 03 ec 03 f3 03  ................
00001570: f9 03 ff 03 00 00 1c 00 36 00 50 00 6a 00 82 00  ........6.P.j...
00001580: 9a 00 b0 00 c6 00 dc 00 f0 00 04 01 17 01 29 01  ..............).
00001590: 3b 01 4c 01 5c 01 6c 01 7b 01 8a 01 98 01 a6 01  ;.L.\.l.{.......
000015a0: b3 01 c0 01 cd 01 d9 01 e5 01 f0 01 fb 01 06 02  ................
000015b0: 10 02 1a 02 24 02 2e 02 37 02 40 02 49 02 52 02  ....$...7.@.I.R.
000015c0: 5a 02 62 02 6a 02 71 02 79 02 80 02 87 02 8d 02  Z.b.j.q.y.......
000015d0: 94 02 9a 02 a0 02 a6 02 ac 02 b1 02 b7 02 bc 02  ................
000015e0: c1 02 c6 02 ca 02 cf 02 d3 02 d8 02 dc 02 e0 02  ................
000015f0: e4 02 e8 02 eb 02 ef 02 f3 02 f6 02 fa 02 fd 02  ................
00001600: 00 03 03 03 07 03 0a 03 0d 03 10 03 13 03 16 03  ................
00001610: 19 03 1c 03 1f 03 22 03 25 03 28 03 2b 03 2e 03  ......".%.(.+...
00001620: 31 03 34 03 37 03 3a 03 3d 03 40 03 44 03 47 03  1.4.7.:.=.@.D.G.
00001630: 4b 03 4e 03 52 03 56 03 59 03 5d 03 61 03 66 03  K.N.R.V.Y.].a.f.
00001640: 6a 03 6e 03 73 03 78 03 7c 03 81 03 87 03 8c 03  j.n.s.x.|.......
00001650: 91 03 97 03 9c 03 a2 03 a8 03 ae 03 b4 03 ba 03  ................
00001660: c0 03 c6 03 cc 03 d3 03 d9 03 df 03 e6 03 ec 03  ................
00001670: f3 03 f9 03 ff 03 00 00 1c 00 36 00 50 00 6a 00  ..........6.P.j.
00001680: 82 00 9a 00 b0 00 c6 00 dc 00 f0 00 04 01 17 01  ................
00001690: 29 01 3b 01 4c 01 5c 01 6c 01 7b 01 8a 01 98 01  ).;.L.\.l.{.....
000016a0: a6 01 b3 01 c0 01 cd 01 d9 01 e5 01 f0 01 fb 01  ................
000016b0: 06 02 10 02 1a 02 24 02 2e 02 37 02 40 02 49 02  ......$...7.@.I.
000016c0: 52 02 5a 02 62 02 6a 02 71 02 79 02 80 02 87 02  R.Z.b.j.q.y.....
000016d0: 8d 02 94 02 9a 02 a0 02 a6 02 ac 02 b1 02 b7 02  ................
000016e0: bc 02 c1 02 c6 02 ca 02 cf 02 d3 02 d8 02 dc 02  ................
000016f0: e0 02 e4 02 e8 02 eb 02 ef 02 f3 02 f6 02 fa 02  ................
00001700: fd 02 00 03 03 03 07 03 0a 03 0d 03 10 03 13 03  ................
00001710: 16 03 19 03 1c 03 1f 03 22 03 25 03 28 03 2b 03  ........".%.(.+.
00001720: 2e 03 31 03 34 03 37 03 3a 03 3d 03 40 03 44 03  ..1.4.7.:.=.@.D.
00001730: 47 03 4b 03 4e 03 52 03 56 03 59 03 5d 03 61 03  G.K.N.R.V.Y.].a.
00001740: 66 03 6a 03 6e 03 73 03 78 03 7c 03 81 03 87 03  f.j.n.s.x.|.....
00001750: 8c 03 91 03 97 03 9c 03 a2 03 a8 03 ae 03 b4 03  ................
00001760: ba 03 c0 03 c6 03 cc 03 d3 03 d9 03 df 03 e6 03  ................
00001770: ec 03 f3 03 f9 03 ff 03 00 00 03 00 1b 00 69 00  ..............i.
00001780: 80 00 00 00 00 00 00 00 00 00 00 00 00 00 00 00  ................
00001790: 00 00 00 00 00 00 00 00 00 00 03 00 1b 00 69 00  ..............i.
000017a0: 80 00 00 00 00 00 00 00 00 00 00 00 00 00 00 00  ................
000017b0: 00 00 00 00 00 00 00 00 00 00 03 00 1b 00 69 00  ..............i.
000017c0: 80 00 00 00 00 00 00 00 00 00 00 00 00 00 00 00  ................
000017d0: 00 00 00 00 00 00 00 00 01 00 08 00 88 00 01 00  ................
000017e0: 00 00 00 00 ff 00 00 00 00 02 38 ff c8 ff de ff  ..........8.....
000017f0: 8e 01 94 ff eb ff 2e ff e7 01 01 00 00 00 ff 00  ................
00001800: 00 00 10 02 2e ff c2 ff 45 ff 31 02 8a ff e1 ff  ........E.1.....
00001810: ce fd 51 03 01 00 00 00 ff 00 00 00 af 01 89 ff  ..Q.............
00001820: c8 ff 81 ff d6 01 a9 ff f5 ff 99 fe 72 02 01 00  ............r...
00001830: 00 00 ff 00 00 00 e0 01 cb ff 55 ff 91 ff 12 02  ..........U.....
00001840: 5d ff 02 00 2c ff d2 01 01 00 00 00 ff 00 00 00  ]...,...........
00001850: e0 01 35 ff eb ff b6 ff 68 01 e2 ff 16 00 b2 fe  ..5.....h.......
00001860: 38 02 09 00 6a 00 01 00 07 00 0d 00 01 00 01 00  8...j...........
00001870: 14 00 07 00 0d 00 01 00 00 00 14 00 07 00 0d 00  ................
00001880: 01 00 01 00 14 00 07 00 0d 00 01 00 01 00 14 00  ................
00001890: 07 00 0d 00 01 00 01 00 14 00 07 00 0d 00 01 00  ................
000018a0: 01 00 14 00 07 00 0d 00 01 00 01 00 14 00 07 00  ................
000018b0: 0d 00 01 00 01 00 14 00 07 00 00 00 01 00 01 00  ................
000018c0: 14 00 07 00 0d 00 01 00 01 00 14 00 0a 00 ee 26  ...............&
000018d0: 01 00 1f 00 80 00 00 00 00 00 00 00 00 00 60 00  ..............`.
000018e0: c0 00 00 00 10 00 20 00 30 00 40 00 50 00 60 00  ...... .0.@.P.`.
000018f0: 70 00 80 00 90 00 a0 00 b0 00 c0 00 d0 00 e0 00  p...............
00001900: f0 00 00 01 10 01 20 01 30 01 40 01 50 01 60 01  ...... .0.@.P.`.
00001910: 70 01 80 01 90 01 a0 01 b0 01 c0 01 d0 01 e0 01  p...............
00001920: f0 01 00 02 10 02 20 02 30 02 40 02 50 02 60 02  ...... .0.@.P.`.
00001930: 70 02 80 02 90 02 a0 02 b0 02 c0 02 d0 02 e0 02  p...............
00001940: f0 02 00 03 10 03 20 03 30 03 40 03 50 03 60 03  ...... .0.@.P.`.
00001950: 70 03 80 03 90 03 a0 03 b0 03 c0 03 d0 03 e0 03  p...............
00001960: f0 03 ff 03 00 00 10 00 20 00 30 00 40 00 50 00  ........ .0.@.P.
00001970: 60 00 70 00 80 00 90 00 a0 00 b0 00 c0 00 d0 00  `.p.............
00001980: e0 00 f0 00 00 01 10 01 20 01 30 01 40 01 50 01  ........ .0.@.P.
00001990: 60 01 70 01 80 01 90 01 a0 01 b0 01 c0 01 d0 01  `.p.............
000019a0: e0 01 f0 01 00 02 10 02 20 02 30 02 40 02 50 02  ........ .0.@.P.
000019b0: 60 02 70 02 80 02 90 02 a0 02 b0 02 c0 02 d0 02  `.p.............
000019c0: e0 02 f0 02 00 03 10 03 20 03 30 03 40 03 50 03  ........ .0.@.P.
000019d0: 60 03 70 03 80 03 90 03 a0 03 b0 03 c0 03 d0 03  `.p.............
000019e0: e0 03 f0 03 ff 03 00 00 10 00 20 00 30 00 40 00  .......... .0.@.
000019f0: 50 00 60 00 70 00 80 00 90 00 a0 00 b0 00 c0 00  P.`.p...........
00001a00: d0 00 e0 00 f0 00 00 01 10 01 20 01 30 01 40 01  .......... .0.@.
00001a10: 50 01 60 01 70 01 80 01 90 01 a0 01 b0 01 c0 01  P.`.p...........
00001a20: d0 01 e0 01 f0 01 00 02 10 02 20 02 30 02 40 02  .......... .0.@.
00001a30: 50 02 60 02 70 02 80 02 90 02 a0 02 b0 02 c0 02  P.`.p...........
00001a40: d0 02 e0 02 f0 02 00 03 10 03 20 03 30 03 40 03  .......... .0.@.
00001a50: 50 03 60 03 70 03 80 03 90 03 a0 03 b0 03 c0 03  P.`.p...........
00001a60: d0 03 e0 03 f0 03 ff 03 00 00 24 00 44 00 64 00  ..........$.D.d.
00001a70: 84 00 a4 00 c4 00 e0 00 fc 00 18 01 30 01 4c 01  ............0.L.
00001a80: 60 01 78 01 88 01 9c 01 ac 01 bc 01 cc 01 dc 01  `.x.............
00001a90: e8 01 f4 01 fc 01 08 02 10 02 1c 02 24 02 2c 02  ............$.,.
00001aa0: 34 02 3c 02 40 02 48 02 54 02 5c 02 64 02 70 02  4.<.@.H.T.\.d.p.
00001ab0: 78 02 84 02 8c 02 98 02 a4 02 b0 02 bc 02 c8 02  x...............
00001ac0: d8 02 e4 02 f0 02 00 03 0c 03 1c 03 28 03 38 03  ............(.8.
00001ad0: 48 03 54 03 64 03 74 03 84 03 94 03 a4 03 b4 03  H.T.d.t.........
00001ae0: c4 03 d4 03 e4 03 f4 03 ff 03 00 00 10 00 1c 00  ................
00001af0: 28 00 34 00 40 00 4c 00 58 00 60 00 6c 00 78 00  (.4.@.L.X.`.l.x.
00001b00: 84 00 90 00 9c 00 a8 00 b4 00 c4 00 d4 00 e8 00  ................
00001b10: fc 00 10 01 28 01 3c 01 54 01 70 01 88 01 a0 01  ....(.<.T.p.....
00001b20: bc 01 d4 01 f0 01 08 02 20 02 38 02 50 02 64 02  ........ .8.P.d.
00001b30: 78 02 88 02 9c 02 a8 02 b4 02 c0 02 cc 02 d4 02  x...............
00001b40: dc 02 e8 02 f0 02 fc 02 04 03 10 03 1c 03 2c 03  ..............,.
00001b50: 38 03 44 03 54 03 60 03 70 03 80 03 90 03 a0 03  8.D.T.`.p.......
00001b60: b0 03 c0 03 d0 03 e0 03 f0 03 ff 03 00 00 10 00  ................
00001b70: 20 00 30 00 40 00 50 00 60 00 70 00 80 00 90 00   .0.@.P.`.p.....
00001b80: a0 00 b0 00 c0 00 d0 00 e0 00 f0 00 00 01 10 01  ................
00001b90: 20 01 30 01 40 01 50 01 60 01 70 01 80 01 90 01   .0.@.P.`.p.....
00001ba0: a0 01 b0 01 c0 01 d0 01 e0 01 f0 01 00 02 10 02  ................
00001bb0: 20 02 30 02 40 02 50 02 60 02 70 02 80 02 90 02   .0.@.P.`.p.....
00001bc0: a0 02 b0 02 c0 02 d0 02 e0 02 f0 02 00 03 10 03  ................
00001bd0: 20 03 30 03 40 03 50 03 60 03 70 03 80 03 90 03   .0.@.P.`.p.....
00001be0: a0 03 b0 03 c0 03 d0 03 e0 03 f0 03 ff 03 00 00  ................
00001bf0: 40 00 00 00 00 00 00 00 00 00 00 00 00 00 00 00  @...............
00001c00: 00 00 00 00 00 00 00 00 00 00 00 00 00 00 00 00  ................
00001c10: 40 00 00 00 00 00 00 00 00 00 00 00 00 00 00 00  @...............
00001c20: 00 00 00 00 00 00 00 00 00 00 00 00 00 00 00 00  ................
00001c30: 40 00 00 00 00 00 00 00 00 00 00 00 00 00 00 00  @...............
00001c40: 00 00 00 00 00 00 00 00 00 00 00 00 00 00 00 00  ................
00001c50: 0a 00 18 00 1f 00 40 00 00 00 00 00 00 00 00 00  ......@.........
00001c60: 00 00 00 00 00 00 00 00 00 00 00 00 00 00 00 00  ................
00001c70: 08 00 11 00 25 00 2c 00 40 00 00 00 00 00 00 00  ....%.,.@.......
00001c80: 00 00 00 00 00 00 00 00 00 00 00 00 00 00 00 00  ................
00001c90: 08 00 10 00 18 00 20 00 28 00 30 00 38 00 00 00  ...... .(.0.8...
00001ca0: 00 00 00 00 00 00 00 00 00 00 00 00 00 00 00 00  ................
00001cb0: 00 00 08 00 00 01 14 00 00 00 01 00 00 00 00 00  ................
00001cc0: 00 00 60 00 c0 00 00 00 10 00 20 00 30 00 40 00  ..`....... .0.@.
00001cd0: 50 00 60 00 70 00 80 00 90 00 a0 00 b0 00 c0 00  P.`.p...........
00001ce0: d0 00 e0 00 f0 00 00 01 10 01 20 01 30 01 40 01  .......... .0.@.
00001cf0: 50 01 60 01 70 01 80 01 90 01 a0 01 b0 01 c0 01  P.`.p...........
00001d00: d0 01 e0 01 f0 01 00 02 10 02 20 02 30 02 40 02  .......... .0.@.
00001d10: 50 02 60 02 70 02 80 02 90 02 a0 02 b0 02 c0 02  P.`.p...........
00001d20: d0 02 e0 02 f0 02 00 03 10 03 20 03 30 03 40 03  .......... .0.@.
00001d30: 50 03 60 03 70 03 80 03 90 03 a0 03 b0 03 c0 03  P.`.p...........
00001d40: d0 03 e0 03 f0 03 ff 03 00 00 10 00 20 00 30 00  ............ .0.
00001d50: 40 00 50 00 60 00 70 00 80 00 90 00 a0 00 b0 00  @.P.`.p.........
00001d60: c0 00 d0 00 e0 00 f0 00 00 01 10 01 20 01 30 01  ............ .0.
00001d70: 40 01 50 01 60 01 70 01 80 01 90 01 a0 01 b0 01  @.P.`.p.........
00001d80: c0 01 d0 01 e0 01 f0 01 00 02 10 02 20 02 30 02  ............ .0.
00001d90: 40 02 50 02 60 02 70 02 80 02 90 02 a0 02 b0 02  @.P.`.p.........
00001da0: c0 02 d0 02 e0 02 f0 02 00 03 10 03 20 03 30 03  ............ .0.
00001db0: 40 03 50 03 60 03 70 03 80 03 90 03 a0 03 b0 03  @.P.`.p.........
00001dc0: c0 03 d0 03 e0 03 f0 03 ff 03 00 00 10 00 20 00  .............. .
00001dd0: 30 00 40 00 50 00 60 00 70 00 80 00 90 00 a0 00  0.@.P.`.p.......
00001de0: b0 00 c0 00 d0 00 e0 00 f0 00 00 01 10 01 20 01  .............. .
00001df0: 30 01 40 01 50 01 60 01 70 01 80 01 90 01 a0 01  0.@.P.`.p.......
00001e00: b0 01 c0 01 d0 01 e0 01 f0 01 00 02 10 02 20 02  .............. .
00001e10: 30 02 40 02 50 02 60 02 70 02 80 02 90 02 a0 02  0.@.P.`.p.......
00001e20: b0 02 c0 02 d0 02 e0 02 f0 02 00 03 10 03 20 03  .............. .
00001e30: 30 03 40 03 50 03 60 03 70 03 80 03 90 03 a0 03  0.@.P.`.p.......
00001e40: b0 03 c0 03 d0 03 e0 03 f0 03 ff 03 00 00 3e 00  ..............>.
00001e50: 74 00 9d 00 bc 00 d8 00 f0 00 07 01 1b 01 2d 01  t.............-.
00001e60: 3e 01 4e 01 5c 01 6a 01 78 01 86 01 93 01 a1 01  >.N.\.j.x.......
00001e70: ae 01 bc 01 c9 01 d6 01 e3 01 f1 01 fe 01 0b 02  ................
00001e80: 18 02 25 02 32 02 3f 02 4c 02 59 02 66 02 73 02  ..%.2.?.L.Y.f.s.
00001e90: 80 02 8d 02 9a 02 a6 02 b3 02 c0 02 cd 02 da 02  ................
00001ea0: e7 02 f4 02 00 03 0d 03 1a 03 27 03 34 03 40 03  ..........'.4.@.
00001eb0: 4d 03 5a 03 67 03 73 03 80 03 8d 03 9a 03 a6 03  M.Z.g.s.........
00001ec0: b3 03 c0 03 cd 03 d9 03 e6 03 f3 03 ff 03 00 00  ................
00001ed0: 14 00 28 00 3b 00 4f 00 62 00 76 00 8a 00 9d 00  ..(.;.O.b.v.....
00001ee0: b1 00 c5 00 d8 00 ec 00 00 01 14 01 28 01 3c 01  ............(.<.
00001ef0: 50 01 64 01 78 01 8b 01 9f 01 b3 01 c6 01 d9 01  P.d.x...........
00001f00: ed 01 ff 01 12 02 25 02 37 02 49 02 5a 02 6c 02  ......%.7.I.Z.l.
00001f10: 7d 02 8d 02 9e 02 ae 02 bd 02 cc 02 db 02 e9 02  }...............
00001f20: f7 02 04 03 11 03 1d 03 29 03 34 03 3e 03 48 03  ........).4.>.H.
00001f30: 52 03 5c 03 66 03 70 03 7a 03 85 03 90 03 9c 03  R.\.f.p.z.......
00001f40: a8 03 b4 03 c0 03 cc 03 d9 03 e6 03 f3 03 ff 03  ................
00001f50: 00 00 11 00 21 00 31 00 41 00 51 00 61 00 71 00  ....!.1.A.Q.a.q.
00001f60: 81 00 92 00 a2 00 b2 00 c3 00 d3 00 e3 00 f4 00  ................
00001f70: 05 01 15 01 26 01 37 01 48 01 59 01 6a 01 7b 01  ....&.7.H.Y.j.{.
00001f80: 8c 01 9d 01 af 01 c1 01 d2 01 e4 01 f6 01 08 02  ................
00001f90: 1a 02 2d 02 3f 02 52 02 65 02 77 02 8b 02 9e 02  ..-.?.R.e.w.....
00001fa0: b1 02 c5 02 d9 02 ed 02 01 03 15 03 29 03 3b 03  ............).;.
00001fb0: 4c 03 5a 03 67 03 72 03 7b 03 84 03 8d 03 95 03  L.Z.g.r.{.......
00001fc0: 9e 03 a8 03 b2 03 be 03 ca 03 d7 03 e4 03 f2 03  ................
00001fd0: ff 03 00 00 40 00 00 00 00 00 00 00 00 00 00 00  ....@...........
00001fe0: 00 00 00 00 00 00 00 00 00 00 00 00 00 00 00 00  ................
00001ff0: 00 00 00 00 40 00 00 00 00 00 00 00 00 00 00 00  ....@...........
00002000: 00 00 00 00 00 00 00 00 00 00 00 00 00 00 00 00  ................
00002010: 00 00 00 00 40 00 00 00 00 00 00 00 00 00 00 00  ....@...........
00002020: 00 00 00 00 00 00 00 00 00 00 00 00 00 00 00 00  ................
00002030: 00 00 00 00 02 00 04 00 0e 00 1e 00 40 00 00 00  ............@...
00002040: 00 00 00 00 00 00 00 00 00 00 00 00 00 00 00 00  ................
00002050: 00 00 00 00 0c 00 2e 00 34 00 40 00 00 00 00 00  ........4.@.....
00002060: 00 00 00 00 00 00 00 00 00 00 00 00 00 00 00 00  ................
00002070: 00 00 00 00 2b 00 30 00 39 00 40 00 00 00 00 00  ....+.0.9.@.....
00002080: 00 00 00 00 00 00 00 00 00 00 00 00 00 00 00 00  ................
00002090: 00 00 01 00 40 00 80 00 00 01 10 00 00 00 01 00  ....@...........
000020a0: 00 00 00 00 00 00 60 00 c0 00 00 00 10 00 20 00  ......`....... .
000020b0: 30 00 40 00 50 00 60 00 70 00 80 00 90 00 a0 00  0.@.P.`.p.......
000020c0: b0 00 c0 00 d0 00 e0 00 f0 00 00 01 10 01 20 01  .............. .
000020d0: 30 01 40 01 50 01 60 01 70 01 80 01 90 01 a0 01  0.@.P.`.p.......
000020e0: b0 01 c0 01 d0 01 e0 01 f0 01 00 02 10 02 20 02  .............. .
000020f0: 30 02 40 02 50 02 60 02 70 02 80 02 90 02 a0 02  0.@.P.`.p.......
00002100: b0 02 c0 02 d0 02 e0 02 f0 02 00 03 10 03 20 03  .............. .
00002110: 30 03 40 03 50 03 60 03 70 03 80 03 90 03 a0 03  0.@.P.`.p.......
00002120: b0 03 c0 03 d0 03 e0 03 f0 03 ff 03 00 00 10 00  ................
00002130: 20 00 30 00 40 00 50 00 60 00 70 00 80 00 90 00   .0.@.P.`.p.....
00002140: a0 00 b0 00 c0 00 d0 00 e0 00 f0 00 00 01 10 01  ................
00002150: 20 01 30 01 40 01 50 01 60 01 70 01 80 01 90 01   .0.@.P.`.p.....
00002160: a0 01 b0 01 c0 01 d0 01 e0 01 f0 01 00 02 10 02  ................
00002170: 20 02 30 02 40 02 50 02 60 02 70 02 80 02 90 02   .0.@.P.`.p.....
00002180: a0 02 b0 02 c0 02 d0 02 e0 02 f0 02 00 03 10 03  ................
00002190: 20 03 30 03 40 03 50 03 60 03 70 03 80 03 90 03   .0.@.P.`.p.....
000021a0: a0 03 b0 03 c0 03 d0 03 e0 03 f0 03 ff 03 00 00  ................
000021b0: 10 00 20 00 30 00 40 00 50 00 60 00 70 00 80 00  .. .0.@.P.`.p...
000021c0: 90 00 a0 00 b0 00 c0 00 d0 00 e0 00 f0 00 00 01  ................
000021d0: 10 01 20 01 30 01 40 01 50 01 60 01 70 01 80 01  .. .0.@.P.`.p...
000021e0: 90 01 a0 01 b0 01 c0 01 d0 01 e0 01 f0 01 00 02  ................
000021f0: 10 02 20 02 30 02 40 02 50 02 60 02 70 02 80 02  .. .0.@.P.`.p...
00002200: 90 02 a0 02 b0 02 c0 02 d0 02 e0 02 f0 02 00 03  ................
00002210: 10 03 20 03 30 03 40 03 50 03 60 03 70 03 80 03  .. .0.@.P.`.p...
00002220: 90 03 a0 03 b0 03 c0 03 d0 03 e0 03 f0 03 ff 03  ................
00002230: 00 00 38 00 68 00 8f 00 af 00 ca 00 e1 00 f5 00  ..8.h...........
00002240: 06 01 15 01 22 01 2e 01 38 01 42 01 4b 01 55 01  ...."...8.B.K.U.
00002250: 5e 01 68 01 71 01 7a 01 84 01 8d 01 97 01 a1 01  ^.h.q.z.........
00002260: ab 01 b5 01 bf 01 ca 01 d5 01 e0 01 ec 01 f8 01  ................
00002270: 04 02 10 02 1d 02 2b 02 38 02 46 02 54 02 62 02  ......+.8.F.T.b.
00002280: 71 02 80 02 8f 02 9e 02 ad 02 bd 02 cd 02 dd 02  q...............
00002290: ed 02 fe 02 0e 03 1f 03 30 03 40 03 51 03 63 03  ........0.@.Q.c.
000022a0: 74 03 85 03 96 03 a8 03 b9 03 cb 03 dc 03 ee 03  t...............
000022b0: ff 03 00 00 12 00 24 00 36 00 47 00 59 00 6b 00  ......$.6.G.Y.k.
000022c0: 7d 00 8f 00 a0 00 b2 00 c4 00 d6 00 e8 00 fa 00  }...............
000022d0: 0c 01 1f 01 31 01 43 01 56 01 68 01 7b 01 8d 01  ....1.C.V.h.{...
000022e0: a0 01 b3 01 c6 01 d9 01 ec 01 fe 01 11 02 24 02  ..............$.
000022f0: 36 02 48 02 5a 02 6b 02 7d 02 8d 02 9e 02 ae 02  6.H.Z.k.}.......
00002300: bd 02 cc 02 da 02 e8 02 f5 02 02 03 0f 03 1c 03  ................
00002310: 28 03 35 03 42 03 4e 03 5b 03 68 03 74 03 81 03  (.5.B.N.[.h.t...
00002320: 8e 03 9a 03 a7 03 b4 03 c0 03 cd 03 da 03 e6 03  ................
00002330: f3 03 ff 03 00 00 13 00 26 00 39 00 4b 00 5e 00  ........&.9.K.^.
00002340: 71 00 83 00 96 00 a9 00 bb 00 ce 00 e0 00 f2 00  q...............
00002350: 05 01 17 01 29 01 3b 01 4d 01 5f 01 71 01 83 01  ....).;.M._.q...
00002360: 94 01 a6 01 b7 01 c9 01 da 01 eb 01 fc 01 0d 02  ................
00002370: 1e 02 2e 02 3f 02 4f 02 5f 02 6f 02 7f 02 8e 02  ....?.O._.o.....
00002380: 9e 02 ad 02 bc 02 cb 02 da 02 e8 02 f7 02 05 03  ................
00002390: 13 03 21 03 2f 03 3c 03 4a 03 57 03 65 03 72 03  ..!./.<.J.W.e.r.
000023a0: 7f 03 8c 03 99 03 a6 03 b3 03 c0 03 cd 03 d9 03  ................
000023b0: e6 03 f3 03 ff 03 00 00 40 00 00 00 00 00 00 00  ........@.......
000023c0: 00 00 00 00 00 00 00 00 00 00 00 00 00 00 00 00  ................
000023d0: 00 00 00 00 00 00 00 00 40 00 00 00 00 00 00 00  ........@.......
000023e0: 00 00 00 00 00 00 00 00 00 00 00 00 00 00 00 00  ................
000023f0: 00 00 00 00 00 00 00 00 40 00 00 00 00 00 00 00  ........@.......
00002400: 00 00 00 00 00 00 00 00 00 00 00 00 00 00 00 00  ................
00002410: 00 00 00 00 00 00 00 00 01 00 05 00 0d 00 1d 00  ................
00002420: 40 00 00 00 00 00 00 00 00 00 00 00 00 00 00 00  @...............
00002430: 00 00 00 00 00 00 00 00 17 00 28 00 2e 00 40 00  ..........(...@.
00002440: 00 00 00 00 00 00 00 00 00 00 00 00 00 00 00 00  ................
00002450: 00 00 00 00 00 00 00 00 28 00 40 00 00 00 00 00  ........(.@.....
00002460: 00 00 00 00 00 00 00 00 00 00 00 00 00 00 00 00  ................
00002470: 00 00 00 00 00 00 01 00 40 00 80 00 00 01 08 00  ........@.......
00002480: 00 00 01 00 00 00 00 00 00 00 32 00 c0 00 00 00  ..........2.....
00002490: 10 00 20 00 30 00 40 00 50 00 60 00 70 00 80 00  .. .0.@.P.`.p...
000024a0: 90 00 a0 00 b0 00 c0 00 d0 00 e0 00 f0 00 00 01  ................
000024b0: 10 01 20 01 30 01 40 01 50 01 60 01 70 01 80 01  .. .0.@.P.`.p...
000024c0: 90 01 a0 01 b0 01 c0 01 d0 01 e0 01 f0 01 00 02  ................
000024d0: 10 02 20 02 30 02 40 02 50 02 60 02 70 02 80 02  .. .0.@.P.`.p...
000024e0: 90 02 a0 02 b0 02 c0 02 d0 02 e0 02 f0 02 00 03  ................
000024f0: 10 03 20 03 30 03 40 03 50 03 60 03 70 03 80 03  .. .0.@.P.`.p...
00002500: 90 03 a0 03 b0 03 c0 03 d0 03 e0 03 f0 03 ff 03  ................
00002510: 00 00 10 00 20 00 30 00 40 00 50 00 60 00 70 00  .... .0.@.P.`.p.
00002520: 80 00 90 00 a0 00 b0 00 c0 00 d0 00 e0 00 f0 00  ................
00002530: 00 01 10 01 20 01 30 01 40 01 50 01 60 01 70 01  .... .0.@.P.`.p.
00002540: 80 01 90 01 a0 01 b0 01 c0 01 d0 01 e0 01 f0 01  ................
00002550: 00 02 10 02 20 02 30 02 40 02 50 02 60 02 70 02  .... .0.@.P.`.p.
00002560: 80 02 90 02 a0 02 b0 02 c0 02 d0 02 e0 02 f0 02  ................
00002570: 00 03 10 03 20 03 30 03 40 03 50 03 60 03 70 03  .... .0.@.P.`.p.
00002580: 80 03 90 03 a0 03 b0 03 c0 03 d0 03 e0 03 f0 03  ................
00002590: ff 03 00 00 10 00 20 00 30 00 40 00 50 00 60 00  ...... .0.@.P.`.
000025a0: 70 00 80 00 90 00 a0 00 b0 00 c0 00 d0 00 e0 00  p...............
000025b0: f0 00 00 01 10 01 20 01 30 01 40 01 50 01 60 01  ...... .0.@.P.`.
000025c0: 70 01 80 01 90 01 a0 01 b0 01 c0 01 d0 01 e0 01  p...............
000025d0: f0 01 00 02 10 02 20 02 30 02 40 02 50 02 60 02  ...... .0.@.P.`.
000025e0: 70 02 80 02 90 02 a0 02 b0 02 c0 02 d0 02 e0 02  p...............
000025f0: f0 02 00 03 10 03 20 03 30 03 40 03 50 03 60 03  ...... .0.@.P.`.
00002600: 70 03 80 03 90 03 a0 03 b0 03 c0 03 d0 03 e0 03  p...............
00002610: f0 03 ff 03 00 00 28 00 4e 00 74 00 98 00 b9 00  ......(.N.t.....
00002620: d8 00 f4 00 0d 01 24 01 38 01 4a 01 5b 01 6a 01  ......$.8.J.[.j.
00002630: 78 01 86 01 93 01 9f 01 ab 01 b6 01 c1 01 cb 01  x...............
00002640: d6 01 e0 01 ea 01 f4 01 fe 01 07 02 11 02 1b 02  ................
00002650: 25 02 30 02 3b 02 46 02 51 02 5d 02 69 02 75 02  %.0.;.F.Q.].i.u.
00002660: 81 02 8e 02 9b 02 a8 02 b6 02 c3 02 d1 02 df 02  ................
00002670: ed 02 fb 02 0a 03 18 03 27 03 36 03 45 03 54 03  ........'.6.E.T.
00002680: 63 03 73 03 82 03 92 03 a1 03 b1 03 c1 03 d0 03  c.s.............
00002690: e0 03 f0 03 ff 03 00 00 11 00 22 00 32 00 44 00  ..........".2.D.
000026a0: 56 00 68 00 7c 00 90 00 a5 00 ba 00 d0 00 e5 00  V.h.|...........
000026b0: fb 00 10 01 25 01 3a 01 4f 01 63 01 77 01 8a 01  ....%.:.O.c.w...
000026c0: 9d 01 b0 01 c3 01 d5 01 e7 01 f8 01 09 02 1a 02  ................
000026d0: 2b 02 3b 02 4b 02 5b 02 6a 02 79 02 88 02 96 02  +.;.K.[.j.y.....
000026e0: a4 02 b2 02 bf 02 cc 02 d9 02 e5 02 f2 02 fd 02  ................
000026f0: 09 03 14 03 1f 03 29 03 34 03 3e 03 48 03 52 03  ......).4.>.H.R.
00002700: 5c 03 68 03 74 03 81 03 8f 03 9e 03 ad 03 bd 03  \.h.t...........
00002710: cd 03 de 03 ef 03 ff 03 00 00 0f 00 1e 00 2d 00  ..............-.
00002720: 3b 00 4a 00 59 00 67 00 76 00 85 00 93 00 a2 00  ;.J.Y.g.v.......
00002730: b0 00 bf 00 cd 00 db 00 ea 00 f8 00 06 01 14 01  ................
00002740: 22 01 30 01 3e 01 4c 01 5a 01 67 01 75 01 83 01  ".0.>.L.Z.g.u...
00002750: 91 01 9e 01 ac 01 ba 01 c8 01 d6 01 e4 01 f2 01  ................
00002760: 01 02 0f 02 1e 02 2d 02 3c 02 4b 02 5b 02 6b 02  ......-.<.K.[.k.
00002770: 7b 02 8b 02 9b 02 ac 02 bd 02 cf 02 e1 02 f3 02  {...............
00002780: 06 03 19 03 2c 03 40 03 54 03 69 03 7d 03 93 03  ....,.@.T.i.}...
00002790: a8 03 be 03 d4 03 ea 03 ff 03 00 00 40 00 00 00  ............@...
000027a0: 00 00 00 00 00 00 00 00 00 00 00 00 00 00 00 00  ................
000027b0: 00 00 00 00 00 00 00 00 00 00 00 00 40 00 00 00  ............@...
000027c0: 00 00 00 00 00 00 00 00 00 00 00 00 00 00 00 00  ................
000027d0: 00 00 00 00 00 00 00 00 00 00 00 00 40 00 00 00  ............@...
000027e0: 00 00 00 00 00 00 00 00 00 00 00 00 00 00 00 00  ................
000027f0: 00 00 00 00 00 00 00 00 00 00 00 00 06 00 0e 00  ................
00002800: 1f 00 40 00 00 00 00 00 00 00 00 00 00 00 00 00  ..@.............
00002810: 00 00 00 00 00 00 00 00 00 00 00 00 06 00 0e 00  ................
00002820: 31 00 36 00 40 00 00 00 00 00 00 00 00 00 00 00  1.6.@...........
00002830: 00 00 00 00 00 00 00 00 00 00 00 00 15 00 37 00  ..............7.
00002840: 40 00 00 00 00 00 00 00 00 00 00 00 00 00 00 00  @...............
00002850: 00 00 00 00 00 00 00 00 00 00 01 00 40 00 80 00  ............@...
00002860: 00 01 08 00 00 00 01 00 00 00 00 00 00 00 32 00  ..............2.
00002870: c0 00 00 00 10 00 20 00 30 00 40 00 50 00 60 00  ...... .0.@.P.`.
00002880: 70 00 80 00 90 00 a0 00 b0 00 c0 00 d0 00 e0 00  p...............
00002890: f0 00 00 01 10 01 20 01 30 01 40 01 50 01 60 01  ...... .0.@.P.`.
000028a0: 70 01 80 01 90 01 a0 01 b0 01 c0 01 d0 01 e0 01  p...............
000028b0: f0 01 00 02 10 02 20 02 30 02 40 02 50 02 60 02  ...... .0.@.P.`.
000028c0: 70 02 80 02 90 02 a0 02 b0 02 c0 02 d0 02 e0 02  p...............
000028d0: f0 02 00 03 10 03 20 03 30 03 40 03 50 03 60 03  ...... .0.@.P.`.
000028e0: 70 03 80 03 90 03 a0 03 b0 03 c0 03 d0 03 e0 03  p...............
000028f0: f0 03 ff 03 00 00 10 00 20 00 30 00 40 00 50 00  ........ .0.@.P.
00002900: 60 00 70 00 80 00 90 00 a0 00 b0 00 c0 00 d0 00  `.p.............
00002910: e0 00 f0 00 00 01 10 01 20 01 30 01 40 01 50 01  ........ .0.@.P.
00002920: 60 01 70 01 80 01 90 01 a0 01 b0 01 c0 01 d0 01  `.p.............
00002930: e0 01 f0 01 00 02 10 02 20 02 30 02 40 02 50 02  ........ .0.@.P.
00002940: 60 02 70 02 80 02 90 02 a0 02 b0 02 c0 02 d0 02  `.p.............
00002950: e0 02 f0 02 00 03 10 03 20 03 30 03 40 03 50 03  ........ .0.@.P.
00002960: 60 03 70 03 80 03 90 03 a0 03 b0 03 c0 03 d0 03  `.p.............
00002970: e0 03 f0 03 ff 03 00 00 10 00 20 00 30 00 40 00  .......... .0.@.
00002980: 50 00 60 00 70 00 80 00 90 00 a0 00 b0 00 c0 00  P.`.p...........
00002990: d0 00 e0 00 f0 00 00 01 10 01 20 01 30 01 40 01  .......... .0.@.
000029a0: 50 01 60 01 70 01 80 01 90 01 a0 01 b0 01 c0 01  P.`.p...........
000029b0: d0 01 e0 01 f0 01 00 02 10 02 20 02 30 02 40 02  .......... .0.@.
000029c0: 50 02 60 02 70 02 80 02 90 02 a0 02 b0 02 c0 02  P.`.p...........
000029d0: d0 02 e0 02 f0 02 00 03 10 03 20 03 30 03 40 03  .......... .0.@.
000029e0: 50 03 60 03 70 03 80 03 90 03 a0 03 b0 03 c0 03  P.`.p...........
000029f0: d0 03 e0 03 f0 03 ff 03 00 00 1e 00 3b 00 58 00  ............;.X.
00002a00: 74 00 8f 00 a8 00 c0 00 d6 00 eb 00 fe 00 10 01  t...............
00002a10: 21 01 31 01 41 01 50 01 5f 01 6f 01 7e 01 8d 01  !.1.A.P._.o.~...
00002a20: 9c 01 ab 01 ba 01 c9 01 d8 01 e7 01 f6 01 04 02  ................
00002a30: 13 02 21 02 30 02 3e 02 4d 02 5b 02 69 02 77 02  ..!.0.>.M.[.i.w.
00002a40: 85 02 93 02 a1 02 af 02 bd 02 cb 02 d9 02 e6 02  ................
00002a50: f4 02 02 03 0f 03 1d 03 2a 03 38 03 45 03 53 03  ........*.8.E.S.
00002a60: 60 03 6d 03 7b 03 88 03 95 03 a3 03 b0 03 bd 03  `.m.{...........
00002a70: cb 03 d8 03 e5 03 f2 03 ff 03 00 00 11 00 22 00  ..............".
00002a80: 33 00 45 00 56 00 68 00 7b 00 8e 00 a1 00 b5 00  3.E.V.h.{.......
00002a90: c8 00 dc 00 f0 00 04 01 18 01 2c 01 40 01 53 01  ..........,.@.S.
00002aa0: 67 01 7a 01 8d 01 a0 01 b3 01 c5 01 d7 01 e9 01  g.z.............
00002ab0: fb 01 0d 02 1e 02 2f 02 40 02 51 02 61 02 71 02  ....../.@.Q.a.q.
00002ac0: 80 02 8f 02 9e 02 ad 02 bb 02 c9 02 d6 02 e4 02  ................
00002ad0: f0 02 fc 02 08 03 14 03 1f 03 29 03 34 03 3f 03  ..........).4.?.
00002ae0: 49 03 54 03 60 03 6c 03 78 03 86 03 94 03 a2 03  I.T.`.l.x.......
00002af0: b1 03 c0 03 d0 03 e0 03 f0 03 ff 03 00 00 0f 00  ................
00002b00: 1e 00 2d 00 3c 00 4b 00 5a 00 69 00 78 00 87 00  ..-.<.K.Z.i.x...
00002b10: 96 00 a4 00 b3 00 c2 00 d1 00 e0 00 ef 00 fe 00  ................
00002b20: 0c 01 1b 01 2a 01 39 01 48 01 57 01 65 01 74 01  ....*.9.H.W.e.t.
00002b30: 83 01 92 01 a0 01 af 01 be 01 cd 01 dc 01 eb 01  ................
00002b40: fa 01 09 02 19 02 28 02 38 02 48 02 58 02 68 02  ......(.8.H.X.h.
00002b50: 78 02 88 02 99 02 aa 02 bb 02 cc 02 dd 02 ef 02  x...............
00002b60: 00 03 12 03 24 03 36 03 48 03 5a 03 6c 03 7e 03  ....$.6.H.Z.l.~.
00002b70: 91 03 a3 03 b6 03 c8 03 da 03 ed 03 ff 03 00 00  ................
00002b80: 40 00 00 00 00 00 00 00 00 00 00 00 00 00 00 00  @...............
00002b90: 00 00 00 00 00 00 00 00 00 00 00 00 00 00 00 00  ................
00002ba0: 40 00 00 00 00 00 00 00 00 00 00 00 00 00 00 00  @...............
00002bb0: 00 00 00 00 00 00 00 00 00 00 00 00 00 00 00 00  ................
00002bc0: 40 00 00 00 00 00 00 00 00 00 00 00 00 00 00 00  @...............
00002bd0: 00 00 00 00 00 00 00 00 00 00 00 00 00 00 00 00  ................
00002be0: 07 00 0f 00 1e 00 40 00 00 00 00 00 00 00 00 00  ......@.........
00002bf0: 00 00 00 00 00 00 00 00 00 00 00 00 00 00 00 00  ................
00002c00: 06 00 0f 00 2e 00 36 00 40 00 00 00 00 00 00 00  ......6.@.......
00002c10: 00 00 00 00 00 00 00 00 00 00 00 00 00 00 00 00  ................
00002c20: 19 00 2a 00 40 00 00 00 00 00 00 00 00 00 00 00  ..*.@...........
00002c30: 00 00 00 00 00 00 00 00 00 00 00 00 00 00 01 00  ................
00002c40: 40 00 80 00 00 01 06 00 00 00 01 00 00 00 00 00  @...............
00002c50: 00 00 32 00 c0 00 00 00 10 00 20 00 30 00 40 00  ..2....... .0.@.
00002c60: 50 00 60 00 70 00 80 00 90 00 a0 00 b0 00 c0 00  P.`.p...........
00002c70: d0 00 e0 00 f0 00 00 01 10 01 20 01 30 01 40 01  .......... .0.@.
00002c80: 50 01 60 01 70 01 80 01 90 01 a0 01 b0 01 c0 01  P.`.p...........
00002c90: d0 01 e0 01 f0 01 00 02 10 02 20 02 30 02 40 02  .......... .0.@.
00002ca0: 50 02 60 02 70 02 80 02 90 02 a0 02 b0 02 c0 02  P.`.p...........
00002cb0: d0 02 e0 02 f0 02 00 03 10 03 20 03 30 03 40 03  .......... .0.@.
00002cc0: 50 03 60 03 70 03 80 03 90 03 a0 03 b0 03 c0 03  P.`.p...........
00002cd0: d0 03 e0 03 f0 03 ff 03 00 00 10 00 20 00 30 00  ............ .0.
00002ce0: 40 00 50 00 60 00 70 00 80 00 90 00 a0 00 b0 00  @.P.`.p.........
00002cf0: c0 00 d0 00 e0 00 f0 00 00 01 10 01 20 01 30 01  ............ .0.
00002d00: 40 01 50 01 60 01 70 01 80 01 90 01 a0 01 b0 01  @.P.`.p.........
00002d10: c0 01 d0 01 e0 01 f0 01 00 02 10 02 20 02 30 02  ............ .0.
00002d20: 40 02 50 02 60 02 70 02 80 02 90 02 a0 02 b0 02  @.P.`.p.........
00002d30: c0 02 d0 02 e0 02 f0 02 00 03 10 03 20 03 30 03  ............ .0.
00002d40: 40 03 50 03 60 03 70 03 80 03 90 03 a0 03 b0 03  @.P.`.p.........
00002d50: c0 03 d0 03 e0 03 f0 03 ff 03 00 00 10 00 20 00  .............. .
00002d60: 30 00 40 00 50 00 60 00 70 00 80 00 90 00 a0 00  0.@.P.`.p.......
00002d70: b0 00 c0 00 d0 00 e0 00 f0 00 00 01 10 01 20 01  .............. .
00002d80: 30 01 40 01 50 01 60 01 70 01 80 01 90 01 a0 01  0.@.P.`.p.......
00002d90: b0 01 c0 01 d0 01 e0 01 f0 01 00 02 10 02 20 02  .............. .
00002da0: 30 02 40 02 50 02 60 02 70 02 80 02 90 02 a0 02  0.@.P.`.p.......
00002db0: b0 02 c0 02 d0 02 e0 02 f0 02 00 03 10 03 20 03  .............. .
00002dc0: 30 03 40 03 50 03 60 03 70 03 80 03 90 03 a0 03  0.@.P.`.p.......
00002dd0: b0 03 c0 03 d0 03 e0 03 f0 03 ff 03 00 00 31 00  ..............1.
00002de0: 5e 00 84 00 a5 00 c2 00 da 00 ef 00 02 01 14 01  ^...............
00002df0: 23 01 31 01 3f 01 4b 01 57 01 63 01 6e 01 79 01  #.1.?.K.W.c.n.y.
00002e00: 84 01 8f 01 9a 01 a4 01 af 01 b9 01 c4 01 cf 01  ................
00002e10: da 01 e5 01 f0 01 fc 01 07 02 14 02 20 02 2c 02  ............ .,.
00002e20: 39 02 46 02 53 02 61 02 6f 02 7c 02 8a 02 99 02  9.F.S.a.o.|.....
00002e30: a7 02 b6 02 c4 02 d3 02 e2 02 f1 02 00 03 10 03  ................
00002e40: 1f 03 2f 03 3f 03 4e 03 5e 03 6e 03 7e 03 8e 03  ../.?.N.^.n.~...
00002e50: 9e 03 ae 03 bf 03 cf 03 df 03 ef 03 ff 03 00 00  ................
00002e60: 15 00 29 00 3d 00 52 00 66 00 7a 00 8f 00 a3 00  ..).=.R.f.z.....
00002e70: b7 00 cb 00 e0 00 f4 00 08 01 1c 01 2f 01 43 01  ............/.C.
00002e80: 57 01 6a 01 7d 01 90 01 a3 01 b6 01 c8 01 da 01  W.j.}...........
00002e90: ec 01 fd 01 0f 02 20 02 30 02 40 02 50 02 60 02  ...... .0.@.P.`.
00002ea0: 6f 02 7d 02 8c 02 9a 02 a8 02 b5 02 c3 02 d0 02  o.}.............
00002eb0: dd 02 ea 02 f6 02 03 03 10 03 1c 03 29 03 35 03  ............).5.
00002ec0: 42 03 4e 03 5b 03 67 03 74 03 81 03 8d 03 9a 03  B.N.[.g.t.......
00002ed0: a7 03 b3 03 c0 03 cd 03 d9 03 e6 03 f3 03 ff 03  ................
00002ee0: 00 00 10 00 20 00 30 00 40 00 50 00 60 00 70 00  .... .0.@.P.`.p.
00002ef0: 80 00 90 00 a0 00 b0 00 c0 00 d0 00 e0 00 f0 00  ................
00002f00: 00 01 10 01 20 01 30 01 40 01 50 01 60 01 70 01  .... .0.@.P.`.p.
00002f10: 80 01 90 01 a0 01 b0 01 c0 01 d0 01 e0 01 f0 01  ................
00002f20: 00 02 10 02 20 02 30 02 40 02 50 02 60 02 70 02  .... .0.@.P.`.p.
00002f30: 80 02 90 02 a0 02 b0 02 c0 02 d0 02 e0 02 f0 02  ................
00002f40: 00 03 10 03 20 03 30 03 40 03 50 03 60 03 70 03  .... .0.@.P.`.p.
00002f50: 80 03 90 03 a0 03 b0 03 c0 03 d0 03 e0 03 f0 03  ................
00002f60: ff 03 00 00 40 00 00 00 00 00 00 00 00 00 00 00  ....@...........
00002f70: 00 00 00 00 00 00 00 00 00 00 00 00 00 00 00 00  ................
00002f80: 00 00 00 00 40 00 00 00 00 00 00 00 00 00 00 00  ....@...........
00002f90: 00 00 00 00 00 00 00 00 00 00 00 00 00 00 00 00  ................
00002fa0: 00 00 00 00 40 00 00 00 00 00 00 00 00 00 00 00  ....@...........
00002fb0: 00 00 00 00 00 00 00 00 00 00 00 00 00 00 00 00  ................
00002fc0: 00 00 00 00 01 00 07 00 0d 00 1c 00 40 00 00 00  ............@...
00002fd0: 00 00 00 00 00 00 00 00 00 00 00 00 00 00 00 00  ................
00002fe0: 00 00 00 00 06 00 1f 00 2f 00 40 00 00 00 00 00  ......../.@.....
00002ff0: 00 00 00 00 00 00 00 00 00 00 00 00 00 00 00 00  ................
00003000: 00 00 00 00 40 00 00 00 00 00 00 00 00 00 00 00  ....@...........
00003010: 00 00 00 00 00 00 00 00 00 00 00 00 00 00 00 00  ................
00003020: 00 00 01 00 40 00 80 00 00 01 04 00 00 00 01 00  ....@...........
00003030: 00 00 00 00 00 00 32 00 c0 00 00 00 10 00 20 00  ......2....... .
00003040: 30 00 40 00 50 00 60 00 70 00 80 00 90 00 a0 00  0.@.P.`.p.......
00003050: b0 00 c0 00 d0 00 e0 00 f0 00 00 01 10 01 20 01  .............. .
00003060: 30 01 40 01 50 01 60 01 70 01 80 01 90 01 a0 01  0.@.P.`.p.......
00003070: b0 01 c0 01 d0 01 e0 01 f0 01 00 02 10 02 20 02  .............. .
00003080: 30 02 40 02 50 02 60 02 70 02 80 02 90 02 a0 02  0.@.P.`.p.......
00003090: b0 02 c0 02 d0 02 e0 02 f0 02 00 03 10 03 20 03  .............. .
000030a0: 30 03 40 03 50 03 60 03 70 03 80 03 90 03 a0 03  0.@.P.`.p.......
000030b0: b0 03 c0 03 d0 03 e0 03 f0 03 ff 03 00 00 10 00  ................
000030c0: 20 00 30 00 40 00 50 00 60 00 70 00 80 00 90 00   .0.@.P.`.p.....
000030d0: a0 00 b0 00 c0 00 d0 00 e0 00 f0 00 00 01 10 01  ................
000030e0: 20 01 30 01 40 01 50 01 60 01 70 01 80 01 90 01   .0.@.P.`.p.....
000030f0: a0 01 b0 01 c0 01 d0 01 e0 01 f0 01 00 02 10 02  ................
00003100: 20 02 30 02 40 02 50 02 60 02 70 02 80 02 90 02   .0.@.P.`.p.....
00003110: a0 02 b0 02 c0 02 d0 02 e0 02 f0 02 00 03 10 03  ................
00003120: 20 03 30 03 40 03 50 03 60 03 70 03 80 03 90 03   .0.@.P.`.p.....
00003130: a0 03 b0 03 c0 03 d0 03 e0 03 f0 03 ff 03 00 00  ................
00003140: 10 00 20 00 30 00 40 00 50 00 60 00 70 00 80 00  .. .0.@.P.`.p...
00003150: 90 00 a0 00 b0 00 c0 00 d0 00 e0 00 f0 00 00 01  ................
00003160: 10 01 20 01 30 01 40 01 50 01 60 01 70 01 80 01  .. .0.@.P.`.p...
00003170: 90 01 a0 01 b0 01 c0 01 d0 01 e0 01 f0 01 00 02  ................
00003180: 10 02 20 02 30 02 40 02 50 02 60 02 70 02 80 02  .. .0.@.P.`.p...
00003190: 90 02 a0 02 b0 02 c0 02 d0 02 e0 02 f0 02 00 03  ................
000031a0: 10 03 20 03 30 03 40 03 50 03 60 03 70 03 80 03  .. .0.@.P.`.p...
000031b0: 90 03 a0 03 b0 03 c0 03 d0 03 e0 03 f0 03 ff 03  ................
000031c0: 00 00 24 00 48 00 6c 00 90 00 b0 00 d0 00 f0 00  ..$.H.l.........
000031d0: 0c 01 28 01 40 01 58 01 6c 01 80 01 94 01 a4 01  ..(.@.X.l.......
000031e0: b4 01 c4 01 d4 01 e0 01 ec 01 f8 01 04 02 0c 02  ................
000031f0: 18 02 20 02 28 02 30 02 3c 02 44 02 4c 02 54 02  .. .(.0.<.D.L.T.
00003200: 5c 02 68 02 70 02 7c 02 88 02 90 02 9c 02 a8 02  \.h.p.|.........
00003210: b4 02 c0 02 cc 02 d8 02 e4 02 f0 02 00 03 0c 03  ................
00003220: 18 03 28 03 34 03 44 03 50 03 60 03 6c 03 7c 03  ..(.4.D.P.`.l.|.
00003230: 8c 03 98 03 a8 03 b8 03 c8 03 d4 03 e4 03 f4 03  ................
00003240: ff 03 00 00 14 00 28 00 3c 00 50 00 64 00 74 00  ......(.<.P.d.t.
00003250: 88 00 98 00 ac 00 bc 00 cc 00 dc 00 ec 00 00 01  ................
00003260: 10 01 24 01 34 01 48 01 5c 01 6c 01 80 01 94 01  ..$.4.H.\.l.....
00003270: a8 01 bc 01 d0 01 e4 01 f4 01 08 02 1c 02 30 02  ..............0.
00003280: 40 02 54 02 64 02 78 02 88 02 98 02 a8 02 b8 02  @.T.d.x.........
00003290: c8 02 d4 02 e4 02 f0 02 fc 02 08 03 10 03 1c 03  ................
000032a0: 24 03 2c 03 34 03 3c 03 44 03 4c 03 58 03 60 03  $.,.4.<.D.L.X.`.
000032b0: 70 03 7c 03 88 03 98 03 a8 03 bc 03 cc 03 dc 03  p.|.............
000032c0: f0 03 ff 03 00 00 14 00 24 00 34 00 44 00 54 00  ........$.4.D.T.
000032d0: 64 00 74 00 84 00 94 00 a4 00 b4 00 c4 00 d4 00  d.t.............
000032e0: e4 00 f4 00 04 01 10 01 20 01 30 01 3c 01 4c 01  ........ .0.<.L.
000032f0: 58 01 64 01 74 01 80 01 8c 01 98 01 a4 01 b0 01  X.d.t...........
00003300: c0 01 cc 01 d8 01 e4 01 f0 01 fc 01 08 02 14 02  ................
00003310: 20 02 2c 02 3c 02 48 02 54 02 64 02 70 02 80 02   .,.<.H.T.d.p...
00003320: 90 02 a0 02 b0 02 c0 02 d4 02 e4 02 f8 02 0c 03  ................
00003330: 1c 03 34 03 48 03 60 03 74 03 8c 03 a4 03 bc 03  ..4.H.`.t.......
00003340: d4 03 e8 03 ff 03 00 00 40 00 00 00 00 00 00 00  ........@.......
00003350: 00 00 00 00 00 00 00 00 00 00 00 00 00 00 00 00  ................
00003360: 00 00 00 00 00 00 00 00 40 00 00 00 00 00 00 00  ........@.......
00003370: 00 00 00 00 00 00 00 00 00 00 00 00 00 00 00 00  ................
00003380: 00 00 00 00 00 00 00 00 40 00 00 00 00 00 00 00  ........@.......
00003390: 00 00 00 00 00 00 00 00 00 00 00 00 00 00 00 00  ................
000033a0: 00 00 00 00 00 00 00 00 07 00 20 00 40 00 00 00  .......... .@...
000033b0: 00 00 00 00 00 00 00 00 00 00 00 00 00 00 00 00  ................
000033c0: 00 00 00 00 00 00 00 00 06 00 0d 00 2d 00 36 00  ............-.6.
000033d0: 40 00 00 00 00 00 00 00 00 00 00 00 00 00 00 00  @...............
000033e0: 00 00 00 00 00 00 00 00 17 00 36 00 40 00 00 00  ..........6.@...
000033f0: 00 00 00 00 00 00 00 00 00 00 00 00 00 00 00 00  ................
00003400: 00 00 00 00 00 00 01 00 40 00 80 00 00 01 04 00  ........@.......
00003410: 00 00 01 00 00 00 00 00 00 00 32 00 c0 00 00 00  ..........2.....
00003420: 10 00 20 00 30 00 40 00 50 00 60 00 70 00 80 00  .. .0.@.P.`.p...
00003430: 90 00 a0 00 b0 00 c0 00 d0 00 e0 00 f0 00 00 01  ................
00003440: 10 01 20 01 30 01 40 01 50 01 60 01 70 01 80 01  .. .0.@.P.`.p...
00003450: 90 01 a0 01 b0 01 c0 01 d0 01 e0 01 f0 01 00 02  ................
00003460: 10 02 20 02 30 02 40 02 50 02 60 02 70 02 80 02  .. .0.@.P.`.p...
00003470: 90 02 a0 02 b0 02 c0 02 d0 02 e0 02 f0 02 00 03  ................
00003480: 10 03 20 03 30 03 40 03 50 03 60 03 70 03 80 03  .. .0.@.P.`.p...
00003490: 90 03 a0 03 b0 03 c0 03 d0 03 e0 03 f0 03 ff 03  ................
000034a0: 00 00 10 00 20 00 30 00 40 00 50 00 60 00 70 00  .... .0.@.P.`.p.
000034b0: 80 00 90 00 a0 00 b0 00 c0 00 d0 00 e0 00 f0 00  ................
000034c0: 00 01 10 01 20 01 30 01 40 01 50 01 60 01 70 01  .... .0.@.P.`.p.
000034d0: 80 01 90 01 a0 01 b0 01 c0 01 d0 01 e0 01 f0 01  ................
000034e0: 00 02 10 02 20 02 30 02 40 02 50 02 60 02 70 02  .... .0.@.P.`.p.
000034f0: 80 02 90 02 a0 02 b0 02 c0 02 d0 02 e0 02 f0 02  ................
00003500: 00 03 10 03 20 03 30 03 40 03 50 03 60 03 70 03  .... .0.@.P.`.p.
00003510: 80 03 90 03 a0 03 b0 03 c0 03 d0 03 e0 03 f0 03  ................
00003520: ff 03 00 00 10 00 20 00 30 00 40 00 50 00 60 00  ...... .0.@.P.`.
00003530: 70 00 80 00 90 00 a0 00 b0 00 c0 00 d0 00 e0 00  p...............
00003540: f0 00 00 01 10 01 20 01 30 01 40 01 50 01 60 01  ...... .0.@.P.`.
00003550: 70 01 80 01 90 01 a0 01 b0 01 c0 01 d0 01 e0 01  p...............
00003560: f0 01 00 02 10 02 20 02 30 02 40 02 50 02 60 02  ...... .0.@.P.`.
00003570: 70 02 80 02 90 02 a0 02 b0 02 c0 02 d0 02 e0 02  p...............
00003580: f0 02 00 03 10 03 20 03 30 03 40 03 50 03 60 03  ...... .0.@.P.`.
00003590: 70 03 80 03 90 03 a0 03 b0 03 c0 03 d0 03 e0 03  p...............
000035a0: f0 03 ff 03 00 00 28 00 50 00 74 00 98 00 b8 00  ......(.P.t.....
000035b0: d8 00 f8 00 14 01 2c 01 44 01 58 01 6c 01 7c 01  ......,.D.X.l.|.
000035c0: 90 01 9c 01 ac 01 b8 01 c4 01 d0 01 dc 01 e8 01  ................
000035d0: f0 01 f8 01 04 02 0c 02 18 02 20 02 2c 02 34 02  .......... .,.4.
000035e0: 40 02 4c 02 58 02 64 02 6c 02 78 02 84 02 90 02  @.L.X.d.l.x.....
000035f0: 9c 02 a8 02 b8 02 c4 02 d0 02 dc 02 ec 02 f8 02  ................
00003600: 04 03 14 03 20 03 2c 03 3c 03 48 03 58 03 64 03  .... .,.<.H.X.d.
00003610: 74 03 80 03 90 03 9c 03 ac 03 bc 03 c8 03 d8 03  t...............
00003620: e4 03 f4 03 ff 03 00 00 14 00 28 00 3c 00 50 00  ..........(.<.P.
00003630: 64 00 74 00 88 00 98 00 a8 00 bc 00 cc 00 dc 00  d.t.............
00003640: ec 00 fc 00 0c 01 20 01 30 01 44 01 58 01 6c 01  ...... .0.D.X.l.
00003650: 80 01 90 01 a4 01 b8 01 cc 01 e0 01 f4 01 08 02  ................
00003660: 1c 02 30 02 44 02 54 02 68 02 78 02 8c 02 9c 02  ..0.D.T.h.x.....
00003670: ac 02 bc 02 cc 02 d8 02 e4 02 f0 02 fc 02 08 03  ................
00003680: 10 03 18 03 20 03 28 03 30 03 38 03 40 03 4c 03  .... .(.0.8.@.L.
00003690: 58 03 64 03 70 03 7c 03 8c 03 9c 03 ac 03 bc 03  X.d.p.|.........
000036a0: cc 03 e0 03 f0 03 ff 03 00 00 10 00 20 00 2c 00  ............ .,.
000036b0: 3c 00 48 00 58 00 64 00 74 00 80 00 90 00 9c 00  <.H.X.d.t.......
000036c0: ac 00 b8 00 c8 00 d4 00 e4 00 f0 00 00 01 0c 01  ................
000036d0: 1c 01 28 01 34 01 44 01 50 01 60 01 6c 01 7c 01  ..(.4.D.P.`.l.|.
000036e0: 88 01 94 01 a4 01 b0 01 c0 01 cc 01 dc 01 e8 01  ................
000036f0: f8 01 08 02 14 02 24 02 34 02 44 02 54 02 64 02  ......$.4.D.T.d.
00003700: 74 02 84 02 94 02 a4 02 b8 02 c8 02 dc 02 ec 02  t...............
00003710: 00 03 14 03 28 03 3c 03 50 03 64 03 7c 03 90 03  ....(.<.P.d.|...
00003720: a8 03 bc 03 d4 03 ec 03 ff 03 00 00 40 00 00 00  ............@...
00003730: 00 00 00 00 00 00 00 00 00 00 00 00 00 00 00 00  ................
00003740: 00 00 00 00 00 00 00 00 00 00 00 00 40 00 00 00  ............@...
00003750: 00 00 00 00 00 00 00 00 00 00 00 00 00 00 00 00  ................
00003760: 00 00 00 00 00 00 00 00 00 00 00 00 40 00 00 00  ............@...
00003770: 00 00 00 00 00 00 00 00 00 00 00 00 00 00 00 00  ................
00003780: 00 00 00 00 00 00 00 00 00 00 00 00 05 00 19 00  ................
00003790: 40 00 00 00 00 00 00 00 00 00 00 00 00 00 00 00  @...............
000037a0: 00 00 00 00 00 00 00 00 00 00 00 00 06 00 0f 00  ................
000037b0: 2c 00 34 00 40 00 00 00 00 00 00 00 00 00 00 00  ,.4.@...........
000037c0: 00 00 00 00 00 00 00 00 00 00 00 00 16 00 39 00  ..............9.
000037d0: 40 00 00 00 00 00 00 00 00 00 00 00 00 00 00 00  @...............
000037e0: 00 00 00 00 00 00 00 00 00 00 01 00 40 00 80 00  ............@...
000037f0: 00 01 04 00 00 00 01 00 00 00 00 00 00 00 32 00  ..............2.
00003800: c0 00 00 00 10 00 20 00 30 00 40 00 50 00 60 00  ...... .0.@.P.`.
00003810: 70 00 80 00 90 00 a0 00 b0 00 c0 00 d0 00 e0 00  p...............
00003820: f0 00 00 01 10 01 20 01 30 01 40 01 50 01 60 01  ...... .0.@.P.`.
00003830: 70 01 80 01 90 01 a0 01 b0 01 c0 01 d0 01 e0 01  p...............
00003840: f0 01 00 02 10 02 20 02 30 02 40 02 50 02 60 02  ...... .0.@.P.`.
00003850: 70 02 80 02 90 02 a0 02 b0 02 c0 02 d0 02 e0 02  p...............
00003860: f0 02 00 03 10 03 20 03 30 03 40 03 50 03 60 03  ...... .0.@.P.`.
00003870: 70 03 80 03 90 03 a0 03 b0 03 c0 03 d0 03 e0 03  p...............
00003880: f0 03 ff 03 00 00 10 00 20 00 30 00 40 00 50 00  ........ .0.@.P.
00003890: 60 00 70 00 80 00 90 00 a0 00 b0 00 c0 00 d0 00  `.p.............
000038a0: e0 00 f0 00 00 01 10 01 20 01 30 01 40 01 50 01  ........ .0.@.P.
000038b0: 60 01 70 01 80 01 90 01 a0 01 b0 01 c0 01 d0 01  `.p.............
000038c0: e0 01 f0 01 00 02 10 02 20 02 30 02 40 02 50 02  ........ .0.@.P.
000038d0: 60 02 70 02 80 02 90 02 a0 02 b0 02 c0 02 d0 02  `.p.............
000038e0: e0 02 f0 02 00 03 10 03 20 03 30 03 40 03 50 03  ........ .0.@.P.
000038f0: 60 03 70 03 80 03 90 03 a0 03 b0 03 c0 03 d0 03  `.p.............
00003900: e0 03 f0 03 ff 03 00 00 10 00 20 00 30 00 40 00  .......... .0.@.
00003910: 50 00 60 00 70 00 80 00 90 00 a0 00 b0 00 c0 00  P.`.p...........
00003920: d0 00 e0 00 f0 00 00 01 10 01 20 01 30 01 40 01  .......... .0.@.
00003930: 50 01 60 01 70 01 80 01 90 01 a0 01 b0 01 c0 01  P.`.p...........
00003940: d0 01 e0 01 f0 01 00 02 10 02 20 02 30 02 40 02  .......... .0.@.
00003950: 50 02 60 02 70 02 80 02 90 02 a0 02 b0 02 c0 02  P.`.p...........
00003960: d0 02 e0 02 f0 02 00 03 10 03 20 03 30 03 40 03  .......... .0.@.
00003970: 50 03 60 03 70 03 80 03 90 03 a0 03 b0 03 c0 03  P.`.p...........
00003980: d0 03 e0 03 f0 03 ff 03 00 00 24 00 48 00 68 00  ..........$.H.h.
00003990: 88 00 a8 00 c8 00 e4 00 00 01 1c 01 34 01 4c 01  ............4.L.
000039a0: 60 01 74 01 84 01 98 01 a8 01 b8 01 c4 01 d0 01  `.t.............
000039b0: dc 01 e8 01 f4 01 00 02 08 02 10 02 1c 02 24 02  ..............$.
000039c0: 2c 02 34 02 3c 02 44 02 50 02 58 02 60 02 68 02  ,.4.<.D.P.X.`.h.
000039d0: 74 02 80 02 88 02 94 02 a0 02 ac 02 b8 02 c4 02  t...............
000039e0: d0 02 e0 02 ec 02 fc 02 08 03 18 03 24 03 34 03  ............$.4.
000039f0: 44 03 54 03 64 03 70 03 80 03 90 03 a0 03 b0 03  D.T.d.p.........
00003a00: c0 03 d0 03 e0 03 f0 03 ff 03 00 00 14 00 28 00  ..............(.
00003a10: 3c 00 50 00 64 00 74 00 88 00 9c 00 ac 00 c0 00  <.P.d.t.........
00003a20: d0 00 e4 00 f8 00 08 01 1c 01 30 01 44 01 58 01  ..........0.D.X.
00003a30: 6c 01 80 01 94 01 a8 01 bc 01 d0 01 e4 01 f8 01  l...............
00003a40: 08 02 1c 02 30 02 44 02 58 02 68 02 7c 02 8c 02  ....0.D.X.h.|...
00003a50: 9c 02 ac 02 bc 02 cc 02 dc 02 e8 02 f8 02 04 03  ................
00003a60: 10 03 1c 03 24 03 30 03 38 03 40 03 48 03 50 03  ....$.0.8.@.H.P.
00003a70: 58 03 60 03 68 03 70 03 7c 03 88 03 98 03 a4 03  X.`.h.p.|.......
00003a80: b4 03 c0 03 d0 03 e0 03 f0 03 ff 03 00 00 10 00  ................
00003a90: 1c 00 2c 00 38 00 48 00 54 00 60 00 70 00 7c 00  ..,.8.H.T.`.p.|.
00003aa0: 8c 00 98 00 a4 00 b4 00 c0 00 d0 00 dc 00 ec 00  ................
00003ab0: f8 00 08 01 14 01 24 01 30 01 3c 01 4c 01 5c 01  ......$.0.<.L.\.
00003ac0: 68 01 78 01 84 01 94 01 a0 01 b0 01 c0 01 cc 01  h.x.............
00003ad0: dc 01 ec 01 f8 01 08 02 18 02 28 02 38 02 48 02  ..........(.8.H.
00003ae0: 58 02 68 02 78 02 8c 02 9c 02 ac 02 c0 02 d0 02  X.h.x...........
00003af0: e4 02 f8 02 08 03 1c 03 30 03 44 03 58 03 6c 03  ........0.D.X.l.
00003b00: 84 03 98 03 ac 03 c0 03 d8 03 ec 03 ff 03 00 00  ................
00003b10: 40 00 00 00 00 00 00 00 00 00 00 00 00 00 00 00  @...............
00003b20: 00 00 00 00 00 00 00 00 00 00 00 00 00 00 00 00  ................
00003b30: 40 00 00 00 00 00 00 00 00 00 00 00 00 00 00 00  @...............
00003b40: 00 00 00 00 00 00 00 00 00 00 00 00 00 00 00 00  ................
00003b50: 40 00 00 00 00 00 00 00 00 00 00 00 00 00 00 00  @...............
00003b60: 00 00 00 00 00 00 00 00 00 00 00 00 00 00 00 00  ................
00003b70: 07 00 23 00 40 00 00 00 00 00 00 00 00 00 00 00  ..#.@...........
00003b80: 00 00 00 00 00 00 00 00 00 00 00 00 00 00 00 00  ................
00003b90: 06 00 0e 00 2d 00 36 00 40 00 00 00 00 00 00 00  ....-.6.@.......
00003ba0: 00 00 00 00 00 00 00 00 00 00 00 00 00 00 00 00  ................
00003bb0: 17 00 35 00 40 00 00 00 00 00 00 00 00 00 00 00  ..5.@...........
00003bc0: 00 00 00 00 00 00 00 00 00 00 00 00 00 00 01 00  ................
00003bd0: 40 00 80 00 00 01 00 00 00 00 00 00 00 00 00 00  @...............
00003be0: 00 00 00 00 00 00 00 00 10 00 20 00 30 00 40 00  .......... .0.@.
00003bf0: 50 00 60 00 70 00 80 00 90 00 a0 00 b0 00 c0 00  P.`.p...........
00003c00: d0 00 e0 00 f0 00 00 01 10 01 20 01 30 01 40 01  .......... .0.@.
00003c10: 50 01 60 01 70 01 80 01 90 01 a0 01 b0 01 c0 01  P.`.p...........
00003c20: d0 01 e0 01 f0 01 00 02 10 02 20 02 30 02 40 02  .......... .0.@.
00003c30: 50 02 60 02 70 02 80 02 90 02 a0 02 b0 02 c0 02  P.`.p...........
00003c40: d0 02 e0 02 f0 02 00 03 10 03 20 03 30 03 40 03  .......... .0.@.
00003c50: 50 03 60 03 70 03 80 03 90 03 a0 03 b0 03 c0 03  P.`.p...........
00003c60: d0 03 e0 03 f0 03 ff 03 00 00 10 00 20 00 30 00  ............ .0.
00003c70: 40 00 50 00 60 00 70 00 80 00 90 00 a0 00 b0 00  @.P.`.p.........
00003c80: c0 00 d0 00 e0 00 f0 00 00 01 10 01 20 01 30 01  ............ .0.
00003c90: 40 01 50 01 60 01 70 01 80 01 90 01 a0 01 b0 01  @.P.`.p.........
00003ca0: c0 01 d0 01 e0 01 f0 01 00 02 10 02 20 02 30 02  ............ .0.
00003cb0: 40 02 50 02 60 02 70 02 80 02 90 02 a0 02 b0 02  @.P.`.p.........
00003cc0: c0 02 d0 02 e0 02 f0 02 00 03 10 03 20 03 30 03  ............ .0.
00003cd0: 40 03 50 03 60 03 70 03 80 03 90 03 a0 03 b0 03  @.P.`.p.........
00003ce0: c0 03 d0 03 e0 03 f0 03 ff 03 00 00 10 00 20 00  .............. .
00003cf0: 30 00 40 00 50 00 60 00 70 00 80 00 90 00 a0 00  0.@.P.`.p.......
00003d00: b0 00 c0 00 d0 00 e0 00 f0 00 00 01 10 01 20 01  .............. .
00003d10: 30 01 40 01 50 01 60 01 70 01 80 01 90 01 a0 01  0.@.P.`.p.......
00003d20: b0 01 c0 01 d0 01 e0 01 f0 01 00 02 10 02 20 02  .............. .
00003d30: 30 02 40 02 50 02 60 02 70 02 80 02 90 02 a0 02  0.@.P.`.p.......
00003d40: b0 02 c0 02 d0 02 e0 02 f0 02 00 03 10 03 20 03  .............. .
00003d50: 30 03 40 03 50 03 60 03 70 03 80 03 90 03 a0 03  0.@.P.`.p.......
00003d60: b0 03 c0 03 d0 03 e0 03 f0 03 ff 03 00 00 10 00  ................
00003d70: 20 00 30 00 40 00 50 00 60 00 70 00 80 00 90 00   .0.@.P.`.p.....
00003d80: a0 00 b0 00 c0 00 d0 00 e0 00 f0 00 00 01 10 01  ................
00003d90: 20 01 30 01 40 01 50 01 60 01 70 01 80 01 90 01   .0.@.P.`.p.....
00003da0: a0 01 b0 01 c0 01 d0 01 e0 01 f0 01 00 02 10 02  ................
00003db0: 20 02 30 02 40 02 50 02 60 02 70 02 80 02 90 02   .0.@.P.`.p.....
00003dc0: a0 02 b0 02 c0 02 d0 02 e0 02 f0 02 00 03 10 03  ................
00003dd0: 20 03 30 03 40 03 50 03 60 03 70 03 80 03 90 03   .0.@.P.`.p.....
00003de0: a0 03 b0 03 c0 03 d0 03 e0 03 f0 03 ff 03 00 00  ................
00003df0: 10 00 20 00 30 00 40 00 50 00 60 00 70 00 80 00  .. .0.@.P.`.p...
00003e00: 90 00 a0 00 b0 00 c0 00 d0 00 e0 00 f0 00 00 01  ................
00003e10: 10 01 20 01 30 01 40 01 50 01 60 01 70 01 80 01  .. .0.@.P.`.p...
00003e20: 90 01 a0 01 b0 01 c0 01 d0 01 e0 01 f0 01 00 02  ................
00003e30: 10 02 20 02 30 02 40 02 50 02 60 02 70 02 80 02  .. .0.@.P.`.p...
00003e40: 90 02 a0 02 b0 02 c0 02 d0 02 e0 02 f0 02 00 03  ................
00003e50: 10 03 20 03 30 03 40 03 50 03 60 03 70 03 80 03  .. .0.@.P.`.p...
00003e60: 90 03 a0 03 b0 03 c0 03 d0 03 e0 03 f0 03 ff 03  ................
00003e70: 00 00 10 00 20 00 30 00 40 00 50 00 60 00 70 00  .... .0.@.P.`.p.
00003e80: 80 00 90 00 a0 00 b0 00 c0 00 d0 00 e0 00 f0 00  ................
00003e90: 00 01 10 01 20 01 30 01 40 01 50 01 60 01 70 01  .... .0.@.P.`.p.
00003ea0: 80 01 90 01 a0 01 b0 01 c0 01 d0 01 e0 01 f0 01  ................
00003eb0: 00 02 10 02 20 02 30 02 40 02 50 02 60 02 70 02  .... .0.@.P.`.p.
00003ec0: 80 02 90 02 a0 02 b0 02 c0 02 d0 02 e0 02 f0 02  ................
00003ed0: 00 03 10 03 20 03 30 03 40 03 50 03 60 03 70 03  .... .0.@.P.`.p.
00003ee0: 80 03 90 03 a0 03 b0 03 c0 03 d0 03 e0 03 f0 03  ................
00003ef0: ff 03 00 00 40 00 00 00 00 00 00 00 00 00 00 00  ....@...........
00003f00: 00 00 00 00 00 00 00 00 00 00 00 00 00 00 00 00  ................
00003f10: 00 00 00 00 40 00 00 00 00 00 00 00 00 00 00 00  ....@...........
00003f20: 00 00 00 00 00 00 00 00 00 00 00 00 00 00 00 00  ................
00003f30: 00 00 00 00 40 00 00 00 00 00 00 00 00 00 00 00  ....@...........
00003f40: 00 00 00 00 00 00 00 00 00 00 00 00 00 00 00 00  ................
00003f50: 00 00 00 00 08 00 10 00 18 00 20 00 28 00 30 00  .......... .(.0.
00003f60: 38 00 00 00 00 00 00 00 00 00 00 00 00 00 00 00  8...............
00003f70: 00 00 00 00 08 00 10 00 18 00 20 00 28 00 30 00  .......... .(.0.
00003f80: 38 00 00 00 00 00 00 00 00 00 00 00 00 00 00 00  8...............
00003f90: 00 00 00 00 08 00 10 00 18 00 20 00 28 00 30 00  .......... .(.0.
00003fa0: 38 00 00 00 00 00 00 00 00 00 00 00 00 00 00 00  8...............
00003fb0: 00 00 00 00 00 00 01 00 00 00 0b 00 58 2b 01 00  ............X+..
00003fc0: 01 00 04 00 01 00 02 00 03 00 01 00 18 00 00 00  ................
00003fd0: 00 00 00 00 00 00 ff ff fd ff fc ff fa ff f9 ff  ................
00003fe0: f7 ff f6 ff f4 ff f3 ff f1 ff f0 ff ee ff ed ff  ................
00003ff0: eb ff ea ff e8 ff e7 ff e5 ff e4 ff e2 ff e1 ff  ................
00004000: df ff de ff dc ff db ff d9 ff d8 ff d6 ff d5 ff  ................
00004010: d3 ff d2 ff d0 ff cf ff cd ff cc ff ca ff c9 ff  ................
00004020: c7 ff c6 ff c4 ff c3 ff c1 ff c0 ff be ff bd ff  ................
00004030: bb ff ba ff b8 ff b7 ff b5 ff b4 ff b2 ff b1 ff  ................
00004040: af ff ae ff ac ff ab ff a9 ff a8 ff a6 ff a5 ff  ................
00004050: a6 ff a8 ff a9 ff ab ff ac ff ae ff af ff b1 ff  ................
00004060: b2 ff b4 ff b5 ff b7 ff b8 ff ba ff bb ff bd ff  ................
00004070: be ff c0 ff c1 ff c3 ff c4 ff c6 ff c7 ff c9 ff  ................
00004080: ca ff cc ff cd ff cf ff d0 ff d2 ff d3 ff d5 ff  ................
00004090: d6 ff d8 ff d9 ff db ff dc ff de ff df ff e1 ff  ................
000040a0: e2 ff e4 ff e5 ff e7 ff e8 ff ea ff eb ff ed ff  ................
000040b0: ee ff f0 ff f1 ff f3 ff f4 ff f6 ff f7 ff f9 ff  ................
000040c0: fa ff fc ff fd ff ff ff 00 00 00 00 00 00 00 00  ................
000040d0: 00 00 00 00 00 00 00 00 00 00 00 00 00 00 01 00  ................
000040e0: 03 00 04 00 06 00 07 00 09 00 0a 00 0c 00 0d 00  ................
000040f0: 0f 00 10 00 12 00 13 00 15 00 16 00 18 00 19 00  ................
00004100: 1b 00 1c 00 1e 00 1f 00 21 00 22 00 24 00 25 00  ........!.".$.%.
00004110: 27 00 28 00 2a 00 2b 00 2d 00 2e 00 30 00 31 00  '.(.*.+.-...0.1.
00004120: 33 00 34 00 36 00 37 00 39 00 3a 00 3c 00 3d 00  3.4.6.7.9.:.<.=.
00004130: 3f 00 40 00 42 00 43 00 45 00 46 00 48 00 49 00  ?.@.B.C.E.F.H.I.
00004140: 4b 00 4c 00 4e 00 4f 00 51 00 52 00 54 00 55 00  K.L.N.O.Q.R.T.U.
00004150: 57 00 58 00 5a 00 5b 00 5a 00 58 00 57 00 55 00  W.X.Z.[.Z.X.W.U.
00004160: 54 00 52 00 51 00 4f 00 4e 00 4c 00 4b 00 49 00  T.R.Q.O.N.L.K.I.
00004170: 48 00 46 00 45 00 43 00 42 00 40 00 3f 00 3d 00  H.F.E.C.B.@.?.=.
00004180: 3c 00 3a 00 39 00 37 00 36 00 34 00 33 00 31 00  <.:.9.7.6.4.3.1.
00004190: 30 00 2e 00 2d 00 2b 00 2a 00 28 00 27 00 25 00  0...-.+.*.(.'.%.
000041a0: 24 00 22 00 21 00 1f 00 1e 00 1c 00 1b 00 19 00  $.".!...........
000041b0: 18 00 16 00 15 00 13 00 12 00 10 00 0f 00 0d 00  ................
000041c0: 0c 00 0a 00 09 00 07 00 06 00 04 00 03 00 01 00  ................
000041d0: 00 00 00 00 00 00 ff ff fd ff fc ff fa ff f9 ff  ................
000041e0: f7 ff f6 ff f4 ff f3 ff f1 ff f0 ff ee ff ed ff  ................
000041f0: eb ff ea ff e8 ff e7 ff e5 ff e4 ff e2 ff e1 ff  ................
00004200: df ff de ff dc ff db ff d9 ff d8 ff d6 ff d5 ff  ................
00004210: d3 ff d2 ff d0 ff cf ff cd ff cc ff ca ff c9 ff  ................
00004220: c7 ff c6 ff c4 ff c3 ff c1 ff c0 ff be ff bd ff  ................
00004230: bb ff ba ff b8 ff b7 ff b5 ff b4 ff b2 ff b1 ff  ................
00004240: af ff ae ff ac ff ab ff a9 ff a8 ff a6 ff a5 ff  ................
00004250: a6 ff a8 ff a9 ff ab ff ac ff ae ff af ff b1 ff  ................
00004260: b2 ff b4 ff b5 ff b7 ff b8 ff ba ff bb ff bd ff  ................
00004270: be ff c0 ff c1 ff c3 ff c4 ff c6 ff c7 ff c9 ff  ................
00004280: ca ff cc ff cd ff cf ff d0 ff d2 ff d3 ff d5 ff  ................
00004290: d6 ff d8 ff d9 ff db ff dc ff de ff df ff e1 ff  ................
000042a0: e2 ff e4 ff e5 ff e7 ff e8 ff ea ff eb ff ed ff  ................
000042b0: ee ff f0 ff f1 ff f3 ff f4 ff f6 ff f7 ff f9 ff  ................
000042c0: fa ff fc ff fd ff ff ff 00 00 00 00 00 00 00 00  ................
000042d0: 00 00 00 00 00 00 00 00 00 00 00 00 00 00 01 00  ................
000042e0: 03 00 04 00 06 00 07 00 09 00 0a 00 0c 00 0d 00  ................
000042f0: 0f 00 10 00 12 00 13 00 15 00 16 00 18 00 19 00  ................
00004300: 1b 00 1c 00 1e 00 1f 00 21 00 22 00 24 00 25 00  ........!.".$.%.
00004310: 27 00 28 00 2a 00 2b 00 2d 00 2e 00 30 00 31 00  '.(.*.+.-...0.1.
00004320: 33 00 34 00 36 00 37 00 39 00 3a 00 3c 00 3d 00  3.4.6.7.9.:.<.=.
00004330: 3f 00 40 00 42 00 43 00 45 00 46 00 48 00 49 00  ?.@.B.C.E.F.H.I.
00004340: 4b 00 4c 00 4e 00 4f 00 51 00 52 00 54 00 55 00  K.L.N.O.Q.R.T.U.
00004350: 57 00 58 00 5a 00 5b 00 5a 00 58 00 57 00 55 00  W.X.Z.[.Z.X.W.U.
00004360: 54 00 52 00 51 00 4f 00 4e 00 4c 00 4b 00 49 00  T.R.Q.O.N.L.K.I.
00004370: 48 00 46 00 45 00 43 00 42 00 40 00 3f 00 3d 00  H.F.E.C.B.@.?.=.
00004380: 3c 00 3a 00 39 00 37 00 36 00 34 00 33 00 31 00  <.:.9.7.6.4.3.1.
00004390: 30 00 2e 00 2d 00 2b 00 2a 00 28 00 27 00 25 00  0...-.+.*.(.'.%.
000043a0: 24 00 22 00 21 00 1f 00 1e 00 1c 00 1b 00 19 00  $.".!...........
000043b0: 18 00 16 00 15 00 13 00 12 00 10 00 0f 00 0d 00  ................
000043c0: 0c 00 0a 00 09 00 07 00 06 00 04 00 03 00 01 00  ................
000043d0: 00 00 00 00 10 00 20 00 30 00 40 00 50 00 60 00  ...... .0.@.P.`.
000043e0: 70 00 80 00 90 00 a0 00 b0 00 c0 00 d0 00 e0 00  p...............
000043f0: f0 00 00 00 10 00 20 00 30 00 40 00 50 00 60 00  ...... .0.@.P.`.
00004400: 70 00 80 00 90 00 a0 00 b0 00 c0 00 d0 00 e0 00  p...............
00004410: f0 00 01 00 04 00 01 00 03 00 02 00 01 00 18 00  ................
00004420: 00 00 01 00 98 ff 98 ff 98 ff 98 ff 97 ff 96 ff  ................
00004430: 96 ff 95 ff 95 ff 94 ff 93 ff 93 ff 92 ff 92 ff  ................
00004440: 91 ff 90 ff 90 ff 8f ff 8f ff 8e ff 8e ff 8d ff  ................
00004450: 8d ff 8c ff 8c ff 8b ff 8b ff 8b ff 8a ff 8a ff  ................
00004460: 89 ff 89 ff 89 ff 88 ff 88 ff 88 ff 88 ff 87 ff  ................
00004470: 87 ff 87 ff 87 ff 87 ff 87 ff 87 ff 87 ff 87 ff  ................
00004480: 87 ff 87 ff 87 ff 87 ff 87 ff 87 ff 87 ff 87 ff  ................
00004490: 88 ff 88 ff 88 ff 89 ff 89 ff 8a ff 8a ff 8a ff  ................
000044a0: 8b ff 8c ff 8c ff 8d ff 8e ff 8e ff 8f ff 90 ff  ................
000044b0: 91 ff 92 ff 93 ff 94 ff 95 ff 96 ff 97 ff 99 ff  ................
000044c0: 9a ff 9b ff 9d ff 9e ff a0 ff a2 ff a3 ff a5 ff  ................
000044d0: a7 ff a9 ff ab ff ad ff b0 ff b2 ff b4 ff b7 ff  ................
000044e0: b9 ff bc ff bf ff c2 ff c5 ff c8 ff ca ff cd ff  ................
000044f0: d0 ff d3 ff d6 ff d9 ff dc ff df ff e2 ff e5 ff  ................
00004500: e7 ff ea ff ec ff ef ff f1 ff f3 ff f5 ff f6 ff  ................
00004510: f8 ff f9 ff fb ff fc ff fc ff fd ff fe ff ff ff  ................
00004520: ff ff 00 00 00 00 00 00 01 00 01 00 02 00 03 00  ................
00004530: 03 00 04 00 05 00 07 00 08 00 0a 00 0c 00 0e 00  ................
00004540: 10 00 12 00 15 00 17 00 1a 00 1d 00 20 00 23 00  ............ .#.
00004550: 26 00 29 00 2c 00 2f 00 32 00 35 00 38 00 3b 00  &.).,./.2.5.8.;.
00004560: 3d 00 40 00 42 00 44 00 47 00 49 00 4b 00 4c 00  =.@.B.D.G.I.K.L.
00004570: 4e 00 50 00 51 00 53 00 54 00 55 00 57 00 58 00  N.P.Q.S.T.U.W.X.
00004580: 59 00 5a 00 5a 00 5b 00 5c 00 5d 00 5d 00 5e 00  Y.Z.Z.[.\.].].^.
00004590: 5e 00 5f 00 5f 00 5f 00 60 00 60 00 60 00 60 00  ^._._._.`.`.`.`.
000045a0: 61 00 61 00 61 00 61 00 61 00 61 00 61 00 61 00  a.a.a.a.a.a.a.a.
000045b0: 61 00 61 00 61 00 61 00 61 00 61 00 61 00 61 00  a.a.a.a.a.a.a.a.
000045c0: 61 00 61 00 61 00 61 00 61 00 61 00 61 00 61 00  a.a.a.a.a.a.a.a.
000045d0: 61 00 61 00 61 00 61 00 60 00 60 00 60 00 60 00  a.a.a.a.`.`.`.`.
000045e0: 60 00 60 00 60 00 60 00 60 00 5f 00 5f 00 5f 00  `.`.`.`.`._._._.
000045f0: 5f 00 5f 00 5f 00 5f 00 5e 00 5e 00 5e 00 5e 00  _._._._.^.^.^.^.
00004600: 5e 00 5e 00 5d 00 5d 00 5d 00 5d 00 5d 00 5c 00  ^.^.].].].].].\.
00004610: 5c 00 5c 00 5c 00 5c 00 5c 00 5b 00 5b 00 5b 00  \.\.\.\.\.[.[.[.
00004620: 5b 00 5a 00 a4 ff a3 ff a3 ff a2 ff a1 ff a0 ff  [.Z.............
00004630: a0 ff 9f ff 9e ff 9d ff 9d ff 9c ff 9b ff 9b ff  ................
00004640: 9a ff 99 ff 99 ff 98 ff 97 ff 96 ff 96 ff 95 ff  ................
00004650: 95 ff 94 ff 93 ff 93 ff 92 ff 91 ff 91 ff 90 ff  ................
00004660: 90 ff 8f ff 8f ff 8e ff 8e ff 8d ff 8d ff 8c ff  ................
00004670: 8c ff 8c ff 8b ff 8b ff 8b ff 8a ff 8a ff 8a ff  ................
00004680: 89 ff 89 ff 89 ff 89 ff 89 ff 88 ff 88 ff 88 ff  ................
00004690: 88 ff 88 ff 88 ff 88 ff 88 ff 88 ff 88 ff 88 ff  ................
000046a0: 89 ff 89 ff 89 ff 8a ff 8a ff 8a ff 8b ff 8c ff  ................
000046b0: 8c ff 8d ff 8e ff 8e ff 8f ff 90 ff 91 ff 92 ff  ................
000046c0: 94 ff 95 ff 96 ff 98 ff 99 ff 9b ff 9c ff 9e ff  ................
000046d0: a0 ff a2 ff a4 ff a6 ff a8 ff ab ff ad ff b0 ff  ................
000046e0: b2 ff b5 ff b8 ff bb ff be ff c1 ff c5 ff c8 ff  ................
000046f0: cb ff cf ff d2 ff d5 ff d9 ff dc ff df ff e2 ff  ................
00004700: e5 ff e8 ff eb ff ee ff f0 ff f2 ff f4 ff f6 ff  ................
00004710: f8 ff f9 ff fb ff fc ff fc ff fd ff fe ff fe ff  ................
00004720: ff ff ff ff 00 00 01 00 01 00 02 00 03 00 03 00  ................
00004730: 04 00 05 00 06 00 07 00 08 00 09 00 0a 00 0b 00  ................
00004740: 0c 00 0e 00 0f 00 10 00 12 00 13 00 14 00 16 00  ................
00004750: 17 00 19 00 1a 00 1c 00 1d 00 1e 00 20 00 21 00  ............ .!.
00004760: 23 00 24 00 26 00 27 00 29 00 2a 00 2c 00 2d 00  #.$.&.'.).*.,.-.
00004770: 2f 00 30 00 32 00 33 00 34 00 36 00 37 00 38 00  /.0.2.3.4.6.7.8.
00004780: 3a 00 3b 00 3c 00 3d 00 3e 00 40 00 41 00 42 00  :.;.<.=.>.@.A.B.
00004790: 43 00 44 00 45 00 46 00 47 00 48 00 48 00 49 00  C.D.E.F.G.H.H.I.
000047a0: 4a 00 4b 00 4b 00 4c 00 4d 00 4d 00 4e 00 4e 00  J.K.K.L.M.M.N.N.
000047b0: 4f 00 4f 00 4f 00 50 00 50 00 50 00 50 00 50 00  O.O.O.P.P.P.P.P.
000047c0: 50 00 50 00 50 00 50 00 50 00 50 00 4f 00 4f 00  P.P.P.P.P.P.O.O.
000047d0: 4f 00 4e 00 4e 00 4e 00 4d 00 4d 00 4c 00 4b 00  O.N.N.N.M.M.L.K.
000047e0: 4b 00 4a 00 49 00 49 00 48 00 47 00 46 00 45 00  K.J.I.I.H.G.F.E.
000047f0: 45 00 44 00 43 00 42 00 41 00 40 00 3f 00 3e 00  E.D.C.B.A.@.?.>.
00004800: 3d 00 3c 00 3b 00 3a 00 39 00 38 00 36 00 35 00  =.<.;.:.9.8.6.5.
00004810: 34 00 33 00 32 00 31 00 30 00 2e 00 2d 00 2c 00  4.3.2.1.0...-.,.
00004820: 2b 00 29 00 02 00 40 00 5e 00 76 00 80 00 8a 00  +.)...@.^.v.....
00004830: 9e 00 c4 00 ff 00 00 00 00 00 00 00 00 00 00 00  ................
00004840: 00 00 00 00 00 00 34 00 60 00 76 00 80 00 8a 00  ......4.`.v.....
00004850: a4 00 ca 00 ff 00 00 00 00 00 00 00 00 00 00 00  ................
00004860: 00 00 00 00 01 00 04 00 01 00 03 00 02 00 01 00  ................
00004870: 18 00 00 00 01 00 9c ff 9c ff 9c ff 9c ff 9c ff  ................
00004880: 9b ff 9b ff 9b ff 9b ff 9b ff 9b ff 9b ff 9b ff  ................
00004890: 9a ff 9a ff 9a ff 9a ff 9a ff 9a ff 9a ff 9a ff  ................
000048a0: 9a ff 9a ff 9a ff 9a ff 99 ff 99 ff 99 ff 99 ff  ................
000048b0: 99 ff 99 ff 99 ff 99 ff 99 ff 9a ff 9a ff 9a ff  ................
000048c0: 9a ff 9a ff 9a ff 9a ff 9a ff 9a ff 9b ff 9b ff  ................
000048d0: 9b ff 9b ff 9b ff 9c ff 9c ff 9c ff 9c ff 9d ff  ................
000048e0: 9d ff 9e ff 9e ff 9e ff 9f ff 9f ff a0 ff a0 ff  ................
000048f0: a1 ff a1 ff a2 ff a2 ff a3 ff a4 ff a4 ff a5 ff  ................
00004900: a6 ff a7 ff a7 ff a8 ff a9 ff aa ff ab ff ac ff  ................
00004910: ad ff ae ff af ff b0 ff b2 ff b3 ff b4 ff b6 ff  ................
00004920: b7 ff b8 ff ba ff bb ff bd ff be ff c0 ff c2 ff  ................
00004930: c4 ff c5 ff c7 ff c9 ff cb ff cd ff cf ff d1 ff  ................
00004940: d3 ff d5 ff d8 ff da ff dc ff de ff e0 ff e2 ff  ................
00004950: e4 ff e6 ff e8 ff ea ff ec ff ed ff ef ff f1 ff  ................
00004960: f2 ff f4 ff f5 ff f7 ff f8 ff f9 ff fb ff fc ff  ................
00004970: fd ff fe ff ff ff 00 00 01 00 02 00 03 00 04 00  ................
00004980: 05 00 06 00 08 00 09 00 0a 00 0c 00 0e 00 0f 00  ................
00004990: 11 00 13 00 15 00 17 00 19 00 1c 00 1e 00 20 00  .............. .
000049a0: 22 00 25 00 27 00 29 00 2b 00 2d 00 2f 00 31 00  ".%.'.).+.-./.1.
000049b0: 33 00 35 00 37 00 39 00 3a 00 3c 00 3d 00 3e 00  3.5.7.9.:.<.=.>.
000049c0: 40 00 41 00 42 00 43 00 44 00 45 00 46 00 46 00  @.A.B.C.D.E.F.F.
000049d0: 47 00 48 00 48 00 49 00 49 00 49 00 4a 00 4a 00  G.H.H.I.I.I.J.J.
000049e0: 4a 00 4a 00 4a 00 4b 00 4b 00 4b 00 4b 00 4b 00  J.J.J.K.K.K.K.K.
000049f0: 4b 00 4a 00 4a 00 4a 00 4a 00 4a 00 4a 00 4a 00  K.J.J.J.J.J.J.J.
00004a00: 49 00 49 00 49 00 49 00 48 00 48 00 48 00 48 00  I.I.I.I.H.H.H.H.
00004a10: 48 00 47 00 47 00 47 00 47 00 47 00 47 00 47 00  H.G.G.G.G.G.G.G.
00004a20: 46 00 46 00 46 00 46 00 46 00 46 00 46 00 46 00  F.F.F.F.F.F.F.F.
00004a30: 46 00 46 00 46 00 46 00 45 00 45 00 45 00 45 00  F.F.F.F.E.E.E.E.
00004a40: 45 00 45 00 45 00 45 00 45 00 45 00 45 00 45 00  E.E.E.E.E.E.E.E.
00004a50: 45 00 45 00 45 00 45 00 45 00 45 00 45 00 45 00  E.E.E.E.E.E.E.E.
00004a60: 45 00 45 00 45 00 45 00 45 00 45 00 45 00 45 00  E.E.E.E.E.E.E.E.
00004a70: 45 00 45 00 45 00 a0 ff a0 ff a0 ff a0 ff a0 ff  E.E.E...........
00004a80: a0 ff a0 ff a0 ff a0 ff a0 ff a0 ff a1 ff a1 ff  ................
00004a90: a1 ff a1 ff a1 ff a1 ff a1 ff a1 ff a1 ff a1 ff  ................
00004aa0: a1 ff a1 ff a1 ff a1 ff a1 ff a1 ff a1 ff a1 ff  ................
00004ab0: a1 ff a0 ff a0 ff a0 ff a0 ff a0 ff a0 ff a0 ff  ................
00004ac0: a0 ff a0 ff a0 ff a0 ff a0 ff a0 ff a0 ff a0 ff  ................
00004ad0: a0 ff a0 ff 9f ff 9f ff 9f ff 9f ff 9f ff 9f ff  ................
00004ae0: a0 ff a0 ff a0 ff a0 ff a0 ff a0 ff a0 ff a1 ff  ................
00004af0: a1 ff a1 ff a1 ff a2 ff a2 ff a3 ff a3 ff a4 ff  ................
00004b00: a4 ff a5 ff a5 ff a6 ff a7 ff a8 ff a8 ff a9 ff  ................
00004b10: aa ff ab ff ac ff ad ff af ff b0 ff b1 ff b3 ff  ................
00004b20: b4 ff b6 ff b7 ff b9 ff ba ff bc ff be ff c0 ff  ................
00004b30: c2 ff c4 ff c6 ff c9 ff cb ff cd ff d0 ff d2 ff  ................
00004b40: d4 ff d7 ff d9 ff db ff de ff e0 ff e2 ff e5 ff  ................
00004b50: e7 ff e9 ff eb ff ed ff ef ff f1 ff f2 ff f4 ff  ................
00004b60: f6 ff f7 ff f8 ff f9 ff fb ff fc ff fd ff fe ff  ................
00004b70: ff ff 00 00 00 00 01 00 02 00 03 00 04 00 05 00  ................
00004b80: 06 00 07 00 08 00 09 00 0a 00 0c 00 0d 00 0e 00  ................
00004b90: 10 00 11 00 12 00 14 00 15 00 17 00 18 00 1a 00  ................
00004ba0: 1b 00 1d 00 1e 00 20 00 21 00 23 00 24 00 26 00  ...... .!.#.$.&.
00004bb0: 27 00 29 00 2a 00 2c 00 2d 00 2f 00 30 00 31 00  '.).*.,.-./.0.1.
00004bc0: 33 00 34 00 35 00 36 00 37 00 38 00 39 00 3a 00  3.4.5.6.7.8.9.:.
00004bd0: 3b 00 3c 00 3d 00 3e 00 3f 00 40 00 41 00 41 00  ;.<.=.>.?.@.A.A.
00004be0: 42 00 43 00 44 00 44 00 45 00 45 00 46 00 47 00  B.C.D.D.E.E.F.G.
00004bf0: 47 00 48 00 48 00 48 00 49 00 49 00 4a 00 4a 00  G.H.H.H.I.I.J.J.
00004c00: 4a 00 4b 00 4b 00 4b 00 4b 00 4b 00 4c 00 4c 00  J.K.K.K.K.K.L.L.
00004c10: 4c 00 4c 00 4c 00 4c 00 4c 00 4d 00 4d 00 4d 00  L.L.L.L.L.M.M.M.
00004c20: 4d 00 4d 00 4d 00 4d 00 4d 00 4c 00 4c 00 4c 00  M.M.M.M.M.L.L.L.
00004c30: 4c 00 4c 00 4c 00 4c 00 4c 00 4c 00 4b 00 4b 00  L.L.L.L.L.L.K.K.
00004c40: 4b 00 4b 00 4b 00 4a 00 4a 00 4a 00 4a 00 4a 00  K.K.K.J.J.J.J.J.
00004c50: 49 00 49 00 49 00 48 00 48 00 48 00 48 00 47 00  I.I.I.H.H.H.H.G.
00004c60: 47 00 47 00 46 00 46 00 46 00 46 00 45 00 45 00  G.G.F.F.F.F.E.E.
00004c70: 45 00 44 00 44 00 00 00 32 00 5e 00 76 00 80 00  E.D.D...2.^.v...
00004c80: 8a 00 9e 00 cc 00 fe 00 ff 00 00 00 00 00 00 00  ................
00004c90: 00 00 00 00 00 00 00 00 24 00 5c 00 74 00 80 00  ........$.\.t...
00004ca0: 88 00 a4 00 cc 00 ff 00 00 00 00 00 00 00 00 00  ................
00004cb0: 00 00 00 00 00 00 01 00 04 00 01 00 03 00 02 00  ................
00004cc0: 01 00 18 00 00 00 01 00 9c ff 9c ff 9c ff 9c ff  ................
00004cd0: 9c ff 9c ff 9c ff 9c ff 9b ff 9b ff 9b ff 9b ff  ................
00004ce0: 9a ff 9a ff 9a ff 9a ff 9a ff 99 ff 99 ff 99 ff  ................
00004cf0: 99 ff 99 ff 99 ff 99 ff 99 ff 98 ff 98 ff 98 ff  ................
00004d00: 98 ff 98 ff 98 ff 98 ff 98 ff 98 ff 98 ff 99 ff  ................
00004d10: 99 ff 99 ff 99 ff 99 ff 99 ff 9a ff 9a ff 9a ff  ................
00004d20: 9b ff 9b ff 9b ff 9c ff 9c ff 9d ff 9d ff 9e ff  ................
00004d30: 9e ff 9f ff a0 ff a0 ff a1 ff a2 ff a2 ff a3 ff  ................
00004d40: a4 ff a5 ff a6 ff a7 ff a8 ff a9 ff aa ff ab ff  ................
00004d50: ac ff ad ff ae ff af ff b1 ff b2 ff b3 ff b4 ff  ................
00004d60: b6 ff b7 ff b9 ff ba ff bc ff bd ff bf ff c0 ff  ................
00004d70: c2 ff c3 ff c5 ff c7 ff c9 ff ca ff cc ff ce ff  ................
00004d80: d0 ff d2 ff d4 ff d6 ff d8 ff da ff dc ff de ff  ................
00004d90: e0 ff e2 ff e4 ff e6 ff e8 ff e9 ff eb ff ed ff  ................
00004da0: ee ff f0 ff f1 ff f3 ff f4 ff f5 ff f6 ff f7 ff  ................
00004db0: f8 ff f9 ff fa ff fa ff fb ff fc ff fc ff fd ff  ................
00004dc0: fd ff fe ff ff ff ff ff 00 00 01 00 02 00 02 00  ................
00004dd0: 03 00 04 00 05 00 06 00 07 00 08 00 09 00 0a 00  ................
00004de0: 0c 00 0d 00 0e 00 0f 00 10 00 12 00 13 00 14 00  ................
00004df0: 15 00 17 00 18 00 19 00 1a 00 1c 00 1d 00 1e 00  ................
00004e00: 1f 00 20 00 21 00 22 00 23 00 24 00 25 00 26 00  .. .!.".#.$.%.&.
00004e10: 27 00 28 00 29 00 29 00 2a 00 2b 00 2b 00 2c 00  '.(.).).*.+.+.,.
00004e20: 2d 00 2d 00 2e 00 2e 00 2f 00 2f 00 30 00 30 00  -.-....././.0.0.
00004e30: 31 00 31 00 31 00 32 00 32 00 32 00 33 00 33 00  1.1.1.2.2.2.3.3.
00004e40: 33 00 34 00 34 00 34 00 34 00 35 00 35 00 35 00  3.4.4.4.4.5.5.5.
00004e50: 35 00 35 00 36 00 36 00 36 00 36 00 36 00 36 00  5.5.6.6.6.6.6.6.
00004e60: 36 00 37 00 37 00 37 00 37 00 37 00 37 00 37 00  6.7.7.7.7.7.7.7.
00004e70: 37 00 37 00 37 00 37 00 37 00 37 00 37 00 37 00  7.7.7.7.7.7.7.7.
00004e80: 37 00 37 00 37 00 37 00 37 00 37 00 37 00 37 00  7.7.7.7.7.7.7.7.
00004e90: 37 00 37 00 37 00 37 00 36 00 36 00 36 00 36 00  7.7.7.7.6.6.6.6.
00004ea0: 36 00 36 00 36 00 36 00 36 00 36 00 36 00 35 00  6.6.6.6.6.6.6.5.
00004eb0: 35 00 35 00 35 00 35 00 35 00 35 00 35 00 34 00  5.5.5.5.5.5.5.4.
00004ec0: 34 00 34 00 34 00 34 00 b0 ff b0 ff b0 ff b0 ff  4.4.4.4.........
00004ed0: b0 ff b0 ff b0 ff b0 ff b1 ff b1 ff b1 ff b1 ff  ................
00004ee0: b1 ff b1 ff b1 ff b1 ff b1 ff b1 ff b1 ff b1 ff  ................
00004ef0: b1 ff b1 ff b1 ff b1 ff b1 ff b1 ff b1 ff b2 ff  ................
00004f00: b2 ff b2 ff b2 ff b2 ff b2 ff b2 ff b2 ff b2 ff  ................
00004f10: b2 ff b2 ff b2 ff b2 ff b3 ff b3 ff b3 ff b3 ff  ................
00004f20: b3 ff b3 ff b3 ff b3 ff b3 ff b4 ff b4 ff b4 ff  ................
00004f30: b4 ff b4 ff b4 ff b4 ff b4 ff b5 ff b5 ff b5 ff  ................
00004f40: b5 ff b5 ff b6 ff b6 ff b6 ff b6 ff b7 ff b7 ff  ................
00004f50: b7 ff b8 ff b8 ff b9 ff b9 ff ba ff ba ff bb ff  ................
00004f60: bc ff bc ff bd ff be ff bf ff c0 ff c1 ff c2 ff  ................
00004f70: c3 ff c4 ff c5 ff c7 ff c8 ff ca ff cb ff cd ff  ................
00004f80: ce ff d0 ff d2 ff d3 ff d5 ff d7 ff d9 ff da ff  ................
00004f90: dc ff de ff e0 ff e1 ff e3 ff e5 ff e7 ff e8 ff  ................
00004fa0: ea ff ec ff ed ff ef ff f0 ff f2 ff f3 ff f5 ff  ................
00004fb0: f6 ff f7 ff f8 ff f9 ff fa ff fb ff fc ff fc ff  ................
00004fc0: fd ff fe ff ff ff ff ff 00 00 01 00 01 00 02 00  ................
00004fd0: 03 00 04 00 05 00 05 00 06 00 07 00 08 00 09 00  ................
00004fe0: 09 00 0a 00 0b 00 0c 00 0d 00 0d 00 0e 00 0f 00  ................
00004ff0: 10 00 11 00 11 00 12 00 13 00 14 00 15 00 16 00  ................
00005000: 16 00 17 00 18 00 19 00 1a 00 1a 00 1b 00 1c 00  ................
00005010: 1d 00 1d 00 1e 00 1f 00 20 00 20 00 21 00 22 00  ........ . .!.".
00005020: 23 00 23 00 24 00 25 00 25 00 26 00 27 00 27 00  #.#.$.%.%.&.'.'.
00005030: 28 00 29 00 29 00 2a 00 2a 00 2b 00 2b 00 2c 00  (.).).*.*.+.+.,.
00005040: 2c 00 2d 00 2d 00 2e 00 2e 00 2f 00 2f 00 30 00  ,.-.-....././.0.
00005050: 30 00 30 00 31 00 31 00 31 00 31 00 32 00 32 00  0.0.1.1.1.1.2.2.
00005060: 32 00 32 00 32 00 33 00 33 00 33 00 33 00 33 00  2.2.2.3.3.3.3.3.
00005070: 33 00 33 00 33 00 33 00 33 00 33 00 33 00 33 00  3.3.3.3.3.3.3.3.
00005080: 33 00 33 00 33 00 33 00 33 00 33 00 33 00 33 00  3.3.3.3.3.3.3.3.
00005090: 33 00 33 00 33 00 33 00 33 00 33 00 32 00 32 00  3.3.3.3.3.3.2.2.
000050a0: 32 00 32 00 32 00 32 00 32 00 32 00 32 00 32 00  2.2.2.2.2.2.2.2.
000050b0: 32 00 32 00 32 00 31 00 31 00 31 00 31 00 31 00  2.2.2.1.1.1.1.1.
000050c0: 31 00 31 00 31 00 31 00 04 00 30 00 5c 00 70 00  1.1.1.1...0.\.p.
000050d0: 80 00 8a 00 9e 00 be 00 ff 00 00 00 00 00 00 00  ................
000050e0: 00 00 00 00 00 00 00 00 00 00 36 00 56 00 76 00  ..........6.V.v.
000050f0: 80 00 8c 00 ae 00 c4 00 fe 00 ff 00 00 00 00 00  ................
00005100: 00 00 00 00 00 00 00 00 01 00 04 00 01 00 03 00  ................
00005110: 02 00 01 00 18 00 00 00 01 00 ac ff ac ff ac ff  ................
00005120: ac ff ac ff ac ff ac ff ab ff ab ff ab ff aa ff  ................
00005130: aa ff aa ff a9 ff a9 ff a9 ff a8 ff a8 ff a8 ff  ................
00005140: a8 ff a7 ff a7 ff a7 ff a7 ff a6 ff a6 ff a6 ff  ................
00005150: a6 ff a5 ff a5 ff a5 ff a5 ff a5 ff a5 ff a4 ff  ................
00005160: a4 ff a4 ff a4 ff a4 ff a4 ff a4 ff a4 ff a4 ff  ................
00005170: a4 ff a4 ff a4 ff a4 ff a4 ff a4 ff a5 ff a5 ff  ................
00005180: a5 ff a5 ff a5 ff a6 ff a6 ff a6 ff a7 ff a7 ff  ................
00005190: a7 ff a8 ff a8 ff a9 ff a9 ff aa ff ab ff ab ff  ................
000051a0: ac ff ad ff ae ff af ff b0 ff b1 ff b2 ff b3 ff  ................
000051b0: b4 ff b5 ff b7 ff b8 ff ba ff bb ff bd ff be ff  ................
000051c0: c0 ff c2 ff c3 ff c5 ff c7 ff c9 ff cb ff cc ff  ................
000051d0: ce ff d0 ff d2 ff d4 ff d6 ff d8 ff da ff dc ff  ................
000051e0: de ff df ff e1 ff e3 ff e5 ff e7 ff e8 ff ea ff  ................
000051f0: ec ff ed ff ef ff f0 ff f2 ff f3 ff f4 ff f5 ff  ................
00005200: f6 ff f7 ff f8 ff f9 ff fa ff fb ff fc ff fc ff  ................
00005210: fd ff fe ff fe ff ff ff ff ff 00 00 01 00 01 00  ................
00005220: 02 00 02 00 03 00 03 00 04 00 04 00 05 00 06 00  ................
00005230: 07 00 07 00 08 00 09 00 0a 00 0b 00 0d 00 0e 00  ................
00005240: 0f 00 10 00 12 00 13 00 15 00 16 00 17 00 19 00  ................
00005250: 1a 00 1c 00 1d 00 1f 00 20 00 22 00 23 00 24 00  ........ .".#.$.
00005260: 26 00 27 00 28 00 29 00 2a 00 2b 00 2c 00 2d 00  &.'.(.).*.+.,.-.
00005270: 2e 00 2f 00 30 00 30 00 31 00 31 00 32 00 32 00  ../.0.0.1.1.2.2.
00005280: 33 00 33 00 33 00 34 00 34 00 34 00 34 00 35 00  3.3.3.4.4.4.4.5.
00005290: 35 00 35 00 35 00 35 00 35 00 35 00 35 00 35 00  5.5.5.5.5.5.5.5.
000052a0: 35 00 35 00 35 00 34 00 34 00 34 00 34 00 34 00  5.5.5.4.4.4.4.4.
000052b0: 34 00 34 00 33 00 33 00 33 00 33 00 33 00 32 00  4.4.3.3.3.3.3.2.
000052c0: 32 00 32 00 32 00 32 00 32 00 31 00 31 00 31 00  2.2.2.2.2.1.1.1.
000052d0: 31 00 30 00 30 00 30 00 30 00 30 00 2f 00 2f 00  1.0.0.0.0.0././.
000052e0: 2f 00 2f 00 2f 00 2f 00 2e 00 2e 00 2e 00 2e 00  /./././.........
000052f0: 2e 00 2e 00 2d 00 2d 00 2d 00 2d 00 2d 00 2d 00  ....-.-.-.-.-.-.
00005300: 2d 00 2c 00 2c 00 2c 00 2c 00 2c 00 2c 00 2c 00  -.,.,.,.,.,.,.,.
00005310: 2c 00 2c 00 2c 00 2c 00 2c 00 b4 ff b4 ff b4 ff  ,.,.,.,.,.......
00005320: b3 ff b3 ff b3 ff b3 ff b2 ff b2 ff b2 ff b2 ff  ................
00005330: b1 ff b1 ff b1 ff b1 ff b0 ff b0 ff b0 ff b0 ff  ................
00005340: b0 ff af ff af ff af ff af ff ae ff ae ff ae ff  ................
00005350: ae ff ae ff ae ff ad ff ad ff ad ff ad ff ad ff  ................
00005360: ad ff ad ff ac ff ac ff ac ff ac ff ac ff ac ff  ................
00005370: ac ff ac ff ac ff ac ff ac ff ac ff ac ff ac ff  ................
00005380: ac ff ac ff ac ff ac ff ac ff ad ff ad ff ad ff  ................
00005390: ad ff ae ff ae ff ae ff af ff af ff af ff b0 ff  ................
000053a0: b0 ff b1 ff b2 ff b2 ff b3 ff b4 ff b4 ff b5 ff  ................
000053b0: b6 ff b7 ff b8 ff b9 ff ba ff bb ff bc ff be ff  ................
000053c0: bf ff c0 ff c2 ff c3 ff c4 ff c6 ff c8 ff c9 ff  ................
000053d0: cb ff cc ff ce ff d0 ff d2 ff d3 ff d5 ff d7 ff  ................
000053e0: d9 ff da ff dc ff de ff e0 ff e2 ff e3 ff e5 ff  ................
000053f0: e7 ff e8 ff ea ff eb ff ed ff ef ff f0 ff f1 ff  ................
00005400: f3 ff f4 ff f5 ff f6 ff f8 ff f9 ff fa ff fb ff  ................
00005410: fc ff fd ff fd ff fe ff ff ff 00 00 01 00 02 00  ................
00005420: 02 00 03 00 04 00 05 00 05 00 06 00 07 00 08 00  ................
00005430: 09 00 0a 00 0b 00 0c 00 0d 00 0e 00 10 00 11 00  ................
00005440: 13 00 14 00 16 00 17 00 19 00 1a 00 1c 00 1d 00  ................
00005450: 1f 00 21 00 22 00 24 00 25 00 27 00 28 00 29 00  ..!.".$.%.'.(.).
00005460: 2a 00 2c 00 2d 00 2e 00 2f 00 30 00 31 00 31 00  *.,.-.../.0.1.1.
00005470: 32 00 33 00 34 00 34 00 35 00 35 00 36 00 36 00  2.3.4.4.5.5.6.6.
00005480: 37 00 37 00 37 00 37 00 38 00 38 00 38 00 38 00  7.7.7.7.8.8.8.8.
00005490: 38 00 38 00 38 00 38 00 38 00 38 00 38 00 38 00  8.8.8.8.8.8.8.8.
000054a0: 38 00 37 00 37 00 37 00 37 00 37 00 36 00 36 00  8.7.7.7.7.7.6.6.
000054b0: 36 00 36 00 35 00 35 00 35 00 34 00 34 00 34 00  6.6.5.5.5.4.4.4.
000054c0: 34 00 33 00 33 00 33 00 32 00 32 00 32 00 32 00  4.3.3.3.2.2.2.2.
000054d0: 31 00 31 00 31 00 31 00 30 00 30 00 30 00 2f 00  1.1.1.1.0.0.0./.
000054e0: 2f 00 2f 00 2f 00 2e 00 2e 00 2e 00 2e 00 2d 00  /././.........-.
000054f0: 2d 00 2d 00 2d 00 2c 00 2c 00 2c 00 2c 00 2b 00  -.-.-.,.,.,.,.+.
00005500: 2b 00 2b 00 2b 00 2a 00 2a 00 2a 00 2a 00 29 00  +.+.+.*.*.*.*.).
00005510: 29 00 29 00 29 00 28 00 28 00 04 00 2e 00 4e 00  ).).).(.(.....N.
00005520: 72 00 80 00 8e 00 a6 00 ca 00 fe 00 ff 00 00 00  r...............
00005530: 00 00 00 00 00 00 00 00 00 00 00 00 28 00 54 00  ............(.T.
00005540: 72 00 80 00 8e 00 a2 00 d2 00 ff 00 00 00 00 00  r...............
00005550: 00 00 00 00 00 00 00 00 00 00 01 00 04 00 01 00  ................
00005560: 03 00 02 00 01 00 18 00 00 00 01 00 b0 ff af ff  ................
00005570: ae ff ad ff ac ff ac ff ab ff aa ff a9 ff a8 ff  ................
00005580: a7 ff a6 ff a5 ff a5 ff a4 ff a3 ff a2 ff a1 ff  ................
00005590: a1 ff a0 ff 9f ff 9f ff 9e ff 9d ff 9d ff 9c ff  ................
000055a0: 9c ff 9b ff 9b ff 9a ff 9a ff 99 ff 99 ff 99 ff  ................
000055b0: 98 ff 98 ff 98 ff 98 ff 98 ff 98 ff 98 ff 98 ff  ................
000055c0: 98 ff 98 ff 98 ff 98 ff 99 ff 99 ff 9a ff 9a ff  ................
000055d0: 9a ff 9b ff 9c ff 9c ff 9d ff 9e ff 9f ff a0 ff  ................
000055e0: a1 ff a2 ff a3 ff a4 ff a5 ff a6 ff a7 ff a9 ff  ................
000055f0: aa ff ab ff ad ff ae ff b0 ff b1 ff b3 ff b4 ff  ................
00005600: b6 ff b8 ff b9 ff bb ff bd ff bf ff c0 ff c2 ff  ................
00005610: c4 ff c6 ff c8 ff c9 ff cb ff cd ff cf ff d1 ff  ................
00005620: d3 ff d4 ff d6 ff d8 ff da ff dc ff de ff df ff  ................
00005630: e1 ff e3 ff e4 ff e6 ff e8 ff e9 ff eb ff ec ff  ................
00005640: ed ff ef ff f0 ff f1 ff f2 ff f4 ff f5 ff f6 ff  ................
00005650: f7 ff f8 ff f8 ff f9 ff fa ff fb ff fc ff fc ff  ................
00005660: fd ff fe ff ff ff ff ff 00 00 01 00 01 00 02 00  ................
00005670: 03 00 03 00 04 00 05 00 05 00 06 00 07 00 08 00  ................
00005680: 08 00 09 00 0a 00 0b 00 0c 00 0d 00 0e 00 0f 00  ................
00005690: 10 00 11 00 12 00 13 00 15 00 16 00 17 00 18 00  ................
000056a0: 1a 00 1b 00 1c 00 1e 00 1f 00 20 00 22 00 23 00  .......... .".#.
000056b0: 24 00 26 00 27 00 28 00 2a 00 2b 00 2c 00 2d 00  $.&.'.(.*.+.,.-.
000056c0: 2f 00 30 00 31 00 32 00 34 00 35 00 36 00 37 00  /.0.1.2.4.5.6.7.
000056d0: 38 00 39 00 3a 00 3b 00 3c 00 3d 00 3d 00 3e 00  8.9.:.;.<.=.=.>.
000056e0: 3f 00 40 00 40 00 41 00 42 00 42 00 43 00 43 00  ?.@.@.A.B.B.C.C.
000056f0: 44 00 44 00 45 00 45 00 46 00 46 00 46 00 47 00  D.D.E.E.F.F.F.G.
00005700: 47 00 47 00 48 00 48 00 48 00 48 00 48 00 49 00  G.G.H.H.H.H.H.I.
00005710: 49 00 49 00 49 00 49 00 49 00 49 00 49 00 49 00  I.I.I.I.I.I.I.I.
00005720: 49 00 49 00 49 00 49 00 48 00 48 00 48 00 48 00  I.I.I.I.H.H.H.H.
00005730: 48 00 48 00 47 00 47 00 47 00 47 00 47 00 46 00  H.H.G.G.G.G.G.F.
00005740: 46 00 46 00 45 00 45 00 45 00 44 00 44 00 44 00  F.F.E.E.E.D.D.D.
00005750: 43 00 43 00 43 00 42 00 42 00 42 00 41 00 41 00  C.C.C.B.B.B.A.A.
00005760: 41 00 40 00 40 00 3f 00 3f 00 3f 00 bc ff bb ff  A.@.@.?.?.?.....
00005770: ba ff b9 ff b8 ff b7 ff b6 ff b5 ff b3 ff b2 ff  ................
00005780: b1 ff b0 ff af ff ae ff ad ff ac ff ab ff aa ff  ................
00005790: a9 ff a8 ff a8 ff a7 ff a6 ff a5 ff a4 ff a3 ff  ................
000057a0: a3 ff a2 ff a1 ff a0 ff a0 ff 9f ff 9e ff 9e ff  ................
000057b0: 9d ff 9d ff 9c ff 9c ff 9b ff 9b ff 9b ff 9a ff  ................
000057c0: 9a ff 9a ff 9a ff 99 ff 99 ff 99 ff 99 ff 99 ff  ................
000057d0: 99 ff 99 ff 9a ff 9a ff 9a ff 9a ff 9b ff 9b ff  ................
000057e0: 9c ff 9c ff 9d ff 9d ff 9e ff 9f ff a0 ff a1 ff  ................
000057f0: a2 ff a3 ff a4 ff a5 ff a6 ff a7 ff a9 ff aa ff  ................
00005800: ab ff ad ff af ff b0 ff b2 ff b4 ff b6 ff b8 ff  ................
00005810: ba ff bc ff be ff c0 ff c2 ff c4 ff c6 ff c8 ff  ................
00005820: ca ff cc ff cf ff d1 ff d3 ff d5 ff d7 ff d9 ff  ................
00005830: db ff dd ff df ff e1 ff e3 ff e5 ff e7 ff e9 ff  ................
00005840: ea ff ec ff ee ff ef ff f0 ff f2 ff f3 ff f4 ff  ................
00005850: f5 ff f6 ff f7 ff f8 ff f9 ff fa ff fb ff fb ff  ................
00005860: fc ff fd ff fd ff fe ff ff ff ff ff 00 00 01 00  ................
00005870: 01 00 02 00 03 00 04 00 04 00 05 00 06 00 07 00  ................
00005880: 08 00 09 00 0a 00 0b 00 0b 00 0c 00 0d 00 0e 00  ................
00005890: 0f 00 10 00 11 00 12 00 13 00 14 00 16 00 17 00  ................
000058a0: 18 00 19 00 1a 00 1b 00 1c 00 1d 00 1e 00 1f 00  ................
000058b0: 21 00 22 00 23 00 24 00 25 00 26 00 27 00 28 00  !.".#.$.%.&.'.(.
000058c0: 29 00 2b 00 2c 00 2d 00 2e 00 2f 00 30 00 31 00  ).+.,.-.../.0.1.
000058d0: 32 00 33 00 34 00 35 00 36 00 36 00 37 00 38 00  2.3.4.5.6.6.7.8.
000058e0: 39 00 3a 00 3b 00 3b 00 3c 00 3d 00 3d 00 3e 00  9.:.;.;.<.=.=.>.
000058f0: 3f 00 3f 00 40 00 40 00 41 00 41 00 42 00 42 00  ?.?.@.@.A.A.B.B.
00005900: 43 00 43 00 44 00 44 00 44 00 45 00 45 00 45 00  C.C.D.D.D.E.E.E.
00005910: 46 00 46 00 46 00 46 00 46 00 47 00 47 00 47 00  F.F.F.F.F.G.G.G.
00005920: 47 00 47 00 47 00 47 00 48 00 48 00 48 00 48 00  G.G.G.G.H.H.H.H.
00005930: 48 00 48 00 48 00 48 00 48 00 48 00 48 00 48 00  H.H.H.H.H.H.H.H.
00005940: 48 00 48 00 48 00 47 00 47 00 47 00 47 00 47 00  H.H.H.G.G.G.G.G.
00005950: 47 00 47 00 47 00 47 00 46 00 46 00 46 00 46 00  G.G.G.G.F.F.F.F.
00005960: 46 00 46 00 46 00 46 00 45 00 45 00 00 00 32 00  F.F.F.F.E.E...2.
00005970: 50 00 6c 00 7e 00 8e 00 b2 00 ff 00 00 00 00 00  P.l.~...........
00005980: 00 00 00 00 00 00 00 00 00 00 00 00 00 00 4a 00  ..............J.
00005990: 6e 00 80 00 92 00 bc 00 ff 00 00 00 00 00 00 00  n...............
000059a0: 00 00 00 00 00 00 00 00 00 00 00 00 01 00 04 00  ................
000059b0: 01 00 03 00 02 00 01 00 18 00 00 00 01 00 a0 ff  ................
000059c0: a0 ff a0 ff a0 ff a0 ff 9f ff 9f ff 9f ff 9f ff  ................
000059d0: 9f ff 9e ff 9e ff 9e ff 9e ff 9e ff 9d ff 9d ff  ................
000059e0: 9d ff 9d ff 9d ff 9d ff 9d ff 9c ff 9c ff 9c ff  ................
000059f0: 9c ff 9c ff 9c ff 9c ff 9c ff 9c ff 9c ff 9c ff  ................
00005a00: 9c ff 9c ff 9c ff 9c ff 9d ff 9d ff 9d ff 9d ff  ................
00005a10: 9d ff 9e ff 9e ff 9e ff 9f ff 9f ff 9f ff a0 ff  ................
00005a20: a0 ff a1 ff a1 ff a2 ff a2 ff a3 ff a4 ff a4 ff  ................
00005a30: a5 ff a6 ff a7 ff a7 ff a8 ff a9 ff aa ff ab ff  ................
00005a40: ac ff ad ff ae ff af ff b0 ff b2 ff b3 ff b4 ff  ................
00005a50: b5 ff b7 ff b8 ff ba ff bb ff bd ff be ff c0 ff  ................
00005a60: c1 ff c3 ff c5 ff c6 ff c8 ff ca ff cc ff cd ff  ................
00005a70: cf ff d1 ff d2 ff d4 ff d6 ff d8 ff d9 ff db ff  ................
00005a80: dd ff de ff e0 ff e2 ff e3 ff e5 ff e6 ff e8 ff  ................
00005a90: e9 ff eb ff ec ff ed ff ef ff f0 ff f1 ff f2 ff  ................
00005aa0: f4 ff f5 ff f6 ff f7 ff f8 ff f9 ff fa ff fa ff  ................
00005ab0: fb ff fc ff fd ff fd ff fe ff ff ff ff ff 00 00  ................
00005ac0: 01 00 01 00 02 00 02 00 03 00 03 00 03 00 04 00  ................
00005ad0: 04 00 05 00 05 00 06 00 06 00 06 00 07 00 07 00  ................
00005ae0: 08 00 08 00 08 00 09 00 09 00 0a 00 0a 00 0b 00  ................
00005af0: 0b 00 0c 00 0c 00 0d 00 0e 00 0e 00 0f 00 0f 00  ................
00005b00: 10 00 10 00 11 00 12 00 12 00 13 00 13 00 14 00  ................
00005b10: 15 00 15 00 16 00 16 00 17 00 18 00 18 00 19 00  ................
00005b20: 19 00 1a 00 1a 00 1b 00 1c 00 1c 00 1d 00 1d 00  ................
00005b30: 1e 00 1e 00 1f 00 1f 00 20 00 20 00 21 00 21 00  ........ . .!.!.
00005b40: 22 00 22 00 23 00 23 00 23 00 24 00 24 00 24 00  ".".#.#.#.$.$.$.
00005b50: 25 00 25 00 25 00 26 00 26 00 26 00 27 00 27 00  %.%.%.&.&.&.'.'.
00005b60: 27 00 27 00 28 00 28 00 28 00 28 00 29 00 29 00  '.'.(.(.(.(.).).
00005b70: 29 00 29 00 29 00 29 00 2a 00 2a 00 2a 00 2a 00  ).).).).*.*.*.*.
00005b80: 2a 00 2a 00 2a 00 2a 00 2b 00 2b 00 2b 00 2b 00  *.*.*.*.+.+.+.+.
00005b90: 2b 00 2b 00 2b 00 2b 00 2b 00 2b 00 2b 00 2b 00  +.+.+.+.+.+.+.+.
00005ba0: 2b 00 2b 00 2c 00 2c 00 2c 00 2c 00 2c 00 2c 00  +.+.,.,.,.,.,.,.
00005bb0: 2c 00 2c 00 2c 00 2c 00 2c 00 2c 00 2c 00 00 00  ,.,.,.,.,.,.,...
00005bc0: 00 00 00 00 00 00 00 00 00 00 00 00 00 00 00 00  ................
00005bd0: 00 00 00 00 00 00 00 00 00 00 00 00 00 00 00 00  ................
00005be0: 00 00 00 00 00 00 00 00 00 00 00 00 00 00 00 00  ................
00005bf0: 00 00 00 00 00 00 00 00 00 00 00 00 00 00 00 00  ................
00005c00: 00 00 00 00 00 00 00 00 00 00 00 00 00 00 00 00  ................
00005c10: 00 00 00 00 00 00 00 00 00 00 00 00 00 00 00 00  ................
00005c20: 00 00 00 00 00 00 00 00 00 00 00 00 00 00 00 00  ................
00005c30: 00 00 00 00 00 00 00 00 00 00 00 00 00 00 00 00  ................
00005c40: 00 00 00 00 00 00 00 00 00 00 00 00 00 00 00 00  ................
00005c50: 00 00 00 00 00 00 00 00 00 00 00 00 00 00 00 00  ................
00005c60: 00 00 00 00 00 00 00 00 00 00 00 00 00 00 00 00  ................
00005c70: 00 00 00 00 00 00 00 00 00 00 00 00 00 00 00 00  ................
00005c80: 00 00 00 00 00 00 00 00 00 00 00 00 00 00 00 00  ................
00005c90: 00 00 00 00 00 00 00 00 00 00 00 00 00 00 00 00  ................
00005ca0: 00 00 00 00 00 00 00 00 00 00 00 00 00 00 00 00  ................
00005cb0: 00 00 00 00 00 00 00 00 00 00 00 00 00 00 00 00  ................
00005cc0: 00 00 00 00 00 00 00 00 00 00 00 00 00 00 00 00  ................
00005cd0: 00 00 00 00 00 00 00 00 00 00 00 00 00 00 00 00  ................
00005ce0: 00 00 00 00 00 00 00 00 00 00 00 00 00 00 00 00  ................
00005cf0: 00 00 00 00 00 00 00 00 00 00 00 00 00 00 00 00  ................
00005d00: 00 00 00 00 00 00 00 00 00 00 00 00 00 00 00 00  ................
00005d10: 00 00 00 00 00 00 00 00 00 00 00 00 00 00 00 00  ................
00005d20: 00 00 00 00 00 00 00 00 00 00 00 00 00 00 00 00  ................
00005d30: 00 00 00 00 00 00 00 00 00 00 00 00 00 00 00 00  ................
00005d40: 00 00 00 00 00 00 00 00 00 00 00 00 00 00 00 00  ................
00005d50: 00 00 00 00 00 00 00 00 00 00 00 00 00 00 00 00  ................
00005d60: 00 00 00 00 00 00 00 00 00 00 00 00 00 00 00 00  ................
00005d70: 00 00 00 00 00 00 00 00 00 00 00 00 00 00 00 00  ................
00005d80: 00 00 00 00 00 00 00 00 00 00 00 00 00 00 00 00  ................
00005d90: 00 00 00 00 00 00 00 00 00 00 00 00 00 00 00 00  ................
00005da0: 00 00 00 00 00 00 00 00 00 00 00 00 00 00 00 00  ................
00005db0: 00 00 00 00 00 00 00 00 00 00 00 00 00 00 02 00  ................
00005dc0: 48 00 6e 00 80 00 92 00 c0 00 ff 00 00 00 00 00  H.n.............
00005dd0: 00 00 00 00 00 00 00 00 00 00 00 00 00 00 00 00  ................
00005de0: ff 00 00 00 00 00 00 00 00 00 00 00 00 00 00 00  ................
00005df0: 00 00 00 00 00 00 00 00 00 00 00 00 00 00 01 00  ................
00005e00: 04 00 01 00 03 00 02 00 01 00 18 00 00 00 01 00  ................
00005e10: a4 ff a4 ff a4 ff a4 ff a3 ff a3 ff a3 ff a3 ff  ................
00005e20: a3 ff a3 ff a2 ff a2 ff a2 ff a2 ff a2 ff a2 ff  ................
00005e30: a2 ff a2 ff a1 ff a1 ff a1 ff a1 ff a1 ff a1 ff  ................
00005e40: a1 ff a2 ff a2 ff a2 ff a2 ff a2 ff a2 ff a2 ff  ................
00005e50: a3 ff a3 ff a3 ff a4 ff a4 ff a4 ff a5 ff a5 ff  ................
00005e60: a6 ff a6 ff a7 ff a7 ff a8 ff a9 ff a9 ff aa ff  ................
00005e70: ab ff ac ff ad ff ad ff ae ff af ff b0 ff b1 ff  ................
00005e80: b3 ff b4 ff b5 ff b6 ff b7 ff b8 ff ba ff bb ff  ................
00005e90: bc ff bd ff bf ff c0 ff c1 ff c3 ff c4 ff c5 ff  ................
00005ea0: c7 ff c8 ff c9 ff cb ff cc ff cd ff cf ff d0 ff  ................
00005eb0: d1 ff d3 ff d4 ff d5 ff d7 ff d8 ff d9 ff db ff  ................
00005ec0: dc ff dd ff df ff e0 ff e1 ff e2 ff e3 ff e5 ff  ................
00005ed0: e6 ff e7 ff e8 ff e9 ff ea ff ec ff ed ff ee ff  ................
00005ee0: ef ff f0 ff f1 ff f2 ff f3 ff f4 ff f5 ff f5 ff  ................
00005ef0: f6 ff f7 ff f8 ff f9 ff fa ff fa ff fb ff fc ff  ................
00005f00: fc ff fd ff fe ff fe ff ff ff ff ff 00 00 00 00  ................
00005f10: 01 00 01 00 02 00 02 00 03 00 03 00 03 00 04 00  ................
00005f20: 04 00 04 00 05 00 05 00 05 00 05 00 06 00 06 00  ................
00005f30: 06 00 06 00 07 00 07 00 07 00 08 00 08 00 08 00  ................
00005f40: 09 00 09 00 09 00 0a 00 0a 00 0b 00 0b 00 0b 00  ................
00005f50: 0c 00 0c 00 0d 00 0d 00 0e 00 0e 00 0f 00 0f 00  ................
00005f60: 10 00 10 00 11 00 12 00 12 00 13 00 13 00 14 00  ................
00005f70: 14 00 15 00 15 00 16 00 17 00 17 00 18 00 18 00  ................
00005f80: 19 00 19 00 1a 00 1a 00 1b 00 1b 00 1c 00 1c 00  ................
00005f90: 1c 00 1d 00 1d 00 1e 00 1e 00 1e 00 1f 00 1f 00  ................
00005fa0: 1f 00 20 00 20 00 20 00 20 00 21 00 21 00 21 00  .. . . . .!.!.!.
00005fb0: 21 00 21 00 22 00 22 00 22 00 22 00 22 00 22 00  !.!.".".".".".".
00005fc0: 22 00 22 00 23 00 23 00 23 00 23 00 23 00 23 00  ".".#.#.#.#.#.#.
00005fd0: 23 00 23 00 23 00 23 00 23 00 23 00 23 00 23 00  #.#.#.#.#.#.#.#.
00005fe0: 23 00 23 00 23 00 23 00 23 00 23 00 23 00 23 00  #.#.#.#.#.#.#.#.
00005ff0: 23 00 23 00 23 00 23 00 23 00 23 00 23 00 23 00  #.#.#.#.#.#.#.#.
00006000: 23 00 23 00 23 00 23 00 23 00 23 00 23 00 23 00  #.#.#.#.#.#.#.#.
00006010: 00 00 00 00 00 00 00 00 00 00 00 00 00 00 00 00  ................
00006020: 00 00 00 00 00 00 00 00 00 00 00 00 00 00 00 00  ................
00006030: 00 00 00 00 00 00 00 00 00 00 00 00 00 00 00 00  ................
00006040: 00 00 00 00 00 00 00 00 00 00 00 00 00 00 00 00  ................
00006050: 00 00 00 00 00 00 00 00 00 00 00 00 00 00 00 00  ................
00006060: 00 00 00 00 00 00 00 00 00 00 00 00 00 00 00 00  ................
00006070: 00 00 00 00 00 00 00 00 00 00 00 00 00 00 00 00  ................
00006080: 00 00 00 00 00 00 00 00 00 00 00 00 00 00 00 00  ................
00006090: 00 00 00 00 00 00 00 00 00 00 00 00 00 00 00 00  ................
000060a0: 00 00 00 00 00 00 00 00 00 00 00 00 00 00 00 00  ................
000060b0: 00 00 00 00 00 00 00 00 00 00 00 00 00 00 00 00  ................
000060c0: 00 00 00 00 00 00 00 00 00 00 00 00 00 00 00 00  ................
000060d0: 00 00 00 00 00 00 00 00 00 00 00 00 00 00 00 00  ................
000060e0: 00 00 00 00 00 00 00 00 00 00 00 00 00 00 00 00  ................
000060f0: 00 00 00 00 00 00 00 00 00 00 00 00 00 00 00 00  ................
00006100: 00 00 00 00 00 00 00 00 00 00 00 00 00 00 00 00  ................
00006110: 00 00 00 00 00 00 00 00 00 00 00 00 00 00 00 00  ................
00006120: 00 00 00 00 00 00 00 00 00 00 00 00 00 00 00 00  ................
00006130: 00 00 00 00 00 00 00 00 00 00 00 00 00 00 00 00  ................
00006140: 00 00 00 00 00 00 00 00 00 00 00 00 00 00 00 00  ................
00006150: 00 00 00 00 00 00 00 00 00 00 00 00 00 00 00 00  ................
00006160: 00 00 00 00 00 00 00 00 00 00 00 00 00 00 00 00  ................
00006170: 00 00 00 00 00 00 00 00 00 00 00 00 00 00 00 00  ................
00006180: 00 00 00 00 00 00 00 00 00 00 00 00 00 00 00 00  ................
00006190: 00 00 00 00 00 00 00 00 00 00 00 00 00 00 00 00  ................
000061a0: 00 00 00 00 00 00 00 00 00 00 00 00 00 00 00 00  ................
000061b0: 00 00 00 00 00 00 00 00 00 00 00 00 00 00 00 00  ................
000061c0: 00 00 00 00 00 00 00 00 00 00 00 00 00 00 00 00  ................
000061d0: 00 00 00 00 00 00 00 00 00 00 00 00 00 00 00 00  ................
000061e0: 00 00 00 00 00 00 00 00 00 00 00 00 00 00 00 00  ................
000061f0: 00 00 00 00 00 00 00 00 00 00 00 00 00 00 00 00  ................
00006200: 00 00 00 00 00 00 00 00 00 00 00 00 00 00 00 00  ................
00006210: 00 00 30 00 4c 00 6c 00 7e 00 9a 00 c2 00 fe 00  ..0.L.l.~.......
00006220: ff 00 00 00 00 00 00 00 00 00 00 00 00 00 00 00  ................
00006230: 00 00 ff 00 00 00 00 00 00 00 00 00 00 00 00 00  ................
00006240: 00 00 00 00 00 00 00 00 00 00 00 00 00 00 00 00  ................
00006250: 01 00 04 00 01 00 03 00 02 00 01 00 18 00 00 00  ................
00006260: 01 00 c0 ff c0 ff c0 ff c0 ff c0 ff c0 ff c0 ff  ................
00006270: bf ff bf ff bf ff bf ff bf ff bf ff bf ff bf ff  ................
00006280: bf ff bf ff bf ff bf ff bf ff bf ff bf ff bf ff  ................
00006290: bf ff bf ff bf ff bf ff bf ff bf ff bf ff bf ff  ................
000062a0: bf ff bf ff bf ff bf ff c0 ff c0 ff c0 ff c0 ff  ................
000062b0: c0 ff c1 ff c1 ff c1 ff c1 ff c2 ff c2 ff c2 ff  ................
000062c0: c3 ff c3 ff c4 ff c4 ff c5 ff c5 ff c6 ff c6 ff  ................
000062d0: c7 ff c7 ff c8 ff c8 ff c9 ff ca ff ca ff cb ff  ................
000062e0: cc ff cc ff cd ff ce ff ce ff cf ff d0 ff d1 ff  ................
000062f0: d2 ff d2 ff d3 ff d4 ff d5 ff d6 ff d6 ff d7 ff  ................
00006300: d8 ff d9 ff da ff db ff dc ff dd ff dd ff de ff  ................
00006310: df ff e0 ff e1 ff e2 ff e3 ff e4 ff e5 ff e5 ff  ................
00006320: e6 ff e7 ff e8 ff e9 ff ea ff eb ff ec ff ec ff  ................
00006330: ed ff ee ff ef ff f0 ff f1 ff f1 ff f2 ff f3 ff  ................
00006340: f4 ff f4 ff f5 ff f6 ff f7 ff f7 ff f8 ff f9 ff  ................
00006350: f9 ff fa ff fb ff fb ff fc ff fd ff fd ff fe ff  ................
00006360: fe ff ff ff ff ff 00 00 00 00 00 00 01 00 01 00  ................
00006370: 02 00 02 00 02 00 03 00 03 00 04 00 04 00 04 00  ................
00006380: 05 00 05 00 05 00 06 00 06 00 07 00 07 00 08 00  ................
00006390: 08 00 08 00 09 00 09 00 0a 00 0a 00 0b 00 0b 00  ................
000063a0: 0c 00 0d 00 0d 00 0e 00 0e 00 0f 00 0f 00 10 00  ................
000063b0: 10 00 11 00 12 00 12 00 13 00 13 00 14 00 15 00  ................
000063c0: 15 00 16 00 16 00 17 00 17 00 18 00 19 00 19 00  ................
000063d0: 1a 00 1a 00 1b 00 1b 00 1c 00 1d 00 1d 00 1e 00  ................
000063e0: 1e 00 1f 00 1f 00 20 00 20 00 21 00 21 00 21 00  ...... . .!.!.!.
000063f0: 22 00 22 00 23 00 23 00 23 00 24 00 24 00 24 00  ".".#.#.#.$.$.$.
00006400: 25 00 25 00 25 00 26 00 26 00 26 00 26 00 26 00  %.%.%.&.&.&.&.&.
00006410: 26 00 27 00 27 00 27 00 27 00 27 00 27 00 27 00  &.'.'.'.'.'.'.'.
00006420: 27 00 27 00 27 00 27 00 27 00 27 00 27 00 26 00  '.'.'.'.'.'.'.&.
00006430: 26 00 26 00 26 00 26 00 26 00 26 00 26 00 25 00  &.&.&.&.&.&.&.%.
00006440: 25 00 25 00 25 00 25 00 25 00 25 00 25 00 24 00  %.%.%.%.%.%.%.$.
00006450: 24 00 24 00 24 00 24 00 24 00 24 00 24 00 24 00  $.$.$.$.$.$.$.$.
00006460: 24 00 00 00 00 00 00 00 00 00 00 00 00 00 00 00  $...............
00006470: 00 00 00 00 00 00 00 00 00 00 00 00 00 00 00 00  ................
00006480: 00 00 00 00 00 00 00 00 00 00 00 00 00 00 00 00  ................
00006490: 00 00 00 00 00 00 00 00 00 00 00 00 00 00 00 00  ................
000064a0: 00 00 00 00 00 00 00 00 00 00 00 00 00 00 00 00  ................
000064b0: 00 00 00 00 00 00 00 00 00 00 00 00 00 00 00 00  ................
000064c0: 00 00 00 00 00 00 00 00 00 00 00 00 00 00 00 00  ................
000064d0: 00 00 00 00 00 00 00 00 00 00 00 00 00 00 00 00  ................
000064e0: 00 00 00 00 00 00 00 00 00 00 00 00 00 00 00 00  ................
000064f0: 00 00 00 00 00 00 00 00 00 00 00 00 00 00 00 00  ................
00006500: 00 00 00 00 00 00 00 00 00 00 00 00 00 00 00 00  ................
00006510: 00 00 00 00 00 00 00 00 00 00 00 00 00 00 00 00  ................
00006520: 00 00 00 00 00 00 00 00 00 00 00 00 00 00 00 00  ................
00006530: 00 00 00 00 00 00 00 00 00 00 00 00 00 00 00 00  ................
00006540: 00 00 00 00 00 00 00 00 00 00 00 00 00 00 00 00  ................
00006550: 00 00 00 00 00 00 00 00 00 00 00 00 00 00 00 00  ................
00006560: 00 00 00 00 00 00 00 00 00 00 00 00 00 00 00 00  ................
00006570: 00 00 00 00 00 00 00 00 00 00 00 00 00 00 00 00  ................
00006580: 00 00 00 00 00 00 00 00 00 00 00 00 00 00 00 00  ................
00006590: 00 00 00 00 00 00 00 00 00 00 00 00 00 00 00 00  ................
000065a0: 00 00 00 00 00 00 00 00 00 00 00 00 00 00 00 00  ................
000065b0: 00 00 00 00 00 00 00 00 00 00 00 00 00 00 00 00  ................
000065c0: 00 00 00 00 00 00 00 00 00 00 00 00 00 00 00 00  ................
000065d0: 00 00 00 00 00 00 00 00 00 00 00 00 00 00 00 00  ................
000065e0: 00 00 00 00 00 00 00 00 00 00 00 00 00 00 00 00  ................
000065f0: 00 00 00 00 00 00 00 00 00 00 00 00 00 00 00 00  ................
00006600: 00 00 00 00 00 00 00 00 00 00 00 00 00 00 00 00  ................
00006610: 00 00 00 00 00 00 00 00 00 00 00 00 00 00 00 00  ................
00006620: 00 00 00 00 00 00 00 00 00 00 00 00 00 00 00 00  ................
00006630: 00 00 00 00 00 00 00 00 00 00 00 00 00 00 00 00  ................
00006640: 00 00 00 00 00 00 00 00 00 00 00 00 00 00 00 00  ................
00006650: 00 00 00 00 00 00 00 00 00 00 00 00 00 00 00 00  ................
00006660: 00 00 00 00 32 00 80 00 94 00 d8 00 fe 00 ff 00  ....2...........
00006670: 00 00 00 00 00 00 00 00 00 00 00 00 00 00 00 00  ................
00006680: 00 00 00 00 ff 00 00 00 00 00 00 00 00 00 00 00  ................
00006690: 00 00 00 00 00 00 00 00 00 00 00 00 00 00 00 00  ................
000066a0: 00 00 01 00 04 00 01 00 03 00 02 00 01 00 18 00  ................
000066b0: 01 00 01 00 00 00 ff ff fe ff fd ff fc ff fa ff  ................
000066c0: f9 ff f8 ff f7 ff f6 ff f5 ff f3 ff f2 ff f1 ff  ................
000066d0: f0 ff ef ff ee ff ed ff ec ff eb ff ea ff e9 ff  ................
000066e0: e8 ff e7 ff e6 ff e5 ff e5 ff e4 ff e3 ff e2 ff  ................
000066f0: e2 ff e1 ff e1 ff e0 ff df ff df ff df ff de ff  ................
00006700: de ff dd ff dd ff dd ff dd ff dd ff dd ff dd ff  ................
00006710: dd ff dd ff dd ff dd ff dd ff dd ff de ff de ff  ................
00006720: de ff de ff df ff df ff e0 ff e0 ff e1 ff e1 ff  ................
00006730: e2 ff e2 ff e3 ff e3 ff e4 ff e4 ff e5 ff e6 ff  ................
00006740: e6 ff e7 ff e8 ff e8 ff e9 ff ea ff ea ff eb ff  ................
00006750: ec ff ed ff ed ff ee ff ef ff f0 ff f0 ff f1 ff  ................
00006760: f2 ff f2 ff f3 ff f4 ff f5 ff f5 ff f6 ff f7 ff  ................
00006770: f7 ff f8 ff f8 ff f9 ff fa ff fa ff fb ff fb ff  ................
00006780: fc ff fc ff fd ff fd ff fe ff fe ff fe ff ff ff  ................
00006790: ff ff ff ff ff ff ff ff 00 00 00 00 00 00 00 00  ................
000067a0: 00 00 00 00 00 00 00 00 00 00 00 00 00 00 00 00  ................
000067b0: 00 00 ff ff ff ff ff ff ff ff ff ff ff ff ff ff  ................
000067c0: ff ff ff ff ff ff ff ff ff ff ff ff ff ff 00 00  ................
000067d0: 00 00 00 00 00 00 01 00 01 00 01 00 02 00 02 00  ................
000067e0: 03 00 03 00 04 00 04 00 05 00 05 00 06 00 07 00  ................
000067f0: 07 00 08 00 09 00 09 00 0a 00 0b 00 0b 00 0c 00  ................
00006800: 0d 00 0e 00 0e 00 0f 00 10 00 11 00 11 00 12 00  ................
00006810: 13 00 14 00 14 00 15 00 16 00 17 00 17 00 18 00  ................
00006820: 19 00 19 00 1a 00 1b 00 1b 00 1c 00 1d 00 1d 00  ................
00006830: 1e 00 1e 00 1f 00 20 00 20 00 20 00 21 00 21 00  ...... . . .!.!.
00006840: 22 00 22 00 22 00 23 00 23 00 23 00 23 00 24 00  ".".".#.#.#.#.$.
00006850: 24 00 24 00 24 00 24 00 24 00 24 00 24 00 23 00  $.$.$.$.$.$.$.#.
00006860: 23 00 23 00 23 00 22 00 22 00 22 00 21 00 21 00  #.#.#.".".".!.!.
00006870: 20 00 20 00 1f 00 1e 00 1e 00 1d 00 1c 00 1b 00   . .............
00006880: 1b 00 1a 00 19 00 18 00 17 00 16 00 15 00 14 00  ................
00006890: 13 00 12 00 11 00 10 00 0f 00 0e 00 0d 00 0c 00  ................
000068a0: 0b 00 0a 00 09 00 07 00 06 00 05 00 04 00 03 00  ................
000068b0: 02 00 00 00 00 00 ff ff fe ff fc ff fb ff fa ff  ................
000068c0: f8 ff f7 ff f6 ff f4 ff f3 ff f2 ff f1 ff ef ff  ................
000068d0: ee ff ed ff ec ff eb ff e9 ff e8 ff e7 ff e6 ff  ................
000068e0: e5 ff e4 ff e3 ff e2 ff e1 ff e0 ff df ff de ff  ................
000068f0: dd ff dd ff dc ff db ff db ff da ff d9 ff d9 ff  ................
00006900: d8 ff d8 ff d8 ff d7 ff d7 ff d7 ff d6 ff d6 ff  ................
00006910: d6 ff d6 ff d6 ff d6 ff d6 ff d7 ff d7 ff d7 ff  ................
00006920: d7 ff d8 ff d8 ff d9 ff d9 ff d9 ff da ff db ff  ................
00006930: db ff dc ff dc ff dd ff de ff de ff df ff e0 ff  ................
00006940: e1 ff e1 ff e2 ff e3 ff e4 ff e5 ff e6 ff e6 ff  ................
00006950: e7 ff e8 ff e9 ff ea ff eb ff ec ff ed ff ed ff  ................
00006960: ee ff ef ff f0 ff f1 ff f2 ff f3 ff f3 ff f4 ff  ................
00006970: f5 ff f6 ff f7 ff f7 ff f8 ff f9 ff f9 ff fa ff  ................
00006980: fb ff fb ff fc ff fc ff fd ff fd ff fe ff fe ff  ................
00006990: ff ff ff ff ff ff ff ff 00 00 00 00 00 00 00 00  ................
000069a0: 00 00 00 00 00 00 00 00 00 00 00 00 00 00 00 00  ................
000069b0: 00 00 00 00 ff ff ff ff ff ff ff ff ff ff ff ff  ................
000069c0: ff ff ff ff ff ff ff ff ff ff ff ff ff ff ff ff  ................
000069d0: ff ff 00 00 00 00 01 00 01 00 02 00 02 00 03 00  ................
000069e0: 03 00 04 00 05 00 06 00 06 00 07 00 08 00 09 00  ................
000069f0: 0a 00 0b 00 0c 00 0d 00 0e 00 0f 00 10 00 11 00  ................
00006a00: 12 00 13 00 15 00 16 00 17 00 18 00 19 00 1a 00  ................
00006a10: 1b 00 1d 00 1e 00 1f 00 20 00 21 00 22 00 23 00  ........ .!.".#.
00006a20: 24 00 25 00 26 00 27 00 28 00 29 00 2a 00 2b 00  $.%.&.'.(.).*.+.
00006a30: 2c 00 2d 00 2d 00 2e 00 2f 00 30 00 30 00 31 00  ,.-.-.../.0.0.1.
00006a40: 31 00 32 00 32 00 33 00 33 00 33 00 33 00 33 00  1.2.2.3.3.3.3.3.
00006a50: 33 00 34 00 33 00 33 00 33 00 33 00 33 00 32 00  3.4.3.3.3.3.3.2.
00006a60: 32 00 31 00 31 00 30 00 30 00 2f 00 2e 00 2d 00  2.1.1.0.0./...-.
00006a70: 2d 00 2c 00 2b 00 2a 00 29 00 28 00 27 00 26 00  -.,.+.*.).(.'.&.
00006a80: 24 00 23 00 22 00 21 00 20 00 1e 00 1d 00 1c 00  $.#.".!. .......
00006a90: 1a 00 19 00 17 00 16 00 15 00 13 00 12 00 10 00  ................
00006aa0: 0f 00 0d 00 0b 00 0a 00 08 00 07 00 05 00 04 00  ................
00006ab0: 02 00 00 00 00 00 26 00 70 00 8c 00 d4 00 ff 00  ......&.p.......
00006ac0: 00 00 00 00 00 00 00 00 00 00 00 00 00 00 00 00  ................
00006ad0: 00 00 00 00 00 00 2c 00 70 00 80 00 8e 00 ce 00  ......,.p.......
00006ae0: ff 00 00 00 00 00 00 00 00 00 00 00 00 00 00 00  ................
00006af0: 00 00 00 00 08 00 02 00 00 00 fe ff ff ff 00 00  ................
00006b00: 08 00 ff ff ff ff 40 00 28 00 1e 00 0a 00 b4 00  ......@.(.......
00006b10: 32 00 0c 00 ce 00 01 00 00 00 00 00 0e 00 00 02  2...............
00006b20: ff 03 00 00 00 00 40 00 40 00 40 00 01 00 00 00  ......@.@.@.....
00006b30: 10 00 00 02 ff 03 00 00 00 00 44 00 44 00 44 00  ..........D.D.D.
00006b40: 01 00 00 00 10 00 00 02 ff 03 00 00 00 00 44 00  ..............D.
00006b50: 44 00 44 00 01 00 00 00 10 00 00 02 ff 03 00 00  D.D.............
00006b60: 00 00 40 00 40 00 40 00 01 00 00 00 10 00 00 02  ..@.@.@.........
00006b70: ff 03 00 00 00 00 3a 00 3a 00 3a 00 01 00 00 00  ......:.:.:.....
00006b80: 10 00 00 02 ff 03 00 00 00 00 2d 00 2d 00 2d 00  ..........-.-.-.
00006b90: 01 00 00 00 10 00 00 02 ff 03 00 00 00 00 2d 00  ..............-.
00006ba0: 2d 00 2d 00 01 00 00 00 10 00 00 02 ff 03 00 00  -.-.............
00006bb0: 00 00 32 00 32 00 32 00 01 00 00 00 10 00 00 02  ..2.2.2.........
00006bc0: ff 03 00 00 00 00 32 00 32 00 32 00 01 00 00 00  ......2.2.2.....
00006bd0: 2c 01 00 02 ff 03 00 00 00 00 00 00 40 00 40 00  ,...........@.@.
00006be0: 0d 00 40 00 01 00 40 00 00 00 08 00 10 00 20 00  ..@...@....... .
00006bf0: 0c 00 10 00 20 00 10 00 10 00 20 00 10 00 10 00  .... ..... .....
00006c00: 20 00 10 00 10 00 20 00 10 00 10 00 20 00 10 00   ..... ..... ...
00006c10: 10 00 20 00 10 00 10 00 20 00 04 00 01 00 20 00  .. ..... ..... .
00006c20: 0e 00 06 00 00 00 0f 00 0e 00 40 00 00 00 40 00  ..........@...@.
00006c30: 00 00 01 00 10 00 5c 10 01 00 00 00 16 00 01 00  ......\.........
00006c40: 01 00 00 00 fa 00 01 00 00 00 00 00 fa 00 01 00  ................
00006c50: 00 00 01 00 b4 00 01 00 00 00 01 00 b4 00 01 00  ................
00006c60: 00 00 01 00 b4 00 01 00 00 00 01 00 b4 00 01 00  ................
00006c70: 00 00 01 00 b4 00 01 00 00 00 01 00 b4 00 01 00  ................
00006c80: 00 00 01 00 70 00 01 00 00 00 00 00 00 00 00 00  ....p...........
00006c90: 00 00 00 00 00 00 00 00 00 00 00 00 00 00 00 00  ................
00006ca0: 00 00 00 00 00 00 00 00 00 00 00 00 00 00 00 00  ................
00006cb0: 00 00 00 00 00 00 00 00 00 00 00 00 00 00 00 00  ................
00006cc0: 00 00 00 00 00 00 00 00 00 00 00 00 00 00 00 00  ................
00006cd0: 00 00 00 00 00 00 00 00 00 00 00 00 00 00 00 00  ................
00006ce0: 00 00 00 00 00 00 00 00 00 00 00 00 00 00 00 00  ................
00006cf0: 00 00 00 00 00 00 00 00 00 00 00 00 00 00 00 00  ................
00006d00: 00 00 00 00 00 00 00 00 00 00 00 00 00 00 00 00  ................
00006d10: 00 00 00 00 00 00 00 00 00 00 00 00 00 00 00 00  ................
00006d20: 00 00 00 00 00 00 00 00 00 00 00 00 00 00 00 00  ................
00006d30: 00 00 00 00 00 00 00 00 00 00 00 00 00 00 00 00  ................
00006d40: 00 00 00 00 00 00 00 00 00 00 00 00 00 00 00 00  ................
00006d50: 00 00 00 00 00 00 00 00 00 00 00 00 00 00 00 00  ................
00006d60: 00 00 00 00 00 00 00 00 00 00 00 00 00 00 00 00  ................
00006d70: 00 00 00 00 00 00 00 00 00 00 00 00 00 00 00 00  ................
00006d80: 00 00 00 00 00 00 00 00 00 00 00 00 00 00 00 00  ................
00006d90: 00 00 00 00 00 00 00 00 00 00 00 00 00 00 00 00  ................
00006da0: 00 00 00 00 00 00 00 00 00 00 00 00 00 00 00 00  ................
00006db0: 00 00 00 00 00 00 00 00 00 00 00 00 00 00 00 00  ................
00006dc0: 00 00 00 00 00 00 00 00 00 00 00 00 00 00 00 00  ................
00006dd0: 00 00 00 00 00 00 00 00 00 00 00 00 00 00 00 00  ................
00006de0: 00 00 00 00 00 00 00 00 00 00 00 00 00 00 00 00  ................
00006df0: 00 00 00 00 00 00 00 00 00 00 00 00 00 00 00 00  ................
00006e00: 00 00 00 00 00 00 00 00 00 00 00 00 00 00 00 00  ................
00006e10: 00 00 00 00 00 00 00 00 00 00 00 00 00 00 00 00  ................
00006e20: 00 00 00 00 00 00 00 00 00 00 00 00 00 00 00 00  ................
00006e30: 00 00 00 00 00 00 00 00 00 00 00 00 00 00 00 00  ................
00006e40: 00 00 00 00 00 00 00 00 00 00 00 00 00 00 00 00  ................
00006e50: 00 00 00 00 00 00 00 00 00 00 00 00 00 00 00 00  ................
00006e60: 00 00 00 00 00 00 00 00 00 00 00 00 00 00 00 00  ................
00006e70: 00 00 00 00 00 00 00 00 00 00 00 00 00 00 00 00  ................
00006e80: 00 00 00 00 00 00 00 00 00 00 00 00 00 00 00 00  ................
00006e90: 00 00 00 00 00 00 00 00 00 00 00 00 00 00 00 00  ................
00006ea0: 00 00 00 00 00 00 00 00 00 00 00 00 00 00 00 00  ................
00006eb0: 00 00 00 00 00 00 00 00 00 00 00 00 00 00 00 00  ................
00006ec0: 00 00 00 00 00 00 00 00 00 00 00 00 00 00 00 00  ................
00006ed0: 00 00 00 00 00 00 00 00 00 00 00 00 00 00 00 00  ................
00006ee0: 00 00 00 00 00 00 00 00 00 00 00 00 00 00 00 00  ................
00006ef0: 00 00 00 00 00 00 00 00 00 00 00 00 00 00 00 00  ................
00006f00: 00 00 00 00 00 00 00 00 00 00 00 00 00 00 00 00  ................
00006f10: 00 00 00 00 00 00 00 00 00 00 00 00 00 00 00 00  ................
00006f20: 00 00 00 00 00 00 00 00 00 00 00 00 00 00 00 00  ................
00006f30: 00 00 00 00 00 00 00 00 00 00 00 00 00 00 00 00  ................
00006f40: 00 00 00 00 00 00 00 00 00 00 00 00 00 00 00 00  ................
00006f50: 00 00 00 00 00 00 00 00 00 00 00 00 00 00 00 00  ................
00006f60: 00 00 00 00 00 00 00 00 00 00 00 00 00 00 00 00  ................
00006f70: 00 00 00 00 00 00 00 00 00 00 00 00 00 00 00 00  ................
00006f80: 00 00 00 00 00 00 00 00 00 00 00 00 00 00 00 00  ................
00006f90: 00 00 00 00 00 00 00 00 00 00 00 00 00 00 00 00  ................
00006fa0: 00 00 00 00 00 00 00 00 00 00 00 00 00 00 00 00  ................
00006fb0: 00 00 00 00 00 00 00 00 00 00 00 00 00 00 00 00  ................
00006fc0: 00 00 00 00 00 00 00 00 00 00 00 00 00 00 00 00  ................
00006fd0: 00 00 00 00 00 00 00 00 00 00 00 00 00 00 00 00  ................
00006fe0: 00 00 00 00 00 00 00 00 00 00 00 00 00 00 00 00  ................
00006ff0: 00 00 00 00 00 00 00 00 00 00 00 00 00 00 00 00  ................
00007000: 00 00 00 00 00 00 00 00 00 00 00 00 00 00 00 00  ................
00007010: 00 00 00 00 00 00 00 00 00 00 00 00 00 00 00 00  ................
00007020: 00 00 00 00 00 00 00 00 00 00 00 00 00 00 00 00  ................
00007030: 00 00 00 00 00 00 00 00 00 00 00 00 00 00 00 00  ................
00007040: 00 00 00 00 00 00 00 00 00 00 00 00 00 00 00 00  ................
00007050: 00 00 00 00 00 00 00 00 00 00 00 00 00 00 00 00  ................
00007060: 00 00 00 00 00 00 00 00 00 00 00 00 00 00 00 00  ................
00007070: 00 00 00 00 00 00 00 00 00 00 00 00 00 00 00 00  ................
00007080: 00 00 00 00 00 00 00 00 00 00 00 00 00 00 00 00  ................
00007090: 00 00 00 00 00 00 00 00 00 00 00 00 00 00 00 00  ................
000070a0: 00 00 00 00 00 00 00 00 00 00 00 00 00 00 00 00  ................
000070b0: 00 00 00 00 00 00 00 00 00 00 00 00 00 00 00 00  ................
000070c0: 00 00 00 00 00 00 00 00 00 00 00 00 00 00 00 00  ................
000070d0: 00 00 00 00 00 00 00 00 00 00 00 00 00 00 00 00  ................
000070e0: 00 00 00 00 00 00 00 00 00 00 00 00 00 00 00 00  ................
000070f0: 00 00 00 00 00 00 00 00 00 00 00 00 00 00 00 00  ................
00007100: 00 00 00 00 00 00 00 00 00 00 00 00 00 00 00 00  ................
00007110: 00 00 00 00 00 00 00 00 00 00 00 00 00 00 00 00  ................
00007120: 00 00 00 00 00 00 00 00 00 00 00 00 00 00 00 00  ................
00007130: 00 00 00 00 00 00 00 00 00 00 00 00 00 00 00 00  ................
00007140: 00 00 00 00 00 00 00 00 00 00 00 00 00 00 00 00  ................
00007150: 00 00 00 00 00 00 00 00 00 00 00 00 00 00 00 00  ................
00007160: 00 00 00 00 00 00 00 00 00 00 00 00 00 00 00 00  ................
00007170: 00 00 00 00 00 00 00 00 00 00 00 00 00 00 00 00  ................
00007180: 00 00 00 00 00 00 00 00 00 00 00 00 00 00 00 00  ................
00007190: 00 00 00 00 00 00 00 00 00 00 00 00 00 00 00 00  ................
000071a0: 00 00 00 00 00 00 00 00 00 00 00 00 00 00 00 00  ................
000071b0: 00 00 00 00 00 00 00 00 00 00 00 00 00 00 00 00  ................
000071c0: 00 00 00 00 00 00 00 00 00 00 00 00 00 00 00 00  ................
000071d0: 00 00 00 00 00 00 00 00 00 00 00 00 00 00 00 00  ................
000071e0: 00 00 00 00 00 00 00 00 00 00 00 00 00 00 00 00  ................
000071f0: 00 00 00 00 00 00 00 00 00 00 00 00 00 00 00 00  ................
00007200: 00 00 00 00 00 00 00 00 00 00 00 00 00 00 00 00  ................
00007210: 00 00 00 00 00 00 00 00 00 00 00 00 00 00 00 00  ................
00007220: 00 00 00 00 00 00 00 00 00 00 00 00 00 00 00 00  ................
00007230: 00 00 00 00 00 00 00 00 00 00 00 00 00 00 00 00  ................
00007240: 00 00 00 00 00 00 00 00 00 00 00 00 00 00 00 00  ................
00007250: 00 00 00 00 00 00 00 00 00 00 00 00 00 00 00 00  ................
00007260: 00 00 00 00 00 00 00 00 00 00 00 00 00 00 00 00  ................
00007270: 00 00 00 00 00 00 00 00 00 00 00 00 00 00 00 00  ................
00007280: 00 00 00 00 00 00 00 00 00 00 00 00 00 00 00 00  ................
00007290: 00 00 00 00 00 00 00 00 00 00 00 00 00 00 00 00  ................
000072a0: 00 00 00 00 00 00 00 00 00 00 00 00 00 00 00 00  ................
000072b0: 00 00 00 00 00 00 00 00 00 00 00 00 00 00 00 00  ................
000072c0: 00 00 00 00 00 00 00 00 00 00 00 00 00 00 00 00  ................
000072d0: 00 00 00 00 00 00 00 00 00 00 00 00 00 00 00 00  ................
000072e0: 00 00 00 00 00 00 00 00 00 00 00 00 00 00 00 00  ................
000072f0: 00 00 00 00 00 00 00 00 00 00 00 00 00 00 00 00  ................
00007300: 00 00 00 00 00 00 00 00 00 00 00 00 00 00 00 00  ................
00007310: 00 00 00 00 00 00 00 00 00 00 00 00 00 00 00 00  ................
00007320: 00 00 00 00 00 00 00 00 00 00 00 00 00 00 00 00  ................
00007330: 00 00 00 00 00 00 00 00 00 00 00 00 00 00 00 00  ................
00007340: 00 00 00 00 00 00 00 00 00 00 00 00 00 00 00 00  ................
00007350: 00 00 00 00 00 00 00 00 00 00 00 00 00 00 00 00  ................
00007360: 00 00 00 00 00 00 00 00 00 00 00 00 00 00 00 00  ................
00007370: 00 00 00 00 00 00 00 00 00 00 00 00 00 00 00 00  ................
00007380: 00 00 00 00 00 00 00 00 00 00 00 00 00 00 00 00  ................
00007390: 00 00 00 00 00 00 00 00 00 00 00 00 00 00 00 00  ................
000073a0: 00 00 00 00 00 00 00 00 00 00 00 00 00 00 00 00  ................
000073b0: 00 00 00 00 00 00 00 00 00 00 00 00 00 00 00 00  ................
000073c0: 00 00 00 00 00 00 00 00 00 00 00 00 00 00 00 00  ................
000073d0: 00 00 00 00 00 00 00 00 00 00 00 00 00 00 00 00  ................
000073e0: 00 00 00 00 00 00 00 00 00 00 00 00 00 00 00 00  ................
000073f0: 00 00 00 00 00 00 00 00 00 00 00 00 00 00 00 00  ................
00007400: 00 00 00 00 00 00 00 00 00 00 00 00 00 00 00 00  ................
00007410: 00 00 00 00 00 00 00 00 00 00 00 00 00 00 00 00  ................
00007420: 00 00 00 00 00 00 00 00 00 00 00 00 00 00 00 00  ................
00007430: 00 00 00 00 00 00 00 00 00 00 00 00 00 00 00 00  ................
00007440: 00 00 00 00 00 00 00 00 00 00 00 00 00 00 00 00  ................
00007450: 00 00 00 00 00 00 00 00 00 00 00 00 00 00 00 00  ................
00007460: 00 00 00 00 00 00 00 00 00 00 00 00 00 00 00 00  ................
00007470: 00 00 00 00 00 00 00 00 00 00 00 00 00 00 00 00  ................
00007480: 00 00 00 00 00 00 00 00 00 00 00 00 00 00 00 00  ................
00007490: 00 00 00 00 00 00 00 00 00 00 00 00 00 00 00 00  ................
000074a0: 00 00 00 00 00 00 00 00 00 00 00 00 00 00 00 00  ................
000074b0: 00 00 00 00 00 00 00 00 00 00 00 00 00 00 00 00  ................
000074c0: 00 00 00 00 00 00 00 00 00 00 00 00 00 00 00 00  ................
000074d0: 00 00 00 00 00 00 00 00 00 00 00 00 00 00 00 00  ................
000074e0: 00 00 00 00 00 00 00 00 00 00 00 00 00 00 00 00  ................
000074f0: 00 00 00 00 00 00 00 00 00 00 00 00 00 00 00 00  ................
00007500: 00 00 00 00 00 00 00 00 00 00 00 00 00 00 00 00  ................
00007510: 00 00 00 00 00 00 00 00 00 00 00 00 00 00 00 00  ................
00007520: 00 00 00 00 00 00 00 00 00 00 00 00 00 00 00 00  ................
00007530: 00 00 00 00 00 00 00 00 00 00 00 00 00 00 00 00  ................
00007540: 00 00 00 00 00 00 00 00 00 00 00 00 00 00 00 00  ................
00007550: 00 00 00 00 00 00 00 00 00 00 00 00 00 00 00 00  ................
00007560: 00 00 00 00 00 00 00 00 00 00 00 00 00 00 00 00  ................
00007570: 00 00 00 00 00 00 00 00 00 00 00 00 00 00 00 00  ................
00007580: 00 00 00 00 00 00 00 00 00 00 00 00 00 00 00 00  ................
00007590: 00 00 00 00 00 00 00 00 00 00 00 00 00 00 00 00  ................
000075a0: 00 00 00 00 00 00 00 00 00 00 00 00 00 00 00 00  ................
000075b0: 00 00 00 00 00 00 00 00 00 00 00 00 00 00 00 00  ................
000075c0: 00 00 00 00 00 00 00 00 00 00 00 00 00 00 00 00  ................
000075d0: 00 00 00 00 00 00 00 00 00 00 00 00 00 00 00 00  ................
000075e0: 00 00 00 00 00 00 00 00 00 00 00 00 00 00 00 00  ................
000075f0: 00 00 00 00 00 00 00 00 00 00 00 00 00 00 00 00  ................
00007600: 00 00 00 00 00 00 00 00 00 00 00 00 00 00 00 00  ................
00007610: 00 00 00 00 00 00 00 00 00 00 00 00 00 00 00 00  ................
00007620: 00 00 00 00 00 00 00 00 00 00 00 00 00 00 00 00  ................
00007630: 00 00 00 00 00 00 00 00 00 00 00 00 00 00 00 00  ................
00007640: 00 00 00 00 00 00 00 00 00 00 00 00 00 00 00 00  ................
00007650: 00 00 00 00 00 00 00 00 00 00 00 00 00 00 00 00  ................
00007660: 00 00 00 00 00 00 00 00 00 00 00 00 00 00 00 00  ................
00007670: 00 00 00 00 00 00 00 00 00 00 00 00 00 00 00 00  ................
00007680: 00 00 00 00 00 00 00 00 00 00 00 00 00 00 00 00  ................
00007690: 00 00 00 00 00 00 00 00 00 00 00 00 00 00 00 00  ................
000076a0: 00 00 00 00 00 00 00 00 00 00 00 00 00 00 00 00  ................
000076b0: 00 00 00 00 00 00 00 00 00 00 00 00 00 00 00 00  ................
000076c0: 00 00 00 00 00 00 00 00 00 00 00 00 00 00 00 00  ................
000076d0: 00 00 00 00 00 00 00 00 00 00 00 00 00 00 00 00  ................
000076e0: 00 00 00 00 00 00 00 00 00 00 00 00 00 00 00 00  ................
000076f0: 00 00 00 00 00 00 00 00 00 00 00 00 00 00 00 00  ................
00007700: 00 00 00 00 00 00 00 00 00 00 00 00 00 00 00 00  ................
00007710: 00 00 00 00 00 00 00 00 00 00 00 00 00 00 00 00  ................
00007720: 00 00 00 00 00 00 00 00 00 00 00 00 00 00 00 00  ................
00007730: 00 00 00 00 00 00 00 00 00 00 00 00 00 00 00 00  ................
00007740: 00 00 00 00 00 00 00 00 00 00 00 00 00 00 00 00  ................
00007750: 00 00 00 00 00 00 00 00 00 00 00 00 00 00 00 00  ................
00007760: 00 00 00 00 00 00 00 00 00 00 00 00 00 00 00 00  ................
00007770: 00 00 00 00 00 00 00 00 00 00 00 00 00 00 00 00  ................
00007780: 00 00 00 00 00 00 00 00 00 00 00 00 00 00 00 00  ................
00007790: 00 00 00 00 00 00 00 00 00 00 00 00 00 00 00 00  ................
000077a0: 00 00 00 00 00 00 00 00 00 00 00 00 00 00 00 00  ................
000077b0: 00 00 00 00 00 00 00 00 00 00 00 00 00 00 00 00  ................
000077c0: 00 00 00 00 00 00 00 00 00 00 00 00 00 00 00 00  ................
000077d0: 00 00 00 00 00 00 00 00 00 00 00 00 00 00 00 00  ................
000077e0: 00 00 00 00 00 00 00 00 00 00 00 00 00 00 00 00  ................
000077f0: 00 00 00 00 00 00 00 00 00 00 00 00 00 00 00 00  ................
00007800: 00 00 00 00 00 00 00 00 00 00 00 00 00 00 00 00  ................
00007810: 00 00 00 00 00 00 00 00 00 00 00 00 00 00 00 00  ................
00007820: 00 00 00 00 00 00 00 00 00 00 00 00 00 00 00 00  ................
00007830: 00 00 00 00 00 00 00 00 00 00 00 00 00 00 00 00  ................
00007840: 00 00 00 00 00 00 00 00 00 00 00 00 00 00 00 00  ................
00007850: 00 00 00 00 00 00 00 00 00 00 00 00 00 00 00 00  ................
00007860: 00 00 00 00 00 00 00 00 00 00 00 00 00 00 00 00  ................
00007870: 00 00 00 00 00 00 00 00 00 00 00 00 00 00 00 00  ................
00007880: 00 00 00 00 00 00 00 00 00 00 00 00 00 00 00 00  ................
00007890: 00 00 00 00 00 00 00 00 00 00 00 00 00 00 00 00  ................
000078a0: 00 00 00 00 00 00 00 00 00 00 00 00 00 00 00 00  ................
000078b0: 00 00 00 00 00 00 00 00 00 00 00 00 00 00 00 00  ................
000078c0: 00 00 00 00 00 00 00 00 00 00 00 00 00 00 00 00  ................
000078d0: 00 00 00 00 00 00 00 00 00 00 00 00 00 00 00 00  ................
000078e0: 00 00 00 00 00 00 00 00 00 00 00 00 00 00 00 00  ................
000078f0: 00 00 00 00 00 00 00 00 00 00 00 00 00 00 00 00  ................
00007900: 00 00 00 00 00 00 00 00 00 00 00 00 00 00 00 00  ................
00007910: 00 00 00 00 00 00 00 00 00 00 00 00 00 00 00 00  ................
00007920: 00 00 00 00 00 00 00 00 00 00 00 00 00 00 00 00  ................
00007930: 00 00 00 00 00 00 00 00 00 00 00 00 00 00 00 00  ................
00007940: 00 00 00 00 00 00 00 00 00 00 00 00 00 00 00 00  ................
00007950: 00 00 00 00 00 00 00 00 00 00 00 00 00 00 00 00  ................
00007960: 00 00 00 00 00 00 00 00 00 00 00 00 00 00 00 00  ................
00007970: 00 00 00 00 00 00 00 00 00 00 00 00 00 00 00 00  ................
00007980: 00 00 00 00 00 00 00 00 00 00 00 00 00 00 00 00  ................
00007990: 00 00 00 00 00 00 00 00 00 00 00 00 00 00 00 00  ................
000079a0: 00 00 00 00 00 00 00 00 00 00 00 00 00 00 00 00  ................
000079b0: 00 00 00 00 00 00 00 00 00 00 00 00 00 00 00 00  ................
000079c0: 00 00 00 00 00 00 00 00 00 00 00 00 00 00 00 00  ................
000079d0: 00 00 00 00 00 00 00 00 00 00 00 00 00 00 00 00  ................
000079e0: 00 00 00 00 00 00 00 00 00 00 00 00 00 00 00 00  ................
000079f0: 00 00 00 00 00 00 00 00 00 00 00 00 00 00 00 00  ................
00007a00: 00 00 00 00 00 00 00 00 00 00 00 00 00 00 00 00  ................
00007a10: 00 00 00 00 00 00 00 00 00 00 00 00 00 00 00 00  ................
00007a20: 00 00 00 00 00 00 00 00 00 00 00 00 00 00 00 00  ................
00007a30: 00 00 00 00 00 00 00 00 00 00 00 00 00 00 00 00  ................
00007a40: 00 00 00 00 00 00 00 00 00 00 00 00 00 00 00 00  ................
00007a50: 00 00 00 00 00 00 00 00 00 00 00 00 00 00 00 00  ................
00007a60: 00 00 00 00 00 00 00 00 00 00 00 00 00 00 00 00  ................
00007a70: 00 00 00 00 00 00 00 00 00 00 00 00 00 00 00 00  ................
00007a80: 00 00 00 00 00 00 00 00 00 00 00 00 00 00 00 00  ................
00007a90: 00 00 00 00 00 00 00 00 00 00 00 00 00 00 00 00  ................
00007aa0: 00 00 00 00 00 00 00 00 00 00 00 00 00 00 00 00  ................
00007ab0: 00 00 00 00 00 00 00 00 00 00 00 00 00 00 00 00  ................
00007ac0: 00 00 00 00 00 00 00 00 00 00 00 00 00 00 00 00  ................
00007ad0: 00 00 00 00 00 00 00 00 00 00 00 00 00 00 00 00  ................
00007ae0: 00 00 00 00 00 00 00 00 00 00 00 00 00 00 00 00  ................
00007af0: 00 00 00 00 00 00 00 00 00 00 00 00 00 00 00 00  ................
00007b00: 00 00 00 00 00 00 00 00 00 00 00 00 00 00 00 00  ................
00007b10: 00 00 00 00 00 00 00 00 00 00 00 00 00 00 00 00  ................
00007b20: 00 00 00 00 00 00 00 00 00 00 00 00 00 00 00 00  ................
00007b30: 00 00 00 00 00 00 00 00 00 00 00 00 00 00 00 00  ................
00007b40: 00 00 00 00 00 00 00 00 00 00 00 00 00 00 00 00  ................
00007b50: 00 00 00 00 00 00 00 00 00 00 00 00 00 00 00 00  ................
00007b60: 00 00 00 00 00 00 00 00 00 00 00 00 00 00 00 00  ................
00007b70: 00 00 00 00 00 00 00 00 00 00 00 00 00 00 00 00  ................
00007b80: 00 00 00 00 00 00 00 00 00 00 00 00 00 00 00 00  ................
00007b90: 00 00 00 00 00 00 00 00 00 00 00 00 00 00 00 00  ................
00007ba0: 00 00 00 00 00 00 00 00 00 00 00 00 00 00 00 00  ................
00007bb0: 00 00 00 00 00 00 00 00 00 00 00 00 00 00 00 00  ................
00007bc0: 00 00 00 00 00 00 00 00 00 00 00 00 00 00 00 00  ................
00007bd0: 00 00 00 00 00 00 00 00 00 00 00 00 00 00 00 00  ................
00007be0: 00 00 00 00 00 00 00 00 00 00 00 00 00 00 00 00  ................
00007bf0: 00 00 00 00 00 00 00 00 00 00 00 00 00 00 00 00  ................
00007c00: 00 00 00 00 00 00 00 00 00 00 00 00 00 00 00 00  ................
00007c10: 00 00 00 00 00 00 00 00 00 00 00 00 00 00 00 00  ................
00007c20: 00 00 00 00 00 00 00 00 00 00 00 00 00 00 00 00  ................
00007c30: 00 00 00 00 00 00 00 00 00 00 00 00 00 00 00 00  ................
00007c40: 00 00 00 00 00 00 00 00 00 00 00 00 00 00 00 00  ................
00007c50: 00 00 00 00 00 00 00 00 00 00 00 00 00 00 00 00  ................
00007c60: 00 00 00 00 00 00 00 00 00 00 00 00 00 00 00 00  ................
00007c70: 00 00 00 00 00 00 00 00 00 00 00 00 00 00 00 00  ................
00007c80: 00 00 00 00 00 00 00 00 00 00 00 00 00 00 00 00  ................
00007c90: 11 00 04 01 00 00 00 00 00 00 00 00 06 00 06 00  ................
00007ca0: 06 00 06 00 06 00 06 00 06 00 06 00 00 00 00 00  ................
00007cb0: 00 00 00 00 00 00 00 00 00 00 09 00 09 00 09 00  ................
00007cc0: 09 00 09 00 09 00 09 00 09 00 09 00 09 00 00 00  ................
00007cd0: 00 00 00 00 00 00 00 00 0c 00 0c 00 0c 00 0c 00  ................
00007ce0: 0c 00 0c 00 0c 00 0c 00 0c 00 0c 00 0c 00 0c 00  ................
00007cf0: 00 00 00 00 00 00 00 00 0c 00 0f 00 0f 00 0f 00  ................
00007d00: 0f 00 0f 00 0f 00 0f 00 0f 00 0f 00 0f 00 0c 00  ................
00007d10: 00 00 00 00 00 00 00 00 0c 00 0f 00 0f 00 0f 00  ................
00007d20: 0f 00 0f 00 0f 00 0f 00 0f 00 0f 00 0f 00 0c 00  ................
00007d30: 00 00 00 00 00 00 00 00 0c 00 0f 00 0c 00 0c 00  ................
00007d40: 0c 00 0c 00 0c 00 0c 00 0c 00 0c 00 0c 00 0c 00  ................
00007d50: 00 00 00 00 00 00 00 00 00 00 09 00 09 00 09 00  ................
00007d60: 09 00 09 00 09 00 09 00 09 00 09 00 09 00 00 00  ................
00007d70: 00 00 00 00 00 00 00 00 00 00 00 00 06 00 06 00  ................
00007d80: 06 00 06 00 06 00 06 00 06 00 06 00 00 00 00 00  ................
00007d90: 00 00 00 00 12 00 2e 00 00 00 ff 04 00 00 cf 02  ................
00007da0: 00 00 00 00 00 00 00 00 00 00 00 00 00 00 00 00  ................
00007db0: 00 00 00 00 00 00 00 00 00 00 00 00 00 00 00 00  ................
00007dc0: 40 00 13 00 10 02 01 00 b6 01 00 01 8a 01 ff ff  @...............
00007dd0: 00 00 00 00 0f 00 08 00 05 00 04 00 03 00 02 00  ................
00007de0: 02 00 01 00 01 00 01 00 01 00 01 00 01 00 01 00  ................
00007df0: 01 00 01 00 14 00 c8 00 00 00 32 00 47 00 58 00  ..........2.G.X.
00007e00: 5f 00 65 00 41 00 4e 00 5c 00 60 00 6a 00 70 00  _.e.A.N.\.`.j.p.
00007e10: 5f 00 52 00 48 00 43 00 66 00 54 00 4b 00 47 00  _.R.H.C.f.T.K.G.
00007e20: 1a 00 4f 00 73 00 79 00 95 00 a5 00 51 00 6d 00  ..O.s.y.....Q.m.
00007e30: 86 00 98 00 90 00 b6 00 94 00 71 00 5d 00 56 00  ..........q.].V.
00007e40: 8e 00 7c 00 67 00 59 00 26 00 6d 00 49 00 33 00  ..|.g.Y.&.m.I.3.
00007e50: 23 00 1b 00 5a 00 40 00 2a 00 21 00 25 00 c3 00  #...Z.@.*.!.%...
00007e60: 66 00 45 00 35 00 32 00 77 00 53 00 3d 00 33 00  f.E.5.2.w.S.=.3.
00007e70: 34 00 0a 00 30 75 02 00 00 00 01 00 02 00 03 00  4...0u..........
00007e80: 03 00 00 00 01 00 02 00 03 00 03 00 00 00 01 00  ................
00007e90: 00 00 00 04 00 00 00 01 00 00 00 04 00 00 00 01  ................
00007ea0: 00 00 00 04 00 00 00 01 00 00 00 01 00 00 00 01  ................
00007eb0: 00 00 00 04 00 00 00 01 00 00 00 04 00 00 00 01  ................
00007ec0: 00 00 00 04 00 00 00 01 00 00 00 01 00 00 00 01  ................
00007ed0: 00 00 00 04 00 00 00 01 00 00 00 04 00 00 00 01  ................
00007ee0: 00 00 00 04 00 00 00 01 00 00 00 01 00 00 13 01  ................
00007ef0: 00 00 00 04 00 00 00 01 00 00 00 04 00 00 00 01  ................
00007f00: 00 00 00 04 00 00 00 01 00 00 00 01 00 00 13 01  ................
00007f10: 00 00 00 04 00 00 00 01 00 00 00 04 00 00 00 01  ................
00007f20: 00 00 00 04 00 00 00 01 00 00 00 01 00 00 00 01  ................
00007f30: 00 00 00 04 00 00 00 01 00 00 00 04 00 00 00 01  ................
00007f40: 00 00 00 04 00 00 00 01 00 00 00 01 00 00 00 01  ................
00007f50: 00 00 00 04 00 00 00 01 00 00 00 04 00 00 00 01  ................
00007f60: 00 00 00 04 00 00 00 01 00 00 00 01 00 00 00 01  ................
00007f70: 00 00 00 04 00 00 00 01 00 00 00 04 00 00 00 01  ................
00007f80: 00 00 00 04 00 00 00 01 00 00 00 01 00 00 00 01  ................
00007f90: 00 00 00 04 00 00 00 01 00 00 00 04 00 00 00 01  ................
00007fa0: 00 00 00 04 00 00 00 01 00 00 00 01 00 00 00 01  ................
00007fb0: 00 00 00 04 00 00 00 01 00 00 00 04 00 00 00 01  ................
00007fc0: 00 00 00 04 00 00 00 01 00 00 00 01 00 00 00 01  ................
00007fd0: 00 00 14 00 f0 00 01 00 00 00 00 00 01 00 19 00  ................
00007fe0: 00 00 ac 04 00 00 0e 00 00 00 0a 00 00 00 b4 0b  ................
00007ff0: 00 00 04 00 00 00 ac 04 00 00 01 00 00 00 00 01  ................
00008000: 00 00 00 01 00 00 00 01 00 00 00 01 00 00 00 0f  ................
00008010: 00 00 00 01 00 00 2b 01 00 00 04 00 00 00 23 00  ......+.......#.
00008020: 00 00 00 00 00 00 01 00 00 00 01 00 00 00 02 00  ................
00008030: 00 00 02 00 00 00 04 00 00 00 04 00 00 00 08 00  ................
00008040: 00 00 08 00 00 00 10 00 00 00 10 00 00 00 20 00  .............. .
00008050: 00 00 20 00 00 00 40 00 00 00 40 00 00 00 00 02  .. ...@...@.....
00008060: 00 00 00 02 00 00 00 04 00 00 00 00 00 00 00 00  ................
00008070: 00 00 0a 00 00 00 06 00 00 00 04 00 00 00 02 00  ................
00008080: 00 00 02 00 00 00 02 00 00 00 02 00 00 00 03 00  ................
00008090: 00 00 03 00 00 00 03 00 00 00 04 00 00 00 04 00  ................
000080a0: 00 00 05 00 00 00 06 00 00 00 07 00 00 00 08 00  ................
000080b0: 00 00 00 00 00 00 20 00 00 00 02 00 00 00 01 00  ...... .........
000080c0: 00 00 15 00 1e 00 00 00 01 00 00 00 00 00 05 00  ................
000080d0: 02 00 00 00 34 17 9c 06 01 00 0a 00 00 00 00 00  ....4...........
000080e0: 16 00 32 01 00 00 08 00 10 00 18 00 20 00 28 00  ..2......... .(.
000080f0: 30 00 38 00 40 00 48 00 50 00 58 00 60 00 68 00  0.8.@.H.P.X.`.h.
00008100: 70 00 78 00 80 00 88 00 90 00 98 00 a0 00 a8 00  p.x.............
00008110: b0 00 b8 00 c0 00 c8 00 d0 00 d8 00 e0 00 e8 00  ................
00008120: f0 00 f8 00 00 01 08 01 10 01 18 01 20 01 28 01  ............ .(.
00008130: 30 01 38 01 40 01 48 01 50 01 58 01 60 01 68 01  0.8.@.H.P.X.`.h.
00008140: 70 01 78 01 80 01 88 01 90 01 98 01 a0 01 a8 01  p.x.............
00008150: b0 01 b8 01 c0 01 c8 01 d0 01 d8 01 e0 01 e8 01  ................
00008160: f0 01 f8 01 00 02 08 02 10 02 18 02 20 02 28 02  ............ .(.
00008170: 30 02 38 02 40 02 48 02 50 02 58 02 60 02 68 02  0.8.@.H.P.X.`.h.
00008180: 70 02 78 02 80 02 88 02 90 02 98 02 a0 02 a8 02  p.x.............
00008190: b0 02 b8 02 c0 02 c8 02 d0 02 d8 02 e0 02 e8 02  ................
000081a0: f0 02 f8 02 00 03 08 03 10 03 18 03 20 03 28 03  ............ .(.
000081b0: 30 03 38 03 40 03 48 03 50 03 58 03 60 03 68 03  0.8.@.H.P.X.`.h.
000081c0: 70 03 78 03 80 03 88 03 90 03 98 03 a0 03 a8 03  p.x.............
000081d0: b0 03 b8 03 c0 03 c8 03 d0 03 d8 03 e0 03 e8 03  ................
000081e0: f0 03 f8 03 ff 03 00 00 10 00 20 00 30 00 40 00  .......... .0.@.
000081f0: 50 00 60 00 70 00 00 00 00 00 00 00 00 00 00 00  P.`.p...........
00008200: 00 00 00 00 00 00 00 00 00 00 00 00 00 00 00 00  ................
00008210: 00 00 17 00 e4 03 00 00 00 00 00 00 00 00 00 00  ................
00008220: 00 00 00 00 00 00 00 00 00 00 00 00 00 00 00 00  ................
00008230: 00 00 00 00 00 00 00 00 00 00 00 00 00 00 00 00  ................
00008240: 00 00 00 00 00 00 00 00 00 00 00 00 00 00 00 00  ................
00008250: 00 00 00 00 00 00 00 00 00 00 00 00 00 00 00 00  ................
00008260: 00 00 00 00 00 00 00 00 00 00 00 00 00 00 00 00  ................
00008270: 00 00 00 00 00 00 00 00 00 00 00 00 00 00 00 00  ................
00008280: 00 00 00 00 00 00 00 00 00 00 00 00 00 00 00 00  ................
00008290: 00 00 00 00 00 00 00 00 00 00 00 00 00 00 00 00  ................
000082a0: 00 00 00 00 00 00 00 00 00 00 00 00 00 00 00 00  ................
000082b0: 00 00 00 00 00 00 00 00 00 00 00 00 00 00 00 00  ................
000082c0: 00 00 00 00 00 00 00 00 00 00 00 00 00 00 00 00  ................
000082d0: 00 00 00 00 00 00 00 00 00 00 00 00 00 00 00 00  ................
000082e0: 00 00 00 00 00 00 00 00 00 00 00 00 00 00 00 00  ................
000082f0: 00 00 00 00 00 00 00 00 00 00 00 00 00 00 00 00  ................
00008300: 00 00 00 00 00 00 00 00 00 00 00 00 00 00 00 00  ................
00008310: 00 00 00 00 00 00 00 00 00 00 00 00 00 00 00 00  ................
00008320: 00 00 00 00 00 00 00 00 00 00 00 00 00 00 00 00  ................
00008330: 00 00 00 00 00 00 00 00 00 00 00 00 00 00 00 00  ................
00008340: 00 00 00 00 00 00 00 00 00 00 00 00 00 00 00 00  ................
00008350: 00 00 00 00 00 00 00 00 00 00 00 00 00 00 00 00  ................
00008360: 00 00 00 00 00 00 00 00 00 00 00 00 00 00 00 00  ................
00008370: 00 00 00 00 00 00 00 00 00 00 00 00 00 00 00 00  ................
00008380: 00 00 00 00 00 00 00 00 00 00 00 00 00 00 00 00  ................
00008390: 00 00 00 00 00 00 00 00 00 00 00 00 00 00 00 00  ................
000083a0: 00 00 00 00 00 00 00 00 00 00 00 00 00 00 00 00  ................
000083b0: 00 00 00 00 00 00 00 00 00 00 00 00 00 00 00 00  ................
000083c0: 00 00 00 00 00 00 00 00 00 00 00 00 00 00 00 00  ................
000083d0: 00 00 00 00 00 00 00 00 00 00 00 00 00 00 00 00  ................
000083e0: 00 00 00 00 00 00 00 00 00 00 00 00 00 00 00 00  ................
000083f0: 00 00 00 00 00 00 00 00 00 00 00 00 00 00 00 00  ................
00008400: 00 00 00 00 00 00 00 00 00 00 00 00 00 00 00 00  ................
00008410: 00 00 00 00 00 00 00 00 00 00 00 00 00 00 00 00  ................
00008420: 00 00 00 00 00 00 00 00 00 00 00 00 00 00 00 00  ................
00008430: 00 00 00 00 00 00 00 00 00 00 00 00 00 00 00 00  ................
00008440: 00 00 00 00 00 00 00 00 00 00 00 00 00 00 00 00  ................
00008450: 00 00 00 00 00 00 00 00 00 00 00 00 00 00 00 00  ................
00008460: 00 00 00 00 00 00 00 00 00 00 00 00 00 00 00 00  ................
00008470: 00 00 00 00 00 00 00 00 00 00 00 00 00 00 00 00  ................
00008480: 00 00 00 00 00 00 00 00 00 00 00 00 00 00 00 00  ................
00008490: 00 00 00 00 00 00 00 00 00 00 00 00 00 00 00 00  ................
000084a0: 00 00 00 00 00 00 00 00 00 00 00 00 00 00 00 00  ................
000084b0: 00 00 00 00 00 00 00 00 00 00 00 00 00 00 00 00  ................
000084c0: 00 00 00 00 00 00 00 00 00 00 00 00 00 00 00 00  ................
000084d0: 00 00 00 00 00 00 00 00 00 00 00 00 00 00 00 00  ................
000084e0: 00 00 00 00 00 00 00 00 00 00 00 00 00 00 00 00  ................
000084f0: 00 00 00 00 00 00 00 00 00 00 00 00 00 00 00 00  ................
00008500: 00 00 00 00 00 00 00 00 00 00 00 00 00 00 00 00  ................
00008510: 00 00 00 00 00 00 00 00 00 00 00 00 00 00 00 00  ................
00008520: 00 00 00 00 00 00 00 00 00 00 00 00 00 00 00 00  ................
00008530: 00 00 00 00 00 00 00 00 00 00 00 00 00 00 00 00  ................
00008540: 00 00 00 00 00 00 00 00 00 00 00 00 00 00 00 00  ................
00008550: 00 00 00 00 00 00 00 00 00 00 00 00 00 00 00 00  ................
00008560: 00 00 00 00 00 00 00 00 00 00 00 00 00 00 00 00  ................
00008570: 00 00 00 00 00 00 00 00 00 00 00 00 00 00 00 00  ................
00008580: 00 00 00 00 00 00 00 00 00 00 00 00 00 00 00 00  ................
00008590: 00 00 00 00 00 00 00 00 00 00 00 00 00 00 00 00  ................
000085a0: 00 00 00 00 00 00 00 00 00 00 00 00 00 00 00 00  ................
000085b0: 00 00 00 00 00 00 00 00 00 00 00 00 00 00 00 00  ................
000085c0: 00 00 00 00 00 00 00 00 00 00 00 00 00 00 00 00  ................
000085d0: 00 00 00 00 00 00 00 00 00 00 00 00 00 00 00 00  ................
000085e0: 00 00 00 00 00 00 00 00 00 00 00 00 00 00 00 00  ................
000085f0: 00 00 00 00 00 00 1c 00 28 01 00 30 01 00 03 30  ........(..0...0
00008600: 01 00 00 34 53 00 16 34 00 00 08 3d 01 00 03 3e  ...4S..4...=...>
00008610: 03 00 28 39 00 00 30 36 58 00 12 36 00 00 32 36  ..(9..06X..6..26
00008620: 41 00 35 36 0c 00 20 36 44 00 33 36 7f 00 80 37  A.56.. 6D.36...7
00008630: 0b 00 00 33 33 00 01 33 38 00 02 33 30 00 03 33  ...33..38..30..3
00008640: 80 00 04 33 18 00 05 33 72 00 1e 33 a0 00 1e 32  ...3...3r..3...2
00008650: 00 00 1f 32 0a 00 16 32 0a 00 32 33 38 00 54 50  ...2...2..238.TP
00008660: 82 00 22 36 26 00 07 39 02 00 08 39 00 00 01 36  .."6&..9...9...6
00008670: 1a 00 15 33 44 00 08 33 40 00 23 32 22 00 0e 3e  ...3D..3@.#2"..>
00008680: 50 00 11 32 60 00 80 57 ff 00 81 57 04 00 85 57  P..2`..W...W...W
00008690: 0c 00 00 50 66 00 0f 3e 90 00 31 36 80 00 10 33  ...Pf..>..16...3
000086a0: 83 00 36 33 01 00 37 33 00 00 38 33 03 00 39 33  ..63..73..83..93
000086b0: e8 00 35 33 06 00 80 38 00 00 10 30 07 00 11 30  ..53...8...0...0
000086c0: 46 00 04 30 04 00 10 36 2b 00 0c 32 07 00 0d 32  F..0...6+..2...2
000086d0: 08 00 0e 32 04 00 0f 32 b0 00 10 32 00 00 11 32  ...2...2...2...2
000086e0: 60 00 12 32 00 00 13 32 05 00 08 32 05 00 09 32  `..2...2...2...2
000086f0: 00 00 0a 32 03 00 0b 32 c0 00 02 32 00 00 03 32  ...2...2...2...2
00008700: 08 00 06 32 03 00 07 32 cf 00 30 33 0d 00 20 33  ...2...2..03.. 3
00008710: 06 00 21 33 d8 00 22 33 01 00 23 33 c0 00 00 36  ..!3.."3..#3...6
00008720: 54 00 03 00 00 00 33 2e 30 31 36 00 00 00 00 00  T.....3.016.....
00008730: 00 00 00 00 00 00 35 11 00 00 e1 07 09 0f 0c 07  ......5.........
00008740: 26 01 00 00 00 00 22 87 00 00 00 00 00 00 00 00  &.....".........
00008750: 00 00 00 00 00 00 00 00 00 00 00 00 00 00 00 00  ................
00008760: 00 00 00 00 00 00 00 00 00 00 00 00 00 00 00 00  ................
00008770: 00 00 00 00 00 00 00 00 00 00 00 00 00 00 00 00  ................
00008780: 00 00 00 00 00 00 00 00 00 00 00 00 00 00 00 00  ................
00008790: 00 00 00 00 00 00 00 00 00 00 00 00 00 00 00 00  ................
000087a0: 00 00 31 2e d0 de b8 c4 33 44 4e 52 20 64 65 6e  ..1.....3DNR den
000087b0: 6f 69 73 65 a3 ac bd b5 b5 cd d4 eb c9 f9 0d 0a  oise............
000087c0: 32 2e bd b5 b5 cd b0 b5 b4 a6 c1 c1 b6 c8 a3 ac  2...............
000087d0: bd b5 b5 cd c8 ab be d6 c1 c1 b6 c8 a3 ac bd b5  ................
000087e0: b5 cd 52 47 42 47 61 6d 6d 61 2c bd b5 b5 cd b0  ..RGBGamma,.....
000087f0: b5 b4 a6 c1 c1 b6 c8 0d 0a 33 2e 20 37 2e 31 30  .........3. 7.10
00008800: 20 d3 c5 bb af c8 ab be b0 d0 a7 b9 fb 00 00 00   ...............
00008810: 00 00 00 00 00 00 00 00 00 00 00 00 00 00 00 00  ................
00008820: 00 00 00 00 00 00 00 00 00 00 00 00 00 00 00 00  ................
00008830: 00 00 00 00 00 00 00 00 00 00 00 00 00 00 00 00  ................
00008840: 00 00 00 00 00 00 00 00 00 00 00 00 00 00 00 00  ................
00008850: 00 00 00 00 00 00 00 00 00 00 00 00 00 00 00 00  ................
00008860: 00 00 00 00 00 00 00 00 00 00 00 00 00 00 00 00  ................
00008870: 00 00 00 00 00 00 00 00 00 00 00 00 00 00 00 00  ................
00008880: 00 00 00 00 00 00 00 00 00 00 00 00 00 00 00 00  ................
00008890: 00 00 00 00 00 00 00 00 00 00 00 00 00 00 00 00  ................
000088a0: 00 00 00 00 00 00 00 00 00 00 00 00 00 00 00 00  ................
000088b0: 00 00 00 00 00 00 00 00 00 00 00 00 00 00 00 00  ................
000088c0: 00 00 00 00 00 00 00 00 00 00 00 00 00 00 00 00  ................
000088d0: 00 00 00 00 00 00 00 00 00 00 00 00 00 00 00 00  ................
000088e0: 00 00 00 00 00 00 00 00 00 00 00 00 00 00 00 00  ................
000088f0: 00 00 00 00 00 00 00 00 00 00 00 00 00 00 00 00  ................
00008900: 00 00 00 00 00 00 00 00 00 00 00 00 00 00 00 00  ................
00008910: 00 00 00 00 00 00 00 00 00 00 00 00 00 00 00 00  ................
00008920: 00 00 00 00 ba 00 00 00 01 00 40 00 40 00 40 00  ..........@.@.@.
00008930: 40 00 00 00 00 00 00 00 00 00 01 00 42 00 42 00  @...........B.B.
00008940: 42 00 42 00 00 00 00 00 00 00 00 00 01 00 42 00  B.B...........B.
00008950: 42 00 42 00 42 00 00 00 00 00 00 00 00 00 01 00  B.B.B...........
00008960: 42 00 42 00 42 00 42 00 00 00 00 00 00 00 00 00  B.B.B.B.........
00008970: 01 00 42 00 42 00 42 00 42 00 0a 00 0a 00 0a 00  ..B.B.B.B.......
00008980: 0a 00 01 00 42 00 42 00 42 00 42 00 14 00 14 00  ....B.B.B.B.....
00008990: 14 00 14 00 01 00 42 00 42 00 42 00 42 00 28 00  ......B.B.B.B.(.
000089a0: 28 00 28 00 28 00 01 00 42 00 42 00 42 00 42 00  (.(.(...B.B.B.B.
000089b0: 28 00 28 00 28 00 28 00 01 00 42 00 42 00 42 00  (.(.(.(...B.B.B.
000089c0: 42 00 28 00 28 00 28 00 28 00 01 00 42 00 42 00  B.(.(.(.(...B.B.
000089d0: 42 00 42 00 d8 ff d8 ff d8 ff d8 ff 01 00 c0 00  B.B.............
000089e0: 00 00 80 02 e0 01 0a 00 00 00 0f 00 0f 00 0a 00  ................
000089f0: 00 00 00 00 00 00 00 00 00 00 00 00 ff 00 ff 00  ................
00008a00: 18 01 2c 01 00 00 00 00 00 00 00 00 00 00 00 00  ..,.............
00008a10: 00 00 0f 00 0f 00 0a 00 00 00 00 00 00 00 00 00  ................
00008a20: 00 00 00 00 ff 00 ff 00 18 01 2c 01 00 00 00 00  ..........,.....
00008a30: 00 00 00 00 00 00 00 00 00 00 0f 00 0f 00 0a 00  ................
00008a40: 00 00 00 00 00 00 00 00 00 00 00 00 ff 00 ff 00  ................
00008a50: 18 01 2c 01 00 00 00 00 00 00 00 00 00 00 00 00  ..,.............
00008a60: 00 00 0f 00 0f 00 0a 00 00 00 00 00 00 00 00 00  ................
00008a70: 00 00 00 00 ff 00 ff 00 18 01 2c 01 00 00 00 00  ..........,.....
00008a80: 00 00 00 00 00 00 00 00 00 00 64 00 ce 00 33 01  ..........d...3.
00008a90: 71 02 71 02 71 02 71 02 71 02 71 02 02 00 6c 03  q.q.q.q.q.q...l.
00008aa0: 00 00 08 00 10 00 18 00 20 00 28 00 30 00 38 00  ........ .(.0.8.
00008ab0: 40 00 48 00 50 00 58 00 60 00 68 00 70 00 78 00  @.H.P.X.`.h.p.x.
00008ac0: 80 00 88 00 90 00 98 00 a0 00 a8 00 b0 00 b8 00  ................
00008ad0: c0 00 c8 00 d0 00 d8 00 e0 00 e8 00 f0 00 f8 00  ................
00008ae0: 00 01 08 01 10 01 18 01 20 01 28 01 30 01 38 01  ........ .(.0.8.
00008af0: 40 01 48 01 50 01 58 01 60 01 68 01 70 01 78 01  @.H.P.X.`.h.p.x.
00008b00: 80 01 88 01 90 01 98 01 a0 01 a8 01 b0 01 b8 01  ................
00008b10: c0 01 c8 01 d0 01 d8 01 e0 01 e8 01 f0 01 f8 01  ................
00008b20: 00 02 08 02 10 02 18 02 20 02 28 02 30 02 38 02  ........ .(.0.8.
00008b30: 40 02 48 02 50 02 58 02 60 02 68 02 70 02 78 02  @.H.P.X.`.h.p.x.
00008b40: 80 02 88 02 90 02 98 02 a0 02 a8 02 b0 02 b8 02  ................
00008b50: c0 02 c8 02 d0 02 d8 02 e0 02 e8 02 f0 02 f8 02  ................
00008b60: 00 03 08 03 10 03 18 03 20 03 28 03 30 03 38 03  ........ .(.0.8.
00008b70: 40 03 48 03 50 03 58 03 60 03 68 03 70 03 78 03  @.H.P.X.`.h.p.x.
00008b80: 80 03 88 03 90 03 98 03 a0 03 a8 03 b0 03 b8 03  ................
00008b90: c0 03 c8 03 d0 03 d8 03 e0 03 e8 03 f0 03 f8 03  ................
00008ba0: ff 03 00 00 08 00 10 00 18 00 20 00 28 00 30 00  .......... .(.0.
00008bb0: 38 00 40 00 48 00 50 00 58 00 60 00 68 00 70 00  8.@.H.P.X.`.h.p.
00008bc0: 78 00 80 00 88 00 90 00 98 00 a0 00 a8 00 b0 00  x...............
00008bd0: b8 00 c0 00 c8 00 d0 00 d8 00 e0 00 e8 00 f0 00  ................
00008be0: f8 00 00 01 08 01 10 01 18 01 20 01 28 01 30 01  .......... .(.0.
00008bf0: 38 01 40 01 48 01 50 01 58 01 60 01 68 01 70 01  8.@.H.P.X.`.h.p.
00008c00: 78 01 80 01 88 01 90 01 98 01 a0 01 a8 01 b0 01  x...............
00008c10: b8 01 c0 01 c8 01 d0 01 d8 01 e0 01 e8 01 f0 01  ................
00008c20: f8 01 00 02 08 02 10 02 18 02 20 02 28 02 30 02  .......... .(.0.
00008c30: 38 02 40 02 48 02 50 02 58 02 60 02 68 02 70 02  8.@.H.P.X.`.h.p.
00008c40: 78 02 80 02 88 02 90 02 98 02 a0 02 a8 02 b0 02  x...............
00008c50: b8 02 c0 02 c8 02 d0 02 d8 02 e0 02 e8 02 f0 02  ................
00008c60: f8 02 00 03 08 03 10 03 18 03 20 03 28 03 30 03  .......... .(.0.
00008c70: 38 03 40 03 48 03 50 03 58 03 60 03 68 03 70 03  8.@.H.P.X.`.h.p.
00008c80: 78 03 80 03 88 03 90 03 98 03 a0 03 a8 03 b0 03  x...............
00008c90: b8 03 c0 03 c8 03 d0 03 d8 03 e0 03 e8 03 f0 03  ................
00008ca0: f8 03 ff 03 00 00 08 00 10 00 18 00 20 00 28 00  ............ .(.
00008cb0: 30 00 38 00 40 00 48 00 50 00 58 00 60 00 68 00  0.8.@.H.P.X.`.h.
00008cc0: 70 00 78 00 80 00 88 00 90 00 98 00 a0 00 a8 00  p.x.............
00008cd0: b0 00 b8 00 c0 00 c8 00 d0 00 d8 00 e0 00 e8 00  ................
00008ce0: f0 00 f8 00 00 01 08 01 10 01 18 01 20 01 28 01  ............ .(.
00008cf0: 30 01 38 01 40 01 48 01 50 01 58 01 60 01 68 01  0.8.@.H.P.X.`.h.
00008d00: 70 01 78 01 80 01 88 01 90 01 98 01 a0 01 a8 01  p.x.............
00008d10: b0 01 b8 01 c0 01 c8 01 d0 01 d8 01 e0 01 e8 01  ................
00008d20: f0 01 f8 01 00 02 08 02 10 02 18 02 20 02 28 02  ............ .(.
00008d30: 30 02 38 02 40 02 48 02 50 02 58 02 60 02 68 02  0.8.@.H.P.X.`.h.
00008d40: 70 02 78 02 80 02 88 02 90 02 98 02 a0 02 a8 02  p.x.............
00008d50: b0 02 b8 02 c0 02 c8 02 d0 02 d8 02 e0 02 e8 02  ................
00008d60: f0 02 f8 02 00 03 08 03 10 03 18 03 20 03 28 03  ............ .(.
00008d70: 30 03 38 03 40 03 48 03 50 03 58 03 60 03 68 03  0.8.@.H.P.X.`.h.
00008d80: 70 03 78 03 80 03 88 03 90 03 98 03 a0 03 a8 03  p.x.............
00008d90: b0 03 b8 03 c0 03 c8 03 d0 03 d8 03 e0 03 e8 03  ................
00008da0: f0 03 f8 03 ff 03 00 00 80 00 00 00 00 00 00 00  ................
00008db0: 00 00 00 00 00 00 00 00 00 00 00 00 00 00 00 00  ................
00008dc0: 00 00 00 00 00 00 00 00 80 00 00 00 00 00 00 00  ................
00008dd0: 00 00 00 00 00 00 00 00 00 00 00 00 00 00 00 00  ................
00008de0: 00 00 00 00 00 00 00 00 80 00 00 00 00 00 00 00  ................
00008df0: 00 00 00 00 00 00 00 00 00 00 00 00 00 00 00 00  ................
00008e00: 00 00 00 00 00 00 00 00 03 00 dc 08 01 00 00 00  ................
00008e10: ff 03 4f 00 00 00 00 00 00 00 00 00 00 00 00 00  ..O.............
00008e20: 00 00 00 00 00 00 00 00 00 00 00 00 00 00 00 00  ................
00008e30: 00 00 ff 03 4f 00 00 00 00 00 00 00 00 00 00 00  ....O...........
00008e40: 00 00 00 00 00 00 00 00 00 00 00 00 00 00 00 00  ................
00008e50: 00 00 00 00 ff 03 4f 00 00 00 00 00 00 00 00 00  ......O.........
00008e60: 00 00 00 00 00 00 00 00 00 00 00 00 00 00 00 00  ................
00008e70: 00 00 00 00 00 00 04 00 00 00 40 00 80 00 c0 00  ..........@.....
00008e80: 00 01 40 01 80 01 c0 01 00 02 40 02 80 02 c0 02  ..@.......@.....
00008e90: 00 03 40 03 80 03 c0 03 ff 03 00 00 10 00 00 00  ..@.............
00008ea0: 00 00 00 00 00 00 00 00 00 00 00 00 00 00 00 00  ................
00008eb0: 00 00 00 00 00 00 00 00 00 00 64 00 64 00 64 00  ..........d.d.d.
00008ec0: 00 00 ff 03 00 00 00 00 00 00 00 00 00 00 00 00  ................
00008ed0: 00 00 00 00 00 00 00 00 00 00 00 00 00 00 00 00  ................
00008ee0: 00 00 00 00 ff 03 00 00 00 00 00 00 00 00 00 00  ................
00008ef0: 00 00 00 00 00 00 00 00 00 00 00 00 00 00 00 00  ................
00008f00: 00 00 00 00 00 00 ff 03 00 00 00 00 00 00 00 00  ................
00008f10: 00 00 00 00 00 00 00 00 00 00 00 00 00 00 00 00  ................
00008f20: 00 00 00 00 00 00 00 00 06 00 00 00 94 00 1c 01  ................
00008f30: 8f 01 ed 01 39 02 77 02 a9 02 d2 02 f6 02 16 03  ....9.w.........
00008f40: 38 03 5c 03 82 03 ab 03 d5 03 ff 03 00 00 02 00  8.\.............
00008f50: 0b 00 10 00 00 00 00 00 00 00 00 00 00 00 00 00  ................
00008f60: 00 00 00 00 00 00 00 00 00 00 00 00 14 00 14 00  ................
00008f70: 14 00 01 00 ff 03 06 00 00 00 00 00 00 00 00 00  ................
00008f80: 00 00 00 00 00 00 00 00 00 00 00 00 00 00 00 00  ................
00008f90: 00 00 00 00 00 00 ff 03 06 00 00 00 00 00 00 00  ................
00008fa0: 00 00 00 00 00 00 00 00 00 00 00 00 00 00 00 00  ................
00008fb0: 00 00 00 00 00 00 00 00 ff 03 06 00 00 00 00 00  ................
00008fc0: 00 00 00 00 00 00 00 00 00 00 00 00 00 00 00 00  ................
00008fd0: 00 00 00 00 00 00 00 00 00 00 06 00 00 00 94 00  ................
00008fe0: 1c 01 8f 01 ed 01 39 02 77 02 a9 02 d2 02 f6 02  ......9.w.......
00008ff0: 16 03 38 03 5c 03 82 03 ab 03 d5 03 ff 03 00 00  ..8.\...........
00009000: 02 00 0b 00 10 00 00 00 00 00 00 00 00 00 00 00  ................
00009010: 00 00 00 00 00 00 00 00 00 00 00 00 00 00 32 00  ..............2.
00009020: 32 00 32 00 01 00 ff 03 1c 01 06 00 00 00 00 00  2.2.............
00009030: 00 00 00 00 00 00 00 00 00 00 00 00 00 00 00 00  ................
00009040: 00 00 00 00 00 00 00 00 ff 03 1c 01 06 00 00 00  ................
00009050: 00 00 00 00 00 00 00 00 00 00 00 00 00 00 00 00  ................
00009060: 00 00 00 00 00 00 00 00 00 00 ff 03 1c 01 06 00  ................
00009070: 00 00 00 00 00 00 00 00 00 00 00 00 00 00 00 00  ................
00009080: 00 00 00 00 00 00 00 00 00 00 00 00 05 00 00 00  ................
00009090: 94 00 1c 01 8f 01 ed 01 39 02 77 02 a9 02 d2 02  ........9.w.....
000090a0: f6 02 16 03 38 03 5c 03 82 03 ab 03 d5 03 ff 03  ....8.\.........
000090b0: 00 00 02 00 0b 00 10 00 00 00 00 00 00 00 00 00  ................
000090c0: 00 00 00 00 00 00 00 00 00 00 00 00 00 00 00 00  ................
000090d0: c8 00 c8 00 c8 00 01 00 ff 03 b4 01 21 00 00 00  ............!...
000090e0: 00 00 00 00 00 00 00 00 00 00 00 00 00 00 00 00  ................
000090f0: 00 00 00 00 00 00 00 00 00 00 ff 03 b4 01 21 00  ..............!.
00009100: 00 00 00 00 00 00 00 00 00 00 00 00 00 00 00 00  ................
00009110: 00 00 00 00 00 00 00 00 00 00 00 00 ff 03 b4 01  ................
00009120: 21 00 00 00 00 00 00 00 00 00 00 00 00 00 00 00  !...............
00009130: 00 00 00 00 00 00 00 00 00 00 00 00 00 00 05 00  ................
00009140: 00 00 40 00 80 00 c0 00 00 01 40 01 80 01 c0 01  ..@.......@.....
00009150: 00 02 40 02 80 02 c0 02 00 03 40 03 80 03 c0 03  ..@.......@.....
00009160: ff 03 00 00 10 00 00 00 00 00 00 00 00 00 00 00  ................
00009170: 00 00 00 00 00 00 00 00 00 00 00 00 00 00 00 00  ................
00009180: 00 00 2c 01 2c 01 2c 01 01 00 ff 03 b4 01 21 00  ..,.,.,.......!.
00009190: 00 00 00 00 00 00 00 00 00 00 00 00 00 00 00 00  ................
000091a0: 00 00 00 00 00 00 00 00 00 00 00 00 ff 03 b4 01  ................
000091b0: 21 00 00 00 00 00 00 00 00 00 00 00 00 00 00 00  !...............
000091c0: 00 00 00 00 00 00 00 00 00 00 00 00 00 00 ff 03  ................
000091d0: b4 01 21 00 00 00 00 00 00 00 00 00 00 00 00 00  ..!.............
000091e0: 00 00 00 00 00 00 00 00 00 00 00 00 00 00 00 00  ................
000091f0: 04 00 00 00 40 00 80 00 c0 00 00 01 40 01 80 01  ....@.......@...
00009200: c0 01 00 02 40 02 80 02 c0 02 00 03 40 03 80 03  ....@.......@...
00009210: c0 03 ff 03 00 00 10 00 00 00 00 00 00 00 00 00  ................
00009220: 00 00 00 00 00 00 00 00 00 00 00 00 00 00 00 00  ................
00009230: 00 00 00 00 2c 01 2c 01 2c 01 01 00 ff 03 1b 02  ....,.,.,.......
00009240: 4f 00 03 00 00 00 00 00 00 00 00 00 00 00 00 00  O...............
00009250: 00 00 00 00 00 00 00 00 00 00 00 00 00 00 ff 03  ................
00009260: 1b 02 4f 00 03 00 00 00 00 00 00 00 00 00 00 00  ..O.............
00009270: 00 00 00 00 00 00 00 00 00 00 00 00 00 00 00 00  ................
00009280: ff 03 1b 02 4f 00 03 00 00 00 00 00 00 00 00 00  ....O...........
00009290: 00 00 00 00 00 00 00 00 00 00 00 00 00 00 00 00  ................
000092a0: 00 00 04 00 00 00 40 00 80 00 c0 00 00 01 40 01  ......@.......@.
000092b0: 80 01 c0 01 00 02 40 02 80 02 c0 02 00 03 40 03  ......@.......@.
000092c0: 80 03 c0 03 ff 03 00 00 10 00 00 00 00 00 00 00  ................
000092d0: 00 00 00 00 00 00 00 00 00 00 00 00 00 00 00 00  ................
000092e0: 00 00 00 00 00 00 90 01 90 01 90 01 01 00 ff 03  ................
000092f0: e7 02 1c 01 39 00 06 00 00 00 00 00 00 00 00 00  ....9...........
00009300: 00 00 00 00 00 00 00 00 00 00 00 00 00 00 00 00  ................
00009310: ff 03 e7 02 1c 01 39 00 06 00 00 00 00 00 00 00  ......9.........
00009320: 00 00 00 00 00 00 00 00 00 00 00 00 00 00 00 00  ................
00009330: 00 00 ff 03 e7 02 1c 01 39 00 06 00 00 00 00 00  ........9.......
00009340: 00 00 00 00 00 00 00 00 00 00 00 00 00 00 00 00  ................
00009350: 00 00 00 00 04 00 00 00 40 00 80 00 c0 00 00 01  ........@.......
00009360: 40 01 80 01 c0 01 00 02 40 02 80 02 c0 02 00 03  @.......@.......
00009370: 40 03 80 03 c0 03 ff 03 00 00 10 00 00 00 00 00  @...............
00009380: 00 00 00 00 00 00 00 00 00 00 00 00 00 00 00 00  ................
00009390: 00 00 00 00 00 00 00 00 20 03 20 03 20 03 01 00  ........ . . ...
000093a0: ff 03 1c 01 06 00 00 00 00 00 00 00 00 00 00 00  ................
000093b0: 00 00 00 00 00 00 00 00 00 00 00 00 00 00 00 00  ................
000093c0: 00 00 ff 03 1c 01 06 00 00 00 00 00 00 00 00 00  ................
000093d0: 00 00 00 00 00 00 00 00 00 00 00 00 00 00 00 00  ................
000093e0: 00 00 00 00 ff 03 1c 01 06 00 00 00 00 00 00 00  ................
000093f0: 00 00 00 00 00 00 00 00 00 00 00 00 00 00 00 00  ................
00009400: 00 00 00 00 00 00 02 00 00 00 40 00 80 00 c0 00  ..........@.....
00009410: 00 01 40 01 80 01 c0 01 00 02 40 02 80 02 c0 02  ..@.......@.....
00009420: 00 03 40 03 80 03 c0 03 ff 03 00 00 10 00 00 00  ..@.............
00009430: 00 00 00 00 00 00 00 00 00 00 00 00 00 00 00 00  ................
00009440: 00 00 00 00 00 00 00 00 00 00 c8 00 c8 00 c8 00  ................
00009450: 01 00 ff 03 1c 01 06 00 00 00 00 00 00 00 00 00  ................
00009460: 00 00 00 00 00 00 00 00 00 00 00 00 00 00 00 00  ................
00009470: 00 00 00 00 ff 03 1c 01 06 00 00 00 00 00 00 00  ................
00009480: 00 00 00 00 00 00 00 00 00 00 00 00 00 00 00 00  ................
00009490: 00 00 00 00 00 00 ff 03 1c 01 06 00 00 00 00 00  ................
000094a0: 00 00 00 00 00 00 00 00 00 00 00 00 00 00 00 00  ................
000094b0: 00 00 00 00 00 00 00 00 04 00 00 00 40 00 80 00  ............@...
000094c0: c0 00 00 01 40 01 80 01 c0 01 00 02 40 02 80 02  ....@.......@...
000094d0: c0 02 00 03 40 03 80 03 c0 03 ff 03 00 00 10 00  ....@...........
000094e0: 00 00 00 00 00 00 00 00 00 00 00 00 00 00 00 00  ................
000094f0: 00 00 00 00 00 00 00 00 00 00 00 00 c8 00 c8 00  ................
00009500: c8 00 01 00 01 00 ff 03 4f 00 00 00 00 00 00 00  ........O.......
00009510: 00 00 00 00 00 00 00 00 00 00 00 00 00 00 00 00  ................
00009520: 00 00 00 00 00 00 00 00 06 00 64 00 00 00 00 00  ..........d.....
00009530: 00 00 00 00 01 00 ff 03 4f 00 00 00 00 00 00 00  ........O.......
00009540: 00 00 00 00 00 00 00 00 00 00 00 00 00 00 00 00  ................
00009550: 00 00 00 00 00 00 00 00 06 00 64 00 00 00 00 00  ..........d.....
00009560: 00 00 00 00 01 00 ff 03 4f 00 00 00 00 00 00 00  ........O.......
00009570: 00 00 00 00 00 00 00 00 00 00 00 00 00 00 00 00  ................
00009580: 00 00 00 00 00 00 00 00 06 00 64 00 00 00 00 00  ..........d.....
00009590: 00 00 00 00 01 00 ff 03 65 02 84 00 0a 00 00 00  ........e.......
000095a0: 00 00 00 00 00 00 00 00 00 00 00 00 00 00 00 00  ................
000095b0: 00 00 00 00 00 00 00 00 05 00 f4 01 00 00 00 00  ................
000095c0: 00 00 00 00 01 00 ff 03 1b 02 4f 00 03 00 00 00  ..........O.....
000095d0: 00 00 00 00 00 00 00 00 00 00 00 00 00 00 00 00  ................
000095e0: 00 00 00 00 00 00 00 00 05 00 90 01 00 00 00 00  ................
000095f0: 00 00 00 00 01 00 ff 03 9c 02 b9 00 16 00 01 00  ................
00009600: 00 00 00 00 00 00 00 00 00 00 00 00 00 00 00 00  ................
00009610: 00 00 00 00 00 00 00 00 04 00 58 02 00 00 00 00  ..........X.....
00009620: 00 00 00 00 01 00 ff 03 9c 02 b9 00 16 00 01 00  ................
00009630: 00 00 00 00 00 00 00 00 00 00 00 00 00 00 00 00  ................
00009640: 00 00 00 00 00 00 00 00 04 00 58 02 00 00 00 00  ..........X.....
00009650: 00 00 00 00 01 00 ff 03 1b 02 4f 00 03 00 00 00  ..........O.....
00009660: 00 00 00 00 00 00 00 00 00 00 00 00 00 00 00 00  ................
00009670: 00 00 00 00 00 00 00 00 04 00 90 01 00 00 00 00  ................
00009680: 00 00 00 00 01 00 ff 03 4f 00 00 00 00 00 00 00  ........O.......
00009690: 00 00 00 00 00 00 00 00 00 00 00 00 00 00 00 00  ................
000096a0: 00 00 00 00 00 00 00 00 02 00 64 00 00 00 00 00  ..........d.....
000096b0: 00 00 00 00 01 00 ff 03 b4 01 21 00 00 00 00 00  ..........!.....
000096c0: 00 00 00 00 00 00 00 00 00 00 00 00 00 00 00 00  ................
000096d0: 00 00 00 00 00 00 00 00 04 00 2c 01 00 00 00 00  ..........,.....
000096e0: 00 00 00 00 04 00 40 04 01 00 00 00 00 00 00 00  ......@.........
000096f0: 00 00 01 00 01 00 01 00 01 00 01 00 08 00 08 00  ................
00009700: 78 00 04 00 e8 03 d0 07 40 00 20 00 00 00 08 00  x.......@. .....
00009710: 14 00 ff 03 18 03 6f 01 66 00 11 00 01 00 00 00  ......o.f.......
00009720: 00 00 00 00 00 00 00 00 00 00 00 00 00 00 00 00  ................
00009730: 00 00 00 00 e8 03 02 00 00 00 0b 00 08 00 78 00  ..............x.
00009740: 60 00 04 00 04 00 e8 03 d0 07 40 00 18 00 00 00  `.........@.....
00009750: 08 00 14 00 0a 00 00 00 00 00 01 00 01 00 01 00  ................
00009760: 01 00 01 00 01 00 01 00 08 00 08 00 78 00 04 00  ............x...
00009770: 14 05 d0 07 40 00 20 00 00 00 08 00 14 00 ff 03  ....@. .........
00009780: 1c 01 06 00 00 00 00 00 00 00 00 00 00 00 00 00  ................
00009790: 00 00 00 00 00 00 00 00 00 00 00 00 00 00 00 00  ................
000097a0: c8 00 02 00 00 00 0b 00 08 00 78 00 60 00 04 00  ..........x.`...
000097b0: 04 00 14 05 d0 07 40 00 18 00 00 00 08 00 14 00  ......@.........
000097c0: 0a 00 00 00 00 00 01 00 01 00 01 00 01 00 01 00  ................
000097d0: 01 00 01 00 08 00 08 00 78 00 04 00 78 05 98 08  ........x...x...
000097e0: 40 00 20 00 00 00 08 00 14 00 ff 03 1c 01 06 00  @. .............
000097f0: 00 00 00 00 00 00 00 00 00 00 00 00 00 00 00 00  ................
00009800: 00 00 00 00 00 00 00 00 00 00 00 00 c8 00 02 00  ................
00009810: 00 00 0b 00 08 00 78 00 60 00 04 00 04 00 78 05  ......x.`.....x.
00009820: 98 08 40 00 20 00 00 00 08 00 14 00 0a 00 00 00  ..@. ...........
00009830: 00 00 01 00 01 00 01 00 01 00 01 00 01 00 01 00  ................
00009840: 08 00 08 00 78 00 04 00 78 05 98 08 40 00 20 00  ....x...x...@. .
00009850: 00 00 08 00 14 00 ff 03 9c 02 b9 00 16 00 01 00  ................
00009860: 00 00 00 00 00 00 00 00 00 00 00 00 00 00 00 00  ................
00009870: 00 00 00 00 00 00 00 00 58 02 02 00 00 00 0b 00  ........X.......
00009880: 08 00 78 00 60 00 04 00 04 00 78 05 98 08 40 00  ..x.`.....x...@.
00009890: 18 00 00 00 08 00 14 00 0a 00 00 00 00 00 01 00  ................
000098a0: 01 00 01 00 01 00 01 00 01 00 01 00 08 00 08 00  ................
000098b0: 78 00 04 00 dc 05 fc 08 40 00 20 00 00 00 08 00  x.......@. .....
000098c0: 14 00 ff 03 cc 03 42 03 85 02 c3 01 1c 01 a2 00  ......B.........
000098d0: 53 00 26 00 10 00 06 00 02 00 00 00 00 00 00 00  S.&.............
000098e0: 00 00 00 00 88 13 02 00 00 00 0b 00 08 00 78 00  ..............x.
000098f0: 60 00 04 00 04 00 dc 05 fc 08 40 00 18 00 00 00  `.........@.....
00009900: 08 00 14 00 0a 00 00 00 00 00 01 00 01 00 01 00  ................
00009910: 01 00 01 00 01 00 01 00 08 00 08 00 78 00 04 00  ............x...
00009920: dc 05 fc 08 56 00 30 00 00 00 08 00 14 00 ff 03  ....V.0.........
00009930: f7 03 dd 03 b4 03 7d 03 3b 03 f1 02 a2 02 51 02  ......}.;.....Q.
00009940: 00 02 b4 01 6c 01 2b 01 f2 00 c0 00 96 00 73 00  ....l.+.......s.
00009950: 30 75 02 00 00 00 0d 00 08 00 78 00 60 00 04 00  0u........x.`...
00009960: 04 00 dc 05 fc 08 56 00 24 00 00 00 08 00 14 00  ......V.$.......
00009970: 0a 00 00 00 00 00 01 00 01 00 01 00 01 00 01 00  ................
00009980: 01 00 01 00 08 00 08 00 78 00 04 00 dc 05 98 08  ........x.......
00009990: 56 00 30 00 00 00 08 00 14 00 ff 03 f9 03 e6 03  V.0.............
000099a0: c6 03 9c 03 68 03 2d 03 ec 02 a7 02 61 02 1b 02  ....h.-.....a...
000099b0: d8 01 97 01 5b 01 24 01 f2 00 c6 00 40 9c 02 00  ....[.$.....@...
000099c0: 00 00 0e 00 08 00 78 00 60 00 04 00 04 00 dc 05  ......x.`.......
000099d0: 98 08 56 00 24 00 00 00 08 00 14 00 0a 00 00 00  ..V.$...........
000099e0: 00 00 01 00 01 00 01 00 01 00 01 00 01 00 01 00  ................
000099f0: 08 00 08 00 78 00 04 00 dc 05 fc 08 56 00 30 00  ....x.......V.0.
00009a00: 00 00 08 00 14 00 ff 03 f9 03 e6 03 c6 03 9c 03  ................
00009a10: 68 03 2d 03 ec 02 a7 02 61 02 1b 02 d8 01 97 01  h.-.....a.......
00009a20: 5b 01 24 01 f2 00 c6 00 40 9c 02 00 00 00 0e 00  [.$.....@.......
00009a30: 08 00 78 00 60 00 04 00 04 00 dc 05 fc 08 56 00  ..x.`.........V.
00009a40: 24 00 00 00 08 00 14 00 0a 00 00 00 01 00 01 00  $...............
00009a50: 01 00 01 00 01 00 01 00 01 00 01 00 08 00 08 00  ................
00009a60: 78 00 04 00 dc 05 fc 08 56 00 30 00 00 00 08 00  x.......V.0.....
00009a70: 14 00 ff 03 fa 03 eb 03 d1 03 af 03 84 03 53 03  ..............S.
00009a80: 1c 03 e1 02 a4 02 65 02 27 02 e9 01 af 01 77 01  ......e.'.....w.
00009a90: 43 01 14 01 50 c3 02 00 00 00 0c 00 08 00 78 00  C...P.........x.
00009aa0: 60 00 04 00 04 00 dc 05 fc 08 56 00 24 00 00 00  `.........V.$...
00009ab0: 08 00 14 00 0a 00 00 00 01 00 01 00 01 00 01 00  ................
00009ac0: 01 00 01 00 01 00 01 00 08 00 08 00 78 00 04 00  ............x...
00009ad0: 40 1f 28 23 40 00 20 00 00 00 08 00 32 00 ff 03  @.(#@. .....2...
00009ae0: 18 03 6f 01 66 00 11 00 01 00 00 00 00 00 00 00  ..o.f...........
00009af0: 00 00 00 00 00 00 00 00 00 00 00 00 00 00 00 00  ................
00009b00: e8 03 02 00 00 00 0b 00 08 00 78 00 70 00 04 00  ..........x.p...
00009b10: 04 00 40 1f 28 23 40 00 18 00 00 00 08 00 32 00  ..@.(#@.......2.
00009b20: 0a 00 00 00 05 00 56 00 01 00 01 00 14 00 0c 00  ......V.........
00009b30: 1e 00 01 00 14 00 04 00 78 00 01 00 14 00 04 00  ........x.......
00009b40: 78 00 01 00 14 00 0c 00 1e 00 01 00 14 00 0c 00  x...............
00009b50: 1e 00 01 00 14 00 04 00 78 00 01 00 14 00 04 00  ........x.......
00009b60: 78 00 01 00 14 00 04 00 78 00 01 00 14 00 04 00  x.......x.......
00009b70: 78 00 01 00 14 00 04 00 78 00 06 00 16 00 c0 00  x.......x.......
00009b80: 00 00 00 00 37 00 3c 00 40 00 40 00 40 00 40 00  ....7.<.@.@.@.@.
00009b90: 07 00 6c 03 00 00 0e 00 1c 00 2a 00 39 00 48 00  ..l.......*.9.H.
00009ba0: 59 00 6b 00 7e 00 92 00 a6 00 bb 00 d0 00 e5 00  Y.k.~...........
00009bb0: fa 00 0f 01 24 01 39 01 4d 01 60 01 73 01 84 01  ....$.9.M.`.s...
00009bc0: 95 01 a6 01 b5 01 c4 01 d2 01 e0 01 ed 01 fa 01  ................
00009bd0: 06 02 12 02 1d 02 27 02 32 02 3c 02 46 02 4f 02  ......'.2.<.F.O.
00009be0: 58 02 61 02 6a 02 72 02 7a 02 82 02 89 02 91 02  X.a.j.r.z.......
00009bf0: 98 02 9e 02 a5 02 ab 02 b1 02 b7 02 bd 02 c2 02  ................
00009c00: c8 02 cd 02 d2 02 d6 02 db 02 df 02 e4 02 e8 02  ................
00009c10: ec 02 ef 02 f3 02 f7 02 fa 02 fe 02 01 03 04 03  ................
00009c20: 07 03 0a 03 0d 03 10 03 12 03 15 03 18 03 1a 03  ................
00009c30: 1d 03 1f 03 22 03 24 03 27 03 29 03 2c 03 2e 03  ....".$.'.).,...
00009c40: 31 03 33 03 36 03 39 03 3b 03 3e 03 41 03 44 03  1.3.6.9.;.>.A.D.
00009c50: 47 03 4a 03 4d 03 50 03 54 03 57 03 5b 03 5f 03  G.J.M.P.T.W.[._.
00009c60: 62 03 66 03 6b 03 6f 03 74 03 78 03 7d 03 82 03  b.f.k.o.t.x.}...
00009c70: 88 03 8d 03 93 03 99 03 9f 03 a5 03 ab 03 b2 03  ................
00009c80: b9 03 bf 03 c6 03 cd 03 d4 03 db 03 e2 03 ea 03  ................
00009c90: f1 03 f8 03 ff 03 00 00 0e 00 1c 00 2a 00 39 00  ............*.9.
00009ca0: 48 00 59 00 6b 00 7e 00 92 00 a6 00 bb 00 d0 00  H.Y.k.~.........
00009cb0: e5 00 fa 00 0f 01 24 01 39 01 4d 01 60 01 73 01  ......$.9.M.`.s.
00009cc0: 84 01 95 01 a6 01 b5 01 c4 01 d2 01 e0 01 ed 01  ................
00009cd0: fa 01 06 02 12 02 1d 02 27 02 32 02 3c 02 46 02  ........'.2.<.F.
00009ce0: 4f 02 58 02 61 02 6a 02 72 02 7a 02 82 02 89 02  O.X.a.j.r.z.....
00009cf0: 91 02 98 02 9e 02 a5 02 ab 02 b1 02 b7 02 bd 02  ................
00009d00: c2 02 c8 02 cd 02 d2 02 d6 02 db 02 df 02 e4 02  ................
00009d10: e8 02 ec 02 ef 02 f3 02 f7 02 fa 02 fe 02 01 03  ................
00009d20: 04 03 07 03 0a 03 0d 03 10 03 12 03 15 03 18 03  ................
00009d30: 1a 03 1d 03 1f 03 22 03 24 03 27 03 29 03 2c 03  ......".$.'.).,.
00009d40: 2e 03 31 03 33 03 36 03 39 03 3b 03 3e 03 41 03  ..1.3.6.9.;.>.A.
00009d50: 44 03 47 03 4a 03 4d 03 50 03 54 03 57 03 5b 03  D.G.J.M.P.T.W.[.
00009d60: 5f 03 62 03 66 03 6b 03 6f 03 74 03 78 03 7d 03  _.b.f.k.o.t.x.}.
00009d70: 82 03 88 03 8d 03 93 03 99 03 9f 03 a5 03 ab 03  ................
00009d80: b2 03 b9 03 bf 03 c6 03 cd 03 d4 03 db 03 e2 03  ................
00009d90: ea 03 f1 03 f8 03 ff 03 00 00 0e 00 1c 00 2a 00  ..............*.
00009da0: 39 00 48 00 59 00 6b 00 7e 00 92 00 a6 00 bb 00  9.H.Y.k.~.......
00009db0: d0 00 e5 00 fa 00 0f 01 24 01 39 01 4d 01 60 01  ........$.9.M.`.
00009dc0: 73 01 84 01 95 01 a6 01 b5 01 c4 01 d2 01 e0 01  s...............
00009dd0: ed 01 fa 01 06 02 12 02 1d 02 27 02 32 02 3c 02  ..........'.2.<.
00009de0: 46 02 4f 02 58 02 61 02 6a 02 72 02 7a 02 82 02  F.O.X.a.j.r.z...
00009df0: 89 02 91 02 98 02 9e 02 a5 02 ab 02 b1 02 b7 02  ................
00009e00: bd 02 c2 02 c8 02 cd 02 d2 02 d6 02 db 02 df 02  ................
00009e10: e4 02 e8 02 ec 02 ef 02 f3 02 f7 02 fa 02 fe 02  ................
00009e20: 01 03 04 03 07 03 0a 03 0d 03 10 03 12 03 15 03  ................
00009e30: 18 03 1a 03 1d 03 1f 03 22 03 24 03 27 03 29 03  ........".$.'.).
00009e40: 2c 03 2e 03 31 03 33 03 36 03 39 03 3b 03 3e 03  ,...1.3.6.9.;.>.
00009e50: 41 03 44 03 47 03 4a 03 4d 03 50 03 54 03 57 03  A.D.G.J.M.P.T.W.
00009e60: 5b 03 5f 03 62 03 66 03 6b 03 6f 03 74 03 78 03  [._.b.f.k.o.t.x.
00009e70: 7d 03 82 03 88 03 8d 03 93 03 99 03 9f 03 a5 03  }...............
00009e80: ab 03 b2 03 b9 03 bf 03 c6 03 cd 03 d4 03 db 03  ................
00009e90: e2 03 ea 03 f1 03 f8 03 ff 03 00 00 05 00 13 00  ................
00009ea0: 23 00 4c 00 6e 00 80 00 00 00 00 00 00 00 00 00  #.L.n...........
00009eb0: 00 00 00 00 00 00 00 00 00 00 00 00 05 00 13 00  ................
00009ec0: 23 00 4c 00 6e 00 80 00 00 00 00 00 00 00 00 00  #.L.n...........
00009ed0: 00 00 00 00 00 00 00 00 00 00 00 00 05 00 13 00  ................
00009ee0: 23 00 4c 00 6e 00 80 00 00 00 00 00 00 00 00 00  #.L.n...........
00009ef0: 00 00 00 00 00 00 00 00 00 00 01 00 08 00 88 00  ................
00009f00: 00 00 00 00 00 00 ff 00 00 00 00 02 01 ff ff ff  ................
00009f10: d3 ff b8 01 75 ff e8 ff 1a ff fe 01 01 00 00 00  ....u...........
00009f20: ff 00 00 00 a0 02 ad fe b3 ff 6f ff 79 01 18 00  ..........o.y...
00009f30: bf ff 1c fd 25 04 01 00 00 00 ff 00 00 00 04 02  ....%...........
00009f40: 0c ff f0 ff 7b ff c9 01 bc ff fe ff be fe 44 02  ....{.........D.
00009f50: 01 00 00 00 ff 00 00 00 e0 01 49 ff d7 ff 91 ff  ..........I.....
00009f60: 12 02 5d ff 02 00 2c ff d2 01 01 00 00 00 ff 00  ..]...,.........
00009f70: 00 00 30 02 ce fe 02 00 93 ff bf 01 ae ff 13 00  ..0.............
00009f80: 64 fe 89 02 09 00 6a 00 00 00 07 00 0d 00 01 00  d.....j.........
00009f90: 01 00 14 00 07 00 0d 00 01 00 00 00 14 00 07 00  ................
00009fa0: 0d 00 01 00 01 00 14 00 07 00 0d 00 01 00 01 00  ................
00009fb0: 14 00 07 00 0d 00 01 00 01 00 14 00 07 00 0d 00  ................
00009fc0: 01 00 01 00 14 00 07 00 0d 00 01 00 01 00 14 00  ................
00009fd0: 07 00 0d 00 01 00 01 00 14 00 07 00 00 00 01 00  ................
00009fe0: 01 00 14 00 07 00 0d 00 01 00 01 00 14 00 0a 00  ................
00009ff0: ee 26 01 00 1f 00 80 00 01 00 00 00 00 00 00 00  .&..............
0000a000: 60 00 c0 00 00 00 10 00 20 00 30 00 40 00 50 00  `....... .0.@.P.
0000a010: 60 00 70 00 80 00 90 00 a0 00 b0 00 c0 00 d0 00  `.p.............
0000a020: e0 00 f0 00 00 01 10 01 20 01 30 01 40 01 50 01  ........ .0.@.P.
0000a030: 60 01 70 01 80 01 90 01 a0 01 b0 01 c0 01 d0 01  `.p.............
0000a040: e0 01 f0 01 00 02 10 02 20 02 30 02 40 02 50 02  ........ .0.@.P.
0000a050: 60 02 70 02 80 02 90 02 a0 02 b0 02 c0 02 d0 02  `.p.............
0000a060: e0 02 f0 02 00 03 10 03 20 03 30 03 40 03 50 03  ........ .0.@.P.
0000a070: 60 03 70 03 80 03 90 03 a0 03 b0 03 c0 03 d0 03  `.p.............
0000a080: e0 03 f0 03 ff 03 00 00 10 00 20 00 30 00 40 00  .......... .0.@.
0000a090: 50 00 60 00 70 00 80 00 90 00 a0 00 b0 00 c0 00  P.`.p...........
0000a0a0: d0 00 e0 00 f0 00 00 01 10 01 20 01 30 01 40 01  .......... .0.@.
0000a0b0: 50 01 60 01 70 01 80 01 90 01 a0 01 b0 01 c0 01  P.`.p...........
0000a0c0: d0 01 e0 01 f0 01 00 02 10 02 20 02 30 02 40 02  .......... .0.@.
0000a0d0: 50 02 60 02 70 02 80 02 90 02 a0 02 b0 02 c0 02  P.`.p...........
0000a0e0: d0 02 e0 02 f0 02 00 03 10 03 20 03 30 03 40 03  .......... .0.@.
0000a0f0: 50 03 60 03 70 03 80 03 90 03 a0 03 b0 03 c0 03  P.`.p...........
0000a100: d0 03 e0 03 f0 03 ff 03 00 00 10 00 20 00 30 00  ............ .0.
0000a110: 40 00 50 00 60 00 70 00 80 00 90 00 a0 00 b0 00  @.P.`.p.........
0000a120: c0 00 d0 00 e0 00 f0 00 00 01 10 01 20 01 30 01  ............ .0.
0000a130: 40 01 50 01 60 01 70 01 80 01 90 01 a0 01 b0 01  @.P.`.p.........
0000a140: c0 01 d0 01 e0 01 f0 01 00 02 10 02 20 02 30 02  ............ .0.
0000a150: 40 02 50 02 60 02 70 02 80 02 90 02 a0 02 b0 02  @.P.`.p.........
0000a160: c0 02 d0 02 e0 02 f0 02 00 03 10 03 20 03 30 03  ............ .0.
0000a170: 40 03 50 03 60 03 70 03 80 03 90 03 a0 03 b0 03  @.P.`.p.........
0000a180: c0 03 d0 03 e0 03 f0 03 ff 03 00 00 2d 00 57 00  ............-.W.
0000a190: 7c 00 9a 00 b2 00 c5 00 d5 00 e4 00 f3 00 02 01  |...............
0000a1a0: 11 01 20 01 2f 01 3e 01 4d 01 5b 01 6a 01 78 01  .. ./.>.M.[.j.x.
0000a1b0: 86 01 94 01 a1 01 af 01 bc 01 c9 01 d6 01 e3 01  ................
0000a1c0: ef 01 fc 01 09 02 16 02 22 02 2f 02 3c 02 49 02  ........"./.<.I.
0000a1d0: 56 02 63 02 70 02 7d 02 8b 02 98 02 a6 02 b3 02  V.c.p.}.........
0000a1e0: c1 02 cf 02 dd 02 eb 02 f9 02 08 03 16 03 25 03  ..............%.
0000a1f0: 34 03 43 03 53 03 62 03 71 03 81 03 91 03 a0 03  4.C.S.b.q.......
0000a200: b0 03 c0 03 d0 03 e0 03 f0 03 ff 03 00 00 0a 00  ................
0000a210: 14 00 1e 00 28 00 32 00 3c 00 47 00 52 00 5d 00  ....(.2.<.G.R.].
0000a220: 68 00 74 00 80 00 8c 00 99 00 a7 00 b5 00 c3 00  h.t.............
0000a230: d1 00 e0 00 f0 00 ff 00 0f 01 1f 01 30 01 40 01  ............0.@.
0000a240: 51 01 62 01 74 01 85 01 97 01 a8 01 ba 01 cc 01  Q.b.t...........
0000a250: de 01 f0 01 02 02 14 02 26 02 38 02 4a 02 5c 02  ........&.8.J.\.
0000a260: 6e 02 81 02 93 02 a5 02 b7 02 c9 02 db 02 ee 02  n...............
0000a270: 00 03 12 03 24 03 36 03 49 03 5b 03 6d 03 80 03  ....$.6.I.[.m...
0000a280: 92 03 a4 03 b6 03 c9 03 db 03 ed 03 ff 03 00 00  ................
0000a290: 10 00 20 00 30 00 40 00 50 00 60 00 70 00 80 00  .. .0.@.P.`.p...
0000a2a0: 90 00 a0 00 b0 00 c0 00 d0 00 e0 00 f0 00 00 01  ................
0000a2b0: 10 01 20 01 30 01 40 01 50 01 60 01 70 01 80 01  .. .0.@.P.`.p...
0000a2c0: 90 01 a0 01 b0 01 c0 01 d0 01 e0 01 f0 01 00 02  ................
0000a2d0: 10 02 20 02 30 02 40 02 50 02 60 02 70 02 80 02  .. .0.@.P.`.p...
0000a2e0: 90 02 a0 02 b0 02 c0 02 d0 02 e0 02 f0 02 00 03  ................
0000a2f0: 10 03 20 03 30 03 40 03 50 03 60 03 70 03 80 03  .. .0.@.P.`.p...
0000a300: 90 03 a0 03 b0 03 c0 03 d0 03 e0 03 f0 03 ff 03  ................
0000a310: 00 00 40 00 00 00 00 00 00 00 00 00 00 00 00 00  ..@.............
0000a320: 00 00 00 00 00 00 00 00 00 00 00 00 00 00 00 00  ................
0000a330: 00 00 40 00 00 00 00 00 00 00 00 00 00 00 00 00  ..@.............
0000a340: 00 00 00 00 00 00 00 00 00 00 00 00 00 00 00 00  ................
0000a350: 00 00 40 00 00 00 00 00 00 00 00 00 00 00 00 00  ..@.............
0000a360: 00 00 00 00 00 00 00 00 00 00 00 00 00 00 00 00  ................
0000a370: 00 00 03 00 08 00 12 00 1c 00 30 00 40 00 00 00  ..........0.@...
0000a380: 00 00 00 00 00 00 00 00 00 00 00 00 00 00 00 00  ................
0000a390: 00 00 0d 00 23 00 40 00 00 00 00 00 00 00 00 00  ....#.@.........
0000a3a0: 00 00 00 00 00 00 00 00 00 00 00 00 00 00 00 00  ................
0000a3b0: 00 00 40 00 00 00 00 00 00 00 00 00 00 00 00 00  ..@.............
0000a3c0: 00 00 00 00 00 00 00 00 00 00 00 00 00 00 00 00  ................
0000a3d0: 00 00 00 00 08 00 00 01 1f 00 00 00 01 00 00 00  ................
0000a3e0: 00 00 00 00 5f 00 c0 00 00 00 10 00 20 00 30 00  ...._....... .0.
0000a3f0: 40 00 50 00 60 00 70 00 80 00 90 00 a0 00 b0 00  @.P.`.p.........
0000a400: c0 00 d0 00 e0 00 f0 00 00 01 10 01 20 01 30 01  ............ .0.
0000a410: 40 01 50 01 60 01 70 01 80 01 90 01 a0 01 b0 01  @.P.`.p.........
0000a420: c0 01 d0 01 e0 01 f0 01 00 02 10 02 20 02 30 02  ............ .0.
0000a430: 40 02 50 02 60 02 70 02 80 02 90 02 a0 02 b0 02  @.P.`.p.........
0000a440: c0 02 d0 02 e0 02 f0 02 00 03 10 03 20 03 30 03  ............ .0.
0000a450: 40 03 50 03 60 03 70 03 80 03 90 03 a0 03 b0 03  @.P.`.p.........
0000a460: c0 03 d0 03 e0 03 f0 03 ff 03 00 00 10 00 20 00  .............. .
0000a470: 30 00 40 00 50 00 60 00 70 00 80 00 90 00 a0 00  0.@.P.`.p.......
0000a480: b0 00 c0 00 d0 00 e0 00 f0 00 00 01 10 01 20 01  .............. .
0000a490: 30 01 40 01 50 01 60 01 70 01 80 01 90 01 a0 01  0.@.P.`.p.......
0000a4a0: b0 01 c0 01 d0 01 e0 01 f0 01 00 02 10 02 20 02  .............. .
0000a4b0: 30 02 40 02 50 02 60 02 70 02 80 02 90 02 a0 02  0.@.P.`.p.......
0000a4c0: b0 02 c0 02 d0 02 e0 02 f0 02 00 03 10 03 20 03  .............. .
0000a4d0: 30 03 40 03 50 03 60 03 70 03 80 03 90 03 a0 03  0.@.P.`.p.......
0000a4e0: b0 03 c0 03 d0 03 e0 03 f0 03 ff 03 00 00 10 00  ................
0000a4f0: 20 00 30 00 40 00 50 00 60 00 70 00 80 00 90 00   .0.@.P.`.p.....
0000a500: a0 00 b0 00 c0 00 d0 00 e0 00 f0 00 00 01 10 01  ................
0000a510: 20 01 30 01 40 01 50 01 60 01 70 01 80 01 90 01   .0.@.P.`.p.....
0000a520: a0 01 b0 01 c0 01 d0 01 e0 01 f0 01 00 02 10 02  ................
0000a530: 20 02 30 02 40 02 50 02 60 02 70 02 80 02 90 02   .0.@.P.`.p.....
0000a540: a0 02 b0 02 c0 02 d0 02 e0 02 f0 02 00 03 10 03  ................
0000a550: 20 03 30 03 40 03 50 03 60 03 70 03 80 03 90 03   .0.@.P.`.p.....
0000a560: a0 03 b0 03 c0 03 d0 03 e0 03 f0 03 ff 03 00 00  ................
0000a570: 28 00 4e 00 72 00 95 00 b5 00 d4 00 ef 00 09 01  (.N.r...........
0000a580: 20 01 35 01 49 01 5b 01 6b 01 7a 01 88 01 94 01   .5.I.[.k.z.....
0000a590: a0 01 ab 01 b6 01 c0 01 ca 01 d4 01 de 01 e8 01  ................
0000a5a0: f2 01 fc 01 07 02 12 02 1d 02 29 02 34 02 40 02  ..........).4.@.
0000a5b0: 4c 02 58 02 65 02 71 02 7e 02 8b 02 98 02 a5 02  L.X.e.q.~.......
0000a5c0: b2 02 c0 02 cd 02 db 02 e9 02 f7 02 05 03 13 03  ................
0000a5d0: 22 03 30 03 3e 03 4d 03 5c 03 6a 03 79 03 88 03  ".0.>.M.\.j.y...
0000a5e0: 97 03 a6 03 b4 03 c3 03 d2 03 e1 03 f0 03 ff 03  ................
0000a5f0: 00 00 15 00 2a 00 3f 00 54 00 69 00 7e 00 93 00  ....*.?.T.i.~...
0000a600: a8 00 bd 00 d2 00 e7 00 fc 00 11 01 26 01 3b 01  ............&.;.
0000a610: 4f 01 64 01 79 01 8e 01 a3 01 b8 01 cd 01 e2 01  O.d.y...........
0000a620: f6 01 0a 02 1e 02 32 02 46 02 59 02 6c 02 7f 02  ......2.F.Y.l...
0000a630: 91 02 a3 02 b4 02 c5 02 d5 02 e5 02 f4 02 03 03  ................
0000a640: 11 03 1e 03 2b 03 37 03 42 03 4c 03 56 03 5e 03  ....+.7.B.L.V.^.
0000a650: 66 03 6d 03 73 03 79 03 7f 03 84 03 8a 03 92 03  f.m.s.y.........
0000a660: 9a 03 a3 03 ae 03 ba 03 c7 03 d5 03 e3 03 f1 03  ................
0000a670: ff 03 00 00 10 00 1f 00 2e 00 3d 00 4d 00 5c 00  ..........=.M.\.
0000a680: 6b 00 7b 00 8a 00 9a 00 a9 00 b8 00 c8 00 d8 00  k.{.............
0000a690: e7 00 f7 00 07 01 17 01 26 01 36 01 46 01 57 01  ........&.6.F.W.
0000a6a0: 67 01 77 01 87 01 98 01 a9 01 b9 01 ca 01 db 01  g.w.............
0000a6b0: ec 01 fd 01 0e 02 20 02 31 02 43 02 55 02 67 02  ...... .1.C.U.g.
0000a6c0: 79 02 8b 02 9d 02 b0 02 c3 02 d6 02 e9 02 fc 02  y...............
0000a6d0: 0f 03 23 03 37 03 4a 03 5e 03 71 03 83 03 94 03  ..#.7.J.^.q.....
0000a6e0: a4 03 b2 03 bf 03 cb 03 d5 03 df 03 e8 03 f0 03  ................
0000a6f0: f8 03 ff 03 00 00 40 00 00 00 00 00 00 00 00 00  ......@.........
0000a700: 00 00 00 00 00 00 00 00 00 00 00 00 00 00 00 00  ................
0000a710: 00 00 00 00 00 00 40 00 00 00 00 00 00 00 00 00  ......@.........
0000a720: 00 00 00 00 00 00 00 00 00 00 00 00 00 00 00 00  ................
0000a730: 00 00 00 00 00 00 40 00 00 00 00 00 00 00 00 00  ......@.........
0000a740: 00 00 00 00 00 00 00 00 00 00 00 00 00 00 00 00  ................
0000a750: 00 00 00 00 00 00 01 00 05 00 17 00 40 00 00 00  ............@...
0000a760: 00 00 00 00 00 00 00 00 00 00 00 00 00 00 00 00  ................
0000a770: 00 00 00 00 00 00 11 00 30 00 37 00 40 00 00 00  ........0.7.@...
0000a780: 00 00 00 00 00 00 00 00 00 00 00 00 00 00 00 00  ................
0000a790: 00 00 00 00 00 00 30 00 37 00 40 00 00 00 00 00  ......0.7.@.....
0000a7a0: 00 00 00 00 00 00 00 00 00 00 00 00 00 00 00 00  ................
0000a7b0: 00 00 00 00 00 00 00 00 08 00 00 01 1f 00 00 00  ................
0000a7c0: 01 00 00 00 00 00 00 00 60 00 c0 00 00 00 10 00  ........`.......
0000a7d0: 20 00 30 00 40 00 50 00 60 00 70 00 80 00 90 00   .0.@.P.`.p.....
0000a7e0: a0 00 b0 00 c0 00 d0 00 e0 00 f0 00 00 01 10 01  ................
0000a7f0: 20 01 30 01 40 01 50 01 60 01 70 01 80 01 90 01   .0.@.P.`.p.....
0000a800: a0 01 b0 01 c0 01 d0 01 e0 01 f0 01 00 02 10 02  ................
0000a810: 20 02 30 02 40 02 50 02 60 02 70 02 80 02 90 02   .0.@.P.`.p.....
0000a820: a0 02 b0 02 c0 02 d0 02 e0 02 f0 02 00 03 10 03  ................
0000a830: 20 03 30 03 40 03 50 03 60 03 70 03 80 03 90 03   .0.@.P.`.p.....
0000a840: a0 03 b0 03 c0 03 d0 03 e0 03 f0 03 ff 03 00 00  ................
0000a850: 10 00 20 00 30 00 40 00 50 00 60 00 70 00 80 00  .. .0.@.P.`.p...
0000a860: 90 00 a0 00 b0 00 c0 00 d0 00 e0 00 f0 00 00 01  ................
0000a870: 10 01 20 01 30 01 40 01 50 01 60 01 70 01 80 01  .. .0.@.P.`.p...
0000a880: 90 01 a0 01 b0 01 c0 01 d0 01 e0 01 f0 01 00 02  ................
0000a890: 10 02 20 02 30 02 40 02 50 02 60 02 70 02 80 02  .. .0.@.P.`.p...
0000a8a0: 90 02 a0 02 b0 02 c0 02 d0 02 e0 02 f0 02 00 03  ................
0000a8b0: 10 03 20 03 30 03 40 03 50 03 60 03 70 03 80 03  .. .0.@.P.`.p...
0000a8c0: 90 03 a0 03 b0 03 c0 03 d0 03 e0 03 f0 03 ff 03  ................
0000a8d0: 00 00 10 00 20 00 30 00 40 00 50 00 60 00 70 00  .... .0.@.P.`.p.
0000a8e0: 80 00 90 00 a0 00 b0 00 c0 00 d0 00 e0 00 f0 00  ................
0000a8f0: 00 01 10 01 20 01 30 01 40 01 50 01 60 01 70 01  .... .0.@.P.`.p.
0000a900: 80 01 90 01 a0 01 b0 01 c0 01 d0 01 e0 01 f0 01  ................
0000a910: 00 02 10 02 20 02 30 02 40 02 50 02 60 02 70 02  .... .0.@.P.`.p.
0000a920: 80 02 90 02 a0 02 b0 02 c0 02 d0 02 e0 02 f0 02  ................
0000a930: 00 03 10 03 20 03 30 03 40 03 50 03 60 03 70 03  .... .0.@.P.`.p.
0000a940: 80 03 90 03 a0 03 b0 03 c0 03 d0 03 e0 03 f0 03  ................
0000a950: ff 03 00 00 28 00 4e 00 70 00 90 00 ad 00 c9 00  ....(.N.p.......
0000a960: e3 00 fb 00 12 01 28 01 3d 01 51 01 64 01 76 01  ......(.=.Q.d.v.
0000a970: 87 01 98 01 a7 01 b6 01 c5 01 d2 01 e0 01 ec 01  ................
0000a980: f9 01 05 02 11 02 1d 02 28 02 34 02 3f 02 4b 02  ........(.4.?.K.
0000a990: 57 02 62 02 6e 02 7a 02 86 02 92 02 9f 02 ab 02  W.b.n.z.........
0000a9a0: b7 02 c4 02 d1 02 dd 02 ea 02 f7 02 04 03 10 03  ................
0000a9b0: 1d 03 2a 03 38 03 45 03 52 03 5f 03 6c 03 7a 03  ..*.8.E.R._.l.z.
0000a9c0: 87 03 94 03 a2 03 af 03 bc 03 ca 03 d7 03 e5 03  ................
0000a9d0: f2 03 ff 03 00 00 15 00 2a 00 3e 00 53 00 68 00  ........*.>.S.h.
0000a9e0: 7c 00 91 00 a6 00 ba 00 cf 00 e3 00 f8 00 0c 01  |...............
0000a9f0: 20 01 35 01 49 01 5d 01 71 01 85 01 9a 01 ad 01   .5.I.].q.......
0000aa00: c1 01 d5 01 e9 01 fc 01 0f 02 22 02 35 02 48 02  ..........".5.H.
0000aa10: 5a 02 6c 02 7e 02 90 02 a2 02 b3 02 c4 02 d4 02  Z.l.~...........
0000aa20: e4 02 f4 02 04 03 13 03 22 03 30 03 3e 03 4c 03  ........".0.>.L.
0000aa30: 59 03 66 03 72 03 7e 03 89 03 94 03 9e 03 a8 03  Y.f.r.~.........
0000aa40: b1 03 ba 03 c3 03 cb 03 d3 03 db 03 e2 03 ea 03  ................
0000aa50: f1 03 f8 03 ff 03 00 00 13 00 26 00 39 00 4c 00  ..........&.9.L.
0000aa60: 5f 00 72 00 85 00 98 00 aa 00 bd 00 d0 00 e3 00  _.r.............
0000aa70: f5 00 08 01 1b 01 2e 01 40 01 53 01 65 01 78 01  ........@.S.e.x.
0000aa80: 8a 01 9d 01 af 01 c2 01 d4 01 e6 01 f8 01 0b 02  ................
0000aa90: 1d 02 2f 02 41 02 53 02 65 02 76 02 88 02 9a 02  ../.A.S.e.v.....
0000aaa0: ab 02 bd 02 ce 02 e0 02 f1 02 02 03 12 03 23 03  ..............#.
0000aab0: 33 03 42 03 51 03 60 03 6e 03 7c 03 89 03 95 03  3.B.Q.`.n.|.....
0000aac0: a1 03 ac 03 b6 03 c0 03 c9 03 d2 03 da 03 e2 03  ................
0000aad0: e9 03 f1 03 f8 03 ff 03 00 00 40 00 00 00 00 00  ..........@.....
0000aae0: 00 00 00 00 00 00 00 00 00 00 00 00 00 00 00 00  ................
0000aaf0: 00 00 00 00 00 00 00 00 00 00 40 00 00 00 00 00  ..........@.....
0000ab00: 00 00 00 00 00 00 00 00 00 00 00 00 00 00 00 00  ................
0000ab10: 00 00 00 00 00 00 00 00 00 00 40 00 00 00 00 00  ..........@.....
0000ab20: 00 00 00 00 00 00 00 00 00 00 00 00 00 00 00 00  ................
0000ab30: 00 00 00 00 00 00 00 00 00 00 01 00 06 00 1d 00  ................
0000ab40: 40 00 00 00 00 00 00 00 00 00 00 00 00 00 00 00  @...............
0000ab50: 00 00 00 00 00 00 00 00 00 00 10 00 33 00 40 00  ............3.@.
0000ab60: 00 00 00 00 00 00 00 00 00 00 00 00 00 00 00 00  ................
0000ab70: 00 00 00 00 00 00 00 00 00 00 25 00 35 00 40 00  ..........%.5.@.
0000ab80: 00 00 00 00 00 00 00 00 00 00 00 00 00 00 00 00  ................
0000ab90: 00 00 00 00 00 00 00 00 00 00 00 00 08 00 00 01  ................
0000aba0: 0f 00 00 00 01 00 00 00 00 00 00 00 60 00 c0 00  ............`...
0000abb0: 00 00 10 00 20 00 30 00 40 00 50 00 60 00 70 00  .... .0.@.P.`.p.
0000abc0: 80 00 90 00 a0 00 b0 00 c0 00 d0 00 e0 00 f0 00  ................
0000abd0: 00 01 10 01 20 01 30 01 40 01 50 01 60 01 70 01  .... .0.@.P.`.p.
0000abe0: 80 01 90 01 a0 01 b0 01 c0 01 d0 01 e0 01 f0 01  ................
0000abf0: 00 02 10 02 20 02 30 02 40 02 50 02 60 02 70 02  .... .0.@.P.`.p.
0000ac00: 80 02 90 02 a0 02 b0 02 c0 02 d0 02 e0 02 f0 02  ................
0000ac10: 00 03 10 03 20 03 30 03 40 03 50 03 60 03 70 03  .... .0.@.P.`.p.
0000ac20: 80 03 90 03 a0 03 b0 03 c0 03 d0 03 e0 03 f0 03  ................
0000ac30: ff 03 00 00 10 00 20 00 30 00 40 00 50 00 60 00  ...... .0.@.P.`.
0000ac40: 70 00 80 00 90 00 a0 00 b0 00 c0 00 d0 00 e0 00  p...............
0000ac50: f0 00 00 01 10 01 20 01 30 01 40 01 50 01 60 01  ...... .0.@.P.`.
0000ac60: 70 01 80 01 90 01 a0 01 b0 01 c0 01 d0 01 e0 01  p...............
0000ac70: f0 01 00 02 10 02 20 02 30 02 40 02 50 02 60 02  ...... .0.@.P.`.
0000ac80: 70 02 80 02 90 02 a0 02 b0 02 c0 02 d0 02 e0 02  p...............
0000ac90: f0 02 00 03 10 03 20 03 30 03 40 03 50 03 60 03  ...... .0.@.P.`.
0000aca0: 70 03 80 03 90 03 a0 03 b0 03 c0 03 d0 03 e0 03  p...............
0000acb0: f0 03 ff 03 00 00 10 00 20 00 30 00 40 00 50 00  ........ .0.@.P.
0000acc0: 60 00 70 00 80 00 90 00 a0 00 b0 00 c0 00 d0 00  `.p.............
0000acd0: e0 00 f0 00 00 01 10 01 20 01 30 01 40 01 50 01  ........ .0.@.P.
0000ace0: 60 01 70 01 80 01 90 01 a0 01 b0 01 c0 01 d0 01  `.p.............
0000acf0: e0 01 f0 01 00 02 10 02 20 02 30 02 40 02 50 02  ........ .0.@.P.
0000ad00: 60 02 70 02 80 02 90 02 a0 02 b0 02 c0 02 d0 02  `.p.............
0000ad10: e0 02 f0 02 00 03 10 03 20 03 30 03 40 03 50 03  ........ .0.@.P.
0000ad20: 60 03 70 03 80 03 90 03 a0 03 b0 03 c0 03 d0 03  `.p.............
0000ad30: e0 03 f0 03 ff 03 00 00 2d 00 57 00 7c 00 9a 00  ........-.W.|...
0000ad40: b2 00 c5 00 d5 00 e4 00 f3 00 02 01 11 01 20 01  .............. .
0000ad50: 2f 01 3e 01 4d 01 5b 01 6a 01 78 01 86 01 94 01  /.>.M.[.j.x.....
0000ad60: a1 01 af 01 bc 01 c9 01 d6 01 e3 01 ef 01 fc 01  ................
0000ad70: 09 02 16 02 22 02 2f 02 3c 02 49 02 56 02 63 02  ...."./.<.I.V.c.
0000ad80: 70 02 7d 02 8b 02 98 02 a6 02 b3 02 c1 02 cf 02  p.}.............
0000ad90: dd 02 eb 02 f9 02 08 03 16 03 25 03 34 03 43 03  ..........%.4.C.
0000ada0: 53 03 62 03 71 03 81 03 91 03 a0 03 b0 03 c0 03  S.b.q...........
0000adb0: d0 03 e0 03 f0 03 ff 03 00 00 14 00 28 00 3c 00  ............(.<.
0000adc0: 50 00 64 00 78 00 8c 00 a0 00 b4 00 c8 00 dc 00  P.d.x...........
0000add0: ef 00 03 01 17 01 2a 01 3e 01 52 01 65 01 78 01  ......*.>.R.e.x.
0000ade0: 8c 01 9f 01 b2 01 c5 01 d8 01 ea 01 fd 01 0f 02  ................
0000adf0: 21 02 33 02 45 02 57 02 68 02 79 02 8a 02 9b 02  !.3.E.W.h.y.....
0000ae00: ab 02 bc 02 cb 02 db 02 eb 02 fa 02 08 03 17 03  ................
0000ae10: 25 03 33 03 40 03 4d 03 5a 03 67 03 73 03 7e 03  %.3.@.M.Z.g.s.~.
0000ae20: 8a 03 95 03 9f 03 aa 03 b4 03 be 03 c7 03 d1 03  ................
0000ae30: da 03 e4 03 ed 03 f6 03 ff 03 00 00 13 00 26 00  ..............&.
0000ae40: 39 00 4c 00 5f 00 72 00 84 00 97 00 aa 00 bd 00  9.L._.r.........
0000ae50: cf 00 e2 00 f5 00 08 01 1a 01 2d 01 3f 01 52 01  ..........-.?.R.
0000ae60: 65 01 77 01 8a 01 9c 01 ae 01 c1 01 d3 01 e5 01  e.w.............
0000ae70: f8 01 0a 02 1c 02 2e 02 40 02 52 02 64 02 76 02  ........@.R.d.v.
0000ae80: 87 02 99 02 aa 02 bb 02 cc 02 dd 02 ee 02 fe 02  ................
0000ae90: 0e 03 1d 03 2d 03 3c 03 4a 03 58 03 66 03 73 03  ....-.<.J.X.f.s.
0000aea0: 80 03 8c 03 98 03 a4 03 ae 03 b9 03 c2 03 cc 03  ................
0000aeb0: d5 03 de 03 e6 03 ef 03 f7 03 ff 03 00 00 40 00  ..............@.
0000aec0: 00 00 00 00 00 00 00 00 00 00 00 00 00 00 00 00  ................
0000aed0: 00 00 00 00 00 00 00 00 00 00 00 00 00 00 40 00  ..............@.
0000aee0: 00 00 00 00 00 00 00 00 00 00 00 00 00 00 00 00  ................
0000aef0: 00 00 00 00 00 00 00 00 00 00 00 00 00 00 40 00  ..............@.
0000af00: 00 00 00 00 00 00 00 00 00 00 00 00 00 00 00 00  ................
0000af10: 00 00 00 00 00 00 00 00 00 00 00 00 00 00 03 00  ................
0000af20: 08 00 12 00 1c 00 30 00 40 00 00 00 00 00 00 00  ......0.@.......
0000af30: 00 00 00 00 00 00 00 00 00 00 00 00 00 00 0c 00  ................
0000af40: 31 00 40 00 00 00 00 00 00 00 00 00 00 00 00 00  1.@.............
0000af50: 00 00 00 00 00 00 00 00 00 00 00 00 00 00 1f 00  ................
0000af60: 36 00 40 00 00 00 00 00 00 00 00 00 00 00 00 00  6.@.............
0000af70: 00 00 00 00 00 00 00 00 00 00 00 00 00 00 00 00  ................
0000af80: 08 00 00 01 1f 00 00 00 01 00 00 00 00 00 00 00  ................
0000af90: 60 00 c0 00 00 00 10 00 20 00 30 00 40 00 50 00  `....... .0.@.P.
0000afa0: 60 00 70 00 80 00 90 00 a0 00 b0 00 c0 00 d0 00  `.p.............
0000afb0: e0 00 f0 00 00 01 10 01 20 01 30 01 40 01 50 01  ........ .0.@.P.
0000afc0: 60 01 70 01 80 01 90 01 a0 01 b0 01 c0 01 d0 01  `.p.............
0000afd0: e0 01 f0 01 00 02 10 02 20 02 30 02 40 02 50 02  ........ .0.@.P.
0000afe0: 60 02 70 02 80 02 90 02 a0 02 b0 02 c0 02 d0 02  `.p.............
0000aff0: e0 02 f0 02 00 03 10 03 20 03 30 03 40 03 50 03  ........ .0.@.P.
0000b000: 60 03 70 03 80 03 90 03 a0 03 b0 03 c0 03 d0 03  `.p.............
0000b010: e0 03 f0 03 ff 03 00 00 10 00 20 00 30 00 40 00  .......... .0.@.
0000b020: 50 00 60 00 70 00 80 00 90 00 a0 00 b0 00 c0 00  P.`.p...........
0000b030: d0 00 e0 00 f0 00 00 01 10 01 20 01 30 01 40 01  .......... .0.@.
0000b040: 50 01 60 01 70 01 80 01 90 01 a0 01 b0 01 c0 01  P.`.p...........
0000b050: d0 01 e0 01 f0 01 00 02 10 02 20 02 30 02 40 02  .......... .0.@.
0000b060: 50 02 60 02 70 02 80 02 90 02 a0 02 b0 02 c0 02  P.`.p...........
0000b070: d0 02 e0 02 f0 02 00 03 10 03 20 03 30 03 40 03  .......... .0.@.
0000b080: 50 03 60 03 70 03 80 03 90 03 a0 03 b0 03 c0 03  P.`.p...........
0000b090: d0 03 e0 03 f0 03 ff 03 00 00 10 00 20 00 30 00  ............ .0.
0000b0a0: 40 00 50 00 60 00 70 00 80 00 90 00 a0 00 b0 00  @.P.`.p.........
0000b0b0: c0 00 d0 00 e0 00 f0 00 00 01 10 01 20 01 30 01  ............ .0.
0000b0c0: 40 01 50 01 60 01 70 01 80 01 90 01 a0 01 b0 01  @.P.`.p.........
0000b0d0: c0 01 d0 01 e0 01 f0 01 00 02 10 02 20 02 30 02  ............ .0.
0000b0e0: 40 02 50 02 60 02 70 02 80 02 90 02 a0 02 b0 02  @.P.`.p.........
0000b0f0: c0 02 d0 02 e0 02 f0 02 00 03 10 03 20 03 30 03  ............ .0.
0000b100: 40 03 50 03 60 03 70 03 80 03 90 03 a0 03 b0 03  @.P.`.p.........
0000b110: c0 03 d0 03 e0 03 f0 03 ff 03 00 00 2d 00 57 00  ............-.W.
0000b120: 7c 00 9a 00 b2 00 c6 00 d6 00 e4 00 f2 00 00 01  |...............
0000b130: 0e 01 1c 01 29 01 36 01 43 01 4f 01 5c 01 67 01  ....).6.C.O.\.g.
0000b140: 73 01 7e 01 89 01 94 01 9f 01 a9 01 b4 01 bf 01  s.~.............
0000b150: ca 01 d6 01 e2 01 ee 01 fb 01 09 02 17 02 26 02  ..............&.
0000b160: 34 02 44 02 53 02 63 02 73 02 83 02 94 02 a4 02  4.D.S.c.s.......
0000b170: b5 02 c6 02 d6 02 e7 02 f7 02 08 03 18 03 28 03  ..............(.
0000b180: 38 03 48 03 58 03 67 03 77 03 86 03 95 03 a5 03  8.H.X.g.w.......
0000b190: b4 03 c3 03 d2 03 e1 03 f0 03 ff 03 00 00 0e 00  ................
0000b1a0: 1b 00 29 00 36 00 44 00 51 00 5f 00 6e 00 7c 00  ..).6.D.Q._.n.|.
0000b1b0: 8b 00 9a 00 aa 00 ba 00 ca 00 db 00 ec 00 fe 00  ................
0000b1c0: 10 01 23 01 37 01 4b 01 60 01 75 01 8b 01 a1 01  ..#.7.K.`.u.....
0000b1d0: b7 01 ce 01 e5 01 fc 01 13 02 2a 02 41 02 58 02  ..........*.A.X.
0000b1e0: 6f 02 85 02 9c 02 b2 02 c7 02 dd 02 f1 02 05 03  o...............
0000b1f0: 19 03 2c 03 3e 03 4f 03 60 03 6f 03 7e 03 8c 03  ..,.>.O.`.o.~...
0000b200: 98 03 a4 03 ae 03 b8 03 c1 03 c9 03 d1 03 d8 03  ................
0000b210: df 03 e5 03 eb 03 f0 03 f5 03 fa 03 ff 03 00 00  ................
0000b220: 13 00 26 00 39 00 4c 00 5f 00 72 00 84 00 97 00  ..&.9.L._.r.....
0000b230: aa 00 bd 00 cf 00 e2 00 f4 00 07 01 19 01 2c 01  ..............,.
0000b240: 3e 01 50 01 62 01 74 01 86 01 98 01 aa 01 bb 01  >.P.b.t.........
0000b250: cd 01 de 01 ef 01 00 02 11 02 22 02 33 02 44 02  ..........".3.D.
0000b260: 54 02 64 02 74 02 84 02 94 02 a4 02 b3 02 c2 02  T.d.t...........
0000b270: d1 02 e0 02 ef 02 fd 02 0c 03 1a 03 28 03 35 03  ............(.5.
0000b280: 43 03 50 03 5d 03 6a 03 77 03 84 03 91 03 9d 03  C.P.].j.w.......
0000b290: aa 03 b6 03 c2 03 cf 03 db 03 e7 03 f3 03 ff 03  ................
0000b2a0: 00 00 40 00 00 00 00 00 00 00 00 00 00 00 00 00  ..@.............
0000b2b0: 00 00 00 00 00 00 00 00 00 00 00 00 00 00 00 00  ................
0000b2c0: 00 00 40 00 00 00 00 00 00 00 00 00 00 00 00 00  ..@.............
0000b2d0: 00 00 00 00 00 00 00 00 00 00 00 00 00 00 00 00  ................
0000b2e0: 00 00 40 00 00 00 00 00 00 00 00 00 00 00 00 00  ..@.............
0000b2f0: 00 00 00 00 00 00 00 00 00 00 00 00 00 00 00 00  ................
0000b300: 00 00 03 00 08 00 12 00 1d 00 30 00 40 00 00 00  ..........0.@...
0000b310: 00 00 00 00 00 00 00 00 00 00 00 00 00 00 00 00  ................
0000b320: 00 00 13 00 31 00 40 00 00 00 00 00 00 00 00 00  ....1.@.........
0000b330: 00 00 00 00 00 00 00 00 00 00 00 00 00 00 00 00  ................
0000b340: 00 00 2d 00 40 00 00 00 00 00 00 00 00 00 00 00  ..-.@...........
0000b350: 00 00 00 00 00 00 00 00 00 00 00 00 00 00 00 00  ................
0000b360: 00 00 00 00 08 00 00 01 1f 00 00 00 01 00 00 00  ................
0000b370: 00 00 00 00 60 00 c0 00 00 00 10 00 20 00 30 00  ....`....... .0.
0000b380: 40 00 50 00 60 00 70 00 80 00 90 00 a0 00 b0 00  @.P.`.p.........
0000b390: c0 00 d0 00 e0 00 f0 00 00 01 10 01 20 01 30 01  ............ .0.
0000b3a0: 40 01 50 01 60 01 70 01 80 01 90 01 a0 01 b0 01  @.P.`.p.........
0000b3b0: c0 01 d0 01 e0 01 f0 01 00 02 10 02 20 02 30 02  ............ .0.
0000b3c0: 40 02 50 02 60 02 70 02 80 02 90 02 a0 02 b0 02  @.P.`.p.........
0000b3d0: c0 02 d0 02 e0 02 f0 02 00 03 10 03 20 03 30 03  ............ .0.
0000b3e0: 40 03 50 03 60 03 70 03 80 03 90 03 a0 03 b0 03  @.P.`.p.........
0000b3f0: c0 03 d0 03 e0 03 f0 03 ff 03 00 00 10 00 20 00  .............. .
0000b400: 30 00 40 00 50 00 60 00 70 00 80 00 90 00 a0 00  0.@.P.`.p.......
0000b410: b0 00 c0 00 d0 00 e0 00 f0 00 00 01 10 01 20 01  .............. .
0000b420: 30 01 40 01 50 01 60 01 70 01 80 01 90 01 a0 01  0.@.P.`.p.......
0000b430: b0 01 c0 01 d0 01 e0 01 f0 01 00 02 10 02 20 02  .............. .
0000b440: 30 02 40 02 50 02 60 02 70 02 80 02 90 02 a0 02  0.@.P.`.p.......
0000b450: b0 02 c0 02 d0 02 e0 02 f0 02 00 03 10 03 20 03  .............. .
0000b460: 30 03 40 03 50 03 60 03 70 03 80 03 90 03 a0 03  0.@.P.`.p.......
0000b470: b0 03 c0 03 d0 03 e0 03 f0 03 ff 03 00 00 10 00  ................
0000b480: 20 00 30 00 40 00 50 00 60 00 70 00 80 00 90 00   .0.@.P.`.p.....
0000b490: a0 00 b0 00 c0 00 d0 00 e0 00 f0 00 00 01 10 01  ................
0000b4a0: 20 01 30 01 40 01 50 01 60 01 70 01 80 01 90 01   .0.@.P.`.p.....
0000b4b0: a0 01 b0 01 c0 01 d0 01 e0 01 f0 01 00 02 10 02  ................
0000b4c0: 20 02 30 02 40 02 50 02 60 02 70 02 80 02 90 02   .0.@.P.`.p.....
0000b4d0: a0 02 b0 02 c0 02 d0 02 e0 02 f0 02 00 03 10 03  ................
0000b4e0: 20 03 30 03 40 03 50 03 60 03 70 03 80 03 90 03   .0.@.P.`.p.....
0000b4f0: a0 03 b0 03 c0 03 d0 03 e0 03 f0 03 ff 03 00 00  ................
0000b500: 2d 00 57 00 7c 00 9b 00 b3 00 c6 00 d6 00 e4 00  -.W.|...........
0000b510: f2 00 ff 00 0b 01 18 01 24 01 2f 01 3b 01 46 01  ........$./.;.F.
0000b520: 52 01 5d 01 68 01 73 01 7f 01 8a 01 96 01 a1 01  R.].h.s.........
0000b530: ad 01 ba 01 c6 01 d3 01 e0 01 ee 01 fc 01 0a 02  ................
0000b540: 18 02 27 02 37 02 46 02 56 02 65 02 75 02 86 02  ..'.7.F.V.e.u...
0000b550: 96 02 a6 02 b6 02 c7 02 d7 02 e7 02 f8 02 08 03  ................
0000b560: 18 03 28 03 38 03 47 03 57 03 67 03 76 03 85 03  ..(.8.G.W.g.v...
0000b570: 95 03 a4 03 b3 03 c3 03 d2 03 e1 03 f0 03 ff 03  ................
0000b580: 00 00 0d 00 1a 00 27 00 34 00 41 00 4e 00 5c 00  ......'.4.A.N.\.
0000b590: 6a 00 78 00 87 00 96 00 a5 00 b5 00 c6 00 d7 00  j.x.............
0000b5a0: e9 00 fc 00 0f 01 23 01 38 01 4e 01 65 01 7c 01  ......#.8.N.e.|.
0000b5b0: 94 01 ac 01 c4 01 dd 01 f6 01 0f 02 28 02 41 02  ............(.A.
0000b5c0: 59 02 71 02 89 02 a0 02 b6 02 cb 02 e0 02 f3 02  Y.q.............
0000b5d0: 06 03 17 03 28 03 38 03 47 03 55 03 62 03 6f 03  ....(.8.G.U.b.o.
0000b5e0: 7b 03 86 03 91 03 9b 03 a5 03 ae 03 b7 03 bf 03  {...............
0000b5f0: c7 03 cf 03 d6 03 de 03 e5 03 eb 03 f2 03 f9 03  ................
0000b600: ff 03 00 00 13 00 25 00 38 00 4a 00 5d 00 6f 00  ......%.8.J.].o.
0000b610: 82 00 94 00 a7 00 b9 00 cc 00 de 00 f1 00 04 01  ................
0000b620: 16 01 29 01 3b 01 4e 01 61 01 73 01 86 01 99 01  ..).;.N.a.s.....
0000b630: ac 01 be 01 d1 01 e4 01 f7 01 0a 02 1d 02 2f 02  ............../.
0000b640: 42 02 55 02 67 02 7a 02 8c 02 9e 02 b0 02 c1 02  B.U.g.z.........
0000b650: d3 02 e4 02 f4 02 05 03 14 03 24 03 33 03 42 03  ..........$.3.B.
0000b660: 50 03 5e 03 6b 03 78 03 84 03 8f 03 9a 03 a5 03  P.^.k.x.........
0000b670: af 03 b9 03 c3 03 cc 03 d5 03 de 03 e6 03 ef 03  ................
0000b680: f7 03 ff 03 00 00 40 00 00 00 00 00 00 00 00 00  ......@.........
0000b690: 00 00 00 00 00 00 00 00 00 00 00 00 00 00 00 00  ................
0000b6a0: 00 00 00 00 00 00 40 00 00 00 00 00 00 00 00 00  ......@.........
0000b6b0: 00 00 00 00 00 00 00 00 00 00 00 00 00 00 00 00  ................
0000b6c0: 00 00 00 00 00 00 40 00 00 00 00 00 00 00 00 00  ......@.........
0000b6d0: 00 00 00 00 00 00 00 00 00 00 00 00 00 00 00 00  ................
0000b6e0: 00 00 00 00 00 00 03 00 08 00 13 00 1d 00 30 00  ..............0.
0000b6f0: 40 00 00 00 00 00 00 00 00 00 00 00 00 00 00 00  @...............
0000b700: 00 00 00 00 00 00 14 00 26 00 40 00 00 00 00 00  ........&.@.....
0000b710: 00 00 00 00 00 00 00 00 00 00 00 00 00 00 00 00  ................
0000b720: 00 00 00 00 00 00 1a 00 32 00 40 00 00 00 00 00  ........2.@.....
0000b730: 00 00 00 00 00 00 00 00 00 00 00 00 00 00 00 00  ................
0000b740: 00 00 00 00 00 00 00 00 08 00 00 01 1f 00 00 00  ................
0000b750: 01 00 00 00 00 00 00 00 60 00 c0 00 00 00 10 00  ........`.......
0000b760: 20 00 30 00 40 00 50 00 60 00 70 00 80 00 90 00   .0.@.P.`.p.....
0000b770: a0 00 b0 00 c0 00 d0 00 e0 00 f0 00 00 01 10 01  ................
0000b780: 20 01 30 01 40 01 50 01 60 01 70 01 80 01 90 01   .0.@.P.`.p.....
0000b790: a0 01 b0 01 c0 01 d0 01 e0 01 f0 01 00 02 10 02  ................
0000b7a0: 20 02 30 02 40 02 50 02 60 02 70 02 80 02 90 02   .0.@.P.`.p.....
0000b7b0: a0 02 b0 02 c0 02 d0 02 e0 02 f0 02 00 03 10 03  ................
0000b7c0: 20 03 30 03 40 03 50 03 60 03 70 03 80 03 90 03   .0.@.P.`.p.....
0000b7d0: a0 03 b0 03 c0 03 d0 03 e0 03 f0 03 ff 03 00 00  ................
0000b7e0: 10 00 20 00 30 00 40 00 50 00 60 00 70 00 80 00  .. .0.@.P.`.p...
0000b7f0: 90 00 a0 00 b0 00 c0 00 d0 00 e0 00 f0 00 00 01  ................
0000b800: 10 01 20 01 30 01 40 01 50 01 60 01 70 01 80 01  .. .0.@.P.`.p...
0000b810: 90 01 a0 01 b0 01 c0 01 d0 01 e0 01 f0 01 00 02  ................
0000b820: 10 02 20 02 30 02 40 02 50 02 60 02 70 02 80 02  .. .0.@.P.`.p...
0000b830: 90 02 a0 02 b0 02 c0 02 d0 02 e0 02 f0 02 00 03  ................
0000b840: 10 03 20 03 30 03 40 03 50 03 60 03 70 03 80 03  .. .0.@.P.`.p...
0000b850: 90 03 a0 03 b0 03 c0 03 d0 03 e0 03 f0 03 ff 03  ................
0000b860: 00 00 10 00 20 00 30 00 40 00 50 00 60 00 70 00  .... .0.@.P.`.p.
0000b870: 80 00 90 00 a0 00 b0 00 c0 00 d0 00 e0 00 f0 00  ................
0000b880: 00 01 10 01 20 01 30 01 40 01 50 01 60 01 70 01  .... .0.@.P.`.p.
0000b890: 80 01 90 01 a0 01 b0 01 c0 01 d0 01 e0 01 f0 01  ................
0000b8a0: 00 02 10 02 20 02 30 02 40 02 50 02 60 02 70 02  .... .0.@.P.`.p.
0000b8b0: 80 02 90 02 a0 02 b0 02 c0 02 d0 02 e0 02 f0 02  ................
0000b8c0: 00 03 10 03 20 03 30 03 40 03 50 03 60 03 70 03  .... .0.@.P.`.p.
0000b8d0: 80 03 90 03 a0 03 b0 03 c0 03 d0 03 e0 03 f0 03  ................
0000b8e0: ff 03 00 00 2d 00 57 00 7c 00 9a 00 b2 00 c5 00  ....-.W.|.......
0000b8f0: d5 00 e4 00 f3 00 02 01 11 01 20 01 2f 01 3e 01  .......... ./.>.
0000b900: 4d 01 5b 01 6a 01 78 01 86 01 94 01 a1 01 af 01  M.[.j.x.........
0000b910: bc 01 c9 01 d6 01 e3 01 ef 01 fc 01 09 02 16 02  ................
0000b920: 22 02 2f 02 3c 02 49 02 56 02 63 02 70 02 7d 02  "./.<.I.V.c.p.}.
0000b930: 8b 02 98 02 a6 02 b3 02 c1 02 cf 02 dd 02 eb 02  ................
0000b940: f9 02 08 03 16 03 25 03 34 03 43 03 53 03 62 03  ......%.4.C.S.b.
0000b950: 71 03 81 03 91 03 a0 03 b0 03 c0 03 d0 03 e0 03  q...............
0000b960: f0 03 ff 03 00 00 10 00 1f 00 2e 00 3d 00 4c 00  ............=.L.
0000b970: 5c 00 6c 00 7c 00 8c 00 9c 00 ad 00 be 00 d0 00  \.l.|...........
0000b980: e1 00 f4 00 06 01 1a 01 2d 01 42 01 57 01 6c 01  ........-.B.W.l.
0000b990: 82 01 99 01 af 01 c6 01 de 01 f5 01 0c 02 24 02  ..............$.
0000b9a0: 3b 02 53 02 6a 02 81 02 97 02 ad 02 c3 02 d8 02  ;.S.j...........
0000b9b0: ed 02 01 03 14 03 26 03 37 03 48 03 57 03 66 03  ......&.7.H.W.f.
0000b9c0: 73 03 80 03 8c 03 97 03 a1 03 aa 03 b3 03 bc 03  s...............
0000b9d0: c4 03 cb 03 d2 03 d9 03 df 03 e5 03 ea 03 f0 03  ................
0000b9e0: f5 03 fa 03 ff 03 00 00 14 00 27 00 3a 00 4d 00  ..........'.:.M.
0000b9f0: 60 00 73 00 86 00 99 00 ac 00 bf 00 d2 00 e6 00  `.s.............
0000ba00: f9 00 0c 01 1f 01 33 01 46 01 59 01 6c 01 80 01  ......3.F.Y.l...
0000ba10: 93 01 a7 01 ba 01 ce 01 e1 01 f5 01 09 02 1c 02  ................
0000ba20: 30 02 44 02 58 02 6c 02 7f 02 93 02 a7 02 ba 02  0.D.X.l.........
0000ba30: cd 02 e0 02 f3 02 05 03 17 03 28 03 39 03 49 03  ..........(.9.I.
0000ba40: 59 03 68 03 76 03 83 03 90 03 9c 03 a7 03 b1 03  Y.h.v...........
0000ba50: ba 03 c2 03 ca 03 d2 03 d9 03 df 03 e5 03 eb 03  ................
0000ba60: f0 03 f5 03 fa 03 ff 03 00 00 40 00 00 00 00 00  ..........@.....
0000ba70: 00 00 00 00 00 00 00 00 00 00 00 00 00 00 00 00  ................
0000ba80: 00 00 00 00 00 00 00 00 00 00 40 00 00 00 00 00  ..........@.....
0000ba90: 00 00 00 00 00 00 00 00 00 00 00 00 00 00 00 00  ................
0000baa0: 00 00 00 00 00 00 00 00 00 00 40 00 00 00 00 00  ..........@.....
0000bab0: 00 00 00 00 00 00 00 00 00 00 00 00 00 00 00 00  ................
0000bac0: 00 00 00 00 00 00 00 00 00 00 03 00 08 00 12 00  ................
0000bad0: 1c 00 30 00 40 00 00 00 00 00 00 00 00 00 00 00  ..0.@...........
0000bae0: 00 00 00 00 00 00 00 00 00 00 13 00 2b 00 40 00  ............+.@.
0000baf0: 00 00 00 00 00 00 00 00 00 00 00 00 00 00 00 00  ................
0000bb00: 00 00 00 00 00 00 00 00 00 00 1e 00 32 00 40 00  ............2.@.
0000bb10: 00 00 00 00 00 00 00 00 00 00 00 00 00 00 00 00  ................
0000bb20: 00 00 00 00 00 00 00 00 00 00 00 00 08 00 00 01  ................
0000bb30: 1f 00 00 00 01 00 00 00 00 00 00 00 60 00 96 00  ............`...
0000bb40: 00 00 10 00 20 00 30 00 40 00 50 00 60 00 70 00  .... .0.@.P.`.p.
0000bb50: 80 00 90 00 a0 00 b0 00 c0 00 d0 00 e0 00 f0 00  ................
0000bb60: 00 01 10 01 20 01 30 01 40 01 50 01 60 01 70 01  .... .0.@.P.`.p.
0000bb70: 80 01 90 01 a0 01 b0 01 c0 01 d0 01 e0 01 f0 01  ................
0000bb80: 00 02 10 02 20 02 30 02 40 02 50 02 60 02 70 02  .... .0.@.P.`.p.
0000bb90: 80 02 90 02 a0 02 b0 02 c0 02 d0 02 e0 02 f0 02  ................
0000bba0: 00 03 10 03 20 03 30 03 40 03 50 03 60 03 70 03  .... .0.@.P.`.p.
0000bbb0: 80 03 90 03 a0 03 b0 03 c0 03 d0 03 e0 03 f0 03  ................
0000bbc0: ff 03 00 00 10 00 20 00 30 00 40 00 50 00 60 00  ...... .0.@.P.`.
0000bbd0: 70 00 80 00 90 00 a0 00 b0 00 c0 00 d0 00 e0 00  p...............
0000bbe0: f0 00 00 01 10 01 20 01 30 01 40 01 50 01 60 01  ...... .0.@.P.`.
0000bbf0: 70 01 80 01 90 01 a0 01 b0 01 c0 01 d0 01 e0 01  p...............
0000bc00: f0 01 00 02 10 02 20 02 30 02 40 02 50 02 60 02  ...... .0.@.P.`.
0000bc10: 70 02 80 02 90 02 a0 02 b0 02 c0 02 d0 02 e0 02  p...............
0000bc20: f0 02 00 03 10 03 20 03 30 03 40 03 50 03 60 03  ...... .0.@.P.`.
0000bc30: 70 03 80 03 90 03 a0 03 b0 03 c0 03 d0 03 e0 03  p...............
0000bc40: f0 03 ff 03 00 00 10 00 20 00 30 00 40 00 50 00  ........ .0.@.P.
0000bc50: 60 00 70 00 80 00 90 00 a0 00 b0 00 c0 00 d0 00  `.p.............
0000bc60: e0 00 f0 00 00 01 10 01 20 01 30 01 40 01 50 01  ........ .0.@.P.
0000bc70: 60 01 70 01 80 01 90 01 a0 01 b0 01 c0 01 d0 01  `.p.............
0000bc80: e0 01 f0 01 00 02 10 02 20 02 30 02 40 02 50 02  ........ .0.@.P.
0000bc90: 60 02 70 02 80 02 90 02 a0 02 b0 02 c0 02 d0 02  `.p.............
0000bca0: e0 02 f0 02 00 03 10 03 20 03 30 03 40 03 50 03  ........ .0.@.P.
0000bcb0: 60 03 70 03 80 03 90 03 a0 03 b0 03 c0 03 d0 03  `.p.............
0000bcc0: e0 03 f0 03 ff 03 00 00 10 00 20 00 30 00 40 00  .......... .0.@.
0000bcd0: 50 00 60 00 70 00 80 00 90 00 a0 00 b0 00 c0 00  P.`.p...........
0000bce0: d0 00 e0 00 f0 00 00 01 10 01 20 01 30 01 40 01  .......... .0.@.
0000bcf0: 50 01 60 01 70 01 80 01 90 01 a0 01 b0 01 c0 01  P.`.p...........
0000bd00: d0 01 e0 01 f0 01 00 02 10 02 20 02 30 02 40 02  .......... .0.@.
0000bd10: 50 02 60 02 70 02 80 02 90 02 a0 02 b0 02 c0 02  P.`.p...........
0000bd20: d0 02 e0 02 f0 02 00 03 10 03 20 03 30 03 40 03  .......... .0.@.
0000bd30: 50 03 60 03 70 03 80 03 90 03 a0 03 b0 03 c0 03  P.`.p...........
0000bd40: d0 03 e0 03 f0 03 ff 03 00 00 10 00 20 00 30 00  ............ .0.
0000bd50: 40 00 4c 00 5c 00 68 00 74 00 80 00 8c 00 98 00  @.L.\.h.t.......
0000bd60: a0 00 ac 00 b8 00 c4 00 d0 00 d8 00 e4 00 f0 00  ................
0000bd70: fc 00 08 01 14 01 20 01 28 01 34 01 40 01 4c 01  ...... .(.4.@.L.
0000bd80: 5c 01 68 01 74 01 80 01 90 01 a0 01 b0 01 c0 01  \.h.t...........
0000bd90: d0 01 e0 01 f4 01 08 02 1c 02 30 02 48 02 60 02  ..........0.H.`.
0000bda0: 78 02 94 02 b0 02 cc 02 e8 02 04 03 20 03 38 03  x........... .8.
0000bdb0: 50 03 68 03 7c 03 90 03 a0 03 b0 03 bc 03 cc 03  P.h.|...........
0000bdc0: d8 03 e4 03 ec 03 f8 03 ff 03 00 00 0c 00 14 00  ................
0000bdd0: 1c 00 24 00 2c 00 34 00 3c 00 44 00 4c 00 54 00  ..$.,.4.<.D.L.T.
0000bde0: 5c 00 68 00 70 00 78 00 80 00 88 00 94 00 9c 00  \.h.p.x.........
0000bdf0: a4 00 b0 00 b8 00 c4 00 cc 00 d8 00 e0 00 ec 00  ................
0000be00: f8 00 00 01 0c 01 18 01 24 01 30 01 3c 01 48 01  ........$.0.<.H.
0000be10: 54 01 60 01 70 01 7c 01 88 01 98 01 a8 01 b4 01  T.`.p.|.........
0000be20: c4 01 d4 01 e8 01 f8 01 0c 02 20 02 38 02 4c 02  .......... .8.L.
0000be30: 68 02 80 02 9c 02 b8 02 d8 02 f8 02 14 03 38 03  h.............8.
0000be40: 58 03 78 03 9c 03 bc 03 e0 03 ff 03 00 00 40 00  X.x...........@.
0000be50: 00 00 00 00 00 00 00 00 00 00 00 00 00 00 00 00  ................
0000be60: 00 00 00 00 00 00 00 00 00 00 00 00 00 00 40 00  ..............@.
0000be70: 00 00 00 00 00 00 00 00 00 00 00 00 00 00 00 00  ................
0000be80: 00 00 00 00 00 00 00 00 00 00 00 00 00 00 40 00  ..............@.
0000be90: 00 00 00 00 00 00 00 00 00 00 00 00 00 00 00 00  ................
0000bea0: 00 00 00 00 00 00 00 00 00 00 00 00 00 00 40 00  ..............@.
0000beb0: 00 00 00 00 00 00 00 00 00 00 00 00 00 00 00 00  ................
0000bec0: 00 00 00 00 00 00 00 00 00 00 00 00 00 00 06 00  ................
0000bed0: 0c 00 18 00 2c 00 34 00 40 00 00 00 00 00 00 00  ....,.4.@.......
0000bee0: 00 00 00 00 00 00 00 00 00 00 00 00 00 00 27 00  ..............'.
0000bef0: 31 00 40 00 00 00 00 00 00 00 00 00 00 00 00 00  1.@.............
0000bf00: 00 00 00 00 00 00 00 00 00 00 00 00 00 00 00 00  ................
0000bf10: 08 00 00 01 1f 00 00 00 01 00 00 00 00 00 00 00  ................
0000bf20: 60 00 c0 00 00 00 10 00 20 00 30 00 40 00 50 00  `....... .0.@.P.
0000bf30: 60 00 70 00 80 00 90 00 a0 00 b0 00 c0 00 d0 00  `.p.............
0000bf40: e0 00 f0 00 00 01 10 01 20 01 30 01 40 01 50 01  ........ .0.@.P.
0000bf50: 60 01 70 01 80 01 90 01 a0 01 b0 01 c0 01 d0 01  `.p.............
0000bf60: e0 01 f0 01 00 02 10 02 20 02 30 02 40 02 50 02  ........ .0.@.P.
0000bf70: 60 02 70 02 80 02 90 02 a0 02 b0 02 c0 02 d0 02  `.p.............
0000bf80: e0 02 f0 02 00 03 10 03 20 03 30 03 40 03 50 03  ........ .0.@.P.
0000bf90: 60 03 70 03 80 03 90 03 a0 03 b0 03 c0 03 d0 03  `.p.............
0000bfa0: e0 03 f0 03 ff 03 00 00 10 00 20 00 30 00 40 00  .......... .0.@.
0000bfb0: 50 00 60 00 70 00 80 00 90 00 a0 00 b0 00 c0 00  P.`.p...........
0000bfc0: d0 00 e0 00 f0 00 00 01 10 01 20 01 30 01 40 01  .......... .0.@.
0000bfd0: 50 01 60 01 70 01 80 01 90 01 a0 01 b0 01 c0 01  P.`.p...........
0000bfe0: d0 01 e0 01 f0 01 00 02 10 02 20 02 30 02 40 02  .......... .0.@.
0000bff0: 50 02 60 02 70 02 80 02 90 02 a0 02 b0 02 c0 02  P.`.p...........
0000c000: d0 02 e0 02 f0 02 00 03 10 03 20 03 30 03 40 03  .......... .0.@.
0000c010: 50 03 60 03 70 03 80 03 90 03 a0 03 b0 03 c0 03  P.`.p...........
0000c020: d0 03 e0 03 f0 03 ff 03 00 00 10 00 20 00 30 00  ............ .0.
0000c030: 40 00 50 00 60 00 70 00 80 00 90 00 a0 00 b0 00  @.P.`.p.........
0000c040: c0 00 d0 00 e0 00 f0 00 00 01 10 01 20 01 30 01  ............ .0.
0000c050: 40 01 50 01 60 01 70 01 80 01 90 01 a0 01 b0 01  @.P.`.p.........
0000c060: c0 01 d0 01 e0 01 f0 01 00 02 10 02 20 02 30 02  ............ .0.
0000c070: 40 02 50 02 60 02 70 02 80 02 90 02 a0 02 b0 02  @.P.`.p.........
0000c080: c0 02 d0 02 e0 02 f0 02 00 03 10 03 20 03 30 03  ............ .0.
0000c090: 40 03 50 03 60 03 70 03 80 03 90 03 a0 03 b0 03  @.P.`.p.........
0000c0a0: c0 03 d0 03 e0 03 f0 03 ff 03 00 00 10 00 20 00  .............. .
0000c0b0: 30 00 40 00 50 00 60 00 70 00 80 00 90 00 a0 00  0.@.P.`.p.......
0000c0c0: b0 00 c0 00 d0 00 e0 00 f0 00 00 01 10 01 20 01  .............. .
0000c0d0: 30 01 40 01 50 01 60 01 70 01 80 01 90 01 a0 01  0.@.P.`.p.......
0000c0e0: b0 01 c0 01 d0 01 e0 01 f0 01 00 02 10 02 20 02  .............. .
0000c0f0: 30 02 40 02 50 02 60 02 70 02 80 02 90 02 a0 02  0.@.P.`.p.......
0000c100: b0 02 c0 02 d0 02 e0 02 f0 02 00 03 10 03 20 03  .............. .
0000c110: 30 03 40 03 50 03 60 03 70 03 80 03 90 03 a0 03  0.@.P.`.p.......
0000c120: b0 03 c0 03 d0 03 e0 03 f0 03 ff 03 00 00 10 00  ................
0000c130: 1c 00 28 00 34 00 44 00 50 00 5c 00 68 00 78 00  ..(.4.D.P.\.h.x.
0000c140: 84 00 90 00 9c 00 ac 00 b8 00 c8 00 d4 00 e0 00  ................
0000c150: f0 00 fc 00 0c 01 18 01 28 01 34 01 44 01 54 01  ........(.4.D.T.
0000c160: 60 01 70 01 80 01 90 01 a0 01 b0 01 bc 01 cc 01  `.p.............
0000c170: e0 01 f0 01 00 02 10 02 20 02 34 02 44 02 54 02  ........ .4.D.T.
0000c180: 68 02 78 02 8c 02 9c 02 b0 02 c0 02 d4 02 e4 02  h.x.............
0000c190: f8 02 0c 03 1c 03 30 03 44 03 54 03 68 03 7c 03  ......0.D.T.h.|.
0000c1a0: 90 03 a4 03 b4 03 c8 03 dc 03 f0 03 ff 03 00 00  ................
0000c1b0: 10 00 20 00 30 00 40 00 50 00 60 00 70 00 80 00  .. .0.@.P.`.p...
0000c1c0: 90 00 a0 00 b0 00 c0 00 d0 00 e0 00 f0 00 00 01  ................
0000c1d0: 10 01 20 01 30 01 40 01 50 01 60 01 70 01 80 01  .. .0.@.P.`.p...
0000c1e0: 90 01 a0 01 b0 01 c0 01 d0 01 e0 01 f0 01 00 02  ................
0000c1f0: 10 02 20 02 30 02 40 02 50 02 60 02 70 02 80 02  .. .0.@.P.`.p...
0000c200: 90 02 a0 02 b0 02 c0 02 d0 02 e0 02 f0 02 00 03  ................
0000c210: 10 03 20 03 30 03 40 03 50 03 60 03 70 03 80 03  .. .0.@.P.`.p...
0000c220: 90 03 a0 03 b0 03 c0 03 d0 03 e0 03 f0 03 ff 03  ................
0000c230: 00 00 40 00 00 00 00 00 00 00 00 00 00 00 00 00  ..@.............
0000c240: 00 00 00 00 00 00 00 00 00 00 00 00 00 00 00 00  ................
0000c250: 00 00 40 00 00 00 00 00 00 00 00 00 00 00 00 00  ..@.............
0000c260: 00 00 00 00 00 00 00 00 00 00 00 00 00 00 00 00  ................
0000c270: 00 00 40 00 00 00 00 00 00 00 00 00 00 00 00 00  ..@.............
0000c280: 00 00 00 00 00 00 00 00 00 00 00 00 00 00 00 00  ................
0000c290: 00 00 40 00 00 00 00 00 00 00 00 00 00 00 00 00  ..@.............
0000c2a0: 00 00 00 00 00 00 00 00 00 00 00 00 00 00 00 00  ................
0000c2b0: 00 00 21 00 40 00 00 00 00 00 00 00 00 00 00 00  ..!.@...........
0000c2c0: 00 00 00 00 00 00 00 00 00 00 00 00 00 00 00 00  ................
0000c2d0: 00 00 40 00 00 00 00 00 00 00 00 00 00 00 00 00  ..@.............
0000c2e0: 00 00 00 00 00 00 00 00 00 00 00 00 00 00 00 00  ................
0000c2f0: 00 00 00 00 08 00 00 01 00 00 00 00 00 00 00 00  ................
0000c300: 00 00 00 00 00 00 00 00 00 00 10 00 20 00 30 00  ............ .0.
0000c310: 40 00 50 00 60 00 70 00 80 00 90 00 a0 00 b0 00  @.P.`.p.........
0000c320: c0 00 d0 00 e0 00 f0 00 00 01 10 01 20 01 30 01  ............ .0.
0000c330: 40 01 50 01 60 01 70 01 80 01 90 01 a0 01 b0 01  @.P.`.p.........
0000c340: c0 01 d0 01 e0 01 f0 01 00 02 10 02 20 02 30 02  ............ .0.
0000c350: 40 02 50 02 60 02 70 02 80 02 90 02 a0 02 b0 02  @.P.`.p.........
0000c360: c0 02 d0 02 e0 02 f0 02 00 03 10 03 20 03 30 03  ............ .0.
0000c370: 40 03 50 03 60 03 70 03 80 03 90 03 a0 03 b0 03  @.P.`.p.........
0000c380: c0 03 d0 03 e0 03 f0 03 ff 03 00 00 10 00 20 00  .............. .
0000c390: 30 00 40 00 50 00 60 00 70 00 80 00 90 00 a0 00  0.@.P.`.p.......
0000c3a0: b0 00 c0 00 d0 00 e0 00 f0 00 00 01 10 01 20 01  .............. .
0000c3b0: 30 01 40 01 50 01 60 01 70 01 80 01 90 01 a0 01  0.@.P.`.p.......
0000c3c0: b0 01 c0 01 d0 01 e0 01 f0 01 00 02 10 02 20 02  .............. .
0000c3d0: 30 02 40 02 50 02 60 02 70 02 80 02 90 02 a0 02  0.@.P.`.p.......
0000c3e0: b0 02 c0 02 d0 02 e0 02 f0 02 00 03 10 03 20 03  .............. .
0000c3f0: 30 03 40 03 50 03 60 03 70 03 80 03 90 03 a0 03  0.@.P.`.p.......
0000c400: b0 03 c0 03 d0 03 e0 03 f0 03 ff 03 00 00 10 00  ................
0000c410: 20 00 30 00 40 00 50 00 60 00 70 00 80 00 90 00   .0.@.P.`.p.....
0000c420: a0 00 b0 00 c0 00 d0 00 e0 00 f0 00 00 01 10 01  ................
0000c430: 20 01 30 01 40 01 50 01 60 01 70 01 80 01 90 01   .0.@.P.`.p.....
0000c440: a0 01 b0 01 c0 01 d0 01 e0 01 f0 01 00 02 10 02  ................
0000c450: 20 02 30 02 40 02 50 02 60 02 70 02 80 02 90 02   .0.@.P.`.p.....
0000c460: a0 02 b0 02 c0 02 d0 02 e0 02 f0 02 00 03 10 03  ................
0000c470: 20 03 30 03 40 03 50 03 60 03 70 03 80 03 90 03   .0.@.P.`.p.....
0000c480: a0 03 b0 03 c0 03 d0 03 e0 03 f0 03 ff 03 00 00  ................
0000c490: 10 00 20 00 30 00 40 00 50 00 60 00 70 00 80 00  .. .0.@.P.`.p...
0000c4a0: 90 00 a0 00 b0 00 c0 00 d0 00 e0 00 f0 00 00 01  ................
0000c4b0: 10 01 20 01 30 01 40 01 50 01 60 01 70 01 80 01  .. .0.@.P.`.p...
0000c4c0: 90 01 a0 01 b0 01 c0 01 d0 01 e0 01 f0 01 00 02  ................
0000c4d0: 10 02 20 02 30 02 40 02 50 02 60 02 70 02 80 02  .. .0.@.P.`.p...
0000c4e0: 90 02 a0 02 b0 02 c0 02 d0 02 e0 02 f0 02 00 03  ................
0000c4f0: 10 03 20 03 30 03 40 03 50 03 60 03 70 03 80 03  .. .0.@.P.`.p...
0000c500: 90 03 a0 03 b0 03 c0 03 d0 03 e0 03 f0 03 ff 03  ................
0000c510: 00 00 10 00 20 00 30 00 40 00 50 00 60 00 70 00  .... .0.@.P.`.p.
0000c520: 80 00 90 00 a0 00 b0 00 c0 00 d0 00 e0 00 f0 00  ................
0000c530: 00 01 10 01 20 01 30 01 40 01 50 01 60 01 70 01  .... .0.@.P.`.p.
0000c540: 80 01 90 01 a0 01 b0 01 c0 01 d0 01 e0 01 f0 01  ................
0000c550: 00 02 10 02 20 02 30 02 40 02 50 02 60 02 70 02  .... .0.@.P.`.p.
0000c560: 80 02 90 02 a0 02 b0 02 c0 02 d0 02 e0 02 f0 02  ................
0000c570: 00 03 10 03 20 03 30 03 40 03 50 03 60 03 70 03  .... .0.@.P.`.p.
0000c580: 80 03 90 03 a0 03 b0 03 c0 03 d0 03 e0 03 f0 03  ................
0000c590: ff 03 00 00 10 00 20 00 30 00 40 00 50 00 60 00  ...... .0.@.P.`.
0000c5a0: 70 00 80 00 90 00 a0 00 b0 00 c0 00 d0 00 e0 00  p...............
0000c5b0: f0 00 00 01 10 01 20 01 30 01 40 01 50 01 60 01  ...... .0.@.P.`.
0000c5c0: 70 01 80 01 90 01 a0 01 b0 01 c0 01 d0 01 e0 01  p...............
0000c5d0: f0 01 00 02 10 02 20 02 30 02 40 02 50 02 60 02  ...... .0.@.P.`.
0000c5e0: 70 02 80 02 90 02 a0 02 b0 02 c0 02 d0 02 e0 02  p...............
0000c5f0: f0 02 00 03 10 03 20 03 30 03 40 03 50 03 60 03  ...... .0.@.P.`.
0000c600: 70 03 80 03 90 03 a0 03 b0 03 c0 03 d0 03 e0 03  p...............
0000c610: f0 03 ff 03 00 00 40 00 00 00 00 00 00 00 00 00  ......@.........
0000c620: 00 00 00 00 00 00 00 00 00 00 00 00 00 00 00 00  ................
0000c630: 00 00 00 00 00 00 40 00 00 00 00 00 00 00 00 00  ......@.........
0000c640: 00 00 00 00 00 00 00 00 00 00 00 00 00 00 00 00  ................
0000c650: 00 00 00 00 00 00 40 00 00 00 00 00 00 00 00 00  ......@.........
0000c660: 00 00 00 00 00 00 00 00 00 00 00 00 00 00 00 00  ................
0000c670: 00 00 00 00 00 00 08 00 10 00 18 00 20 00 28 00  ............ .(.
0000c680: 30 00 38 00 00 00 00 00 00 00 00 00 00 00 00 00  0.8.............
0000c690: 00 00 00 00 00 00 08 00 10 00 18 00 20 00 28 00  ............ .(.
0000c6a0: 30 00 38 00 00 00 00 00 00 00 00 00 00 00 00 00  0.8.............
0000c6b0: 00 00 00 00 00 00 08 00 10 00 18 00 20 00 28 00  ............ .(.
0000c6c0: 30 00 38 00 00 00 00 00 00 00 00 00 00 00 00 00  0.8.............
0000c6d0: 00 00 00 00 00 00 00 00 01 00 00 00 0b 00 58 2b  ..............X+
0000c6e0: 01 00 01 00 04 00 01 00 02 00 03 00 01 00 18 00  ................
0000c6f0: 00 00 00 00 00 00 00 00 ff ff fd ff fc ff fa ff  ................
0000c700: f9 ff f7 ff f6 ff f4 ff f3 ff f1 ff f0 ff ee ff  ................
0000c710: ed ff eb ff ea ff e8 ff e7 ff e5 ff e4 ff e2 ff  ................
0000c720: e1 ff df ff de ff dc ff db ff d9 ff d8 ff d6 ff  ................
0000c730: d5 ff d3 ff d2 ff d0 ff cf ff cd ff cc ff ca ff  ................
0000c740: c9 ff c7 ff c6 ff c4 ff c3 ff c1 ff c0 ff be ff  ................
0000c750: bd ff bb ff ba ff b8 ff b7 ff b5 ff b4 ff b2 ff  ................
0000c760: b1 ff af ff ae ff ac ff ab ff a9 ff a8 ff a6 ff  ................
0000c770: a5 ff a6 ff a8 ff a9 ff ab ff ac ff ae ff af ff  ................
0000c780: b1 ff b2 ff b4 ff b5 ff b7 ff b8 ff ba ff bb ff  ................
0000c790: bd ff be ff c0 ff c1 ff c3 ff c4 ff c6 ff c7 ff  ................
0000c7a0: c9 ff ca ff cc ff cd ff cf ff d0 ff d2 ff d3 ff  ................
0000c7b0: d5 ff d6 ff d8 ff d9 ff db ff dc ff de ff df ff  ................
0000c7c0: e1 ff e2 ff e4 ff e5 ff e7 ff e8 ff ea ff eb ff  ................
0000c7d0: ed ff ee ff f0 ff f1 ff f3 ff f4 ff f6 ff f7 ff  ................
0000c7e0: f9 ff fa ff fc ff fd ff ff ff 00 00 00 00 00 00  ................
0000c7f0: 00 00 00 00 00 00 00 00 00 00 00 00 00 00 00 00  ................
0000c800: 01 00 03 00 04 00 06 00 07 00 09 00 0a 00 0c 00  ................
0000c810: 0d 00 0f 00 10 00 12 00 13 00 15 00 16 00 18 00  ................
0000c820: 19 00 1b 00 1c 00 1e 00 1f 00 21 00 22 00 24 00  ..........!.".$.
0000c830: 25 00 27 00 28 00 2a 00 2b 00 2d 00 2e 00 30 00  %.'.(.*.+.-...0.
0000c840: 31 00 33 00 34 00 36 00 37 00 39 00 3a 00 3c 00  1.3.4.6.7.9.:.<.
0000c850: 3d 00 3f 00 40 00 42 00 43 00 45 00 46 00 48 00  =.?.@.B.C.E.F.H.
0000c860: 49 00 4b 00 4c 00 4e 00 4f 00 51 00 52 00 54 00  I.K.L.N.O.Q.R.T.
0000c870: 55 00 57 00 58 00 5a 00 5b 00 5a 00 58 00 57 00  U.W.X.Z.[.Z.X.W.
0000c880: 55 00 54 00 52 00 51 00 4f 00 4e 00 4c 00 4b 00  U.T.R.Q.O.N.L.K.
0000c890: 49 00 48 00 46 00 45 00 43 00 42 00 40 00 3f 00  I.H.F.E.C.B.@.?.
0000c8a0: 3d 00 3c 00 3a 00 39 00 37 00 36 00 34 00 33 00  =.<.:.9.7.6.4.3.
0000c8b0: 31 00 30 00 2e 00 2d 00 2b 00 2a 00 28 00 27 00  1.0...-.+.*.(.'.
0000c8c0: 25 00 24 00 22 00 21 00 1f 00 1e 00 1c 00 1b 00  %.$.".!.........
0000c8d0: 19 00 18 00 16 00 15 00 13 00 12 00 10 00 0f 00  ................
0000c8e0: 0d 00 0c 00 0a 00 09 00 07 00 06 00 04 00 03 00  ................
0000c8f0: 01 00 00 00 00 00 00 00 ff ff fd ff fc ff fa ff  ................
0000c900: f9 ff f7 ff f6 ff f4 ff f3 ff f1 ff f0 ff ee ff  ................
0000c910: ed ff eb ff ea ff e8 ff e7 ff e5 ff e4 ff e2 ff  ................
0000c920: e1 ff df ff de ff dc ff db ff d9 ff d8 ff d6 ff  ................
0000c930: d5 ff d3 ff d2 ff d0 ff cf ff cd ff cc ff ca ff  ................
0000c940: c9 ff c7 ff c6 ff c4 ff c3 ff c1 ff c0 ff be ff  ................
0000c950: bd ff bb ff ba ff b8 ff b7 ff b5 ff b4 ff b2 ff  ................
0000c960: b1 ff af ff ae ff ac ff ab ff a9 ff a8 ff a6 ff  ................
0000c970: a5 ff a6 ff a8 ff a9 ff ab ff ac ff ae ff af ff  ................
0000c980: b1 ff b2 ff b4 ff b5 ff b7 ff b8 ff ba ff bb ff  ................
0000c990: bd ff be ff c0 ff c1 ff c3 ff c4 ff c6 ff c7 ff  ................
0000c9a0: c9 ff ca ff cc ff cd ff cf ff d0 ff d2 ff d3 ff  ................
0000c9b0: d5 ff d6 ff d8 ff d9 ff db ff dc ff de ff df ff  ................
0000c9c0: e1 ff e2 ff e4 ff e5 ff e7 ff e8 ff ea ff eb ff  ................
0000c9d0: ed ff ee ff f0 ff f1 ff f3 ff f4 ff f6 ff f7 ff  ................
0000c9e0: f9 ff fa ff fc ff fd ff ff ff 00 00 00 00 00 00  ................
0000c9f0: 00 00 00 00 00 00 00 00 00 00 00 00 00 00 00 00  ................
0000ca00: 01 00 03 00 04 00 06 00 07 00 09 00 0a 00 0c 00  ................
0000ca10: 0d 00 0f 00 10 00 12 00 13 00 15 00 16 00 18 00  ................
0000ca20: 19 00 1b 00 1c 00 1e 00 1f 00 21 00 22 00 24 00  ..........!.".$.
0000ca30: 25 00 27 00 28 00 2a 00 2b 00 2d 00 2e 00 30 00  %.'.(.*.+.-...0.
0000ca40: 31 00 33 00 34 00 36 00 37 00 39 00 3a 00 3c 00  1.3.4.6.7.9.:.<.
0000ca50: 3d 00 3f 00 40 00 42 00 43 00 45 00 46 00 48 00  =.?.@.B.C.E.F.H.
0000ca60: 49 00 4b 00 4c 00 4e 00 4f 00 51 00 52 00 54 00  I.K.L.N.O.Q.R.T.
0000ca70: 55 00 57 00 58 00 5a 00 5b 00 5a 00 58 00 57 00  U.W.X.Z.[.Z.X.W.
0000ca80: 55 00 54 00 52 00 51 00 4f 00 4e 00 4c 00 4b 00  U.T.R.Q.O.N.L.K.
0000ca90: 49 00 48 00 46 00 45 00 43 00 42 00 40 00 3f 00  I.H.F.E.C.B.@.?.
0000caa0: 3d 00 3c 00 3a 00 39 00 37 00 36 00 34 00 33 00  =.<.:.9.7.6.4.3.
0000cab0: 31 00 30 00 2e 00 2d 00 2b 00 2a 00 28 00 27 00  1.0...-.+.*.(.'.
0000cac0: 25 00 24 00 22 00 21 00 1f 00 1e 00 1c 00 1b 00  %.$.".!.........
0000cad0: 19 00 18 00 16 00 15 00 13 00 12 00 10 00 0f 00  ................
0000cae0: 0d 00 0c 00 0a 00 09 00 07 00 06 00 04 00 03 00  ................
0000caf0: 01 00 00 00 00 00 10 00 20 00 30 00 40 00 50 00  ........ .0.@.P.
0000cb00: 60 00 70 00 80 00 90 00 a0 00 b0 00 c0 00 d0 00  `.p.............
0000cb10: e0 00 f0 00 00 00 10 00 20 00 30 00 40 00 50 00  ........ .0.@.P.
0000cb20: 60 00 70 00 80 00 90 00 a0 00 b0 00 c0 00 d0 00  `.p.............
0000cb30: e0 00 f0 00 01 00 04 00 01 00 03 00 02 00 01 00  ................
0000cb40: 18 00 00 00 01 00 9c ff 9c ff 9c ff 9c ff 9c ff  ................
0000cb50: 9c ff 9c ff 9c ff 9c ff 9c ff 9c ff 9c ff 9c ff  ................
0000cb60: 9c ff 9c ff 9c ff 9c ff 9c ff 9c ff 9c ff 9c ff  ................
0000cb70: 9c ff 9c ff 9c ff 9c ff 9c ff 9c ff 9c ff 9c ff  ................
0000cb80: 9c ff 9c ff 9c ff 9b ff 9b ff 9b ff 9b ff 9b ff  ................
0000cb90: 9b ff 9b ff 9b ff 9b ff 9b ff 9b ff 9b ff 9b ff  ................
0000cba0: 9b ff 9b ff 9a ff 9a ff 9a ff 9a ff 9a ff 9a ff  ................
0000cbb0: 9a ff 9a ff 9a ff 99 ff 99 ff 99 ff 99 ff 99 ff  ................
0000cbc0: 99 ff 99 ff 98 ff 98 ff 98 ff 98 ff 98 ff 98 ff  ................
0000cbd0: 97 ff 97 ff 97 ff 97 ff 97 ff 97 ff 97 ff 97 ff  ................
0000cbe0: 98 ff 98 ff 98 ff 99 ff 99 ff 9a ff 9b ff 9c ff  ................
0000cbf0: 9d ff 9e ff 9f ff a0 ff a2 ff a3 ff a5 ff a7 ff  ................
0000cc00: a9 ff ab ff ad ff b0 ff b3 ff b6 ff b9 ff bc ff  ................
0000cc10: c0 ff c3 ff c7 ff cb ff cf ff d3 ff d7 ff db ff  ................
0000cc20: df ff e3 ff e6 ff ea ff ed ff f0 ff f3 ff f5 ff  ................
0000cc30: f7 ff f9 ff fb ff fc ff fd ff fe ff fe ff ff ff  ................
0000cc40: ff ff ff ff 00 00 00 00 00 00 01 00 01 00 02 00  ................
0000cc50: 02 00 03 00 04 00 05 00 06 00 08 00 0a 00 0c 00  ................
0000cc60: 0e 00 10 00 12 00 15 00 18 00 1a 00 1d 00 20 00  .............. .
0000cc70: 23 00 25 00 28 00 2b 00 2d 00 30 00 32 00 34 00  #.%.(.+.-.0.2.4.
0000cc80: 37 00 39 00 3a 00 3c 00 3e 00 3f 00 41 00 42 00  7.9.:.<.>.?.A.B.
0000cc90: 43 00 44 00 45 00 46 00 47 00 48 00 49 00 49 00  C.D.E.F.G.H.I.I.
0000cca0: 4a 00 4a 00 4b 00 4b 00 4b 00 4b 00 4c 00 4c 00  J.J.K.K.K.K.L.L.
0000ccb0: 4c 00 4c 00 4c 00 4c 00 4b 00 4b 00 4b 00 4b 00  L.L.L.L.K.K.K.K.
0000ccc0: 4a 00 4a 00 4a 00 49 00 49 00 49 00 48 00 48 00  J.J.J.I.I.I.H.H.
0000ccd0: 47 00 47 00 47 00 46 00 46 00 45 00 45 00 44 00  G.G.G.F.F.E.E.D.
0000cce0: 44 00 44 00 43 00 43 00 42 00 42 00 41 00 41 00  D.D.C.C.B.B.A.A.
0000ccf0: 41 00 40 00 40 00 3f 00 3f 00 3e 00 3e 00 3e 00  A.@.@.?.?.>.>.>.
0000cd00: 3d 00 3d 00 3c 00 3c 00 3c 00 3b 00 3b 00 3b 00  =.=.<.<.<.;.;.;.
0000cd10: 3a 00 3a 00 3a 00 39 00 39 00 39 00 38 00 38 00  :.:.:.9.9.9.8.8.
0000cd20: 38 00 37 00 37 00 37 00 37 00 37 00 36 00 36 00  8.7.7.7.7.7.6.6.
0000cd30: 36 00 36 00 36 00 36 00 35 00 35 00 35 00 35 00  6.6.6.6.5.5.5.5.
0000cd40: 35 00 35 00 35 00 a4 ff a4 ff a4 ff a4 ff a4 ff  5.5.5...........
0000cd50: a4 ff a4 ff a3 ff a3 ff a3 ff a3 ff a3 ff a3 ff  ................
0000cd60: a3 ff a3 ff a2 ff a2 ff a2 ff a2 ff a2 ff a2 ff  ................
0000cd70: a2 ff a1 ff a1 ff a1 ff a1 ff a1 ff a1 ff a0 ff  ................
0000cd80: a0 ff a0 ff a0 ff a0 ff 9f ff 9f ff 9f ff 9f ff  ................
0000cd90: 9e ff 9e ff 9e ff 9e ff 9d ff 9d ff 9d ff 9d ff  ................
0000cda0: 9c ff 9c ff 9c ff 9b ff 9b ff 9b ff 9a ff 9a ff  ................
0000cdb0: 99 ff 99 ff 99 ff 98 ff 98 ff 97 ff 97 ff 96 ff  ................
0000cdc0: 96 ff 96 ff 95 ff 95 ff 94 ff 94 ff 94 ff 93 ff  ................
0000cdd0: 93 ff 93 ff 93 ff 93 ff 93 ff 93 ff 93 ff 93 ff  ................
0000cde0: 93 ff 94 ff 94 ff 95 ff 95 ff 96 ff 97 ff 97 ff  ................
0000cdf0: 98 ff 9a ff 9b ff 9c ff 9e ff 9f ff a1 ff a3 ff  ................
0000ce00: a5 ff a7 ff a9 ff ac ff ae ff b1 ff b4 ff b7 ff  ................
0000ce10: ba ff be ff c2 ff c5 ff c9 ff ce ff d2 ff d6 ff  ................
0000ce20: db ff df ff e3 ff e7 ff eb ff ee ff f1 ff f4 ff  ................
0000ce30: f6 ff f8 ff fa ff fb ff fc ff fd ff fe ff fe ff  ................
0000ce40: ff ff ff ff 00 00 00 00 00 00 01 00 02 00 02 00  ................
0000ce50: 03 00 04 00 05 00 06 00 07 00 08 00 09 00 0b 00  ................
0000ce60: 0c 00 0e 00 0f 00 11 00 13 00 14 00 16 00 18 00  ................
0000ce70: 1a 00 1b 00 1d 00 1f 00 21 00 23 00 24 00 26 00  ........!.#.$.&.
0000ce80: 28 00 29 00 2b 00 2c 00 2e 00 2f 00 30 00 31 00  (.).+.,.../.0.1.
0000ce90: 33 00 34 00 35 00 36 00 37 00 38 00 39 00 39 00  3.4.5.6.7.8.9.9.
0000cea0: 3a 00 3b 00 3b 00 3c 00 3d 00 3d 00 3e 00 3e 00  :.;.;.<.=.=.>.>.
0000ceb0: 3e 00 3f 00 3f 00 3f 00 40 00 40 00 40 00 40 00  >.?.?.?.@.@.@.@.
0000cec0: 40 00 41 00 41 00 41 00 41 00 41 00 41 00 41 00  @.A.A.A.A.A.A.A.
0000ced0: 41 00 40 00 40 00 40 00 40 00 40 00 40 00 40 00  A.@.@.@.@.@.@.@.
0000cee0: 3f 00 3f 00 3f 00 3f 00 3e 00 3e 00 3e 00 3e 00  ?.?.?.?.>.>.>.>.
0000cef0: 3d 00 3d 00 3d 00 3c 00 3c 00 3c 00 3c 00 3b 00  =.=.=.<.<.<.<.;.
0000cf00: 3b 00 3b 00 3a 00 3a 00 3a 00 39 00 39 00 39 00  ;.;.:.:.:.9.9.9.
0000cf10: 38 00 38 00 38 00 37 00 37 00 37 00 37 00 36 00  8.8.8.7.7.7.7.6.
0000cf20: 36 00 36 00 36 00 35 00 35 00 35 00 35 00 35 00  6.6.6.5.5.5.5.5.
0000cf30: 35 00 34 00 34 00 34 00 34 00 34 00 34 00 34 00  5.4.4.4.4.4.4.4.
0000cf40: 34 00 34 00 34 00 02 00 40 00 64 00 74 00 80 00  4.4.4...@.d.t...
0000cf50: 8a 00 9a 00 c4 00 fe 00 ff 00 00 00 00 00 00 00  ................
0000cf60: 00 00 00 00 00 00 00 00 38 00 68 00 74 00 80 00  ........8.h.t...
0000cf70: 8a 00 9e 00 ca 00 fc 00 ff 00 00 00 00 00 00 00  ................
0000cf80: 00 00 00 00 00 00 01 00 04 00 01 00 03 00 02 00  ................
0000cf90: 01 00 18 00 00 00 01 00 9c ff 9b ff 9b ff 9a ff  ................
0000cfa0: 99 ff 99 ff 98 ff 97 ff 97 ff 96 ff 95 ff 95 ff  ................
0000cfb0: 94 ff 93 ff 93 ff 92 ff 91 ff 91 ff 90 ff 90 ff  ................
0000cfc0: 8f ff 8e ff 8e ff 8d ff 8d ff 8c ff 8c ff 8b ff  ................
0000cfd0: 8b ff 8b ff 8a ff 8a ff 8a ff 89 ff 89 ff 89 ff  ................
0000cfe0: 88 ff 88 ff 88 ff 88 ff 88 ff 88 ff 88 ff 88 ff  ................
0000cff0: 88 ff 88 ff 88 ff 88 ff 88 ff 88 ff 88 ff 88 ff  ................
0000d000: 89 ff 89 ff 89 ff 8a ff 8a ff 8b ff 8b ff 8c ff  ................
0000d010: 8c ff 8d ff 8e ff 8f ff 8f ff 90 ff 91 ff 92 ff  ................
0000d020: 93 ff 94 ff 95 ff 97 ff 98 ff 99 ff 9a ff 9c ff  ................
0000d030: 9d ff 9f ff a0 ff a2 ff a4 ff a6 ff a8 ff a9 ff  ................
0000d040: ab ff ae ff b0 ff b2 ff b4 ff b7 ff b9 ff bb ff  ................
0000d050: be ff c1 ff c3 ff c6 ff c8 ff cb ff ce ff d0 ff  ................
0000d060: d3 ff d6 ff d8 ff db ff de ff e0 ff e2 ff e5 ff  ................
0000d070: e7 ff e9 ff ec ff ee ff f0 ff f1 ff f3 ff f5 ff  ................
0000d080: f6 ff f8 ff f9 ff fa ff fb ff fc ff fc ff fd ff  ................
0000d090: fe ff fe ff ff ff ff ff 00 00 01 00 01 00 02 00  ................
0000d0a0: 03 00 03 00 04 00 05 00 06 00 07 00 08 00 09 00  ................
0000d0b0: 0a 00 0b 00 0c 00 0e 00 0f 00 10 00 12 00 13 00  ................
0000d0c0: 15 00 16 00 18 00 19 00 1b 00 1d 00 1e 00 20 00  .............. .
0000d0d0: 22 00 23 00 25 00 27 00 28 00 2a 00 2c 00 2d 00  ".#.%.'.(.*.,.-.
0000d0e0: 2f 00 31 00 32 00 34 00 35 00 37 00 38 00 39 00  /.1.2.4.5.7.8.9.
0000d0f0: 3a 00 3c 00 3d 00 3e 00 3f 00 40 00 41 00 42 00  :.<.=.>.?.@.A.B.
0000d100: 43 00 44 00 45 00 45 00 46 00 47 00 48 00 48 00  C.D.E.E.F.G.H.H.
0000d110: 49 00 49 00 4a 00 4a 00 4b 00 4b 00 4c 00 4c 00  I.I.J.J.K.K.L.L.
0000d120: 4c 00 4c 00 4d 00 4d 00 4d 00 4d 00 4e 00 4e 00  L.L.M.M.M.M.N.N.
0000d130: 4e 00 4e 00 4e 00 4e 00 4e 00 4e 00 4e 00 4e 00  N.N.N.N.N.N.N.N.
0000d140: 4e 00 4e 00 4e 00 4e 00 4e 00 4e 00 4d 00 4d 00  N.N.N.N.N.N.M.M.
0000d150: 4d 00 4d 00 4d 00 4d 00 4c 00 4c 00 4c 00 4c 00  M.M.M.M.L.L.L.L.
0000d160: 4c 00 4c 00 4b 00 4b 00 4b 00 4b 00 4a 00 4a 00  L.L.K.K.K.K.J.J.
0000d170: 4a 00 4a 00 4a 00 4a 00 49 00 49 00 49 00 49 00  J.J.J.J.I.I.I.I.
0000d180: 49 00 49 00 48 00 48 00 48 00 48 00 48 00 48 00  I.I.H.H.H.H.H.H.
0000d190: 48 00 48 00 48 00 48 00 a0 ff a0 ff a0 ff a1 ff  H.H.H.H.........
0000d1a0: a1 ff a1 ff a1 ff a1 ff a1 ff a1 ff a2 ff a2 ff  ................
0000d1b0: a2 ff a2 ff a2 ff a2 ff a2 ff a2 ff a2 ff a2 ff  ................
0000d1c0: a2 ff a2 ff a2 ff a2 ff a2 ff a2 ff a2 ff a2 ff  ................
0000d1d0: a2 ff a2 ff a2 ff a1 ff a1 ff a1 ff a1 ff a0 ff  ................
0000d1e0: a0 ff a0 ff a0 ff 9f ff 9f ff 9f ff 9e ff 9e ff  ................
0000d1f0: 9d ff 9d ff 9d ff 9c ff 9c ff 9b ff 9b ff 9b ff  ................
0000d200: 9b ff 9a ff 9a ff 9a ff 9a ff 99 ff 99 ff 99 ff  ................
0000d210: 99 ff 99 ff 99 ff 99 ff 99 ff 9a ff 9a ff 9a ff  ................
0000d220: 9b ff 9b ff 9c ff 9c ff 9d ff 9e ff 9e ff 9f ff  ................
0000d230: a0 ff a2 ff a3 ff a4 ff a5 ff a7 ff a9 ff aa ff  ................
0000d240: ac ff ae ff b0 ff b2 ff b5 ff b7 ff ba ff bc ff  ................
0000d250: bf ff c1 ff c4 ff c7 ff ca ff cd ff d0 ff d2 ff  ................
0000d260: d5 ff d8 ff db ff de ff e0 ff e3 ff e5 ff e8 ff  ................
0000d270: ea ff ed ff ef ff f1 ff f3 ff f4 ff f6 ff f8 ff  ................
0000d280: f9 ff fa ff fb ff fc ff fd ff fd ff fe ff fe ff  ................
0000d290: ff ff ff ff 00 00 01 00 01 00 02 00 02 00 03 00  ................
0000d2a0: 04 00 05 00 05 00 06 00 07 00 08 00 09 00 0a 00  ................
0000d2b0: 0b 00 0b 00 0c 00 0d 00 0e 00 0f 00 10 00 11 00  ................
0000d2c0: 12 00 13 00 14 00 15 00 16 00 17 00 18 00 19 00  ................
0000d2d0: 1b 00 1c 00 1d 00 1d 00 1e 00 1f 00 20 00 21 00  ............ .!.
0000d2e0: 22 00 23 00 24 00 25 00 26 00 26 00 27 00 28 00  ".#.$.%.&.&.'.(.
0000d2f0: 29 00 29 00 2a 00 2b 00 2b 00 2c 00 2c 00 2d 00  ).).*.+.+.,.,.-.
0000d300: 2d 00 2e 00 2e 00 2f 00 2f 00 30 00 30 00 31 00  -....././.0.0.1.
0000d310: 31 00 31 00 32 00 32 00 32 00 32 00 33 00 33 00  1.1.2.2.2.2.3.3.
0000d320: 33 00 33 00 33 00 34 00 34 00 34 00 34 00 34 00  3.3.3.4.4.4.4.4.
0000d330: 34 00 34 00 34 00 34 00 34 00 34 00 34 00 34 00  4.4.4.4.4.4.4.4.
0000d340: 33 00 33 00 33 00 33 00 33 00 33 00 32 00 32 00  3.3.3.3.3.3.2.2.
0000d350: 32 00 32 00 32 00 31 00 31 00 31 00 30 00 30 00  2.2.2.1.1.1.0.0.
0000d360: 30 00 2f 00 2f 00 2f 00 2e 00 2e 00 2e 00 2d 00  0./././.......-.
0000d370: 2d 00 2c 00 2c 00 2b 00 2b 00 2b 00 2a 00 2a 00  -.,.,.+.+.+.*.*.
0000d380: 29 00 29 00 28 00 28 00 27 00 27 00 26 00 26 00  ).).(.(.'.'.&.&.
0000d390: 26 00 25 00 25 00 24 00 00 00 32 00 58 00 74 00  &.%.%.$...2.X.t.
0000d3a0: 80 00 8c 00 aa 00 c8 00 fe 00 ff 00 00 00 00 00  ................
0000d3b0: 00 00 00 00 00 00 00 00 00 00 24 00 56 00 72 00  ..........$.V.r.
0000d3c0: 7e 00 8a 00 a6 00 ce 00 ff 00 00 00 00 00 00 00  ~...............
0000d3d0: 00 00 00 00 00 00 00 00 01 00 04 00 01 00 03 00  ................
0000d3e0: 02 00 01 00 18 00 00 00 01 00 9c ff 9c ff 9c ff  ................
0000d3f0: 9c ff 9c ff 9c ff 9d ff 9d ff 9d ff 9d ff 9e ff  ................
0000d400: 9e ff 9e ff 9e ff 9e ff 9e ff 9f ff 9f ff 9f ff  ................
0000d410: 9f ff 9f ff 9f ff a0 ff a0 ff a0 ff a0 ff a0 ff  ................
0000d420: a0 ff a0 ff a0 ff a0 ff a0 ff a0 ff a0 ff a0 ff  ................
0000d430: a0 ff a0 ff 9f ff 9f ff 9f ff 9f ff 9f ff 9e ff  ................
0000d440: 9e ff 9e ff 9d ff 9d ff 9d ff 9c ff 9c ff 9b ff  ................
0000d450: 9b ff 9a ff 9a ff 99 ff 99 ff 98 ff 97 ff 97 ff  ................
0000d460: 96 ff 96 ff 95 ff 95 ff 94 ff 94 ff 94 ff 93 ff  ................
0000d470: 93 ff 93 ff 92 ff 92 ff 92 ff 92 ff 92 ff 92 ff  ................
0000d480: 93 ff 93 ff 93 ff 94 ff 94 ff 95 ff 95 ff 96 ff  ................
0000d490: 97 ff 98 ff 9a ff 9b ff 9c ff 9e ff a0 ff a1 ff  ................
0000d4a0: a3 ff a5 ff a8 ff aa ff ad ff af ff b2 ff b5 ff  ................
0000d4b0: b9 ff bc ff c0 ff c4 ff c7 ff cb ff cf ff d3 ff  ................
0000d4c0: d7 ff db ff df ff e3 ff e7 ff ea ff ed ff f0 ff  ................
0000d4d0: f3 ff f5 ff f7 ff f9 ff fb ff fc ff fd ff fe ff  ................
0000d4e0: fe ff ff ff ff ff 00 00 01 00 01 00 02 00 02 00  ................
0000d4f0: 03 00 04 00 05 00 05 00 06 00 07 00 09 00 0a 00  ................
0000d500: 0b 00 0d 00 0e 00 10 00 12 00 13 00 15 00 17 00  ................
0000d510: 19 00 1b 00 1e 00 20 00 22 00 24 00 26 00 28 00  ...... .".$.&.(.
0000d520: 2a 00 2c 00 2e 00 30 00 32 00 33 00 35 00 37 00  *.,...0.2.3.5.7.
0000d530: 38 00 3a 00 3b 00 3d 00 3e 00 3f 00 40 00 41 00  8.:.;.=.>.?.@.A.
0000d540: 42 00 44 00 45 00 45 00 46 00 47 00 48 00 49 00  B.D.E.E.F.G.H.I.
0000d550: 4a 00 4a 00 4b 00 4c 00 4d 00 4d 00 4e 00 4e 00  J.J.K.L.M.M.N.N.
0000d560: 4f 00 50 00 50 00 51 00 51 00 51 00 52 00 52 00  O.P.P.Q.Q.Q.R.R.
0000d570: 53 00 53 00 54 00 54 00 54 00 55 00 55 00 55 00  S.S.T.T.T.U.U.U.
0000d580: 55 00 56 00 56 00 56 00 56 00 57 00 57 00 57 00  U.V.V.V.V.W.W.W.
0000d590: 57 00 57 00 57 00 57 00 58 00 58 00 58 00 58 00  W.W.W.W.X.X.X.X.
0000d5a0: 58 00 58 00 58 00 58 00 58 00 58 00 58 00 58 00  X.X.X.X.X.X.X.X.
0000d5b0: 58 00 58 00 58 00 58 00 58 00 58 00 58 00 58 00  X.X.X.X.X.X.X.X.
0000d5c0: 58 00 58 00 58 00 58 00 58 00 58 00 58 00 58 00  X.X.X.X.X.X.X.X.
0000d5d0: 58 00 58 00 58 00 58 00 58 00 58 00 58 00 58 00  X.X.X.X.X.X.X.X.
0000d5e0: 58 00 58 00 58 00 58 00 58 00 b0 ff b0 ff af ff  X.X.X.X.X.......
0000d5f0: af ff af ff ae ff ae ff ae ff ad ff ad ff ac ff  ................
0000d600: ac ff ac ff ab ff ab ff ab ff aa ff aa ff aa ff  ................
0000d610: a9 ff a9 ff a9 ff a8 ff a8 ff a8 ff a7 ff a7 ff  ................
0000d620: a7 ff a6 ff a6 ff a6 ff a5 ff a5 ff a5 ff a4 ff  ................
0000d630: a4 ff a4 ff a4 ff a3 ff a3 ff a3 ff a3 ff a2 ff  ................
0000d640: a2 ff a2 ff a2 ff a1 ff a1 ff a1 ff a1 ff a1 ff  ................
0000d650: a0 ff a0 ff a0 ff a0 ff a0 ff a0 ff 9f ff 9f ff  ................
0000d660: 9f ff 9f ff 9f ff 9f ff 9f ff 9f ff a0 ff a0 ff  ................
0000d670: a0 ff a0 ff a1 ff a1 ff a1 ff a2 ff a2 ff a3 ff  ................
0000d680: a4 ff a4 ff a5 ff a6 ff a7 ff a8 ff a9 ff ab ff  ................
0000d690: ac ff ad ff af ff b1 ff b2 ff b4 ff b6 ff b8 ff  ................
0000d6a0: ba ff bd ff bf ff c1 ff c4 ff c6 ff c9 ff cc ff  ................
0000d6b0: ce ff d1 ff d4 ff d6 ff d9 ff dc ff de ff e1 ff  ................
0000d6c0: e4 ff e6 ff e8 ff eb ff ed ff ef ff f1 ff f3 ff  ................
0000d6d0: f5 ff f6 ff f8 ff f9 ff fa ff fb ff fc ff fc ff  ................
0000d6e0: fd ff fe ff fe ff ff ff ff ff 00 00 01 00 01 00  ................
0000d6f0: 02 00 03 00 04 00 05 00 06 00 07 00 08 00 09 00  ................
0000d700: 0b 00 0c 00 0e 00 0f 00 11 00 12 00 14 00 16 00  ................
0000d710: 18 00 19 00 1b 00 1d 00 1f 00 21 00 23 00 25 00  ..........!.#.%.
0000d720: 27 00 29 00 2a 00 2c 00 2e 00 30 00 32 00 34 00  '.).*.,...0.2.4.
0000d730: 35 00 37 00 39 00 3a 00 3c 00 3d 00 3f 00 40 00  5.7.9.:.<.=.?.@.
0000d740: 41 00 42 00 43 00 44 00 45 00 46 00 47 00 48 00  A.B.C.D.E.F.G.H.
0000d750: 49 00 49 00 4a 00 4a 00 4b 00 4b 00 4c 00 4c 00  I.I.J.J.K.K.L.L.
0000d760: 4c 00 4d 00 4d 00 4d 00 4d 00 4d 00 4d 00 4d 00  L.M.M.M.M.M.M.M.
0000d770: 4d 00 4d 00 4d 00 4d 00 4d 00 4d 00 4d 00 4c 00  M.M.M.M.M.M.M.L.
0000d780: 4c 00 4c 00 4c 00 4b 00 4b 00 4b 00 4a 00 4a 00  L.L.L.K.K.K.J.J.
0000d790: 4a 00 49 00 49 00 48 00 48 00 48 00 47 00 47 00  J.I.I.H.H.H.G.G.
0000d7a0: 46 00 46 00 46 00 45 00 45 00 44 00 44 00 43 00  F.F.F.E.E.D.D.C.
0000d7b0: 43 00 43 00 42 00 42 00 41 00 41 00 41 00 40 00  C.C.B.B.A.A.A.@.
0000d7c0: 40 00 3f 00 3f 00 3f 00 3f 00 3e 00 3e 00 3e 00  @.?.?.?.?.>.>.>.
0000d7d0: 3d 00 3d 00 3d 00 3d 00 3d 00 3c 00 3c 00 3c 00  =.=.=.=.=.<.<.<.
0000d7e0: 3c 00 3c 00 3c 00 3c 00 3c 00 04 00 30 00 64 00  <.<.<.<.<...0.d.
0000d7f0: 74 00 7e 00 8a 00 9e 00 b6 00 fa 00 ff 00 00 00  t.~.............
0000d800: 00 00 00 00 00 00 00 00 00 00 00 00 34 00 5a 00  ............4.Z.
0000d810: 74 00 80 00 8a 00 a8 00 d4 00 fe 00 ff 00 00 00  t...............
0000d820: 00 00 00 00 00 00 00 00 00 00 01 00 04 00 01 00  ................
0000d830: 03 00 02 00 01 00 18 00 00 00 01 00 ac ff ac ff  ................
0000d840: ac ff ac ff ac ff ac ff ab ff aa ff aa ff a9 ff  ................
0000d850: a9 ff a8 ff a7 ff a7 ff a6 ff a5 ff a5 ff a4 ff  ................
0000d860: a3 ff a3 ff a2 ff a1 ff a1 ff a0 ff 9f ff 9f ff  ................
0000d870: 9e ff 9d ff 9c ff 9c ff 9b ff 9a ff 99 ff 99 ff  ................
0000d880: 98 ff 97 ff 96 ff 95 ff 94 ff 93 ff 92 ff 91 ff  ................
0000d890: 90 ff 8f ff 8e ff 8d ff 8c ff 8b ff 8a ff 89 ff  ................
0000d8a0: 88 ff 87 ff 86 ff 84 ff 83 ff 82 ff 81 ff 80 ff  ................
0000d8b0: 7f ff 7e ff 7d ff 7d ff 7c ff 7b ff 7b ff 7a ff  ..~.}.}.|.{.{.z.
0000d8c0: 7a ff 79 ff 79 ff 79 ff 79 ff 79 ff 79 ff 79 ff  z.y.y.y.y.y.y.y.
0000d8d0: 7a ff 7a ff 7b ff 7c ff 7d ff 7e ff 7f ff 81 ff  z.z.{.|.}.~.....
0000d8e0: 82 ff 84 ff 86 ff 88 ff 8b ff 8d ff 90 ff 93 ff  ................
0000d8f0: 96 ff 9a ff 9d ff a1 ff a5 ff a9 ff ad ff b1 ff  ................
0000d900: b5 ff b9 ff bd ff c2 ff c6 ff ca ff ce ff d2 ff  ................
0000d910: d6 ff da ff dd ff e1 ff e4 ff e7 ff ea ff ed ff  ................
0000d920: f0 ff f2 ff f4 ff f6 ff f7 ff f9 ff fa ff fb ff  ................
0000d930: fb ff fc ff fd ff fe ff fe ff ff ff 00 00 01 00  ................
0000d940: 02 00 03 00 05 00 06 00 08 00 0a 00 0c 00 0e 00  ................
0000d950: 10 00 13 00 15 00 18 00 1b 00 1e 00 21 00 24 00  ............!.$.
0000d960: 27 00 2a 00 2e 00 31 00 35 00 38 00 3c 00 3f 00  '.*...1.5.8.<.?.
0000d970: 43 00 46 00 4a 00 4d 00 51 00 54 00 58 00 5b 00  C.F.J.M.Q.T.X.[.
0000d980: 5e 00 61 00 64 00 67 00 6a 00 6d 00 70 00 72 00  ^.a.d.g.j.m.p.r.
0000d990: 75 00 77 00 79 00 7b 00 7d 00 7f 00 80 00 82 00  u.w.y.{.}.......
0000d9a0: 83 00 84 00 85 00 86 00 87 00 88 00 89 00 8a 00  ................
0000d9b0: 8a 00 8a 00 8b 00 8b 00 8b 00 8b 00 8b 00 8b 00  ................
0000d9c0: 8b 00 8a 00 8a 00 8a 00 89 00 89 00 88 00 87 00  ................
0000d9d0: 86 00 85 00 84 00 83 00 82 00 81 00 80 00 7f 00  ................
0000d9e0: 7e 00 7c 00 7b 00 7a 00 78 00 77 00 75 00 74 00  ~.|.{.z.x.w.u.t.
0000d9f0: 72 00 71 00 6f 00 6e 00 6c 00 6b 00 69 00 68 00  r.q.o.n.l.k.i.h.
0000da00: 66 00 65 00 63 00 62 00 60 00 5f 00 5d 00 5c 00  f.e.c.b.`._.].\.
0000da10: 5a 00 59 00 58 00 57 00 55 00 54 00 53 00 52 00  Z.Y.X.W.U.T.S.R.
0000da20: 51 00 50 00 50 00 4f 00 4e 00 4e 00 4d 00 4d 00  Q.P.P.O.N.N.M.M.
0000da30: 4c 00 4c 00 4c 00 4c 00 4c 00 4c 00 b4 ff b4 ff  L.L.L.L.L.L.....
0000da40: b4 ff b4 ff b4 ff b4 ff b4 ff b4 ff b4 ff b4 ff  ................
0000da50: b4 ff b4 ff b4 ff b4 ff b4 ff b4 ff b4 ff b4 ff  ................
0000da60: b4 ff b4 ff b3 ff b3 ff b3 ff b3 ff b3 ff b2 ff  ................
0000da70: b2 ff b2 ff b2 ff b1 ff b1 ff b1 ff b0 ff b0 ff  ................
0000da80: af ff af ff ae ff ae ff ad ff ad ff ac ff ac ff  ................
0000da90: ab ff aa ff a9 ff a9 ff a8 ff a7 ff a6 ff a6 ff  ................
0000daa0: a5 ff a4 ff a3 ff a3 ff a2 ff a1 ff a0 ff a0 ff  ................
0000dab0: 9f ff 9f ff 9e ff 9d ff 9d ff 9d ff 9c ff 9c ff  ................
0000dac0: 9c ff 9b ff 9b ff 9b ff 9b ff 9b ff 9b ff 9c ff  ................
0000dad0: 9c ff 9c ff 9d ff 9e ff 9e ff 9f ff a0 ff a1 ff  ................
0000dae0: a2 ff a4 ff a5 ff a6 ff a8 ff aa ff ac ff ae ff  ................
0000daf0: b0 ff b2 ff b5 ff b7 ff ba ff bc ff bf ff c2 ff  ................
0000db00: c4 ff c7 ff ca ff cd ff cf ff d2 ff d5 ff d8 ff  ................
0000db10: da ff dd ff e0 ff e2 ff e5 ff e7 ff ea ff ec ff  ................
0000db20: ee ff f0 ff f2 ff f4 ff f5 ff f7 ff f8 ff fa ff  ................
0000db30: fb ff fc ff fd ff fe ff ff ff 00 00 01 00 02 00  ................
0000db40: 04 00 05 00 06 00 08 00 0a 00 0b 00 0d 00 0f 00  ................
0000db50: 12 00 14 00 17 00 19 00 1c 00 1f 00 22 00 25 00  ............".%.
0000db60: 29 00 2c 00 2f 00 33 00 36 00 39 00 3d 00 40 00  ).,./.3.6.9.=.@.
0000db70: 44 00 47 00 4b 00 4e 00 51 00 55 00 58 00 5b 00  D.G.K.N.Q.U.X.[.
0000db80: 5e 00 61 00 64 00 67 00 69 00 6c 00 6e 00 71 00  ^.a.d.g.i.l.n.q.
0000db90: 73 00 76 00 78 00 7a 00 7c 00 7e 00 80 00 82 00  s.v.x.z.|.~.....
0000dba0: 84 00 85 00 87 00 88 00 8a 00 8b 00 8c 00 8d 00  ................
0000dbb0: 8f 00 90 00 91 00 91 00 92 00 93 00 94 00 94 00  ................
0000dbc0: 95 00 95 00 95 00 95 00 96 00 96 00 96 00 96 00  ................
0000dbd0: 95 00 95 00 95 00 94 00 94 00 93 00 93 00 92 00  ................
0000dbe0: 91 00 90 00 8f 00 8e 00 8d 00 8c 00 8b 00 8a 00  ................
0000dbf0: 88 00 87 00 85 00 83 00 82 00 80 00 7e 00 7c 00  ............~.|.
0000dc00: 7a 00 78 00 76 00 74 00 72 00 70 00 6d 00 6b 00  z.x.v.t.r.p.m.k.
0000dc10: 69 00 66 00 64 00 62 00 5f 00 5c 00 5a 00 57 00  i.f.d.b._.\.Z.W.
0000dc20: 55 00 52 00 4f 00 4d 00 4a 00 47 00 44 00 42 00  U.R.O.M.J.G.D.B.
0000dc30: 3f 00 3c 00 39 00 36 00 34 00 30 00 04 00 2e 00  ?.<.9.6.4.0.....
0000dc40: 58 00 74 00 80 00 88 00 a8 00 ce 00 fc 00 ff 00  X.t.............
0000dc50: 00 00 00 00 00 00 00 00 00 00 00 00 00 00 28 00  ..............(.
0000dc60: 56 00 76 00 80 00 88 00 a0 00 d6 00 ff 00 00 00  V.v.............
0000dc70: 00 00 00 00 00 00 00 00 00 00 00 00 01 00 04 00  ................
0000dc80: 01 00 03 00 02 00 01 00 18 00 00 00 01 00 b0 ff  ................
0000dc90: b0 ff b0 ff af ff af ff af ff ae ff ae ff ae ff  ................
0000dca0: ad ff ad ff ad ff ac ff ac ff ac ff ab ff ab ff  ................
0000dcb0: ab ff aa ff aa ff a9 ff a9 ff a9 ff a8 ff a8 ff  ................
0000dcc0: a8 ff a7 ff a7 ff a6 ff a6 ff a6 ff a5 ff a5 ff  ................
0000dcd0: a4 ff a4 ff a3 ff a3 ff a2 ff a2 ff a1 ff a1 ff  ................
0000dce0: a0 ff a0 ff 9f ff 9f ff 9e ff 9d ff 9d ff 9c ff  ................
0000dcf0: 9c ff 9b ff 9a ff 9a ff 99 ff 98 ff 98 ff 97 ff  ................
0000dd00: 97 ff 96 ff 96 ff 95 ff 95 ff 94 ff 94 ff 94 ff  ................
0000dd10: 93 ff 93 ff 93 ff 93 ff 93 ff 93 ff 94 ff 94 ff  ................
0000dd20: 94 ff 95 ff 95 ff 96 ff 97 ff 98 ff 99 ff 9a ff  ................
0000dd30: 9b ff 9d ff 9e ff a0 ff a2 ff a4 ff a6 ff a8 ff  ................
0000dd40: ab ff ad ff b0 ff b3 ff b6 ff b9 ff bc ff bf ff  ................
0000dd50: c2 ff c6 ff c9 ff cc ff d0 ff d3 ff d6 ff da ff  ................
0000dd60: dd ff e0 ff e3 ff e6 ff e9 ff eb ff ee ff f0 ff  ................
0000dd70: f3 ff f5 ff f6 ff f8 ff f9 ff fb ff fc ff fd ff  ................
0000dd80: fd ff fe ff ff ff ff ff 00 00 00 00 00 00 01 00  ................
0000dd90: 01 00 02 00 03 00 03 00 04 00 05 00 06 00 06 00  ................
0000dda0: 07 00 09 00 0a 00 0b 00 0c 00 0e 00 0f 00 11 00  ................
0000ddb0: 13 00 15 00 16 00 18 00 1a 00 1c 00 1e 00 21 00  ..............!.
0000ddc0: 23 00 25 00 27 00 29 00 2c 00 2e 00 30 00 32 00  #.%.'.).,...0.2.
0000ddd0: 35 00 37 00 39 00 3b 00 3e 00 40 00 42 00 44 00  5.7.9.;.>.@.B.D.
0000dde0: 46 00 48 00 4a 00 4c 00 4e 00 4f 00 51 00 53 00  F.H.J.L.N.O.Q.S.
0000ddf0: 54 00 56 00 57 00 59 00 5a 00 5b 00 5d 00 5e 00  T.V.W.Y.Z.[.].^.
0000de00: 5f 00 60 00 61 00 62 00 63 00 64 00 65 00 65 00  _.`.a.b.c.d.e.e.
0000de10: 66 00 67 00 67 00 68 00 69 00 69 00 69 00 6a 00  f.g.g.h.i.i.i.j.
0000de20: 6a 00 6b 00 6b 00 6b 00 6b 00 6b 00 6c 00 6c 00  j.k.k.k.k.k.l.l.
0000de30: 6c 00 6c 00 6c 00 6c 00 6c 00 6b 00 6b 00 6b 00  l.l.l.l.l.k.k.k.
0000de40: 6b 00 6b 00 6a 00 6a 00 6a 00 69 00 69 00 69 00  k.k.j.j.j.i.i.i.
0000de50: 68 00 68 00 67 00 67 00 66 00 66 00 65 00 65 00  h.h.g.g.f.f.e.e.
0000de60: 64 00 63 00 63 00 62 00 62 00 61 00 60 00 5f 00  d.c.c.b.b.a.`._.
0000de70: 5f 00 5e 00 5d 00 5d 00 5c 00 5b 00 5a 00 5a 00  _.^.].].\.[.Z.Z.
0000de80: 59 00 58 00 57 00 56 00 56 00 55 00 54 00 b0 ff  Y.X.W.V.V.U.T...
0000de90: b0 ff af ff ae ff ae ff ad ff ad ff ac ff ab ff  ................
0000dea0: ab ff aa ff aa ff a9 ff a9 ff a8 ff a8 ff a7 ff  ................
0000deb0: a7 ff a6 ff a6 ff a5 ff a5 ff a4 ff a4 ff a3 ff  ................
0000dec0: a3 ff a3 ff a2 ff a2 ff a2 ff a1 ff a1 ff a1 ff  ................
0000ded0: a1 ff a0 ff a0 ff a0 ff a0 ff a0 ff a0 ff 9f ff  ................
0000dee0: 9f ff 9f ff 9f ff 9f ff 9f ff 9f ff a0 ff a0 ff  ................
0000def0: a0 ff a0 ff a0 ff a1 ff a1 ff a1 ff a2 ff a2 ff  ................
0000df00: a2 ff a3 ff a3 ff a4 ff a5 ff a5 ff a6 ff a7 ff  ................
0000df10: a7 ff a8 ff a9 ff aa ff ab ff ac ff ad ff ae ff  ................
0000df20: af ff b0 ff b1 ff b3 ff b4 ff b5 ff b7 ff b8 ff  ................
0000df30: b9 ff bb ff bc ff be ff c0 ff c1 ff c3 ff c4 ff  ................
0000df40: c6 ff c8 ff c9 ff cb ff cd ff cf ff d0 ff d2 ff  ................
0000df50: d4 ff d6 ff d7 ff d9 ff db ff dd ff de ff e0 ff  ................
0000df60: e2 ff e3 ff e5 ff e7 ff e8 ff ea ff eb ff ed ff  ................
0000df70: ee ff f0 ff f1 ff f3 ff f4 ff f5 ff f7 ff f8 ff  ................
0000df80: f9 ff fa ff fb ff fc ff fd ff fe ff ff ff 00 00  ................
0000df90: 01 00 02 00 02 00 03 00 04 00 04 00 05 00 06 00  ................
0000dfa0: 07 00 07 00 08 00 09 00 0a 00 0b 00 0d 00 0e 00  ................
0000dfb0: 0f 00 11 00 12 00 14 00 15 00 17 00 18 00 1a 00  ................
0000dfc0: 1c 00 1d 00 1f 00 21 00 23 00 24 00 26 00 28 00  ......!.#.$.&.(.
0000dfd0: 2a 00 2c 00 2e 00 2f 00 31 00 33 00 35 00 37 00  *.,.../.1.3.5.7.
0000dfe0: 39 00 3a 00 3c 00 3e 00 40 00 41 00 43 00 45 00  9.:.<.>.@.A.C.E.
0000dff0: 46 00 48 00 49 00 4b 00 4c 00 4d 00 4e 00 50 00  F.H.I.K.L.M.N.P.
0000e000: 51 00 52 00 53 00 54 00 55 00 56 00 56 00 57 00  Q.R.S.T.U.V.V.W.
0000e010: 58 00 58 00 59 00 5a 00 5a 00 5b 00 5b 00 5b 00  X.X.Y.Z.Z.[.[.[.
0000e020: 5c 00 5c 00 5c 00 5d 00 5d 00 5d 00 5d 00 5d 00  \.\.\.].].].].].
0000e030: 5d 00 5d 00 5d 00 5d 00 5d 00 5d 00 5d 00 5d 00  ].].].].].].].].
0000e040: 5d 00 5d 00 5d 00 5c 00 5c 00 5c 00 5c 00 5c 00  ].].].\.\.\.\.\.
0000e050: 5b 00 5b 00 5b 00 5b 00 5a 00 5a 00 5a 00 59 00  [.[.[.[.Z.Z.Z.Y.
0000e060: 59 00 59 00 59 00 58 00 58 00 58 00 58 00 57 00  Y.Y.Y.X.X.X.X.W.
0000e070: 57 00 57 00 57 00 56 00 56 00 56 00 56 00 56 00  W.W.W.V.V.V.V.V.
0000e080: 56 00 55 00 55 00 55 00 55 00 55 00 55 00 00 00  V.U.U.U.U.U.U...
0000e090: 30 00 58 00 74 00 7e 00 8a 00 ac 00 ff 00 00 00  0.X.t.~.........
0000e0a0: 00 00 00 00 00 00 00 00 00 00 00 00 00 00 00 00  ................
0000e0b0: 4a 00 76 00 80 00 8a 00 b6 00 fe 00 ff 00 00 00  J.v.............
0000e0c0: 00 00 00 00 00 00 00 00 00 00 00 00 00 00 01 00  ................
0000e0d0: 04 00 01 00 03 00 02 00 01 00 18 00 00 00 01 00  ................
0000e0e0: b4 ff b4 ff b4 ff b4 ff b4 ff b4 ff b4 ff b4 ff  ................
0000e0f0: b4 ff b4 ff b4 ff b4 ff b4 ff b4 ff b4 ff b4 ff  ................
0000e100: b5 ff b5 ff b5 ff b5 ff b5 ff b6 ff b6 ff b6 ff  ................
0000e110: b5 ff b5 ff b5 ff b5 ff b4 ff b4 ff b3 ff b2 ff  ................
0000e120: b1 ff b0 ff af ff ae ff ac ff aa ff a9 ff a7 ff  ................
0000e130: a4 ff a2 ff a0 ff 9d ff 9b ff 98 ff 96 ff 93 ff  ................
0000e140: 90 ff 8e ff 8b ff 88 ff 85 ff 83 ff 80 ff 7e ff  ..............~.
0000e150: 7b ff 79 ff 77 ff 74 ff 72 ff 71 ff 6f ff 6d ff  {.y.w.t.r.q.o.m.
0000e160: 6c ff 6b ff 6a ff 69 ff 69 ff 68 ff 68 ff 69 ff  l.k.j.i.i.h.h.i.
0000e170: 69 ff 6a ff 6b ff 6c ff 6e ff 6f ff 71 ff 73 ff  i.j.k.l.n.o.q.s.
0000e180: 76 ff 78 ff 7b ff 7d ff 80 ff 83 ff 87 ff 8a ff  v.x.{.}.........
0000e190: 8d ff 91 ff 94 ff 98 ff 9c ff a0 ff a3 ff a7 ff  ................
0000e1a0: ab ff af ff b3 ff b7 ff bb ff bf ff c3 ff c6 ff  ................
0000e1b0: ca ff ce ff d1 ff d5 ff d8 ff dc ff df ff e2 ff  ................
0000e1c0: e5 ff e8 ff eb ff ed ff f0 ff f2 ff f4 ff f6 ff  ................
0000e1d0: f8 ff f9 ff fa ff fc ff fd ff fe ff fe ff ff ff  ................
0000e1e0: 00 00 01 00 01 00 02 00 03 00 04 00 04 00 05 00  ................
0000e1f0: 06 00 07 00 09 00 0a 00 0c 00 0e 00 10 00 12 00  ................
0000e200: 15 00 17 00 1a 00 1d 00 20 00 23 00 26 00 29 00  ........ .#.&.).
0000e210: 2c 00 30 00 33 00 36 00 39 00 3c 00 3e 00 41 00  ,.0.3.6.9.<.>.A.
0000e220: 44 00 46 00 48 00 4a 00 4c 00 4e 00 4f 00 50 00  D.F.H.J.L.N.O.P.
0000e230: 51 00 52 00 52 00 52 00 52 00 51 00 50 00 50 00  Q.R.R.R.R.Q.P.P.
0000e240: 4f 00 4d 00 4c 00 4b 00 49 00 48 00 47 00 45 00  O.M.L.K.I.H.G.E.
0000e250: 44 00 42 00 41 00 40 00 3f 00 3e 00 3d 00 3c 00  D.B.A.@.?.>.=.<.
0000e260: 3c 00 3b 00 3a 00 3a 00 3a 00 39 00 39 00 39 00  <.;.:.:.:.9.9.9.
0000e270: 39 00 38 00 38 00 38 00 38 00 38 00 38 00 38 00  9.8.8.8.8.8.8.8.
0000e280: 38 00 38 00 39 00 39 00 39 00 39 00 39 00 39 00  8.8.9.9.9.9.9.9.
0000e290: 39 00 39 00 39 00 39 00 39 00 39 00 39 00 39 00  9.9.9.9.9.9.9.9.
0000e2a0: 39 00 39 00 39 00 39 00 38 00 38 00 38 00 37 00  9.9.9.9.8.8.8.7.
0000e2b0: 37 00 36 00 36 00 35 00 35 00 34 00 33 00 33 00  7.6.6.5.5.4.3.3.
0000e2c0: 32 00 31 00 31 00 30 00 2f 00 2e 00 2e 00 2d 00  2.1.1.0./.....-.
0000e2d0: 2c 00 2b 00 2a 00 2a 00 29 00 28 00 27 00 27 00  ,.+.*.*.).(.'.'.
0000e2e0: 00 00 00 00 00 00 00 00 00 00 00 00 00 00 00 00  ................
0000e2f0: 00 00 00 00 00 00 00 00 00 00 00 00 00 00 00 00  ................
0000e300: 00 00 00 00 00 00 00 00 00 00 00 00 00 00 00 00  ................
0000e310: 00 00 00 00 00 00 00 00 00 00 00 00 00 00 00 00  ................
0000e320: 00 00 00 00 00 00 00 00 00 00 00 00 00 00 00 00  ................
0000e330: 00 00 00 00 00 00 00 00 00 00 00 00 00 00 00 00  ................
0000e340: 00 00 00 00 00 00 00 00 00 00 00 00 00 00 00 00  ................
0000e350: 00 00 00 00 00 00 00 00 00 00 00 00 00 00 00 00  ................
0000e360: 00 00 00 00 00 00 00 00 00 00 00 00 00 00 00 00  ................
0000e370: 00 00 00 00 00 00 00 00 00 00 00 00 00 00 00 00  ................
0000e380: 00 00 00 00 00 00 00 00 00 00 00 00 00 00 00 00  ................
0000e390: 00 00 00 00 00 00 00 00 00 00 00 00 00 00 00 00  ................
0000e3a0: 00 00 00 00 00 00 00 00 00 00 00 00 00 00 00 00  ................
0000e3b0: 00 00 00 00 00 00 00 00 00 00 00 00 00 00 00 00  ................
0000e3c0: 00 00 00 00 00 00 00 00 00 00 00 00 00 00 00 00  ................
0000e3d0: 00 00 00 00 00 00 00 00 00 00 00 00 00 00 00 00  ................
0000e3e0: 00 00 00 00 00 00 00 00 00 00 00 00 00 00 00 00  ................
0000e3f0: 00 00 00 00 00 00 00 00 00 00 00 00 00 00 00 00  ................
0000e400: 00 00 00 00 00 00 00 00 00 00 00 00 00 00 00 00  ................
0000e410: 00 00 00 00 00 00 00 00 00 00 00 00 00 00 00 00  ................
0000e420: 00 00 00 00 00 00 00 00 00 00 00 00 00 00 00 00  ................
0000e430: 00 00 00 00 00 00 00 00 00 00 00 00 00 00 00 00  ................
0000e440: 00 00 00 00 00 00 00 00 00 00 00 00 00 00 00 00  ................
0000e450: 00 00 00 00 00 00 00 00 00 00 00 00 00 00 00 00  ................
0000e460: 00 00 00 00 00 00 00 00 00 00 00 00 00 00 00 00  ................
0000e470: 00 00 00 00 00 00 00 00 00 00 00 00 00 00 00 00  ................
0000e480: 00 00 00 00 00 00 00 00 00 00 00 00 00 00 00 00  ................
0000e490: 00 00 00 00 00 00 00 00 00 00 00 00 00 00 00 00  ................
0000e4a0: 00 00 00 00 00 00 00 00 00 00 00 00 00 00 00 00  ................
0000e4b0: 00 00 00 00 00 00 00 00 00 00 00 00 00 00 00 00  ................
0000e4c0: 00 00 00 00 00 00 00 00 00 00 00 00 00 00 00 00  ................
0000e4d0: 00 00 00 00 00 00 00 00 00 00 00 00 00 00 00 00  ................
0000e4e0: 0e 00 24 00 46 00 76 00 80 00 8c 00 a8 00 ba 00  ..$.F.v.........
0000e4f0: e0 00 fe 00 ff 00 00 00 00 00 00 00 00 00 00 00  ................
0000e500: 00 00 ff 00 00 00 00 00 00 00 00 00 00 00 00 00  ................
0000e510: 00 00 00 00 00 00 00 00 00 00 00 00 00 00 00 00  ................
0000e520: 01 00 04 00 01 00 03 00 02 00 01 00 18 00 00 00  ................
0000e530: 01 00 a4 ff a4 ff a4 ff a4 ff a4 ff a4 ff a3 ff  ................
0000e540: a3 ff a3 ff a3 ff a3 ff a3 ff a3 ff a3 ff a3 ff  ................
0000e550: a3 ff a3 ff a3 ff a3 ff a3 ff a3 ff a3 ff a3 ff  ................
0000e560: a3 ff a3 ff a3 ff a3 ff a3 ff a3 ff a3 ff a4 ff  ................
0000e570: a4 ff a4 ff a4 ff a5 ff a5 ff a5 ff a6 ff a6 ff  ................
0000e580: a7 ff a7 ff a8 ff a8 ff a9 ff a9 ff aa ff ab ff  ................
0000e590: ab ff ac ff ad ff ae ff af ff b0 ff b0 ff b1 ff  ................
0000e5a0: b2 ff b3 ff b4 ff b6 ff b7 ff b8 ff b9 ff ba ff  ................
0000e5b0: bb ff bc ff be ff bf ff c0 ff c1 ff c3 ff c4 ff  ................
0000e5c0: c5 ff c7 ff c8 ff c9 ff cb ff cc ff cd ff cf ff  ................
0000e5d0: d0 ff d2 ff d3 ff d4 ff d6 ff d7 ff d8 ff da ff  ................
0000e5e0: db ff dd ff de ff df ff e1 ff e2 ff e3 ff e4 ff  ................
0000e5f0: e6 ff e7 ff e8 ff e9 ff eb ff ec ff ed ff ee ff  ................
0000e600: ef ff f0 ff f1 ff f2 ff f3 ff f4 ff f5 ff f6 ff  ................
0000e610: f7 ff f7 ff f8 ff f9 ff fa ff fa ff fb ff fc ff  ................
0000e620: fc ff fd ff fe ff fe ff ff ff ff ff 00 00 00 00  ................
0000e630: 00 00 01 00 01 00 02 00 02 00 02 00 03 00 03 00  ................
0000e640: 03 00 04 00 04 00 04 00 05 00 05 00 05 00 05 00  ................
0000e650: 06 00 06 00 06 00 07 00 07 00 07 00 08 00 08 00  ................
0000e660: 08 00 09 00 09 00 09 00 0a 00 0a 00 0b 00 0b 00  ................
0000e670: 0b 00 0c 00 0c 00 0d 00 0d 00 0e 00 0e 00 0f 00  ................
0000e680: 0f 00 10 00 11 00 11 00 12 00 12 00 13 00 13 00  ................
0000e690: 14 00 14 00 15 00 15 00 16 00 17 00 17 00 18 00  ................
0000e6a0: 18 00 19 00 19 00 1a 00 1a 00 1b 00 1b 00 1c 00  ................
0000e6b0: 1c 00 1c 00 1d 00 1d 00 1e 00 1e 00 1e 00 1f 00  ................
0000e6c0: 1f 00 1f 00 20 00 20 00 20 00 21 00 21 00 21 00  .... . . .!.!.!.
0000e6d0: 21 00 21 00 22 00 22 00 22 00 22 00 22 00 23 00  !.!.".".".".".#.
0000e6e0: 23 00 23 00 23 00 23 00 23 00 23 00 23 00 23 00  #.#.#.#.#.#.#.#.
0000e6f0: 24 00 24 00 24 00 24 00 24 00 24 00 24 00 24 00  $.$.$.$.$.$.$.$.
0000e700: 24 00 24 00 24 00 24 00 24 00 24 00 24 00 24 00  $.$.$.$.$.$.$.$.
0000e710: 24 00 24 00 24 00 24 00 24 00 24 00 24 00 24 00  $.$.$.$.$.$.$.$.
0000e720: 24 00 24 00 24 00 24 00 24 00 24 00 24 00 24 00  $.$.$.$.$.$.$.$.
0000e730: 24 00 00 00 00 00 00 00 00 00 00 00 00 00 00 00  $...............
0000e740: 00 00 00 00 00 00 00 00 00 00 00 00 00 00 00 00  ................
0000e750: 00 00 00 00 00 00 00 00 00 00 00 00 00 00 00 00  ................
0000e760: 00 00 00 00 00 00 00 00 00 00 00 00 00 00 00 00  ................
0000e770: 00 00 00 00 00 00 00 00 00 00 00 00 00 00 00 00  ................
0000e780: 00 00 00 00 00 00 00 00 00 00 00 00 00 00 00 00  ................
0000e790: 00 00 00 00 00 00 00 00 00 00 00 00 00 00 00 00  ................
0000e7a0: 00 00 00 00 00 00 00 00 00 00 00 00 00 00 00 00  ................
0000e7b0: 00 00 00 00 00 00 00 00 00 00 00 00 00 00 00 00  ................
0000e7c0: 00 00 00 00 00 00 00 00 00 00 00 00 00 00 00 00  ................
0000e7d0: 00 00 00 00 00 00 00 00 00 00 00 00 00 00 00 00  ................
0000e7e0: 00 00 00 00 00 00 00 00 00 00 00 00 00 00 00 00  ................
0000e7f0: 00 00 00 00 00 00 00 00 00 00 00 00 00 00 00 00  ................
0000e800: 00 00 00 00 00 00 00 00 00 00 00 00 00 00 00 00  ................
0000e810: 00 00 00 00 00 00 00 00 00 00 00 00 00 00 00 00  ................
0000e820: 00 00 00 00 00 00 00 00 00 00 00 00 00 00 00 00  ................
0000e830: 00 00 00 00 00 00 00 00 00 00 00 00 00 00 00 00  ................
0000e840: 00 00 00 00 00 00 00 00 00 00 00 00 00 00 00 00  ................
0000e850: 00 00 00 00 00 00 00 00 00 00 00 00 00 00 00 00  ................
0000e860: 00 00 00 00 00 00 00 00 00 00 00 00 00 00 00 00  ................
0000e870: 00 00 00 00 00 00 00 00 00 00 00 00 00 00 00 00  ................
0000e880: 00 00 00 00 00 00 00 00 00 00 00 00 00 00 00 00  ................
0000e890: 00 00 00 00 00 00 00 00 00 00 00 00 00 00 00 00  ................
0000e8a0: 00 00 00 00 00 00 00 00 00 00 00 00 00 00 00 00  ................
0000e8b0: 00 00 00 00 00 00 00 00 00 00 00 00 00 00 00 00  ................
0000e8c0: 00 00 00 00 00 00 00 00 00 00 00 00 00 00 00 00  ................
0000e8d0: 00 00 00 00 00 00 00 00 00 00 00 00 00 00 00 00  ................
0000e8e0: 00 00 00 00 00 00 00 00 00 00 00 00 00 00 00 00  ................
0000e8f0: 00 00 00 00 00 00 00 00 00 00 00 00 00 00 00 00  ................
0000e900: 00 00 00 00 00 00 00 00 00 00 00 00 00 00 00 00  ................
0000e910: 00 00 00 00 00 00 00 00 00 00 00 00 00 00 00 00  ................
0000e920: 00 00 00 00 00 00 00 00 00 00 00 00 00 00 00 00  ................
0000e930: 00 00 00 00 30 00 4c 00 6c 00 7e 00 9a 00 c2 00  ....0.L.l.~.....
0000e940: fe 00 ff 00 00 00 00 00 00 00 00 00 00 00 00 00  ................
0000e950: 00 00 00 00 ff 00 00 00 00 00 00 00 00 00 00 00  ................
0000e960: 00 00 00 00 00 00 00 00 00 00 00 00 00 00 00 00  ................
0000e970: 00 00 01 00 04 00 01 00 03 00 02 00 01 00 18 00  ................
0000e980: 00 00 01 00 c0 ff c0 ff c0 ff c0 ff c0 ff c0 ff  ................
0000e990: c0 ff bf ff bf ff bf ff bf ff bf ff bf ff bf ff  ................
0000e9a0: bf ff bf ff bf ff bf ff bf ff bf ff bf ff bf ff  ................
0000e9b0: bf ff bf ff bf ff bf ff bf ff bf ff bf ff bf ff  ................
0000e9c0: bf ff bf ff bf ff bf ff bf ff c0 ff c0 ff c0 ff  ................
0000e9d0: c0 ff c0 ff c1 ff c1 ff c1 ff c1 ff c2 ff c2 ff  ................
0000e9e0: c2 ff c3 ff c3 ff c4 ff c4 ff c5 ff c5 ff c6 ff  ................
0000e9f0: c6 ff c7 ff c7 ff c8 ff c8 ff c9 ff ca ff ca ff  ................
0000ea00: cb ff cc ff cc ff cd ff ce ff ce ff cf ff d0 ff  ................
0000ea10: d1 ff d2 ff d2 ff d3 ff d4 ff d5 ff d6 ff d6 ff  ................
0000ea20: d7 ff d8 ff d9 ff da ff db ff dc ff dd ff dd ff  ................
0000ea30: de ff df ff e0 ff e1 ff e2 ff e3 ff e4 ff e5 ff  ................
0000ea40: e5 ff e6 ff e7 ff e8 ff e9 ff ea ff eb ff ec ff  ................
0000ea50: ec ff ed ff ee ff ef ff f0 ff f1 ff f1 ff f2 ff  ................
0000ea60: f3 ff f4 ff f4 ff f5 ff f6 ff f7 ff f7 ff f8 ff  ................
0000ea70: f9 ff f9 ff fa ff fb ff fb ff fc ff fd ff fd ff  ................
0000ea80: fe ff fe ff ff ff ff ff 00 00 00 00 00 00 01 00  ................
0000ea90: 01 00 02 00 02 00 02 00 03 00 03 00 04 00 04 00  ................
0000eaa0: 04 00 05 00 05 00 05 00 06 00 06 00 07 00 07 00  ................
0000eab0: 08 00 08 00 08 00 09 00 09 00 0a 00 0a 00 0b 00  ................
0000eac0: 0b 00 0c 00 0d 00 0d 00 0e 00 0e 00 0f 00 0f 00  ................
0000ead0: 10 00 10 00 11 00 12 00 12 00 13 00 13 00 14 00  ................
0000eae0: 15 00 15 00 16 00 16 00 17 00 17 00 18 00 19 00  ................
0000eaf0: 19 00 1a 00 1a 00 1b 00 1b 00 1c 00 1d 00 1d 00  ................
0000eb00: 1e 00 1e 00 1f 00 1f 00 20 00 20 00 21 00 21 00  ........ . .!.!.
0000eb10: 21 00 22 00 22 00 23 00 23 00 23 00 24 00 24 00  !.".".#.#.#.$.$.
0000eb20: 24 00 25 00 25 00 25 00 26 00 26 00 26 00 26 00  $.%.%.%.&.&.&.&.
0000eb30: 26 00 26 00 27 00 27 00 27 00 27 00 27 00 27 00  &.&.'.'.'.'.'.'.
0000eb40: 27 00 27 00 27 00 27 00 27 00 27 00 27 00 27 00  '.'.'.'.'.'.'.'.
0000eb50: 26 00 26 00 26 00 26 00 26 00 26 00 26 00 26 00  &.&.&.&.&.&.&.&.
0000eb60: 25 00 25 00 25 00 25 00 25 00 25 00 25 00 25 00  %.%.%.%.%.%.%.%.
0000eb70: 24 00 24 00 24 00 24 00 24 00 24 00 24 00 24 00  $.$.$.$.$.$.$.$.
0000eb80: 24 00 24 00 00 00 00 00 00 00 00 00 00 00 00 00  $.$.............
0000eb90: 00 00 00 00 00 00 00 00 00 00 00 00 00 00 00 00  ................
0000eba0: 00 00 00 00 00 00 00 00 00 00 00 00 00 00 00 00  ................
0000ebb0: 00 00 00 00 00 00 00 00 00 00 00 00 00 00 00 00  ................
0000ebc0: 00 00 00 00 00 00 00 00 00 00 00 00 00 00 00 00  ................
0000ebd0: 00 00 00 00 00 00 00 00 00 00 00 00 00 00 00 00  ................
0000ebe0: 00 00 00 00 00 00 00 00 00 00 00 00 00 00 00 00  ................
0000ebf0: 00 00 00 00 00 00 00 00 00 00 00 00 00 00 00 00  ................
0000ec00: 00 00 00 00 00 00 00 00 00 00 00 00 00 00 00 00  ................
0000ec10: 00 00 00 00 00 00 00 00 00 00 00 00 00 00 00 00  ................
0000ec20: 00 00 00 00 00 00 00 00 00 00 00 00 00 00 00 00  ................
0000ec30: 00 00 00 00 00 00 00 00 00 00 00 00 00 00 00 00  ................
0000ec40: 00 00 00 00 00 00 00 00 00 00 00 00 00 00 00 00  ................
0000ec50: 00 00 00 00 00 00 00 00 00 00 00 00 00 00 00 00  ................
0000ec60: 00 00 00 00 00 00 00 00 00 00 00 00 00 00 00 00  ................
0000ec70: 00 00 00 00 00 00 00 00 00 00 00 00 00 00 00 00  ................
0000ec80: 00 00 00 00 00 00 00 00 00 00 00 00 00 00 00 00  ................
0000ec90: 00 00 00 00 00 00 00 00 00 00 00 00 00 00 00 00  ................
0000eca0: 00 00 00 00 00 00 00 00 00 00 00 00 00 00 00 00  ................
0000ecb0: 00 00 00 00 00 00 00 00 00 00 00 00 00 00 00 00  ................
0000ecc0: 00 00 00 00 00 00 00 00 00 00 00 00 00 00 00 00  ................
0000ecd0: 00 00 00 00 00 00 00 00 00 00 00 00 00 00 00 00  ................
0000ece0: 00 00 00 00 00 00 00 00 00 00 00 00 00 00 00 00  ................
0000ecf0: 00 00 00 00 00 00 00 00 00 00 00 00 00 00 00 00  ................
0000ed00: 00 00 00 00 00 00 00 00 00 00 00 00 00 00 00 00  ................
0000ed10: 00 00 00 00 00 00 00 00 00 00 00 00 00 00 00 00  ................
0000ed20: 00 00 00 00 00 00 00 00 00 00 00 00 00 00 00 00  ................
0000ed30: 00 00 00 00 00 00 00 00 00 00 00 00 00 00 00 00  ................
0000ed40: 00 00 00 00 00 00 00 00 00 00 00 00 00 00 00 00  ................
0000ed50: 00 00 00 00 00 00 00 00 00 00 00 00 00 00 00 00  ................
0000ed60: 00 00 00 00 00 00 00 00 00 00 00 00 00 00 00 00  ................
0000ed70: 00 00 00 00 00 00 00 00 00 00 00 00 00 00 00 00  ................
0000ed80: 00 00 00 00 00 00 32 00 80 00 94 00 d8 00 fe 00  ......2.........
0000ed90: ff 00 00 00 00 00 00 00 00 00 00 00 00 00 00 00  ................
0000eda0: 00 00 00 00 00 00 ff 00 00 00 00 00 00 00 00 00  ................
0000edb0: 00 00 00 00 00 00 00 00 00 00 00 00 00 00 00 00  ................
0000edc0: 00 00 00 00 01 00 04 00 01 00 03 00 02 00 01 00  ................
0000edd0: 18 00 01 00 01 00 00 00 ff ff fe ff fd ff fc ff  ................
0000ede0: fa ff f9 ff f8 ff f7 ff f6 ff f5 ff f3 ff f2 ff  ................
0000edf0: f1 ff f0 ff ef ff ee ff ed ff ec ff eb ff ea ff  ................
0000ee00: e9 ff e8 ff e7 ff e6 ff e5 ff e5 ff e4 ff e3 ff  ................
0000ee10: e2 ff e2 ff e1 ff e1 ff e0 ff df ff df ff df ff  ................
0000ee20: de ff de ff dd ff dd ff dd ff dd ff dd ff dd ff  ................
0000ee30: dd ff dd ff dd ff dd ff dd ff dd ff dd ff de ff  ................
0000ee40: de ff de ff de ff df ff df ff e0 ff e0 ff e1 ff  ................
0000ee50: e1 ff e2 ff e2 ff e3 ff e3 ff e4 ff e4 ff e5 ff  ................
0000ee60: e6 ff e6 ff e7 ff e8 ff e8 ff e9 ff ea ff ea ff  ................
0000ee70: eb ff ec ff ed ff ed ff ee ff ef ff f0 ff f0 ff  ................
0000ee80: f1 ff f2 ff f2 ff f3 ff f4 ff f5 ff f5 ff f6 ff  ................
0000ee90: f7 ff f7 ff f8 ff f8 ff f9 ff fa ff fa ff fb ff  ................
0000eea0: fb ff fc ff fc ff fd ff fd ff fe ff fe ff fe ff  ................
0000eeb0: ff ff ff ff ff ff ff ff ff ff 00 00 00 00 00 00  ................
0000eec0: 00 00 00 00 00 00 00 00 00 00 00 00 00 00 00 00  ................
0000eed0: 00 00 00 00 ff ff ff ff ff ff ff ff ff ff ff ff  ................
0000eee0: ff ff ff ff ff ff ff ff ff ff ff ff ff ff ff ff  ................
0000eef0: 00 00 00 00 00 00 00 00 01 00 01 00 01 00 02 00  ................
0000ef00: 02 00 03 00 03 00 04 00 04 00 05 00 05 00 06 00  ................
0000ef10: 07 00 07 00 08 00 09 00 09 00 0a 00 0b 00 0b 00  ................
0000ef20: 0c 00 0d 00 0e 00 0e 00 0f 00 10 00 11 00 11 00  ................
0000ef30: 12 00 13 00 14 00 14 00 15 00 16 00 17 00 17 00  ................
0000ef40: 18 00 19 00 19 00 1a 00 1b 00 1b 00 1c 00 1d 00  ................
0000ef50: 1d 00 1e 00 1e 00 1f 00 20 00 20 00 20 00 21 00  ........ . . .!.
0000ef60: 21 00 22 00 22 00 22 00 23 00 23 00 23 00 23 00  !.".".".#.#.#.#.
0000ef70: 24 00 24 00 24 00 24 00 24 00 24 00 24 00 24 00  $.$.$.$.$.$.$.$.
0000ef80: 23 00 23 00 23 00 23 00 22 00 22 00 22 00 21 00  #.#.#.#.".".".!.
0000ef90: 21 00 20 00 20 00 1f 00 1e 00 1e 00 1d 00 1c 00  !. . ...........
0000efa0: 1b 00 1b 00 1a 00 19 00 18 00 17 00 16 00 15 00  ................
0000efb0: 14 00 13 00 12 00 11 00 10 00 0f 00 0e 00 0d 00  ................
0000efc0: 0c 00 0b 00 0a 00 09 00 07 00 06 00 05 00 04 00  ................
0000efd0: 03 00 02 00 00 00 00 00 ff ff fe ff fc ff fb ff  ................
0000efe0: fa ff f8 ff f7 ff f6 ff f4 ff f3 ff f2 ff f1 ff  ................
0000eff0: ef ff ee ff ed ff ec ff eb ff e9 ff e8 ff e7 ff  ................
0000f000: e6 ff e5 ff e4 ff e3 ff e2 ff e1 ff e0 ff df ff  ................
0000f010: de ff dd ff dd ff dc ff db ff db ff da ff d9 ff  ................
0000f020: d9 ff d8 ff d8 ff d8 ff d7 ff d7 ff d7 ff d6 ff  ................
0000f030: d6 ff d6 ff d6 ff d6 ff d6 ff d6 ff d7 ff d7 ff  ................
0000f040: d7 ff d7 ff d8 ff d8 ff d9 ff d9 ff d9 ff da ff  ................
0000f050: db ff db ff dc ff dc ff dd ff de ff de ff df ff  ................
0000f060: e0 ff e1 ff e1 ff e2 ff e3 ff e4 ff e5 ff e6 ff  ................
0000f070: e6 ff e7 ff e8 ff e9 ff ea ff eb ff ec ff ed ff  ................
0000f080: ed ff ee ff ef ff f0 ff f1 ff f2 ff f3 ff f3 ff  ................
0000f090: f4 ff f5 ff f6 ff f7 ff f7 ff f8 ff f9 ff f9 ff  ................
0000f0a0: fa ff fb ff fb ff fc ff fc ff fd ff fd ff fe ff  ................
0000f0b0: fe ff ff ff ff ff ff ff ff ff 00 00 00 00 00 00  ................
0000f0c0: 00 00 00 00 00 00 00 00 00 00 00 00 00 00 00 00  ................
0000f0d0: 00 00 00 00 00 00 ff ff ff ff ff ff ff ff ff ff  ................
0000f0e0: ff ff ff ff ff ff ff ff ff ff ff ff ff ff ff ff  ................
0000f0f0: ff ff ff ff 00 00 00 00 01 00 01 00 02 00 02 00  ................
0000f100: 03 00 03 00 04 00 05 00 06 00 06 00 07 00 08 00  ................
0000f110: 09 00 0a 00 0b 00 0c 00 0d 00 0e 00 0f 00 10 00  ................
0000f120: 11 00 12 00 13 00 15 00 16 00 17 00 18 00 19 00  ................
0000f130: 1a 00 1b 00 1d 00 1e 00 1f 00 20 00 21 00 22 00  .......... .!.".
0000f140: 23 00 24 00 25 00 26 00 27 00 28 00 29 00 2a 00  #.$.%.&.'.(.).*.
0000f150: 2b 00 2c 00 2d 00 2d 00 2e 00 2f 00 30 00 30 00  +.,.-.-.../.0.0.
0000f160: 31 00 31 00 32 00 32 00 33 00 33 00 33 00 33 00  1.1.2.2.3.3.3.3.
0000f170: 33 00 33 00 34 00 33 00 33 00 33 00 33 00 33 00  3.3.4.3.3.3.3.3.
0000f180: 32 00 32 00 31 00 31 00 30 00 30 00 2f 00 2e 00  2.2.1.1.0.0./...
0000f190: 2d 00 2d 00 2c 00 2b 00 2a 00 29 00 28 00 27 00  -.-.,.+.*.).(.'.
0000f1a0: 26 00 24 00 23 00 22 00 21 00 20 00 1e 00 1d 00  &.$.#.".!. .....
0000f1b0: 1c 00 1a 00 19 00 17 00 16 00 15 00 13 00 12 00  ................
0000f1c0: 10 00 0f 00 0d 00 0b 00 0a 00 08 00 07 00 05 00  ................
0000f1d0: 04 00 02 00 00 00 00 00 26 00 70 00 8c 00 d4 00  ........&.p.....
0000f1e0: ff 00 00 00 00 00 00 00 00 00 00 00 00 00 00 00  ................
0000f1f0: 00 00 00 00 00 00 00 00 2c 00 70 00 80 00 8e 00  ........,.p.....
0000f200: ce 00 ff 00 00 00 00 00 00 00 00 00 00 00 00 00  ................
0000f210: 00 00 00 00 00 00 08 00 02 00 00 00 fe ff ff ff  ................
0000f220: 00 00 08 00 ff ff ff ff 40 00 28 00 1e 00 0a 00  ........@.(.....
0000f230: b4 00 32 00 0c 00 ce 00 01 00 01 00 00 00 0e 00  ..2.............
0000f240: 00 02 ff 03 00 00 00 00 40 00 40 00 40 00 01 00  ........@.@.@...
0000f250: 00 00 10 00 00 02 ff 03 00 00 00 00 3a 00 3a 00  ............:.:.
0000f260: 3a 00 01 00 00 00 10 00 00 02 ff 03 00 00 00 00  :...............
0000f270: 40 00 40 00 40 00 01 00 00 00 10 00 00 02 ff 03  @.@.@...........
0000f280: 00 00 00 00 40 00 40 00 40 00 01 00 00 00 10 00  ....@.@.@.......
0000f290: 00 02 ff 03 00 00 00 00 40 00 40 00 40 00 01 00  ........@.@.@...
0000f2a0: 00 00 10 00 00 02 ff 03 00 00 00 00 2d 00 2d 00  ............-.-.
0000f2b0: 2d 00 01 00 00 00 2c 01 00 02 ff 03 00 00 00 00  -.....,.........
0000f2c0: 00 00 40 00 40 00 01 00 00 00 2c 01 00 02 ff 03  ..@.@.....,.....
0000f2d0: 00 00 00 00 00 00 40 00 40 00 01 00 00 00 2c 01  ......@.@.....,.
0000f2e0: 00 02 ff 03 00 00 00 00 00 00 40 00 40 00 01 00  ..........@.@...
0000f2f0: 00 00 2c 01 00 02 ff 03 00 00 00 00 00 00 40 00  ..,...........@.
0000f300: 40 00 0d 00 40 00 01 00 40 00 00 00 10 00 10 00  @...@...@.......
0000f310: 20 00 10 00 10 00 20 00 10 00 10 00 20 00 10 00   ..... ..... ...
0000f320: 10 00 20 00 10 00 10 00 20 00 10 00 10 00 20 00  .. ..... ..... .
0000f330: 10 00 10 00 20 00 10 00 10 00 20 00 04 00 01 00  .... ..... .....
0000f340: 20 00 0e 00 06 00 00 00 0f 00 0e 00 44 00 00 00   ...........D...
0000f350: 00 00 00 00 01 00 10 00 5c 10 00 00 00 00 28 00  ........\.....(.
0000f360: 01 00 00 00 01 00 5a 00 01 00 01 00 01 00 5a 00  ......Z.......Z.
0000f370: 01 00 01 00 01 00 5a 00 01 00 01 00 01 00 46 00  ......Z.......F.
0000f380: 01 00 01 00 01 00 3c 00 01 00 01 00 01 00 2d 00  ......<.......-.
0000f390: 01 00 01 00 01 00 28 00 01 00 01 00 01 00 5a 00  ......(.......Z.
0000f3a0: 01 00 01 00 01 00 14 00 01 00 01 00 00 00 00 00  ................
0000f3b0: 00 00 00 00 00 00 00 00 00 00 00 00 00 00 00 00  ................
0000f3c0: 00 00 00 00 00 00 00 00 00 00 00 00 00 00 00 00  ................
0000f3d0: 00 00 00 00 00 00 00 00 00 00 00 00 00 00 00 00  ................
0000f3e0: 00 00 00 00 00 00 00 00 00 00 00 00 00 00 00 00  ................
0000f3f0: 00 00 00 00 00 00 00 00 00 00 00 00 00 00 00 00  ................
0000f400: 00 00 00 00 00 00 00 00 00 00 00 00 00 00 00 00  ................
0000f410: 00 00 00 00 00 00 00 00 00 00 00 00 00 00 00 00  ................
0000f420: 00 00 00 00 00 00 00 00 00 00 00 00 00 00 00 00  ................
0000f430: 00 00 00 00 00 00 00 00 00 00 00 00 00 00 00 00  ................
0000f440: 00 00 00 00 00 00 00 00 00 00 00 00 00 00 00 00  ................
0000f450: 00 00 00 00 00 00 00 00 00 00 00 00 00 00 00 00  ................
0000f460: 00 00 00 00 00 00 00 00 00 00 00 00 00 00 00 00  ................
0000f470: 00 00 00 00 00 00 00 00 00 00 00 00 00 00 00 00  ................
0000f480: 00 00 00 00 00 00 00 00 00 00 00 00 00 00 00 00  ................
0000f490: 00 00 00 00 00 00 00 00 00 00 00 00 00 00 00 00  ................
0000f4a0: 00 00 00 00 00 00 00 00 00 00 00 00 00 00 00 00  ................
0000f4b0: 00 00 00 00 00 00 00 00 00 00 00 00 00 00 00 00  ................
0000f4c0: 00 00 00 00 00 00 00 00 00 00 00 00 00 00 00 00  ................
0000f4d0: 00 00 00 00 00 00 00 00 00 00 00 00 00 00 00 00  ................
0000f4e0: 00 00 00 00 00 00 00 00 00 00 00 00 00 00 00 00  ................
0000f4f0: 00 00 00 00 00 00 00 00 00 00 00 00 00 00 00 00  ................
0000f500: 00 00 00 00 00 00 00 00 00 00 00 00 00 00 00 00  ................
0000f510: 00 00 00 00 00 00 00 00 00 00 00 00 00 00 00 00  ................
0000f520: 00 00 00 00 00 00 00 00 00 00 00 00 00 00 00 00  ................
0000f530: 00 00 00 00 00 00 00 00 00 00 00 00 00 00 00 00  ................
0000f540: 00 00 00 00 00 00 00 00 00 00 00 00 00 00 00 00  ................
0000f550: 00 00 00 00 00 00 00 00 00 00 00 00 00 00 00 00  ................
0000f560: 00 00 00 00 00 00 00 00 00 00 00 00 00 00 00 00  ................
0000f570: 00 00 00 00 00 00 00 00 00 00 00 00 00 00 00 00  ................
0000f580: 00 00 00 00 00 00 00 00 00 00 00 00 00 00 00 00  ................
0000f590: 00 00 00 00 00 00 00 00 00 00 00 00 00 00 00 00  ................
0000f5a0: 00 00 00 00 00 00 00 00 00 00 00 00 00 00 00 00  ................
0000f5b0: 00 00 00 00 00 00 00 00 00 00 00 00 00 00 00 00  ................
0000f5c0: 00 00 00 00 00 00 00 00 00 00 00 00 00 00 00 00  ................
0000f5d0: 00 00 00 00 00 00 00 00 00 00 00 00 00 00 00 00  ................
0000f5e0: 00 00 00 00 00 00 00 00 00 00 00 00 00 00 00 00  ................
0000f5f0: 00 00 00 00 00 00 00 00 00 00 00 00 00 00 00 00  ................
0000f600: 00 00 00 00 00 00 00 00 00 00 00 00 00 00 00 00  ................
0000f610: 00 00 00 00 00 00 00 00 00 00 00 00 00 00 00 00  ................
0000f620: 00 00 00 00 00 00 00 00 00 00 00 00 00 00 00 00  ................
0000f630: 00 00 00 00 00 00 00 00 00 00 00 00 00 00 00 00  ................
0000f640: 00 00 00 00 00 00 00 00 00 00 00 00 00 00 00 00  ................
0000f650: 00 00 00 00 00 00 00 00 00 00 00 00 00 00 00 00  ................
0000f660: 00 00 00 00 00 00 00 00 00 00 00 00 00 00 00 00  ................
0000f670: 00 00 00 00 00 00 00 00 00 00 00 00 00 00 00 00  ................
0000f680: 00 00 00 00 00 00 00 00 00 00 00 00 00 00 00 00  ................
0000f690: 00 00 00 00 00 00 00 00 00 00 00 00 00 00 00 00  ................
0000f6a0: 00 00 00 00 00 00 00 00 00 00 00 00 00 00 00 00  ................
0000f6b0: 00 00 00 00 00 00 00 00 00 00 00 00 00 00 00 00  ................
0000f6c0: 00 00 00 00 00 00 00 00 00 00 00 00 00 00 00 00  ................
0000f6d0: 00 00 00 00 00 00 00 00 00 00 00 00 00 00 00 00  ................
0000f6e0: 00 00 00 00 00 00 00 00 00 00 00 00 00 00 00 00  ................
0000f6f0: 00 00 00 00 00 00 00 00 00 00 00 00 00 00 00 00  ................
0000f700: 00 00 00 00 00 00 00 00 00 00 00 00 00 00 00 00  ................
0000f710: 00 00 00 00 00 00 00 00 00 00 00 00 00 00 00 00  ................
0000f720: 00 00 00 00 00 00 00 00 00 00 00 00 00 00 00 00  ................
0000f730: 00 00 00 00 00 00 00 00 00 00 00 00 00 00 00 00  ................
0000f740: 00 00 00 00 00 00 00 00 00 00 00 00 00 00 00 00  ................
0000f750: 00 00 00 00 00 00 00 00 00 00 00 00 00 00 00 00  ................
0000f760: 00 00 00 00 00 00 00 00 00 00 00 00 00 00 00 00  ................
0000f770: 00 00 00 00 00 00 00 00 00 00 00 00 00 00 00 00  ................
0000f780: 00 00 00 00 00 00 00 00 00 00 00 00 00 00 00 00  ................
0000f790: 00 00 00 00 00 00 00 00 00 00 00 00 00 00 00 00  ................
0000f7a0: 00 00 00 00 00 00 00 00 00 00 00 00 00 00 00 00  ................
0000f7b0: 00 00 00 00 00 00 00 00 00 00 00 00 00 00 00 00  ................
0000f7c0: 00 00 00 00 00 00 00 00 00 00 00 00 00 00 00 00  ................
0000f7d0: 00 00 00 00 00 00 00 00 00 00 00 00 00 00 00 00  ................
0000f7e0: 00 00 00 00 00 00 00 00 00 00 00 00 00 00 00 00  ................
0000f7f0: 00 00 00 00 00 00 00 00 00 00 00 00 00 00 00 00  ................
0000f800: 00 00 00 00 00 00 00 00 00 00 00 00 00 00 00 00  ................
0000f810: 00 00 00 00 00 00 00 00 00 00 00 00 00 00 00 00  ................
0000f820: 00 00 00 00 00 00 00 00 00 00 00 00 00 00 00 00  ................
0000f830: 00 00 00 00 00 00 00 00 00 00 00 00 00 00 00 00  ................
0000f840: 00 00 00 00 00 00 00 00 00 00 00 00 00 00 00 00  ................
0000f850: 00 00 00 00 00 00 00 00 00 00 00 00 00 00 00 00  ................
0000f860: 00 00 00 00 00 00 00 00 00 00 00 00 00 00 00 00  ................
0000f870: 00 00 00 00 00 00 00 00 00 00 00 00 00 00 00 00  ................
0000f880: 00 00 00 00 00 00 00 00 00 00 00 00 00 00 00 00  ................
0000f890: 00 00 00 00 00 00 00 00 00 00 00 00 00 00 00 00  ................
0000f8a0: 00 00 00 00 00 00 00 00 00 00 00 00 00 00 00 00  ................
0000f8b0: 00 00 00 00 00 00 00 00 00 00 00 00 00 00 00 00  ................
0000f8c0: 00 00 00 00 00 00 00 00 00 00 00 00 00 00 00 00  ................
0000f8d0: 00 00 00 00 00 00 00 00 00 00 00 00 00 00 00 00  ................
0000f8e0: 00 00 00 00 00 00 00 00 00 00 00 00 00 00 00 00  ................
0000f8f0: 00 00 00 00 00 00 00 00 00 00 00 00 00 00 00 00  ................
0000f900: 00 00 00 00 00 00 00 00 00 00 00 00 00 00 00 00  ................
0000f910: 00 00 00 00 00 00 00 00 00 00 00 00 00 00 00 00  ................
0000f920: 00 00 00 00 00 00 00 00 00 00 00 00 00 00 00 00  ................
0000f930: 00 00 00 00 00 00 00 00 00 00 00 00 00 00 00 00  ................
0000f940: 00 00 00 00 00 00 00 00 00 00 00 00 00 00 00 00  ................
0000f950: 00 00 00 00 00 00 00 00 00 00 00 00 00 00 00 00  ................
0000f960: 00 00 00 00 00 00 00 00 00 00 00 00 00 00 00 00  ................
0000f970: 00 00 00 00 00 00 00 00 00 00 00 00 00 00 00 00  ................
0000f980: 00 00 00 00 00 00 00 00 00 00 00 00 00 00 00 00  ................
0000f990: 00 00 00 00 00 00 00 00 00 00 00 00 00 00 00 00  ................
0000f9a0: 00 00 00 00 00 00 00 00 00 00 00 00 00 00 00 00  ................
0000f9b0: 00 00 00 00 00 00 00 00 00 00 00 00 00 00 00 00  ................
0000f9c0: 00 00 00 00 00 00 00 00 00 00 00 00 00 00 00 00  ................
0000f9d0: 00 00 00 00 00 00 00 00 00 00 00 00 00 00 00 00  ................
0000f9e0: 00 00 00 00 00 00 00 00 00 00 00 00 00 00 00 00  ................
0000f9f0: 00 00 00 00 00 00 00 00 00 00 00 00 00 00 00 00  ................
0000fa00: 00 00 00 00 00 00 00 00 00 00 00 00 00 00 00 00  ................
0000fa10: 00 00 00 00 00 00 00 00 00 00 00 00 00 00 00 00  ................
0000fa20: 00 00 00 00 00 00 00 00 00 00 00 00 00 00 00 00  ................
0000fa30: 00 00 00 00 00 00 00 00 00 00 00 00 00 00 00 00  ................
0000fa40: 00 00 00 00 00 00 00 00 00 00 00 00 00 00 00 00  ................
0000fa50: 00 00 00 00 00 00 00 00 00 00 00 00 00 00 00 00  ................
0000fa60: 00 00 00 00 00 00 00 00 00 00 00 00 00 00 00 00  ................
0000fa70: 00 00 00 00 00 00 00 00 00 00 00 00 00 00 00 00  ................
0000fa80: 00 00 00 00 00 00 00 00 00 00 00 00 00 00 00 00  ................
0000fa90: 00 00 00 00 00 00 00 00 00 00 00 00 00 00 00 00  ................
0000faa0: 00 00 00 00 00 00 00 00 00 00 00 00 00 00 00 00  ................
0000fab0: 00 00 00 00 00 00 00 00 00 00 00 00 00 00 00 00  ................
0000fac0: 00 00 00 00 00 00 00 00 00 00 00 00 00 00 00 00  ................
0000fad0: 00 00 00 00 00 00 00 00 00 00 00 00 00 00 00 00  ................
0000fae0: 00 00 00 00 00 00 00 00 00 00 00 00 00 00 00 00  ................
0000faf0: 00 00 00 00 00 00 00 00 00 00 00 00 00 00 00 00  ................
0000fb00: 00 00 00 00 00 00 00 00 00 00 00 00 00 00 00 00  ................
0000fb10: 00 00 00 00 00 00 00 00 00 00 00 00 00 00 00 00  ................
0000fb20: 00 00 00 00 00 00 00 00 00 00 00 00 00 00 00 00  ................
0000fb30: 00 00 00 00 00 00 00 00 00 00 00 00 00 00 00 00  ................
0000fb40: 00 00 00 00 00 00 00 00 00 00 00 00 00 00 00 00  ................
0000fb50: 00 00 00 00 00 00 00 00 00 00 00 00 00 00 00 00  ................
0000fb60: 00 00 00 00 00 00 00 00 00 00 00 00 00 00 00 00  ................
0000fb70: 00 00 00 00 00 00 00 00 00 00 00 00 00 00 00 00  ................
0000fb80: 00 00 00 00 00 00 00 00 00 00 00 00 00 00 00 00  ................
0000fb90: 00 00 00 00 00 00 00 00 00 00 00 00 00 00 00 00  ................
0000fba0: 00 00 00 00 00 00 00 00 00 00 00 00 00 00 00 00  ................
0000fbb0: 00 00 00 00 00 00 00 00 00 00 00 00 00 00 00 00  ................
0000fbc0: 00 00 00 00 00 00 00 00 00 00 00 00 00 00 00 00  ................
0000fbd0: 00 00 00 00 00 00 00 00 00 00 00 00 00 00 00 00  ................
0000fbe0: 00 00 00 00 00 00 00 00 00 00 00 00 00 00 00 00  ................
0000fbf0: 00 00 00 00 00 00 00 00 00 00 00 00 00 00 00 00  ................
0000fc00: 00 00 00 00 00 00 00 00 00 00 00 00 00 00 00 00  ................
0000fc10: 00 00 00 00 00 00 00 00 00 00 00 00 00 00 00 00  ................
0000fc20: 00 00 00 00 00 00 00 00 00 00 00 00 00 00 00 00  ................
0000fc30: 00 00 00 00 00 00 00 00 00 00 00 00 00 00 00 00  ................
0000fc40: 00 00 00 00 00 00 00 00 00 00 00 00 00 00 00 00  ................
0000fc50: 00 00 00 00 00 00 00 00 00 00 00 00 00 00 00 00  ................
0000fc60: 00 00 00 00 00 00 00 00 00 00 00 00 00 00 00 00  ................
0000fc70: 00 00 00 00 00 00 00 00 00 00 00 00 00 00 00 00  ................
0000fc80: 00 00 00 00 00 00 00 00 00 00 00 00 00 00 00 00  ................
0000fc90: 00 00 00 00 00 00 00 00 00 00 00 00 00 00 00 00  ................
0000fca0: 00 00 00 00 00 00 00 00 00 00 00 00 00 00 00 00  ................
0000fcb0: 00 00 00 00 00 00 00 00 00 00 00 00 00 00 00 00  ................
0000fcc0: 00 00 00 00 00 00 00 00 00 00 00 00 00 00 00 00  ................
0000fcd0: 00 00 00 00 00 00 00 00 00 00 00 00 00 00 00 00  ................
0000fce0: 00 00 00 00 00 00 00 00 00 00 00 00 00 00 00 00  ................
0000fcf0: 00 00 00 00 00 00 00 00 00 00 00 00 00 00 00 00  ................
0000fd00: 00 00 00 00 00 00 00 00 00 00 00 00 00 00 00 00  ................
0000fd10: 00 00 00 00 00 00 00 00 00 00 00 00 00 00 00 00  ................
0000fd20: 00 00 00 00 00 00 00 00 00 00 00 00 00 00 00 00  ................
0000fd30: 00 00 00 00 00 00 00 00 00 00 00 00 00 00 00 00  ................
0000fd40: 00 00 00 00 00 00 00 00 00 00 00 00 00 00 00 00  ................
0000fd50: 00 00 00 00 00 00 00 00 00 00 00 00 00 00 00 00  ................
0000fd60: 00 00 00 00 00 00 00 00 00 00 00 00 00 00 00 00  ................
0000fd70: 00 00 00 00 00 00 00 00 00 00 00 00 00 00 00 00  ................
0000fd80: 00 00 00 00 00 00 00 00 00 00 00 00 00 00 00 00  ................
0000fd90: 00 00 00 00 00 00 00 00 00 00 00 00 00 00 00 00  ................
0000fda0: 00 00 00 00 00 00 00 00 00 00 00 00 00 00 00 00  ................
0000fdb0: 00 00 00 00 00 00 00 00 00 00 00 00 00 00 00 00  ................
0000fdc0: 00 00 00 00 00 00 00 00 00 00 00 00 00 00 00 00  ................
0000fdd0: 00 00 00 00 00 00 00 00 00 00 00 00 00 00 00 00  ................
0000fde0: 00 00 00 00 00 00 00 00 00 00 00 00 00 00 00 00  ................
0000fdf0: 00 00 00 00 00 00 00 00 00 00 00 00 00 00 00 00  ................
0000fe00: 00 00 00 00 00 00 00 00 00 00 00 00 00 00 00 00  ................
0000fe10: 00 00 00 00 00 00 00 00 00 00 00 00 00 00 00 00  ................
0000fe20: 00 00 00 00 00 00 00 00 00 00 00 00 00 00 00 00  ................
0000fe30: 00 00 00 00 00 00 00 00 00 00 00 00 00 00 00 00  ................
0000fe40: 00 00 00 00 00 00 00 00 00 00 00 00 00 00 00 00  ................
0000fe50: 00 00 00 00 00 00 00 00 00 00 00 00 00 00 00 00  ................
0000fe60: 00 00 00 00 00 00 00 00 00 00 00 00 00 00 00 00  ................
0000fe70: 00 00 00 00 00 00 00 00 00 00 00 00 00 00 00 00  ................
0000fe80: 00 00 00 00 00 00 00 00 00 00 00 00 00 00 00 00  ................
0000fe90: 00 00 00 00 00 00 00 00 00 00 00 00 00 00 00 00  ................
0000fea0: 00 00 00 00 00 00 00 00 00 00 00 00 00 00 00 00  ................
0000feb0: 00 00 00 00 00 00 00 00 00 00 00 00 00 00 00 00  ................
0000fec0: 00 00 00 00 00 00 00 00 00 00 00 00 00 00 00 00  ................
0000fed0: 00 00 00 00 00 00 00 00 00 00 00 00 00 00 00 00  ................
0000fee0: 00 00 00 00 00 00 00 00 00 00 00 00 00 00 00 00  ................
0000fef0: 00 00 00 00 00 00 00 00 00 00 00 00 00 00 00 00  ................
0000ff00: 00 00 00 00 00 00 00 00 00 00 00 00 00 00 00 00  ................
0000ff10: 00 00 00 00 00 00 00 00 00 00 00 00 00 00 00 00  ................
0000ff20: 00 00 00 00 00 00 00 00 00 00 00 00 00 00 00 00  ................
0000ff30: 00 00 00 00 00 00 00 00 00 00 00 00 00 00 00 00  ................
0000ff40: 00 00 00 00 00 00 00 00 00 00 00 00 00 00 00 00  ................
0000ff50: 00 00 00 00 00 00 00 00 00 00 00 00 00 00 00 00  ................
0000ff60: 00 00 00 00 00 00 00 00 00 00 00 00 00 00 00 00  ................
0000ff70: 00 00 00 00 00 00 00 00 00 00 00 00 00 00 00 00  ................
0000ff80: 00 00 00 00 00 00 00 00 00 00 00 00 00 00 00 00  ................
0000ff90: 00 00 00 00 00 00 00 00 00 00 00 00 00 00 00 00  ................
0000ffa0: 00 00 00 00 00 00 00 00 00 00 00 00 00 00 00 00  ................
0000ffb0: 00 00 00 00 00 00 00 00 00 00 00 00 00 00 00 00  ................
0000ffc0: 00 00 00 00 00 00 00 00 00 00 00 00 00 00 00 00  ................
0000ffd0: 00 00 00 00 00 00 00 00 00 00 00 00 00 00 00 00  ................
0000ffe0: 00 00 00 00 00 00 00 00 00 00 00 00 00 00 00 00  ................
0000fff0: 00 00 00 00 00 00 00 00 00 00 00 00 00 00 00 00  ................
00010000: 00 00 00 00 00 00 00 00 00 00 00 00 00 00 00 00  ................
00010010: 00 00 00 00 00 00 00 00 00 00 00 00 00 00 00 00  ................
00010020: 00 00 00 00 00 00 00 00 00 00 00 00 00 00 00 00  ................
00010030: 00 00 00 00 00 00 00 00 00 00 00 00 00 00 00 00  ................
00010040: 00 00 00 00 00 00 00 00 00 00 00 00 00 00 00 00  ................
00010050: 00 00 00 00 00 00 00 00 00 00 00 00 00 00 00 00  ................
00010060: 00 00 00 00 00 00 00 00 00 00 00 00 00 00 00 00  ................
00010070: 00 00 00 00 00 00 00 00 00 00 00 00 00 00 00 00  ................
00010080: 00 00 00 00 00 00 00 00 00 00 00 00 00 00 00 00  ................
00010090: 00 00 00 00 00 00 00 00 00 00 00 00 00 00 00 00  ................
000100a0: 00 00 00 00 00 00 00 00 00 00 00 00 00 00 00 00  ................
000100b0: 00 00 00 00 00 00 00 00 00 00 00 00 00 00 00 00  ................
000100c0: 00 00 00 00 00 00 00 00 00 00 00 00 00 00 00 00  ................
000100d0: 00 00 00 00 00 00 00 00 00 00 00 00 00 00 00 00  ................
000100e0: 00 00 00 00 00 00 00 00 00 00 00 00 00 00 00 00  ................
000100f0: 00 00 00 00 00 00 00 00 00 00 00 00 00 00 00 00  ................
00010100: 00 00 00 00 00 00 00 00 00 00 00 00 00 00 00 00  ................
00010110: 00 00 00 00 00 00 00 00 00 00 00 00 00 00 00 00  ................
00010120: 00 00 00 00 00 00 00 00 00 00 00 00 00 00 00 00  ................
00010130: 00 00 00 00 00 00 00 00 00 00 00 00 00 00 00 00  ................
00010140: 00 00 00 00 00 00 00 00 00 00 00 00 00 00 00 00  ................
00010150: 00 00 00 00 00 00 00 00 00 00 00 00 00 00 00 00  ................
00010160: 00 00 00 00 00 00 00 00 00 00 00 00 00 00 00 00  ................
00010170: 00 00 00 00 00 00 00 00 00 00 00 00 00 00 00 00  ................
00010180: 00 00 00 00 00 00 00 00 00 00 00 00 00 00 00 00  ................
00010190: 00 00 00 00 00 00 00 00 00 00 00 00 00 00 00 00  ................
000101a0: 00 00 00 00 00 00 00 00 00 00 00 00 00 00 00 00  ................
000101b0: 00 00 00 00 00 00 00 00 00 00 00 00 00 00 00 00  ................
000101c0: 00 00 00 00 00 00 00 00 00 00 00 00 00 00 00 00  ................
000101d0: 00 00 00 00 00 00 00 00 00 00 00 00 00 00 00 00  ................
000101e0: 00 00 00 00 00 00 00 00 00 00 00 00 00 00 00 00  ................
000101f0: 00 00 00 00 00 00 00 00 00 00 00 00 00 00 00 00  ................
00010200: 00 00 00 00 00 00 00 00 00 00 00 00 00 00 00 00  ................
00010210: 00 00 00 00 00 00 00 00 00 00 00 00 00 00 00 00  ................
00010220: 00 00 00 00 00 00 00 00 00 00 00 00 00 00 00 00  ................
00010230: 00 00 00 00 00 00 00 00 00 00 00 00 00 00 00 00  ................
00010240: 00 00 00 00 00 00 00 00 00 00 00 00 00 00 00 00  ................
00010250: 00 00 00 00 00 00 00 00 00 00 00 00 00 00 00 00  ................
00010260: 00 00 00 00 00 00 00 00 00 00 00 00 00 00 00 00  ................
00010270: 00 00 00 00 00 00 00 00 00 00 00 00 00 00 00 00  ................
00010280: 00 00 00 00 00 00 00 00 00 00 00 00 00 00 00 00  ................
00010290: 00 00 00 00 00 00 00 00 00 00 00 00 00 00 00 00  ................
000102a0: 00 00 00 00 00 00 00 00 00 00 00 00 00 00 00 00  ................
000102b0: 00 00 00 00 00 00 00 00 00 00 00 00 00 00 00 00  ................
000102c0: 00 00 00 00 00 00 00 00 00 00 00 00 00 00 00 00  ................
000102d0: 00 00 00 00 00 00 00 00 00 00 00 00 00 00 00 00  ................
000102e0: 00 00 00 00 00 00 00 00 00 00 00 00 00 00 00 00  ................
000102f0: 00 00 00 00 00 00 00 00 00 00 00 00 00 00 00 00  ................
00010300: 00 00 00 00 00 00 00 00 00 00 00 00 00 00 00 00  ................
00010310: 00 00 00 00 00 00 00 00 00 00 00 00 00 00 00 00  ................
00010320: 00 00 00 00 00 00 00 00 00 00 00 00 00 00 00 00  ................
00010330: 00 00 00 00 00 00 00 00 00 00 00 00 00 00 00 00  ................
00010340: 00 00 00 00 00 00 00 00 00 00 00 00 00 00 00 00  ................
00010350: 00 00 00 00 00 00 00 00 00 00 00 00 00 00 00 00  ................
00010360: 00 00 00 00 00 00 00 00 00 00 00 00 00 00 00 00  ................
00010370: 00 00 00 00 00 00 00 00 00 00 00 00 00 00 00 00  ................
00010380: 00 00 00 00 00 00 00 00 00 00 00 00 00 00 00 00  ................
00010390: 00 00 00 00 00 00 00 00 00 00 00 00 00 00 00 00  ................
000103a0: 00 00 00 00 00 00 00 00 00 00 00 00 00 00 00 00  ................
000103b0: 00 00 11 00 04 01 00 00 00 00 00 00 00 00 00 00  ................
000103c0: 00 00 00 00 00 00 00 00 00 00 00 00 00 00 00 00  ................
000103d0: 00 00 00 00 00 00 00 00 00 00 00 00 00 00 00 00  ................
000103e0: 00 00 00 00 00 00 00 00 00 00 00 00 00 00 00 00  ................
000103f0: 00 00 00 00 00 00 00 00 00 00 00 00 0c 00 0c 00  ................
00010400: 0c 00 0c 00 0c 00 0c 00 0c 00 0c 00 0c 00 0c 00  ................
00010410: 00 00 00 00 00 00 00 00 00 00 0c 00 0f 00 0f 00  ................
00010420: 0f 00 0f 00 0f 00 0f 00 0f 00 0f 00 0f 00 0f 00  ................
00010430: 0c 00 00 00 00 00 00 00 00 00 0c 00 0f 00 0f 00  ................
00010440: 0f 00 0f 00 0f 00 0f 00 0f 00 0f 00 0f 00 0f 00  ................
00010450: 0c 00 00 00 00 00 00 00 00 00 00 00 0f 00 0c 00  ................
00010460: 0c 00 0c 00 0c 00 0c 00 0c 00 0c 00 0c 00 0c 00  ................
00010470: 00 00 00 00 00 00 00 00 00 00 00 00 00 00 00 00  ................
00010480: 00 00 00 00 00 00 00 00 00 00 00 00 00 00 00 00  ................
00010490: 00 00 00 00 00 00 00 00 00 00 00 00 00 00 00 00  ................
000104a0: 00 00 00 00 00 00 00 00 00 00 00 00 00 00 00 00  ................
000104b0: 00 00 00 00 00 00 12 00 2e 00 00 00 ff 04 00 00  ................
000104c0: cf 02 00 00 00 00 00 00 00 00 00 00 00 00 00 00  ................
000104d0: 00 00 00 00 00 00 00 00 00 00 00 00 00 00 00 00  ................
000104e0: 00 00 40 00 13 00 10 02 00 00 00 01 00 01 00 01  ..@.............
000104f0: 00 00 00 00 00 00 0f 00 08 00 05 00 04 00 03 00  ................
00010500: 02 00 02 00 01 00 01 00 01 00 01 00 01 00 01 00  ................
00010510: 01 00 01 00 01 00 1e 00 c8 00 00 00 3d 00 40 00  ............=.@.
00010520: 51 00 47 00 5c 00 32 00 32 00 32 00 32 00 32 00  Q.G.\.2.2.2.2.2.
00010530: 65 00 40 00 34 00 40 00 45 00 32 00 32 00 32 00  e.@.4.@.E.2.2.2.
00010540: 60 00 32 00 46 00 50 00 a2 00 69 00 85 00 bc 02  `.2.F.P...i.....
00010550: bc 02 bc 02 bc 02 bc 02 98 00 79 00 60 00 61 00  ..........y.`.a.
00010560: 4d 00 bc 02 bc 02 bc 02 bc 02 bc 02 60 00 40 00  M...........`.@.
00010570: 1a 00 2c 00 25 00 32 00 32 00 32 00 32 00 32 00  ..,.%.2.2.2.2.2.
00010580: 9c 00 6b 00 42 00 40 00 30 00 bc 02 bc 02 bc 02  ..k.B.@.0.......
00010590: bc 02 bc 02 0a 00 30 75 03 00 00 00 01 00 02 00  ......0u........
000105a0: 03 00 03 00 00 00 01 00 02 00 03 00 03 00 00 00  ................
000105b0: 00 00 00 00 00 00 00 00 00 00 00 00 00 00 00 00  ................
000105c0: 00 00 00 00 00 00 00 00 00 00 00 00 00 00 00 00  ................
000105d0: 00 00 00 00 00 00 00 00 00 00 00 00 00 00 00 00  ................
000105e0: 00 00 00 00 00 00 00 00 00 00 00 00 00 00 00 00  ................
000105f0: 00 00 00 00 00 00 00 00 00 00 00 00 00 00 00 00  ................
00010600: 00 00 00 00 00 00 00 00 00 00 00 00 00 00 00 00  ................
00010610: 00 00 00 00 00 00 00 00 00 00 00 00 00 00 00 00  ................
00010620: 00 00 00 00 00 00 00 00 00 00 00 00 00 00 00 00  ................
00010630: 00 00 00 00 00 00 00 00 00 00 00 00 00 00 00 00  ................
00010640: 00 00 00 00 00 00 00 00 00 00 00 00 00 00 00 00  ................
00010650: 00 00 00 00 00 00 00 00 00 00 00 00 00 00 00 00  ................
00010660: 00 00 00 00 00 00 00 00 00 00 00 00 00 00 00 00  ................
00010670: 00 00 00 00 00 00 00 00 00 00 00 00 00 00 00 00  ................
00010680: 00 00 00 00 00 00 00 00 00 00 00 00 00 00 00 00  ................
00010690: 00 00 00 00 00 00 00 00 00 00 00 00 00 00 00 00  ................
000106a0: 00 00 00 00 00 00 00 00 00 00 00 00 00 00 00 00  ................
000106b0: 00 00 00 00 00 00 00 00 00 00 00 00 00 00 00 00  ................
000106c0: 00 00 00 00 00 00 00 00 00 00 00 00 00 00 00 00  ................
000106d0: 00 00 00 00 00 00 00 00 00 00 00 00 00 00 00 00  ................
000106e0: 00 00 00 00 00 00 00 00 00 00 00 00 00 00 00 00  ................
000106f0: 00 00 00 00 14 00 f0 00 01 00 00 00 00 00 01 00  ................
00010700: 0a 00 00 00 b4 0b 00 00 14 00 00 00 0a 00 00 00  ................
00010710: b4 0b 00 00 08 00 00 00 b4 0b 00 00 01 00 00 00  ................
00010720: 00 01 00 00 00 01 00 00 00 01 00 00 00 01 00 00  ................
00010730: 80 1a 00 00 00 01 00 00 01 00 00 00 06 00 00 00  ................
00010740: 37 00 00 00 00 00 00 00 01 00 00 00 01 00 00 00  7...............
00010750: 02 00 00 00 02 00 00 00 04 00 00 00 04 00 00 00  ................
00010760: 08 00 00 00 08 00 00 00 10 00 00 00 10 00 00 00  ................
00010770: 20 00 00 00 20 00 00 00 40 00 00 00 40 00 00 00   ... ...@...@...
00010780: 00 02 00 00 00 02 00 00 00 04 00 00 00 00 00 00  ................
00010790: 00 00 00 00 06 00 00 00 04 00 00 00 03 00 00 00  ................
000107a0: 02 00 00 00 03 00 00 00 03 00 00 00 04 00 00 00  ................
000107b0: 04 00 00 00 05 00 00 00 05 00 00 00 06 00 00 00  ................
000107c0: 06 00 00 00 06 00 00 00 07 00 00 00 07 00 00 00  ................
000107d0: 08 00 00 00 00 00 00 00 08 00 00 00 0a 00 00 00  ................
000107e0: 05 00 00 00 15 00 1e 00 00 00 01 00 00 00 00 00  ................
000107f0: 05 00 02 00 00 00 34 17 9c 06 01 00 0a 00 00 00  ......4.........
00010800: 00 00 16 00 32 01 00 00 08 00 10 00 18 00 20 00  ....2......... .
00010810: 28 00 30 00 38 00 40 00 48 00 50 00 58 00 60 00  (.0.8.@.H.P.X.`.
00010820: 68 00 70 00 78 00 80 00 88 00 90 00 98 00 a0 00  h.p.x...........
00010830: a8 00 b0 00 b8 00 c0 00 c8 00 d0 00 d8 00 e0 00  ................
00010840: e8 00 f0 00 f8 00 00 01 08 01 10 01 18 01 20 01  .............. .
00010850: 28 01 30 01 38 01 40 01 48 01 50 01 58 01 60 01  (.0.8.@.H.P.X.`.
00010860: 68 01 70 01 78 01 80 01 88 01 90 01 98 01 a0 01  h.p.x...........
00010870: a8 01 b0 01 b8 01 c0 01 c8 01 d0 01 d8 01 e0 01  ................
00010880: e8 01 f0 01 f8 01 00 02 08 02 10 02 18 02 20 02  .............. .
00010890: 28 02 30 02 38 02 40 02 48 02 50 02 58 02 60 02  (.0.8.@.H.P.X.`.
000108a0: 68 02 70 02 78 02 80 02 88 02 90 02 98 02 a0 02  h.p.x...........
000108b0: a8 02 b0 02 b8 02 c0 02 c8 02 d0 02 d8 02 e0 02  ................
000108c0: e8 02 f0 02 f8 02 00 03 08 03 10 03 18 03 20 03  .............. .
000108d0: 28 03 30 03 38 03 40 03 48 03 50 03 58 03 60 03  (.0.8.@.H.P.X.`.
000108e0: 68 03 70 03 78 03 80 03 88 03 90 03 98 03 a0 03  h.p.x...........
000108f0: a8 03 b0 03 b8 03 c0 03 c8 03 d0 03 d8 03 e0 03  ................
00010900: e8 03 f0 03 f8 03 ff 03 00 00 10 00 20 00 30 00  ............ .0.
00010910: 40 00 50 00 60 00 70 00 00 00 00 00 00 00 00 00  @.P.`.p.........
00010920: 00 00 00 00 00 00 00 00 00 00 00 00 00 00 00 00  ................
00010930: 00 00 00 00 17 00 e4 03 00 00 00 00 00 00 00 00  ................
00010940: 00 00 00 00 00 00 00 00 00 00 00 00 00 00 00 00  ................
00010950: 00 00 00 00 00 00 00 00 00 00 00 00 00 00 00 00  ................
00010960: 00 00 00 00 00 00 00 00 00 00 00 00 00 00 00 00  ................
00010970: 00 00 00 00 00 00 00 00 00 00 00 00 00 00 00 00  ................
00010980: 00 00 00 00 00 00 00 00 00 00 00 00 00 00 00 00  ................
00010990: 00 00 00 00 00 00 00 00 00 00 00 00 00 00 00 00  ................
000109a0: 00 00 00 00 00 00 00 00 00 00 00 00 00 00 00 00  ................
000109b0: 00 00 00 00 00 00 00 00 00 00 00 00 00 00 00 00  ................
000109c0: 00 00 00 00 00 00 00 00 00 00 00 00 00 00 00 00  ................
000109d0: 00 00 00 00 00 00 00 00 00 00 00 00 00 00 00 00  ................
000109e0: 00 00 00 00 00 00 00 00 00 00 00 00 00 00 00 00  ................
000109f0: 00 00 00 00 00 00 00 00 00 00 00 00 00 00 00 00  ................
00010a00: 00 00 00 00 00 00 00 00 00 00 00 00 00 00 00 00  ................
00010a10: 00 00 00 00 00 00 00 00 00 00 00 00 00 00 00 00  ................
00010a20: 00 00 00 00 00 00 00 00 00 00 00 00 00 00 00 00  ................
00010a30: 00 00 00 00 00 00 00 00 00 00 00 00 00 00 00 00  ................
00010a40: 00 00 00 00 00 00 00 00 00 00 00 00 00 00 00 00  ................
00010a50: 00 00 00 00 00 00 00 00 00 00 00 00 00 00 00 00  ................
00010a60: 00 00 00 00 00 00 00 00 00 00 00 00 00 00 00 00  ................
00010a70: 00 00 00 00 00 00 00 00 00 00 00 00 00 00 00 00  ................
00010a80: 00 00 00 00 00 00 00 00 00 00 00 00 00 00 00 00  ................
00010a90: 00 00 00 00 00 00 00 00 00 00 00 00 00 00 00 00  ................
00010aa0: 00 00 00 00 00 00 00 00 00 00 00 00 00 00 00 00  ................
00010ab0: 00 00 00 00 00 00 00 00 00 00 00 00 00 00 00 00  ................
00010ac0: 00 00 00 00 00 00 00 00 00 00 00 00 00 00 00 00  ................
00010ad0: 00 00 00 00 00 00 00 00 00 00 00 00 00 00 00 00  ................
00010ae0: 00 00 00 00 00 00 00 00 00 00 00 00 00 00 00 00  ................
00010af0: 00 00 00 00 00 00 00 00 00 00 00 00 00 00 00 00  ................
00010b00: 00 00 00 00 00 00 00 00 00 00 00 00 00 00 00 00  ................
00010b10: 00 00 00 00 00 00 00 00 00 00 00 00 00 00 00 00  ................
00010b20: 00 00 00 00 00 00 00 00 00 00 00 00 00 00 00 00  ................
00010b30: 00 00 00 00 00 00 00 00 00 00 00 00 00 00 00 00  ................
00010b40: 00 00 00 00 00 00 00 00 00 00 00 00 00 00 00 00  ................
00010b50: 00 00 00 00 00 00 00 00 00 00 00 00 00 00 00 00  ................
00010b60: 00 00 00 00 00 00 00 00 00 00 00 00 00 00 00 00  ................
00010b70: 00 00 00 00 00 00 00 00 00 00 00 00 00 00 00 00  ................
00010b80: 00 00 00 00 00 00 00 00 00 00 00 00 00 00 00 00  ................
00010b90: 00 00 00 00 00 00 00 00 00 00 00 00 00 00 00 00  ................
00010ba0: 00 00 00 00 00 00 00 00 00 00 00 00 00 00 00 00  ................
00010bb0: 00 00 00 00 00 00 00 00 00 00 00 00 00 00 00 00  ................
00010bc0: 00 00 00 00 00 00 00 00 00 00 00 00 00 00 00 00  ................
00010bd0: 00 00 00 00 00 00 00 00 00 00 00 00 00 00 00 00  ................
00010be0: 00 00 00 00 00 00 00 00 00 00 00 00 00 00 00 00  ................
00010bf0: 00 00 00 00 00 00 00 00 00 00 00 00 00 00 00 00  ................
00010c00: 00 00 00 00 00 00 00 00 00 00 00 00 00 00 00 00  ................
00010c10: 00 00 00 00 00 00 00 00 00 00 00 00 00 00 00 00  ................
00010c20: 00 00 00 00 00 00 00 00 00 00 00 00 00 00 00 00  ................
00010c30: 00 00 00 00 00 00 00 00 00 00 00 00 00 00 00 00  ................
00010c40: 00 00 00 00 00 00 00 00 00 00 00 00 00 00 00 00  ................
00010c50: 00 00 00 00 00 00 00 00 00 00 00 00 00 00 00 00  ................
00010c60: 00 00 00 00 00 00 00 00 00 00 00 00 00 00 00 00  ................
00010c70: 00 00 00 00 00 00 00 00 00 00 00 00 00 00 00 00  ................
00010c80: 00 00 00 00 00 00 00 00 00 00 00 00 00 00 00 00  ................
00010c90: 00 00 00 00 00 00 00 00 00 00 00 00 00 00 00 00  ................
00010ca0: 00 00 00 00 00 00 00 00 00 00 00 00 00 00 00 00  ................
00010cb0: 00 00 00 00 00 00 00 00 00 00 00 00 00 00 00 00  ................
00010cc0: 00 00 00 00 00 00 00 00 00 00 00 00 00 00 00 00  ................
00010cd0: 00 00 00 00 00 00 00 00 00 00 00 00 00 00 00 00  ................
00010ce0: 00 00 00 00 00 00 00 00 00 00 00 00 00 00 00 00  ................
00010cf0: 00 00 00 00 00 00 00 00 00 00 00 00 00 00 00 00  ................
00010d00: 00 00 00 00 00 00 00 00 00 00 00 00 00 00 00 00  ................
00010d10: 00 00 00 00 00 00 00 00 1c 00 28 01 00 30 01 00  ..........(..0..
00010d20: 03 30 01 00 00 34 53 00 16 34 00 00 08 3d 00 00  .0...4S..4...=..
00010d30: 00 50 09 00 03 3e 03 00 28 39 00 00 30 36 58 00  .P...>..(9..06X.
00010d40: 12 36 00 00 32 36 41 00 35 36 04 00 00 35 10 00  .6..26A.56...5..
00010d50: 31 36 80 00 20 36 44 00 33 36 7c 00 80 37 0b 00  16.. 6D.36|..7..
00010d60: 00 33 33 00 01 33 38 00 02 33 30 00 03 33 66 00  .33..38..30..3f.
00010d70: 04 33 a0 00 05 33 72 00 1e 33 56 00 1e 32 00 00  .3...3r..3V..2..
00010d80: 1f 32 0a 00 16 32 0a 00 15 31 0a 00 32 33 38 00  .2...2...1..238.
00010d90: 54 50 82 00 22 36 26 00 07 39 02 00 08 39 00 00  TP.."6&..9...9..
00010da0: 01 36 18 00 15 33 44 00 08 33 40 00 23 32 22 00  .6...3D..3@.#2".
00010db0: 0e 3e 50 00 01 31 9b 00 14 31 03 00 15 31 d1 00  .>P..1...1...1..
00010dc0: 11 32 60 00 80 57 ff 00 81 57 7f 00 85 57 ff 00  .2`..W...W...W..
00010dd0: 00 50 00 00 0f 3e 10 00 31 36 82 00 10 30 07 00  .P...>..16...0..
00010de0: 11 30 46 00 04 30 04 00 10 36 2b 00 0c 32 08 00  .0F..0...6+..2..
00010df0: 0d 32 85 00 0e 32 03 00 0f 32 e8 00 10 32 00 00  .2...2...2...2..
00010e00: 11 32 60 00 12 32 00 00 13 32 09 00 08 32 05 00  .2`..2...2...2..
00010e10: 09 32 00 00 0a 32 03 00 0b 32 c0 00 02 32 00 00  .2...2...2...2..
00010e20: 03 32 08 00 06 32 03 00 07 32 cf 00 30 33 0d 00  .2...2...2..03..
00010e30: 20 33 06 00 21 33 e8 00 22 33 01 00 23 33 c0 00   3..!3.."3..#3..
00010e40: 00 36 54 00 03 00 00 00 33 2e 30 31 36 00 00 00  .6T.....3.016...
00010e50: 00 00 00 00 00 00 00 00 35 11 00 00 e1 07 09 0f  ........5.......
00010e60: 0c 07 24 02 00 00 00 00 22 87 00 00 00 00 00 00  ..$.....".......
00010e70: 00 00 00 00 00 00 00 00 00 00 00 00 00 00 00 00  ................
00010e80: 00 00 00 00 00 00 00 00 00 00 00 00 00 00 00 00  ................
00010e90: 00 00 00 00 00 00 00 00 00 00 00 00 00 00 00 00  ................
00010ea0: 00 00 00 00 00 00 00 00 00 00 00 00 00 00 00 00  ................
00010eb0: 00 00 00 00 00 00 00 00 00 00 00 00 00 00 00 00  ................
00010ec0: 00 00 00 00 31 2e d0 de b8 c4 33 44 4e 52 20 64  ....1.....3DNR d
00010ed0: 65 6e 6f 69 73 65 a3 ac bd b5 b5 cd d4 eb c9 f9  enoise..........
00010ee0: 0d 0a 32 2e bd b5 b5 cd b0 b5 b4 a6 c1 c1 b6 c8  ..2.............
00010ef0: a3 ac bd b5 b5 cd c8 ab be d6 c1 c1 b6 c8 a3 ac  ................
00010f00: bd b5 b5 cd 52 47 42 47 61 6d 6d 61 2c bd b5 b5  ....RGBGamma,...
00010f10: cd b0 b5 b4 a6 c1 c1 b6 c8 0d 0a 33 2e 20 37 2e  ...........3. 7.
00010f20: 31 30 20 d3 c5 bb af c8 ab be b0 d0 a7 b9 fb 00  10 .............
00010f30: 00 00 00 00 00 00 00 00 00 00 00 00 00 00 00 00  ................
00010f40: 00 00 00 00 00 00 00 00 00 00 00 00 00 00 00 00  ................
00010f50: 00 00 00 00 00 00 00 00 00 00 00 00 00 00 00 00  ................
00010f60: 00 00 00 00 00 00 00 00 00 00 00 00 00 00 00 00  ................
00010f70: 00 00 00 00 00 00 00 00 00 00 00 00 00 00 00 00  ................
00010f80: 00 00 00 00 00 00 00 00 00 00 00 00 00 00 00 00  ................
00010f90: 00 00 00 00 00 00 00 00 00 00 00 00 00 00 00 00  ................
00010fa0: 00 00 00 00 00 00 00 00 00 00 00 00 00 00 00 00  ................
00010fb0: 00 00 00 00 00 00 00 00 00 00 00 00 00 00 00 00  ................
00010fc0: 00 00 00 00 00 00 00 00 00 00 00 00 00 00 00 00  ................
00010fd0: 00 00 00 00 00 00 00 00 00 00 00 00 00 00 00 00  ................
00010fe0: 00 00 00 00 00 00 00 00 00 00 00 00 00 00 00 00  ................
00010ff0: 00 00 00 00 00 00 00 00 00 00 00 00 00 00 00 00  ................
00011000: 00 00 00 00 00 00 00 00 00 00 00 00 00 00 00 00  ................
00011010: 00 00 00 00 00 00 00 00 00 00 00 00 00 00 00 00  ................
00011020: 00 00 00 00 00 00 00 00 00 00 00 00 00 00 00 00  ................
00011030: 00 00 00 00 00 00 00 00 00 00 00 00 00 00 00 00  ................
00011040: 00 00 00 00 00 00 ba 00 01 00 01 00 40 00 40 00  ............@.@.
00011050: 40 00 40 00 00 00 00 00 00 00 00 00 01 00 42 00  @.@...........B.
00011060: 42 00 42 00 42 00 00 00 00 00 00 00 00 00 01 00  B.B.B...........
00011070: 42 00 42 00 42 00 42 00 00 00 00 00 00 00 00 00  B.B.B.B.........
00011080: 01 00 42 00 42 00 42 00 42 00 00 00 00 00 00 00  ..B.B.B.B.......
00011090: 00 00 01 00 42 00 42 00 42 00 42 00 0a 00 0a 00  ....B.B.B.B.....
000110a0: 0a 00 0a 00 01 00 42 00 42 00 42 00 42 00 14 00  ......B.B.B.B...
000110b0: 14 00 14 00 14 00 01 00 42 00 42 00 42 00 42 00  ........B.B.B.B.
000110c0: 14 00 14 00 14 00 14 00 01 00 42 00 42 00 42 00  ..........B.B.B.
000110d0: 42 00 28 00 28 00 28 00 28 00 01 00 42 00 42 00  B.(.(.(.(...B.B.
000110e0: 42 00 42 00 28 00 28 00 28 00 28 00 01 00 42 00  B.B.(.(.(.(...B.
000110f0: 42 00 42 00 42 00 d8 ff d8 ff d8 ff d8 ff 01 00  B.B.B...........
00011100: c0 00 00 00 80 02 e0 01 0a 00 00 00 0f 00 0f 00  ................
00011110: 0a 00 00 00 00 00 00 00 00 00 00 00 00 00 ff 00  ................
00011120: ff 00 18 01 2c 01 00 00 00 00 00 00 00 00 00 00  ....,...........
00011130: 00 00 00 00 0f 00 0f 00 0a 00 00 00 00 00 00 00  ................
00011140: 00 00 00 00 00 00 ff 00 ff 00 18 01 2c 01 00 00  ............,...
00011150: 00 00 00 00 00 00 00 00 00 00 00 00 0f 00 0f 00  ................
00011160: 0a 00 00 00 00 00 00 00 00 00 00 00 00 00 ff 00  ................
00011170: ff 00 18 01 2c 01 00 00 00 00 00 00 00 00 00 00  ....,...........
00011180: 00 00 00 00 0f 00 0f 00 0a 00 00 00 00 00 00 00  ................
00011190: 00 00 00 00 00 00 ff 00 ff 00 18 01 2c 01 00 00  ............,...
000111a0: 00 00 00 00 00 00 00 00 00 00 00 00 64 00 ce 00  ............d...
000111b0: 33 01 71 02 71 02 71 02 71 02 71 02 71 02 02 00  3.q.q.q.q.q.q...
000111c0: 6c 03 00 00 08 00 10 00 18 00 20 00 28 00 30 00  l......... .(.0.
000111d0: 38 00 40 00 48 00 50 00 58 00 60 00 68 00 70 00  8.@.H.P.X.`.h.p.
000111e0: 78 00 80 00 88 00 90 00 98 00 a0 00 a8 00 b0 00  x...............
000111f0: b8 00 c0 00 c8 00 d0 00 d8 00 e0 00 e8 00 f0 00  ................
00011200: f8 00 00 01 08 01 10 01 18 01 20 01 28 01 30 01  .......... .(.0.
00011210: 38 01 40 01 48 01 50 01 58 01 60 01 68 01 70 01  8.@.H.P.X.`.h.p.
00011220: 78 01 80 01 88 01 90 01 98 01 a0 01 a8 01 b0 01  x...............
00011230: b8 01 c0 01 c8 01 d0 01 d8 01 e0 01 e8 01 f0 01  ................
00011240: f8 01 00 02 08 02 10 02 18 02 20 02 28 02 30 02  .......... .(.0.
00011250: 38 02 40 02 48 02 50 02 58 02 60 02 68 02 70 02  8.@.H.P.X.`.h.p.
00011260: 78 02 80 02 88 02 90 02 98 02 a0 02 a8 02 b0 02  x...............
00011270: b8 02 c0 02 c8 02 d0 02 d8 02 e0 02 e8 02 f0 02  ................
00011280: f8 02 00 03 08 03 10 03 18 03 20 03 28 03 30 03  .......... .(.0.
00011290: 38 03 40 03 48 03 50 03 58 03 60 03 68 03 70 03  8.@.H.P.X.`.h.p.
000112a0: 78 03 80 03 88 03 90 03 98 03 a0 03 a8 03 b0 03  x...............
000112b0: b8 03 c0 03 c8 03 d0 03 d8 03 e0 03 e8 03 f0 03  ................
000112c0: f8 03 ff 03 00 00 08 00 10 00 18 00 20 00 28 00  ............ .(.
000112d0: 30 00 38 00 40 00 48 00 50 00 58 00 60 00 68 00  0.8.@.H.P.X.`.h.
000112e0: 70 00 78 00 80 00 88 00 90 00 98 00 a0 00 a8 00  p.x.............
000112f0: b0 00 b8 00 c0 00 c8 00 d0 00 d8 00 e0 00 e8 00  ................
00011300: f0 00 f8 00 00 01 08 01 10 01 18 01 20 01 28 01  ............ .(.
00011310: 30 01 38 01 40 01 48 01 50 01 58 01 60 01 68 01  0.8.@.H.P.X.`.h.
00011320: 70 01 78 01 80 01 88 01 90 01 98 01 a0 01 a8 01  p.x.............
00011330: b0 01 b8 01 c0 01 c8 01 d0 01 d8 01 e0 01 e8 01  ................
00011340: f0 01 f8 01 00 02 08 02 10 02 18 02 20 02 28 02  ............ .(.
00011350: 30 02 38 02 40 02 48 02 50 02 58 02 60 02 68 02  0.8.@.H.P.X.`.h.
00011360: 70 02 78 02 80 02 88 02 90 02 98 02 a0 02 a8 02  p.x.............
00011370: b0 02 b8 02 c0 02 c8 02 d0 02 d8 02 e0 02 e8 02  ................
00011380: f0 02 f8 02 00 03 08 03 10 03 18 03 20 03 28 03  ............ .(.
00011390: 30 03 38 03 40 03 48 03 50 03 58 03 60 03 68 03  0.8.@.H.P.X.`.h.
000113a0: 70 03 78 03 80 03 88 03 90 03 98 03 a0 03 a8 03  p.x.............
000113b0: b0 03 b8 03 c0 03 c8 03 d0 03 d8 03 e0 03 e8 03  ................
000113c0: f0 03 f8 03 ff 03 00 00 08 00 10 00 18 00 20 00  .............. .
000113d0: 28 00 30 00 38 00 40 00 48 00 50 00 58 00 60 00  (.0.8.@.H.P.X.`.
000113e0: 68 00 70 00 78 00 80 00 88 00 90 00 98 00 a0 00  h.p.x...........
000113f0: a8 00 b0 00 b8 00 c0 00 c8 00 d0 00 d8 00 e0 00  ................
00011400: e8 00 f0 00 f8 00 00 01 08 01 10 01 18 01 20 01  .............. .
00011410: 28 01 30 01 38 01 40 01 48 01 50 01 58 01 60 01  (.0.8.@.H.P.X.`.
00011420: 68 01 70 01 78 01 80 01 88 01 90 01 98 01 a0 01  h.p.x...........
00011430: a8 01 b0 01 b8 01 c0 01 c8 01 d0 01 d8 01 e0 01  ................
00011440: e8 01 f0 01 f8 01 00 02 08 02 10 02 18 02 20 02  .............. .
00011450: 28 02 30 02 38 02 40 02 48 02 50 02 58 02 60 02  (.0.8.@.H.P.X.`.
00011460: 68 02 70 02 78 02 80 02 88 02 90 02 98 02 a0 02  h.p.x...........
00011470: a8 02 b0 02 b8 02 c0 02 c8 02 d0 02 d8 02 e0 02  ................
00011480: e8 02 f0 02 f8 02 00 03 08 03 10 03 18 03 20 03  .............. .
00011490: 28 03 30 03 38 03 40 03 48 03 50 03 58 03 60 03  (.0.8.@.H.P.X.`.
000114a0: 68 03 70 03 78 03 80 03 88 03 90 03 98 03 a0 03  h.p.x...........
000114b0: a8 03 b0 03 b8 03 c0 03 c8 03 d0 03 d8 03 e0 03  ................
000114c0: e8 03 f0 03 f8 03 ff 03 00 00 80 00 00 00 00 00  ................
000114d0: 00 00 00 00 00 00 00 00 00 00 00 00 00 00 00 00  ................
000114e0: 00 00 00 00 00 00 00 00 00 00 80 00 00 00 00 00  ................
000114f0: 00 00 00 00 00 00 00 00 00 00 00 00 00 00 00 00  ................
00011500: 00 00 00 00 00 00 00 00 00 00 80 00 00 00 00 00  ................
00011510: 00 00 00 00 00 00 00 00 00 00 00 00 00 00 00 00  ................
00011520: 00 00 00 00 00 00 00 00 00 00 03 00 dc 08 01 00  ................
00011530: 00 00 ff 03 4f 00 00 00 00 00 00 00 00 00 00 00  ....O...........
00011540: 00 00 00 00 00 00 00 00 00 00 00 00 00 00 00 00  ................
00011550: 00 00 00 00 ff 03 4f 00 00 00 00 00 00 00 00 00  ......O.........
00011560: 00 00 00 00 00 00 00 00 00 00 00 00 00 00 00 00  ................
00011570: 00 00 00 00 00 00 ff 03 4f 00 00 00 00 00 00 00  ........O.......
00011580: 00 00 00 00 00 00 00 00 00 00 00 00 00 00 00 00  ................
00011590: 00 00 00 00 00 00 00 00 04 00 00 00 40 00 80 00  ............@...
000115a0: c0 00 00 01 40 01 80 01 c0 01 00 02 40 02 80 02  ....@.......@...
000115b0: c0 02 00 03 40 03 80 03 c0 03 ff 03 00 00 10 00  ....@...........
000115c0: 00 00 00 00 00 00 00 00 00 00 00 00 00 00 00 00  ................
000115d0: 00 00 00 00 00 00 00 00 00 00 00 00 64 00 64 00  ............d.d.
000115e0: 64 00 00 00 ff 03 00 00 00 00 00 00 00 00 00 00  d...............
000115f0: 00 00 00 00 00 00 00 00 00 00 00 00 00 00 00 00  ................
00011600: 00 00 00 00 00 00 ff 03 00 00 00 00 00 00 00 00  ................
00011610: 00 00 00 00 00 00 00 00 00 00 00 00 00 00 00 00  ................
00011620: 00 00 00 00 00 00 00 00 ff 03 00 00 00 00 00 00  ................
00011630: 00 00 00 00 00 00 00 00 00 00 00 00 00 00 00 00  ................
00011640: 00 00 00 00 00 00 00 00 00 00 06 00 00 00 94 00  ................
00011650: 1c 01 8f 01 ed 01 39 02 77 02 a9 02 d2 02 f6 02  ......9.w.......
00011660: 16 03 38 03 5c 03 82 03 ab 03 d5 03 ff 03 00 00  ..8.\...........
00011670: 02 00 0b 00 10 00 00 00 00 00 00 00 00 00 00 00  ................
00011680: 00 00 00 00 00 00 00 00 00 00 00 00 00 00 14 00  ................
00011690: 14 00 14 00 01 00 ff 03 06 00 00 00 00 00 00 00  ................
000116a0: 00 00 00 00 00 00 00 00 00 00 00 00 00 00 00 00  ................
000116b0: 00 00 00 00 00 00 00 00 ff 03 06 00 00 00 00 00  ................
000116c0: 00 00 00 00 00 00 00 00 00 00 00 00 00 00 00 00  ................
000116d0: 00 00 00 00 00 00 00 00 00 00 ff 03 06 00 00 00  ................
000116e0: 00 00 00 00 00 00 00 00 00 00 00 00 00 00 00 00  ................
000116f0: 00 00 00 00 00 00 00 00 00 00 00 00 06 00 00 00  ................
00011700: 94 00 1c 01 8f 01 ed 01 39 02 77 02 a9 02 d2 02  ........9.w.....
00011710: f6 02 16 03 38 03 5c 03 82 03 ab 03 d5 03 ff 03  ....8.\.........
00011720: 00 00 02 00 0b 00 10 00 00 00 00 00 00 00 00 00  ................
00011730: 00 00 00 00 00 00 00 00 00 00 00 00 00 00 00 00  ................
00011740: 32 00 32 00 32 00 01 00 ff 03 1c 01 06 00 00 00  2.2.2...........
00011750: 00 00 00 00 00 00 00 00 00 00 00 00 00 00 00 00  ................
00011760: 00 00 00 00 00 00 00 00 00 00 ff 03 1c 01 06 00  ................
00011770: 00 00 00 00 00 00 00 00 00 00 00 00 00 00 00 00  ................
00011780: 00 00 00 00 00 00 00 00 00 00 00 00 ff 03 1c 01  ................
00011790: 06 00 00 00 00 00 00 00 00 00 00 00 00 00 00 00  ................
000117a0: 00 00 00 00 00 00 00 00 00 00 00 00 00 00 05 00  ................
000117b0: 00 00 40 00 80 00 c0 00 00 01 40 01 80 01 c0 01  ..@.......@.....
000117c0: 00 02 40 02 80 02 c0 02 00 03 40 03 80 03 c0 03  ..@.......@.....
000117d0: ff 03 00 00 10 00 00 00 00 00 00 00 00 00 00 00  ................
000117e0: 00 00 00 00 00 00 00 00 00 00 00 00 00 00 00 00  ................
000117f0: 00 00 c8 00 c8 00 c8 00 01 00 ff 03 b4 01 21 00  ..............!.
00011800: 00 00 00 00 00 00 00 00 00 00 00 00 00 00 00 00  ................
00011810: 00 00 00 00 00 00 00 00 00 00 00 00 ff 03 b4 01  ................
00011820: 21 00 00 00 00 00 00 00 00 00 00 00 00 00 00 00  !...............
00011830: 00 00 00 00 00 00 00 00 00 00 00 00 00 00 ff 03  ................
00011840: b4 01 21 00 00 00 00 00 00 00 00 00 00 00 00 00  ..!.............
00011850: 00 00 00 00 00 00 00 00 00 00 00 00 00 00 00 00  ................
00011860: 05 00 00 00 0e 00 2c 00 66 00 b0 00 fe 00 4c 01  ......,.f.....L.
00011870: 9a 01 e6 01 30 02 77 02 bc 02 ff 02 41 03 81 03  ....0.w.....A...
00011880: c1 03 ff 03 00 00 02 00 04 00 09 00 10 00 00 00  ................
00011890: 00 00 00 00 00 00 00 00 00 00 00 00 00 00 00 00  ................
000118a0: 00 00 00 00 2c 01 2c 01 2c 01 01 00 ff 03 b4 01  ....,.,.,.......
000118b0: 21 00 00 00 00 00 00 00 00 00 00 00 00 00 00 00  !...............
000118c0: 00 00 00 00 00 00 00 00 00 00 00 00 00 00 ff 03  ................
000118d0: b4 01 21 00 00 00 00 00 00 00 00 00 00 00 00 00  ..!.............
000118e0: 00 00 00 00 00 00 00 00 00 00 00 00 00 00 00 00  ................
000118f0: ff 03 b4 01 21 00 00 00 00 00 00 00 00 00 00 00  ....!...........
00011900: 00 00 00 00 00 00 00 00 00 00 00 00 00 00 00 00  ................
00011910: 00 00 04 00 00 00 08 00 11 00 2a 00 62 00 ae 00  ..........*.b...
00011920: fe 00 51 01 a5 01 f8 01 4a 02 98 02 e4 02 2d 03  ..Q.....J.....-.
00011930: 74 03 ba 03 ff 03 00 00 01 00 03 00 04 00 0a 00  t...............
00011940: 10 00 00 00 00 00 00 00 00 00 00 00 00 00 00 00  ................
00011950: 00 00 00 00 00 00 2c 01 2c 01 2c 01 01 00 ff 03  ......,.,.,.....
00011960: 1b 02 4f 00 03 00 00 00 00 00 00 00 00 00 00 00  ..O.............
00011970: 00 00 00 00 00 00 00 00 00 00 00 00 00 00 00 00  ................
00011980: ff 03 1b 02 4f 00 03 00 00 00 00 00 00 00 00 00  ....O...........
00011990: 00 00 00 00 00 00 00 00 00 00 00 00 00 00 00 00  ................
000119a0: 00 00 ff 03 1b 02 4f 00 03 00 00 00 00 00 00 00  ......O.........
000119b0: 00 00 00 00 00 00 00 00 00 00 00 00 00 00 00 00  ................
000119c0: 00 00 00 00 04 00 00 00 08 00 16 00 2e 00 55 00  ..............U.
000119d0: 8e 00 d8 00 2b 01 82 01 d7 01 2b 02 7d 02 cd 02  ....+.....+.}...
000119e0: 1b 03 68 03 b4 03 ff 03 00 00 01 00 02 00 04 00  ..h.............
000119f0: 07 00 0a 00 10 00 00 00 00 00 00 00 00 00 00 00  ................
00011a00: 00 00 00 00 00 00 00 00 90 01 90 01 90 01 01 00  ................
00011a10: ff 03 e7 02 1c 01 39 00 06 00 00 00 00 00 00 00  ......9.........
00011a20: 00 00 00 00 00 00 00 00 00 00 00 00 00 00 00 00  ................
00011a30: 00 00 ff 03 e7 02 1c 01 39 00 06 00 00 00 00 00  ........9.......
00011a40: 00 00 00 00 00 00 00 00 00 00 00 00 00 00 00 00  ................
00011a50: 00 00 00 00 ff 03 e7 02 1c 01 39 00 06 00 00 00  ..........9.....
00011a60: 00 00 00 00 00 00 00 00 00 00 00 00 00 00 00 00  ................
00011a70: 00 00 00 00 00 00 04 00 00 00 40 00 80 00 c0 00  ..........@.....
00011a80: 00 01 40 01 80 01 c0 01 00 02 40 02 80 02 c0 02  ..@.......@.....
00011a90: 00 03 40 03 80 03 c0 03 ff 03 00 00 10 00 00 00  ..@.............
00011aa0: 00 00 00 00 00 00 00 00 00 00 00 00 00 00 00 00  ................
00011ab0: 00 00 00 00 00 00 00 00 00 00 20 03 20 03 20 03  .......... . . .
00011ac0: 01 00 ff 03 1c 01 06 00 00 00 00 00 00 00 00 00  ................
00011ad0: 00 00 00 00 00 00 00 00 00 00 00 00 00 00 00 00  ................
00011ae0: 00 00 00 00 ff 03 1c 01 06 00 00 00 00 00 00 00  ................
00011af0: 00 00 00 00 00 00 00 00 00 00 00 00 00 00 00 00  ................
00011b00: 00 00 00 00 00 00 ff 03 1c 01 06 00 00 00 00 00  ................
00011b10: 00 00 00 00 00 00 00 00 00 00 00 00 00 00 00 00  ................
00011b20: 00 00 00 00 00 00 00 00 02 00 00 00 40 00 80 00  ............@...
00011b30: c0 00 00 01 40 01 80 01 c0 01 00 02 40 02 80 02  ....@.......@...
00011b40: c0 02 00 03 40 03 80 03 c0 03 ff 03 00 00 10 00  ....@...........
00011b50: 00 00 00 00 00 00 00 00 00 00 00 00 00 00 00 00  ................
00011b60: 00 00 00 00 00 00 00 00 00 00 00 00 c8 00 c8 00  ................
00011b70: c8 00 01 00 ff 03 1c 01 06 00 00 00 00 00 00 00  ................
00011b80: 00 00 00 00 00 00 00 00 00 00 00 00 00 00 00 00  ................
00011b90: 00 00 00 00 00 00 ff 03 1c 01 06 00 00 00 00 00  ................
00011ba0: 00 00 00 00 00 00 00 00 00 00 00 00 00 00 00 00  ................
00011bb0: 00 00 00 00 00 00 00 00 ff 03 1c 01 06 00 00 00  ................
00011bc0: 00 00 00 00 00 00 00 00 00 00 00 00 00 00 00 00  ................
00011bd0: 00 00 00 00 00 00 00 00 00 00 04 00 00 00 40 00  ..............@.
00011be0: 80 00 c0 00 00 01 40 01 80 01 c0 01 00 02 40 02  ......@.......@.
00011bf0: 80 02 c0 02 00 03 40 03 80 03 c0 03 ff 03 00 00  ......@.........
00011c00: 10 00 00 00 00 00 00 00 00 00 00 00 00 00 00 00  ................
00011c10: 00 00 00 00 00 00 00 00 00 00 00 00 00 00 c8 00  ................
00011c20: c8 00 c8 00 01 00 01 00 ff 03 4f 00 00 00 00 00  ..........O.....
00011c30: 00 00 00 00 00 00 00 00 00 00 00 00 00 00 00 00  ................
00011c40: 00 00 00 00 00 00 00 00 00 00 06 00 64 00 00 00  ............d...
00011c50: 00 00 00 00 00 00 01 00 ff 03 4f 00 00 00 00 00  ..........O.....
00011c60: 00 00 00 00 00 00 00 00 00 00 00 00 00 00 00 00  ................
00011c70: 00 00 00 00 00 00 00 00 00 00 06 00 64 00 01 00  ............d...
00011c80: 28 00 00 00 00 00 01 00 ff 03 4f 00 00 00 00 00  (.........O.....
00011c90: 00 00 00 00 00 00 00 00 00 00 00 00 00 00 00 00  ................
00011ca0: 00 00 00 00 00 00 00 00 00 00 06 00 64 00 01 00  ............d...
00011cb0: 28 00 00 00 00 00 01 00 ff 03 65 02 84 00 0a 00  (.........e.....
00011cc0: 00 00 00 00 00 00 00 00 00 00 00 00 00 00 00 00  ................
00011cd0: 00 00 00 00 00 00 00 00 00 00 05 00 f4 01 01 00  ................
00011ce0: 28 00 00 00 00 00 01 00 ff 03 1b 02 4f 00 03 00  (...........O...
00011cf0: 00 00 00 00 00 00 00 00 00 00 00 00 00 00 00 00  ................
00011d00: 00 00 00 00 00 00 00 00 00 00 05 00 90 01 01 00  ................
00011d10: 28 00 00 00 00 00 01 00 ff 03 9c 02 b9 00 16 00  (...............
00011d20: 01 00 00 00 00 00 00 00 00 00 00 00 00 00 00 00  ................
00011d30: 00 00 00 00 00 00 00 00 00 00 04 00 58 02 01 00  ............X...
00011d40: 28 00 00 00 00 00 01 00 ff 03 9c 02 b9 00 16 00  (...............
00011d50: 01 00 00 00 00 00 00 00 00 00 00 00 00 00 00 00  ................
00011d60: 00 00 00 00 00 00 00 00 00 00 04 00 58 02 00 00  ............X...
00011d70: 00 00 00 00 00 00 01 00 ff 03 1b 02 4f 00 03 00  ............O...
00011d80: 00 00 00 00 00 00 00 00 00 00 00 00 00 00 00 00  ................
00011d90: 00 00 00 00 00 00 00 00 00 00 04 00 90 01 00 00  ................
00011da0: 00 00 00 00 00 00 01 00 ff 03 4f 00 00 00 00 00  ..........O.....
00011db0: 00 00 00 00 00 00 00 00 00 00 00 00 00 00 00 00  ................
00011dc0: 00 00 00 00 00 00 00 00 00 00 02 00 64 00 00 00  ............d...
00011dd0: 00 00 00 00 00 00 01 00 ff 03 b4 01 21 00 00 00  ............!...
00011de0: 00 00 00 00 00 00 00 00 00 00 00 00 00 00 00 00  ................
00011df0: 00 00 00 00 00 00 00 00 00 00 04 00 2c 01 00 00  ............,...
00011e00: 00 00 00 00 00 00 04 00 40 04 01 00 00 00 00 00  ........@.......
00011e10: 00 00 00 00 01 00 01 00 01 00 01 00 01 00 08 00  ................
00011e20: 08 00 78 00 04 00 e8 03 d0 07 40 00 20 00 00 00  ..x.......@. ...
00011e30: 08 00 14 00 ff 03 18 03 6f 01 66 00 11 00 01 00  ........o.f.....
00011e40: 00 00 00 00 00 00 00 00 00 00 00 00 00 00 00 00  ................
00011e50: 00 00 00 00 00 00 e8 03 02 00 00 00 0b 00 08 00  ................
00011e60: 78 00 60 00 04 00 04 00 e8 03 d0 07 40 00 18 00  x.`.........@...
00011e70: 00 00 08 00 14 00 0a 00 00 00 00 00 01 00 01 00  ................
00011e80: 01 00 01 00 01 00 01 00 01 00 08 00 08 00 78 00  ..............x.
00011e90: 04 00 14 05 d0 07 40 00 20 00 00 00 08 00 14 00  ......@. .......
00011ea0: ff 03 1c 01 06 00 00 00 00 00 00 00 00 00 00 00  ................
00011eb0: 00 00 00 00 00 00 00 00 00 00 00 00 00 00 00 00  ................
00011ec0: 00 00 c8 00 02 00 00 00 0b 00 08 00 78 00 60 00  ............x.`.
00011ed0: 04 00 04 00 14 05 d0 07 40 00 18 00 00 00 08 00  ........@.......
00011ee0: 14 00 0a 00 00 00 00 00 01 00 01 00 01 00 01 00  ................
00011ef0: 01 00 01 00 01 00 08 00 08 00 78 00 04 00 78 05  ..........x...x.
00011f00: 98 08 40 00 20 00 00 00 08 00 14 00 ff 03 65 02  ..@. .........e.
00011f10: 84 00 0a 00 00 00 00 00 00 00 00 00 00 00 00 00  ................
00011f20: 00 00 00 00 00 00 00 00 00 00 00 00 00 00 f4 01  ................
00011f30: 02 00 00 00 0b 00 08 00 78 00 60 00 04 00 04 00  ........x.`.....
00011f40: 78 05 98 08 40 00 20 00 00 00 08 00 14 00 0a 00  x...@. .........
00011f50: 00 00 00 00 01 00 01 00 01 00 01 00 01 00 01 00  ................
00011f60: 01 00 08 00 08 00 78 00 04 00 98 08 8c 0a 40 00  ......x.......@.
00011f70: 20 00 00 00 08 00 14 00 ff 03 cc 03 42 03 85 02   ...........B...
00011f80: c3 01 1c 01 a2 00 53 00 26 00 10 00 06 00 02 00  ......S.&.......
00011f90: 00 00 00 00 00 00 00 00 00 00 88 13 02 00 00 00  ................
00011fa0: 0b 00 08 00 78 00 60 00 04 00 04 00 98 08 8c 0a  ....x.`.........
00011fb0: 40 00 18 00 00 00 08 00 14 00 0a 00 00 00 00 00  @...............
00011fc0: 01 00 01 00 01 00 01 00 01 00 01 00 01 00 08 00  ................
00011fd0: 08 00 78 00 04 00 c4 09 80 0c 40 00 20 00 00 00  ..x.......@. ...
00011fe0: 08 00 14 00 ff 03 e6 03 9c 03 2d 03 a7 02 1b 02  ..........-.....
00011ff0: 97 01 24 01 c6 00 80 00 4f 00 2e 00 19 00 0d 00  ..$.....O.......
00012000: 06 00 03 00 01 00 10 27 02 00 00 00 0d 00 08 00  .......'........
00012010: 78 00 60 00 04 00 04 00 c4 09 80 0c 40 00 18 00  x.`.........@...
00012020: 00 00 08 00 14 00 0a 00 00 00 00 00 01 00 01 00  ................
00012030: 01 00 01 00 01 00 01 00 01 00 08 00 08 00 78 00  ..............x.
00012040: 04 00 8c 0a ac 0d 56 00 30 00 00 00 08 00 14 00  ......V.0.......
00012050: ff 03 f9 03 e6 03 c6 03 9c 03 68 03 2d 03 ec 02  ..........h.-...
00012060: a7 02 61 02 1b 02 d8 01 97 01 5b 01 24 01 f2 00  ..a.......[.$...
00012070: c6 00 40 9c 01 00 00 00 0f 00 08 00 78 00 60 00  ..@.........x.`.
00012080: 04 00 04 00 8c 0a ac 0d 56 00 24 00 00 00 08 00  ........V.$.....
00012090: 14 00 0a 00 00 00 00 00 01 00 01 00 01 00 01 00  ................
000120a0: 01 00 01 00 01 00 08 00 08 00 78 00 04 00 ac 0d  ..........x.....
000120b0: c0 12 56 00 30 00 00 00 08 00 14 00 ff 03 f9 03  ..V.0...........
000120c0: e6 03 c6 03 9c 03 68 03 2d 03 ec 02 a7 02 61 02  ......h.-.....a.
000120d0: 1b 02 d8 01 97 01 5b 01 24 01 f2 00 c6 00 40 9c  ......[.$.....@.
000120e0: 01 00 00 00 0f 00 20 00 40 00 00 00 0c 00 04 00  ...... .@.......
000120f0: ac 0d c0 12 56 00 24 00 00 00 08 00 14 00 0a 00  ....V.$.........
00012100: 00 00 00 00 01 00 01 00 01 00 01 00 01 00 01 00  ................
00012110: 01 00 08 00 08 00 78 00 04 00 dc 05 fc 08 56 00  ......x.......V.
00012120: 30 00 00 00 08 00 14 00 ff 03 f9 03 e6 03 c6 03  0...............
00012130: 9c 03 68 03 2d 03 ec 02 a7 02 61 02 1b 02 d8 01  ..h.-.....a.....
00012140: 97 01 5b 01 24 01 f2 00 c6 00 40 9c 02 00 00 00  ..[.$.....@.....
00012150: 0e 00 20 00 40 00 00 00 0c 00 04 00 dc 05 fc 08  .. .@...........
00012160: 56 00 24 00 00 00 08 00 14 00 0a 00 00 00 01 00  V.$.............
00012170: 01 00 01 00 01 00 01 00 01 00 01 00 01 00 08 00  ................
00012180: 08 00 78 00 04 00 dc 05 fc 08 56 00 30 00 00 00  ..x.......V.0...
00012190: 08 00 14 00 ff 03 fa 03 eb 03 d1 03 af 03 84 03  ................
000121a0: 53 03 1c 03 e1 02 a4 02 65 02 27 02 e9 01 af 01  S.......e.'.....
000121b0: 77 01 43 01 14 01 50 c3 02 00 00 00 0c 00 08 00  w.C...P.........
000121c0: 78 00 60 00 04 00 04 00 dc 05 fc 08 56 00 24 00  x.`.........V.$.
000121d0: 00 00 08 00 14 00 0a 00 00 00 01 00 01 00 01 00  ................
000121e0: 01 00 01 00 01 00 01 00 01 00 08 00 08 00 78 00  ..............x.
000121f0: 04 00 40 1f 28 23 40 00 20 00 00 00 08 00 32 00  ..@.(#@. .....2.
00012200: ff 03 18 03 6f 01 66 00 11 00 01 00 00 00 00 00  ....o.f.........
00012210: 00 00 00 00 00 00 00 00 00 00 00 00 00 00 00 00  ................
00012220: 00 00 e8 03 02 00 00 00 0b 00 08 00 78 00 70 00  ............x.p.
00012230: 04 00 04 00 40 1f 28 23 40 00 18 00 00 00 08 00  ....@.(#@.......
00012240: 32 00 0a 00 00 00 05 00 56 00 01 00 01 00 14 00  2.......V.......
00012250: 0c 00 1e 00 01 00 14 00 04 00 78 00 01 00 14 00  ..........x.....
00012260: 04 00 78 00 01 00 14 00 0c 00 1e 00 01 00 14 00  ..x.............
00012270: 0c 00 1e 00 01 00 14 00 04 00 78 00 01 00 14 00  ..........x.....
00012280: 04 00 78 00 01 00 14 00 04 00 78 00 01 00 14 00  ..x.......x.....
00012290: 04 00 78 00 01 00 14 00 04 00 78 00 06 00 16 00  ..x.......x.....
000122a0: c0 00 00 00 00 00 37 00 3c 00 40 00 40 00 40 00  ......7.<.@.@.@.
000122b0: 40 00 07 00 6c 03 00 00 1e 00 3c 00 58 00 74 00  @...l.....<.X.t.
000122c0: 8f 00 a8 00 c1 00 d8 00 ef 00 04 01 19 01 2d 01  ..............-.
000122d0: 40 01 53 01 64 01 75 01 85 01 95 01 a4 01 b2 01  @.S.d.u.........
000122e0: bf 01 cc 01 d9 01 e5 01 f0 01 fb 01 06 02 10 02  ................
000122f0: 1a 02 23 02 2c 02 35 02 3d 02 45 02 4d 02 54 02  ..#.,.5.=.E.M.T.
00012300: 5b 02 62 02 68 02 6f 02 75 02 7a 02 80 02 85 02  [.b.h.o.u.z.....
00012310: 8a 02 8f 02 94 02 98 02 9d 02 a1 02 a5 02 a9 02  ................
00012320: ad 02 b0 02 b4 02 b7 02 ba 02 bd 02 c0 02 c3 02  ................
00012330: c6 02 c9 02 cc 02 cf 02 d1 02 d4 02 d7 02 d9 02  ................
00012340: dc 02 df 02 e1 02 e4 02 e7 02 ea 02 ed 02 f0 02  ................
00012350: f3 02 f6 02 f9 02 fc 02 00 03 03 03 07 03 0a 03  ................
00012360: 0e 03 12 03 16 03 1a 03 1e 03 22 03 26 03 2a 03  ..........".&.*.
00012370: 2f 03 33 03 38 03 3c 03 41 03 46 03 4b 03 50 03  /.3.8.<.A.F.K.P.
00012380: 55 03 5a 03 60 03 65 03 6b 03 70 03 76 03 7c 03  U.Z.`.e.k.p.v.|.
00012390: 82 03 88 03 8e 03 94 03 9a 03 a1 03 a7 03 ae 03  ................
000123a0: b4 03 bb 03 c2 03 c8 03 cf 03 d6 03 dd 03 e4 03  ................
000123b0: eb 03 f2 03 f9 03 ff 03 00 00 1e 00 3c 00 58 00  ............<.X.
000123c0: 74 00 8f 00 a8 00 c1 00 d8 00 ef 00 04 01 19 01  t...............
000123d0: 2d 01 40 01 53 01 64 01 75 01 85 01 95 01 a4 01  -.@.S.d.u.......
000123e0: b2 01 bf 01 cc 01 d9 01 e5 01 f0 01 fb 01 06 02  ................
000123f0: 10 02 1a 02 23 02 2c 02 35 02 3d 02 45 02 4d 02  ....#.,.5.=.E.M.
00012400: 54 02 5b 02 62 02 68 02 6f 02 75 02 7a 02 80 02  T.[.b.h.o.u.z...
00012410: 85 02 8a 02 8f 02 94 02 98 02 9d 02 a1 02 a5 02  ................
00012420: a9 02 ad 02 b0 02 b4 02 b7 02 ba 02 bd 02 c0 02  ................
00012430: c3 02 c6 02 c9 02 cc 02 cf 02 d1 02 d4 02 d7 02  ................
00012440: d9 02 dc 02 df 02 e1 02 e4 02 e7 02 ea 02 ed 02  ................
00012450: f0 02 f3 02 f6 02 f9 02 fc 02 00 03 03 03 07 03  ................
00012460: 0a 03 0e 03 12 03 16 03 1a 03 1e 03 22 03 26 03  ............".&.
00012470: 2a 03 2f 03 33 03 38 03 3c 03 41 03 46 03 4b 03  *./.3.8.<.A.F.K.
00012480: 50 03 55 03 5a 03 60 03 65 03 6b 03 70 03 76 03  P.U.Z.`.e.k.p.v.
00012490: 7c 03 82 03 88 03 8e 03 94 03 9a 03 a1 03 a7 03  |...............
000124a0: ae 03 b4 03 bb 03 c2 03 c8 03 cf 03 d6 03 dd 03  ................
000124b0: e4 03 eb 03 f2 03 f9 03 ff 03 00 00 1e 00 3c 00  ..............<.
000124c0: 58 00 74 00 8f 00 a8 00 c1 00 d8 00 ef 00 04 01  X.t.............
000124d0: 19 01 2d 01 40 01 53 01 64 01 75 01 85 01 95 01  ..-.@.S.d.u.....
000124e0: a4 01 b2 01 bf 01 cc 01 d9 01 e5 01 f0 01 fb 01  ................
000124f0: 06 02 10 02 1a 02 23 02 2c 02 35 02 3d 02 45 02  ......#.,.5.=.E.
00012500: 4d 02 54 02 5b 02 62 02 68 02 6f 02 75 02 7a 02  M.T.[.b.h.o.u.z.
00012510: 80 02 85 02 8a 02 8f 02 94 02 98 02 9d 02 a1 02  ................
00012520: a5 02 a9 02 ad 02 b0 02 b4 02 b7 02 ba 02 bd 02  ................
00012530: c0 02 c3 02 c6 02 c9 02 cc 02 cf 02 d1 02 d4 02  ................
00012540: d7 02 d9 02 dc 02 df 02 e1 02 e4 02 e7 02 ea 02  ................
00012550: ed 02 f0 02 f3 02 f6 02 f9 02 fc 02 00 03 03 03  ................
00012560: 07 03 0a 03 0e 03 12 03 16 03 1a 03 1e 03 22 03  ..............".
00012570: 26 03 2a 03 2f 03 33 03 38 03 3c 03 41 03 46 03  &.*./.3.8.<.A.F.
00012580: 4b 03 50 03 55 03 5a 03 60 03 65 03 6b 03 70 03  K.P.U.Z.`.e.k.p.
00012590: 76 03 7c 03 82 03 88 03 8e 03 94 03 9a 03 a1 03  v.|.............
000125a0: a7 03 ae 03 b4 03 bb 03 c2 03 c8 03 cf 03 d6 03  ................
000125b0: dd 03 e4 03 eb 03 f2 03 f9 03 ff 03 00 00 03 00  ................
000125c0: 0f 00 1f 00 4c 00 6e 00 80 00 00 00 00 00 00 00  ....L.n.........
000125d0: 00 00 00 00 00 00 00 00 00 00 00 00 00 00 03 00  ................
000125e0: 0f 00 1f 00 4c 00 6e 00 80 00 00 00 00 00 00 00  ....L.n.........
000125f0: 00 00 00 00 00 00 00 00 00 00 00 00 00 00 03 00  ................
00012600: 0f 00 1f 00 4c 00 6e 00 80 00 00 00 00 00 00 00  ....L.n.........
00012610: 00 00 00 00 00 00 00 00 00 00 00 00 01 00 08 00  ................
00012620: 88 00 01 00 00 00 00 00 ff 00 00 00 00 02 01 ff  ................
00012630: ff ff d3 ff b8 01 75 ff e8 ff 1a ff fe 01 01 00  ......u.........
00012640: 00 00 ff 00 00 00 a0 02 ad fe b3 ff 6f ff 79 01  ............o.y.
00012650: 18 00 bf ff 1c fd 25 04 01 00 00 00 ff 00 00 00  ......%.........
00012660: 04 02 0c ff f0 ff 7b ff c9 01 bc ff fe ff be fe  ......{.........
00012670: 44 02 01 00 00 00 ff 00 00 00 e0 01 49 ff d7 ff  D...........I...
00012680: 91 ff 12 02 5d ff 02 00 2c ff d2 01 01 00 00 00  ....]...,.......
00012690: ff 00 00 00 30 02 ce fe 02 00 93 ff bf 01 ae ff  ....0...........
000126a0: 13 00 64 fe 89 02 09 00 6a 00 00 00 07 00 0d 00  ..d.....j.......
000126b0: 01 00 01 00 14 00 07 00 0d 00 01 00 00 00 14 00  ................
000126c0: 07 00 0d 00 01 00 01 00 14 00 07 00 0d 00 01 00  ................
000126d0: 01 00 14 00 07 00 0d 00 01 00 01 00 14 00 07 00  ................
000126e0: 0d 00 01 00 01 00 14 00 07 00 0d 00 01 00 01 00  ................
000126f0: 14 00 07 00 0d 00 01 00 01 00 14 00 07 00 00 00  ................
00012700: 01 00 01 00 14 00 07 00 0d 00 01 00 01 00 14 00  ................
00012710: 0a 00 ee 26 01 00 0f 00 80 00 01 00 00 00 00 00  ...&............
00012720: 00 00 60 00 c0 00 00 00 10 00 20 00 30 00 40 00  ..`....... .0.@.
00012730: 50 00 60 00 70 00 80 00 90 00 a0 00 b0 00 c0 00  P.`.p...........
00012740: d0 00 e0 00 f0 00 00 01 10 01 20 01 30 01 40 01  .......... .0.@.
00012750: 50 01 60 01 70 01 80 01 90 01 a0 01 b0 01 c0 01  P.`.p...........
00012760: d0 01 e0 01 f0 01 00 02 10 02 20 02 30 02 40 02  .......... .0.@.
00012770: 50 02 60 02 70 02 80 02 90 02 a0 02 b0 02 c0 02  P.`.p...........
00012780: d0 02 e0 02 f0 02 00 03 10 03 20 03 30 03 40 03  .......... .0.@.
00012790: 50 03 60 03 70 03 80 03 90 03 a0 03 b0 03 c0 03  P.`.p...........
000127a0: d0 03 e0 03 f0 03 ff 03 00 00 10 00 20 00 30 00  ............ .0.
000127b0: 40 00 50 00 60 00 70 00 80 00 90 00 a0 00 b0 00  @.P.`.p.........
000127c0: c0 00 d0 00 e0 00 f0 00 00 01 10 01 20 01 30 01  ............ .0.
000127d0: 40 01 50 01 60 01 70 01 80 01 90 01 a0 01 b0 01  @.P.`.p.........
000127e0: c0 01 d0 01 e0 01 f0 01 00 02 10 02 20 02 30 02  ............ .0.
000127f0: 40 02 50 02 60 02 70 02 80 02 90 02 a0 02 b0 02  @.P.`.p.........
00012800: c0 02 d0 02 e0 02 f0 02 00 03 10 03 20 03 30 03  ............ .0.
00012810: 40 03 50 03 60 03 70 03 80 03 90 03 a0 03 b0 03  @.P.`.p.........
00012820: c0 03 d0 03 e0 03 f0 03 ff 03 00 00 10 00 20 00  .............. .
00012830: 30 00 40 00 50 00 60 00 70 00 80 00 90 00 a0 00  0.@.P.`.p.......
00012840: b0 00 c0 00 d0 00 e0 00 f0 00 00 01 10 01 20 01  .............. .
00012850: 30 01 40 01 50 01 60 01 70 01 80 01 90 01 a0 01  0.@.P.`.p.......
00012860: b0 01 c0 01 d0 01 e0 01 f0 01 00 02 10 02 20 02  .............. .
00012870: 30 02 40 02 50 02 60 02 70 02 80 02 90 02 a0 02  0.@.P.`.p.......
00012880: b0 02 c0 02 d0 02 e0 02 f0 02 00 03 10 03 20 03  .............. .
00012890: 30 03 40 03 50 03 60 03 70 03 80 03 90 03 a0 03  0.@.P.`.p.......
000128a0: b0 03 c0 03 d0 03 e0 03 f0 03 ff 03 00 00 2d 00  ..............-.
000128b0: 57 00 7c 00 9a 00 b2 00 c5 00 d5 00 e4 00 f3 00  W.|.............
000128c0: 02 01 11 01 20 01 2f 01 3e 01 4d 01 5b 01 6a 01  .... ./.>.M.[.j.
000128d0: 78 01 86 01 94 01 a1 01 af 01 bc 01 c9 01 d6 01  x...............
000128e0: e3 01 ef 01 fc 01 09 02 16 02 22 02 2f 02 3c 02  .........."./.<.
000128f0: 49 02 56 02 63 02 70 02 7d 02 8b 02 98 02 a6 02  I.V.c.p.}.......
00012900: b3 02 c1 02 cf 02 dd 02 eb 02 f9 02 08 03 16 03  ................
00012910: 25 03 34 03 43 03 53 03 62 03 71 03 81 03 91 03  %.4.C.S.b.q.....
00012920: a0 03 b0 03 c0 03 d0 03 e0 03 f0 03 ff 03 00 00  ................
00012930: 11 00 21 00 32 00 42 00 53 00 64 00 75 00 87 00  ..!.2.B.S.d.u...
00012940: 98 00 ab 00 bd 00 d1 00 e4 00 f9 00 0e 01 23 01  ..............#.
00012950: 39 01 50 01 68 01 81 01 9a 01 b3 01 cc 01 e5 01  9.P.h...........
00012960: fe 01 16 02 2d 02 43 02 58 02 6b 02 7d 02 8e 02  ....-.C.X.k.}...
00012970: 9d 02 ab 02 b9 02 c5 02 d1 02 dc 02 e6 02 f0 02  ................
00012980: f9 02 03 03 0c 03 15 03 1e 03 27 03 30 03 3a 03  ..........'.0.:.
00012990: 44 03 4f 03 5a 03 65 03 71 03 7d 03 89 03 96 03  D.O.Z.e.q.}.....
000129a0: a3 03 b0 03 bd 03 ca 03 d7 03 e5 03 f2 03 ff 03  ................
000129b0: 00 00 13 00 25 00 37 00 4a 00 5c 00 6e 00 81 00  ....%.7.J.\.n...
000129c0: 93 00 a6 00 b8 00 ca 00 dd 00 f0 00 02 01 15 01  ................
000129d0: 28 01 3b 01 4e 01 61 01 74 01 87 01 9a 01 ae 01  (.;.N.a.t.......
000129e0: c1 01 d5 01 e8 01 fc 01 10 02 24 02 38 02 4c 02  ..........$.8.L.
000129f0: 61 02 75 02 8a 02 9f 02 b4 02 c9 02 de 02 f2 02  a.u.............
00012a00: 07 03 1b 03 2f 03 42 03 54 03 66 03 76 03 86 03  ..../.B.T.f.v...
00012a10: 94 03 a1 03 ad 03 b8 03 c2 03 ca 03 d2 03 d9 03  ................
00012a20: df 03 e5 03 e9 03 ee 03 f2 03 f6 03 f9 03 fc 03  ................
00012a30: ff 03 00 00 40 00 00 00 00 00 00 00 00 00 00 00  ....@...........
00012a40: 00 00 00 00 00 00 00 00 00 00 00 00 00 00 00 00  ................
00012a50: 00 00 00 00 40 00 00 00 00 00 00 00 00 00 00 00  ....@...........
00012a60: 00 00 00 00 00 00 00 00 00 00 00 00 00 00 00 00  ................
00012a70: 00 00 00 00 40 00 00 00 00 00 00 00 00 00 00 00  ....@...........
00012a80: 00 00 00 00 00 00 00 00 00 00 00 00 00 00 00 00  ................
00012a90: 00 00 00 00 03 00 08 00 12 00 1c 00 30 00 40 00  ............0.@.
00012aa0: 00 00 00 00 00 00 00 00 00 00 00 00 00 00 00 00  ................
00012ab0: 00 00 00 00 12 00 1d 00 2f 00 40 00 00 00 00 00  ......../.@.....
00012ac0: 00 00 00 00 00 00 00 00 00 00 00 00 00 00 00 00  ................
00012ad0: 00 00 00 00 23 00 30 00 40 00 00 00 00 00 00 00  ....#.0.@.......
00012ae0: 00 00 00 00 00 00 00 00 00 00 00 00 00 00 00 00  ................
00012af0: 00 00 01 00 00 00 08 00 00 01 18 00 00 00 01 00  ................
00012b00: 00 00 00 00 00 00 5f 00 c0 00 00 00 10 00 20 00  ......_....... .
00012b10: 30 00 40 00 50 00 60 00 70 00 80 00 90 00 a0 00  0.@.P.`.p.......
00012b20: b0 00 c0 00 d0 00 e0 00 f0 00 00 01 10 01 20 01  .............. .
00012b30: 30 01 40 01 50 01 60 01 70 01 80 01 90 01 a0 01  0.@.P.`.p.......
00012b40: b0 01 c0 01 d0 01 e0 01 f0 01 00 02 10 02 20 02  .............. .
00012b50: 30 02 40 02 50 02 60 02 70 02 80 02 90 02 a0 02  0.@.P.`.p.......
00012b60: b0 02 c0 02 d0 02 e0 02 f0 02 00 03 10 03 20 03  .............. .
00012b70: 30 03 40 03 50 03 60 03 70 03 80 03 90 03 a0 03  0.@.P.`.p.......
00012b80: b0 03 c0 03 d0 03 e0 03 f0 03 ff 03 00 00 10 00  ................
00012b90: 20 00 30 00 40 00 50 00 60 00 70 00 80 00 90 00   .0.@.P.`.p.....
00012ba0: a0 00 b0 00 c0 00 d0 00 e0 00 f0 00 00 01 10 01  ................
00012bb0: 20 01 30 01 40 01 50 01 60 01 70 01 80 01 90 01   .0.@.P.`.p.....
00012bc0: a0 01 b0 01 c0 01 d0 01 e0 01 f0 01 00 02 10 02  ................
00012bd0: 20 02 30 02 40 02 50 02 60 02 70 02 80 02 90 02   .0.@.P.`.p.....
00012be0: a0 02 b0 02 c0 02 d0 02 e0 02 f0 02 00 03 10 03  ................
00012bf0: 20 03 30 03 40 03 50 03 60 03 70 03 80 03 90 03   .0.@.P.`.p.....
00012c00: a0 03 b0 03 c0 03 d0 03 e0 03 f0 03 ff 03 00 00  ................
00012c10: 10 00 20 00 30 00 40 00 50 00 60 00 70 00 80 00  .. .0.@.P.`.p...
00012c20: 90 00 a0 00 b0 00 c0 00 d0 00 e0 00 f0 00 00 01  ................
00012c30: 10 01 20 01 30 01 40 01 50 01 60 01 70 01 80 01  .. .0.@.P.`.p...
00012c40: 90 01 a0 01 b0 01 c0 01 d0 01 e0 01 f0 01 00 02  ................
00012c50: 10 02 20 02 30 02 40 02 50 02 60 02 70 02 80 02  .. .0.@.P.`.p...
00012c60: 90 02 a0 02 b0 02 c0 02 d0 02 e0 02 f0 02 00 03  ................
00012c70: 10 03 20 03 30 03 40 03 50 03 60 03 70 03 80 03  .. .0.@.P.`.p...
00012c80: 90 03 a0 03 b0 03 c0 03 d0 03 e0 03 f0 03 ff 03  ................
00012c90: 00 00 28 00 4f 00 73 00 95 00 b4 00 d2 00 ec 00  ..(.O.s.........
00012ca0: 05 01 1c 01 31 01 44 01 56 01 66 01 75 01 83 01  ....1.D.V.f.u...
00012cb0: 90 01 9c 01 a8 01 b2 01 bd 01 c7 01 d2 01 dc 01  ................
00012cc0: e7 01 f1 01 fc 01 07 02 13 02 1e 02 2a 02 36 02  ............*.6.
00012cd0: 42 02 4e 02 5a 02 67 02 74 02 81 02 8e 02 9b 02  B.N.Z.g.t.......
00012ce0: a8 02 b5 02 c3 02 d0 02 de 02 ec 02 fa 02 08 03  ................
00012cf0: 16 03 24 03 32 03 41 03 4f 03 5e 03 6c 03 7b 03  ..$.2.A.O.^.l.{.
00012d00: 89 03 98 03 a7 03 b6 03 c4 03 d3 03 e2 03 f1 03  ................
00012d10: ff 03 00 00 09 00 11 00 19 00 21 00 2a 00 33 00  ..........!.*.3.
00012d20: 3c 00 46 00 4f 00 5a 00 65 00 70 00 7c 00 88 00  <.F.O.Z.e.p.|...
00012d30: 96 00 a4 00 b3 00 c2 00 d3 00 e4 00 f7 00 0a 01  ................
00012d40: 1e 01 33 01 49 01 5f 01 76 01 8e 01 a6 01 be 01  ..3.I._.v.......
00012d50: d6 01 ef 01 08 02 21 02 3a 02 53 02 6b 02 84 02  ......!.:.S.k...
00012d60: 9c 02 b4 02 cc 02 e3 02 f9 02 0f 03 25 03 39 03  ............%.9.
00012d70: 4d 03 5f 03 71 03 82 03 92 03 a0 03 ad 03 b9 03  M._.q...........
00012d80: c4 03 ce 03 d6 03 de 03 e4 03 eb 03 f0 03 f6 03  ................
00012d90: fb 03 ff 03 00 00 0f 00 1e 00 2d 00 3c 00 4b 00  ..........-.<.K.
00012da0: 5a 00 69 00 78 00 87 00 96 00 a5 00 b4 00 c3 00  Z.i.x...........
00012db0: d3 00 e2 00 f1 00 01 01 10 01 20 01 30 01 40 01  .......... .0.@.
00012dc0: 4f 01 60 01 70 01 80 01 90 01 a1 01 b1 01 c2 01  O.`.p...........
00012dd0: d3 01 e4 01 f5 01 07 02 18 02 2a 02 3c 02 4d 02  ..........*.<.M.
00012de0: 60 02 72 02 84 02 97 02 aa 02 bd 02 d0 02 e4 02  `.r.............
00012df0: f8 02 0c 03 20 03 34 03 48 03 5c 03 70 03 82 03  .... .4.H.\.p...
00012e00: 94 03 a4 03 b2 03 bf 03 cb 03 d5 03 df 03 e8 03  ................
00012e10: f0 03 f8 03 ff 03 00 00 40 00 00 00 00 00 00 00  ........@.......
00012e20: 00 00 00 00 00 00 00 00 00 00 00 00 00 00 00 00  ................
00012e30: 00 00 00 00 00 00 00 00 40 00 00 00 00 00 00 00  ........@.......
00012e40: 00 00 00 00 00 00 00 00 00 00 00 00 00 00 00 00  ................
00012e50: 00 00 00 00 00 00 00 00 40 00 00 00 00 00 00 00  ........@.......
00012e60: 00 00 00 00 00 00 00 00 00 00 00 00 00 00 00 00  ................
00012e70: 00 00 00 00 00 00 00 00 01 00 05 00 17 00 40 00  ..............@.
00012e80: 00 00 00 00 00 00 00 00 00 00 00 00 00 00 00 00  ................
00012e90: 00 00 00 00 00 00 00 00 14 00 35 00 40 00 00 00  ..........5.@...
00012ea0: 00 00 00 00 00 00 00 00 00 00 00 00 00 00 00 00  ................
00012eb0: 00 00 00 00 00 00 00 00 30 00 37 00 40 00 00 00  ........0.7.@...
00012ec0: 00 00 00 00 00 00 00 00 00 00 00 00 00 00 00 00  ................
00012ed0: 00 00 00 00 00 00 01 00 40 00 80 00 00 01 14 00  ........@.......
00012ee0: 00 00 01 00 00 00 00 00 00 00 60 00 c0 00 00 00  ..........`.....
00012ef0: 10 00 20 00 30 00 40 00 50 00 60 00 70 00 80 00  .. .0.@.P.`.p...
00012f00: 90 00 a0 00 b0 00 c0 00 d0 00 e0 00 f0 00 00 01  ................
00012f10: 10 01 20 01 30 01 40 01 50 01 60 01 70 01 80 01  .. .0.@.P.`.p...
00012f20: 90 01 a0 01 b0 01 c0 01 d0 01 e0 01 f0 01 00 02  ................
00012f30: 10 02 20 02 30 02 40 02 50 02 60 02 70 02 80 02  .. .0.@.P.`.p...
00012f40: 90 02 a0 02 b0 02 c0 02 d0 02 e0 02 f0 02 00 03  ................
00012f50: 10 03 20 03 30 03 40 03 50 03 60 03 70 03 80 03  .. .0.@.P.`.p...
00012f60: 90 03 a0 03 b0 03 c0 03 d0 03 e0 03 f0 03 ff 03  ................
00012f70: 00 00 10 00 20 00 30 00 40 00 50 00 60 00 70 00  .... .0.@.P.`.p.
00012f80: 80 00 90 00 a0 00 b0 00 c0 00 d0 00 e0 00 f0 00  ................
00012f90: 00 01 10 01 20 01 30 01 40 01 50 01 60 01 70 01  .... .0.@.P.`.p.
00012fa0: 80 01 90 01 a0 01 b0 01 c0 01 d0 01 e0 01 f0 01  ................
00012fb0: 00 02 10 02 20 02 30 02 40 02 50 02 60 02 70 02  .... .0.@.P.`.p.
00012fc0: 80 02 90 02 a0 02 b0 02 c0 02 d0 02 e0 02 f0 02  ................
00012fd0: 00 03 10 03 20 03 30 03 40 03 50 03 60 03 70 03  .... .0.@.P.`.p.
00012fe0: 80 03 90 03 a0 03 b0 03 c0 03 d0 03 e0 03 f0 03  ................
00012ff0: ff 03 00 00 10 00 20 00 30 00 40 00 50 00 60 00  ...... .0.@.P.`.
00013000: 70 00 80 00 90 00 a0 00 b0 00 c0 00 d0 00 e0 00  p...............
00013010: f0 00 00 01 10 01 20 01 30 01 40 01 50 01 60 01  ...... .0.@.P.`.
00013020: 70 01 80 01 90 01 a0 01 b0 01 c0 01 d0 01 e0 01  p...............
00013030: f0 01 00 02 10 02 20 02 30 02 40 02 50 02 60 02  ...... .0.@.P.`.
00013040: 70 02 80 02 90 02 a0 02 b0 02 c0 02 d0 02 e0 02  p...............
00013050: f0 02 00 03 10 03 20 03 30 03 40 03 50 03 60 03  ...... .0.@.P.`.
00013060: 70 03 80 03 90 03 a0 03 b0 03 c0 03 d0 03 e0 03  p...............
00013070: f0 03 ff 03 00 00 28 00 4e 00 70 00 8f 00 ad 00  ......(.N.p.....
00013080: c8 00 e2 00 fb 00 12 01 28 01 3d 01 51 01 64 01  ........(.=.Q.d.
00013090: 76 01 87 01 97 01 a6 01 b5 01 c3 01 d1 01 de 01  v...............
000130a0: ea 01 f6 01 02 02 0e 02 1a 02 25 02 30 02 3c 02  ..........%.0.<.
000130b0: 48 02 53 02 5f 02 6b 02 77 02 83 02 8f 02 9c 02  H.S._.k.w.......
000130c0: a8 02 b5 02 c1 02 ce 02 db 02 e7 02 f4 02 01 03  ................
000130d0: 0e 03 1b 03 28 03 36 03 43 03 50 03 5d 03 6b 03  ....(.6.C.P.].k.
000130e0: 78 03 86 03 93 03 a1 03 ae 03 bc 03 c9 03 d7 03  x...............
000130f0: e4 03 f2 03 ff 03 00 00 15 00 2a 00 3e 00 53 00  ..........*.>.S.
00013100: 67 00 7c 00 90 00 a5 00 b9 00 ce 00 e2 00 f7 00  g.|.............
00013110: 0b 01 20 01 34 01 48 01 5c 01 71 01 85 01 99 01  .. .4.H.\.q.....
00013120: ad 01 c1 01 d4 01 e8 01 fb 01 0f 02 22 02 35 02  ............".5.
00013130: 47 02 5a 02 6c 02 7e 02 90 02 a1 02 b2 02 c3 02  G.Z.l.~.........
00013140: d4 02 e4 02 f4 02 04 03 13 03 22 03 30 03 3e 03  ..........".0.>.
00013150: 4c 03 59 03 65 03 72 03 7e 03 89 03 94 03 9e 03  L.Y.e.r.~.......
00013160: a8 03 b1 03 ba 03 c3 03 cb 03 d3 03 db 03 e2 03  ................
00013170: ea 03 f1 03 f8 03 ff 03 00 00 13 00 26 00 39 00  ............&.9.
00013180: 4b 00 5e 00 71 00 83 00 96 00 a8 00 bb 00 ce 00  K.^.q...........
00013190: e0 00 f3 00 05 01 18 01 2a 01 3d 01 4f 01 62 01  ........*.=.O.b.
000131a0: 74 01 87 01 99 01 ab 01 be 01 d0 01 e2 01 f4 01  t...............
000131b0: 06 02 19 02 2b 02 3d 02 4f 02 61 02 72 02 84 02  ....+.=.O.a.r...
000131c0: 96 02 a8 02 ba 02 cb 02 dd 02 ee 02 ff 02 10 03  ................
000131d0: 20 03 30 03 40 03 4f 03 5e 03 6c 03 7a 03 87 03   .0.@.O.^.l.z...
000131e0: 94 03 a0 03 ab 03 b5 03 bf 03 c8 03 d1 03 d9 03  ................
000131f0: e1 03 e9 03 f1 03 f8 03 ff 03 00 00 40 00 00 00  ............@...
00013200: 00 00 00 00 00 00 00 00 00 00 00 00 00 00 00 00  ................
00013210: 00 00 00 00 00 00 00 00 00 00 00 00 40 00 00 00  ............@...
00013220: 00 00 00 00 00 00 00 00 00 00 00 00 00 00 00 00  ................
00013230: 00 00 00 00 00 00 00 00 00 00 00 00 40 00 00 00  ............@...
00013240: 00 00 00 00 00 00 00 00 00 00 00 00 00 00 00 00  ................
00013250: 00 00 00 00 00 00 00 00 00 00 00 00 01 00 06 00  ................
00013260: 1d 00 40 00 00 00 00 00 00 00 00 00 00 00 00 00  ..@.............
00013270: 00 00 00 00 00 00 00 00 00 00 00 00 10 00 33 00  ..............3.
00013280: 40 00 00 00 00 00 00 00 00 00 00 00 00 00 00 00  @...............
00013290: 00 00 00 00 00 00 00 00 00 00 00 00 25 00 35 00  ............%.5.
000132a0: 40 00 00 00 00 00 00 00 00 00 00 00 00 00 00 00  @...............
000132b0: 00 00 00 00 00 00 00 00 00 00 01 00 40 00 80 00  ............@...
000132c0: 00 01 0f 00 00 00 01 00 00 00 00 00 00 00 60 00  ..............`.
000132d0: c0 00 00 00 10 00 20 00 30 00 40 00 50 00 60 00  ...... .0.@.P.`.
000132e0: 70 00 80 00 90 00 a0 00 b0 00 c0 00 d0 00 e0 00  p...............
000132f0: f0 00 00 01 10 01 20 01 30 01 40 01 50 01 60 01  ...... .0.@.P.`.
00013300: 70 01 80 01 90 01 a0 01 b0 01 c0 01 d0 01 e0 01  p...............
00013310: f0 01 00 02 10 02 20 02 30 02 40 02 50 02 60 02  ...... .0.@.P.`.
00013320: 70 02 80 02 90 02 a0 02 b0 02 c0 02 d0 02 e0 02  p...............
00013330: f0 02 00 03 10 03 20 03 30 03 40 03 50 03 60 03  ...... .0.@.P.`.
00013340: 70 03 80 03 90 03 a0 03 b0 03 c0 03 d0 03 e0 03  p...............
00013350: f0 03 ff 03 00 00 10 00 20 00 30 00 40 00 50 00  ........ .0.@.P.
00013360: 60 00 70 00 80 00 90 00 a0 00 b0 00 c0 00 d0 00  `.p.............
00013370: e0 00 f0 00 00 01 10 01 20 01 30 01 40 01 50 01  ........ .0.@.P.
00013380: 60 01 70 01 80 01 90 01 a0 01 b0 01 c0 01 d0 01  `.p.............
00013390: e0 01 f0 01 00 02 10 02 20 02 30 02 40 02 50 02  ........ .0.@.P.
000133a0: 60 02 70 02 80 02 90 02 a0 02 b0 02 c0 02 d0 02  `.p.............
000133b0: e0 02 f0 02 00 03 10 03 20 03 30 03 40 03 50 03  ........ .0.@.P.
000133c0: 60 03 70 03 80 03 90 03 a0 03 b0 03 c0 03 d0 03  `.p.............
000133d0: e0 03 f0 03 ff 03 00 00 10 00 20 00 30 00 40 00  .......... .0.@.
000133e0: 50 00 60 00 70 00 80 00 90 00 a0 00 b0 00 c0 00  P.`.p...........
000133f0: d0 00 e0 00 f0 00 00 01 10 01 20 01 30 01 40 01  .......... .0.@.
00013400: 50 01 60 01 70 01 80 01 90 01 a0 01 b0 01 c0 01  P.`.p...........
00013410: d0 01 e0 01 f0 01 00 02 10 02 20 02 30 02 40 02  .......... .0.@.
00013420: 50 02 60 02 70 02 80 02 90 02 a0 02 b0 02 c0 02  P.`.p...........
00013430: d0 02 e0 02 f0 02 00 03 10 03 20 03 30 03 40 03  .......... .0.@.
00013440: 50 03 60 03 70 03 80 03 90 03 a0 03 b0 03 c0 03  P.`.p...........
00013450: d0 03 e0 03 f0 03 ff 03 00 00 2d 00 57 00 7c 00  ..........-.W.|.
00013460: 9a 00 b2 00 c5 00 d5 00 e4 00 f3 00 02 01 11 01  ................
00013470: 20 01 2f 01 3e 01 4d 01 5b 01 6a 01 78 01 86 01   ./.>.M.[.j.x...
00013480: 94 01 a1 01 af 01 bc 01 c9 01 d6 01 e3 01 ef 01  ................
00013490: fc 01 09 02 16 02 22 02 2f 02 3c 02 49 02 56 02  ......"./.<.I.V.
000134a0: 63 02 70 02 7d 02 8b 02 98 02 a6 02 b3 02 c1 02  c.p.}...........
000134b0: cf 02 dd 02 eb 02 f9 02 08 03 16 03 25 03 34 03  ............%.4.
000134c0: 43 03 53 03 62 03 71 03 81 03 91 03 a0 03 b0 03  C.S.b.q.........
000134d0: c0 03 d0 03 e0 03 f0 03 ff 03 00 00 13 00 26 00  ..............&.
000134e0: 38 00 4b 00 5e 00 72 00 85 00 99 00 ad 00 c2 00  8.K.^.r.........
000134f0: d7 00 ec 00 02 01 19 01 30 01 47 01 5e 01 76 01  ........0.G.^.v.
00013500: 8d 01 a4 01 bb 01 d2 01 e9 01 ff 01 14 02 29 02  ..............).
00013510: 3e 02 51 02 63 02 75 02 85 02 95 02 a4 02 b2 02  >.Q.c.u.........
00013520: bf 02 cc 02 d8 02 e4 02 ef 02 f9 02 04 03 0e 03  ................
00013530: 18 03 22 03 2b 03 35 03 3f 03 49 03 53 03 5d 03  ..".+.5.?.I.S.].
00013540: 67 03 72 03 7d 03 88 03 94 03 9f 03 ab 03 b7 03  g.r.}...........
00013550: c3 03 cf 03 db 03 e7 03 f3 03 ff 03 00 00 12 00  ................
00013560: 24 00 36 00 48 00 5a 00 6c 00 7e 00 90 00 a2 00  $.6.H.Z.l.~.....
00013570: b4 00 c6 00 d8 00 ea 00 fc 00 0e 01 20 01 33 01  ............ .3.
00013580: 45 01 58 01 6a 01 7d 01 90 01 a2 01 b5 01 c8 01  E.X.j.}.........
00013590: db 01 ee 01 02 02 15 02 28 02 3c 02 50 02 63 02  ........(.<.P.c.
000135a0: 77 02 8b 02 9f 02 b2 02 c6 02 da 02 ed 02 00 03  w...............
000135b0: 13 03 25 03 38 03 4a 03 5b 03 6c 03 7b 03 8a 03  ..%.8.J.[.l.{...
000135c0: 98 03 a4 03 af 03 b8 03 bf 03 c5 03 ca 03 d0 03  ................
000135d0: d6 03 dc 03 e3 03 ea 03 f1 03 f8 03 ff 03 00 00  ................
000135e0: 40 00 00 00 00 00 00 00 00 00 00 00 00 00 00 00  @...............
000135f0: 00 00 00 00 00 00 00 00 00 00 00 00 00 00 00 00  ................
00013600: 40 00 00 00 00 00 00 00 00 00 00 00 00 00 00 00  @...............
00013610: 00 00 00 00 00 00 00 00 00 00 00 00 00 00 00 00  ................
00013620: 40 00 00 00 00 00 00 00 00 00 00 00 00 00 00 00  @...............
00013630: 00 00 00 00 00 00 00 00 00 00 00 00 00 00 00 00  ................
00013640: 03 00 08 00 12 00 1c 00 30 00 40 00 00 00 00 00  ........0.@.....
00013650: 00 00 00 00 00 00 00 00 00 00 00 00 00 00 00 00  ................
00013660: 0c 00 1d 00 31 00 40 00 00 00 00 00 00 00 00 00  ....1.@.........
00013670: 00 00 00 00 00 00 00 00 00 00 00 00 00 00 00 00  ................
00013680: 1f 00 2c 00 35 00 38 00 40 00 00 00 00 00 00 00  ..,.5.8.@.......
00013690: 00 00 00 00 00 00 00 00 00 00 00 00 00 00 01 00  ................
000136a0: 40 00 80 00 00 01 0f 00 00 00 01 00 00 00 00 00  @...............
000136b0: 00 00 60 00 c0 00 00 00 10 00 20 00 30 00 40 00  ..`....... .0.@.
000136c0: 50 00 60 00 70 00 80 00 90 00 a0 00 b0 00 c0 00  P.`.p...........
000136d0: d0 00 e0 00 f0 00 00 01 10 01 20 01 30 01 40 01  .......... .0.@.
000136e0: 50 01 60 01 70 01 80 01 90 01 a0 01 b0 01 c0 01  P.`.p...........
000136f0: d0 01 e0 01 f0 01 00 02 10 02 20 02 30 02 40 02  .......... .0.@.
00013700: 50 02 60 02 70 02 80 02 90 02 a0 02 b0 02 c0 02  P.`.p...........
00013710: d0 02 e0 02 f0 02 00 03 10 03 20 03 30 03 40 03  .......... .0.@.
00013720: 50 03 60 03 70 03 80 03 90 03 a0 03 b0 03 c0 03  P.`.p...........
00013730: d0 03 e0 03 f0 03 ff 03 00 00 10 00 20 00 30 00  ............ .0.
00013740: 40 00 50 00 60 00 70 00 80 00 90 00 a0 00 b0 00  @.P.`.p.........
00013750: c0 00 d0 00 e0 00 f0 00 00 01 10 01 20 01 30 01  ............ .0.
00013760: 40 01 50 01 60 01 70 01 80 01 90 01 a0 01 b0 01  @.P.`.p.........
00013770: c0 01 d0 01 e0 01 f0 01 00 02 10 02 20 02 30 02  ............ .0.
00013780: 40 02 50 02 60 02 70 02 80 02 90 02 a0 02 b0 02  @.P.`.p.........
00013790: c0 02 d0 02 e0 02 f0 02 00 03 10 03 20 03 30 03  ............ .0.
000137a0: 40 03 50 03 60 03 70 03 80 03 90 03 a0 03 b0 03  @.P.`.p.........
000137b0: c0 03 d0 03 e0 03 f0 03 ff 03 00 00 10 00 20 00  .............. .
000137c0: 30 00 40 00 50 00 60 00 70 00 80 00 90 00 a0 00  0.@.P.`.p.......
000137d0: b0 00 c0 00 d0 00 e0 00 f0 00 00 01 10 01 20 01  .............. .
000137e0: 30 01 40 01 50 01 60 01 70 01 80 01 90 01 a0 01  0.@.P.`.p.......
000137f0: b0 01 c0 01 d0 01 e0 01 f0 01 00 02 10 02 20 02  .............. .
00013800: 30 02 40 02 50 02 60 02 70 02 80 02 90 02 a0 02  0.@.P.`.p.......
00013810: b0 02 c0 02 d0 02 e0 02 f0 02 00 03 10 03 20 03  .............. .
00013820: 30 03 40 03 50 03 60 03 70 03 80 03 90 03 a0 03  0.@.P.`.p.......
00013830: b0 03 c0 03 d0 03 e0 03 f0 03 ff 03 00 00 2d 00  ..............-.
00013840: 57 00 7c 00 9a 00 b2 00 c6 00 d6 00 e4 00 f2 00  W.|.............
00013850: 00 01 0d 01 1b 01 28 01 34 01 41 01 4d 01 59 01  ......(.4.A.M.Y.
00013860: 64 01 6f 01 7a 01 85 01 90 01 9b 01 a6 01 b1 01  d.o.z...........
00013870: bc 01 c8 01 d4 01 e0 01 ed 01 fa 01 08 02 17 02  ................
00013880: 25 02 34 02 44 02 53 02 63 02 73 02 84 02 94 02  %.4.D.S.c.s.....
00013890: a5 02 b5 02 c6 02 d6 02 e7 02 f7 02 08 03 18 03  ................
000138a0: 28 03 38 03 48 03 58 03 67 03 77 03 86 03 95 03  (.8.H.X.g.w.....
000138b0: a5 03 b4 03 c3 03 d2 03 e1 03 f0 03 ff 03 00 00  ................
000138c0: 11 00 22 00 34 00 45 00 56 00 68 00 79 00 8b 00  ..".4.E.V.h.y...
000138d0: 9e 00 b1 00 c4 00 d7 00 eb 00 00 01 15 01 2b 01  ..............+.
000138e0: 41 01 58 01 70 01 88 01 a1 01 b9 01 d2 01 eb 01  A.X.p...........
000138f0: 03 02 1a 02 31 02 47 02 5c 02 6f 02 82 02 93 02  ....1.G.\.o.....
00013900: a3 02 b2 02 c0 02 cd 02 da 02 e6 02 f1 02 fc 02  ................
00013910: 06 03 10 03 1a 03 24 03 2d 03 37 03 40 03 4a 03  ......$.-.7.@.J.
00013920: 54 03 5e 03 68 03 73 03 7e 03 89 03 94 03 a0 03  T.^.h.s.~.......
00013930: ab 03 b7 03 c3 03 cf 03 db 03 e7 03 f3 03 ff 03  ................
00013940: 00 00 11 00 21 00 31 00 41 00 51 00 61 00 71 00  ....!.1.A.Q.a.q.
00013950: 81 00 92 00 a2 00 b3 00 c3 00 d4 00 e5 00 f6 00  ................
00013960: 07 01 18 01 29 01 3b 01 4d 01 5e 01 71 01 83 01  ....).;.M.^.q...
00013970: 95 01 a8 01 bb 01 ce 01 e1 01 f5 01 09 02 1d 02  ................
00013980: 31 02 46 02 5b 02 70 02 86 02 9c 02 b2 02 c9 02  1.F.[.p.........
00013990: e0 02 f7 02 0e 03 25 03 3c 03 51 03 65 03 78 03  ......%.<.Q.e.x.
000139a0: 88 03 97 03 a4 03 b0 03 bb 03 c4 03 cc 03 d3 03  ................
000139b0: da 03 e0 03 e5 03 ea 03 ef 03 f3 03 f7 03 fb 03  ................
000139c0: ff 03 00 00 40 00 00 00 00 00 00 00 00 00 00 00  ....@...........
000139d0: 00 00 00 00 00 00 00 00 00 00 00 00 00 00 00 00  ................
000139e0: 00 00 00 00 40 00 00 00 00 00 00 00 00 00 00 00  ....@...........
000139f0: 00 00 00 00 00 00 00 00 00 00 00 00 00 00 00 00  ................
00013a00: 00 00 00 00 40 00 00 00 00 00 00 00 00 00 00 00  ....@...........
00013a10: 00 00 00 00 00 00 00 00 00 00 00 00 00 00 00 00  ................
00013a20: 00 00 00 00 03 00 08 00 12 00 1d 00 30 00 40 00  ............0.@.
00013a30: 00 00 00 00 00 00 00 00 00 00 00 00 00 00 00 00  ................
00013a40: 00 00 00 00 12 00 1d 00 31 00 40 00 00 00 00 00  ........1.@.....
00013a50: 00 00 00 00 00 00 00 00 00 00 00 00 00 00 00 00  ................
00013a60: 00 00 00 00 28 00 2f 00 39 00 40 00 00 00 00 00  ....(./.9.@.....
00013a70: 00 00 00 00 00 00 00 00 00 00 00 00 00 00 00 00  ................
00013a80: 00 00 01 00 40 00 80 00 00 01 0f 00 00 00 01 00  ....@...........
00013a90: 00 00 00 00 00 00 60 00 c0 00 00 00 10 00 20 00  ......`....... .
00013aa0: 30 00 40 00 50 00 60 00 70 00 80 00 90 00 a0 00  0.@.P.`.p.......
00013ab0: b0 00 c0 00 d0 00 e0 00 f0 00 00 01 10 01 20 01  .............. .
00013ac0: 30 01 40 01 50 01 60 01 70 01 80 01 90 01 a0 01  0.@.P.`.p.......
00013ad0: b0 01 c0 01 d0 01 e0 01 f0 01 00 02 10 02 20 02  .............. .
00013ae0: 30 02 40 02 50 02 60 02 70 02 80 02 90 02 a0 02  0.@.P.`.p.......
00013af0: b0 02 c0 02 d0 02 e0 02 f0 02 00 03 10 03 20 03  .............. .
00013b00: 30 03 40 03 50 03 60 03 70 03 80 03 90 03 a0 03  0.@.P.`.p.......
00013b10: b0 03 c0 03 d0 03 e0 03 f0 03 ff 03 00 00 10 00  ................
00013b20: 20 00 30 00 40 00 50 00 60 00 70 00 80 00 90 00   .0.@.P.`.p.....
00013b30: a0 00 b0 00 c0 00 d0 00 e0 00 f0 00 00 01 10 01  ................
00013b40: 20 01 30 01 40 01 50 01 60 01 70 01 80 01 90 01   .0.@.P.`.p.....
00013b50: a0 01 b0 01 c0 01 d0 01 e0 01 f0 01 00 02 10 02  ................
00013b60: 20 02 30 02 40 02 50 02 60 02 70 02 80 02 90 02   .0.@.P.`.p.....
00013b70: a0 02 b0 02 c0 02 d0 02 e0 02 f0 02 00 03 10 03  ................
00013b80: 20 03 30 03 40 03 50 03 60 03 70 03 80 03 90 03   .0.@.P.`.p.....
00013b90: a0 03 b0 03 c0 03 d0 03 e0 03 f0 03 ff 03 00 00  ................
00013ba0: 10 00 20 00 30 00 40 00 50 00 60 00 70 00 80 00  .. .0.@.P.`.p...
00013bb0: 90 00 a0 00 b0 00 c0 00 d0 00 e0 00 f0 00 00 01  ................
00013bc0: 10 01 20 01 30 01 40 01 50 01 60 01 70 01 80 01  .. .0.@.P.`.p...
00013bd0: 90 01 a0 01 b0 01 c0 01 d0 01 e0 01 f0 01 00 02  ................
00013be0: 10 02 20 02 30 02 40 02 50 02 60 02 70 02 80 02  .. .0.@.P.`.p...
00013bf0: 90 02 a0 02 b0 02 c0 02 d0 02 e0 02 f0 02 00 03  ................
00013c00: 10 03 20 03 30 03 40 03 50 03 60 03 70 03 80 03  .. .0.@.P.`.p...
00013c10: 90 03 a0 03 b0 03 c0 03 d0 03 e0 03 f0 03 ff 03  ................
00013c20: 00 00 2d 00 57 00 7c 00 9b 00 b3 00 c6 00 d6 00  ..-.W.|.........
00013c30: e4 00 f2 00 ff 00 0b 01 18 01 24 01 2f 01 3b 01  ..........$./.;.
00013c40: 46 01 52 01 5d 01 68 01 73 01 7f 01 8a 01 96 01  F.R.].h.s.......
00013c50: a1 01 ad 01 ba 01 c6 01 d3 01 e0 01 ee 01 fc 01  ................
00013c60: 0a 02 18 02 27 02 37 02 46 02 56 02 65 02 75 02  ....'.7.F.V.e.u.
00013c70: 86 02 96 02 a6 02 b6 02 c7 02 d7 02 e7 02 f8 02  ................
00013c80: 08 03 18 03 28 03 38 03 47 03 57 03 67 03 76 03  ....(.8.G.W.g.v.
00013c90: 85 03 95 03 a4 03 b3 03 c3 03 d2 03 e1 03 f0 03  ................
00013ca0: ff 03 00 00 12 00 24 00 36 00 48 00 5a 00 6c 00  ......$.6.H.Z.l.
00013cb0: 7f 00 91 00 a3 00 b6 00 c9 00 dc 00 ef 00 02 01  ................
00013cc0: 16 01 2a 01 3e 01 53 01 68 01 7d 01 92 01 a8 01  ..*.>.S.h.}.....
00013cd0: be 01 d5 01 eb 01 01 02 17 02 2c 02 41 02 54 02  ..........,.A.T.
00013ce0: 66 02 77 02 87 02 97 02 a5 02 b3 02 c0 02 cc 02  f.w.............
00013cf0: d8 02 e3 02 ee 02 f9 02 03 03 0e 03 18 03 22 03  ..............".
00013d00: 2d 03 38 03 43 03 4e 03 5a 03 65 03 72 03 7e 03  -.8.C.N.Z.e.r.~.
00013d10: 8a 03 97 03 a4 03 b0 03 bd 03 cb 03 d8 03 e5 03  ................
00013d20: f2 03 ff 03 00 00 13 00 25 00 38 00 4a 00 5d 00  ........%.8.J.].
00013d30: 6f 00 82 00 94 00 a7 00 b9 00 cc 00 de 00 f1 00  o...............
00013d40: 04 01 16 01 29 01 3b 01 4e 01 61 01 73 01 86 01  ....).;.N.a.s...
00013d50: 99 01 ac 01 be 01 d1 01 e4 01 f7 01 0a 02 1d 02  ................
00013d60: 2f 02 42 02 55 02 67 02 7a 02 8c 02 9e 02 b0 02  /.B.U.g.z.......
00013d70: c1 02 d3 02 e4 02 f4 02 05 03 14 03 24 03 33 03  ............$.3.
00013d80: 42 03 50 03 5e 03 6b 03 78 03 84 03 8f 03 9a 03  B.P.^.k.x.......
00013d90: a5 03 af 03 b9 03 c3 03 cc 03 d5 03 de 03 e6 03  ................
00013da0: ef 03 f7 03 ff 03 00 00 40 00 00 00 00 00 00 00  ........@.......
00013db0: 00 00 00 00 00 00 00 00 00 00 00 00 00 00 00 00  ................
00013dc0: 00 00 00 00 00 00 00 00 40 00 00 00 00 00 00 00  ........@.......
00013dd0: 00 00 00 00 00 00 00 00 00 00 00 00 00 00 00 00  ................
00013de0: 00 00 00 00 00 00 00 00 40 00 00 00 00 00 00 00  ........@.......
00013df0: 00 00 00 00 00 00 00 00 00 00 00 00 00 00 00 00  ................
00013e00: 00 00 00 00 00 00 00 00 03 00 08 00 13 00 1d 00  ................
00013e10: 30 00 40 00 00 00 00 00 00 00 00 00 00 00 00 00  0.@.............
00013e20: 00 00 00 00 00 00 00 00 16 00 1e 00 30 00 40 00  ............0.@.
00013e30: 00 00 00 00 00 00 00 00 00 00 00 00 00 00 00 00  ................
00013e40: 00 00 00 00 00 00 00 00 1a 00 32 00 40 00 00 00  ..........2.@...
00013e50: 00 00 00 00 00 00 00 00 00 00 00 00 00 00 00 00  ................
00013e60: 00 00 00 00 00 00 01 00 40 00 80 00 00 01 0f 00  ........@.......
00013e70: 00 00 01 00 00 00 00 00 00 00 60 00 c0 00 00 00  ..........`.....
00013e80: 10 00 20 00 30 00 40 00 50 00 60 00 70 00 80 00  .. .0.@.P.`.p...
00013e90: 90 00 a0 00 b0 00 c0 00 d0 00 e0 00 f0 00 00 01  ................
00013ea0: 10 01 20 01 30 01 40 01 50 01 60 01 70 01 80 01  .. .0.@.P.`.p...
00013eb0: 90 01 a0 01 b0 01 c0 01 d0 01 e0 01 f0 01 00 02  ................
00013ec0: 10 02 20 02 30 02 40 02 50 02 60 02 70 02 80 02  .. .0.@.P.`.p...
00013ed0: 90 02 a0 02 b0 02 c0 02 d0 02 e0 02 f0 02 00 03  ................
00013ee0: 10 03 20 03 30 03 40 03 50 03 60 03 70 03 80 03  .. .0.@.P.`.p...
00013ef0: 90 03 a0 03 b0 03 c0 03 d0 03 e0 03 f0 03 ff 03  ................
00013f00: 00 00 10 00 20 00 30 00 40 00 50 00 60 00 70 00  .... .0.@.P.`.p.
00013f10: 80 00 90 00 a0 00 b0 00 c0 00 d0 00 e0 00 f0 00  ................
00013f20: 00 01 10 01 20 01 30 01 40 01 50 01 60 01 70 01  .... .0.@.P.`.p.
00013f30: 80 01 90 01 a0 01 b0 01 c0 01 d0 01 e0 01 f0 01  ................
00013f40: 00 02 10 02 20 02 30 02 40 02 50 02 60 02 70 02  .... .0.@.P.`.p.
00013f50: 80 02 90 02 a0 02 b0 02 c0 02 d0 02 e0 02 f0 02  ................
00013f60: 00 03 10 03 20 03 30 03 40 03 50 03 60 03 70 03  .... .0.@.P.`.p.
00013f70: 80 03 90 03 a0 03 b0 03 c0 03 d0 03 e0 03 f0 03  ................
00013f80: ff 03 00 00 10 00 20 00 30 00 40 00 50 00 60 00  ...... .0.@.P.`.
00013f90: 70 00 80 00 90 00 a0 00 b0 00 c0 00 d0 00 e0 00  p...............
00013fa0: f0 00 00 01 10 01 20 01 30 01 40 01 50 01 60 01  ...... .0.@.P.`.
00013fb0: 70 01 80 01 90 01 a0 01 b0 01 c0 01 d0 01 e0 01  p...............
00013fc0: f0 01 00 02 10 02 20 02 30 02 40 02 50 02 60 02  ...... .0.@.P.`.
00013fd0: 70 02 80 02 90 02 a0 02 b0 02 c0 02 d0 02 e0 02  p...............
00013fe0: f0 02 00 03 10 03 20 03 30 03 40 03 50 03 60 03  ...... .0.@.P.`.
00013ff0: 70 03 80 03 90 03 a0 03 b0 03 c0 03 d0 03 e0 03  p...............
00014000: f0 03 ff 03 00 00 2b 00 54 00 7c 00 a2 00 c5 00  ......+.T.|.....
00014010: e6 00 03 01 1e 01 35 01 4b 01 5e 01 6f 01 7e 01  ......5.K.^.o.~.
00014020: 8c 01 99 01 a4 01 b0 01 bb 01 c6 01 d1 01 db 01  ................
00014030: e6 01 f1 01 fc 01 06 02 11 02 1c 02 27 02 31 02  ............'.1.
00014040: 3c 02 47 02 52 02 5d 02 68 02 73 02 7f 02 8a 02  <.G.R.].h.s.....
00014050: 96 02 a2 02 ae 02 ba 02 c6 02 d2 02 df 02 ec 02  ................
00014060: f8 02 06 03 13 03 21 03 2f 03 3d 03 4b 03 59 03  ......!./.=.K.Y.
00014070: 68 03 77 03 86 03 95 03 a4 03 b3 03 c2 03 d1 03  h.w.............
00014080: e1 03 f0 03 ff 03 00 00 11 00 22 00 33 00 44 00  ..........".3.D.
00014090: 55 00 66 00 78 00 8a 00 9d 00 b0 00 c4 00 d8 00  U.f.x...........
000140a0: ed 00 02 01 19 01 30 01 48 01 61 01 7a 01 95 01  ......0.H.a.z...
000140b0: af 01 c9 01 e3 01 fc 01 14 02 2b 02 3f 02 53 02  ..........+.?.S.
000140c0: 64 02 75 02 84 02 91 02 9e 02 aa 02 b5 02 bf 02  d.u.............
000140d0: c9 02 d2 02 db 02 e4 02 ec 02 f5 02 fe 02 07 03  ................
000140e0: 11 03 1a 03 25 03 30 03 3b 03 46 03 52 03 5e 03  ....%.0.;.F.R.^.
000140f0: 6b 03 77 03 84 03 91 03 9f 03 ac 03 ba 03 c8 03  k.w.............
00014100: d6 03 e4 03 f2 03 ff 03 00 00 14 00 27 00 3a 00  ............'.:.
00014110: 4d 00 60 00 73 00 86 00 99 00 ac 00 bf 00 d2 00  M.`.s...........
00014120: e6 00 f9 00 0c 01 1f 01 33 01 46 01 59 01 6c 01  ........3.F.Y.l.
00014130: 80 01 93 01 a7 01 ba 01 ce 01 e1 01 f5 01 09 02  ................
00014140: 1c 02 30 02 44 02 58 02 6c 02 7f 02 93 02 a7 02  ..0.D.X.l.......
00014150: ba 02 cd 02 e0 02 f3 02 05 03 17 03 28 03 39 03  ............(.9.
00014160: 49 03 59 03 68 03 76 03 83 03 90 03 9c 03 a7 03  I.Y.h.v.........
00014170: b1 03 ba 03 c2 03 ca 03 d2 03 d9 03 df 03 e5 03  ................
00014180: eb 03 f0 03 f5 03 fa 03 ff 03 00 00 40 00 00 00  ............@...
00014190: 00 00 00 00 00 00 00 00 00 00 00 00 00 00 00 00  ................
000141a0: 00 00 00 00 00 00 00 00 00 00 00 00 40 00 00 00  ............@...
000141b0: 00 00 00 00 00 00 00 00 00 00 00 00 00 00 00 00  ................
000141c0: 00 00 00 00 00 00 00 00 00 00 00 00 40 00 00 00  ............@...
000141d0: 00 00 00 00 00 00 00 00 00 00 00 00 00 00 00 00  ................
000141e0: 00 00 00 00 00 00 00 00 00 00 00 00 03 00 06 00  ................
000141f0: 11 00 1c 00 2f 00 40 00 00 00 00 00 00 00 00 00  ..../.@.........
00014200: 00 00 00 00 00 00 00 00 00 00 00 00 11 00 1a 00  ................
00014210: 2c 00 40 00 00 00 00 00 00 00 00 00 00 00 00 00  ,.@.............
00014220: 00 00 00 00 00 00 00 00 00 00 00 00 1e 00 32 00  ..............2.
00014230: 40 00 00 00 00 00 00 00 00 00 00 00 00 00 00 00  @...............
00014240: 00 00 00 00 00 00 00 00 00 00 01 00 40 00 80 00  ............@...
00014250: 00 01 1f 00 00 00 01 00 00 00 00 00 00 00 60 00  ..............`.
00014260: 96 00 00 00 10 00 20 00 30 00 40 00 50 00 60 00  ...... .0.@.P.`.
00014270: 70 00 80 00 90 00 a0 00 b0 00 c0 00 d0 00 e0 00  p...............
00014280: f0 00 00 01 10 01 20 01 30 01 40 01 50 01 60 01  ...... .0.@.P.`.
00014290: 70 01 80 01 90 01 a0 01 b0 01 c0 01 d0 01 e0 01  p...............
000142a0: f0 01 00 02 10 02 20 02 30 02 40 02 50 02 60 02  ...... .0.@.P.`.
000142b0: 70 02 80 02 90 02 a0 02 b0 02 c0 02 d0 02 e0 02  p...............
000142c0: f0 02 00 03 10 03 20 03 30 03 40 03 50 03 60 03  ...... .0.@.P.`.
000142d0: 70 03 80 03 90 03 a0 03 b0 03 c0 03 d0 03 e0 03  p...............
000142e0: f0 03 ff 03 00 00 10 00 20 00 30 00 40 00 50 00  ........ .0.@.P.
000142f0: 60 00 70 00 80 00 90 00 a0 00 b0 00 c0 00 d0 00  `.p.............
00014300: e0 00 f0 00 00 01 10 01 20 01 30 01 40 01 50 01  ........ .0.@.P.
00014310: 60 01 70 01 80 01 90 01 a0 01 b0 01 c0 01 d0 01  `.p.............
00014320: e0 01 f0 01 00 02 10 02 20 02 30 02 40 02 50 02  ........ .0.@.P.
00014330: 60 02 70 02 80 02 90 02 a0 02 b0 02 c0 02 d0 02  `.p.............
00014340: e0 02 f0 02 00 03 10 03 20 03 30 03 40 03 50 03  ........ .0.@.P.
00014350: 60 03 70 03 80 03 90 03 a0 03 b0 03 c0 03 d0 03  `.p.............
00014360: e0 03 f0 03 ff 03 00 00 10 00 20 00 30 00 40 00  .......... .0.@.
00014370: 50 00 60 00 70 00 80 00 90 00 a0 00 b0 00 c0 00  P.`.p...........
00014380: d0 00 e0 00 f0 00 00 01 10 01 20 01 30 01 40 01  .......... .0.@.
00014390: 50 01 60 01 70 01 80 01 90 01 a0 01 b0 01 c0 01  P.`.p...........
000143a0: d0 01 e0 01 f0 01 00 02 10 02 20 02 30 02 40 02  .......... .0.@.
000143b0: 50 02 60 02 70 02 80 02 90 02 a0 02 b0 02 c0 02  P.`.p...........
000143c0: d0 02 e0 02 f0 02 00 03 10 03 20 03 30 03 40 03  .......... .0.@.
000143d0: 50 03 60 03 70 03 80 03 90 03 a0 03 b0 03 c0 03  P.`.p...........
000143e0: d0 03 e0 03 f0 03 ff 03 00 00 10 00 20 00 30 00  ............ .0.
000143f0: 40 00 50 00 60 00 70 00 80 00 90 00 a0 00 b0 00  @.P.`.p.........
00014400: c0 00 d0 00 e0 00 f0 00 00 01 10 01 20 01 30 01  ............ .0.
00014410: 40 01 50 01 60 01 70 01 80 01 90 01 a0 01 b0 01  @.P.`.p.........
00014420: c0 01 d0 01 e0 01 f0 01 00 02 10 02 20 02 30 02  ............ .0.
00014430: 40 02 50 02 60 02 70 02 80 02 90 02 a0 02 b0 02  @.P.`.p.........
00014440: c0 02 d0 02 e0 02 f0 02 00 03 10 03 20 03 30 03  ............ .0.
00014450: 40 03 50 03 60 03 70 03 80 03 90 03 a0 03 b0 03  @.P.`.p.........
00014460: c0 03 d0 03 e0 03 f0 03 ff 03 00 00 10 00 20 00  .............. .
00014470: 30 00 40 00 4c 00 5c 00 68 00 74 00 80 00 8c 00  0.@.L.\.h.t.....
00014480: 98 00 a0 00 ac 00 b8 00 c4 00 d0 00 d8 00 e4 00  ................
00014490: f0 00 fc 00 08 01 14 01 20 01 28 01 34 01 40 01  ........ .(.4.@.
000144a0: 4c 01 5c 01 68 01 74 01 80 01 90 01 a0 01 b0 01  L.\.h.t.........
000144b0: c0 01 d0 01 e0 01 f4 01 08 02 1c 02 30 02 48 02  ............0.H.
000144c0: 60 02 78 02 94 02 b0 02 cc 02 e8 02 04 03 20 03  `.x........... .
000144d0: 38 03 50 03 68 03 7c 03 90 03 a0 03 b0 03 bc 03  8.P.h.|.........
000144e0: cc 03 d8 03 e4 03 ec 03 f8 03 ff 03 00 00 0c 00  ................
000144f0: 14 00 1c 00 24 00 2c 00 34 00 3c 00 44 00 4c 00  ....$.,.4.<.D.L.
00014500: 54 00 5c 00 68 00 70 00 78 00 80 00 88 00 94 00  T.\.h.p.x.......
00014510: 9c 00 a4 00 b0 00 b8 00 c4 00 cc 00 d8 00 e0 00  ................
00014520: ec 00 f8 00 00 01 0c 01 18 01 24 01 30 01 3c 01  ..........$.0.<.
00014530: 48 01 54 01 60 01 70 01 7c 01 88 01 98 01 a8 01  H.T.`.p.|.......
00014540: b4 01 c4 01 d4 01 e8 01 f8 01 0c 02 20 02 38 02  ............ .8.
00014550: 4c 02 68 02 80 02 9c 02 b8 02 d8 02 f8 02 14 03  L.h.............
00014560: 38 03 58 03 78 03 9c 03 bc 03 e0 03 ff 03 00 00  8.X.x...........
00014570: 40 00 00 00 00 00 00 00 00 00 00 00 00 00 00 00  @...............
00014580: 00 00 00 00 00 00 00 00 00 00 00 00 00 00 00 00  ................
00014590: 40 00 00 00 00 00 00 00 00 00 00 00 00 00 00 00  @...............
000145a0: 00 00 00 00 00 00 00 00 00 00 00 00 00 00 00 00  ................
000145b0: 40 00 00 00 00 00 00 00 00 00 00 00 00 00 00 00  @...............
000145c0: 00 00 00 00 00 00 00 00 00 00 00 00 00 00 00 00  ................
000145d0: 40 00 00 00 00 00 00 00 00 00 00 00 00 00 00 00  @...............
000145e0: 00 00 00 00 00 00 00 00 00 00 00 00 00 00 00 00  ................
000145f0: 06 00 0c 00 18 00 2c 00 34 00 40 00 00 00 00 00  ......,.4.@.....
00014600: 00 00 00 00 00 00 00 00 00 00 00 00 00 00 00 00  ................
00014610: 27 00 31 00 40 00 00 00 00 00 00 00 00 00 00 00  '.1.@...........
00014620: 00 00 00 00 00 00 00 00 00 00 00 00 00 00 00 00  ................
00014630: 00 00 08 00 00 01 1f 00 00 00 01 00 00 00 00 00  ................
00014640: 00 00 60 00 c0 00 00 00 10 00 20 00 30 00 40 00  ..`....... .0.@.
00014650: 50 00 60 00 70 00 80 00 90 00 a0 00 b0 00 c0 00  P.`.p...........
00014660: d0 00 e0 00 f0 00 00 01 10 01 20 01 30 01 40 01  .......... .0.@.
00014670: 50 01 60 01 70 01 80 01 90 01 a0 01 b0 01 c0 01  P.`.p...........
00014680: d0 01 e0 01 f0 01 00 02 10 02 20 02 30 02 40 02  .......... .0.@.
00014690: 50 02 60 02 70 02 80 02 90 02 a0 02 b0 02 c0 02  P.`.p...........
000146a0: d0 02 e0 02 f0 02 00 03 10 03 20 03 30 03 40 03  .......... .0.@.
000146b0: 50 03 60 03 70 03 80 03 90 03 a0 03 b0 03 c0 03  P.`.p...........
000146c0: d0 03 e0 03 f0 03 ff 03 00 00 10 00 20 00 30 00  ............ .0.
000146d0: 40 00 50 00 60 00 70 00 80 00 90 00 a0 00 b0 00  @.P.`.p.........
000146e0: c0 00 d0 00 e0 00 f0 00 00 01 10 01 20 01 30 01  ............ .0.
000146f0: 40 01 50 01 60 01 70 01 80 01 90 01 a0 01 b0 01  @.P.`.p.........
00014700: c0 01 d0 01 e0 01 f0 01 00 02 10 02 20 02 30 02  ............ .0.
00014710: 40 02 50 02 60 02 70 02 80 02 90 02 a0 02 b0 02  @.P.`.p.........
00014720: c0 02 d0 02 e0 02 f0 02 00 03 10 03 20 03 30 03  ............ .0.
00014730: 40 03 50 03 60 03 70 03 80 03 90 03 a0 03 b0 03  @.P.`.p.........
00014740: c0 03 d0 03 e0 03 f0 03 ff 03 00 00 10 00 20 00  .............. .
00014750: 30 00 40 00 50 00 60 00 70 00 80 00 90 00 a0 00  0.@.P.`.p.......
00014760: b0 00 c0 00 d0 00 e0 00 f0 00 00 01 10 01 20 01  .............. .
00014770: 30 01 40 01 50 01 60 01 70 01 80 01 90 01 a0 01  0.@.P.`.p.......
00014780: b0 01 c0 01 d0 01 e0 01 f0 01 00 02 10 02 20 02  .............. .
00014790: 30 02 40 02 50 02 60 02 70 02 80 02 90 02 a0 02  0.@.P.`.p.......
000147a0: b0 02 c0 02 d0 02 e0 02 f0 02 00 03 10 03 20 03  .............. .
000147b0: 30 03 40 03 50 03 60 03 70 03 80 03 90 03 a0 03  0.@.P.`.p.......
000147c0: b0 03 c0 03 d0 03 e0 03 f0 03 ff 03 00 00 10 00  ................
000147d0: 20 00 30 00 40 00 50 00 60 00 70 00 80 00 90 00   .0.@.P.`.p.....
000147e0: a0 00 b0 00 c0 00 d0 00 e0 00 f0 00 00 01 10 01  ................
000147f0: 20 01 30 01 40 01 50 01 60 01 70 01 80 01 90 01   .0.@.P.`.p.....
00014800: a0 01 b0 01 c0 01 d0 01 e0 01 f0 01 00 02 10 02  ................
00014810: 20 02 30 02 40 02 50 02 60 02 70 02 80 02 90 02   .0.@.P.`.p.....
00014820: a0 02 b0 02 c0 02 d0 02 e0 02 f0 02 00 03 10 03  ................
00014830: 20 03 30 03 40 03 50 03 60 03 70 03 80 03 90 03   .0.@.P.`.p.....
00014840: a0 03 b0 03 c0 03 d0 03 e0 03 f0 03 ff 03 00 00  ................
00014850: 10 00 1c 00 28 00 34 00 44 00 50 00 5c 00 68 00  ....(.4.D.P.\.h.
00014860: 78 00 84 00 90 00 9c 00 ac 00 b8 00 c8 00 d4 00  x...............
00014870: e0 00 f0 00 fc 00 0c 01 18 01 28 01 34 01 44 01  ..........(.4.D.
00014880: 54 01 60 01 70 01 80 01 90 01 a0 01 b0 01 bc 01  T.`.p...........
00014890: cc 01 e0 01 f0 01 00 02 10 02 20 02 34 02 44 02  .......... .4.D.
000148a0: 54 02 68 02 78 02 8c 02 9c 02 b0 02 c0 02 d4 02  T.h.x...........
000148b0: e4 02 f8 02 0c 03 1c 03 30 03 44 03 54 03 68 03  ........0.D.T.h.
000148c0: 7c 03 90 03 a4 03 b4 03 c8 03 dc 03 f0 03 ff 03  |...............
000148d0: 00 00 10 00 20 00 30 00 40 00 50 00 60 00 70 00  .... .0.@.P.`.p.
000148e0: 80 00 90 00 a0 00 b0 00 c0 00 d0 00 e0 00 f0 00  ................
000148f0: 00 01 10 01 20 01 30 01 40 01 50 01 60 01 70 01  .... .0.@.P.`.p.
00014900: 80 01 90 01 a0 01 b0 01 c0 01 d0 01 e0 01 f0 01  ................
00014910: 00 02 10 02 20 02 30 02 40 02 50 02 60 02 70 02  .... .0.@.P.`.p.
00014920: 80 02 90 02 a0 02 b0 02 c0 02 d0 02 e0 02 f0 02  ................
00014930: 00 03 10 03 20 03 30 03 40 03 50 03 60 03 70 03  .... .0.@.P.`.p.
00014940: 80 03 90 03 a0 03 b0 03 c0 03 d0 03 e0 03 f0 03  ................
00014950: ff 03 00 00 40 00 00 00 00 00 00 00 00 00 00 00  ....@...........
00014960: 00 00 00 00 00 00 00 00 00 00 00 00 00 00 00 00  ................
00014970: 00 00 00 00 40 00 00 00 00 00 00 00 00 00 00 00  ....@...........
00014980: 00 00 00 00 00 00 00 00 00 00 00 00 00 00 00 00  ................
00014990: 00 00 00 00 40 00 00 00 00 00 00 00 00 00 00 00  ....@...........
000149a0: 00 00 00 00 00 00 00 00 00 00 00 00 00 00 00 00  ................
000149b0: 00 00 00 00 40 00 00 00 00 00 00 00 00 00 00 00  ....@...........
000149c0: 00 00 00 00 00 00 00 00 00 00 00 00 00 00 00 00  ................
000149d0: 00 00 00 00 21 00 40 00 00 00 00 00 00 00 00 00  ....!.@.........
000149e0: 00 00 00 00 00 00 00 00 00 00 00 00 00 00 00 00  ................
000149f0: 00 00 00 00 40 00 00 00 00 00 00 00 00 00 00 00  ....@...........
00014a00: 00 00 00 00 00 00 00 00 00 00 00 00 00 00 00 00  ................
00014a10: 00 00 00 00 00 00 08 00 00 01 00 00 00 00 00 00  ................
00014a20: 00 00 00 00 00 00 00 00 00 00 00 00 10 00 20 00  .............. .
00014a30: 30 00 40 00 50 00 60 00 70 00 80 00 90 00 a0 00  0.@.P.`.p.......
00014a40: b0 00 c0 00 d0 00 e0 00 f0 00 00 01 10 01 20 01  .............. .
00014a50: 30 01 40 01 50 01 60 01 70 01 80 01 90 01 a0 01  0.@.P.`.p.......
00014a60: b0 01 c0 01 d0 01 e0 01 f0 01 00 02 10 02 20 02  .............. .
00014a70: 30 02 40 02 50 02 60 02 70 02 80 02 90 02 a0 02  0.@.P.`.p.......
00014a80: b0 02 c0 02 d0 02 e0 02 f0 02 00 03 10 03 20 03  .............. .
00014a90: 30 03 40 03 50 03 60 03 70 03 80 03 90 03 a0 03  0.@.P.`.p.......
00014aa0: b0 03 c0 03 d0 03 e0 03 f0 03 ff 03 00 00 10 00  ................
00014ab0: 20 00 30 00 40 00 50 00 60 00 70 00 80 00 90 00   .0.@.P.`.p.....
00014ac0: a0 00 b0 00 c0 00 d0 00 e0 00 f0 00 00 01 10 01  ................
00014ad0: 20 01 30 01 40 01 50 01 60 01 70 01 80 01 90 01   .0.@.P.`.p.....
00014ae0: a0 01 b0 01 c0 01 d0 01 e0 01 f0 01 00 02 10 02  ................
00014af0: 20 02 30 02 40 02 50 02 60 02 70 02 80 02 90 02   .0.@.P.`.p.....
00014b00: a0 02 b0 02 c0 02 d0 02 e0 02 f0 02 00 03 10 03  ................
00014b10: 20 03 30 03 40 03 50 03 60 03 70 03 80 03 90 03   .0.@.P.`.p.....
00014b20: a0 03 b0 03 c0 03 d0 03 e0 03 f0 03 ff 03 00 00  ................
00014b30: 10 00 20 00 30 00 40 00 50 00 60 00 70 00 80 00  .. .0.@.P.`.p...
00014b40: 90 00 a0 00 b0 00 c0 00 d0 00 e0 00 f0 00 00 01  ................
00014b50: 10 01 20 01 30 01 40 01 50 01 60 01 70 01 80 01  .. .0.@.P.`.p...
00014b60: 90 01 a0 01 b0 01 c0 01 d0 01 e0 01 f0 01 00 02  ................
00014b70: 10 02 20 02 30 02 40 02 50 02 60 02 70 02 80 02  .. .0.@.P.`.p...
00014b80: 90 02 a0 02 b0 02 c0 02 d0 02 e0 02 f0 02 00 03  ................
00014b90: 10 03 20 03 30 03 40 03 50 03 60 03 70 03 80 03  .. .0.@.P.`.p...
00014ba0: 90 03 a0 03 b0 03 c0 03 d0 03 e0 03 f0 03 ff 03  ................
00014bb0: 00 00 10 00 20 00 30 00 40 00 50 00 60 00 70 00  .... .0.@.P.`.p.
00014bc0: 80 00 90 00 a0 00 b0 00 c0 00 d0 00 e0 00 f0 00  ................
00014bd0: 00 01 10 01 20 01 30 01 40 01 50 01 60 01 70 01  .... .0.@.P.`.p.
00014be0: 80 01 90 01 a0 01 b0 01 c0 01 d0 01 e0 01 f0 01  ................
00014bf0: 00 02 10 02 20 02 30 02 40 02 50 02 60 02 70 02  .... .0.@.P.`.p.
00014c00: 80 02 90 02 a0 02 b0 02 c0 02 d0 02 e0 02 f0 02  ................
00014c10: 00 03 10 03 20 03 30 03 40 03 50 03 60 03 70 03  .... .0.@.P.`.p.
00014c20: 80 03 90 03 a0 03 b0 03 c0 03 d0 03 e0 03 f0 03  ................
00014c30: ff 03 00 00 10 00 20 00 30 00 40 00 50 00 60 00  ...... .0.@.P.`.
00014c40: 70 00 80 00 90 00 a0 00 b0 00 c0 00 d0 00 e0 00  p...............
00014c50: f0 00 00 01 10 01 20 01 30 01 40 01 50 01 60 01  ...... .0.@.P.`.
00014c60: 70 01 80 01 90 01 a0 01 b0 01 c0 01 d0 01 e0 01  p...............
00014c70: f0 01 00 02 10 02 20 02 30 02 40 02 50 02 60 02  ...... .0.@.P.`.
00014c80: 70 02 80 02 90 02 a0 02 b0 02 c0 02 d0 02 e0 02  p...............
00014c90: f0 02 00 03 10 03 20 03 30 03 40 03 50 03 60 03  ...... .0.@.P.`.
00014ca0: 70 03 80 03 90 03 a0 03 b0 03 c0 03 d0 03 e0 03  p...............
00014cb0: f0 03 ff 03 00 00 10 00 20 00 30 00 40 00 50 00  ........ .0.@.P.
00014cc0: 60 00 70 00 80 00 90 00 a0 00 b0 00 c0 00 d0 00  `.p.............
00014cd0: e0 00 f0 00 00 01 10 01 20 01 30 01 40 01 50 01  ........ .0.@.P.
00014ce0: 60 01 70 01 80 01 90 01 a0 01 b0 01 c0 01 d0 01  `.p.............
00014cf0: e0 01 f0 01 00 02 10 02 20 02 30 02 40 02 50 02  ........ .0.@.P.
00014d00: 60 02 70 02 80 02 90 02 a0 02 b0 02 c0 02 d0 02  `.p.............
00014d10: e0 02 f0 02 00 03 10 03 20 03 30 03 40 03 50 03  ........ .0.@.P.
00014d20: 60 03 70 03 80 03 90 03 a0 03 b0 03 c0 03 d0 03  `.p.............
00014d30: e0 03 f0 03 ff 03 00 00 40 00 00 00 00 00 00 00  ........@.......
00014d40: 00 00 00 00 00 00 00 00 00 00 00 00 00 00 00 00  ................
00014d50: 00 00 00 00 00 00 00 00 40 00 00 00 00 00 00 00  ........@.......
00014d60: 00 00 00 00 00 00 00 00 00 00 00 00 00 00 00 00  ................
00014d70: 00 00 00 00 00 00 00 00 40 00 00 00 00 00 00 00  ........@.......
00014d80: 00 00 00 00 00 00 00 00 00 00 00 00 00 00 00 00  ................
00014d90: 00 00 00 00 00 00 00 00 08 00 10 00 18 00 20 00  .............. .
00014da0: 28 00 30 00 38 00 00 00 00 00 00 00 00 00 00 00  (.0.8...........
00014db0: 00 00 00 00 00 00 00 00 08 00 10 00 18 00 20 00  .............. .
00014dc0: 28 00 30 00 38 00 00 00 00 00 00 00 00 00 00 00  (.0.8...........
00014dd0: 00 00 00 00 00 00 00 00 08 00 10 00 18 00 20 00  .............. .
00014de0: 28 00 30 00 38 00 00 00 00 00 00 00 00 00 00 00  (.0.8...........
00014df0: 00 00 00 00 00 00 00 00 00 00 01 00 00 00 0b 00  ................
00014e00: 58 2b 01 00 01 00 04 00 01 00 02 00 03 00 01 00  X+..............
00014e10: 18 00 00 00 00 00 00 00 00 00 ff ff fd ff fc ff  ................
00014e20: fa ff f9 ff f7 ff f6 ff f4 ff f3 ff f1 ff f0 ff  ................
00014e30: ee ff ed ff eb ff ea ff e8 ff e7 ff e5 ff e4 ff  ................
00014e40: e2 ff e1 ff df ff de ff dc ff db ff d9 ff d8 ff  ................
00014e50: d6 ff d5 ff d3 ff d2 ff d0 ff cf ff cd ff cc ff  ................
00014e60: ca ff c9 ff c7 ff c6 ff c4 ff c3 ff c1 ff c0 ff  ................
00014e70: be ff bd ff bb ff ba ff b8 ff b7 ff b5 ff b4 ff  ................
00014e80: b2 ff b1 ff af ff ae ff ac ff ab ff a9 ff a8 ff  ................
00014e90: a6 ff a5 ff a6 ff a8 ff a9 ff ab ff ac ff ae ff  ................
00014ea0: af ff b1 ff b2 ff b4 ff b5 ff b7 ff b8 ff ba ff  ................
00014eb0: bb ff bd ff be ff c0 ff c1 ff c3 ff c4 ff c6 ff  ................
00014ec0: c7 ff c9 ff ca ff cc ff cd ff cf ff d0 ff d2 ff  ................
00014ed0: d3 ff d5 ff d6 ff d8 ff d9 ff db ff dc ff de ff  ................
00014ee0: df ff e1 ff e2 ff e4 ff e5 ff e7 ff e8 ff ea ff  ................
00014ef0: eb ff ed ff ee ff f0 ff f1 ff f3 ff f4 ff f6 ff  ................
00014f00: f7 ff f9 ff fa ff fc ff fd ff ff ff 00 00 00 00  ................
00014f10: 00 00 00 00 00 00 00 00 00 00 00 00 00 00 00 00  ................
00014f20: 00 00 01 00 03 00 04 00 06 00 07 00 09 00 0a 00  ................
00014f30: 0c 00 0d 00 0f 00 10 00 12 00 13 00 15 00 16 00  ................
00014f40: 18 00 19 00 1b 00 1c 00 1e 00 1f 00 21 00 22 00  ............!.".
00014f50: 24 00 25 00 27 00 28 00 2a 00 2b 00 2d 00 2e 00  $.%.'.(.*.+.-...
00014f60: 30 00 31 00 33 00 34 00 36 00 37 00 39 00 3a 00  0.1.3.4.6.7.9.:.
00014f70: 3c 00 3d 00 3f 00 40 00 42 00 43 00 45 00 46 00  <.=.?.@.B.C.E.F.
00014f80: 48 00 49 00 4b 00 4c 00 4e 00 4f 00 51 00 52 00  H.I.K.L.N.O.Q.R.
00014f90: 54 00 55 00 57 00 58 00 5a 00 5b 00 5a 00 58 00  T.U.W.X.Z.[.Z.X.
00014fa0: 57 00 55 00 54 00 52 00 51 00 4f 00 4e 00 4c 00  W.U.T.R.Q.O.N.L.
00014fb0: 4b 00 49 00 48 00 46 00 45 00 43 00 42 00 40 00  K.I.H.F.E.C.B.@.
00014fc0: 3f 00 3d 00 3c 00 3a 00 39 00 37 00 36 00 34 00  ?.=.<.:.9.7.6.4.
00014fd0: 33 00 31 00 30 00 2e 00 2d 00 2b 00 2a 00 28 00  3.1.0...-.+.*.(.
00014fe0: 27 00 25 00 24 00 22 00 21 00 1f 00 1e 00 1c 00  '.%.$.".!.......
00014ff0: 1b 00 19 00 18 00 16 00 15 00 13 00 12 00 10 00  ................
00015000: 0f 00 0d 00 0c 00 0a 00 09 00 07 00 06 00 04 00  ................
00015010: 03 00 01 00 00 00 00 00 00 00 ff ff fd ff fc ff  ................
00015020: fa ff f9 ff f7 ff f6 ff f4 ff f3 ff f1 ff f0 ff  ................
00015030: ee ff ed ff eb ff ea ff e8 ff e7 ff e5 ff e4 ff  ................
00015040: e2 ff e1 ff df ff de ff dc ff db ff d9 ff d8 ff  ................
00015050: d6 ff d5 ff d3 ff d2 ff d0 ff cf ff cd ff cc ff  ................
00015060: ca ff c9 ff c7 ff c6 ff c4 ff c3 ff c1 ff c0 ff  ................
00015070: be ff bd ff bb ff ba ff b8 ff b7 ff b5 ff b4 ff  ................
00015080: b2 ff b1 ff af ff ae ff ac ff ab ff a9 ff a8 ff  ................
00015090: a6 ff a5 ff a6 ff a8 ff a9 ff ab ff ac ff ae ff  ................
000150a0: af ff b1 ff b2 ff b4 ff b5 ff b7 ff b8 ff ba ff  ................
000150b0: bb ff bd ff be ff c0 ff c1 ff c3 ff c4 ff c6 ff  ................
000150c0: c7 ff c9 ff ca ff cc ff cd ff cf ff d0 ff d2 ff  ................
000150d0: d3 ff d5 ff d6 ff d8 ff d9 ff db ff dc ff de ff  ................
000150e0: df ff e1 ff e2 ff e4 ff e5 ff e7 ff e8 ff ea ff  ................
000150f0: eb ff ed ff ee ff f0 ff f1 ff f3 ff f4 ff f6 ff  ................
00015100: f7 ff f9 ff fa ff fc ff fd ff ff ff 00 00 00 00  ................
00015110: 00 00 00 00 00 00 00 00 00 00 00 00 00 00 00 00  ................
00015120: 00 00 01 00 03 00 04 00 06 00 07 00 09 00 0a 00  ................
00015130: 0c 00 0d 00 0f 00 10 00 12 00 13 00 15 00 16 00  ................
00015140: 18 00 19 00 1b 00 1c 00 1e 00 1f 00 21 00 22 00  ............!.".
00015150: 24 00 25 00 27 00 28 00 2a 00 2b 00 2d 00 2e 00  $.%.'.(.*.+.-...
00015160: 30 00 31 00 33 00 34 00 36 00 37 00 39 00 3a 00  0.1.3.4.6.7.9.:.
00015170: 3c 00 3d 00 3f 00 40 00 42 00 43 00 45 00 46 00  <.=.?.@.B.C.E.F.
00015180: 48 00 49 00 4b 00 4c 00 4e 00 4f 00 51 00 52 00  H.I.K.L.N.O.Q.R.
00015190: 54 00 55 00 57 00 58 00 5a 00 5b 00 5a 00 58 00  T.U.W.X.Z.[.Z.X.
000151a0: 57 00 55 00 54 00 52 00 51 00 4f 00 4e 00 4c 00  W.U.T.R.Q.O.N.L.
000151b0: 4b 00 49 00 48 00 46 00 45 00 43 00 42 00 40 00  K.I.H.F.E.C.B.@.
000151c0: 3f 00 3d 00 3c 00 3a 00 39 00 37 00 36 00 34 00  ?.=.<.:.9.7.6.4.
000151d0: 33 00 31 00 30 00 2e 00 2d 00 2b 00 2a 00 28 00  3.1.0...-.+.*.(.
000151e0: 27 00 25 00 24 00 22 00 21 00 1f 00 1e 00 1c 00  '.%.$.".!.......
000151f0: 1b 00 19 00 18 00 16 00 15 00 13 00 12 00 10 00  ................
00015200: 0f 00 0d 00 0c 00 0a 00 09 00 07 00 06 00 04 00  ................
00015210: 03 00 01 00 00 00 00 00 10 00 20 00 30 00 40 00  .......... .0.@.
00015220: 50 00 60 00 70 00 80 00 90 00 a0 00 b0 00 c0 00  P.`.p...........
00015230: d0 00 e0 00 f0 00 00 00 10 00 20 00 30 00 40 00  .......... .0.@.
00015240: 50 00 60 00 70 00 80 00 90 00 a0 00 b0 00 c0 00  P.`.p...........
00015250: d0 00 e0 00 f0 00 01 00 04 00 01 00 03 00 02 00  ................
00015260: 01 00 18 00 00 00 01 00 9e ff 9c ff 9b ff 99 ff  ................
00015270: 98 ff 96 ff 95 ff 94 ff 92 ff 91 ff 90 ff 8e ff  ................
00015280: 8d ff 8c ff 8b ff 89 ff 88 ff 87 ff 86 ff 85 ff  ................
00015290: 84 ff 82 ff 81 ff 80 ff 7f ff 7f ff 7e ff 7d ff  ............~.}.
000152a0: 7c ff 7b ff 7b ff 7a ff 79 ff 79 ff 78 ff 78 ff  |.{.{.z.y.y.x.x.
000152b0: 78 ff 77 ff 77 ff 77 ff 77 ff 77 ff 77 ff 77 ff  x.w.w.w.w.w.w.w.
000152c0: 77 ff 77 ff 78 ff 78 ff 78 ff 79 ff 79 ff 7a ff  w.w.x.x.x.y.y.z.
000152d0: 7b ff 7b ff 7c ff 7d ff 7e ff 7f ff 80 ff 81 ff  {.{.|.}.~.......
000152e0: 82 ff 83 ff 84 ff 86 ff 87 ff 88 ff 8a ff 8b ff  ................
000152f0: 8d ff 8e ff 90 ff 92 ff 93 ff 95 ff 97 ff 99 ff  ................
00015300: 9b ff 9d ff 9f ff a1 ff a3 ff a5 ff a7 ff a9 ff  ................
00015310: ab ff ae ff b0 ff b2 ff b5 ff b7 ff b9 ff bc ff  ................
00015320: be ff c1 ff c4 ff c6 ff c9 ff cb ff ce ff d1 ff  ................
00015330: d3 ff d6 ff d8 ff db ff dd ff e0 ff e2 ff e4 ff  ................
00015340: e7 ff e9 ff eb ff ed ff ef ff f1 ff f2 ff f4 ff  ................
00015350: f5 ff f7 ff f8 ff f9 ff fa ff fb ff fc ff fd ff  ................
00015360: fd ff fe ff ff ff ff ff 00 00 01 00 01 00 02 00  ................
00015370: 03 00 03 00 04 00 05 00 06 00 07 00 08 00 09 00  ................
00015380: 0a 00 0c 00 0d 00 0e 00 10 00 11 00 13 00 14 00  ................
00015390: 16 00 18 00 19 00 1b 00 1d 00 1e 00 20 00 22 00  ............ .".
000153a0: 24 00 25 00 27 00 29 00 2b 00 2c 00 2e 00 30 00  $.%.'.).+.,...0.
000153b0: 31 00 33 00 34 00 36 00 38 00 39 00 3b 00 3c 00  1.3.4.6.8.9.;.<.
000153c0: 3d 00 3f 00 40 00 42 00 43 00 44 00 45 00 47 00  =.?.@.B.C.D.E.G.
000153d0: 48 00 49 00 4a 00 4b 00 4c 00 4d 00 4e 00 4f 00  H.I.J.K.L.M.N.O.
000153e0: 50 00 51 00 52 00 53 00 54 00 54 00 55 00 56 00  P.Q.R.S.T.T.U.V.
000153f0: 56 00 57 00 57 00 58 00 58 00 59 00 59 00 5a 00  V.W.W.X.X.Y.Y.Z.
00015400: 5a 00 5a 00 5a 00 5a 00 5a 00 5b 00 5b 00 5b 00  Z.Z.Z.Z.Z.[.[.[.
00015410: 5a 00 5a 00 5a 00 5a 00 5a 00 59 00 59 00 59 00  Z.Z.Z.Z.Z.Y.Y.Y.
00015420: 58 00 58 00 57 00 57 00 56 00 56 00 55 00 54 00  X.X.W.W.V.V.U.T.
00015430: 54 00 53 00 52 00 52 00 51 00 50 00 4f 00 4e 00  T.S.R.R.Q.P.O.N.
00015440: 4e 00 4d 00 4c 00 4b 00 4a 00 49 00 48 00 47 00  N.M.L.K.J.I.H.G.
00015450: 46 00 45 00 44 00 43 00 42 00 41 00 40 00 3f 00  F.E.D.C.B.A.@.?.
00015460: 3e 00 3d 00 3c 00 3b 00 b8 ff b9 ff b7 ff b5 ff  >.=.<.;.........
00015470: b4 ff b2 ff b1 ff af ff ae ff ac ff aa ff a9 ff  ................
00015480: a7 ff a6 ff a4 ff a3 ff a2 ff a0 ff 9f ff 9d ff  ................
00015490: 9c ff 9b ff 99 ff 98 ff 97 ff 96 ff 95 ff 94 ff  ................
000154a0: 93 ff 92 ff 91 ff 90 ff 8f ff 8e ff 8e ff 8d ff  ................
000154b0: 8c ff 8c ff 8b ff 8b ff 8a ff 8a ff 8a ff 8a ff  ................
000154c0: 8a ff 89 ff 8a ff 8a ff 8a ff 8a ff 8a ff 8b ff  ................
000154d0: 8b ff 8c ff 8c ff 8d ff 8e ff 8f ff 8f ff 90 ff  ................
000154e0: 91 ff 92 ff 93 ff 95 ff 96 ff 97 ff 98 ff 9a ff  ................
000154f0: 9b ff 9d ff 9e ff a0 ff a1 ff a3 ff a4 ff a6 ff  ................
00015500: a8 ff a9 ff ab ff ad ff af ff b1 ff b3 ff b4 ff  ................
00015510: b6 ff b8 ff ba ff bc ff be ff c0 ff c2 ff c4 ff  ................
00015520: c6 ff c8 ff cb ff cd ff cf ff d1 ff d3 ff d5 ff  ................
00015530: d7 ff d9 ff db ff dd ff df ff e1 ff e3 ff e5 ff  ................
00015540: e7 ff e9 ff eb ff ec ff ee ff f0 ff f1 ff f3 ff  ................
00015550: f4 ff f5 ff f7 ff f8 ff f9 ff fa ff fb ff fc ff  ................
00015560: fd ff fe ff fe ff ff ff 00 00 01 00 01 00 02 00  ................
00015570: 03 00 04 00 04 00 05 00 06 00 07 00 08 00 09 00  ................
00015580: 0a 00 0b 00 0c 00 0e 00 0f 00 10 00 11 00 13 00  ................
00015590: 14 00 16 00 17 00 19 00 1a 00 1c 00 1d 00 1f 00  ................
000155a0: 20 00 22 00 23 00 25 00 27 00 28 00 2a 00 2b 00   .".#.%.'.(.*.+.
000155b0: 2d 00 2e 00 30 00 32 00 33 00 35 00 36 00 38 00  -...0.2.3.5.6.8.
000155c0: 39 00 3a 00 3c 00 3d 00 3f 00 40 00 41 00 43 00  9.:.<.=.?.@.A.C.
000155d0: 44 00 45 00 47 00 48 00 49 00 4a 00 4b 00 4c 00  D.E.G.H.I.J.K.L.
000155e0: 4e 00 4f 00 50 00 51 00 51 00 52 00 53 00 54 00  N.O.P.Q.Q.R.S.T.
000155f0: 55 00 56 00 56 00 57 00 57 00 58 00 58 00 59 00  U.V.V.W.W.X.X.Y.
00015600: 59 00 5a 00 5a 00 5a 00 5a 00 5a 00 5a 00 5a 00  Y.Z.Z.Z.Z.Z.Z.Z.
00015610: 5a 00 5a 00 5a 00 5a 00 5a 00 59 00 59 00 59 00  Z.Z.Z.Z.Z.Y.Y.Y.
00015620: 58 00 58 00 57 00 56 00 56 00 55 00 54 00 54 00  X.X.W.V.V.U.T.T.
00015630: 53 00 52 00 51 00 50 00 4f 00 4e 00 4d 00 4c 00  S.R.Q.P.O.N.M.L.
00015640: 4b 00 4a 00 49 00 48 00 47 00 46 00 45 00 43 00  K.J.I.H.G.F.E.C.
00015650: 42 00 41 00 40 00 3f 00 3d 00 3c 00 3b 00 39 00  B.A.@.?.=.<.;.9.
00015660: 38 00 37 00 36 00 34 00 00 00 28 00 5c 00 74 00  8.7.6.4...(.\.t.
00015670: 80 00 8a 00 a0 00 d0 00 ff 00 00 00 00 00 00 00  ................
00015680: 00 00 00 00 00 00 00 00 00 00 2e 00 60 00 76 00  ............`.v.
00015690: 80 00 8a 00 a0 00 d2 00 ff 00 00 00 00 00 00 00  ................
000156a0: 00 00 00 00 00 00 00 00 01 00 04 00 01 00 03 00  ................
000156b0: 02 00 01 00 18 00 00 00 01 00 9c ff 9b ff 9a ff  ................
000156c0: 99 ff 97 ff 96 ff 95 ff 94 ff 93 ff 91 ff 90 ff  ................
000156d0: 8f ff 8e ff 8d ff 8c ff 8b ff 8a ff 89 ff 88 ff  ................
000156e0: 87 ff 86 ff 85 ff 84 ff 83 ff 82 ff 82 ff 81 ff  ................
000156f0: 80 ff 7f ff 7f ff 7e ff 7e ff 7d ff 7d ff 7c ff  ......~.~.}.}.|.
00015700: 7c ff 7c ff 7b ff 7b ff 7b ff 7b ff 7b ff 7b ff  |.|.{.{.{.{.{.{.
00015710: 7b ff 7b ff 7b ff 7b ff 7c ff 7c ff 7c ff 7d ff  {.{.{.{.|.|.|.}.
00015720: 7d ff 7e ff 7f ff 80 ff 80 ff 81 ff 82 ff 83 ff  }.~.............
00015730: 84 ff 86 ff 87 ff 88 ff 89 ff 8b ff 8c ff 8e ff  ................
00015740: 8f ff 91 ff 92 ff 94 ff 96 ff 97 ff 99 ff 9b ff  ................
00015750: 9d ff 9f ff a1 ff a3 ff a5 ff a7 ff a9 ff ac ff  ................
00015760: ae ff b0 ff b3 ff b5 ff b7 ff ba ff bc ff bf ff  ................
00015770: c1 ff c4 ff c6 ff c9 ff cb ff ce ff d0 ff d3 ff  ................
00015780: d5 ff d8 ff da ff dd ff df ff e1 ff e3 ff e6 ff  ................
00015790: e8 ff ea ff ec ff ee ff ef ff f1 ff f3 ff f4 ff  ................
000157a0: f5 ff f7 ff f8 ff f9 ff fa ff fb ff fb ff fc ff  ................
000157b0: fd ff fd ff fe ff ff ff ff ff 00 00 01 00 01 00  ................
000157c0: 02 00 03 00 04 00 05 00 06 00 06 00 07 00 08 00  ................
000157d0: 0a 00 0b 00 0c 00 0d 00 0e 00 10 00 11 00 12 00  ................
000157e0: 14 00 15 00 17 00 18 00 1a 00 1b 00 1d 00 1e 00  ................
000157f0: 20 00 21 00 23 00 25 00 26 00 28 00 29 00 2b 00   .!.#.%.&.(.).+.
00015800: 2d 00 2e 00 30 00 32 00 33 00 35 00 36 00 38 00  -...0.2.3.5.6.8.
00015810: 39 00 3b 00 3c 00 3e 00 3f 00 41 00 42 00 43 00  9.;.<.>.?.A.B.C.
00015820: 45 00 46 00 47 00 49 00 4a 00 4b 00 4c 00 4d 00  E.F.G.I.J.K.L.M.
00015830: 4e 00 4f 00 50 00 51 00 52 00 53 00 54 00 54 00  N.O.P.Q.R.S.T.T.
00015840: 55 00 56 00 56 00 57 00 57 00 58 00 58 00 59 00  U.V.V.W.W.X.X.Y.
00015850: 59 00 59 00 59 00 59 00 59 00 59 00 59 00 59 00  Y.Y.Y.Y.Y.Y.Y.Y.
00015860: 59 00 59 00 59 00 59 00 58 00 58 00 58 00 57 00  Y.Y.Y.Y.X.X.X.W.
00015870: 57 00 56 00 56 00 55 00 55 00 54 00 54 00 53 00  W.V.V.U.U.T.T.S.
00015880: 52 00 51 00 51 00 50 00 4f 00 4e 00 4d 00 4d 00  R.Q.Q.P.O.N.M.M.
00015890: 4c 00 4b 00 4a 00 49 00 48 00 47 00 46 00 45 00  L.K.J.I.H.G.F.E.
000158a0: 44 00 43 00 42 00 41 00 40 00 3f 00 3e 00 3c 00  D.C.B.A.@.?.>.<.
000158b0: 3b 00 3a 00 39 00 38 00 37 00 b1 ff b2 ff b0 ff  ;.:.9.8.7.......
000158c0: ae ff ac ff ab ff a9 ff a7 ff a5 ff a3 ff a1 ff  ................
000158d0: 9f ff 9e ff 9c ff 9a ff 98 ff 97 ff 95 ff 94 ff  ................
000158e0: 92 ff 90 ff 8f ff 8e ff 8c ff 8b ff 8a ff 88 ff  ................
000158f0: 87 ff 86 ff 85 ff 84 ff 83 ff 82 ff 81 ff 81 ff  ................
00015900: 80 ff 7f ff 7f ff 7e ff 7e ff 7e ff 7e ff 7e ff  ......~.~.~.~.~.
00015910: 7e ff 7e ff 7e ff 7e ff 7f ff 7f ff 80 ff 80 ff  ~.~.~.~.........
00015920: 81 ff 82 ff 83 ff 84 ff 85 ff 86 ff 87 ff 88 ff  ................
00015930: 89 ff 8b ff 8c ff 8e ff 8f ff 91 ff 92 ff 94 ff  ................
00015940: 96 ff 98 ff 99 ff 9b ff 9d ff 9f ff a1 ff a3 ff  ................
00015950: a5 ff a7 ff a9 ff ab ff ae ff b0 ff b2 ff b4 ff  ................
00015960: b6 ff b9 ff bb ff bd ff bf ff c2 ff c4 ff c6 ff  ................
00015970: c8 ff cb ff cd ff cf ff d1 ff d3 ff d5 ff d8 ff  ................
00015980: da ff dc ff de ff e0 ff e2 ff e4 ff e5 ff e7 ff  ................
00015990: e9 ff eb ff ec ff ee ff ef ff f1 ff f2 ff f4 ff  ................
000159a0: f5 ff f6 ff f7 ff f8 ff f9 ff fa ff fb ff fc ff  ................
000159b0: fc ff fd ff fe ff fe ff ff ff 00 00 01 00 02 00  ................
000159c0: 02 00 03 00 04 00 05 00 06 00 07 00 08 00 09 00  ................
000159d0: 0a 00 0c 00 0d 00 0e 00 0f 00 11 00 12 00 13 00  ................
000159e0: 15 00 16 00 17 00 19 00 1a 00 1b 00 1d 00 1e 00  ................
000159f0: 20 00 21 00 23 00 24 00 25 00 27 00 28 00 2a 00   .!.#.$.%.'.(.*.
00015a00: 2b 00 2c 00 2e 00 2f 00 30 00 32 00 33 00 34 00  +.,.../.0.2.3.4.
00015a10: 35 00 37 00 38 00 39 00 3a 00 3b 00 3c 00 3d 00  5.7.8.9.:.;.<.=.
00015a20: 3e 00 3f 00 40 00 41 00 42 00 42 00 43 00 44 00  >.?.@.A.B.B.C.D.
00015a30: 45 00 45 00 46 00 46 00 47 00 48 00 48 00 48 00  E.E.F.F.G.H.H.H.
00015a40: 49 00 49 00 4a 00 4a 00 4a 00 4a 00 4b 00 4b 00  I.I.J.J.J.J.K.K.
00015a50: 4b 00 4b 00 4b 00 4b 00 4b 00 4b 00 4b 00 4a 00  K.K.K.K.K.K.K.J.
00015a60: 4a 00 4a 00 4a 00 49 00 49 00 48 00 48 00 47 00  J.J.J.I.I.H.H.G.
00015a70: 47 00 46 00 46 00 45 00 44 00 44 00 43 00 42 00  G.F.F.E.D.D.C.B.
00015a80: 41 00 41 00 40 00 3f 00 3e 00 3d 00 3c 00 3b 00  A.A.@.?.>.=.<.;.
00015a90: 3a 00 39 00 38 00 37 00 36 00 35 00 34 00 33 00  :.9.8.7.6.5.4.3.
00015aa0: 32 00 31 00 30 00 2f 00 2e 00 2c 00 2b 00 2a 00  2.1.0./...,.+.*.
00015ab0: 29 00 28 00 27 00 25 00 24 00 00 00 30 00 56 00  ).(.'.%.$...0.V.
00015ac0: 74 00 80 00 8c 00 aa 00 c8 00 ff 00 00 00 00 00  t...............
00015ad0: 00 00 00 00 00 00 00 00 00 00 00 00 2a 00 52 00  ............*.R.
00015ae0: 74 00 80 00 8a 00 a8 00 d0 00 ff 00 00 00 00 00  t...............
00015af0: 00 00 00 00 00 00 00 00 00 00 01 00 04 00 01 00  ................
00015b00: 03 00 02 00 01 00 18 00 00 00 01 00 9a ff 98 ff  ................
00015b10: 97 ff 95 ff 94 ff 92 ff 91 ff 8f ff 8e ff 8c ff  ................
00015b20: 8b ff 89 ff 88 ff 87 ff 85 ff 84 ff 83 ff 82 ff  ................
00015b30: 80 ff 7f ff 7e ff 7d ff 7c ff 7b ff 7a ff 79 ff  ....~.}.|.{.z.y.
00015b40: 78 ff 77 ff 76 ff 76 ff 75 ff 74 ff 74 ff 73 ff  x.w.v.v.u.t.t.s.
00015b50: 73 ff 72 ff 72 ff 72 ff 72 ff 72 ff 72 ff 72 ff  s.r.r.r.r.r.r.r.
00015b60: 72 ff 72 ff 72 ff 73 ff 73 ff 74 ff 74 ff 75 ff  r.r.r.s.s.t.t.u.
00015b70: 75 ff 76 ff 77 ff 78 ff 79 ff 7a ff 7b ff 7c ff  u.v.w.x.y.z.{.|.
00015b80: 7d ff 7f ff 80 ff 81 ff 83 ff 84 ff 86 ff 87 ff  }...............
00015b90: 89 ff 8a ff 8c ff 8e ff 90 ff 91 ff 93 ff 95 ff  ................
00015ba0: 97 ff 99 ff 9b ff 9d ff 9f ff a2 ff a4 ff a6 ff  ................
00015bb0: a8 ff aa ff ad ff af ff b1 ff b4 ff b6 ff b8 ff  ................
00015bc0: bb ff bd ff c0 ff c2 ff c4 ff c7 ff c9 ff cc ff  ................
00015bd0: ce ff d1 ff d3 ff d6 ff d8 ff db ff dd ff e0 ff  ................
00015be0: e2 ff e4 ff e6 ff e9 ff eb ff ed ff ef ff f0 ff  ................
00015bf0: f2 ff f4 ff f5 ff f7 ff f8 ff f9 ff fa ff fc ff  ................
00015c00: fd ff fd ff fe ff ff ff 00 00 01 00 02 00 02 00  ................
00015c10: 03 00 04 00 05 00 05 00 06 00 07 00 08 00 09 00  ................
00015c20: 0b 00 0c 00 0d 00 0f 00 10 00 12 00 14 00 15 00  ................
00015c30: 17 00 19 00 1b 00 1d 00 1f 00 21 00 23 00 25 00  ..........!.#.%.
00015c40: 27 00 2a 00 2c 00 2e 00 30 00 32 00 34 00 36 00  '.*.,...0.2.4.6.
00015c50: 38 00 3a 00 3c 00 3e 00 40 00 42 00 44 00 46 00  8.:.<.>.@.B.D.F.
00015c60: 48 00 4a 00 4c 00 4d 00 4f 00 51 00 52 00 54 00  H.J.L.M.O.Q.R.T.
00015c70: 56 00 57 00 59 00 5a 00 5c 00 5d 00 5e 00 60 00  V.W.Y.Z.\.].^.`.
00015c80: 61 00 62 00 63 00 64 00 65 00 66 00 67 00 68 00  a.b.c.d.e.f.g.h.
00015c90: 69 00 69 00 6a 00 6b 00 6b 00 6c 00 6c 00 6d 00  i.i.j.k.k.l.l.m.
00015ca0: 6d 00 6e 00 6e 00 6e 00 6e 00 6f 00 6f 00 6f 00  m.n.n.n.n.o.o.o.
00015cb0: 6f 00 6f 00 6f 00 6f 00 6f 00 6f 00 6f 00 6f 00  o.o.o.o.o.o.o.o.
00015cc0: 6e 00 6e 00 6e 00 6e 00 6d 00 6d 00 6d 00 6c 00  n.n.n.n.m.m.m.l.
00015cd0: 6c 00 6b 00 6b 00 6a 00 6a 00 69 00 69 00 68 00  l.k.k.j.j.i.i.h.
00015ce0: 67 00 67 00 66 00 66 00 65 00 64 00 64 00 63 00  g.g.f.f.e.d.d.c.
00015cf0: 62 00 61 00 61 00 60 00 5f 00 5e 00 5e 00 5d 00  b.a.a.`._.^.^.].
00015d00: 5c 00 5b 00 5a 00 5a 00 59 00 58 00 9c ff 9b ff  \.[.Z.Z.Y.X.....
00015d10: 99 ff 98 ff 97 ff 96 ff 95 ff 94 ff 93 ff 92 ff  ................
00015d20: 91 ff 90 ff 8f ff 8e ff 8d ff 8c ff 8b ff 8a ff  ................
00015d30: 89 ff 89 ff 88 ff 87 ff 86 ff 85 ff 85 ff 84 ff  ................
00015d40: 83 ff 83 ff 82 ff 81 ff 81 ff 80 ff 80 ff 7f ff  ................
00015d50: 7f ff 7f ff 7e ff 7e ff 7e ff 7e ff 7d ff 7d ff  ....~.~.~.~.}.}.
00015d60: 7d ff 7d ff 7d ff 7e ff 7e ff 7e ff 7e ff 7f ff  }.}.}.~.~.~.~...
00015d70: 7f ff 7f ff 80 ff 81 ff 81 ff 82 ff 83 ff 83 ff  ................
00015d80: 84 ff 85 ff 86 ff 87 ff 88 ff 89 ff 8a ff 8b ff  ................
00015d90: 8d ff 8e ff 8f ff 91 ff 92 ff 93 ff 95 ff 97 ff  ................
00015da0: 98 ff 9a ff 9b ff 9d ff 9f ff a1 ff a3 ff a5 ff  ................
00015db0: a7 ff a9 ff ab ff ad ff af ff b1 ff b4 ff b6 ff  ................
00015dc0: b8 ff bb ff bd ff bf ff c2 ff c4 ff c7 ff c9 ff  ................
00015dd0: cc ff ce ff d1 ff d3 ff d6 ff d8 ff db ff dd ff  ................
00015de0: df ff e2 ff e4 ff e6 ff e8 ff ea ff ec ff ee ff  ................
00015df0: f0 ff f1 ff f3 ff f5 ff f6 ff f7 ff f8 ff fa ff  ................
00015e00: fb ff fc ff fd ff fd ff fe ff ff ff 00 00 01 00  ................
00015e10: 02 00 02 00 03 00 04 00 05 00 06 00 07 00 08 00  ................
00015e20: 09 00 0b 00 0c 00 0d 00 0f 00 10 00 12 00 13 00  ................
00015e30: 15 00 16 00 18 00 1a 00 1c 00 1e 00 1f 00 21 00  ..............!.
00015e40: 23 00 25 00 27 00 29 00 2b 00 2d 00 2f 00 30 00  #.%.'.).+.-./.0.
00015e50: 32 00 34 00 36 00 38 00 3a 00 3b 00 3d 00 3f 00  2.4.6.8.:.;.=.?.
00015e60: 41 00 42 00 44 00 45 00 47 00 48 00 4a 00 4b 00  A.B.D.E.G.H.J.K.
00015e70: 4c 00 4e 00 4f 00 50 00 51 00 52 00 53 00 54 00  L.N.O.P.Q.R.S.T.
00015e80: 55 00 56 00 57 00 58 00 59 00 5a 00 5a 00 5b 00  U.V.W.X.Y.Z.Z.[.
00015e90: 5c 00 5c 00 5d 00 5d 00 5e 00 5e 00 5f 00 5f 00  \.\.].].^.^._._.
00015ea0: 5f 00 60 00 60 00 60 00 60 00 60 00 60 00 60 00  _.`.`.`.`.`.`.`.
00015eb0: 60 00 60 00 60 00 60 00 60 00 5f 00 5f 00 5f 00  `.`.`.`.`._._._.
00015ec0: 5e 00 5e 00 5d 00 5d 00 5c 00 5c 00 5b 00 5a 00  ^.^.].].\.\.[.Z.
00015ed0: 5a 00 59 00 58 00 57 00 56 00 56 00 55 00 54 00  Z.Y.X.W.V.V.U.T.
00015ee0: 53 00 52 00 51 00 50 00 4f 00 4e 00 4d 00 4c 00  S.R.Q.P.O.N.M.L.
00015ef0: 4b 00 4a 00 49 00 48 00 47 00 45 00 44 00 43 00  K.J.I.H.G.E.D.C.
00015f00: 42 00 41 00 40 00 3f 00 3d 00 3c 00 00 00 28 00  B.A.@.?.=.<...(.
00015f10: 60 00 74 00 7e 00 8a 00 9e 00 bc 00 ff 00 00 00  `.t.~...........
00015f20: 00 00 00 00 00 00 00 00 00 00 00 00 00 00 2c 00  ..............,.
00015f30: 5a 00 74 00 80 00 8a 00 a8 00 d4 00 ff 00 00 00  Z.t.............
00015f40: 00 00 00 00 00 00 00 00 00 00 00 00 01 00 04 00  ................
00015f50: 01 00 03 00 02 00 01 00 18 00 00 00 01 00 ab ff  ................
00015f60: a9 ff a7 ff a6 ff a4 ff a3 ff a2 ff a0 ff 9f ff  ................
00015f70: 9d ff 9c ff 9a ff 99 ff 97 ff 96 ff 95 ff 93 ff  ................
00015f80: 92 ff 91 ff 90 ff 8e ff 8d ff 8c ff 8b ff 8a ff  ................
00015f90: 89 ff 88 ff 87 ff 86 ff 85 ff 84 ff 83 ff 83 ff  ................
00015fa0: 82 ff 81 ff 81 ff 80 ff 80 ff 80 ff 7f ff 7f ff  ................
00015fb0: 7f ff 7f ff 7f ff 7f ff 7f ff 7f ff 7f ff 7f ff  ................
00015fc0: 80 ff 80 ff 81 ff 81 ff 82 ff 82 ff 83 ff 84 ff  ................
00015fd0: 85 ff 85 ff 86 ff 87 ff 88 ff 8a ff 8b ff 8c ff  ................
00015fe0: 8d ff 8f ff 90 ff 91 ff 93 ff 94 ff 96 ff 98 ff  ................
00015ff0: 99 ff 9b ff 9d ff 9f ff a1 ff a3 ff a5 ff a7 ff  ................
00016000: a9 ff ab ff ad ff b0 ff b2 ff b4 ff b6 ff b9 ff  ................
00016010: bb ff be ff c0 ff c2 ff c5 ff c7 ff ca ff cc ff  ................
00016020: ce ff d1 ff d3 ff d5 ff d8 ff da ff dc ff de ff  ................
00016030: e0 ff e2 ff e5 ff e7 ff e8 ff ea ff ec ff ee ff  ................
00016040: f0 ff f1 ff f3 ff f4 ff f5 ff f7 ff f8 ff f9 ff  ................
00016050: fa ff fb ff fc ff fd ff fe ff fe ff ff ff 00 00  ................
00016060: 01 00 02 00 02 00 03 00 04 00 05 00 06 00 07 00  ................
00016070: 08 00 09 00 0a 00 0b 00 0c 00 0e 00 0f 00 11 00  ................
00016080: 12 00 14 00 16 00 17 00 19 00 1b 00 1d 00 1f 00  ................
00016090: 20 00 22 00 24 00 26 00 28 00 2a 00 2c 00 2e 00   .".$.&.(.*.,...
000160a0: 31 00 33 00 35 00 37 00 39 00 3b 00 3d 00 3f 00  1.3.5.7.9.;.=.?.
000160b0: 41 00 43 00 45 00 47 00 49 00 4b 00 4d 00 4f 00  A.C.E.G.I.K.M.O.
000160c0: 50 00 52 00 54 00 56 00 57 00 59 00 5a 00 5c 00  P.R.T.V.W.Y.Z.\.
000160d0: 5d 00 5f 00 60 00 61 00 63 00 64 00 65 00 66 00  ]._.`.a.c.d.e.f.
000160e0: 67 00 68 00 69 00 6a 00 6b 00 6c 00 6d 00 6d 00  g.h.i.j.k.l.m.m.
000160f0: 6e 00 6e 00 6f 00 6f 00 70 00 70 00 70 00 70 00  n.n.o.o.p.p.p.p.
00016100: 71 00 71 00 71 00 71 00 71 00 70 00 70 00 70 00  q.q.q.q.q.p.p.p.
00016110: 70 00 6f 00 6f 00 6e 00 6e 00 6d 00 6d 00 6c 00  p.o.o.n.n.m.m.l.
00016120: 6c 00 6b 00 6a 00 69 00 69 00 68 00 67 00 66 00  l.k.j.i.i.h.g.f.
00016130: 65 00 64 00 63 00 62 00 61 00 60 00 5f 00 5e 00  e.d.c.b.a.`._.^.
00016140: 5d 00 5c 00 5b 00 5a 00 58 00 57 00 56 00 55 00  ].\.[.Z.X.W.V.U.
00016150: 54 00 52 00 51 00 50 00 4f 00 4e 00 4c 00 b4 ff  T.R.Q.P.O.N.L...
00016160: b2 ff b0 ff ae ff ad ff ab ff a9 ff a7 ff a5 ff  ................
00016170: a3 ff a1 ff a0 ff 9e ff 9c ff 9a ff 99 ff 97 ff  ................
00016180: 95 ff 94 ff 92 ff 90 ff 8f ff 8d ff 8c ff 8a ff  ................
00016190: 89 ff 88 ff 86 ff 85 ff 84 ff 83 ff 82 ff 81 ff  ................
000161a0: 7f ff 7f ff 7e ff 7d ff 7c ff 7b ff 7b ff 7a ff  ....~.}.|.{.{.z.
000161b0: 7a ff 79 ff 79 ff 78 ff 78 ff 78 ff 78 ff 78 ff  z.y.y.x.x.x.x.x.
000161c0: 78 ff 78 ff 78 ff 79 ff 79 ff 7a ff 7a ff 7b ff  x.x.x.y.y.z.z.{.
000161d0: 7c ff 7d ff 7e ff 7f ff 80 ff 81 ff 82 ff 84 ff  |.}.~...........
000161e0: 85 ff 87 ff 88 ff 8a ff 8b ff 8d ff 8f ff 91 ff  ................
000161f0: 93 ff 95 ff 97 ff 99 ff 9b ff 9d ff 9f ff a2 ff  ................
00016200: a4 ff a6 ff a9 ff ab ff ad ff b0 ff b2 ff b4 ff  ................
00016210: b7 ff b9 ff bc ff be ff c0 ff c3 ff c5 ff c8 ff  ................
00016220: ca ff cc ff cf ff d1 ff d3 ff d6 ff d8 ff da ff  ................
00016230: dd ff df ff e1 ff e3 ff e5 ff e7 ff e9 ff eb ff  ................
00016240: ed ff ef ff f0 ff f2 ff f4 ff f5 ff f7 ff f8 ff  ................
00016250: fa ff fb ff fc ff fd ff fe ff 00 00 00 00 01 00  ................
00016260: 02 00 03 00 04 00 04 00 05 00 06 00 07 00 07 00  ................
00016270: 08 00 09 00 0a 00 0c 00 0d 00 0f 00 10 00 12 00  ................
00016280: 14 00 16 00 17 00 19 00 1c 00 1e 00 20 00 22 00  ............ .".
00016290: 24 00 27 00 29 00 2b 00 2e 00 30 00 32 00 35 00  $.'.).+...0.2.5.
000162a0: 37 00 39 00 3c 00 3e 00 40 00 42 00 45 00 47 00  7.9.<.>.@.B.E.G.
000162b0: 49 00 4b 00 4d 00 4f 00 50 00 52 00 54 00 56 00  I.K.M.O.P.R.T.V.
000162c0: 57 00 59 00 5b 00 5c 00 5e 00 5f 00 60 00 62 00  W.Y.[.\.^._.`.b.
000162d0: 63 00 64 00 65 00 66 00 67 00 68 00 69 00 6a 00  c.d.e.f.g.h.i.j.
000162e0: 6b 00 6c 00 6d 00 6d 00 6e 00 6e 00 6f 00 70 00  k.l.m.m.n.n.o.p.
000162f0: 70 00 70 00 71 00 71 00 71 00 71 00 72 00 72 00  p.p.q.q.q.q.r.r.
00016300: 72 00 72 00 72 00 71 00 71 00 71 00 71 00 71 00  r.r.r.q.q.q.q.q.
00016310: 70 00 70 00 6f 00 6f 00 6e 00 6e 00 6d 00 6c 00  p.p.o.o.n.n.m.l.
00016320: 6c 00 6b 00 6a 00 69 00 69 00 68 00 67 00 66 00  l.k.j.i.i.h.g.f.
00016330: 65 00 64 00 63 00 62 00 61 00 60 00 5f 00 5d 00  e.d.c.b.a.`._.].
00016340: 5c 00 5b 00 5a 00 59 00 58 00 56 00 55 00 54 00  \.[.Z.Y.X.V.U.T.
00016350: 53 00 51 00 50 00 4f 00 4e 00 4c 00 4b 00 00 00  S.Q.P.O.N.L.K...
00016360: 28 00 50 00 74 00 80 00 88 00 b0 00 cc 00 ff 00  (.P.t...........
00016370: 00 00 00 00 00 00 00 00 00 00 00 00 00 00 00 00  ................
00016380: 38 00 54 00 76 00 80 00 8a 00 a6 00 d6 00 ff 00  8.T.v...........
00016390: 00 00 00 00 00 00 00 00 00 00 00 00 00 00 01 00  ................
000163a0: 04 00 01 00 03 00 02 00 01 00 18 00 00 00 01 00  ................
000163b0: 9c ff 9a ff 98 ff 96 ff 95 ff 93 ff 91 ff 8f ff  ................
000163c0: 8d ff 8b ff 89 ff 88 ff 86 ff 84 ff 82 ff 81 ff  ................
000163d0: 7f ff 7e ff 7c ff 7b ff 79 ff 78 ff 76 ff 75 ff  ..~.|.{.y.x.v.u.
000163e0: 74 ff 73 ff 71 ff 70 ff 6f ff 6e ff 6e ff 6d ff  t.s.q.p.o.n.n.m.
000163f0: 6c ff 6b ff 6b ff 6a ff 6a ff 6a ff 69 ff 69 ff  l.k.k.j.j.j.i.i.
00016400: 69 ff 69 ff 69 ff 6a ff 6a ff 6b ff 6b ff 6c ff  i.i.i.j.j.k.k.l.
00016410: 6d ff 6d ff 6e ff 6f ff 70 ff 72 ff 73 ff 74 ff  m.m.n.o.p.r.s.t.
00016420: 76 ff 77 ff 79 ff 7a ff 7c ff 7e ff 7f ff 81 ff  v.w.y.z.|.~.....
00016430: 83 ff 85 ff 87 ff 89 ff 8b ff 8d ff 8f ff 92 ff  ................
00016440: 94 ff 96 ff 98 ff 9b ff 9d ff 9f ff a2 ff a4 ff  ................
00016450: a6 ff a9 ff ab ff ae ff b0 ff b3 ff b5 ff b7 ff  ................
00016460: ba ff bc ff bf ff c1 ff c3 ff c6 ff c8 ff ca ff  ................
00016470: cd ff cf ff d1 ff d4 ff d6 ff d8 ff da ff dc ff  ................
00016480: de ff e0 ff e2 ff e4 ff e6 ff e8 ff ea ff ec ff  ................
00016490: ee ff ef ff f1 ff f2 ff f4 ff f6 ff f7 ff f8 ff  ................
000164a0: fa ff fb ff fc ff fd ff fe ff ff ff 00 00 01 00  ................
000164b0: 02 00 02 00 03 00 04 00 04 00 05 00 06 00 07 00  ................
000164c0: 07 00 08 00 09 00 0a 00 0c 00 0d 00 0e 00 10 00  ................
000164d0: 12 00 13 00 15 00 17 00 19 00 1b 00 1d 00 1f 00  ................
000164e0: 21 00 23 00 25 00 27 00 29 00 2c 00 2e 00 30 00  !.#.%.'.).,...0.
000164f0: 32 00 35 00 37 00 39 00 3b 00 3e 00 40 00 42 00  2.5.7.9.;.>.@.B.
00016500: 44 00 46 00 48 00 4a 00 4c 00 4e 00 4f 00 51 00  D.F.H.J.L.N.O.Q.
00016510: 53 00 54 00 56 00 57 00 59 00 5a 00 5b 00 5d 00  S.T.V.W.Y.Z.[.].
00016520: 5e 00 5f 00 60 00 61 00 62 00 63 00 64 00 65 00  ^._.`.a.b.c.d.e.
00016530: 65 00 66 00 67 00 67 00 68 00 69 00 69 00 69 00  e.f.g.g.h.i.i.i.
00016540: 6a 00 6a 00 6b 00 6b 00 6b 00 6b 00 6b 00 6c 00  j.j.k.k.k.k.k.l.
00016550: 6c 00 6c 00 6c 00 6c 00 6c 00 6c 00 6b 00 6b 00  l.l.l.l.l.l.k.k.
00016560: 6b 00 6b 00 6b 00 6a 00 6a 00 6a 00 69 00 69 00  k.k.k.j.j.j.i.i.
00016570: 69 00 68 00 68 00 67 00 67 00 66 00 66 00 65 00  i.h.h.g.g.f.f.e.
00016580: 65 00 64 00 63 00 63 00 62 00 61 00 61 00 60 00  e.d.c.c.b.a.a.`.
00016590: 5f 00 5f 00 5e 00 5d 00 5d 00 5c 00 5b 00 5a 00  _._.^.].].\.[.Z.
000165a0: 5a 00 59 00 58 00 57 00 56 00 56 00 55 00 54 00  Z.Y.X.W.V.V.U.T.
000165b0: 9b ff 99 ff 98 ff 96 ff 94 ff 93 ff 91 ff 8f ff  ................
000165c0: 8e ff 8c ff 8b ff 89 ff 88 ff 86 ff 85 ff 83 ff  ................
000165d0: 82 ff 81 ff 7f ff 7e ff 7d ff 7c ff 7b ff 7a ff  ......~.}.|.{.z.
000165e0: 79 ff 78 ff 77 ff 76 ff 75 ff 74 ff 74 ff 73 ff  y.x.w.v.u.t.t.s.
000165f0: 73 ff 72 ff 72 ff 71 ff 71 ff 71 ff 71 ff 71 ff  s.r.r.q.q.q.q.q.
00016600: 71 ff 71 ff 72 ff 72 ff 73 ff 73 ff 74 ff 75 ff  q.q.r.r.s.s.t.u.
00016610: 76 ff 77 ff 78 ff 79 ff 7a ff 7c ff 7d ff 7f ff  v.w.x.y.z.|.}...
00016620: 80 ff 82 ff 84 ff 86 ff 88 ff 8a ff 8c ff 8e ff  ................
00016630: 90 ff 92 ff 94 ff 97 ff 99 ff 9b ff 9d ff a0 ff  ................
00016640: a2 ff a4 ff a6 ff a9 ff ab ff ad ff af ff b1 ff  ................
00016650: b4 ff b6 ff b8 ff ba ff bc ff be ff c0 ff c2 ff  ................
00016660: c4 ff c6 ff c8 ff ca ff cc ff ce ff d0 ff d2 ff  ................
00016670: d3 ff d5 ff d7 ff d9 ff db ff dc ff de ff e0 ff  ................
00016680: e1 ff e3 ff e4 ff e6 ff e8 ff e9 ff ea ff ec ff  ................
00016690: ed ff ef ff f0 ff f1 ff f3 ff f4 ff f5 ff f7 ff  ................
000166a0: f8 ff f9 ff fa ff fb ff fc ff fd ff fe ff ff ff  ................
000166b0: 00 00 01 00 02 00 02 00 03 00 04 00 05 00 05 00  ................
000166c0: 06 00 07 00 08 00 09 00 0a 00 0b 00 0d 00 0e 00  ................
000166d0: 0f 00 11 00 12 00 14 00 15 00 17 00 19 00 1a 00  ................
000166e0: 1c 00 1e 00 20 00 22 00 24 00 26 00 28 00 2a 00  .... .".$.&.(.*.
000166f0: 2c 00 2e 00 30 00 32 00 34 00 36 00 38 00 3a 00  ,...0.2.4.6.8.:.
00016700: 3c 00 3e 00 40 00 42 00 44 00 46 00 48 00 4a 00  <.>.@.B.D.F.H.J.
00016710: 4c 00 4d 00 4f 00 51 00 53 00 54 00 56 00 58 00  L.M.O.Q.S.T.V.X.
00016720: 59 00 5a 00 5c 00 5d 00 5e 00 60 00 61 00 62 00  Y.Z.\.].^.`.a.b.
00016730: 63 00 64 00 65 00 65 00 66 00 67 00 67 00 68 00  c.d.e.e.f.g.g.h.
00016740: 69 00 69 00 6a 00 6a 00 6a 00 6b 00 6b 00 6b 00  i.i.j.j.j.k.k.k.
00016750: 6b 00 6b 00 6b 00 6b 00 6b 00 6b 00 6b 00 6b 00  k.k.k.k.k.k.k.k.
00016760: 6b 00 6b 00 6a 00 6a 00 6a 00 69 00 69 00 69 00  k.k.j.j.j.i.i.i.
00016770: 68 00 68 00 67 00 67 00 66 00 65 00 65 00 64 00  h.h.g.g.f.e.e.d.
00016780: 64 00 63 00 62 00 61 00 61 00 60 00 5f 00 5e 00  d.c.b.a.a.`._.^.
00016790: 5e 00 5d 00 5c 00 5b 00 5a 00 59 00 58 00 58 00  ^.].\.[.Z.Y.X.X.
000167a0: 57 00 56 00 55 00 54 00 53 00 52 00 51 00 50 00  W.V.U.T.S.R.Q.P.
000167b0: 00 00 2a 00 54 00 74 00 7e 00 8a 00 ac 00 ff 00  ..*.T.t.~.......
000167c0: 00 00 00 00 00 00 00 00 00 00 00 00 00 00 00 00  ................
000167d0: 00 00 30 00 4c 00 76 00 80 00 8a 00 ba 00 ff 00  ..0.L.v.........
000167e0: 00 00 00 00 00 00 00 00 00 00 00 00 00 00 00 00  ................
000167f0: 01 00 04 00 01 00 03 00 02 00 01 00 18 00 00 00  ................
00016800: 01 00 98 ff 96 ff 94 ff 92 ff 90 ff 8e ff 8c ff  ................
00016810: 8a ff 88 ff 86 ff 84 ff 82 ff 80 ff 7e ff 7c ff  ............~.|.
00016820: 7a ff 78 ff 77 ff 75 ff 73 ff 72 ff 70 ff 6f ff  z.x.w.u.s.r.p.o.
00016830: 6e ff 6c ff 6b ff 6a ff 69 ff 68 ff 67 ff 67 ff  n.l.k.j.i.h.g.g.
00016840: 66 ff 65 ff 65 ff 65 ff 64 ff 64 ff 64 ff 64 ff  f.e.e.e.d.d.d.d.
00016850: 65 ff 65 ff 65 ff 66 ff 67 ff 68 ff 69 ff 6a ff  e.e.e.f.g.h.i.j.
00016860: 6b ff 6c ff 6e ff 6f ff 71 ff 73 ff 75 ff 76 ff  k.l.n.o.q.s.u.v.
00016870: 78 ff 7a ff 7d ff 7f ff 81 ff 83 ff 85 ff 88 ff  x.z.}...........
00016880: 8a ff 8d ff 8f ff 92 ff 94 ff 97 ff 99 ff 9c ff  ................
00016890: 9e ff a1 ff a3 ff a6 ff a8 ff ab ff ad ff af ff  ................
000168a0: b2 ff b4 ff b6 ff b9 ff bb ff bd ff bf ff c1 ff  ................
000168b0: c4 ff c6 ff c8 ff ca ff cc ff ce ff d0 ff d1 ff  ................
000168c0: d3 ff d5 ff d7 ff d9 ff da ff dc ff de ff e0 ff  ................
000168d0: e1 ff e3 ff e4 ff e6 ff e7 ff e9 ff ea ff ec ff  ................
000168e0: ed ff ee ff f0 ff f1 ff f2 ff f4 ff f5 ff f6 ff  ................
000168f0: f7 ff f8 ff f9 ff fa ff fb ff fc ff fd ff fe ff  ................
00016900: ff ff 00 00 01 00 02 00 02 00 03 00 04 00 05 00  ................
00016910: 06 00 06 00 07 00 08 00 09 00 0a 00 0b 00 0b 00  ................
00016920: 0c 00 0d 00 0e 00 0f 00 10 00 11 00 12 00 13 00  ................
00016930: 14 00 15 00 16 00 18 00 19 00 1a 00 1b 00 1c 00  ................
00016940: 1e 00 1f 00 20 00 21 00 23 00 24 00 25 00 27 00  .... .!.#.$.%.'.
00016950: 28 00 29 00 2b 00 2c 00 2e 00 2f 00 31 00 32 00  (.).+.,.../.1.2.
00016960: 34 00 35 00 37 00 38 00 3a 00 3c 00 3d 00 3f 00  4.5.7.8.:.<.=.?.
00016970: 41 00 42 00 44 00 46 00 48 00 49 00 4b 00 4d 00  A.B.D.F.H.I.K.M.
00016980: 4f 00 51 00 53 00 54 00 56 00 58 00 5a 00 5c 00  O.Q.S.T.V.X.Z.\.
00016990: 5e 00 5f 00 61 00 63 00 65 00 66 00 68 00 69 00  ^._.a.c.e.f.h.i.
000169a0: 6b 00 6c 00 6e 00 6f 00 70 00 71 00 72 00 73 00  k.l.n.o.p.q.r.s.
000169b0: 74 00 75 00 76 00 76 00 77 00 77 00 77 00 77 00  t.u.v.v.w.w.w.w.
000169c0: 77 00 77 00 77 00 77 00 76 00 76 00 75 00 75 00  w.w.w.w.v.v.u.u.
000169d0: 74 00 73 00 73 00 72 00 71 00 70 00 6f 00 6d 00  t.s.s.r.q.p.o.m.
000169e0: 6c 00 6b 00 6a 00 68 00 67 00 66 00 64 00 63 00  l.k.j.h.g.f.d.c.
000169f0: 61 00 60 00 5e 00 5c 00 5b 00 59 00 58 00 56 00  a.`.^.\.[.Y.X.V.
00016a00: 54 00 9c ff 9a ff 98 ff 96 ff 94 ff 92 ff 90 ff  T...............
00016a10: 8e ff 8c ff 8a ff 88 ff 87 ff 85 ff 83 ff 81 ff  ................
00016a20: 7f ff 7d ff 7c ff 7a ff 78 ff 77 ff 75 ff 74 ff  ..}.|.z.x.w.u.t.
00016a30: 72 ff 71 ff 70 ff 6e ff 6d ff 6c ff 6b ff 6a ff  r.q.p.n.m.l.k.j.
00016a40: 69 ff 68 ff 67 ff 66 ff 66 ff 65 ff 65 ff 64 ff  i.h.g.f.f.e.e.d.
00016a50: 64 ff 64 ff 63 ff 63 ff 63 ff 63 ff 64 ff 64 ff  d.d.c.c.c.c.d.d.
00016a60: 64 ff 65 ff 66 ff 66 ff 67 ff 68 ff 6a ff 6b ff  d.e.f.f.g.h.j.k.
00016a70: 6c ff 6e ff 6f ff 71 ff 73 ff 75 ff 77 ff 79 ff  l.n.o.q.s.u.w.y.
00016a80: 7b ff 7e ff 80 ff 83 ff 85 ff 88 ff 8b ff 8d ff  {.~.............
00016a90: 90 ff 93 ff 96 ff 99 ff 9c ff 9f ff a2 ff a5 ff  ................
00016aa0: a8 ff ab ff ae ff b1 ff b4 ff b7 ff ba ff bc ff  ................
00016ab0: bf ff c2 ff c5 ff c7 ff ca ff cc ff cf ff d1 ff  ................
00016ac0: d4 ff d6 ff d8 ff da ff dc ff de ff e0 ff e2 ff  ................
00016ad0: e4 ff e6 ff e8 ff ea ff eb ff ed ff ee ff f0 ff  ................
00016ae0: f1 ff f2 ff f4 ff f5 ff f6 ff f7 ff f8 ff f9 ff  ................
00016af0: f9 ff fa ff fb ff fc ff fc ff fd ff fe ff fe ff  ................
00016b00: ff ff 00 00 00 00 01 00 02 00 03 00 04 00 05 00  ................
00016b10: 05 00 06 00 08 00 09 00 0a 00 0b 00 0c 00 0d 00  ................
00016b20: 0e 00 10 00 11 00 12 00 13 00 15 00 16 00 18 00  ................
00016b30: 19 00 1a 00 1c 00 1d 00 1f 00 20 00 22 00 23 00  .......... .".#.
00016b40: 25 00 27 00 28 00 2a 00 2b 00 2d 00 2f 00 30 00  %.'.(.*.+.-./.0.
00016b50: 32 00 34 00 36 00 37 00 39 00 3b 00 3d 00 3e 00  2.4.6.7.9.;.=.>.
00016b60: 40 00 42 00 44 00 46 00 47 00 49 00 4b 00 4d 00  @.B.D.F.G.I.K.M.
00016b70: 4f 00 50 00 52 00 54 00 56 00 57 00 59 00 5b 00  O.P.R.T.V.W.Y.[.
00016b80: 5c 00 5e 00 5f 00 61 00 62 00 64 00 65 00 66 00  \.^._.a.b.d.e.f.
00016b90: 68 00 69 00 6a 00 6b 00 6c 00 6d 00 6e 00 6f 00  h.i.j.k.l.m.n.o.
00016ba0: 70 00 71 00 71 00 72 00 73 00 73 00 73 00 74 00  p.q.q.r.s.s.s.t.
00016bb0: 74 00 74 00 74 00 74 00 74 00 74 00 74 00 74 00  t.t.t.t.t.t.t.t.
00016bc0: 74 00 73 00 73 00 72 00 72 00 71 00 71 00 70 00  t.s.s.r.r.q.q.p.
00016bd0: 70 00 6f 00 6e 00 6d 00 6c 00 6c 00 6b 00 6a 00  p.o.n.m.l.l.k.j.
00016be0: 69 00 68 00 67 00 66 00 65 00 64 00 63 00 61 00  i.h.g.f.e.d.c.a.
00016bf0: 60 00 5f 00 5e 00 5d 00 5c 00 5a 00 59 00 58 00  `._.^.].\.Z.Y.X.
00016c00: 56 00 00 00 28 00 4c 00 76 00 80 00 8a 00 bc 00  V...(.L.v.......
00016c10: da 00 ff 00 00 00 00 00 00 00 00 00 00 00 00 00  ................
00016c20: 00 00 00 00 38 00 56 00 74 00 80 00 8a 00 ac 00  ....8.V.t.......
00016c30: d2 00 ff 00 00 00 00 00 00 00 00 00 00 00 00 00  ................
00016c40: 00 00 01 00 04 00 01 00 03 00 02 00 01 00 18 00  ................
00016c50: 00 00 01 00 a4 ff a4 ff a4 ff a4 ff a4 ff a4 ff  ................
00016c60: a3 ff a3 ff a3 ff a3 ff a3 ff a3 ff a3 ff a3 ff  ................
00016c70: a3 ff a3 ff a3 ff a3 ff a3 ff a3 ff a3 ff a3 ff  ................
00016c80: a3 ff a3 ff a3 ff a3 ff a3 ff a3 ff a3 ff a3 ff  ................
00016c90: a4 ff a4 ff a4 ff a4 ff a5 ff a5 ff a5 ff a6 ff  ................
00016ca0: a6 ff a7 ff a7 ff a8 ff a8 ff a9 ff a9 ff aa ff  ................
00016cb0: ab ff ab ff ac ff ad ff ae ff af ff b0 ff b0 ff  ................
00016cc0: b1 ff b2 ff b3 ff b4 ff b6 ff b7 ff b8 ff b9 ff  ................
00016cd0: ba ff bb ff bc ff be ff bf ff c0 ff c1 ff c3 ff  ................
00016ce0: c4 ff c5 ff c7 ff c8 ff c9 ff cb ff cc ff cd ff  ................
00016cf0: cf ff d0 ff d2 ff d3 ff d4 ff d6 ff d7 ff d8 ff  ................
00016d00: da ff db ff dd ff de ff df ff e1 ff e2 ff e3 ff  ................
00016d10: e4 ff e6 ff e7 ff e8 ff e9 ff eb ff ec ff ed ff  ................
00016d20: ee ff ef ff f0 ff f1 ff f2 ff f3 ff f4 ff f5 ff  ................
00016d30: f6 ff f7 ff f7 ff f8 ff f9 ff fa ff fa ff fb ff  ................
00016d40: fc ff fc ff fd ff fe ff fe ff ff ff ff ff 00 00  ................
00016d50: 00 00 00 00 01 00 01 00 02 00 02 00 02 00 03 00  ................
00016d60: 03 00 03 00 04 00 04 00 04 00 05 00 05 00 05 00  ................
00016d70: 05 00 06 00 06 00 06 00 07 00 07 00 07 00 08 00  ................
00016d80: 08 00 08 00 09 00 09 00 09 00 0a 00 0a 00 0b 00  ................
00016d90: 0b 00 0b 00 0c 00 0c 00 0d 00 0d 00 0e 00 0e 00  ................
00016da0: 0f 00 0f 00 10 00 11 00 11 00 12 00 12 00 13 00  ................
00016db0: 13 00 14 00 14 00 15 00 15 00 16 00 17 00 17 00  ................
00016dc0: 18 00 18 00 19 00 19 00 1a 00 1a 00 1b 00 1b 00  ................
00016dd0: 1c 00 1c 00 1c 00 1d 00 1d 00 1e 00 1e 00 1e 00  ................
00016de0: 1f 00 1f 00 1f 00 20 00 20 00 20 00 21 00 21 00  ...... . . .!.!.
00016df0: 21 00 21 00 21 00 22 00 22 00 22 00 22 00 22 00  !.!.!.".".".".".
00016e00: 23 00 23 00 23 00 23 00 23 00 23 00 23 00 23 00  #.#.#.#.#.#.#.#.
00016e10: 23 00 24 00 24 00 24 00 24 00 24 00 24 00 24 00  #.$.$.$.$.$.$.$.
00016e20: 24 00 24 00 24 00 24 00 24 00 24 00 24 00 24 00  $.$.$.$.$.$.$.$.
00016e30: 24 00 24 00 24 00 24 00 24 00 24 00 24 00 24 00  $.$.$.$.$.$.$.$.
00016e40: 24 00 24 00 24 00 24 00 24 00 24 00 24 00 24 00  $.$.$.$.$.$.$.$.
00016e50: 24 00 24 00 00 00 00 00 00 00 00 00 00 00 00 00  $.$.............
00016e60: 00 00 00 00 00 00 00 00 00 00 00 00 00 00 00 00  ................
00016e70: 00 00 00 00 00 00 00 00 00 00 00 00 00 00 00 00  ................
00016e80: 00 00 00 00 00 00 00 00 00 00 00 00 00 00 00 00  ................
00016e90: 00 00 00 00 00 00 00 00 00 00 00 00 00 00 00 00  ................
00016ea0: 00 00 00 00 00 00 00 00 00 00 00 00 00 00 00 00  ................
00016eb0: 00 00 00 00 00 00 00 00 00 00 00 00 00 00 00 00  ................
00016ec0: 00 00 00 00 00 00 00 00 00 00 00 00 00 00 00 00  ................
00016ed0: 00 00 00 00 00 00 00 00 00 00 00 00 00 00 00 00  ................
00016ee0: 00 00 00 00 00 00 00 00 00 00 00 00 00 00 00 00  ................
00016ef0: 00 00 00 00 00 00 00 00 00 00 00 00 00 00 00 00  ................
00016f00: 00 00 00 00 00 00 00 00 00 00 00 00 00 00 00 00  ................
00016f10: 00 00 00 00 00 00 00 00 00 00 00 00 00 00 00 00  ................
00016f20: 00 00 00 00 00 00 00 00 00 00 00 00 00 00 00 00  ................
00016f30: 00 00 00 00 00 00 00 00 00 00 00 00 00 00 00 00  ................
00016f40: 00 00 00 00 00 00 00 00 00 00 00 00 00 00 00 00  ................
00016f50: 00 00 00 00 00 00 00 00 00 00 00 00 00 00 00 00  ................
00016f60: 00 00 00 00 00 00 00 00 00 00 00 00 00 00 00 00  ................
00016f70: 00 00 00 00 00 00 00 00 00 00 00 00 00 00 00 00  ................
00016f80: 00 00 00 00 00 00 00 00 00 00 00 00 00 00 00 00  ................
00016f90: 00 00 00 00 00 00 00 00 00 00 00 00 00 00 00 00  ................
00016fa0: 00 00 00 00 00 00 00 00 00 00 00 00 00 00 00 00  ................
00016fb0: 00 00 00 00 00 00 00 00 00 00 00 00 00 00 00 00  ................
00016fc0: 00 00 00 00 00 00 00 00 00 00 00 00 00 00 00 00  ................
00016fd0: 00 00 00 00 00 00 00 00 00 00 00 00 00 00 00 00  ................
00016fe0: 00 00 00 00 00 00 00 00 00 00 00 00 00 00 00 00  ................
00016ff0: 00 00 00 00 00 00 00 00 00 00 00 00 00 00 00 00  ................
00017000: 00 00 00 00 00 00 00 00 00 00 00 00 00 00 00 00  ................
00017010: 00 00 00 00 00 00 00 00 00 00 00 00 00 00 00 00  ................
00017020: 00 00 00 00 00 00 00 00 00 00 00 00 00 00 00 00  ................
00017030: 00 00 00 00 00 00 00 00 00 00 00 00 00 00 00 00  ................
00017040: 00 00 00 00 00 00 00 00 00 00 00 00 00 00 00 00  ................
00017050: 00 00 00 00 00 00 30 00 4c 00 6c 00 7e 00 9a 00  ......0.L.l.~...
00017060: c2 00 fe 00 ff 00 00 00 00 00 00 00 00 00 00 00  ................
00017070: 00 00 00 00 00 00 ff 00 00 00 00 00 00 00 00 00  ................
00017080: 00 00 00 00 00 00 00 00 00 00 00 00 00 00 00 00  ................
00017090: 00 00 00 00 01 00 04 00 01 00 03 00 02 00 01 00  ................
000170a0: 18 00 00 00 01 00 c0 ff c0 ff c0 ff c0 ff c0 ff  ................
000170b0: c0 ff c0 ff bf ff bf ff bf ff bf ff bf ff bf ff  ................
000170c0: bf ff bf ff bf ff bf ff bf ff bf ff bf ff bf ff  ................
000170d0: bf ff bf ff bf ff bf ff bf ff bf ff bf ff bf ff  ................
000170e0: bf ff bf ff bf ff bf ff bf ff bf ff c0 ff c0 ff  ................
000170f0: c0 ff c0 ff c0 ff c1 ff c1 ff c1 ff c1 ff c2 ff  ................
00017100: c2 ff c2 ff c3 ff c3 ff c4 ff c4 ff c5 ff c5 ff  ................
00017110: c6 ff c6 ff c7 ff c7 ff c8 ff c8 ff c9 ff ca ff  ................
00017120: ca ff cb ff cc ff cc ff cd ff ce ff ce ff cf ff  ................
00017130: d0 ff d1 ff d2 ff d2 ff d3 ff d4 ff d5 ff d6 ff  ................
00017140: d6 ff d7 ff d8 ff d9 ff da ff db ff dc ff dd ff  ................
00017150: dd ff de ff df ff e0 ff e1 ff e2 ff e3 ff e4 ff  ................
00017160: e5 ff e5 ff e6 ff e7 ff e8 ff e9 ff ea ff eb ff  ................
00017170: ec ff ec ff ed ff ee ff ef ff f0 ff f1 ff f1 ff  ................
00017180: f2 ff f3 ff f4 ff f4 ff f5 ff f6 ff f7 ff f7 ff  ................
00017190: f8 ff f9 ff f9 ff fa ff fb ff fb ff fc ff fd ff  ................
000171a0: fd ff fe ff fe ff ff ff ff ff 00 00 00 00 00 00  ................
000171b0: 01 00 01 00 02 00 02 00 02 00 03 00 03 00 04 00  ................
000171c0: 04 00 04 00 05 00 05 00 05 00 06 00 06 00 07 00  ................
000171d0: 07 00 08 00 08 00 08 00 09 00 09 00 0a 00 0a 00  ................
000171e0: 0b 00 0b 00 0c 00 0d 00 0d 00 0e 00 0e 00 0f 00  ................
000171f0: 0f 00 10 00 10 00 11 00 12 00 12 00 13 00 13 00  ................
00017200: 14 00 15 00 15 00 16 00 16 00 17 00 17 00 18 00  ................
00017210: 19 00 19 00 1a 00 1a 00 1b 00 1b 00 1c 00 1d 00  ................
00017220: 1d 00 1e 00 1e 00 1f 00 1f 00 20 00 20 00 21 00  .......... . .!.
00017230: 21 00 21 00 22 00 22 00 23 00 23 00 23 00 24 00  !.!.".".#.#.#.$.
00017240: 24 00 24 00 25 00 25 00 25 00 26 00 26 00 26 00  $.$.%.%.%.&.&.&.
00017250: 26 00 26 00 26 00 27 00 27 00 27 00 27 00 27 00  &.&.&.'.'.'.'.'.
00017260: 27 00 27 00 27 00 27 00 27 00 27 00 27 00 27 00  '.'.'.'.'.'.'.'.
00017270: 27 00 26 00 26 00 26 00 26 00 26 00 26 00 26 00  '.&.&.&.&.&.&.&.
00017280: 26 00 25 00 25 00 25 00 25 00 25 00 25 00 25 00  &.%.%.%.%.%.%.%.
00017290: 25 00 24 00 24 00 24 00 24 00 24 00 24 00 24 00  %.$.$.$.$.$.$.$.
000172a0: 24 00 24 00 24 00 00 00 00 00 00 00 00 00 00 00  $.$.$...........
000172b0: 00 00 00 00 00 00 00 00 00 00 00 00 00 00 00 00  ................
000172c0: 00 00 00 00 00 00 00 00 00 00 00 00 00 00 00 00  ................
000172d0: 00 00 00 00 00 00 00 00 00 00 00 00 00 00 00 00  ................
000172e0: 00 00 00 00 00 00 00 00 00 00 00 00 00 00 00 00  ................
000172f0: 00 00 00 00 00 00 00 00 00 00 00 00 00 00 00 00  ................
00017300: 00 00 00 00 00 00 00 00 00 00 00 00 00 00 00 00  ................
00017310: 00 00 00 00 00 00 00 00 00 00 00 00 00 00 00 00  ................
00017320: 00 00 00 00 00 00 00 00 00 00 00 00 00 00 00 00  ................
00017330: 00 00 00 00 00 00 00 00 00 00 00 00 00 00 00 00  ................
00017340: 00 00 00 00 00 00 00 00 00 00 00 00 00 00 00 00  ................
00017350: 00 00 00 00 00 00 00 00 00 00 00 00 00 00 00 00  ................
00017360: 00 00 00 00 00 00 00 00 00 00 00 00 00 00 00 00  ................
00017370: 00 00 00 00 00 00 00 00 00 00 00 00 00 00 00 00  ................
00017380: 00 00 00 00 00 00 00 00 00 00 00 00 00 00 00 00  ................
00017390: 00 00 00 00 00 00 00 00 00 00 00 00 00 00 00 00  ................
000173a0: 00 00 00 00 00 00 00 00 00 00 00 00 00 00 00 00  ................
000173b0: 00 00 00 00 00 00 00 00 00 00 00 00 00 00 00 00  ................
000173c0: 00 00 00 00 00 00 00 00 00 00 00 00 00 00 00 00  ................
000173d0: 00 00 00 00 00 00 00 00 00 00 00 00 00 00 00 00  ................
000173e0: 00 00 00 00 00 00 00 00 00 00 00 00 00 00 00 00  ................
000173f0: 00 00 00 00 00 00 00 00 00 00 00 00 00 00 00 00  ................
00017400: 00 00 00 00 00 00 00 00 00 00 00 00 00 00 00 00  ................
00017410: 00 00 00 00 00 00 00 00 00 00 00 00 00 00 00 00  ................
00017420: 00 00 00 00 00 00 00 00 00 00 00 00 00 00 00 00  ................
00017430: 00 00 00 00 00 00 00 00 00 00 00 00 00 00 00 00  ................
00017440: 00 00 00 00 00 00 00 00 00 00 00 00 00 00 00 00  ................
00017450: 00 00 00 00 00 00 00 00 00 00 00 00 00 00 00 00  ................
00017460: 00 00 00 00 00 00 00 00 00 00 00 00 00 00 00 00  ................
00017470: 00 00 00 00 00 00 00 00 00 00 00 00 00 00 00 00  ................
00017480: 00 00 00 00 00 00 00 00 00 00 00 00 00 00 00 00  ................
00017490: 00 00 00 00 00 00 00 00 00 00 00 00 00 00 00 00  ................
000174a0: 00 00 00 00 00 00 00 00 32 00 80 00 94 00 d8 00  ........2.......
000174b0: fe 00 ff 00 00 00 00 00 00 00 00 00 00 00 00 00  ................
000174c0: 00 00 00 00 00 00 00 00 ff 00 00 00 00 00 00 00  ................
000174d0: 00 00 00 00 00 00 00 00 00 00 00 00 00 00 00 00  ................
000174e0: 00 00 00 00 00 00 01 00 04 00 01 00 03 00 02 00  ................
000174f0: 01 00 18 00 01 00 01 00 00 00 ff ff fe ff fd ff  ................
00017500: fc ff fa ff f9 ff f8 ff f7 ff f6 ff f5 ff f3 ff  ................
00017510: f2 ff f1 ff f0 ff ef ff ee ff ed ff ec ff eb ff  ................
00017520: ea ff e9 ff e8 ff e7 ff e6 ff e5 ff e5 ff e4 ff  ................
00017530: e3 ff e2 ff e2 ff e1 ff e1 ff e0 ff df ff df ff  ................
00017540: df ff de ff de ff dd ff dd ff dd ff dd ff dd ff  ................
00017550: dd ff dd ff dd ff dd ff dd ff dd ff dd ff dd ff  ................
00017560: de ff de ff de ff de ff df ff df ff e0 ff e0 ff  ................
00017570: e1 ff e1 ff e2 ff e2 ff e3 ff e3 ff e4 ff e4 ff  ................
00017580: e5 ff e6 ff e6 ff e7 ff e8 ff e8 ff e9 ff ea ff  ................
00017590: ea ff eb ff ec ff ed ff ed ff ee ff ef ff f0 ff  ................
000175a0: f0 ff f1 ff f2 ff f2 ff f3 ff f4 ff f5 ff f5 ff  ................
000175b0: f6 ff f7 ff f7 ff f8 ff f8 ff f9 ff fa ff fa ff  ................
000175c0: fb ff fb ff fc ff fc ff fd ff fd ff fe ff fe ff  ................
000175d0: fe ff ff ff ff ff ff ff ff ff ff ff 00 00 00 00  ................
000175e0: 00 00 00 00 00 00 00 00 00 00 00 00 00 00 00 00  ................
000175f0: 00 00 00 00 00 00 ff ff ff ff ff ff ff ff ff ff  ................
00017600: ff ff ff ff ff ff ff ff ff ff ff ff ff ff ff ff  ................
00017610: ff ff 00 00 00 00 00 00 00 00 01 00 01 00 01 00  ................
00017620: 02 00 02 00 03 00 03 00 04 00 04 00 05 00 05 00  ................
00017630: 06 00 07 00 07 00 08 00 09 00 09 00 0a 00 0b 00  ................
00017640: 0b 00 0c 00 0d 00 0e 00 0e 00 0f 00 10 00 11 00  ................
00017650: 11 00 12 00 13 00 14 00 14 00 15 00 16 00 17 00  ................
00017660: 17 00 18 00 19 00 19 00 1a 00 1b 00 1b 00 1c 00  ................
00017670: 1d 00 1d 00 1e 00 1e 00 1f 00 20 00 20 00 20 00  .......... . . .
00017680: 21 00 21 00 22 00 22 00 22 00 23 00 23 00 23 00  !.!.".".".#.#.#.
00017690: 23 00 24 00 24 00 24 00 24 00 24 00 24 00 24 00  #.$.$.$.$.$.$.$.
000176a0: 24 00 23 00 23 00 23 00 23 00 22 00 22 00 22 00  $.#.#.#.#.".".".
000176b0: 21 00 21 00 20 00 20 00 1f 00 1e 00 1e 00 1d 00  !.!. . .........
000176c0: 1c 00 1b 00 1b 00 1a 00 19 00 18 00 17 00 16 00  ................
000176d0: 15 00 14 00 13 00 12 00 11 00 10 00 0f 00 0e 00  ................
000176e0: 0d 00 0c 00 0b 00 0a 00 09 00 07 00 06 00 05 00  ................
000176f0: 04 00 03 00 02 00 00 00 00 00 ff ff fe ff fc ff  ................
00017700: fb ff fa ff f8 ff f7 ff f6 ff f4 ff f3 ff f2 ff  ................
00017710: f1 ff ef ff ee ff ed ff ec ff eb ff e9 ff e8 ff  ................
00017720: e7 ff e6 ff e5 ff e4 ff e3 ff e2 ff e1 ff e0 ff  ................
00017730: df ff de ff dd ff dd ff dc ff db ff db ff da ff  ................
00017740: d9 ff d9 ff d8 ff d8 ff d8 ff d7 ff d7 ff d7 ff  ................
00017750: d6 ff d6 ff d6 ff d6 ff d6 ff d6 ff d6 ff d7 ff  ................
00017760: d7 ff d7 ff d7 ff d8 ff d8 ff d9 ff d9 ff d9 ff  ................
00017770: da ff db ff db ff dc ff dc ff dd ff de ff de ff  ................
00017780: df ff e0 ff e1 ff e1 ff e2 ff e3 ff e4 ff e5 ff  ................
00017790: e6 ff e6 ff e7 ff e8 ff e9 ff ea ff eb ff ec ff  ................
000177a0: ed ff ed ff ee ff ef ff f0 ff f1 ff f2 ff f3 ff  ................
000177b0: f3 ff f4 ff f5 ff f6 ff f7 ff f7 ff f8 ff f9 ff  ................
000177c0: f9 ff fa ff fb ff fb ff fc ff fc ff fd ff fd ff  ................
000177d0: fe ff fe ff ff ff ff ff ff ff ff ff 00 00 00 00  ................
000177e0: 00 00 00 00 00 00 00 00 00 00 00 00 00 00 00 00  ................
000177f0: 00 00 00 00 00 00 00 00 ff ff ff ff ff ff ff ff  ................
00017800: ff ff ff ff ff ff ff ff ff ff ff ff ff ff ff ff  ................
00017810: ff ff ff ff ff ff 00 00 00 00 01 00 01 00 02 00  ................
00017820: 02 00 03 00 03 00 04 00 05 00 06 00 06 00 07 00  ................
00017830: 08 00 09 00 0a 00 0b 00 0c 00 0d 00 0e 00 0f 00  ................
00017840: 10 00 11 00 12 00 13 00 15 00 16 00 17 00 18 00  ................
00017850: 19 00 1a 00 1b 00 1d 00 1e 00 1f 00 20 00 21 00  ............ .!.
00017860: 22 00 23 00 24 00 25 00 26 00 27 00 28 00 29 00  ".#.$.%.&.'.(.).
00017870: 2a 00 2b 00 2c 00 2d 00 2d 00 2e 00 2f 00 30 00  *.+.,.-.-.../.0.
00017880: 30 00 31 00 31 00 32 00 32 00 33 00 33 00 33 00  0.1.1.2.2.3.3.3.
00017890: 33 00 33 00 33 00 34 00 33 00 33 00 33 00 33 00  3.3.3.4.3.3.3.3.
000178a0: 33 00 32 00 32 00 31 00 31 00 30 00 30 00 2f 00  3.2.2.1.1.0.0./.
000178b0: 2e 00 2d 00 2d 00 2c 00 2b 00 2a 00 29 00 28 00  ..-.-.,.+.*.).(.
000178c0: 27 00 26 00 24 00 23 00 22 00 21 00 20 00 1e 00  '.&.$.#.".!. ...
000178d0: 1d 00 1c 00 1a 00 19 00 17 00 16 00 15 00 13 00  ................
000178e0: 12 00 10 00 0f 00 0d 00 0b 00 0a 00 08 00 07 00  ................
000178f0: 05 00 04 00 02 00 00 00 00 00 26 00 70 00 8c 00  ..........&.p...
00017900: d4 00 ff 00 00 00 00 00 00 00 00 00 00 00 00 00  ................
00017910: 00 00 00 00 00 00 00 00 00 00 2c 00 70 00 80 00  ..........,.p...
00017920: 8e 00 ce 00 ff 00 00 00 00 00 00 00 00 00 00 00  ................
00017930: 00 00 00 00 00 00 00 00 08 00 02 00 00 00 fe ff  ................
00017940: ff ff 00 00 08 00 ff ff ff ff 40 00 28 00 1e 00  ..........@.(...
00017950: 0a 00 b4 00 32 00 0c 00 ce 00 01 00 01 00 00 00  ....2...........
00017960: 0e 00 00 02 ff 03 00 00 00 00 40 00 40 00 40 00  ..........@.@.@.
00017970: 01 00 00 00 10 00 00 02 ff 03 00 00 00 00 40 00  ..............@.
00017980: 40 00 40 00 01 00 00 00 10 00 00 02 ff 03 00 00  @.@.............
00017990: 00 00 3c 00 3c 00 3c 00 01 00 00 00 10 00 00 02  ..<.<.<.........
000179a0: ff 03 00 00 00 00 3a 00 3a 00 3a 00 01 00 00 00  ......:.:.:.....
000179b0: 10 00 00 02 ff 03 00 00 00 00 36 00 36 00 36 00  ..........6.6.6.
000179c0: 01 00 00 00 10 00 00 02 ff 03 00 00 00 00 30 00  ..............0.
000179d0: 30 00 30 00 01 00 00 00 10 00 00 02 ff 03 00 00  0.0.............
000179e0: 00 00 30 00 30 00 30 00 01 00 00 00 2c 01 00 02  ..0.0.0.....,...
000179f0: ff 03 00 00 00 00 00 00 40 00 40 00 01 00 00 00  ........@.@.....
00017a00: 2c 01 00 02 ff 03 00 00 00 00 00 00 40 00 40 00  ,...........@.@.
00017a10: 01 00 00 00 2c 01 00 02 ff 03 00 00 00 00 00 00  ....,...........
00017a20: 40 00 40 00 0d 00 40 00 01 00 40 00 00 00 10 00  @.@...@...@.....
00017a30: 10 00 20 00 10 00 10 00 20 00 10 00 10 00 20 00  .. ..... ..... .
00017a40: 10 00 10 00 20 00 10 00 10 00 20 00 0a 00 10 00  .... ..... .....
00017a50: 20 00 0a 00 10 00 20 00 10 00 10 00 20 00 04 00   ..... ..... ...
00017a60: 01 00 20 00 0e 00 06 00 00 00 0f 00 0e 00 44 00  .. ...........D.
00017a70: fb ff 40 00 00 00 01 00 10 00 5c 10 00 00 01 00  ..@.......\.....
00017a80: 28 00 01 00 00 00 01 00 5a 00 01 00 01 00 01 00  (.......Z.......
00017a90: 5a 00 01 00 01 00 01 00 5a 00 01 00 01 00 01 00  Z.......Z.......
00017aa0: 46 00 01 00 01 00 01 00 3c 00 01 00 01 00 01 00  F.......<.......
00017ab0: 2d 00 01 00 01 00 01 00 28 00 01 00 01 00 01 00  -.......(.......
00017ac0: 5a 00 01 00 01 00 01 00 14 00 01 00 01 00 00 00  Z...............
00017ad0: 00 00 00 00 00 00 00 00 00 00 00 00 00 00 00 00  ................
00017ae0: 00 00 00 00 00 00 00 00 00 00 00 00 00 00 00 00  ................
00017af0: 00 00 00 00 00 00 00 00 00 00 00 00 00 00 00 00  ................
00017b00: 00 00 00 00 00 00 00 00 00 00 00 00 00 00 00 00  ................
00017b10: 00 00 00 00 00 00 00 00 00 00 00 00 00 00 00 00  ................
00017b20: 00 00 00 00 00 00 00 00 00 00 00 00 00 00 00 00  ................
00017b30: 00 00 00 00 00 00 00 00 00 00 00 00 00 00 00 00  ................
00017b40: 00 00 00 00 00 00 00 00 00 00 00 00 00 00 00 00  ................
00017b50: 00 00 00 00 00 00 00 00 00 00 00 00 00 00 00 00  ................
00017b60: 00 00 00 00 00 00 00 00 00 00 00 00 00 00 00 00  ................
00017b70: 00 00 00 00 00 00 00 00 00 00 00 00 00 00 00 00  ................
00017b80: 00 00 00 00 00 00 00 00 00 00 00 00 00 00 00 00  ................
00017b90: 00 00 00 00 00 00 00 00 00 00 00 00 00 00 00 00  ................
00017ba0: 00 00 00 00 00 00 00 00 00 00 00 00 00 00 00 00  ................
00017bb0: 00 00 00 00 00 00 00 00 00 00 00 00 00 00 00 00  ................
00017bc0: 00 00 00 00 00 00 00 00 00 00 00 00 00 00 00 00  ................
00017bd0: 00 00 00 00 00 00 00 00 00 00 00 00 00 00 00 00  ................
00017be0: 00 00 00 00 00 00 00 00 00 00 00 00 00 00 00 00  ................
00017bf0: 00 00 00 00 00 00 00 00 00 00 00 00 00 00 00 00  ................
00017c00: 00 00 00 00 00 00 00 00 00 00 00 00 00 00 00 00  ................
00017c10: 00 00 00 00 00 00 00 00 00 00 00 00 00 00 00 00  ................
00017c20: 00 00 00 00 00 00 00 00 00 00 00 00 00 00 00 00  ................
00017c30: 00 00 00 00 00 00 00 00 00 00 00 00 00 00 00 00  ................
00017c40: 00 00 00 00 00 00 00 00 00 00 00 00 00 00 00 00  ................
00017c50: 00 00 00 00 00 00 00 00 00 00 00 00 00 00 00 00  ................
00017c60: 00 00 00 00 00 00 00 00 00 00 00 00 00 00 00 00  ................
00017c70: 00 00 00 00 00 00 00 00 00 00 00 00 00 00 00 00  ................
00017c80: 00 00 00 00 00 00 00 00 00 00 00 00 00 00 00 00  ................
00017c90: 00 00 00 00 00 00 00 00 00 00 00 00 00 00 00 00  ................
00017ca0: 00 00 00 00 00 00 00 00 00 00 00 00 00 00 00 00  ................
00017cb0: 00 00 00 00 00 00 00 00 00 00 00 00 00 00 00 00  ................
00017cc0: 00 00 00 00 00 00 00 00 00 00 00 00 00 00 00 00  ................
00017cd0: 00 00 00 00 00 00 00 00 00 00 00 00 00 00 00 00  ................
00017ce0: 00 00 00 00 00 00 00 00 00 00 00 00 00 00 00 00  ................
00017cf0: 00 00 00 00 00 00 00 00 00 00 00 00 00 00 00 00  ................
00017d00: 00 00 00 00 00 00 00 00 00 00 00 00 00 00 00 00  ................
00017d10: 00 00 00 00 00 00 00 00 00 00 00 00 00 00 00 00  ................
00017d20: 00 00 00 00 00 00 00 00 00 00 00 00 00 00 00 00  ................
00017d30: 00 00 00 00 00 00 00 00 00 00 00 00 00 00 00 00  ................
00017d40: 00 00 00 00 00 00 00 00 00 00 00 00 00 00 00 00  ................
00017d50: 00 00 00 00 00 00 00 00 00 00 00 00 00 00 00 00  ................
00017d60: 00 00 00 00 00 00 00 00 00 00 00 00 00 00 00 00  ................
00017d70: 00 00 00 00 00 00 00 00 00 00 00 00 00 00 00 00  ................
00017d80: 00 00 00 00 00 00 00 00 00 00 00 00 00 00 00 00  ................
00017d90: 00 00 00 00 00 00 00 00 00 00 00 00 00 00 00 00  ................
00017da0: 00 00 00 00 00 00 00 00 00 00 00 00 00 00 00 00  ................
00017db0: 00 00 00 00 00 00 00 00 00 00 00 00 00 00 00 00  ................
00017dc0: 00 00 00 00 00 00 00 00 00 00 00 00 00 00 00 00  ................
00017dd0: 00 00 00 00 00 00 00 00 00 00 00 00 00 00 00 00  ................
00017de0: 00 00 00 00 00 00 00 00 00 00 00 00 00 00 00 00  ................
00017df0: 00 00 00 00 00 00 00 00 00 00 00 00 00 00 00 00  ................
00017e00: 00 00 00 00 00 00 00 00 00 00 00 00 00 00 00 00  ................
00017e10: 00 00 00 00 00 00 00 00 00 00 00 00 00 00 00 00  ................
00017e20: 00 00 00 00 00 00 00 00 00 00 00 00 00 00 00 00  ................
00017e30: 00 00 00 00 00 00 00 00 00 00 00 00 00 00 00 00  ................
00017e40: 00 00 00 00 00 00 00 00 00 00 00 00 00 00 00 00  ................
00017e50: 00 00 00 00 00 00 00 00 00 00 00 00 00 00 00 00  ................
00017e60: 00 00 00 00 00 00 00 00 00 00 00 00 00 00 00 00  ................
00017e70: 00 00 00 00 00 00 00 00 00 00 00 00 00 00 00 00  ................
00017e80: 00 00 00 00 00 00 00 00 00 00 00 00 00 00 00 00  ................
00017e90: 00 00 00 00 00 00 00 00 00 00 00 00 00 00 00 00  ................
00017ea0: 00 00 00 00 00 00 00 00 00 00 00 00 00 00 00 00  ................
00017eb0: 00 00 00 00 00 00 00 00 00 00 00 00 00 00 00 00  ................
00017ec0: 00 00 00 00 00 00 00 00 00 00 00 00 00 00 00 00  ................
00017ed0: 00 00 00 00 00 00 00 00 00 00 00 00 00 00 00 00  ................
00017ee0: 00 00 00 00 00 00 00 00 00 00 00 00 00 00 00 00  ................
00017ef0: 00 00 00 00 00 00 00 00 00 00 00 00 00 00 00 00  ................
00017f00: 00 00 00 00 00 00 00 00 00 00 00 00 00 00 00 00  ................
00017f10: 00 00 00 00 00 00 00 00 00 00 00 00 00 00 00 00  ................
00017f20: 00 00 00 00 00 00 00 00 00 00 00 00 00 00 00 00  ................
00017f30: 00 00 00 00 00 00 00 00 00 00 00 00 00 00 00 00  ................
00017f40: 00 00 00 00 00 00 00 00 00 00 00 00 00 00 00 00  ................
00017f50: 00 00 00 00 00 00 00 00 00 00 00 00 00 00 00 00  ................
00017f60: 00 00 00 00 00 00 00 00 00 00 00 00 00 00 00 00  ................
00017f70: 00 00 00 00 00 00 00 00 00 00 00 00 00 00 00 00  ................
00017f80: 00 00 00 00 00 00 00 00 00 00 00 00 00 00 00 00  ................
00017f90: 00 00 00 00 00 00 00 00 00 00 00 00 00 00 00 00  ................
00017fa0: 00 00 00 00 00 00 00 00 00 00 00 00 00 00 00 00  ................
00017fb0: 00 00 00 00 00 00 00 00 00 00 00 00 00 00 00 00  ................
00017fc0: 00 00 00 00 00 00 00 00 00 00 00 00 00 00 00 00  ................
00017fd0: 00 00 00 00 00 00 00 00 00 00 00 00 00 00 00 00  ................
00017fe0: 00 00 00 00 00 00 00 00 00 00 00 00 00 00 00 00  ................
00017ff0: 00 00 00 00 00 00 00 00 00 00 00 00 00 00 00 00  ................
00018000: 00 00 00 00 00 00 00 00 00 00 00 00 00 00 00 00  ................
00018010: 00 00 00 00 00 00 00 00 00 00 00 00 00 00 00 00  ................
00018020: 00 00 00 00 00 00 00 00 00 00 00 00 00 00 00 00  ................
00018030: 00 00 00 00 00 00 00 00 00 00 00 00 00 00 00 00  ................
00018040: 00 00 00 00 00 00 00 00 00 00 00 00 00 00 00 00  ................
00018050: 00 00 00 00 00 00 00 00 00 00 00 00 00 00 00 00  ................
00018060: 00 00 00 00 00 00 00 00 00 00 00 00 00 00 00 00  ................
00018070: 00 00 00 00 00 00 00 00 00 00 00 00 00 00 00 00  ................
00018080: 00 00 00 00 00 00 00 00 00 00 00 00 00 00 00 00  ................
00018090: 00 00 00 00 00 00 00 00 00 00 00 00 00 00 00 00  ................
000180a0: 00 00 00 00 00 00 00 00 00 00 00 00 00 00 00 00  ................
000180b0: 00 00 00 00 00 00 00 00 00 00 00 00 00 00 00 00  ................
000180c0: 00 00 00 00 00 00 00 00 00 00 00 00 00 00 00 00  ................
000180d0: 00 00 00 00 00 00 00 00 00 00 00 00 00 00 00 00  ................
000180e0: 00 00 00 00 00 00 00 00 00 00 00 00 00 00 00 00  ................
000180f0: 00 00 00 00 00 00 00 00 00 00 00 00 00 00 00 00  ................
00018100: 00 00 00 00 00 00 00 00 00 00 00 00 00 00 00 00  ................
00018110: 00 00 00 00 00 00 00 00 00 00 00 00 00 00 00 00  ................
00018120: 00 00 00 00 00 00 00 00 00 00 00 00 00 00 00 00  ................
00018130: 00 00 00 00 00 00 00 00 00 00 00 00 00 00 00 00  ................
00018140: 00 00 00 00 00 00 00 00 00 00 00 00 00 00 00 00  ................
00018150: 00 00 00 00 00 00 00 00 00 00 00 00 00 00 00 00  ................
00018160: 00 00 00 00 00 00 00 00 00 00 00 00 00 00 00 00  ................
00018170: 00 00 00 00 00 00 00 00 00 00 00 00 00 00 00 00  ................
00018180: 00 00 00 00 00 00 00 00 00 00 00 00 00 00 00 00  ................
00018190: 00 00 00 00 00 00 00 00 00 00 00 00 00 00 00 00  ................
000181a0: 00 00 00 00 00 00 00 00 00 00 00 00 00 00 00 00  ................
000181b0: 00 00 00 00 00 00 00 00 00 00 00 00 00 00 00 00  ................
000181c0: 00 00 00 00 00 00 00 00 00 00 00 00 00 00 00 00  ................
000181d0: 00 00 00 00 00 00 00 00 00 00 00 00 00 00 00 00  ................
000181e0: 00 00 00 00 00 00 00 00 00 00 00 00 00 00 00 00  ................
000181f0: 00 00 00 00 00 00 00 00 00 00 00 00 00 00 00 00  ................
00018200: 00 00 00 00 00 00 00 00 00 00 00 00 00 00 00 00  ................
00018210: 00 00 00 00 00 00 00 00 00 00 00 00 00 00 00 00  ................
00018220: 00 00 00 00 00 00 00 00 00 00 00 00 00 00 00 00  ................
00018230: 00 00 00 00 00 00 00 00 00 00 00 00 00 00 00 00  ................
00018240: 00 00 00 00 00 00 00 00 00 00 00 00 00 00 00 00  ................
00018250: 00 00 00 00 00 00 00 00 00 00 00 00 00 00 00 00  ................
00018260: 00 00 00 00 00 00 00 00 00 00 00 00 00 00 00 00  ................
00018270: 00 00 00 00 00 00 00 00 00 00 00 00 00 00 00 00  ................
00018280: 00 00 00 00 00 00 00 00 00 00 00 00 00 00 00 00  ................
00018290: 00 00 00 00 00 00 00 00 00 00 00 00 00 00 00 00  ................
000182a0: 00 00 00 00 00 00 00 00 00 00 00 00 00 00 00 00  ................
000182b0: 00 00 00 00 00 00 00 00 00 00 00 00 00 00 00 00  ................
000182c0: 00 00 00 00 00 00 00 00 00 00 00 00 00 00 00 00  ................
000182d0: 00 00 00 00 00 00 00 00 00 00 00 00 00 00 00 00  ................
000182e0: 00 00 00 00 00 00 00 00 00 00 00 00 00 00 00 00  ................
000182f0: 00 00 00 00 00 00 00 00 00 00 00 00 00 00 00 00  ................
00018300: 00 00 00 00 00 00 00 00 00 00 00 00 00 00 00 00  ................
00018310: 00 00 00 00 00 00 00 00 00 00 00 00 00 00 00 00  ................
00018320: 00 00 00 00 00 00 00 00 00 00 00 00 00 00 00 00  ................
00018330: 00 00 00 00 00 00 00 00 00 00 00 00 00 00 00 00  ................
00018340: 00 00 00 00 00 00 00 00 00 00 00 00 00 00 00 00  ................
00018350: 00 00 00 00 00 00 00 00 00 00 00 00 00 00 00 00  ................
00018360: 00 00 00 00 00 00 00 00 00 00 00 00 00 00 00 00  ................
00018370: 00 00 00 00 00 00 00 00 00 00 00 00 00 00 00 00  ................
00018380: 00 00 00 00 00 00 00 00 00 00 00 00 00 00 00 00  ................
00018390: 00 00 00 00 00 00 00 00 00 00 00 00 00 00 00 00  ................
000183a0: 00 00 00 00 00 00 00 00 00 00 00 00 00 00 00 00  ................
000183b0: 00 00 00 00 00 00 00 00 00 00 00 00 00 00 00 00  ................
000183c0: 00 00 00 00 00 00 00 00 00 00 00 00 00 00 00 00  ................
000183d0: 00 00 00 00 00 00 00 00 00 00 00 00 00 00 00 00  ................
000183e0: 00 00 00 00 00 00 00 00 00 00 00 00 00 00 00 00  ................
000183f0: 00 00 00 00 00 00 00 00 00 00 00 00 00 00 00 00  ................
00018400: 00 00 00 00 00 00 00 00 00 00 00 00 00 00 00 00  ................
00018410: 00 00 00 00 00 00 00 00 00 00 00 00 00 00 00 00  ................
00018420: 00 00 00 00 00 00 00 00 00 00 00 00 00 00 00 00  ................
00018430: 00 00 00 00 00 00 00 00 00 00 00 00 00 00 00 00  ................
00018440: 00 00 00 00 00 00 00 00 00 00 00 00 00 00 00 00  ................
00018450: 00 00 00 00 00 00 00 00 00 00 00 00 00 00 00 00  ................
00018460: 00 00 00 00 00 00 00 00 00 00 00 00 00 00 00 00  ................
00018470: 00 00 00 00 00 00 00 00 00 00 00 00 00 00 00 00  ................
00018480: 00 00 00 00 00 00 00 00 00 00 00 00 00 00 00 00  ................
00018490: 00 00 00 00 00 00 00 00 00 00 00 00 00 00 00 00  ................
000184a0: 00 00 00 00 00 00 00 00 00 00 00 00 00 00 00 00  ................
000184b0: 00 00 00 00 00 00 00 00 00 00 00 00 00 00 00 00  ................
000184c0: 00 00 00 00 00 00 00 00 00 00 00 00 00 00 00 00  ................
000184d0: 00 00 00 00 00 00 00 00 00 00 00 00 00 00 00 00  ................
000184e0: 00 00 00 00 00 00 00 00 00 00 00 00 00 00 00 00  ................
000184f0: 00 00 00 00 00 00 00 00 00 00 00 00 00 00 00 00  ................
00018500: 00 00 00 00 00 00 00 00 00 00 00 00 00 00 00 00  ................
00018510: 00 00 00 00 00 00 00 00 00 00 00 00 00 00 00 00  ................
00018520: 00 00 00 00 00 00 00 00 00 00 00 00 00 00 00 00  ................
00018530: 00 00 00 00 00 00 00 00 00 00 00 00 00 00 00 00  ................
00018540: 00 00 00 00 00 00 00 00 00 00 00 00 00 00 00 00  ................
00018550: 00 00 00 00 00 00 00 00 00 00 00 00 00 00 00 00  ................
00018560: 00 00 00 00 00 00 00 00 00 00 00 00 00 00 00 00  ................
00018570: 00 00 00 00 00 00 00 00 00 00 00 00 00 00 00 00  ................
00018580: 00 00 00 00 00 00 00 00 00 00 00 00 00 00 00 00  ................
00018590: 00 00 00 00 00 00 00 00 00 00 00 00 00 00 00 00  ................
000185a0: 00 00 00 00 00 00 00 00 00 00 00 00 00 00 00 00  ................
000185b0: 00 00 00 00 00 00 00 00 00 00 00 00 00 00 00 00  ................
000185c0: 00 00 00 00 00 00 00 00 00 00 00 00 00 00 00 00  ................
000185d0: 00 00 00 00 00 00 00 00 00 00 00 00 00 00 00 00  ................
000185e0: 00 00 00 00 00 00 00 00 00 00 00 00 00 00 00 00  ................
000185f0: 00 00 00 00 00 00 00 00 00 00 00 00 00 00 00 00  ................
00018600: 00 00 00 00 00 00 00 00 00 00 00 00 00 00 00 00  ................
00018610: 00 00 00 00 00 00 00 00 00 00 00 00 00 00 00 00  ................
00018620: 00 00 00 00 00 00 00 00 00 00 00 00 00 00 00 00  ................
00018630: 00 00 00 00 00 00 00 00 00 00 00 00 00 00 00 00  ................
00018640: 00 00 00 00 00 00 00 00 00 00 00 00 00 00 00 00  ................
00018650: 00 00 00 00 00 00 00 00 00 00 00 00 00 00 00 00  ................
00018660: 00 00 00 00 00 00 00 00 00 00 00 00 00 00 00 00  ................
00018670: 00 00 00 00 00 00 00 00 00 00 00 00 00 00 00 00  ................
00018680: 00 00 00 00 00 00 00 00 00 00 00 00 00 00 00 00  ................
00018690: 00 00 00 00 00 00 00 00 00 00 00 00 00 00 00 00  ................
000186a0: 00 00 00 00 00 00 00 00 00 00 00 00 00 00 00 00  ................
000186b0: 00 00 00 00 00 00 00 00 00 00 00 00 00 00 00 00  ................
000186c0: 00 00 00 00 00 00 00 00 00 00 00 00 00 00 00 00  ................
000186d0: 00 00 00 00 00 00 00 00 00 00 00 00 00 00 00 00  ................
000186e0: 00 00 00 00 00 00 00 00 00 00 00 00 00 00 00 00  ................
000186f0: 00 00 00 00 00 00 00 00 00 00 00 00 00 00 00 00  ................
00018700: 00 00 00 00 00 00 00 00 00 00 00 00 00 00 00 00  ................
00018710: 00 00 00 00 00 00 00 00 00 00 00 00 00 00 00 00  ................
00018720: 00 00 00 00 00 00 00 00 00 00 00 00 00 00 00 00  ................
00018730: 00 00 00 00 00 00 00 00 00 00 00 00 00 00 00 00  ................
00018740: 00 00 00 00 00 00 00 00 00 00 00 00 00 00 00 00  ................
00018750: 00 00 00 00 00 00 00 00 00 00 00 00 00 00 00 00  ................
00018760: 00 00 00 00 00 00 00 00 00 00 00 00 00 00 00 00  ................
00018770: 00 00 00 00 00 00 00 00 00 00 00 00 00 00 00 00  ................
00018780: 00 00 00 00 00 00 00 00 00 00 00 00 00 00 00 00  ................
00018790: 00 00 00 00 00 00 00 00 00 00 00 00 00 00 00 00  ................
000187a0: 00 00 00 00 00 00 00 00 00 00 00 00 00 00 00 00  ................
000187b0: 00 00 00 00 00 00 00 00 00 00 00 00 00 00 00 00  ................
000187c0: 00 00 00 00 00 00 00 00 00 00 00 00 00 00 00 00  ................
000187d0: 00 00 00 00 00 00 00 00 00 00 00 00 00 00 00 00  ................
000187e0: 00 00 00 00 00 00 00 00 00 00 00 00 00 00 00 00  ................
000187f0: 00 00 00 00 00 00 00 00 00 00 00 00 00 00 00 00  ................
00018800: 00 00 00 00 00 00 00 00 00 00 00 00 00 00 00 00  ................
00018810: 00 00 00 00 00 00 00 00 00 00 00 00 00 00 00 00  ................
00018820: 00 00 00 00 00 00 00 00 00 00 00 00 00 00 00 00  ................
00018830: 00 00 00 00 00 00 00 00 00 00 00 00 00 00 00 00  ................
00018840: 00 00 00 00 00 00 00 00 00 00 00 00 00 00 00 00  ................
00018850: 00 00 00 00 00 00 00 00 00 00 00 00 00 00 00 00  ................
00018860: 00 00 00 00 00 00 00 00 00 00 00 00 00 00 00 00  ................
00018870: 00 00 00 00 00 00 00 00 00 00 00 00 00 00 00 00  ................
00018880: 00 00 00 00 00 00 00 00 00 00 00 00 00 00 00 00  ................
00018890: 00 00 00 00 00 00 00 00 00 00 00 00 00 00 00 00  ................
000188a0: 00 00 00 00 00 00 00 00 00 00 00 00 00 00 00 00  ................
000188b0: 00 00 00 00 00 00 00 00 00 00 00 00 00 00 00 00  ................
000188c0: 00 00 00 00 00 00 00 00 00 00 00 00 00 00 00 00  ................
000188d0: 00 00 00 00 00 00 00 00 00 00 00 00 00 00 00 00  ................
000188e0: 00 00 00 00 00 00 00 00 00 00 00 00 00 00 00 00  ................
000188f0: 00 00 00 00 00 00 00 00 00 00 00 00 00 00 00 00  ................
00018900: 00 00 00 00 00 00 00 00 00 00 00 00 00 00 00 00  ................
00018910: 00 00 00 00 00 00 00 00 00 00 00 00 00 00 00 00  ................
00018920: 00 00 00 00 00 00 00 00 00 00 00 00 00 00 00 00  ................
00018930: 00 00 00 00 00 00 00 00 00 00 00 00 00 00 00 00  ................
00018940: 00 00 00 00 00 00 00 00 00 00 00 00 00 00 00 00  ................
00018950: 00 00 00 00 00 00 00 00 00 00 00 00 00 00 00 00  ................
00018960: 00 00 00 00 00 00 00 00 00 00 00 00 00 00 00 00  ................
00018970: 00 00 00 00 00 00 00 00 00 00 00 00 00 00 00 00  ................
00018980: 00 00 00 00 00 00 00 00 00 00 00 00 00 00 00 00  ................
00018990: 00 00 00 00 00 00 00 00 00 00 00 00 00 00 00 00  ................
000189a0: 00 00 00 00 00 00 00 00 00 00 00 00 00 00 00 00  ................
000189b0: 00 00 00 00 00 00 00 00 00 00 00 00 00 00 00 00  ................
000189c0: 00 00 00 00 00 00 00 00 00 00 00 00 00 00 00 00  ................
000189d0: 00 00 00 00 00 00 00 00 00 00 00 00 00 00 00 00  ................
000189e0: 00 00 00 00 00 00 00 00 00 00 00 00 00 00 00 00  ................
000189f0: 00 00 00 00 00 00 00 00 00 00 00 00 00 00 00 00  ................
00018a00: 00 00 00 00 00 00 00 00 00 00 00 00 00 00 00 00  ................
00018a10: 00 00 00 00 00 00 00 00 00 00 00 00 00 00 00 00  ................
00018a20: 00 00 00 00 00 00 00 00 00 00 00 00 00 00 00 00  ................
00018a30: 00 00 00 00 00 00 00 00 00 00 00 00 00 00 00 00  ................
00018a40: 00 00 00 00 00 00 00 00 00 00 00 00 00 00 00 00  ................
00018a50: 00 00 00 00 00 00 00 00 00 00 00 00 00 00 00 00  ................
00018a60: 00 00 00 00 00 00 00 00 00 00 00 00 00 00 00 00  ................
00018a70: 00 00 00 00 00 00 00 00 00 00 00 00 00 00 00 00  ................
00018a80: 00 00 00 00 00 00 00 00 00 00 00 00 00 00 00 00  ................
00018a90: 00 00 00 00 00 00 00 00 00 00 00 00 00 00 00 00  ................
00018aa0: 00 00 00 00 00 00 00 00 00 00 00 00 00 00 00 00  ................
00018ab0: 00 00 00 00 00 00 00 00 00 00 00 00 00 00 00 00  ................
00018ac0: 00 00 00 00 00 00 00 00 00 00 00 00 00 00 00 00  ................
00018ad0: 00 00 00 00 11 00 04 01 00 00 00 00 00 00 00 00  ................
00018ae0: 00 00 00 00 00 00 00 00 00 00 00 00 00 00 00 00  ................
00018af0: 00 00 00 00 00 00 00 00 00 00 00 00 00 00 00 00  ................
00018b00: 09 00 09 00 09 00 09 00 09 00 09 00 09 00 09 00  ................
00018b10: 00 00 00 00 00 00 00 00 00 00 00 00 00 00 0c 00  ................
00018b20: 0c 00 0c 00 0c 00 0c 00 0c 00 0c 00 0c 00 0c 00  ................
00018b30: 0c 00 00 00 00 00 00 00 00 00 00 00 0c 00 0f 00  ................
00018b40: 0f 00 0f 00 0f 00 0f 00 0f 00 0f 00 0f 00 0f 00  ................
00018b50: 0f 00 0c 00 00 00 00 00 00 00 00 00 0c 00 0f 00  ................
00018b60: 0f 00 0f 00 0f 00 0f 00 0f 00 0f 00 0f 00 0f 00  ................
00018b70: 0f 00 0c 00 00 00 00 00 00 00 00 00 00 00 0c 00  ................
00018b80: 0c 00 0c 00 0c 00 0c 00 0c 00 0c 00 0c 00 0c 00  ................
00018b90: 0c 00 00 00 00 00 00 00 00 00 00 00 00 00 00 00  ................
00018ba0: 09 00 09 00 09 00 09 00 09 00 09 00 09 00 09 00  ................
00018bb0: 00 00 00 00 00 00 00 00 00 00 00 00 00 00 00 00  ................
00018bc0: 00 00 00 00 00 00 00 00 00 00 00 00 00 00 00 00  ................
00018bd0: 00 00 00 00 00 00 00 00 12 00 2e 00 00 00 ff 04  ................
00018be0: 00 00 cf 02 00 00 00 00 00 00 00 00 00 00 00 00  ................
00018bf0: 00 00 00 00 00 00 00 00 00 00 00 00 00 00 00 00  ................
00018c00: 00 00 00 00 40 00 13 00 10 02 01 00 b6 01 00 01  ....@...........
00018c10: 8a 01 ff ff 00 00 00 00 0f 00 08 00 05 00 04 00  ................
00018c20: 03 00 02 00 02 00 01 00 01 00 01 00 01 00 01 00  ................
00018c30: 01 00 01 00 01 00 01 00 14 00 c8 00 00 00 32 00  ..............2.
00018c40: 47 00 58 00 5f 00 65 00 41 00 4e 00 5c 00 60 00  G.X._.e.A.N.\.`.
00018c50: 6a 00 70 00 5f 00 52 00 48 00 43 00 66 00 54 00  j.p._.R.H.C.f.T.
00018c60: 4b 00 47 00 1a 00 4f 00 73 00 79 00 95 00 a5 00  K.G...O.s.y.....
00018c70: 51 00 6d 00 86 00 98 00 90 00 b6 00 94 00 71 00  Q.m...........q.
00018c80: 5d 00 56 00 8e 00 7c 00 67 00 59 00 26 00 6d 00  ].V...|.g.Y.&.m.
00018c90: 49 00 33 00 23 00 1b 00 5a 00 40 00 2a 00 21 00  I.3.#...Z.@.*.!.
00018ca0: 25 00 c3 00 66 00 45 00 35 00 32 00 77 00 53 00  %...f.E.5.2.w.S.
00018cb0: 3d 00 33 00 34 00 0a 00 30 75 02 00 00 00 01 00  =.3.4...0u......
00018cc0: 02 00 03 00 03 00 00 00 01 00 02 00 03 00 03 00  ................
00018cd0: 00 00 01 00 00 00 00 04 00 00 00 01 00 00 00 04  ................
00018ce0: 00 00 00 01 00 00 00 04 00 00 00 01 00 00 00 01  ................
00018cf0: 00 00 00 01 00 00 00 04 00 00 00 01 00 00 00 04  ................
00018d00: 00 00 00 01 00 00 00 04 00 00 00 01 00 00 00 01  ................
00018d10: 00 00 00 01 00 00 00 04 00 00 00 01 00 00 00 04  ................
00018d20: 00 00 00 01 00 00 00 04 00 00 00 01 00 00 00 01  ................
00018d30: 00 00 13 01 00 00 00 04 00 00 00 01 00 00 00 04  ................
00018d40: 00 00 00 01 00 00 00 04 00 00 00 01 00 00 00 01  ................
00018d50: 00 00 13 01 00 00 00 04 00 00 00 01 00 00 00 04  ................
00018d60: 00 00 00 01 00 00 00 04 00 00 00 01 00 00 00 01  ................
00018d70: 00 00 00 01 00 00 00 04 00 00 00 01 00 00 00 04  ................
00018d80: 00 00 00 01 00 00 00 04 00 00 00 01 00 00 00 01  ................
00018d90: 00 00 00 01 00 00 00 04 00 00 00 01 00 00 00 04  ................
00018da0: 00 00 00 01 00 00 00 04 00 00 00 01 00 00 00 01  ................
00018db0: 00 00 00 01 00 00 00 04 00 00 00 01 00 00 00 04  ................
00018dc0: 00 00 00 01 00 00 00 04 00 00 00 01 00 00 00 01  ................
00018dd0: 00 00 00 01 00 00 00 04 00 00 00 01 00 00 00 04  ................
00018de0: 00 00 00 01 00 00 00 04 00 00 00 01 00 00 00 01  ................
00018df0: 00 00 00 01 00 00 00 04 00 00 00 01 00 00 00 04  ................
00018e00: 00 00 00 01 00 00 00 04 00 00 00 01 00 00 00 01  ................
00018e10: 00 00 00 01 00 00 14 00 f0 00 01 00 00 00 00 00  ................
00018e20: 01 00 0a 00 00 00 b4 0b 00 00 14 00 00 00 0a 00  ................
00018e30: 00 00 b4 0b 00 00 08 00 00 00 b4 0b 00 00 01 00  ................
00018e40: 00 00 00 01 00 00 00 01 00 00 00 01 00 00 00 01  ................
00018e50: 00 00 b8 1a 00 00 00 01 00 00 01 00 00 00 06 00  ................
00018e60: 00 00 37 00 00 00 00 00 00 00 01 00 00 00 01 00  ..7.............
00018e70: 00 00 02 00 00 00 02 00 00 00 04 00 00 00 04 00  ................
00018e80: 00 00 08 00 00 00 08 00 00 00 10 00 00 00 10 00  ................
00018e90: 00 00 20 00 00 00 20 00 00 00 40 00 00 00 40 00  .. ... ...@...@.
00018ea0: 00 00 00 02 00 00 00 02 00 00 00 04 00 00 00 00  ................
00018eb0: 00 00 00 00 00 00 02 00 00 00 02 00 00 00 02 00  ................
00018ec0: 00 00 02 00 00 00 02 00 00 00 02 00 00 00 02 00  ................
00018ed0: 00 00 02 00 00 00 02 00 00 00 02 00 00 00 03 00  ................
00018ee0: 00 00 03 00 00 00 04 00 00 00 05 00 00 00 06 00  ................
00018ef0: 00 00 07 00 00 00 00 00 00 00 08 00 00 00 0a 00  ................
00018f00: 00 00 05 00 00 00 15 00 1e 00 00 00 01 00 00 00  ................
00018f10: 00 00 05 00 02 00 00 00 34 17 9c 06 01 00 0a 00  ........4.......
00018f20: 00 00 00 00 16 00 32 01 00 00 08 00 10 00 18 00  ......2.........
00018f30: 20 00 28 00 30 00 38 00 40 00 48 00 50 00 58 00   .(.0.8.@.H.P.X.
00018f40: 60 00 68 00 70 00 78 00 80 00 88 00 90 00 98 00  `.h.p.x.........
00018f50: a0 00 a8 00 b0 00 b8 00 c0 00 c8 00 d0 00 d8 00  ................
00018f60: e0 00 e8 00 f0 00 f8 00 00 01 08 01 10 01 18 01  ................
00018f70: 20 01 28 01 30 01 38 01 40 01 48 01 50 01 58 01   .(.0.8.@.H.P.X.
00018f80: 60 01 68 01 70 01 78 01 80 01 88 01 90 01 98 01  `.h.p.x.........
00018f90: a0 01 a8 01 b0 01 b8 01 c0 01 c8 01 d0 01 d8 01  ................
00018fa0: e0 01 e8 01 f0 01 f8 01 00 02 08 02 10 02 18 02  ................
00018fb0: 20 02 28 02 30 02 38 02 40 02 48 02 50 02 58 02   .(.0.8.@.H.P.X.
00018fc0: 60 02 68 02 70 02 78 02 80 02 88 02 90 02 98 02  `.h.p.x.........
00018fd0: a0 02 a8 02 b0 02 b8 02 c0 02 c8 02 d0 02 d8 02  ................
00018fe0: e0 02 e8 02 f0 02 f8 02 00 03 08 03 10 03 18 03  ................
00018ff0: 20 03 28 03 30 03 38 03 40 03 48 03 50 03 58 03   .(.0.8.@.H.P.X.
00019000: 60 03 68 03 70 03 78 03 80 03 88 03 90 03 98 03  `.h.p.x.........
00019010: a0 03 a8 03 b0 03 b8 03 c0 03 c8 03 d0 03 d8 03  ................
00019020: e0 03 e8 03 f0 03 f8 03 ff 03 00 00 10 00 20 00  .............. .
00019030: 30 00 40 00 50 00 60 00 70 00 00 00 00 00 00 00  0.@.P.`.p.......
00019040: 00 00 00 00 00 00 00 00 00 00 00 00 00 00 00 00  ................
00019050: 00 00 00 00 00 00 17 00 e4 03 00 00 00 00 00 00  ................
00019060: 00 00 00 00 00 00 00 00 00 00 00 00 00 00 00 00  ................
00019070: 00 00 00 00 00 00 00 00 00 00 00 00 00 00 00 00  ................
00019080: 00 00 00 00 00 00 00 00 00 00 00 00 00 00 00 00  ................
00019090: 00 00 00 00 00 00 00 00 00 00 00 00 00 00 00 00  ................
000190a0: 00 00 00 00 00 00 00 00 00 00 00 00 00 00 00 00  ................
000190b0: 00 00 00 00 00 00 00 00 00 00 00 00 00 00 00 00  ................
000190c0: 00 00 00 00 00 00 00 00 00 00 00 00 00 00 00 00  ................
000190d0: 00 00 00 00 00 00 00 00 00 00 00 00 00 00 00 00  ................
000190e0: 00 00 00 00 00 00 00 00 00 00 00 00 00 00 00 00  ................
000190f0: 00 00 00 00 00 00 00 00 00 00 00 00 00 00 00 00  ................
00019100: 00 00 00 00 00 00 00 00 00 00 00 00 00 00 00 00  ................
00019110: 00 00 00 00 00 00 00 00 00 00 00 00 00 00 00 00  ................
00019120: 00 00 00 00 00 00 00 00 00 00 00 00 00 00 00 00  ................
00019130: 00 00 00 00 00 00 00 00 00 00 00 00 00 00 00 00  ................
00019140: 00 00 00 00 00 00 00 00 00 00 00 00 00 00 00 00  ................
00019150: 00 00 00 00 00 00 00 00 00 00 00 00 00 00 00 00  ................
00019160: 00 00 00 00 00 00 00 00 00 00 00 00 00 00 00 00  ................
00019170: 00 00 00 00 00 00 00 00 00 00 00 00 00 00 00 00  ................
00019180: 00 00 00 00 00 00 00 00 00 00 00 00 00 00 00 00  ................
00019190: 00 00 00 00 00 00 00 00 00 00 00 00 00 00 00 00  ................
000191a0: 00 00 00 00 00 00 00 00 00 00 00 00 00 00 00 00  ................
000191b0: 00 00 00 00 00 00 00 00 00 00 00 00 00 00 00 00  ................
000191c0: 00 00 00 00 00 00 00 00 00 00 00 00 00 00 00 00  ................
000191d0: 00 00 00 00 00 00 00 00 00 00 00 00 00 00 00 00  ................
000191e0: 00 00 00 00 00 00 00 00 00 00 00 00 00 00 00 00  ................
000191f0: 00 00 00 00 00 00 00 00 00 00 00 00 00 00 00 00  ................
00019200: 00 00 00 00 00 00 00 00 00 00 00 00 00 00 00 00  ................
00019210: 00 00 00 00 00 00 00 00 00 00 00 00 00 00 00 00  ................
00019220: 00 00 00 00 00 00 00 00 00 00 00 00 00 00 00 00  ................
00019230: 00 00 00 00 00 00 00 00 00 00 00 00 00 00 00 00  ................
00019240: 00 00 00 00 00 00 00 00 00 00 00 00 00 00 00 00  ................
00019250: 00 00 00 00 00 00 00 00 00 00 00 00 00 00 00 00  ................
00019260: 00 00 00 00 00 00 00 00 00 00 00 00 00 00 00 00  ................
00019270: 00 00 00 00 00 00 00 00 00 00 00 00 00 00 00 00  ................
00019280: 00 00 00 00 00 00 00 00 00 00 00 00 00 00 00 00  ................
00019290: 00 00 00 00 00 00 00 00 00 00 00 00 00 00 00 00  ................
000192a0: 00 00 00 00 00 00 00 00 00 00 00 00 00 00 00 00  ................
000192b0: 00 00 00 00 00 00 00 00 00 00 00 00 00 00 00 00  ................
000192c0: 00 00 00 00 00 00 00 00 00 00 00 00 00 00 00 00  ................
000192d0: 00 00 00 00 00 00 00 00 00 00 00 00 00 00 00 00  ................
000192e0: 00 00 00 00 00 00 00 00 00 00 00 00 00 00 00 00  ................
000192f0: 00 00 00 00 00 00 00 00 00 00 00 00 00 00 00 00  ................
00019300: 00 00 00 00 00 00 00 00 00 00 00 00 00 00 00 00  ................
00019310: 00 00 00 00 00 00 00 00 00 00 00 00 00 00 00 00  ................
00019320: 00 00 00 00 00 00 00 00 00 00 00 00 00 00 00 00  ................
00019330: 00 00 00 00 00 00 00 00 00 00 00 00 00 00 00 00  ................
00019340: 00 00 00 00 00 00 00 00 00 00 00 00 00 00 00 00  ................
00019350: 00 00 00 00 00 00 00 00 00 00 00 00 00 00 00 00  ................
00019360: 00 00 00 00 00 00 00 00 00 00 00 00 00 00 00 00  ................
00019370: 00 00 00 00 00 00 00 00 00 00 00 00 00 00 00 00  ................
00019380: 00 00 00 00 00 00 00 00 00 00 00 00 00 00 00 00  ................
00019390: 00 00 00 00 00 00 00 00 00 00 00 00 00 00 00 00  ................
000193a0: 00 00 00 00 00 00 00 00 00 00 00 00 00 00 00 00  ................
000193b0: 00 00 00 00 00 00 00 00 00 00 00 00 00 00 00 00  ................
000193c0: 00 00 00 00 00 00 00 00 00 00 00 00 00 00 00 00  ................
000193d0: 00 00 00 00 00 00 00 00 00 00 00 00 00 00 00 00  ................
000193e0: 00 00 00 00 00 00 00 00 00 00 00 00 00 00 00 00  ................
000193f0: 00 00 00 00 00 00 00 00 00 00 00 00 00 00 00 00  ................
00019400: 00 00 00 00 00 00 00 00 00 00 00 00 00 00 00 00  ................
00019410: 00 00 00 00 00 00 00 00 00 00 00 00 00 00 00 00  ................
00019420: 00 00 00 00 00 00 00 00 00 00 00 00 00 00 00 00  ................
00019430: 00 00 00 00 00 00 00 00 00 00 1c 00 28 01 00 30  ............(..0
00019440: 01 00 03 30 01 00 00 34 53 00 16 34 00 00 08 3d  ...0...4S..4...=
00019450: 00 00 00 50 09 00 03 3e 03 00 28 39 00 00 30 36  ...P...>..(9..06
00019460: 58 00 12 36 00 00 32 36 41 00 35 36 04 00 00 35  X..6..26A.56...5
00019470: 10 00 31 36 80 00 20 36 44 00 33 36 7c 00 80 37  ..16.. 6D.36|..7
00019480: 0b 00 00 33 33 00 01 33 38 00 02 33 30 00 03 33  ...33..38..30..3
00019490: 66 00 04 33 a0 00 05 33 72 00 1e 33 56 00 1e 32  f..3...3r..3V..2
000194a0: 00 00 1f 32 0a 00 16 32 0a 00 15 31 0a 00 32 33  ...2...2...1..23
000194b0: 38 00 54 50 82 00 22 36 26 00 07 39 02 00 08 39  8.TP.."6&..9...9
000194c0: 00 00 01 36 18 00 15 33 44 00 08 33 40 00 23 32  ...6...3D..3@.#2
000194d0: 22 00 0e 3e 50 00 01 31 9b 00 14 31 03 00 15 31  "..>P..1...1...1
000194e0: d1 00 11 32 60 00 80 57 ff 00 81 57 7f 00 85 57  ...2`..W...W...W
000194f0: ff 00 00 50 00 00 0f 3e 10 00 31 36 82 00 10 30  ...P...>..16...0
00019500: 07 00 11 30 46 00 04 30 04 00 10 36 2b 00 0c 32  ...0F..0...6+..2
00019510: 08 00 0d 32 85 00 0e 32 03 00 0f 32 e8 00 10 32  ...2...2...2...2
00019520: 00 00 11 32 60 00 12 32 00 00 13 32 09 00 08 32  ...2`..2...2...2
00019530: 05 00 09 32 00 00 0a 32 03 00 0b 32 c0 00 02 32  ...2...2...2...2
00019540: 00 00 03 32 08 00 06 32 03 00 07 32 cf 00 30 33  ...2...2...2..03
00019550: 0d 00 20 33 06 00 21 33 e8 00 22 33 01 00 23 33  .. 3..!3.."3..#3
00019560: c0 00 00 36 54 00                                ...6T.
