00000000: 03 00 00 00 33 2e 30 30 32 5f 68 73 5f 31 30 2e  ....3.002_hs_10.
00000010: 31 36 00 00 5c 24 01 00 e3 07 0a 10 0f 0d 32 00  16..\$........2.
00000020: 00 00 00 00 f2 87 00 00 00 00 00 00 00 00 00 00  ................
00000030: 00 00 00 00 00 00 00 00 00 00 00 00 00 00 00 00  ................
00000040: 00 00 00 00 00 00 00 00 00 00 00 00 00 00 00 00  ................
00000050: 00 00 00 00 00 00 00 00 00 00 00 00 00 00 00 00  ................
00000060: 00 00 00 00 00 00 00 00 00 00 00 00 00 00 00 00  ................
00000070: 00 00 00 00 00 00 00 00 00 00 00 00 00 00 00 00  ................
00000080: 31 30 2e 33 31 20 b5 e3 c1 c1 b0 e6 b1 be 0d 0a  10.31 ..........
00000090: 31 32 2e 31 32 20 d0 de b8 c4 c7 fd b6 af b3 cc  12.12 ..........
000000a0: d0 f2 a3 ac b8 fc d0 c2 d7 ee d0 c2 bc c4 b4 e6  ................
000000b0: c6 f7 c5 e4 d6 c3 0d 0a 31 2e 31 38 20 63 68 61  ........1.18 cha
000000c0: 6e 67 65 20 41 57 42 5c 63 63 6d 5c 77 64 72 3b  nge AWB\ccm\wdr;
000000d0: 0d 0a 31 30 2e 31 36 20 75 70 64 61 74 65 20 73  ..10.16 update s
000000e0: 65 6e 73 6f 72 49 44 00 00 00 00 00 00 00 00 00  ensorID.........
000000f0: 00 00 00 00 00 00 00 00 00 00 00 00 00 00 00 00  ................
00000100: 00 00 00 00 00 00 00 00 00 00 00 00 00 00 00 00  ................
00000110: 00 00 00 00 00 00 00 00 00 00 00 00 00 00 00 00  ................
00000120: 00 00 00 00 00 00 00 00 00 00 00 00 00 00 00 00  ................
00000130: 00 00 00 00 00 00 00 00 00 00 00 00 00 00 00 00  ................
00000140: 00 00 00 00 00 00 00 00 00 00 00 00 00 00 00 00  ................
00000150: 00 00 00 00 00 00 00 00 00 00 00 00 00 00 00 00  ................
00000160: 00 00 00 00 00 00 00 00 00 00 00 00 00 00 00 00  ................
00000170: 00 00 00 00 00 00 00 00 00 00 00 00 00 00 00 00  ................
00000180: 00 00 00 00 00 00 00 00 00 00 00 00 00 00 00 00  ................
00000190: 00 00 00 00 00 00 00 00 00 00 00 00 00 00 00 00  ................
000001a0: 00 00 00 00 00 00 00 00 00 00 00 00 00 00 00 00  ................
000001b0: 00 00 00 00 00 00 00 00 00 00 00 00 00 00 00 00  ................
000001c0: 00 00 00 00 00 00 00 00 00 00 00 00 00 00 00 00  ................
000001d0: 00 00 00 00 00 00 00 00 00 00 00 00 00 00 00 00  ................
000001e0: 00 00 00 00 00 00 00 00 00 00 00 00 00 00 00 00  ................
000001f0: 00 00 00 00 00 00 00 00 00 00 00 00 00 00 00 00  ................
00000200: 00 00 ba 00 00 00 01 00 40 00 40 00 40 00 40 00  ........@.@.@.@.
00000210: c4 ff c4 ff c4 ff c4 ff 01 00 42 00 42 00 42 00  ..........B.B.B.
00000220: 42 00 d8 ff d8 ff d8 ff d8 ff 01 00 42 00 42 00  B...........B.B.
00000230: 42 00 42 00 d8 ff d8 ff d8 ff d8 ff 01 00 42 00  B.B...........B.
00000240: 42 00 42 00 42 00 d8 ff d8 ff d8 ff d8 ff 01 00  B.B.B...........
00000250: 42 00 42 00 42 00 42 00 d8 ff d8 ff d8 ff d8 ff  B.B.B.B.........
00000260: 01 00 42 00 42 00 42 00 42 00 d8 ff d8 ff d8 ff  ..B.B.B.B.......
00000270: d8 ff 01 00 42 00 42 00 42 00 42 00 00 00 00 00  ....B.B.B.B.....
00000280: 00 00 00 00 01 00 42 00 42 00 42 00 42 00 00 00  ......B.B.B.B...
00000290: 00 00 00 00 00 00 01 00 42 00 42 00 42 00 42 00  ........B.B.B.B.
000002a0: d8 ff d8 ff d8 ff d8 ff 01 00 42 00 42 00 42 00  ..........B.B.B.
000002b0: 42 00 d8 ff d8 ff d8 ff d8 ff 01 00 c0 00 01 00  B...............
000002c0: 80 02 68 01 0a 00 04 00 03 00 00 00 00 00 00 00  ..h.............
000002d0: 00 00 00 00 00 00 00 00 00 00 ff 00 ff 00 00 00  ................
000002e0: 00 00 00 00 00 00 00 00 00 00 00 00 00 00 04 00  ................
000002f0: 03 00 00 00 00 00 00 00 00 00 00 00 00 00 00 00  ................
00000300: 00 00 ff 00 ff 00 00 00 00 00 00 00 00 00 00 00  ................
00000310: 00 00 00 00 00 00 04 00 03 00 00 00 00 00 00 00  ................
00000320: 00 00 00 00 00 00 00 00 00 00 ff 00 ff 00 00 00  ................
00000330: 00 00 00 00 00 00 00 00 00 00 00 00 00 00 04 00  ................
00000340: 03 00 00 00 00 00 00 00 00 00 00 00 00 00 00 00  ................
00000350: 00 00 ff 00 ff 00 00 00 00 00 00 00 00 00 00 00  ................
00000360: 00 00 00 00 00 00 1c 02 1c 02 1c 02 1c 02 1c 02  ................
00000370: 1c 02 1c 02 1c 02 1c 02 1c 02 02 00 6c 03 00 00  ............l...
00000380: 08 00 10 00 18 00 20 00 28 00 30 00 38 00 40 00  ...... .(.0.8.@.
00000390: 48 00 50 00 58 00 60 00 68 00 70 00 78 00 80 00  H.P.X.`.h.p.x...
000003a0: 88 00 90 00 98 00 a0 00 a8 00 b0 00 b8 00 c0 00  ................
000003b0: c8 00 d0 00 d8 00 e0 00 e8 00 f0 00 f8 00 00 01  ................
000003c0: 08 01 10 01 18 01 20 01 28 01 30 01 38 01 40 01  ...... .(.0.8.@.
000003d0: 48 01 50 01 58 01 60 01 68 01 70 01 78 01 80 01  H.P.X.`.h.p.x...
000003e0: 88 01 90 01 98 01 a0 01 a8 01 b0 01 b8 01 c0 01  ................
000003f0: c8 01 d0 01 d8 01 e0 01 e8 01 f0 01 f8 01 00 02  ................
00000400: 08 02 10 02 18 02 20 02 28 02 30 02 38 02 40 02  ...... .(.0.8.@.
00000410: 48 02 50 02 58 02 60 02 68 02 70 02 78 02 80 02  H.P.X.`.h.p.x...
00000420: 88 02 90 02 98 02 a0 02 a8 02 b0 02 b8 02 c0 02  ................
00000430: c8 02 d0 02 d8 02 e0 02 e8 02 f0 02 f8 02 00 03  ................
00000440: 08 03 10 03 18 03 20 03 28 03 30 03 38 03 40 03  ...... .(.0.8.@.
00000450: 48 03 50 03 58 03 60 03 68 03 70 03 78 03 80 03  H.P.X.`.h.p.x...
00000460: 88 03 90 03 98 03 a0 03 a8 03 b0 03 b8 03 c0 03  ................
00000470: c8 03 d0 03 d8 03 e0 03 e8 03 f0 03 f8 03 ff 03  ................
00000480: 00 00 08 00 10 00 18 00 20 00 28 00 30 00 38 00  ........ .(.0.8.
00000490: 40 00 48 00 50 00 58 00 60 00 68 00 70 00 78 00  @.H.P.X.`.h.p.x.
000004a0: 80 00 88 00 90 00 98 00 a0 00 a8 00 b0 00 b8 00  ................
000004b0: c0 00 c8 00 d0 00 d8 00 e0 00 e8 00 f0 00 f8 00  ................
000004c0: 00 01 08 01 10 01 18 01 20 01 28 01 30 01 38 01  ........ .(.0.8.
000004d0: 40 01 48 01 50 01 58 01 60 01 68 01 70 01 78 01  @.H.P.X.`.h.p.x.
000004e0: 80 01 88 01 90 01 98 01 a0 01 a8 01 b0 01 b8 01  ................
000004f0: c0 01 c8 01 d0 01 d8 01 e0 01 e8 01 f0 01 f8 01  ................
00000500: 00 02 08 02 10 02 18 02 20 02 28 02 30 02 38 02  ........ .(.0.8.
00000510: 40 02 48 02 50 02 58 02 60 02 68 02 70 02 78 02  @.H.P.X.`.h.p.x.
00000520: 80 02 88 02 90 02 98 02 a0 02 a8 02 b0 02 b8 02  ................
00000530: c0 02 c8 02 d0 02 d8 02 e0 02 e8 02 f0 02 f8 02  ................
00000540: 00 03 08 03 10 03 18 03 20 03 28 03 30 03 38 03  ........ .(.0.8.
00000550: 40 03 48 03 50 03 58 03 60 03 68 03 70 03 78 03  @.H.P.X.`.h.p.x.
00000560: 80 03 88 03 90 03 98 03 a0 03 a8 03 b0 03 b8 03  ................
00000570: c0 03 c8 03 d0 03 d8 03 e0 03 e8 03 f0 03 f8 03  ................
00000580: ff 03 00 00 08 00 10 00 18 00 20 00 28 00 30 00  .......... .(.0.
00000590: 38 00 40 00 48 00 50 00 58 00 60 00 68 00 70 00  8.@.H.P.X.`.h.p.
000005a0: 78 00 80 00 88 00 90 00 98 00 a0 00 a8 00 b0 00  x...............
000005b0: b8 00 c0 00 c8 00 d0 00 d8 00 e0 00 e8 00 f0 00  ................
000005c0: f8 00 00 01 08 01 10 01 18 01 20 01 28 01 30 01  .......... .(.0.
000005d0: 38 01 40 01 48 01 50 01 58 01 60 01 68 01 70 01  8.@.H.P.X.`.h.p.
000005e0: 78 01 80 01 88 01 90 01 98 01 a0 01 a8 01 b0 01  x...............
000005f0: b8 01 c0 01 c8 01 d0 01 d8 01 e0 01 e8 01 f0 01  ................
00000600: f8 01 00 02 08 02 10 02 18 02 20 02 28 02 30 02  .......... .(.0.
00000610: 38 02 40 02 48 02 50 02 58 02 60 02 68 02 70 02  8.@.H.P.X.`.h.p.
00000620: 78 02 80 02 88 02 90 02 98 02 a0 02 a8 02 b0 02  x...............
00000630: b8 02 c0 02 c8 02 d0 02 d8 02 e0 02 e8 02 f0 02  ................
00000640: f8 02 00 03 08 03 10 03 18 03 20 03 28 03 30 03  .......... .(.0.
00000650: 38 03 40 03 48 03 50 03 58 03 60 03 68 03 70 03  8.@.H.P.X.`.h.p.
00000660: 78 03 80 03 88 03 90 03 98 03 a0 03 a8 03 b0 03  x...............
00000670: b8 03 c0 03 c8 03 d0 03 d8 03 e0 03 e8 03 f0 03  ................
00000680: f8 03 ff 03 00 00 31 00 80 00 00 00 00 00 00 00  ......1.........
00000690: 00 00 00 00 00 00 00 00 00 00 00 00 00 00 00 00  ................
000006a0: 00 00 00 00 00 00 31 00 80 00 00 00 00 00 00 00  ......1.........
000006b0: 00 00 00 00 00 00 00 00 00 00 00 00 00 00 00 00  ................
000006c0: 00 00 00 00 00 00 31 00 80 00 00 00 00 00 00 00  ......1.........
000006d0: 00 00 00 00 00 00 00 00 00 00 00 00 00 00 00 00  ................
000006e0: 00 00 00 00 01 00 03 00 dc 08 01 00 00 00 ff 03  ................
000006f0: 84 03 65 02 43 01 84 00 29 00 0a 00 01 00 00 00  ..e.C...).......
00000700: 00 00 00 00 00 00 00 00 00 00 00 00 00 00 00 00  ................
00000710: ff 03 84 03 65 02 43 01 84 00 29 00 0a 00 01 00  ....e.C...).....
00000720: 00 00 00 00 00 00 00 00 00 00 00 00 00 00 00 00  ................
00000730: 00 00 ff 03 84 03 65 02 43 01 84 00 29 00 0a 00  ......e.C...)...
00000740: 01 00 00 00 00 00 00 00 00 00 00 00 00 00 00 00  ................
00000750: 00 00 00 00 05 00 00 00 40 00 80 00 c0 00 00 01  ........@.......
00000760: 40 01 80 01 c0 01 00 02 40 02 80 02 c0 02 00 03  @.......@.......
00000770: 40 03 80 03 c0 03 ff 03 00 00 02 00 04 00 06 00  @...............
00000780: 08 00 0a 00 0c 00 0e 00 00 00 00 00 00 00 00 00  ................
00000790: 00 00 00 00 00 00 00 00 d0 07 d0 07 d0 07 01 00  ................
000007a0: ff 03 00 00 00 00 00 00 00 00 00 00 00 00 00 00  ................
000007b0: 00 00 00 00 00 00 00 00 00 00 00 00 00 00 00 00  ................
000007c0: 00 00 ff 03 00 00 00 00 00 00 00 00 00 00 00 00  ................
000007d0: 00 00 00 00 00 00 00 00 00 00 00 00 00 00 00 00  ................
000007e0: 00 00 00 00 ff 03 00 00 00 00 00 00 00 00 00 00  ................
000007f0: 00 00 00 00 00 00 00 00 00 00 00 00 00 00 00 00  ................
00000800: 00 00 00 00 00 00 06 00 00 00 69 00 cf 00 32 01  ..........i...2.
00000810: 8f 01 e6 01 34 02 79 02 b8 02 ef 02 21 03 4e 03  ....4.y.....!.N.
00000820: 76 03 9b 03 be 03 df 03 ff 03 00 00 05 00 10 00  v...............
00000830: 00 00 00 00 00 00 00 00 00 00 00 00 00 00 00 00  ................
00000840: 00 00 00 00 00 00 00 00 00 00 14 00 14 00 14 00  ................
00000850: 01 00 ff 03 4f 00 00 00 00 00 00 00 00 00 00 00  ....O...........
00000860: 00 00 00 00 00 00 00 00 00 00 00 00 00 00 00 00  ................
00000870: 00 00 00 00 ff 03 4f 00 00 00 00 00 00 00 00 00  ......O.........
00000880: 00 00 00 00 00 00 00 00 00 00 00 00 00 00 00 00  ................
00000890: 00 00 00 00 00 00 ff 03 4f 00 00 00 00 00 00 00  ........O.......
000008a0: 00 00 00 00 00 00 00 00 00 00 00 00 00 00 00 00  ................
000008b0: 00 00 00 00 00 00 00 00 06 00 00 00 b0 00 40 01  ..............@.
000008c0: b1 01 0c 02 58 02 98 02 ce 02 fc 02 24 03 47 03  ....X.......$.G.
000008d0: 68 03 87 03 a6 03 c4 03 e2 03 ff 03 00 00 01 00  h...............
000008e0: 04 00 0b 00 10 00 00 00 00 00 00 00 00 00 00 00  ................
000008f0: 00 00 00 00 00 00 00 00 00 00 00 00 64 00 64 00  ............d.d.
00000900: 64 00 01 00 ff 03 1c 01 06 00 00 00 00 00 00 00  d...............
00000910: 00 00 00 00 00 00 00 00 00 00 00 00 00 00 00 00  ................
00000920: 00 00 00 00 00 00 ff 03 1c 01 06 00 00 00 00 00  ................
00000930: 00 00 00 00 00 00 00 00 00 00 00 00 00 00 00 00  ................
00000940: 00 00 00 00 00 00 00 00 ff 03 1c 01 06 00 00 00  ................
00000950: 00 00 00 00 00 00 00 00 00 00 00 00 00 00 00 00  ................
00000960: 00 00 00 00 00 00 00 00 00 00 05 00 00 00 88 00  ................
00000970: fd 00 5e 01 b0 01 f9 01 39 02 73 02 a7 02 d7 02  ..^.....9.s.....
00000980: 04 03 2e 03 58 03 81 03 ab 03 d5 03 ff 03 00 00  ....X...........
00000990: 01 00 04 00 0c 00 10 00 00 00 00 00 00 00 00 00  ................
000009a0: 00 00 00 00 00 00 00 00 00 00 00 00 00 00 c8 00  ................
000009b0: c8 00 c8 00 01 00 ff 03 b4 01 21 00 00 00 00 00  ..........!.....
000009c0: 00 00 00 00 00 00 00 00 00 00 00 00 00 00 00 00  ................
000009d0: 00 00 00 00 00 00 00 00 ff 03 b4 01 21 00 00 00  ............!...
000009e0: 00 00 00 00 00 00 00 00 00 00 00 00 00 00 00 00  ................
000009f0: 00 00 00 00 00 00 00 00 00 00 ff 03 b4 01 21 00  ..............!.
00000a00: 00 00 00 00 00 00 00 00 00 00 00 00 00 00 00 00  ................
00000a10: 00 00 00 00 00 00 00 00 00 00 00 00 04 00 00 00  ................
00000a20: 24 00 52 00 88 00 c7 00 0a 01 50 01 98 01 df 01  $.R.......P.....
00000a30: 25 02 6a 02 af 02 f3 02 36 03 7a 03 bd 03 ff 03  %.j.....6.z.....
00000a40: 00 00 01 00 07 00 10 00 00 00 00 00 00 00 00 00  ................
00000a50: 00 00 00 00 00 00 00 00 00 00 00 00 00 00 00 00  ................
00000a60: 2c 01 2c 01 2c 01 01 00 ff 03 1b 02 4f 00 03 00  ,.,.,.......O...
00000a70: 00 00 00 00 00 00 00 00 00 00 00 00 00 00 00 00  ................
00000a80: 00 00 00 00 00 00 00 00 00 00 ff 03 1b 02 4f 00  ..............O.
00000a90: 03 00 00 00 00 00 00 00 00 00 00 00 00 00 00 00  ................
00000aa0: 00 00 00 00 00 00 00 00 00 00 00 00 ff 03 1b 02  ................
00000ab0: 4f 00 03 00 00 00 00 00 00 00 00 00 00 00 00 00  O...............
00000ac0: 00 00 00 00 00 00 00 00 00 00 00 00 00 00 04 00  ................
00000ad0: 00 00 17 00 34 00 60 00 99 00 db 00 25 01 74 01  ....4.`.....%.t.
00000ae0: c4 01 14 02 61 02 aa 02 f2 02 37 03 7b 03 bd 03  ....a.....7.{...
00000af0: ff 03 00 00 02 00 09 00 10 00 00 00 00 00 00 00  ................
00000b00: 00 00 00 00 00 00 00 00 00 00 00 00 00 00 00 00  ................
00000b10: 00 00 90 01 90 01 90 01 01 00 ff 03 65 02 84 00  ............e...
00000b20: 0a 00 00 00 00 00 00 00 00 00 00 00 00 00 00 00  ................
00000b30: 00 00 00 00 00 00 00 00 00 00 00 00 ff 03 65 02  ..............e.
00000b40: 84 00 0a 00 00 00 00 00 00 00 00 00 00 00 00 00  ................
00000b50: 00 00 00 00 00 00 00 00 00 00 00 00 00 00 ff 03  ................
00000b60: 65 02 84 00 0a 00 00 00 00 00 00 00 00 00 00 00  e...............
00000b70: 00 00 00 00 00 00 00 00 00 00 00 00 00 00 00 00  ................
00000b80: 04 00 00 00 17 00 33 00 5c 00 90 00 ce 00 11 01  ......3.\.......
00000b90: 58 01 a1 01 ea 01 35 02 80 02 cc 02 19 03 65 03  X.....5.......e.
00000ba0: b2 03 ff 03 00 00 01 00 07 00 10 00 00 00 00 00  ................
00000bb0: 00 00 00 00 00 00 00 00 00 00 00 00 00 00 00 00  ................
00000bc0: 00 00 00 00 f4 01 f4 01 f4 01 01 00 ff 03 1b 02  ................
00000bd0: 4f 00 03 00 00 00 00 00 00 00 00 00 00 00 00 00  O...............
00000be0: 00 00 00 00 00 00 00 00 00 00 00 00 00 00 ff 03  ................
00000bf0: 1b 02 4f 00 03 00 00 00 00 00 00 00 00 00 00 00  ..O.............
00000c00: 00 00 00 00 00 00 00 00 00 00 00 00 00 00 00 00  ................
00000c10: ff 03 1b 02 4f 00 03 00 00 00 00 00 00 00 00 00  ....O...........
00000c20: 00 00 00 00 00 00 00 00 00 00 00 00 00 00 00 00  ................
00000c30: 00 00 04 00 00 00 40 00 80 00 c0 00 00 01 40 01  ......@.......@.
00000c40: 80 01 c0 01 00 02 40 02 80 02 c0 02 00 03 40 03  ......@.......@.
00000c50: 80 03 c0 03 ff 03 00 00 10 00 00 00 00 00 00 00  ................
00000c60: 00 00 00 00 00 00 00 00 00 00 00 00 00 00 00 00  ................
00000c70: 00 00 00 00 00 00 90 01 90 01 90 01 01 00 ff 03  ................
00000c80: 65 02 84 00 0a 00 00 00 00 00 00 00 00 00 00 00  e...............
00000c90: 00 00 00 00 00 00 00 00 00 00 00 00 00 00 00 00  ................
00000ca0: ff 03 65 02 84 00 0a 00 00 00 00 00 00 00 00 00  ..e.............
00000cb0: 00 00 00 00 00 00 00 00 00 00 00 00 00 00 00 00  ................
00000cc0: 00 00 ff 03 65 02 84 00 0a 00 00 00 00 00 00 00  ....e...........
00000cd0: 00 00 00 00 00 00 00 00 00 00 00 00 00 00 00 00  ................
00000ce0: 00 00 00 00 04 00 00 00 40 00 80 00 c0 00 00 01  ........@.......
00000cf0: 40 01 80 01 c0 01 00 02 40 02 80 02 c0 02 00 03  @.......@.......
00000d00: 40 03 80 03 c0 03 ff 03 00 00 10 00 00 00 00 00  @...............
00000d10: 00 00 00 00 00 00 00 00 00 00 00 00 00 00 00 00  ................
00000d20: 00 00 00 00 00 00 00 00 f4 01 f4 01 f4 01 01 00  ................
00000d30: ff 03 1c 01 06 00 00 00 00 00 00 00 00 00 00 00  ................
00000d40: 00 00 00 00 00 00 00 00 00 00 00 00 00 00 00 00  ................
00000d50: 00 00 ff 03 1c 01 06 00 00 00 00 00 00 00 00 00  ................
00000d60: 00 00 00 00 00 00 00 00 00 00 00 00 00 00 00 00  ................
00000d70: 00 00 00 00 ff 03 1c 01 06 00 00 00 00 00 00 00  ................
00000d80: 00 00 00 00 00 00 00 00 00 00 00 00 00 00 00 00  ................
00000d90: 00 00 00 00 00 00 04 00 00 00 40 00 80 00 c0 00  ..........@.....
00000da0: 00 01 40 01 80 01 c0 01 00 02 40 02 80 02 c0 02  ..@.......@.....
00000db0: 00 03 40 03 80 03 c0 03 ff 03 00 00 10 00 00 00  ..@.............
00000dc0: 00 00 00 00 00 00 00 00 00 00 00 00 00 00 00 00  ................
00000dd0: 00 00 00 00 00 00 00 00 00 00 c8 00 c8 00 c8 00  ................
00000de0: 01 00 00 00 ff 03 84 03 65 02 43 01 84 00 29 00  ........e.C...).
00000df0: 0a 00 01 00 00 00 00 00 00 00 00 00 00 00 00 00  ................
00000e00: 00 00 00 00 00 00 05 00 d0 07 00 00 00 00 00 00  ................
00000e10: 00 00 01 00 ff 03 4f 00 00 00 00 00 00 00 00 00  ......O.........
00000e20: 00 00 00 00 00 00 00 00 00 00 00 00 00 00 00 00  ................
00000e30: 00 00 00 00 00 00 06 00 64 00 01 00 0a 00 01 00  ........d.......
00000e40: 00 00 01 00 ff 03 65 02 84 00 0a 00 00 00 00 00  ......e.........
00000e50: 00 00 00 00 00 00 00 00 00 00 00 00 00 00 00 00  ................
00000e60: 00 00 00 00 00 00 06 00 f4 01 00 00 00 00 00 00  ................
00000e70: 00 00 01 00 ff 03 65 02 84 00 0a 00 00 00 00 00  ......e.........
00000e80: 00 00 00 00 00 00 00 00 00 00 00 00 00 00 00 00  ................
00000e90: 00 00 00 00 00 00 05 00 f4 01 00 00 78 00 01 00  ............x...
00000ea0: 00 00 01 00 ff 03 65 02 84 00 0a 00 00 00 00 00  ......e.........
00000eb0: 00 00 00 00 00 00 00 00 00 00 00 00 00 00 00 00  ................
00000ec0: 00 00 00 00 00 00 04 00 f4 01 00 00 5a 00 00 00  ............Z...
00000ed0: 00 00 01 00 ff 03 65 02 84 00 0a 00 00 00 00 00  ......e.........
00000ee0: 00 00 00 00 00 00 00 00 00 00 00 00 00 00 00 00  ................
00000ef0: 00 00 00 00 00 00 04 00 f4 01 00 00 46 00 00 00  ............F...
00000f00: 00 00 01 00 ff 03 e7 02 1c 01 39 00 06 00 00 00  ..........9.....
00000f10: 00 00 00 00 00 00 00 00 00 00 00 00 00 00 00 00  ................
00000f20: 00 00 00 00 00 00 04 00 20 03 00 00 46 00 00 00  ........ ...F...
00000f30: 00 00 01 00 ff 03 18 03 6f 01 66 00 11 00 01 00  ........o.f.....
00000f40: 00 00 00 00 00 00 00 00 00 00 00 00 00 00 00 00  ................
00000f50: 00 00 00 00 00 00 04 00 e8 03 00 00 00 00 00 00  ................
00000f60: 00 00 01 00 ff 03 ac 03 d7 02 db 01 05 01 79 00  ..............y.
00000f70: 2f 00 0f 00 04 00 01 00 00 00 00 00 00 00 00 00  /...............
00000f80: 00 00 00 00 00 00 04 00 b8 0b 00 00 00 00 00 00  ................
00000f90: 00 00 01 00 ff 03 b4 01 21 00 00 00 00 00 00 00  ........!.......
00000fa0: 00 00 00 00 00 00 00 00 00 00 00 00 00 00 00 00  ................
00000fb0: 00 00 00 00 00 00 04 00 2c 01 00 00 00 00 00 00  ........,.......
00000fc0: 00 00 04 00 40 04 01 00 00 00 01 00 00 00 00 00  ....@...........
00000fd0: 01 00 01 00 01 00 01 00 01 00 08 00 08 00 78 00  ..............x.
00000fe0: 04 00 e8 03 d0 07 40 00 20 00 00 00 08 00 14 00  ......@. .......
00000ff0: ff 03 18 03 6f 01 66 00 11 00 01 00 00 00 00 00  ....o.f.........
00001000: 00 00 00 00 00 00 00 00 00 00 00 00 00 00 00 00  ................
00001010: 00 00 e8 03 02 00 00 00 0b 00 08 00 78 00 60 00  ............x.`.
00001020: 04 00 04 00 e8 03 d0 07 40 00 18 00 00 00 08 00  ........@.......
00001030: 14 00 0a 00 00 00 00 00 01 00 01 00 01 00 01 00  ................
00001040: 01 00 01 00 01 00 08 00 08 00 78 00 04 00 dc 05  ..........x.....
00001050: f0 0a 40 00 20 00 00 00 08 00 14 00 ff 03 84 03  ..@. ...........
00001060: 65 02 43 01 84 00 29 00 0a 00 01 00 00 00 00 00  e.C...).........
00001070: 00 00 00 00 00 00 00 00 00 00 00 00 00 00 d0 07  ................
00001080: 02 00 00 00 09 00 08 00 78 00 60 00 04 00 04 00  ........x.`.....
00001090: dc 05 f0 0a 40 00 1c 00 00 00 08 00 14 00 0a 00  ....@...........
000010a0: 00 00 00 00 01 00 01 00 01 00 01 00 01 00 01 00  ................
000010b0: 01 00 08 00 08 00 78 00 04 00 dc 05 98 08 40 00  ......x.......@.
000010c0: 20 00 00 00 08 00 14 00 ff 03 9c 03 a7 02 97 01   ...............
000010d0: c6 00 4f 00 19 00 06 00 01 00 00 00 00 00 00 00  ..O.............
000010e0: 00 00 00 00 00 00 00 00 00 00 c4 09 02 00 00 00  ................
000010f0: 0b 00 08 00 78 00 60 00 04 00 04 00 dc 05 98 08  ....x.`.........
00001100: 40 00 1c 00 00 00 08 00 14 00 0a 00 00 00 00 00  @...............
00001110: 01 00 01 00 01 00 01 00 01 00 01 00 01 00 08 00  ................
00001120: 08 00 78 00 04 00 08 07 28 0a 40 00 20 00 00 00  ..x.....(.@. ...
00001130: 08 00 14 00 ff 03 ac 03 d7 02 db 01 05 01 79 00  ..............y.
00001140: 2f 00 0f 00 04 00 01 00 00 00 00 00 00 00 00 00  /...............
00001150: 00 00 00 00 00 00 b8 0b 02 00 00 00 0b 00 08 00  ................
00001160: 78 00 60 00 04 00 04 00 08 07 28 0a 40 00 20 00  x.`.......(.@. .
00001170: 00 00 08 00 14 00 0a 00 00 00 00 00 01 00 01 00  ................
00001180: 01 00 01 00 01 00 01 00 01 00 08 00 08 00 78 00  ..............x.
00001190: 04 00 c4 09 1c 0c 56 00 20 00 00 00 08 00 14 00  ......V. .......
000011a0: ff 03 c0 03 18 03 3f 02 6f 01 ce 00 66 00 2c 00  ......?.o...f.,.
000011b0: 11 00 05 00 01 00 00 00 00 00 00 00 00 00 00 00  ................
000011c0: 00 00 a0 0f 02 00 00 00 0d 00 08 00 78 00 60 00  ............x.`.
000011d0: 04 00 04 00 c4 09 1c 0c 56 00 20 00 00 00 08 00  ........V. .....
000011e0: 14 00 0a 00 00 00 00 00 01 00 01 00 01 00 01 00  ................
000011f0: 01 00 01 00 01 00 08 00 08 00 78 00 04 00 f0 0a  ..........x.....
00001200: ac 0d 60 00 24 00 00 00 08 00 14 00 ff 03 d5 03  ..`.$...........
00001210: 5f 03 b9 02 05 02 60 01 dc 00 7e 00 42 00 20 00  _.....`...~.B. .
00001220: 0e 00 05 00 02 00 00 00 00 00 00 00 00 00 70 17  ..............p.
00001230: 02 00 00 00 0d 00 08 00 78 00 60 00 04 00 04 00  ........x.`.....
00001240: f0 0a ac 0d 60 00 24 00 00 00 08 00 14 00 0a 00  ....`.$.........
00001250: 00 00 01 00 01 00 01 00 01 00 01 00 01 00 01 00  ................
00001260: 01 00 08 00 08 00 78 00 04 00 f0 0a d8 0e 60 00  ......x.......`.
00001270: 28 00 00 00 08 00 14 00 ff 03 e6 03 9c 03 2d 03  (.............-.
00001280: a7 02 1b 02 97 01 24 01 c6 00 80 00 4f 00 2e 00  ......$.....O...
00001290: 19 00 0d 00 06 00 03 00 01 00 10 27 01 00 00 00  ...........'....
000012a0: 0f 00 08 00 78 00 60 00 04 00 04 00 f0 0a d8 0e  ....x.`.........
000012b0: 60 00 28 00 00 00 08 00 14 00 0a 00 00 00 01 00  `.(.............
000012c0: 01 00 01 00 01 00 01 00 01 00 01 00 01 00 08 00  ................
000012d0: 08 00 78 00 04 00 58 1b 1c 25 80 00 40 00 00 00  ..x...X..%..@...
000012e0: 08 00 14 00 ff 03 f9 03 e6 03 c6 03 9c 03 68 03  ..............h.
000012f0: 2d 03 ec 02 a7 02 61 02 1b 02 d8 01 97 01 5b 01  -.....a.......[.
00001300: 24 01 f2 00 c6 00 40 9c 02 00 00 00 0f 00 08 00  $.....@.........
00001310: 78 00 60 00 04 00 04 00 58 1b 1c 25 80 00 40 00  x.`.....X..%..@.
00001320: 00 00 08 00 14 00 0a 00 00 00 01 00 01 00 01 00  ................
00001330: 01 00 01 00 01 00 01 00 01 00 08 00 08 00 78 00  ..............x.
00001340: 04 00 40 1f 10 27 80 00 40 00 00 00 08 00 14 00  ..@..'..@.......
00001350: ff 03 f9 03 e6 03 c6 03 9c 03 68 03 2d 03 ec 02  ..........h.-...
00001360: a7 02 61 02 1b 02 d8 01 97 01 5b 01 24 01 f2 00  ..a.......[.$...
00001370: c6 00 40 9c 02 00 00 00 0f 00 08 00 78 00 60 00  ..@.........x.`.
00001380: 04 00 04 00 40 1f 10 27 80 00 40 00 00 00 08 00  ....@..'..@.....
00001390: 14 00 0a 00 00 00 01 00 01 00 01 00 01 00 01 00  ................
000013a0: 01 00 01 00 01 00 08 00 08 00 78 00 04 00 e8 03  ..........x.....
000013b0: d0 07 40 00 20 00 00 00 08 00 28 00 ff 03 18 03  ..@. .....(.....
000013c0: 6f 01 66 00 11 00 01 00 00 00 00 00 00 00 00 00  o.f.............
000013d0: 00 00 00 00 00 00 00 00 00 00 00 00 00 00 e8 03  ................
000013e0: 02 00 00 00 0b 00 08 00 78 00 70 00 04 00 04 00  ........x.p.....
000013f0: e8 03 d0 07 40 00 18 00 00 00 08 00 28 00 0a 00  ....@.......(...
00001400: 00 00 05 00 56 00 01 00 01 00 14 00 0c 00 1e 00  ....V...........
00001410: 01 00 14 00 04 00 78 00 01 00 14 00 04 00 78 00  ......x.......x.
00001420: 01 00 14 00 0c 00 1e 00 01 00 14 00 0c 00 1e 00  ................
00001430: 01 00 14 00 04 00 78 00 01 00 14 00 04 00 78 00  ......x.......x.
00001440: 01 00 14 00 04 00 78 00 01 00 14 00 04 00 78 00  ......x.......x.
00001450: 01 00 14 00 04 00 78 00 06 00 16 00 c0 00 00 00  ......x.........
00001460: 00 00 37 00 3c 00 40 00 40 00 40 00 40 00 07 00  ..7.<.@.@.@.@...
00001470: 6c 03 00 00 14 00 27 00 3a 00 4e 00 61 00 74 00  l.....'.:.N.a.t.
00001480: 86 00 99 00 ab 00 be 00 d0 00 e1 00 f2 00 03 01  ................
00001490: 14 01 24 01 34 01 43 01 52 01 61 01 6f 01 7d 01  ..$.4.C.R.a.o.}.
000014a0: 8a 01 97 01 a4 01 b0 01 bc 01 c8 01 d3 01 de 01  ................
000014b0: e9 01 f3 01 fd 01 07 02 10 02 19 02 22 02 2b 02  ............".+.
000014c0: 33 02 3b 02 43 02 4b 02 52 02 59 02 60 02 67 02  3.;.C.K.R.Y.`.g.
000014d0: 6e 02 74 02 7a 02 80 02 86 02 8b 02 91 02 96 02  n.t.z...........
000014e0: 9b 02 a0 02 a5 02 aa 02 ae 02 b3 02 b7 02 bc 02  ................
000014f0: c0 02 c4 02 c8 02 cc 02 d0 02 d4 02 d8 02 dc 02  ................
00001500: e0 02 e3 02 e7 02 eb 02 ef 02 f2 02 f6 02 fa 02  ................
00001510: fd 02 01 03 05 03 09 03 0c 03 10 03 14 03 18 03  ................
00001520: 1c 03 1f 03 23 03 27 03 2b 03 30 03 34 03 38 03  ....#.'.+.0.4.8.
00001530: 3c 03 41 03 45 03 4a 03 4e 03 53 03 58 03 5d 03  <.A.E.J.N.S.X.].
00001540: 62 03 67 03 6c 03 71 03 77 03 7c 03 82 03 88 03  b.g.l.q.w.|.....
00001550: 8e 03 94 03 9a 03 a0 03 a6 03 ad 03 b3 03 ba 03  ................
00001560: c1 03 c8 03 cf 03 d5 03 dc 03 e3 03 ea 03 f1 03  ................
00001570: f8 03 ff 03 00 00 14 00 27 00 3a 00 4e 00 61 00  ........'.:.N.a.
00001580: 74 00 86 00 99 00 ab 00 be 00 d0 00 e1 00 f2 00  t...............
00001590: 03 01 14 01 24 01 34 01 43 01 52 01 61 01 6f 01  ....$.4.C.R.a.o.
000015a0: 7d 01 8a 01 97 01 a4 01 b0 01 bc 01 c8 01 d3 01  }...............
000015b0: de 01 e9 01 f3 01 fd 01 07 02 10 02 19 02 22 02  ..............".
000015c0: 2b 02 33 02 3b 02 43 02 4b 02 52 02 59 02 60 02  +.3.;.C.K.R.Y.`.
000015d0: 67 02 6e 02 74 02 7a 02 80 02 86 02 8b 02 91 02  g.n.t.z.........
000015e0: 96 02 9b 02 a0 02 a5 02 aa 02 ae 02 b3 02 b7 02  ................
000015f0: bc 02 c0 02 c4 02 c8 02 cc 02 d0 02 d4 02 d8 02  ................
00001600: dc 02 e0 02 e3 02 e7 02 eb 02 ef 02 f2 02 f6 02  ................
00001610: fa 02 fd 02 01 03 05 03 09 03 0c 03 10 03 14 03  ................
00001620: 18 03 1c 03 1f 03 23 03 27 03 2b 03 30 03 34 03  ......#.'.+.0.4.
00001630: 38 03 3c 03 41 03 45 03 4a 03 4e 03 53 03 58 03  8.<.A.E.J.N.S.X.
00001640: 5d 03 62 03 67 03 6c 03 71 03 77 03 7c 03 82 03  ].b.g.l.q.w.|...
00001650: 88 03 8e 03 94 03 9a 03 a0 03 a6 03 ad 03 b3 03  ................
00001660: ba 03 c1 03 c8 03 cf 03 d5 03 dc 03 e3 03 ea 03  ................
00001670: f1 03 f8 03 ff 03 00 00 14 00 27 00 3a 00 4e 00  ..........'.:.N.
00001680: 61 00 74 00 86 00 99 00 ab 00 be 00 d0 00 e1 00  a.t.............
00001690: f2 00 03 01 14 01 24 01 34 01 43 01 52 01 61 01  ......$.4.C.R.a.
000016a0: 6f 01 7d 01 8a 01 97 01 a4 01 b0 01 bc 01 c8 01  o.}.............
000016b0: d3 01 de 01 e9 01 f3 01 fd 01 07 02 10 02 19 02  ................
000016c0: 22 02 2b 02 33 02 3b 02 43 02 4b 02 52 02 59 02  ".+.3.;.C.K.R.Y.
000016d0: 60 02 67 02 6e 02 74 02 7a 02 80 02 86 02 8b 02  `.g.n.t.z.......
000016e0: 91 02 96 02 9b 02 a0 02 a5 02 aa 02 ae 02 b3 02  ................
000016f0: b7 02 bc 02 c0 02 c4 02 c8 02 cc 02 d0 02 d4 02  ................
00001700: d8 02 dc 02 e0 02 e3 02 e7 02 eb 02 ef 02 f2 02  ................
00001710: f6 02 fa 02 fd 02 01 03 05 03 09 03 0c 03 10 03  ................
00001720: 14 03 18 03 1c 03 1f 03 23 03 27 03 2b 03 30 03  ........#.'.+.0.
00001730: 34 03 38 03 3c 03 41 03 45 03 4a 03 4e 03 53 03  4.8.<.A.E.J.N.S.
00001740: 58 03 5d 03 62 03 67 03 6c 03 71 03 77 03 7c 03  X.].b.g.l.q.w.|.
00001750: 82 03 88 03 8e 03 94 03 9a 03 a0 03 a6 03 ad 03  ................
00001760: b3 03 ba 03 c1 03 c8 03 cf 03 d5 03 dc 03 e3 03  ................
00001770: ea 03 f1 03 f8 03 ff 03 00 00 10 00 46 00 6e 00  ............F.n.
00001780: 80 00 00 00 00 00 00 00 00 00 00 00 00 00 00 00  ................
00001790: 00 00 00 00 00 00 00 00 00 00 10 00 46 00 6e 00  ............F.n.
000017a0: 80 00 00 00 00 00 00 00 00 00 00 00 00 00 00 00  ................
000017b0: 00 00 00 00 00 00 00 00 00 00 10 00 46 00 6e 00  ............F.n.
000017c0: 80 00 00 00 00 00 00 00 00 00 00 00 00 00 00 00  ................
000017d0: 00 00 00 00 00 00 00 00 01 00 08 00 88 00 01 00  ................
000017e0: 01 00 00 00 ff 00 00 00 dd 01 09 ff 1a 00 36 ff  ..............6.
000017f0: 11 02 b9 ff eb ff c6 fe 25 02 01 00 00 00 ff 00  ........%.......
00001800: 00 00 d2 01 3e ff f0 ff 79 ff d3 01 b4 ff d1 ff  ....>...y.......
00001810: ae fe 81 02 01 00 00 00 ff 00 00 00 d2 01 f8 fe  ................
00001820: 36 00 a3 ff ab 01 bc ff e0 ff dc fe 44 02 01 00  6...........D...
00001830: 00 00 ff 00 00 00 dd 01 ab fe 78 00 a4 ff ad 01  ..........x.....
00001840: a5 ff 0b 00 c6 fe 2f 02 01 00 00 00 ff 00 00 00  ....../.........
00001850: dd 01 d7 fe 4c 00 cc ff 49 01 eb ff 15 00 2a ff  ....L...I.....*.
00001860: c1 01 09 00 6a 00 00 00 07 00 0d 00 01 00 01 00  ....j...........
00001870: 14 00 07 00 0d 00 01 00 00 00 14 00 07 00 0d 00  ................
00001880: 01 00 01 00 14 00 07 00 0d 00 01 00 01 00 14 00  ................
00001890: 07 00 0d 00 01 00 01 00 14 00 07 00 0d 00 01 00  ................
000018a0: 01 00 14 00 07 00 0d 00 01 00 01 00 14 00 07 00  ................
000018b0: 0d 00 01 00 01 00 14 00 07 00 00 00 01 00 01 00  ................
000018c0: 14 00 07 00 0d 00 01 00 01 00 14 00 0a 00 ee 26  ...............&
000018d0: 01 00 10 00 80 00 00 00 00 00 00 00 00 00 60 00  ..............`.
000018e0: c0 00 00 00 10 00 20 00 30 00 40 00 50 00 60 00  ...... .0.@.P.`.
000018f0: 70 00 80 00 90 00 a0 00 b0 00 c0 00 d0 00 e0 00  p...............
00001900: f0 00 00 01 10 01 20 01 30 01 40 01 50 01 60 01  ...... .0.@.P.`.
00001910: 70 01 80 01 90 01 a0 01 b0 01 c0 01 d0 01 e0 01  p...............
00001920: f0 01 00 02 10 02 20 02 30 02 40 02 50 02 60 02  ...... .0.@.P.`.
00001930: 70 02 80 02 90 02 a0 02 b0 02 c0 02 d0 02 e0 02  p...............
00001940: f0 02 00 03 10 03 20 03 30 03 40 03 50 03 60 03  ...... .0.@.P.`.
00001950: 70 03 80 03 90 03 a0 03 b0 03 c0 03 d0 03 e0 03  p...............
00001960: f0 03 ff 03 00 00 10 00 20 00 30 00 40 00 50 00  ........ .0.@.P.
00001970: 60 00 70 00 80 00 90 00 a0 00 b0 00 c0 00 d0 00  `.p.............
00001980: e0 00 f0 00 00 01 10 01 20 01 30 01 40 01 50 01  ........ .0.@.P.
00001990: 60 01 70 01 80 01 90 01 a0 01 b0 01 c0 01 d0 01  `.p.............
000019a0: e0 01 f0 01 00 02 10 02 20 02 30 02 40 02 50 02  ........ .0.@.P.
000019b0: 60 02 70 02 80 02 90 02 a0 02 b0 02 c0 02 d0 02  `.p.............
000019c0: e0 02 f0 02 00 03 10 03 20 03 30 03 40 03 50 03  ........ .0.@.P.
000019d0: 60 03 70 03 80 03 90 03 a0 03 b0 03 c0 03 d0 03  `.p.............
000019e0: e0 03 f0 03 ff 03 00 00 10 00 20 00 30 00 40 00  .......... .0.@.
000019f0: 50 00 60 00 70 00 80 00 90 00 a0 00 b0 00 c0 00  P.`.p...........
00001a00: d0 00 e0 00 f0 00 00 01 10 01 20 01 30 01 40 01  .......... .0.@.
00001a10: 50 01 60 01 70 01 80 01 90 01 a0 01 b0 01 c0 01  P.`.p...........
00001a20: d0 01 e0 01 f0 01 00 02 10 02 20 02 30 02 40 02  .......... .0.@.
00001a30: 50 02 60 02 70 02 80 02 90 02 a0 02 b0 02 c0 02  P.`.p...........
00001a40: d0 02 e0 02 f0 02 00 03 10 03 20 03 30 03 40 03  .......... .0.@.
00001a50: 50 03 60 03 70 03 80 03 90 03 a0 03 b0 03 c0 03  P.`.p...........
00001a60: d0 03 e0 03 f0 03 ff 03 00 00 30 00 58 00 7c 00  ..........0.X.|.
00001a70: a0 00 bc 00 d0 00 e8 00 fc 00 0c 01 1c 01 2c 01  ..............,.
00001a80: 38 01 48 01 58 01 64 01 74 01 80 01 90 01 9c 01  8.H.X.d.t.......
00001a90: a8 01 b8 01 c4 01 d0 01 e0 01 ec 01 f8 01 04 02  ................
00001aa0: 14 02 20 02 2c 02 38 02 44 02 54 02 60 02 6c 02  .. .,.8.D.T.`.l.
00001ab0: 78 02 84 02 90 02 a0 02 ac 02 b8 02 c4 02 d4 02  x...............
00001ac0: e0 02 ec 02 f8 02 08 03 14 03 24 03 30 03 40 03  ..........$.0.@.
00001ad0: 4c 03 5c 03 68 03 78 03 88 03 98 03 a4 03 b4 03  L.\.h.x.........
00001ae0: c4 03 d4 03 e4 03 f4 03 ff 03 00 00 14 00 24 00  ..............$.
00001af0: 34 00 44 00 54 00 68 00 78 00 88 00 9c 00 ac 00  4.D.T.h.x.......
00001b00: c0 00 d0 00 e4 00 f8 00 0c 01 24 01 38 01 4c 01  ..........$.8.L.
00001b10: 60 01 78 01 8c 01 a4 01 b8 01 d0 01 e4 01 f8 01  `.x.............
00001b20: 10 02 24 02 38 02 4c 02 60 02 74 02 84 02 98 02  ..$.8.L.`.t.....
00001b30: a8 02 bc 02 cc 02 d8 02 e8 02 f4 02 00 03 0c 03  ................
00001b40: 18 03 20 03 28 03 30 03 38 03 40 03 48 03 50 03  .. .(.0.8.@.H.P.
00001b50: 58 03 64 03 6c 03 74 03 80 03 8c 03 9c 03 a8 03  X.d.l.t.........
00001b60: b4 03 c4 03 d4 03 e4 03 f4 03 ff 03 00 00 10 00  ................
00001b70: 20 00 30 00 40 00 50 00 60 00 70 00 80 00 90 00   .0.@.P.`.p.....
00001b80: a0 00 b0 00 c0 00 d0 00 e0 00 f0 00 00 01 10 01  ................
00001b90: 20 01 30 01 40 01 50 01 60 01 70 01 80 01 90 01   .0.@.P.`.p.....
00001ba0: a0 01 b0 01 c0 01 d0 01 e0 01 f0 01 00 02 10 02  ................
00001bb0: 20 02 30 02 40 02 50 02 60 02 70 02 80 02 90 02   .0.@.P.`.p.....
00001bc0: a0 02 b0 02 c0 02 d0 02 e0 02 f0 02 00 03 10 03  ................
00001bd0: 20 03 30 03 40 03 50 03 60 03 70 03 80 03 90 03   .0.@.P.`.p.....
00001be0: a0 03 b0 03 c0 03 d0 03 e0 03 f0 03 ff 03 00 00  ................
00001bf0: 40 00 00 00 00 00 00 00 00 00 00 00 00 00 00 00  @...............
00001c00: 00 00 00 00 00 00 00 00 00 00 00 00 00 00 00 00  ................
00001c10: 40 00 00 00 00 00 00 00 00 00 00 00 00 00 00 00  @...............
00001c20: 00 00 00 00 00 00 00 00 00 00 00 00 00 00 00 00  ................
00001c30: 40 00 00 00 00 00 00 00 00 00 00 00 00 00 00 00  @...............
00001c40: 00 00 00 00 00 00 00 00 00 00 00 00 00 00 00 00  ................
00001c50: 03 00 06 00 0c 00 1b 00 35 00 40 00 00 00 00 00  ........5.@.....
00001c60: 00 00 00 00 00 00 00 00 00 00 00 00 00 00 00 00  ................
00001c70: 05 00 0c 00 29 00 36 00 40 00 00 00 00 00 00 00  ....).6.@.......
00001c80: 00 00 00 00 00 00 00 00 00 00 00 00 00 00 00 00  ................
00001c90: 40 00 00 00 00 00 00 00 00 00 00 00 00 00 00 00  @...............
00001ca0: 00 00 00 00 00 00 00 00 00 00 00 00 00 00 00 00  ................
00001cb0: 00 00 08 00 00 01 18 00 00 00 01 00 00 00 00 00  ................
00001cc0: 00 00 60 00 c0 00 00 00 10 00 20 00 30 00 40 00  ..`....... .0.@.
00001cd0: 50 00 60 00 70 00 80 00 90 00 a0 00 b0 00 c0 00  P.`.p...........
00001ce0: d0 00 e0 00 f0 00 00 01 10 01 20 01 30 01 40 01  .......... .0.@.
00001cf0: 50 01 60 01 70 01 80 01 90 01 a0 01 b0 01 c0 01  P.`.p...........
00001d00: d0 01 e0 01 f0 01 00 02 10 02 20 02 30 02 40 02  .......... .0.@.
00001d10: 50 02 60 02 70 02 80 02 90 02 a0 02 b0 02 c0 02  P.`.p...........
00001d20: d0 02 e0 02 f0 02 00 03 10 03 20 03 30 03 40 03  .......... .0.@.
00001d30: 50 03 60 03 70 03 80 03 90 03 a0 03 b0 03 c0 03  P.`.p...........
00001d40: d0 03 e0 03 f0 03 ff 03 00 00 10 00 20 00 30 00  ............ .0.
00001d50: 40 00 50 00 60 00 70 00 80 00 90 00 a0 00 b0 00  @.P.`.p.........
00001d60: c0 00 d0 00 e0 00 f0 00 00 01 10 01 20 01 30 01  ............ .0.
00001d70: 40 01 50 01 60 01 70 01 80 01 90 01 a0 01 b0 01  @.P.`.p.........
00001d80: c0 01 d0 01 e0 01 f0 01 00 02 10 02 20 02 30 02  ............ .0.
00001d90: 40 02 50 02 60 02 70 02 80 02 90 02 a0 02 b0 02  @.P.`.p.........
00001da0: c0 02 d0 02 e0 02 f0 02 00 03 10 03 20 03 30 03  ............ .0.
00001db0: 40 03 50 03 60 03 70 03 80 03 90 03 a0 03 b0 03  @.P.`.p.........
00001dc0: c0 03 d0 03 e0 03 f0 03 ff 03 00 00 10 00 20 00  .............. .
00001dd0: 30 00 40 00 50 00 60 00 70 00 80 00 90 00 a0 00  0.@.P.`.p.......
00001de0: b0 00 c0 00 d0 00 e0 00 f0 00 00 01 10 01 20 01  .............. .
00001df0: 30 01 40 01 50 01 60 01 70 01 80 01 90 01 a0 01  0.@.P.`.p.......
00001e00: b0 01 c0 01 d0 01 e0 01 f0 01 00 02 10 02 20 02  .............. .
00001e10: 30 02 40 02 50 02 60 02 70 02 80 02 90 02 a0 02  0.@.P.`.p.......
00001e20: b0 02 c0 02 d0 02 e0 02 f0 02 00 03 10 03 20 03  .............. .
00001e30: 30 03 40 03 50 03 60 03 70 03 80 03 90 03 a0 03  0.@.P.`.p.......
00001e40: b0 03 c0 03 d0 03 e0 03 f0 03 ff 03 00 00 40 00  ..............@.
00001e50: 78 00 a4 00 c4 00 dc 00 f0 00 04 01 16 01 29 01  x.............).
00001e60: 3a 01 4c 01 5c 01 6c 01 7b 01 8a 01 98 01 a6 01  :.L.\.l.{.......
00001e70: b3 01 bf 01 cc 01 d8 01 e4 01 ef 01 fb 01 06 02  ................
00001e80: 11 02 1c 02 27 02 32 02 3d 02 48 02 53 02 5f 02  ....'.2.=.H.S._.
00001e90: 6a 02 75 02 81 02 8c 02 98 02 a3 02 af 02 bb 02  j.u.............
00001ea0: c7 02 d3 02 e0 02 ec 02 f9 02 06 03 13 03 20 03  .............. .
00001eb0: 2e 03 3c 03 49 03 58 03 66 03 75 03 84 03 93 03  ..<.I.X.f.u.....
00001ec0: a2 03 b1 03 c1 03 d0 03 e0 03 f0 03 ff 03 00 00  ................
00001ed0: 11 00 22 00 33 00 44 00 54 00 65 00 77 00 88 00  ..".3.D.T.e.w...
00001ee0: 9a 00 ab 00 be 00 d0 00 e3 00 f7 00 0a 01 1f 01  ................
00001ef0: 33 01 47 01 5c 01 71 01 86 01 9b 01 b0 01 c5 01  3.G.\.q.........
00001f00: da 01 ee 01 03 02 17 02 2c 02 3f 02 53 02 66 02  ........,.?.S.f.
00001f10: 79 02 8b 02 9d 02 ae 02 bf 02 cf 02 de 02 ed 02  y...............
00001f20: fb 02 08 03 14 03 20 03 2a 03 34 03 3c 03 44 03  ...... .*.4.<.D.
00001f30: 4c 03 53 03 5a 03 62 03 6a 03 74 03 7e 03 8a 03  L.S.Z.b.j.t.~...
00001f40: 96 03 a4 03 b2 03 c1 03 d0 03 e0 03 ef 03 ff 03  ................
00001f50: 00 00 10 00 20 00 30 00 40 00 50 00 60 00 70 00  .... .0.@.P.`.p.
00001f60: 80 00 90 00 a0 00 b0 00 c0 00 d0 00 e0 00 f0 00  ................
00001f70: 00 01 10 01 20 01 30 01 40 01 50 01 60 01 70 01  .... .0.@.P.`.p.
00001f80: 80 01 90 01 a0 01 b0 01 c0 01 d0 01 e0 01 f0 01  ................
00001f90: 00 02 10 02 20 02 30 02 40 02 50 02 60 02 70 02  .... .0.@.P.`.p.
00001fa0: 80 02 90 02 a0 02 b0 02 c0 02 d0 02 e0 02 f0 02  ................
00001fb0: 00 03 10 03 20 03 30 03 40 03 50 03 60 03 70 03  .... .0.@.P.`.p.
00001fc0: 80 03 90 03 a0 03 b0 03 c0 03 d0 03 e0 03 f0 03  ................
00001fd0: ff 03 00 00 40 00 00 00 00 00 00 00 00 00 00 00  ....@...........
00001fe0: 00 00 00 00 00 00 00 00 00 00 00 00 00 00 00 00  ................
00001ff0: 00 00 00 00 40 00 00 00 00 00 00 00 00 00 00 00  ....@...........
00002000: 00 00 00 00 00 00 00 00 00 00 00 00 00 00 00 00  ................
00002010: 00 00 00 00 40 00 00 00 00 00 00 00 00 00 00 00  ....@...........
00002020: 00 00 00 00 00 00 00 00 00 00 00 00 00 00 00 00  ................
00002030: 00 00 00 00 02 00 06 00 0c 00 1b 00 35 00 40 00  ............5.@.
00002040: 00 00 00 00 00 00 00 00 00 00 00 00 00 00 00 00  ................
00002050: 00 00 00 00 05 00 0c 00 2e 00 36 00 40 00 00 00  ..........6.@...
00002060: 00 00 00 00 00 00 00 00 00 00 00 00 00 00 00 00  ................
00002070: 00 00 00 00 40 00 00 00 00 00 00 00 00 00 00 00  ....@...........
00002080: 00 00 00 00 00 00 00 00 00 00 00 00 00 00 00 00  ................
00002090: 00 00 01 00 40 00 80 00 00 01 18 00 00 00 01 00  ....@...........
000020a0: 00 00 00 00 00 00 60 00 c0 00 00 00 10 00 20 00  ......`....... .
000020b0: 30 00 40 00 50 00 60 00 70 00 80 00 90 00 a0 00  0.@.P.`.p.......
000020c0: b0 00 c0 00 d0 00 e0 00 f0 00 00 01 10 01 20 01  .............. .
000020d0: 30 01 40 01 50 01 60 01 70 01 80 01 90 01 a0 01  0.@.P.`.p.......
000020e0: b0 01 c0 01 d0 01 e0 01 f0 01 00 02 10 02 20 02  .............. .
000020f0: 30 02 40 02 50 02 60 02 70 02 80 02 90 02 a0 02  0.@.P.`.p.......
00002100: b0 02 c0 02 d0 02 e0 02 f0 02 00 03 10 03 20 03  .............. .
00002110: 30 03 40 03 50 03 60 03 70 03 80 03 90 03 a0 03  0.@.P.`.p.......
00002120: b0 03 c0 03 d0 03 e0 03 f0 03 ff 03 00 00 10 00  ................
00002130: 20 00 30 00 40 00 50 00 60 00 70 00 80 00 90 00   .0.@.P.`.p.....
00002140: a0 00 b0 00 c0 00 d0 00 e0 00 f0 00 00 01 10 01  ................
00002150: 20 01 30 01 40 01 50 01 60 01 70 01 80 01 90 01   .0.@.P.`.p.....
00002160: a0 01 b0 01 c0 01 d0 01 e0 01 f0 01 00 02 10 02  ................
00002170: 20 02 30 02 40 02 50 02 60 02 70 02 80 02 90 02   .0.@.P.`.p.....
00002180: a0 02 b0 02 c0 02 d0 02 e0 02 f0 02 00 03 10 03  ................
00002190: 20 03 30 03 40 03 50 03 60 03 70 03 80 03 90 03   .0.@.P.`.p.....
000021a0: a0 03 b0 03 c0 03 d0 03 e0 03 f0 03 ff 03 00 00  ................
000021b0: 10 00 20 00 30 00 40 00 50 00 60 00 70 00 80 00  .. .0.@.P.`.p...
000021c0: 90 00 a0 00 b0 00 c0 00 d0 00 e0 00 f0 00 00 01  ................
000021d0: 10 01 20 01 30 01 40 01 50 01 60 01 70 01 80 01  .. .0.@.P.`.p...
000021e0: 90 01 a0 01 b0 01 c0 01 d0 01 e0 01 f0 01 00 02  ................
000021f0: 10 02 20 02 30 02 40 02 50 02 60 02 70 02 80 02  .. .0.@.P.`.p...
00002200: 90 02 a0 02 b0 02 c0 02 d0 02 e0 02 f0 02 00 03  ................
00002210: 10 03 20 03 30 03 40 03 50 03 60 03 70 03 80 03  .. .0.@.P.`.p...
00002220: 90 03 a0 03 b0 03 c0 03 d0 03 e0 03 f0 03 ff 03  ................
00002230: 00 00 2c 00 56 00 7c 00 9d 00 b8 00 d0 00 e6 00  ..,.V.|.........
00002240: f9 00 0a 01 1a 01 2a 01 38 01 47 01 55 01 63 01  ......*.8.G.U.c.
00002250: 71 01 7f 01 8d 01 9a 01 a8 01 b5 01 c2 01 d0 01  q...............
00002260: dd 01 ea 01 f7 01 04 02 11 02 1e 02 2b 02 38 02  ............+.8.
00002270: 44 02 51 02 5e 02 6b 02 78 02 85 02 91 02 9e 02  D.Q.^.k.x.......
00002280: ab 02 b8 02 c5 02 d3 02 e0 02 ed 02 fb 02 08 03  ................
00002290: 16 03 23 03 31 03 3f 03 4d 03 5c 03 6a 03 79 03  ..#.1.?.M.\.j.y.
000022a0: 87 03 96 03 a5 03 b4 03 c3 03 d2 03 e1 03 f0 03  ................
000022b0: ff 03 00 00 11 00 22 00 33 00 44 00 54 00 65 00  ......".3.D.T.e.
000022c0: 77 00 88 00 9a 00 ab 00 be 00 d0 00 e3 00 f7 00  w...............
000022d0: 0a 01 1f 01 33 01 47 01 5c 01 71 01 86 01 9b 01  ....3.G.\.q.....
000022e0: b0 01 c5 01 da 01 ee 01 03 02 17 02 2c 02 3f 02  ............,.?.
000022f0: 53 02 66 02 79 02 8b 02 9d 02 ae 02 bf 02 cf 02  S.f.y...........
00002300: de 02 ed 02 fb 02 08 03 14 03 20 03 2a 03 34 03  .......... .*.4.
00002310: 3c 03 44 03 4c 03 53 03 5a 03 62 03 6a 03 74 03  <.D.L.S.Z.b.j.t.
00002320: 7e 03 8a 03 96 03 a4 03 b2 03 c1 03 d0 03 e0 03  ~...............
00002330: ef 03 ff 03 00 00 10 00 20 00 30 00 40 00 50 00  ........ .0.@.P.
00002340: 60 00 70 00 80 00 90 00 a0 00 b0 00 c0 00 d0 00  `.p.............
00002350: e0 00 f0 00 00 01 10 01 20 01 30 01 40 01 50 01  ........ .0.@.P.
00002360: 60 01 70 01 80 01 90 01 a0 01 b0 01 c0 01 d0 01  `.p.............
00002370: e0 01 f0 01 00 02 10 02 20 02 30 02 40 02 50 02  ........ .0.@.P.
00002380: 60 02 70 02 80 02 90 02 a0 02 b0 02 c0 02 d0 02  `.p.............
00002390: e0 02 f0 02 00 03 10 03 20 03 30 03 40 03 50 03  ........ .0.@.P.
000023a0: 60 03 70 03 80 03 90 03 a0 03 b0 03 c0 03 d0 03  `.p.............
000023b0: e0 03 f0 03 ff 03 00 00 40 00 00 00 00 00 00 00  ........@.......
000023c0: 00 00 00 00 00 00 00 00 00 00 00 00 00 00 00 00  ................
000023d0: 00 00 00 00 00 00 00 00 40 00 00 00 00 00 00 00  ........@.......
000023e0: 00 00 00 00 00 00 00 00 00 00 00 00 00 00 00 00  ................
000023f0: 00 00 00 00 00 00 00 00 40 00 00 00 00 00 00 00  ........@.......
00002400: 00 00 00 00 00 00 00 00 00 00 00 00 00 00 00 00  ................
00002410: 00 00 00 00 00 00 00 00 03 00 06 00 0c 00 1b 00  ................
00002420: 35 00 40 00 00 00 00 00 00 00 00 00 00 00 00 00  5.@.............
00002430: 00 00 00 00 00 00 00 00 05 00 0c 00 2e 00 36 00  ..............6.
00002440: 40 00 00 00 00 00 00 00 00 00 00 00 00 00 00 00  @...............
00002450: 00 00 00 00 00 00 00 00 40 00 00 00 00 00 00 00  ........@.......
00002460: 00 00 00 00 00 00 00 00 00 00 00 00 00 00 00 00  ................
00002470: 00 00 00 00 00 00 01 00 40 00 80 00 00 01 10 00  ........@.......
00002480: 00 00 01 00 00 00 00 00 00 00 60 00 c0 00 00 00  ..........`.....
00002490: 10 00 20 00 30 00 40 00 50 00 60 00 70 00 80 00  .. .0.@.P.`.p...
000024a0: 90 00 a0 00 b0 00 c0 00 d0 00 e0 00 f0 00 00 01  ................
000024b0: 10 01 20 01 30 01 40 01 50 01 60 01 70 01 80 01  .. .0.@.P.`.p...
000024c0: 90 01 a0 01 b0 01 c0 01 d0 01 e0 01 f0 01 00 02  ................
000024d0: 10 02 20 02 30 02 40 02 50 02 60 02 70 02 80 02  .. .0.@.P.`.p...
000024e0: 90 02 a0 02 b0 02 c0 02 d0 02 e0 02 f0 02 00 03  ................
000024f0: 10 03 20 03 30 03 40 03 50 03 60 03 70 03 80 03  .. .0.@.P.`.p...
00002500: 90 03 a0 03 b0 03 c0 03 d0 03 e0 03 f0 03 ff 03  ................
00002510: 00 00 10 00 20 00 30 00 40 00 50 00 60 00 70 00  .... .0.@.P.`.p.
00002520: 80 00 90 00 a0 00 b0 00 c0 00 d0 00 e0 00 f0 00  ................
00002530: 00 01 10 01 20 01 30 01 40 01 50 01 60 01 70 01  .... .0.@.P.`.p.
00002540: 80 01 90 01 a0 01 b0 01 c0 01 d0 01 e0 01 f0 01  ................
00002550: 00 02 10 02 20 02 30 02 40 02 50 02 60 02 70 02  .... .0.@.P.`.p.
00002560: 80 02 90 02 a0 02 b0 02 c0 02 d0 02 e0 02 f0 02  ................
00002570: 00 03 10 03 20 03 30 03 40 03 50 03 60 03 70 03  .... .0.@.P.`.p.
00002580: 80 03 90 03 a0 03 b0 03 c0 03 d0 03 e0 03 f0 03  ................
00002590: ff 03 00 00 10 00 20 00 30 00 40 00 50 00 60 00  ...... .0.@.P.`.
000025a0: 70 00 80 00 90 00 a0 00 b0 00 c0 00 d0 00 e0 00  p...............
000025b0: f0 00 00 01 10 01 20 01 30 01 40 01 50 01 60 01  ...... .0.@.P.`.
000025c0: 70 01 80 01 90 01 a0 01 b0 01 c0 01 d0 01 e0 01  p...............
000025d0: f0 01 00 02 10 02 20 02 30 02 40 02 50 02 60 02  ...... .0.@.P.`.
000025e0: 70 02 80 02 90 02 a0 02 b0 02 c0 02 d0 02 e0 02  p...............
000025f0: f0 02 00 03 10 03 20 03 30 03 40 03 50 03 60 03  ...... .0.@.P.`.
00002600: 70 03 80 03 90 03 a0 03 b0 03 c0 03 d0 03 e0 03  p...............
00002610: f0 03 ff 03 00 00 26 00 4c 00 70 00 93 00 b4 00  ......&.L.p.....
00002620: d0 00 e9 00 fd 00 0e 01 1e 01 2b 01 38 01 45 01  ..........+.8.E.
00002630: 52 01 60 01 6d 01 7b 01 89 01 96 01 a4 01 b2 01  R.`.m.{.........
00002640: c0 01 cd 01 db 01 e9 01 f6 01 04 02 11 02 1f 02  ................
00002650: 2c 02 39 02 46 02 53 02 60 02 6d 02 7a 02 87 02  ,.9.F.S.`.m.z...
00002660: 94 02 a0 02 ad 02 ba 02 c7 02 d4 02 e1 02 ee 02  ................
00002670: fc 02 09 03 16 03 24 03 32 03 40 03 4d 03 5c 03  ......$.2.@.M.\.
00002680: 6a 03 78 03 87 03 96 03 a5 03 b4 03 c3 03 d2 03  j.x.............
00002690: e1 03 f0 03 ff 03 00 00 11 00 22 00 33 00 44 00  ..........".3.D.
000026a0: 54 00 65 00 77 00 88 00 9a 00 ab 00 be 00 d0 00  T.e.w...........
000026b0: e3 00 f7 00 0a 01 1f 01 33 01 47 01 5c 01 71 01  ........3.G.\.q.
000026c0: 86 01 9b 01 b0 01 c5 01 da 01 ee 01 03 02 17 02  ................
000026d0: 2c 02 3f 02 53 02 66 02 79 02 8b 02 9d 02 ae 02  ,.?.S.f.y.......
000026e0: bf 02 cf 02 de 02 ed 02 fb 02 08 03 14 03 20 03  .............. .
000026f0: 2a 03 34 03 3c 03 44 03 4c 03 53 03 5a 03 62 03  *.4.<.D.L.S.Z.b.
00002700: 6a 03 74 03 7e 03 8a 03 96 03 a4 03 b2 03 c1 03  j.t.~...........
00002710: d0 03 e0 03 ef 03 ff 03 00 00 10 00 20 00 30 00  ............ .0.
00002720: 40 00 50 00 60 00 70 00 80 00 90 00 a0 00 b0 00  @.P.`.p.........
00002730: c0 00 d0 00 e0 00 f0 00 00 01 10 01 20 01 30 01  ............ .0.
00002740: 40 01 50 01 60 01 70 01 80 01 90 01 a0 01 b0 01  @.P.`.p.........
00002750: c0 01 d0 01 e0 01 f0 01 00 02 10 02 20 02 30 02  ............ .0.
00002760: 40 02 50 02 60 02 70 02 80 02 90 02 a0 02 b0 02  @.P.`.p.........
00002770: c0 02 d0 02 e0 02 f0 02 00 03 10 03 20 03 30 03  ............ .0.
00002780: 40 03 50 03 60 03 70 03 80 03 90 03 a0 03 b0 03  @.P.`.p.........
00002790: c0 03 d0 03 e0 03 f0 03 ff 03 00 00 40 00 00 00  ............@...
000027a0: 00 00 00 00 00 00 00 00 00 00 00 00 00 00 00 00  ................
000027b0: 00 00 00 00 00 00 00 00 00 00 00 00 40 00 00 00  ............@...
000027c0: 00 00 00 00 00 00 00 00 00 00 00 00 00 00 00 00  ................
000027d0: 00 00 00 00 00 00 00 00 00 00 00 00 40 00 00 00  ............@...
000027e0: 00 00 00 00 00 00 00 00 00 00 00 00 00 00 00 00  ................
000027f0: 00 00 00 00 00 00 00 00 00 00 00 00 03 00 06 00  ................
00002800: 0c 00 1b 00 35 00 40 00 00 00 00 00 00 00 00 00  ....5.@.........
00002810: 00 00 00 00 00 00 00 00 00 00 00 00 05 00 0c 00  ................
00002820: 2e 00 36 00 40 00 00 00 00 00 00 00 00 00 00 00  ..6.@...........
00002830: 00 00 00 00 00 00 00 00 00 00 00 00 40 00 00 00  ............@...
00002840: 00 00 00 00 00 00 00 00 00 00 00 00 00 00 00 00  ................
00002850: 00 00 00 00 00 00 00 00 00 00 01 00 40 00 80 00  ............@...
00002860: 00 01 18 00 00 00 01 00 00 00 00 00 00 00 60 00  ..............`.
00002870: c0 00 00 00 10 00 20 00 30 00 40 00 50 00 60 00  ...... .0.@.P.`.
00002880: 70 00 80 00 90 00 a0 00 b0 00 c0 00 d0 00 e0 00  p...............
00002890: f0 00 00 01 10 01 20 01 30 01 40 01 50 01 60 01  ...... .0.@.P.`.
000028a0: 70 01 80 01 90 01 a0 01 b0 01 c0 01 d0 01 e0 01  p...............
000028b0: f0 01 00 02 10 02 20 02 30 02 40 02 50 02 60 02  ...... .0.@.P.`.
000028c0: 70 02 80 02 90 02 a0 02 b0 02 c0 02 d0 02 e0 02  p...............
000028d0: f0 02 00 03 10 03 20 03 30 03 40 03 50 03 60 03  ...... .0.@.P.`.
000028e0: 70 03 80 03 90 03 a0 03 b0 03 c0 03 d0 03 e0 03  p...............
000028f0: f0 03 ff 03 00 00 10 00 20 00 30 00 40 00 50 00  ........ .0.@.P.
00002900: 60 00 70 00 80 00 90 00 a0 00 b0 00 c0 00 d0 00  `.p.............
00002910: e0 00 f0 00 00 01 10 01 20 01 30 01 40 01 50 01  ........ .0.@.P.
00002920: 60 01 70 01 80 01 90 01 a0 01 b0 01 c0 01 d0 01  `.p.............
00002930: e0 01 f0 01 00 02 10 02 20 02 30 02 40 02 50 02  ........ .0.@.P.
00002940: 60 02 70 02 80 02 90 02 a0 02 b0 02 c0 02 d0 02  `.p.............
00002950: e0 02 f0 02 00 03 10 03 20 03 30 03 40 03 50 03  ........ .0.@.P.
00002960: 60 03 70 03 80 03 90 03 a0 03 b0 03 c0 03 d0 03  `.p.............
00002970: e0 03 f0 03 ff 03 00 00 10 00 20 00 30 00 40 00  .......... .0.@.
00002980: 50 00 60 00 70 00 80 00 90 00 a0 00 b0 00 c0 00  P.`.p...........
00002990: d0 00 e0 00 f0 00 00 01 10 01 20 01 30 01 40 01  .......... .0.@.
000029a0: 50 01 60 01 70 01 80 01 90 01 a0 01 b0 01 c0 01  P.`.p...........
000029b0: d0 01 e0 01 f0 01 00 02 10 02 20 02 30 02 40 02  .......... .0.@.
000029c0: 50 02 60 02 70 02 80 02 90 02 a0 02 b0 02 c0 02  P.`.p...........
000029d0: d0 02 e0 02 f0 02 00 03 10 03 20 03 30 03 40 03  .......... .0.@.
000029e0: 50 03 60 03 70 03 80 03 90 03 a0 03 b0 03 c0 03  P.`.p...........
000029f0: d0 03 e0 03 f0 03 ff 03 00 00 38 00 6c 00 9c 00  ..........8.l...
00002a00: c5 00 e8 00 05 01 1d 01 31 01 41 01 50 01 5c 01  ........1.A.P.\.
00002a10: 68 01 74 01 80 01 8c 01 98 01 a4 01 b0 01 bc 01  h.t.............
00002a20: c8 01 d4 01 e1 01 ed 01 f9 01 06 02 12 02 1f 02  ................
00002a30: 2b 02 38 02 44 02 51 02 5e 02 6a 02 77 02 84 02  +.8.D.Q.^.j.w...
00002a40: 91 02 9e 02 aa 02 b7 02 c4 02 d1 02 de 02 eb 02  ................
00002a50: f8 02 05 03 12 03 1f 03 2c 03 3a 03 47 03 54 03  ........,.:.G.T.
00002a60: 61 03 6e 03 7b 03 88 03 96 03 a3 03 b0 03 bd 03  a.n.{...........
00002a70: cb 03 d8 03 e5 03 f2 03 ff 03 00 00 11 00 22 00  ..............".
00002a80: 33 00 44 00 54 00 65 00 77 00 88 00 9a 00 ab 00  3.D.T.e.w.......
00002a90: be 00 d0 00 e3 00 f7 00 0a 01 1f 01 33 01 47 01  ............3.G.
00002aa0: 5c 01 71 01 86 01 9b 01 b0 01 c5 01 da 01 ee 01  \.q.............
00002ab0: 03 02 17 02 2c 02 3f 02 53 02 66 02 79 02 8b 02  ....,.?.S.f.y...
00002ac0: 9d 02 ae 02 bf 02 cf 02 de 02 ed 02 fb 02 08 03  ................
00002ad0: 14 03 20 03 2a 03 34 03 3c 03 44 03 4c 03 53 03  .. .*.4.<.D.L.S.
00002ae0: 5a 03 62 03 6a 03 74 03 7e 03 8a 03 96 03 a4 03  Z.b.j.t.~.......
00002af0: b2 03 c1 03 d0 03 e0 03 ef 03 ff 03 00 00 10 00  ................
00002b00: 20 00 30 00 40 00 50 00 60 00 70 00 80 00 90 00   .0.@.P.`.p.....
00002b10: a0 00 b0 00 c0 00 d0 00 e0 00 f0 00 00 01 10 01  ................
00002b20: 20 01 30 01 40 01 50 01 60 01 70 01 80 01 90 01   .0.@.P.`.p.....
00002b30: a0 01 b0 01 c0 01 d0 01 e0 01 f0 01 00 02 10 02  ................
00002b40: 20 02 30 02 40 02 50 02 60 02 70 02 80 02 90 02   .0.@.P.`.p.....
00002b50: a0 02 b0 02 c0 02 d0 02 e0 02 f0 02 00 03 10 03  ................
00002b60: 20 03 30 03 40 03 50 03 60 03 70 03 80 03 90 03   .0.@.P.`.p.....
00002b70: a0 03 b0 03 c0 03 d0 03 e0 03 f0 03 ff 03 00 00  ................
00002b80: 40 00 00 00 00 00 00 00 00 00 00 00 00 00 00 00  @...............
00002b90: 00 00 00 00 00 00 00 00 00 00 00 00 00 00 00 00  ................
00002ba0: 40 00 00 00 00 00 00 00 00 00 00 00 00 00 00 00  @...............
00002bb0: 00 00 00 00 00 00 00 00 00 00 00 00 00 00 00 00  ................
00002bc0: 40 00 00 00 00 00 00 00 00 00 00 00 00 00 00 00  @...............
00002bd0: 00 00 00 00 00 00 00 00 00 00 00 00 00 00 00 00  ................
00002be0: 03 00 0c 00 40 00 00 00 00 00 00 00 00 00 00 00  ....@...........
00002bf0: 00 00 00 00 00 00 00 00 00 00 00 00 00 00 00 00  ................
00002c00: 05 00 0c 00 2e 00 36 00 40 00 00 00 00 00 00 00  ......6.@.......
00002c10: 00 00 00 00 00 00 00 00 00 00 00 00 00 00 00 00  ................
00002c20: 40 00 00 00 00 00 00 00 00 00 00 00 00 00 00 00  @...............
00002c30: 00 00 00 00 00 00 00 00 00 00 00 00 00 00 01 00  ................
00002c40: 40 00 80 00 00 01 08 00 00 00 01 00 00 00 00 00  @...............
00002c50: 00 00 60 00 c0 00 00 00 10 00 20 00 30 00 40 00  ..`....... .0.@.
00002c60: 50 00 60 00 70 00 80 00 90 00 a0 00 b0 00 c0 00  P.`.p...........
00002c70: d0 00 e0 00 f0 00 00 01 10 01 20 01 30 01 40 01  .......... .0.@.
00002c80: 50 01 60 01 70 01 80 01 90 01 a0 01 b0 01 c0 01  P.`.p...........
00002c90: d0 01 e0 01 f0 01 00 02 10 02 20 02 30 02 40 02  .......... .0.@.
00002ca0: 50 02 60 02 70 02 80 02 90 02 a0 02 b0 02 c0 02  P.`.p...........
00002cb0: d0 02 e0 02 f0 02 00 03 10 03 20 03 30 03 40 03  .......... .0.@.
00002cc0: 50 03 60 03 70 03 80 03 90 03 a0 03 b0 03 c0 03  P.`.p...........
00002cd0: d0 03 e0 03 f0 03 ff 03 00 00 10 00 20 00 30 00  ............ .0.
00002ce0: 40 00 50 00 60 00 70 00 80 00 90 00 a0 00 b0 00  @.P.`.p.........
00002cf0: c0 00 d0 00 e0 00 f0 00 00 01 10 01 20 01 30 01  ............ .0.
00002d00: 40 01 50 01 60 01 70 01 80 01 90 01 a0 01 b0 01  @.P.`.p.........
00002d10: c0 01 d0 01 e0 01 f0 01 00 02 10 02 20 02 30 02  ............ .0.
00002d20: 40 02 50 02 60 02 70 02 80 02 90 02 a0 02 b0 02  @.P.`.p.........
00002d30: c0 02 d0 02 e0 02 f0 02 00 03 10 03 20 03 30 03  ............ .0.
00002d40: 40 03 50 03 60 03 70 03 80 03 90 03 a0 03 b0 03  @.P.`.p.........
00002d50: c0 03 d0 03 e0 03 f0 03 ff 03 00 00 10 00 20 00  .............. .
00002d60: 30 00 40 00 50 00 60 00 70 00 80 00 90 00 a0 00  0.@.P.`.p.......
00002d70: b0 00 c0 00 d0 00 e0 00 f0 00 00 01 10 01 20 01  .............. .
00002d80: 30 01 40 01 50 01 60 01 70 01 80 01 90 01 a0 01  0.@.P.`.p.......
00002d90: b0 01 c0 01 d0 01 e0 01 f0 01 00 02 10 02 20 02  .............. .
00002da0: 30 02 40 02 50 02 60 02 70 02 80 02 90 02 a0 02  0.@.P.`.p.......
00002db0: b0 02 c0 02 d0 02 e0 02 f0 02 00 03 10 03 20 03  .............. .
00002dc0: 30 03 40 03 50 03 60 03 70 03 80 03 90 03 a0 03  0.@.P.`.p.......
00002dd0: b0 03 c0 03 d0 03 e0 03 f0 03 ff 03 00 00 28 00  ..............(.
00002de0: 45 00 58 00 6a 00 7c 00 8c 00 9c 00 ac 00 bb 00  E.X.j.|.........
00002df0: ca 00 d9 00 e7 00 f6 00 04 01 13 01 21 01 30 01  ............!.0.
00002e00: 3e 01 4d 01 5c 01 6b 01 79 01 88 01 97 01 a6 01  >.M.\.k.y.......
00002e10: b5 01 c4 01 d3 01 e2 01 f1 01 00 02 0f 02 1e 02  ................
00002e20: 2e 02 3d 02 4c 02 5c 02 6b 02 7a 02 8a 02 99 02  ..=.L.\.k.z.....
00002e30: a8 02 b8 02 c7 02 d7 02 e6 02 f6 02 05 03 15 03  ................
00002e40: 25 03 34 03 44 03 53 03 63 03 73 03 82 03 92 03  %.4.D.S.c.s.....
00002e50: a1 03 b1 03 c1 03 d0 03 e0 03 f0 03 ff 03 00 00  ................
00002e60: 11 00 21 00 32 00 43 00 54 00 67 00 7a 00 8e 00  ..!.2.C.T.g.z...
00002e70: a2 00 b7 00 cc 00 e2 00 f7 00 0d 01 23 01 39 01  ............#.9.
00002e80: 50 01 66 01 7c 01 92 01 a8 01 be 01 d4 01 ea 01  P.f.|...........
00002e90: ff 01 14 02 29 02 3d 02 51 02 65 02 78 02 8b 02  ....).=.Q.e.x...
00002ea0: 9d 02 ae 02 bf 02 cf 02 de 02 ed 02 fb 02 08 03  ................
00002eb0: 14 03 20 03 2a 03 33 03 3c 03 43 03 4a 03 50 03  .. .*.3.<.C.J.P.
00002ec0: 55 03 5b 03 61 03 68 03 6f 03 78 03 81 03 8c 03  U.[.a.h.o.x.....
00002ed0: 98 03 a5 03 b3 03 c2 03 d1 03 e0 03 f0 03 ff 03  ................
00002ee0: 00 00 10 00 20 00 30 00 40 00 50 00 60 00 70 00  .... .0.@.P.`.p.
00002ef0: 80 00 90 00 a0 00 b0 00 c0 00 d0 00 e0 00 f0 00  ................
00002f00: 00 01 10 01 20 01 30 01 40 01 50 01 60 01 70 01  .... .0.@.P.`.p.
00002f10: 80 01 90 01 a0 01 b0 01 c0 01 d0 01 e0 01 f0 01  ................
00002f20: 00 02 10 02 20 02 30 02 40 02 50 02 60 02 70 02  .... .0.@.P.`.p.
00002f30: 80 02 90 02 a0 02 b0 02 c0 02 d0 02 e0 02 f0 02  ................
00002f40: 00 03 10 03 20 03 30 03 40 03 50 03 60 03 70 03  .... .0.@.P.`.p.
00002f50: 80 03 90 03 a0 03 b0 03 c0 03 d0 03 e0 03 f0 03  ................
00002f60: ff 03 00 00 40 00 00 00 00 00 00 00 00 00 00 00  ....@...........
00002f70: 00 00 00 00 00 00 00 00 00 00 00 00 00 00 00 00  ................
00002f80: 00 00 00 00 40 00 00 00 00 00 00 00 00 00 00 00  ....@...........
00002f90: 00 00 00 00 00 00 00 00 00 00 00 00 00 00 00 00  ................
00002fa0: 00 00 00 00 40 00 00 00 00 00 00 00 00 00 00 00  ....@...........
00002fb0: 00 00 00 00 00 00 00 00 00 00 00 00 00 00 00 00  ................
00002fc0: 00 00 00 00 01 00 03 00 0e 00 40 00 00 00 00 00  ..........@.....
00002fd0: 00 00 00 00 00 00 00 00 00 00 00 00 00 00 00 00  ................
00002fe0: 00 00 00 00 05 00 0b 00 2d 00 36 00 40 00 00 00  ........-.6.@...
00002ff0: 00 00 00 00 00 00 00 00 00 00 00 00 00 00 00 00  ................
00003000: 00 00 00 00 40 00 00 00 00 00 00 00 00 00 00 00  ....@...........
00003010: 00 00 00 00 00 00 00 00 00 00 00 00 00 00 00 00  ................
00003020: 00 00 01 00 40 00 80 00 00 01 08 00 00 00 01 00  ....@...........
00003030: 00 00 00 00 00 00 60 00 c0 00 00 00 10 00 20 00  ......`....... .
00003040: 30 00 40 00 50 00 60 00 70 00 80 00 90 00 a0 00  0.@.P.`.p.......
00003050: b0 00 c0 00 d0 00 e0 00 f0 00 00 01 10 01 20 01  .............. .
00003060: 30 01 40 01 50 01 60 01 70 01 80 01 90 01 a0 01  0.@.P.`.p.......
00003070: b0 01 c0 01 d0 01 e0 01 f0 01 00 02 10 02 20 02  .............. .
00003080: 30 02 40 02 50 02 60 02 70 02 80 02 90 02 a0 02  0.@.P.`.p.......
00003090: b0 02 c0 02 d0 02 e0 02 f0 02 00 03 10 03 20 03  .............. .
000030a0: 30 03 40 03 50 03 60 03 70 03 80 03 90 03 a0 03  0.@.P.`.p.......
000030b0: b0 03 c0 03 d0 03 e0 03 f0 03 ff 03 00 00 10 00  ................
000030c0: 20 00 30 00 40 00 50 00 60 00 70 00 80 00 90 00   .0.@.P.`.p.....
000030d0: a0 00 b0 00 c0 00 d0 00 e0 00 f0 00 00 01 10 01  ................
000030e0: 20 01 30 01 40 01 50 01 60 01 70 01 80 01 90 01   .0.@.P.`.p.....
000030f0: a0 01 b0 01 c0 01 d0 01 e0 01 f0 01 00 02 10 02  ................
00003100: 20 02 30 02 40 02 50 02 60 02 70 02 80 02 90 02   .0.@.P.`.p.....
00003110: a0 02 b0 02 c0 02 d0 02 e0 02 f0 02 00 03 10 03  ................
00003120: 20 03 30 03 40 03 50 03 60 03 70 03 80 03 90 03   .0.@.P.`.p.....
00003130: a0 03 b0 03 c0 03 d0 03 e0 03 f0 03 ff 03 00 00  ................
00003140: 10 00 20 00 30 00 40 00 50 00 60 00 70 00 80 00  .. .0.@.P.`.p...
00003150: 90 00 a0 00 b0 00 c0 00 d0 00 e0 00 f0 00 00 01  ................
00003160: 10 01 20 01 30 01 40 01 50 01 60 01 70 01 80 01  .. .0.@.P.`.p...
00003170: 90 01 a0 01 b0 01 c0 01 d0 01 e0 01 f0 01 00 02  ................
00003180: 10 02 20 02 30 02 40 02 50 02 60 02 70 02 80 02  .. .0.@.P.`.p...
00003190: 90 02 a0 02 b0 02 c0 02 d0 02 e0 02 f0 02 00 03  ................
000031a0: 10 03 20 03 30 03 40 03 50 03 60 03 70 03 80 03  .. .0.@.P.`.p...
000031b0: 90 03 a0 03 b0 03 c0 03 d0 03 e0 03 f0 03 ff 03  ................
000031c0: 00 00 24 00 41 00 57 00 68 00 79 00 89 00 98 00  ..$.A.W.h.y.....
000031d0: a8 00 b7 00 c6 00 d6 00 e5 00 f4 00 03 01 12 01  ................
000031e0: 21 01 30 01 3f 01 4e 01 5e 01 6d 01 7c 01 8b 01  !.0.?.N.^.m.|...
000031f0: 9a 01 a9 01 b9 01 c8 01 d7 01 e6 01 f5 01 05 02  ................
00003200: 14 02 23 02 32 02 42 02 51 02 60 02 70 02 7f 02  ..#.2.B.Q.`.p...
00003210: 8e 02 9e 02 ad 02 bc 02 cc 02 db 02 ea 02 fa 02  ................
00003220: 09 03 18 03 28 03 37 03 47 03 56 03 65 03 75 03  ....(.7.G.V.e.u.
00003230: 84 03 94 03 a3 03 b2 03 c2 03 d1 03 e1 03 f0 03  ................
00003240: ff 03 00 00 11 00 22 00 33 00 44 00 54 00 65 00  ......".3.D.T.e.
00003250: 77 00 88 00 9a 00 ab 00 be 00 d0 00 e3 00 f7 00  w...............
00003260: 0a 01 1f 01 33 01 47 01 5c 01 71 01 86 01 9b 01  ....3.G.\.q.....
00003270: b0 01 c5 01 da 01 ee 01 03 02 17 02 2c 02 3f 02  ............,.?.
00003280: 53 02 66 02 79 02 8b 02 9d 02 ae 02 bf 02 cf 02  S.f.y...........
00003290: de 02 ed 02 fb 02 08 03 14 03 20 03 2a 03 34 03  .......... .*.4.
000032a0: 3c 03 44 03 4c 03 53 03 5a 03 62 03 6a 03 74 03  <.D.L.S.Z.b.j.t.
000032b0: 7e 03 8a 03 96 03 a4 03 b2 03 c1 03 d0 03 e0 03  ~...............
000032c0: ef 03 ff 03 00 00 10 00 20 00 30 00 40 00 50 00  ........ .0.@.P.
000032d0: 60 00 70 00 80 00 90 00 a0 00 b0 00 c0 00 d0 00  `.p.............
000032e0: e0 00 f0 00 00 01 10 01 20 01 30 01 40 01 50 01  ........ .0.@.P.
000032f0: 60 01 70 01 80 01 90 01 a0 01 b0 01 c0 01 d0 01  `.p.............
00003300: e0 01 f0 01 00 02 10 02 20 02 30 02 40 02 50 02  ........ .0.@.P.
00003310: 60 02 70 02 80 02 90 02 a0 02 b0 02 c0 02 d0 02  `.p.............
00003320: e0 02 f0 02 00 03 10 03 20 03 30 03 40 03 50 03  ........ .0.@.P.
00003330: 60 03 70 03 80 03 90 03 a0 03 b0 03 c0 03 d0 03  `.p.............
00003340: e0 03 f0 03 ff 03 00 00 40 00 00 00 00 00 00 00  ........@.......
00003350: 00 00 00 00 00 00 00 00 00 00 00 00 00 00 00 00  ................
00003360: 00 00 00 00 00 00 00 00 40 00 00 00 00 00 00 00  ........@.......
00003370: 00 00 00 00 00 00 00 00 00 00 00 00 00 00 00 00  ................
00003380: 00 00 00 00 00 00 00 00 40 00 00 00 00 00 00 00  ........@.......
00003390: 00 00 00 00 00 00 00 00 00 00 00 00 00 00 00 00  ................
000033a0: 00 00 00 00 00 00 00 00 01 00 04 00 07 00 11 00  ................
000033b0: 40 00 00 00 00 00 00 00 00 00 00 00 00 00 00 00  @...............
000033c0: 00 00 00 00 00 00 00 00 05 00 0c 00 2e 00 36 00  ..............6.
000033d0: 40 00 00 00 00 00 00 00 00 00 00 00 00 00 00 00  @...............
000033e0: 00 00 00 00 00 00 00 00 40 00 00 00 00 00 00 00  ........@.......
000033f0: 00 00 00 00 00 00 00 00 00 00 00 00 00 00 00 00  ................
00003400: 00 00 00 00 00 00 01 00 40 00 80 00 f0 00 1f 00  ........@.......
00003410: 00 00 00 00 00 00 00 00 00 00 60 00 c0 00 00 00  ..........`.....
00003420: 10 00 20 00 30 00 40 00 50 00 60 00 70 00 80 00  .. .0.@.P.`.p...
00003430: 90 00 a0 00 b0 00 c0 00 d0 00 e0 00 f0 00 00 01  ................
00003440: 10 01 20 01 30 01 40 01 50 01 60 01 70 01 80 01  .. .0.@.P.`.p...
00003450: 90 01 a0 01 b0 01 c0 01 d0 01 e0 01 f0 01 00 02  ................
00003460: 10 02 20 02 30 02 40 02 50 02 60 02 70 02 80 02  .. .0.@.P.`.p...
00003470: 90 02 a0 02 b0 02 c0 02 d0 02 e0 02 f0 02 00 03  ................
00003480: 10 03 20 03 30 03 40 03 50 03 60 03 70 03 80 03  .. .0.@.P.`.p...
00003490: 90 03 a0 03 b0 03 c0 03 d0 03 e0 03 f0 03 ff 03  ................
000034a0: 00 00 10 00 20 00 30 00 40 00 50 00 60 00 70 00  .... .0.@.P.`.p.
000034b0: 80 00 90 00 a0 00 b0 00 c0 00 d0 00 e0 00 f0 00  ................
000034c0: 00 01 10 01 20 01 30 01 40 01 50 01 60 01 70 01  .... .0.@.P.`.p.
000034d0: 80 01 90 01 a0 01 b0 01 c0 01 d0 01 e0 01 f0 01  ................
000034e0: 00 02 10 02 20 02 30 02 40 02 50 02 60 02 70 02  .... .0.@.P.`.p.
000034f0: 80 02 90 02 a0 02 b0 02 c0 02 d0 02 e0 02 f0 02  ................
00003500: 00 03 10 03 20 03 30 03 40 03 50 03 60 03 70 03  .... .0.@.P.`.p.
00003510: 80 03 90 03 a0 03 b0 03 c0 03 d0 03 e0 03 f0 03  ................
00003520: ff 03 00 00 10 00 20 00 30 00 40 00 50 00 60 00  ...... .0.@.P.`.
00003530: 70 00 80 00 90 00 a0 00 b0 00 c0 00 d0 00 e0 00  p...............
00003540: f0 00 00 01 10 01 20 01 30 01 40 01 50 01 60 01  ...... .0.@.P.`.
00003550: 70 01 80 01 90 01 a0 01 b0 01 c0 01 d0 01 e0 01  p...............
00003560: f0 01 00 02 10 02 20 02 30 02 40 02 50 02 60 02  ...... .0.@.P.`.
00003570: 70 02 80 02 90 02 a0 02 b0 02 c0 02 d0 02 e0 02  p...............
00003580: f0 02 00 03 10 03 20 03 30 03 40 03 50 03 60 03  ...... .0.@.P.`.
00003590: 70 03 80 03 90 03 a0 03 b0 03 c0 03 d0 03 e0 03  p...............
000035a0: f0 03 ff 03 00 00 10 00 20 00 30 00 40 00 50 00  ........ .0.@.P.
000035b0: 60 00 70 00 80 00 90 00 a0 00 b0 00 c0 00 d0 00  `.p.............
000035c0: e0 00 f0 00 00 01 10 01 20 01 30 01 40 01 50 01  ........ .0.@.P.
000035d0: 60 01 70 01 80 01 90 01 a0 01 b0 01 c0 01 d0 01  `.p.............
000035e0: e0 01 f0 01 00 02 10 02 20 02 30 02 40 02 50 02  ........ .0.@.P.
000035f0: 60 02 70 02 80 02 90 02 a0 02 b0 02 c0 02 d0 02  `.p.............
00003600: e0 02 f0 02 00 03 10 03 20 03 30 03 40 03 50 03  ........ .0.@.P.
00003610: 60 03 70 03 80 03 90 03 a0 03 b0 03 c0 03 d0 03  `.p.............
00003620: e0 03 f0 03 ff 03 00 00 11 00 21 00 31 00 41 00  ..........!.1.A.
00003630: 52 00 62 00 73 00 83 00 94 00 a5 00 b7 00 c8 00  R.b.s...........
00003640: da 00 ec 00 ff 00 12 01 25 01 38 01 4c 01 60 01  ........%.8.L.`.
00003650: 75 01 89 01 9e 01 b3 01 c8 01 dc 01 f1 01 05 02  u...............
00003660: 19 02 2c 02 3f 02 51 02 63 02 75 02 86 02 97 02  ..,.?.Q.c.u.....
00003670: a7 02 b7 02 c7 02 d6 02 e5 02 f4 02 02 03 10 03  ................
00003680: 1e 03 2b 03 38 03 45 03 52 03 5f 03 6b 03 77 03  ..+.8.E.R._.k.w.
00003690: 83 03 8f 03 9a 03 a6 03 b1 03 bd 03 c8 03 d3 03  ................
000036a0: de 03 e9 03 f4 03 ff 03 00 00 10 00 20 00 30 00  ............ .0.
000036b0: 40 00 50 00 60 00 70 00 80 00 90 00 a0 00 b0 00  @.P.`.p.........
000036c0: c0 00 d0 00 e0 00 f0 00 00 01 10 01 20 01 30 01  ............ .0.
000036d0: 40 01 50 01 60 01 70 01 80 01 90 01 a0 01 b0 01  @.P.`.p.........
000036e0: c0 01 d0 01 e0 01 f0 01 00 02 10 02 20 02 30 02  ............ .0.
000036f0: 40 02 50 02 60 02 70 02 80 02 90 02 a0 02 b0 02  @.P.`.p.........
00003700: c0 02 d0 02 e0 02 f0 02 00 03 10 03 20 03 30 03  ............ .0.
00003710: 40 03 50 03 60 03 70 03 80 03 90 03 a0 03 b0 03  @.P.`.p.........
00003720: c0 03 d0 03 e0 03 f0 03 ff 03 00 00 40 00 00 00  ............@...
00003730: 00 00 00 00 00 00 00 00 00 00 00 00 00 00 00 00  ................
00003740: 00 00 00 00 00 00 00 00 00 00 00 00 40 00 00 00  ............@...
00003750: 00 00 00 00 00 00 00 00 00 00 00 00 00 00 00 00  ................
00003760: 00 00 00 00 00 00 00 00 00 00 00 00 40 00 00 00  ............@...
00003770: 00 00 00 00 00 00 00 00 00 00 00 00 00 00 00 00  ................
00003780: 00 00 00 00 00 00 00 00 00 00 00 00 40 00 00 00  ............@...
00003790: 00 00 00 00 00 00 00 00 00 00 00 00 00 00 00 00  ................
000037a0: 00 00 00 00 00 00 00 00 00 00 00 00 12 00 1e 00  ................
000037b0: 40 00 00 00 00 00 00 00 00 00 00 00 00 00 00 00  @...............
000037c0: 00 00 00 00 00 00 00 00 00 00 00 00 40 00 00 00  ............@...
000037d0: 00 00 00 00 00 00 00 00 00 00 00 00 00 00 00 00  ................
000037e0: 00 00 00 00 00 00 00 00 00 00 00 00 40 00 80 00  ............@...
000037f0: c8 00 00 00 00 00 00 00 00 00 00 00 00 00 00 00  ................
00003800: 00 00 00 00 10 00 20 00 30 00 40 00 50 00 60 00  ...... .0.@.P.`.
00003810: 70 00 80 00 90 00 a0 00 b0 00 c0 00 d0 00 e0 00  p...............
00003820: f0 00 00 01 10 01 20 01 30 01 40 01 50 01 60 01  ...... .0.@.P.`.
00003830: 70 01 80 01 90 01 a0 01 b0 01 c0 01 d0 01 e0 01  p...............
00003840: f0 01 00 02 10 02 20 02 30 02 40 02 50 02 60 02  ...... .0.@.P.`.
00003850: 70 02 80 02 90 02 a0 02 b0 02 c0 02 d0 02 e0 02  p...............
00003860: f0 02 00 03 10 03 20 03 30 03 40 03 50 03 60 03  ...... .0.@.P.`.
00003870: 70 03 80 03 90 03 a0 03 b0 03 c0 03 d0 03 e0 03  p...............
00003880: f0 03 ff 03 00 00 10 00 20 00 30 00 40 00 50 00  ........ .0.@.P.
00003890: 60 00 70 00 80 00 90 00 a0 00 b0 00 c0 00 d0 00  `.p.............
000038a0: e0 00 f0 00 00 01 10 01 20 01 30 01 40 01 50 01  ........ .0.@.P.
000038b0: 60 01 70 01 80 01 90 01 a0 01 b0 01 c0 01 d0 01  `.p.............
000038c0: e0 01 f0 01 00 02 10 02 20 02 30 02 40 02 50 02  ........ .0.@.P.
000038d0: 60 02 70 02 80 02 90 02 a0 02 b0 02 c0 02 d0 02  `.p.............
000038e0: e0 02 f0 02 00 03 10 03 20 03 30 03 40 03 50 03  ........ .0.@.P.
000038f0: 60 03 70 03 80 03 90 03 a0 03 b0 03 c0 03 d0 03  `.p.............
00003900: e0 03 f0 03 ff 03 00 00 10 00 20 00 30 00 40 00  .......... .0.@.
00003910: 50 00 60 00 70 00 80 00 90 00 a0 00 b0 00 c0 00  P.`.p...........
00003920: d0 00 e0 00 f0 00 00 01 10 01 20 01 30 01 40 01  .......... .0.@.
00003930: 50 01 60 01 70 01 80 01 90 01 a0 01 b0 01 c0 01  P.`.p...........
00003940: d0 01 e0 01 f0 01 00 02 10 02 20 02 30 02 40 02  .......... .0.@.
00003950: 50 02 60 02 70 02 80 02 90 02 a0 02 b0 02 c0 02  P.`.p...........
00003960: d0 02 e0 02 f0 02 00 03 10 03 20 03 30 03 40 03  .......... .0.@.
00003970: 50 03 60 03 70 03 80 03 90 03 a0 03 b0 03 c0 03  P.`.p...........
00003980: d0 03 e0 03 f0 03 ff 03 00 00 00 00 00 00 00 00  ................
00003990: 00 00 00 00 00 00 00 00 00 00 00 00 00 00 00 00  ................
000039a0: 00 00 00 00 00 00 00 00 00 00 00 00 00 00 00 00  ................
000039b0: 00 00 00 00 00 00 00 00 00 00 00 00 00 00 00 00  ................
000039c0: 00 00 00 00 00 00 00 00 00 00 00 00 00 00 00 00  ................
000039d0: 00 00 00 00 00 00 00 00 00 00 00 00 00 00 00 00  ................
000039e0: 00 00 00 00 00 00 00 00 00 00 00 00 00 00 00 00  ................
000039f0: 00 00 00 00 00 00 00 00 00 00 00 00 00 00 00 00  ................
00003a00: 00 00 00 00 00 00 00 00 00 00 00 00 00 00 00 00  ................
00003a10: 00 00 00 00 00 00 00 00 00 00 00 00 00 00 00 00  ................
00003a20: 00 00 00 00 00 00 00 00 00 00 00 00 00 00 00 00  ................
00003a30: 00 00 00 00 00 00 00 00 00 00 00 00 00 00 00 00  ................
00003a40: 00 00 00 00 00 00 00 00 00 00 00 00 00 00 00 00  ................
00003a50: 00 00 00 00 00 00 00 00 00 00 00 00 00 00 00 00  ................
00003a60: 00 00 00 00 00 00 00 00 00 00 00 00 00 00 00 00  ................
00003a70: 00 00 00 00 00 00 00 00 00 00 00 00 00 00 00 00  ................
00003a80: 00 00 00 00 00 00 00 00 00 00 00 00 00 00 00 00  ................
00003a90: 00 00 00 00 00 00 00 00 00 00 00 00 00 00 00 00  ................
00003aa0: 00 00 00 00 00 00 00 00 00 00 00 00 00 00 00 00  ................
00003ab0: 00 00 00 00 00 00 00 00 00 00 00 00 00 00 00 00  ................
00003ac0: 00 00 00 00 00 00 00 00 00 00 00 00 00 00 00 00  ................
00003ad0: 00 00 00 00 00 00 00 00 00 00 00 00 00 00 00 00  ................
00003ae0: 00 00 00 00 00 00 00 00 00 00 00 00 00 00 00 00  ................
00003af0: 00 00 00 00 00 00 00 00 00 00 00 00 00 00 00 00  ................
00003b00: 00 00 00 00 00 00 00 00 00 00 00 00 00 00 00 00  ................
00003b10: 40 00 00 00 00 00 00 00 00 00 00 00 00 00 00 00  @...............
00003b20: 00 00 00 00 00 00 00 00 00 00 00 00 00 00 00 00  ................
00003b30: 40 00 00 00 00 00 00 00 00 00 00 00 00 00 00 00  @...............
00003b40: 00 00 00 00 00 00 00 00 00 00 00 00 00 00 00 00  ................
00003b50: 40 00 00 00 00 00 00 00 00 00 00 00 00 00 00 00  @...............
00003b60: 00 00 00 00 00 00 00 00 00 00 00 00 00 00 00 00  ................
00003b70: 08 00 10 00 18 00 20 00 28 00 30 00 38 00 00 00  ...... .(.0.8...
00003b80: 00 00 00 00 00 00 00 00 00 00 00 00 00 00 00 00  ................
00003b90: 08 00 10 00 18 00 20 00 28 00 30 00 38 00 00 00  ...... .(.0.8...
00003ba0: 00 00 00 00 00 00 00 00 00 00 00 00 00 00 00 00  ................
00003bb0: 08 00 10 00 18 00 20 00 28 00 30 00 38 00 00 00  ...... .(.0.8...
00003bc0: 00 00 00 00 00 00 00 00 00 00 00 00 00 00 00 00  ................
00003bd0: 00 00 01 00 00 00 00 00 00 00 00 00 00 00 00 00  ................
00003be0: 00 00 00 00 00 00 00 00 10 00 20 00 30 00 40 00  .......... .0.@.
00003bf0: 50 00 60 00 70 00 80 00 90 00 a0 00 b0 00 c0 00  P.`.p...........
00003c00: d0 00 e0 00 f0 00 00 01 10 01 20 01 30 01 40 01  .......... .0.@.
00003c10: 50 01 60 01 70 01 80 01 90 01 a0 01 b0 01 c0 01  P.`.p...........
00003c20: d0 01 e0 01 f0 01 00 02 10 02 20 02 30 02 40 02  .......... .0.@.
00003c30: 50 02 60 02 70 02 80 02 90 02 a0 02 b0 02 c0 02  P.`.p...........
00003c40: d0 02 e0 02 f0 02 00 03 10 03 20 03 30 03 40 03  .......... .0.@.
00003c50: 50 03 60 03 70 03 80 03 90 03 a0 03 b0 03 c0 03  P.`.p...........
00003c60: d0 03 e0 03 f0 03 ff 03 00 00 10 00 20 00 30 00  ............ .0.
00003c70: 40 00 50 00 60 00 70 00 80 00 90 00 a0 00 b0 00  @.P.`.p.........
00003c80: c0 00 d0 00 e0 00 f0 00 00 01 10 01 20 01 30 01  ............ .0.
00003c90: 40 01 50 01 60 01 70 01 80 01 90 01 a0 01 b0 01  @.P.`.p.........
00003ca0: c0 01 d0 01 e0 01 f0 01 00 02 10 02 20 02 30 02  ............ .0.
00003cb0: 40 02 50 02 60 02 70 02 80 02 90 02 a0 02 b0 02  @.P.`.p.........
00003cc0: c0 02 d0 02 e0 02 f0 02 00 03 10 03 20 03 30 03  ............ .0.
00003cd0: 40 03 50 03 60 03 70 03 80 03 90 03 a0 03 b0 03  @.P.`.p.........
00003ce0: c0 03 d0 03 e0 03 f0 03 ff 03 00 00 10 00 20 00  .............. .
00003cf0: 30 00 40 00 50 00 60 00 70 00 80 00 90 00 a0 00  0.@.P.`.p.......
00003d00: b0 00 c0 00 d0 00 e0 00 f0 00 00 01 10 01 20 01  .............. .
00003d10: 30 01 40 01 50 01 60 01 70 01 80 01 90 01 a0 01  0.@.P.`.p.......
00003d20: b0 01 c0 01 d0 01 e0 01 f0 01 00 02 10 02 20 02  .............. .
00003d30: 30 02 40 02 50 02 60 02 70 02 80 02 90 02 a0 02  0.@.P.`.p.......
00003d40: b0 02 c0 02 d0 02 e0 02 f0 02 00 03 10 03 20 03  .............. .
00003d50: 30 03 40 03 50 03 60 03 70 03 80 03 90 03 a0 03  0.@.P.`.p.......
00003d60: b0 03 c0 03 d0 03 e0 03 f0 03 ff 03 00 00 10 00  ................
00003d70: 20 00 30 00 40 00 50 00 60 00 70 00 80 00 90 00   .0.@.P.`.p.....
00003d80: a0 00 b0 00 c0 00 d0 00 e0 00 f0 00 00 01 10 01  ................
00003d90: 20 01 30 01 40 01 50 01 60 01 70 01 80 01 90 01   .0.@.P.`.p.....
00003da0: a0 01 b0 01 c0 01 d0 01 e0 01 f0 01 00 02 10 02  ................
00003db0: 20 02 30 02 40 02 50 02 60 02 70 02 80 02 90 02   .0.@.P.`.p.....
00003dc0: a0 02 b0 02 c0 02 d0 02 e0 02 f0 02 00 03 10 03  ................
00003dd0: 20 03 30 03 40 03 50 03 60 03 70 03 80 03 90 03   .0.@.P.`.p.....
00003de0: a0 03 b0 03 c0 03 d0 03 e0 03 f0 03 ff 03 00 00  ................
00003df0: 10 00 20 00 30 00 40 00 50 00 60 00 70 00 80 00  .. .0.@.P.`.p...
00003e00: 90 00 a0 00 b0 00 c0 00 d0 00 e0 00 f0 00 00 01  ................
00003e10: 10 01 20 01 30 01 40 01 50 01 60 01 70 01 80 01  .. .0.@.P.`.p...
00003e20: 90 01 a0 01 b0 01 c0 01 d0 01 e0 01 f0 01 00 02  ................
00003e30: 10 02 20 02 30 02 40 02 50 02 60 02 70 02 80 02  .. .0.@.P.`.p...
00003e40: 90 02 a0 02 b0 02 c0 02 d0 02 e0 02 f0 02 00 03  ................
00003e50: 10 03 20 03 30 03 40 03 50 03 60 03 70 03 80 03  .. .0.@.P.`.p...
00003e60: 90 03 a0 03 b0 03 c0 03 d0 03 e0 03 f0 03 ff 03  ................
00003e70: 00 00 10 00 20 00 30 00 40 00 50 00 60 00 70 00  .... .0.@.P.`.p.
00003e80: 80 00 90 00 a0 00 b0 00 c0 00 d0 00 e0 00 f0 00  ................
00003e90: 00 01 10 01 20 01 30 01 40 01 50 01 60 01 70 01  .... .0.@.P.`.p.
00003ea0: 80 01 90 01 a0 01 b0 01 c0 01 d0 01 e0 01 f0 01  ................
00003eb0: 00 02 10 02 20 02 30 02 40 02 50 02 60 02 70 02  .... .0.@.P.`.p.
00003ec0: 80 02 90 02 a0 02 b0 02 c0 02 d0 02 e0 02 f0 02  ................
00003ed0: 00 03 10 03 20 03 30 03 40 03 50 03 60 03 70 03  .... .0.@.P.`.p.
00003ee0: 80 03 90 03 a0 03 b0 03 c0 03 d0 03 e0 03 f0 03  ................
00003ef0: ff 03 00 00 40 00 00 00 00 00 00 00 00 00 00 00  ....@...........
00003f00: 00 00 00 00 00 00 00 00 00 00 00 00 00 00 00 00  ................
00003f10: 00 00 00 00 40 00 00 00 00 00 00 00 00 00 00 00  ....@...........
00003f20: 00 00 00 00 00 00 00 00 00 00 00 00 00 00 00 00  ................
00003f30: 00 00 00 00 40 00 00 00 00 00 00 00 00 00 00 00  ....@...........
00003f40: 00 00 00 00 00 00 00 00 00 00 00 00 00 00 00 00  ................
00003f50: 00 00 00 00 08 00 10 00 18 00 20 00 28 00 30 00  .......... .(.0.
00003f60: 38 00 00 00 00 00 00 00 00 00 00 00 00 00 00 00  8...............
00003f70: 00 00 00 00 08 00 10 00 18 00 20 00 28 00 30 00  .......... .(.0.
00003f80: 38 00 00 00 00 00 00 00 00 00 00 00 00 00 00 00  8...............
00003f90: 00 00 00 00 08 00 10 00 18 00 20 00 28 00 30 00  .......... .(.0.
00003fa0: 38 00 00 00 00 00 00 00 00 00 00 00 00 00 00 00  8...............
00003fb0: 00 00 00 00 00 00 01 00 00 00 0b 00 58 2b 01 00  ............X+..
00003fc0: 01 00 04 00 01 00 03 00 03 00 01 00 18 00 00 00  ................
00003fd0: 00 00 82 ff 82 ff 82 ff 82 ff 80 ff 7e ff 7c ff  ............~.|.
00003fe0: 7a ff 78 ff 76 ff 74 ff 72 ff 70 ff 6e ff 6c ff  z.x.v.t.r.p.n.l.
00003ff0: 6a ff 68 ff 66 ff 64 ff 64 ff 62 ff 60 ff 5e ff  j.h.f.d.d.b.`.^.
00004000: 5c ff 5c ff 5a ff 58 ff 58 ff 56 ff 54 ff 54 ff  \.\.Z.X.X.V.T.T.
00004010: 52 ff 52 ff 50 ff 50 ff 4e ff 4e ff 4c ff 4c ff  R.R.P.P.N.N.L.L.
00004020: 4c ff 4a ff 4a ff 4a ff 4a ff 4a ff 4a ff 4a ff  L.J.J.J.J.J.J.J.
00004030: 4a ff 4a ff 4a ff 4a ff 4a ff 4a ff 4c ff 4c ff  J.J.J.J.J.J.L.L.
00004040: 4c ff 4e ff 4e ff 50 ff 50 ff 52 ff 54 ff 56 ff  L.N.N.P.P.R.T.V.
00004050: 58 ff 58 ff 5a ff 5c ff 5e ff 60 ff 64 ff 66 ff  X.X.Z.\.^.`.d.f.
00004060: 68 ff 6a ff 6c ff 70 ff 72 ff 74 ff 78 ff 7a ff  h.j.l.p.r.t.x.z.
00004070: 7c ff 80 ff 82 ff 86 ff 88 ff 8c ff 8e ff 92 ff  |...............
00004080: 96 ff 98 ff 9c ff 9e ff a2 ff a4 ff a8 ff ac ff  ................
00004090: ae ff b2 ff b4 ff b8 ff ba ff be ff c0 ff c4 ff  ................
000040a0: c6 ff ca ff cc ff d0 ff d2 ff d6 ff d8 ff da ff  ................
000040b0: de ff e0 ff e2 ff e4 ff e6 ff e8 ff ea ff ee ff  ................
000040c0: f0 ff f0 ff f2 ff f4 ff f6 ff f8 ff fa ff fc ff  ................
000040d0: fe ff 00 00 04 00 06 00 08 00 0c 00 0e 00 10 00  ................
000040e0: 14 00 16 00 18 00 1c 00 1e 00 22 00 24 00 26 00  ..........".$.&.
000040f0: 28 00 2c 00 2e 00 30 00 32 00 36 00 38 00 3a 00  (.,...0.2.6.8.:.
00004100: 3c 00 3e 00 40 00 44 00 46 00 48 00 4a 00 4c 00  <.>.@.D.F.H.J.L.
00004110: 4e 00 50 00 52 00 54 00 56 00 58 00 58 00 5a 00  N.P.R.T.V.X.X.Z.
00004120: 5c 00 5e 00 60 00 62 00 64 00 64 00 66 00 68 00  \.^.`.b.d.d.f.h.
00004130: 68 00 6a 00 6c 00 6c 00 6e 00 70 00 70 00 72 00  h.j.l.l.n.p.p.r.
00004140: 72 00 74 00 74 00 76 00 76 00 78 00 78 00 7a 00  r.t.t.v.v.x.x.z.
00004150: 7a 00 7c 00 7c 00 7c 00 7c 00 7e 00 7e 00 7e 00  z.|.|.|.|.~.~.~.
00004160: 7e 00 80 00 80 00 80 00 80 00 80 00 80 00 80 00  ~...............
00004170: 82 00 82 00 82 00 82 00 82 00 82 00 82 00 80 00  ................
00004180: 80 00 80 00 80 00 80 00 80 00 80 00 80 00 7e 00  ..............~.
00004190: 7e 00 7e 00 7e 00 7e 00 7c 00 7c 00 7c 00 7c 00  ~.~.~.~.|.|.|.|.
000041a0: 7a 00 7a 00 7a 00 7a 00 78 00 78 00 78 00 76 00  z.z.z.z.x.x.x.v.
000041b0: 76 00 76 00 74 00 74 00 74 00 72 00 72 00 70 00  v.v.t.t.t.r.r.p.
000041c0: 70 00 70 00 6e 00 6e 00 6e 00 6c 00 6c 00 6a 00  p.p.n.n.n.l.l.j.
000041d0: 6a 00 54 ff 54 ff 54 ff 54 ff 54 ff 54 ff 54 ff  j.T.T.T.T.T.T.T.
000041e0: 54 ff 54 ff 52 ff 52 ff 52 ff 50 ff 50 ff 50 ff  T.T.R.R.R.P.P.P.
000041f0: 4e ff 4e ff 4e ff 4c ff 4c ff 4c ff 4a ff 4a ff  N.N.N.L.L.L.J.J.
00004200: 4a ff 4a ff 48 ff 48 ff 48 ff 48 ff 48 ff 46 ff  J.J.H.H.H.H.H.F.
00004210: 46 ff 46 ff 46 ff 46 ff 46 ff 46 ff 46 ff 46 ff  F.F.F.F.F.F.F.F.
00004220: 46 ff 46 ff 46 ff 48 ff 48 ff 48 ff 48 ff 4a ff  F.F.F.H.H.H.H.J.
00004230: 4a ff 4a ff 4c ff 4c ff 4e ff 4e ff 50 ff 50 ff  J.J.L.L.N.N.P.P.
00004240: 52 ff 52 ff 54 ff 56 ff 58 ff 5a ff 5a ff 5c ff  R.R.T.V.X.Z.Z.\.
00004250: 5e ff 60 ff 64 ff 66 ff 68 ff 6a ff 6c ff 6e ff  ^.`.d.f.h.j.l.n.
00004260: 72 ff 74 ff 76 ff 7a ff 7c ff 80 ff 82 ff 86 ff  r.t.v.z.|.......
00004270: 88 ff 8a ff 8e ff 92 ff 94 ff 98 ff 9a ff 9e ff  ................
00004280: a0 ff a4 ff a6 ff aa ff ac ff b0 ff b4 ff b6 ff  ................
00004290: ba ff bc ff c0 ff c2 ff c6 ff c8 ff cc ff ce ff  ................
000042a0: d0 ff d4 ff d6 ff d8 ff dc ff de ff e0 ff e2 ff  ................
000042b0: e4 ff e8 ff ea ff ec ff ee ff ee ff f0 ff f2 ff  ................
000042c0: f4 ff f6 ff f8 ff f8 ff fa ff fc ff fe ff 00 00  ................
000042d0: 02 00 02 00 06 00 08 00 0a 00 0c 00 0e 00 10 00  ................
000042e0: 14 00 16 00 18 00 1a 00 1e 00 20 00 24 00 26 00  .......... .$.&.
000042f0: 28 00 2c 00 2e 00 30 00 32 00 36 00 38 00 3a 00  (.,...0.2.6.8.:.
00004300: 3c 00 40 00 42 00 44 00 46 00 48 00 4a 00 4c 00  <.@.B.D.F.H.J.L.
00004310: 4e 00 50 00 52 00 54 00 54 00 56 00 58 00 5a 00  N.P.R.T.T.V.X.Z.
00004320: 5c 00 5c 00 5e 00 60 00 60 00 62 00 64 00 64 00  \.\.^.`.`.b.d.d.
00004330: 66 00 66 00 68 00 6a 00 6a 00 6c 00 6c 00 6c 00  f.f.h.j.j.l.l.l.
00004340: 6e 00 6e 00 70 00 70 00 70 00 72 00 72 00 72 00  n.n.p.p.p.r.r.r.
00004350: 74 00 74 00 74 00 74 00 76 00 76 00 76 00 76 00  t.t.t.t.v.v.v.v.
00004360: 76 00 78 00 78 00 78 00 78 00 78 00 78 00 78 00  v.x.x.x.x.x.x.x.
00004370: 78 00 78 00 78 00 78 00 78 00 78 00 78 00 78 00  x.x.x.x.x.x.x.x.
00004380: 78 00 78 00 78 00 78 00 78 00 78 00 78 00 78 00  x.x.x.x.x.x.x.x.
00004390: 76 00 76 00 76 00 76 00 76 00 76 00 76 00 74 00  v.v.v.v.v.v.v.t.
000043a0: 74 00 74 00 74 00 74 00 74 00 72 00 72 00 72 00  t.t.t.t.t.r.r.r.
000043b0: 72 00 72 00 70 00 70 00 70 00 70 00 6e 00 6e 00  r.r.p.p.p.p.n.n.
000043c0: 6e 00 6e 00 6c 00 6c 00 6c 00 6c 00 6a 00 6a 00  n.n.l.l.l.l.j.j.
000043d0: 6a 00 02 00 3a 00 74 00 80 00 88 00 c6 00 fe 00  j...:.t.........
000043e0: ff 00 00 00 00 00 00 00 00 00 00 00 00 00 00 00  ................
000043f0: 00 00 06 00 3c 00 74 00 80 00 92 00 fc 00 ff 00  ....<.t.........
00004400: 00 00 00 00 00 00 00 00 00 00 00 00 00 00 00 00  ................
00004410: 00 00 01 00 06 00 01 00 03 00 03 00 01 00 18 00  ................
00004420: 00 00 01 00 78 ff 77 ff 77 ff 76 ff 75 ff 74 ff  ....x.w.w.v.u.t.
00004430: 74 ff 73 ff 72 ff 71 ff 71 ff 70 ff 6f ff 6f ff  t.s.r.q.q.p.o.o.
00004440: 6e ff 6d ff 6c ff 6c ff 6b ff 6a ff 6a ff 69 ff  n.m.l.l.k.j.j.i.
00004450: 69 ff 68 ff 67 ff 67 ff 66 ff 66 ff 65 ff 65 ff  i.h.g.g.f.f.e.e.
00004460: 64 ff 64 ff 64 ff 63 ff 63 ff 62 ff 62 ff 62 ff  d.d.d.c.c.b.b.b.
00004470: 61 ff 61 ff 61 ff 61 ff 61 ff 61 ff 60 ff 60 ff  a.a.a.a.a.a.`.`.
00004480: 60 ff 60 ff 60 ff 60 ff 60 ff 61 ff 61 ff 61 ff  `.`.`.`.`.a.a.a.
00004490: 61 ff 62 ff 62 ff 62 ff 63 ff 63 ff 64 ff 64 ff  a.b.b.b.c.c.d.d.
000044a0: 65 ff 66 ff 67 ff 67 ff 68 ff 69 ff 6a ff 6c ff  e.f.g.g.h.i.j.l.
000044b0: 6d ff 6e ff 6f ff 71 ff 72 ff 74 ff 76 ff 78 ff  m.n.o.q.r.t.v.x.
000044c0: 7a ff 7c ff 7e ff 80 ff 82 ff 84 ff 87 ff 8a ff  z.|.~...........
000044d0: 8c ff 8f ff 92 ff 95 ff 98 ff 9b ff 9f ff a2 ff  ................
000044e0: a6 ff a9 ff ad ff b1 ff b5 ff b8 ff bc ff c0 ff  ................
000044f0: c3 ff c7 ff cb ff ce ff d2 ff d5 ff d8 ff db ff  ................
00004500: de ff e1 ff e4 ff e7 ff e9 ff eb ff ed ff ef ff  ................
00004510: f1 ff f3 ff f5 ff f6 ff f8 ff f9 ff fb ff fc ff  ................
00004520: fd ff ff ff 00 00 01 00 03 00 04 00 06 00 07 00  ................
00004530: 09 00 0a 00 0c 00 0e 00 10 00 12 00 14 00 16 00  ................
00004540: 19 00 1b 00 1e 00 20 00 23 00 26 00 29 00 2b 00  ...... .#.&.).+.
00004550: 2e 00 31 00 34 00 37 00 3a 00 3d 00 40 00 43 00  ..1.4.7.:.=.@.C.
00004560: 46 00 49 00 4b 00 4e 00 51 00 54 00 56 00 59 00  F.I.K.N.Q.T.V.Y.
00004570: 5b 00 5d 00 60 00 62 00 64 00 66 00 68 00 6a 00  [.].`.b.d.f.h.j.
00004580: 6c 00 6e 00 6f 00 71 00 73 00 74 00 75 00 77 00  l.n.o.q.s.t.u.w.
00004590: 78 00 79 00 7b 00 7c 00 7d 00 7e 00 7f 00 80 00  x.y.{.|.}.~.....
000045a0: 80 00 81 00 82 00 83 00 83 00 84 00 84 00 85 00  ................
000045b0: 85 00 86 00 86 00 87 00 87 00 87 00 87 00 87 00  ................
000045c0: 88 00 88 00 88 00 88 00 88 00 88 00 88 00 88 00  ................
000045d0: 88 00 88 00 88 00 88 00 88 00 88 00 88 00 88 00  ................
000045e0: 88 00 88 00 88 00 88 00 88 00 88 00 88 00 87 00  ................
000045f0: 87 00 87 00 87 00 87 00 87 00 87 00 87 00 87 00  ................
00004600: 87 00 87 00 87 00 87 00 88 00 88 00 88 00 88 00  ................
00004610: 88 00 88 00 88 00 88 00 88 00 88 00 88 00 88 00  ................
00004620: 88 00 88 00 74 ff 74 ff 73 ff 73 ff 72 ff 72 ff  ....t.t.s.s.r.r.
00004630: 71 ff 71 ff 70 ff 70 ff 6f ff 6f ff 6f ff 6e ff  q.q.p.p.o.o.o.n.
00004640: 6e ff 6d ff 6d ff 6c ff 6c ff 6b ff 6b ff 6a ff  n.m.m.l.l.k.k.j.
00004650: 6a ff 69 ff 69 ff 68 ff 68 ff 67 ff 67 ff 66 ff  j.i.i.h.h.g.g.f.
00004660: 66 ff 65 ff 65 ff 64 ff 64 ff 63 ff 63 ff 62 ff  f.e.e.d.d.c.c.b.
00004670: 62 ff 61 ff 61 ff 60 ff 60 ff 5f ff 5f ff 5e ff  b.a.a.`.`._._.^.
00004680: 5e ff 5d ff 5d ff 5c ff 5c ff 5b ff 5a ff 5a ff  ^.].].\.\.[.Z.Z.
00004690: 59 ff 59 ff 58 ff 58 ff 57 ff 57 ff 56 ff 56 ff  Y.Y.X.X.W.W.V.V.
000046a0: 55 ff 55 ff 55 ff 54 ff 54 ff 54 ff 54 ff 54 ff  U.U.U.T.T.T.T.T.
000046b0: 54 ff 54 ff 54 ff 54 ff 55 ff 55 ff 56 ff 57 ff  T.T.T.T.U.U.V.W.
000046c0: 58 ff 59 ff 5a ff 5c ff 5d ff 5f ff 61 ff 63 ff  X.Y.Z.\.]._.a.c.
000046d0: 65 ff 68 ff 6a ff 6d ff 71 ff 74 ff 77 ff 7b ff  e.h.j.m.q.t.w.{.
000046e0: 7f ff 84 ff 88 ff 8d ff 92 ff 97 ff 9d ff a2 ff  ................
000046f0: a8 ff ae ff b3 ff b9 ff bf ff c4 ff ca ff cf ff  ................
00004700: d4 ff d9 ff de ff e2 ff e6 ff ea ff ed ff f0 ff  ................
00004710: f3 ff f5 ff f7 ff f8 ff fa ff fb ff fc ff fd ff  ................
00004720: fe ff ff ff 00 00 01 00 02 00 03 00 04 00 06 00  ................
00004730: 07 00 08 00 0a 00 0b 00 0d 00 0e 00 10 00 12 00  ................
00004740: 13 00 15 00 17 00 18 00 1a 00 1c 00 1e 00 20 00  .............. .
00004750: 22 00 23 00 25 00 27 00 29 00 2b 00 2d 00 2f 00  ".#.%.'.).+.-./.
00004760: 31 00 33 00 35 00 37 00 39 00 3b 00 3d 00 3f 00  1.3.5.7.9.;.=.?.
00004770: 41 00 43 00 45 00 47 00 49 00 4b 00 4d 00 4f 00  A.C.E.G.I.K.M.O.
00004780: 51 00 53 00 55 00 57 00 59 00 5a 00 5c 00 5e 00  Q.S.U.W.Y.Z.\.^.
00004790: 60 00 62 00 63 00 65 00 67 00 68 00 6a 00 6b 00  `.b.c.e.g.h.j.k.
000047a0: 6d 00 6e 00 70 00 71 00 72 00 74 00 75 00 76 00  m.n.p.q.r.t.u.v.
000047b0: 77 00 78 00 79 00 7a 00 7b 00 7c 00 7d 00 7e 00  w.x.y.z.{.|.}.~.
000047c0: 7e 00 7f 00 7f 00 80 00 80 00 81 00 81 00 81 00  ~...............
000047d0: 81 00 81 00 81 00 81 00 81 00 80 00 80 00 80 00  ................
000047e0: 7f 00 7f 00 7e 00 7e 00 7d 00 7d 00 7c 00 7b 00  ....~.~.}.}.|.{.
000047f0: 7a 00 7a 00 79 00 78 00 78 00 77 00 76 00 75 00  z.z.y.x.x.w.v.u.
00004800: 75 00 74 00 73 00 72 00 72 00 71 00 71 00 70 00  u.t.s.r.r.q.q.p.
00004810: 6f 00 6f 00 6f 00 6e 00 6e 00 6e 00 6d 00 6d 00  o.o.o.n.n.n.m.m.
00004820: 6d 00 6d 00 00 00 30 00 5a 00 70 00 80 00 8a 00  m.m...0.Z.p.....
00004830: a4 00 c8 00 dc 00 ff 00 00 00 00 00 00 00 00 00  ................
00004840: 00 00 00 00 00 00 38 00 60 00 74 00 80 00 8c 00  ......8.`.t.....
00004850: a6 00 d6 00 fe 00 ff 00 00 00 00 00 00 00 00 00  ................
00004860: 00 00 00 00 01 00 06 00 01 00 03 00 03 00 01 00  ................
00004870: 18 00 00 00 01 00 5d ff 5c ff 5c ff 5c ff 5b ff  ......].\.\.\.[.
00004880: 5b ff 5b ff 5a ff 5a ff 5a ff 59 ff 59 ff 59 ff  [.[.Z.Z.Z.Y.Y.Y.
00004890: 58 ff 58 ff 58 ff 57 ff 57 ff 57 ff 56 ff 56 ff  X.X.X.W.W.W.V.V.
000048a0: 56 ff 55 ff 55 ff 55 ff 54 ff 54 ff 54 ff 53 ff  V.U.U.U.T.T.T.S.
000048b0: 53 ff 53 ff 52 ff 52 ff 51 ff 51 ff 51 ff 50 ff  S.S.R.R.Q.Q.Q.P.
000048c0: 50 ff 50 ff 4f ff 4f ff 4e ff 4e ff 4e ff 4d ff  P.P.O.O.N.N.N.M.
000048d0: 4d ff 4d ff 4c ff 4c ff 4c ff 4c ff 4c ff 4b ff  M.M.L.L.L.L.L.K.
000048e0: 4b ff 4b ff 4b ff 4b ff 4c ff 4c ff 4c ff 4c ff  K.K.K.K.L.L.L.L.
000048f0: 4d ff 4d ff 4d ff 4e ff 4f ff 4f ff 50 ff 51 ff  M.M.M.N.O.O.P.Q.
00004900: 52 ff 53 ff 54 ff 55 ff 56 ff 58 ff 59 ff 5b ff  R.S.T.U.V.X.Y.[.
00004910: 5d ff 5e ff 60 ff 62 ff 64 ff 67 ff 69 ff 6c ff  ].^.`.b.d.g.i.l.
00004920: 6e ff 71 ff 74 ff 77 ff 7a ff 7d ff 81 ff 85 ff  n.q.t.w.z.}.....
00004930: 88 ff 8c ff 90 ff 94 ff 99 ff 9d ff a2 ff a6 ff  ................
00004940: ab ff af ff b4 ff b8 ff bd ff c1 ff c6 ff ca ff  ................
00004950: ce ff d2 ff d6 ff da ff de ff e1 ff e4 ff e7 ff  ................
00004960: ea ff ed ff ef ff f2 ff f4 ff f6 ff f8 ff fa ff  ................
00004970: fc ff fd ff ff ff 00 00 01 00 02 00 04 00 05 00  ................
00004980: 06 00 07 00 08 00 0a 00 0b 00 0d 00 0f 00 11 00  ................
00004990: 13 00 16 00 19 00 1c 00 20 00 24 00 28 00 2d 00  ........ .$.(.-.
000049a0: 32 00 37 00 3c 00 42 00 47 00 4c 00 52 00 57 00  2.7.<.B.G.L.R.W.
000049b0: 5c 00 60 00 65 00 69 00 6d 00 70 00 74 00 77 00  \.`.e.i.m.p.t.w.
000049c0: 7a 00 7d 00 7f 00 82 00 84 00 86 00 87 00 89 00  z.}.............
000049d0: 8a 00 8c 00 8d 00 8e 00 8e 00 8f 00 90 00 90 00  ................
000049e0: 90 00 90 00 90 00 90 00 90 00 8f 00 8f 00 8e 00  ................
000049f0: 8e 00 8d 00 8c 00 8c 00 8b 00 8a 00 89 00 88 00  ................
00004a00: 87 00 85 00 84 00 83 00 82 00 81 00 80 00 7e 00  ..............~.
00004a10: 7d 00 7c 00 7b 00 7a 00 79 00 78 00 77 00 76 00  }.|.{.z.y.x.w.v.
00004a20: 75 00 74 00 73 00 72 00 72 00 71 00 70 00 6f 00  u.t.s.r.r.q.p.o.
00004a30: 6f 00 6e 00 6e 00 6d 00 6d 00 6c 00 6c 00 6b 00  o.n.n.m.m.l.l.k.
00004a40: 6b 00 6b 00 6a 00 6a 00 6a 00 69 00 69 00 69 00  k.k.j.j.j.i.i.i.
00004a50: 69 00 68 00 68 00 68 00 68 00 68 00 67 00 67 00  i.h.h.h.h.h.g.g.
00004a60: 67 00 67 00 67 00 67 00 67 00 67 00 67 00 67 00  g.g.g.g.g.g.g.g.
00004a70: 67 00 67 00 66 00 34 ff 34 ff 34 ff 35 ff 35 ff  g.g.f.4.4.4.5.5.
00004a80: 36 ff 36 ff 37 ff 37 ff 38 ff 38 ff 39 ff 39 ff  6.6.7.7.8.8.9.9.
00004a90: 39 ff 3a ff 3a ff 3b ff 3b ff 3c ff 3c ff 3c ff  9.:.:.;.;.<.<.<.
00004aa0: 3d ff 3d ff 3d ff 3e ff 3e ff 3e ff 3f ff 3f ff  =.=.=.>.>.>.?.?.
00004ab0: 3f ff 3f ff 40 ff 40 ff 40 ff 40 ff 40 ff 40 ff  ?.?.@.@.@.@.@.@.
00004ac0: 40 ff 40 ff 40 ff 40 ff 40 ff 40 ff 40 ff 40 ff  @.@.@.@.@.@.@.@.
00004ad0: 40 ff 40 ff 40 ff 40 ff 40 ff 40 ff 3f ff 3f ff  @.@.@.@.@.@.?.?.
00004ae0: 3f ff 3f ff 3f ff 3f ff 3f ff 40 ff 40 ff 40 ff  ?.?.?.?.?.@.@.@.
00004af0: 40 ff 41 ff 41 ff 42 ff 42 ff 43 ff 44 ff 45 ff  @.A.A.B.B.C.D.E.
00004b00: 46 ff 47 ff 48 ff 4a ff 4b ff 4d ff 4f ff 50 ff  F.G.H.J.K.M.O.P.
00004b10: 53 ff 55 ff 57 ff 5a ff 5c ff 5f ff 62 ff 65 ff  S.U.W.Z.\._.b.e.
00004b20: 69 ff 6c ff 70 ff 74 ff 78 ff 7d ff 81 ff 86 ff  i.l.p.t.x.}.....
00004b30: 8b ff 90 ff 95 ff 9a ff 9f ff a4 ff a9 ff af ff  ................
00004b40: b4 ff b9 ff be ff c3 ff c7 ff cc ff d0 ff d5 ff  ................
00004b50: d9 ff dc ff e0 ff e3 ff e6 ff e9 ff ec ff ee ff  ................
00004b60: f0 ff f2 ff f3 ff f5 ff f6 ff f8 ff f9 ff fa ff  ................
00004b70: fb ff fc ff fd ff ff ff 00 00 01 00 03 00 04 00  ................
00004b80: 06 00 08 00 09 00 0b 00 0d 00 0f 00 11 00 14 00  ................
00004b90: 16 00 18 00 1b 00 1d 00 20 00 23 00 26 00 29 00  ........ .#.&.).
00004ba0: 2c 00 2f 00 32 00 35 00 38 00 3c 00 3f 00 43 00  ,./.2.5.8.<.?.C.
00004bb0: 46 00 49 00 4d 00 50 00 53 00 57 00 5a 00 5d 00  F.I.M.P.S.W.Z.].
00004bc0: 60 00 63 00 66 00 69 00 6b 00 6e 00 70 00 73 00  `.c.f.i.k.n.p.s.
00004bd0: 75 00 77 00 78 00 7a 00 7c 00 7d 00 7e 00 7f 00  u.w.x.z.|.}.~...
00004be0: 80 00 81 00 82 00 83 00 83 00 84 00 84 00 84 00  ................
00004bf0: 84 00 84 00 84 00 84 00 84 00 84 00 83 00 83 00  ................
00004c00: 82 00 82 00 81 00 81 00 80 00 7f 00 7e 00 7d 00  ............~.}.
00004c10: 7d 00 7c 00 7b 00 7a 00 79 00 78 00 77 00 75 00  }.|.{.z.y.x.w.u.
00004c20: 74 00 73 00 72 00 71 00 70 00 6f 00 6e 00 6d 00  t.s.r.q.p.o.n.m.
00004c30: 6c 00 6b 00 6a 00 68 00 67 00 66 00 65 00 64 00  l.k.j.h.g.f.e.d.
00004c40: 63 00 62 00 61 00 60 00 5f 00 5e 00 5d 00 5c 00  c.b.a.`._.^.].\.
00004c50: 5b 00 5a 00 59 00 58 00 57 00 56 00 55 00 54 00  [.Z.Y.X.W.V.U.T.
00004c60: 52 00 51 00 50 00 4f 00 4e 00 4d 00 4c 00 4b 00  R.Q.P.O.N.M.L.K.
00004c70: 4a 00 49 00 48 00 00 00 24 00 5c 00 70 00 80 00  J.I.H...$.\.p...
00004c80: 90 00 9c 00 d2 00 ff 00 00 00 00 00 00 00 00 00  ................
00004c90: 00 00 00 00 00 00 02 00 2a 00 58 00 70 00 80 00  ........*.X.p...
00004ca0: 92 00 aa 00 d8 00 ff 00 00 00 00 00 00 00 00 00  ................
00004cb0: 00 00 00 00 00 00 01 00 06 00 01 00 03 00 02 00  ................
00004cc0: 01 00 18 00 00 00 01 00 94 ff 92 ff 91 ff 8f ff  ................
00004cd0: 8d ff 8b ff 89 ff 88 ff 86 ff 84 ff 82 ff 81 ff  ................
00004ce0: 7f ff 7d ff 7c ff 7a ff 78 ff 77 ff 75 ff 74 ff  ..}.|.z.x.w.u.t.
00004cf0: 72 ff 71 ff 6f ff 6e ff 6c ff 6b ff 69 ff 68 ff  r.q.o.n.l.k.i.h.
00004d00: 67 ff 66 ff 64 ff 63 ff 62 ff 61 ff 60 ff 5f ff  g.f.d.c.b.a.`._.
00004d10: 5e ff 5d ff 5c ff 5c ff 5b ff 5a ff 5a ff 59 ff  ^.].\.\.[.Z.Z.Y.
00004d20: 58 ff 58 ff 58 ff 57 ff 57 ff 57 ff 57 ff 57 ff  X.X.X.W.W.W.W.W.
00004d30: 57 ff 57 ff 57 ff 57 ff 57 ff 58 ff 58 ff 59 ff  W.W.W.W.W.X.X.Y.
00004d40: 59 ff 5a ff 5b ff 5c ff 5c ff 5e ff 5f ff 60 ff  Y.Z.[.\.\.^._.`.
00004d50: 61 ff 62 ff 64 ff 66 ff 67 ff 69 ff 6b ff 6d ff  a.b.d.f.g.i.k.m.
00004d60: 6f ff 71 ff 73 ff 76 ff 78 ff 7b ff 7d ff 80 ff  o.q.s.v.x.{.}...
00004d70: 83 ff 86 ff 89 ff 8d ff 90 ff 94 ff 97 ff 9b ff  ................
00004d80: 9f ff a3 ff a7 ff ab ff af ff b4 ff b8 ff bc ff  ................
00004d90: c1 ff c5 ff c9 ff cd ff d1 ff d5 ff d9 ff dd ff  ................
00004da0: e0 ff e3 ff e6 ff e9 ff eb ff ee ff f0 ff f2 ff  ................
00004db0: f3 ff f5 ff f6 ff f8 ff f9 ff fa ff fb ff fc ff  ................
00004dc0: fd ff fd ff fe ff ff ff 00 00 01 00 02 00 03 00  ................
00004dd0: 04 00 05 00 07 00 08 00 09 00 0b 00 0d 00 0f 00  ................
00004de0: 11 00 13 00 15 00 17 00 1a 00 1d 00 20 00 23 00  ............ .#.
00004df0: 26 00 29 00 2c 00 30 00 33 00 37 00 3a 00 3e 00  &.).,.0.3.7.:.>.
00004e00: 41 00 45 00 48 00 4c 00 50 00 53 00 57 00 5a 00  A.E.H.L.P.S.W.Z.
00004e10: 5d 00 61 00 64 00 67 00 6a 00 6d 00 6f 00 72 00  ].a.d.g.j.m.o.r.
00004e20: 74 00 77 00 79 00 7b 00 7c 00 7e 00 7f 00 81 00  t.w.y.{.|.~.....
00004e30: 82 00 83 00 84 00 85 00 86 00 86 00 87 00 87 00  ................
00004e40: 88 00 88 00 88 00 88 00 88 00 88 00 87 00 87 00  ................
00004e50: 87 00 86 00 86 00 85 00 84 00 84 00 83 00 82 00  ................
00004e60: 81 00 80 00 7f 00 7e 00 7d 00 7c 00 7b 00 7a 00  ......~.}.|.{.z.
00004e70: 79 00 77 00 76 00 75 00 73 00 72 00 71 00 6f 00  y.w.v.u.s.r.q.o.
00004e80: 6e 00 6c 00 6b 00 6a 00 68 00 67 00 65 00 64 00  n.l.k.j.h.g.e.d.
00004e90: 62 00 61 00 5f 00 5e 00 5c 00 5b 00 59 00 58 00  b.a._.^.\.[.Y.X.
00004ea0: 57 00 55 00 54 00 52 00 51 00 50 00 4f 00 4d 00  W.U.T.R.Q.P.O.M.
00004eb0: 4c 00 4b 00 4a 00 49 00 48 00 47 00 46 00 45 00  L.K.J.I.H.G.F.E.
00004ec0: 44 00 43 00 42 00 41 00 90 ff 8e ff 8c ff 8b ff  D.C.B.A.........
00004ed0: 89 ff 87 ff 85 ff 83 ff 81 ff 80 ff 7e ff 7c ff  ............~.|.
00004ee0: 7a ff 78 ff 77 ff 75 ff 73 ff 72 ff 70 ff 6e ff  z.x.w.u.s.r.p.n.
00004ef0: 6d ff 6b ff 6a ff 68 ff 67 ff 65 ff 64 ff 63 ff  m.k.j.h.g.e.d.c.
00004f00: 61 ff 60 ff 5f ff 5e ff 5d ff 5c ff 5b ff 5a ff  a.`._.^.].\.[.Z.
00004f10: 59 ff 58 ff 57 ff 56 ff 56 ff 55 ff 55 ff 54 ff  Y.X.W.V.V.U.U.T.
00004f20: 54 ff 53 ff 53 ff 53 ff 53 ff 53 ff 53 ff 53 ff  T.S.S.S.S.S.S.S.
00004f30: 53 ff 53 ff 54 ff 54 ff 55 ff 55 ff 56 ff 57 ff  S.S.T.T.U.U.V.W.
00004f40: 58 ff 59 ff 5a ff 5b ff 5c ff 5e ff 5f ff 61 ff  X.Y.Z.[.\.^._.a.
00004f50: 62 ff 64 ff 66 ff 68 ff 6a ff 6c ff 6f ff 71 ff  b.d.f.h.j.l.o.q.
00004f60: 74 ff 76 ff 79 ff 7c ff 7f ff 82 ff 85 ff 89 ff  t.v.y.|.........
00004f70: 8c ff 90 ff 93 ff 97 ff 9a ff 9e ff a2 ff a6 ff  ................
00004f80: aa ff ad ff b1 ff b5 ff b9 ff bd ff c0 ff c4 ff  ................
00004f90: c8 ff cb ff cf ff d2 ff d5 ff d9 ff dc ff df ff  ................
00004fa0: e2 ff e4 ff e7 ff ea ff ec ff ee ff f0 ff f2 ff  ................
00004fb0: f4 ff f5 ff f6 ff f8 ff f9 ff fa ff fb ff fc ff  ................
00004fc0: fd ff fd ff fe ff ff ff 00 00 01 00 02 00 03 00  ................
00004fd0: 04 00 05 00 06 00 08 00 09 00 0b 00 0d 00 0f 00  ................
00004fe0: 12 00 14 00 17 00 1a 00 1d 00 20 00 24 00 27 00  .......... .$.'.
00004ff0: 2b 00 2e 00 32 00 36 00 3a 00 3e 00 41 00 45 00  +...2.6.:.>.A.E.
00005000: 49 00 4d 00 51 00 54 00 58 00 5b 00 5e 00 61 00  I.M.Q.T.X.[.^.a.
00005010: 64 00 67 00 6a 00 6c 00 6f 00 71 00 73 00 75 00  d.g.j.l.o.q.s.u.
00005020: 76 00 78 00 7a 00 7b 00 7c 00 7d 00 7e 00 7f 00  v.x.z.{.|.}.~...
00005030: 7f 00 80 00 81 00 81 00 81 00 81 00 81 00 81 00  ................
00005040: 81 00 81 00 80 00 80 00 80 00 7f 00 7e 00 7e 00  ............~.~.
00005050: 7d 00 7c 00 7b 00 7a 00 79 00 78 00 77 00 75 00  }.|.{.z.y.x.w.u.
00005060: 74 00 73 00 71 00 70 00 6f 00 6d 00 6c 00 6a 00  t.s.q.p.o.m.l.j.
00005070: 69 00 67 00 66 00 64 00 63 00 61 00 5f 00 5e 00  i.g.f.d.c.a._.^.
00005080: 5c 00 5b 00 59 00 58 00 56 00 55 00 53 00 52 00  \.[.Y.X.V.U.S.R.
00005090: 50 00 4f 00 4d 00 4c 00 4b 00 49 00 48 00 47 00  P.O.M.L.K.I.H.G.
000050a0: 46 00 45 00 44 00 43 00 42 00 41 00 40 00 40 00  F.E.D.C.B.A.@.@.
000050b0: 3f 00 3e 00 3e 00 3d 00 3d 00 3c 00 3c 00 3b 00  ?.>.>.=.=.<.<.;.
000050c0: 3b 00 3a 00 3a 00 39 00 00 00 5c 00 6e 00 80 00  ;.:.:.9...\.n...
000050d0: 8e 00 aa 00 ca 00 fc 00 ff 00 00 00 00 00 00 00  ................
000050e0: 00 00 00 00 00 00 00 00 00 00 4e 00 72 00 80 00  ..........N.r...
000050f0: 8a 00 a2 00 ee 00 ff 00 00 00 00 00 00 00 00 00  ................
00005100: 00 00 00 00 00 00 00 00 01 00 06 00 01 00 03 00  ................
00005110: 02 00 01 00 18 00 00 00 01 00 9e ff 9d ff 9d ff  ................
00005120: 9c ff 9c ff 9b ff 9b ff 9a ff 9a ff 99 ff 99 ff  ................
00005130: 98 ff 98 ff 97 ff 96 ff 96 ff 95 ff 94 ff 94 ff  ................
00005140: 93 ff 92 ff 91 ff 91 ff 90 ff 8f ff 8e ff 8d ff  ................
00005150: 8c ff 8b ff 8a ff 89 ff 88 ff 86 ff 85 ff 84 ff  ................
00005160: 83 ff 81 ff 80 ff 7f ff 7d ff 7c ff 7b ff 79 ff  ........}.|.{.y.
00005170: 78 ff 77 ff 75 ff 74 ff 73 ff 71 ff 70 ff 6f ff  x.w.u.t.s.q.p.o.
00005180: 6e ff 6d ff 6c ff 6a ff 69 ff 69 ff 68 ff 67 ff  n.m.l.j.i.i.h.g.
00005190: 66 ff 66 ff 65 ff 64 ff 64 ff 64 ff 63 ff 63 ff  f.f.e.d.d.d.c.c.
000051a0: 63 ff 63 ff 63 ff 64 ff 64 ff 65 ff 65 ff 66 ff  c.c.c.d.d.e.e.f.
000051b0: 67 ff 68 ff 69 ff 6b ff 6c ff 6e ff 6f ff 71 ff  g.h.i.k.l.n.o.q.
000051c0: 73 ff 76 ff 78 ff 7b ff 7d ff 80 ff 84 ff 87 ff  s.v.x.{.}.......
000051d0: 8a ff 8e ff 92 ff 96 ff 9a ff 9e ff a3 ff a7 ff  ................
000051e0: ac ff b0 ff b5 ff b9 ff be ff c2 ff c6 ff cb ff  ................
000051f0: cf ff d3 ff d7 ff db ff df ff e2 ff e6 ff e9 ff  ................
00005200: ec ff ee ff f1 ff f3 ff f5 ff f7 ff f9 ff fa ff  ................
00005210: fc ff fd ff fe ff ff ff 00 00 01 00 02 00 03 00  ................
00005220: 04 00 05 00 06 00 07 00 08 00 09 00 0b 00 0c 00  ................
00005230: 0e 00 10 00 12 00 14 00 16 00 19 00 1c 00 1f 00  ................
00005240: 23 00 26 00 2a 00 2d 00 31 00 35 00 39 00 3d 00  #.&.*.-.1.5.9.=.
00005250: 41 00 45 00 49 00 4c 00 50 00 54 00 57 00 5b 00  A.E.I.L.P.T.W.[.
00005260: 5e 00 61 00 64 00 67 00 6a 00 6d 00 6f 00 72 00  ^.a.d.g.j.m.o.r.
00005270: 74 00 77 00 79 00 7b 00 7d 00 7f 00 81 00 82 00  t.w.y.{.}.......
00005280: 84 00 85 00 87 00 88 00 8a 00 8b 00 8c 00 8d 00  ................
00005290: 8e 00 8f 00 8f 00 90 00 91 00 91 00 92 00 92 00  ................
000052a0: 92 00 93 00 93 00 93 00 93 00 93 00 93 00 93 00  ................
000052b0: 93 00 93 00 92 00 92 00 92 00 91 00 91 00 90 00  ................
000052c0: 90 00 8f 00 8e 00 8e 00 8d 00 8c 00 8b 00 8b 00  ................
000052d0: 8a 00 89 00 88 00 87 00 86 00 85 00 84 00 83 00  ................
000052e0: 82 00 81 00 80 00 7e 00 7d 00 7c 00 7b 00 7a 00  ......~.}.|.{.z.
000052f0: 79 00 77 00 76 00 75 00 74 00 72 00 71 00 70 00  y.w.v.u.t.r.q.p.
00005300: 6f 00 6d 00 6c 00 6b 00 69 00 68 00 67 00 66 00  o.m.l.k.i.h.g.f.
00005310: 64 00 63 00 62 00 60 00 5e 00 c0 ff c0 ff c0 ff  d.c.b.`.^.......
00005320: c0 ff c0 ff c0 ff c0 ff c0 ff c0 ff c0 ff c0 ff  ................
00005330: c0 ff c0 ff c0 ff c0 ff c0 ff c0 ff c0 ff c0 ff  ................
00005340: c0 ff c0 ff c0 ff bf ff bf ff bf ff bf ff bf ff  ................
00005350: be ff be ff be ff be ff bd ff bd ff bd ff bc ff  ................
00005360: bc ff bb ff bb ff ba ff ba ff b9 ff b9 ff b8 ff  ................
00005370: b8 ff b7 ff b7 ff b6 ff b5 ff b5 ff b4 ff b4 ff  ................
00005380: b3 ff b3 ff b2 ff b2 ff b1 ff b1 ff b0 ff b0 ff  ................
00005390: af ff af ff ae ff ae ff ae ff ae ff ad ff ad ff  ................
000053a0: ad ff ad ff ad ff ad ff ad ff ad ff ad ff ad ff  ................
000053b0: ad ff ae ff ae ff ae ff af ff af ff b0 ff b1 ff  ................
000053c0: b1 ff b2 ff b3 ff b4 ff b5 ff b6 ff b8 ff b9 ff  ................
000053d0: ba ff bc ff bd ff bf ff c1 ff c3 ff c5 ff c7 ff  ................
000053e0: c9 ff cb ff ce ff d0 ff d2 ff d5 ff d7 ff da ff  ................
000053f0: dc ff df ff e1 ff e3 ff e6 ff e8 ff ea ff ec ff  ................
00005400: ee ff f0 ff f2 ff f4 ff f5 ff f7 ff f8 ff fa ff  ................
00005410: fb ff fc ff fd ff fe ff ff ff 00 00 01 00 01 00  ................
00005420: 02 00 02 00 03 00 03 00 04 00 05 00 05 00 06 00  ................
00005430: 07 00 09 00 0a 00 0c 00 0e 00 10 00 13 00 16 00  ................
00005440: 19 00 1c 00 1f 00 23 00 26 00 2a 00 2d 00 31 00  ......#.&.*.-.1.
00005450: 35 00 38 00 3c 00 3f 00 43 00 46 00 49 00 4c 00  5.8.<.?.C.F.I.L.
00005460: 4e 00 51 00 53 00 55 00 57 00 59 00 5b 00 5c 00  N.Q.S.U.W.Y.[.\.
00005470: 5e 00 5f 00 60 00 61 00 62 00 63 00 63 00 64 00  ^._.`.a.b.c.c.d.
00005480: 64 00 64 00 64 00 64 00 64 00 64 00 64 00 63 00  d.d.d.d.d.d.d.c.
00005490: 63 00 62 00 62 00 61 00 60 00 5f 00 5f 00 5e 00  c.b.b.a.`._._.^.
000054a0: 5d 00 5b 00 5a 00 59 00 58 00 57 00 55 00 54 00  ].[.Z.Y.X.W.U.T.
000054b0: 53 00 51 00 50 00 4f 00 4d 00 4c 00 4a 00 49 00  S.Q.P.O.M.L.J.I.
000054c0: 48 00 46 00 45 00 43 00 42 00 41 00 40 00 3e 00  H.F.E.C.B.A.@.>.
000054d0: 3d 00 3c 00 3b 00 3a 00 39 00 38 00 37 00 36 00  =.<.;.:.9.8.7.6.
000054e0: 35 00 34 00 33 00 32 00 32 00 31 00 30 00 2f 00  5.4.3.2.2.1.0./.
000054f0: 2f 00 2e 00 2e 00 2d 00 2c 00 2c 00 2b 00 2b 00  /.....-.,.,.+.+.
00005500: 2a 00 2a 00 29 00 29 00 29 00 28 00 28 00 27 00  *.*.).).).(.(.'.
00005510: 27 00 27 00 26 00 26 00 25 00 00 00 1c 00 5a 00  '.'.&.&.%.....Z.
00005520: 72 00 80 00 8e 00 a0 00 e6 00 ff 00 00 00 00 00  r...............
00005530: 00 00 00 00 00 00 00 00 00 00 00 00 22 00 60 00  ............".`.
00005540: 70 00 80 00 8e 00 a0 00 dc 00 ff 00 00 00 00 00  p...............
00005550: 00 00 00 00 00 00 00 00 00 00 03 00 06 00 01 00  ................
00005560: 04 00 02 00 01 00 18 00 00 00 01 00 64 ff 64 ff  ............d.d.
00005570: 63 ff 63 ff 63 ff 62 ff 62 ff 61 ff 61 ff 61 ff  c.c.c.b.b.a.a.a.
00005580: 60 ff 60 ff 60 ff 5f ff 5f ff 5f ff 5e ff 5e ff  `.`.`._._._.^.^.
00005590: 5e ff 5d ff 5d ff 5d ff 5d ff 5d ff 5d ff 5c ff  ^.].].].].].].\.
000055a0: 5c ff 5c ff 5c ff 5c ff 5c ff 5c ff 5c ff 5d ff  \.\.\.\.\.\.\.].
000055b0: 5d ff 5d ff 5d ff 5d ff 5e ff 5e ff 5e ff 5f ff  ].].].].^.^.^._.
000055c0: 5f ff 60 ff 60 ff 61 ff 62 ff 62 ff 63 ff 64 ff  _.`.`.a.b.b.c.d.
000055d0: 64 ff 65 ff 66 ff 67 ff 68 ff 69 ff 6a ff 6b ff  d.e.f.g.h.i.j.k.
000055e0: 6c ff 6d ff 6e ff 70 ff 71 ff 72 ff 74 ff 75 ff  l.m.n.p.q.r.t.u.
000055f0: 77 ff 78 ff 7a ff 7c ff 7d ff 7f ff 81 ff 83 ff  w.x.z.|.}.......
00005600: 85 ff 87 ff 89 ff 8b ff 8d ff 8f ff 91 ff 94 ff  ................
00005610: 96 ff 99 ff 9b ff 9e ff a0 ff a3 ff a6 ff a8 ff  ................
00005620: ab ff ae ff b1 ff b4 ff b7 ff ba ff bd ff c0 ff  ................
00005630: c3 ff c6 ff c8 ff cb ff ce ff d1 ff d4 ff d7 ff  ................
00005640: d9 ff dc ff de ff e1 ff e3 ff e6 ff e8 ff ea ff  ................
00005650: ec ff ee ff f0 ff f2 ff f3 ff f5 ff f6 ff f8 ff  ................
00005660: f9 ff fa ff fc ff fd ff fe ff ff ff 00 00 01 00  ................
00005670: 02 00 03 00 04 00 05 00 06 00 07 00 08 00 09 00  ................
00005680: 0a 00 0b 00 0c 00 0d 00 0f 00 10 00 11 00 13 00  ................
00005690: 14 00 16 00 18 00 19 00 1b 00 1d 00 1f 00 21 00  ..............!.
000056a0: 23 00 25 00 27 00 2a 00 2c 00 2e 00 30 00 32 00  #.%.'.*.,...0.2.
000056b0: 35 00 37 00 39 00 3b 00 3d 00 40 00 42 00 44 00  5.7.9.;.=.@.B.D.
000056c0: 46 00 48 00 4a 00 4c 00 4e 00 50 00 52 00 54 00  F.H.J.L.N.P.R.T.
000056d0: 56 00 58 00 59 00 5b 00 5d 00 5e 00 60 00 61 00  V.X.Y.[.].^.`.a.
000056e0: 62 00 64 00 65 00 66 00 67 00 68 00 69 00 6a 00  b.d.e.f.g.h.i.j.
000056f0: 6b 00 6b 00 6c 00 6c 00 6d 00 6d 00 6d 00 6d 00  k.k.l.l.m.m.m.m.
00005700: 6d 00 6d 00 6d 00 6d 00 6c 00 6c 00 6c 00 6b 00  m.m.m.m.l.l.l.k.
00005710: 6b 00 6a 00 6a 00 69 00 68 00 68 00 67 00 66 00  k.j.j.i.h.h.g.f.
00005720: 65 00 65 00 64 00 63 00 62 00 61 00 61 00 60 00  e.e.d.c.b.a.a.`.
00005730: 5f 00 5e 00 5d 00 5d 00 5c 00 5b 00 5a 00 5a 00  _.^.].].\.[.Z.Z.
00005740: 59 00 58 00 58 00 57 00 56 00 56 00 55 00 54 00  Y.X.X.W.V.V.U.T.
00005750: 54 00 53 00 52 00 52 00 51 00 50 00 50 00 4f 00  T.S.R.R.Q.P.P.O.
00005760: 4f 00 4e 00 4d 00 4d 00 4c 00 4c 00 9c ff 9b ff  O.N.M.M.L.L.....
00005770: 9a ff 98 ff 97 ff 96 ff 95 ff 93 ff 92 ff 91 ff  ................
00005780: 90 ff 8e ff 8d ff 8c ff 8b ff 8a ff 89 ff 88 ff  ................
00005790: 87 ff 86 ff 85 ff 84 ff 83 ff 82 ff 81 ff 80 ff  ................
000057a0: 7f ff 7f ff 7e ff 7d ff 7d ff 7c ff 7c ff 7b ff  ....~.}.}.|.|.{.
000057b0: 7b ff 7b ff 7a ff 7a ff 7a ff 7a ff 7a ff 7a ff  {.{.z.z.z.z.z.z.
000057c0: 7a ff 7a ff 7a ff 7a ff 7b ff 7b ff 7c ff 7c ff  z.z.z.z.{.{.|.|.
000057d0: 7d ff 7e ff 7e ff 7f ff 80 ff 81 ff 82 ff 84 ff  }.~.~...........
000057e0: 85 ff 86 ff 88 ff 89 ff 8b ff 8c ff 8e ff 90 ff  ................
000057f0: 92 ff 94 ff 96 ff 98 ff 9a ff 9c ff 9e ff a0 ff  ................
00005800: a2 ff a4 ff a6 ff a9 ff ab ff ad ff b0 ff b2 ff  ................
00005810: b4 ff b7 ff b9 ff bb ff be ff c0 ff c3 ff c5 ff  ................
00005820: c7 ff ca ff cc ff ce ff d1 ff d3 ff d5 ff d7 ff  ................
00005830: da ff dc ff de ff e0 ff e2 ff e4 ff e6 ff e8 ff  ................
00005840: e9 ff eb ff ed ff ee ff f0 ff f1 ff f2 ff f3 ff  ................
00005850: f4 ff f6 ff f7 ff f8 ff f8 ff f9 ff fa ff fb ff  ................
00005860: fc ff fd ff fd ff fe ff ff ff ff ff 00 00 01 00  ................
00005870: 01 00 02 00 03 00 03 00 04 00 05 00 05 00 06 00  ................
00005880: 07 00 07 00 08 00 09 00 0a 00 0b 00 0b 00 0c 00  ................
00005890: 0d 00 0e 00 0f 00 10 00 11 00 12 00 14 00 15 00  ................
000058a0: 16 00 17 00 18 00 19 00 1b 00 1c 00 1d 00 1e 00  ................
000058b0: 1f 00 20 00 22 00 23 00 24 00 25 00 26 00 27 00  .. .".#.$.%.&.'.
000058c0: 28 00 29 00 2a 00 2b 00 2c 00 2d 00 2e 00 2e 00  (.).*.+.,.-.....
000058d0: 2f 00 30 00 30 00 31 00 32 00 32 00 33 00 33 00  /.0.0.1.2.2.3.3.
000058e0: 33 00 34 00 34 00 34 00 35 00 35 00 35 00 35 00  3.4.4.4.5.5.5.5.
000058f0: 35 00 35 00 35 00 35 00 35 00 35 00 35 00 35 00  5.5.5.5.5.5.5.5.
00005900: 35 00 34 00 34 00 34 00 34 00 33 00 33 00 33 00  5.4.4.4.4.3.3.3.
00005910: 32 00 32 00 31 00 31 00 30 00 30 00 2f 00 2f 00  2.2.1.1.0.0././.
00005920: 2e 00 2e 00 2d 00 2c 00 2c 00 2b 00 2b 00 2a 00  ....-.,.,.+.+.*.
00005930: 29 00 29 00 28 00 27 00 27 00 26 00 25 00 25 00  ).).(.'.'.&.%.%.
00005940: 24 00 23 00 23 00 22 00 22 00 21 00 20 00 20 00  $.#.#.".".!. . .
00005950: 1f 00 1f 00 1e 00 1e 00 1e 00 1d 00 1d 00 1d 00  ................
00005960: 1c 00 1c 00 1c 00 1c 00 1c 00 1c 00 00 00 1e 00  ................
00005970: 56 00 70 00 80 00 90 00 a4 00 c4 00 e2 00 fe 00  V.p.............
00005980: ff 00 00 00 00 00 00 00 00 00 00 00 00 00 36 00  ..............6.
00005990: 60 00 6a 00 80 00 92 00 ae 00 c4 00 e2 00 fe 00  `.j.............
000059a0: ff 00 00 00 00 00 00 00 00 00 00 00 03 00 06 00  ................
000059b0: 01 00 04 00 02 00 01 00 18 00 00 00 01 00 a4 ff  ................
000059c0: a4 ff a3 ff a2 ff a2 ff a1 ff a1 ff a0 ff 9f ff  ................
000059d0: 9f ff 9e ff 9e ff 9d ff 9d ff 9c ff 9c ff 9b ff  ................
000059e0: 9b ff 9a ff 9a ff 99 ff 99 ff 98 ff 98 ff 98 ff  ................
000059f0: 97 ff 97 ff 97 ff 96 ff 96 ff 96 ff 95 ff 95 ff  ................
00005a00: 95 ff 95 ff 95 ff 94 ff 94 ff 94 ff 94 ff 94 ff  ................
00005a10: 94 ff 94 ff 94 ff 94 ff 95 ff 95 ff 95 ff 95 ff  ................
00005a20: 95 ff 96 ff 96 ff 96 ff 97 ff 97 ff 98 ff 98 ff  ................
00005a30: 99 ff 9a ff 9a ff 9b ff 9c ff 9d ff 9d ff 9e ff  ................
00005a40: 9f ff a0 ff a1 ff a3 ff a4 ff a5 ff a6 ff a8 ff  ................
00005a50: a9 ff aa ff ac ff ad ff af ff b1 ff b2 ff b4 ff  ................
00005a60: b6 ff b8 ff ba ff bc ff be ff c0 ff c3 ff c5 ff  ................
00005a70: c7 ff ca ff cc ff ce ff d1 ff d3 ff d6 ff d8 ff  ................
00005a80: da ff dd ff df ff e1 ff e3 ff e5 ff e7 ff e9 ff  ................
00005a90: eb ff ed ff ee ff f0 ff f1 ff f3 ff f4 ff f5 ff  ................
00005aa0: f6 ff f7 ff f8 ff f9 ff fa ff fa ff fb ff fc ff  ................
00005ab0: fc ff fd ff fd ff fe ff fe ff ff ff ff ff 00 00  ................
00005ac0: 01 00 01 00 02 00 02 00 03 00 04 00 05 00 05 00  ................
00005ad0: 06 00 07 00 08 00 08 00 09 00 0a 00 0b 00 0c 00  ................
00005ae0: 0d 00 0e 00 0f 00 10 00 11 00 12 00 13 00 14 00  ................
00005af0: 15 00 16 00 18 00 19 00 1a 00 1b 00 1c 00 1d 00  ................
00005b00: 1e 00 20 00 21 00 22 00 23 00 24 00 25 00 26 00  .. .!.".#.$.%.&.
00005b10: 27 00 28 00 29 00 2a 00 2b 00 2c 00 2d 00 2e 00  '.(.).*.+.,.-...
00005b20: 2e 00 2f 00 30 00 31 00 32 00 32 00 33 00 34 00  ../.0.1.2.2.3.4.
00005b30: 34 00 35 00 36 00 36 00 37 00 37 00 38 00 38 00  4.5.6.6.7.7.8.8.
00005b40: 39 00 39 00 3a 00 3a 00 3a 00 3b 00 3b 00 3b 00  9.9.:.:.:.;.;.;.
00005b50: 3b 00 3b 00 3c 00 3c 00 3c 00 3c 00 3c 00 3c 00  ;.;.<.<.<.<.<.<.
00005b60: 3c 00 3c 00 3c 00 3c 00 3b 00 3b 00 3b 00 3b 00  <.<.<.<.;.;.;.;.
00005b70: 3b 00 3a 00 3a 00 3a 00 39 00 39 00 39 00 38 00  ;.:.:.:.9.9.9.8.
00005b80: 38 00 37 00 37 00 36 00 36 00 35 00 35 00 34 00  8.7.7.6.6.5.5.4.
00005b90: 33 00 33 00 32 00 32 00 31 00 30 00 30 00 2f 00  3.3.2.2.1.0.0./.
00005ba0: 2e 00 2e 00 2d 00 2c 00 2c 00 2b 00 2a 00 29 00  ....-.,.,.+.*.).
00005bb0: 29 00 28 00 27 00 26 00 26 00 25 00 24 00 f1 ff  ).(.'.&.&.%.$...
00005bc0: f1 ff f1 ff f1 ff f1 ff f1 ff f1 ff f1 ff f0 ff  ................
00005bd0: f0 ff f0 ff f0 ff f0 ff f0 ff f0 ff ef ff ef ff  ................
00005be0: ef ff ef ff ef ff ef ff ef ff ee ff ee ff ee ff  ................
00005bf0: ee ff ee ff ee ff ee ff ed ff ed ff ed ff ed ff  ................
00005c00: ed ff ed ff ed ff ed ff ed ff ed ff ec ff ec ff  ................
00005c10: ec ff ec ff ec ff ec ff ec ff ec ff ec ff ec ff  ................
00005c20: ec ff ec ff ec ff ec ff ec ff ec ff ec ff ec ff  ................
00005c30: ec ff ec ff ec ff ec ff ec ff ec ff ec ff ec ff  ................
00005c40: ec ff ec ff ec ff ec ff ec ff ec ff ec ff ec ff  ................
00005c50: ed ff ed ff ed ff ed ff ed ff ed ff ed ff ed ff  ................
00005c60: ee ff ee ff ee ff ee ff ee ff ef ff ef ff ef ff  ................
00005c70: ef ff ef ff f0 ff f0 ff f0 ff f1 ff f1 ff f1 ff  ................
00005c80: f1 ff f2 ff f2 ff f2 ff f3 ff f3 ff f4 ff f4 ff  ................
00005c90: f4 ff f5 ff f5 ff f6 ff f6 ff f6 ff f7 ff f7 ff  ................
00005ca0: f8 ff f8 ff f9 ff f9 ff fa ff fa ff fb ff fc ff  ................
00005cb0: fc ff fd ff fe ff fe ff ff ff 00 00 01 00 02 00  ................
00005cc0: 03 00 04 00 05 00 06 00 07 00 08 00 09 00 0a 00  ................
00005cd0: 0b 00 0b 00 0c 00 0d 00 0e 00 0e 00 0f 00 10 00  ................
00005ce0: 10 00 11 00 11 00 12 00 12 00 12 00 13 00 13 00  ................
00005cf0: 14 00 14 00 14 00 15 00 15 00 15 00 15 00 16 00  ................
00005d00: 16 00 16 00 16 00 16 00 17 00 17 00 17 00 17 00  ................
00005d10: 17 00 17 00 17 00 17 00 17 00 18 00 18 00 18 00  ................
00005d20: 18 00 18 00 18 00 18 00 18 00 18 00 17 00 17 00  ................
00005d30: 17 00 17 00 17 00 17 00 17 00 17 00 17 00 17 00  ................
00005d40: 17 00 16 00 16 00 16 00 16 00 16 00 16 00 16 00  ................
00005d50: 15 00 15 00 15 00 15 00 15 00 14 00 14 00 14 00  ................
00005d60: 14 00 14 00 14 00 13 00 13 00 13 00 13 00 13 00  ................
00005d70: 12 00 12 00 12 00 12 00 11 00 11 00 11 00 11 00  ................
00005d80: 11 00 11 00 10 00 10 00 10 00 10 00 10 00 0f 00  ................
00005d90: 0f 00 0f 00 0f 00 0f 00 0f 00 0f 00 0e 00 0e 00  ................
00005da0: 0e 00 0e 00 0e 00 0e 00 0e 00 0e 00 0e 00 0e 00  ................
00005db0: 0d 00 0d 00 0d 00 0d 00 0d 00 0d 00 0d 00 00 00  ................
00005dc0: 28 00 54 00 6c 00 80 00 94 00 a6 00 ce 00 ff 00  (.T.l...........
00005dd0: 00 00 00 00 00 00 00 00 00 00 00 00 00 00 02 00  ................
00005de0: 74 00 7e 00 86 00 9a 00 fe 00 ff 00 00 00 00 00  t.~.............
00005df0: 00 00 00 00 00 00 00 00 00 00 00 00 00 00 03 00  ................
00005e00: 06 00 01 00 05 00 02 00 01 00 18 00 00 00 01 00  ................
00005e10: 80 ff 80 ff 80 ff 80 ff 80 ff 81 ff 81 ff 81 ff  ................
00005e20: 81 ff 82 ff 82 ff 82 ff 82 ff 83 ff 83 ff 83 ff  ................
00005e30: 84 ff 84 ff 84 ff 84 ff 85 ff 85 ff 85 ff 86 ff  ................
00005e40: 86 ff 86 ff 87 ff 87 ff 87 ff 88 ff 88 ff 88 ff  ................
00005e50: 89 ff 89 ff 89 ff 8a ff 8a ff 8a ff 8b ff 8b ff  ................
00005e60: 8b ff 8c ff 8c ff 8d ff 8d ff 8d ff 8e ff 8e ff  ................
00005e70: 8f ff 8f ff 8f ff 90 ff 90 ff 91 ff 91 ff 92 ff  ................
00005e80: 92 ff 93 ff 93 ff 94 ff 94 ff 95 ff 95 ff 96 ff  ................
00005e90: 96 ff 97 ff 98 ff 98 ff 99 ff 9a ff 9a ff 9b ff  ................
00005ea0: 9c ff 9d ff 9e ff 9f ff a0 ff a1 ff a3 ff a4 ff  ................
00005eb0: a5 ff a7 ff a9 ff aa ff ac ff ae ff b0 ff b2 ff  ................
00005ec0: b4 ff b7 ff b9 ff bc ff be ff c1 ff c4 ff c7 ff  ................
00005ed0: ca ff ce ff d1 ff d5 ff d8 ff dc ff df ff e2 ff  ................
00005ee0: e6 ff e9 ff ec ff ef ff f2 ff f5 ff f8 ff fa ff  ................
00005ef0: fc ff fe ff ff ff 01 00 02 00 03 00 04 00 04 00  ................
00005f00: 05 00 05 00 05 00 05 00 05 00 04 00 04 00 04 00  ................
00005f10: 03 00 03 00 02 00 01 00 01 00 00 00 00 00 ff ff  ................
00005f20: ff ff ff ff ff ff ff ff ff ff ff ff 00 00 01 00  ................
00005f30: 02 00 03 00 04 00 06 00 07 00 09 00 0b 00 0d 00  ................
00005f40: 0f 00 11 00 13 00 15 00 18 00 1a 00 1c 00 1e 00  ................
00005f50: 20 00 22 00 24 00 26 00 27 00 29 00 2a 00 2c 00   .".$.&.'.).*.,.
00005f60: 2d 00 2e 00 30 00 31 00 32 00 33 00 33 00 34 00  -...0.1.2.3.3.4.
00005f70: 35 00 36 00 36 00 37 00 37 00 38 00 38 00 38 00  5.6.6.7.7.8.8.8.
00005f80: 38 00 39 00 39 00 39 00 39 00 39 00 39 00 39 00  8.9.9.9.9.9.9.9.
00005f90: 39 00 39 00 39 00 39 00 39 00 39 00 39 00 39 00  9.9.9.9.9.9.9.9.
00005fa0: 39 00 39 00 39 00 39 00 38 00 38 00 38 00 38 00  9.9.9.9.8.8.8.8.
00005fb0: 38 00 38 00 38 00 37 00 37 00 37 00 37 00 37 00  8.8.8.7.7.7.7.7.
00005fc0: 37 00 36 00 36 00 36 00 36 00 36 00 35 00 35 00  7.6.6.6.6.6.5.5.
00005fd0: 35 00 35 00 35 00 34 00 34 00 34 00 34 00 34 00  5.5.5.4.4.4.4.4.
00005fe0: 34 00 33 00 33 00 33 00 33 00 33 00 33 00 32 00  4.3.3.3.3.3.3.2.
00005ff0: 32 00 32 00 32 00 32 00 32 00 32 00 32 00 32 00  2.2.2.2.2.2.2.2.
00006000: 31 00 31 00 31 00 31 00 31 00 31 00 31 00 31 00  1.1.1.1.1.1.1.1.
00006010: 00 00 00 00 00 00 00 00 00 00 00 00 00 00 00 00  ................
00006020: 00 00 00 00 00 00 00 00 00 00 00 00 00 00 00 00  ................
00006030: 00 00 00 00 00 00 00 00 00 00 00 00 00 00 00 00  ................
00006040: 00 00 00 00 00 00 00 00 00 00 00 00 00 00 00 00  ................
00006050: 00 00 00 00 00 00 00 00 00 00 00 00 00 00 00 00  ................
00006060: 00 00 00 00 00 00 00 00 00 00 00 00 00 00 00 00  ................
00006070: 00 00 00 00 00 00 00 00 00 00 00 00 00 00 00 00  ................
00006080: 00 00 00 00 00 00 00 00 00 00 00 00 00 00 00 00  ................
00006090: 00 00 00 00 00 00 00 00 00 00 00 00 00 00 00 00  ................
000060a0: 00 00 00 00 00 00 00 00 00 00 00 00 00 00 00 00  ................
000060b0: 00 00 00 00 00 00 00 00 00 00 00 00 00 00 00 00  ................
000060c0: 00 00 00 00 00 00 00 00 00 00 00 00 00 00 00 00  ................
000060d0: 00 00 00 00 00 00 00 00 00 00 00 00 00 00 00 00  ................
000060e0: 00 00 00 00 00 00 00 00 00 00 00 00 00 00 00 00  ................
000060f0: 00 00 00 00 00 00 00 00 00 00 00 00 00 00 00 00  ................
00006100: 00 00 00 00 00 00 00 00 00 00 00 00 00 00 00 00  ................
00006110: 00 00 00 00 00 00 00 00 00 00 00 00 00 00 00 00  ................
00006120: 00 00 00 00 00 00 00 00 00 00 00 00 00 00 00 00  ................
00006130: 00 00 00 00 00 00 00 00 00 00 00 00 00 00 00 00  ................
00006140: 00 00 00 00 00 00 00 00 00 00 00 00 00 00 00 00  ................
00006150: 00 00 00 00 00 00 00 00 00 00 00 00 00 00 00 00  ................
00006160: 00 00 00 00 00 00 00 00 00 00 00 00 00 00 00 00  ................
00006170: 00 00 00 00 00 00 00 00 00 00 00 00 00 00 00 00  ................
00006180: 00 00 00 00 00 00 00 00 00 00 00 00 00 00 00 00  ................
00006190: 00 00 00 00 00 00 00 00 00 00 00 00 00 00 00 00  ................
000061a0: 00 00 00 00 00 00 00 00 00 00 00 00 00 00 00 00  ................
000061b0: 00 00 00 00 00 00 00 00 00 00 00 00 00 00 00 00  ................
000061c0: 00 00 00 00 00 00 00 00 00 00 00 00 00 00 00 00  ................
000061d0: 00 00 00 00 00 00 00 00 00 00 00 00 00 00 00 00  ................
000061e0: 00 00 00 00 00 00 00 00 00 00 00 00 00 00 00 00  ................
000061f0: 00 00 00 00 00 00 00 00 00 00 00 00 00 00 00 00  ................
00006200: 00 00 00 00 00 00 00 00 00 00 00 00 00 00 00 00  ................
00006210: 04 00 3c 00 5e 00 70 00 7e 00 8e 00 a2 00 c4 00  ..<.^.p.~.......
00006220: fe 00 ff 00 00 00 00 00 00 00 00 00 00 00 00 00  ................
00006230: 00 00 ff 00 00 00 00 00 00 00 00 00 00 00 00 00  ................
00006240: 00 00 00 00 00 00 00 00 00 00 00 00 00 00 00 00  ................
00006250: 03 00 06 00 01 00 05 00 02 00 01 00 18 00 00 00  ................
00006260: 01 00 fa ff fa ff fa ff f8 ff f4 ff f2 ff ee ff  ................
00006270: ec ff e8 ff e4 ff e2 ff de ff dc ff d8 ff d6 ff  ................
00006280: d2 ff d0 ff ce ff ca ff c8 ff c6 ff c2 ff c0 ff  ................
00006290: be ff bc ff ba ff b8 ff b6 ff b4 ff b2 ff b0 ff  ................
000062a0: ae ff ac ff ac ff aa ff aa ff a8 ff a8 ff a6 ff  ................
000062b0: a6 ff a6 ff a6 ff a4 ff a4 ff a6 ff a6 ff a6 ff  ................
000062c0: a6 ff a8 ff a8 ff aa ff aa ff ac ff ac ff ae ff  ................
000062d0: b0 ff b2 ff b2 ff b4 ff b6 ff b8 ff ba ff bc ff  ................
000062e0: be ff c0 ff c2 ff c2 ff c4 ff c6 ff c8 ff ca ff  ................
000062f0: cc ff ce ff d0 ff d0 ff d2 ff d4 ff d6 ff d6 ff  ................
00006300: d8 ff da ff da ff dc ff dc ff de ff e0 ff e0 ff  ................
00006310: e2 ff e2 ff e2 ff e4 ff e4 ff e6 ff e6 ff e8 ff  ................
00006320: e8 ff e8 ff ea ff ea ff ec ff ec ff ec ff ee ff  ................
00006330: ee ff ee ff f0 ff f0 ff f2 ff f2 ff f4 ff f4 ff  ................
00006340: f4 ff f6 ff f6 ff f8 ff f8 ff fa ff fa ff fa ff  ................
00006350: fc ff fc ff fe ff fe ff 00 00 00 00 00 00 02 00  ................
00006360: 02 00 02 00 04 00 04 00 06 00 06 00 06 00 08 00  ................
00006370: 08 00 08 00 0a 00 0a 00 0a 00 0c 00 0c 00 0e 00  ................
00006380: 0e 00 0e 00 10 00 10 00 12 00 12 00 12 00 14 00  ................
00006390: 14 00 16 00 16 00 18 00 18 00 18 00 1a 00 1a 00  ................
000063a0: 1c 00 1c 00 1e 00 1e 00 20 00 22 00 22 00 24 00  ........ .".".$.
000063b0: 24 00 26 00 28 00 28 00 2a 00 2a 00 2c 00 2e 00  $.&.(.(.*.*.,...
000063c0: 2e 00 30 00 32 00 34 00 34 00 36 00 38 00 3a 00  ..0.2.4.4.6.8.:.
000063d0: 3c 00 3e 00 40 00 40 00 42 00 44 00 46 00 48 00  <.>.@.@.B.D.F.H.
000063e0: 4a 00 4c 00 4e 00 50 00 52 00 54 00 56 00 56 00  J.L.N.P.R.T.V.V.
000063f0: 58 00 5a 00 5a 00 5c 00 5c 00 5c 00 5c 00 5e 00  X.Z.Z.\.\.\.\.^.
00006400: 5c 00 5c 00 5c 00 5c 00 5a 00 5a 00 58 00 56 00  \.\.\.\.Z.Z.X.V.
00006410: 54 00 52 00 50 00 4e 00 4c 00 4a 00 48 00 44 00  T.R.P.N.L.J.H.D.
00006420: 42 00 40 00 3c 00 3a 00 36 00 34 00 30 00 2e 00  B.@.<.:.6.4.0...
00006430: 2a 00 28 00 24 00 22 00 20 00 1c 00 1a 00 16 00  *.(.$.". .......
00006440: 14 00 12 00 10 00 0c 00 0a 00 08 00 06 00 04 00  ................
00006450: 02 00 02 00 00 00 00 00 fe ff fe ff fe ff fc ff  ................
00006460: fc ff 00 00 00 00 00 00 00 00 00 00 00 00 00 00  ................
00006470: 00 00 00 00 00 00 00 00 00 00 00 00 00 00 00 00  ................
00006480: 00 00 00 00 00 00 00 00 00 00 00 00 00 00 00 00  ................
00006490: 00 00 00 00 00 00 00 00 00 00 00 00 00 00 00 00  ................
000064a0: 00 00 00 00 00 00 00 00 00 00 00 00 00 00 00 00  ................
000064b0: 00 00 00 00 00 00 00 00 00 00 00 00 00 00 00 00  ................
000064c0: 00 00 00 00 00 00 00 00 00 00 00 00 00 00 00 00  ................
000064d0: 00 00 00 00 00 00 00 00 00 00 00 00 00 00 00 00  ................
000064e0: 00 00 00 00 00 00 00 00 00 00 00 00 00 00 00 00  ................
000064f0: 00 00 00 00 00 00 00 00 00 00 00 00 00 00 00 00  ................
00006500: 00 00 00 00 00 00 00 00 00 00 00 00 00 00 00 00  ................
00006510: 00 00 00 00 00 00 00 00 00 00 00 00 00 00 00 00  ................
00006520: 00 00 00 00 00 00 00 00 00 00 00 00 00 00 00 00  ................
00006530: 00 00 00 00 00 00 00 00 00 00 00 00 00 00 00 00  ................
00006540: 00 00 00 00 00 00 00 00 00 00 00 00 00 00 00 00  ................
00006550: 00 00 00 00 00 00 00 00 00 00 00 00 00 00 00 00  ................
00006560: 00 00 00 00 00 00 00 00 00 00 00 00 00 00 00 00  ................
00006570: 00 00 00 00 00 00 00 00 00 00 00 00 00 00 00 00  ................
00006580: 00 00 00 00 00 00 00 00 00 00 00 00 00 00 00 00  ................
00006590: 00 00 00 00 00 00 00 00 00 00 00 00 00 00 00 00  ................
000065a0: 00 00 00 00 00 00 00 00 00 00 00 00 00 00 00 00  ................
000065b0: 00 00 00 00 00 00 00 00 00 00 00 00 00 00 00 00  ................
000065c0: 00 00 00 00 00 00 00 00 00 00 00 00 00 00 00 00  ................
000065d0: 00 00 00 00 00 00 00 00 00 00 00 00 00 00 00 00  ................
000065e0: 00 00 00 00 00 00 00 00 00 00 00 00 00 00 00 00  ................
000065f0: 00 00 00 00 00 00 00 00 00 00 00 00 00 00 00 00  ................
00006600: 00 00 00 00 00 00 00 00 00 00 00 00 00 00 00 00  ................
00006610: 00 00 00 00 00 00 00 00 00 00 00 00 00 00 00 00  ................
00006620: 00 00 00 00 00 00 00 00 00 00 00 00 00 00 00 00  ................
00006630: 00 00 00 00 00 00 00 00 00 00 00 00 00 00 00 00  ................
00006640: 00 00 00 00 00 00 00 00 00 00 00 00 00 00 00 00  ................
00006650: 00 00 00 00 00 00 00 00 00 00 00 00 00 00 00 00  ................
00006660: 00 00 02 00 2a 00 4a 00 68 00 80 00 8a 00 9c 00  ....*.J.h.......
00006670: ba 00 ce 00 fe 00 ff 00 00 00 00 00 00 00 00 00  ................
00006680: 00 00 00 00 ff 00 00 00 00 00 00 00 00 00 00 00  ................
00006690: 00 00 00 00 00 00 00 00 00 00 00 00 00 00 00 00  ................
000066a0: 00 00 01 00 04 00 01 00 05 00 02 00 01 00 18 00  ................
000066b0: 00 00 01 00 00 00 00 00 fe ff fe ff fc ff fa ff  ................
000066c0: fa ff f8 ff f6 ff f6 ff f4 ff f4 ff f2 ff f0 ff  ................
000066d0: f0 ff ee ff ec ff ec ff ea ff ea ff e8 ff e6 ff  ................
000066e0: e6 ff e4 ff e4 ff e2 ff e2 ff e0 ff e0 ff de ff  ................
000066f0: de ff dc ff dc ff da ff da ff d8 ff d8 ff d6 ff  ................
00006700: d6 ff d6 ff d4 ff d4 ff d4 ff d4 ff d2 ff d2 ff  ................
00006710: d2 ff d2 ff d0 ff d0 ff d0 ff d0 ff d0 ff d0 ff  ................
00006720: d0 ff d0 ff d0 ff d0 ff d0 ff d2 ff d2 ff d2 ff  ................
00006730: d2 ff d2 ff d2 ff d4 ff d4 ff d4 ff d4 ff d6 ff  ................
00006740: d6 ff d6 ff d8 ff d8 ff d8 ff da ff da ff dc ff  ................
00006750: dc ff dc ff de ff de ff e0 ff e0 ff e0 ff e2 ff  ................
00006760: e2 ff e4 ff e4 ff e6 ff e6 ff e8 ff e8 ff ea ff  ................
00006770: ea ff ea ff ec ff ec ff ee ff ee ff f0 ff f0 ff  ................
00006780: f2 ff f2 ff f2 ff f4 ff f4 ff f4 ff f6 ff f6 ff  ................
00006790: f8 ff f8 ff f8 ff f8 ff fa ff fa ff fa ff fc ff  ................
000067a0: fc ff fc ff fc ff fe ff fe ff fe ff fe ff fe ff  ................
000067b0: 00 00 00 00 00 00 00 00 00 00 00 00 02 00 02 00  ................
000067c0: 02 00 02 00 04 00 04 00 04 00 04 00 04 00 06 00  ................
000067d0: 06 00 06 00 08 00 08 00 08 00 0a 00 0a 00 0a 00  ................
000067e0: 0c 00 0c 00 0c 00 0e 00 0e 00 0e 00 10 00 10 00  ................
000067f0: 12 00 12 00 12 00 14 00 14 00 16 00 16 00 16 00  ................
00006800: 18 00 18 00 1a 00 1a 00 1a 00 1c 00 1c 00 1e 00  ................
00006810: 1e 00 1e 00 20 00 20 00 22 00 22 00 22 00 24 00  .... . .".".".$.
00006820: 24 00 24 00 26 00 26 00 26 00 26 00 28 00 28 00  $.$.&.&.&.&.(.(.
00006830: 28 00 28 00 2a 00 2a 00 2a 00 2a 00 2c 00 2c 00  (.(.*.*.*.*.,.,.
00006840: 2c 00 2c 00 2c 00 2c 00 2c 00 2c 00 2c 00 2c 00  ,.,.,.,.,.,.,.,.
00006850: 2c 00 2c 00 2c 00 2c 00 2c 00 2c 00 2c 00 2c 00  ,.,.,.,.,.,.,.,.
00006860: 2c 00 2a 00 2a 00 2a 00 2a 00 2a 00 28 00 28 00  ,.*.*.*.*.*.(.(.
00006870: 28 00 26 00 26 00 24 00 24 00 24 00 22 00 22 00  (.&.&.$.$.$.".".
00006880: 20 00 20 00 1e 00 1e 00 1c 00 1a 00 1a 00 18 00   . .............
00006890: 18 00 16 00 16 00 14 00 12 00 12 00 10 00 0e 00  ................
000068a0: 0e 00 0c 00 0a 00 0a 00 08 00 06 00 06 00 04 00  ................
000068b0: 02 00 00 00 00 00 00 00 00 00 00 00 00 00 00 00  ................
000068c0: 00 00 00 00 00 00 00 00 00 00 00 00 00 00 00 00  ................
000068d0: 00 00 00 00 00 00 00 00 00 00 00 00 00 00 00 00  ................
000068e0: 00 00 00 00 00 00 00 00 00 00 00 00 00 00 00 00  ................
000068f0: 00 00 00 00 00 00 00 00 00 00 00 00 00 00 00 00  ................
00006900: 00 00 00 00 00 00 00 00 00 00 00 00 00 00 00 00  ................
00006910: 00 00 00 00 00 00 00 00 00 00 00 00 00 00 00 00  ................
00006920: 00 00 00 00 00 00 00 00 00 00 00 00 00 00 00 00  ................
00006930: 00 00 00 00 00 00 00 00 00 00 00 00 00 00 00 00  ................
00006940: 00 00 00 00 00 00 00 00 00 00 00 00 00 00 00 00  ................
00006950: 00 00 00 00 00 00 00 00 00 00 00 00 00 00 00 00  ................
00006960: 00 00 00 00 00 00 00 00 00 00 00 00 00 00 00 00  ................
00006970: 00 00 00 00 00 00 00 00 00 00 00 00 00 00 00 00  ................
00006980: 00 00 00 00 00 00 00 00 00 00 00 00 00 00 00 00  ................
00006990: 00 00 00 00 00 00 00 00 00 00 00 00 00 00 00 00  ................
000069a0: 00 00 00 00 00 00 00 00 00 00 00 00 00 00 00 00  ................
000069b0: 00 00 00 00 00 00 00 00 00 00 00 00 00 00 00 00  ................
000069c0: 00 00 00 00 00 00 00 00 00 00 00 00 00 00 00 00  ................
000069d0: 00 00 00 00 00 00 00 00 00 00 00 00 00 00 00 00  ................
000069e0: 00 00 00 00 00 00 00 00 00 00 00 00 00 00 00 00  ................
000069f0: 00 00 00 00 00 00 00 00 00 00 00 00 00 00 00 00  ................
00006a00: 00 00 00 00 00 00 00 00 00 00 00 00 00 00 00 00  ................
00006a10: 00 00 00 00 00 00 00 00 00 00 00 00 00 00 00 00  ................
00006a20: 00 00 00 00 00 00 00 00 00 00 00 00 00 00 00 00  ................
00006a30: 00 00 00 00 00 00 00 00 00 00 00 00 00 00 00 00  ................
00006a40: 00 00 00 00 00 00 00 00 00 00 00 00 00 00 00 00  ................
00006a50: 00 00 00 00 00 00 00 00 00 00 00 00 00 00 00 00  ................
00006a60: 00 00 00 00 00 00 00 00 00 00 00 00 00 00 00 00  ................
00006a70: 00 00 00 00 00 00 00 00 00 00 00 00 00 00 00 00  ................
00006a80: 00 00 00 00 00 00 00 00 00 00 00 00 00 00 00 00  ................
00006a90: 00 00 00 00 00 00 00 00 00 00 00 00 00 00 00 00  ................
00006aa0: 00 00 00 00 00 00 00 00 00 00 00 00 00 00 00 00  ................
00006ab0: 00 00 00 00 00 00 14 00 30 00 70 00 8c 00 d6 00  ........0.p.....
00006ac0: ea 00 ff 00 00 00 00 00 00 00 00 00 00 00 00 00  ................
00006ad0: 00 00 00 00 00 00 ff 00 00 00 00 00 00 00 00 00  ................
00006ae0: 00 00 00 00 00 00 00 00 00 00 00 00 00 00 00 00  ................
00006af0: 00 00 00 00 08 00 02 00 01 00 fe ff ff ff ff ff  ................
00006b00: 08 00 ff ff ff ff 40 00 28 00 1e 00 0a 00 b4 00  ......@.(.......
00006b10: 32 00 0c 00 ce 00 01 00 01 00 00 00 10 00 fe 03  2...............
00006b20: ff 03 00 00 00 00 40 00 40 00 40 00 01 00 00 00  ......@.@.@.....
00006b30: 10 00 00 02 ff 03 00 00 00 00 44 00 44 00 44 00  ..........D.D.D.
00006b40: 01 00 00 00 10 00 00 02 ff 03 00 00 00 00 44 00  ..............D.
00006b50: 44 00 44 00 01 00 00 00 10 00 00 02 ff 03 00 00  D.D.............
00006b60: 00 00 44 00 44 00 44 00 01 00 00 00 10 00 00 02  ..D.D.D.........
00006b70: ff 03 00 00 00 00 40 00 40 00 40 00 01 00 00 00  ......@.@.@.....
00006b80: 10 00 00 02 ff 03 00 00 00 00 3a 00 3a 00 3a 00  ..........:.:.:.
00006b90: 01 00 00 00 10 00 00 02 ff 03 00 00 00 00 3a 00  ..............:.
00006ba0: 3a 00 3a 00 01 00 00 00 10 00 00 02 ff 03 00 00  :.:.............
00006bb0: 00 00 3c 00 3c 00 3c 00 01 00 00 00 10 00 00 02  ..<.<.<.........
00006bc0: ff 03 00 00 00 00 32 00 32 00 32 00 01 00 00 00  ......2.2.2.....
00006bd0: f0 00 00 02 ff 03 00 00 00 00 32 00 40 00 40 00  ..........2.@.@.
00006be0: 0d 00 40 00 01 00 40 00 00 00 20 00 10 00 20 00  ..@...@... ... .
00006bf0: 0c 00 10 00 20 00 0c 00 10 00 20 00 0c 00 10 00  .... ..... .....
00006c00: 20 00 10 00 10 00 20 00 10 00 10 00 20 00 10 00   ..... ..... ...
00006c10: 10 00 20 00 10 00 10 00 20 00 04 00 01 00 20 00  .. ..... ..... .
00006c20: 0e 00 06 00 00 00 0f 00 0e 00 40 00 00 00 44 00  ..........@...D.
00006c30: 00 00 01 00 10 00 5c 10 01 00 00 00 78 00 01 00  ......\.....x...
00006c40: 01 00 01 00 5a 00 01 00 00 00 01 00 32 00 01 00  ....Z.......2...
00006c50: 00 00 01 00 32 00 01 00 00 00 01 00 32 00 01 00  ....2.......2...
00006c60: 00 00 01 00 32 00 01 00 01 00 01 00 32 00 01 00  ....2.......2...
00006c70: 01 00 01 00 32 00 01 00 01 00 01 00 32 00 01 00  ....2.......2...
00006c80: 01 00 01 00 48 00 01 00 01 00 00 00 00 00 00 00  ....H...........
00006c90: 00 00 00 00 00 00 00 00 00 00 00 00 00 00 00 00  ................
00006ca0: 00 00 00 00 00 00 00 00 00 00 00 00 00 00 00 00  ................
00006cb0: 00 00 00 00 00 00 00 00 00 00 00 00 00 00 00 00  ................
00006cc0: 00 00 00 00 00 00 00 00 00 00 00 00 00 00 00 00  ................
00006cd0: 00 00 00 00 00 00 00 00 00 00 00 00 00 00 00 00  ................
00006ce0: 00 00 00 00 00 00 00 00 00 00 00 00 00 00 00 00  ................
00006cf0: 00 00 00 00 00 00 00 00 00 00 00 00 00 00 00 00  ................
00006d00: 00 00 00 00 00 00 00 00 00 00 00 00 00 00 00 00  ................
00006d10: 00 00 00 00 00 00 00 00 00 00 00 00 00 00 00 00  ................
00006d20: 00 00 00 00 00 00 00 00 00 00 00 00 00 00 00 00  ................
00006d30: 00 00 00 00 00 00 00 00 00 00 00 00 00 00 00 00  ................
00006d40: 00 00 00 00 00 00 00 00 00 00 00 00 00 00 00 00  ................
00006d50: 00 00 00 00 00 00 00 00 00 00 00 00 00 00 00 00  ................
00006d60: 00 00 00 00 00 00 00 00 00 00 00 00 00 00 00 00  ................
00006d70: 00 00 00 00 00 00 00 00 00 00 00 00 00 00 00 00  ................
00006d80: 00 00 00 00 00 00 00 00 00 00 00 00 00 00 00 00  ................
00006d90: 00 00 00 00 00 00 00 00 00 00 00 00 00 00 00 00  ................
00006da0: 00 00 00 00 00 00 00 00 00 00 00 00 00 00 00 00  ................
00006db0: 00 00 00 00 00 00 00 00 00 00 00 00 00 00 00 00  ................
00006dc0: 00 00 00 00 00 00 00 00 00 00 00 00 00 00 00 00  ................
00006dd0: 00 00 00 00 00 00 00 00 00 00 00 00 00 00 00 00  ................
00006de0: 00 00 00 00 00 00 00 00 00 00 00 00 00 00 00 00  ................
00006df0: 00 00 00 00 00 00 00 00 00 00 00 00 00 00 00 00  ................
00006e00: 00 00 00 00 00 00 00 00 00 00 00 00 00 00 00 00  ................
00006e10: 00 00 00 00 00 00 00 00 00 00 00 00 00 00 00 00  ................
00006e20: 00 00 00 00 00 00 00 00 00 00 00 00 00 00 00 00  ................
00006e30: 00 00 00 00 00 00 00 00 00 00 00 00 00 00 00 00  ................
00006e40: 00 00 00 00 00 00 00 00 00 00 00 00 00 00 00 00  ................
00006e50: 00 00 00 00 00 00 00 00 00 00 00 00 00 00 00 00  ................
00006e60: 00 00 00 00 00 00 00 00 00 00 00 00 00 00 00 00  ................
00006e70: 00 00 00 00 00 00 00 00 00 00 00 00 00 00 00 00  ................
00006e80: 00 00 00 00 00 00 00 00 00 00 00 00 00 00 00 00  ................
00006e90: 00 00 00 00 00 00 00 00 00 00 00 00 00 00 00 00  ................
00006ea0: 00 00 00 00 00 00 00 00 00 00 00 00 00 00 00 00  ................
00006eb0: 00 00 00 00 00 00 00 00 00 00 00 00 00 00 00 00  ................
00006ec0: 00 00 00 00 00 00 00 00 00 00 00 00 00 00 00 00  ................
00006ed0: 00 00 00 00 00 00 00 00 00 00 00 00 00 00 00 00  ................
00006ee0: 00 00 00 00 00 00 00 00 00 00 00 00 00 00 00 00  ................
00006ef0: 00 00 00 00 00 00 00 00 00 00 00 00 00 00 00 00  ................
00006f00: 00 00 00 00 00 00 00 00 00 00 00 00 00 00 00 00  ................
00006f10: 00 00 00 00 00 00 00 00 00 00 00 00 00 00 00 00  ................
00006f20: 00 00 00 00 00 00 00 00 00 00 00 00 00 00 00 00  ................
00006f30: 00 00 00 00 00 00 00 00 00 00 00 00 00 00 00 00  ................
00006f40: 00 00 00 00 00 00 00 00 00 00 00 00 00 00 00 00  ................
00006f50: 00 00 00 00 00 00 00 00 00 00 00 00 00 00 00 00  ................
00006f60: 00 00 00 00 00 00 00 00 00 00 00 00 00 00 00 00  ................
00006f70: 00 00 00 00 00 00 00 00 00 00 00 00 00 00 00 00  ................
00006f80: 00 00 00 00 00 00 00 00 00 00 00 00 00 00 00 00  ................
00006f90: 00 00 00 00 00 00 00 00 00 00 00 00 00 00 00 00  ................
00006fa0: 00 00 00 00 00 00 00 00 00 00 00 00 00 00 00 00  ................
00006fb0: 00 00 00 00 00 00 00 00 00 00 00 00 00 00 00 00  ................
00006fc0: 00 00 00 00 00 00 00 00 00 00 00 00 00 00 00 00  ................
00006fd0: 00 00 00 00 00 00 00 00 00 00 00 00 00 00 00 00  ................
00006fe0: 00 00 00 00 00 00 00 00 00 00 00 00 00 00 00 00  ................
00006ff0: 00 00 00 00 00 00 00 00 00 00 00 00 00 00 00 00  ................
00007000: 00 00 00 00 00 00 00 00 00 00 00 00 00 00 00 00  ................
00007010: 00 00 00 00 00 00 00 00 00 00 00 00 00 00 00 00  ................
00007020: 00 00 00 00 00 00 00 00 00 00 00 00 00 00 00 00  ................
00007030: 00 00 00 00 00 00 00 00 00 00 00 00 00 00 00 00  ................
00007040: 00 00 00 00 00 00 00 00 00 00 00 00 00 00 00 00  ................
00007050: 00 00 00 00 00 00 00 00 00 00 00 00 00 00 00 00  ................
00007060: 00 00 00 00 00 00 00 00 00 00 00 00 00 00 00 00  ................
00007070: 00 00 00 00 00 00 00 00 00 00 00 00 00 00 00 00  ................
00007080: 00 00 00 00 00 00 00 00 00 00 00 00 00 00 00 00  ................
00007090: 00 00 00 00 00 00 00 00 00 00 00 00 00 00 00 00  ................
000070a0: 00 00 00 00 00 00 00 00 00 00 00 00 00 00 00 00  ................
000070b0: 00 00 00 00 00 00 00 00 00 00 00 00 00 00 00 00  ................
000070c0: 00 00 00 00 00 00 00 00 00 00 00 00 00 00 00 00  ................
000070d0: 00 00 00 00 00 00 00 00 00 00 00 00 00 00 00 00  ................
000070e0: 00 00 00 00 00 00 00 00 00 00 00 00 00 00 00 00  ................
000070f0: 00 00 00 00 00 00 00 00 00 00 00 00 00 00 00 00  ................
00007100: 00 00 00 00 00 00 00 00 00 00 00 00 00 00 00 00  ................
00007110: 00 00 00 00 00 00 00 00 00 00 00 00 00 00 00 00  ................
00007120: 00 00 00 00 00 00 00 00 00 00 00 00 00 00 00 00  ................
00007130: 00 00 00 00 00 00 00 00 00 00 00 00 00 00 00 00  ................
00007140: 00 00 00 00 00 00 00 00 00 00 00 00 00 00 00 00  ................
00007150: 00 00 00 00 00 00 00 00 00 00 00 00 00 00 00 00  ................
00007160: 00 00 00 00 00 00 00 00 00 00 00 00 00 00 00 00  ................
00007170: 00 00 00 00 00 00 00 00 00 00 00 00 00 00 00 00  ................
00007180: 00 00 00 00 00 00 00 00 00 00 00 00 00 00 00 00  ................
00007190: 00 00 00 00 00 00 00 00 00 00 00 00 00 00 00 00  ................
000071a0: 00 00 00 00 00 00 00 00 00 00 00 00 00 00 00 00  ................
000071b0: 00 00 00 00 00 00 00 00 00 00 00 00 00 00 00 00  ................
000071c0: 00 00 00 00 00 00 00 00 00 00 00 00 00 00 00 00  ................
000071d0: 00 00 00 00 00 00 00 00 00 00 00 00 00 00 00 00  ................
000071e0: 00 00 00 00 00 00 00 00 00 00 00 00 00 00 00 00  ................
000071f0: 00 00 00 00 00 00 00 00 00 00 00 00 00 00 00 00  ................
00007200: 00 00 00 00 00 00 00 00 00 00 00 00 00 00 00 00  ................
00007210: 00 00 00 00 00 00 00 00 00 00 00 00 00 00 00 00  ................
00007220: 00 00 00 00 00 00 00 00 00 00 00 00 00 00 00 00  ................
00007230: 00 00 00 00 00 00 00 00 00 00 00 00 00 00 00 00  ................
00007240: 00 00 00 00 00 00 00 00 00 00 00 00 00 00 00 00  ................
00007250: 00 00 00 00 00 00 00 00 00 00 00 00 00 00 00 00  ................
00007260: 00 00 00 00 00 00 00 00 00 00 00 00 00 00 00 00  ................
00007270: 00 00 00 00 00 00 00 00 00 00 00 00 00 00 00 00  ................
00007280: 00 00 00 00 00 00 00 00 00 00 00 00 00 00 00 00  ................
00007290: 00 00 00 00 00 00 00 00 00 00 00 00 00 00 00 00  ................
000072a0: 00 00 00 00 00 00 00 00 00 00 00 00 00 00 00 00  ................
000072b0: 00 00 00 00 00 00 00 00 00 00 00 00 00 00 00 00  ................
000072c0: 00 00 00 00 00 00 00 00 00 00 00 00 00 00 00 00  ................
000072d0: 00 00 00 00 00 00 00 00 00 00 00 00 00 00 00 00  ................
000072e0: 00 00 00 00 00 00 00 00 00 00 00 00 00 00 00 00  ................
000072f0: 00 00 00 00 00 00 00 00 00 00 00 00 00 00 00 00  ................
00007300: 00 00 00 00 00 00 00 00 00 00 00 00 00 00 00 00  ................
00007310: 00 00 00 00 00 00 00 00 00 00 00 00 00 00 00 00  ................
00007320: 00 00 00 00 00 00 00 00 00 00 00 00 00 00 00 00  ................
00007330: 00 00 00 00 00 00 00 00 00 00 00 00 00 00 00 00  ................
00007340: 00 00 00 00 00 00 00 00 00 00 00 00 00 00 00 00  ................
00007350: 00 00 00 00 00 00 00 00 00 00 00 00 00 00 00 00  ................
00007360: 00 00 00 00 00 00 00 00 00 00 00 00 00 00 00 00  ................
00007370: 00 00 00 00 00 00 00 00 00 00 00 00 00 00 00 00  ................
00007380: 00 00 00 00 00 00 00 00 00 00 00 00 00 00 00 00  ................
00007390: 00 00 00 00 00 00 00 00 00 00 00 00 00 00 00 00  ................
000073a0: 00 00 00 00 00 00 00 00 00 00 00 00 00 00 00 00  ................
000073b0: 00 00 00 00 00 00 00 00 00 00 00 00 00 00 00 00  ................
000073c0: 00 00 00 00 00 00 00 00 00 00 00 00 00 00 00 00  ................
000073d0: 00 00 00 00 00 00 00 00 00 00 00 00 00 00 00 00  ................
000073e0: 00 00 00 00 00 00 00 00 00 00 00 00 00 00 00 00  ................
000073f0: 00 00 00 00 00 00 00 00 00 00 00 00 00 00 00 00  ................
00007400: 00 00 00 00 00 00 00 00 00 00 00 00 00 00 00 00  ................
00007410: 00 00 00 00 00 00 00 00 00 00 00 00 00 00 00 00  ................
00007420: 00 00 00 00 00 00 00 00 00 00 00 00 00 00 00 00  ................
00007430: 00 00 00 00 00 00 00 00 00 00 00 00 00 00 00 00  ................
00007440: 00 00 00 00 00 00 00 00 00 00 00 00 00 00 00 00  ................
00007450: 00 00 00 00 00 00 00 00 00 00 00 00 00 00 00 00  ................
00007460: 00 00 00 00 00 00 00 00 00 00 00 00 00 00 00 00  ................
00007470: 00 00 00 00 00 00 00 00 00 00 00 00 00 00 00 00  ................
00007480: 00 00 00 00 00 00 00 00 00 00 00 00 00 00 00 00  ................
00007490: 00 00 00 00 00 00 00 00 00 00 00 00 00 00 00 00  ................
000074a0: 00 00 00 00 00 00 00 00 00 00 00 00 00 00 00 00  ................
000074b0: 00 00 00 00 00 00 00 00 00 00 00 00 00 00 00 00  ................
000074c0: 00 00 00 00 00 00 00 00 00 00 00 00 00 00 00 00  ................
000074d0: 00 00 00 00 00 00 00 00 00 00 00 00 00 00 00 00  ................
000074e0: 00 00 00 00 00 00 00 00 00 00 00 00 00 00 00 00  ................
000074f0: 00 00 00 00 00 00 00 00 00 00 00 00 00 00 00 00  ................
00007500: 00 00 00 00 00 00 00 00 00 00 00 00 00 00 00 00  ................
00007510: 00 00 00 00 00 00 00 00 00 00 00 00 00 00 00 00  ................
00007520: 00 00 00 00 00 00 00 00 00 00 00 00 00 00 00 00  ................
00007530: 00 00 00 00 00 00 00 00 00 00 00 00 00 00 00 00  ................
00007540: 00 00 00 00 00 00 00 00 00 00 00 00 00 00 00 00  ................
00007550: 00 00 00 00 00 00 00 00 00 00 00 00 00 00 00 00  ................
00007560: 00 00 00 00 00 00 00 00 00 00 00 00 00 00 00 00  ................
00007570: 00 00 00 00 00 00 00 00 00 00 00 00 00 00 00 00  ................
00007580: 00 00 00 00 00 00 00 00 00 00 00 00 00 00 00 00  ................
00007590: 00 00 00 00 00 00 00 00 00 00 00 00 00 00 00 00  ................
000075a0: 00 00 00 00 00 00 00 00 00 00 00 00 00 00 00 00  ................
000075b0: 00 00 00 00 00 00 00 00 00 00 00 00 00 00 00 00  ................
000075c0: 00 00 00 00 00 00 00 00 00 00 00 00 00 00 00 00  ................
000075d0: 00 00 00 00 00 00 00 00 00 00 00 00 00 00 00 00  ................
000075e0: 00 00 00 00 00 00 00 00 00 00 00 00 00 00 00 00  ................
000075f0: 00 00 00 00 00 00 00 00 00 00 00 00 00 00 00 00  ................
00007600: 00 00 00 00 00 00 00 00 00 00 00 00 00 00 00 00  ................
00007610: 00 00 00 00 00 00 00 00 00 00 00 00 00 00 00 00  ................
00007620: 00 00 00 00 00 00 00 00 00 00 00 00 00 00 00 00  ................
00007630: 00 00 00 00 00 00 00 00 00 00 00 00 00 00 00 00  ................
00007640: 00 00 00 00 00 00 00 00 00 00 00 00 00 00 00 00  ................
00007650: 00 00 00 00 00 00 00 00 00 00 00 00 00 00 00 00  ................
00007660: 00 00 00 00 00 00 00 00 00 00 00 00 00 00 00 00  ................
00007670: 00 00 00 00 00 00 00 00 00 00 00 00 00 00 00 00  ................
00007680: 00 00 00 00 00 00 00 00 00 00 00 00 00 00 00 00  ................
00007690: 00 00 00 00 00 00 00 00 00 00 00 00 00 00 00 00  ................
000076a0: 00 00 00 00 00 00 00 00 00 00 00 00 00 00 00 00  ................
000076b0: 00 00 00 00 00 00 00 00 00 00 00 00 00 00 00 00  ................
000076c0: 00 00 00 00 00 00 00 00 00 00 00 00 00 00 00 00  ................
000076d0: 00 00 00 00 00 00 00 00 00 00 00 00 00 00 00 00  ................
000076e0: 00 00 00 00 00 00 00 00 00 00 00 00 00 00 00 00  ................
000076f0: 00 00 00 00 00 00 00 00 00 00 00 00 00 00 00 00  ................
00007700: 00 00 00 00 00 00 00 00 00 00 00 00 00 00 00 00  ................
00007710: 00 00 00 00 00 00 00 00 00 00 00 00 00 00 00 00  ................
00007720: 00 00 00 00 00 00 00 00 00 00 00 00 00 00 00 00  ................
00007730: 00 00 00 00 00 00 00 00 00 00 00 00 00 00 00 00  ................
00007740: 00 00 00 00 00 00 00 00 00 00 00 00 00 00 00 00  ................
00007750: 00 00 00 00 00 00 00 00 00 00 00 00 00 00 00 00  ................
00007760: 00 00 00 00 00 00 00 00 00 00 00 00 00 00 00 00  ................
00007770: 00 00 00 00 00 00 00 00 00 00 00 00 00 00 00 00  ................
00007780: 00 00 00 00 00 00 00 00 00 00 00 00 00 00 00 00  ................
00007790: 00 00 00 00 00 00 00 00 00 00 00 00 00 00 00 00  ................
000077a0: 00 00 00 00 00 00 00 00 00 00 00 00 00 00 00 00  ................
000077b0: 00 00 00 00 00 00 00 00 00 00 00 00 00 00 00 00  ................
000077c0: 00 00 00 00 00 00 00 00 00 00 00 00 00 00 00 00  ................
000077d0: 00 00 00 00 00 00 00 00 00 00 00 00 00 00 00 00  ................
000077e0: 00 00 00 00 00 00 00 00 00 00 00 00 00 00 00 00  ................
000077f0: 00 00 00 00 00 00 00 00 00 00 00 00 00 00 00 00  ................
00007800: 00 00 00 00 00 00 00 00 00 00 00 00 00 00 00 00  ................
00007810: 00 00 00 00 00 00 00 00 00 00 00 00 00 00 00 00  ................
00007820: 00 00 00 00 00 00 00 00 00 00 00 00 00 00 00 00  ................
00007830: 00 00 00 00 00 00 00 00 00 00 00 00 00 00 00 00  ................
00007840: 00 00 00 00 00 00 00 00 00 00 00 00 00 00 00 00  ................
00007850: 00 00 00 00 00 00 00 00 00 00 00 00 00 00 00 00  ................
00007860: 00 00 00 00 00 00 00 00 00 00 00 00 00 00 00 00  ................
00007870: 00 00 00 00 00 00 00 00 00 00 00 00 00 00 00 00  ................
00007880: 00 00 00 00 00 00 00 00 00 00 00 00 00 00 00 00  ................
00007890: 00 00 00 00 00 00 00 00 00 00 00 00 00 00 00 00  ................
000078a0: 00 00 00 00 00 00 00 00 00 00 00 00 00 00 00 00  ................
000078b0: 00 00 00 00 00 00 00 00 00 00 00 00 00 00 00 00  ................
000078c0: 00 00 00 00 00 00 00 00 00 00 00 00 00 00 00 00  ................
000078d0: 00 00 00 00 00 00 00 00 00 00 00 00 00 00 00 00  ................
000078e0: 00 00 00 00 00 00 00 00 00 00 00 00 00 00 00 00  ................
000078f0: 00 00 00 00 00 00 00 00 00 00 00 00 00 00 00 00  ................
00007900: 00 00 00 00 00 00 00 00 00 00 00 00 00 00 00 00  ................
00007910: 00 00 00 00 00 00 00 00 00 00 00 00 00 00 00 00  ................
00007920: 00 00 00 00 00 00 00 00 00 00 00 00 00 00 00 00  ................
00007930: 00 00 00 00 00 00 00 00 00 00 00 00 00 00 00 00  ................
00007940: 00 00 00 00 00 00 00 00 00 00 00 00 00 00 00 00  ................
00007950: 00 00 00 00 00 00 00 00 00 00 00 00 00 00 00 00  ................
00007960: 00 00 00 00 00 00 00 00 00 00 00 00 00 00 00 00  ................
00007970: 00 00 00 00 00 00 00 00 00 00 00 00 00 00 00 00  ................
00007980: 00 00 00 00 00 00 00 00 00 00 00 00 00 00 00 00  ................
00007990: 00 00 00 00 00 00 00 00 00 00 00 00 00 00 00 00  ................
000079a0: 00 00 00 00 00 00 00 00 00 00 00 00 00 00 00 00  ................
000079b0: 00 00 00 00 00 00 00 00 00 00 00 00 00 00 00 00  ................
000079c0: 00 00 00 00 00 00 00 00 00 00 00 00 00 00 00 00  ................
000079d0: 00 00 00 00 00 00 00 00 00 00 00 00 00 00 00 00  ................
000079e0: 00 00 00 00 00 00 00 00 00 00 00 00 00 00 00 00  ................
000079f0: 00 00 00 00 00 00 00 00 00 00 00 00 00 00 00 00  ................
00007a00: 00 00 00 00 00 00 00 00 00 00 00 00 00 00 00 00  ................
00007a10: 00 00 00 00 00 00 00 00 00 00 00 00 00 00 00 00  ................
00007a20: 00 00 00 00 00 00 00 00 00 00 00 00 00 00 00 00  ................
00007a30: 00 00 00 00 00 00 00 00 00 00 00 00 00 00 00 00  ................
00007a40: 00 00 00 00 00 00 00 00 00 00 00 00 00 00 00 00  ................
00007a50: 00 00 00 00 00 00 00 00 00 00 00 00 00 00 00 00  ................
00007a60: 00 00 00 00 00 00 00 00 00 00 00 00 00 00 00 00  ................
00007a70: 00 00 00 00 00 00 00 00 00 00 00 00 00 00 00 00  ................
00007a80: 00 00 00 00 00 00 00 00 00 00 00 00 00 00 00 00  ................
00007a90: 00 00 00 00 00 00 00 00 00 00 00 00 00 00 00 00  ................
00007aa0: 00 00 00 00 00 00 00 00 00 00 00 00 00 00 00 00  ................
00007ab0: 00 00 00 00 00 00 00 00 00 00 00 00 00 00 00 00  ................
00007ac0: 00 00 00 00 00 00 00 00 00 00 00 00 00 00 00 00  ................
00007ad0: 00 00 00 00 00 00 00 00 00 00 00 00 00 00 00 00  ................
00007ae0: 00 00 00 00 00 00 00 00 00 00 00 00 00 00 00 00  ................
00007af0: 00 00 00 00 00 00 00 00 00 00 00 00 00 00 00 00  ................
00007b00: 00 00 00 00 00 00 00 00 00 00 00 00 00 00 00 00  ................
00007b10: 00 00 00 00 00 00 00 00 00 00 00 00 00 00 00 00  ................
00007b20: 00 00 00 00 00 00 00 00 00 00 00 00 00 00 00 00  ................
00007b30: 00 00 00 00 00 00 00 00 00 00 00 00 00 00 00 00  ................
00007b40: 00 00 00 00 00 00 00 00 00 00 00 00 00 00 00 00  ................
00007b50: 00 00 00 00 00 00 00 00 00 00 00 00 00 00 00 00  ................
00007b60: 00 00 00 00 00 00 00 00 00 00 00 00 00 00 00 00  ................
00007b70: 00 00 00 00 00 00 00 00 00 00 00 00 00 00 00 00  ................
00007b80: 00 00 00 00 00 00 00 00 00 00 00 00 00 00 00 00  ................
00007b90: 00 00 00 00 00 00 00 00 00 00 00 00 00 00 00 00  ................
00007ba0: 00 00 00 00 00 00 00 00 00 00 00 00 00 00 00 00  ................
00007bb0: 00 00 00 00 00 00 00 00 00 00 00 00 00 00 00 00  ................
00007bc0: 00 00 00 00 00 00 00 00 00 00 00 00 00 00 00 00  ................
00007bd0: 00 00 00 00 00 00 00 00 00 00 00 00 00 00 00 00  ................
00007be0: 00 00 00 00 00 00 00 00 00 00 00 00 00 00 00 00  ................
00007bf0: 00 00 00 00 00 00 00 00 00 00 00 00 00 00 00 00  ................
00007c00: 00 00 00 00 00 00 00 00 00 00 00 00 00 00 00 00  ................
00007c10: 00 00 00 00 00 00 00 00 00 00 00 00 00 00 00 00  ................
00007c20: 00 00 00 00 00 00 00 00 00 00 00 00 00 00 00 00  ................
00007c30: 00 00 00 00 00 00 00 00 00 00 00 00 00 00 00 00  ................
00007c40: 00 00 00 00 00 00 00 00 00 00 00 00 00 00 00 00  ................
00007c50: 00 00 00 00 00 00 00 00 00 00 00 00 00 00 00 00  ................
00007c60: 00 00 00 00 00 00 00 00 00 00 00 00 00 00 00 00  ................
00007c70: 00 00 00 00 00 00 00 00 00 00 00 00 00 00 00 00  ................
00007c80: 00 00 00 00 00 00 00 00 00 00 00 00 00 00 00 00  ................
00007c90: 11 00 04 01 06 00 06 00 06 00 06 00 06 00 06 00  ................
00007ca0: 06 00 06 00 06 00 06 00 06 00 06 00 06 00 06 00  ................
00007cb0: 06 00 06 00 06 00 09 00 09 00 09 00 09 00 09 00  ................
00007cc0: 09 00 09 00 09 00 09 00 09 00 09 00 09 00 09 00  ................
00007cd0: 09 00 06 00 06 00 09 00 09 00 09 00 09 00 09 00  ................
00007ce0: 09 00 09 00 09 00 09 00 09 00 09 00 09 00 09 00  ................
00007cf0: 09 00 06 00 06 00 09 00 09 00 09 00 09 00 09 00  ................
00007d00: 09 00 09 00 09 00 09 00 09 00 09 00 09 00 09 00  ................
00007d10: 09 00 06 00 06 00 09 00 09 00 09 00 09 00 09 00  ................
00007d20: 09 00 09 00 09 00 09 00 09 00 09 00 09 00 09 00  ................
00007d30: 09 00 06 00 06 00 09 00 09 00 09 00 09 00 09 00  ................
00007d40: 09 00 09 00 09 00 09 00 09 00 09 00 09 00 09 00  ................
00007d50: 09 00 06 00 06 00 09 00 09 00 09 00 09 00 09 00  ................
00007d60: 09 00 09 00 09 00 09 00 09 00 09 00 09 00 09 00  ................
00007d70: 09 00 06 00 06 00 06 00 06 00 06 00 06 00 06 00  ................
00007d80: 06 00 06 00 06 00 06 00 06 00 06 00 06 00 06 00  ................
00007d90: 06 00 06 00 12 00 2e 00 00 00 ff 04 00 00 cf 02  ................
00007da0: 00 00 00 00 00 00 00 00 00 00 00 00 00 00 00 00  ................
00007db0: 00 00 00 00 00 00 00 00 00 00 00 00 00 00 00 00  ................
00007dc0: 40 00 13 00 10 02 01 00 c2 01 00 01 4d 01 fe ff  @...........M...
00007dd0: 00 00 00 00 0f 00 08 00 05 00 04 00 03 00 02 00  ................
00007de0: 02 00 01 00 01 00 01 00 01 00 01 00 01 00 01 00  ................
00007df0: 01 00 01 00 0f 00 c8 00 02 00 25 00 41 00 4b 00  ..........%.A.K.
00007e00: 54 00 5e 00 3f 00 46 00 56 00 5e 00 32 00 5b 00  T.^.?.F.V.^.2.[.
00007e10: 54 00 42 00 41 00 3f 00 5c 00 49 00 46 00 3f 00  T.B.A.?.\.I.F.?.
00007e20: 32 00 49 00 66 00 8a 00 86 00 91 00 5b 00 63 00  2.I.f.......[.c.
00007e30: 80 00 84 00 3c 00 90 00 75 00 6e 00 50 00 50 00  ....<...u.n.P.P.
00007e40: 8a 00 5d 00 5a 00 4e 00 3c 00 58 00 45 00 28 00  ..].Z.N.<.X.E.(.
00007e50: 24 00 20 00 50 00 39 00 29 00 21 00 27 00 d8 00  $. .P.9.).!.'...
00007e60: 5f 00 4c 00 34 00 30 00 70 00 4b 00 35 00 2f 00  _.L.4.0.p.K.5./.
00007e70: 32 00 1e 00 20 4e 02 00 00 00 01 00 02 00 03 00  2... N..........
00007e80: 03 00 00 00 01 00 02 00 03 00 03 00 00 00 01 00  ................
00007e90: 00 00 00 04 00 00 00 01 00 00 00 04 00 00 00 01  ................
00007ea0: 00 00 00 04 00 00 00 01 00 00 00 01 00 00 00 01  ................
00007eb0: 00 00 00 04 00 00 00 01 00 00 00 04 00 00 00 01  ................
00007ec0: 00 00 00 04 00 00 00 01 00 00 0c 01 00 00 00 01  ................
00007ed0: 00 00 00 04 00 00 00 01 00 00 00 04 00 00 00 01  ................
00007ee0: 00 00 00 04 00 00 00 01 00 00 04 01 00 00 00 01  ................
00007ef0: 00 00 00 04 00 00 00 01 00 00 00 04 00 00 00 01  ................
00007f00: 00 00 00 04 00 00 00 01 00 00 fd 00 00 00 00 01  ................
00007f10: 00 00 00 04 00 00 00 01 00 00 00 04 00 00 00 01  ................
00007f20: 00 00 00 04 00 00 00 01 00 00 fd 00 00 00 00 01  ................
00007f30: 00 00 00 04 00 00 00 01 00 00 00 04 00 00 00 01  ................
00007f40: 00 00 00 04 00 00 00 01 00 00 0a 01 00 00 00 01  ................
00007f50: 00 00 00 04 00 00 00 01 00 00 00 04 00 00 00 01  ................
00007f60: 00 00 00 04 00 00 00 01 00 00 09 01 00 00 00 01  ................
00007f70: 00 00 00 04 00 00 00 01 00 00 00 04 00 00 00 01  ................
00007f80: 00 00 00 04 00 00 00 01 00 00 00 01 00 00 00 01  ................
00007f90: 00 00 00 04 00 00 00 01 00 00 00 04 00 00 00 01  ................
00007fa0: 00 00 00 04 00 00 00 01 00 00 00 01 00 00 00 01  ................
00007fb0: 00 00 00 04 00 00 00 01 00 00 00 04 00 00 00 01  ................
00007fc0: 00 00 00 04 00 00 00 01 00 00 00 01 00 00 00 01  ................
00007fd0: 00 00 14 00 f0 00 01 00 00 00 00 00 01 00 19 00  ................
00007fe0: 00 00 80 03 00 00 0c 00 00 00 0c 00 00 00 04 07  ................
00007ff0: 00 00 04 00 00 00 80 03 00 00 01 00 00 00 00 01  ................
00008000: 00 00 00 01 00 00 00 01 00 00 00 02 00 00 00 0f  ................
00008010: 00 00 00 01 00 00 e0 00 00 00 04 00 00 00 28 00  ..............(.
00008020: 00 00 00 00 00 00 01 00 00 00 01 00 00 00 02 00  ................
00008030: 00 00 02 00 00 00 04 00 00 00 04 00 00 00 08 00  ................
00008040: 00 00 08 00 00 00 10 00 00 00 10 00 00 00 20 00  .............. .
00008050: 00 00 20 00 00 00 40 00 00 00 40 00 00 00 80 00  .. ...@...@.....
00008060: 00 00 80 00 00 00 00 04 00 00 00 00 00 00 00 00  ................
00008070: 00 00 0a 00 00 00 04 00 00 00 02 00 00 00 02 00  ................
00008080: 00 00 02 00 00 00 02 00 00 00 03 00 00 00 03 00  ................
00008090: 00 00 03 00 00 00 03 00 00 00 03 00 00 00 04 00  ................
000080a0: 00 00 05 00 00 00 07 00 00 00 07 00 00 00 08 00  ................
000080b0: 00 00 00 00 00 00 20 00 00 00 04 00 00 00 00 00  ...... .........
000080c0: 00 00 15 00 1e 00 00 00 00 00 00 00 00 00 05 00  ................
000080d0: 01 00 00 00 dc 1e dc 05 00 00 01 00 00 00 00 00  ................
000080e0: 16 00 32 01 00 00 08 00 10 00 18 00 20 00 28 00  ..2......... .(.
000080f0: 30 00 38 00 40 00 48 00 50 00 58 00 60 00 68 00  0.8.@.H.P.X.`.h.
00008100: 70 00 78 00 80 00 88 00 90 00 98 00 a0 00 a8 00  p.x.............
00008110: b0 00 b8 00 c0 00 c8 00 d0 00 d8 00 e0 00 e8 00  ................
00008120: f0 00 f8 00 00 01 08 01 10 01 18 01 20 01 28 01  ............ .(.
00008130: 30 01 38 01 40 01 48 01 50 01 58 01 60 01 68 01  0.8.@.H.P.X.`.h.
00008140: 70 01 78 01 80 01 88 01 90 01 98 01 a0 01 a8 01  p.x.............
00008150: b0 01 b8 01 c0 01 c8 01 d0 01 d8 01 e0 01 e8 01  ................
00008160: f0 01 f8 01 00 02 08 02 10 02 18 02 20 02 28 02  ............ .(.
00008170: 30 02 38 02 40 02 48 02 50 02 58 02 60 02 68 02  0.8.@.H.P.X.`.h.
00008180: 70 02 78 02 80 02 88 02 90 02 98 02 a0 02 a8 02  p.x.............
00008190: b0 02 b8 02 c0 02 c8 02 d0 02 d8 02 e0 02 e8 02  ................
000081a0: f0 02 f8 02 00 03 08 03 10 03 18 03 20 03 28 03  ............ .(.
000081b0: 30 03 38 03 40 03 48 03 50 03 58 03 60 03 68 03  0.8.@.H.P.X.`.h.
000081c0: 70 03 78 03 80 03 88 03 90 03 98 03 a0 03 a8 03  p.x.............
000081d0: b0 03 b8 03 c0 03 c8 03 d0 03 d8 03 e0 03 e8 03  ................
000081e0: f0 03 f8 03 ff 03 ff 03 10 00 20 00 30 00 40 00  .......... .0.@.
000081f0: 50 00 60 00 70 00 00 00 00 00 00 00 00 00 00 00  P.`.p...........
00008200: 00 00 00 00 00 00 00 00 00 00 00 00 00 00 00 00  ................
00008210: 00 00 17 00 e4 03 00 00 00 00 7f 7f 7f 7f 7f 7f  ................
00008220: 7f 7f 7f 7f 7f 7f 7f 7f 7f 7f 7f 7f 7f 7f 7f 7f  ................
00008230: 7f 7f 7f 7f 7f 7f 7f 7f 7f 7f 7f 7f 7f 7f 7f 7f  ................
00008240: 7f 7f 7f 7f 7f 7f 7f 7f 7f 7f 7f 7f 7f 7f 7f 7f  ................
00008250: 7f 7f 7f 7f 7f 7f 7f 7f 7f 7f 7f 00 00 00 00 00  ................
00008260: 00 00 00 00 00 00 00 00 00 00 00 00 00 00 00 00  ................
00008270: 00 00 00 00 00 00 00 00 00 00 00 00 00 00 00 00  ................
00008280: ff fe fd fc fd ff 00 01 00 00 00 00 00 00 00 00  ................
00008290: 00 00 01 01 01 00 00 00 00 00 00 00 3e 3e 3e 3e  ............>>>>
000082a0: 3e 3e 3e 3e 3e 3e 3e 3e 3e 3e 3e 3e 3e 3e 3e 3e  >>>>>>>>>>>>>>>>
000082b0: 3e 3e 3e 3e 3e 3e 3e 3e 3e 3e 3f 3f 40 3f 3f 3e  >>>>>>>>>>??@??>
000082c0: 3e 3c 3b 3a 39 38 38 38 38 38 38 38 39 38 38 37  ><;:988888889887
000082d0: 37 37 37 37 37 38 3a 3c 3e 3e 3e 3e 3e 00 00 00  777778:<>>>>>...
000082e0: 00 00 00 00 00 00 00 00 00 00 00 00 00 00 00 00  ................
000082f0: 00 00 00 00 00 00 00 00 00 00 00 00 00 00 00 00  ................
00008300: 00 00 00 00 00 00 00 00 00 00 00 00 00 00 00 00  ................
00008310: 00 00 00 00 00 00 00 00 00 00 00 00 00 00 00 00  ................
00008320: 00 00 00 00 00 00 00 00 00 00 00 00 00 00 00 00  ................
00008330: 00 00 00 00 00 00 00 00 00 00 00 00 00 00 00 00  ................
00008340: 00 00 00 00 00 00 00 00 00 00 00 00 00 00 00 00  ................
00008350: 00 00 00 00 00 00 00 00 00 00 00 00 00 00 00 00  ................
00008360: 00 00 00 00 00 00 00 00 00 00 00 00 00 00 00 00  ................
00008370: 00 00 00 00 00 00 00 00 00 00 00 00 00 00 00 00  ................
00008380: 00 00 00 00 00 00 00 00 00 00 00 00 00 00 00 00  ................
00008390: 00 00 00 00 00 00 00 00 00 00 00 00 00 00 00 00  ................
000083a0: 00 00 00 00 00 00 00 00 00 00 00 00 00 00 00 00  ................
000083b0: 00 00 00 00 00 00 00 00 00 00 00 00 00 00 00 00  ................
000083c0: 00 00 00 00 00 00 00 00 00 00 00 00 00 00 00 00  ................
000083d0: 00 00 00 00 00 00 00 00 00 00 00 00 00 00 00 00  ................
000083e0: 00 00 00 00 00 00 00 00 00 00 00 00 00 00 00 00  ................
000083f0: 00 00 00 00 00 00 00 00 00 00 00 00 00 00 00 00  ................
00008400: 00 00 00 00 00 00 00 00 00 00 00 00 00 00 00 00  ................
00008410: 00 00 00 00 00 00 00 00 00 00 00 00 00 00 00 00  ................
00008420: 00 00 00 00 00 00 00 00 00 00 00 00 00 00 00 00  ................
00008430: 00 00 00 00 00 00 00 00 00 00 00 00 00 00 00 00  ................
00008440: 00 00 00 00 00 00 00 00 00 00 00 00 00 00 00 00  ................
00008450: 00 00 00 00 00 00 00 00 00 00 00 00 00 00 00 00  ................
00008460: 00 00 00 00 00 00 00 00 00 00 00 00 00 00 00 00  ................
00008470: 00 00 00 00 00 00 00 00 00 00 00 00 00 00 00 00  ................
00008480: 00 00 00 00 00 00 00 00 00 00 00 00 00 00 00 00  ................
00008490: 00 00 00 00 00 00 00 00 00 00 00 00 00 00 00 00  ................
000084a0: 00 00 00 00 00 00 00 00 00 00 00 00 00 00 00 00  ................
000084b0: 00 00 00 00 00 00 00 00 00 00 00 00 00 00 00 00  ................
000084c0: 00 00 00 00 00 00 00 00 00 00 00 00 00 00 00 00  ................
000084d0: 00 00 00 00 00 00 00 00 00 00 00 00 00 00 00 00  ................
000084e0: 00 00 00 00 00 00 00 00 00 00 00 00 00 00 00 00  ................
000084f0: 00 00 00 00 00 00 00 00 00 00 00 00 00 00 00 00  ................
00008500: 00 00 00 00 00 00 00 00 00 00 00 00 00 00 00 00  ................
00008510: 00 00 00 00 00 00 00 00 00 00 00 00 00 00 00 00  ................
00008520: 00 00 00 00 00 00 00 00 00 00 00 00 00 00 00 00  ................
00008530: 00 00 00 00 00 00 00 00 00 00 00 00 00 00 00 00  ................
00008540: 00 00 00 00 00 00 00 00 00 00 00 00 00 00 00 00  ................
00008550: 00 00 00 00 00 00 00 00 00 00 00 00 00 00 00 00  ................
00008560: 00 00 00 00 00 00 00 00 00 00 00 00 00 00 00 00  ................
00008570: 00 00 00 00 00 00 00 00 00 00 00 00 00 00 00 00  ................
00008580: 00 00 00 00 00 00 00 00 00 00 00 00 00 00 00 00  ................
00008590: 00 00 00 00 00 00 00 00 00 00 00 00 00 00 00 00  ................
000085a0: 00 00 00 00 00 00 00 00 00 00 00 00 00 00 00 00  ................
000085b0: 00 00 00 00 00 00 00 00 00 00 00 00 00 00 00 00  ................
000085c0: 00 00 00 00 00 00 00 00 00 00 00 00 00 00 00 00  ................
000085d0: 00 00 00 00 00 00 00 00 00 00 00 00 00 00 00 00  ................
000085e0: 00 00 00 00 00 00 00 00 00 00 00 00 00 00 00 00  ................
000085f0: 00 00 00 00 00 00 1c 00 f8 01 03 01 01 00 00 01  ................
00008600: 00 00 00 45 51 00 0e 32 03 00 0f 32 84 00 01 3e  ...EQ..2...2...>
00008610: 38 00 35 36 a0 00 20 36 28 00 09 33 a0 00 1f 33  8.56.. 6(..3...3
00008620: 9d 00 21 33 9f 00 06 33 65 00 0b 33 66 00 08 3e  ..!3...3e..3f..>
00008630: 03 00 07 3e 00 00 09 3e 10 00 67 33 18 00 5e 33  ...>...>..g3..^3
00008640: 01 00 5f 33 03 00 7c 33 04 00 7d 33 06 00 a0 33  .._3..|3..}3...3
00008650: 05 00 01 33 05 00 02 33 7d 00 33 36 43 00 08 39  ...3...3}.36C..9
00008660: 11 00 21 36 28 00 22 36 02 00 37 36 1c 00 08 33  ..!6(."6..76...3
00008670: 1c 00 67 33 10 00 7f 33 03 00 68 33 04 00 69 33  ..g3...3..h3..i3
00008680: 00 00 6a 33 00 00 6b 33 00 00 67 33 08 00 0e 33  ..j3..k3..g3...3
00008690: 30 00 66 33 7c 00 35 36 c4 00 21 36 20 00 34 33  0.f3|.56..!6 .43
000086a0: 40 00 33 33 10 00 02 33 3d 00 5e 33 01 00 5f 33  @.33...3=.^3.._3
000086b0: 02 00 7c 33 03 00 7d 33 05 00 a0 33 04 00 01 33  ..|3..}3...3...3
000086c0: 03 00 33 36 48 00 70 36 0a 00 7c 36 07 00 7d 36  ..36H.p6..|6..}6
000086d0: 0f 00 74 36 20 00 75 36 2f 00 76 36 2f 00 31 36  ..t6 .u6/.v6/.16
000086e0: 84 00 22 36 06 00 30 36 20 00 20 36 08 00 38 36  .."6..06 . 6..86
000086f0: 1f 00 25 36 02 00 37 36 1e 00 36 36 25 00 06 33  ..%6..76..66%..3
00008700: 1c 00 37 36 1a 00 1e 33 0c 00 1f 33 9c 00 20 33  ..76...3...3.. 3
00008710: 0c 00 21 33 9c 00 6e 36 08 00 6f 36 2a 00 22 36  ..!3..n6..o6*."6
00008720: 16 00 3b 36 0c 00 39 36 0a 00 35 36 c0 00 00 3f  ..;6..96..56...?
00008730: 07 00 04 3f 02 00 05 3f fc 00 02 38 01 00 35 32  ...?...?...8..52
00008740: 07 00 36 32 06 00 39 36 09 00 70 36 02 00 35 36  ..62..96..p6..56
00008750: 80 00 0e 32 02 00 0f 32 ee 00 35 32 05 00 36 32  ...2...2..52..62
00008760: da 00 39 30 51 00 3a 30 ba 00 34 30 06 00 35 30  ..90Q.:0..40..50
00008770: e2 00 08 32 05 00 09 32 08 00 0a 32 02 00 0b 32  ...2...2...2...2
00008780: d8 00 11 32 04 00 13 32 04 00 02 33 7d 00 57 33  ...2...2...3}.W3
00008790: 51 00 26 33 00 00 03 33 20 00 20 33 07 00 1e 33  Q.&3...3 . 3...3
000087a0: 11 00 1f 33 91 00 6f 36 2c 00 33 33 30 00 1b 33  ...3..o6,.330..3
000087b0: 83 00 0b 33 5e 00 20 36 28 00 31 36 86 00 33 36  ...3^. 6(.16..36
000087c0: 42 00 01 33 04 00 22 36 d6 00 35 36 84 00 01 3e  B..3.."6..56...>
000087d0: 5d 00 02 3e 80 00 08 32 05 00 09 32 00 00 0a 32  ]..>...2...2...2
000087e0: 02 00 0b 32 d0 00 11 32 08 00 13 32 08 00 02 38  ...2...2...2...8
000087f0: 01 00 03 00 00 00 33 2e 30 30 32 5f 68 73 5f 31  ......3.002_hs_1
00008800: 30 2e 31 36 00 00 5c 24 01 00 e3 07 0a 10 0f 0d  0.16..\$........
00008810: 0c 01 00 00 00 00 f6 87 00 00 00 00 00 00 00 00  ................
00008820: 00 00 00 00 00 00 00 00 00 00 00 00 00 00 00 00  ................
00008830: 00 00 00 00 00 00 00 00 00 00 00 00 00 00 00 00  ................
00008840: 00 00 00 00 00 00 00 00 00 00 00 00 00 00 00 00  ................
00008850: 00 00 00 00 00 00 00 00 00 00 00 00 00 00 00 00  ................
00008860: 00 00 00 00 00 00 00 00 00 00 00 00 00 00 00 00  ................
00008870: 00 00 31 30 2e 33 31 20 b5 e3 c1 c1 b0 e6 b1 be  ..10.31 ........
00008880: 00 00 00 00 00 00 00 00 00 00 00 00 00 00 00 00  ................
00008890: 00 00 00 00 00 00 00 00 00 00 00 00 00 00 00 00  ................
000088a0: 00 00 00 00 00 00 00 00 00 00 00 00 00 00 00 00  ................
000088b0: 00 00 00 00 00 00 00 00 00 00 00 00 00 00 00 00  ................
000088c0: 00 00 00 00 00 00 00 00 00 00 00 00 00 00 00 00  ................
000088d0: 00 00 00 00 00 00 00 00 00 00 00 00 00 00 00 00  ................
000088e0: 00 00 00 00 00 00 00 00 00 00 00 00 00 00 00 00  ................
000088f0: 00 00 00 00 00 00 00 00 00 00 00 00 00 00 00 00  ................
00008900: 00 00 00 00 00 00 00 00 00 00 00 00 00 00 00 00  ................
00008910: 00 00 00 00 00 00 00 00 00 00 00 00 00 00 00 00  ................
00008920: 00 00 00 00 00 00 00 00 00 00 00 00 00 00 00 00  ................
00008930: 00 00 00 00 00 00 00 00 00 00 00 00 00 00 00 00  ................
00008940: 00 00 00 00 00 00 00 00 00 00 00 00 00 00 00 00  ................
00008950: 00 00 00 00 00 00 00 00 00 00 00 00 00 00 00 00  ................
00008960: 00 00 00 00 00 00 00 00 00 00 00 00 00 00 00 00  ................
00008970: 00 00 00 00 00 00 00 00 00 00 00 00 00 00 00 00  ................
00008980: 00 00 00 00 00 00 00 00 00 00 00 00 00 00 00 00  ................
00008990: 00 00 00 00 00 00 00 00 00 00 00 00 00 00 00 00  ................
000089a0: 00 00 00 00 00 00 00 00 00 00 00 00 00 00 00 00  ................
000089b0: 00 00 00 00 00 00 00 00 00 00 00 00 00 00 00 00  ................
000089c0: 00 00 00 00 00 00 00 00 00 00 00 00 00 00 00 00  ................
000089d0: 00 00 00 00 00 00 00 00 00 00 00 00 00 00 00 00  ................
000089e0: 00 00 00 00 00 00 00 00 00 00 00 00 00 00 00 00  ................
000089f0: 00 00 00 00 ba 00 00 00 01 00 40 00 40 00 40 00  ..........@.@.@.
00008a00: 40 00 00 00 00 00 00 00 00 00 01 00 42 00 42 00  @...........B.B.
00008a10: 42 00 42 00 d8 ff d8 ff d8 ff d8 ff 01 00 42 00  B.B...........B.
00008a20: 42 00 42 00 42 00 d8 ff d8 ff d8 ff d8 ff 01 00  B.B.B...........
00008a30: 42 00 42 00 42 00 42 00 d8 ff d8 ff d8 ff d8 ff  B.B.B.B.........
00008a40: 01 00 42 00 42 00 42 00 42 00 d8 ff d8 ff d8 ff  ..B.B.B.B.......
00008a50: d8 ff 01 00 42 00 42 00 42 00 42 00 d8 ff d8 ff  ....B.B.B.B.....
00008a60: d8 ff d8 ff 01 00 42 00 42 00 42 00 42 00 00 00  ......B.B.B.B...
00008a70: 00 00 00 00 00 00 01 00 42 00 42 00 42 00 42 00  ........B.B.B.B.
00008a80: 00 00 00 00 00 00 00 00 01 00 42 00 42 00 42 00  ..........B.B.B.
00008a90: 42 00 d8 ff d8 ff d8 ff d8 ff 01 00 42 00 42 00  B...........B.B.
00008aa0: 42 00 42 00 d8 ff d8 ff d8 ff d8 ff 01 00 c0 00  B.B.............
00008ab0: 01 00 80 02 68 01 0a 00 04 00 03 00 00 00 00 00  ....h...........
00008ac0: 00 00 00 00 00 00 00 00 00 00 00 00 ff 00 ff 00  ................
00008ad0: 00 00 00 00 00 00 00 00 00 00 00 00 00 00 00 00  ................
00008ae0: 04 00 03 00 00 00 00 00 00 00 00 00 00 00 00 00  ................
00008af0: 00 00 00 00 ff 00 ff 00 00 00 00 00 00 00 00 00  ................
00008b00: 00 00 00 00 00 00 00 00 04 00 03 00 00 00 00 00  ................
00008b10: 00 00 00 00 00 00 00 00 00 00 00 00 ff 00 ff 00  ................
00008b20: 00 00 00 00 00 00 00 00 00 00 00 00 00 00 00 00  ................
00008b30: 04 00 03 00 00 00 00 00 00 00 00 00 00 00 00 00  ................
00008b40: 00 00 00 00 ff 00 ff 00 00 00 00 00 00 00 00 00  ................
00008b50: 00 00 00 00 00 00 00 00 1c 02 1c 02 1c 02 1c 02  ................
00008b60: 1c 02 1c 02 1c 02 1c 02 1c 02 1c 02 02 00 6c 03  ..............l.
00008b70: 00 00 15 00 29 00 3e 00 52 00 66 00 7a 00 8d 00  ....).>.R.f.z...
00008b80: a0 00 b3 00 c6 00 d8 00 e9 00 fa 00 0b 01 1c 01  ................
00008b90: 2c 01 3b 01 4b 01 5a 01 68 01 76 01 84 01 91 01  ,.;.K.Z.h.v.....
00008ba0: 9e 01 ab 01 b7 01 c3 01 cf 01 da 01 e5 01 ef 01  ................
00008bb0: fa 01 04 02 0d 02 17 02 20 02 29 02 31 02 3a 02  ........ .).1.:.
00008bc0: 42 02 4a 02 51 02 59 02 60 02 67 02 6d 02 74 02  B.J.Q.Y.`.g.m.t.
00008bd0: 7a 02 80 02 86 02 8c 02 91 02 97 02 9c 02 a1 02  z...............
00008be0: a6 02 aa 02 af 02 b3 02 b8 02 bc 02 c0 02 c4 02  ................
00008bf0: c8 02 cb 02 cf 02 d3 02 d6 02 da 02 dd 02 e0 02  ................
00008c00: e4 02 e7 02 ea 02 ed 02 f0 02 f3 02 f7 02 fa 02  ................
00008c10: fd 02 00 03 03 03 06 03 0a 03 0d 03 10 03 14 03  ................
00008c20: 17 03 1a 03 1e 03 22 03 25 03 29 03 2d 03 31 03  ......".%.).-.1.
00008c30: 35 03 3a 03 3e 03 43 03 47 03 4c 03 51 03 56 03  5.:.>.C.G.L.Q.V.
00008c40: 5c 03 61 03 67 03 6d 03 73 03 79 03 7f 03 85 03  \.a.g.m.s.y.....
00008c50: 8c 03 93 03 99 03 a0 03 a7 03 ae 03 b5 03 bd 03  ................
00008c60: c4 03 cb 03 d3 03 da 03 e1 03 e9 03 f0 03 f8 03  ................
00008c70: ff 03 00 00 15 00 29 00 3e 00 52 00 66 00 7a 00  ......).>.R.f.z.
00008c80: 8d 00 a0 00 b3 00 c6 00 d8 00 e9 00 fa 00 0b 01  ................
00008c90: 1c 01 2c 01 3b 01 4b 01 5a 01 68 01 76 01 84 01  ..,.;.K.Z.h.v...
00008ca0: 91 01 9e 01 ab 01 b7 01 c3 01 cf 01 da 01 e5 01  ................
00008cb0: ef 01 fa 01 04 02 0d 02 17 02 20 02 29 02 31 02  .......... .).1.
00008cc0: 3a 02 42 02 4a 02 51 02 59 02 60 02 67 02 6d 02  :.B.J.Q.Y.`.g.m.
00008cd0: 74 02 7a 02 80 02 86 02 8c 02 91 02 97 02 9c 02  t.z.............
00008ce0: a1 02 a6 02 aa 02 af 02 b3 02 b8 02 bc 02 c0 02  ................
00008cf0: c4 02 c8 02 cb 02 cf 02 d3 02 d6 02 da 02 dd 02  ................
00008d00: e0 02 e4 02 e7 02 ea 02 ed 02 f0 02 f3 02 f7 02  ................
00008d10: fa 02 fd 02 00 03 03 03 06 03 0a 03 0d 03 10 03  ................
00008d20: 14 03 17 03 1a 03 1e 03 22 03 25 03 29 03 2d 03  ........".%.).-.
00008d30: 31 03 35 03 3a 03 3e 03 43 03 47 03 4c 03 51 03  1.5.:.>.C.G.L.Q.
00008d40: 56 03 5c 03 61 03 67 03 6d 03 73 03 79 03 7f 03  V.\.a.g.m.s.y...
00008d50: 85 03 8c 03 93 03 99 03 a0 03 a7 03 ae 03 b5 03  ................
00008d60: bd 03 c4 03 cb 03 d3 03 da 03 e1 03 e9 03 f0 03  ................
00008d70: f8 03 ff 03 00 00 15 00 29 00 3e 00 52 00 66 00  ........).>.R.f.
00008d80: 7a 00 8d 00 a0 00 b3 00 c6 00 d8 00 e9 00 fa 00  z...............
00008d90: 0b 01 1c 01 2c 01 3b 01 4b 01 5a 01 68 01 76 01  ....,.;.K.Z.h.v.
00008da0: 84 01 91 01 9e 01 ab 01 b7 01 c3 01 cf 01 da 01  ................
00008db0: e5 01 ef 01 fa 01 04 02 0d 02 17 02 20 02 29 02  ............ .).
00008dc0: 31 02 3a 02 42 02 4a 02 51 02 59 02 60 02 67 02  1.:.B.J.Q.Y.`.g.
00008dd0: 6d 02 74 02 7a 02 80 02 86 02 8c 02 91 02 97 02  m.t.z...........
00008de0: 9c 02 a1 02 a6 02 aa 02 af 02 b3 02 b8 02 bc 02  ................
00008df0: c0 02 c4 02 c8 02 cb 02 cf 02 d3 02 d6 02 da 02  ................
00008e00: dd 02 e0 02 e4 02 e7 02 ea 02 ed 02 f0 02 f3 02  ................
00008e10: f7 02 fa 02 fd 02 00 03 03 03 06 03 0a 03 0d 03  ................
00008e20: 10 03 14 03 17 03 1a 03 1e 03 22 03 25 03 29 03  ..........".%.).
00008e30: 2d 03 31 03 35 03 3a 03 3e 03 43 03 47 03 4c 03  -.1.5.:.>.C.G.L.
00008e40: 51 03 56 03 5c 03 61 03 67 03 6d 03 73 03 79 03  Q.V.\.a.g.m.s.y.
00008e50: 7f 03 85 03 8c 03 93 03 99 03 a0 03 a7 03 ae 03  ................
00008e60: b5 03 bd 03 c4 03 cb 03 d3 03 da 03 e1 03 e9 03  ................
00008e70: f0 03 f8 03 ff 03 00 00 08 00 14 00 24 00 36 00  ............$.6.
00008e80: 68 00 80 00 00 00 00 00 00 00 00 00 00 00 00 00  h...............
00008e90: 00 00 00 00 00 00 00 00 08 00 14 00 24 00 36 00  ............$.6.
00008ea0: 68 00 80 00 00 00 00 00 00 00 00 00 00 00 00 00  h...............
00008eb0: 00 00 00 00 00 00 00 00 08 00 14 00 24 00 36 00  ............$.6.
00008ec0: 68 00 80 00 00 00 00 00 00 00 00 00 00 00 00 00  h...............
00008ed0: 00 00 00 00 00 00 01 00 03 00 dc 08 01 00 00 00  ................
00008ee0: ff 03 84 03 65 02 43 01 84 00 29 00 0a 00 01 00  ....e.C...).....
00008ef0: 00 00 00 00 00 00 00 00 00 00 00 00 00 00 00 00  ................
00008f00: 00 00 ff 03 84 03 65 02 43 01 84 00 29 00 0a 00  ......e.C...)...
00008f10: 01 00 00 00 00 00 00 00 00 00 00 00 00 00 00 00  ................
00008f20: 00 00 00 00 ff 03 84 03 65 02 43 01 84 00 29 00  ........e.C...).
00008f30: 0a 00 01 00 00 00 00 00 00 00 00 00 00 00 00 00  ................
00008f40: 00 00 00 00 00 00 05 00 00 00 40 00 80 00 c0 00  ..........@.....
00008f50: 00 01 40 01 80 01 c0 01 00 02 40 02 80 02 c0 02  ..@.......@.....
00008f60: 00 03 40 03 80 03 c0 03 ff 03 00 00 02 00 04 00  ..@.............
00008f70: 06 00 08 00 0a 00 0c 00 0e 00 00 00 00 00 00 00  ................
00008f80: 00 00 00 00 00 00 00 00 00 00 d0 07 d0 07 d0 07  ................
00008f90: 00 00 ff 03 00 00 00 00 00 00 00 00 00 00 00 00  ................
00008fa0: 00 00 00 00 00 00 00 00 00 00 00 00 00 00 00 00  ................
00008fb0: 00 00 00 00 ff 03 00 00 00 00 00 00 00 00 00 00  ................
00008fc0: 00 00 00 00 00 00 00 00 00 00 00 00 00 00 00 00  ................
00008fd0: 00 00 00 00 00 00 ff 03 00 00 00 00 00 00 00 00  ................
00008fe0: 00 00 00 00 00 00 00 00 00 00 00 00 00 00 00 00  ................
00008ff0: 00 00 00 00 00 00 00 00 06 00 00 00 cc 00 6b 01  ..............k.
00009000: df 01 38 02 83 02 c3 02 fa 02 29 03 51 03 74 03  ..8.......).Q.t.
00009010: 92 03 ac 03 c3 03 d9 03 ec 03 ff 03 00 00 01 00  ................
00009020: 04 00 0a 00 10 00 00 00 00 00 00 00 00 00 00 00  ................
00009030: 00 00 00 00 00 00 00 00 00 00 00 00 05 00 05 00  ................
00009040: 05 00 01 00 ff 03 00 00 00 00 00 00 00 00 00 00  ................
00009050: 00 00 00 00 00 00 00 00 00 00 00 00 00 00 00 00  ................
00009060: 00 00 00 00 00 00 ff 03 00 00 00 00 00 00 00 00  ................
00009070: 00 00 00 00 00 00 00 00 00 00 00 00 00 00 00 00  ................
00009080: 00 00 00 00 00 00 00 00 ff 03 00 00 00 00 00 00  ................
00009090: 00 00 00 00 00 00 00 00 00 00 00 00 00 00 00 00  ................
000090a0: 00 00 00 00 00 00 00 00 00 00 06 00 00 00 b0 00  ................
000090b0: 40 01 b1 01 0c 02 58 02 98 02 ce 02 fc 02 24 03  @.....X.......$.
000090c0: 47 03 68 03 87 03 a6 03 c4 03 e2 03 ff 03 00 00  G.h.............
000090d0: 01 00 04 00 0b 00 10 00 00 00 00 00 00 00 00 00  ................
000090e0: 00 00 00 00 00 00 00 00 00 00 00 00 00 00 0a 00  ................
000090f0: 0a 00 0a 00 01 00 ff 03 4f 00 00 00 00 00 00 00  ........O.......
00009100: 00 00 00 00 00 00 00 00 00 00 00 00 00 00 00 00  ................
00009110: 00 00 00 00 00 00 00 00 ff 03 4f 00 00 00 00 00  ..........O.....
00009120: 00 00 00 00 00 00 00 00 00 00 00 00 00 00 00 00  ................
00009130: 00 00 00 00 00 00 00 00 00 00 ff 03 4f 00 00 00  ............O...
00009140: 00 00 00 00 00 00 00 00 00 00 00 00 00 00 00 00  ................
00009150: 00 00 00 00 00 00 00 00 00 00 00 00 05 00 00 00  ................
00009160: 88 00 fd 00 5e 01 b0 01 f9 01 39 02 73 02 a7 02  ....^.....9.s...
00009170: d7 02 04 03 2e 03 58 03 81 03 ab 03 d5 03 ff 03  ......X.........
00009180: 00 00 01 00 04 00 0c 00 10 00 00 00 00 00 00 00  ................
00009190: 00 00 00 00 00 00 00 00 00 00 00 00 00 00 00 00  ................
000091a0: 64 00 64 00 64 00 01 00 ff 03 b4 01 21 00 00 00  d.d.d.......!...
000091b0: 00 00 00 00 00 00 00 00 00 00 00 00 00 00 00 00  ................
000091c0: 00 00 00 00 00 00 00 00 00 00 ff 03 b4 01 21 00  ..............!.
000091d0: 00 00 00 00 00 00 00 00 00 00 00 00 00 00 00 00  ................
000091e0: 00 00 00 00 00 00 00 00 00 00 00 00 ff 03 b4 01  ................
000091f0: 21 00 00 00 00 00 00 00 00 00 00 00 00 00 00 00  !...............
00009200: 00 00 00 00 00 00 00 00 00 00 00 00 00 00 04 00  ................
00009210: 00 00 40 00 80 00 c0 00 00 01 40 01 80 01 c0 01  ..@.......@.....
00009220: 00 02 40 02 80 02 c0 02 00 03 40 03 80 03 c0 03  ..@.......@.....
00009230: ff 03 00 00 10 00 00 00 00 00 00 00 00 00 00 00  ................
00009240: 00 00 00 00 00 00 00 00 00 00 00 00 00 00 00 00  ................
00009250: 00 00 2c 01 2c 01 2c 01 01 00 ff 03 65 02 84 00  ..,.,.,.....e...
00009260: 0a 00 00 00 00 00 00 00 00 00 00 00 00 00 00 00  ................
00009270: 00 00 00 00 00 00 00 00 00 00 00 00 ff 03 65 02  ..............e.
00009280: 84 00 0a 00 00 00 00 00 00 00 00 00 00 00 00 00  ................
00009290: 00 00 00 00 00 00 00 00 00 00 00 00 00 00 ff 03  ................
000092a0: 65 02 84 00 0a 00 00 00 00 00 00 00 00 00 00 00  e...............
000092b0: 00 00 00 00 00 00 00 00 00 00 00 00 00 00 00 00  ................
000092c0: 04 00 00 00 17 00 34 00 60 00 99 00 db 00 25 01  ......4.`.....%.
000092d0: 74 01 c4 01 14 02 61 02 aa 02 f2 02 37 03 7b 03  t.....a.....7.{.
000092e0: bd 03 ff 03 00 00 02 00 09 00 10 00 00 00 00 00  ................
000092f0: 00 00 00 00 00 00 00 00 00 00 00 00 00 00 00 00  ................
00009300: 00 00 00 00 f4 01 f4 01 f4 01 01 00 ff 03 18 03  ................
00009310: 6f 01 66 00 11 00 01 00 00 00 00 00 00 00 00 00  o.f.............
00009320: 00 00 00 00 00 00 00 00 00 00 00 00 00 00 ff 03  ................
00009330: 18 03 6f 01 66 00 11 00 01 00 00 00 00 00 00 00  ..o.f...........
00009340: 00 00 00 00 00 00 00 00 00 00 00 00 00 00 00 00  ................
00009350: ff 03 18 03 6f 01 66 00 11 00 01 00 00 00 00 00  ....o.f.........
00009360: 00 00 00 00 00 00 00 00 00 00 00 00 00 00 00 00  ................
00009370: 00 00 04 00 00 00 14 00 34 00 64 00 a1 00 e7 00  ........4.d.....
00009380: 30 01 7a 01 c3 01 0b 02 54 02 9b 02 e3 02 2a 03  0.z.....T.....*.
00009390: 71 03 b9 03 ff 03 00 00 01 00 02 00 06 00 10 00  q...............
000093a0: 00 00 00 00 00 00 00 00 00 00 00 00 00 00 00 00  ................
000093b0: 00 00 00 00 00 00 e8 03 e8 03 e8 03 01 00 ff 03  ................
000093c0: 1b 02 4f 00 03 00 00 00 00 00 00 00 00 00 00 00  ..O.............
000093d0: 00 00 00 00 00 00 00 00 00 00 00 00 00 00 00 00  ................
000093e0: ff 03 1b 02 4f 00 03 00 00 00 00 00 00 00 00 00  ....O...........
000093f0: 00 00 00 00 00 00 00 00 00 00 00 00 00 00 00 00  ................
00009400: 00 00 ff 03 1b 02 4f 00 03 00 00 00 00 00 00 00  ......O.........
00009410: 00 00 00 00 00 00 00 00 00 00 00 00 00 00 00 00  ................
00009420: 00 00 00 00 04 00 00 00 40 00 80 00 c0 00 00 01  ........@.......
00009430: 40 01 80 01 c0 01 00 02 40 02 80 02 c0 02 00 03  @.......@.......
00009440: 40 03 80 03 c0 03 ff 03 00 00 10 00 00 00 00 00  @...............
00009450: 00 00 00 00 00 00 00 00 00 00 00 00 00 00 00 00  ................
00009460: 00 00 00 00 00 00 00 00 90 01 90 01 90 01 01 00  ................
00009470: ff 03 65 02 84 00 0a 00 00 00 00 00 00 00 00 00  ..e.............
00009480: 00 00 00 00 00 00 00 00 00 00 00 00 00 00 00 00  ................
00009490: 00 00 ff 03 65 02 84 00 0a 00 00 00 00 00 00 00  ....e...........
000094a0: 00 00 00 00 00 00 00 00 00 00 00 00 00 00 00 00  ................
000094b0: 00 00 00 00 ff 03 65 02 84 00 0a 00 00 00 00 00  ......e.........
000094c0: 00 00 00 00 00 00 00 00 00 00 00 00 00 00 00 00  ................
000094d0: 00 00 00 00 00 00 04 00 00 00 40 00 80 00 c0 00  ..........@.....
000094e0: 00 01 40 01 80 01 c0 01 00 02 40 02 80 02 c0 02  ..@.......@.....
000094f0: 00 03 40 03 80 03 c0 03 ff 03 00 00 10 00 00 00  ..@.............
00009500: 00 00 00 00 00 00 00 00 00 00 00 00 00 00 00 00  ................
00009510: 00 00 00 00 00 00 00 00 00 00 f4 01 f4 01 f4 01  ................
00009520: 01 00 ff 03 1c 01 06 00 00 00 00 00 00 00 00 00  ................
00009530: 00 00 00 00 00 00 00 00 00 00 00 00 00 00 00 00  ................
00009540: 00 00 00 00 ff 03 1c 01 06 00 00 00 00 00 00 00  ................
00009550: 00 00 00 00 00 00 00 00 00 00 00 00 00 00 00 00  ................
00009560: 00 00 00 00 00 00 ff 03 1c 01 06 00 00 00 00 00  ................
00009570: 00 00 00 00 00 00 00 00 00 00 00 00 00 00 00 00  ................
00009580: 00 00 00 00 00 00 00 00 04 00 00 00 40 00 80 00  ............@...
00009590: c0 00 00 01 40 01 80 01 c0 01 00 02 40 02 80 02  ....@.......@...
000095a0: c0 02 00 03 40 03 80 03 c0 03 ff 03 00 00 10 00  ....@...........
000095b0: 00 00 00 00 00 00 00 00 00 00 00 00 00 00 00 00  ................
000095c0: 00 00 00 00 00 00 00 00 00 00 00 00 c8 00 c8 00  ................
000095d0: c8 00 01 00 00 00 ff 03 84 03 65 02 43 01 84 00  ..........e.C...
000095e0: 29 00 0a 00 01 00 00 00 00 00 00 00 00 00 00 00  )...............
000095f0: 00 00 00 00 00 00 00 00 05 00 d0 07 00 00 00 00  ................
00009600: 00 00 00 00 01 00 ff 03 00 00 00 00 00 00 00 00  ................
00009610: 00 00 00 00 00 00 00 00 00 00 00 00 00 00 00 00  ................
00009620: 00 00 00 00 00 00 00 00 06 00 14 00 00 00 00 00  ................
00009630: 00 00 00 00 01 00 ff 03 06 00 00 00 00 00 00 00  ................
00009640: 00 00 00 00 00 00 00 00 00 00 00 00 00 00 00 00  ................
00009650: 00 00 00 00 00 00 00 00 06 00 32 00 00 00 00 00  ..........2.....
00009660: 00 00 00 00 01 00 ff 03 4f 00 00 00 00 00 00 00  ........O.......
00009670: 00 00 00 00 00 00 00 00 00 00 00 00 00 00 00 00  ................
00009680: 00 00 00 00 00 00 00 00 05 00 64 00 00 00 78 00  ..........d...x.
00009690: 01 00 00 00 01 00 ff 03 65 02 84 00 0a 00 00 00  ........e.......
000096a0: 00 00 00 00 00 00 00 00 00 00 00 00 00 00 00 00  ................
000096b0: 00 00 00 00 00 00 00 00 04 00 f4 01 00 00 5a 00  ..............Z.
000096c0: 00 00 00 00 01 00 ff 03 e7 02 1c 01 39 00 06 00  ............9...
000096d0: 00 00 00 00 00 00 00 00 00 00 00 00 00 00 00 00  ................
000096e0: 00 00 00 00 00 00 00 00 04 00 20 03 00 00 46 00  .......... ...F.
000096f0: 00 00 00 00 01 00 ff 03 84 03 65 02 43 01 84 00  ..........e.C...
00009700: 29 00 0a 00 01 00 00 00 00 00 00 00 00 00 00 00  )...............
00009710: 00 00 00 00 00 00 00 00 04 00 d0 07 00 00 46 00  ..............F.
00009720: 00 00 00 00 01 00 ff 03 18 03 6f 01 66 00 11 00  ..........o.f...
00009730: 01 00 00 00 00 00 00 00 00 00 00 00 00 00 00 00  ................
00009740: 00 00 00 00 00 00 00 00 04 00 e8 03 00 00 00 00  ................
00009750: 00 00 00 00 01 00 ff 03 ac 03 d7 02 db 01 05 01  ................
00009760: 79 00 2f 00 0f 00 04 00 01 00 00 00 00 00 00 00  y./.............
00009770: 00 00 00 00 00 00 00 00 04 00 b8 0b 00 00 00 00  ................
00009780: 00 00 00 00 01 00 ff 03 b4 01 21 00 00 00 00 00  ..........!.....
00009790: 00 00 00 00 00 00 00 00 00 00 00 00 00 00 00 00  ................
000097a0: 00 00 00 00 00 00 00 00 04 00 2c 01 00 00 00 00  ..........,.....
000097b0: 00 00 00 00 04 00 40 04 01 00 00 00 01 00 00 00  ......@.........
000097c0: 00 00 01 00 01 00 01 00 01 00 01 00 08 00 08 00  ................
000097d0: 78 00 04 00 e8 03 d0 07 40 00 20 00 00 00 08 00  x.......@. .....
000097e0: 14 00 ff 03 18 03 6f 01 66 00 11 00 01 00 00 00  ......o.f.......
000097f0: 00 00 00 00 00 00 00 00 00 00 00 00 00 00 00 00  ................
00009800: 00 00 00 00 e8 03 02 00 00 00 0b 00 08 00 78 00  ..............x.
00009810: 60 00 04 00 04 00 e8 03 d0 07 40 00 18 00 00 00  `.........@.....
00009820: 08 00 14 00 0a 00 00 00 00 00 01 00 01 00 01 00  ................
00009830: 01 00 01 00 01 00 01 00 08 00 08 00 78 00 04 00  ............x...
00009840: dc 05 f0 0a 30 00 1c 00 00 00 08 00 14 00 ff 03  ....0...........
00009850: 1c 01 06 00 00 00 00 00 00 00 00 00 00 00 00 00  ................
00009860: 00 00 00 00 00 00 00 00 00 00 00 00 00 00 00 00  ................
00009870: c8 00 02 00 00 00 09 00 08 00 78 00 60 00 04 00  ..........x.`...
00009880: 04 00 dc 05 f0 0a 30 00 1c 00 00 00 08 00 14 00  ......0.........
00009890: 32 00 00 00 00 00 01 00 01 00 01 00 01 00 01 00  2...............
000098a0: 01 00 01 00 08 00 08 00 78 00 04 00 dc 05 98 08  ........x.......
000098b0: 30 00 1c 00 00 00 08 00 14 00 ff 03 9c 03 a7 02  0...............
000098c0: 97 01 c6 00 4f 00 19 00 06 00 01 00 00 00 00 00  ....O...........
000098d0: 00 00 00 00 00 00 00 00 00 00 00 00 c4 09 02 00  ................
000098e0: 00 00 0b 00 08 00 78 00 60 00 04 00 04 00 dc 05  ......x.`.......
000098f0: 98 08 30 00 1c 00 00 00 08 00 14 00 0a 00 00 00  ..0.............
00009900: 00 00 01 00 01 00 01 00 01 00 01 00 01 00 01 00  ................
00009910: 08 00 08 00 78 00 04 00 08 07 28 0a 40 00 20 00  ....x.....(.@. .
00009920: 00 00 08 00 14 00 ff 03 ac 03 d7 02 db 01 05 01  ................
00009930: 79 00 2f 00 0f 00 04 00 01 00 00 00 00 00 00 00  y./.............
00009940: 00 00 00 00 00 00 00 00 b8 0b 02 00 00 00 0b 00  ................
00009950: 08 00 78 00 60 00 04 00 04 00 08 07 28 0a 40 00  ..x.`.......(.@.
00009960: 20 00 00 00 08 00 14 00 0a 00 00 00 00 00 01 00   ...............
00009970: 01 00 01 00 01 00 01 00 01 00 01 00 08 00 08 00  ................
00009980: 78 00 04 00 c4 09 1c 0c 30 00 20 00 00 00 08 00  x.......0. .....
00009990: 14 00 ff 03 c0 03 18 03 3f 02 6f 01 ce 00 66 00  ........?.o...f.
000099a0: 2c 00 11 00 05 00 01 00 00 00 00 00 00 00 00 00  ,...............
000099b0: 00 00 00 00 a0 0f 02 00 00 00 0d 00 08 00 78 00  ..............x.
000099c0: 60 00 04 00 04 00 c4 09 1c 0c 30 00 20 00 00 00  `.........0. ...
000099d0: 08 00 14 00 0a 00 00 00 00 00 01 00 01 00 01 00  ................
000099e0: 01 00 01 00 01 00 01 00 08 00 08 00 78 00 04 00  ............x...
000099f0: 08 07 c4 09 40 00 20 00 00 00 08 00 14 00 ff 03  ....@. .........
00009a00: d5 03 5f 03 b9 02 05 02 60 01 dc 00 7e 00 42 00  .._.....`...~.B.
00009a10: 20 00 0e 00 05 00 02 00 00 00 00 00 00 00 00 00   ...............
00009a20: 70 17 02 00 00 00 0d 00 08 00 78 00 60 00 04 00  p.........x.`...
00009a30: 04 00 08 07 c4 09 40 00 20 00 00 00 08 00 14 00  ......@. .......
00009a40: 0a 00 00 00 01 00 01 00 01 00 01 00 01 00 01 00  ................
00009a50: 01 00 01 00 08 00 08 00 78 00 04 00 d8 0e c0 12  ........x.......
00009a60: 30 00 30 00 00 00 08 00 14 00 ff 03 fc 03 f0 03  0.0.............
00009a70: dc 03 c1 03 a0 03 79 03 4d 03 1d 03 ea 02 b4 02  ......y.M.......
00009a80: 7e 02 47 02 10 02 dc 01 a8 01 78 01 dc ff 01 00  ~.G.......x.....
00009a90: 00 00 0f 00 10 00 7c 00 60 00 04 00 04 00 d8 0e  ......|.`.......
00009aa0: c0 12 30 00 30 00 00 00 08 00 14 00 32 00 00 00  ..0.0.......2...
00009ab0: 01 00 01 00 01 00 01 00 01 00 01 00 01 00 01 00  ................
00009ac0: 08 00 08 00 78 00 04 00 58 1b 1c 25 80 00 40 00  ....x...X..%..@.
00009ad0: 00 00 08 00 14 00 ff 03 f9 03 e6 03 c6 03 9c 03  ................
00009ae0: 68 03 2d 03 ec 02 a7 02 61 02 1b 02 d8 01 97 01  h.-.....a.......
00009af0: 5b 01 24 01 f2 00 c6 00 40 9c 02 00 00 00 0f 00  [.$.....@.......
00009b00: 08 00 78 00 60 00 04 00 04 00 58 1b 1c 25 80 00  ..x.`.....X..%..
00009b10: 40 00 00 00 08 00 14 00 0a 00 00 00 01 00 01 00  @...............
00009b20: 01 00 01 00 01 00 01 00 01 00 01 00 08 00 08 00  ................
00009b30: 78 00 04 00 40 1f 10 27 80 00 40 00 00 00 08 00  x...@..'..@.....
00009b40: 14 00 ff 03 f9 03 e6 03 c6 03 9c 03 68 03 2d 03  ............h.-.
00009b50: ec 02 a7 02 61 02 1b 02 d8 01 97 01 5b 01 24 01  ....a.......[.$.
00009b60: f2 00 c6 00 40 9c 02 00 00 00 0f 00 08 00 78 00  ....@.........x.
00009b70: 60 00 04 00 04 00 40 1f 10 27 80 00 40 00 00 00  `.....@..'..@...
00009b80: 08 00 14 00 0a 00 00 00 01 00 01 00 01 00 01 00  ................
00009b90: 01 00 01 00 01 00 01 00 08 00 08 00 78 00 04 00  ............x...
00009ba0: e8 03 d0 07 2a 00 20 00 00 00 08 00 28 00 ff 03  ....*. .....(...
00009bb0: 18 03 6f 01 66 00 11 00 01 00 00 00 00 00 00 00  ..o.f...........
00009bc0: 00 00 00 00 00 00 00 00 00 00 00 00 00 00 00 00  ................
00009bd0: e8 03 02 00 00 00 0b 00 08 00 78 00 70 00 04 00  ..........x.p...
00009be0: 04 00 e8 03 d0 07 2a 00 18 00 00 00 08 00 28 00  ......*.......(.
00009bf0: 50 00 00 00 05 00 56 00 01 00 01 00 14 00 0c 00  P.....V.........
00009c00: 1e 00 01 00 14 00 04 00 78 00 01 00 14 00 04 00  ........x.......
00009c10: 78 00 01 00 14 00 0c 00 1e 00 01 00 14 00 0c 00  x...............
00009c20: 1e 00 01 00 14 00 04 00 78 00 01 00 14 00 04 00  ........x.......
00009c30: 78 00 01 00 14 00 04 00 78 00 01 00 14 00 04 00  x.......x.......
00009c40: 78 00 01 00 14 00 04 00 78 00 06 00 16 00 dc 00  x.......x.......
00009c50: 00 00 00 00 37 00 3c 00 40 00 40 00 40 00 40 00  ....7.<.@.@.@.@.
00009c60: 07 00 6c 03 00 00 08 00 10 00 18 00 20 00 28 00  ..l......... .(.
00009c70: 30 00 38 00 40 00 48 00 50 00 58 00 60 00 68 00  0.8.@.H.P.X.`.h.
00009c80: 70 00 78 00 80 00 88 00 90 00 98 00 a0 00 a8 00  p.x.............
00009c90: b0 00 b8 00 c0 00 c8 00 d0 00 d8 00 e0 00 e8 00  ................
00009ca0: f0 00 f8 00 00 01 08 01 10 01 18 01 20 01 28 01  ............ .(.
00009cb0: 30 01 38 01 40 01 48 01 50 01 58 01 60 01 68 01  0.8.@.H.P.X.`.h.
00009cc0: 70 01 78 01 80 01 88 01 90 01 98 01 a0 01 a8 01  p.x.............
00009cd0: b0 01 b8 01 c0 01 c8 01 d0 01 d8 01 e0 01 e8 01  ................
00009ce0: f0 01 f8 01 00 02 08 02 10 02 18 02 20 02 28 02  ............ .(.
00009cf0: 30 02 38 02 40 02 48 02 50 02 58 02 60 02 68 02  0.8.@.H.P.X.`.h.
00009d00: 70 02 78 02 80 02 88 02 90 02 98 02 a0 02 a8 02  p.x.............
00009d10: b0 02 b8 02 c0 02 c8 02 d0 02 d8 02 e0 02 e8 02  ................
00009d20: f0 02 f8 02 00 03 08 03 10 03 18 03 20 03 28 03  ............ .(.
00009d30: 30 03 38 03 40 03 48 03 50 03 58 03 60 03 68 03  0.8.@.H.P.X.`.h.
00009d40: 70 03 78 03 80 03 88 03 90 03 98 03 a0 03 a8 03  p.x.............
00009d50: b0 03 b8 03 c0 03 c8 03 d0 03 d8 03 e0 03 e8 03  ................
00009d60: f0 03 f8 03 ff 03 00 00 08 00 10 00 18 00 20 00  .............. .
00009d70: 28 00 30 00 38 00 40 00 48 00 50 00 58 00 60 00  (.0.8.@.H.P.X.`.
00009d80: 68 00 70 00 78 00 80 00 88 00 90 00 98 00 a0 00  h.p.x...........
00009d90: a8 00 b0 00 b8 00 c0 00 c8 00 d0 00 d8 00 e0 00  ................
00009da0: e8 00 f0 00 f8 00 00 01 08 01 10 01 18 01 20 01  .............. .
00009db0: 28 01 30 01 38 01 40 01 48 01 50 01 58 01 60 01  (.0.8.@.H.P.X.`.
00009dc0: 68 01 70 01 78 01 80 01 88 01 90 01 98 01 a0 01  h.p.x...........
00009dd0: a8 01 b0 01 b8 01 c0 01 c8 01 d0 01 d8 01 e0 01  ................
00009de0: e8 01 f0 01 f8 01 00 02 08 02 10 02 18 02 20 02  .............. .
00009df0: 28 02 30 02 38 02 40 02 48 02 50 02 58 02 60 02  (.0.8.@.H.P.X.`.
00009e00: 68 02 70 02 78 02 80 02 88 02 90 02 98 02 a0 02  h.p.x...........
00009e10: a8 02 b0 02 b8 02 c0 02 c8 02 d0 02 d8 02 e0 02  ................
00009e20: e8 02 f0 02 f8 02 00 03 08 03 10 03 18 03 20 03  .............. .
00009e30: 28 03 30 03 38 03 40 03 48 03 50 03 58 03 60 03  (.0.8.@.H.P.X.`.
00009e40: 68 03 70 03 78 03 80 03 88 03 90 03 98 03 a0 03  h.p.x...........
00009e50: a8 03 b0 03 b8 03 c0 03 c8 03 d0 03 d8 03 e0 03  ................
00009e60: e8 03 f0 03 f8 03 ff 03 00 00 08 00 10 00 18 00  ................
00009e70: 20 00 28 00 30 00 38 00 40 00 48 00 50 00 58 00   .(.0.8.@.H.P.X.
00009e80: 60 00 68 00 70 00 78 00 80 00 88 00 90 00 98 00  `.h.p.x.........
00009e90: a0 00 a8 00 b0 00 b8 00 c0 00 c8 00 d0 00 d8 00  ................
00009ea0: e0 00 e8 00 f0 00 f8 00 00 01 08 01 10 01 18 01  ................
00009eb0: 20 01 28 01 30 01 38 01 40 01 48 01 50 01 58 01   .(.0.8.@.H.P.X.
00009ec0: 60 01 68 01 70 01 78 01 80 01 88 01 90 01 98 01  `.h.p.x.........
00009ed0: a0 01 a8 01 b0 01 b8 01 c0 01 c8 01 d0 01 d8 01  ................
00009ee0: e0 01 e8 01 f0 01 f8 01 00 02 08 02 10 02 18 02  ................
00009ef0: 20 02 28 02 30 02 38 02 40 02 48 02 50 02 58 02   .(.0.8.@.H.P.X.
00009f00: 60 02 68 02 70 02 78 02 80 02 88 02 90 02 98 02  `.h.p.x.........
00009f10: a0 02 a8 02 b0 02 b8 02 c0 02 c8 02 d0 02 d8 02  ................
00009f20: e0 02 e8 02 f0 02 f8 02 00 03 08 03 10 03 18 03  ................
00009f30: 20 03 28 03 30 03 38 03 40 03 48 03 50 03 58 03   .(.0.8.@.H.P.X.
00009f40: 60 03 68 03 70 03 78 03 80 03 88 03 90 03 98 03  `.h.p.x.........
00009f50: a0 03 a8 03 b0 03 b8 03 c0 03 c8 03 d0 03 d8 03  ................
00009f60: e0 03 e8 03 f0 03 f8 03 ff 03 00 00 80 00 00 00  ................
00009f70: 00 00 00 00 00 00 00 00 00 00 00 00 00 00 00 00  ................
00009f80: 00 00 00 00 00 00 00 00 00 00 00 00 80 00 00 00  ................
00009f90: 00 00 00 00 00 00 00 00 00 00 00 00 00 00 00 00  ................
00009fa0: 00 00 00 00 00 00 00 00 00 00 00 00 80 00 00 00  ................
00009fb0: 00 00 00 00 00 00 00 00 00 00 00 00 00 00 00 00  ................
00009fc0: 00 00 00 00 00 00 00 00 00 00 01 00 08 00 88 00  ................
00009fd0: 00 00 00 00 00 00 ff 00 00 00 dd 01 09 ff 1a 00  ................
00009fe0: 9a ff ad 01 b9 ff eb ff c6 fe 25 02 01 00 00 00  ..........%.....
00009ff0: ff 00 00 00 3c 02 11 ff b3 ff 6f ff 79 01 18 00  ....<.....o.y...
0000a000: bd ff 4a fe f9 02 01 00 00 00 ff 00 00 00 04 02  ..J.............
0000a010: 0c ff f0 ff 7b ff c9 01 bc ff fe ff be fe 44 02  ....{.........D.
0000a020: 01 00 00 00 ff 00 00 00 dd 01 09 ff 1a 00 c2 ff  ................
0000a030: 85 01 b9 ff 0b 00 c6 fe 2f 02 01 00 00 00 ff 00  ......../.......
0000a040: 00 00 dd 01 d7 fe 4c 00 9a ff ad 01 b9 ff 15 00  ......L.........
0000a050: fe fd ed 02 09 00 6a 00 00 00 07 00 0d 00 01 00  ......j.........
0000a060: 01 00 14 00 07 00 0d 00 01 00 00 00 14 00 07 00  ................
0000a070: 0d 00 01 00 01 00 14 00 07 00 0d 00 01 00 01 00  ................
0000a080: 14 00 07 00 0d 00 01 00 01 00 14 00 07 00 0d 00  ................
0000a090: 01 00 01 00 14 00 07 00 0d 00 01 00 01 00 14 00  ................
0000a0a0: 07 00 0d 00 01 00 01 00 14 00 07 00 00 00 01 00  ................
0000a0b0: 01 00 14 00 07 00 0d 00 01 00 01 00 14 00 0a 00  ................
0000a0c0: ee 26 01 00 1f 00 80 00 01 00 00 00 00 00 00 00  .&..............
0000a0d0: 60 00 c0 00 00 00 10 00 20 00 30 00 40 00 50 00  `....... .0.@.P.
0000a0e0: 60 00 70 00 80 00 90 00 a0 00 b0 00 c0 00 d0 00  `.p.............
0000a0f0: e0 00 f0 00 00 01 10 01 20 01 30 01 40 01 50 01  ........ .0.@.P.
0000a100: 60 01 70 01 80 01 90 01 a0 01 b0 01 c0 01 d0 01  `.p.............
0000a110: e0 01 f0 01 00 02 10 02 20 02 30 02 40 02 50 02  ........ .0.@.P.
0000a120: 60 02 70 02 80 02 90 02 a0 02 b0 02 c0 02 d0 02  `.p.............
0000a130: e0 02 f0 02 00 03 10 03 20 03 30 03 40 03 50 03  ........ .0.@.P.
0000a140: 60 03 70 03 80 03 90 03 a0 03 b0 03 c0 03 d0 03  `.p.............
0000a150: e0 03 f0 03 ff 03 00 00 10 00 20 00 30 00 40 00  .......... .0.@.
0000a160: 50 00 60 00 70 00 80 00 90 00 a0 00 b0 00 c0 00  P.`.p...........
0000a170: d0 00 e0 00 f0 00 00 01 10 01 20 01 30 01 40 01  .......... .0.@.
0000a180: 50 01 60 01 70 01 80 01 90 01 a0 01 b0 01 c0 01  P.`.p...........
0000a190: d0 01 e0 01 f0 01 00 02 10 02 20 02 30 02 40 02  .......... .0.@.
0000a1a0: 50 02 60 02 70 02 80 02 90 02 a0 02 b0 02 c0 02  P.`.p...........
0000a1b0: d0 02 e0 02 f0 02 00 03 10 03 20 03 30 03 40 03  .......... .0.@.
0000a1c0: 50 03 60 03 70 03 80 03 90 03 a0 03 b0 03 c0 03  P.`.p...........
0000a1d0: d0 03 e0 03 f0 03 ff 03 00 00 10 00 20 00 30 00  ............ .0.
0000a1e0: 40 00 50 00 60 00 70 00 80 00 90 00 a0 00 b0 00  @.P.`.p.........
0000a1f0: c0 00 d0 00 e0 00 f0 00 00 01 10 01 20 01 30 01  ............ .0.
0000a200: 40 01 50 01 60 01 70 01 80 01 90 01 a0 01 b0 01  @.P.`.p.........
0000a210: c0 01 d0 01 e0 01 f0 01 00 02 10 02 20 02 30 02  ............ .0.
0000a220: 40 02 50 02 60 02 70 02 80 02 90 02 a0 02 b0 02  @.P.`.p.........
0000a230: c0 02 d0 02 e0 02 f0 02 00 03 10 03 20 03 30 03  ............ .0.
0000a240: 40 03 50 03 60 03 70 03 80 03 90 03 a0 03 b0 03  @.P.`.p.........
0000a250: c0 03 d0 03 e0 03 f0 03 ff 03 00 00 34 00 60 00  ............4.`.
0000a260: 88 00 a4 00 bc 00 d0 00 e4 00 f8 00 08 01 1c 01  ................
0000a270: 2c 01 38 01 48 01 58 01 64 01 70 01 80 01 8c 01  ,.8.H.X.d.p.....
0000a280: 98 01 a0 01 ac 01 b8 01 c4 01 d0 01 d8 01 e4 01  ................
0000a290: f0 01 fc 01 08 02 14 02 20 02 2c 02 38 02 48 02  ........ .,.8.H.
0000a2a0: 54 02 60 02 70 02 7c 02 8c 02 98 02 a8 02 b8 02  T.`.p.|.........
0000a2b0: c4 02 d4 02 e0 02 f0 02 00 03 10 03 1c 03 2c 03  ..............,.
0000a2c0: 3c 03 4c 03 5c 03 68 03 78 03 88 03 98 03 a8 03  <.L.\.h.x.......
0000a2d0: b4 03 c4 03 d4 03 e4 03 f4 03 ff 03 00 00 14 00  ................
0000a2e0: 24 00 34 00 44 00 54 00 68 00 78 00 88 00 9c 00  $.4.D.T.h.x.....
0000a2f0: ac 00 c0 00 d0 00 e4 00 f8 00 0c 01 20 01 34 01  ............ .4.
0000a300: 4c 01 60 01 74 01 88 01 a0 01 b4 01 c8 01 dc 01  L.`.t...........
0000a310: f4 01 08 02 1c 02 30 02 40 02 54 02 68 02 78 02  ......0.@.T.h.x.
0000a320: 88 02 9c 02 a8 02 b8 02 c8 02 d4 02 e0 02 ec 02  ................
0000a330: f4 02 00 03 08 03 10 03 1c 03 24 03 2c 03 34 03  ..........$.,.4.
0000a340: 40 03 4c 03 58 03 64 03 70 03 7c 03 8c 03 98 03  @.L.X.d.p.|.....
0000a350: a8 03 b8 03 c4 03 d4 03 e4 03 f4 03 ff 03 00 00  ................
0000a360: 10 00 20 00 30 00 40 00 50 00 60 00 70 00 80 00  .. .0.@.P.`.p...
0000a370: 90 00 a0 00 b0 00 c0 00 d0 00 e0 00 f0 00 00 01  ................
0000a380: 10 01 20 01 30 01 40 01 50 01 60 01 70 01 80 01  .. .0.@.P.`.p...
0000a390: 90 01 a0 01 b0 01 c0 01 d0 01 e0 01 f0 01 00 02  ................
0000a3a0: 10 02 20 02 30 02 40 02 50 02 60 02 70 02 80 02  .. .0.@.P.`.p...
0000a3b0: 90 02 a0 02 b0 02 c0 02 d0 02 e0 02 f0 02 00 03  ................
0000a3c0: 10 03 20 03 30 03 40 03 50 03 60 03 70 03 80 03  .. .0.@.P.`.p...
0000a3d0: 90 03 a0 03 b0 03 c0 03 d0 03 e0 03 f0 03 ff 03  ................
0000a3e0: 00 00 40 00 00 00 00 00 00 00 00 00 00 00 00 00  ..@.............
0000a3f0: 00 00 00 00 00 00 00 00 00 00 00 00 00 00 00 00  ................
0000a400: 00 00 40 00 00 00 00 00 00 00 00 00 00 00 00 00  ..@.............
0000a410: 00 00 00 00 00 00 00 00 00 00 00 00 00 00 00 00  ................
0000a420: 00 00 40 00 00 00 00 00 00 00 00 00 00 00 00 00  ..@.............
0000a430: 00 00 00 00 00 00 00 00 00 00 00 00 00 00 00 00  ................
0000a440: 00 00 02 00 06 00 0c 00 1b 00 35 00 40 00 00 00  ..........5.@...
0000a450: 00 00 00 00 00 00 00 00 00 00 00 00 00 00 00 00  ................
0000a460: 00 00 05 00 0c 00 28 00 31 00 40 00 00 00 00 00  ......(.1.@.....
0000a470: 00 00 00 00 00 00 00 00 00 00 00 00 00 00 00 00  ................
0000a480: 00 00 08 00 10 00 18 00 20 00 28 00 30 00 38 00  ........ .(.0.8.
0000a490: 00 00 00 00 00 00 00 00 00 00 00 00 00 00 00 00  ................
0000a4a0: 00 00 00 00 08 00 00 01 1f 00 00 00 01 00 00 00  ................
0000a4b0: 00 00 00 00 60 00 c0 00 00 00 10 00 20 00 30 00  ....`....... .0.
0000a4c0: 40 00 50 00 60 00 70 00 80 00 90 00 a0 00 b0 00  @.P.`.p.........
0000a4d0: c0 00 d0 00 e0 00 f0 00 00 01 10 01 20 01 30 01  ............ .0.
0000a4e0: 40 01 50 01 60 01 70 01 80 01 90 01 a0 01 b0 01  @.P.`.p.........
0000a4f0: c0 01 d0 01 e0 01 f0 01 00 02 10 02 20 02 30 02  ............ .0.
0000a500: 40 02 50 02 60 02 70 02 80 02 90 02 a0 02 b0 02  @.P.`.p.........
0000a510: c0 02 d0 02 e0 02 f0 02 00 03 10 03 20 03 30 03  ............ .0.
0000a520: 40 03 50 03 60 03 70 03 80 03 90 03 a0 03 b0 03  @.P.`.p.........
0000a530: c0 03 d0 03 e0 03 f0 03 ff 03 00 00 10 00 20 00  .............. .
0000a540: 30 00 40 00 50 00 60 00 70 00 80 00 90 00 a0 00  0.@.P.`.p.......
0000a550: b0 00 c0 00 d0 00 e0 00 f0 00 00 01 10 01 20 01  .............. .
0000a560: 30 01 40 01 50 01 60 01 70 01 80 01 90 01 a0 01  0.@.P.`.p.......
0000a570: b0 01 c0 01 d0 01 e0 01 f0 01 00 02 10 02 20 02  .............. .
0000a580: 30 02 40 02 50 02 60 02 70 02 80 02 90 02 a0 02  0.@.P.`.p.......
0000a590: b0 02 c0 02 d0 02 e0 02 f0 02 00 03 10 03 20 03  .............. .
0000a5a0: 30 03 40 03 50 03 60 03 70 03 80 03 90 03 a0 03  0.@.P.`.p.......
0000a5b0: b0 03 c0 03 d0 03 e0 03 f0 03 ff 03 00 00 10 00  ................
0000a5c0: 20 00 30 00 40 00 50 00 60 00 70 00 80 00 90 00   .0.@.P.`.p.....
0000a5d0: a0 00 b0 00 c0 00 d0 00 e0 00 f0 00 00 01 10 01  ................
0000a5e0: 20 01 30 01 40 01 50 01 60 01 70 01 80 01 90 01   .0.@.P.`.p.....
0000a5f0: a0 01 b0 01 c0 01 d0 01 e0 01 f0 01 00 02 10 02  ................
0000a600: 20 02 30 02 40 02 50 02 60 02 70 02 80 02 90 02   .0.@.P.`.p.....
0000a610: a0 02 b0 02 c0 02 d0 02 e0 02 f0 02 00 03 10 03  ................
0000a620: 20 03 30 03 40 03 50 03 60 03 70 03 80 03 90 03   .0.@.P.`.p.....
0000a630: a0 03 b0 03 c0 03 d0 03 e0 03 f0 03 ff 03 00 00  ................
0000a640: 23 00 44 00 64 00 81 00 9c 00 b4 00 ca 00 de 00  #.D.d...........
0000a650: f0 00 00 01 10 01 1e 01 2c 01 3a 01 48 01 56 01  ........,.:.H.V.
0000a660: 64 01 72 01 7f 01 8d 01 9b 01 a8 01 b6 01 c3 01  d.r.............
0000a670: d1 01 de 01 ec 01 fa 01 07 02 15 02 22 02 30 02  ............".0.
0000a680: 3d 02 4b 02 59 02 66 02 74 02 82 02 90 02 9e 02  =.K.Y.f.t.......
0000a690: ab 02 b9 02 c7 02 d5 02 e4 02 f2 02 00 03 0e 03  ................
0000a6a0: 1d 03 2b 03 3a 03 49 03 58 03 67 03 76 03 85 03  ..+.:.I.X.g.v...
0000a6b0: 94 03 a3 03 b2 03 c2 03 d1 03 e1 03 f0 03 ff 03  ................
0000a6c0: 00 00 11 00 22 00 33 00 44 00 54 00 65 00 76 00  ....".3.D.T.e.v.
0000a6d0: 87 00 98 00 aa 00 bd 00 d0 00 e5 00 fa 00 0f 01  ................
0000a6e0: 26 01 3d 01 54 01 6c 01 84 01 9c 01 b4 01 cc 01  &.=.T.l.........
0000a6f0: e4 01 fc 01 13 02 2b 02 41 02 57 02 6d 02 81 02  ......+.A.W.m...
0000a700: 95 02 a8 02 b9 02 ca 02 d9 02 e7 02 f3 02 fe 02  ................
0000a710: 08 03 0f 03 15 03 1a 03 1e 03 22 03 26 03 29 03  ..........".&.).
0000a720: 2e 03 34 03 3b 03 43 03 4d 03 58 03 63 03 70 03  ..4.;.C.M.X.c.p.
0000a730: 7e 03 8d 03 9c 03 ab 03 bc 03 cc 03 dd 03 ee 03  ~...............
0000a740: ff 03 00 00 10 00 20 00 30 00 40 00 50 00 60 00  ...... .0.@.P.`.
0000a750: 70 00 80 00 90 00 a0 00 b0 00 c0 00 d0 00 e0 00  p...............
0000a760: f0 00 00 01 10 01 20 01 30 01 40 01 50 01 60 01  ...... .0.@.P.`.
0000a770: 70 01 80 01 90 01 a0 01 b0 01 c0 01 d0 01 e0 01  p...............
0000a780: f0 01 00 02 10 02 20 02 30 02 40 02 50 02 60 02  ...... .0.@.P.`.
0000a790: 70 02 80 02 90 02 a0 02 b0 02 c0 02 d0 02 e0 02  p...............
0000a7a0: f0 02 00 03 10 03 20 03 30 03 40 03 50 03 60 03  ...... .0.@.P.`.
0000a7b0: 70 03 80 03 90 03 a0 03 b0 03 c0 03 d0 03 e0 03  p...............
0000a7c0: f0 03 ff 03 00 00 40 00 00 00 00 00 00 00 00 00  ......@.........
0000a7d0: 00 00 00 00 00 00 00 00 00 00 00 00 00 00 00 00  ................
0000a7e0: 00 00 00 00 00 00 40 00 00 00 00 00 00 00 00 00  ......@.........
0000a7f0: 00 00 00 00 00 00 00 00 00 00 00 00 00 00 00 00  ................
0000a800: 00 00 00 00 00 00 40 00 00 00 00 00 00 00 00 00  ......@.........
0000a810: 00 00 00 00 00 00 00 00 00 00 00 00 00 00 00 00  ................
0000a820: 00 00 00 00 00 00 02 00 06 00 0d 00 1b 00 35 00  ..............5.
0000a830: 40 00 00 00 00 00 00 00 00 00 00 00 00 00 00 00  @...............
0000a840: 00 00 00 00 00 00 05 00 0c 00 28 00 31 00 40 00  ..........(.1.@.
0000a850: 00 00 00 00 00 00 00 00 00 00 00 00 00 00 00 00  ................
0000a860: 00 00 00 00 00 00 08 00 10 00 18 00 20 00 28 00  ............ .(.
0000a870: 30 00 38 00 00 00 00 00 00 00 00 00 00 00 00 00  0.8.............
0000a880: 00 00 00 00 00 00 00 00 08 00 00 01 1f 00 00 00  ................
0000a890: 01 00 00 00 00 00 00 00 60 00 c0 00 00 00 10 00  ........`.......
0000a8a0: 20 00 30 00 40 00 50 00 60 00 70 00 80 00 90 00   .0.@.P.`.p.....
0000a8b0: a0 00 b0 00 c0 00 d0 00 e0 00 f0 00 00 01 10 01  ................
0000a8c0: 20 01 30 01 40 01 50 01 60 01 70 01 80 01 90 01   .0.@.P.`.p.....
0000a8d0: a0 01 b0 01 c0 01 d0 01 e0 01 f0 01 00 02 10 02  ................
0000a8e0: 20 02 30 02 40 02 50 02 60 02 70 02 80 02 90 02   .0.@.P.`.p.....
0000a8f0: a0 02 b0 02 c0 02 d0 02 e0 02 f0 02 00 03 10 03  ................
0000a900: 20 03 30 03 40 03 50 03 60 03 70 03 80 03 90 03   .0.@.P.`.p.....
0000a910: a0 03 b0 03 c0 03 d0 03 e0 03 f0 03 ff 03 00 00  ................
0000a920: 10 00 20 00 30 00 40 00 50 00 60 00 70 00 80 00  .. .0.@.P.`.p...
0000a930: 90 00 a0 00 b0 00 c0 00 d0 00 e0 00 f0 00 00 01  ................
0000a940: 10 01 20 01 30 01 40 01 50 01 60 01 70 01 80 01  .. .0.@.P.`.p...
0000a950: 90 01 a0 01 b0 01 c0 01 d0 01 e0 01 f0 01 00 02  ................
0000a960: 10 02 20 02 30 02 40 02 50 02 60 02 70 02 80 02  .. .0.@.P.`.p...
0000a970: 90 02 a0 02 b0 02 c0 02 d0 02 e0 02 f0 02 00 03  ................
0000a980: 10 03 20 03 30 03 40 03 50 03 60 03 70 03 80 03  .. .0.@.P.`.p...
0000a990: 90 03 a0 03 b0 03 c0 03 d0 03 e0 03 f0 03 ff 03  ................
0000a9a0: 00 00 10 00 20 00 30 00 40 00 50 00 60 00 70 00  .... .0.@.P.`.p.
0000a9b0: 80 00 90 00 a0 00 b0 00 c0 00 d0 00 e0 00 f0 00  ................
0000a9c0: 00 01 10 01 20 01 30 01 40 01 50 01 60 01 70 01  .... .0.@.P.`.p.
0000a9d0: 80 01 90 01 a0 01 b0 01 c0 01 d0 01 e0 01 f0 01  ................
0000a9e0: 00 02 10 02 20 02 30 02 40 02 50 02 60 02 70 02  .... .0.@.P.`.p.
0000a9f0: 80 02 90 02 a0 02 b0 02 c0 02 d0 02 e0 02 f0 02  ................
0000aa00: 00 03 10 03 20 03 30 03 40 03 50 03 60 03 70 03  .... .0.@.P.`.p.
0000aa10: 80 03 90 03 a0 03 b0 03 c0 03 d0 03 e0 03 f0 03  ................
0000aa20: ff 03 00 00 25 00 48 00 6a 00 88 00 a4 00 bc 00  ....%.H.j.......
0000aa30: d1 00 e3 00 f3 00 00 01 0d 01 18 01 24 01 30 01  ............$.0.
0000aa40: 3d 01 4b 01 58 01 66 01 75 01 83 01 92 01 a1 01  =.K.X.f.u.......
0000aa50: b0 01 bf 01 ce 01 dd 01 ec 01 fb 01 09 02 18 02  ................
0000aa60: 26 02 34 02 42 02 50 02 5e 02 6c 02 79 02 87 02  &.4.B.P.^.l.y...
0000aa70: 95 02 a2 02 b0 02 be 02 cb 02 d9 02 e7 02 f4 02  ................
0000aa80: 02 03 10 03 1e 03 2c 03 3b 03 49 03 58 03 66 03  ......,.;.I.X.f.
0000aa90: 75 03 84 03 93 03 a3 03 b2 03 c1 03 d1 03 e0 03  u...............
0000aaa0: f0 03 ff 03 00 00 11 00 22 00 33 00 44 00 54 00  ........".3.D.T.
0000aab0: 65 00 76 00 87 00 99 00 ab 00 bd 00 d0 00 e4 00  e.v.............
0000aac0: f9 00 0e 01 24 01 3b 01 52 01 69 01 80 01 98 01  ....$.;.R.i.....
0000aad0: af 01 c7 01 de 01 f5 01 0c 02 23 02 39 02 4e 02  ..........#.9.N.
0000aae0: 63 02 77 02 8a 02 9c 02 ad 02 bd 02 cc 02 da 02  c.w.............
0000aaf0: e6 02 f1 02 fb 02 03 03 0a 03 10 03 15 03 1b 03  ................
0000ab00: 20 03 26 03 2c 03 34 03 3c 03 46 03 50 03 5b 03   .&.,.4.<.F.P.[.
0000ab10: 68 03 75 03 82 03 91 03 9f 03 af 03 be 03 ce 03  h.u.............
0000ab20: df 03 ef 03 ff 03 00 00 10 00 20 00 30 00 40 00  .......... .0.@.
0000ab30: 50 00 60 00 70 00 80 00 90 00 a0 00 b0 00 c0 00  P.`.p...........
0000ab40: d0 00 e0 00 f0 00 00 01 10 01 20 01 30 01 40 01  .......... .0.@.
0000ab50: 50 01 60 01 70 01 80 01 90 01 a0 01 b0 01 c0 01  P.`.p...........
0000ab60: d0 01 e0 01 f0 01 00 02 10 02 20 02 30 02 40 02  .......... .0.@.
0000ab70: 50 02 60 02 70 02 80 02 90 02 a0 02 b0 02 c0 02  P.`.p...........
0000ab80: d0 02 e0 02 f0 02 00 03 10 03 20 03 30 03 40 03  .......... .0.@.
0000ab90: 50 03 60 03 70 03 80 03 90 03 a0 03 b0 03 c0 03  P.`.p...........
0000aba0: d0 03 e0 03 f0 03 ff 03 00 00 40 00 00 00 00 00  ..........@.....
0000abb0: 00 00 00 00 00 00 00 00 00 00 00 00 00 00 00 00  ................
0000abc0: 00 00 00 00 00 00 00 00 00 00 40 00 00 00 00 00  ..........@.....
0000abd0: 00 00 00 00 00 00 00 00 00 00 00 00 00 00 00 00  ................
0000abe0: 00 00 00 00 00 00 00 00 00 00 40 00 00 00 00 00  ..........@.....
0000abf0: 00 00 00 00 00 00 00 00 00 00 00 00 00 00 00 00  ................
0000ac00: 00 00 00 00 00 00 00 00 00 00 02 00 06 00 0d 00  ................
0000ac10: 1b 00 35 00 40 00 00 00 00 00 00 00 00 00 00 00  ..5.@...........
0000ac20: 00 00 00 00 00 00 00 00 00 00 05 00 0c 00 27 00  ..............'.
0000ac30: 31 00 40 00 00 00 00 00 00 00 00 00 00 00 00 00  1.@.............
0000ac40: 00 00 00 00 00 00 00 00 00 00 40 00 00 00 00 00  ..........@.....
0000ac50: 00 00 00 00 00 00 00 00 00 00 00 00 00 00 00 00  ................
0000ac60: 00 00 00 00 00 00 00 00 00 00 00 00 08 00 00 01  ................
0000ac70: 1f 00 00 00 01 00 00 00 00 00 00 00 60 00 c0 00  ............`...
0000ac80: 00 00 10 00 20 00 30 00 40 00 50 00 60 00 70 00  .... .0.@.P.`.p.
0000ac90: 80 00 90 00 a0 00 b0 00 c0 00 d0 00 e0 00 f0 00  ................
0000aca0: 00 01 10 01 20 01 30 01 40 01 50 01 60 01 70 01  .... .0.@.P.`.p.
0000acb0: 80 01 90 01 a0 01 b0 01 c0 01 d0 01 e0 01 f0 01  ................
0000acc0: 00 02 10 02 20 02 30 02 40 02 50 02 60 02 70 02  .... .0.@.P.`.p.
0000acd0: 80 02 90 02 a0 02 b0 02 c0 02 d0 02 e0 02 f0 02  ................
0000ace0: 00 03 10 03 20 03 30 03 40 03 50 03 60 03 70 03  .... .0.@.P.`.p.
0000acf0: 80 03 90 03 a0 03 b0 03 c0 03 d0 03 e0 03 f0 03  ................
0000ad00: ff 03 00 00 10 00 20 00 30 00 40 00 50 00 60 00  ...... .0.@.P.`.
0000ad10: 70 00 80 00 90 00 a0 00 b0 00 c0 00 d0 00 e0 00  p...............
0000ad20: f0 00 00 01 10 01 20 01 30 01 40 01 50 01 60 01  ...... .0.@.P.`.
0000ad30: 70 01 80 01 90 01 a0 01 b0 01 c0 01 d0 01 e0 01  p...............
0000ad40: f0 01 00 02 10 02 20 02 30 02 40 02 50 02 60 02  ...... .0.@.P.`.
0000ad50: 70 02 80 02 90 02 a0 02 b0 02 c0 02 d0 02 e0 02  p...............
0000ad60: f0 02 00 03 10 03 20 03 30 03 40 03 50 03 60 03  ...... .0.@.P.`.
0000ad70: 70 03 80 03 90 03 a0 03 b0 03 c0 03 d0 03 e0 03  p...............
0000ad80: f0 03 ff 03 00 00 10 00 20 00 30 00 40 00 50 00  ........ .0.@.P.
0000ad90: 60 00 70 00 80 00 90 00 a0 00 b0 00 c0 00 d0 00  `.p.............
0000ada0: e0 00 f0 00 00 01 10 01 20 01 30 01 40 01 50 01  ........ .0.@.P.
0000adb0: 60 01 70 01 80 01 90 01 a0 01 b0 01 c0 01 d0 01  `.p.............
0000adc0: e0 01 f0 01 00 02 10 02 20 02 30 02 40 02 50 02  ........ .0.@.P.
0000add0: 60 02 70 02 80 02 90 02 a0 02 b0 02 c0 02 d0 02  `.p.............
0000ade0: e0 02 f0 02 00 03 10 03 20 03 30 03 40 03 50 03  ........ .0.@.P.
0000adf0: 60 03 70 03 80 03 90 03 a0 03 b0 03 c0 03 d0 03  `.p.............
0000ae00: e0 03 f0 03 ff 03 00 00 33 00 60 00 85 00 a3 00  ........3.`.....
0000ae10: bb 00 d0 00 e4 00 f7 00 08 01 19 01 29 01 38 01  ............).8.
0000ae20: 47 01 55 01 62 01 6f 01 7b 01 87 01 92 01 9e 01  G.U.b.o.{.......
0000ae30: a9 01 b4 01 bf 01 ca 01 d5 01 e1 01 ec 01 f8 01  ................
0000ae40: 04 02 10 02 1c 02 29 02 36 02 43 02 51 02 5e 02  ......).6.C.Q.^.
0000ae50: 6c 02 7a 02 88 02 96 02 a4 02 b3 02 c1 02 d0 02  l.z.............
0000ae60: df 02 ee 02 fd 02 0c 03 1b 03 2a 03 39 03 48 03  ..........*.9.H.
0000ae70: 58 03 67 03 76 03 85 03 95 03 a4 03 b3 03 c2 03  X.g.v...........
0000ae80: d2 03 e1 03 f0 03 ff 03 00 00 11 00 22 00 33 00  ............".3.
0000ae90: 44 00 54 00 65 00 77 00 88 00 99 00 ab 00 be 00  D.T.e.w.........
0000aea0: d0 00 e3 00 f7 00 0b 01 1f 01 34 01 48 01 5d 01  ..........4.H.].
0000aeb0: 72 01 87 01 9c 01 b1 01 c6 01 db 01 ef 01 03 02  r...............
0000aec0: 17 02 2b 02 3e 02 51 02 63 02 75 02 86 02 96 02  ..+.>.Q.c.u.....
0000aed0: a6 02 b4 02 c2 02 d0 02 dc 02 e7 02 f2 02 fb 02  ................
0000aee0: 05 03 0e 03 17 03 20 03 2a 03 34 03 3e 03 4a 03  ...... .*.4.>.J.
0000aef0: 55 03 62 03 6e 03 7c 03 89 03 97 03 a6 03 b4 03  U.b.n.|.........
0000af00: c3 03 d2 03 e1 03 f0 03 ff 03 00 00 10 00 20 00  .............. .
0000af10: 30 00 40 00 50 00 60 00 70 00 80 00 90 00 a0 00  0.@.P.`.p.......
0000af20: b0 00 c0 00 d0 00 e0 00 f0 00 00 01 10 01 20 01  .............. .
0000af30: 30 01 40 01 50 01 60 01 70 01 80 01 90 01 a0 01  0.@.P.`.p.......
0000af40: b0 01 c0 01 d0 01 e0 01 f0 01 00 02 10 02 20 02  .............. .
0000af50: 30 02 40 02 50 02 60 02 70 02 80 02 90 02 a0 02  0.@.P.`.p.......
0000af60: b0 02 c0 02 d0 02 e0 02 f0 02 00 03 10 03 20 03  .............. .
0000af70: 30 03 40 03 50 03 60 03 70 03 80 03 90 03 a0 03  0.@.P.`.p.......
0000af80: b0 03 c0 03 d0 03 e0 03 f0 03 ff 03 00 00 40 00  ..............@.
0000af90: 00 00 00 00 00 00 00 00 00 00 00 00 00 00 00 00  ................
0000afa0: 00 00 00 00 00 00 00 00 00 00 00 00 00 00 40 00  ..............@.
0000afb0: 00 00 00 00 00 00 00 00 00 00 00 00 00 00 00 00  ................
0000afc0: 00 00 00 00 00 00 00 00 00 00 00 00 00 00 40 00  ..............@.
0000afd0: 00 00 00 00 00 00 00 00 00 00 00 00 00 00 00 00  ................
0000afe0: 00 00 00 00 00 00 00 00 00 00 00 00 00 00 02 00  ................
0000aff0: 06 00 0c 00 1b 00 35 00 40 00 00 00 00 00 00 00  ......5.@.......
0000b000: 00 00 00 00 00 00 00 00 00 00 00 00 00 00 05 00  ................
0000b010: 0c 00 28 00 31 00 40 00 00 00 00 00 00 00 00 00  ..(.1.@.........
0000b020: 00 00 00 00 00 00 00 00 00 00 00 00 00 00 40 00  ..............@.
0000b030: 00 00 00 00 00 00 00 00 00 00 00 00 00 00 00 00  ................
0000b040: 00 00 00 00 00 00 00 00 00 00 00 00 00 00 00 00  ................
0000b050: 08 00 00 01 1f 00 00 00 01 00 00 00 00 00 00 00  ................
0000b060: 60 00 c0 00 00 00 10 00 20 00 30 00 40 00 50 00  `....... .0.@.P.
0000b070: 60 00 70 00 80 00 90 00 a0 00 b0 00 c0 00 d0 00  `.p.............
0000b080: e0 00 f0 00 00 01 10 01 20 01 30 01 40 01 50 01  ........ .0.@.P.
0000b090: 60 01 70 01 80 01 90 01 a0 01 b0 01 c0 01 d0 01  `.p.............
0000b0a0: e0 01 f0 01 00 02 10 02 20 02 30 02 40 02 50 02  ........ .0.@.P.
0000b0b0: 60 02 70 02 80 02 90 02 a0 02 b0 02 c0 02 d0 02  `.p.............
0000b0c0: e0 02 f0 02 00 03 10 03 20 03 30 03 40 03 50 03  ........ .0.@.P.
0000b0d0: 60 03 70 03 80 03 90 03 a0 03 b0 03 c0 03 d0 03  `.p.............
0000b0e0: e0 03 f0 03 ff 03 00 00 10 00 20 00 30 00 40 00  .......... .0.@.
0000b0f0: 50 00 60 00 70 00 80 00 90 00 a0 00 b0 00 c0 00  P.`.p...........
0000b100: d0 00 e0 00 f0 00 00 01 10 01 20 01 30 01 40 01  .......... .0.@.
0000b110: 50 01 60 01 70 01 80 01 90 01 a0 01 b0 01 c0 01  P.`.p...........
0000b120: d0 01 e0 01 f0 01 00 02 10 02 20 02 30 02 40 02  .......... .0.@.
0000b130: 50 02 60 02 70 02 80 02 90 02 a0 02 b0 02 c0 02  P.`.p...........
0000b140: d0 02 e0 02 f0 02 00 03 10 03 20 03 30 03 40 03  .......... .0.@.
0000b150: 50 03 60 03 70 03 80 03 90 03 a0 03 b0 03 c0 03  P.`.p...........
0000b160: d0 03 e0 03 f0 03 ff 03 00 00 10 00 20 00 30 00  ............ .0.
0000b170: 40 00 50 00 60 00 70 00 80 00 90 00 a0 00 b0 00  @.P.`.p.........
0000b180: c0 00 d0 00 e0 00 f0 00 00 01 10 01 20 01 30 01  ............ .0.
0000b190: 40 01 50 01 60 01 70 01 80 01 90 01 a0 01 b0 01  @.P.`.p.........
0000b1a0: c0 01 d0 01 e0 01 f0 01 00 02 10 02 20 02 30 02  ............ .0.
0000b1b0: 40 02 50 02 60 02 70 02 80 02 90 02 a0 02 b0 02  @.P.`.p.........
0000b1c0: c0 02 d0 02 e0 02 f0 02 00 03 10 03 20 03 30 03  ............ .0.
0000b1d0: 40 03 50 03 60 03 70 03 80 03 90 03 a0 03 b0 03  @.P.`.p.........
0000b1e0: c0 03 d0 03 e0 03 f0 03 ff 03 00 00 21 00 40 00  ............!.@.
0000b1f0: 5d 00 77 00 8f 00 a4 00 b7 00 c8 00 d7 00 e6 00  ].w.............
0000b200: f3 00 00 01 0e 01 1b 01 29 01 36 01 44 01 52 01  ........).6.D.R.
0000b210: 60 01 6f 01 7d 01 8b 01 9a 01 a8 01 b7 01 c5 01  `.o.}...........
0000b220: d4 01 e3 01 f1 01 00 02 0f 02 1d 02 2c 02 3b 02  ............,.;.
0000b230: 4a 02 59 02 67 02 76 02 85 02 94 02 a3 02 b2 02  J.Y.g.v.........
0000b240: c1 02 d0 02 df 02 ee 02 fd 02 0c 03 1b 03 2a 03  ..............*.
0000b250: 39 03 48 03 58 03 67 03 76 03 85 03 95 03 a4 03  9.H.X.g.v.......
0000b260: b3 03 c2 03 d2 03 e1 03 f0 03 ff 03 00 00 11 00  ................
0000b270: 22 00 33 00 44 00 54 00 65 00 77 00 88 00 99 00  ".3.D.T.e.w.....
0000b280: ab 00 be 00 d0 00 e3 00 f7 00 0b 01 1f 01 34 01  ..............4.
0000b290: 48 01 5d 01 72 01 87 01 9c 01 b1 01 c6 01 db 01  H.].r...........
0000b2a0: ef 01 03 02 17 02 2b 02 3e 02 51 02 63 02 75 02  ......+.>.Q.c.u.
0000b2b0: 86 02 96 02 a6 02 b4 02 c2 02 d0 02 dc 02 e7 02  ................
0000b2c0: f2 02 fb 02 05 03 0e 03 17 03 20 03 2a 03 34 03  .......... .*.4.
0000b2d0: 3e 03 4a 03 55 03 62 03 6e 03 7c 03 89 03 97 03  >.J.U.b.n.|.....
0000b2e0: a6 03 b4 03 c3 03 d2 03 e1 03 f0 03 ff 03 00 00  ................
0000b2f0: 10 00 20 00 30 00 40 00 50 00 60 00 70 00 80 00  .. .0.@.P.`.p...
0000b300: 90 00 a0 00 b0 00 c0 00 d0 00 e0 00 f0 00 00 01  ................
0000b310: 10 01 20 01 30 01 40 01 50 01 60 01 70 01 80 01  .. .0.@.P.`.p...
0000b320: 90 01 a0 01 b0 01 c0 01 d0 01 e0 01 f0 01 00 02  ................
0000b330: 10 02 20 02 30 02 40 02 50 02 60 02 70 02 80 02  .. .0.@.P.`.p...
0000b340: 90 02 a0 02 b0 02 c0 02 d0 02 e0 02 f0 02 00 03  ................
0000b350: 10 03 20 03 30 03 40 03 50 03 60 03 70 03 80 03  .. .0.@.P.`.p...
0000b360: 90 03 a0 03 b0 03 c0 03 d0 03 e0 03 f0 03 ff 03  ................
0000b370: 00 00 40 00 00 00 00 00 00 00 00 00 00 00 00 00  ..@.............
0000b380: 00 00 00 00 00 00 00 00 00 00 00 00 00 00 00 00  ................
0000b390: 00 00 40 00 00 00 00 00 00 00 00 00 00 00 00 00  ..@.............
0000b3a0: 00 00 00 00 00 00 00 00 00 00 00 00 00 00 00 00  ................
0000b3b0: 00 00 40 00 00 00 00 00 00 00 00 00 00 00 00 00  ..@.............
0000b3c0: 00 00 00 00 00 00 00 00 00 00 00 00 00 00 00 00  ................
0000b3d0: 00 00 02 00 06 00 0c 00 1b 00 35 00 40 00 00 00  ..........5.@...
0000b3e0: 00 00 00 00 00 00 00 00 00 00 00 00 00 00 00 00  ................
0000b3f0: 00 00 05 00 0c 00 28 00 31 00 40 00 00 00 00 00  ......(.1.@.....
0000b400: 00 00 00 00 00 00 00 00 00 00 00 00 00 00 00 00  ................
0000b410: 00 00 40 00 00 00 00 00 00 00 00 00 00 00 00 00  ..@.............
0000b420: 00 00 00 00 00 00 00 00 00 00 00 00 00 00 00 00  ................
0000b430: 00 00 00 00 08 00 c8 00 1f 00 00 00 01 00 00 00  ................
0000b440: 00 00 00 00 60 00 c0 00 00 00 10 00 20 00 30 00  ....`....... .0.
0000b450: 40 00 50 00 60 00 70 00 80 00 90 00 a0 00 b0 00  @.P.`.p.........
0000b460: c0 00 d0 00 e0 00 f0 00 00 01 10 01 20 01 30 01  ............ .0.
0000b470: 40 01 50 01 60 01 70 01 80 01 90 01 a0 01 b0 01  @.P.`.p.........
0000b480: c0 01 d0 01 e0 01 f0 01 00 02 10 02 20 02 30 02  ............ .0.
0000b490: 40 02 50 02 60 02 70 02 80 02 90 02 a0 02 b0 02  @.P.`.p.........
0000b4a0: c0 02 d0 02 e0 02 f0 02 00 03 10 03 20 03 30 03  ............ .0.
0000b4b0: 40 03 50 03 60 03 70 03 80 03 90 03 a0 03 b0 03  @.P.`.p.........
0000b4c0: c0 03 d0 03 e0 03 f0 03 ff 03 00 00 10 00 20 00  .............. .
0000b4d0: 30 00 40 00 50 00 60 00 70 00 80 00 90 00 a0 00  0.@.P.`.p.......
0000b4e0: b0 00 c0 00 d0 00 e0 00 f0 00 00 01 10 01 20 01  .............. .
0000b4f0: 30 01 40 01 50 01 60 01 70 01 80 01 90 01 a0 01  0.@.P.`.p.......
0000b500: b0 01 c0 01 d0 01 e0 01 f0 01 00 02 10 02 20 02  .............. .
0000b510: 30 02 40 02 50 02 60 02 70 02 80 02 90 02 a0 02  0.@.P.`.p.......
0000b520: b0 02 c0 02 d0 02 e0 02 f0 02 00 03 10 03 20 03  .............. .
0000b530: 30 03 40 03 50 03 60 03 70 03 80 03 90 03 a0 03  0.@.P.`.p.......
0000b540: b0 03 c0 03 d0 03 e0 03 f0 03 ff 03 00 00 10 00  ................
0000b550: 20 00 30 00 40 00 50 00 60 00 70 00 80 00 90 00   .0.@.P.`.p.....
0000b560: a0 00 b0 00 c0 00 d0 00 e0 00 f0 00 00 01 10 01  ................
0000b570: 20 01 30 01 40 01 50 01 60 01 70 01 80 01 90 01   .0.@.P.`.p.....
0000b580: a0 01 b0 01 c0 01 d0 01 e0 01 f0 01 00 02 10 02  ................
0000b590: 20 02 30 02 40 02 50 02 60 02 70 02 80 02 90 02   .0.@.P.`.p.....
0000b5a0: a0 02 b0 02 c0 02 d0 02 e0 02 f0 02 00 03 10 03  ................
0000b5b0: 20 03 30 03 40 03 50 03 60 03 70 03 80 03 90 03   .0.@.P.`.p.....
0000b5c0: a0 03 b0 03 c0 03 d0 03 e0 03 f0 03 ff 03 00 00  ................
0000b5d0: 21 00 40 00 5d 00 77 00 8f 00 a4 00 b7 00 c8 00  !.@.].w.........
0000b5e0: d7 00 e6 00 f3 00 00 01 0e 01 1b 01 29 01 36 01  ............).6.
0000b5f0: 44 01 52 01 60 01 6f 01 7d 01 8b 01 9a 01 a8 01  D.R.`.o.}.......
0000b600: b7 01 c5 01 d4 01 e3 01 f1 01 00 02 0f 02 1d 02  ................
0000b610: 2c 02 3b 02 4a 02 59 02 67 02 76 02 85 02 94 02  ,.;.J.Y.g.v.....
0000b620: a3 02 b2 02 c1 02 d0 02 df 02 ee 02 fd 02 0c 03  ................
0000b630: 1b 03 2a 03 39 03 48 03 58 03 67 03 76 03 85 03  ..*.9.H.X.g.v...
0000b640: 95 03 a4 03 b3 03 c2 03 d2 03 e1 03 f0 03 ff 03  ................
0000b650: 00 00 11 00 22 00 33 00 44 00 54 00 65 00 77 00  ....".3.D.T.e.w.
0000b660: 88 00 99 00 ab 00 be 00 d0 00 e3 00 f7 00 0b 01  ................
0000b670: 1f 01 34 01 48 01 5d 01 72 01 87 01 9c 01 b1 01  ..4.H.].r.......
0000b680: c6 01 db 01 ef 01 03 02 17 02 2b 02 3e 02 51 02  ..........+.>.Q.
0000b690: 63 02 75 02 86 02 96 02 a6 02 b4 02 c2 02 d0 02  c.u.............
0000b6a0: dc 02 e7 02 f2 02 fb 02 05 03 0e 03 17 03 20 03  .............. .
0000b6b0: 2a 03 34 03 3e 03 4a 03 55 03 62 03 6e 03 7c 03  *.4.>.J.U.b.n.|.
0000b6c0: 89 03 97 03 a6 03 b4 03 c3 03 d2 03 e1 03 f0 03  ................
0000b6d0: ff 03 00 00 10 00 20 00 30 00 40 00 50 00 60 00  ...... .0.@.P.`.
0000b6e0: 70 00 80 00 90 00 a0 00 b0 00 c0 00 d0 00 e0 00  p...............
0000b6f0: f0 00 00 01 10 01 20 01 30 01 40 01 50 01 60 01  ...... .0.@.P.`.
0000b700: 70 01 80 01 90 01 a0 01 b0 01 c0 01 d0 01 e0 01  p...............
0000b710: f0 01 00 02 10 02 20 02 30 02 40 02 50 02 60 02  ...... .0.@.P.`.
0000b720: 70 02 80 02 90 02 a0 02 b0 02 c0 02 d0 02 e0 02  p...............
0000b730: f0 02 00 03 10 03 20 03 30 03 40 03 50 03 60 03  ...... .0.@.P.`.
0000b740: 70 03 80 03 90 03 a0 03 b0 03 c0 03 d0 03 e0 03  p...............
0000b750: f0 03 ff 03 00 00 40 00 00 00 00 00 00 00 00 00  ......@.........
0000b760: 00 00 00 00 00 00 00 00 00 00 00 00 00 00 00 00  ................
0000b770: 00 00 00 00 00 00 40 00 00 00 00 00 00 00 00 00  ......@.........
0000b780: 00 00 00 00 00 00 00 00 00 00 00 00 00 00 00 00  ................
0000b790: 00 00 00 00 00 00 40 00 00 00 00 00 00 00 00 00  ......@.........
0000b7a0: 00 00 00 00 00 00 00 00 00 00 00 00 00 00 00 00  ................
0000b7b0: 00 00 00 00 00 00 02 00 06 00 0c 00 1b 00 35 00  ..............5.
0000b7c0: 40 00 00 00 00 00 00 00 00 00 00 00 00 00 00 00  @...............
0000b7d0: 00 00 00 00 00 00 05 00 0c 00 28 00 31 00 40 00  ..........(.1.@.
0000b7e0: 00 00 00 00 00 00 00 00 00 00 00 00 00 00 00 00  ................
0000b7f0: 00 00 00 00 00 00 40 00 00 00 00 00 00 00 00 00  ......@.........
0000b800: 00 00 00 00 00 00 00 00 00 00 00 00 00 00 00 00  ................
0000b810: 00 00 00 00 00 00 00 00 08 00 c8 00 1f 00 00 00  ................
0000b820: 01 00 00 00 00 00 00 00 60 00 c0 00 00 00 10 00  ........`.......
0000b830: 20 00 30 00 40 00 50 00 60 00 70 00 80 00 90 00   .0.@.P.`.p.....
0000b840: a0 00 b0 00 c0 00 d0 00 e0 00 f0 00 00 01 10 01  ................
0000b850: 20 01 30 01 40 01 50 01 60 01 70 01 80 01 90 01   .0.@.P.`.p.....
0000b860: a0 01 b0 01 c0 01 d0 01 e0 01 f0 01 00 02 10 02  ................
0000b870: 20 02 30 02 40 02 50 02 60 02 70 02 80 02 90 02   .0.@.P.`.p.....
0000b880: a0 02 b0 02 c0 02 d0 02 e0 02 f0 02 00 03 10 03  ................
0000b890: 20 03 30 03 40 03 50 03 60 03 70 03 80 03 90 03   .0.@.P.`.p.....
0000b8a0: a0 03 b0 03 c0 03 d0 03 e0 03 f0 03 ff 03 00 00  ................
0000b8b0: 10 00 20 00 30 00 40 00 50 00 60 00 70 00 80 00  .. .0.@.P.`.p...
0000b8c0: 90 00 a0 00 b0 00 c0 00 d0 00 e0 00 f0 00 00 01  ................
0000b8d0: 10 01 20 01 30 01 40 01 50 01 60 01 70 01 80 01  .. .0.@.P.`.p...
0000b8e0: 90 01 a0 01 b0 01 c0 01 d0 01 e0 01 f0 01 00 02  ................
0000b8f0: 10 02 20 02 30 02 40 02 50 02 60 02 70 02 80 02  .. .0.@.P.`.p...
0000b900: 90 02 a0 02 b0 02 c0 02 d0 02 e0 02 f0 02 00 03  ................
0000b910: 10 03 20 03 30 03 40 03 50 03 60 03 70 03 80 03  .. .0.@.P.`.p...
0000b920: 90 03 a0 03 b0 03 c0 03 d0 03 e0 03 f0 03 ff 03  ................
0000b930: 00 00 10 00 20 00 30 00 40 00 50 00 60 00 70 00  .... .0.@.P.`.p.
0000b940: 80 00 90 00 a0 00 b0 00 c0 00 d0 00 e0 00 f0 00  ................
0000b950: 00 01 10 01 20 01 30 01 40 01 50 01 60 01 70 01  .... .0.@.P.`.p.
0000b960: 80 01 90 01 a0 01 b0 01 c0 01 d0 01 e0 01 f0 01  ................
0000b970: 00 02 10 02 20 02 30 02 40 02 50 02 60 02 70 02  .... .0.@.P.`.p.
0000b980: 80 02 90 02 a0 02 b0 02 c0 02 d0 02 e0 02 f0 02  ................
0000b990: 00 03 10 03 20 03 30 03 40 03 50 03 60 03 70 03  .... .0.@.P.`.p.
0000b9a0: 80 03 90 03 a0 03 b0 03 c0 03 d0 03 e0 03 f0 03  ................
0000b9b0: ff 03 00 00 32 00 5c 00 79 00 8b 00 98 00 a6 00  ....2.\.y.......
0000b9c0: b5 00 c5 00 d5 00 e5 00 f4 00 03 01 12 01 20 01  .............. .
0000b9d0: 2d 01 3b 01 48 01 54 01 61 01 6d 01 79 01 85 01  -.;.H.T.a.m.y...
0000b9e0: 92 01 9e 01 aa 01 b7 01 c4 01 d1 01 df 01 ed 01  ................
0000b9f0: fb 01 0a 02 19 02 28 02 37 02 46 02 56 02 65 02  ......(.7.F.V.e.
0000ba00: 75 02 85 02 95 02 a6 02 b6 02 c6 02 d6 02 e7 02  u...............
0000ba10: f7 02 07 03 18 03 28 03 38 03 48 03 58 03 67 03  ......(.8.H.X.g.
0000ba20: 77 03 86 03 96 03 a5 03 b4 03 c3 03 d2 03 e1 03  w...............
0000ba30: f1 03 ff 03 00 00 11 00 22 00 33 00 44 00 54 00  ........".3.D.T.
0000ba40: 65 00 77 00 88 00 99 00 ab 00 be 00 d0 00 e3 00  e.w.............
0000ba50: f7 00 0b 01 1f 01 34 01 48 01 5d 01 72 01 87 01  ......4.H.].r...
0000ba60: 9c 01 b1 01 c6 01 db 01 ef 01 03 02 17 02 2b 02  ..............+.
0000ba70: 3e 02 51 02 63 02 75 02 86 02 96 02 a6 02 b4 02  >.Q.c.u.........
0000ba80: c2 02 d0 02 dc 02 e7 02 f2 02 fb 02 05 03 0e 03  ................
0000ba90: 17 03 20 03 2a 03 34 03 3e 03 4a 03 55 03 62 03  .. .*.4.>.J.U.b.
0000baa0: 6e 03 7c 03 89 03 97 03 a6 03 b4 03 c3 03 d2 03  n.|.............
0000bab0: e1 03 f0 03 ff 03 00 00 10 00 20 00 30 00 40 00  .......... .0.@.
0000bac0: 50 00 60 00 70 00 80 00 90 00 a0 00 b0 00 c0 00  P.`.p...........
0000bad0: d0 00 e0 00 f0 00 00 01 10 01 20 01 30 01 40 01  .......... .0.@.
0000bae0: 50 01 60 01 70 01 80 01 90 01 a0 01 b0 01 c0 01  P.`.p...........
0000baf0: d0 01 e0 01 f0 01 00 02 10 02 20 02 30 02 40 02  .......... .0.@.
0000bb00: 50 02 60 02 70 02 80 02 90 02 a0 02 b0 02 c0 02  P.`.p...........
0000bb10: d0 02 e0 02 f0 02 00 03 10 03 20 03 30 03 40 03  .......... .0.@.
0000bb20: 50 03 60 03 70 03 80 03 90 03 a0 03 b0 03 c0 03  P.`.p...........
0000bb30: d0 03 e0 03 f0 03 ff 03 00 00 40 00 00 00 00 00  ..........@.....
0000bb40: 00 00 00 00 00 00 00 00 00 00 00 00 00 00 00 00  ................
0000bb50: 00 00 00 00 00 00 00 00 00 00 40 00 00 00 00 00  ..........@.....
0000bb60: 00 00 00 00 00 00 00 00 00 00 00 00 00 00 00 00  ................
0000bb70: 00 00 00 00 00 00 00 00 00 00 40 00 00 00 00 00  ..........@.....
0000bb80: 00 00 00 00 00 00 00 00 00 00 00 00 00 00 00 00  ................
0000bb90: 00 00 00 00 00 00 00 00 00 00 02 00 05 00 0b 00  ................
0000bba0: 1b 00 35 00 40 00 00 00 00 00 00 00 00 00 00 00  ..5.@...........
0000bbb0: 00 00 00 00 00 00 00 00 00 00 05 00 0c 00 28 00  ..............(.
0000bbc0: 31 00 40 00 00 00 00 00 00 00 00 00 00 00 00 00  1.@.............
0000bbd0: 00 00 00 00 00 00 00 00 00 00 40 00 00 00 00 00  ..........@.....
0000bbe0: 00 00 00 00 00 00 00 00 00 00 00 00 00 00 00 00  ................
0000bbf0: 00 00 00 00 00 00 00 00 00 00 00 00 08 00 c8 00  ................
0000bc00: 1f 00 00 00 01 00 00 00 00 00 00 00 60 00 c0 00  ............`...
0000bc10: 00 00 10 00 20 00 30 00 40 00 50 00 60 00 70 00  .... .0.@.P.`.p.
0000bc20: 80 00 90 00 a0 00 b0 00 c0 00 d0 00 e0 00 f0 00  ................
0000bc30: 00 01 10 01 20 01 30 01 40 01 50 01 60 01 70 01  .... .0.@.P.`.p.
0000bc40: 80 01 90 01 a0 01 b0 01 c0 01 d0 01 e0 01 f0 01  ................
0000bc50: 00 02 10 02 20 02 30 02 40 02 50 02 60 02 70 02  .... .0.@.P.`.p.
0000bc60: 80 02 90 02 a0 02 b0 02 c0 02 d0 02 e0 02 f0 02  ................
0000bc70: 00 03 10 03 20 03 30 03 40 03 50 03 60 03 70 03  .... .0.@.P.`.p.
0000bc80: 80 03 90 03 a0 03 b0 03 c0 03 d0 03 e0 03 f0 03  ................
0000bc90: ff 03 00 00 10 00 20 00 30 00 40 00 50 00 60 00  ...... .0.@.P.`.
0000bca0: 70 00 80 00 90 00 a0 00 b0 00 c0 00 d0 00 e0 00  p...............
0000bcb0: f0 00 00 01 10 01 20 01 30 01 40 01 50 01 60 01  ...... .0.@.P.`.
0000bcc0: 70 01 80 01 90 01 a0 01 b0 01 c0 01 d0 01 e0 01  p...............
0000bcd0: f0 01 00 02 10 02 20 02 30 02 40 02 50 02 60 02  ...... .0.@.P.`.
0000bce0: 70 02 80 02 90 02 a0 02 b0 02 c0 02 d0 02 e0 02  p...............
0000bcf0: f0 02 00 03 10 03 20 03 30 03 40 03 50 03 60 03  ...... .0.@.P.`.
0000bd00: 70 03 80 03 90 03 a0 03 b0 03 c0 03 d0 03 e0 03  p...............
0000bd10: f0 03 ff 03 00 00 10 00 20 00 30 00 40 00 50 00  ........ .0.@.P.
0000bd20: 60 00 70 00 80 00 90 00 a0 00 b0 00 c0 00 d0 00  `.p.............
0000bd30: e0 00 f0 00 00 01 10 01 20 01 30 01 40 01 50 01  ........ .0.@.P.
0000bd40: 60 01 70 01 80 01 90 01 a0 01 b0 01 c0 01 d0 01  `.p.............
0000bd50: e0 01 f0 01 00 02 10 02 20 02 30 02 40 02 50 02  ........ .0.@.P.
0000bd60: 60 02 70 02 80 02 90 02 a0 02 b0 02 c0 02 d0 02  `.p.............
0000bd70: e0 02 f0 02 00 03 10 03 20 03 30 03 40 03 50 03  ........ .0.@.P.
0000bd80: 60 03 70 03 80 03 90 03 a0 03 b0 03 c0 03 d0 03  `.p.............
0000bd90: e0 03 f0 03 ff 03 00 00 32 00 60 00 86 00 a4 00  ........2.`.....
0000bda0: bc 00 d0 00 e4 00 f6 00 08 01 19 01 29 01 38 01  ............).8.
0000bdb0: 47 01 55 01 63 01 70 01 7c 01 88 01 94 01 a0 01  G.U.c.p.|.......
0000bdc0: ab 01 b6 01 c1 01 cc 01 d8 01 e3 01 ee 01 fa 01  ................
0000bdd0: 06 02 12 02 1e 02 2b 02 38 02 45 02 52 02 60 02  ......+.8.E.R.`.
0000bde0: 6d 02 7b 02 89 02 97 02 a5 02 b4 02 c2 02 d1 02  m.{.............
0000bdf0: e0 02 ef 02 fd 02 0c 03 1b 03 2b 03 3a 03 49 03  ..........+.:.I.
0000be00: 58 03 67 03 76 03 86 03 95 03 a4 03 b3 03 c3 03  X.g.v...........
0000be10: d2 03 e1 03 f0 03 ff 03 00 00 11 00 22 00 32 00  ............".2.
0000be20: 43 00 54 00 65 00 76 00 87 00 99 00 ab 00 be 00  C.T.e.v.........
0000be30: d0 00 e4 00 f7 00 0b 01 20 01 34 01 49 01 5e 01  ........ .4.I.^.
0000be40: 73 01 88 01 9d 01 b2 01 c7 01 dc 01 f1 01 05 02  s...............
0000be50: 19 02 2d 02 40 02 53 02 65 02 77 02 88 02 98 02  ..-.@.S.e.w.....
0000be60: a8 02 b7 02 c5 02 d2 02 de 02 e9 02 f4 02 fd 02  ................
0000be70: 06 03 0f 03 18 03 21 03 2a 03 34 03 3e 03 49 03  ......!.*.4.>.I.
0000be80: 55 03 61 03 6e 03 7b 03 89 03 97 03 a5 03 b4 03  U.a.n.{.........
0000be90: c2 03 d2 03 e1 03 f0 03 ff 03 00 00 10 00 20 00  .............. .
0000bea0: 30 00 40 00 50 00 60 00 70 00 80 00 90 00 a0 00  0.@.P.`.p.......
0000beb0: b0 00 c0 00 d0 00 e0 00 f0 00 00 01 10 01 20 01  .............. .
0000bec0: 30 01 40 01 50 01 60 01 70 01 80 01 90 01 a0 01  0.@.P.`.p.......
0000bed0: b0 01 c0 01 d0 01 e0 01 f0 01 00 02 10 02 20 02  .............. .
0000bee0: 30 02 40 02 50 02 60 02 70 02 80 02 90 02 a0 02  0.@.P.`.p.......
0000bef0: b0 02 c0 02 d0 02 e0 02 f0 02 00 03 10 03 20 03  .............. .
0000bf00: 30 03 40 03 50 03 60 03 70 03 80 03 90 03 a0 03  0.@.P.`.p.......
0000bf10: b0 03 c0 03 d0 03 e0 03 f0 03 ff 03 00 00 40 00  ..............@.
0000bf20: 00 00 00 00 00 00 00 00 00 00 00 00 00 00 00 00  ................
0000bf30: 00 00 00 00 00 00 00 00 00 00 00 00 00 00 40 00  ..............@.
0000bf40: 00 00 00 00 00 00 00 00 00 00 00 00 00 00 00 00  ................
0000bf50: 00 00 00 00 00 00 00 00 00 00 00 00 00 00 40 00  ..............@.
0000bf60: 00 00 00 00 00 00 00 00 00 00 00 00 00 00 00 00  ................
0000bf70: 00 00 00 00 00 00 00 00 00 00 00 00 00 00 02 00  ................
0000bf80: 06 00 0c 00 1b 00 35 00 40 00 00 00 00 00 00 00  ......5.@.......
0000bf90: 00 00 00 00 00 00 00 00 00 00 00 00 00 00 05 00  ................
0000bfa0: 0c 00 28 00 31 00 40 00 00 00 00 00 00 00 00 00  ..(.1.@.........
0000bfb0: 00 00 00 00 00 00 00 00 00 00 00 00 00 00 40 00  ..............@.
0000bfc0: 00 00 00 00 00 00 00 00 00 00 00 00 00 00 00 00  ................
0000bfd0: 00 00 00 00 00 00 00 00 00 00 00 00 00 00 00 00  ................
0000bfe0: 08 00 c8 00 1f 00 00 00 01 00 00 00 00 00 00 00  ................
0000bff0: 60 00 bf 00 00 00 10 00 20 00 30 00 40 00 50 00  `....... .0.@.P.
0000c000: 60 00 70 00 80 00 90 00 a0 00 b0 00 c0 00 d0 00  `.p.............
0000c010: e0 00 f0 00 00 01 10 01 20 01 30 01 40 01 50 01  ........ .0.@.P.
0000c020: 60 01 70 01 80 01 90 01 a0 01 b0 01 c0 01 d0 01  `.p.............
0000c030: e0 01 f0 01 00 02 10 02 20 02 30 02 40 02 50 02  ........ .0.@.P.
0000c040: 60 02 70 02 80 02 90 02 a0 02 b0 02 c0 02 d0 02  `.p.............
0000c050: e0 02 f0 02 00 03 10 03 20 03 30 03 40 03 50 03  ........ .0.@.P.
0000c060: 60 03 70 03 80 03 90 03 a0 03 b0 03 c0 03 d0 03  `.p.............
0000c070: e0 03 f0 03 ff 03 00 00 10 00 20 00 30 00 40 00  .......... .0.@.
0000c080: 50 00 60 00 70 00 80 00 90 00 a0 00 b0 00 c0 00  P.`.p...........
0000c090: d0 00 e0 00 f0 00 00 01 10 01 20 01 30 01 40 01  .......... .0.@.
0000c0a0: 50 01 60 01 70 01 80 01 90 01 a0 01 b0 01 c0 01  P.`.p...........
0000c0b0: d0 01 e0 01 f0 01 00 02 10 02 20 02 30 02 40 02  .......... .0.@.
0000c0c0: 50 02 60 02 70 02 80 02 90 02 a0 02 b0 02 c0 02  P.`.p...........
0000c0d0: d0 02 e0 02 f0 02 00 03 10 03 20 03 30 03 40 03  .......... .0.@.
0000c0e0: 50 03 60 03 70 03 80 03 90 03 a0 03 b0 03 c0 03  P.`.p...........
0000c0f0: d0 03 e0 03 f0 03 ff 03 00 00 10 00 20 00 30 00  ............ .0.
0000c100: 40 00 50 00 60 00 70 00 80 00 90 00 a0 00 b0 00  @.P.`.p.........
0000c110: c0 00 d0 00 e0 00 f0 00 00 01 10 01 20 01 30 01  ............ .0.
0000c120: 40 01 50 01 60 01 70 01 80 01 90 01 a0 01 b0 01  @.P.`.p.........
0000c130: c0 01 d0 01 e0 01 f0 01 00 02 10 02 20 02 30 02  ............ .0.
0000c140: 40 02 50 02 60 02 70 02 80 02 90 02 a0 02 b0 02  @.P.`.p.........
0000c150: c0 02 d0 02 e0 02 f0 02 00 03 10 03 20 03 30 03  ............ .0.
0000c160: 40 03 50 03 60 03 70 03 80 03 90 03 a0 03 b0 03  @.P.`.p.........
0000c170: c0 03 d0 03 e0 03 f0 03 ff 03 00 00 32 00 60 00  ............2.`.
0000c180: 86 00 a4 00 bc 00 d0 00 e4 00 f6 00 08 01 19 01  ................
0000c190: 29 01 38 01 47 01 55 01 63 01 70 01 7c 01 88 01  ).8.G.U.c.p.|...
0000c1a0: 94 01 a0 01 ab 01 b6 01 c1 01 cc 01 d8 01 e3 01  ................
0000c1b0: ee 01 fa 01 06 02 12 02 1e 02 2b 02 38 02 45 02  ..........+.8.E.
0000c1c0: 52 02 60 02 6d 02 7b 02 89 02 97 02 a5 02 b4 02  R.`.m.{.........
0000c1d0: c2 02 d1 02 e0 02 ef 02 fd 02 0c 03 1b 03 2b 03  ..............+.
0000c1e0: 3a 03 49 03 58 03 67 03 76 03 86 03 95 03 a4 03  :.I.X.g.v.......
0000c1f0: b3 03 c3 03 d2 03 e1 03 f0 03 ff 03 00 00 11 00  ................
0000c200: 22 00 32 00 43 00 54 00 65 00 76 00 87 00 99 00  ".2.C.T.e.v.....
0000c210: ab 00 be 00 d0 00 e4 00 f7 00 0b 01 20 01 34 01  ............ .4.
0000c220: 49 01 5e 01 73 01 88 01 9d 01 b2 01 c7 01 dc 01  I.^.s...........
0000c230: f1 01 05 02 19 02 2d 02 40 02 53 02 65 02 77 02  ......-.@.S.e.w.
0000c240: 88 02 98 02 a8 02 b7 02 c5 02 d2 02 de 02 e9 02  ................
0000c250: f4 02 fd 02 06 03 0f 03 18 03 21 03 2a 03 34 03  ..........!.*.4.
0000c260: 3e 03 49 03 55 03 61 03 6e 03 7b 03 89 03 97 03  >.I.U.a.n.{.....
0000c270: a5 03 b4 03 c2 03 d2 03 e1 03 f0 03 ff 03 00 00  ................
0000c280: 10 00 20 00 30 00 40 00 50 00 60 00 70 00 80 00  .. .0.@.P.`.p...
0000c290: 90 00 a0 00 b0 00 c0 00 d0 00 e0 00 f0 00 00 01  ................
0000c2a0: 10 01 20 01 30 01 40 01 50 01 60 01 70 01 80 01  .. .0.@.P.`.p...
0000c2b0: 90 01 a0 01 b0 01 c0 01 d0 01 e0 01 f0 01 00 02  ................
0000c2c0: 10 02 20 02 30 02 40 02 50 02 60 02 70 02 80 02  .. .0.@.P.`.p...
0000c2d0: 90 02 a0 02 b0 02 c0 02 d0 02 e0 02 f0 02 00 03  ................
0000c2e0: 10 03 20 03 30 03 40 03 50 03 60 03 70 03 80 03  .. .0.@.P.`.p...
0000c2f0: 90 03 a0 03 b0 03 c0 03 d0 03 e0 03 f0 03 ff 03  ................
0000c300: 00 00 40 00 00 00 00 00 00 00 00 00 00 00 00 00  ..@.............
0000c310: 00 00 00 00 00 00 00 00 00 00 00 00 00 00 00 00  ................
0000c320: 00 00 40 00 00 00 00 00 00 00 00 00 00 00 00 00  ..@.............
0000c330: 00 00 00 00 00 00 00 00 00 00 00 00 00 00 00 00  ................
0000c340: 00 00 40 00 00 00 00 00 00 00 00 00 00 00 00 00  ..@.............
0000c350: 00 00 00 00 00 00 00 00 00 00 00 00 00 00 00 00  ................
0000c360: 00 00 02 00 06 00 0c 00 1b 00 35 00 40 00 00 00  ..........5.@...
0000c370: 00 00 00 00 00 00 00 00 00 00 00 00 00 00 00 00  ................
0000c380: 00 00 05 00 0c 00 28 00 31 00 40 00 00 00 00 00  ......(.1.@.....
0000c390: 00 00 00 00 00 00 00 00 00 00 00 00 00 00 00 00  ................
0000c3a0: 00 00 40 00 00 00 00 00 00 00 00 00 00 00 00 00  ..@.............
0000c3b0: 00 00 00 00 00 00 00 00 00 00 00 00 00 00 00 00  ................
0000c3c0: 00 00 00 00 08 00 c8 00 00 00 00 00 00 00 00 00  ................
0000c3d0: 00 00 00 00 00 00 00 00 00 00 10 00 20 00 30 00  ............ .0.
0000c3e0: 40 00 50 00 60 00 70 00 80 00 90 00 a0 00 b0 00  @.P.`.p.........
0000c3f0: c0 00 d0 00 e0 00 f0 00 00 01 10 01 20 01 30 01  ............ .0.
0000c400: 40 01 50 01 60 01 70 01 80 01 90 01 a0 01 b0 01  @.P.`.p.........
0000c410: c0 01 d0 01 e0 01 f0 01 00 02 10 02 20 02 30 02  ............ .0.
0000c420: 40 02 50 02 60 02 70 02 80 02 90 02 a0 02 b0 02  @.P.`.p.........
0000c430: c0 02 d0 02 e0 02 f0 02 00 03 10 03 20 03 30 03  ............ .0.
0000c440: 40 03 50 03 60 03 70 03 80 03 90 03 a0 03 b0 03  @.P.`.p.........
0000c450: c0 03 d0 03 e0 03 f0 03 ff 03 00 00 10 00 20 00  .............. .
0000c460: 30 00 40 00 50 00 60 00 70 00 80 00 90 00 a0 00  0.@.P.`.p.......
0000c470: b0 00 c0 00 d0 00 e0 00 f0 00 00 01 10 01 20 01  .............. .
0000c480: 30 01 40 01 50 01 60 01 70 01 80 01 90 01 a0 01  0.@.P.`.p.......
0000c490: b0 01 c0 01 d0 01 e0 01 f0 01 00 02 10 02 20 02  .............. .
0000c4a0: 30 02 40 02 50 02 60 02 70 02 80 02 90 02 a0 02  0.@.P.`.p.......
0000c4b0: b0 02 c0 02 d0 02 e0 02 f0 02 00 03 10 03 20 03  .............. .
0000c4c0: 30 03 40 03 50 03 60 03 70 03 80 03 90 03 a0 03  0.@.P.`.p.......
0000c4d0: b0 03 c0 03 d0 03 e0 03 f0 03 ff 03 00 00 10 00  ................
0000c4e0: 20 00 30 00 40 00 50 00 60 00 70 00 80 00 90 00   .0.@.P.`.p.....
0000c4f0: a0 00 b0 00 c0 00 d0 00 e0 00 f0 00 00 01 10 01  ................
0000c500: 20 01 30 01 40 01 50 01 60 01 70 01 80 01 90 01   .0.@.P.`.p.....
0000c510: a0 01 b0 01 c0 01 d0 01 e0 01 f0 01 00 02 10 02  ................
0000c520: 20 02 30 02 40 02 50 02 60 02 70 02 80 02 90 02   .0.@.P.`.p.....
0000c530: a0 02 b0 02 c0 02 d0 02 e0 02 f0 02 00 03 10 03  ................
0000c540: 20 03 30 03 40 03 50 03 60 03 70 03 80 03 90 03   .0.@.P.`.p.....
0000c550: a0 03 b0 03 c0 03 d0 03 e0 03 f0 03 ff 03 00 00  ................
0000c560: 10 00 20 00 30 00 40 00 50 00 60 00 70 00 80 00  .. .0.@.P.`.p...
0000c570: 90 00 a0 00 b0 00 c0 00 d0 00 e0 00 f0 00 00 01  ................
0000c580: 10 01 20 01 30 01 40 01 50 01 60 01 70 01 80 01  .. .0.@.P.`.p...
0000c590: 90 01 a0 01 b0 01 c0 01 d0 01 e0 01 f0 01 00 02  ................
0000c5a0: 10 02 20 02 30 02 40 02 50 02 60 02 70 02 80 02  .. .0.@.P.`.p...
0000c5b0: 90 02 a0 02 b0 02 c0 02 d0 02 e0 02 f0 02 00 03  ................
0000c5c0: 10 03 20 03 30 03 40 03 50 03 60 03 70 03 80 03  .. .0.@.P.`.p...
0000c5d0: 90 03 a0 03 b0 03 c0 03 d0 03 e0 03 f0 03 ff 03  ................
0000c5e0: 00 00 10 00 20 00 30 00 40 00 50 00 60 00 70 00  .... .0.@.P.`.p.
0000c5f0: 80 00 90 00 a0 00 b0 00 c0 00 d0 00 e0 00 f0 00  ................
0000c600: 00 01 10 01 20 01 30 01 40 01 50 01 60 01 70 01  .... .0.@.P.`.p.
0000c610: 80 01 90 01 a0 01 b0 01 c0 01 d0 01 e0 01 f0 01  ................
0000c620: 00 02 10 02 20 02 30 02 40 02 50 02 60 02 70 02  .... .0.@.P.`.p.
0000c630: 80 02 90 02 a0 02 b0 02 c0 02 d0 02 e0 02 f0 02  ................
0000c640: 00 03 10 03 20 03 30 03 40 03 50 03 60 03 70 03  .... .0.@.P.`.p.
0000c650: 80 03 90 03 a0 03 b0 03 c0 03 d0 03 e0 03 f0 03  ................
0000c660: ff 03 00 00 10 00 20 00 30 00 40 00 50 00 60 00  ...... .0.@.P.`.
0000c670: 70 00 80 00 90 00 a0 00 b0 00 c0 00 d0 00 e0 00  p...............
0000c680: f0 00 00 01 10 01 20 01 30 01 40 01 50 01 60 01  ...... .0.@.P.`.
0000c690: 70 01 80 01 90 01 a0 01 b0 01 c0 01 d0 01 e0 01  p...............
0000c6a0: f0 01 00 02 10 02 20 02 30 02 40 02 50 02 60 02  ...... .0.@.P.`.
0000c6b0: 70 02 80 02 90 02 a0 02 b0 02 c0 02 d0 02 e0 02  p...............
0000c6c0: f0 02 00 03 10 03 20 03 30 03 40 03 50 03 60 03  ...... .0.@.P.`.
0000c6d0: 70 03 80 03 90 03 a0 03 b0 03 c0 03 d0 03 e0 03  p...............
0000c6e0: f0 03 ff 03 00 00 40 00 00 00 00 00 00 00 00 00  ......@.........
0000c6f0: 00 00 00 00 00 00 00 00 00 00 00 00 00 00 00 00  ................
0000c700: 00 00 00 00 00 00 40 00 00 00 00 00 00 00 00 00  ......@.........
0000c710: 00 00 00 00 00 00 00 00 00 00 00 00 00 00 00 00  ................
0000c720: 00 00 00 00 00 00 40 00 00 00 00 00 00 00 00 00  ......@.........
0000c730: 00 00 00 00 00 00 00 00 00 00 00 00 00 00 00 00  ................
0000c740: 00 00 00 00 00 00 02 00 06 00 0c 00 1b 00 35 00  ..............5.
0000c750: 40 00 00 00 00 00 00 00 00 00 00 00 00 00 00 00  @...............
0000c760: 00 00 00 00 00 00 05 00 0c 00 28 00 31 00 40 00  ..........(.1.@.
0000c770: 00 00 00 00 00 00 00 00 00 00 00 00 00 00 00 00  ................
0000c780: 00 00 00 00 00 00 40 00 00 00 00 00 00 00 00 00  ......@.........
0000c790: 00 00 00 00 00 00 00 00 00 00 00 00 00 00 00 00  ................
0000c7a0: 00 00 00 00 00 00 00 00 01 00 00 00 0b 00 58 2b  ..............X+
0000c7b0: 01 00 01 00 04 00 01 00 03 00 03 00 01 00 18 00  ................
0000c7c0: 00 00 00 00 82 ff 82 ff 82 ff 82 ff 80 ff 7e ff  ..............~.
0000c7d0: 7c ff 7a ff 78 ff 76 ff 74 ff 72 ff 70 ff 6e ff  |.z.x.v.t.r.p.n.
0000c7e0: 6c ff 6a ff 68 ff 66 ff 64 ff 64 ff 62 ff 60 ff  l.j.h.f.d.d.b.`.
0000c7f0: 5e ff 5c ff 5c ff 5a ff 58 ff 58 ff 56 ff 54 ff  ^.\.\.Z.X.X.V.T.
0000c800: 54 ff 52 ff 52 ff 50 ff 50 ff 4e ff 4e ff 4c ff  T.R.R.P.P.N.N.L.
0000c810: 4c ff 4c ff 4a ff 4a ff 4a ff 4a ff 4a ff 4a ff  L.L.J.J.J.J.J.J.
0000c820: 4a ff 4a ff 4a ff 4a ff 4a ff 4a ff 4a ff 4c ff  J.J.J.J.J.J.J.L.
0000c830: 4c ff 4c ff 4e ff 4e ff 50 ff 50 ff 52 ff 54 ff  L.L.N.N.P.P.R.T.
0000c840: 56 ff 58 ff 58 ff 5a ff 5c ff 5e ff 60 ff 64 ff  V.X.X.Z.\.^.`.d.
0000c850: 66 ff 68 ff 6a ff 6c ff 70 ff 72 ff 74 ff 78 ff  f.h.j.l.p.r.t.x.
0000c860: 7a ff 7c ff 80 ff 82 ff 86 ff 88 ff 8c ff 8e ff  z.|.............
0000c870: 92 ff 96 ff 98 ff 9c ff 9e ff a2 ff a4 ff a8 ff  ................
0000c880: ac ff ae ff b2 ff b4 ff b8 ff ba ff be ff c0 ff  ................
0000c890: c4 ff c6 ff ca ff cc ff d0 ff d2 ff d6 ff d8 ff  ................
0000c8a0: da ff de ff e0 ff e2 ff e4 ff e6 ff e8 ff ea ff  ................
0000c8b0: ee ff f0 ff f0 ff f2 ff f4 ff f6 ff f8 ff fa ff  ................
0000c8c0: fc ff fe ff 00 00 04 00 06 00 08 00 0c 00 0e 00  ................
0000c8d0: 10 00 14 00 16 00 18 00 1c 00 1e 00 22 00 24 00  ............".$.
0000c8e0: 26 00 28 00 2c 00 2e 00 30 00 32 00 36 00 38 00  &.(.,...0.2.6.8.
0000c8f0: 3a 00 3c 00 3e 00 40 00 44 00 46 00 48 00 4a 00  :.<.>.@.D.F.H.J.
0000c900: 4c 00 4e 00 50 00 52 00 54 00 56 00 58 00 58 00  L.N.P.R.T.V.X.X.
0000c910: 5a 00 5c 00 5e 00 60 00 62 00 64 00 64 00 66 00  Z.\.^.`.b.d.d.f.
0000c920: 68 00 68 00 6a 00 6c 00 6c 00 6e 00 70 00 70 00  h.h.j.l.l.n.p.p.
0000c930: 72 00 72 00 74 00 74 00 76 00 76 00 78 00 78 00  r.r.t.t.v.v.x.x.
0000c940: 7a 00 7a 00 7c 00 7c 00 7c 00 7c 00 7e 00 7e 00  z.z.|.|.|.|.~.~.
0000c950: 7e 00 7e 00 80 00 80 00 80 00 80 00 80 00 80 00  ~.~.............
0000c960: 80 00 82 00 82 00 82 00 82 00 82 00 82 00 82 00  ................
0000c970: 80 00 80 00 80 00 80 00 80 00 80 00 80 00 80 00  ................
0000c980: 7e 00 7e 00 7e 00 7e 00 7e 00 7c 00 7c 00 7c 00  ~.~.~.~.~.|.|.|.
0000c990: 7c 00 7a 00 7a 00 7a 00 7a 00 78 00 78 00 78 00  |.z.z.z.z.x.x.x.
0000c9a0: 76 00 76 00 76 00 74 00 74 00 74 00 72 00 72 00  v.v.v.t.t.t.r.r.
0000c9b0: 70 00 70 00 70 00 6e 00 6e 00 6e 00 6c 00 6c 00  p.p.p.n.n.n.l.l.
0000c9c0: 6a 00 6a 00 54 ff 54 ff 54 ff 54 ff 54 ff 54 ff  j.j.T.T.T.T.T.T.
0000c9d0: 54 ff 54 ff 54 ff 52 ff 52 ff 52 ff 50 ff 50 ff  T.T.T.R.R.R.P.P.
0000c9e0: 50 ff 4e ff 4e ff 4e ff 4c ff 4c ff 4c ff 4a ff  P.N.N.N.L.L.L.J.
0000c9f0: 4a ff 4a ff 4a ff 48 ff 48 ff 48 ff 48 ff 48 ff  J.J.J.H.H.H.H.H.
0000ca00: 46 ff 46 ff 46 ff 46 ff 46 ff 46 ff 46 ff 46 ff  F.F.F.F.F.F.F.F.
0000ca10: 46 ff 46 ff 46 ff 46 ff 48 ff 48 ff 48 ff 48 ff  F.F.F.F.H.H.H.H.
0000ca20: 4a ff 4a ff 4a ff 4c ff 4c ff 4e ff 4e ff 50 ff  J.J.J.L.L.N.N.P.
0000ca30: 50 ff 52 ff 52 ff 54 ff 56 ff 58 ff 5a ff 5a ff  P.R.R.T.V.X.Z.Z.
0000ca40: 5c ff 5e ff 60 ff 64 ff 66 ff 68 ff 6a ff 6c ff  \.^.`.d.f.h.j.l.
0000ca50: 6e ff 72 ff 74 ff 76 ff 7a ff 7c ff 80 ff 82 ff  n.r.t.v.z.|.....
0000ca60: 86 ff 88 ff 8a ff 8e ff 92 ff 94 ff 98 ff 9a ff  ................
0000ca70: 9e ff a0 ff a4 ff a6 ff aa ff ac ff b0 ff b4 ff  ................
0000ca80: b6 ff ba ff bc ff c0 ff c2 ff c6 ff c8 ff cc ff  ................
0000ca90: ce ff d0 ff d4 ff d6 ff d8 ff dc ff de ff e0 ff  ................
0000caa0: e2 ff e4 ff e8 ff ea ff ec ff ee ff ee ff f0 ff  ................
0000cab0: f2 ff f4 ff f6 ff f8 ff f8 ff fa ff fc ff fe ff  ................
0000cac0: 00 00 02 00 02 00 06 00 08 00 0a 00 0c 00 0e 00  ................
0000cad0: 10 00 14 00 16 00 18 00 1a 00 1e 00 20 00 24 00  ............ .$.
0000cae0: 26 00 28 00 2c 00 2e 00 30 00 32 00 36 00 38 00  &.(.,...0.2.6.8.
0000caf0: 3a 00 3c 00 40 00 42 00 44 00 46 00 48 00 4a 00  :.<.@.B.D.F.H.J.
0000cb00: 4c 00 4e 00 50 00 52 00 54 00 54 00 56 00 58 00  L.N.P.R.T.T.V.X.
0000cb10: 5a 00 5c 00 5c 00 5e 00 60 00 60 00 62 00 64 00  Z.\.\.^.`.`.b.d.
0000cb20: 64 00 66 00 66 00 68 00 6a 00 6a 00 6c 00 6c 00  d.f.f.h.j.j.l.l.
0000cb30: 6c 00 6e 00 6e 00 70 00 70 00 70 00 72 00 72 00  l.n.n.p.p.p.r.r.
0000cb40: 72 00 74 00 74 00 74 00 74 00 76 00 76 00 76 00  r.t.t.t.t.v.v.v.
0000cb50: 76 00 76 00 78 00 78 00 78 00 78 00 78 00 78 00  v.v.x.x.x.x.x.x.
0000cb60: 78 00 78 00 78 00 78 00 78 00 78 00 78 00 78 00  x.x.x.x.x.x.x.x.
0000cb70: 78 00 78 00 78 00 78 00 78 00 78 00 78 00 78 00  x.x.x.x.x.x.x.x.
0000cb80: 78 00 76 00 76 00 76 00 76 00 76 00 76 00 76 00  x.v.v.v.v.v.v.v.
0000cb90: 74 00 74 00 74 00 74 00 74 00 74 00 72 00 72 00  t.t.t.t.t.t.r.r.
0000cba0: 72 00 72 00 72 00 70 00 70 00 70 00 70 00 6e 00  r.r.r.p.p.p.p.n.
0000cbb0: 6e 00 6e 00 6e 00 6c 00 6c 00 6c 00 6c 00 6a 00  n.n.n.l.l.l.l.j.
0000cbc0: 6a 00 6a 00 02 00 3a 00 74 00 80 00 88 00 c6 00  j.j...:.t.......
0000cbd0: fe 00 ff 00 00 00 00 00 00 00 00 00 00 00 00 00  ................
0000cbe0: 00 00 00 00 06 00 3c 00 74 00 80 00 92 00 fc 00  ......<.t.......
0000cbf0: ff 00 00 00 00 00 00 00 00 00 00 00 00 00 00 00  ................
0000cc00: 00 00 00 00 03 00 06 00 01 00 03 00 02 00 01 00  ................
0000cc10: 18 00 00 00 01 00 37 ff 37 ff 37 ff 37 ff 37 ff  ......7.7.7.7.7.
0000cc20: 37 ff 37 ff 36 ff 36 ff 36 ff 36 ff 36 ff 36 ff  7.7.6.6.6.6.6.6.
0000cc30: 35 ff 35 ff 35 ff 35 ff 35 ff 34 ff 34 ff 34 ff  5.5.5.5.5.4.4.4.
0000cc40: 34 ff 33 ff 33 ff 33 ff 33 ff 32 ff 32 ff 32 ff  4.3.3.3.3.2.2.2.
0000cc50: 31 ff 31 ff 30 ff 30 ff 30 ff 2f ff 2f ff 2e ff  1.1.0.0.0././...
0000cc60: 2e ff 2d ff 2c ff 2c ff 2b ff 2b ff 2a ff 2a ff  ..-.,.,.+.+.*.*.
0000cc70: 29 ff 29 ff 28 ff 28 ff 27 ff 27 ff 27 ff 27 ff  ).).(.(.'.'.'.'.
0000cc80: 26 ff 26 ff 26 ff 26 ff 27 ff 27 ff 27 ff 28 ff  &.&.&.&.'.'.'.(.
0000cc90: 28 ff 29 ff 2a ff 2b ff 2c ff 2d ff 2f ff 30 ff  (.).*.+.,.-./.0.
0000cca0: 32 ff 34 ff 36 ff 38 ff 3b ff 3d ff 40 ff 43 ff  2.4.6.8.;.=.@.C.
0000ccb0: 46 ff 4a ff 4d ff 51 ff 54 ff 58 ff 5c ff 60 ff  F.J.M.Q.T.X.\.`.
0000ccc0: 64 ff 68 ff 6c ff 71 ff 75 ff 79 ff 7e ff 82 ff  d.h.l.q.u.y.~...
0000ccd0: 87 ff 8b ff 90 ff 94 ff 99 ff 9d ff a2 ff a6 ff  ................
0000cce0: ab ff af ff b4 ff b8 ff bc ff c0 ff c4 ff c8 ff  ................
0000ccf0: cc ff d0 ff d3 ff d7 ff da ff de ff e1 ff e4 ff  ................
0000cd00: e7 ff ea ff ed ff ef ff f2 ff f4 ff f6 ff f9 ff  ................
0000cd10: fb ff fd ff fe ff 00 00 02 00 03 00 04 00 06 00  ................
0000cd20: 07 00 08 00 09 00 0a 00 0b 00 0c 00 0d 00 0e 00  ................
0000cd30: 0f 00 10 00 11 00 12 00 13 00 14 00 15 00 17 00  ................
0000cd40: 18 00 1a 00 1b 00 1d 00 1f 00 21 00 23 00 25 00  ..........!.#.%.
0000cd50: 27 00 2a 00 2d 00 2f 00 32 00 36 00 39 00 3c 00  '.*.-./.2.6.9.<.
0000cd60: 40 00 44 00 48 00 4c 00 50 00 55 00 59 00 5e 00  @.D.H.L.P.U.Y.^.
0000cd70: 63 00 68 00 6c 00 71 00 76 00 7a 00 7f 00 83 00  c.h.l.q.v.z.....
0000cd80: 88 00 8c 00 90 00 94 00 97 00 9b 00 9e 00 a1 00  ................
0000cd90: a4 00 a6 00 a9 00 ab 00 ad 00 af 00 b1 00 b2 00  ................
0000cda0: b4 00 b5 00 b6 00 b7 00 b8 00 b9 00 b9 00 ba 00  ................
0000cdb0: ba 00 ba 00 bb 00 bb 00 bb 00 bb 00 ba 00 ba 00  ................
0000cdc0: ba 00 ba 00 b9 00 b9 00 b8 00 b8 00 b7 00 b6 00  ................
0000cdd0: b6 00 b5 00 b4 00 b4 00 b3 00 b2 00 b2 00 b1 00  ................
0000cde0: b0 00 b0 00 af 00 af 00 ae 00 ad 00 ad 00 ac 00  ................
0000cdf0: ac 00 ab 00 ab 00 aa 00 aa 00 a9 00 a9 00 a8 00  ................
0000ce00: a8 00 a8 00 a7 00 a7 00 a6 00 a6 00 a5 00 a5 00  ................
0000ce10: a5 00 a4 00 a4 00 5e ff 5d ff 5e ff 5e ff 5f ff  ......^.].^.^._.
0000ce20: 5f ff 60 ff 60 ff 61 ff 61 ff 61 ff 62 ff 62 ff  _.`.`.a.a.a.b.b.
0000ce30: 62 ff 62 ff 62 ff 63 ff 63 ff 63 ff 63 ff 62 ff  b.b.b.c.c.c.c.b.
0000ce40: 62 ff 62 ff 62 ff 61 ff 61 ff 60 ff 60 ff 5f ff  b.b.b.a.a.`.`._.
0000ce50: 5e ff 5d ff 5c ff 5b ff 5a ff 58 ff 57 ff 56 ff  ^.].\.[.Z.X.W.V.
0000ce60: 54 ff 52 ff 51 ff 4f ff 4d ff 4b ff 4a ff 48 ff  T.R.Q.O.M.K.J.H.
0000ce70: 46 ff 44 ff 42 ff 40 ff 3f ff 3d ff 3b ff 3a ff  F.D.B.@.?.=.;.:.
0000ce80: 38 ff 37 ff 36 ff 34 ff 33 ff 32 ff 31 ff 31 ff  8.7.6.4.3.2.1.1.
0000ce90: 30 ff 2f ff 2f ff 2f ff 2f ff 2f ff 30 ff 30 ff  0./././././.0.0.
0000cea0: 31 ff 32 ff 34 ff 35 ff 37 ff 39 ff 3b ff 3e ff  1.2.4.5.7.9.;.>.
0000ceb0: 41 ff 44 ff 47 ff 4b ff 4f ff 54 ff 59 ff 5e ff  A.D.G.K.O.T.Y.^.
0000cec0: 63 ff 69 ff 6f ff 75 ff 7c ff 82 ff 89 ff 90 ff  c.i.o.u.|.......
0000ced0: 97 ff 9e ff a4 ff ab ff b2 ff b8 ff be ff c4 ff  ................
0000cee0: ca ff cf ff d4 ff d8 ff dc ff e0 ff e3 ff e6 ff  ................
0000cef0: e8 ff ea ff ec ff ee ff ef ff f1 ff f2 ff f3 ff  ................
0000cf00: f4 ff f5 ff f6 ff f8 ff f9 ff fa ff fb ff fc ff  ................
0000cf10: fd ff fe ff ff ff 00 00 01 00 02 00 02 00 03 00  ................
0000cf20: 04 00 05 00 05 00 06 00 08 00 09 00 0a 00 0c 00  ................
0000cf30: 0e 00 10 00 12 00 15 00 18 00 1b 00 1f 00 22 00  ..............".
0000cf40: 26 00 2a 00 2e 00 32 00 36 00 3a 00 3f 00 43 00  &.*...2.6.:.?.C.
0000cf50: 47 00 4c 00 50 00 55 00 59 00 5d 00 61 00 66 00  G.L.P.U.Y.].a.f.
0000cf60: 6a 00 6e 00 72 00 76 00 7a 00 7d 00 81 00 85 00  j.n.r.v.z.}.....
0000cf70: 88 00 8c 00 8f 00 92 00 96 00 99 00 9c 00 9e 00  ................
0000cf80: a1 00 a4 00 a6 00 a8 00 ab 00 ad 00 af 00 b0 00  ................
0000cf90: b2 00 b4 00 b5 00 b6 00 b8 00 b9 00 ba 00 bb 00  ................
0000cfa0: bb 00 bc 00 bd 00 bd 00 bd 00 be 00 be 00 be 00  ................
0000cfb0: be 00 be 00 bd 00 bd 00 bd 00 bc 00 bc 00 bb 00  ................
0000cfc0: ba 00 ba 00 b9 00 b8 00 b7 00 b6 00 b5 00 b3 00  ................
0000cfd0: b2 00 b1 00 af 00 ae 00 ad 00 ab 00 a9 00 a8 00  ................
0000cfe0: a6 00 a4 00 a2 00 a1 00 9f 00 9d 00 9b 00 99 00  ................
0000cff0: 97 00 95 00 92 00 90 00 8e 00 8c 00 8a 00 88 00  ................
0000d000: 85 00 83 00 81 00 7e 00 7c 00 7a 00 77 00 75 00  ......~.|.z.w.u.
0000d010: 73 00 70 00 6d 00 02 00 24 00 48 00 6c 00 80 00  s.p.m...$.H.l...
0000d020: 92 00 a6 00 b8 00 e4 00 ff 00 00 00 00 00 00 00  ................
0000d030: 00 00 00 00 00 00 00 00 20 00 54 00 68 00 76 00  ........ .T.h.v.
0000d040: 80 00 8e 00 9e 00 b6 00 ff 00 00 00 00 00 00 00  ................
0000d050: 00 00 00 00 00 00 03 00 06 00 01 00 03 00 02 00  ................
0000d060: 01 00 18 00 00 00 01 00 54 ff 54 ff 54 ff 54 ff  ........T.T.T.T.
0000d070: 53 ff 52 ff 51 ff 50 ff 50 ff 4f ff 4e ff 4d ff  S.R.Q.P.P.O.N.M.
0000d080: 4d ff 4c ff 4b ff 4a ff 4a ff 49 ff 48 ff 48 ff  M.L.K.J.J.I.H.H.
0000d090: 47 ff 47 ff 46 ff 45 ff 45 ff 44 ff 44 ff 43 ff  G.G.F.E.E.D.D.C.
0000d0a0: 43 ff 43 ff 42 ff 42 ff 42 ff 41 ff 41 ff 41 ff  C.C.B.B.B.A.A.A.
0000d0b0: 41 ff 40 ff 40 ff 40 ff 40 ff 40 ff 40 ff 40 ff  A.@.@.@.@.@.@.@.
0000d0c0: 41 ff 41 ff 41 ff 41 ff 42 ff 42 ff 43 ff 43 ff  A.A.A.A.B.B.C.C.
0000d0d0: 44 ff 45 ff 46 ff 47 ff 48 ff 49 ff 4a ff 4b ff  D.E.F.G.H.I.J.K.
0000d0e0: 4c ff 4e ff 4f ff 51 ff 53 ff 55 ff 56 ff 59 ff  L.N.O.Q.S.U.V.Y.
0000d0f0: 5b ff 5d ff 5f ff 62 ff 64 ff 67 ff 6a ff 6d ff  [.]._.b.d.g.j.m.
0000d100: 70 ff 74 ff 77 ff 7a ff 7e ff 82 ff 86 ff 89 ff  p.t.w.z.~.......
0000d110: 8d ff 91 ff 95 ff 99 ff 9e ff a2 ff a6 ff aa ff  ................
0000d120: ae ff b2 ff b6 ff ba ff be ff c2 ff c6 ff c9 ff  ................
0000d130: cd ff d0 ff d4 ff d7 ff da ff dd ff e0 ff e3 ff  ................
0000d140: e5 ff e8 ff ea ff ec ff ee ff f0 ff f1 ff f3 ff  ................
0000d150: f4 ff f6 ff f7 ff f8 ff f9 ff fa ff fb ff fc ff  ................
0000d160: fd ff fe ff ff ff ff ff 00 00 01 00 01 00 02 00  ................
0000d170: 03 00 04 00 04 00 05 00 06 00 07 00 09 00 0a 00  ................
0000d180: 0c 00 0e 00 10 00 12 00 14 00 17 00 1a 00 1d 00  ................
0000d190: 21 00 25 00 29 00 2e 00 33 00 38 00 3e 00 44 00  !.%.)...3.8.>.D.
0000d1a0: 4a 00 50 00 56 00 5c 00 63 00 69 00 6f 00 75 00  J.P.V.\.c.i.o.u.
0000d1b0: 7c 00 82 00 87 00 8d 00 92 00 97 00 9c 00 a1 00  |...............
0000d1c0: a5 00 a9 00 ad 00 b0 00 b3 00 b6 00 b9 00 bc 00  ................
0000d1d0: be 00 c0 00 c2 00 c4 00 c5 00 c6 00 c8 00 c8 00  ................
0000d1e0: c9 00 ca 00 ca 00 ca 00 ca 00 ca 00 ca 00 ca 00  ................
0000d1f0: c9 00 c9 00 c8 00 c7 00 c6 00 c5 00 c4 00 c3 00  ................
0000d200: c1 00 c0 00 be 00 bd 00 bb 00 ba 00 b8 00 b6 00  ................
0000d210: b4 00 b2 00 b1 00 af 00 ad 00 ab 00 a9 00 a7 00  ................
0000d220: a5 00 a3 00 a1 00 9f 00 9d 00 9c 00 9a 00 98 00  ................
0000d230: 96 00 94 00 92 00 91 00 8f 00 8d 00 8b 00 89 00  ................
0000d240: 88 00 86 00 84 00 82 00 81 00 7f 00 7d 00 7c 00  ............}.|.
0000d250: 7a 00 78 00 76 00 75 00 73 00 71 00 70 00 6e 00  z.x.v.u.s.q.p.n.
0000d260: 6c 00 6a 00 69 00 66 00 60 ff 60 ff 60 ff 60 ff  l.j.i.f.`.`.`.`.
0000d270: 60 ff 61 ff 61 ff 61 ff 61 ff 61 ff 61 ff 61 ff  `.a.a.a.a.a.a.a.
0000d280: 61 ff 61 ff 60 ff 60 ff 60 ff 60 ff 60 ff 60 ff  a.a.`.`.`.`.`.`.
0000d290: 60 ff 60 ff 5f ff 5f ff 5f ff 5f ff 5e ff 5e ff  `.`._._._._.^.^.
0000d2a0: 5e ff 5d ff 5d ff 5c ff 5c ff 5b ff 5b ff 5a ff  ^.].].\.\.[.[.Z.
0000d2b0: 5a ff 59 ff 58 ff 58 ff 57 ff 56 ff 55 ff 54 ff  Z.Y.X.X.W.V.U.T.
0000d2c0: 53 ff 53 ff 52 ff 51 ff 50 ff 4f ff 4e ff 4e ff  S.S.R.Q.P.O.N.N.
0000d2d0: 4d ff 4c ff 4b ff 4b ff 4a ff 4a ff 49 ff 49 ff  M.L.K.K.J.J.I.I.
0000d2e0: 49 ff 48 ff 48 ff 48 ff 48 ff 48 ff 49 ff 49 ff  I.H.H.H.H.H.I.I.
0000d2f0: 4a ff 4a ff 4b ff 4c ff 4d ff 4e ff 50 ff 51 ff  J.J.K.L.M.N.P.Q.
0000d300: 53 ff 55 ff 57 ff 59 ff 5c ff 5f ff 61 ff 64 ff  S.U.W.Y.\._.a.d.
0000d310: 68 ff 6b ff 6f ff 73 ff 77 ff 7c ff 80 ff 85 ff  h.k.o.s.w.|.....
0000d320: 8a ff 90 ff 95 ff 9b ff a1 ff a6 ff ac ff b2 ff  ................
0000d330: b8 ff bd ff c3 ff c8 ff cd ff d3 ff d7 ff dc ff  ................
0000d340: e0 ff e4 ff e8 ff eb ff ee ff f0 ff f3 ff f5 ff  ................
0000d350: f7 ff f9 ff fb ff fc ff fd ff fe ff ff ff 00 00  ................
0000d360: 01 00 02 00 03 00 03 00 04 00 05 00 05 00 06 00  ................
0000d370: 07 00 07 00 08 00 09 00 0a 00 0b 00 0c 00 0d 00  ................
0000d380: 0e 00 10 00 11 00 13 00 14 00 16 00 18 00 1a 00  ................
0000d390: 1c 00 1f 00 21 00 24 00 26 00 29 00 2c 00 2f 00  ....!.$.&.).,./.
0000d3a0: 32 00 35 00 37 00 3a 00 3d 00 40 00 43 00 46 00  2.5.7.:.=.@.C.F.
0000d3b0: 49 00 4c 00 4f 00 51 00 54 00 56 00 59 00 5b 00  I.L.O.Q.T.V.Y.[.
0000d3c0: 5d 00 5f 00 61 00 63 00 65 00 66 00 68 00 69 00  ]._.a.c.e.f.h.i.
0000d3d0: 6b 00 6c 00 6d 00 6f 00 70 00 71 00 72 00 72 00  k.l.m.o.p.q.r.r.
0000d3e0: 73 00 74 00 75 00 75 00 76 00 76 00 76 00 77 00  s.t.u.u.v.v.v.w.
0000d3f0: 77 00 77 00 77 00 77 00 77 00 77 00 77 00 77 00  w.w.w.w.w.w.w.w.
0000d400: 77 00 77 00 76 00 76 00 75 00 75 00 75 00 74 00  w.w.v.v.u.u.u.t.
0000d410: 74 00 73 00 72 00 72 00 71 00 70 00 70 00 6f 00  t.s.r.r.q.p.p.o.
0000d420: 6e 00 6d 00 6d 00 6c 00 6b 00 6a 00 69 00 68 00  n.m.m.l.k.j.i.h.
0000d430: 67 00 66 00 65 00 64 00 63 00 62 00 61 00 60 00  g.f.e.d.c.b.a.`.
0000d440: 5f 00 5e 00 5d 00 5b 00 5a 00 59 00 58 00 57 00  _.^.].[.Z.Y.X.W.
0000d450: 56 00 54 00 53 00 52 00 51 00 50 00 4e 00 4d 00  V.T.S.R.Q.P.N.M.
0000d460: 4c 00 4b 00 4a 00 48 00 02 00 26 00 4c 00 6a 00  L.K.J.H...&.L.j.
0000d470: 80 00 96 00 a8 00 dc 00 ff 00 00 00 00 00 00 00  ................
0000d480: 00 00 00 00 00 00 00 00 00 00 26 00 5a 00 6c 00  ..........&.Z.l.
0000d490: 80 00 92 00 a8 00 d8 00 ff 00 00 00 00 00 00 00  ................
0000d4a0: 00 00 00 00 00 00 00 00 03 00 06 00 01 00 03 00  ................
0000d4b0: 02 00 01 00 18 00 00 00 01 00 94 ff 92 ff 8f ff  ................
0000d4c0: 8d ff 8b ff 88 ff 86 ff 84 ff 81 ff 7f ff 7c ff  ..............|.
0000d4d0: 7a ff 78 ff 76 ff 73 ff 71 ff 6f ff 6d ff 6b ff  z.x.v.s.q.o.m.k.
0000d4e0: 69 ff 67 ff 65 ff 63 ff 61 ff 5f ff 5d ff 5b ff  i.g.e.c.a._.].[.
0000d4f0: 59 ff 57 ff 56 ff 54 ff 53 ff 51 ff 50 ff 4e ff  Y.W.V.T.S.Q.P.N.
0000d500: 4d ff 4c ff 4a ff 49 ff 48 ff 47 ff 46 ff 45 ff  M.L.J.I.H.G.F.E.
0000d510: 45 ff 44 ff 43 ff 43 ff 42 ff 42 ff 41 ff 41 ff  E.D.C.C.B.B.A.A.
0000d520: 41 ff 41 ff 41 ff 41 ff 41 ff 42 ff 42 ff 43 ff  A.A.A.A.A.B.B.C.
0000d530: 43 ff 44 ff 45 ff 46 ff 47 ff 48 ff 49 ff 4b ff  C.D.E.F.G.H.I.K.
0000d540: 4c ff 4e ff 50 ff 52 ff 54 ff 56 ff 58 ff 5b ff  L.N.P.R.T.V.X.[.
0000d550: 5d ff 60 ff 63 ff 65 ff 69 ff 6c ff 6f ff 73 ff  ].`.c.e.i.l.o.s.
0000d560: 76 ff 7a ff 7e ff 82 ff 86 ff 8a ff 8e ff 93 ff  v.z.~...........
0000d570: 97 ff 9b ff a0 ff a4 ff a8 ff ad ff b1 ff b5 ff  ................
0000d580: ba ff be ff c2 ff c6 ff ca ff ce ff d2 ff d5 ff  ................
0000d590: d9 ff dc ff e0 ff e3 ff e5 ff e8 ff ea ff ed ff  ................
0000d5a0: ef ff f1 ff f3 ff f4 ff f6 ff f7 ff f8 ff fa ff  ................
0000d5b0: fb ff fc ff fd ff fe ff ff ff 00 00 01 00 02 00  ................
0000d5c0: 03 00 04 00 06 00 07 00 08 00 0a 00 0b 00 0d 00  ................
0000d5d0: 0f 00 11 00 13 00 16 00 18 00 1b 00 1e 00 20 00  .............. .
0000d5e0: 24 00 27 00 2a 00 2d 00 31 00 34 00 38 00 3c 00  $.'.*.-.1.4.8.<.
0000d5f0: 3f 00 43 00 47 00 4b 00 4f 00 52 00 56 00 5a 00  ?.C.G.K.O.R.V.Z.
0000d600: 5d 00 61 00 65 00 68 00 6b 00 6f 00 72 00 75 00  ].a.e.h.k.o.r.u.
0000d610: 78 00 7b 00 7d 00 80 00 82 00 84 00 86 00 88 00  x.{.}...........
0000d620: 8a 00 8b 00 8d 00 8e 00 8f 00 90 00 91 00 92 00  ................
0000d630: 92 00 93 00 94 00 94 00 94 00 94 00 94 00 94 00  ................
0000d640: 94 00 94 00 94 00 94 00 94 00 93 00 93 00 93 00  ................
0000d650: 92 00 92 00 91 00 91 00 90 00 90 00 8f 00 8f 00  ................
0000d660: 8e 00 8e 00 8d 00 8d 00 8c 00 8c 00 8c 00 8b 00  ................
0000d670: 8b 00 8b 00 8a 00 8a 00 8a 00 89 00 89 00 89 00  ................
0000d680: 89 00 89 00 89 00 88 00 88 00 88 00 88 00 88 00  ................
0000d690: 88 00 88 00 88 00 88 00 88 00 88 00 88 00 88 00  ................
0000d6a0: 88 00 88 00 88 00 88 00 88 00 88 00 88 00 88 00  ................
0000d6b0: 88 00 88 00 88 00 88 00 88 00 90 ff 8e ff 8b ff  ................
0000d6c0: 89 ff 86 ff 84 ff 82 ff 7f ff 7d ff 7a ff 78 ff  ..........}.z.x.
0000d6d0: 76 ff 73 ff 71 ff 6f ff 6c ff 6a ff 68 ff 66 ff  v.s.q.o.l.j.h.f.
0000d6e0: 64 ff 62 ff 60 ff 5e ff 5c ff 5a ff 58 ff 56 ff  d.b.`.^.\.Z.X.V.
0000d6f0: 54 ff 53 ff 51 ff 4f ff 4e ff 4c ff 4b ff 49 ff  T.S.Q.O.N.L.K.I.
0000d700: 48 ff 47 ff 46 ff 45 ff 44 ff 43 ff 42 ff 41 ff  H.G.F.E.D.C.B.A.
0000d710: 40 ff 40 ff 3f ff 3f ff 3e ff 3e ff 3e ff 3e ff  @.@.?.?.>.>.>.>.
0000d720: 3e ff 3e ff 3e ff 3f ff 3f ff 40 ff 40 ff 41 ff  >.>.>.?.?.@.@.A.
0000d730: 42 ff 43 ff 44 ff 45 ff 46 ff 48 ff 4a ff 4b ff  B.C.D.E.F.H.J.K.
0000d740: 4d ff 4f ff 51 ff 53 ff 56 ff 58 ff 5b ff 5e ff  M.O.Q.S.V.X.[.^.
0000d750: 61 ff 64 ff 67 ff 6a ff 6e ff 71 ff 75 ff 79 ff  a.d.g.j.n.q.u.y.
0000d760: 7d ff 81 ff 85 ff 89 ff 8d ff 91 ff 95 ff 9a ff  }...............
0000d770: 9e ff a2 ff a6 ff ab ff af ff b3 ff b7 ff bb ff  ................
0000d780: bf ff c3 ff c7 ff cb ff cf ff d3 ff d6 ff da ff  ................
0000d790: dd ff e0 ff e3 ff e6 ff e9 ff eb ff ee ff f0 ff  ................
0000d7a0: f2 ff f4 ff f6 ff f7 ff f8 ff fa ff fb ff fc ff  ................
0000d7b0: fd ff fd ff fe ff ff ff ff ff 00 00 01 00 01 00  ................
0000d7c0: 02 00 02 00 03 00 04 00 05 00 06 00 07 00 09 00  ................
0000d7d0: 0a 00 0c 00 0e 00 10 00 13 00 16 00 19 00 1c 00  ................
0000d7e0: 1f 00 23 00 26 00 2a 00 2e 00 32 00 36 00 3a 00  ..#.&.*...2.6.:.
0000d7f0: 3e 00 42 00 46 00 4b 00 4f 00 53 00 57 00 5b 00  >.B.F.K.O.S.W.[.
0000d800: 5f 00 63 00 66 00 6a 00 6d 00 71 00 74 00 77 00  _.c.f.j.m.q.t.w.
0000d810: 7a 00 7c 00 7e 00 81 00 83 00 84 00 86 00 87 00  z.|.~...........
0000d820: 88 00 89 00 8a 00 8b 00 8b 00 8c 00 8c 00 8c 00  ................
0000d830: 8c 00 8c 00 8c 00 8b 00 8b 00 8a 00 8a 00 89 00  ................
0000d840: 88 00 87 00 86 00 85 00 84 00 83 00 82 00 81 00  ................
0000d850: 7f 00 7e 00 7d 00 7b 00 7a 00 79 00 77 00 76 00  ..~.}.{.z.y.w.v.
0000d860: 75 00 74 00 72 00 71 00 70 00 6f 00 6e 00 6d 00  u.t.r.q.p.o.n.m.
0000d870: 6c 00 6b 00 6a 00 69 00 68 00 67 00 66 00 66 00  l.k.j.i.h.g.f.f.
0000d880: 65 00 64 00 63 00 63 00 62 00 61 00 61 00 60 00  e.d.c.c.b.a.a.`.
0000d890: 60 00 5f 00 5f 00 5e 00 5e 00 5d 00 5d 00 5c 00  `._._.^.^.].].\.
0000d8a0: 5c 00 5b 00 5b 00 5b 00 5a 00 5a 00 59 00 59 00  \.[.[.[.Z.Z.Y.Y.
0000d8b0: 59 00 58 00 58 00 58 00 58 00 00 00 50 00 70 00  Y.X.X.X.X...P.p.
0000d8c0: 80 00 8c 00 ae 00 d4 00 fc 00 ff 00 00 00 00 00  ................
0000d8d0: 00 00 00 00 00 00 00 00 00 00 00 00 4a 00 72 00  ............J.r.
0000d8e0: 80 00 8c 00 aa 00 d6 00 fc 00 ff 00 00 00 00 00  ................
0000d8f0: 00 00 00 00 00 00 00 00 00 00 03 00 06 00 01 00  ................
0000d900: 03 00 02 00 01 00 18 00 00 00 01 00 7f ff 7c ff  ..............|.
0000d910: 7a ff 77 ff 74 ff 72 ff 6f ff 6d ff 6a ff 68 ff  z.w.t.r.o.m.j.h.
0000d920: 65 ff 63 ff 60 ff 5e ff 5b ff 59 ff 57 ff 54 ff  e.c.`.^.[.Y.W.T.
0000d930: 52 ff 50 ff 4e ff 4c ff 4a ff 48 ff 46 ff 44 ff  R.P.N.L.J.H.F.D.
0000d940: 42 ff 40 ff 3f ff 3d ff 3b ff 3a ff 38 ff 37 ff  B.@.?.=.;.:.8.7.
0000d950: 36 ff 34 ff 33 ff 32 ff 31 ff 30 ff 2f ff 2f ff  6.4.3.2.1.0././.
0000d960: 2e ff 2d ff 2d ff 2c ff 2c ff 2c ff 2b ff 2b ff  ..-.-.,.,.,.+.+.
0000d970: 2b ff 2b ff 2c ff 2c ff 2c ff 2d ff 2d ff 2e ff  +.+.,.,.,.-.-...
0000d980: 2f ff 2f ff 30 ff 31 ff 33 ff 34 ff 35 ff 37 ff  /./.0.1.3.4.5.7.
0000d990: 38 ff 3a ff 3c ff 3e ff 40 ff 42 ff 45 ff 47 ff  8.:.<.>.@.B.E.G.
0000d9a0: 4a ff 4c ff 4f ff 52 ff 55 ff 58 ff 5c ff 5f ff  J.L.O.R.U.X.\._.
0000d9b0: 63 ff 66 ff 6a ff 6e ff 72 ff 77 ff 7b ff 7f ff  c.f.j.n.r.w.{...
0000d9c0: 84 ff 89 ff 8e ff 93 ff 98 ff 9d ff a2 ff a7 ff  ................
0000d9d0: ac ff b1 ff b6 ff bb ff c0 ff c4 ff c9 ff cd ff  ................
0000d9e0: d2 ff d6 ff da ff de ff e1 ff e4 ff e7 ff ea ff  ................
0000d9f0: ed ff ef ff f1 ff f3 ff f5 ff f6 ff f8 ff f9 ff  ................
0000da00: fa ff fc ff fd ff fe ff ff ff 00 00 01 00 02 00  ................
0000da10: 03 00 04 00 05 00 06 00 07 00 08 00 09 00 0a 00  ................
0000da20: 0c 00 0d 00 0e 00 10 00 12 00 13 00 15 00 17 00  ................
0000da30: 19 00 1c 00 1e 00 20 00 23 00 25 00 28 00 2b 00  ...... .#.%.(.+.
0000da40: 2e 00 31 00 33 00 36 00 39 00 3d 00 40 00 43 00  ..1.3.6.9.=.@.C.
0000da50: 46 00 49 00 4c 00 4f 00 52 00 55 00 59 00 5c 00  F.I.L.O.R.U.Y.\.
0000da60: 5f 00 62 00 65 00 67 00 6a 00 6d 00 70 00 72 00  _.b.e.g.j.m.p.r.
0000da70: 75 00 77 00 7a 00 7c 00 7e 00 80 00 82 00 84 00  u.w.z.|.~.......
0000da80: 86 00 87 00 89 00 8a 00 8c 00 8d 00 8f 00 90 00  ................
0000da90: 91 00 92 00 93 00 94 00 95 00 96 00 96 00 97 00  ................
0000daa0: 98 00 98 00 99 00 99 00 99 00 9a 00 9a 00 9a 00  ................
0000dab0: 9a 00 9a 00 9a 00 9a 00 9a 00 9a 00 9a 00 9a 00  ................
0000dac0: 9a 00 9a 00 9a 00 99 00 99 00 99 00 98 00 98 00  ................
0000dad0: 97 00 97 00 97 00 96 00 96 00 95 00 94 00 94 00  ................
0000dae0: 93 00 93 00 92 00 91 00 91 00 90 00 90 00 8f 00  ................
0000daf0: 8e 00 8d 00 8d 00 8c 00 8b 00 8b 00 8a 00 89 00  ................
0000db00: 88 00 88 00 86 00 86 00 86 00 86 00 68 ff 68 ff  ............h.h.
0000db10: 68 ff 67 ff 65 ff 64 ff 62 ff 61 ff 5f ff 5e ff  h.g.e.d.b.a._.^.
0000db20: 5c ff 5b ff 59 ff 58 ff 56 ff 55 ff 54 ff 52 ff  \.[.Y.X.V.U.T.R.
0000db30: 51 ff 50 ff 4e ff 4d ff 4c ff 4b ff 4a ff 48 ff  Q.P.N.M.L.K.J.H.
0000db40: 47 ff 46 ff 45 ff 44 ff 43 ff 43 ff 42 ff 41 ff  G.F.E.D.C.C.B.A.
0000db50: 40 ff 40 ff 3f ff 3f ff 3e ff 3e ff 3d ff 3d ff  @.@.?.?.>.>.=.=.
0000db60: 3d ff 3d ff 3c ff 3c ff 3d ff 3d ff 3d ff 3d ff  =.=.<.<.=.=.=.=.
0000db70: 3d ff 3e ff 3e ff 3f ff 40 ff 40 ff 41 ff 42 ff  =.>.>.?.@.@.A.B.
0000db80: 43 ff 44 ff 46 ff 47 ff 48 ff 4a ff 4b ff 4d ff  C.D.F.G.H.J.K.M.
0000db90: 4f ff 51 ff 53 ff 55 ff 57 ff 5a ff 5c ff 5f ff  O.Q.S.U.W.Z.\._.
0000dba0: 61 ff 64 ff 67 ff 6a ff 6d ff 70 ff 73 ff 76 ff  a.d.g.j.m.p.s.v.
0000dbb0: 79 ff 7d ff 80 ff 83 ff 87 ff 8a ff 8d ff 91 ff  y.}.............
0000dbc0: 94 ff 98 ff 9b ff 9f ff a3 ff a6 ff aa ff ad ff  ................
0000dbd0: b1 ff b4 ff b8 ff bb ff bf ff c2 ff c5 ff c9 ff  ................
0000dbe0: cc ff cf ff d2 ff d5 ff d9 ff dc ff de ff e1 ff  ................
0000dbf0: e4 ff e7 ff e9 ff ec ff ee ff f1 ff f3 ff f5 ff  ................
0000dc00: f7 ff f9 ff fb ff fc ff fe ff 00 00 01 00 02 00  ................
0000dc10: 03 00 04 00 05 00 06 00 07 00 08 00 09 00 0a 00  ................
0000dc20: 0b 00 0c 00 0d 00 0f 00 10 00 11 00 13 00 14 00  ................
0000dc30: 16 00 18 00 1a 00 1c 00 1e 00 20 00 23 00 25 00  .......... .#.%.
0000dc40: 28 00 2a 00 2d 00 2f 00 32 00 35 00 37 00 3a 00  (.*.-./.2.5.7.:.
0000dc50: 3d 00 3f 00 42 00 45 00 47 00 4a 00 4d 00 4f 00  =.?.B.E.G.J.M.O.
0000dc60: 51 00 54 00 56 00 58 00 5b 00 5d 00 5f 00 61 00  Q.T.V.X.[.]._.a.
0000dc70: 63 00 65 00 66 00 68 00 6a 00 6c 00 6d 00 6f 00  c.e.f.h.j.l.m.o.
0000dc80: 70 00 72 00 73 00 74 00 76 00 77 00 78 00 79 00  p.r.s.t.v.w.x.y.
0000dc90: 7a 00 7b 00 7c 00 7d 00 7e 00 7f 00 80 00 81 00  z.{.|.}.~.......
0000dca0: 81 00 82 00 83 00 83 00 84 00 84 00 85 00 85 00  ................
0000dcb0: 86 00 86 00 86 00 87 00 87 00 87 00 87 00 87 00  ................
0000dcc0: 88 00 88 00 88 00 88 00 88 00 88 00 88 00 88 00  ................
0000dcd0: 87 00 87 00 87 00 87 00 87 00 87 00 86 00 86 00  ................
0000dce0: 86 00 85 00 85 00 85 00 84 00 84 00 84 00 83 00  ................
0000dcf0: 83 00 82 00 82 00 82 00 81 00 81 00 80 00 80 00  ................
0000dd00: 7f 00 7f 00 7e 00 7e 00 7d 00 7d 00 00 00 16 00  ....~.~.}.}.....
0000dd10: 58 00 6e 00 7e 00 90 00 b2 00 e0 00 fc 00 ff 00  X.n.~...........
0000dd20: 00 00 00 00 00 00 00 00 00 00 00 00 02 00 44 00  ..............D.
0000dd30: 74 00 7e 00 90 00 a8 00 dc 00 fe 00 ff 00 00 00  t.~.............
0000dd40: 00 00 00 00 00 00 00 00 00 00 00 00 03 00 06 00  ................
0000dd50: 01 00 03 00 02 00 01 00 18 00 00 00 01 00 94 ff  ................
0000dd60: 92 ff 90 ff 8e ff 8b ff 89 ff 87 ff 85 ff 83 ff  ................
0000dd70: 81 ff 7e ff 7c ff 7a ff 78 ff 76 ff 74 ff 72 ff  ..~.|.z.x.v.t.r.
0000dd80: 70 ff 6e ff 6c ff 69 ff 67 ff 65 ff 63 ff 62 ff  p.n.l.i.g.e.c.b.
0000dd90: 60 ff 5e ff 5c ff 5a ff 58 ff 56 ff 54 ff 53 ff  `.^.\.Z.X.V.T.S.
0000dda0: 51 ff 4f ff 4d ff 4c ff 4a ff 48 ff 47 ff 45 ff  Q.O.M.L.J.H.G.E.
0000ddb0: 44 ff 42 ff 41 ff 40 ff 3e ff 3d ff 3c ff 3b ff  D.B.A.@.>.=.<.;.
0000ddc0: 3a ff 39 ff 38 ff 37 ff 37 ff 36 ff 35 ff 35 ff  :.9.8.7.7.6.5.5.
0000ddd0: 35 ff 34 ff 34 ff 34 ff 34 ff 34 ff 34 ff 35 ff  5.4.4.4.4.4.4.5.
0000dde0: 35 ff 36 ff 37 ff 37 ff 38 ff 3a ff 3b ff 3c ff  5.6.7.7.8.:.;.<.
0000ddf0: 3e ff 3f ff 41 ff 43 ff 45 ff 47 ff 4a ff 4c ff  >.?.A.C.E.G.J.L.
0000de00: 4f ff 52 ff 55 ff 58 ff 5b ff 5f ff 62 ff 66 ff  O.R.U.X.[._.b.f.
0000de10: 6a ff 6e ff 72 ff 76 ff 7b ff 7f ff 84 ff 89 ff  j.n.r.v.{.......
0000de20: 8e ff 93 ff 98 ff 9d ff a3 ff a9 ff ae ff b4 ff  ................
0000de30: ba ff c0 ff c6 ff cc ff d2 ff d7 ff dd ff e1 ff  ................
0000de40: e6 ff ea ff ed ff f0 ff f3 ff f5 ff f7 ff f9 ff  ................
0000de50: fb ff fc ff fd ff fe ff ff ff 00 00 01 00 01 00  ................
0000de60: 02 00 03 00 03 00 04 00 05 00 05 00 06 00 07 00  ................
0000de70: 08 00 09 00 0a 00 0c 00 0d 00 0f 00 10 00 13 00  ................
0000de80: 15 00 17 00 1a 00 1d 00 20 00 23 00 26 00 2a 00  ........ .#.&.*.
0000de90: 2d 00 31 00 35 00 39 00 3d 00 41 00 45 00 49 00  -.1.5.9.=.A.E.I.
0000dea0: 4d 00 51 00 55 00 59 00 5d 00 61 00 65 00 69 00  M.Q.U.Y.].a.e.i.
0000deb0: 6d 00 71 00 74 00 78 00 7b 00 7f 00 82 00 85 00  m.q.t.x.{.......
0000dec0: 89 00 8c 00 8e 00 91 00 94 00 96 00 99 00 9b 00  ................
0000ded0: 9d 00 9f 00 a1 00 a2 00 a4 00 a5 00 a6 00 a7 00  ................
0000dee0: a8 00 a8 00 a9 00 a9 00 aa 00 aa 00 aa 00 aa 00  ................
0000def0: aa 00 aa 00 a9 00 a9 00 a9 00 a8 00 a8 00 a7 00  ................
0000df00: a6 00 a6 00 a5 00 a4 00 a4 00 a3 00 a2 00 a2 00  ................
0000df10: a1 00 a1 00 a0 00 a0 00 9f 00 9f 00 9e 00 9e 00  ................
0000df20: 9d 00 9d 00 9d 00 9c 00 9c 00 9c 00 9b 00 9b 00  ................
0000df30: 9b 00 9b 00 9b 00 9a 00 9a 00 9a 00 9a 00 9a 00  ................
0000df40: 9a 00 9a 00 99 00 99 00 99 00 99 00 99 00 99 00  ................
0000df50: 99 00 99 00 99 00 99 00 99 00 99 00 99 00 a0 ff  ................
0000df60: 9d ff 9a ff 97 ff 93 ff 90 ff 8d ff 8a ff 87 ff  ................
0000df70: 84 ff 81 ff 7e ff 7b ff 78 ff 75 ff 72 ff 6f ff  ....~.{.x.u.r.o.
0000df80: 6c ff 6a ff 67 ff 64 ff 62 ff 5f ff 5d ff 5b ff  l.j.g.d.b._.].[.
0000df90: 58 ff 56 ff 54 ff 52 ff 50 ff 4e ff 4c ff 4a ff  X.V.T.R.P.N.L.J.
0000dfa0: 49 ff 47 ff 46 ff 44 ff 43 ff 42 ff 41 ff 40 ff  I.G.F.D.C.B.A.@.
0000dfb0: 3f ff 3f ff 3e ff 3e ff 3d ff 3d ff 3d ff 3d ff  ?.?.>.>.=.=.=.=.
0000dfc0: 3e ff 3e ff 3f ff 3f ff 40 ff 41 ff 42 ff 44 ff  >.>.?.?.@.A.B.D.
0000dfd0: 45 ff 47 ff 49 ff 4b ff 4d ff 4f ff 52 ff 54 ff  E.G.I.K.M.O.R.T.
0000dfe0: 57 ff 5a ff 5e ff 61 ff 64 ff 68 ff 6c ff 70 ff  W.Z.^.a.d.h.l.p.
0000dff0: 74 ff 78 ff 7c ff 80 ff 84 ff 89 ff 8d ff 91 ff  t.x.|...........
0000e000: 96 ff 9a ff 9e ff a3 ff a7 ff ab ff af ff b3 ff  ................
0000e010: b7 ff bb ff bf ff c2 ff c6 ff c9 ff cc ff cf ff  ................
0000e020: d2 ff d5 ff d8 ff db ff dd ff e0 ff e2 ff e4 ff  ................
0000e030: e6 ff e8 ff ea ff ec ff ee ff ef ff f1 ff f2 ff  ................
0000e040: f3 ff f4 ff f6 ff f7 ff f8 ff f8 ff f9 ff fa ff  ................
0000e050: fb ff fc ff fd ff fe ff ff ff ff ff 00 00 01 00  ................
0000e060: 02 00 03 00 04 00 06 00 07 00 08 00 0a 00 0b 00  ................
0000e070: 0d 00 0e 00 10 00 12 00 14 00 16 00 18 00 1b 00  ................
0000e080: 1d 00 20 00 23 00 25 00 28 00 2c 00 2f 00 32 00  .. .#.%.(.,./.2.
0000e090: 35 00 39 00 3c 00 40 00 44 00 47 00 4b 00 4f 00  5.9.<.@.D.G.K.O.
0000e0a0: 52 00 56 00 5a 00 5e 00 61 00 65 00 69 00 6c 00  R.V.Z.^.a.e.i.l.
0000e0b0: 70 00 74 00 77 00 7b 00 7e 00 81 00 84 00 87 00  p.t.w.{.~.......
0000e0c0: 8a 00 8d 00 90 00 93 00 95 00 98 00 9a 00 9c 00  ................
0000e0d0: 9e 00 a0 00 a1 00 a3 00 a4 00 a5 00 a7 00 a8 00  ................
0000e0e0: a8 00 a9 00 aa 00 aa 00 aa 00 ab 00 ab 00 ab 00  ................
0000e0f0: aa 00 aa 00 aa 00 a9 00 a9 00 a8 00 a7 00 a6 00  ................
0000e100: a5 00 a4 00 a2 00 a1 00 9f 00 9e 00 9c 00 9a 00  ................
0000e110: 98 00 97 00 94 00 92 00 90 00 8e 00 8c 00 89 00  ................
0000e120: 87 00 84 00 82 00 80 00 7d 00 7b 00 78 00 76 00  ........}.{.x.v.
0000e130: 73 00 71 00 6f 00 6c 00 6a 00 68 00 66 00 64 00  s.q.o.l.j.h.f.d.
0000e140: 62 00 60 00 5e 00 5d 00 5b 00 5a 00 59 00 57 00  b.`.^.].[.Z.Y.W.
0000e150: 56 00 56 00 55 00 54 00 54 00 54 00 54 00 00 00  V.V.U.T.T.T.T...
0000e160: 22 00 4c 00 68 00 70 00 7e 00 90 00 a4 00 bc 00  ".L.h.p.~.......
0000e170: d8 00 ff 00 00 00 00 00 00 00 00 00 00 00 00 00  ................
0000e180: 40 00 5a 00 6c 00 80 00 90 00 b6 00 d8 00 fe 00  @.Z.l...........
0000e190: ff 00 00 00 00 00 00 00 00 00 00 00 00 00 01 00  ................
0000e1a0: 04 00 01 00 04 00 02 00 01 00 18 00 00 00 01 00  ................
0000e1b0: 68 ff 68 ff 68 ff 67 ff 66 ff 65 ff 63 ff 62 ff  h.h.h.g.f.e.c.b.
0000e1c0: 61 ff 60 ff 5f ff 5e ff 5c ff 5b ff 5a ff 59 ff  a.`._.^.\.[.Z.Y.
0000e1d0: 58 ff 57 ff 56 ff 55 ff 54 ff 53 ff 53 ff 52 ff  X.W.V.U.T.S.S.R.
0000e1e0: 51 ff 50 ff 50 ff 4f ff 4e ff 4e ff 4d ff 4d ff  Q.P.P.O.N.N.M.M.
0000e1f0: 4d ff 4c ff 4c ff 4c ff 4c ff 4c ff 4c ff 4c ff  M.L.L.L.L.L.L.L.
0000e200: 4c ff 4c ff 4c ff 4d ff 4d ff 4e ff 4f ff 4f ff  L.L.L.M.M.N.O.O.
0000e210: 50 ff 51 ff 52 ff 53 ff 54 ff 56 ff 57 ff 58 ff  P.Q.R.S.T.V.W.X.
0000e220: 5a ff 5c ff 5e ff 5f ff 61 ff 64 ff 66 ff 68 ff  Z.\.^._.a.d.f.h.
0000e230: 6a ff 6d ff 6f ff 72 ff 75 ff 77 ff 7a ff 7d ff  j.m.o.r.u.w.z.}.
0000e240: 80 ff 83 ff 86 ff 89 ff 8c ff 8f ff 92 ff 95 ff  ................
0000e250: 98 ff 9b ff 9e ff a2 ff a5 ff a8 ff ab ff ae ff  ................
0000e260: b1 ff b4 ff b7 ff ba ff bd ff c0 ff c3 ff c5 ff  ................
0000e270: c8 ff cb ff ce ff d0 ff d3 ff d5 ff d8 ff da ff  ................
0000e280: dd ff df ff e1 ff e3 ff e5 ff e7 ff e9 ff eb ff  ................
0000e290: ed ff ef ff f0 ff f2 ff f3 ff f5 ff f6 ff f7 ff  ................
0000e2a0: f8 ff fa ff fb ff fc ff fd ff fe ff fe ff ff ff  ................
0000e2b0: 00 00 01 00 01 00 02 00 03 00 03 00 04 00 04 00  ................
0000e2c0: 05 00 06 00 07 00 08 00 09 00 0a 00 0b 00 0c 00  ................
0000e2d0: 0e 00 0f 00 11 00 13 00 14 00 16 00 18 00 1a 00  ................
0000e2e0: 1c 00 1e 00 21 00 23 00 25 00 27 00 2a 00 2c 00  ....!.#.%.'.*.,.
0000e2f0: 2e 00 31 00 33 00 36 00 38 00 3a 00 3d 00 3f 00  ..1.3.6.8.:.=.?.
0000e300: 41 00 44 00 46 00 48 00 4a 00 4c 00 4f 00 51 00  A.D.F.H.J.L.O.Q.
0000e310: 53 00 55 00 57 00 59 00 5b 00 5d 00 5f 00 61 00  S.U.W.Y.[.]._.a.
0000e320: 63 00 65 00 67 00 69 00 6b 00 6c 00 6e 00 70 00  c.e.g.i.k.l.n.p.
0000e330: 72 00 73 00 75 00 76 00 78 00 79 00 7b 00 7c 00  r.s.u.v.x.y.{.|.
0000e340: 7d 00 7f 00 80 00 81 00 82 00 83 00 84 00 85 00  }...............
0000e350: 86 00 87 00 88 00 89 00 89 00 8a 00 8b 00 8b 00  ................
0000e360: 8c 00 8c 00 8d 00 8d 00 8d 00 8d 00 8d 00 8e 00  ................
0000e370: 8e 00 8e 00 8e 00 8d 00 8d 00 8d 00 8d 00 8d 00  ................
0000e380: 8c 00 8c 00 8c 00 8b 00 8b 00 8a 00 8a 00 89 00  ................
0000e390: 89 00 88 00 88 00 87 00 86 00 86 00 85 00 84 00  ................
0000e3a0: 84 00 83 00 82 00 82 00 81 00 80 00 7f 00 7e 00  ..............~.
0000e3b0: 40 ff 40 ff 3f ff 3f ff 3e ff 3e ff 3e ff 3d ff  @.@.?.?.>.>.>.=.
0000e3c0: 3d ff 3c ff 3c ff 3b ff 3b ff 3b ff 3a ff 3a ff  =.<.<.;.;.;.:.:.
0000e3d0: 3a ff 39 ff 39 ff 39 ff 38 ff 38 ff 38 ff 38 ff  :.9.9.9.8.8.8.8.
0000e3e0: 38 ff 37 ff 37 ff 37 ff 37 ff 37 ff 37 ff 37 ff  8.7.7.7.7.7.7.7.
0000e3f0: 37 ff 38 ff 38 ff 38 ff 38 ff 38 ff 39 ff 39 ff  7.8.8.8.8.8.9.9.
0000e400: 3a ff 3a ff 3b ff 3b ff 3c ff 3c ff 3d ff 3e ff  :.:.;.;.<.<.=.>.
0000e410: 3f ff 40 ff 41 ff 42 ff 43 ff 44 ff 45 ff 46 ff  ?.@.A.B.C.D.E.F.
0000e420: 47 ff 49 ff 4a ff 4c ff 4d ff 4f ff 50 ff 52 ff  G.I.J.L.M.O.P.R.
0000e430: 54 ff 56 ff 58 ff 5a ff 5c ff 5e ff 61 ff 63 ff  T.V.X.Z.\.^.a.c.
0000e440: 66 ff 68 ff 6b ff 6d ff 70 ff 73 ff 76 ff 79 ff  f.h.k.m.p.s.v.y.
0000e450: 7c ff 7f ff 83 ff 86 ff 8a ff 8d ff 91 ff 94 ff  |...............
0000e460: 98 ff 9c ff a0 ff a3 ff a7 ff ab ff af ff b2 ff  ................
0000e470: b6 ff ba ff bd ff c1 ff c5 ff c8 ff cc ff cf ff  ................
0000e480: d2 ff d6 ff d9 ff dc ff df ff e1 ff e4 ff e7 ff  ................
0000e490: e9 ff eb ff ee ff f0 ff f2 ff f3 ff f5 ff f7 ff  ................
0000e4a0: f8 ff fa ff fb ff fd ff fe ff ff ff 00 00 01 00  ................
0000e4b0: 02 00 03 00 04 00 05 00 06 00 07 00 08 00 09 00  ................
0000e4c0: 0a 00 0c 00 0d 00 0f 00 10 00 12 00 13 00 15 00  ................
0000e4d0: 17 00 19 00 1b 00 1d 00 1f 00 21 00 23 00 25 00  ..........!.#.%.
0000e4e0: 27 00 2a 00 2c 00 2e 00 31 00 33 00 36 00 38 00  '.*.,...1.3.6.8.
0000e4f0: 3b 00 3e 00 40 00 43 00 46 00 48 00 4b 00 4e 00  ;.>.@.C.F.H.K.N.
0000e500: 51 00 53 00 56 00 59 00 5c 00 5f 00 62 00 64 00  Q.S.V.Y.\._.b.d.
0000e510: 67 00 6a 00 6d 00 70 00 73 00 75 00 78 00 7b 00  g.j.m.p.s.u.x.{.
0000e520: 7d 00 80 00 82 00 85 00 87 00 8a 00 8c 00 8e 00  }...............
0000e530: 90 00 92 00 94 00 95 00 97 00 99 00 9a 00 9b 00  ................
0000e540: 9d 00 9e 00 9f 00 a0 00 a1 00 a2 00 a2 00 a3 00  ................
0000e550: a4 00 a4 00 a4 00 a5 00 a5 00 a5 00 a6 00 a6 00  ................
0000e560: a6 00 a6 00 a6 00 a6 00 a6 00 a6 00 a5 00 a5 00  ................
0000e570: a5 00 a5 00 a4 00 a4 00 a4 00 a3 00 a3 00 a2 00  ................
0000e580: a2 00 a2 00 a1 00 a1 00 a0 00 a0 00 9f 00 9f 00  ................
0000e590: 9f 00 9e 00 9e 00 9d 00 9d 00 9d 00 9c 00 9c 00  ................
0000e5a0: 9c 00 9b 00 9b 00 9b 00 9b 00 9b 00 9b 00 9a 00  ................
0000e5b0: 02 00 38 00 56 00 6c 00 80 00 8c 00 a4 00 d8 00  ..8.V.l.........
0000e5c0: ff 00 00 00 00 00 00 00 00 00 00 00 00 00 00 00  ................
0000e5d0: 00 00 50 00 6e 00 7e 00 86 00 ac 00 c2 00 f8 00  ..P.n.~.........
0000e5e0: ff 00 00 00 00 00 00 00 00 00 00 00 00 00 00 00  ................
0000e5f0: 03 00 06 00 01 00 05 00 02 00 01 00 18 00 00 00  ................
0000e600: 01 00 80 ff 80 ff 80 ff 80 ff 80 ff 81 ff 81 ff  ................
0000e610: 81 ff 81 ff 82 ff 82 ff 82 ff 82 ff 83 ff 83 ff  ................
0000e620: 83 ff 84 ff 84 ff 84 ff 84 ff 85 ff 85 ff 85 ff  ................
0000e630: 86 ff 86 ff 86 ff 87 ff 87 ff 87 ff 88 ff 88 ff  ................
0000e640: 88 ff 89 ff 89 ff 89 ff 8a ff 8a ff 8a ff 8b ff  ................
0000e650: 8b ff 8b ff 8c ff 8c ff 8d ff 8d ff 8d ff 8e ff  ................
0000e660: 8e ff 8f ff 8f ff 8f ff 90 ff 90 ff 91 ff 91 ff  ................
0000e670: 92 ff 92 ff 93 ff 93 ff 94 ff 94 ff 95 ff 95 ff  ................
0000e680: 96 ff 96 ff 97 ff 98 ff 98 ff 99 ff 9a ff 9a ff  ................
0000e690: 9b ff 9c ff 9d ff 9e ff 9f ff a0 ff a1 ff a3 ff  ................
0000e6a0: a4 ff a5 ff a7 ff a9 ff aa ff ac ff ae ff b0 ff  ................
0000e6b0: b2 ff b4 ff b7 ff b9 ff bc ff be ff c1 ff c4 ff  ................
0000e6c0: c7 ff ca ff ce ff d1 ff d5 ff d8 ff dc ff df ff  ................
0000e6d0: e2 ff e6 ff e9 ff ec ff ef ff f2 ff f5 ff f8 ff  ................
0000e6e0: fa ff fc ff fe ff ff ff 01 00 02 00 03 00 04 00  ................
0000e6f0: 04 00 05 00 05 00 05 00 05 00 05 00 04 00 04 00  ................
0000e700: 04 00 03 00 03 00 02 00 01 00 01 00 00 00 00 00  ................
0000e710: ff ff ff ff ff ff ff ff ff ff ff ff ff ff 00 00  ................
0000e720: 01 00 02 00 03 00 04 00 06 00 07 00 09 00 0b 00  ................
0000e730: 0d 00 0f 00 11 00 13 00 15 00 18 00 1a 00 1c 00  ................
0000e740: 1e 00 20 00 22 00 24 00 26 00 27 00 29 00 2a 00  .. .".$.&.'.).*.
0000e750: 2c 00 2d 00 2e 00 30 00 31 00 32 00 33 00 33 00  ,.-...0.1.2.3.3.
0000e760: 34 00 35 00 36 00 36 00 37 00 37 00 38 00 38 00  4.5.6.6.7.7.8.8.
0000e770: 38 00 38 00 39 00 39 00 39 00 39 00 39 00 39 00  8.8.9.9.9.9.9.9.
0000e780: 39 00 39 00 39 00 39 00 39 00 39 00 39 00 39 00  9.9.9.9.9.9.9.9.
0000e790: 39 00 39 00 39 00 39 00 39 00 38 00 38 00 38 00  9.9.9.9.9.8.8.8.
0000e7a0: 38 00 38 00 38 00 38 00 37 00 37 00 37 00 37 00  8.8.8.8.7.7.7.7.
0000e7b0: 37 00 37 00 36 00 36 00 36 00 36 00 36 00 35 00  7.7.6.6.6.6.6.5.
0000e7c0: 35 00 35 00 35 00 35 00 34 00 34 00 34 00 34 00  5.5.5.5.4.4.4.4.
0000e7d0: 34 00 34 00 33 00 33 00 33 00 33 00 33 00 33 00  4.4.3.3.3.3.3.3.
0000e7e0: 32 00 32 00 32 00 32 00 32 00 32 00 32 00 32 00  2.2.2.2.2.2.2.2.
0000e7f0: 32 00 31 00 31 00 31 00 31 00 31 00 31 00 31 00  2.1.1.1.1.1.1.1.
0000e800: 31 00 00 00 00 00 00 00 00 00 00 00 00 00 00 00  1...............
0000e810: 00 00 00 00 00 00 00 00 00 00 00 00 00 00 00 00  ................
0000e820: 00 00 00 00 00 00 00 00 00 00 00 00 00 00 00 00  ................
0000e830: 00 00 00 00 00 00 00 00 00 00 00 00 00 00 00 00  ................
0000e840: 00 00 00 00 00 00 00 00 00 00 00 00 00 00 00 00  ................
0000e850: 00 00 00 00 00 00 00 00 00 00 00 00 00 00 00 00  ................
0000e860: 00 00 00 00 00 00 00 00 00 00 00 00 00 00 00 00  ................
0000e870: 00 00 00 00 00 00 00 00 00 00 00 00 00 00 00 00  ................
0000e880: 00 00 00 00 00 00 00 00 00 00 00 00 00 00 00 00  ................
0000e890: 00 00 00 00 00 00 00 00 00 00 00 00 00 00 00 00  ................
0000e8a0: 00 00 00 00 00 00 00 00 00 00 00 00 00 00 00 00  ................
0000e8b0: 00 00 00 00 00 00 00 00 00 00 00 00 00 00 00 00  ................
0000e8c0: 00 00 00 00 00 00 00 00 00 00 00 00 00 00 00 00  ................
0000e8d0: 00 00 00 00 00 00 00 00 00 00 00 00 00 00 00 00  ................
0000e8e0: 00 00 00 00 00 00 00 00 00 00 00 00 00 00 00 00  ................
0000e8f0: 00 00 00 00 00 00 00 00 00 00 00 00 00 00 00 00  ................
0000e900: 00 00 00 00 00 00 00 00 00 00 00 00 00 00 00 00  ................
0000e910: 00 00 00 00 00 00 00 00 00 00 00 00 00 00 00 00  ................
0000e920: 00 00 00 00 00 00 00 00 00 00 00 00 00 00 00 00  ................
0000e930: 00 00 00 00 00 00 00 00 00 00 00 00 00 00 00 00  ................
0000e940: 00 00 00 00 00 00 00 00 00 00 00 00 00 00 00 00  ................
0000e950: 00 00 00 00 00 00 00 00 00 00 00 00 00 00 00 00  ................
0000e960: 00 00 00 00 00 00 00 00 00 00 00 00 00 00 00 00  ................
0000e970: 00 00 00 00 00 00 00 00 00 00 00 00 00 00 00 00  ................
0000e980: 00 00 00 00 00 00 00 00 00 00 00 00 00 00 00 00  ................
0000e990: 00 00 00 00 00 00 00 00 00 00 00 00 00 00 00 00  ................
0000e9a0: 00 00 00 00 00 00 00 00 00 00 00 00 00 00 00 00  ................
0000e9b0: 00 00 00 00 00 00 00 00 00 00 00 00 00 00 00 00  ................
0000e9c0: 00 00 00 00 00 00 00 00 00 00 00 00 00 00 00 00  ................
0000e9d0: 00 00 00 00 00 00 00 00 00 00 00 00 00 00 00 00  ................
0000e9e0: 00 00 00 00 00 00 00 00 00 00 00 00 00 00 00 00  ................
0000e9f0: 00 00 00 00 00 00 00 00 00 00 00 00 00 00 00 00  ................
0000ea00: 00 00 04 00 3c 00 5e 00 70 00 7e 00 8e 00 a2 00  ....<.^.p.~.....
0000ea10: c4 00 fe 00 ff 00 00 00 00 00 00 00 00 00 00 00  ................
0000ea20: 00 00 00 00 ff 00 00 00 00 00 00 00 00 00 00 00  ................
0000ea30: 00 00 00 00 00 00 00 00 00 00 00 00 00 00 00 00  ................
0000ea40: 00 00 03 00 06 00 01 00 05 00 02 00 01 00 18 00  ................
0000ea50: 00 00 01 00 fa ff fa ff fa ff f8 ff f4 ff f2 ff  ................
0000ea60: ee ff ec ff e8 ff e4 ff e2 ff de ff dc ff d8 ff  ................
0000ea70: d6 ff d2 ff d0 ff ce ff ca ff c8 ff c6 ff c2 ff  ................
0000ea80: c0 ff be ff bc ff ba ff b8 ff b6 ff b4 ff b2 ff  ................
0000ea90: b0 ff ae ff ac ff ac ff aa ff aa ff a8 ff a8 ff  ................
0000eaa0: a6 ff a6 ff a6 ff a6 ff a4 ff a4 ff a6 ff a6 ff  ................
0000eab0: a6 ff a6 ff a8 ff a8 ff aa ff aa ff ac ff ac ff  ................
0000eac0: ae ff b0 ff b2 ff b2 ff b4 ff b6 ff b8 ff ba ff  ................
0000ead0: bc ff be ff c0 ff c2 ff c2 ff c4 ff c6 ff c8 ff  ................
0000eae0: ca ff cc ff ce ff d0 ff d0 ff d2 ff d4 ff d6 ff  ................
0000eaf0: d6 ff d8 ff da ff da ff dc ff dc ff de ff e0 ff  ................
0000eb00: e0 ff e2 ff e2 ff e2 ff e4 ff e4 ff e6 ff e6 ff  ................
0000eb10: e8 ff e8 ff e8 ff ea ff ea ff ec ff ec ff ec ff  ................
0000eb20: ee ff ee ff ee ff f0 ff f0 ff f2 ff f2 ff f4 ff  ................
0000eb30: f4 ff f4 ff f6 ff f6 ff f8 ff f8 ff fa ff fa ff  ................
0000eb40: fa ff fc ff fc ff fe ff fe ff 00 00 00 00 00 00  ................
0000eb50: 02 00 02 00 02 00 04 00 04 00 06 00 06 00 06 00  ................
0000eb60: 08 00 08 00 08 00 0a 00 0a 00 0a 00 0c 00 0c 00  ................
0000eb70: 0e 00 0e 00 0e 00 10 00 10 00 12 00 12 00 12 00  ................
0000eb80: 14 00 14 00 16 00 16 00 18 00 18 00 18 00 1a 00  ................
0000eb90: 1a 00 1c 00 1c 00 1e 00 1e 00 20 00 22 00 22 00  .......... .".".
0000eba0: 24 00 24 00 26 00 28 00 28 00 2a 00 2a 00 2c 00  $.$.&.(.(.*.*.,.
0000ebb0: 2e 00 2e 00 30 00 32 00 34 00 34 00 36 00 38 00  ....0.2.4.4.6.8.
0000ebc0: 3a 00 3c 00 3e 00 40 00 40 00 42 00 44 00 46 00  :.<.>.@.@.B.D.F.
0000ebd0: 48 00 4a 00 4c 00 4e 00 50 00 52 00 54 00 56 00  H.J.L.N.P.R.T.V.
0000ebe0: 56 00 58 00 5a 00 5a 00 5c 00 5c 00 5c 00 5c 00  V.X.Z.Z.\.\.\.\.
0000ebf0: 5e 00 5c 00 5c 00 5c 00 5c 00 5a 00 5a 00 58 00  ^.\.\.\.\.Z.Z.X.
0000ec00: 56 00 54 00 52 00 50 00 4e 00 4c 00 4a 00 48 00  V.T.R.P.N.L.J.H.
0000ec10: 44 00 42 00 40 00 3c 00 3a 00 36 00 34 00 30 00  D.B.@.<.:.6.4.0.
0000ec20: 2e 00 2a 00 28 00 24 00 22 00 20 00 1c 00 1a 00  ..*.(.$.". .....
0000ec30: 16 00 14 00 12 00 10 00 0c 00 0a 00 08 00 06 00  ................
0000ec40: 04 00 02 00 02 00 00 00 00 00 fe ff fe ff fe ff  ................
0000ec50: fc ff fc ff 00 00 00 00 00 00 00 00 00 00 00 00  ................
0000ec60: 00 00 00 00 00 00 00 00 00 00 00 00 00 00 00 00  ................
0000ec70: 00 00 00 00 00 00 00 00 00 00 00 00 00 00 00 00  ................
0000ec80: 00 00 00 00 00 00 00 00 00 00 00 00 00 00 00 00  ................
0000ec90: 00 00 00 00 00 00 00 00 00 00 00 00 00 00 00 00  ................
0000eca0: 00 00 00 00 00 00 00 00 00 00 00 00 00 00 00 00  ................
0000ecb0: 00 00 00 00 00 00 00 00 00 00 00 00 00 00 00 00  ................
0000ecc0: 00 00 00 00 00 00 00 00 00 00 00 00 00 00 00 00  ................
0000ecd0: 00 00 00 00 00 00 00 00 00 00 00 00 00 00 00 00  ................
0000ece0: 00 00 00 00 00 00 00 00 00 00 00 00 00 00 00 00  ................
0000ecf0: 00 00 00 00 00 00 00 00 00 00 00 00 00 00 00 00  ................
0000ed00: 00 00 00 00 00 00 00 00 00 00 00 00 00 00 00 00  ................
0000ed10: 00 00 00 00 00 00 00 00 00 00 00 00 00 00 00 00  ................
0000ed20: 00 00 00 00 00 00 00 00 00 00 00 00 00 00 00 00  ................
0000ed30: 00 00 00 00 00 00 00 00 00 00 00 00 00 00 00 00  ................
0000ed40: 00 00 00 00 00 00 00 00 00 00 00 00 00 00 00 00  ................
0000ed50: 00 00 00 00 00 00 00 00 00 00 00 00 00 00 00 00  ................
0000ed60: 00 00 00 00 00 00 00 00 00 00 00 00 00 00 00 00  ................
0000ed70: 00 00 00 00 00 00 00 00 00 00 00 00 00 00 00 00  ................
0000ed80: 00 00 00 00 00 00 00 00 00 00 00 00 00 00 00 00  ................
0000ed90: 00 00 00 00 00 00 00 00 00 00 00 00 00 00 00 00  ................
0000eda0: 00 00 00 00 00 00 00 00 00 00 00 00 00 00 00 00  ................
0000edb0: 00 00 00 00 00 00 00 00 00 00 00 00 00 00 00 00  ................
0000edc0: 00 00 00 00 00 00 00 00 00 00 00 00 00 00 00 00  ................
0000edd0: 00 00 00 00 00 00 00 00 00 00 00 00 00 00 00 00  ................
0000ede0: 00 00 00 00 00 00 00 00 00 00 00 00 00 00 00 00  ................
0000edf0: 00 00 00 00 00 00 00 00 00 00 00 00 00 00 00 00  ................
0000ee00: 00 00 00 00 00 00 00 00 00 00 00 00 00 00 00 00  ................
0000ee10: 00 00 00 00 00 00 00 00 00 00 00 00 00 00 00 00  ................
0000ee20: 00 00 00 00 00 00 00 00 00 00 00 00 00 00 00 00  ................
0000ee30: 00 00 00 00 00 00 00 00 00 00 00 00 00 00 00 00  ................
0000ee40: 00 00 00 00 00 00 00 00 00 00 00 00 00 00 00 00  ................
0000ee50: 00 00 00 00 02 00 2a 00 4a 00 68 00 80 00 8a 00  ......*.J.h.....
0000ee60: 9c 00 ba 00 ce 00 fe 00 ff 00 00 00 00 00 00 00  ................
0000ee70: 00 00 00 00 00 00 ff 00 00 00 00 00 00 00 00 00  ................
0000ee80: 00 00 00 00 00 00 00 00 00 00 00 00 00 00 00 00  ................
0000ee90: 00 00 00 00 01 00 04 00 01 00 05 00 02 00 01 00  ................
0000eea0: 18 00 00 00 01 00 00 00 00 00 fe ff fe ff fc ff  ................
0000eeb0: fa ff fa ff f8 ff f6 ff f6 ff f4 ff f4 ff f2 ff  ................
0000eec0: f0 ff f0 ff ee ff ec ff ec ff ea ff ea ff e8 ff  ................
0000eed0: e6 ff e6 ff e4 ff e4 ff e2 ff e2 ff e0 ff e0 ff  ................
0000eee0: de ff de ff dc ff dc ff da ff da ff d8 ff d8 ff  ................
0000eef0: d6 ff d6 ff d6 ff d4 ff d4 ff d4 ff d4 ff d2 ff  ................
0000ef00: d2 ff d2 ff d2 ff d0 ff d0 ff d0 ff d0 ff d0 ff  ................
0000ef10: d0 ff d0 ff d0 ff d0 ff d0 ff d0 ff d2 ff d2 ff  ................
0000ef20: d2 ff d2 ff d2 ff d2 ff d4 ff d4 ff d4 ff d4 ff  ................
0000ef30: d6 ff d6 ff d6 ff d8 ff d8 ff d8 ff da ff da ff  ................
0000ef40: dc ff dc ff dc ff de ff de ff e0 ff e0 ff e0 ff  ................
0000ef50: e2 ff e2 ff e4 ff e4 ff e6 ff e6 ff e8 ff e8 ff  ................
0000ef60: ea ff ea ff ea ff ec ff ec ff ee ff ee ff f0 ff  ................
0000ef70: f0 ff f2 ff f2 ff f2 ff f4 ff f4 ff f4 ff f6 ff  ................
0000ef80: f6 ff f8 ff f8 ff f8 ff f8 ff fa ff fa ff fa ff  ................
0000ef90: fc ff fc ff fc ff fc ff fe ff fe ff fe ff fe ff  ................
0000efa0: fe ff 00 00 00 00 00 00 00 00 00 00 00 00 02 00  ................
0000efb0: 02 00 02 00 02 00 04 00 04 00 04 00 04 00 04 00  ................
0000efc0: 06 00 06 00 06 00 08 00 08 00 08 00 0a 00 0a 00  ................
0000efd0: 0a 00 0c 00 0c 00 0c 00 0e 00 0e 00 0e 00 10 00  ................
0000efe0: 10 00 12 00 12 00 12 00 14 00 14 00 16 00 16 00  ................
0000eff0: 16 00 18 00 18 00 1a 00 1a 00 1a 00 1c 00 1c 00  ................
0000f000: 1e 00 1e 00 1e 00 20 00 20 00 22 00 22 00 22 00  ...... . .".".".
0000f010: 24 00 24 00 24 00 26 00 26 00 26 00 26 00 28 00  $.$.$.&.&.&.&.(.
0000f020: 28 00 28 00 28 00 2a 00 2a 00 2a 00 2a 00 2c 00  (.(.(.*.*.*.*.,.
0000f030: 2c 00 2c 00 2c 00 2c 00 2c 00 2c 00 2c 00 2c 00  ,.,.,.,.,.,.,.,.
0000f040: 2c 00 2c 00 2c 00 2c 00 2c 00 2c 00 2c 00 2c 00  ,.,.,.,.,.,.,.,.
0000f050: 2c 00 2c 00 2a 00 2a 00 2a 00 2a 00 2a 00 28 00  ,.,.*.*.*.*.*.(.
0000f060: 28 00 28 00 26 00 26 00 24 00 24 00 24 00 22 00  (.(.&.&.$.$.$.".
0000f070: 22 00 20 00 20 00 1e 00 1e 00 1c 00 1a 00 1a 00  ". . ...........
0000f080: 18 00 18 00 16 00 16 00 14 00 12 00 12 00 10 00  ................
0000f090: 0e 00 0e 00 0c 00 0a 00 0a 00 08 00 06 00 06 00  ................
0000f0a0: 04 00 02 00 00 00 00 00 00 00 00 00 00 00 00 00  ................
0000f0b0: 00 00 00 00 00 00 00 00 00 00 00 00 00 00 00 00  ................
0000f0c0: 00 00 00 00 00 00 00 00 00 00 00 00 00 00 00 00  ................
0000f0d0: 00 00 00 00 00 00 00 00 00 00 00 00 00 00 00 00  ................
0000f0e0: 00 00 00 00 00 00 00 00 00 00 00 00 00 00 00 00  ................
0000f0f0: 00 00 00 00 00 00 00 00 00 00 00 00 00 00 00 00  ................
0000f100: 00 00 00 00 00 00 00 00 00 00 00 00 00 00 00 00  ................
0000f110: 00 00 00 00 00 00 00 00 00 00 00 00 00 00 00 00  ................
0000f120: 00 00 00 00 00 00 00 00 00 00 00 00 00 00 00 00  ................
0000f130: 00 00 00 00 00 00 00 00 00 00 00 00 00 00 00 00  ................
0000f140: 00 00 00 00 00 00 00 00 00 00 00 00 00 00 00 00  ................
0000f150: 00 00 00 00 00 00 00 00 00 00 00 00 00 00 00 00  ................
0000f160: 00 00 00 00 00 00 00 00 00 00 00 00 00 00 00 00  ................
0000f170: 00 00 00 00 00 00 00 00 00 00 00 00 00 00 00 00  ................
0000f180: 00 00 00 00 00 00 00 00 00 00 00 00 00 00 00 00  ................
0000f190: 00 00 00 00 00 00 00 00 00 00 00 00 00 00 00 00  ................
0000f1a0: 00 00 00 00 00 00 00 00 00 00 00 00 00 00 00 00  ................
0000f1b0: 00 00 00 00 00 00 00 00 00 00 00 00 00 00 00 00  ................
0000f1c0: 00 00 00 00 00 00 00 00 00 00 00 00 00 00 00 00  ................
0000f1d0: 00 00 00 00 00 00 00 00 00 00 00 00 00 00 00 00  ................
0000f1e0: 00 00 00 00 00 00 00 00 00 00 00 00 00 00 00 00  ................
0000f1f0: 00 00 00 00 00 00 00 00 00 00 00 00 00 00 00 00  ................
0000f200: 00 00 00 00 00 00 00 00 00 00 00 00 00 00 00 00  ................
0000f210: 00 00 00 00 00 00 00 00 00 00 00 00 00 00 00 00  ................
0000f220: 00 00 00 00 00 00 00 00 00 00 00 00 00 00 00 00  ................
0000f230: 00 00 00 00 00 00 00 00 00 00 00 00 00 00 00 00  ................
0000f240: 00 00 00 00 00 00 00 00 00 00 00 00 00 00 00 00  ................
0000f250: 00 00 00 00 00 00 00 00 00 00 00 00 00 00 00 00  ................
0000f260: 00 00 00 00 00 00 00 00 00 00 00 00 00 00 00 00  ................
0000f270: 00 00 00 00 00 00 00 00 00 00 00 00 00 00 00 00  ................
0000f280: 00 00 00 00 00 00 00 00 00 00 00 00 00 00 00 00  ................
0000f290: 00 00 00 00 00 00 00 00 00 00 00 00 00 00 00 00  ................
0000f2a0: 00 00 00 00 00 00 00 00 14 00 30 00 70 00 8c 00  ..........0.p...
0000f2b0: d6 00 ea 00 ff 00 00 00 00 00 00 00 00 00 00 00  ................
0000f2c0: 00 00 00 00 00 00 00 00 ff 00 00 00 00 00 00 00  ................
0000f2d0: 00 00 00 00 00 00 00 00 00 00 00 00 00 00 00 00  ................
0000f2e0: 00 00 00 00 00 00 08 00 02 00 01 00 fe ff ff ff  ................
0000f2f0: ff ff 08 00 ff ff ff ff 40 00 28 00 1e 00 0a 00  ........@.(.....
0000f300: b4 00 32 00 0c 00 ce 00 00 00 01 00 00 00 10 00  ..2.............
0000f310: fe 03 ff 03 00 00 00 00 40 00 40 00 40 00 01 00  ........@.@.@...
0000f320: 00 00 10 00 00 02 ff 03 00 00 00 00 41 00 41 00  ............A.A.
0000f330: 41 00 01 00 00 00 10 00 00 02 ff 03 00 00 00 00  A...............
0000f340: 40 00 40 00 40 00 01 00 00 00 10 00 00 02 ff 03  @.@.@...........
0000f350: 00 00 00 00 40 00 40 00 40 00 01 00 00 00 10 00  ....@.@.@.......
0000f360: 00 02 ff 03 00 00 00 00 3c 00 3c 00 3c 00 01 00  ........<.<.<...
0000f370: 00 00 10 00 00 02 ff 03 00 00 00 00 3a 00 3a 00  ............:.:.
0000f380: 3a 00 01 00 00 00 10 00 00 02 ff 03 00 00 00 00  :...............
0000f390: 3a 00 3a 00 3a 00 01 00 00 00 10 00 00 02 ff 03  :.:.:...........
0000f3a0: 00 00 00 00 3c 00 3c 00 3c 00 01 00 00 00 10 00  ....<.<.<.......
0000f3b0: 00 02 ff 03 00 00 00 00 32 00 32 00 32 00 01 00  ........2.2.2...
0000f3c0: 00 00 f0 00 00 02 ff 03 00 00 00 00 32 00 40 00  ............2.@.
0000f3d0: 40 00 0d 00 40 00 01 00 40 00 00 00 08 00 10 00  @...@...@.......
0000f3e0: 20 00 10 00 10 00 20 00 0e 00 10 00 20 00 10 00   ..... ..... ...
0000f3f0: 10 00 20 00 10 00 10 00 20 00 10 00 09 00 20 00  .. ..... ..... .
0000f400: 10 00 10 00 20 00 10 00 10 00 20 00 04 00 01 00  .... ..... .....
0000f410: 20 00 0e 00 06 00 00 00 0f 00 0e 00 44 00 03 00   ...........D...
0000f420: 00 00 00 00 01 00 10 00 5c 10 01 00 00 00 78 00  ........\.....x.
0000f430: 01 00 01 00 01 00 5a 00 01 00 00 00 01 00 32 00  ......Z.......2.
0000f440: 01 00 00 00 01 00 32 00 01 00 00 00 01 00 32 00  ......2.......2.
0000f450: 01 00 00 00 01 00 32 00 01 00 01 00 01 00 32 00  ......2.......2.
0000f460: 01 00 01 00 01 00 32 00 01 00 01 00 01 00 32 00  ......2.......2.
0000f470: 01 00 01 00 01 00 48 00 01 00 01 00 00 00 00 00  ......H.........
0000f480: 00 00 00 00 00 00 00 00 00 00 00 00 00 00 00 00  ................
0000f490: 00 00 00 00 00 00 00 00 00 00 00 00 00 00 00 00  ................
0000f4a0: 00 00 00 00 00 00 00 00 00 00 00 00 00 00 00 00  ................
0000f4b0: 00 00 00 00 00 00 00 00 00 00 00 00 00 00 00 00  ................
0000f4c0: 00 00 00 00 00 00 00 00 00 00 00 00 00 00 00 00  ................
0000f4d0: 00 00 00 00 00 00 00 00 00 00 00 00 00 00 00 00  ................
0000f4e0: 00 00 00 00 00 00 00 00 00 00 00 00 00 00 00 00  ................
0000f4f0: 00 00 00 00 00 00 00 00 00 00 00 00 00 00 00 00  ................
0000f500: 00 00 00 00 00 00 00 00 00 00 00 00 00 00 00 00  ................
0000f510: 00 00 00 00 00 00 00 00 00 00 00 00 00 00 00 00  ................
0000f520: 00 00 00 00 00 00 00 00 00 00 00 00 00 00 00 00  ................
0000f530: 00 00 00 00 00 00 00 00 00 00 00 00 00 00 00 00  ................
0000f540: 00 00 00 00 00 00 00 00 00 00 00 00 00 00 00 00  ................
0000f550: 00 00 00 00 00 00 00 00 00 00 00 00 00 00 00 00  ................
0000f560: 00 00 00 00 00 00 00 00 00 00 00 00 00 00 00 00  ................
0000f570: 00 00 00 00 00 00 00 00 00 00 00 00 00 00 00 00  ................
0000f580: 00 00 00 00 00 00 00 00 00 00 00 00 00 00 00 00  ................
0000f590: 00 00 00 00 00 00 00 00 00 00 00 00 00 00 00 00  ................
0000f5a0: 00 00 00 00 00 00 00 00 00 00 00 00 00 00 00 00  ................
0000f5b0: 00 00 00 00 00 00 00 00 00 00 00 00 00 00 00 00  ................
0000f5c0: 00 00 00 00 00 00 00 00 00 00 00 00 00 00 00 00  ................
0000f5d0: 00 00 00 00 00 00 00 00 00 00 00 00 00 00 00 00  ................
0000f5e0: 00 00 00 00 00 00 00 00 00 00 00 00 00 00 00 00  ................
0000f5f0: 00 00 00 00 00 00 00 00 00 00 00 00 00 00 00 00  ................
0000f600: 00 00 00 00 00 00 00 00 00 00 00 00 00 00 00 00  ................
0000f610: 00 00 00 00 00 00 00 00 00 00 00 00 00 00 00 00  ................
0000f620: 00 00 00 00 00 00 00 00 00 00 00 00 00 00 00 00  ................
0000f630: 00 00 00 00 00 00 00 00 00 00 00 00 00 00 00 00  ................
0000f640: 00 00 00 00 00 00 00 00 00 00 00 00 00 00 00 00  ................
0000f650: 00 00 00 00 00 00 00 00 00 00 00 00 00 00 00 00  ................
0000f660: 00 00 00 00 00 00 00 00 00 00 00 00 00 00 00 00  ................
0000f670: 00 00 00 00 00 00 00 00 00 00 00 00 00 00 00 00  ................
0000f680: 00 00 00 00 00 00 00 00 00 00 00 00 00 00 00 00  ................
0000f690: 00 00 00 00 00 00 00 00 00 00 00 00 00 00 00 00  ................
0000f6a0: 00 00 00 00 00 00 00 00 00 00 00 00 00 00 00 00  ................
0000f6b0: 00 00 00 00 00 00 00 00 00 00 00 00 00 00 00 00  ................
0000f6c0: 00 00 00 00 00 00 00 00 00 00 00 00 00 00 00 00  ................
0000f6d0: 00 00 00 00 00 00 00 00 00 00 00 00 00 00 00 00  ................
0000f6e0: 00 00 00 00 00 00 00 00 00 00 00 00 00 00 00 00  ................
0000f6f0: 00 00 00 00 00 00 00 00 00 00 00 00 00 00 00 00  ................
0000f700: 00 00 00 00 00 00 00 00 00 00 00 00 00 00 00 00  ................
0000f710: 00 00 00 00 00 00 00 00 00 00 00 00 00 00 00 00  ................
0000f720: 00 00 00 00 00 00 00 00 00 00 00 00 00 00 00 00  ................
0000f730: 00 00 00 00 00 00 00 00 00 00 00 00 00 00 00 00  ................
0000f740: 00 00 00 00 00 00 00 00 00 00 00 00 00 00 00 00  ................
0000f750: 00 00 00 00 00 00 00 00 00 00 00 00 00 00 00 00  ................
0000f760: 00 00 00 00 00 00 00 00 00 00 00 00 00 00 00 00  ................
0000f770: 00 00 00 00 00 00 00 00 00 00 00 00 00 00 00 00  ................
0000f780: 00 00 00 00 00 00 00 00 00 00 00 00 00 00 00 00  ................
0000f790: 00 00 00 00 00 00 00 00 00 00 00 00 00 00 00 00  ................
0000f7a0: 00 00 00 00 00 00 00 00 00 00 00 00 00 00 00 00  ................
0000f7b0: 00 00 00 00 00 00 00 00 00 00 00 00 00 00 00 00  ................
0000f7c0: 00 00 00 00 00 00 00 00 00 00 00 00 00 00 00 00  ................
0000f7d0: 00 00 00 00 00 00 00 00 00 00 00 00 00 00 00 00  ................
0000f7e0: 00 00 00 00 00 00 00 00 00 00 00 00 00 00 00 00  ................
0000f7f0: 00 00 00 00 00 00 00 00 00 00 00 00 00 00 00 00  ................
0000f800: 00 00 00 00 00 00 00 00 00 00 00 00 00 00 00 00  ................
0000f810: 00 00 00 00 00 00 00 00 00 00 00 00 00 00 00 00  ................
0000f820: 00 00 00 00 00 00 00 00 00 00 00 00 00 00 00 00  ................
0000f830: 00 00 00 00 00 00 00 00 00 00 00 00 00 00 00 00  ................
0000f840: 00 00 00 00 00 00 00 00 00 00 00 00 00 00 00 00  ................
0000f850: 00 00 00 00 00 00 00 00 00 00 00 00 00 00 00 00  ................
0000f860: 00 00 00 00 00 00 00 00 00 00 00 00 00 00 00 00  ................
0000f870: 00 00 00 00 00 00 00 00 00 00 00 00 00 00 00 00  ................
0000f880: 00 00 00 00 00 00 00 00 00 00 00 00 00 00 00 00  ................
0000f890: 00 00 00 00 00 00 00 00 00 00 00 00 00 00 00 00  ................
0000f8a0: 00 00 00 00 00 00 00 00 00 00 00 00 00 00 00 00  ................
0000f8b0: 00 00 00 00 00 00 00 00 00 00 00 00 00 00 00 00  ................
0000f8c0: 00 00 00 00 00 00 00 00 00 00 00 00 00 00 00 00  ................
0000f8d0: 00 00 00 00 00 00 00 00 00 00 00 00 00 00 00 00  ................
0000f8e0: 00 00 00 00 00 00 00 00 00 00 00 00 00 00 00 00  ................
0000f8f0: 00 00 00 00 00 00 00 00 00 00 00 00 00 00 00 00  ................
0000f900: 00 00 00 00 00 00 00 00 00 00 00 00 00 00 00 00  ................
0000f910: 00 00 00 00 00 00 00 00 00 00 00 00 00 00 00 00  ................
0000f920: 00 00 00 00 00 00 00 00 00 00 00 00 00 00 00 00  ................
0000f930: 00 00 00 00 00 00 00 00 00 00 00 00 00 00 00 00  ................
0000f940: 00 00 00 00 00 00 00 00 00 00 00 00 00 00 00 00  ................
0000f950: 00 00 00 00 00 00 00 00 00 00 00 00 00 00 00 00  ................
0000f960: 00 00 00 00 00 00 00 00 00 00 00 00 00 00 00 00  ................
0000f970: 00 00 00 00 00 00 00 00 00 00 00 00 00 00 00 00  ................
0000f980: 00 00 00 00 00 00 00 00 00 00 00 00 00 00 00 00  ................
0000f990: 00 00 00 00 00 00 00 00 00 00 00 00 00 00 00 00  ................
0000f9a0: 00 00 00 00 00 00 00 00 00 00 00 00 00 00 00 00  ................
0000f9b0: 00 00 00 00 00 00 00 00 00 00 00 00 00 00 00 00  ................
0000f9c0: 00 00 00 00 00 00 00 00 00 00 00 00 00 00 00 00  ................
0000f9d0: 00 00 00 00 00 00 00 00 00 00 00 00 00 00 00 00  ................
0000f9e0: 00 00 00 00 00 00 00 00 00 00 00 00 00 00 00 00  ................
0000f9f0: 00 00 00 00 00 00 00 00 00 00 00 00 00 00 00 00  ................
0000fa00: 00 00 00 00 00 00 00 00 00 00 00 00 00 00 00 00  ................
0000fa10: 00 00 00 00 00 00 00 00 00 00 00 00 00 00 00 00  ................
0000fa20: 00 00 00 00 00 00 00 00 00 00 00 00 00 00 00 00  ................
0000fa30: 00 00 00 00 00 00 00 00 00 00 00 00 00 00 00 00  ................
0000fa40: 00 00 00 00 00 00 00 00 00 00 00 00 00 00 00 00  ................
0000fa50: 00 00 00 00 00 00 00 00 00 00 00 00 00 00 00 00  ................
0000fa60: 00 00 00 00 00 00 00 00 00 00 00 00 00 00 00 00  ................
0000fa70: 00 00 00 00 00 00 00 00 00 00 00 00 00 00 00 00  ................
0000fa80: 00 00 00 00 00 00 00 00 00 00 00 00 00 00 00 00  ................
0000fa90: 00 00 00 00 00 00 00 00 00 00 00 00 00 00 00 00  ................
0000faa0: 00 00 00 00 00 00 00 00 00 00 00 00 00 00 00 00  ................
0000fab0: 00 00 00 00 00 00 00 00 00 00 00 00 00 00 00 00  ................
0000fac0: 00 00 00 00 00 00 00 00 00 00 00 00 00 00 00 00  ................
0000fad0: 00 00 00 00 00 00 00 00 00 00 00 00 00 00 00 00  ................
0000fae0: 00 00 00 00 00 00 00 00 00 00 00 00 00 00 00 00  ................
0000faf0: 00 00 00 00 00 00 00 00 00 00 00 00 00 00 00 00  ................
0000fb00: 00 00 00 00 00 00 00 00 00 00 00 00 00 00 00 00  ................
0000fb10: 00 00 00 00 00 00 00 00 00 00 00 00 00 00 00 00  ................
0000fb20: 00 00 00 00 00 00 00 00 00 00 00 00 00 00 00 00  ................
0000fb30: 00 00 00 00 00 00 00 00 00 00 00 00 00 00 00 00  ................
0000fb40: 00 00 00 00 00 00 00 00 00 00 00 00 00 00 00 00  ................
0000fb50: 00 00 00 00 00 00 00 00 00 00 00 00 00 00 00 00  ................
0000fb60: 00 00 00 00 00 00 00 00 00 00 00 00 00 00 00 00  ................
0000fb70: 00 00 00 00 00 00 00 00 00 00 00 00 00 00 00 00  ................
0000fb80: 00 00 00 00 00 00 00 00 00 00 00 00 00 00 00 00  ................
0000fb90: 00 00 00 00 00 00 00 00 00 00 00 00 00 00 00 00  ................
0000fba0: 00 00 00 00 00 00 00 00 00 00 00 00 00 00 00 00  ................
0000fbb0: 00 00 00 00 00 00 00 00 00 00 00 00 00 00 00 00  ................
0000fbc0: 00 00 00 00 00 00 00 00 00 00 00 00 00 00 00 00  ................
0000fbd0: 00 00 00 00 00 00 00 00 00 00 00 00 00 00 00 00  ................
0000fbe0: 00 00 00 00 00 00 00 00 00 00 00 00 00 00 00 00  ................
0000fbf0: 00 00 00 00 00 00 00 00 00 00 00 00 00 00 00 00  ................
0000fc00: 00 00 00 00 00 00 00 00 00 00 00 00 00 00 00 00  ................
0000fc10: 00 00 00 00 00 00 00 00 00 00 00 00 00 00 00 00  ................
0000fc20: 00 00 00 00 00 00 00 00 00 00 00 00 00 00 00 00  ................
0000fc30: 00 00 00 00 00 00 00 00 00 00 00 00 00 00 00 00  ................
0000fc40: 00 00 00 00 00 00 00 00 00 00 00 00 00 00 00 00  ................
0000fc50: 00 00 00 00 00 00 00 00 00 00 00 00 00 00 00 00  ................
0000fc60: 00 00 00 00 00 00 00 00 00 00 00 00 00 00 00 00  ................
0000fc70: 00 00 00 00 00 00 00 00 00 00 00 00 00 00 00 00  ................
0000fc80: 00 00 00 00 00 00 00 00 00 00 00 00 00 00 00 00  ................
0000fc90: 00 00 00 00 00 00 00 00 00 00 00 00 00 00 00 00  ................
0000fca0: 00 00 00 00 00 00 00 00 00 00 00 00 00 00 00 00  ................
0000fcb0: 00 00 00 00 00 00 00 00 00 00 00 00 00 00 00 00  ................
0000fcc0: 00 00 00 00 00 00 00 00 00 00 00 00 00 00 00 00  ................
0000fcd0: 00 00 00 00 00 00 00 00 00 00 00 00 00 00 00 00  ................
0000fce0: 00 00 00 00 00 00 00 00 00 00 00 00 00 00 00 00  ................
0000fcf0: 00 00 00 00 00 00 00 00 00 00 00 00 00 00 00 00  ................
0000fd00: 00 00 00 00 00 00 00 00 00 00 00 00 00 00 00 00  ................
0000fd10: 00 00 00 00 00 00 00 00 00 00 00 00 00 00 00 00  ................
0000fd20: 00 00 00 00 00 00 00 00 00 00 00 00 00 00 00 00  ................
0000fd30: 00 00 00 00 00 00 00 00 00 00 00 00 00 00 00 00  ................
0000fd40: 00 00 00 00 00 00 00 00 00 00 00 00 00 00 00 00  ................
0000fd50: 00 00 00 00 00 00 00 00 00 00 00 00 00 00 00 00  ................
0000fd60: 00 00 00 00 00 00 00 00 00 00 00 00 00 00 00 00  ................
0000fd70: 00 00 00 00 00 00 00 00 00 00 00 00 00 00 00 00  ................
0000fd80: 00 00 00 00 00 00 00 00 00 00 00 00 00 00 00 00  ................
0000fd90: 00 00 00 00 00 00 00 00 00 00 00 00 00 00 00 00  ................
0000fda0: 00 00 00 00 00 00 00 00 00 00 00 00 00 00 00 00  ................
0000fdb0: 00 00 00 00 00 00 00 00 00 00 00 00 00 00 00 00  ................
0000fdc0: 00 00 00 00 00 00 00 00 00 00 00 00 00 00 00 00  ................
0000fdd0: 00 00 00 00 00 00 00 00 00 00 00 00 00 00 00 00  ................
0000fde0: 00 00 00 00 00 00 00 00 00 00 00 00 00 00 00 00  ................
0000fdf0: 00 00 00 00 00 00 00 00 00 00 00 00 00 00 00 00  ................
0000fe00: 00 00 00 00 00 00 00 00 00 00 00 00 00 00 00 00  ................
0000fe10: 00 00 00 00 00 00 00 00 00 00 00 00 00 00 00 00  ................
0000fe20: 00 00 00 00 00 00 00 00 00 00 00 00 00 00 00 00  ................
0000fe30: 00 00 00 00 00 00 00 00 00 00 00 00 00 00 00 00  ................
0000fe40: 00 00 00 00 00 00 00 00 00 00 00 00 00 00 00 00  ................
0000fe50: 00 00 00 00 00 00 00 00 00 00 00 00 00 00 00 00  ................
0000fe60: 00 00 00 00 00 00 00 00 00 00 00 00 00 00 00 00  ................
0000fe70: 00 00 00 00 00 00 00 00 00 00 00 00 00 00 00 00  ................
0000fe80: 00 00 00 00 00 00 00 00 00 00 00 00 00 00 00 00  ................
0000fe90: 00 00 00 00 00 00 00 00 00 00 00 00 00 00 00 00  ................
0000fea0: 00 00 00 00 00 00 00 00 00 00 00 00 00 00 00 00  ................
0000feb0: 00 00 00 00 00 00 00 00 00 00 00 00 00 00 00 00  ................
0000fec0: 00 00 00 00 00 00 00 00 00 00 00 00 00 00 00 00  ................
0000fed0: 00 00 00 00 00 00 00 00 00 00 00 00 00 00 00 00  ................
0000fee0: 00 00 00 00 00 00 00 00 00 00 00 00 00 00 00 00  ................
0000fef0: 00 00 00 00 00 00 00 00 00 00 00 00 00 00 00 00  ................
0000ff00: 00 00 00 00 00 00 00 00 00 00 00 00 00 00 00 00  ................
0000ff10: 00 00 00 00 00 00 00 00 00 00 00 00 00 00 00 00  ................
0000ff20: 00 00 00 00 00 00 00 00 00 00 00 00 00 00 00 00  ................
0000ff30: 00 00 00 00 00 00 00 00 00 00 00 00 00 00 00 00  ................
0000ff40: 00 00 00 00 00 00 00 00 00 00 00 00 00 00 00 00  ................
0000ff50: 00 00 00 00 00 00 00 00 00 00 00 00 00 00 00 00  ................
0000ff60: 00 00 00 00 00 00 00 00 00 00 00 00 00 00 00 00  ................
0000ff70: 00 00 00 00 00 00 00 00 00 00 00 00 00 00 00 00  ................
0000ff80: 00 00 00 00 00 00 00 00 00 00 00 00 00 00 00 00  ................
0000ff90: 00 00 00 00 00 00 00 00 00 00 00 00 00 00 00 00  ................
0000ffa0: 00 00 00 00 00 00 00 00 00 00 00 00 00 00 00 00  ................
0000ffb0: 00 00 00 00 00 00 00 00 00 00 00 00 00 00 00 00  ................
0000ffc0: 00 00 00 00 00 00 00 00 00 00 00 00 00 00 00 00  ................
0000ffd0: 00 00 00 00 00 00 00 00 00 00 00 00 00 00 00 00  ................
0000ffe0: 00 00 00 00 00 00 00 00 00 00 00 00 00 00 00 00  ................
0000fff0: 00 00 00 00 00 00 00 00 00 00 00 00 00 00 00 00  ................
00010000: 00 00 00 00 00 00 00 00 00 00 00 00 00 00 00 00  ................
00010010: 00 00 00 00 00 00 00 00 00 00 00 00 00 00 00 00  ................
00010020: 00 00 00 00 00 00 00 00 00 00 00 00 00 00 00 00  ................
00010030: 00 00 00 00 00 00 00 00 00 00 00 00 00 00 00 00  ................
00010040: 00 00 00 00 00 00 00 00 00 00 00 00 00 00 00 00  ................
00010050: 00 00 00 00 00 00 00 00 00 00 00 00 00 00 00 00  ................
00010060: 00 00 00 00 00 00 00 00 00 00 00 00 00 00 00 00  ................
00010070: 00 00 00 00 00 00 00 00 00 00 00 00 00 00 00 00  ................
00010080: 00 00 00 00 00 00 00 00 00 00 00 00 00 00 00 00  ................
00010090: 00 00 00 00 00 00 00 00 00 00 00 00 00 00 00 00  ................
000100a0: 00 00 00 00 00 00 00 00 00 00 00 00 00 00 00 00  ................
000100b0: 00 00 00 00 00 00 00 00 00 00 00 00 00 00 00 00  ................
000100c0: 00 00 00 00 00 00 00 00 00 00 00 00 00 00 00 00  ................
000100d0: 00 00 00 00 00 00 00 00 00 00 00 00 00 00 00 00  ................
000100e0: 00 00 00 00 00 00 00 00 00 00 00 00 00 00 00 00  ................
000100f0: 00 00 00 00 00 00 00 00 00 00 00 00 00 00 00 00  ................
00010100: 00 00 00 00 00 00 00 00 00 00 00 00 00 00 00 00  ................
00010110: 00 00 00 00 00 00 00 00 00 00 00 00 00 00 00 00  ................
00010120: 00 00 00 00 00 00 00 00 00 00 00 00 00 00 00 00  ................
00010130: 00 00 00 00 00 00 00 00 00 00 00 00 00 00 00 00  ................
00010140: 00 00 00 00 00 00 00 00 00 00 00 00 00 00 00 00  ................
00010150: 00 00 00 00 00 00 00 00 00 00 00 00 00 00 00 00  ................
00010160: 00 00 00 00 00 00 00 00 00 00 00 00 00 00 00 00  ................
00010170: 00 00 00 00 00 00 00 00 00 00 00 00 00 00 00 00  ................
00010180: 00 00 00 00 00 00 00 00 00 00 00 00 00 00 00 00  ................
00010190: 00 00 00 00 00 00 00 00 00 00 00 00 00 00 00 00  ................
000101a0: 00 00 00 00 00 00 00 00 00 00 00 00 00 00 00 00  ................
000101b0: 00 00 00 00 00 00 00 00 00 00 00 00 00 00 00 00  ................
000101c0: 00 00 00 00 00 00 00 00 00 00 00 00 00 00 00 00  ................
000101d0: 00 00 00 00 00 00 00 00 00 00 00 00 00 00 00 00  ................
000101e0: 00 00 00 00 00 00 00 00 00 00 00 00 00 00 00 00  ................
000101f0: 00 00 00 00 00 00 00 00 00 00 00 00 00 00 00 00  ................
00010200: 00 00 00 00 00 00 00 00 00 00 00 00 00 00 00 00  ................
00010210: 00 00 00 00 00 00 00 00 00 00 00 00 00 00 00 00  ................
00010220: 00 00 00 00 00 00 00 00 00 00 00 00 00 00 00 00  ................
00010230: 00 00 00 00 00 00 00 00 00 00 00 00 00 00 00 00  ................
00010240: 00 00 00 00 00 00 00 00 00 00 00 00 00 00 00 00  ................
00010250: 00 00 00 00 00 00 00 00 00 00 00 00 00 00 00 00  ................
00010260: 00 00 00 00 00 00 00 00 00 00 00 00 00 00 00 00  ................
00010270: 00 00 00 00 00 00 00 00 00 00 00 00 00 00 00 00  ................
00010280: 00 00 00 00 00 00 00 00 00 00 00 00 00 00 00 00  ................
00010290: 00 00 00 00 00 00 00 00 00 00 00 00 00 00 00 00  ................
000102a0: 00 00 00 00 00 00 00 00 00 00 00 00 00 00 00 00  ................
000102b0: 00 00 00 00 00 00 00 00 00 00 00 00 00 00 00 00  ................
000102c0: 00 00 00 00 00 00 00 00 00 00 00 00 00 00 00 00  ................
000102d0: 00 00 00 00 00 00 00 00 00 00 00 00 00 00 00 00  ................
000102e0: 00 00 00 00 00 00 00 00 00 00 00 00 00 00 00 00  ................
000102f0: 00 00 00 00 00 00 00 00 00 00 00 00 00 00 00 00  ................
00010300: 00 00 00 00 00 00 00 00 00 00 00 00 00 00 00 00  ................
00010310: 00 00 00 00 00 00 00 00 00 00 00 00 00 00 00 00  ................
00010320: 00 00 00 00 00 00 00 00 00 00 00 00 00 00 00 00  ................
00010330: 00 00 00 00 00 00 00 00 00 00 00 00 00 00 00 00  ................
00010340: 00 00 00 00 00 00 00 00 00 00 00 00 00 00 00 00  ................
00010350: 00 00 00 00 00 00 00 00 00 00 00 00 00 00 00 00  ................
00010360: 00 00 00 00 00 00 00 00 00 00 00 00 00 00 00 00  ................
00010370: 00 00 00 00 00 00 00 00 00 00 00 00 00 00 00 00  ................
00010380: 00 00 00 00 00 00 00 00 00 00 00 00 00 00 00 00  ................
00010390: 00 00 00 00 00 00 00 00 00 00 00 00 00 00 00 00  ................
000103a0: 00 00 00 00 00 00 00 00 00 00 00 00 00 00 00 00  ................
000103b0: 00 00 00 00 00 00 00 00 00 00 00 00 00 00 00 00  ................
000103c0: 00 00 00 00 00 00 00 00 00 00 00 00 00 00 00 00  ................
000103d0: 00 00 00 00 00 00 00 00 00 00 00 00 00 00 00 00  ................
000103e0: 00 00 00 00 00 00 00 00 00 00 00 00 00 00 00 00  ................
000103f0: 00 00 00 00 00 00 00 00 00 00 00 00 00 00 00 00  ................
00010400: 00 00 00 00 00 00 00 00 00 00 00 00 00 00 00 00  ................
00010410: 00 00 00 00 00 00 00 00 00 00 00 00 00 00 00 00  ................
00010420: 00 00 00 00 00 00 00 00 00 00 00 00 00 00 00 00  ................
00010430: 00 00 00 00 00 00 00 00 00 00 00 00 00 00 00 00  ................
00010440: 00 00 00 00 00 00 00 00 00 00 00 00 00 00 00 00  ................
00010450: 00 00 00 00 00 00 00 00 00 00 00 00 00 00 00 00  ................
00010460: 00 00 00 00 00 00 00 00 00 00 00 00 00 00 00 00  ................
00010470: 00 00 00 00 00 00 00 00 00 00 00 00 00 00 00 00  ................
00010480: 00 00 11 00 04 01 06 00 06 00 06 00 06 00 06 00  ................
00010490: 06 00 06 00 06 00 06 00 06 00 06 00 06 00 06 00  ................
000104a0: 06 00 06 00 06 00 06 00 09 00 09 00 09 00 09 00  ................
000104b0: 09 00 09 00 09 00 09 00 09 00 09 00 09 00 09 00  ................
000104c0: 09 00 09 00 06 00 06 00 09 00 0c 00 0c 00 0c 00  ................
000104d0: 0c 00 0c 00 0c 00 0c 00 0c 00 0c 00 0c 00 0c 00  ................
000104e0: 0c 00 09 00 06 00 06 00 09 00 0c 00 0f 00 0f 00  ................
000104f0: 0f 00 0f 00 0f 00 0f 00 0f 00 0f 00 0f 00 0f 00  ................
00010500: 0c 00 09 00 06 00 06 00 09 00 0c 00 0f 00 0f 00  ................
00010510: 0f 00 0f 00 0f 00 0f 00 0f 00 0f 00 0f 00 0f 00  ................
00010520: 0c 00 09 00 06 00 06 00 09 00 0c 00 0f 00 0c 00  ................
00010530: 0c 00 0c 00 0c 00 0c 00 0c 00 0c 00 0c 00 0c 00  ................
00010540: 0c 00 09 00 06 00 06 00 09 00 09 00 09 00 09 00  ................
00010550: 09 00 09 00 09 00 09 00 09 00 09 00 09 00 09 00  ................
00010560: 09 00 09 00 06 00 06 00 06 00 06 00 06 00 06 00  ................
00010570: 06 00 06 00 06 00 06 00 06 00 06 00 06 00 06 00  ................
00010580: 06 00 06 00 06 00 12 00 2e 00 00 00 ff 04 00 00  ................
00010590: cf 02 00 00 00 00 00 00 00 00 00 00 00 00 00 00  ................
000105a0: 00 00 00 00 00 00 00 00 00 00 00 00 00 00 00 00  ................
000105b0: 00 00 40 00 13 00 10 02 00 00 00 01 00 01 00 01  ..@.............
000105c0: 00 00 00 00 00 00 0f 00 08 00 05 00 04 00 03 00  ................
000105d0: 02 00 02 00 01 00 01 00 01 00 01 00 01 00 01 00  ................
000105e0: 01 00 01 00 01 00 0f 00 c8 00 02 00 26 00 44 00  ............&.D.
000105f0: 50 00 54 00 5e 00 3f 00 4a 00 56 00 5e 00 32 00  P.T.^.?.J.V.^.2.
00010600: 61 00 50 00 48 00 41 00 3f 00 5c 00 4c 00 46 00  a.P.H.A.?.\.L.F.
00010610: 3f 00 32 00 48 00 78 00 81 00 86 00 91 00 5b 00  ?.2.H.x.......[.
00010620: 69 00 80 00 84 00 3c 00 aa 00 88 00 69 00 50 00  i.....<.....i.P.
00010630: 50 00 8a 00 67 00 5a 00 4e 00 3c 00 62 00 40 00  P...g.Z.N.<.b.@.
00010640: 2f 00 24 00 20 00 50 00 38 00 29 00 21 00 27 00  /.$. .P.8.).!.'.
00010650: f8 00 5c 00 40 00 34 00 30 00 70 00 4b 00 35 00  ..\.@.4.0.p.K.5.
00010660: 2f 00 32 00 1e 00 20 4e 02 00 00 00 01 00 02 00  /.2... N........
00010670: 03 00 03 00 00 00 01 00 02 00 03 00 03 00 00 00  ................
00010680: 01 00 00 00 00 04 00 00 00 01 00 00 00 04 00 00  ................
00010690: 00 01 00 00 00 04 00 00 00 01 00 00 00 01 00 00  ................
000106a0: 00 01 00 00 00 04 00 00 00 01 00 00 00 04 00 00  ................
000106b0: 00 01 00 00 00 04 00 00 00 01 00 00 00 01 00 00  ................
000106c0: 00 01 00 00 00 04 00 00 00 01 00 00 00 04 00 00  ................
000106d0: 00 01 00 00 00 04 00 00 00 01 00 00 00 01 00 00  ................
000106e0: 0c 01 00 00 00 04 00 00 00 01 00 00 00 04 00 00  ................
000106f0: 00 01 00 00 00 04 00 00 00 01 00 00 00 01 00 00  ................
00010700: 0e 01 00 00 00 04 00 00 00 01 00 00 00 04 00 00  ................
00010710: 00 01 00 00 00 04 00 00 00 01 00 00 00 01 00 00  ................
00010720: 0e 01 00 00 00 04 00 00 00 01 00 00 00 04 00 00  ................
00010730: 00 01 00 00 00 04 00 00 00 01 00 00 00 01 00 00  ................
00010740: 00 01 00 00 00 04 00 00 00 01 00 00 00 04 00 00  ................
00010750: 00 01 00 00 00 04 00 00 00 01 00 00 00 01 00 00  ................
00010760: 00 01 00 00 bd 01 00 00 00 01 00 00 00 04 00 00  ................
00010770: 00 01 00 00 00 04 00 00 00 01 00 00 00 01 00 00  ................
00010780: 0e 01 00 00 00 04 00 00 00 01 00 00 00 04 00 00  ................
00010790: 00 01 00 00 00 04 00 00 00 01 00 00 00 01 00 00  ................
000107a0: 00 01 00 00 00 04 00 00 00 01 00 00 00 04 00 00  ................
000107b0: 00 01 00 00 00 04 00 00 00 01 00 00 00 01 00 00  ................
000107c0: 00 01 00 00 14 00 f0 00 01 00 00 00 00 00 01 00  ................
000107d0: 0c 00 00 00 d4 0e 00 00 0c 00 00 00 0c 00 00 00  ................
000107e0: d4 0e 00 00 0c 00 00 00 d4 0e 00 00 01 00 00 00  ................
000107f0: 00 01 00 00 00 01 00 00 00 01 00 00 00 02 00 00  ................
00010800: 00 0f 00 00 00 01 00 00 e0 00 00 00 06 00 00 00  ................
00010810: 36 00 00 00 00 00 00 00 01 00 00 00 01 00 00 00  6...............
00010820: 02 00 00 00 02 00 00 00 04 00 00 00 04 00 00 00  ................
00010830: 08 00 00 00 08 00 00 00 10 00 00 00 10 00 00 00  ................
00010840: 20 00 00 00 20 00 00 00 40 00 00 00 40 00 00 00   ... ...@...@...
00010850: 80 00 00 00 80 00 00 00 00 04 00 00 00 00 00 00  ................
00010860: 00 00 00 00 06 00 00 00 04 00 00 00 03 00 00 00  ................
00010870: 02 00 00 00 02 00 00 00 02 00 00 00 02 00 00 00  ................
00010880: 02 00 00 00 02 00 00 00 03 00 00 00 04 00 00 00  ................
00010890: 04 00 00 00 05 00 00 00 05 00 00 00 06 00 00 00  ................
000108a0: 07 00 00 00 00 00 00 00 20 00 00 00 04 00 00 00  ........ .......
000108b0: 00 00 00 00 15 00 1e 00 00 00 00 00 00 00 00 00  ................
000108c0: 05 00 01 00 00 00 dc 1e dc 05 00 00 01 00 00 00  ................
000108d0: 00 00 16 00 32 01 00 00 08 00 10 00 18 00 20 00  ....2......... .
000108e0: 28 00 30 00 38 00 40 00 48 00 50 00 58 00 60 00  (.0.8.@.H.P.X.`.
000108f0: 68 00 70 00 78 00 80 00 88 00 90 00 98 00 a0 00  h.p.x...........
00010900: a8 00 b0 00 b8 00 c0 00 c8 00 d0 00 d8 00 e0 00  ................
00010910: e8 00 f0 00 f8 00 00 01 08 01 10 01 18 01 20 01  .............. .
00010920: 28 01 30 01 38 01 40 01 48 01 50 01 58 01 60 01  (.0.8.@.H.P.X.`.
00010930: 68 01 70 01 78 01 80 01 88 01 90 01 98 01 a0 01  h.p.x...........
00010940: a8 01 b0 01 b8 01 c0 01 c8 01 d0 01 d8 01 e0 01  ................
00010950: e8 01 f0 01 f8 01 00 02 08 02 10 02 18 02 20 02  .............. .
00010960: 28 02 30 02 38 02 40 02 48 02 50 02 58 02 60 02  (.0.8.@.H.P.X.`.
00010970: 68 02 70 02 78 02 80 02 88 02 90 02 98 02 a0 02  h.p.x...........
00010980: a8 02 b0 02 b8 02 c0 02 c8 02 d0 02 d8 02 e0 02  ................
00010990: e8 02 f0 02 f8 02 00 03 08 03 10 03 18 03 20 03  .............. .
000109a0: 28 03 30 03 38 03 40 03 48 03 50 03 58 03 60 03  (.0.8.@.H.P.X.`.
000109b0: 68 03 70 03 78 03 80 03 88 03 90 03 98 03 a0 03  h.p.x...........
000109c0: a8 03 b0 03 b8 03 c0 03 c8 03 d0 03 d8 03 e0 03  ................
000109d0: e8 03 f0 03 f8 03 ff 03 00 00 10 00 20 00 30 00  ............ .0.
000109e0: 40 00 50 00 60 00 70 00 00 00 00 00 00 00 00 00  @.P.`.p.........
000109f0: 00 00 00 00 00 00 00 00 00 00 00 00 00 00 00 00  ................
00010a00: 00 00 00 00 17 00 e4 03 00 00 00 00 7f 7f 7f 7f  ................
00010a10: 7f 7f 7f 7f 7f 7f 7f 7f 7f 7f 7f 7f 7f 7f 7f 7f  ................
00010a20: 7f 7f 7f 7f 7f 7f 7f 7f 7f 7f 7f 7f 7f 7f 7f 7f  ................
00010a30: 7f 7f 7f 7f 7f 7f 7f 7f 7f 7f 7f 7f 7f 7f 7f 7f  ................
00010a40: 7f 7f 7f 7f 7f 7f 7f 7f 7f 7f 7f 7f 7f 00 00 00  ................
00010a50: 00 00 00 00 00 00 00 00 00 00 00 00 00 00 00 00  ................
00010a60: 00 00 00 00 00 00 00 00 00 00 00 00 00 00 00 00  ................
00010a70: 00 00 ff fe fd fc fd ff 00 01 00 00 00 00 00 00  ................
00010a80: 00 00 00 00 01 01 01 00 00 00 00 00 00 00 3e 3e  ..............>>
00010a90: 3e 3e 3e 3e 3e 3e 3e 3e 3e 3e 3e 3e 3e 3e 3e 3e  >>>>>>>>>>>>>>>>
00010aa0: 3e 3e 3e 3e 3e 3e 3e 3e 3e 3e 3e 3e 3f 3f 40 3f  >>>>>>>>>>>>??@?
00010ab0: 3f 3e 3e 3c 3b 3a 39 38 38 38 38 38 38 38 39 38  ?>><;:9888888898
00010ac0: 38 37 37 37 37 37 37 38 3a 3c 3e 3e 3e 3e 3e 00  87777778:<>>>>>.
00010ad0: 00 00 00 00 00 00 00 00 00 00 00 00 00 00 00 00  ................
00010ae0: 00 00 00 00 00 00 00 00 00 00 00 00 00 00 00 00  ................
00010af0: 00 00 00 00 00 00 00 00 00 00 00 00 00 00 00 00  ................
00010b00: 00 00 00 00 00 00 00 00 00 00 00 00 00 00 00 00  ................
00010b10: 00 00 00 00 00 00 00 00 00 00 00 00 00 00 00 00  ................
00010b20: 00 00 00 00 00 00 00 00 00 00 00 00 00 00 00 00  ................
00010b30: 00 00 00 00 00 00 00 00 00 00 00 00 00 00 00 00  ................
00010b40: 00 00 00 00 00 00 00 00 00 00 00 00 00 00 00 00  ................
00010b50: 00 00 00 00 00 00 00 00 00 00 00 00 00 00 00 00  ................
00010b60: 00 00 00 00 00 00 00 00 00 00 00 00 00 00 00 00  ................
00010b70: 00 00 00 00 00 00 00 00 00 00 00 00 00 00 00 00  ................
00010b80: 00 00 00 00 00 00 00 00 00 00 00 00 00 00 00 00  ................
00010b90: 00 00 00 00 00 00 00 00 00 00 00 00 00 00 00 00  ................
00010ba0: 00 00 00 00 00 00 00 00 00 00 00 00 00 00 00 00  ................
00010bb0: 00 00 00 00 00 00 00 00 00 00 00 00 00 00 00 00  ................
00010bc0: 00 00 00 00 00 00 00 00 00 00 00 00 00 00 00 00  ................
00010bd0: 00 00 00 00 00 00 00 00 00 00 00 00 00 00 00 00  ................
00010be0: 00 00 00 00 00 00 00 00 00 00 00 00 00 00 00 00  ................
00010bf0: 00 00 00 00 00 00 00 00 00 00 00 00 00 00 00 00  ................
00010c00: 00 00 00 00 00 00 00 00 00 00 00 00 00 00 00 00  ................
00010c10: 00 00 00 00 00 00 00 00 00 00 00 00 00 00 00 00  ................
00010c20: 00 00 00 00 00 00 00 00 00 00 00 00 00 00 00 00  ................
00010c30: 00 00 00 00 00 00 00 00 00 00 00 00 00 00 00 00  ................
00010c40: 00 00 00 00 00 00 00 00 00 00 00 00 00 00 00 00  ................
00010c50: 00 00 00 00 00 00 00 00 00 00 00 00 00 00 00 00  ................
00010c60: 00 00 00 00 00 00 00 00 00 00 00 00 00 00 00 00  ................
00010c70: 00 00 00 00 00 00 00 00 00 00 00 00 00 00 00 00  ................
00010c80: 00 00 00 00 00 00 00 00 00 00 00 00 00 00 00 00  ................
00010c90: 00 00 00 00 00 00 00 00 00 00 00 00 00 00 00 00  ................
00010ca0: 00 00 00 00 00 00 00 00 00 00 00 00 00 00 00 00  ................
00010cb0: 00 00 00 00 00 00 00 00 00 00 00 00 00 00 00 00  ................
00010cc0: 00 00 00 00 00 00 00 00 00 00 00 00 00 00 00 00  ................
00010cd0: 00 00 00 00 00 00 00 00 00 00 00 00 00 00 00 00  ................
00010ce0: 00 00 00 00 00 00 00 00 00 00 00 00 00 00 00 00  ................
00010cf0: 00 00 00 00 00 00 00 00 00 00 00 00 00 00 00 00  ................
00010d00: 00 00 00 00 00 00 00 00 00 00 00 00 00 00 00 00  ................
00010d10: 00 00 00 00 00 00 00 00 00 00 00 00 00 00 00 00  ................
00010d20: 00 00 00 00 00 00 00 00 00 00 00 00 00 00 00 00  ................
00010d30: 00 00 00 00 00 00 00 00 00 00 00 00 00 00 00 00  ................
00010d40: 00 00 00 00 00 00 00 00 00 00 00 00 00 00 00 00  ................
00010d50: 00 00 00 00 00 00 00 00 00 00 00 00 00 00 00 00  ................
00010d60: 00 00 00 00 00 00 00 00 00 00 00 00 00 00 00 00  ................
00010d70: 00 00 00 00 00 00 00 00 00 00 00 00 00 00 00 00  ................
00010d80: 00 00 00 00 00 00 00 00 00 00 00 00 00 00 00 00  ................
00010d90: 00 00 00 00 00 00 00 00 00 00 00 00 00 00 00 00  ................
00010da0: 00 00 00 00 00 00 00 00 00 00 00 00 00 00 00 00  ................
00010db0: 00 00 00 00 00 00 00 00 00 00 00 00 00 00 00 00  ................
00010dc0: 00 00 00 00 00 00 00 00 00 00 00 00 00 00 00 00  ................
00010dd0: 00 00 00 00 00 00 00 00 00 00 00 00 00 00 00 00  ................
00010de0: 00 00 00 00 00 00 00 00 1c 00 fc 01 03 01 01 00  ................
00010df0: 00 01 00 00 00 45 51 00 0e 32 03 00 0f 32 84 00  .....EQ..2...2..
00010e00: 01 3e 38 00 35 36 a0 00 20 36 28 00 09 33 a0 00  .>8.56.. 6(..3..
00010e10: 1f 33 9d 00 21 33 9f 00 06 33 65 00 0b 33 66 00  .3..!3...3e..3f.
00010e20: 08 3e 03 00 07 3e 00 00 09 3e 10 00 67 33 18 00  .>...>...>..g3..
00010e30: 5e 33 01 00 5f 33 03 00 7c 33 04 00 7d 33 06 00  ^3.._3..|3..}3..
00010e40: a0 33 05 00 01 33 05 00 02 33 7d 00 33 36 43 00  .3...3...3}.36C.
00010e50: 08 39 11 00 21 36 28 00 22 36 02 00 37 36 1c 00  .9..!6(."6..76..
00010e60: 08 33 1c 00 67 33 10 00 7f 33 03 00 68 33 04 00  .3..g3...3..h3..
00010e70: 69 33 00 00 6a 33 00 00 6b 33 00 00 67 33 08 00  i3..j3..k3..g3..
00010e80: 0e 33 30 00 66 33 7c 00 35 36 c4 00 21 36 20 00  .30.f3|.56..!6 .
00010e90: 34 33 40 00 33 33 10 00 02 33 3d 00 5e 33 01 00  43@.33...3=.^3..
00010ea0: 5f 33 02 00 7c 33 03 00 7d 33 05 00 a0 33 04 00  _3..|3..}3...3..
00010eb0: 01 33 03 00 33 36 48 00 70 36 0a 00 7c 36 07 00  .3..36H.p6..|6..
00010ec0: 7d 36 0f 00 74 36 20 00 75 36 2f 00 76 36 2f 00  }6..t6 .u6/.v6/.
00010ed0: 31 36 84 00 22 36 06 00 30 36 20 00 20 36 08 00  16.."6..06 . 6..
00010ee0: 38 36 1f 00 25 36 02 00 37 36 1e 00 36 36 25 00  86..%6..76..66%.
00010ef0: 06 33 1c 00 37 36 1a 00 1e 33 0c 00 1f 33 9c 00  .3..76...3...3..
00010f00: 20 33 0c 00 21 33 9c 00 6e 36 08 00 6f 36 2a 00   3..!3..n6..o6*.
00010f10: 22 36 16 00 3b 36 0c 00 39 36 0a 00 35 36 c0 00  "6..;6..96..56..
00010f20: 00 3f 07 00 04 3f 02 00 05 3f fc 00 02 38 01 00  .?...?...?...8..
00010f30: 35 32 07 00 36 32 06 00 39 36 09 00 70 36 02 00  52..62..96..p6..
00010f40: 35 36 80 00 0e 32 02 00 0f 32 ee 00 35 32 05 00  56...2...2..52..
00010f50: 36 32 da 00 39 30 51 00 3a 30 ba 00 34 30 06 00  62..90Q.:0..40..
00010f60: 35 30 e2 00 08 32 05 00 09 32 08 00 0a 32 02 00  50...2...2...2..
00010f70: 0b 32 d8 00 11 32 04 00 13 32 04 00 02 33 7d 00  .2...2...2...3}.
00010f80: 57 33 51 00 26 33 00 00 03 33 20 00 20 33 07 00  W3Q.&3...3 . 3..
00010f90: 1e 33 11 00 1f 33 91 00 6f 36 2c 00 33 33 30 00  .3...3..o6,.330.
00010fa0: 1b 33 83 00 0b 33 5e 00 20 36 28 00 31 36 86 00  .3...3^. 6(.16..
00010fb0: 33 36 42 00 01 33 04 00 22 36 d6 00 35 36 84 00  36B..3.."6..56..
00010fc0: 01 3e 5d 00 02 3e 80 00 08 32 05 00 09 32 00 00  .>]..>...2...2..
00010fd0: 0a 32 02 00 0b 32 d0 00 11 32 08 00 13 32 08 00  .2...2...2...2..
00010fe0: 02 38 01 00 00 00 00 00                          .8......
