00000000: 04 00 00 00 34 2e 30 30 33 5f 4d 49 50 49 30 31  ....4.003_MIPI01
00000010: 31 39 00 00 37 0f 00 00 e4 07 0a 17 11 35 12 00  19..7........5..
00000020: 00 00 00 00 da 87 00 00 00 00 00 00 00 00 00 00  ................
00000030: 00 00 00 00 00 00 00 00 00 00 00 00 00 00 00 00  ................
00000040: 00 00 00 00 00 00 00 00 00 00 00 00 00 00 00 00  ................
00000050: 00 00 00 00 00 00 00 00 00 00 00 00 00 00 00 00  ................
00000060: 00 00 00 00 00 00 00 00 00 00 00 00 00 00 00 00  ................
00000070: 00 00 00 00 00 00 00 00 00 00 00 00 00 00 00 00  ................
00000080: 30 31 2e 31 35 20 d3 c5 bb af b0 d7 cc ec d2 b9  01.15 ..........
00000090: ca d3 b5 c4 c8 b1 cf dd 00 00 00 00 00 00 00 00  ................
000000a0: 00 00 00 00 00 00 00 00 00 00 00 00 00 00 00 00  ................
000000b0: 00 00 00 00 00 00 00 00 00 00 00 00 00 00 00 00  ................
000000c0: 00 00 00 00 00 00 00 00 00 00 00 00 00 00 00 00  ................
000000d0: 00 00 00 00 00 00 00 00 00 00 00 00 00 00 00 00  ................
000000e0: 00 00 00 00 00 00 00 00 00 00 00 00 00 00 00 00  ................
000000f0: 00 00 00 00 00 00 00 00 00 00 00 00 00 00 00 00  ................
00000100: 00 00 00 00 00 00 00 00 00 00 00 00 00 00 00 00  ................
00000110: 00 00 00 00 00 00 00 00 00 00 00 00 00 00 00 00  ................
00000120: 00 00 00 00 00 00 00 00 00 00 00 00 00 00 00 00  ................
00000130: 00 00 00 00 00 00 00 00 00 00 00 00 00 00 00 00  ................
00000140: 00 00 00 00 00 00 00 00 00 00 00 00 00 00 00 00  ................
00000150: 00 00 00 00 00 00 00 00 00 00 00 00 00 00 00 00  ................
00000160: 00 00 00 00 00 00 00 00 00 00 00 00 00 00 00 00  ................
00000170: 00 00 00 00 00 00 00 00 00 00 00 00 00 00 00 00  ................
00000180: 00 00 00 00 00 00 00 00 00 00 00 00 00 00 00 00  ................
00000190: 00 00 00 00 00 00 00 00 00 00 00 00 00 00 00 00  ................
000001a0: 00 00 00 00 00 00 00 00 00 00 00 00 00 00 00 00  ................
000001b0: 00 00 00 00 00 00 00 00 00 00 00 00 00 00 00 00  ................
000001c0: 00 00 00 00 00 00 00 00 00 00 00 00 00 00 00 00  ................
000001d0: 00 00 00 00 00 00 00 00 00 00 00 00 00 00 00 00  ................
000001e0: 00 00 00 00 00 00 00 00 00 00 00 00 00 00 00 00  ................
000001f0: 00 00 00 00 00 00 00 00 00 00 00 00 00 00 00 00  ................
00000200: 00 00 ba 00 01 00 01 00 40 00 40 00 40 00 40 00  ........@.@.@.@.
00000210: c0 ff c2 ff c2 ff c2 ff 01 00 40 00 40 00 40 00  ..........@.@.@.
00000220: 40 00 c0 ff c0 ff c0 ff c0 ff 01 00 40 00 40 00  @...........@.@.
00000230: 40 00 40 00 c0 ff c0 ff c0 ff c0 ff 01 00 40 00  @.@...........@.
00000240: 40 00 40 00 40 00 c0 ff c0 ff c0 ff c0 ff 01 00  @.@.@...........
00000250: 40 00 40 00 40 00 40 00 c0 ff c0 ff c0 ff c0 ff  @.@.@.@.........
00000260: 01 00 40 00 40 00 40 00 40 00 c0 ff c0 ff c0 ff  ..@.@.@.@.......
00000270: c0 ff 01 00 40 00 40 00 40 00 40 00 c0 ff c0 ff  ....@.@.@.@.....
00000280: c0 ff c0 ff 01 00 44 00 44 00 44 00 44 00 bb ff  ......D.D.D.D...
00000290: b9 ff b9 ff be ff 01 00 44 00 44 00 44 00 44 00  ........D.D.D.D.
000002a0: b8 ff b8 ff b8 ff b8 ff 01 00 44 00 44 00 44 00  ..........D.D.D.
000002b0: 44 00 b8 ff b8 ff b8 ff b8 ff 01 00 c0 00 01 00  D...............
000002c0: b7 03 20 02 0b 00 00 00 00 00 04 00 09 00 0d 00  .. .............
000002d0: 12 00 1b 00 1b 00 1b 00 1b 00 00 01 00 01 00 01  ................
000002e0: 03 01 0e 01 22 01 43 01 7e 01 c1 01 0c 02 00 00  ....".C.~.......
000002f0: 00 00 01 00 09 00 0c 00 12 00 1b 00 1b 00 1b 00  ................
00000300: 1b 00 00 01 00 01 00 01 00 01 0b 01 1d 01 3e 01  ..............>.
00000310: 79 01 bc 01 07 02 00 00 00 00 01 00 09 00 0c 00  y...............
00000320: 12 00 1b 00 1b 00 1b 00 1b 00 00 01 00 01 00 01  ................
00000330: 00 01 0b 01 1d 01 3e 01 79 01 bc 01 07 02 00 00  ......>.y.......
00000340: 00 00 01 00 09 00 0c 00 0f 00 1b 00 1b 00 1b 00  ................
00000350: 1b 00 00 01 00 01 00 01 00 01 0b 01 1d 01 39 01  ..............9.
00000360: 74 01 b7 01 02 02 00 00 18 00 40 00 7c 00 cc 00  t.........@.|...
00000370: 30 01 a8 01 34 02 d4 02 88 03 02 00 6c 03 00 00  0...4.......l...
00000380: 08 00 10 00 18 00 20 00 28 00 30 00 38 00 40 00  ...... .(.0.8.@.
00000390: 48 00 50 00 58 00 60 00 68 00 70 00 78 00 80 00  H.P.X.`.h.p.x...
000003a0: 88 00 90 00 98 00 a0 00 a8 00 b0 00 b8 00 c0 00  ................
000003b0: c8 00 d0 00 d8 00 e0 00 e8 00 f0 00 f8 00 00 01  ................
000003c0: 08 01 10 01 18 01 20 01 28 01 30 01 38 01 40 01  ...... .(.0.8.@.
000003d0: 48 01 50 01 58 01 60 01 68 01 70 01 78 01 80 01  H.P.X.`.h.p.x...
000003e0: 88 01 90 01 98 01 a0 01 a8 01 b0 01 b8 01 c0 01  ................
000003f0: c8 01 d0 01 d8 01 e0 01 e8 01 f0 01 f8 01 00 02  ................
00000400: 08 02 10 02 18 02 20 02 28 02 30 02 38 02 40 02  ...... .(.0.8.@.
00000410: 48 02 50 02 58 02 60 02 68 02 70 02 78 02 80 02  H.P.X.`.h.p.x...
00000420: 88 02 90 02 98 02 a0 02 a8 02 b0 02 b8 02 c0 02  ................
00000430: c8 02 d0 02 d8 02 e0 02 e8 02 f0 02 f8 02 00 03  ................
00000440: 08 03 10 03 18 03 20 03 28 03 30 03 38 03 40 03  ...... .(.0.8.@.
00000450: 48 03 50 03 58 03 60 03 68 03 70 03 78 03 80 03  H.P.X.`.h.p.x...
00000460: 88 03 90 03 98 03 a0 03 a8 03 b0 03 b8 03 c0 03  ................
00000470: c8 03 d0 03 d8 03 e0 03 e8 03 f0 03 f8 03 ff 03  ................
00000480: 00 00 08 00 10 00 18 00 20 00 28 00 30 00 38 00  ........ .(.0.8.
00000490: 40 00 48 00 50 00 58 00 60 00 68 00 70 00 78 00  @.H.P.X.`.h.p.x.
000004a0: 80 00 88 00 90 00 98 00 a0 00 a8 00 b0 00 b8 00  ................
000004b0: c0 00 c8 00 d0 00 d8 00 e0 00 e8 00 f0 00 f8 00  ................
000004c0: 00 01 08 01 10 01 18 01 20 01 28 01 30 01 38 01  ........ .(.0.8.
000004d0: 40 01 48 01 50 01 58 01 60 01 68 01 70 01 78 01  @.H.P.X.`.h.p.x.
000004e0: 80 01 88 01 90 01 98 01 a0 01 a8 01 b0 01 b8 01  ................
000004f0: c0 01 c8 01 d0 01 d8 01 e0 01 e8 01 f0 01 f8 01  ................
00000500: 00 02 08 02 10 02 18 02 20 02 28 02 30 02 38 02  ........ .(.0.8.
00000510: 40 02 48 02 50 02 58 02 60 02 68 02 70 02 78 02  @.H.P.X.`.h.p.x.
00000520: 80 02 88 02 90 02 98 02 a0 02 a8 02 b0 02 b8 02  ................
00000530: c0 02 c8 02 d0 02 d8 02 e0 02 e8 02 f0 02 f8 02  ................
00000540: 00 03 08 03 10 03 18 03 20 03 28 03 30 03 38 03  ........ .(.0.8.
00000550: 40 03 48 03 50 03 58 03 60 03 68 03 70 03 78 03  @.H.P.X.`.h.p.x.
00000560: 80 03 88 03 90 03 98 03 a0 03 a8 03 b0 03 b8 03  ................
00000570: c0 03 c8 03 d0 03 d8 03 e0 03 e8 03 f0 03 f8 03  ................
00000580: ff 03 00 00 08 00 10 00 18 00 20 00 28 00 30 00  .......... .(.0.
00000590: 38 00 40 00 48 00 50 00 58 00 60 00 68 00 70 00  8.@.H.P.X.`.h.p.
000005a0: 78 00 80 00 88 00 90 00 98 00 a0 00 a8 00 b0 00  x...............
000005b0: b8 00 c0 00 c8 00 d0 00 d8 00 e0 00 e8 00 f0 00  ................
000005c0: f8 00 00 01 08 01 10 01 18 01 20 01 28 01 30 01  .......... .(.0.
000005d0: 38 01 40 01 48 01 50 01 58 01 60 01 68 01 70 01  8.@.H.P.X.`.h.p.
000005e0: 78 01 80 01 88 01 90 01 98 01 a0 01 a8 01 b0 01  x...............
000005f0: b8 01 c0 01 c8 01 d0 01 d8 01 e0 01 e8 01 f0 01  ................
00000600: f8 01 00 02 08 02 10 02 18 02 20 02 28 02 30 02  .......... .(.0.
00000610: 38 02 40 02 48 02 50 02 58 02 60 02 68 02 70 02  8.@.H.P.X.`.h.p.
00000620: 78 02 80 02 88 02 90 02 98 02 a0 02 a8 02 b0 02  x...............
00000630: b8 02 c0 02 c8 02 d0 02 d8 02 e0 02 e8 02 f0 02  ................
00000640: f8 02 00 03 08 03 10 03 18 03 20 03 28 03 30 03  .......... .(.0.
00000650: 38 03 40 03 48 03 50 03 58 03 60 03 68 03 70 03  8.@.H.P.X.`.h.p.
00000660: 78 03 80 03 88 03 90 03 98 03 a0 03 a8 03 b0 03  x...............
00000670: b8 03 c0 03 c8 03 d0 03 d8 03 e0 03 e8 03 f0 03  ................
00000680: f8 03 ff 03 00 00 06 00 36 00 80 00 00 00 00 00  ........6.......
00000690: 00 00 00 00 00 00 00 00 00 00 00 00 00 00 00 00  ................
000006a0: 00 00 00 00 00 00 06 00 36 00 80 00 00 00 00 00  ........6.......
000006b0: 00 00 00 00 00 00 00 00 00 00 00 00 00 00 00 00  ................
000006c0: 00 00 00 00 00 00 06 00 36 00 80 00 00 00 00 00  ........6.......
000006d0: 00 00 00 00 00 00 00 00 00 00 00 00 00 00 00 00  ................
000006e0: 00 00 00 00 00 00 03 00 dc 08 01 00 00 00 ff 03  ................
000006f0: 5f 03 05 02 dc 00 42 00 0e 00 02 00 00 00 00 00  _.....B.........
00000700: 00 00 00 00 00 00 00 00 00 00 00 00 00 00 00 00  ................
00000710: ff 03 5f 03 05 02 dc 00 42 00 0e 00 02 00 00 00  .._.....B.......
00000720: 00 00 00 00 00 00 00 00 00 00 00 00 00 00 00 00  ................
00000730: 00 00 ff 03 5f 03 05 02 dc 00 42 00 0e 00 02 00  ...._.....B.....
00000740: 00 00 00 00 00 00 00 00 00 00 00 00 00 00 00 00  ................
00000750: 00 00 00 00 04 00 00 00 40 00 80 00 c0 00 00 01  ........@.......
00000760: 40 01 80 01 c0 01 00 02 40 02 80 02 c0 02 00 03  @.......@.......
00000770: 40 03 80 03 c0 03 ff 03 00 00 02 00 04 00 06 00  @...............
00000780: 08 00 0a 00 0c 00 0e 00 00 00 00 00 00 00 00 00  ................
00000790: 00 00 00 00 00 00 00 00 dc 05 dc 05 dc 05 01 00  ................
000007a0: ff 03 00 00 00 00 00 00 00 00 00 00 00 00 00 00  ................
000007b0: 00 00 00 00 00 00 00 00 00 00 00 00 00 00 00 00  ................
000007c0: 00 00 ff 03 00 00 00 00 00 00 00 00 00 00 00 00  ................
000007d0: 00 00 00 00 00 00 00 00 00 00 00 00 00 00 00 00  ................
000007e0: 00 00 00 00 ff 03 00 00 00 00 00 00 00 00 00 00  ................
000007f0: 00 00 00 00 00 00 00 00 00 00 00 00 00 00 00 00  ................
00000800: 00 00 00 00 00 00 06 00 00 00 6b 00 d4 00 37 01  ..........k...7.
00000810: 92 01 e4 01 2e 02 70 02 ac 02 e2 02 14 03 41 03  ......p.......A.
00000820: 6b 03 93 03 b8 03 dc 03 ff 03 00 00 03 00 08 00  k...............
00000830: 10 00 00 00 00 00 00 00 00 00 00 00 00 00 00 00  ................
00000840: 00 00 00 00 00 00 00 00 00 00 0a 00 0a 00 0a 00  ................
00000850: 01 00 ff 03 06 00 00 00 00 00 00 00 00 00 00 00  ................
00000860: 00 00 00 00 00 00 00 00 00 00 00 00 00 00 00 00  ................
00000870: 00 00 00 00 ff 03 06 00 00 00 00 00 00 00 00 00  ................
00000880: 00 00 00 00 00 00 00 00 00 00 00 00 00 00 00 00  ................
00000890: 00 00 00 00 00 00 ff 03 06 00 00 00 00 00 00 00  ................
000008a0: 00 00 00 00 00 00 00 00 00 00 00 00 00 00 00 00  ................
000008b0: 00 00 00 00 00 00 00 00 06 00 00 00 69 00 cf 00  ............i...
000008c0: 31 01 8e 01 e3 01 2f 02 71 02 ab 02 de 02 0d 03  1...../.q.......
000008d0: 38 03 61 03 8a 03 b1 03 d9 03 ff 03 00 00 05 00  8.a.............
000008e0: 0b 00 10 00 00 00 00 00 00 00 00 00 00 00 00 00  ................
000008f0: 00 00 00 00 00 00 00 00 00 00 00 00 32 00 32 00  ............2.2.
00000900: 32 00 01 00 ff 03 4f 00 00 00 00 00 00 00 00 00  2.....O.........
00000910: 00 00 00 00 00 00 00 00 00 00 00 00 00 00 00 00  ................
00000920: 00 00 00 00 00 00 ff 03 4f 00 00 00 00 00 00 00  ........O.......
00000930: 00 00 00 00 00 00 00 00 00 00 00 00 00 00 00 00  ................
00000940: 00 00 00 00 00 00 00 00 ff 03 4f 00 00 00 00 00  ..........O.....
00000950: 00 00 00 00 00 00 00 00 00 00 00 00 00 00 00 00  ................
00000960: 00 00 00 00 00 00 00 00 00 00 05 00 00 00 24 00  ..............$.
00000970: 56 00 92 00 d4 00 18 01 5b 01 9e 01 e2 01 25 02  V.......[.....%.
00000980: 69 02 ad 02 f0 02 34 03 78 03 bc 03 ff 03 00 00  i.....4.x.......
00000990: 01 00 04 00 10 00 00 00 00 00 00 00 00 00 00 00  ................
000009a0: 00 00 00 00 00 00 00 00 00 00 00 00 00 00 64 00  ..............d.
000009b0: 64 00 64 00 01 00 ff 03 1c 01 06 00 00 00 00 00  d.d.............
000009c0: 00 00 00 00 00 00 00 00 00 00 00 00 00 00 00 00  ................
000009d0: 00 00 00 00 00 00 00 00 ff 03 1c 01 06 00 00 00  ................
000009e0: 00 00 00 00 00 00 00 00 00 00 00 00 00 00 00 00  ................
000009f0: 00 00 00 00 00 00 00 00 00 00 ff 03 1c 01 06 00  ................
00000a00: 00 00 00 00 00 00 00 00 00 00 00 00 00 00 00 00  ................
00000a10: 00 00 00 00 00 00 00 00 00 00 00 00 04 00 00 00  ................
00000a20: 14 00 37 00 69 00 a6 00 ec 00 38 01 86 01 d4 01  ..7.i.....8.....
00000a30: 20 02 69 02 b0 02 f5 02 39 03 7c 03 be 03 ff 03   .i.....9.|.....
00000a40: 00 00 01 00 05 00 08 00 10 00 00 00 00 00 00 00  ................
00000a50: 00 00 00 00 00 00 00 00 00 00 00 00 00 00 00 00  ................
00000a60: c8 00 c8 00 c8 00 01 00 ff 03 e7 02 1c 01 39 00  ..............9.
00000a70: 06 00 00 00 00 00 00 00 00 00 00 00 00 00 00 00  ................
00000a80: 00 00 00 00 00 00 00 00 00 00 ff 03 e7 02 1c 01  ................
00000a90: 39 00 06 00 00 00 00 00 00 00 00 00 00 00 00 00  9...............
00000aa0: 00 00 00 00 00 00 00 00 00 00 00 00 ff 03 e7 02  ................
00000ab0: 1c 01 39 00 06 00 00 00 00 00 00 00 00 00 00 00  ..9.............
00000ac0: 00 00 00 00 00 00 00 00 00 00 00 00 00 00 04 00  ................
00000ad0: 00 00 20 00 48 00 80 00 c4 00 0c 01 55 01 9c 01  .. .H.......U...
00000ae0: e2 01 28 02 6d 02 b1 02 f4 02 38 03 7a 03 bd 03  ..(.m.....8.z...
00000af0: ff 03 00 00 02 00 05 00 10 00 00 00 00 00 00 00  ................
00000b00: 00 00 00 00 00 00 00 00 00 00 00 00 00 00 00 00  ................
00000b10: 00 00 20 03 20 03 20 03 01 00 ff 03 84 03 65 02  .. . . .......e.
00000b20: 43 01 84 00 29 00 0a 00 01 00 00 00 00 00 00 00  C...)...........
00000b30: 00 00 00 00 00 00 00 00 00 00 00 00 ff 03 84 03  ................
00000b40: 65 02 43 01 84 00 29 00 0a 00 01 00 00 00 00 00  e.C...).........
00000b50: 00 00 00 00 00 00 00 00 00 00 00 00 00 00 ff 03  ................
00000b60: 84 03 65 02 43 01 84 00 29 00 0a 00 01 00 00 00  ..e.C...).......
00000b70: 00 00 00 00 00 00 00 00 00 00 00 00 00 00 00 00  ................
00000b80: 03 00 00 00 20 00 4c 00 8d 00 d8 00 24 01 6d 01  .... .L.....$.m.
00000b90: b4 01 fa 01 3e 02 81 02 c2 02 03 03 43 03 82 03  ....>.......C...
00000ba0: c1 03 ff 03 00 00 02 00 04 00 10 00 00 00 00 00  ................
00000bb0: 00 00 00 00 00 00 00 00 00 00 00 00 00 00 00 00  ................
00000bc0: 00 00 00 00 d0 07 d0 07 d0 07 01 00 ff 03 df 03  ................
00000bd0: 84 03 ff 02 65 02 cc 01 43 01 d5 00 84 00 4c 00  ....e...C.....L.
00000be0: 29 00 15 00 0a 00 04 00 01 00 00 00 00 00 ff 03  )...............
00000bf0: df 03 84 03 ff 02 65 02 cc 01 43 01 d5 00 84 00  ......e...C.....
00000c00: 4c 00 29 00 15 00 0a 00 04 00 01 00 00 00 00 00  L.).............
00000c10: ff 03 df 03 84 03 ff 02 65 02 cc 01 43 01 d5 00  ........e...C...
00000c20: 84 00 4c 00 29 00 15 00 0a 00 04 00 01 00 00 00  ..L.)...........
00000c30: 00 00 01 00 00 00 18 00 45 00 84 00 ce 00 1c 01  ........E.......
00000c40: 69 01 b3 01 fa 01 40 02 83 02 c5 02 06 03 45 03  i.....@.......E.
00000c50: 84 03 c2 03 ff 03 00 00 01 00 05 00 10 00 00 00  ................
00000c60: 00 00 00 00 00 00 00 00 00 00 00 00 00 00 00 00  ................
00000c70: 00 00 00 00 00 00 40 1f 40 1f 40 1f 01 00 ff 03  ......@.@.@.....
00000c80: e7 02 1c 01 39 00 06 00 00 00 00 00 00 00 00 00  ....9...........
00000c90: 00 00 00 00 00 00 00 00 00 00 00 00 00 00 00 00  ................
00000ca0: ff 03 e7 02 1c 01 39 00 06 00 00 00 00 00 00 00  ......9.........
00000cb0: 00 00 00 00 00 00 00 00 00 00 00 00 00 00 00 00  ................
00000cc0: 00 00 ff 03 e7 02 1c 01 39 00 06 00 00 00 00 00  ........9.......
00000cd0: 00 00 00 00 00 00 00 00 00 00 00 00 00 00 00 00  ................
00000ce0: 00 00 00 00 04 00 00 00 60 00 bc 00 10 01 5a 01  ........`.....Z.
00000cf0: 9c 01 d7 01 10 02 48 02 7f 02 b7 02 ee 02 25 03  ......H.......%.
00000d00: 5c 03 92 03 c9 03 ff 03 00 00 03 00 07 00 10 00  \...............
00000d10: 00 00 00 00 00 00 00 00 00 00 00 00 00 00 00 00  ................
00000d20: 00 00 00 00 00 00 00 00 20 03 20 03 20 03 01 00  ........ . . ...
00000d30: ff 03 1c 01 06 00 00 00 00 00 00 00 00 00 00 00  ................
00000d40: 00 00 00 00 00 00 00 00 00 00 00 00 00 00 00 00  ................
00000d50: 00 00 ff 03 1c 01 06 00 00 00 00 00 00 00 00 00  ................
00000d60: 00 00 00 00 00 00 00 00 00 00 00 00 00 00 00 00  ................
00000d70: 00 00 00 00 ff 03 1c 01 06 00 00 00 00 00 00 00  ................
00000d80: 00 00 00 00 00 00 00 00 00 00 00 00 00 00 00 00  ................
00000d90: 00 00 00 00 00 00 05 00 00 00 40 00 80 00 c0 00  ..........@.....
00000da0: 00 01 40 01 80 01 c0 01 00 02 40 02 80 02 c0 02  ..@.......@.....
00000db0: 00 03 40 03 80 03 c0 03 ff 03 00 00 02 00 04 00  ..@.............
00000dc0: 06 00 08 00 0a 00 0c 00 0e 00 00 00 00 00 00 00  ................
00000dd0: 00 00 00 00 00 00 00 00 00 00 c8 00 c8 00 c8 00  ................
00000de0: 01 00 00 00 ff 03 ac 03 d7 02 db 01 05 01 79 00  ..............y.
00000df0: 2f 00 0f 00 04 00 01 00 00 00 00 00 00 00 00 00  /...............
00000e00: 00 00 00 00 00 00 04 00 b8 0b 00 00 41 00 00 00  ............A...
00000e10: 00 00 01 00 ff 03 06 00 00 00 00 00 00 00 00 00  ................
00000e20: 00 00 00 00 00 00 00 00 00 00 00 00 00 00 00 00  ................
00000e30: 00 00 00 00 00 00 05 00 32 00 01 00 41 00 01 00  ........2...A...
00000e40: 00 00 01 00 ff 03 4f 00 00 00 00 00 00 00 00 00  ......O.........
00000e50: 00 00 00 00 00 00 00 00 00 00 00 00 00 00 00 00  ................
00000e60: 00 00 00 00 00 00 05 00 64 00 01 00 41 00 01 00  ........d...A...
00000e70: 00 00 01 00 ff 03 b4 01 21 00 00 00 00 00 00 00  ........!.......
00000e80: 00 00 00 00 00 00 00 00 00 00 00 00 00 00 00 00  ................
00000e90: 00 00 00 00 00 00 05 00 2c 01 01 00 41 00 01 00  ........,...A...
00000ea0: 00 00 01 00 ff 03 18 03 6f 01 66 00 11 00 01 00  ........o.f.....
00000eb0: 00 00 00 00 00 00 00 00 00 00 00 00 00 00 00 00  ................
00000ec0: 00 00 00 00 00 00 04 00 e8 03 01 00 23 00 01 00  ............#...
00000ed0: 01 00 01 00 ff 03 18 03 6f 01 66 00 11 00 01 00  ........o.f.....
00000ee0: 00 00 00 00 00 00 00 00 00 00 00 00 00 00 00 00  ................
00000ef0: 00 00 00 00 00 00 03 00 e8 03 01 00 41 00 01 00  ............A...
00000f00: 01 00 01 00 ff 03 cc 03 42 03 85 02 c3 01 1c 01  ........B.......
00000f10: a2 00 53 00 26 00 10 00 06 00 02 00 00 00 00 00  ..S.&...........
00000f20: 00 00 00 00 00 00 02 00 88 13 01 00 23 00 01 00  ............#...
00000f30: 01 00 01 00 ff 03 df 03 84 03 ff 02 65 02 cc 01  ............e...
00000f40: 43 01 d5 00 84 00 4c 00 29 00 15 00 0a 00 04 00  C.....L.).......
00000f50: 01 00 00 00 00 00 02 00 40 1f 00 00 00 00 00 00  ........@.......
00000f60: 00 00 01 00 ff 03 18 03 6f 01 66 00 11 00 01 00  ........o.f.....
00000f70: 00 00 00 00 00 00 00 00 00 00 00 00 00 00 00 00  ................
00000f80: 00 00 00 00 00 00 02 00 e8 03 00 00 00 00 00 00  ................
00000f90: 00 00 01 00 ff 03 b4 01 21 00 00 00 00 00 00 00  ........!.......
00000fa0: 00 00 00 00 00 00 00 00 00 00 00 00 00 00 00 00  ................
00000fb0: 00 00 00 00 00 00 05 00 2c 01 00 00 00 00 00 00  ........,.......
00000fc0: 00 00 04 00 68 04 01 00 00 00 01 00 00 00 00 00  ....h...........
00000fd0: 01 00 01 00 02 00 00 00 01 00 01 00 08 00 08 00  ................
00000fe0: 54 00 01 00 e0 15 90 1a 40 00 20 00 00 00 08 00  T.......@. .....
00000ff0: 14 00 ff 03 fb 03 ee 03 d9 03 bc 03 98 03 6e 03  ..............n.
00001000: 3e 03 0b 03 d4 02 9c 02 63 02 29 02 f1 01 bb 01  >.......c.).....
00001010: 88 01 57 01 60 ea 01 00 00 00 0f 00 20 00 40 00  ..W.`....... .@.
00001020: 00 00 0c 00 03 00 e0 15 90 1a 30 00 20 00 00 00  ..........0. ...
00001030: 08 00 14 00 00 00 64 00 00 00 00 00 01 00 01 00  ......d.........
00001040: 01 00 01 00 02 00 00 00 01 00 01 00 08 00 08 00  ................
00001050: 50 00 02 00 dc 05 f0 0a 18 00 0c 00 00 00 08 00  P...............
00001060: 00 00 ff 03 18 03 6f 01 66 00 11 00 01 00 00 00  ......o.f.......
00001070: 00 00 00 00 00 00 00 00 00 00 00 00 00 00 00 00  ................
00001080: 00 00 00 00 e8 03 02 00 00 00 0b 00 10 00 20 00  .............. .
00001090: 00 00 0c 00 02 00 dc 05 f0 0a 18 00 0c 00 00 00  ................
000010a0: 08 00 14 00 00 00 64 00 00 00 00 00 01 00 01 00  ......d.........
000010b0: 01 00 01 00 02 00 00 00 01 00 01 00 08 00 08 00  ................
000010c0: 7f 00 01 00 dc 05 b8 0b 30 00 18 00 00 00 08 00  ........0.......
000010d0: 00 00 ff 03 cc 03 42 03 85 02 c3 01 1c 01 a2 00  ......B.........
000010e0: 53 00 26 00 10 00 06 00 02 00 00 00 00 00 00 00  S.&.............
000010f0: 00 00 00 00 88 13 02 00 00 00 0d 00 20 00 40 00  ............ .@.
00001100: 00 00 0c 00 01 00 dc 05 b8 0b 30 00 18 00 00 00  ..........0.....
00001110: 08 00 14 00 00 00 64 00 00 00 00 00 01 00 01 00  ......d.........
00001120: 01 00 01 00 02 00 00 00 01 00 01 00 08 00 08 00  ................
00001130: 7f 00 02 00 d0 07 b8 0b 30 00 20 00 00 00 08 00  ........0. .....
00001140: 00 00 ff 03 f9 03 e6 03 c6 03 9c 03 68 03 2d 03  ............h.-.
00001150: ec 02 a7 02 61 02 1b 02 d8 01 97 01 5b 01 24 01  ....a.......[.$.
00001160: f2 00 c6 00 40 9c 02 00 00 00 0f 00 20 00 40 00  ....@....... .@.
00001170: 00 00 0c 00 02 00 d0 07 b8 0b 30 00 20 00 00 00  ..........0. ...
00001180: 08 00 14 00 00 00 64 00 00 00 00 00 01 00 01 00  ......d.........
00001190: 01 00 01 00 02 00 00 00 01 00 01 00 08 00 08 00  ................
000011a0: 7f 00 01 00 c4 09 d8 0e 40 00 20 00 00 00 08 00  ........@. .....
000011b0: 14 00 ff 03 f9 03 e6 03 c6 03 9c 03 68 03 2d 03  ............h.-.
000011c0: ec 02 a7 02 61 02 1b 02 d8 01 97 01 5b 01 24 01  ....a.......[.$.
000011d0: f2 00 c6 00 40 9c 02 00 00 00 0f 00 20 00 40 00  ....@....... .@.
000011e0: 00 00 0c 00 01 00 c4 09 d8 0e 40 00 20 00 00 00  ..........@. ...
000011f0: 08 00 14 00 00 00 64 00 00 00 00 00 01 00 01 00  ......d.........
00001200: 01 00 01 00 02 00 00 00 01 00 01 00 08 00 08 00  ................
00001210: 7f 00 01 00 c4 09 d8 0e 40 00 30 00 00 00 08 00  ........@.0.....
00001220: 14 00 ff 03 fa 03 eb 03 d1 03 af 03 84 03 53 03  ..............S.
00001230: 1c 03 e1 02 a4 02 65 02 27 02 e9 01 af 01 77 01  ......e.'.....w.
00001240: 43 01 14 01 50 c3 02 00 00 00 0f 00 20 00 40 00  C...P....... .@.
00001250: 00 00 0c 00 01 00 c4 09 d8 0e 40 00 30 00 00 00  ..........@.0...
00001260: 08 00 40 00 00 00 64 00 00 00 01 00 01 00 01 00  ..@...d.........
00001270: 01 00 01 00 02 00 00 00 01 00 01 00 08 00 08 00  ................
00001280: 7e 00 02 00 10 0e c0 12 60 00 40 00 00 00 08 00  ~.......`.@.....
00001290: 14 00 ff 03 fb 03 f0 03 dc 03 c1 03 a0 03 79 03  ..............y.
000012a0: 4d 03 1c 03 e9 02 b3 02 7d 02 46 02 0f 02 da 01  M.......}.F.....
000012b0: a7 01 77 01 14 ff 02 00 00 00 0f 00 40 00 60 00  ..w.........@.`.
000012c0: 00 00 08 00 02 00 10 0e c0 12 60 00 40 00 00 00  ..........`.@...
000012d0: 08 00 40 00 00 00 64 00 00 00 01 00 01 00 01 00  ..@...d.........
000012e0: 01 00 01 00 02 00 00 00 01 00 01 00 08 00 08 00  ................
000012f0: 7f 00 01 00 70 17 4c 1d 40 00 30 00 00 00 08 00  ....p.L.@.0.....
00001300: 14 00 ff 03 f9 03 e6 03 c6 03 9c 03 68 03 2d 03  ............h.-.
00001310: ec 02 a7 02 61 02 1b 02 d8 01 97 01 5b 01 24 01  ....a.......[.$.
00001320: f2 00 c6 00 40 9c 01 00 00 00 0f 00 20 00 40 00  ....@....... .@.
00001330: 00 00 0c 00 01 00 70 17 4c 1d 40 00 20 00 00 00  ......p.L.@. ...
00001340: 08 00 40 00 00 00 64 00 00 00 01 00 01 00 01 00  ..@...d.........
00001350: 01 00 01 00 02 00 00 00 01 00 01 00 08 00 08 00  ................
00001360: 78 00 01 00 40 1f 10 27 40 00 20 00 00 00 08 00  x...@..'@. .....
00001370: 14 00 ff 03 f9 03 e6 03 c6 03 9c 03 68 03 2d 03  ............h.-.
00001380: ec 02 a7 02 61 02 1b 02 d8 01 97 01 5b 01 24 01  ....a.......[.$.
00001390: f2 00 c6 00 40 9c 01 00 00 00 0f 00 10 00 78 00  ....@.........x.
000013a0: 10 00 0c 00 01 00 40 1f 10 27 40 00 20 00 00 00  ......@..'@. ...
000013b0: 08 00 40 00 00 00 64 00 00 00 01 00 01 00 01 00  ..@...d.........
000013c0: 01 00 01 00 01 00 00 00 01 00 01 00 08 00 08 00  ................
000013d0: 78 00 04 00 e8 03 d0 07 20 00 18 00 00 00 08 00  x....... .......
000013e0: 28 00 ff 03 18 03 6f 01 66 00 11 00 01 00 00 00  (.....o.f.......
000013f0: 00 00 00 00 00 00 00 00 00 00 00 00 00 00 00 00  ................
00001400: 00 00 00 00 e8 03 02 00 00 00 0b 00 08 00 7e 00  ..............~.
00001410: 00 00 04 00 04 00 e8 03 d0 07 20 00 18 00 00 00  .......... .....
00001420: 08 00 28 00 00 00 96 00 00 00 05 00 56 00 00 00  ..(.........V...
00001430: 00 00 14 00 0c 00 1e 00 01 00 14 00 04 00 78 00  ..............x.
00001440: 01 00 14 00 04 00 78 00 01 00 14 00 0c 00 1e 00  ......x.........
00001450: 01 00 14 00 0c 00 1e 00 01 00 14 00 04 00 78 00  ..............x.
00001460: 01 00 14 00 04 00 78 00 01 00 14 00 04 00 78 00  ......x.......x.
00001470: 01 00 14 00 04 00 78 00 01 00 14 00 04 00 78 00  ......x.......x.
00001480: 06 00 16 00 dc 00 00 00 00 00 37 00 3c 00 40 00  ..........7.<.@.
00001490: 40 00 40 00 40 00 07 00 6c 03 00 00 1d 00 39 00  @.@.@...l.....9.
000014a0: 54 00 70 00 8a 00 a4 00 bd 00 d6 00 ed 00 04 01  T.p.............
000014b0: 19 01 2e 01 42 01 55 01 67 01 78 01 89 01 98 01  ....B.U.g.x.....
000014c0: a7 01 b5 01 c2 01 cf 01 db 01 e6 01 f1 01 fb 01  ................
000014d0: 04 02 0e 02 16 02 1f 02 26 02 2e 02 35 02 3c 02  ........&...5.<.
000014e0: 43 02 4a 02 50 02 56 02 5c 02 62 02 68 02 6e 02  C.J.P.V.\.b.h.n.
000014f0: 73 02 79 02 7e 02 84 02 89 02 8e 02 93 02 98 02  s.y.~...........
00001500: 9c 02 a1 02 a6 02 aa 02 af 02 b3 02 b7 02 bc 02  ................
00001510: c0 02 c4 02 c8 02 cc 02 d0 02 d4 02 d8 02 db 02  ................
00001520: df 02 e3 02 e7 02 ea 02 ee 02 f1 02 f5 02 f9 02  ................
00001530: fc 02 00 03 03 03 07 03 0a 03 0e 03 11 03 15 03  ................
00001540: 19 03 1c 03 20 03 24 03 27 03 2b 03 2f 03 33 03  .... .$.'.+./.3.
00001550: 36 03 3a 03 3e 03 42 03 46 03 4b 03 4f 03 53 03  6.:.>.B.F.K.O.S.
00001560: 58 03 5c 03 61 03 65 03 6a 03 6f 03 74 03 79 03  X.\.a.e.j.o.t.y.
00001570: 7e 03 84 03 89 03 8f 03 94 03 9a 03 a0 03 a6 03  ~...............
00001580: ac 03 b2 03 b8 03 bf 03 c5 03 cb 03 d2 03 d8 03  ................
00001590: df 03 e5 03 ec 03 f2 03 f9 03 ff 03 00 00 1d 00  ................
000015a0: 39 00 54 00 70 00 8a 00 a4 00 bd 00 d6 00 ed 00  9.T.p...........
000015b0: 04 01 19 01 2e 01 42 01 55 01 67 01 78 01 89 01  ......B.U.g.x...
000015c0: 98 01 a7 01 b5 01 c2 01 cf 01 db 01 e6 01 f1 01  ................
000015d0: fb 01 04 02 0e 02 16 02 1f 02 26 02 2e 02 35 02  ..........&...5.
000015e0: 3c 02 43 02 4a 02 50 02 56 02 5c 02 62 02 68 02  <.C.J.P.V.\.b.h.
000015f0: 6e 02 73 02 79 02 7e 02 84 02 89 02 8e 02 93 02  n.s.y.~.........
00001600: 98 02 9c 02 a1 02 a6 02 aa 02 af 02 b3 02 b7 02  ................
00001610: bc 02 c0 02 c4 02 c8 02 cc 02 d0 02 d4 02 d8 02  ................
00001620: db 02 df 02 e3 02 e7 02 ea 02 ee 02 f1 02 f5 02  ................
00001630: f9 02 fc 02 00 03 03 03 07 03 0a 03 0e 03 11 03  ................
00001640: 15 03 19 03 1c 03 20 03 24 03 27 03 2b 03 2f 03  ...... .$.'.+./.
00001650: 33 03 36 03 3a 03 3e 03 42 03 46 03 4b 03 4f 03  3.6.:.>.B.F.K.O.
00001660: 53 03 58 03 5c 03 61 03 65 03 6a 03 6f 03 74 03  S.X.\.a.e.j.o.t.
00001670: 79 03 7e 03 84 03 89 03 8f 03 94 03 9a 03 a0 03  y.~.............
00001680: a6 03 ac 03 b2 03 b8 03 bf 03 c5 03 cb 03 d2 03  ................
00001690: d8 03 df 03 e5 03 ec 03 f2 03 f9 03 ff 03 00 00  ................
000016a0: 1d 00 39 00 54 00 70 00 8a 00 a4 00 bd 00 d6 00  ..9.T.p.........
000016b0: ed 00 04 01 19 01 2e 01 42 01 55 01 67 01 78 01  ........B.U.g.x.
000016c0: 89 01 98 01 a7 01 b5 01 c2 01 cf 01 db 01 e6 01  ................
000016d0: f1 01 fb 01 04 02 0e 02 16 02 1f 02 26 02 2e 02  ............&...
000016e0: 35 02 3c 02 43 02 4a 02 50 02 56 02 5c 02 62 02  5.<.C.J.P.V.\.b.
000016f0: 68 02 6e 02 73 02 79 02 7e 02 84 02 89 02 8e 02  h.n.s.y.~.......
00001700: 93 02 98 02 9c 02 a1 02 a6 02 aa 02 af 02 b3 02  ................
00001710: b7 02 bc 02 c0 02 c4 02 c8 02 cc 02 d0 02 d4 02  ................
00001720: d8 02 db 02 df 02 e3 02 e7 02 ea 02 ee 02 f1 02  ................
00001730: f5 02 f9 02 fc 02 00 03 03 03 07 03 0a 03 0e 03  ................
00001740: 11 03 15 03 19 03 1c 03 20 03 24 03 27 03 2b 03  ........ .$.'.+.
00001750: 2f 03 33 03 36 03 3a 03 3e 03 42 03 46 03 4b 03  /.3.6.:.>.B.F.K.
00001760: 4f 03 53 03 58 03 5c 03 61 03 65 03 6a 03 6f 03  O.S.X.\.a.e.j.o.
00001770: 74 03 79 03 7e 03 84 03 89 03 8f 03 94 03 9a 03  t.y.~...........
00001780: a0 03 a6 03 ac 03 b2 03 b8 03 bf 03 c5 03 cb 03  ................
00001790: d2 03 d8 03 df 03 e5 03 ec 03 f2 03 f9 03 ff 03  ................
000017a0: 00 00 06 00 10 00 25 00 4c 00 6c 00 80 00 00 00  ......%.L.l.....
000017b0: 00 00 00 00 00 00 00 00 00 00 00 00 00 00 00 00  ................
000017c0: 00 00 06 00 10 00 25 00 4c 00 6c 00 80 00 00 00  ......%.L.l.....
000017d0: 00 00 00 00 00 00 00 00 00 00 00 00 00 00 00 00  ................
000017e0: 00 00 06 00 10 00 25 00 4c 00 6c 00 80 00 00 00  ......%.L.l.....
000017f0: 00 00 00 00 00 00 00 00 00 00 00 00 00 00 00 00  ................
00001800: 01 00 08 00 88 00 01 00 00 00 00 00 ff 00 00 00  ................
00001810: 00 01 00 00 00 00 00 00 00 01 00 00 00 00 00 00  ................
00001820: 00 01 01 00 00 00 ff 00 00 00 98 01 79 ff ef ff  ............y...
00001830: ab ff a7 01 ae ff ae ff 06 ff 4c 02 01 00 00 00  ..........L.....
00001840: ff 00 00 00 4d 01 8f ff 24 00 b5 ff 6d 01 de ff  ....M...$...m...
00001850: db ff 35 ff f0 01 01 00 00 00 ff 00 00 00 84 01  ..5.............
00001860: 3e ff 3e 00 86 ff bc 01 be ff e0 ff 15 ff 0b 02  >.>.............
00001870: 01 00 00 00 ff 00 00 00 20 01 ca ff 16 00 a1 ff  ........ .......
00001880: a5 01 ba ff e2 ff f7 fe 27 02 09 00 6a 00 00 00  ........'...j...
00001890: 07 00 0d 00 01 00 01 00 14 00 07 00 0d 00 01 00  ................
000018a0: 00 00 14 00 07 00 0d 00 01 00 01 00 14 00 07 00  ................
000018b0: 0d 00 01 00 01 00 14 00 07 00 0d 00 01 00 01 00  ................
000018c0: 14 00 07 00 0d 00 01 00 01 00 14 00 07 00 0d 00  ................
000018d0: 01 00 01 00 14 00 07 00 0d 00 01 00 01 00 14 00  ................
000018e0: 07 00 0d 00 01 00 01 00 14 00 07 00 0d 00 01 00  ................
000018f0: 01 00 14 00 0a 00 ee 26 01 00 1f 00 80 00 00 00  .......&........
00001900: 00 00 00 00 00 00 60 00 c0 00 00 00 10 00 20 00  ......`....... .
00001910: 30 00 40 00 50 00 60 00 70 00 80 00 90 00 a0 00  0.@.P.`.p.......
00001920: b0 00 c0 00 d0 00 e0 00 f0 00 00 01 10 01 20 01  .............. .
00001930: 30 01 40 01 50 01 60 01 70 01 80 01 90 01 a0 01  0.@.P.`.p.......
00001940: b0 01 c0 01 d0 01 e0 01 f0 01 00 02 10 02 20 02  .............. .
00001950: 30 02 40 02 50 02 60 02 70 02 80 02 90 02 a0 02  0.@.P.`.p.......
00001960: b0 02 c0 02 d0 02 e0 02 f0 02 00 03 10 03 20 03  .............. .
00001970: 30 03 40 03 50 03 60 03 70 03 80 03 90 03 a0 03  0.@.P.`.p.......
00001980: b0 03 c0 03 d0 03 e0 03 f0 03 ff 03 00 00 10 00  ................
00001990: 20 00 30 00 40 00 50 00 60 00 70 00 80 00 90 00   .0.@.P.`.p.....
000019a0: a0 00 b0 00 c0 00 d0 00 e0 00 f0 00 00 01 10 01  ................
000019b0: 20 01 30 01 40 01 50 01 60 01 70 01 80 01 90 01   .0.@.P.`.p.....
000019c0: a0 01 b0 01 c0 01 d0 01 e0 01 f0 01 00 02 10 02  ................
000019d0: 20 02 30 02 40 02 50 02 60 02 70 02 80 02 90 02   .0.@.P.`.p.....
000019e0: a0 02 b0 02 c0 02 d0 02 e0 02 f0 02 00 03 10 03  ................
000019f0: 20 03 30 03 40 03 50 03 60 03 70 03 80 03 90 03   .0.@.P.`.p.....
00001a00: a0 03 b0 03 c0 03 d0 03 e0 03 f0 03 ff 03 00 00  ................
00001a10: 10 00 20 00 30 00 40 00 50 00 60 00 70 00 80 00  .. .0.@.P.`.p...
00001a20: 90 00 a0 00 b0 00 c0 00 d0 00 e0 00 f0 00 00 01  ................
00001a30: 10 01 20 01 30 01 40 01 50 01 60 01 70 01 80 01  .. .0.@.P.`.p...
00001a40: 90 01 a0 01 b0 01 c0 01 d0 01 e0 01 f0 01 00 02  ................
00001a50: 10 02 20 02 30 02 40 02 50 02 60 02 70 02 80 02  .. .0.@.P.`.p...
00001a60: 90 02 a0 02 b0 02 c0 02 d0 02 e0 02 f0 02 00 03  ................
00001a70: 10 03 20 03 30 03 40 03 50 03 60 03 70 03 80 03  .. .0.@.P.`.p...
00001a80: 90 03 a0 03 b0 03 c0 03 d0 03 e0 03 f0 03 ff 03  ................
00001a90: 00 00 22 00 42 00 63 00 83 00 a2 00 c1 00 df 00  ..".B.c.........
00001aa0: fb 00 16 01 30 01 48 01 5f 01 74 01 88 01 9b 01  ....0.H._.t.....
00001ab0: ac 01 bc 01 cb 01 d9 01 e6 01 f1 01 fc 01 07 02  ................
00001ac0: 10 02 19 02 21 02 29 02 30 02 38 02 40 02 48 02  ....!.).0.8.@.H.
00001ad0: 50 02 59 02 63 02 6d 02 77 02 81 02 8c 02 98 02  P.Y.c.m.w.......
00001ae0: a3 02 af 02 bc 02 c8 02 d5 02 e2 02 f0 02 fd 02  ................
00001af0: 0b 03 1a 03 28 03 37 03 45 03 54 03 63 03 73 03  ....(.7.E.T.c.s.
00001b00: 82 03 91 03 a1 03 b1 03 c0 03 d0 03 e0 03 f0 03  ................
00001b10: ff 03 00 00 13 00 25 00 38 00 4a 00 5c 00 6e 00  ......%.8.J.\.n.
00001b20: 7f 00 90 00 a1 00 b2 00 c3 00 d3 00 e4 00 f5 00  ................
00001b30: 07 01 19 01 2b 01 3e 01 52 01 66 01 7a 01 8e 01  ....+.>.R.f.z...
00001b40: a2 01 b6 01 cb 01 df 01 f3 01 06 02 19 02 2c 02  ..............,.
00001b50: 3e 02 50 02 61 02 71 02 80 02 8f 02 9c 02 a8 02  >.P.a.q.........
00001b60: b4 02 be 02 c9 02 d3 02 dd 02 e8 02 f3 02 fe 02  ................
00001b70: 0a 03 16 03 23 03 30 03 3d 03 4b 03 59 03 67 03  ....#.0.=.K.Y.g.
00001b80: 76 03 85 03 94 03 a3 03 b2 03 c1 03 d1 03 e0 03  v...............
00001b90: f0 03 ff 03 00 00 10 00 20 00 30 00 40 00 50 00  ........ .0.@.P.
00001ba0: 60 00 70 00 80 00 90 00 a0 00 b0 00 c0 00 d0 00  `.p.............
00001bb0: e0 00 f0 00 00 01 10 01 20 01 30 01 40 01 50 01  ........ .0.@.P.
00001bc0: 60 01 70 01 80 01 90 01 a0 01 b0 01 c0 01 d0 01  `.p.............
00001bd0: e0 01 f0 01 00 02 10 02 20 02 30 02 40 02 50 02  ........ .0.@.P.
00001be0: 60 02 70 02 80 02 90 02 a0 02 b0 02 c0 02 d0 02  `.p.............
00001bf0: e0 02 f0 02 00 03 10 03 20 03 30 03 40 03 50 03  ........ .0.@.P.
00001c00: 60 03 70 03 80 03 90 03 a0 03 b0 03 c0 03 d0 03  `.p.............
00001c10: e0 03 f0 03 ff 03 00 00 40 00 00 00 00 00 00 00  ........@.......
00001c20: 00 00 00 00 00 00 00 00 00 00 00 00 00 00 00 00  ................
00001c30: 00 00 00 00 00 00 00 00 40 00 00 00 00 00 00 00  ........@.......
00001c40: 00 00 00 00 00 00 00 00 00 00 00 00 00 00 00 00  ................
00001c50: 00 00 00 00 00 00 00 00 40 00 00 00 00 00 00 00  ........@.......
00001c60: 00 00 00 00 00 00 00 00 00 00 00 00 00 00 00 00  ................
00001c70: 00 00 00 00 00 00 00 00 0a 00 18 00 1f 00 40 00  ..............@.
00001c80: 00 00 00 00 00 00 00 00 00 00 00 00 00 00 00 00  ................
00001c90: 00 00 00 00 00 00 00 00 08 00 0f 00 25 00 2c 00  ............%.,.
00001ca0: 40 00 00 00 00 00 00 00 00 00 00 00 00 00 00 00  @...............
00001cb0: 00 00 00 00 00 00 00 00 40 00 00 00 00 00 00 00  ........@.......
00001cc0: 00 00 00 00 00 00 00 00 00 00 00 00 00 00 00 00  ................
00001cd0: 00 00 00 00 00 00 00 00 00 00 40 00 00 01 10 00  ..........@.....
00001ce0: 00 00 01 00 20 00 40 00 80 00 c4 00 f0 00 00 00  .... .@.........
00001cf0: 37 00 68 00 90 00 af 00 c8 00 df 00 f3 00 05 01  7.h.............
00001d00: 15 01 24 01 33 01 40 01 4d 01 5b 01 68 01 74 01  ..$.3.@.M.[.h.t.
00001d10: 81 01 8d 01 9a 01 a6 01 b3 01 bf 01 cc 01 d8 01  ................
00001d20: e5 01 f1 01 fe 01 0b 02 18 02 25 02 32 02 3f 02  ..........%.2.?.
00001d30: 4c 02 5a 02 67 02 75 02 82 02 90 02 9d 02 ab 02  L.Z.g.u.........
00001d40: b9 02 c7 02 d5 02 e2 02 f0 02 fe 02 0c 03 1b 03  ................
00001d50: 29 03 37 03 45 03 53 03 62 03 70 03 7e 03 8c 03  ).7.E.S.b.p.~...
00001d60: 9b 03 a9 03 b8 03 c6 03 d4 03 e3 03 f1 03 ff 03  ................
00001d70: 00 00 15 00 2a 00 41 00 59 00 73 00 90 00 ae 00  ....*.A.Y.s.....
00001d80: cd 00 eb 00 07 01 20 01 36 01 48 01 57 01 64 01  ...... .6.H.W.d.
00001d90: 71 01 7c 01 88 01 93 01 9f 01 ab 01 b8 01 c4 01  q.|.............
00001da0: d0 01 dd 01 e9 01 f6 01 03 02 10 02 1d 02 2a 02  ..............*.
00001db0: 37 02 44 02 52 02 5f 02 6d 02 7b 02 88 02 96 02  7.D.R._.m.{.....
00001dc0: a4 02 b2 02 c0 02 ce 02 dc 02 ea 02 f9 02 07 03  ................
00001dd0: 15 03 24 03 32 03 41 03 4f 03 5e 03 6c 03 7b 03  ..$.2.A.O.^.l.{.
00001de0: 8a 03 98 03 a7 03 b6 03 c4 03 d3 03 e2 03 f1 03  ................
00001df0: ff 03 00 00 13 00 25 00 37 00 49 00 5c 00 6f 00  ......%.7.I.\.o.
00001e00: 82 00 96 00 ab 00 c0 00 d6 00 ec 00 04 01 1c 01  ................
00001e10: 34 01 4d 01 65 01 7e 01 96 01 ae 01 c5 01 db 01  4.M.e.~.........
00001e20: f1 01 05 02 17 02 28 02 37 02 45 02 51 02 5c 02  ......(.7.E.Q.\.
00001e30: 66 02 70 02 79 02 83 02 8c 02 95 02 9f 02 aa 02  f.p.y...........
00001e40: b4 02 bf 02 ca 02 d6 02 e1 02 ed 02 fa 02 06 03  ................
00001e50: 13 03 20 03 2d 03 3a 03 47 03 55 03 63 03 70 03  .. .-.:.G.U.c.p.
00001e60: 7e 03 8c 03 9b 03 a9 03 b7 03 c6 03 d4 03 e3 03  ~...............
00001e70: f1 03 ff 03 00 00 10 00 20 00 30 00 40 00 50 00  ........ .0.@.P.
00001e80: 60 00 70 00 80 00 90 00 a0 00 b0 00 c0 00 d0 00  `.p.............
00001e90: e0 00 f0 00 00 01 10 01 20 01 30 01 40 01 50 01  ........ .0.@.P.
00001ea0: 60 01 70 01 80 01 90 01 a0 01 b0 01 c0 01 d0 01  `.p.............
00001eb0: e0 01 f0 01 00 02 10 02 20 02 30 02 40 02 50 02  ........ .0.@.P.
00001ec0: 60 02 70 02 80 02 90 02 a0 02 b0 02 c0 02 d0 02  `.p.............
00001ed0: e0 02 f0 02 00 03 10 03 20 03 30 03 40 03 50 03  ........ .0.@.P.
00001ee0: 60 03 70 03 80 03 90 03 a0 03 b0 03 c0 03 d0 03  `.p.............
00001ef0: e0 03 f0 03 ff 03 00 00 10 00 20 00 30 00 40 00  .......... .0.@.
00001f00: 50 00 60 00 70 00 80 00 90 00 a0 00 b0 00 c0 00  P.`.p...........
00001f10: d0 00 e0 00 f0 00 00 01 10 01 20 01 30 01 40 01  .......... .0.@.
00001f20: 50 01 60 01 70 01 80 01 90 01 a0 01 b0 01 c0 01  P.`.p...........
00001f30: d0 01 e0 01 f0 01 00 02 10 02 20 02 30 02 40 02  .......... .0.@.
00001f40: 50 02 60 02 70 02 80 02 90 02 a0 02 b0 02 c0 02  P.`.p...........
00001f50: d0 02 e0 02 f0 02 00 03 10 03 20 03 30 03 40 03  .......... .0.@.
00001f60: 50 03 60 03 70 03 80 03 90 03 a0 03 b0 03 c0 03  P.`.p...........
00001f70: d0 03 e0 03 f0 03 ff 03 00 00 10 00 20 00 30 00  ............ .0.
00001f80: 40 00 50 00 60 00 70 00 80 00 90 00 a0 00 b0 00  @.P.`.p.........
00001f90: c0 00 d0 00 e0 00 f0 00 00 01 10 01 20 01 30 01  ............ .0.
00001fa0: 40 01 50 01 60 01 70 01 80 01 90 01 a0 01 b0 01  @.P.`.p.........
00001fb0: c0 01 d0 01 e0 01 f0 01 00 02 10 02 20 02 30 02  ............ .0.
00001fc0: 40 02 50 02 60 02 70 02 80 02 90 02 a0 02 b0 02  @.P.`.p.........
00001fd0: c0 02 d0 02 e0 02 f0 02 00 03 10 03 20 03 30 03  ............ .0.
00001fe0: 40 03 50 03 60 03 70 03 80 03 90 03 a0 03 b0 03  @.P.`.p.........
00001ff0: c0 03 d0 03 e0 03 f0 03 ff 03 00 00 02 00 05 00  ................
00002000: 0c 00 18 00 40 00 00 00 00 00 00 00 00 00 00 00  ....@...........
00002010: 00 00 00 00 00 00 00 00 00 00 00 00 04 00 0b 00  ................
00002020: 11 00 40 00 00 00 00 00 00 00 00 00 00 00 00 00  ..@.............
00002030: 00 00 00 00 00 00 00 00 00 00 00 00 0c 00 1a 00  ................
00002040: 23 00 40 00 00 00 00 00 00 00 00 00 00 00 00 00  #.@.............
00002050: 00 00 00 00 00 00 00 00 00 00 00 00 40 00 00 00  ............@...
00002060: 00 00 00 00 00 00 00 00 00 00 00 00 00 00 00 00  ................
00002070: 00 00 00 00 00 00 00 00 00 00 00 00 40 00 00 00  ............@...
00002080: 00 00 00 00 00 00 00 00 00 00 00 00 00 00 00 00  ................
00002090: 00 00 00 00 00 00 00 00 00 00 00 00 40 00 00 00  ............@...
000020a0: 00 00 00 00 00 00 00 00 00 00 00 00 00 00 00 00  ................
000020b0: 00 00 00 00 00 00 00 00 00 00 01 00 40 00 80 00  ............@...
000020c0: 00 01 0e 00 00 00 01 00 20 00 40 00 80 00 c4 00  ........ .@.....
000020d0: f0 00 00 00 2e 00 58 00 7d 00 9d 00 b8 00 d0 00  ......X.}.......
000020e0: e5 00 f8 00 09 01 18 01 26 01 33 01 40 01 4d 01  ........&.3.@.M.
000020f0: 5a 01 66 01 73 01 80 01 8d 01 99 01 a6 01 b3 01  Z.f.s...........
00002100: c0 01 cd 01 da 01 e7 01 f4 01 01 02 0e 02 1c 02  ................
00002110: 29 02 37 02 44 02 52 02 60 02 6d 02 7b 02 89 02  ).7.D.R.`.m.{...
00002120: 97 02 a5 02 b3 02 c1 02 cf 02 de 02 ec 02 fa 02  ................
00002130: 08 03 17 03 25 03 33 03 42 03 50 03 5f 03 6d 03  ....%.3.B.P._.m.
00002140: 7c 03 8b 03 99 03 a8 03 b6 03 c5 03 d4 03 e2 03  |...............
00002150: f1 03 ff 03 00 00 18 00 30 00 49 00 62 00 7c 00  ........0.I.b.|.
00002160: 97 00 b2 00 cd 00 e7 00 ff 00 16 01 2a 01 3d 01  ............*.=.
00002170: 4e 01 5d 01 6c 01 7a 01 88 01 96 01 a4 01 b1 01  N.].l.z.........
00002180: bf 01 cd 01 db 01 e8 01 f6 01 04 02 12 02 1f 02  ................
00002190: 2d 02 3b 02 49 02 56 02 64 02 72 02 80 02 8d 02  -.;.I.V.d.r.....
000021a0: 9b 02 a9 02 b7 02 c4 02 d2 02 e0 02 ed 02 fb 02  ................
000021b0: 09 03 17 03 24 03 32 03 40 03 4d 03 5b 03 69 03  ....$.2.@.M.[.i.
000021c0: 76 03 84 03 92 03 a0 03 ad 03 bb 03 c9 03 d6 03  v...............
000021d0: e4 03 f2 03 ff 03 00 00 12 00 24 00 36 00 49 00  ..........$.6.I.
000021e0: 5b 00 6e 00 80 00 94 00 a7 00 bb 00 cf 00 e4 00  [.n.............
000021f0: f9 00 0f 01 26 01 3c 01 53 01 6a 01 81 01 98 01  ....&.<.S.j.....
00002200: ae 01 c3 01 d8 01 ec 01 fe 01 10 02 20 02 2f 02  ............ ./.
00002210: 3d 02 4a 02 56 02 61 02 6b 02 75 02 7f 02 89 02  =.J.V.a.k.u.....
00002220: 92 02 9c 02 a6 02 b0 02 ba 02 c5 02 d1 02 dd 02  ................
00002230: e9 02 f5 02 02 03 0f 03 1d 03 2b 03 39 03 47 03  ..........+.9.G.
00002240: 56 03 64 03 73 03 83 03 92 03 a1 03 b1 03 c0 03  V.d.s...........
00002250: d0 03 e0 03 f0 03 ff 03 00 00 10 00 20 00 30 00  ............ .0.
00002260: 40 00 50 00 60 00 70 00 80 00 90 00 a0 00 b0 00  @.P.`.p.........
00002270: c0 00 d0 00 e0 00 f0 00 00 01 10 01 20 01 30 01  ............ .0.
00002280: 40 01 50 01 60 01 70 01 80 01 90 01 a0 01 b0 01  @.P.`.p.........
00002290: c0 01 d0 01 e0 01 f0 01 00 02 10 02 20 02 30 02  ............ .0.
000022a0: 40 02 50 02 60 02 70 02 80 02 90 02 a0 02 b0 02  @.P.`.p.........
000022b0: c0 02 d0 02 e0 02 f0 02 00 03 10 03 20 03 30 03  ............ .0.
000022c0: 40 03 50 03 60 03 70 03 80 03 90 03 a0 03 b0 03  @.P.`.p.........
000022d0: c0 03 d0 03 e0 03 f0 03 ff 03 00 00 10 00 20 00  .............. .
000022e0: 30 00 40 00 50 00 60 00 70 00 80 00 90 00 a0 00  0.@.P.`.p.......
000022f0: b0 00 c0 00 d0 00 e0 00 f0 00 00 01 10 01 20 01  .............. .
00002300: 30 01 40 01 50 01 60 01 70 01 80 01 90 01 a0 01  0.@.P.`.p.......
00002310: b0 01 c0 01 d0 01 e0 01 f0 01 00 02 10 02 20 02  .............. .
00002320: 30 02 40 02 50 02 60 02 70 02 80 02 90 02 a0 02  0.@.P.`.p.......
00002330: b0 02 c0 02 d0 02 e0 02 f0 02 00 03 10 03 20 03  .............. .
00002340: 30 03 40 03 50 03 60 03 70 03 80 03 90 03 a0 03  0.@.P.`.p.......
00002350: b0 03 c0 03 d0 03 e0 03 f0 03 ff 03 00 00 10 00  ................
00002360: 20 00 30 00 40 00 50 00 60 00 70 00 80 00 90 00   .0.@.P.`.p.....
00002370: a0 00 b0 00 c0 00 d0 00 e0 00 f0 00 00 01 10 01  ................
00002380: 20 01 30 01 40 01 50 01 60 01 70 01 80 01 90 01   .0.@.P.`.p.....
00002390: a0 01 b0 01 c0 01 d0 01 e0 01 f0 01 00 02 10 02  ................
000023a0: 20 02 30 02 40 02 50 02 60 02 70 02 80 02 90 02   .0.@.P.`.p.....
000023b0: a0 02 b0 02 c0 02 d0 02 e0 02 f0 02 00 03 10 03  ................
000023c0: 20 03 30 03 40 03 50 03 60 03 70 03 80 03 90 03   .0.@.P.`.p.....
000023d0: a0 03 b0 03 c0 03 d0 03 e0 03 f0 03 ff 03 00 00  ................
000023e0: 02 00 06 00 0d 00 1b 00 40 00 00 00 00 00 00 00  ........@.......
000023f0: 00 00 00 00 00 00 00 00 00 00 00 00 00 00 00 00  ................
00002400: 04 00 0a 00 12 00 40 00 00 00 00 00 00 00 00 00  ......@.........
00002410: 00 00 00 00 00 00 00 00 00 00 00 00 00 00 00 00  ................
00002420: 0d 00 1a 00 28 00 40 00 00 00 00 00 00 00 00 00  ....(.@.........
00002430: 00 00 00 00 00 00 00 00 00 00 00 00 00 00 00 00  ................
00002440: 40 00 00 00 00 00 00 00 00 00 00 00 00 00 00 00  @...............
00002450: 00 00 00 00 00 00 00 00 00 00 00 00 00 00 00 00  ................
00002460: 40 00 00 00 00 00 00 00 00 00 00 00 00 00 00 00  @...............
00002470: 00 00 00 00 00 00 00 00 00 00 00 00 00 00 00 00  ................
00002480: 40 00 00 00 00 00 00 00 00 00 00 00 00 00 00 00  @...............
00002490: 00 00 00 00 00 00 00 00 00 00 00 00 00 00 01 00  ................
000024a0: 40 00 80 00 00 01 0c 00 00 00 01 00 20 00 40 00  @........... .@.
000024b0: 80 00 c4 00 ff 00 00 00 30 00 5a 00 7e 00 9c 00  ........0.Z.~...
000024c0: b6 00 cc 00 e0 00 f3 00 03 01 12 01 20 01 2d 01  ............ .-.
000024d0: 3a 01 46 01 51 01 5d 01 68 01 74 01 7f 01 8b 01  :.F.Q.].h.t.....
000024e0: 97 01 a4 01 b0 01 bc 01 c9 01 d6 01 e3 01 f0 01  ................
000024f0: fd 01 0a 02 18 02 25 02 33 02 41 02 4f 02 5d 02  ......%.3.A.O.].
00002500: 6b 02 79 02 87 02 95 02 a4 02 b2 02 c1 02 d0 02  k.y.............
00002510: de 02 ed 02 fc 02 0b 03 1a 03 29 03 38 03 47 03  ..........).8.G.
00002520: 57 03 66 03 75 03 84 03 94 03 a3 03 b2 03 c2 03  W.f.u...........
00002530: d1 03 e1 03 f0 03 ff 03 00 00 19 00 32 00 4b 00  ............2.K.
00002540: 64 00 7e 00 98 00 b2 00 cb 00 e3 00 fa 00 10 01  d.~.............
00002550: 24 01 36 01 46 01 55 01 63 01 70 01 7c 01 88 01  $.6.F.U.c.p.|...
00002560: 94 01 a1 01 ad 01 ba 01 c6 01 d3 01 e0 01 ed 01  ................
00002570: fa 01 07 02 15 02 22 02 2f 02 3d 02 4b 02 58 02  ......"./.=.K.X.
00002580: 66 02 74 02 82 02 90 02 9e 02 ad 02 bb 02 c9 02  f.t.............
00002590: d8 02 e6 02 f5 02 03 03 12 03 20 03 2f 03 3e 03  .......... ./.>.
000025a0: 4d 03 5b 03 6a 03 79 03 88 03 97 03 a6 03 b5 03  M.[.j.y.........
000025b0: c4 03 d3 03 e2 03 f1 03 ff 03 00 00 13 00 26 00  ..............&.
000025c0: 39 00 4c 00 5f 00 72 00 85 00 98 00 ac 00 c0 00  9.L._.r.........
000025d0: d4 00 e8 00 fc 00 11 01 26 01 3b 01 50 01 64 01  ........&.;.P.d.
000025e0: 79 01 8d 01 a1 01 b4 01 c6 01 d7 01 e8 01 f8 01  y...............
000025f0: 06 02 14 02 22 02 2e 02 3b 02 48 02 54 02 60 02  ...."...;.H.T.`.
00002600: 6d 02 7a 02 87 02 94 02 a1 02 ae 02 bb 02 c9 02  m.z.............
00002610: d6 02 e4 02 f1 02 ff 02 0d 03 1b 03 29 03 37 03  ............).7.
00002620: 45 03 53 03 61 03 70 03 7e 03 8c 03 9a 03 a9 03  E.S.a.p.~.......
00002630: b7 03 c6 03 d4 03 e3 03 f1 03 ff 03 00 00 11 00  ................
00002640: 21 00 31 00 42 00 52 00 62 00 73 00 83 00 94 00  !.1.B.R.b.s.....
00002650: a5 00 b5 00 c6 00 d7 00 e8 00 f9 00 0b 01 1c 01  ................
00002660: 2e 01 3f 01 51 01 63 01 76 01 88 01 9b 01 ad 01  ..?.Q.c.v.......
00002670: c1 01 d4 01 e7 01 fb 01 0f 02 23 02 37 02 4b 02  ..........#.7.K.
00002680: 5f 02 73 02 86 02 99 02 ab 02 bd 02 cd 02 dd 02  _.s.............
00002690: eb 02 f9 02 05 03 11 03 1c 03 27 03 32 03 3d 03  ..........'.2.=.
000026a0: 48 03 53 03 5f 03 6b 03 77 03 84 03 91 03 9e 03  H.S._.k.w.......
000026b0: ac 03 ba 03 c7 03 d5 03 e3 03 f1 03 ff 03 00 00  ................
000026c0: 10 00 20 00 30 00 40 00 50 00 60 00 70 00 80 00  .. .0.@.P.`.p...
000026d0: 90 00 a0 00 b0 00 c0 00 d0 00 e0 00 f0 00 00 01  ................
000026e0: 10 01 20 01 30 01 40 01 50 01 60 01 70 01 80 01  .. .0.@.P.`.p...
000026f0: 90 01 a0 01 b0 01 c0 01 d0 01 e0 01 f0 01 00 02  ................
00002700: 10 02 20 02 30 02 40 02 50 02 60 02 70 02 80 02  .. .0.@.P.`.p...
00002710: 90 02 a0 02 b0 02 c0 02 d0 02 e0 02 f0 02 00 03  ................
00002720: 10 03 20 03 30 03 40 03 50 03 60 03 70 03 80 03  .. .0.@.P.`.p...
00002730: 90 03 a0 03 b0 03 c0 03 d0 03 e0 03 f0 03 ff 03  ................
00002740: 00 00 10 00 20 00 30 00 40 00 50 00 60 00 70 00  .... .0.@.P.`.p.
00002750: 80 00 90 00 a0 00 b0 00 c0 00 d0 00 e0 00 f0 00  ................
00002760: 00 01 10 01 20 01 30 01 40 01 50 01 60 01 70 01  .... .0.@.P.`.p.
00002770: 80 01 90 01 a0 01 b0 01 c0 01 d0 01 e0 01 f0 01  ................
00002780: 00 02 10 02 20 02 30 02 40 02 50 02 60 02 70 02  .... .0.@.P.`.p.
00002790: 80 02 90 02 a0 02 b0 02 c0 02 d0 02 e0 02 f0 02  ................
000027a0: 00 03 10 03 20 03 30 03 40 03 50 03 60 03 70 03  .... .0.@.P.`.p.
000027b0: 80 03 90 03 a0 03 b0 03 c0 03 d0 03 e0 03 f0 03  ................
000027c0: ff 03 00 00 01 00 06 00 0b 00 11 00 40 00 00 00  ............@...
000027d0: 00 00 00 00 00 00 00 00 00 00 00 00 00 00 00 00  ................
000027e0: 00 00 00 00 04 00 0c 00 13 00 40 00 00 00 00 00  ..........@.....
000027f0: 00 00 00 00 00 00 00 00 00 00 00 00 00 00 00 00  ................
00002800: 00 00 00 00 0d 00 19 00 21 00 40 00 00 00 00 00  ........!.@.....
00002810: 00 00 00 00 00 00 00 00 00 00 00 00 00 00 00 00  ................
00002820: 00 00 00 00 1d 00 29 00 32 00 40 00 00 00 00 00  ......).2.@.....
00002830: 00 00 00 00 00 00 00 00 00 00 00 00 00 00 00 00  ................
00002840: 00 00 00 00 40 00 00 00 00 00 00 00 00 00 00 00  ....@...........
00002850: 00 00 00 00 00 00 00 00 00 00 00 00 00 00 00 00  ................
00002860: 00 00 00 00 40 00 00 00 00 00 00 00 00 00 00 00  ....@...........
00002870: 00 00 00 00 00 00 00 00 00 00 00 00 00 00 00 00  ................
00002880: 00 00 01 00 40 00 80 00 00 01 0c 00 00 00 01 00  ....@...........
00002890: 20 00 40 00 80 00 c4 00 ff 00 00 00 2c 00 54 00   .@.........,.T.
000028a0: 78 00 97 00 b0 00 c5 00 d6 00 e4 00 f2 00 00 01  x...............
000028b0: 0d 01 1a 01 26 01 33 01 3f 01 4c 01 58 01 65 01  ....&.3.?.L.X.e.
000028c0: 71 01 7e 01 8b 01 98 01 a5 01 b3 01 c0 01 cd 01  q.~.............
000028d0: db 01 e9 01 f6 01 04 02 12 02 20 02 2e 02 3c 02  .......... ...<.
000028e0: 4b 02 59 02 68 02 76 02 85 02 93 02 a2 02 b1 02  K.Y.h.v.........
000028f0: c0 02 ce 02 dd 02 ec 02 fb 02 0a 03 1a 03 29 03  ..............).
00002900: 38 03 47 03 56 03 66 03 75 03 84 03 94 03 a3 03  8.G.V.f.u.......
00002910: b2 03 c2 03 d1 03 e1 03 f0 03 ff 03 00 00 13 00  ................
00002920: 26 00 3a 00 4e 00 64 00 7c 00 95 00 af 00 c9 00  &.:.N.d.|.......
00002930: e2 00 fa 00 10 01 24 01 36 01 46 01 55 01 63 01  ......$.6.F.U.c.
00002940: 70 01 7c 01 88 01 94 01 a1 01 ad 01 ba 01 c7 01  p.|.............
00002950: d4 01 e1 01 ee 01 fb 01 09 02 16 02 24 02 32 02  ............$.2.
00002960: 40 02 4e 02 5c 02 6a 02 78 02 87 02 95 02 a4 02  @.N.\.j.x.......
00002970: b2 02 c1 02 cf 02 de 02 ed 02 fc 02 0b 03 1a 03  ................
00002980: 29 03 38 03 47 03 57 03 66 03 75 03 84 03 94 03  ).8.G.W.f.u.....
00002990: a3 03 b2 03 c2 03 d1 03 e1 03 f0 03 ff 03 00 00  ................
000029a0: 11 00 21 00 31 00 42 00 52 00 63 00 74 00 86 00  ..!.1.B.R.c.t...
000029b0: 98 00 aa 00 bd 00 d0 00 e4 00 f8 00 0d 01 23 01  ..............#.
000029c0: 38 01 4e 01 64 01 79 01 8e 01 a2 01 b6 01 c8 01  8.N.d.y.........
000029d0: d9 01 e9 01 f8 01 06 02 13 02 20 02 2c 02 37 02  .......... .,.7.
000029e0: 43 02 4e 02 59 02 64 02 70 02 7c 02 88 02 94 02  C.N.Y.d.p.|.....
000029f0: a1 02 ae 02 bc 02 c9 02 d7 02 e5 02 f4 02 02 03  ................
00002a00: 11 03 20 03 2f 03 3f 03 4e 03 5e 03 6e 03 7e 03  .. ./.?.N.^.n.~.
00002a10: 8e 03 9e 03 ae 03 be 03 ce 03 df 03 ef 03 ff 03  ................
00002a20: 00 00 11 00 21 00 31 00 41 00 51 00 61 00 71 00  ....!.1.A.Q.a.q.
00002a30: 81 00 91 00 a2 00 b2 00 c2 00 d3 00 e3 00 f4 00  ................
00002a40: 05 01 16 01 27 01 38 01 49 01 5a 01 6c 01 7d 01  ....'.8.I.Z.l.}.
00002a50: 8f 01 a1 01 b3 01 c5 01 d8 01 ea 01 fd 01 10 02  ................
00002a60: 23 02 36 02 4a 02 5d 02 70 02 82 02 94 02 a6 02  #.6.J.].p.......
00002a70: b7 02 c8 02 d7 02 e6 02 f5 02 03 03 10 03 1d 03  ................
00002a80: 2a 03 36 03 43 03 50 03 5d 03 6a 03 77 03 84 03  *.6.C.P.].j.w...
00002a90: 91 03 9f 03 ad 03 ba 03 c8 03 d6 03 e4 03 f2 03  ................
00002aa0: ff 03 00 00 10 00 20 00 30 00 40 00 50 00 60 00  ...... .0.@.P.`.
00002ab0: 70 00 80 00 90 00 a0 00 b0 00 c0 00 d0 00 e0 00  p...............
00002ac0: f0 00 00 01 10 01 20 01 30 01 40 01 50 01 60 01  ...... .0.@.P.`.
00002ad0: 70 01 80 01 90 01 a0 01 b0 01 c0 01 d0 01 e0 01  p...............
00002ae0: f0 01 00 02 10 02 20 02 30 02 40 02 50 02 60 02  ...... .0.@.P.`.
00002af0: 70 02 80 02 90 02 a0 02 b0 02 c0 02 d0 02 e0 02  p...............
00002b00: f0 02 00 03 10 03 20 03 30 03 40 03 50 03 60 03  ...... .0.@.P.`.
00002b10: 70 03 80 03 90 03 a0 03 b0 03 c0 03 d0 03 e0 03  p...............
00002b20: f0 03 ff 03 00 00 10 00 20 00 30 00 40 00 50 00  ........ .0.@.P.
00002b30: 60 00 70 00 80 00 90 00 a0 00 b0 00 c0 00 d0 00  `.p.............
00002b40: e0 00 f0 00 00 01 10 01 20 01 30 01 40 01 50 01  ........ .0.@.P.
00002b50: 60 01 70 01 80 01 90 01 a0 01 b0 01 c0 01 d0 01  `.p.............
00002b60: e0 01 f0 01 00 02 10 02 20 02 30 02 40 02 50 02  ........ .0.@.P.
00002b70: 60 02 70 02 80 02 90 02 a0 02 b0 02 c0 02 d0 02  `.p.............
00002b80: e0 02 f0 02 00 03 10 03 20 03 30 03 40 03 50 03  ........ .0.@.P.
00002b90: 60 03 70 03 80 03 90 03 a0 03 b0 03 c0 03 d0 03  `.p.............
00002ba0: e0 03 f0 03 ff 03 00 00 02 00 05 00 08 00 11 00  ................
00002bb0: 40 00 00 00 00 00 00 00 00 00 00 00 00 00 00 00  @...............
00002bc0: 00 00 00 00 00 00 00 00 05 00 0c 00 14 00 40 00  ..............@.
00002bd0: 00 00 00 00 00 00 00 00 00 00 00 00 00 00 00 00  ................
00002be0: 00 00 00 00 00 00 00 00 0e 00 18 00 25 00 40 00  ............%.@.
00002bf0: 00 00 00 00 00 00 00 00 00 00 00 00 00 00 00 00  ................
00002c00: 00 00 00 00 00 00 00 00 1f 00 29 00 33 00 40 00  ..........).3.@.
00002c10: 00 00 00 00 00 00 00 00 00 00 00 00 00 00 00 00  ................
00002c20: 00 00 00 00 00 00 00 00 40 00 00 00 00 00 00 00  ........@.......
00002c30: 00 00 00 00 00 00 00 00 00 00 00 00 00 00 00 00  ................
00002c40: 00 00 00 00 00 00 00 00 40 00 00 00 00 00 00 00  ........@.......
00002c50: 00 00 00 00 00 00 00 00 00 00 00 00 00 00 00 00  ................
00002c60: 00 00 00 00 00 00 01 00 40 00 80 00 00 01 0c 00  ........@.......
00002c70: 00 00 01 00 20 00 40 00 80 00 c4 00 ff 00 00 00  .... .@.........
00002c80: 2c 00 54 00 78 00 97 00 b0 00 c5 00 d6 00 e4 00  ,.T.x...........
00002c90: f2 00 00 01 0d 01 1a 01 26 01 33 01 3f 01 4c 01  ........&.3.?.L.
00002ca0: 58 01 65 01 71 01 7e 01 8b 01 98 01 a5 01 b3 01  X.e.q.~.........
00002cb0: c0 01 cd 01 db 01 e9 01 f6 01 04 02 12 02 20 02  .............. .
00002cc0: 2e 02 3c 02 4b 02 59 02 68 02 76 02 85 02 93 02  ..<.K.Y.h.v.....
00002cd0: a2 02 b1 02 c0 02 ce 02 dd 02 ec 02 fb 02 0a 03  ................
00002ce0: 1a 03 29 03 38 03 47 03 56 03 66 03 75 03 84 03  ..).8.G.V.f.u...
00002cf0: 94 03 a3 03 b2 03 c2 03 d1 03 e1 03 f0 03 ff 03  ................
00002d00: 00 00 11 00 21 00 33 00 47 00 5c 00 75 00 8f 00  ....!.3.G.\.u...
00002d10: aa 00 c6 00 e0 00 f8 00 0e 01 21 01 32 01 41 01  ..........!.2.A.
00002d20: 4f 01 5c 01 68 01 74 01 80 01 8d 01 99 01 a6 01  O.\.h.t.........
00002d30: b2 01 bf 01 cc 01 d9 01 e7 01 f4 01 02 02 0f 02  ................
00002d40: 1d 02 2b 02 39 02 47 02 55 02 64 02 72 02 81 02  ..+.9.G.U.d.r...
00002d50: 8f 02 9e 02 ad 02 bc 02 ca 02 d9 02 e9 02 f8 02  ................
00002d60: 07 03 16 03 25 03 35 03 44 03 54 03 63 03 73 03  ....%.5.D.T.c.s.
00002d70: 82 03 92 03 a1 03 b1 03 c1 03 d0 03 e0 03 f0 03  ................
00002d80: ff 03 00 00 12 00 24 00 36 00 48 00 5a 00 6c 00  ......$.6.H.Z.l.
00002d90: 7e 00 90 00 a3 00 b6 00 c9 00 dc 00 f0 00 04 01  ~...............
00002da0: 19 01 2d 01 42 01 57 01 6c 01 80 01 94 01 a8 01  ..-.B.W.l.......
00002db0: bb 01 ce 01 df 01 f0 01 00 02 0e 02 1c 02 29 02  ..............).
00002dc0: 36 02 42 02 4e 02 5a 02 65 02 71 02 7d 02 89 02  6.B.N.Z.e.q.}...
00002dd0: 95 02 a2 02 af 02 bc 02 c9 02 d7 02 e5 02 f2 02  ................
00002de0: 00 03 0f 03 1d 03 2b 03 3a 03 49 03 58 03 67 03  ......+.:.I.X.g.
00002df0: 76 03 85 03 94 03 a3 03 b2 03 c2 03 d1 03 e1 03  v...............
00002e00: f0 03 ff 03 00 00 10 00 20 00 30 00 40 00 50 00  ........ .0.@.P.
00002e10: 60 00 70 00 80 00 90 00 a0 00 b0 00 c0 00 d0 00  `.p.............
00002e20: e0 00 f0 00 00 01 10 01 20 01 30 01 40 01 50 01  ........ .0.@.P.
00002e30: 60 01 70 01 80 01 90 01 a0 01 b0 01 c0 01 d0 01  `.p.............
00002e40: e0 01 f0 01 00 02 10 02 20 02 30 02 40 02 50 02  ........ .0.@.P.
00002e50: 60 02 70 02 80 02 90 02 a0 02 b0 02 c0 02 d0 02  `.p.............
00002e60: e0 02 f0 02 00 03 10 03 20 03 30 03 40 03 50 03  ........ .0.@.P.
00002e70: 60 03 70 03 80 03 90 03 a0 03 b0 03 c0 03 d0 03  `.p.............
00002e80: e0 03 f0 03 ff 03 00 00 10 00 20 00 30 00 40 00  .......... .0.@.
00002e90: 50 00 60 00 70 00 80 00 90 00 a0 00 b0 00 c0 00  P.`.p...........
00002ea0: d0 00 e0 00 f0 00 00 01 10 01 20 01 30 01 40 01  .......... .0.@.
00002eb0: 50 01 60 01 70 01 80 01 90 01 a0 01 b0 01 c0 01  P.`.p...........
00002ec0: d0 01 e0 01 f0 01 00 02 10 02 20 02 30 02 40 02  .......... .0.@.
00002ed0: 50 02 60 02 70 02 80 02 90 02 a0 02 b0 02 c0 02  P.`.p...........
00002ee0: d0 02 e0 02 f0 02 00 03 10 03 20 03 30 03 40 03  .......... .0.@.
00002ef0: 50 03 60 03 70 03 80 03 90 03 a0 03 b0 03 c0 03  P.`.p...........
00002f00: d0 03 e0 03 f0 03 ff 03 00 00 10 00 20 00 30 00  ............ .0.
00002f10: 40 00 50 00 60 00 70 00 80 00 90 00 a0 00 b0 00  @.P.`.p.........
00002f20: c0 00 d0 00 e0 00 f0 00 00 01 10 01 20 01 30 01  ............ .0.
00002f30: 40 01 50 01 60 01 70 01 80 01 90 01 a0 01 b0 01  @.P.`.p.........
00002f40: c0 01 d0 01 e0 01 f0 01 00 02 10 02 20 02 30 02  ............ .0.
00002f50: 40 02 50 02 60 02 70 02 80 02 90 02 a0 02 b0 02  @.P.`.p.........
00002f60: c0 02 d0 02 e0 02 f0 02 00 03 10 03 20 03 30 03  ............ .0.
00002f70: 40 03 50 03 60 03 70 03 80 03 90 03 a0 03 b0 03  @.P.`.p.........
00002f80: c0 03 d0 03 e0 03 f0 03 ff 03 00 00 02 00 05 00  ................
00002f90: 08 00 11 00 40 00 00 00 00 00 00 00 00 00 00 00  ....@...........
00002fa0: 00 00 00 00 00 00 00 00 00 00 00 00 05 00 0b 00  ................
00002fb0: 13 00 40 00 00 00 00 00 00 00 00 00 00 00 00 00  ..@.............
00002fc0: 00 00 00 00 00 00 00 00 00 00 00 00 0e 00 1a 00  ................
00002fd0: 24 00 40 00 00 00 00 00 00 00 00 00 00 00 00 00  $.@.............
00002fe0: 00 00 00 00 00 00 00 00 00 00 00 00 40 00 00 00  ............@...
00002ff0: 00 00 00 00 00 00 00 00 00 00 00 00 00 00 00 00  ................
00003000: 00 00 00 00 00 00 00 00 00 00 00 00 40 00 00 00  ............@...
00003010: 00 00 00 00 00 00 00 00 00 00 00 00 00 00 00 00  ................
00003020: 00 00 00 00 00 00 00 00 00 00 00 00 40 00 00 00  ............@...
00003030: 00 00 00 00 00 00 00 00 00 00 00 00 00 00 00 00  ................
00003040: 00 00 00 00 00 00 00 00 00 00 01 00 40 00 80 00  ............@...
00003050: 00 01 0c 00 00 00 01 00 20 00 40 00 80 00 c4 00  ........ .@.....
00003060: ff 00 00 00 21 00 40 00 5c 00 74 00 89 00 9c 00  ....!.@.\.t.....
00003070: ae 00 bd 00 cc 00 da 00 e7 00 f4 00 01 01 0f 01  ................
00003080: 1c 01 2a 01 37 01 45 01 53 01 60 01 6e 01 7d 01  ..*.7.E.S.`.n.}.
00003090: 8b 01 99 01 a7 01 b6 01 c4 01 d3 01 e1 01 f0 01  ................
000030a0: ff 01 0d 02 1c 02 2b 02 3a 02 49 02 59 02 68 02  ......+.:.I.Y.h.
000030b0: 77 02 86 02 96 02 a5 02 b4 02 c4 02 d3 02 e3 02  w...............
000030c0: f3 02 02 03 12 03 22 03 31 03 41 03 51 03 61 03  ......".1.A.Q.a.
000030d0: 70 03 80 03 90 03 a0 03 b0 03 c0 03 d0 03 e0 03  p...............
000030e0: f0 03 ff 03 00 00 1d 00 38 00 52 00 6a 00 80 00  ........8.R.j...
000030f0: 95 00 a8 00 bb 00 cc 00 dd 00 ed 00 fc 00 0b 01  ................
00003100: 19 01 27 01 34 01 42 01 4f 01 5c 01 6a 01 77 01  ..'.4.B.O.\.j.w.
00003110: 85 01 92 01 a0 01 ae 01 bc 01 ca 01 d8 01 e7 01  ................
00003120: f5 01 04 02 12 02 21 02 2f 02 3e 02 4d 02 5c 02  ......!./.>.M.\.
00003130: 6b 02 7a 02 89 02 98 02 a7 02 b7 02 c6 02 d5 02  k.z.............
00003140: e5 02 f4 02 04 03 13 03 23 03 32 03 42 03 52 03  ........#.2.B.R.
00003150: 61 03 71 03 81 03 91 03 a1 03 b0 03 c0 03 d0 03  a.q.............
00003160: e0 03 f0 03 ff 03 00 00 11 00 22 00 32 00 43 00  ..........".2.C.
00003170: 54 00 65 00 77 00 89 00 9b 00 ae 00 c1 00 d4 00  T.e.w...........
00003180: e8 00 fd 00 12 01 26 01 3b 01 4f 01 64 01 77 01  ......&.;.O.d.w.
00003190: 8a 01 9c 01 ad 01 bd 01 cd 01 db 01 ea 01 f7 01  ................
000031a0: 04 02 11 02 1e 02 2b 02 37 02 44 02 51 02 5e 02  ......+.7.D.Q.^.
000031b0: 6b 02 79 02 86 02 94 02 a2 02 b0 02 be 02 cd 02  k.y.............
000031c0: db 02 ea 02 f9 02 08 03 17 03 26 03 35 03 44 03  ..........&.5.D.
000031d0: 53 03 63 03 72 03 82 03 91 03 a1 03 b1 03 c0 03  S.c.r...........
000031e0: d0 03 e0 03 f0 03 ff 03 00 00 10 00 20 00 30 00  ............ .0.
000031f0: 40 00 50 00 60 00 70 00 80 00 90 00 a0 00 b0 00  @.P.`.p.........
00003200: c0 00 d0 00 e0 00 f0 00 00 01 10 01 20 01 30 01  ............ .0.
00003210: 40 01 50 01 60 01 70 01 80 01 90 01 a0 01 b0 01  @.P.`.p.........
00003220: c0 01 d0 01 e0 01 f0 01 00 02 10 02 20 02 30 02  ............ .0.
00003230: 40 02 50 02 60 02 70 02 80 02 90 02 a0 02 b0 02  @.P.`.p.........
00003240: c0 02 d0 02 e0 02 f0 02 00 03 10 03 20 03 30 03  ............ .0.
00003250: 40 03 50 03 60 03 70 03 80 03 90 03 a0 03 b0 03  @.P.`.p.........
00003260: c0 03 d0 03 e0 03 f0 03 ff 03 00 00 11 00 21 00  ..............!.
00003270: 31 00 42 00 52 00 62 00 72 00 83 00 93 00 a3 00  1.B.R.b.r.......
00003280: b3 00 c3 00 d3 00 e3 00 f3 00 02 01 12 01 22 01  ..............".
00003290: 31 01 41 01 50 01 5f 01 6f 01 7e 01 8d 01 9c 01  1.A.P._.o.~.....
000032a0: aa 01 b9 01 c8 01 d6 01 e4 01 f2 01 00 02 0e 02  ................
000032b0: 1c 02 2a 02 37 02 44 02 51 02 5e 02 6b 02 77 02  ..*.7.D.Q.^.k.w.
000032c0: 84 02 90 02 9c 02 a8 02 b3 02 bf 02 cb 02 d7 02  ................
000032d0: e4 02 f2 02 00 03 10 03 21 03 34 03 49 03 60 03  ........!.4.I.`.
000032e0: 78 03 91 03 ac 03 c7 03 e3 03 ff 03 00 00 11 00  x...............
000032f0: 22 00 33 00 44 00 55 00 65 00 76 00 87 00 97 00  ".3.D.U.e.v.....
00003300: a8 00 b9 00 c9 00 da 00 ea 00 fa 00 0b 01 1b 01  ................
00003310: 2b 01 3b 01 4b 01 5b 01 6a 01 7a 01 89 01 99 01  +.;.K.[.j.z.....
00003320: a8 01 b7 01 c6 01 d5 01 e4 01 f3 01 01 02 10 02  ................
00003330: 1e 02 2c 02 3a 02 47 02 55 02 62 02 6f 02 7c 02  ..,.:.G.U.b.o.|.
00003340: 89 02 96 02 a2 02 ae 02 ba 02 c6 02 d2 02 dd 02  ................
00003350: e8 02 f3 02 fd 02 08 03 12 03 1d 03 2a 03 39 03  ............*.9.
00003360: 4c 03 63 03 7e 03 9b 03 bc 03 dd 03 ff 03 00 00  L.c.~...........
00003370: 02 00 06 00 0c 00 40 00 00 00 00 00 00 00 00 00  ......@.........
00003380: 00 00 00 00 00 00 00 00 00 00 00 00 00 00 00 00  ................
00003390: 02 00 07 00 13 00 40 00 00 00 00 00 00 00 00 00  ......@.........
000033a0: 00 00 00 00 00 00 00 00 00 00 00 00 00 00 00 00  ................
000033b0: 0c 00 16 00 22 00 40 00 00 00 00 00 00 00 00 00  ....".@.........
000033c0: 00 00 00 00 00 00 00 00 00 00 00 00 00 00 00 00  ................
000033d0: 40 00 00 00 00 00 00 00 00 00 00 00 00 00 00 00  @...............
000033e0: 00 00 00 00 00 00 00 00 00 00 00 00 00 00 00 00  ................
000033f0: 2e 00 38 00 40 00 00 00 00 00 00 00 00 00 00 00  ..8.@...........
00003400: 00 00 00 00 00 00 00 00 00 00 00 00 00 00 00 00  ................
00003410: 35 00 3a 00 40 00 00 00 00 00 00 00 00 00 00 00  5.:.@...........
00003420: 00 00 00 00 00 00 00 00 00 00 00 00 00 00 00 00  ................
00003430: 40 00 80 00 00 01 08 00 00 00 01 00 20 00 40 00  @........... .@.
00003440: 80 00 c4 00 ff 00 00 00 2e 00 58 00 7c 00 9a 00  ..........X.|...
00003450: b4 00 cb 00 e0 00 f2 00 02 01 11 01 1e 01 2a 01  ..............*.
00003460: 36 01 41 01 4c 01 57 01 63 01 6e 01 7a 01 86 01  6.A.L.W.c.n.z...
00003470: 92 01 9e 01 ab 01 b7 01 c4 01 d1 01 de 01 eb 01  ................
00003480: f8 01 05 02 13 02 21 02 2e 02 3c 02 4a 02 58 02  ......!...<.J.X.
00003490: 66 02 75 02 83 02 92 02 a0 02 af 02 be 02 cc 02  f.u.............
000034a0: db 02 ea 02 f9 02 08 03 17 03 27 03 36 03 45 03  ..........'.6.E.
000034b0: 55 03 64 03 73 03 83 03 92 03 a2 03 b2 03 c1 03  U.d.s...........
000034c0: d1 03 e0 03 f0 03 ff 03 00 00 17 00 2d 00 44 00  ............-.D.
000034d0: 5c 00 76 00 91 00 ac 00 c8 00 e2 00 fd 00 15 01  \.v.............
000034e0: 2c 01 41 01 54 01 64 01 74 01 81 01 8e 01 9a 01  ,.A.T.d.t.......
000034f0: a6 01 b1 01 bc 01 c7 01 d3 01 de 01 ea 01 f6 01  ................
00003500: 02 02 0e 02 1b 02 27 02 34 02 41 02 4e 02 5b 02  ......'.4.A.N.[.
00003510: 69 02 76 02 84 02 91 02 9f 02 ad 02 bb 02 c9 02  i.v.............
00003520: d7 02 e5 02 f4 02 02 03 11 03 1f 03 2e 03 3d 03  ..............=.
00003530: 4b 03 5a 03 69 03 78 03 87 03 96 03 a5 03 b4 03  K.Z.i.x.........
00003540: c3 03 d2 03 e1 03 f0 03 ff 03 00 00 11 00 22 00  ..............".
00003550: 33 00 45 00 56 00 68 00 7a 00 8d 00 a0 00 b4 00  3.E.V.h.z.......
00003560: c9 00 df 00 f5 00 0c 01 24 01 3d 01 57 01 70 01  ........$.=.W.p.
00003570: 8a 01 a2 01 bb 01 d2 01 e8 01 fd 01 10 02 22 02  ..............".
00003580: 32 02 42 02 50 02 5e 02 6a 02 76 02 82 02 8d 02  2.B.P.^.j.v.....
00003590: 97 02 a1 02 ab 02 b5 02 bf 02 c9 02 d4 02 de 02  ................
000035a0: e9 02 f5 02 00 03 0c 03 18 03 25 03 31 03 3e 03  ..........%.1.>.
000035b0: 4b 03 58 03 65 03 73 03 81 03 8e 03 9c 03 aa 03  K.X.e.s.........
000035c0: b8 03 c6 03 d5 03 e3 03 f1 03 ff 03 00 00 0c 00  ................
000035d0: 17 00 23 00 2e 00 3a 00 46 00 52 00 5e 00 6a 00  ..#...:.F.R.^.j.
000035e0: 77 00 84 00 91 00 9e 00 ac 00 bb 00 c9 00 d8 00  w...............
000035f0: e8 00 f8 00 09 01 1a 01 2b 01 3e 01 51 01 64 01  ........+.>.Q.d.
00003600: 78 01 8d 01 a3 01 b9 01 cf 01 e5 01 fc 01 13 02  x...............
00003610: 2a 02 41 02 58 02 6f 02 85 02 9b 02 b1 02 c6 02  *.A.X.o.........
00003620: db 02 ef 02 03 03 16 03 28 03 39 03 49 03 58 03  ........(.9.I.X.
00003630: 67 03 75 03 82 03 8f 03 9b 03 a6 03 b1 03 bc 03  g.u.............
00003640: c6 03 d0 03 da 03 e4 03 ed 03 f6 03 ff 03 00 00  ................
00003650: 10 00 20 00 30 00 3f 00 4f 00 5f 00 6f 00 7e 00  .. .0.?.O._.o.~.
00003660: 8e 00 9e 00 ae 00 be 00 ce 00 de 00 ee 00 ff 00  ................
00003670: 0f 01 1f 01 30 01 40 01 51 01 61 01 72 01 83 01  ....0.@.Q.a.r...
00003680: 94 01 a5 01 b6 01 c8 01 d9 01 eb 01 fc 01 0e 02  ................
00003690: 20 02 32 02 44 02 57 02 69 02 7c 02 8f 02 a2 02   .2.D.W.i.|.....
000036a0: b5 02 c8 02 da 02 ed 02 00 03 12 03 24 03 36 03  ............$.6.
000036b0: 47 03 58 03 68 03 78 03 87 03 95 03 a3 03 b0 03  G.X.h.x.........
000036c0: bb 03 c7 03 d1 03 db 03 e5 03 ee 03 f7 03 ff 03  ................
000036d0: 00 00 10 00 20 00 30 00 40 00 50 00 60 00 70 00  .... .0.@.P.`.p.
000036e0: 80 00 90 00 a0 00 b0 00 c0 00 d0 00 e0 00 f0 00  ................
000036f0: 00 01 10 01 20 01 30 01 40 01 50 01 60 01 70 01  .... .0.@.P.`.p.
00003700: 80 01 90 01 a0 01 b0 01 c0 01 d0 01 e0 01 f0 01  ................
00003710: 00 02 10 02 20 02 30 02 40 02 50 02 60 02 70 02  .... .0.@.P.`.p.
00003720: 80 02 90 02 a0 02 b0 02 c0 02 d0 02 e0 02 f0 02  ................
00003730: 00 03 10 03 20 03 30 03 40 03 50 03 60 03 70 03  .... .0.@.P.`.p.
00003740: 80 03 90 03 a0 03 b0 03 c0 03 d0 03 e0 03 f0 03  ................
00003750: ff 03 00 00 02 00 05 00 0f 00 40 00 00 00 00 00  ..........@.....
00003760: 00 00 00 00 00 00 00 00 00 00 00 00 00 00 00 00  ................
00003770: 00 00 00 00 04 00 0c 00 16 00 40 00 00 00 00 00  ..........@.....
00003780: 00 00 00 00 00 00 00 00 00 00 00 00 00 00 00 00  ................
00003790: 00 00 00 00 0e 00 17 00 29 00 40 00 00 00 00 00  ........).@.....
000037a0: 00 00 00 00 00 00 00 00 00 00 00 00 00 00 00 00  ................
000037b0: 00 00 00 00 19 00 2e 00 40 00 00 00 00 00 00 00  ........@.......
000037c0: 00 00 00 00 00 00 00 00 00 00 00 00 00 00 00 00  ................
000037d0: 00 00 00 00 26 00 38 00 40 00 00 00 00 00 00 00  ....&.8.@.......
000037e0: 00 00 00 00 00 00 00 00 00 00 00 00 00 00 00 00  ................
000037f0: 00 00 00 00 40 00 00 00 00 00 00 00 00 00 00 00  ....@...........
00003800: 00 00 00 00 00 00 00 00 00 00 00 00 00 00 00 00  ................
00003810: 00 00 01 00 40 00 80 00 00 01 08 00 00 00 01 00  ....@...........
00003820: 20 00 40 00 80 00 c4 00 ff 00 00 00 2e 00 58 00   .@...........X.
00003830: 7c 00 9a 00 b4 00 cb 00 e0 00 f2 00 02 01 11 01  |...............
00003840: 1e 01 2a 01 36 01 41 01 4c 01 57 01 63 01 6e 01  ..*.6.A.L.W.c.n.
00003850: 7a 01 86 01 92 01 9e 01 ab 01 b7 01 c4 01 d1 01  z...............
00003860: de 01 eb 01 f8 01 05 02 13 02 21 02 2e 02 3c 02  ..........!...<.
00003870: 4a 02 58 02 66 02 75 02 83 02 92 02 a0 02 af 02  J.X.f.u.........
00003880: be 02 cc 02 db 02 ea 02 f9 02 08 03 17 03 27 03  ..............'.
00003890: 36 03 45 03 55 03 64 03 73 03 83 03 92 03 a2 03  6.E.U.d.s.......
000038a0: b2 03 c1 03 d1 03 e0 03 f0 03 ff 03 00 00 17 00  ................
000038b0: 2d 00 44 00 5c 00 76 00 91 00 ac 00 c8 00 e2 00  -.D.\.v.........
000038c0: fd 00 15 01 2c 01 41 01 54 01 64 01 74 01 81 01  ....,.A.T.d.t...
000038d0: 8e 01 9a 01 a6 01 b1 01 bc 01 c7 01 d3 01 de 01  ................
000038e0: ea 01 f6 01 02 02 0e 02 1b 02 27 02 34 02 41 02  ..........'.4.A.
000038f0: 4e 02 5b 02 69 02 76 02 84 02 91 02 9f 02 ad 02  N.[.i.v.........
00003900: bb 02 c9 02 d7 02 e5 02 f4 02 02 03 11 03 1f 03  ................
00003910: 2e 03 3d 03 4b 03 5a 03 69 03 78 03 87 03 96 03  ..=.K.Z.i.x.....
00003920: a5 03 b4 03 c3 03 d2 03 e1 03 f0 03 ff 03 00 00  ................
00003930: 11 00 22 00 33 00 45 00 56 00 68 00 7a 00 8d 00  ..".3.E.V.h.z...
00003940: a0 00 b4 00 c9 00 df 00 f5 00 0c 01 24 01 3d 01  ............$.=.
00003950: 57 01 70 01 8a 01 a2 01 bb 01 d2 01 e8 01 fd 01  W.p.............
00003960: 10 02 22 02 32 02 42 02 50 02 5e 02 6a 02 76 02  ..".2.B.P.^.j.v.
00003970: 82 02 8d 02 97 02 a1 02 ab 02 b5 02 bf 02 c9 02  ................
00003980: d4 02 de 02 e9 02 f5 02 00 03 0c 03 18 03 25 03  ..............%.
00003990: 31 03 3e 03 4b 03 58 03 65 03 73 03 81 03 8e 03  1.>.K.X.e.s.....
000039a0: 9c 03 aa 03 b8 03 c6 03 d5 03 e3 03 f1 03 ff 03  ................
000039b0: 00 00 0c 00 17 00 23 00 2e 00 3a 00 46 00 52 00  ......#...:.F.R.
000039c0: 5e 00 6a 00 77 00 84 00 91 00 9e 00 ac 00 bb 00  ^.j.w...........
000039d0: c9 00 d8 00 e8 00 f8 00 09 01 1a 01 2b 01 3e 01  ............+.>.
000039e0: 51 01 64 01 78 01 8d 01 a3 01 b9 01 cf 01 e5 01  Q.d.x...........
000039f0: fc 01 13 02 2a 02 41 02 58 02 6f 02 85 02 9b 02  ....*.A.X.o.....
00003a00: b1 02 c6 02 db 02 ef 02 03 03 16 03 28 03 39 03  ............(.9.
00003a10: 49 03 58 03 67 03 75 03 82 03 8f 03 9b 03 a6 03  I.X.g.u.........
00003a20: b1 03 bc 03 c6 03 d0 03 da 03 e4 03 ed 03 f6 03  ................
00003a30: ff 03 00 00 10 00 20 00 30 00 3f 00 4f 00 5f 00  ...... .0.?.O._.
00003a40: 6f 00 7e 00 8e 00 9e 00 ae 00 be 00 ce 00 de 00  o.~.............
00003a50: ee 00 ff 00 0f 01 1f 01 30 01 40 01 51 01 61 01  ........0.@.Q.a.
00003a60: 72 01 83 01 94 01 a5 01 b6 01 c8 01 d9 01 eb 01  r...............
00003a70: fc 01 0e 02 20 02 32 02 44 02 57 02 69 02 7c 02  .... .2.D.W.i.|.
00003a80: 8f 02 a2 02 b5 02 c8 02 da 02 ed 02 00 03 12 03  ................
00003a90: 24 03 36 03 47 03 58 03 68 03 78 03 87 03 95 03  $.6.G.X.h.x.....
00003aa0: a3 03 b0 03 bb 03 c7 03 d1 03 db 03 e5 03 ee 03  ................
00003ab0: f7 03 ff 03 00 00 10 00 20 00 30 00 40 00 50 00  ........ .0.@.P.
00003ac0: 60 00 70 00 80 00 90 00 a0 00 b0 00 c0 00 d0 00  `.p.............
00003ad0: e0 00 f0 00 00 01 10 01 20 01 30 01 40 01 50 01  ........ .0.@.P.
00003ae0: 60 01 70 01 80 01 90 01 a0 01 b0 01 c0 01 d0 01  `.p.............
00003af0: e0 01 f0 01 00 02 10 02 20 02 30 02 40 02 50 02  ........ .0.@.P.
00003b00: 60 02 70 02 80 02 90 02 a0 02 b0 02 c0 02 d0 02  `.p.............
00003b10: e0 02 f0 02 00 03 10 03 20 03 30 03 40 03 50 03  ........ .0.@.P.
00003b20: 60 03 70 03 80 03 90 03 a0 03 b0 03 c0 03 d0 03  `.p.............
00003b30: e0 03 f0 03 ff 03 00 00 02 00 05 00 0f 00 40 00  ..............@.
00003b40: 00 00 00 00 00 00 00 00 00 00 00 00 00 00 00 00  ................
00003b50: 00 00 00 00 00 00 00 00 04 00 0c 00 16 00 40 00  ..............@.
00003b60: 00 00 00 00 00 00 00 00 00 00 00 00 00 00 00 00  ................
00003b70: 00 00 00 00 00 00 00 00 0e 00 17 00 29 00 40 00  ............).@.
00003b80: 00 00 00 00 00 00 00 00 00 00 00 00 00 00 00 00  ................
00003b90: 00 00 00 00 00 00 00 00 19 00 2e 00 40 00 00 00  ............@...
00003ba0: 00 00 00 00 00 00 00 00 00 00 00 00 00 00 00 00  ................
00003bb0: 00 00 00 00 00 00 00 00 26 00 38 00 40 00 00 00  ........&.8.@...
00003bc0: 00 00 00 00 00 00 00 00 00 00 00 00 00 00 00 00  ................
00003bd0: 00 00 00 00 00 00 00 00 40 00 00 00 00 00 00 00  ........@.......
00003be0: 00 00 00 00 00 00 00 00 00 00 00 00 00 00 00 00  ................
00003bf0: 00 00 00 00 00 00 01 00 40 00 80 00 00 01 00 00  ........@.......
00003c00: 00 00 00 00 00 00 00 00 00 00 00 00 00 00 00 00  ................
00003c10: 10 00 20 00 30 00 40 00 50 00 60 00 70 00 80 00  .. .0.@.P.`.p...
00003c20: 90 00 a0 00 b0 00 c0 00 d0 00 e0 00 f0 00 00 01  ................
00003c30: 10 01 20 01 30 01 40 01 50 01 60 01 70 01 80 01  .. .0.@.P.`.p...
00003c40: 90 01 a0 01 b0 01 c0 01 d0 01 e0 01 f0 01 00 02  ................
00003c50: 10 02 20 02 30 02 40 02 50 02 60 02 70 02 80 02  .. .0.@.P.`.p...
00003c60: 90 02 a0 02 b0 02 c0 02 d0 02 e0 02 f0 02 00 03  ................
00003c70: 10 03 20 03 30 03 40 03 50 03 60 03 70 03 80 03  .. .0.@.P.`.p...
00003c80: 90 03 a0 03 b0 03 c0 03 d0 03 e0 03 f0 03 ff 03  ................
00003c90: 00 00 10 00 20 00 30 00 40 00 50 00 60 00 70 00  .... .0.@.P.`.p.
00003ca0: 80 00 90 00 a0 00 b0 00 c0 00 d0 00 e0 00 f0 00  ................
00003cb0: 00 01 10 01 20 01 30 01 40 01 50 01 60 01 70 01  .... .0.@.P.`.p.
00003cc0: 80 01 90 01 a0 01 b0 01 c0 01 d0 01 e0 01 f0 01  ................
00003cd0: 00 02 10 02 20 02 30 02 40 02 50 02 60 02 70 02  .... .0.@.P.`.p.
00003ce0: 80 02 90 02 a0 02 b0 02 c0 02 d0 02 e0 02 f0 02  ................
00003cf0: 00 03 10 03 20 03 30 03 40 03 50 03 60 03 70 03  .... .0.@.P.`.p.
00003d00: 80 03 90 03 a0 03 b0 03 c0 03 d0 03 e0 03 f0 03  ................
00003d10: ff 03 00 00 10 00 20 00 30 00 40 00 50 00 60 00  ...... .0.@.P.`.
00003d20: 70 00 80 00 90 00 a0 00 b0 00 c0 00 d0 00 e0 00  p...............
00003d30: f0 00 00 01 10 01 20 01 30 01 40 01 50 01 60 01  ...... .0.@.P.`.
00003d40: 70 01 80 01 90 01 a0 01 b0 01 c0 01 d0 01 e0 01  p...............
00003d50: f0 01 00 02 10 02 20 02 30 02 40 02 50 02 60 02  ...... .0.@.P.`.
00003d60: 70 02 80 02 90 02 a0 02 b0 02 c0 02 d0 02 e0 02  p...............
00003d70: f0 02 00 03 10 03 20 03 30 03 40 03 50 03 60 03  ...... .0.@.P.`.
00003d80: 70 03 80 03 90 03 a0 03 b0 03 c0 03 d0 03 e0 03  p...............
00003d90: f0 03 ff 03 00 00 10 00 20 00 30 00 40 00 50 00  ........ .0.@.P.
00003da0: 60 00 70 00 80 00 90 00 a0 00 b0 00 c0 00 d0 00  `.p.............
00003db0: e0 00 f0 00 00 01 10 01 20 01 30 01 40 01 50 01  ........ .0.@.P.
00003dc0: 60 01 70 01 80 01 90 01 a0 01 b0 01 c0 01 d0 01  `.p.............
00003dd0: e0 01 f0 01 00 02 10 02 20 02 30 02 40 02 50 02  ........ .0.@.P.
00003de0: 60 02 70 02 80 02 90 02 a0 02 b0 02 c0 02 d0 02  `.p.............
00003df0: e0 02 f0 02 00 03 10 03 20 03 30 03 40 03 50 03  ........ .0.@.P.
00003e00: 60 03 70 03 80 03 90 03 a0 03 b0 03 c0 03 d0 03  `.p.............
00003e10: e0 03 f0 03 ff 03 00 00 10 00 20 00 30 00 40 00  .......... .0.@.
00003e20: 50 00 60 00 70 00 80 00 90 00 a0 00 b0 00 c0 00  P.`.p...........
00003e30: d0 00 e0 00 f0 00 00 01 10 01 20 01 30 01 40 01  .......... .0.@.
00003e40: 50 01 60 01 70 01 80 01 90 01 a0 01 b0 01 c0 01  P.`.p...........
00003e50: d0 01 e0 01 f0 01 00 02 10 02 20 02 30 02 40 02  .......... .0.@.
00003e60: 50 02 60 02 70 02 80 02 90 02 a0 02 b0 02 c0 02  P.`.p...........
00003e70: d0 02 e0 02 f0 02 00 03 10 03 20 03 30 03 40 03  .......... .0.@.
00003e80: 50 03 60 03 70 03 80 03 90 03 a0 03 b0 03 c0 03  P.`.p...........
00003e90: d0 03 e0 03 f0 03 ff 03 00 00 10 00 20 00 30 00  ............ .0.
00003ea0: 40 00 50 00 60 00 70 00 80 00 90 00 a0 00 b0 00  @.P.`.p.........
00003eb0: c0 00 d0 00 e0 00 f0 00 00 01 10 01 20 01 30 01  ............ .0.
00003ec0: 40 01 50 01 60 01 70 01 80 01 90 01 a0 01 b0 01  @.P.`.p.........
00003ed0: c0 01 d0 01 e0 01 f0 01 00 02 10 02 20 02 30 02  ............ .0.
00003ee0: 40 02 50 02 60 02 70 02 80 02 90 02 a0 02 b0 02  @.P.`.p.........
00003ef0: c0 02 d0 02 e0 02 f0 02 00 03 10 03 20 03 30 03  ............ .0.
00003f00: 40 03 50 03 60 03 70 03 80 03 90 03 a0 03 b0 03  @.P.`.p.........
00003f10: c0 03 d0 03 e0 03 f0 03 ff 03 00 00 40 00 00 00  ............@...
00003f20: 00 00 00 00 00 00 00 00 00 00 00 00 00 00 00 00  ................
00003f30: 00 00 00 00 00 00 00 00 00 00 00 00 40 00 00 00  ............@...
00003f40: 00 00 00 00 00 00 00 00 00 00 00 00 00 00 00 00  ................
00003f50: 00 00 00 00 00 00 00 00 00 00 00 00 40 00 00 00  ............@...
00003f60: 00 00 00 00 00 00 00 00 00 00 00 00 00 00 00 00  ................
00003f70: 00 00 00 00 00 00 00 00 00 00 00 00 08 00 10 00  ................
00003f80: 18 00 20 00 28 00 30 00 38 00 00 00 00 00 00 00  .. .(.0.8.......
00003f90: 00 00 00 00 00 00 00 00 00 00 00 00 08 00 10 00  ................
00003fa0: 18 00 20 00 28 00 30 00 38 00 00 00 00 00 00 00  .. .(.0.8.......
00003fb0: 00 00 00 00 00 00 00 00 00 00 00 00 08 00 10 00  ................
00003fc0: 18 00 20 00 28 00 30 00 38 00 00 00 00 00 00 00  .. .(.0.8.......
00003fd0: 00 00 00 00 00 00 00 00 00 00 00 00 00 00 01 00  ................
00003fe0: 00 00 0b 00 58 2b 01 00 01 00 04 00 01 00 03 00  ....X+..........
00003ff0: 03 00 01 00 18 00 00 00 00 00 f6 ff f5 ff f5 ff  ................
00004000: f4 ff f3 ff f3 ff f2 ff f1 ff f1 ff f0 ff ef ff  ................
00004010: ef ff ee ff ee ff ed ff ec ff ec ff eb ff eb ff  ................
00004020: ea ff ea ff e9 ff e8 ff e8 ff e7 ff e7 ff e6 ff  ................
00004030: e6 ff e5 ff e5 ff e4 ff e4 ff e3 ff e3 ff e3 ff  ................
00004040: e2 ff e2 ff e1 ff e1 ff e1 ff e0 ff e0 ff e0 ff  ................
00004050: df ff df ff df ff df ff de ff de ff de ff de ff  ................
00004060: de ff de ff de ff dd ff dd ff dd ff dd ff dd ff  ................
00004070: dd ff dd ff dd ff de ff de ff de ff de ff de ff  ................
00004080: de ff de ff df ff df ff df ff df ff e0 ff e0 ff  ................
00004090: e0 ff e1 ff e1 ff e1 ff e2 ff e2 ff e2 ff e3 ff  ................
000040a0: e3 ff e4 ff e4 ff e5 ff e5 ff e6 ff e6 ff e7 ff  ................
000040b0: e7 ff e8 ff e8 ff e9 ff e9 ff ea ff ea ff eb ff  ................
000040c0: ec ff ec ff ed ff ed ff ee ff ef ff ef ff f0 ff  ................
000040d0: f1 ff f1 ff f2 ff f3 ff f3 ff f4 ff f5 ff f5 ff  ................
000040e0: f6 ff f7 ff f8 ff f8 ff f9 ff fa ff fa ff fb ff  ................
000040f0: fc ff fd ff fd ff fe ff ff ff 00 00 00 00 01 00  ................
00004100: 02 00 02 00 03 00 04 00 05 00 05 00 06 00 07 00  ................
00004110: 08 00 08 00 09 00 0a 00 0b 00 0b 00 0c 00 0d 00  ................
00004120: 0d 00 0e 00 0f 00 10 00 10 00 11 00 12 00 12 00  ................
00004130: 13 00 14 00 14 00 15 00 15 00 16 00 17 00 17 00  ................
00004140: 18 00 19 00 19 00 1a 00 1a 00 1b 00 1b 00 1c 00  ................
00004150: 1c 00 1d 00 1d 00 1e 00 1e 00 1f 00 1f 00 20 00  .............. .
00004160: 20 00 20 00 21 00 21 00 22 00 22 00 22 00 23 00   . .!.!.".".".#.
00004170: 23 00 23 00 23 00 24 00 24 00 24 00 24 00 24 00  #.#.#.$.$.$.$.$.
00004180: 25 00 25 00 25 00 25 00 25 00 25 00 25 00 25 00  %.%.%.%.%.%.%.%.
00004190: 25 00 25 00 25 00 25 00 25 00 25 00 25 00 24 00  %.%.%.%.%.%.%.$.
000041a0: 24 00 24 00 24 00 23 00 23 00 23 00 22 00 22 00  $.$.$.#.#.#.".".
000041b0: 22 00 21 00 21 00 20 00 20 00 1f 00 1f 00 1e 00  ".!.!. . .......
000041c0: 1e 00 1d 00 1c 00 1c 00 1b 00 1a 00 1a 00 19 00  ................
000041d0: 18 00 17 00 17 00 16 00 15 00 14 00 13 00 13 00  ................
000041e0: 12 00 11 00 10 00 0f 00 0e 00 0d 00 0c 00 0b 00  ................
000041f0: 0b 00 0a 00 09 00 08 00 07 00 f7 ff f6 ff f6 ff  ................
00004200: f5 ff f5 ff f4 ff f4 ff f4 ff f3 ff f3 ff f2 ff  ................
00004210: f2 ff f1 ff f1 ff f1 ff f0 ff f0 ff ef ff ef ff  ................
00004220: ef ff ee ff ee ff ed ff ed ff ed ff ec ff ec ff  ................
00004230: ec ff eb ff eb ff eb ff ea ff ea ff ea ff e9 ff  ................
00004240: e9 ff e9 ff e8 ff e8 ff e8 ff e8 ff e7 ff e7 ff  ................
00004250: e7 ff e7 ff e7 ff e6 ff e6 ff e6 ff e6 ff e6 ff  ................
00004260: e6 ff e5 ff e5 ff e5 ff e5 ff e5 ff e5 ff e5 ff  ................
00004270: e5 ff e5 ff e5 ff e5 ff e5 ff e5 ff e5 ff e5 ff  ................
00004280: e5 ff e5 ff e5 ff e5 ff e5 ff e5 ff e6 ff e6 ff  ................
00004290: e6 ff e6 ff e6 ff e6 ff e6 ff e7 ff e7 ff e7 ff  ................
000042a0: e7 ff e8 ff e8 ff e8 ff e8 ff e9 ff e9 ff e9 ff  ................
000042b0: ea ff ea ff ea ff eb ff eb ff eb ff ec ff ec ff  ................
000042c0: ec ff ed ff ed ff ee ff ee ff ef ff ef ff f0 ff  ................
000042d0: f0 ff f1 ff f1 ff f2 ff f2 ff f3 ff f3 ff f4 ff  ................
000042e0: f5 ff f5 ff f6 ff f7 ff f7 ff f8 ff f9 ff fa ff  ................
000042f0: fa ff fb ff fc ff fd ff fe ff ff ff 00 00 01 00  ................
00004300: 03 00 04 00 05 00 06 00 07 00 09 00 0a 00 0b 00  ................
00004310: 0c 00 0d 00 0e 00 0e 00 0f 00 10 00 10 00 10 00  ................
00004320: 11 00 11 00 11 00 11 00 10 00 10 00 10 00 10 00  ................
00004330: 0f 00 0f 00 0e 00 0e 00 0d 00 0d 00 0c 00 0c 00  ................
00004340: 0b 00 0b 00 0a 00 0a 00 0a 00 09 00 09 00 09 00  ................
00004350: 09 00 09 00 09 00 09 00 0a 00 0a 00 0a 00 0b 00  ................
00004360: 0b 00 0c 00 0c 00 0d 00 0d 00 0e 00 0f 00 0f 00  ................
00004370: 10 00 11 00 12 00 12 00 13 00 14 00 15 00 15 00  ................
00004380: 16 00 17 00 18 00 19 00 19 00 1a 00 1b 00 1b 00  ................
00004390: 1c 00 1d 00 1d 00 1e 00 1f 00 1f 00 20 00 20 00  ............ . .
000043a0: 20 00 21 00 21 00 21 00 21 00 21 00 21 00 21 00   .!.!.!.!.!.!.!.
000043b0: 21 00 21 00 21 00 21 00 20 00 20 00 1f 00 1f 00  !.!.!.!. . .....
000043c0: 1e 00 1e 00 1d 00 1d 00 1c 00 1b 00 1a 00 1a 00  ................
000043d0: 19 00 18 00 17 00 16 00 15 00 14 00 13 00 12 00  ................
000043e0: 11 00 10 00 0f 00 0e 00 0c 00 0b 00 0a 00 09 00  ................
000043f0: 08 00 07 00 05 00 04 00 03 00 00 00 36 00 6a 00  ............6.j.
00004400: 80 00 96 00 dc 00 ff 00 00 00 00 00 00 00 00 00  ................
00004410: 00 00 00 00 00 00 00 00 00 00 00 00 2c 00 6c 00  ............,.l.
00004420: 80 00 90 00 a8 00 d6 00 ff 00 00 00 00 00 00 00  ................
00004430: 00 00 00 00 00 00 00 00 00 00 01 00 03 00 01 00  ................
00004440: 03 00 02 00 80 00 20 00 01 00 01 00 96 ff 96 ff  ...... .........
00004450: 96 ff 96 ff 96 ff 96 ff 96 ff 96 ff 96 ff 96 ff  ................
00004460: 96 ff 96 ff 96 ff 95 ff 95 ff 95 ff 95 ff 95 ff  ................
00004470: 94 ff 94 ff 93 ff 93 ff 93 ff 92 ff 92 ff 91 ff  ................
00004480: 90 ff 90 ff 8f ff 8f ff 8e ff 8e ff 8d ff 8d ff  ................
00004490: 8c ff 8c ff 8b ff 8b ff 8b ff 8a ff 8a ff 8a ff  ................
000044a0: 8a ff 8a ff 8a ff 8a ff 8a ff 8a ff 8a ff 8b ff  ................
000044b0: 8b ff 8c ff 8c ff 8d ff 8e ff 8f ff 90 ff 91 ff  ................
000044c0: 92 ff 94 ff 95 ff 97 ff 98 ff 9a ff 9b ff 9d ff  ................
000044d0: 9f ff a1 ff a3 ff a5 ff a7 ff a9 ff ab ff ad ff  ................
000044e0: af ff b2 ff b4 ff b6 ff b8 ff ba ff bd ff bf ff  ................
000044f0: c1 ff c4 ff c6 ff c8 ff ca ff cd ff cf ff d1 ff  ................
00004500: d3 ff d5 ff d7 ff d9 ff db ff dd ff df ff e1 ff  ................
00004510: e3 ff e5 ff e6 ff e8 ff e9 ff eb ff ec ff ee ff  ................
00004520: ef ff f0 ff f1 ff f2 ff f3 ff f4 ff f5 ff f6 ff  ................
00004530: f7 ff f8 ff f8 ff f9 ff fa ff fa ff fb ff fc ff  ................
00004540: fc ff fd ff fe ff fe ff ff ff ff ff 00 00 01 00  ................
00004550: 01 00 02 00 03 00 03 00 04 00 05 00 05 00 06 00  ................
00004560: 07 00 08 00 09 00 09 00 0a 00 0b 00 0c 00 0d 00  ................
00004570: 0f 00 10 00 11 00 12 00 13 00 15 00 16 00 18 00  ................
00004580: 19 00 1b 00 1d 00 1e 00 20 00 22 00 24 00 26 00  ........ .".$.&.
00004590: 28 00 2a 00 2c 00 2e 00 30 00 32 00 35 00 37 00  (.*.,...0.2.5.7.
000045a0: 39 00 3b 00 3d 00 40 00 42 00 44 00 46 00 49 00  9.;.=.@.B.D.F.I.
000045b0: 4b 00 4d 00 4f 00 51 00 53 00 55 00 57 00 59 00  K.M.O.Q.S.U.W.Y.
000045c0: 5b 00 5d 00 5f 00 61 00 62 00 64 00 65 00 67 00  [.]._.a.b.d.e.g.
000045d0: 68 00 6a 00 6b 00 6c 00 6d 00 6e 00 6f 00 70 00  h.j.k.l.m.n.o.p.
000045e0: 71 00 71 00 72 00 72 00 72 00 73 00 73 00 73 00  q.q.r.r.r.s.s.s.
000045f0: 73 00 73 00 72 00 72 00 72 00 71 00 71 00 71 00  s.s.r.r.r.q.q.q.
00004600: 70 00 70 00 6f 00 6f 00 6e 00 6d 00 6d 00 6c 00  p.p.o.o.n.m.m.l.
00004610: 6c 00 6b 00 6b 00 6a 00 6a 00 69 00 69 00 69 00  l.k.k.j.j.i.i.i.
00004620: 68 00 68 00 68 00 68 00 68 00 68 00 68 00 68 00  h.h.h.h.h.h.h.h.
00004630: 68 00 69 00 69 00 6a 00 6a 00 6a 00 6b 00 6c 00  h.i.i.j.j.j.k.l.
00004640: 6c 00 6d 00 6e 00 6e 00 6f 00 70 00 8a ff 89 ff  l.m.n.n.o.p.....
00004650: 89 ff 88 ff 87 ff 87 ff 86 ff 86 ff 85 ff 85 ff  ................
00004660: 85 ff 84 ff 84 ff 83 ff 83 ff 82 ff 82 ff 82 ff  ................
00004670: 81 ff 81 ff 80 ff 80 ff 80 ff 80 ff 7f ff 7f ff  ................
00004680: 7f ff 7f ff 7f ff 7f ff 7e ff 7e ff 7e ff 7e ff  ........~.~.~.~.
00004690: 7f ff 7f ff 7f ff 7f ff 7f ff 80 ff 80 ff 80 ff  ................
000046a0: 81 ff 81 ff 82 ff 82 ff 83 ff 84 ff 84 ff 85 ff  ................
000046b0: 86 ff 87 ff 88 ff 89 ff 8a ff 8b ff 8d ff 8e ff  ................
000046c0: 8f ff 91 ff 92 ff 94 ff 95 ff 97 ff 99 ff 9b ff  ................
000046d0: 9c ff 9e ff a0 ff a2 ff a4 ff a6 ff a8 ff aa ff  ................
000046e0: ac ff ae ff b0 ff b2 ff b4 ff b6 ff b9 ff bb ff  ................
000046f0: bd ff bf ff c1 ff c3 ff c5 ff c8 ff ca ff cc ff  ................
00004700: ce ff d0 ff d2 ff d4 ff d6 ff d8 ff da ff dc ff  ................
00004710: de ff e0 ff e1 ff e3 ff e5 ff e6 ff e8 ff ea ff  ................
00004720: eb ff ed ff ee ff ef ff f0 ff f2 ff f3 ff f4 ff  ................
00004730: f5 ff f6 ff f7 ff f8 ff f9 ff fa ff fb ff fb ff  ................
00004740: fc ff fd ff fd ff fe ff ff ff ff ff 00 00 01 00  ................
00004750: 01 00 02 00 02 00 03 00 03 00 04 00 05 00 05 00  ................
00004760: 06 00 07 00 07 00 08 00 09 00 0a 00 0b 00 0c 00  ................
00004770: 0d 00 0f 00 10 00 11 00 13 00 15 00 16 00 18 00  ................
00004780: 1a 00 1c 00 1e 00 21 00 23 00 25 00 27 00 2a 00  ......!.#.%.'.*.
00004790: 2c 00 2f 00 31 00 33 00 36 00 38 00 3b 00 3e 00  ,./.1.3.6.8.;.>.
000047a0: 40 00 43 00 45 00 48 00 4a 00 4d 00 4f 00 51 00  @.C.E.H.J.M.O.Q.
000047b0: 54 00 56 00 58 00 5b 00 5d 00 5f 00 61 00 63 00  T.V.X.[.]._.a.c.
000047c0: 65 00 67 00 68 00 6a 00 6b 00 6d 00 6e 00 6f 00  e.g.h.j.k.m.n.o.
000047d0: 70 00 71 00 72 00 73 00 73 00 74 00 75 00 75 00  p.q.r.s.s.t.u.u.
000047e0: 75 00 76 00 76 00 76 00 76 00 76 00 76 00 76 00  u.v.v.v.v.v.v.v.
000047f0: 76 00 75 00 75 00 75 00 74 00 74 00 74 00 73 00  v.u.u.u.t.t.t.s.
00004800: 73 00 72 00 72 00 71 00 70 00 70 00 6f 00 6f 00  s.r.r.q.p.p.o.o.
00004810: 6e 00 6d 00 6d 00 6c 00 6c 00 6b 00 6b 00 6a 00  n.m.m.l.l.k.k.j.
00004820: 6a 00 69 00 69 00 68 00 68 00 67 00 67 00 67 00  j.i.i.h.h.g.g.g.
00004830: 66 00 66 00 65 00 65 00 65 00 64 00 64 00 63 00  f.f.e.e.e.d.d.c.
00004840: 63 00 63 00 62 00 62 00 62 00 61 00 00 00 12 00  c.c.b.b.b.a.....
00004850: 34 00 66 00 80 00 9a 00 ca 00 ee 00 ff 00 00 00  4.f.............
00004860: 00 00 00 00 00 00 00 00 00 00 00 00 00 00 14 00  ................
00004870: 36 00 6a 00 80 00 94 00 be 00 e6 00 ff 00 00 00  6.j.............
00004880: 00 00 00 00 00 00 00 00 00 00 00 00 01 00 03 00  ................
00004890: 01 00 03 00 02 00 20 00 20 00 01 00 01 00 a7 ff  ...... . .......
000048a0: a6 ff a6 ff a6 ff a5 ff a5 ff a4 ff a4 ff a4 ff  ................
000048b0: a3 ff a3 ff a2 ff a2 ff a1 ff a1 ff a1 ff a0 ff  ................
000048c0: a0 ff 9f ff 9f ff 9e ff 9e ff 9e ff 9d ff 9d ff  ................
000048d0: 9c ff 9c ff 9b ff 9b ff 9b ff 9a ff 9a ff 9a ff  ................
000048e0: 99 ff 99 ff 99 ff 99 ff 98 ff 98 ff 98 ff 98 ff  ................
000048f0: 98 ff 98 ff 98 ff 98 ff 98 ff 98 ff 98 ff 98 ff  ................
00004900: 99 ff 99 ff 99 ff 99 ff 9a ff 9a ff 9b ff 9c ff  ................
00004910: 9c ff 9d ff 9e ff 9e ff 9f ff a0 ff a1 ff a2 ff  ................
00004920: a4 ff a5 ff a6 ff a8 ff a9 ff ab ff ac ff ae ff  ................
00004930: b0 ff b1 ff b3 ff b5 ff b7 ff b9 ff bb ff bd ff  ................
00004940: bf ff c1 ff c3 ff c5 ff c8 ff ca ff cc ff ce ff  ................
00004950: d0 ff d2 ff d4 ff d6 ff d8 ff da ff db ff dd ff  ................
00004960: df ff e1 ff e2 ff e4 ff e5 ff e7 ff e8 ff e9 ff  ................
00004970: eb ff ec ff ed ff ee ff f0 ff f1 ff f2 ff f3 ff  ................
00004980: f4 ff f5 ff f6 ff f7 ff f7 ff f8 ff f9 ff fa ff  ................
00004990: fb ff fc ff fc ff fd ff fe ff ff ff ff ff 00 00  ................
000049a0: 01 00 01 00 02 00 03 00 04 00 04 00 05 00 06 00  ................
000049b0: 07 00 07 00 08 00 09 00 0a 00 0b 00 0c 00 0d 00  ................
000049c0: 0e 00 10 00 11 00 12 00 14 00 15 00 16 00 18 00  ................
000049d0: 1a 00 1b 00 1d 00 1e 00 20 00 22 00 23 00 25 00  ........ .".#.%.
000049e0: 27 00 29 00 2b 00 2c 00 2e 00 30 00 32 00 34 00  '.).+.,...0.2.4.
000049f0: 36 00 37 00 39 00 3b 00 3d 00 3f 00 41 00 42 00  6.7.9.;.=.?.A.B.
00004a00: 44 00 46 00 48 00 49 00 4b 00 4d 00 4e 00 50 00  D.F.H.I.K.M.N.P.
00004a10: 51 00 53 00 54 00 56 00 57 00 59 00 5a 00 5b 00  Q.S.T.V.W.Y.Z.[.
00004a20: 5c 00 5d 00 5e 00 5f 00 60 00 61 00 62 00 63 00  \.].^._.`.a.b.c.
00004a30: 64 00 64 00 65 00 66 00 66 00 67 00 67 00 68 00  d.d.e.f.f.g.g.h.
00004a40: 68 00 68 00 69 00 69 00 69 00 69 00 69 00 69 00  h.h.i.i.i.i.i.i.
00004a50: 6a 00 6a 00 6a 00 6a 00 6a 00 69 00 69 00 69 00  j.j.j.j.j.i.i.i.
00004a60: 69 00 69 00 69 00 68 00 68 00 68 00 68 00 67 00  i.i.i.h.h.h.h.g.
00004a70: 67 00 66 00 66 00 66 00 65 00 65 00 64 00 64 00  g.f.f.f.e.e.d.d.
00004a80: 63 00 63 00 62 00 62 00 61 00 61 00 60 00 60 00  c.c.b.b.a.a.`.`.
00004a90: 5f 00 5f 00 5e 00 5e 00 5d 00 5d 00 5c 00 9a ff  _._.^.^.].].\...
00004aa0: 9a ff 9a ff 9a ff 9a ff 9a ff 9b ff 9b ff 9b ff  ................
00004ab0: 9b ff 9b ff 9b ff 9b ff 9b ff 9b ff 9b ff 9b ff  ................
00004ac0: 9b ff 9b ff 9a ff 9a ff 9a ff 9a ff 99 ff 99 ff  ................
00004ad0: 99 ff 99 ff 98 ff 98 ff 98 ff 97 ff 97 ff 97 ff  ................
00004ae0: 96 ff 96 ff 96 ff 96 ff 95 ff 95 ff 95 ff 95 ff  ................
00004af0: 95 ff 95 ff 95 ff 95 ff 95 ff 95 ff 95 ff 95 ff  ................
00004b00: 96 ff 96 ff 96 ff 97 ff 97 ff 98 ff 99 ff 99 ff  ................
00004b10: 9a ff 9b ff 9c ff 9d ff 9e ff a0 ff a1 ff a3 ff  ................
00004b20: a4 ff a6 ff a7 ff a9 ff ab ff ad ff af ff b1 ff  ................
00004b30: b3 ff b5 ff b7 ff b9 ff bc ff be ff c0 ff c2 ff  ................
00004b40: c4 ff c7 ff c9 ff cb ff ce ff d0 ff d2 ff d4 ff  ................
00004b50: d6 ff d9 ff db ff dd ff df ff e1 ff e3 ff e5 ff  ................
00004b60: e7 ff e8 ff ea ff ec ff ed ff ef ff f0 ff f1 ff  ................
00004b70: f3 ff f4 ff f5 ff f6 ff f7 ff f8 ff f8 ff f9 ff  ................
00004b80: fa ff fa ff fb ff fc ff fc ff fd ff fd ff fd ff  ................
00004b90: fe ff fe ff fe ff ff ff ff ff ff ff 00 00 00 00  ................
00004ba0: 00 00 01 00 01 00 01 00 02 00 02 00 02 00 03 00  ................
00004bb0: 03 00 04 00 04 00 04 00 05 00 06 00 06 00 07 00  ................
00004bc0: 07 00 08 00 09 00 0a 00 0b 00 0c 00 0d 00 0e 00  ................
00004bd0: 0f 00 10 00 11 00 13 00 14 00 15 00 17 00 18 00  ................
00004be0: 1a 00 1c 00 1d 00 1f 00 21 00 23 00 25 00 26 00  ........!.#.%.&.
00004bf0: 28 00 2a 00 2c 00 2e 00 30 00 32 00 34 00 36 00  (.*.,...0.2.4.6.
00004c00: 38 00 3a 00 3c 00 3e 00 40 00 42 00 44 00 46 00  8.:.<.>.@.B.D.F.
00004c10: 47 00 49 00 4b 00 4d 00 4e 00 50 00 52 00 53 00  G.I.K.M.N.P.R.S.
00004c20: 55 00 56 00 58 00 59 00 5a 00 5c 00 5d 00 5e 00  U.V.X.Y.Z.\.].^.
00004c30: 5f 00 60 00 61 00 61 00 62 00 63 00 63 00 64 00  _.`.a.a.b.c.c.d.
00004c40: 64 00 64 00 65 00 65 00 65 00 65 00 65 00 65 00  d.d.e.e.e.e.e.e.
00004c50: 65 00 65 00 65 00 65 00 65 00 65 00 64 00 64 00  e.e.e.e.e.e.d.d.
00004c60: 64 00 64 00 63 00 63 00 63 00 62 00 62 00 61 00  d.d.c.c.c.b.b.a.
00004c70: 61 00 60 00 60 00 60 00 5f 00 5f 00 5e 00 5e 00  a.`.`.`._._.^.^.
00004c80: 5d 00 5d 00 5c 00 5c 00 5b 00 5b 00 5a 00 5a 00  ].].\.\.[.[.Z.Z.
00004c90: 59 00 59 00 59 00 58 00 58 00 57 00 56 00 00 00  Y.Y.Y.X.X.W.V...
00004ca0: 10 00 44 00 5e 00 80 00 90 00 c0 00 ec 00 ff 00  ..D.^...........
00004cb0: 00 00 00 00 00 00 00 00 00 00 00 00 00 00 00 00  ................
00004cc0: 10 00 3c 00 66 00 80 00 9a 00 c8 00 ea 00 ff 00  ..<.f...........
00004cd0: 00 00 00 00 00 00 00 00 00 00 00 00 00 00 01 00  ................
00004ce0: 03 00 01 00 03 00 02 00 80 00 20 00 01 00 01 00  .......... .....
00004cf0: bd ff bc ff ba ff b9 ff b8 ff b6 ff b5 ff b3 ff  ................
00004d00: b2 ff b1 ff af ff ae ff ad ff ac ff ab ff aa ff  ................
00004d10: a9 ff a8 ff a7 ff a7 ff a6 ff a6 ff a5 ff a5 ff  ................
00004d20: a5 ff a5 ff a5 ff a5 ff a5 ff a5 ff a6 ff a6 ff  ................
00004d30: a7 ff a7 ff a8 ff a8 ff a9 ff aa ff ab ff ac ff  ................
00004d40: ad ff ae ff af ff b0 ff b1 ff b3 ff b4 ff b5 ff  ................
00004d50: b6 ff b8 ff b9 ff ba ff bc ff bd ff bf ff c0 ff  ................
00004d60: c2 ff c3 ff c4 ff c6 ff c7 ff c9 ff ca ff cc ff  ................
00004d70: cd ff ce ff d0 ff d1 ff d2 ff d4 ff d5 ff d6 ff  ................
00004d80: d7 ff d8 ff d9 ff db ff dc ff dd ff de ff df ff  ................
00004d90: e0 ff e1 ff e2 ff e3 ff e4 ff e4 ff e5 ff e6 ff  ................
00004da0: e7 ff e8 ff e9 ff e9 ff ea ff eb ff ec ff ed ff  ................
00004db0: ed ff ee ff ef ff ef ff f0 ff f1 ff f1 ff f2 ff  ................
00004dc0: f3 ff f3 ff f4 ff f5 ff f5 ff f6 ff f6 ff f7 ff  ................
00004dd0: f8 ff f8 ff f9 ff f9 ff fa ff fa ff fb ff fb ff  ................
00004de0: fc ff fc ff fd ff fd ff fe ff ff ff ff ff 00 00  ................
00004df0: 00 00 00 00 01 00 01 00 02 00 02 00 03 00 03 00  ................
00004e00: 04 00 04 00 05 00 05 00 06 00 06 00 07 00 07 00  ................
00004e10: 08 00 09 00 09 00 0a 00 0a 00 0b 00 0b 00 0c 00  ................
00004e20: 0d 00 0d 00 0e 00 0f 00 0f 00 10 00 11 00 11 00  ................
00004e30: 12 00 13 00 14 00 14 00 15 00 16 00 17 00 18 00  ................
00004e40: 18 00 19 00 1a 00 1b 00 1c 00 1d 00 1e 00 1f 00  ................
00004e50: 20 00 20 00 21 00 22 00 23 00 24 00 26 00 27 00   . .!.".#.$.&.'.
00004e60: 28 00 29 00 2a 00 2b 00 2c 00 2d 00 2e 00 30 00  (.).*.+.,.-...0.
00004e70: 31 00 32 00 33 00 34 00 36 00 37 00 38 00 39 00  1.2.3.4.6.7.8.9.
00004e80: 3a 00 3b 00 3d 00 3e 00 3f 00 40 00 41 00 42 00  :.;.=.>.?.@.A.B.
00004e90: 43 00 44 00 45 00 46 00 47 00 48 00 49 00 49 00  C.D.E.F.G.H.I.I.
00004ea0: 4a 00 4b 00 4b 00 4c 00 4d 00 4d 00 4e 00 4e 00  J.K.K.L.M.M.N.N.
00004eb0: 4e 00 4f 00 4f 00 4f 00 4f 00 4f 00 4f 00 4f 00  N.O.O.O.O.O.O.O.
00004ec0: 4f 00 4e 00 4e 00 4e 00 4d 00 4d 00 4c 00 4b 00  O.N.N.N.M.M.L.K.
00004ed0: 4a 00 49 00 48 00 47 00 46 00 45 00 44 00 43 00  J.I.H.G.F.E.D.C.
00004ee0: 42 00 40 00 3f 00 3e 00 3c 00 3b 00 3a 00 38 00  B.@.?.>.<.;.:.8.
00004ef0: a8 ff a7 ff a7 ff a6 ff a5 ff a5 ff a4 ff a3 ff  ................
00004f00: a3 ff a2 ff a2 ff a1 ff a1 ff a1 ff a0 ff a0 ff  ................
00004f10: a0 ff a0 ff a0 ff a0 ff a0 ff a1 ff a1 ff a1 ff  ................
00004f20: a2 ff a2 ff a3 ff a4 ff a4 ff a5 ff a6 ff a7 ff  ................
00004f30: a7 ff a8 ff a9 ff aa ff ab ff ad ff ae ff af ff  ................
00004f40: b0 ff b1 ff b3 ff b4 ff b5 ff b6 ff b8 ff b9 ff  ................
00004f50: bb ff bc ff bd ff bf ff c0 ff c2 ff c3 ff c5 ff  ................
00004f60: c6 ff c8 ff c9 ff cb ff cc ff ce ff cf ff d1 ff  ................
00004f70: d2 ff d4 ff d5 ff d6 ff d8 ff d9 ff db ff dc ff  ................
00004f80: de ff df ff e0 ff e2 ff e3 ff e4 ff e5 ff e7 ff  ................
00004f90: e8 ff e9 ff ea ff eb ff ed ff ee ff ef ff f0 ff  ................
00004fa0: f1 ff f2 ff f2 ff f3 ff f4 ff f5 ff f5 ff f6 ff  ................
00004fb0: f7 ff f7 ff f8 ff f8 ff f9 ff f9 ff fa ff fa ff  ................
00004fc0: fb ff fb ff fb ff fc ff fc ff fc ff fd ff fd ff  ................
00004fd0: fd ff fd ff fd ff fe ff fe ff fe ff fe ff fe ff  ................
00004fe0: fe ff ff ff ff ff ff ff ff ff ff ff 00 00 00 00  ................
00004ff0: 00 00 00 00 00 00 01 00 01 00 01 00 02 00 02 00  ................
00005000: 02 00 03 00 03 00 03 00 04 00 04 00 05 00 05 00  ................
00005010: 05 00 06 00 06 00 07 00 08 00 08 00 09 00 09 00  ................
00005020: 0a 00 0b 00 0b 00 0c 00 0d 00 0e 00 0e 00 0f 00  ................
00005030: 10 00 11 00 12 00 13 00 14 00 15 00 16 00 17 00  ................
00005040: 18 00 19 00 1a 00 1b 00 1c 00 1d 00 1e 00 1f 00  ................
00005050: 21 00 22 00 23 00 24 00 25 00 27 00 28 00 29 00  !.".#.$.%.'.(.).
00005060: 2b 00 2c 00 2d 00 2f 00 30 00 31 00 33 00 34 00  +.,.-./.0.1.3.4.
00005070: 35 00 37 00 38 00 39 00 3b 00 3c 00 3d 00 3f 00  5.7.8.9.;.<.=.?.
00005080: 40 00 42 00 43 00 44 00 46 00 47 00 48 00 4a 00  @.B.C.D.F.G.H.J.
00005090: 4b 00 4c 00 4e 00 4f 00 50 00 51 00 52 00 54 00  K.L.N.O.P.Q.R.T.
000050a0: 55 00 56 00 57 00 57 00 58 00 59 00 5a 00 5a 00  U.V.W.W.X.Y.Z.Z.
000050b0: 5b 00 5b 00 5c 00 5c 00 5c 00 5d 00 5d 00 5d 00  [.[.\.\.\.].].].
000050c0: 5d 00 5c 00 5c 00 5c 00 5b 00 5a 00 59 00 59 00  ].\.\.\.[.Z.Y.Y.
000050d0: 58 00 57 00 55 00 54 00 53 00 52 00 51 00 50 00  X.W.U.T.S.R.Q.P.
000050e0: 4f 00 4e 00 4e 00 4d 00 4c 00 4c 00 4c 00 4c 00  O.N.N.M.L.L.L.L.
000050f0: 00 00 14 00 42 00 64 00 80 00 90 00 ba 00 ec 00  ....B.d.........
00005100: ff 00 00 00 00 00 00 00 00 00 00 00 00 00 00 00  ................
00005110: 00 00 0e 00 32 00 5c 00 80 00 a0 00 ca 00 ec 00  ....2.\.........
00005120: fe 00 ff 00 00 00 00 00 00 00 00 00 00 00 00 00  ................
00005130: 01 00 02 00 01 00 03 00 02 00 20 00 10 00 00 00  .......... .....
00005140: 01 00 c4 ff c3 ff c3 ff c2 ff c1 ff c1 ff c0 ff  ................
00005150: c0 ff bf ff be ff be ff bd ff bd ff bc ff bc ff  ................
00005160: bb ff bb ff ba ff ba ff b9 ff b9 ff b9 ff b9 ff  ................
00005170: b8 ff b8 ff b8 ff b8 ff b8 ff b8 ff b8 ff b8 ff  ................
00005180: b8 ff b9 ff b9 ff b9 ff ba ff ba ff ba ff bb ff  ................
00005190: bb ff bc ff bd ff bd ff be ff bf ff c0 ff c0 ff  ................
000051a0: c1 ff c2 ff c3 ff c4 ff c5 ff c6 ff c7 ff c8 ff  ................
000051b0: c9 ff ca ff cb ff cc ff cd ff ce ff cf ff d0 ff  ................
000051c0: d1 ff d3 ff d4 ff d5 ff d6 ff d7 ff d8 ff d9 ff  ................
000051d0: da ff db ff dc ff dd ff df ff e0 ff e1 ff e2 ff  ................
000051e0: e3 ff e4 ff e5 ff e6 ff e7 ff e7 ff e8 ff e9 ff  ................
000051f0: ea ff eb ff ec ff ed ff ee ff ee ff ef ff f0 ff  ................
00005200: f1 ff f1 ff f2 ff f3 ff f3 ff f4 ff f5 ff f5 ff  ................
00005210: f6 ff f7 ff f7 ff f8 ff f8 ff f9 ff f9 ff fa ff  ................
00005220: fa ff fb ff fb ff fb ff fc ff fc ff fd ff fd ff  ................
00005230: fd ff fe ff fe ff fe ff ff ff ff ff ff ff ff ff  ................
00005240: 00 00 00 00 00 00 00 00 01 00 01 00 01 00 01 00  ................
00005250: 02 00 02 00 02 00 02 00 02 00 03 00 03 00 03 00  ................
00005260: 04 00 04 00 04 00 05 00 05 00 05 00 06 00 06 00  ................
00005270: 07 00 07 00 08 00 08 00 09 00 0a 00 0a 00 0b 00  ................
00005280: 0c 00 0d 00 0e 00 0e 00 0f 00 10 00 11 00 12 00  ................
00005290: 13 00 14 00 15 00 16 00 17 00 18 00 19 00 1a 00  ................
000052a0: 1b 00 1c 00 1d 00 1e 00 1f 00 20 00 21 00 22 00  .......... .!.".
000052b0: 23 00 24 00 25 00 26 00 27 00 28 00 29 00 2a 00  #.$.%.&.'.(.).*.
000052c0: 2b 00 2c 00 2d 00 2e 00 2f 00 30 00 31 00 32 00  +.,.-.../.0.1.2.
000052d0: 32 00 33 00 34 00 35 00 36 00 36 00 37 00 38 00  2.3.4.5.6.6.7.8.
000052e0: 38 00 39 00 3a 00 3a 00 3b 00 3b 00 3c 00 3c 00  8.9.:.:.;.;.<.<.
000052f0: 3d 00 3d 00 3e 00 3e 00 3e 00 3f 00 3f 00 3f 00  =.=.>.>.>.?.?.?.
00005300: 3f 00 3f 00 3f 00 3f 00 3f 00 3f 00 3f 00 3f 00  ?.?.?.?.?.?.?.?.
00005310: 3f 00 3f 00 3f 00 3f 00 3f 00 3f 00 3e 00 3e 00  ?.?.?.?.?.?.>.>.
00005320: 3e 00 3e 00 3d 00 3d 00 3d 00 3c 00 3c 00 3c 00  >.>.=.=.=.<.<.<.
00005330: 3b 00 3b 00 3a 00 3a 00 3a 00 39 00 39 00 38 00  ;.;.:.:.:.9.9.8.
00005340: 38 00 ad ff ae ff ae ff ae ff ae ff ae ff af ff  8...............
00005350: af ff af ff af ff af ff af ff af ff b0 ff b0 ff  ................
00005360: b0 ff b0 ff b0 ff b0 ff b0 ff b0 ff b0 ff b0 ff  ................
00005370: b0 ff b0 ff b0 ff b0 ff b0 ff b0 ff b0 ff b0 ff  ................
00005380: b0 ff b0 ff b0 ff b0 ff af ff af ff af ff af ff  ................
00005390: af ff af ff af ff ae ff ae ff ae ff ae ff ae ff  ................
000053a0: ae ff ae ff ae ff ae ff ae ff ae ff ae ff ae ff  ................
000053b0: ae ff ae ff af ff af ff af ff b0 ff b0 ff b0 ff  ................
000053c0: b1 ff b1 ff b2 ff b3 ff b3 ff b4 ff b5 ff b6 ff  ................
000053d0: b6 ff b7 ff b9 ff ba ff bb ff bc ff bd ff bf ff  ................
000053e0: c0 ff c2 ff c4 ff c5 ff c7 ff c9 ff cb ff cd ff  ................
000053f0: cf ff d1 ff d3 ff d5 ff d8 ff da ff dc ff de ff  ................
00005400: e0 ff e2 ff e4 ff e6 ff e8 ff ea ff ec ff ee ff  ................
00005410: f0 ff f1 ff f3 ff f4 ff f6 ff f7 ff f8 ff f9 ff  ................
00005420: fa ff fb ff fc ff fc ff fd ff fd ff fe ff fe ff  ................
00005430: fe ff ff ff ff ff ff ff ff ff 00 00 00 00 00 00  ................
00005440: 00 00 00 00 00 00 00 00 00 00 00 00 01 00 01 00  ................
00005450: 01 00 01 00 01 00 02 00 02 00 02 00 03 00 03 00  ................
00005460: 04 00 04 00 05 00 05 00 06 00 07 00 08 00 09 00  ................
00005470: 0a 00 0b 00 0c 00 0d 00 0e 00 0f 00 11 00 12 00  ................
00005480: 14 00 15 00 16 00 18 00 1a 00 1b 00 1d 00 1e 00  ................
00005490: 20 00 21 00 23 00 24 00 26 00 27 00 29 00 2a 00   .!.#.$.&.'.).*.
000054a0: 2c 00 2d 00 2e 00 30 00 31 00 32 00 33 00 34 00  ,.-...0.1.2.3.4.
000054b0: 36 00 37 00 38 00 39 00 3a 00 3b 00 3c 00 3d 00  6.7.8.9.:.;.<.=.
000054c0: 3e 00 3f 00 3f 00 40 00 41 00 42 00 43 00 43 00  >.?.?.@.A.B.C.C.
000054d0: 44 00 45 00 45 00 46 00 46 00 47 00 47 00 48 00  D.E.E.F.F.G.G.H.
000054e0: 48 00 49 00 49 00 4a 00 4a 00 4b 00 4b 00 4b 00  H.I.I.J.J.K.K.K.
000054f0: 4c 00 4c 00 4c 00 4c 00 4d 00 4d 00 4d 00 4d 00  L.L.L.L.M.M.M.M.
00005500: 4d 00 4d 00 4e 00 4e 00 4e 00 4e 00 4e 00 4e 00  M.M.N.N.N.N.N.N.
00005510: 4e 00 4e 00 4e 00 4e 00 4e 00 4e 00 4e 00 4e 00  N.N.N.N.N.N.N.N.
00005520: 4e 00 4e 00 4e 00 4d 00 4d 00 4d 00 4d 00 4d 00  N.N.N.M.M.M.M.M.
00005530: 4d 00 4d 00 4d 00 4d 00 4c 00 4c 00 4c 00 4c 00  M.M.M.M.L.L.L.L.
00005540: 4c 00 00 00 1e 00 48 00 60 00 80 00 98 00 ac 00  L.....H.`.......
00005550: dc 00 ff 00 00 00 00 00 00 00 00 00 00 00 00 00  ................
00005560: 00 00 00 00 1c 00 50 00 6a 00 80 00 96 00 ac 00  ......P.j.......
00005570: d8 00 ff 00 00 00 00 00 00 00 00 00 00 00 00 00  ................
00005580: 00 00 01 00 03 00 01 00 03 00 00 00 20 00 10 00  ............ ...
00005590: 00 00 01 00 c4 ff c4 ff c3 ff c3 ff c3 ff c2 ff  ................
000055a0: c2 ff c2 ff c1 ff c1 ff c1 ff c0 ff c0 ff c0 ff  ................
000055b0: bf ff bf ff bf ff bf ff be ff be ff be ff be ff  ................
000055c0: be ff be ff bd ff bd ff bd ff bd ff bd ff bd ff  ................
000055d0: bd ff bd ff bd ff bd ff bd ff be ff be ff be ff  ................
000055e0: be ff be ff bf ff bf ff bf ff c0 ff c0 ff c1 ff  ................
000055f0: c1 ff c2 ff c2 ff c3 ff c3 ff c4 ff c4 ff c5 ff  ................
00005600: c5 ff c6 ff c7 ff c7 ff c8 ff c9 ff ca ff ca ff  ................
00005610: cb ff cc ff cd ff ce ff ce ff cf ff d0 ff d1 ff  ................
00005620: d2 ff d3 ff d4 ff d5 ff d6 ff d6 ff d7 ff d8 ff  ................
00005630: d9 ff da ff db ff dc ff dd ff de ff df ff e1 ff  ................
00005640: e2 ff e3 ff e4 ff e5 ff e6 ff e7 ff e8 ff e9 ff  ................
00005650: ea ff eb ff ec ff ed ff ee ff ef ff ef ff f0 ff  ................
00005660: f1 ff f2 ff f3 ff f4 ff f5 ff f5 ff f6 ff f7 ff  ................
00005670: f8 ff f8 ff f9 ff fa ff fa ff fb ff fb ff fc ff  ................
00005680: fc ff fd ff fd ff fe ff fe ff fe ff ff ff ff ff  ................
00005690: ff ff 00 00 00 00 00 00 01 00 01 00 01 00 01 00  ................
000056a0: 02 00 02 00 02 00 03 00 03 00 04 00 04 00 04 00  ................
000056b0: 05 00 05 00 06 00 07 00 07 00 08 00 08 00 09 00  ................
000056c0: 0a 00 0a 00 0b 00 0c 00 0d 00 0e 00 0e 00 0f 00  ................
000056d0: 10 00 11 00 12 00 13 00 13 00 14 00 15 00 16 00  ................
000056e0: 17 00 18 00 19 00 1a 00 1b 00 1c 00 1d 00 1d 00  ................
000056f0: 1e 00 1f 00 20 00 21 00 22 00 23 00 24 00 25 00  .... .!.".#.$.%.
00005700: 26 00 27 00 28 00 28 00 29 00 2a 00 2b 00 2c 00  &.'.(.(.).*.+.,.
00005710: 2d 00 2e 00 2e 00 2f 00 30 00 31 00 31 00 32 00  -...../.0.1.1.2.
00005720: 33 00 34 00 34 00 35 00 36 00 36 00 37 00 38 00  3.4.4.5.6.6.7.8.
00005730: 38 00 39 00 39 00 3a 00 3a 00 3b 00 3b 00 3b 00  8.9.9.:.:.;.;.;.
00005740: 3c 00 3c 00 3d 00 3d 00 3d 00 3d 00 3e 00 3e 00  <.<.=.=.=.=.>.>.
00005750: 3e 00 3e 00 3e 00 3e 00 3f 00 3f 00 3f 00 3f 00  >.>.>.>.?.?.?.?.
00005760: 3f 00 3f 00 3f 00 3f 00 3f 00 3f 00 3f 00 3f 00  ?.?.?.?.?.?.?.?.
00005770: 3f 00 3e 00 3e 00 3e 00 3e 00 3e 00 3e 00 3e 00  ?.>.>.>.>.>.>.>.
00005780: 3e 00 3d 00 3d 00 3d 00 3d 00 3d 00 3c 00 3c 00  >.=.=.=.=.=.<.<.
00005790: 3c 00 3c 00 b1 ff b2 ff b2 ff b2 ff b2 ff b2 ff  <.<.............
000057a0: b2 ff b3 ff b3 ff b3 ff b3 ff b3 ff b3 ff b4 ff  ................
000057b0: b4 ff b4 ff b4 ff b4 ff b5 ff b5 ff b5 ff b5 ff  ................
000057c0: b5 ff b6 ff b6 ff b6 ff b6 ff b7 ff b7 ff b7 ff  ................
000057d0: b8 ff b8 ff b8 ff b9 ff b9 ff b9 ff ba ff ba ff  ................
000057e0: ba ff bb ff bb ff bb ff bc ff bc ff bd ff bd ff  ................
000057f0: be ff be ff bf ff bf ff c0 ff c0 ff c1 ff c2 ff  ................
00005800: c2 ff c3 ff c3 ff c4 ff c5 ff c5 ff c6 ff c7 ff  ................
00005810: c8 ff c8 ff c9 ff ca ff cb ff cc ff cc ff cd ff  ................
00005820: ce ff cf ff d0 ff d1 ff d2 ff d3 ff d4 ff d5 ff  ................
00005830: d6 ff d7 ff d8 ff da ff db ff dc ff dd ff de ff  ................
00005840: df ff e0 ff e2 ff e3 ff e4 ff e5 ff e6 ff e7 ff  ................
00005850: e9 ff ea ff eb ff ec ff ed ff ee ff ef ff f0 ff  ................
00005860: f1 ff f2 ff f3 ff f4 ff f5 ff f6 ff f6 ff f7 ff  ................
00005870: f8 ff f9 ff f9 ff fa ff fb ff fb ff fc ff fc ff  ................
00005880: fd ff fd ff fe ff fe ff fe ff ff ff ff ff ff ff  ................
00005890: 00 00 00 00 00 00 00 00 00 00 01 00 01 00 01 00  ................
000058a0: 01 00 01 00 02 00 02 00 02 00 03 00 03 00 03 00  ................
000058b0: 04 00 05 00 05 00 06 00 07 00 07 00 08 00 09 00  ................
000058c0: 0a 00 0b 00 0c 00 0d 00 0e 00 0f 00 10 00 11 00  ................
000058d0: 12 00 13 00 15 00 16 00 17 00 18 00 1a 00 1b 00  ................
000058e0: 1c 00 1d 00 1e 00 20 00 21 00 22 00 23 00 25 00  ...... .!.".#.%.
000058f0: 26 00 27 00 28 00 29 00 2a 00 2b 00 2c 00 2d 00  &.'.(.).*.+.,.-.
00005900: 2e 00 2f 00 30 00 31 00 32 00 33 00 33 00 34 00  ../.0.1.2.3.3.4.
00005910: 35 00 36 00 37 00 37 00 38 00 39 00 39 00 3a 00  5.6.7.7.8.9.9.:.
00005920: 3b 00 3b 00 3c 00 3c 00 3d 00 3d 00 3e 00 3e 00  ;.;.<.<.=.=.>.>.
00005930: 3f 00 3f 00 40 00 40 00 41 00 41 00 41 00 42 00  ?.?.@.@.A.A.A.B.
00005940: 42 00 42 00 43 00 43 00 43 00 44 00 44 00 44 00  B.B.C.C.C.D.D.D.
00005950: 44 00 45 00 45 00 45 00 45 00 46 00 46 00 46 00  D.E.E.E.E.F.F.F.
00005960: 46 00 46 00 46 00 46 00 47 00 47 00 47 00 47 00  F.F.F.F.G.G.G.G.
00005970: 47 00 47 00 47 00 47 00 47 00 47 00 47 00 47 00  G.G.G.G.G.G.G.G.
00005980: 48 00 48 00 48 00 48 00 48 00 48 00 48 00 48 00  H.H.H.H.H.H.H.H.
00005990: 48 00 48 00 00 00 22 00 4e 00 70 00 80 00 8c 00  H.H...".N.p.....
000059a0: aa 00 d6 00 ff 00 00 00 00 00 00 00 00 00 00 00  ................
000059b0: 00 00 00 00 00 00 1a 00 4a 00 6e 00 80 00 8e 00  ........J.n.....
000059c0: b0 00 e0 00 ff 00 00 00 00 00 00 00 00 00 00 00  ................
000059d0: 00 00 00 00 01 00 04 00 01 00 03 00 02 00 20 00  .............. .
000059e0: 0c 00 00 00 01 00 b8 ff b8 ff b8 ff b8 ff b8 ff  ................
000059f0: b8 ff b7 ff b7 ff b7 ff b7 ff b7 ff b7 ff b7 ff  ................
00005a00: b7 ff b7 ff b6 ff b6 ff b6 ff b6 ff b6 ff b6 ff  ................
00005a10: b6 ff b6 ff b6 ff b6 ff b6 ff b6 ff b6 ff b6 ff  ................
00005a20: b6 ff b6 ff b6 ff b6 ff b6 ff b6 ff b6 ff b6 ff  ................
00005a30: b6 ff b6 ff b6 ff b6 ff b6 ff b6 ff b6 ff b6 ff  ................
00005a40: b6 ff b7 ff b7 ff b7 ff b7 ff b7 ff b7 ff b8 ff  ................
00005a50: b8 ff b8 ff b8 ff b9 ff b9 ff b9 ff b9 ff ba ff  ................
00005a60: ba ff ba ff bb ff bb ff bb ff bc ff bc ff bd ff  ................
00005a70: bd ff be ff be ff bf ff c0 ff c1 ff c2 ff c2 ff  ................
00005a80: c4 ff c5 ff c6 ff c7 ff c9 ff ca ff cc ff cd ff  ................
00005a90: cf ff d1 ff d3 ff d5 ff d7 ff d9 ff db ff dd ff  ................
00005aa0: df ff e1 ff e2 ff e4 ff e6 ff e8 ff e9 ff eb ff  ................
00005ab0: ec ff ee ff ef ff f0 ff f1 ff f3 ff f4 ff f5 ff  ................
00005ac0: f6 ff f7 ff f7 ff f8 ff f9 ff fa ff fa ff fb ff  ................
00005ad0: fc ff fc ff fd ff fd ff fe ff fe ff fe ff ff ff  ................
00005ae0: ff ff ff ff 00 00 00 00 00 00 00 00 01 00 01 00  ................
00005af0: 01 00 01 00 01 00 02 00 02 00 02 00 02 00 03 00  ................
00005b00: 03 00 03 00 03 00 04 00 04 00 04 00 05 00 05 00  ................
00005b10: 06 00 06 00 07 00 07 00 08 00 09 00 0a 00 0a 00  ................
00005b20: 0b 00 0c 00 0d 00 0e 00 0f 00 11 00 12 00 13 00  ................
00005b30: 14 00 16 00 17 00 18 00 19 00 1b 00 1c 00 1e 00  ................
00005b40: 1f 00 20 00 22 00 23 00 24 00 26 00 27 00 28 00  .. .".#.$.&.'.(.
00005b50: 2a 00 2b 00 2c 00 2d 00 2f 00 30 00 31 00 32 00  *.+.,.-./.0.1.2.
00005b60: 34 00 35 00 36 00 37 00 38 00 39 00 3a 00 3b 00  4.5.6.7.8.9.:.;.
00005b70: 3c 00 3d 00 3e 00 3f 00 40 00 40 00 41 00 42 00  <.=.>.?.@.@.A.B.
00005b80: 43 00 43 00 44 00 44 00 45 00 46 00 46 00 47 00  C.C.D.D.E.F.F.G.
00005b90: 47 00 47 00 48 00 48 00 48 00 48 00 48 00 49 00  G.G.H.H.H.H.H.I.
00005ba0: 49 00 49 00 49 00 49 00 48 00 48 00 48 00 48 00  I.I.I.I.H.H.H.H.
00005bb0: 48 00 47 00 47 00 47 00 47 00 46 00 46 00 45 00  H.G.G.G.G.F.F.E.
00005bc0: 45 00 45 00 44 00 44 00 43 00 43 00 42 00 41 00  E.E.D.D.C.C.B.A.
00005bd0: 41 00 40 00 40 00 3f 00 3f 00 3e 00 3d 00 3d 00  A.@.@.?.?.>.=.=.
00005be0: 3c 00 3b 00 3b 00 bb ff ba ff ba ff ba ff b9 ff  <.;.;...........
00005bf0: b9 ff b8 ff b8 ff b8 ff b7 ff b7 ff b7 ff b6 ff  ................
00005c00: b6 ff b6 ff b5 ff b5 ff b5 ff b4 ff b4 ff b4 ff  ................
00005c10: b4 ff b4 ff b3 ff b3 ff b3 ff b3 ff b3 ff b3 ff  ................
00005c20: b3 ff b3 ff b3 ff b3 ff b3 ff b3 ff b3 ff b4 ff  ................
00005c30: b4 ff b4 ff b4 ff b5 ff b5 ff b6 ff b6 ff b6 ff  ................
00005c40: b7 ff b7 ff b8 ff b9 ff b9 ff ba ff bb ff bb ff  ................
00005c50: bc ff bd ff be ff be ff bf ff c0 ff c1 ff c2 ff  ................
00005c60: c3 ff c4 ff c5 ff c6 ff c7 ff c8 ff c9 ff ca ff  ................
00005c70: cb ff cc ff cd ff ce ff cf ff d0 ff d1 ff d3 ff  ................
00005c80: d4 ff d5 ff d6 ff d7 ff d8 ff da ff db ff dc ff  ................
00005c90: dd ff de ff df ff e0 ff e2 ff e3 ff e4 ff e5 ff  ................
00005ca0: e6 ff e7 ff e8 ff e9 ff ea ff eb ff ec ff ed ff  ................
00005cb0: ee ff ef ff ef ff f0 ff f1 ff f2 ff f3 ff f4 ff  ................
00005cc0: f4 ff f5 ff f6 ff f7 ff f7 ff f8 ff f9 ff f9 ff  ................
00005cd0: fa ff fb ff fb ff fc ff fd ff fd ff fe ff fe ff  ................
00005ce0: ff ff ff ff 00 00 00 00 00 00 01 00 01 00 02 00  ................
00005cf0: 02 00 02 00 03 00 03 00 03 00 04 00 04 00 04 00  ................
00005d00: 05 00 05 00 05 00 06 00 06 00 06 00 07 00 07 00  ................
00005d10: 08 00 08 00 08 00 09 00 09 00 0a 00 0a 00 0b 00  ................
00005d20: 0c 00 0c 00 0d 00 0e 00 0e 00 0f 00 10 00 11 00  ................
00005d30: 12 00 13 00 14 00 15 00 16 00 17 00 18 00 19 00  ................
00005d40: 1a 00 1c 00 1d 00 1e 00 20 00 21 00 22 00 24 00  ........ .!.".$.
00005d50: 25 00 26 00 28 00 29 00 2a 00 2c 00 2d 00 2f 00  %.&.(.).*.,.-./.
00005d60: 30 00 31 00 33 00 34 00 35 00 37 00 38 00 39 00  0.1.3.4.5.7.8.9.
00005d70: 3a 00 3b 00 3d 00 3e 00 3f 00 40 00 41 00 42 00  :.;.=.>.?.@.A.B.
00005d80: 43 00 44 00 45 00 46 00 47 00 48 00 49 00 4a 00  C.D.E.F.G.H.I.J.
00005d90: 4a 00 4b 00 4c 00 4c 00 4d 00 4d 00 4e 00 4e 00  J.K.L.L.M.M.N.N.
00005da0: 4f 00 4f 00 4f 00 50 00 50 00 50 00 50 00 50 00  O.O.O.P.P.P.P.P.
00005db0: 50 00 50 00 50 00 4f 00 4f 00 4f 00 4f 00 4e 00  P.P.P.O.O.O.O.N.
00005dc0: 4e 00 4e 00 4d 00 4d 00 4c 00 4b 00 4b 00 4a 00  N.N.M.M.L.K.K.J.
00005dd0: 4a 00 49 00 48 00 48 00 47 00 46 00 46 00 45 00  J.I.H.H.G.F.F.E.
00005de0: 44 00 44 00 43 00 00 00 3e 00 50 00 60 00 80 00  D.D.C...>.P.`...
00005df0: 9a 00 b0 00 d8 00 ff 00 00 00 00 00 00 00 00 00  ................
00005e00: 00 00 00 00 00 00 00 00 26 00 48 00 5a 00 80 00  ........&.H.Z...
00005e10: a6 00 bc 00 e2 00 ff 00 00 00 00 00 00 00 00 00  ................
00005e20: 00 00 00 00 00 00 01 00 04 00 01 00 03 00 00 00  ................
00005e30: 01 00 18 00 00 00 01 00 b0 ff b0 ff b0 ff af ff  ................
00005e40: af ff ae ff ae ff ad ff ad ff ad ff ac ff ac ff  ................
00005e50: ab ff ab ff ab ff aa ff aa ff a9 ff a9 ff a9 ff  ................
00005e60: a8 ff a8 ff a7 ff a7 ff a7 ff a6 ff a6 ff a6 ff  ................
00005e70: a6 ff a5 ff a5 ff a5 ff a4 ff a4 ff a4 ff a4 ff  ................
00005e80: a3 ff a3 ff a3 ff a3 ff a3 ff a2 ff a2 ff a2 ff  ................
00005e90: a2 ff a2 ff a2 ff a2 ff a2 ff a2 ff a1 ff a1 ff  ................
00005ea0: a1 ff a1 ff a2 ff a2 ff a2 ff a2 ff a2 ff a2 ff  ................
00005eb0: a2 ff a2 ff a3 ff a3 ff a3 ff a4 ff a4 ff a5 ff  ................
00005ec0: a5 ff a6 ff a6 ff a7 ff a7 ff a8 ff a9 ff aa ff  ................
00005ed0: aa ff ab ff ac ff ad ff ae ff b0 ff b1 ff b2 ff  ................
00005ee0: b3 ff b5 ff b6 ff b8 ff b9 ff bb ff bd ff be ff  ................
00005ef0: c0 ff c2 ff c4 ff c6 ff c8 ff cb ff cd ff cf ff  ................
00005f00: d1 ff d4 ff d6 ff d9 ff db ff dd ff e0 ff e2 ff  ................
00005f10: e4 ff e6 ff e8 ff ea ff ec ff ee ff f0 ff f2 ff  ................
00005f20: f3 ff f5 ff f6 ff f7 ff f9 ff fa ff fb ff fc ff  ................
00005f30: fd ff fe ff fe ff ff ff 00 00 01 00 01 00 02 00  ................
00005f40: 03 00 04 00 04 00 05 00 05 00 06 00 07 00 07 00  ................
00005f50: 08 00 09 00 09 00 0a 00 0b 00 0b 00 0c 00 0d 00  ................
00005f60: 0d 00 0e 00 0f 00 10 00 11 00 12 00 12 00 13 00  ................
00005f70: 14 00 15 00 16 00 17 00 18 00 19 00 1a 00 1b 00  ................
00005f80: 1c 00 1d 00 1e 00 1e 00 1f 00 20 00 21 00 22 00  .......... .!.".
00005f90: 23 00 24 00 25 00 26 00 27 00 28 00 29 00 2a 00  #.$.%.&.'.(.).*.
00005fa0: 2b 00 2c 00 2d 00 2d 00 2e 00 2f 00 30 00 31 00  +.,.-.-.../.0.1.
00005fb0: 32 00 32 00 33 00 34 00 34 00 35 00 36 00 36 00  2.2.3.4.4.5.6.6.
00005fc0: 37 00 38 00 38 00 39 00 39 00 3a 00 3a 00 3a 00  7.8.8.9.9.:.:.:.
00005fd0: 3b 00 3b 00 3b 00 3b 00 3c 00 3c 00 3c 00 3c 00  ;.;.;.;.<.<.<.<.
00005fe0: 3c 00 3c 00 3c 00 3c 00 3c 00 3c 00 3b 00 3b 00  <.<.<.<.<.<.;.;.
00005ff0: 3b 00 3b 00 3a 00 3a 00 3a 00 39 00 39 00 38 00  ;.;.:.:.:.9.9.8.
00006000: 38 00 37 00 37 00 36 00 36 00 35 00 34 00 34 00  8.7.7.6.6.5.4.4.
00006010: 33 00 32 00 32 00 31 00 30 00 30 00 2f 00 2e 00  3.2.2.1.0.0./...
00006020: 2d 00 2c 00 2c 00 2b 00 2a 00 29 00 28 00 28 00  -.,.,.+.*.).(.(.
00006030: 27 00 26 00 25 00 24 00 bd ff bd ff bc ff bb ff  '.&.%.$.........
00006040: ba ff ba ff b9 ff b8 ff b7 ff b7 ff b6 ff b5 ff  ................
00006050: b4 ff b4 ff b3 ff b2 ff b2 ff b1 ff b1 ff b0 ff  ................
00006060: af ff af ff ae ff ae ff ad ff ad ff ac ff ac ff  ................
00006070: ac ff ab ff ab ff ab ff aa ff aa ff aa ff aa ff  ................
00006080: aa ff aa ff aa ff aa ff aa ff aa ff aa ff aa ff  ................
00006090: aa ff aa ff ab ff ab ff ab ff ac ff ac ff ad ff  ................
000060a0: ad ff ae ff af ff af ff b0 ff b1 ff b2 ff b2 ff  ................
000060b0: b3 ff b4 ff b5 ff b6 ff b7 ff b8 ff b9 ff ba ff  ................
000060c0: bb ff bc ff be ff bf ff c0 ff c1 ff c2 ff c4 ff  ................
000060d0: c5 ff c6 ff c7 ff c9 ff ca ff cb ff cd ff ce ff  ................
000060e0: cf ff d1 ff d2 ff d3 ff d5 ff d6 ff d7 ff d9 ff  ................
000060f0: da ff db ff dd ff de ff df ff e0 ff e2 ff e3 ff  ................
00006100: e4 ff e6 ff e7 ff e8 ff e9 ff ea ff ec ff ed ff  ................
00006110: ee ff ef ff f0 ff f1 ff f2 ff f3 ff f4 ff f5 ff  ................
00006120: f6 ff f7 ff f8 ff f8 ff f9 ff fa ff fb ff fc ff  ................
00006130: fd ff fd ff fe ff ff ff 00 00 01 00 02 00 03 00  ................
00006140: 04 00 05 00 06 00 07 00 08 00 09 00 0a 00 0b 00  ................
00006150: 0c 00 0d 00 0e 00 0f 00 11 00 12 00 13 00 14 00  ................
00006160: 16 00 17 00 18 00 1a 00 1b 00 1c 00 1e 00 1f 00  ................
00006170: 20 00 22 00 23 00 25 00 26 00 27 00 29 00 2a 00   .".#.%.&.'.).*.
00006180: 2b 00 2d 00 2e 00 30 00 31 00 32 00 34 00 35 00  +.-...0.1.2.4.5.
00006190: 36 00 38 00 39 00 3a 00 3b 00 3d 00 3e 00 3f 00  6.8.9.:.;.=.>.?.
000061a0: 40 00 42 00 43 00 44 00 45 00 46 00 47 00 48 00  @.B.C.D.E.F.G.H.
000061b0: 49 00 4a 00 4b 00 4c 00 4d 00 4e 00 4e 00 4f 00  I.J.K.L.M.N.N.O.
000061c0: 50 00 50 00 51 00 52 00 52 00 53 00 53 00 54 00  P.P.Q.R.R.S.S.T.
000061d0: 54 00 54 00 55 00 55 00 55 00 55 00 55 00 55 00  T.T.U.U.U.U.U.U.
000061e0: 55 00 55 00 55 00 55 00 54 00 54 00 54 00 53 00  U.U.U.U.T.T.T.S.
000061f0: 53 00 52 00 52 00 51 00 51 00 50 00 4f 00 4e 00  S.R.R.Q.Q.P.O.N.
00006200: 4d 00 4d 00 4c 00 4b 00 4a 00 49 00 48 00 47 00  M.M.L.K.J.I.H.G.
00006210: 46 00 45 00 43 00 42 00 41 00 40 00 3f 00 3d 00  F.E.C.B.A.@.?.=.
00006220: 3c 00 3b 00 3a 00 38 00 37 00 36 00 34 00 33 00  <.;.:.8.7.6.4.3.
00006230: 32 00 30 00 2f 00 2d 00 00 00 30 00 5e 00 72 00  2.0./.-...0.^.r.
00006240: 80 00 92 00 d0 00 ff 00 00 00 00 00 00 00 00 00  ................
00006250: 00 00 00 00 00 00 00 00 00 00 2e 00 72 00 80 00  ............r...
00006260: 8c 00 d4 00 ff 00 00 00 00 00 00 00 00 00 00 00  ................
00006270: 00 00 00 00 00 00 00 00 01 00 04 00 01 00 03 00  ................
00006280: 02 00 01 00 18 00 00 00 01 00 b8 ff b8 ff b8 ff  ................
00006290: b8 ff b8 ff b5 ff b3 ff b0 ff ad ff ab ff a8 ff  ................
000062a0: a5 ff a3 ff a0 ff 9e ff 9b ff 99 ff 96 ff 94 ff  ................
000062b0: 92 ff 8f ff 8d ff 8b ff 89 ff 87 ff 85 ff 83 ff  ................
000062c0: 82 ff 80 ff 7e ff 7d ff 7b ff 7a ff 79 ff 78 ff  ....~.}.{.z.y.x.
000062d0: 77 ff 76 ff 75 ff 74 ff 74 ff 73 ff 73 ff 73 ff  w.v.u.t.t.s.s.s.
000062e0: 72 ff 72 ff 72 ff 72 ff 72 ff 72 ff 73 ff 73 ff  r.r.r.r.r.r.s.s.
000062f0: 74 ff 74 ff 75 ff 75 ff 76 ff 77 ff 78 ff 79 ff  t.t.u.u.v.w.x.y.
00006300: 7a ff 7b ff 7c ff 7d ff 7f ff 80 ff 82 ff 83 ff  z.{.|.}.........
00006310: 85 ff 86 ff 88 ff 8a ff 8c ff 8e ff 90 ff 92 ff  ................
00006320: 94 ff 96 ff 98 ff 9a ff 9c ff 9f ff a1 ff a3 ff  ................
00006330: a6 ff a8 ff ab ff ad ff b0 ff b2 ff b5 ff b8 ff  ................
00006340: ba ff bd ff c0 ff c2 ff c5 ff c8 ff ca ff cd ff  ................
00006350: d0 ff d2 ff d5 ff d7 ff da ff dc ff df ff e1 ff  ................
00006360: e3 ff e5 ff e7 ff e9 ff eb ff ed ff ef ff f1 ff  ................
00006370: f2 ff f4 ff f5 ff f6 ff f7 ff f9 ff fa ff fb ff  ................
00006380: fc ff fd ff fd ff fe ff ff ff 00 00 01 00 02 00  ................
00006390: 03 00 03 00 04 00 05 00 06 00 07 00 08 00 09 00  ................
000063a0: 0a 00 0b 00 0c 00 0d 00 0e 00 0f 00 10 00 11 00  ................
000063b0: 12 00 14 00 15 00 16 00 17 00 18 00 1a 00 1b 00  ................
000063c0: 1c 00 1d 00 1f 00 20 00 21 00 22 00 24 00 25 00  ...... .!.".$.%.
000063d0: 26 00 28 00 29 00 2a 00 2c 00 2d 00 2e 00 2f 00  &.(.).*.,.-.../.
000063e0: 31 00 32 00 33 00 34 00 36 00 37 00 38 00 39 00  1.2.3.4.6.7.8.9.
000063f0: 3a 00 3c 00 3d 00 3e 00 3f 00 40 00 41 00 42 00  :.<.=.>.?.@.A.B.
00006400: 43 00 44 00 45 00 46 00 46 00 47 00 48 00 49 00  C.D.E.F.F.G.H.I.
00006410: 49 00 4a 00 4b 00 4b 00 4c 00 4c 00 4d 00 4d 00  I.J.K.K.L.L.M.M.
00006420: 4e 00 4e 00 4e 00 4e 00 4f 00 4f 00 4f 00 4f 00  N.N.N.N.O.O.O.O.
00006430: 4f 00 4f 00 4f 00 4f 00 4f 00 4f 00 4f 00 4f 00  O.O.O.O.O.O.O.O.
00006440: 4f 00 4f 00 4e 00 4e 00 4e 00 4e 00 4d 00 4d 00  O.O.N.N.N.N.M.M.
00006450: 4d 00 4c 00 4c 00 4b 00 4b 00 4b 00 4a 00 4a 00  M.L.L.K.K.K.J.J.
00006460: 49 00 49 00 48 00 48 00 47 00 47 00 46 00 45 00  I.I.H.H.G.G.F.E.
00006470: 45 00 44 00 44 00 43 00 42 00 42 00 41 00 41 00  E.D.D.C.B.B.A.A.
00006480: 40 00 3f 00 3f 00 3e 00 3d 00 84 ff 84 ff 84 ff  @.?.?.>.=.......
00006490: 84 ff 85 ff 84 ff 82 ff 80 ff 7f ff 7d ff 7c ff  ............}.|.
000064a0: 7a ff 78 ff 77 ff 75 ff 74 ff 73 ff 71 ff 70 ff  z.x.w.u.t.s.q.p.
000064b0: 6e ff 6d ff 6c ff 6b ff 6a ff 69 ff 68 ff 67 ff  n.m.l.k.j.i.h.g.
000064c0: 66 ff 65 ff 64 ff 64 ff 63 ff 63 ff 62 ff 62 ff  f.e.d.d.c.c.b.b.
000064d0: 62 ff 62 ff 62 ff 62 ff 62 ff 62 ff 63 ff 63 ff  b.b.b.b.b.b.c.c.
000064e0: 64 ff 64 ff 65 ff 66 ff 67 ff 68 ff 69 ff 6a ff  d.d.e.f.g.h.i.j.
000064f0: 6b ff 6d ff 6e ff 70 ff 71 ff 73 ff 74 ff 76 ff  k.m.n.p.q.s.t.v.
00006500: 78 ff 7a ff 7b ff 7d ff 7f ff 81 ff 83 ff 85 ff  x.z.{.}.........
00006510: 88 ff 8a ff 8c ff 8e ff 90 ff 93 ff 95 ff 97 ff  ................
00006520: 9a ff 9c ff 9f ff a1 ff a3 ff a6 ff a8 ff ab ff  ................
00006530: ad ff b0 ff b2 ff b5 ff b7 ff ba ff bc ff be ff  ................
00006540: c1 ff c3 ff c6 ff c8 ff ca ff cd ff cf ff d1 ff  ................
00006550: d4 ff d6 ff d8 ff da ff dc ff de ff e0 ff e2 ff  ................
00006560: e4 ff e6 ff e8 ff e9 ff eb ff ed ff ee ff f0 ff  ................
00006570: f1 ff f3 ff f4 ff f5 ff f7 ff f8 ff f9 ff fa ff  ................
00006580: fb ff fc ff fc ff fd ff fe ff ff ff 00 00 01 00  ................
00006590: 01 00 02 00 03 00 04 00 05 00 06 00 07 00 07 00  ................
000065a0: 08 00 09 00 0a 00 0b 00 0c 00 0d 00 0e 00 0f 00  ................
000065b0: 11 00 12 00 13 00 14 00 15 00 17 00 18 00 19 00  ................
000065c0: 1a 00 1c 00 1d 00 1e 00 20 00 21 00 22 00 24 00  ........ .!.".$.
000065d0: 25 00 26 00 28 00 29 00 2a 00 2c 00 2d 00 2f 00  %.&.(.).*.,.-./.
000065e0: 30 00 31 00 33 00 34 00 35 00 37 00 38 00 39 00  0.1.3.4.5.7.8.9.
000065f0: 3b 00 3c 00 3d 00 3e 00 40 00 41 00 42 00 43 00  ;.<.=.>.@.A.B.C.
00006600: 44 00 46 00 47 00 48 00 49 00 4a 00 4b 00 4c 00  D.F.G.H.I.J.K.L.
00006610: 4d 00 4e 00 4e 00 4f 00 50 00 51 00 51 00 52 00  M.N.N.O.P.Q.Q.R.
00006620: 53 00 53 00 54 00 54 00 55 00 55 00 56 00 56 00  S.S.T.T.U.U.V.V.
00006630: 56 00 57 00 57 00 57 00 57 00 57 00 58 00 58 00  V.W.W.W.W.W.X.X.
00006640: 58 00 58 00 58 00 58 00 58 00 58 00 58 00 58 00  X.X.X.X.X.X.X.X.
00006650: 58 00 57 00 57 00 57 00 57 00 57 00 56 00 56 00  X.W.W.W.W.W.V.V.
00006660: 56 00 56 00 55 00 55 00 55 00 54 00 54 00 54 00  V.V.U.U.U.T.T.T.
00006670: 53 00 53 00 53 00 52 00 52 00 52 00 51 00 51 00  S.S.S.R.R.R.Q.Q.
00006680: 50 00 50 00 4f 00 4f 00 4f 00 04 00 1e 00 54 00  P.P.O.O.O.....T.
00006690: 72 00 80 00 92 00 c4 00 ff 00 00 00 00 00 00 00  r...............
000066a0: 00 00 00 00 00 00 00 00 00 00 04 00 24 00 76 00  ............$.v.
000066b0: 80 00 90 00 c8 00 ff 00 00 00 00 00 00 00 00 00  ................
000066c0: 00 00 00 00 00 00 00 00 00 00 01 00 04 00 01 00  ................
000066d0: 05 00 02 00 01 00 18 00 00 00 01 00 b0 ff b0 ff  ................
000066e0: af ff af ff af ff ae ff ae ff ad ff ad ff ad ff  ................
000066f0: ac ff ac ff ab ff ab ff ab ff aa ff aa ff a9 ff  ................
00006700: a9 ff a9 ff a8 ff a8 ff a8 ff a7 ff a7 ff a6 ff  ................
00006710: a6 ff a6 ff a5 ff a5 ff a5 ff a4 ff a4 ff a4 ff  ................
00006720: a4 ff a3 ff a3 ff a3 ff a3 ff a2 ff a2 ff a2 ff  ................
00006730: a2 ff a2 ff a2 ff a2 ff a2 ff a2 ff a2 ff a3 ff  ................
00006740: a3 ff a3 ff a3 ff a4 ff a4 ff a5 ff a5 ff a6 ff  ................
00006750: a6 ff a7 ff a8 ff a9 ff a9 ff aa ff ab ff ac ff  ................
00006760: ad ff af ff b0 ff b1 ff b3 ff b4 ff b6 ff b7 ff  ................
00006770: b9 ff ba ff bc ff be ff c0 ff c1 ff c3 ff c5 ff  ................
00006780: c7 ff c9 ff cb ff cd ff ce ff d0 ff d2 ff d4 ff  ................
00006790: d6 ff d8 ff da ff dc ff de ff df ff e1 ff e3 ff  ................
000067a0: e5 ff e6 ff e8 ff ea ff eb ff ed ff ee ff f0 ff  ................
000067b0: f1 ff f3 ff f4 ff f5 ff f6 ff f7 ff f8 ff f9 ff  ................
000067c0: fa ff fa ff fb ff fc ff fc ff fd ff fd ff fe ff  ................
000067d0: fe ff fe ff ff ff ff ff ff ff 00 00 00 00 00 00  ................
000067e0: 01 00 01 00 01 00 02 00 02 00 03 00 03 00 04 00  ................
000067f0: 04 00 05 00 05 00 06 00 07 00 07 00 08 00 09 00  ................
00006800: 0a 00 0b 00 0b 00 0c 00 0d 00 0f 00 10 00 11 00  ................
00006810: 12 00 13 00 14 00 16 00 17 00 18 00 19 00 1b 00  ................
00006820: 1c 00 1d 00 1f 00 20 00 22 00 23 00 24 00 26 00  ...... .".#.$.&.
00006830: 27 00 29 00 2a 00 2b 00 2d 00 2e 00 2f 00 31 00  '.).*.+.-.../.1.
00006840: 32 00 33 00 35 00 36 00 37 00 38 00 3a 00 3b 00  2.3.5.6.7.8.:.;.
00006850: 3c 00 3d 00 3e 00 3f 00 40 00 41 00 42 00 43 00  <.=.>.?.@.A.B.C.
00006860: 43 00 44 00 45 00 45 00 46 00 47 00 47 00 48 00  C.D.E.E.F.G.G.H.
00006870: 48 00 49 00 49 00 4a 00 4a 00 4a 00 4a 00 4b 00  H.I.I.J.J.J.J.K.
00006880: 4b 00 4b 00 4b 00 4b 00 4b 00 4b 00 4c 00 4c 00  K.K.K.K.K.K.L.L.
00006890: 4b 00 4b 00 4b 00 4b 00 4b 00 4b 00 4b 00 4a 00  K.K.K.K.K.K.K.J.
000068a0: 4a 00 4a 00 49 00 49 00 49 00 48 00 48 00 48 00  J.J.I.I.I.H.H.H.
000068b0: 47 00 47 00 46 00 46 00 45 00 44 00 44 00 43 00  G.G.F.F.E.D.D.C.
000068c0: 43 00 42 00 41 00 41 00 40 00 3f 00 3f 00 3e 00  C.B.A.A.@.?.?.>.
000068d0: 3d 00 3c 00 3c 00 3b 00 3a 00 39 00 a0 ff a0 ff  =.<.<.;.:.9.....
000068e0: a0 ff a0 ff a0 ff a0 ff 9f ff 9f ff 9f ff 9f ff  ................
000068f0: 9f ff 9f ff 9f ff 9f ff 9f ff 9f ff 9f ff 9f ff  ................
00006900: 9f ff 9f ff 9f ff 9f ff 9f ff 9f ff 9f ff 9f ff  ................
00006910: 9f ff 9f ff a0 ff a0 ff a0 ff a0 ff a1 ff a1 ff  ................
00006920: a1 ff a2 ff a2 ff a3 ff a3 ff a4 ff a4 ff a5 ff  ................
00006930: a5 ff a6 ff a7 ff a8 ff a8 ff a9 ff aa ff ab ff  ................
00006940: ac ff ad ff ae ff af ff b0 ff b1 ff b3 ff b4 ff  ................
00006950: b5 ff b7 ff b8 ff b9 ff bb ff bc ff be ff bf ff  ................
00006960: c1 ff c2 ff c4 ff c6 ff c7 ff c9 ff cb ff cc ff  ................
00006970: ce ff d0 ff d1 ff d3 ff d5 ff d6 ff d8 ff da ff  ................
00006980: db ff dd ff df ff e0 ff e2 ff e4 ff e5 ff e7 ff  ................
00006990: e8 ff ea ff eb ff ec ff ee ff ef ff f0 ff f2 ff  ................
000069a0: f3 ff f4 ff f5 ff f6 ff f7 ff f8 ff f9 ff fa ff  ................
000069b0: fb ff fb ff fc ff fd ff fd ff fe ff fe ff fe ff  ................
000069c0: ff ff ff ff ff ff ff ff ff ff ff ff 00 00 00 00  ................
000069d0: 00 00 00 00 00 00 00 00 00 00 00 00 00 00 00 00  ................
000069e0: 00 00 00 00 00 00 01 00 01 00 01 00 01 00 02 00  ................
000069f0: 02 00 02 00 03 00 03 00 04 00 04 00 05 00 06 00  ................
00006a00: 06 00 07 00 08 00 09 00 0a 00 0b 00 0c 00 0d 00  ................
00006a10: 0e 00 10 00 11 00 12 00 14 00 15 00 17 00 18 00  ................
00006a20: 1a 00 1b 00 1d 00 1f 00 20 00 22 00 24 00 25 00  ........ .".$.%.
00006a30: 27 00 29 00 2b 00 2c 00 2e 00 30 00 31 00 33 00  '.).+.,...0.1.3.
00006a40: 35 00 37 00 38 00 3a 00 3c 00 3d 00 3f 00 40 00  5.7.8.:.<.=.?.@.
00006a50: 42 00 44 00 45 00 46 00 48 00 49 00 4b 00 4c 00  B.D.E.F.H.I.K.L.
00006a60: 4d 00 4e 00 4f 00 51 00 52 00 53 00 54 00 55 00  M.N.O.Q.R.S.T.U.
00006a70: 56 00 56 00 57 00 58 00 59 00 5a 00 5a 00 5b 00  V.V.W.X.Y.Z.Z.[.
00006a80: 5c 00 5c 00 5d 00 5e 00 5e 00 5f 00 5f 00 60 00  \.\.].^.^._._.`.
00006a90: 60 00 61 00 61 00 61 00 62 00 62 00 62 00 63 00  `.a.a.a.b.b.b.c.
00006aa0: 63 00 63 00 63 00 64 00 64 00 64 00 64 00 64 00  c.c.c.d.d.d.d.d.
00006ab0: 64 00 65 00 65 00 65 00 65 00 65 00 65 00 65 00  d.e.e.e.e.e.e.e.
00006ac0: 65 00 65 00 65 00 65 00 65 00 65 00 65 00 65 00  e.e.e.e.e.e.e.e.
00006ad0: 65 00 65 00 65 00 65 00 65 00 65 00 00 00 18 00  e.e.e.e.e.e.....
00006ae0: 42 00 70 00 80 00 90 00 be 00 f0 00 ff 00 00 00  B.p.............
00006af0: 00 00 00 00 00 00 00 00 00 00 00 00 00 00 36 00  ..............6.
00006b00: 6c 00 80 00 94 00 be 00 ff 00 00 00 00 00 00 00  l...............
00006b10: 00 00 00 00 00 00 00 00 00 00 00 00 08 00 02 00  ................
00006b20: 00 00 fe ff ff ff 00 00 08 00 ff ff ff ff 40 00  ..............@.
00006b30: 28 00 1e 00 0a 00 b4 00 32 00 0c 00 ce 00 01 00  (.......2.......
00006b40: 00 00 00 00 ff 03 00 02 ff 03 00 00 00 00 00 00  ................
00006b50: 00 00 00 00 01 00 00 00 10 00 00 02 ff 03 00 00  ................
00006b60: 00 00 4e 00 4e 00 4e 00 01 00 00 00 10 00 00 02  ..N.N.N.........
00006b70: ff 03 00 00 00 00 44 00 44 00 44 00 01 00 00 00  ......D.D.D.....
00006b80: 10 00 00 02 ff 03 00 00 00 00 41 00 41 00 41 00  ..........A.A.A.
00006b90: 01 00 00 00 10 00 00 02 ff 03 00 00 00 00 3c 00  ..............<.
00006ba0: 3c 00 3c 00 01 00 00 00 10 00 00 02 ff 03 00 00  <.<.............
00006bb0: 00 00 32 00 37 00 37 00 01 00 00 00 10 00 00 02  ..2.7.7.........
00006bc0: ff 03 00 00 00 00 2d 00 37 00 37 00 01 00 00 00  ......-.7.7.....
00006bd0: 10 00 00 02 ff 03 00 00 00 00 2d 00 2d 00 2d 00  ..........-.-.-.
00006be0: 01 00 00 00 10 00 00 02 ff 03 00 00 00 00 28 00  ..............(.
00006bf0: 28 00 28 00 01 00 f4 01 20 03 00 02 ff 03 00 00  (.(..... .......
00006c00: 00 00 2a 00 2a 00 2a 00 0d 00 40 00 01 00 40 00  ..*.*.*...@...@.
00006c10: 00 00 10 00 10 00 10 00 10 00 10 00 10 00 0a 00  ................
00006c20: 02 00 20 00 0a 00 02 00 20 00 0a 00 02 00 10 00  .. ..... .......
00006c30: 06 00 02 00 20 00 08 00 02 00 20 00 10 00 08 00  .... ..... .....
00006c40: 20 00 04 00 01 00 20 00 0e 00 06 00 00 00 0f 00   ..... .........
00006c50: 0e 00 44 00 00 00 40 00 00 00 00 00 10 00 5c 10  ..D...@.......\.
00006c60: 01 00 01 00 00 00 01 00 01 00 00 00 96 00 01 00  ................
00006c70: 00 00 01 00 96 00 01 00 00 00 01 00 64 00 01 00  ............d...
00006c80: 00 00 01 00 32 00 01 00 00 00 01 00 32 00 01 00  ....2.......2...
00006c90: 00 00 01 00 0f 00 01 00 01 00 01 00 32 00 01 00  ............2...
00006ca0: 00 00 01 00 32 00 01 00 00 00 01 00 70 00 01 00  ....2.......p...
00006cb0: 00 00 00 00 00 00 00 00 00 00 00 00 00 00 00 00  ................
00006cc0: 00 00 00 00 00 00 00 00 00 00 00 00 00 00 00 00  ................
00006cd0: 00 00 00 00 00 00 00 00 00 00 00 00 00 00 00 00  ................
00006ce0: 00 00 00 00 00 00 00 00 00 00 00 00 00 00 00 00  ................
00006cf0: 00 00 00 00 00 00 00 00 00 00 00 00 00 00 00 00  ................
00006d00: 00 00 00 00 00 00 00 00 00 00 00 00 00 00 00 00  ................
00006d10: 00 00 00 00 00 00 00 00 00 00 00 00 00 00 00 00  ................
00006d20: 00 00 00 00 00 00 00 00 00 00 00 00 00 00 00 00  ................
00006d30: 00 00 00 00 00 00 00 00 00 00 00 00 00 00 00 00  ................
00006d40: 00 00 00 00 00 00 00 00 00 00 00 00 00 00 00 00  ................
00006d50: 00 00 00 00 00 00 00 00 00 00 00 00 00 00 00 00  ................
00006d60: 00 00 00 00 00 00 00 00 00 00 00 00 00 00 00 00  ................
00006d70: 00 00 00 00 00 00 00 00 00 00 00 00 00 00 00 00  ................
00006d80: 00 00 00 00 00 00 00 00 00 00 00 00 00 00 00 00  ................
00006d90: 00 00 00 00 00 00 00 00 00 00 00 00 00 00 00 00  ................
00006da0: 00 00 00 00 00 00 00 00 00 00 00 00 00 00 00 00  ................
00006db0: 00 00 00 00 00 00 00 00 00 00 00 00 00 00 00 00  ................
00006dc0: 00 00 00 00 00 00 00 00 00 00 00 00 00 00 00 00  ................
00006dd0: 00 00 00 00 00 00 00 00 00 00 00 00 00 00 00 00  ................
00006de0: 00 00 00 00 00 00 00 00 00 00 00 00 00 00 00 00  ................
00006df0: 00 00 00 00 00 00 00 00 00 00 00 00 00 00 00 00  ................
00006e00: 00 00 00 00 00 00 00 00 00 00 00 00 00 00 00 00  ................
00006e10: 00 00 00 00 00 00 00 00 00 00 00 00 00 00 00 00  ................
00006e20: 00 00 00 00 00 00 00 00 00 00 00 00 00 00 00 00  ................
00006e30: 00 00 00 00 00 00 00 00 00 00 00 00 00 00 00 00  ................
00006e40: 00 00 00 00 00 00 00 00 00 00 00 00 00 00 00 00  ................
00006e50: 00 00 00 00 00 00 00 00 00 00 00 00 00 00 00 00  ................
00006e60: 00 00 00 00 00 00 00 00 00 00 00 00 00 00 00 00  ................
00006e70: 00 00 00 00 00 00 00 00 00 00 00 00 00 00 00 00  ................
00006e80: 00 00 00 00 00 00 00 00 00 00 00 00 00 00 00 00  ................
00006e90: 00 00 00 00 00 00 00 00 00 00 00 00 00 00 00 00  ................
00006ea0: 00 00 00 00 00 00 00 00 00 00 00 00 00 00 00 00  ................
00006eb0: 00 00 00 00 00 00 00 00 00 00 00 00 00 00 00 00  ................
00006ec0: 00 00 00 00 00 00 00 00 00 00 00 00 00 00 00 00  ................
00006ed0: 00 00 00 00 00 00 00 00 00 00 00 00 00 00 00 00  ................
00006ee0: 00 00 00 00 00 00 00 00 00 00 00 00 00 00 00 00  ................
00006ef0: 00 00 00 00 00 00 00 00 00 00 00 00 00 00 00 00  ................
00006f00: 00 00 00 00 00 00 00 00 00 00 00 00 00 00 00 00  ................
00006f10: 00 00 00 00 00 00 00 00 00 00 00 00 00 00 00 00  ................
00006f20: 00 00 00 00 00 00 00 00 00 00 00 00 00 00 00 00  ................
00006f30: 00 00 00 00 00 00 00 00 00 00 00 00 00 00 00 00  ................
00006f40: 00 00 00 00 00 00 00 00 00 00 00 00 00 00 00 00  ................
00006f50: 00 00 00 00 00 00 00 00 00 00 00 00 00 00 00 00  ................
00006f60: 00 00 00 00 00 00 00 00 00 00 00 00 00 00 00 00  ................
00006f70: 00 00 00 00 00 00 00 00 00 00 00 00 00 00 00 00  ................
00006f80: 00 00 00 00 00 00 00 00 00 00 00 00 00 00 00 00  ................
00006f90: 00 00 00 00 00 00 00 00 00 00 00 00 00 00 00 00  ................
00006fa0: 00 00 00 00 00 00 00 00 00 00 00 00 00 00 00 00  ................
00006fb0: 00 00 00 00 00 00 00 00 00 00 00 00 00 00 00 00  ................
00006fc0: 00 00 00 00 00 00 00 00 00 00 00 00 00 00 00 00  ................
00006fd0: 00 00 00 00 00 00 00 00 00 00 00 00 00 00 00 00  ................
00006fe0: 00 00 00 00 00 00 00 00 00 00 00 00 00 00 00 00  ................
00006ff0: 00 00 00 00 00 00 00 00 00 00 00 00 00 00 00 00  ................
00007000: 00 00 00 00 00 00 00 00 00 00 00 00 00 00 00 00  ................
00007010: 00 00 00 00 00 00 00 00 00 00 00 00 00 00 00 00  ................
00007020: 00 00 00 00 00 00 00 00 00 00 00 00 00 00 00 00  ................
00007030: 00 00 00 00 00 00 00 00 00 00 00 00 00 00 00 00  ................
00007040: 00 00 00 00 00 00 00 00 00 00 00 00 00 00 00 00  ................
00007050: 00 00 00 00 00 00 00 00 00 00 00 00 00 00 00 00  ................
00007060: 00 00 00 00 00 00 00 00 00 00 00 00 00 00 00 00  ................
00007070: 00 00 00 00 00 00 00 00 00 00 00 00 00 00 00 00  ................
00007080: 00 00 00 00 00 00 00 00 00 00 00 00 00 00 00 00  ................
00007090: 00 00 00 00 00 00 00 00 00 00 00 00 00 00 00 00  ................
000070a0: 00 00 00 00 00 00 00 00 00 00 00 00 00 00 00 00  ................
000070b0: 00 00 00 00 00 00 00 00 00 00 00 00 00 00 00 00  ................
000070c0: 00 00 00 00 00 00 00 00 00 00 00 00 00 00 00 00  ................
000070d0: 00 00 00 00 00 00 00 00 00 00 00 00 00 00 00 00  ................
000070e0: 00 00 00 00 00 00 00 00 00 00 00 00 00 00 00 00  ................
000070f0: 00 00 00 00 00 00 00 00 00 00 00 00 00 00 00 00  ................
00007100: 00 00 00 00 00 00 00 00 00 00 00 00 00 00 00 00  ................
00007110: 00 00 00 00 00 00 00 00 00 00 00 00 00 00 00 00  ................
00007120: 00 00 00 00 00 00 00 00 00 00 00 00 00 00 00 00  ................
00007130: 00 00 00 00 00 00 00 00 00 00 00 00 00 00 00 00  ................
00007140: 00 00 00 00 00 00 00 00 00 00 00 00 00 00 00 00  ................
00007150: 00 00 00 00 00 00 00 00 00 00 00 00 00 00 00 00  ................
00007160: 00 00 00 00 00 00 00 00 00 00 00 00 00 00 00 00  ................
00007170: 00 00 00 00 00 00 00 00 00 00 00 00 00 00 00 00  ................
00007180: 00 00 00 00 00 00 00 00 00 00 00 00 00 00 00 00  ................
00007190: 00 00 00 00 00 00 00 00 00 00 00 00 00 00 00 00  ................
000071a0: 00 00 00 00 00 00 00 00 00 00 00 00 00 00 00 00  ................
000071b0: 00 00 00 00 00 00 00 00 00 00 00 00 00 00 00 00  ................
000071c0: 00 00 00 00 00 00 00 00 00 00 00 00 00 00 00 00  ................
000071d0: 00 00 00 00 00 00 00 00 00 00 00 00 00 00 00 00  ................
000071e0: 00 00 00 00 00 00 00 00 00 00 00 00 00 00 00 00  ................
000071f0: 00 00 00 00 00 00 00 00 00 00 00 00 00 00 00 00  ................
00007200: 00 00 00 00 00 00 00 00 00 00 00 00 00 00 00 00  ................
00007210: 00 00 00 00 00 00 00 00 00 00 00 00 00 00 00 00  ................
00007220: 00 00 00 00 00 00 00 00 00 00 00 00 00 00 00 00  ................
00007230: 00 00 00 00 00 00 00 00 00 00 00 00 00 00 00 00  ................
00007240: 00 00 00 00 00 00 00 00 00 00 00 00 00 00 00 00  ................
00007250: 00 00 00 00 00 00 00 00 00 00 00 00 00 00 00 00  ................
00007260: 00 00 00 00 00 00 00 00 00 00 00 00 00 00 00 00  ................
00007270: 00 00 00 00 00 00 00 00 00 00 00 00 00 00 00 00  ................
00007280: 00 00 00 00 00 00 00 00 00 00 00 00 00 00 00 00  ................
00007290: 00 00 00 00 00 00 00 00 00 00 00 00 00 00 00 00  ................
000072a0: 00 00 00 00 00 00 00 00 00 00 00 00 00 00 00 00  ................
000072b0: 00 00 00 00 00 00 00 00 00 00 00 00 00 00 00 00  ................
000072c0: 00 00 00 00 00 00 00 00 00 00 00 00 00 00 00 00  ................
000072d0: 00 00 00 00 00 00 00 00 00 00 00 00 00 00 00 00  ................
000072e0: 00 00 00 00 00 00 00 00 00 00 00 00 00 00 00 00  ................
000072f0: 00 00 00 00 00 00 00 00 00 00 00 00 00 00 00 00  ................
00007300: 00 00 00 00 00 00 00 00 00 00 00 00 00 00 00 00  ................
00007310: 00 00 00 00 00 00 00 00 00 00 00 00 00 00 00 00  ................
00007320: 00 00 00 00 00 00 00 00 00 00 00 00 00 00 00 00  ................
00007330: 00 00 00 00 00 00 00 00 00 00 00 00 00 00 00 00  ................
00007340: 00 00 00 00 00 00 00 00 00 00 00 00 00 00 00 00  ................
00007350: 00 00 00 00 00 00 00 00 00 00 00 00 00 00 00 00  ................
00007360: 00 00 00 00 00 00 00 00 00 00 00 00 00 00 00 00  ................
00007370: 00 00 00 00 00 00 00 00 00 00 00 00 00 00 00 00  ................
00007380: 00 00 00 00 00 00 00 00 00 00 00 00 00 00 00 00  ................
00007390: 00 00 00 00 00 00 00 00 00 00 00 00 00 00 00 00  ................
000073a0: 00 00 00 00 00 00 00 00 00 00 00 00 00 00 00 00  ................
000073b0: 00 00 00 00 00 00 00 00 00 00 00 00 00 00 00 00  ................
000073c0: 00 00 00 00 00 00 00 00 00 00 00 00 00 00 00 00  ................
000073d0: 00 00 00 00 00 00 00 00 00 00 00 00 00 00 00 00  ................
000073e0: 00 00 00 00 00 00 00 00 00 00 00 00 00 00 00 00  ................
000073f0: 00 00 00 00 00 00 00 00 00 00 00 00 00 00 00 00  ................
00007400: 00 00 00 00 00 00 00 00 00 00 00 00 00 00 00 00  ................
00007410: 00 00 00 00 00 00 00 00 00 00 00 00 00 00 00 00  ................
00007420: 00 00 00 00 00 00 00 00 00 00 00 00 00 00 00 00  ................
00007430: 00 00 00 00 00 00 00 00 00 00 00 00 00 00 00 00  ................
00007440: 00 00 00 00 00 00 00 00 00 00 00 00 00 00 00 00  ................
00007450: 00 00 00 00 00 00 00 00 00 00 00 00 00 00 00 00  ................
00007460: 00 00 00 00 00 00 00 00 00 00 00 00 00 00 00 00  ................
00007470: 00 00 00 00 00 00 00 00 00 00 00 00 00 00 00 00  ................
00007480: 00 00 00 00 00 00 00 00 00 00 00 00 00 00 00 00  ................
00007490: 00 00 00 00 00 00 00 00 00 00 00 00 00 00 00 00  ................
000074a0: 00 00 00 00 00 00 00 00 00 00 00 00 00 00 00 00  ................
000074b0: 00 00 00 00 00 00 00 00 00 00 00 00 00 00 00 00  ................
000074c0: 00 00 00 00 00 00 00 00 00 00 00 00 00 00 00 00  ................
000074d0: 00 00 00 00 00 00 00 00 00 00 00 00 00 00 00 00  ................
000074e0: 00 00 00 00 00 00 00 00 00 00 00 00 00 00 00 00  ................
000074f0: 00 00 00 00 00 00 00 00 00 00 00 00 00 00 00 00  ................
00007500: 00 00 00 00 00 00 00 00 00 00 00 00 00 00 00 00  ................
00007510: 00 00 00 00 00 00 00 00 00 00 00 00 00 00 00 00  ................
00007520: 00 00 00 00 00 00 00 00 00 00 00 00 00 00 00 00  ................
00007530: 00 00 00 00 00 00 00 00 00 00 00 00 00 00 00 00  ................
00007540: 00 00 00 00 00 00 00 00 00 00 00 00 00 00 00 00  ................
00007550: 00 00 00 00 00 00 00 00 00 00 00 00 00 00 00 00  ................
00007560: 00 00 00 00 00 00 00 00 00 00 00 00 00 00 00 00  ................
00007570: 00 00 00 00 00 00 00 00 00 00 00 00 00 00 00 00  ................
00007580: 00 00 00 00 00 00 00 00 00 00 00 00 00 00 00 00  ................
00007590: 00 00 00 00 00 00 00 00 00 00 00 00 00 00 00 00  ................
000075a0: 00 00 00 00 00 00 00 00 00 00 00 00 00 00 00 00  ................
000075b0: 00 00 00 00 00 00 00 00 00 00 00 00 00 00 00 00  ................
000075c0: 00 00 00 00 00 00 00 00 00 00 00 00 00 00 00 00  ................
000075d0: 00 00 00 00 00 00 00 00 00 00 00 00 00 00 00 00  ................
000075e0: 00 00 00 00 00 00 00 00 00 00 00 00 00 00 00 00  ................
000075f0: 00 00 00 00 00 00 00 00 00 00 00 00 00 00 00 00  ................
00007600: 00 00 00 00 00 00 00 00 00 00 00 00 00 00 00 00  ................
00007610: 00 00 00 00 00 00 00 00 00 00 00 00 00 00 00 00  ................
00007620: 00 00 00 00 00 00 00 00 00 00 00 00 00 00 00 00  ................
00007630: 00 00 00 00 00 00 00 00 00 00 00 00 00 00 00 00  ................
00007640: 00 00 00 00 00 00 00 00 00 00 00 00 00 00 00 00  ................
00007650: 00 00 00 00 00 00 00 00 00 00 00 00 00 00 00 00  ................
00007660: 00 00 00 00 00 00 00 00 00 00 00 00 00 00 00 00  ................
00007670: 00 00 00 00 00 00 00 00 00 00 00 00 00 00 00 00  ................
00007680: 00 00 00 00 00 00 00 00 00 00 00 00 00 00 00 00  ................
00007690: 00 00 00 00 00 00 00 00 00 00 00 00 00 00 00 00  ................
000076a0: 00 00 00 00 00 00 00 00 00 00 00 00 00 00 00 00  ................
000076b0: 00 00 00 00 00 00 00 00 00 00 00 00 00 00 00 00  ................
000076c0: 00 00 00 00 00 00 00 00 00 00 00 00 00 00 00 00  ................
000076d0: 00 00 00 00 00 00 00 00 00 00 00 00 00 00 00 00  ................
000076e0: 00 00 00 00 00 00 00 00 00 00 00 00 00 00 00 00  ................
000076f0: 00 00 00 00 00 00 00 00 00 00 00 00 00 00 00 00  ................
00007700: 00 00 00 00 00 00 00 00 00 00 00 00 00 00 00 00  ................
00007710: 00 00 00 00 00 00 00 00 00 00 00 00 00 00 00 00  ................
00007720: 00 00 00 00 00 00 00 00 00 00 00 00 00 00 00 00  ................
00007730: 00 00 00 00 00 00 00 00 00 00 00 00 00 00 00 00  ................
00007740: 00 00 00 00 00 00 00 00 00 00 00 00 00 00 00 00  ................
00007750: 00 00 00 00 00 00 00 00 00 00 00 00 00 00 00 00  ................
00007760: 00 00 00 00 00 00 00 00 00 00 00 00 00 00 00 00  ................
00007770: 00 00 00 00 00 00 00 00 00 00 00 00 00 00 00 00  ................
00007780: 00 00 00 00 00 00 00 00 00 00 00 00 00 00 00 00  ................
00007790: 00 00 00 00 00 00 00 00 00 00 00 00 00 00 00 00  ................
000077a0: 00 00 00 00 00 00 00 00 00 00 00 00 00 00 00 00  ................
000077b0: 00 00 00 00 00 00 00 00 00 00 00 00 00 00 00 00  ................
000077c0: 00 00 00 00 00 00 00 00 00 00 00 00 00 00 00 00  ................
000077d0: 00 00 00 00 00 00 00 00 00 00 00 00 00 00 00 00  ................
000077e0: 00 00 00 00 00 00 00 00 00 00 00 00 00 00 00 00  ................
000077f0: 00 00 00 00 00 00 00 00 00 00 00 00 00 00 00 00  ................
00007800: 00 00 00 00 00 00 00 00 00 00 00 00 00 00 00 00  ................
00007810: 00 00 00 00 00 00 00 00 00 00 00 00 00 00 00 00  ................
00007820: 00 00 00 00 00 00 00 00 00 00 00 00 00 00 00 00  ................
00007830: 00 00 00 00 00 00 00 00 00 00 00 00 00 00 00 00  ................
00007840: 00 00 00 00 00 00 00 00 00 00 00 00 00 00 00 00  ................
00007850: 00 00 00 00 00 00 00 00 00 00 00 00 00 00 00 00  ................
00007860: 00 00 00 00 00 00 00 00 00 00 00 00 00 00 00 00  ................
00007870: 00 00 00 00 00 00 00 00 00 00 00 00 00 00 00 00  ................
00007880: 00 00 00 00 00 00 00 00 00 00 00 00 00 00 00 00  ................
00007890: 00 00 00 00 00 00 00 00 00 00 00 00 00 00 00 00  ................
000078a0: 00 00 00 00 00 00 00 00 00 00 00 00 00 00 00 00  ................
000078b0: 00 00 00 00 00 00 00 00 00 00 00 00 00 00 00 00  ................
000078c0: 00 00 00 00 00 00 00 00 00 00 00 00 00 00 00 00  ................
000078d0: 00 00 00 00 00 00 00 00 00 00 00 00 00 00 00 00  ................
000078e0: 00 00 00 00 00 00 00 00 00 00 00 00 00 00 00 00  ................
000078f0: 00 00 00 00 00 00 00 00 00 00 00 00 00 00 00 00  ................
00007900: 00 00 00 00 00 00 00 00 00 00 00 00 00 00 00 00  ................
00007910: 00 00 00 00 00 00 00 00 00 00 00 00 00 00 00 00  ................
00007920: 00 00 00 00 00 00 00 00 00 00 00 00 00 00 00 00  ................
00007930: 00 00 00 00 00 00 00 00 00 00 00 00 00 00 00 00  ................
00007940: 00 00 00 00 00 00 00 00 00 00 00 00 00 00 00 00  ................
00007950: 00 00 00 00 00 00 00 00 00 00 00 00 00 00 00 00  ................
00007960: 00 00 00 00 00 00 00 00 00 00 00 00 00 00 00 00  ................
00007970: 00 00 00 00 00 00 00 00 00 00 00 00 00 00 00 00  ................
00007980: 00 00 00 00 00 00 00 00 00 00 00 00 00 00 00 00  ................
00007990: 00 00 00 00 00 00 00 00 00 00 00 00 00 00 00 00  ................
000079a0: 00 00 00 00 00 00 00 00 00 00 00 00 00 00 00 00  ................
000079b0: 00 00 00 00 00 00 00 00 00 00 00 00 00 00 00 00  ................
000079c0: 00 00 00 00 00 00 00 00 00 00 00 00 00 00 00 00  ................
000079d0: 00 00 00 00 00 00 00 00 00 00 00 00 00 00 00 00  ................
000079e0: 00 00 00 00 00 00 00 00 00 00 00 00 00 00 00 00  ................
000079f0: 00 00 00 00 00 00 00 00 00 00 00 00 00 00 00 00  ................
00007a00: 00 00 00 00 00 00 00 00 00 00 00 00 00 00 00 00  ................
00007a10: 00 00 00 00 00 00 00 00 00 00 00 00 00 00 00 00  ................
00007a20: 00 00 00 00 00 00 00 00 00 00 00 00 00 00 00 00  ................
00007a30: 00 00 00 00 00 00 00 00 00 00 00 00 00 00 00 00  ................
00007a40: 00 00 00 00 00 00 00 00 00 00 00 00 00 00 00 00  ................
00007a50: 00 00 00 00 00 00 00 00 00 00 00 00 00 00 00 00  ................
00007a60: 00 00 00 00 00 00 00 00 00 00 00 00 00 00 00 00  ................
00007a70: 00 00 00 00 00 00 00 00 00 00 00 00 00 00 00 00  ................
00007a80: 00 00 00 00 00 00 00 00 00 00 00 00 00 00 00 00  ................
00007a90: 00 00 00 00 00 00 00 00 00 00 00 00 00 00 00 00  ................
00007aa0: 00 00 00 00 00 00 00 00 00 00 00 00 00 00 00 00  ................
00007ab0: 00 00 00 00 00 00 00 00 00 00 00 00 00 00 00 00  ................
00007ac0: 00 00 00 00 00 00 00 00 00 00 00 00 00 00 00 00  ................
00007ad0: 00 00 00 00 00 00 00 00 00 00 00 00 00 00 00 00  ................
00007ae0: 00 00 00 00 00 00 00 00 00 00 00 00 00 00 00 00  ................
00007af0: 00 00 00 00 00 00 00 00 00 00 00 00 00 00 00 00  ................
00007b00: 00 00 00 00 00 00 00 00 00 00 00 00 00 00 00 00  ................
00007b10: 00 00 00 00 00 00 00 00 00 00 00 00 00 00 00 00  ................
00007b20: 00 00 00 00 00 00 00 00 00 00 00 00 00 00 00 00  ................
00007b30: 00 00 00 00 00 00 00 00 00 00 00 00 00 00 00 00  ................
00007b40: 00 00 00 00 00 00 00 00 00 00 00 00 00 00 00 00  ................
00007b50: 00 00 00 00 00 00 00 00 00 00 00 00 00 00 00 00  ................
00007b60: 00 00 00 00 00 00 00 00 00 00 00 00 00 00 00 00  ................
00007b70: 00 00 00 00 00 00 00 00 00 00 00 00 00 00 00 00  ................
00007b80: 00 00 00 00 00 00 00 00 00 00 00 00 00 00 00 00  ................
00007b90: 00 00 00 00 00 00 00 00 00 00 00 00 00 00 00 00  ................
00007ba0: 00 00 00 00 00 00 00 00 00 00 00 00 00 00 00 00  ................
00007bb0: 00 00 00 00 00 00 00 00 00 00 00 00 00 00 00 00  ................
00007bc0: 00 00 00 00 00 00 00 00 00 00 00 00 00 00 00 00  ................
00007bd0: 00 00 00 00 00 00 00 00 00 00 00 00 00 00 00 00  ................
00007be0: 00 00 00 00 00 00 00 00 00 00 00 00 00 00 00 00  ................
00007bf0: 00 00 00 00 00 00 00 00 00 00 00 00 00 00 00 00  ................
00007c00: 00 00 00 00 00 00 00 00 00 00 00 00 00 00 00 00  ................
00007c10: 00 00 00 00 00 00 00 00 00 00 00 00 00 00 00 00  ................
00007c20: 00 00 00 00 00 00 00 00 00 00 00 00 00 00 00 00  ................
00007c30: 00 00 00 00 00 00 00 00 00 00 00 00 00 00 00 00  ................
00007c40: 00 00 00 00 00 00 00 00 00 00 00 00 00 00 00 00  ................
00007c50: 00 00 00 00 00 00 00 00 00 00 00 00 00 00 00 00  ................
00007c60: 00 00 00 00 00 00 00 00 00 00 00 00 00 00 00 00  ................
00007c70: 00 00 00 00 00 00 00 00 00 00 00 00 00 00 00 00  ................
00007c80: 00 00 00 00 00 00 00 00 00 00 00 00 00 00 00 00  ................
00007c90: 00 00 00 00 00 00 00 00 00 00 00 00 00 00 00 00  ................
00007ca0: 00 00 00 00 00 00 00 00 00 00 00 00 00 00 00 00  ................
00007cb0: 00 00 00 00 00 00 00 00 11 00 04 01 09 00 09 00  ................
00007cc0: 09 00 09 00 09 00 09 00 09 00 09 00 09 00 09 00  ................
00007cd0: 09 00 09 00 09 00 09 00 09 00 09 00 09 00 09 00  ................
00007ce0: 09 00 09 00 09 00 09 00 09 00 09 00 09 00 09 00  ................
00007cf0: 09 00 09 00 09 00 09 00 09 00 09 00 09 00 09 00  ................
00007d00: 0c 00 0c 00 0c 00 0c 00 0c 00 0c 00 0c 00 0c 00  ................
00007d10: 0c 00 0c 00 0c 00 0c 00 09 00 09 00 09 00 09 00  ................
00007d20: 0c 00 0f 00 0f 00 0f 00 0f 00 0f 00 0f 00 0f 00  ................
00007d30: 0f 00 0f 00 0f 00 0c 00 09 00 09 00 09 00 09 00  ................
00007d40: 0c 00 0f 00 0f 00 0f 00 0f 00 0f 00 0f 00 0f 00  ................
00007d50: 0f 00 0f 00 0f 00 0c 00 09 00 09 00 09 00 09 00  ................
00007d60: 0c 00 0c 00 0c 00 0c 00 0c 00 0c 00 0c 00 0c 00  ................
00007d70: 0c 00 0c 00 0c 00 0c 00 09 00 09 00 09 00 09 00  ................
00007d80: 09 00 09 00 09 00 09 00 09 00 09 00 09 00 09 00  ................
00007d90: 09 00 09 00 09 00 09 00 09 00 09 00 09 00 09 00  ................
00007da0: 09 00 09 00 09 00 09 00 09 00 09 00 09 00 09 00  ................
00007db0: 09 00 09 00 09 00 09 00 09 00 09 00 12 00 2e 00  ................
00007dc0: 00 00 80 07 00 00 38 04 00 00 00 00 00 00 00 00  ......8.........
00007dd0: 00 00 00 00 00 00 00 00 00 00 00 00 00 00 00 00  ................
00007de0: 00 00 00 00 00 00 00 00 40 00 13 00 10 02 01 00  ........@.......
00007df0: 00 01 00 01 00 01 00 00 00 00 00 00 02 00 04 00  ................
00007e00: 04 00 04 00 04 00 04 00 04 00 03 00 03 00 02 00  ................
00007e10: 02 00 01 00 01 00 01 00 01 00 01 00 05 00 dc 00  ................
00007e20: 00 00 37 00 52 00 5e 00 60 00 6d 00 45 00 54 00  ..7.R.^.`.m.E.T.
00007e30: 5f 00 73 00 87 00 7b 00 77 00 51 00 4e 00 48 00  _.s...{.w.Q.N.H.
00007e40: 71 00 67 00 5d 00 57 00 44 00 59 00 6e 00 91 00  q.g.].W.D.Y.n...
00007e50: 89 00 9e 00 54 00 68 00 73 00 7b 00 96 00 ab 00  ....T.h.s.{.....
00007e60: a1 00 94 00 64 00 58 00 8c 00 77 00 69 00 5f 00  ....d.X...w.i._.
00007e70: 4f 00 6c 00 4c 00 2d 00 28 00 1e 00 66 00 42 00  O.l.L.-.(...f.B.
00007e80: 36 00 34 00 1e 00 b2 00 76 00 57 00 38 00 2d 00  6.4.....v.W.8.-.
00007e90: 83 00 55 00 41 00 30 00 24 00 0a 00 30 75 02 00  ..U.A.0.$...0u..
00007ea0: 00 00 01 00 02 00 03 00 03 00 00 00 01 00 02 00  ................
00007eb0: 03 00 03 00 00 00 01 00 00 00 00 04 00 00 00 01  ................
00007ec0: 00 00 00 04 00 00 00 01 00 00 00 04 00 00 00 01  ................
00007ed0: 00 00 00 01 00 00 00 01 00 00 00 04 00 00 00 01  ................
00007ee0: 00 00 00 04 00 00 00 01 00 00 00 04 00 00 00 01  ................
00007ef0: 00 00 00 01 00 00 00 01 00 00 00 04 00 00 00 01  ................
00007f00: 00 00 00 04 00 00 00 01 00 00 00 04 00 00 00 01  ................
00007f10: 00 00 00 01 00 00 00 01 00 00 00 04 00 00 00 01  ................
00007f20: 00 00 00 04 00 00 00 01 00 00 00 04 00 00 00 01  ................
00007f30: 00 00 00 01 00 00 00 01 00 00 00 04 00 00 00 01  ................
00007f40: 00 00 00 04 00 00 00 01 00 00 00 04 00 00 00 01  ................
00007f50: 00 00 00 01 00 00 00 01 00 00 00 04 00 00 00 01  ................
00007f60: 00 00 00 04 00 00 00 01 00 00 00 04 00 00 00 01  ................
00007f70: 00 00 00 01 00 00 03 01 00 00 00 04 00 00 00 01  ................
00007f80: 00 00 00 04 00 00 00 01 00 00 00 04 00 00 00 01  ................
00007f90: 00 00 00 01 00 00 00 01 00 00 00 04 00 00 00 01  ................
00007fa0: 00 00 00 04 00 00 00 01 00 00 00 04 00 00 00 01  ................
00007fb0: 00 00 00 01 00 00 00 01 00 00 00 04 00 00 00 01  ................
00007fc0: 00 00 00 04 00 00 00 01 00 00 00 04 00 00 00 01  ................
00007fd0: 00 00 00 01 00 00 00 01 00 00 00 04 00 00 00 01  ................
00007fe0: 00 00 00 04 00 00 00 01 00 00 00 04 00 00 00 01  ................
00007ff0: 00 00 00 01 00 00 00 01 00 00 14 00 f0 00 01 00  ................
00008000: 00 00 00 00 01 00 0f 00 00 00 53 07 00 00 0c 00  ..........S.....
00008010: 00 00 0f 00 00 00 53 07 00 00 04 00 00 00 53 07  ......S.......S.
00008020: 00 00 01 00 00 00 00 01 00 00 00 01 00 00 00 01  ................
00008030: 00 00 00 01 00 00 00 10 00 00 00 01 00 00 19 01  ................
00008040: 00 00 05 00 00 00 37 00 00 00 00 00 00 00 02 00  ......7.........
00008050: 00 00 02 00 00 00 04 00 00 00 04 00 00 00 08 00  ................
00008060: 00 00 08 00 00 00 10 00 00 00 10 00 00 00 20 00  .............. .
00008070: 00 00 20 00 00 00 50 00 00 00 50 00 00 00 80 00  .. ...P...P.....
00008080: 00 00 80 00 00 00 00 02 00 00 00 02 00 00 00 04  ................
00008090: 00 00 00 00 00 00 00 00 00 00 0a 00 00 00 07 00  ................
000080a0: 00 00 05 00 00 00 03 00 00 00 03 00 00 00 03 00  ................
000080b0: 00 00 03 00 00 00 03 00 00 00 02 00 00 00 02 00  ................
000080c0: 00 00 02 00 00 00 02 00 00 00 04 00 00 00 06 00  ................
000080d0: 00 00 0a 00 00 00 05 00 00 00 00 00 00 00 20 00  .............. .
000080e0: 00 00 86 00 00 00 49 00 00 00 15 00 26 00 00 00  ......I.....&...
000080f0: 00 00 00 00 00 00 05 00 01 00 00 00 18 1f dc 05  ................
00008100: 00 00 0a 00 00 00 00 00 00 00 00 00 00 00 16 00  ................
00008110: 16 00 32 01 00 00 08 00 10 00 18 00 20 00 28 00  ..2......... .(.
00008120: 30 00 38 00 40 00 48 00 50 00 58 00 60 00 68 00  0.8.@.H.P.X.`.h.
00008130: 70 00 78 00 80 00 88 00 90 00 98 00 a0 00 a8 00  p.x.............
00008140: b0 00 b8 00 c0 00 c8 00 d0 00 d8 00 e0 00 e8 00  ................
00008150: f0 00 f8 00 00 01 08 01 10 01 18 01 20 01 28 01  ............ .(.
00008160: 30 01 38 01 40 01 48 01 50 01 58 01 60 01 68 01  0.8.@.H.P.X.`.h.
00008170: 70 01 78 01 80 01 88 01 90 01 98 01 a0 01 a8 01  p.x.............
00008180: b0 01 b8 01 c0 01 c8 01 d0 01 d8 01 e0 01 e8 01  ................
00008190: f0 01 f8 01 00 02 08 02 10 02 18 02 20 02 28 02  ............ .(.
000081a0: 30 02 38 02 40 02 48 02 50 02 58 02 60 02 68 02  0.8.@.H.P.X.`.h.
000081b0: 70 02 78 02 80 02 88 02 90 02 98 02 a0 02 a8 02  p.x.............
000081c0: b0 02 b8 02 c0 02 c8 02 d0 02 d8 02 e0 02 e8 02  ................
000081d0: f0 02 f8 02 00 03 08 03 10 03 18 03 20 03 28 03  ............ .(.
000081e0: 30 03 38 03 40 03 48 03 50 03 58 03 60 03 68 03  0.8.@.H.P.X.`.h.
000081f0: 70 03 78 03 80 03 88 03 90 03 98 03 a0 03 a8 03  p.x.............
00008200: b0 03 b8 03 c0 03 c8 03 d0 03 d8 03 e0 03 e8 03  ................
00008210: f0 03 f8 03 ff 03 00 00 80 00 00 00 00 00 00 00  ................
00008220: 00 00 00 00 00 00 00 00 00 00 00 00 00 00 00 00  ................
00008230: 00 00 00 00 00 00 01 00 18 00 40 00 80 00 0c 00  ..........@.....
00008240: 00 01 17 00 e4 03 01 00 01 00 7f 7f 7f 7f 7f 7f  ................
00008250: 7f 7f 7f 7f 7f 7f 7f 7f 7f 7f 7f 7f 7f 7f 7f 7f  ................
00008260: 7f 7f 7f 7f 7f 7f 7f 7f 7f 7f 7f 7f 7f 7f 7f 7f  ................
00008270: 7f 7f 7f 7f 7f 7f 7f 7f 7f 7f 7f 7f 7f 7f 7f 7f  ................
00008280: 7f 7f 7f 7f 7f 7f 7f 7f 7f 7f 7f 00 02 04 07 09  ................
00008290: 08 06 05 03 01 00 fe fc fd fd fe ff ff 00 00 01  ................
000082a0: 00 00 00 ff ff ff ff ff ff ff ff ff ff ff 00 00  ................
000082b0: 00 00 00 00 00 00 00 00 00 00 00 00 fd fa f6 f3  ................
000082c0: f4 f6 f8 f9 fa fa fa fb fc fe ff 00 4b 4a 4a 4a  ............KJJJ
000082d0: 4a 49 49 49 49 48 48 48 48 46 45 44 43 42 42 41  JIIIIHHHHFEDCBBA
000082e0: 41 40 40 40 40 40 40 40 41 41 41 41 42 41 41 41  A@@@@@@@AAAABAAA
000082f0: 41 41 41 41 42 42 42 42 43 45 47 49 4b 4b 4b 4b  AAAABBBBCEGIKKKK
00008300: 4b 4b 4b 4b 4b 4b 4c 4c 4d 4c 4c 4b 4b 00 00 00  KKKKKKLLMLLKK...
00008310: 7f 7e 7c 7b 79 77 77 78 78 79 7a 7a 7b 7b 7c 7d  .~|{ywwxxyzz{{|}
00008320: 7d 7d 7d 7e 7e 7e 7f 7f 7e 7d 7c 7c 7c 7c 7c 7c  }}}~~~..~}||||||
00008330: 7b 7a 7b 7c 7d 7e 7f 7f 7f 7f 7f 7f 7f 7f 7f 7f  {z{|}~..........
00008340: 7f 7f 7f 7f 7e 7e 7e 7e 7e 7d 7c 7c 7d 7f 7f 7f  ....~~~~~}||}...
00008350: 7f fe f6 ed e5 dc d3 d5 d7 d9 db dd df e1 e3 e5  ................
00008360: e8 ed f3 f8 fe 03 09 0f 12 15 18 1b 1b 1c 1c 1d  ................
00008370: 1f 21 24 1d 16 0e 07 ff ff fe fe fd fd fc fe 00  .!$.............
00008380: 02 05 07 09 0c 10 10 11 12 13 18 1e 1b 17 0d 08  ................
00008390: 03 fe 37 36 34 33 31 2f 30 32 34 36 38 39 3b 3d  ..76431/024689;=
000083a0: 3f 41 42 44 46 47 49 4b 4d 47 41 3b 34 34 34 34  ?ABDFGIKMGA;4444
000083b0: 35 35 34 33 32 31 30 2f 2d 31 35 39 3d 41 46 47  5543210/-159=AFG
000083c0: 48 49 4a 4b 4c 4e 4d 4a 46 42 3e 41 45 44 43 4e  HIJKLNMJFB>AEDCN
000083d0: 47 3f 37 00 01 00 7f 7f 7f 7f 7f 7f 7f 7f 7f 7f  G?7.............
000083e0: 7f 7f 7f 7f 7f 7f 7f 7f 7f 7f 7f 7f 7f 7f 7f 7f  ................
000083f0: 7f 7f 7f 7e 7d 7c 7b 7b 7b 7b 7c 7c 7c 7c 7d 7d  ...~}|{{{{||||}}
00008400: 7d 7e 7e 7f 7f 7f 7f 7f 7f 7f 7f 7f 7f 7f 7f 7e  }~~............~
00008410: 7d 7e 7e 7f 7f 7f 7f fc fb fa f9 f8 f7 f6 f5 f3  }~~.............
00008420: f3 f4 f5 f6 f7 f8 f9 fa fb fd ff 01 03 03 04 05  ................
00008430: 06 09 0c 0f 13 18 1d 23 22 21 20 1e 1d 1c 1b 19  .......#"! .....
00008440: 16 12 0e 0a 06 06 06 06 06 05 04 03 02 01 03 0a  ................
00008450: 12 1a 0f 0a 05 02 ff fc 41 3a 33 35 38 3b 3e 41  ........A:358;>A
00008460: 44 49 4f 55 5b 60 66 6c 72 76 7b 7f 84 89 82 7a  DIOU[`flrv{....z
00008470: 73 6b 66 60 5a 54 62 71 80 78 6f 66 5d 55 4c 43  skf`ZTbq.xof]ULC
00008480: 3a 3e 42 47 4b 50 4f 4e 4c 4b 49 3d 45 4d 55 33  :>BGKPONLKI=EMU3
00008490: 39 3f 46 49 4d 52 4d 47 41 00 01 00 7f 7f 7f 7f  9?FIMRMGA.......
000084a0: 7f 7f 7f 7f 7f 7f 7f 7f 7f 7f 7f 7f 7f 7f 7f 7f  ................
000084b0: 7f 7f 7f 7f 7f 7f 7f 7f 7f 7e 7d 7c 7a 7a 7a 7b  .........~}|zzz{
000084c0: 7b 7b 7c 7c 7d 7d 7d 7e 7e 7f 7f 7f 7f 7f 7f 7f  {{||}}}~~.......
000084d0: 7f 7f 7f 7f 7f 7e 7d 7f 7f 7f 7f 7f 7f fd fd fd  .....~}.........
000084e0: fc fa f8 f6 f4 f2 f3 f4 f5 f6 f7 f8 f9 fb fc fe  ................
000084f0: 00 02 04 04 04 04 03 07 0b 0f 13 18 1d 23 22 21  .............#"!
00008500: 1f 1e 1d 1b 1a 18 15 11 0e 0a 06 06 06 05 05 04  ................
00008510: 05 04 03 02 03 0a 12 1a 0f 0a 05 03 00 fd 33 2e  ..............3.
00008520: 28 2a 2c 2e 30 32 35 39 3e 42 47 4b 50 54 59 5c  (*,.0259>BGKPTY\
00008530: 60 63 67 6b 65 5f 59 53 4f 4a 46 41 4c 58 64 5d  `cgke_YSOJFALXd]
00008540: 56 4f 48 41 3a 33 2c 2f 33 36 3a 3e 3d 3c 3b 3a  VOHA:3,/36:>=<;:
00008550: 39 30 35 3b 41 28 2d 32 37 39 3c 40 3c 38 33 00  905;A(-279<@<83.
00008560: 00 00 7f 7f 7f 7f 7f 7f 7f 7f 7e 7e 7e 7e 7e 7e  ..........~~~~~~
00008570: 7e 7e 7f 7f 7f 7f 7f 7f 7f 7f 7f 7f 7f 7f 7f 7f  ~~..............
00008580: 7f 7f 7f 7f 7f 7f 7f 7f 7f 7f 7f 7f 7f 7f 7f 7f  ................
00008590: 7f 7f 7f 7f 7f 7f 7f 7f 7f 7f 7f 7f 7f 7f 7f 7f  ................
000085a0: 7f 7f 7f f2 f3 f3 f2 f1 f1 f0 ef ee ef f1 f2 f4  ................
000085b0: f5 f7 f8 fa fa fb fb fc fc fc fc fb fb fb fc ff  ................
000085c0: 03 06 0a 0a 09 09 08 08 07 07 06 05 03 02 00 fe  ................
000085d0: ff 00 01 02 03 04 06 ff f8 01 06 0b 0a 09 08 07  ................
000085e0: 05 fb f1 f2 23 25 25 25 26 26 27 27 28 28 28 29  ....#%%%&&''((()
000085f0: 29 29 2a 2a 2b 2d 2f 31 34 31 2e 2b 28 28 28 29  ))**+-/141.+((()
00008600: 2a 2c 2e 30 30 2f 2e 2d 2d 2c 2b 2a 2a 2a 2a 2a  *,.00/.--,+*****
00008610: 2b 2b 2b 2b 2b 2b 2c 26 25 24 2d 2a 26 26 26 27  ++++++,&%$-*&&&'
00008620: 2d 34 2b 22 23 00 1c 00 b0 01 12 00 60 00 48 00  -4+"#.......`.H.
00008630: 85 00 48 00 05 00 0e 00 11 00 0f 00 14 00 10 00  ..H.............
00008640: 3c 00 11 00 80 00 0d 00 f0 00 5f 00 41 00 60 00  <........._.A.`.
00008650: 20 00 58 00 12 00 57 00 60 00 9d 00 00 00 20 00   .X...W.`..... .
00008660: 00 00 21 00 05 00 22 00 65 00 23 00 04 00 24 00  ..!...".e.#...$.
00008670: c0 00 25 00 38 00 26 00 43 00 27 00 9a 00 28 00  ..%.8.&.C.'...(.
00008680: 15 00 29 00 04 00 2a 00 8a 00 2b 00 14 00 2c 00  ..)...*...+...,.
00008690: 00 00 2d 00 00 00 2e 00 14 00 2f 00 44 00 41 00  ..-......./.D.A.
000086a0: c8 00 42 00 3b 00 47 00 42 00 76 00 60 00 77 00  ..B.;.G.B.v.`.w.
000086b0: 09 00 1d 00 00 00 1e 00 04 00 6c 00 50 00 6e 00  ..........l.P.n.
000086c0: 2c 00 70 00 dc 00 71 00 d3 00 72 00 d4 00 73 00  ,.p...q...r...s.
000086d0: 58 00 74 00 02 00 78 00 8b 00 89 00 01 00 6b 00  X.t...x.......k.
000086e0: 20 00 86 00 40 00 31 00 08 00 32 00 27 00 33 00   ...@.1...2.'.3.
000086f0: 60 00 34 00 5e 00 35 00 5e 00 3a 00 af 00 3b 00  `.4.^.5.^.:...;.
00008700: 00 00 3c 00 48 00 3d 00 5b 00 3e 00 ff 00 3f 00  ..<.H.=.[.>...?.
00008710: a8 00 40 00 ff 00 56 00 b2 00 59 00 9e 00 5a 00  ..@...V...Y...Z.
00008720: 04 00 85 00 4d 00 8a 00 04 00 91 00 13 00 9b 00  ....M...........
00008730: 03 00 9c 00 e1 00 a9 00 78 00 5b 00 b0 00 5c 00  ........x.[...\.
00008740: 71 00 5d 00 46 00 5e 00 14 00 62 00 01 00 63 00  q.].F.^...b...c.
00008750: 0f 00 64 00 c0 00 65 00 02 00 67 00 65 00 66 00  ..d...e...g.e.f.
00008760: 04 00 68 00 00 00 69 00 7c 00 6a 00 12 00 7a 00  ..h...i.|.j...z.
00008770: 80 00 82 00 21 00 8f 00 91 00 ae 00 30 00 13 00  ....!.......0...
00008780: 81 00 96 00 04 00 4a 00 05 00 7e 00 cd 00 50 00  ......J...~...P.
00008790: 02 00 49 00 10 00 af 00 12 00 80 00 41 00 7b 00  ..I.........A.{.
000087a0: 4a 00 7c 00 08 00 7f 00 57 00 90 00 00 00 8c 00  J.|.....W.......
000087b0: ff 00 8d 00 c7 00 8e 00 00 00 8b 00 01 00 0c 00  ................
000087c0: 00 00 81 00 74 00 19 00 20 00 46 00 00 00 12 00  ....t... .F.....
000087d0: 20 00 48 00 85 00 48 00 05 00 04 00 00 00 34 2e   .H...H.......4.
000087e0: 30 30 33 5f 4d 49 50 49 30 31 31 39 00 00 37 0f  003_MIPI0119..7.
000087f0: 00 00 e4 07 0c 1f 0d 32 08 01 00 00 00 00 da 87  .......2........
00008800: 00 00 00 00 00 00 00 00 00 00 00 00 00 00 00 00  ................
00008810: 00 00 00 00 00 00 00 00 00 00 00 00 00 00 00 00  ................
00008820: 00 00 00 00 00 00 00 00 00 00 00 00 00 00 00 00  ................
00008830: 00 00 00 00 00 00 00 00 00 00 00 00 00 00 00 00  ................
00008840: 00 00 00 00 00 00 00 00 00 00 00 00 00 00 00 00  ................
00008850: 00 00 00 00 00 00 00 00 00 00 39 2e 35 20 72 65  ..........9.5 re
00008860: 64 75 63 65 20 73 6d 65 61 72 00 00 00 00 00 00  duce smear......
00008870: 00 00 00 00 00 00 00 00 00 00 00 00 00 00 00 00  ................
00008880: 00 00 00 00 00 00 00 00 00 00 00 00 00 00 00 00  ................
00008890: 00 00 00 00 00 00 00 00 00 00 00 00 00 00 00 00  ................
000088a0: 00 00 00 00 00 00 00 00 00 00 00 00 00 00 00 00  ................
000088b0: 00 00 00 00 00 00 00 00 00 00 00 00 00 00 00 00  ................
000088c0: 00 00 00 00 00 00 00 00 00 00 00 00 00 00 00 00  ................
000088d0: 00 00 00 00 00 00 00 00 00 00 00 00 00 00 00 00  ................
000088e0: 00 00 00 00 00 00 00 00 00 00 00 00 00 00 00 00  ................
000088f0: 00 00 00 00 00 00 00 00 00 00 00 00 00 00 00 00  ................
00008900: 00 00 00 00 00 00 00 00 00 00 00 00 00 00 00 00  ................
00008910: 00 00 00 00 00 00 00 00 00 00 00 00 00 00 00 00  ................
00008920: 00 00 00 00 00 00 00 00 00 00 00 00 00 00 00 00  ................
00008930: 00 00 00 00 00 00 00 00 00 00 00 00 00 00 00 00  ................
00008940: 00 00 00 00 00 00 00 00 00 00 00 00 00 00 00 00  ................
00008950: 00 00 00 00 00 00 00 00 00 00 00 00 00 00 00 00  ................
00008960: 00 00 00 00 00 00 00 00 00 00 00 00 00 00 00 00  ................
00008970: 00 00 00 00 00 00 00 00 00 00 00 00 00 00 00 00  ................
00008980: 00 00 00 00 00 00 00 00 00 00 00 00 00 00 00 00  ................
00008990: 00 00 00 00 00 00 00 00 00 00 00 00 00 00 00 00  ................
000089a0: 00 00 00 00 00 00 00 00 00 00 00 00 00 00 00 00  ................
000089b0: 00 00 00 00 00 00 00 00 00 00 00 00 00 00 00 00  ................
000089c0: 00 00 00 00 00 00 00 00 00 00 00 00 00 00 00 00  ................
000089d0: 00 00 00 00 00 00 00 00 00 00 00 00 ba 00 01 00  ................
000089e0: 01 00 44 00 44 00 44 00 44 00 d8 ff d8 ff d8 ff  ..D.D.D.D.......
000089f0: d8 ff 01 00 40 00 40 00 40 00 40 00 ce ff ce ff  ....@.@.@.@.....
00008a00: ce ff ce ff 01 00 40 00 40 00 40 00 40 00 d8 ff  ......@.@.@.@...
00008a10: d8 ff d8 ff d8 ff 01 00 40 00 40 00 40 00 3e 00  ........@.@.@.>.
00008a20: e2 ff e2 ff e2 ff e2 ff 01 00 40 00 40 00 40 00  ..........@.@.@.
00008a30: 40 00 ec ff ec ff ec ff ec ff 01 00 40 00 40 00  @...........@.@.
00008a40: 40 00 40 00 f6 ff f6 ff f6 ff f6 ff 01 00 40 00  @.@...........@.
00008a50: 40 00 40 00 40 00 f6 ff f6 ff f6 ff f6 ff 01 00  @.@.@...........
00008a60: 40 00 40 00 40 00 40 00 f6 ff f6 ff f6 ff f6 ff  @.@.@.@.........
00008a70: 01 00 40 00 40 00 40 00 40 00 f6 ff f6 ff f6 ff  ..@.@.@.@.......
00008a80: f6 ff 01 00 41 00 41 00 41 00 3f 00 dd ff 00 00  ....A.A.A.?.....
00008a90: 00 00 e4 ff 01 00 c0 00 01 00 aa 03 f1 01 0b 00  ................
00008aa0: 00 00 00 00 00 00 08 00 0a 00 0e 00 10 00 10 00  ................
00008ab0: 10 00 10 00 00 01 00 01 00 01 00 01 0a 01 19 01  ................
00008ac0: 33 01 56 01 81 01 ab 01 00 00 00 00 00 00 06 00  3.V.............
00008ad0: 09 00 0b 00 11 00 11 00 11 00 11 00 00 01 00 01  ................
00008ae0: 00 01 00 01 07 01 15 01 17 01 4e 01 78 01 a7 01  ..........N.x...
00008af0: 00 00 00 00 00 00 06 00 09 00 0b 00 11 00 11 00  ................
00008b00: 11 00 11 00 00 01 00 01 00 01 00 01 07 01 15 01  ................
00008b10: 29 01 4e 01 78 01 a7 01 00 00 00 00 00 00 06 00  ).N.x...........
00008b20: 09 00 0b 00 0e 00 0e 00 0e 00 0e 00 00 01 00 01  ................
00008b30: 00 01 00 01 07 01 15 01 29 01 47 01 6a 01 91 01  ........).G.j...
00008b40: 00 00 2f 00 57 00 93 00 e3 00 47 01 bf 01 4b 02  ../.W.....G...K.
00008b50: eb 02 9f 03 02 00 6c 03 00 00 08 00 10 00 18 00  ......l.........
00008b60: 20 00 28 00 30 00 38 00 40 00 48 00 50 00 58 00   .(.0.8.@.H.P.X.
00008b70: 60 00 68 00 70 00 78 00 80 00 88 00 90 00 98 00  `.h.p.x.........
00008b80: a0 00 a8 00 b0 00 b8 00 c0 00 c8 00 d0 00 d8 00  ................
00008b90: e0 00 e8 00 f0 00 f8 00 00 01 08 01 10 01 18 01  ................
00008ba0: 20 01 28 01 30 01 38 01 40 01 48 01 50 01 58 01   .(.0.8.@.H.P.X.
00008bb0: 60 01 68 01 70 01 78 01 80 01 88 01 90 01 98 01  `.h.p.x.........
00008bc0: a0 01 a8 01 b0 01 b8 01 c0 01 c8 01 d0 01 d8 01  ................
00008bd0: e0 01 e8 01 f0 01 f8 01 00 02 08 02 10 02 18 02  ................
00008be0: 20 02 28 02 30 02 38 02 40 02 48 02 50 02 58 02   .(.0.8.@.H.P.X.
00008bf0: 60 02 68 02 70 02 78 02 80 02 88 02 90 02 98 02  `.h.p.x.........
00008c00: a0 02 a8 02 b0 02 b8 02 c0 02 c8 02 d0 02 d8 02  ................
00008c10: e0 02 e8 02 f0 02 f8 02 00 03 08 03 10 03 18 03  ................
00008c20: 20 03 28 03 30 03 38 03 40 03 48 03 50 03 58 03   .(.0.8.@.H.P.X.
00008c30: 60 03 68 03 70 03 78 03 80 03 88 03 90 03 98 03  `.h.p.x.........
00008c40: a0 03 a8 03 b0 03 b8 03 c0 03 c8 03 d0 03 d8 03  ................
00008c50: e0 03 e8 03 f0 03 f8 03 ff 03 00 00 08 00 10 00  ................
00008c60: 18 00 20 00 28 00 30 00 38 00 40 00 48 00 50 00  .. .(.0.8.@.H.P.
00008c70: 58 00 60 00 68 00 70 00 78 00 80 00 88 00 90 00  X.`.h.p.x.......
00008c80: 98 00 a0 00 a8 00 b0 00 b8 00 c0 00 c8 00 d0 00  ................
00008c90: d8 00 e0 00 e8 00 f0 00 f8 00 00 01 08 01 10 01  ................
00008ca0: 18 01 20 01 28 01 30 01 38 01 40 01 48 01 50 01  .. .(.0.8.@.H.P.
00008cb0: 58 01 60 01 68 01 70 01 78 01 80 01 88 01 90 01  X.`.h.p.x.......
00008cc0: 98 01 a0 01 a8 01 b0 01 b8 01 c0 01 c8 01 d0 01  ................
00008cd0: d8 01 e0 01 e8 01 f0 01 f8 01 00 02 08 02 10 02  ................
00008ce0: 18 02 20 02 28 02 30 02 38 02 40 02 48 02 50 02  .. .(.0.8.@.H.P.
00008cf0: 58 02 60 02 68 02 70 02 78 02 80 02 88 02 90 02  X.`.h.p.x.......
00008d00: 98 02 a0 02 a8 02 b0 02 b8 02 c0 02 c8 02 d0 02  ................
00008d10: d8 02 e0 02 e8 02 f0 02 f8 02 00 03 08 03 10 03  ................
00008d20: 18 03 20 03 28 03 30 03 38 03 40 03 48 03 50 03  .. .(.0.8.@.H.P.
00008d30: 58 03 60 03 68 03 70 03 78 03 80 03 88 03 90 03  X.`.h.p.x.......
00008d40: 98 03 a0 03 a8 03 b0 03 b8 03 c0 03 c8 03 d0 03  ................
00008d50: d8 03 e0 03 e8 03 f0 03 f8 03 ff 03 00 00 08 00  ................
00008d60: 10 00 18 00 20 00 28 00 30 00 38 00 40 00 48 00  .... .(.0.8.@.H.
00008d70: 50 00 58 00 60 00 68 00 70 00 78 00 80 00 88 00  P.X.`.h.p.x.....
00008d80: 90 00 98 00 a0 00 a8 00 b0 00 b8 00 c0 00 c8 00  ................
00008d90: d0 00 d8 00 e0 00 e8 00 f0 00 f8 00 00 01 08 01  ................
00008da0: 10 01 18 01 20 01 28 01 30 01 38 01 40 01 48 01  .... .(.0.8.@.H.
00008db0: 50 01 58 01 60 01 68 01 70 01 78 01 80 01 88 01  P.X.`.h.p.x.....
00008dc0: 90 01 98 01 a0 01 a8 01 b0 01 b8 01 c0 01 c8 01  ................
00008dd0: d0 01 d8 01 e0 01 e8 01 f0 01 f8 01 00 02 08 02  ................
00008de0: 10 02 18 02 20 02 28 02 30 02 38 02 40 02 48 02  .... .(.0.8.@.H.
00008df0: 50 02 58 02 60 02 68 02 70 02 78 02 80 02 88 02  P.X.`.h.p.x.....
00008e00: 90 02 98 02 a0 02 a8 02 b0 02 b8 02 c0 02 c8 02  ................
00008e10: d0 02 d8 02 e0 02 e8 02 f0 02 f8 02 00 03 08 03  ................
00008e20: 10 03 18 03 20 03 28 03 30 03 38 03 40 03 48 03  .... .(.0.8.@.H.
00008e30: 50 03 58 03 60 03 68 03 70 03 78 03 80 03 88 03  P.X.`.h.p.x.....
00008e40: 90 03 98 03 a0 03 a8 03 b0 03 b8 03 c0 03 c8 03  ................
00008e50: d0 03 d8 03 e0 03 e8 03 f0 03 f8 03 ff 03 00 00  ................
00008e60: 80 00 00 00 00 00 00 00 00 00 00 00 00 00 00 00  ................
00008e70: 00 00 00 00 00 00 00 00 00 00 00 00 00 00 00 00  ................
00008e80: 80 00 00 00 00 00 00 00 00 00 00 00 00 00 00 00  ................
00008e90: 00 00 00 00 00 00 00 00 00 00 00 00 00 00 00 00  ................
00008ea0: 80 00 00 00 00 00 00 00 00 00 00 00 00 00 00 00  ................
00008eb0: 00 00 00 00 00 00 00 00 00 00 00 00 00 00 00 00  ................
00008ec0: 03 00 dc 08 01 00 00 00 ff 03 4f 00 00 00 00 00  ..........O.....
00008ed0: 00 00 00 00 00 00 00 00 00 00 00 00 00 00 00 00  ................
00008ee0: 00 00 00 00 00 00 00 00 00 00 ff 03 4f 00 00 00  ............O...
00008ef0: 00 00 00 00 00 00 00 00 00 00 00 00 00 00 00 00  ................
00008f00: 00 00 00 00 00 00 00 00 00 00 00 00 ff 03 4f 00  ..............O.
00008f10: 00 00 00 00 00 00 00 00 00 00 00 00 00 00 00 00  ................
00008f20: 00 00 00 00 00 00 00 00 00 00 00 00 00 00 04 00  ................
00008f30: 00 00 40 00 80 00 c0 00 00 01 40 01 80 01 c0 01  ..@.......@.....
00008f40: 00 02 40 02 80 02 c0 02 00 03 40 03 80 03 c0 03  ..@.......@.....
00008f50: ff 03 00 00 02 00 04 00 06 00 08 00 0a 00 0c 00  ................
00008f60: 0e 00 10 00 00 00 00 00 00 00 00 00 00 00 00 00  ................
00008f70: 00 00 64 00 64 00 64 00 00 00 ff 03 00 00 00 00  ..d.d.d.........
00008f80: 00 00 00 00 00 00 00 00 00 00 00 00 00 00 00 00  ................
00008f90: 00 00 00 00 00 00 00 00 00 00 00 00 ff 03 00 00  ................
00008fa0: 00 00 00 00 00 00 00 00 00 00 00 00 00 00 00 00  ................
00008fb0: 00 00 00 00 00 00 00 00 00 00 00 00 00 00 ff 03  ................
00008fc0: 00 00 00 00 00 00 00 00 00 00 00 00 00 00 00 00  ................
00008fd0: 00 00 00 00 00 00 00 00 00 00 00 00 00 00 00 00  ................
00008fe0: 06 00 00 00 90 00 13 01 87 01 ec 01 44 02 8e 02  ............D...
00008ff0: ce 02 04 03 33 03 5b 03 7f 03 9e 03 b9 03 d2 03  ....3.[.........
00009000: e9 03 ff 03 00 00 01 00 05 00 08 00 10 00 00 00  ................
00009010: 00 00 00 00 00 00 00 00 00 00 00 00 00 00 00 00  ................
00009020: 00 00 00 00 0a 00 0a 00 0a 00 01 00 ff 03 00 00  ................
00009030: 00 00 00 00 00 00 00 00 00 00 00 00 00 00 00 00  ................
00009040: 00 00 00 00 00 00 00 00 00 00 00 00 00 00 ff 03  ................
00009050: 00 00 00 00 00 00 00 00 00 00 00 00 00 00 00 00  ................
00009060: 00 00 00 00 00 00 00 00 00 00 00 00 00 00 00 00  ................
00009070: ff 03 00 00 00 00 00 00 00 00 00 00 00 00 00 00  ................
00009080: 00 00 00 00 00 00 00 00 00 00 00 00 00 00 00 00  ................
00009090: 00 00 06 00 00 00 89 00 0d 01 88 01 f5 01 50 02  ..............P.
000090a0: 95 02 c9 02 f1 02 14 03 35 03 57 03 79 03 9a 03  ........5.W.y...
000090b0: bc 03 de 03 ff 03 00 00 05 00 09 00 10 00 00 00  ................
000090c0: 00 00 00 00 00 00 00 00 00 00 00 00 00 00 00 00  ................
000090d0: 00 00 00 00 00 00 14 00 14 00 14 00 01 00 ff 03  ................
000090e0: 0e 00 00 00 00 00 00 00 00 00 00 00 00 00 00 00  ................
000090f0: 00 00 00 00 00 00 00 00 00 00 00 00 00 00 00 00  ................
00009100: ff 03 0e 00 00 00 00 00 00 00 00 00 00 00 00 00  ................
00009110: 00 00 00 00 00 00 00 00 00 00 00 00 00 00 00 00  ................
00009120: 00 00 ff 03 0e 00 00 00 00 00 00 00 00 00 00 00  ................
00009130: 00 00 00 00 00 00 00 00 00 00 00 00 00 00 00 00  ................
00009140: 00 00 00 00 06 00 00 00 78 00 e3 00 41 01 92 01  ........x...A...
00009150: d8 01 17 02 4e 02 81 02 b1 02 e0 02 0f 03 3e 03  ....N.........>.
00009160: 6e 03 9e 03 cf 03 ff 03 00 00 01 00 0a 00 10 00  n...............
00009170: 00 00 00 00 00 00 00 00 00 00 00 00 00 00 00 00  ................
00009180: 00 00 00 00 00 00 00 00 3c 00 3c 00 3c 00 01 00  ........<.<.<...
00009190: ff 03 65 02 84 00 0a 00 00 00 00 00 00 00 00 00  ..e.............
000091a0: 00 00 00 00 00 00 00 00 00 00 00 00 00 00 00 00  ................
000091b0: 00 00 ff 03 65 02 84 00 0a 00 00 00 00 00 00 00  ....e...........
000091c0: 00 00 00 00 00 00 00 00 00 00 00 00 00 00 00 00  ................
000091d0: 00 00 00 00 ff 03 65 02 84 00 0a 00 00 00 00 00  ......e.........
000091e0: 00 00 00 00 00 00 00 00 00 00 00 00 00 00 00 00  ................
000091f0: 00 00 00 00 00 00 04 00 00 00 40 00 80 00 c0 00  ..........@.....
00009200: 00 01 40 01 80 01 c0 01 00 02 40 02 80 02 c0 02  ..@.......@.....
00009210: 00 03 40 03 80 03 c0 03 ff 03 00 00 10 00 00 00  ..@.............
00009220: 00 00 00 00 00 00 00 00 00 00 00 00 00 00 00 00  ................
00009230: 00 00 00 00 00 00 00 00 00 00 f4 01 f4 01 f4 01  ................
00009240: 01 00 ff 03 e7 02 1c 01 39 00 06 00 00 00 00 00  ........9.......
00009250: 00 00 00 00 00 00 00 00 00 00 00 00 00 00 00 00  ................
00009260: 00 00 00 00 ff 03 e7 02 1c 01 39 00 06 00 00 00  ..........9.....
00009270: 00 00 00 00 00 00 00 00 00 00 00 00 00 00 00 00  ................
00009280: 00 00 00 00 00 00 ff 03 e7 02 1c 01 39 00 06 00  ............9...
00009290: 00 00 00 00 00 00 00 00 00 00 00 00 00 00 00 00  ................
000092a0: 00 00 00 00 00 00 00 00 04 00 00 00 20 00 53 00  ............ .S.
000092b0: 94 00 dd 00 25 01 6c 01 b1 01 f5 01 39 02 7b 02  ....%.l.....9.{.
000092c0: bd 02 fe 02 3f 03 7f 03 c0 03 ff 03 00 00 01 00  ....?...........
000092d0: 03 00 10 00 00 00 00 00 00 00 00 00 00 00 00 00  ................
000092e0: 00 00 00 00 00 00 00 00 00 00 00 00 20 03 20 03  ............ . .
000092f0: 20 03 01 00 ff 03 18 03 6f 01 66 00 11 00 01 00   .......o.f.....
00009300: 00 00 00 00 00 00 00 00 00 00 00 00 00 00 00 00  ................
00009310: 00 00 00 00 00 00 ff 03 18 03 6f 01 66 00 11 00  ..........o.f...
00009320: 01 00 00 00 00 00 00 00 00 00 00 00 00 00 00 00  ................
00009330: 00 00 00 00 00 00 00 00 ff 03 18 03 6f 01 66 00  ............o.f.
00009340: 11 00 01 00 00 00 00 00 00 00 00 00 00 00 00 00  ................
00009350: 00 00 00 00 00 00 00 00 00 00 04 00 00 00 13 00  ................
00009360: 34 00 74 00 c4 00 15 01 63 01 ae 01 f6 01 3c 02  4.t.....c.....<.
00009370: 81 02 c3 02 04 03 44 03 83 03 c1 03 ff 03 00 00  ......D.........
00009380: 01 00 04 00 10 00 00 00 00 00 00 00 00 00 00 00  ................
00009390: 00 00 00 00 00 00 00 00 00 00 00 00 00 00 e8 03  ................
000093a0: e8 03 e8 03 00 00 ff 03 1b 02 4f 00 03 00 00 00  ..........O.....
000093b0: 00 00 00 00 00 00 00 00 00 00 00 00 00 00 00 00  ................
000093c0: 00 00 00 00 00 00 00 00 ff 03 1b 02 4f 00 03 00  ............O...
000093d0: 00 00 00 00 00 00 00 00 00 00 00 00 00 00 00 00  ................
000093e0: 00 00 00 00 00 00 00 00 00 00 ff 03 1b 02 4f 00  ..............O.
000093f0: 03 00 00 00 00 00 00 00 00 00 00 00 00 00 00 00  ................
00009400: 00 00 00 00 00 00 00 00 00 00 00 00 04 00 00 00  ................
00009410: 60 00 ba 00 0e 01 5b 01 a4 01 e8 01 29 02 66 02  `.....[.....).f.
00009420: a0 02 d7 02 0c 03 3f 03 71 03 a1 03 d0 03 ff 03  ......?.q.......
00009430: 00 00 01 00 05 00 10 00 00 00 00 00 00 00 00 00  ................
00009440: 00 00 00 00 00 00 00 00 00 00 00 00 00 00 00 00  ................
00009450: 90 01 90 01 90 01 00 00 ff 03 e7 02 1c 01 39 00  ..............9.
00009460: 06 00 00 00 00 00 00 00 00 00 00 00 00 00 00 00  ................
00009470: 00 00 00 00 00 00 00 00 00 00 ff 03 e7 02 1c 01  ................
00009480: 39 00 06 00 00 00 00 00 00 00 00 00 00 00 00 00  9...............
00009490: 00 00 00 00 00 00 00 00 00 00 00 00 ff 03 e7 02  ................
000094a0: 1c 01 39 00 06 00 00 00 00 00 00 00 00 00 00 00  ..9.............
000094b0: 00 00 00 00 00 00 00 00 00 00 00 00 00 00 04 00  ................
000094c0: 00 00 60 00 bc 00 10 01 5a 01 9c 01 d7 01 10 02  ..`.....Z.......
000094d0: 48 02 7f 02 b7 02 ee 02 25 03 5c 03 92 03 c9 03  H.......%.\.....
000094e0: ff 03 00 00 03 00 07 00 10 00 00 00 00 00 00 00  ................
000094f0: 00 00 00 00 00 00 00 00 00 00 00 00 00 00 00 00  ................
00009500: 00 00 20 03 20 03 20 03 01 00 ff 03 b4 01 21 00  .. . . .......!.
00009510: 00 00 00 00 00 00 00 00 00 00 00 00 00 00 00 00  ................
00009520: 00 00 00 00 00 00 00 00 00 00 00 00 ff 03 b4 01  ................
00009530: 21 00 00 00 00 00 00 00 00 00 00 00 00 00 00 00  !...............
00009540: 00 00 00 00 00 00 00 00 00 00 00 00 00 00 ff 03  ................
00009550: b4 01 21 00 00 00 00 00 00 00 00 00 00 00 00 00  ..!.............
00009560: 00 00 00 00 00 00 00 00 00 00 00 00 00 00 00 00  ................
00009570: 05 00 00 00 40 00 80 00 c0 00 00 01 40 01 80 01  ....@.......@...
00009580: c0 01 00 02 40 02 80 02 c0 02 00 03 40 03 80 03  ....@.......@...
00009590: c0 03 ff 03 00 00 02 00 04 00 06 00 08 00 0a 00  ................
000095a0: 0c 00 0e 00 10 00 00 00 00 00 00 00 00 00 00 00  ................
000095b0: 00 00 00 00 2c 01 2c 01 2c 01 01 00 01 00 ff 03  ....,.,.,.......
000095c0: 4f 00 00 00 00 00 00 00 00 00 00 00 00 00 00 00  O...............
000095d0: 00 00 00 00 00 00 00 00 00 00 00 00 00 00 00 00  ................
000095e0: 06 00 64 00 00 00 00 00 00 00 00 00 01 00 ff 03  ..d.............
000095f0: 00 00 00 00 00 00 00 00 00 00 00 00 00 00 00 00  ................
00009600: 00 00 00 00 00 00 00 00 00 00 00 00 00 00 00 00  ................
00009610: 06 00 14 00 00 00 00 00 00 00 00 00 01 00 ff 03  ................
00009620: 06 00 00 00 00 00 00 00 00 00 00 00 00 00 00 00  ................
00009630: 00 00 00 00 00 00 00 00 00 00 00 00 00 00 00 00  ................
00009640: 06 00 32 00 00 00 00 00 00 00 00 00 01 00 ff 03  ..2.............
00009650: b4 01 21 00 00 00 00 00 00 00 00 00 00 00 00 00  ..!.............
00009660: 00 00 00 00 00 00 00 00 00 00 00 00 00 00 00 00  ................
00009670: 06 00 2c 01 00 00 2d 00 01 00 00 00 01 00 ff 03  ..,...-.........
00009680: e7 02 1c 01 39 00 06 00 00 00 00 00 00 00 00 00  ....9...........
00009690: 00 00 00 00 00 00 00 00 00 00 00 00 00 00 00 00  ................
000096a0: 04 00 20 03 01 00 2d 00 01 00 00 00 01 00 ff 03  .. ...-.........
000096b0: 84 03 65 02 43 01 84 00 29 00 0a 00 01 00 00 00  ..e.C...).......
000096c0: 00 00 00 00 00 00 00 00 00 00 00 00 00 00 00 00  ................
000096d0: 04 00 d0 07 01 00 23 00 01 00 00 00 01 00 ff 03  ......#.........
000096e0: cc 03 42 03 85 02 c3 01 1c 01 a2 00 53 00 26 00  ..B.........S.&.
000096f0: 10 00 06 00 02 00 00 00 00 00 00 00 00 00 00 00  ................
00009700: 04 00 88 13 01 00 23 00 01 00 00 00 01 00 ff 03  ......#.........
00009710: 1b 02 4f 00 03 00 00 00 00 00 00 00 00 00 00 00  ..O.............
00009720: 00 00 00 00 00 00 00 00 00 00 00 00 00 00 00 00  ................
00009730: 04 00 90 01 00 00 00 00 00 00 00 00 01 00 ff 03  ................
00009740: 18 03 6f 01 66 00 11 00 01 00 00 00 00 00 00 00  ..o.f...........
00009750: 00 00 00 00 00 00 00 00 00 00 00 00 00 00 00 00  ................
00009760: 02 00 e8 03 00 00 00 00 00 00 00 00 01 00 ff 03  ................
00009770: 65 02 84 00 0a 00 00 00 00 00 00 00 00 00 00 00  e...............
00009780: 00 00 00 00 00 00 00 00 00 00 00 00 00 00 00 00  ................
00009790: 04 00 f4 01 00 00 00 00 00 00 00 00 04 00 68 04  ..............h.
000097a0: 01 00 00 00 01 00 00 00 00 00 01 00 01 00 02 00  ................
000097b0: 00 00 01 00 01 00 08 00 08 00 54 00 01 00 e0 15  ..........T.....
000097c0: 90 1a 40 00 20 00 00 00 08 00 14 00 ff 03 fb 03  ..@. ...........
000097d0: ee 03 d9 03 bc 03 98 03 6e 03 3e 03 0b 03 d4 02  ........n.>.....
000097e0: 9c 02 63 02 29 02 f1 01 bb 01 88 01 57 01 60 ea  ..c.).......W.`.
000097f0: 01 00 00 00 0f 00 20 00 40 00 00 00 0c 00 03 00  ...... .@.......
00009800: e0 15 90 1a 30 00 20 00 00 00 08 00 14 00 00 00  ....0. .........
00009810: 64 00 00 00 00 00 01 00 01 00 01 00 01 00 02 00  d...............
00009820: 00 00 01 00 01 00 08 00 08 00 50 00 02 00 dc 05  ..........P.....
00009830: f0 0a 18 00 0c 00 00 00 08 00 00 00 ff 03 18 03  ................
00009840: 6f 01 66 00 11 00 01 00 00 00 00 00 00 00 00 00  o.f.............
00009850: 00 00 00 00 00 00 00 00 00 00 00 00 00 00 e8 03  ................
00009860: 02 00 00 00 0b 00 10 00 20 00 00 00 0c 00 02 00  ........ .......
00009870: dc 05 f0 0a 18 00 0c 00 00 00 08 00 14 00 00 00  ................
00009880: 64 00 00 00 00 00 01 00 01 00 01 00 01 00 02 00  d...............
00009890: 00 00 01 00 01 00 08 00 08 00 7f 00 01 00 dc 05  ................
000098a0: b8 0b 20 00 10 00 00 00 08 00 00 00 ff 03 cc 03  .. .............
000098b0: 42 03 85 02 c3 01 1c 01 a2 00 53 00 26 00 10 00  B.........S.&...
000098c0: 06 00 02 00 00 00 00 00 00 00 00 00 00 00 88 13  ................
000098d0: 02 00 00 00 0d 00 20 00 40 00 00 00 0c 00 01 00  ...... .@.......
000098e0: dc 05 b8 0b 20 00 10 00 00 00 08 00 14 00 00 00  .... ...........
000098f0: 64 00 00 00 00 00 01 00 01 00 01 00 01 00 02 00  d...............
00009900: 00 00 01 00 01 00 08 00 08 00 7f 00 02 00 d0 07  ................
00009910: b8 0b 30 00 20 00 00 00 08 00 00 00 ff 03 f9 03  ..0. ...........
00009920: e6 03 c6 03 9c 03 68 03 2d 03 ec 02 a7 02 61 02  ......h.-.....a.
00009930: 1b 02 d8 01 97 01 5b 01 24 01 f2 00 c6 00 40 9c  ......[.$.....@.
00009940: 02 00 00 00 0f 00 20 00 40 00 00 00 0c 00 02 00  ...... .@.......
00009950: d0 07 b8 0b 30 00 20 00 00 00 08 00 14 00 00 00  ....0. .........
00009960: 64 00 00 00 00 00 01 00 01 00 01 00 01 00 02 00  d...............
00009970: 00 00 01 00 01 00 08 00 08 00 7f 00 01 00 c4 09  ................
00009980: d8 0e 40 00 20 00 00 00 08 00 14 00 ff 03 f9 03  ..@. ...........
00009990: e6 03 c6 03 9c 03 68 03 2d 03 ec 02 a7 02 61 02  ......h.-.....a.
000099a0: 1b 02 d8 01 97 01 5b 01 24 01 f2 00 c6 00 40 9c  ......[.$.....@.
000099b0: 02 00 00 00 0f 00 20 00 40 00 00 00 0c 00 01 00  ...... .@.......
000099c0: c4 09 d8 0e 40 00 20 00 00 00 08 00 14 00 00 00  ....@. .........
000099d0: 64 00 00 00 00 00 01 00 01 00 01 00 01 00 02 00  d...............
000099e0: 00 00 01 00 01 00 08 00 08 00 7f 00 01 00 c4 09  ................
000099f0: d8 0e 40 00 30 00 00 00 08 00 14 00 ff 03 fa 03  ..@.0...........
00009a00: eb 03 d1 03 af 03 84 03 53 03 1c 03 e1 02 a4 02  ........S.......
00009a10: 65 02 27 02 e9 01 af 01 77 01 43 01 14 01 50 c3  e.'.....w.C...P.
00009a20: 02 00 00 00 0f 00 20 00 40 00 00 00 0c 00 01 00  ...... .@.......
00009a30: c4 09 d8 0e 40 00 30 00 00 00 08 00 40 00 00 00  ....@.0.....@...
00009a40: 64 00 00 00 01 00 01 00 01 00 01 00 01 00 02 00  d...............
00009a50: 00 00 01 00 01 00 08 00 08 00 7e 00 02 00 10 0e  ..........~.....
00009a60: c0 12 40 00 30 00 00 00 08 00 14 00 ff 03 fb 03  ..@.0...........
00009a70: f0 03 dc 03 c1 03 a0 03 79 03 4d 03 1c 03 e9 02  ........y.M.....
00009a80: b3 02 7d 02 46 02 0f 02 da 01 a7 01 77 01 14 ff  ..}.F.......w...
00009a90: 02 00 00 00 0f 00 40 00 60 00 00 00 08 00 02 00  ......@.`.......
00009aa0: 10 0e c0 12 40 00 30 00 00 00 08 00 40 00 00 00  ....@.0.....@...
00009ab0: 64 00 00 00 01 00 01 00 01 00 01 00 01 00 02 00  d...............
00009ac0: 00 00 01 00 01 00 08 00 08 00 7f 00 01 00 70 17  ..............p.
00009ad0: 4c 1d 40 00 30 00 00 00 08 00 14 00 ff 03 f9 03  L.@.0...........
00009ae0: e6 03 c6 03 9c 03 68 03 2d 03 ec 02 a7 02 61 02  ......h.-.....a.
00009af0: 1b 02 d8 01 97 01 5b 01 24 01 f2 00 c6 00 40 9c  ......[.$.....@.
00009b00: 01 00 00 00 0f 00 20 00 40 00 00 00 0c 00 01 00  ...... .@.......
00009b10: 70 17 4c 1d 40 00 20 00 00 00 08 00 40 00 00 00  p.L.@. .....@...
00009b20: 64 00 00 00 01 00 01 00 01 00 01 00 01 00 02 00  d...............
00009b30: 00 00 01 00 01 00 08 00 08 00 78 00 01 00 40 1f  ..........x...@.
00009b40: 10 27 40 00 20 00 00 00 08 00 14 00 ff 03 f9 03  .'@. ...........
00009b50: e6 03 c6 03 9c 03 68 03 2d 03 ec 02 a7 02 61 02  ......h.-.....a.
00009b60: 1b 02 d8 01 97 01 5b 01 24 01 f2 00 c6 00 40 9c  ......[.$.....@.
00009b70: 01 00 00 00 0f 00 10 00 78 00 10 00 0c 00 01 00  ........x.......
00009b80: 40 1f 10 27 40 00 20 00 00 00 08 00 40 00 00 00  @..'@. .....@...
00009b90: 64 00 00 00 01 00 01 00 01 00 01 00 01 00 01 00  d...............
00009ba0: 00 00 01 00 01 00 08 00 08 00 78 00 04 00 e8 03  ..........x.....
00009bb0: d0 07 20 00 18 00 00 00 08 00 28 00 ff 03 18 03  .. .......(.....
00009bc0: 6f 01 66 00 11 00 01 00 00 00 00 00 00 00 00 00  o.f.............
00009bd0: 00 00 00 00 00 00 00 00 00 00 00 00 00 00 e8 03  ................
00009be0: 02 00 00 00 0b 00 08 00 7e 00 00 00 04 00 04 00  ........~.......
00009bf0: e8 03 d0 07 20 00 18 00 00 00 08 00 28 00 00 00  .... .......(...
00009c00: 96 00 00 00 05 00 56 00 00 00 00 00 14 00 0c 00  ......V.........
00009c10: 1e 00 01 00 14 00 04 00 78 00 01 00 14 00 04 00  ........x.......
00009c20: 78 00 01 00 14 00 0c 00 1e 00 01 00 14 00 0c 00  x...............
00009c30: 1e 00 01 00 14 00 04 00 78 00 01 00 14 00 04 00  ........x.......
00009c40: 78 00 01 00 14 00 04 00 78 00 01 00 14 00 04 00  x.......x.......
00009c50: 78 00 01 00 14 00 04 00 78 00 06 00 16 00 dc 00  x.......x.......
00009c60: 00 00 00 00 37 00 3c 00 40 00 40 00 40 00 40 00  ....7.<.@.@.@.@.
00009c70: 07 00 6c 03 00 00 1b 00 34 00 4c 00 62 00 78 00  ..l.....4.L.b.x.
00009c80: 8c 00 a1 00 b5 00 c9 00 dd 00 f0 00 03 01 15 01  ................
00009c90: 27 01 38 01 49 01 58 01 68 01 76 01 84 01 92 01  '.8.I.X.h.v.....
00009ca0: 9e 01 ab 01 b7 01 c2 01 cd 01 d7 01 e2 01 eb 01  ................
00009cb0: f5 01 fe 01 07 02 0f 02 18 02 20 02 28 02 30 02  .......... .(.0.
00009cc0: 37 02 3f 02 46 02 4d 02 54 02 5b 02 62 02 68 02  7.?.F.M.T.[.b.h.
00009cd0: 6f 02 75 02 7b 02 81 02 87 02 8c 02 92 02 98 02  o.u.{...........
00009ce0: 9d 02 a2 02 a8 02 ad 02 b2 02 b7 02 bb 02 c0 02  ................
00009cf0: c5 02 ca 02 ce 02 d3 02 d7 02 db 02 e0 02 e4 02  ................
00009d00: e8 02 ed 02 f1 02 f5 02 f9 02 fd 02 01 03 05 03  ................
00009d10: 09 03 0d 03 11 03 16 03 1a 03 1e 03 22 03 26 03  ............".&.
00009d20: 2a 03 2e 03 32 03 36 03 3a 03 3f 03 43 03 47 03  *...2.6.:.?.C.G.
00009d30: 4c 03 50 03 54 03 59 03 5e 03 62 03 67 03 6c 03  L.P.T.Y.^.b.g.l.
00009d40: 70 03 75 03 7a 03 7f 03 85 03 8a 03 8f 03 94 03  p.u.z...........
00009d50: 9a 03 9f 03 a4 03 aa 03 af 03 b5 03 bb 03 c0 03  ................
00009d60: c6 03 cc 03 d1 03 d7 03 dd 03 e3 03 e8 03 ee 03  ................
00009d70: f4 03 fa 03 ff 03 00 00 1b 00 34 00 4c 00 62 00  ..........4.L.b.
00009d80: 78 00 8c 00 a1 00 b5 00 c9 00 dd 00 f0 00 03 01  x...............
00009d90: 15 01 27 01 38 01 49 01 58 01 68 01 76 01 84 01  ..'.8.I.X.h.v...
00009da0: 92 01 9e 01 ab 01 b7 01 c2 01 cd 01 d7 01 e2 01  ................
00009db0: eb 01 f5 01 fe 01 07 02 0f 02 18 02 20 02 28 02  ............ .(.
00009dc0: 30 02 37 02 3f 02 46 02 4d 02 54 02 5b 02 62 02  0.7.?.F.M.T.[.b.
00009dd0: 68 02 6f 02 75 02 7b 02 81 02 87 02 8c 02 92 02  h.o.u.{.........
00009de0: 98 02 9d 02 a2 02 a8 02 ad 02 b2 02 b7 02 bb 02  ................
00009df0: c0 02 c5 02 ca 02 ce 02 d3 02 d7 02 db 02 e0 02  ................
00009e00: e4 02 e8 02 ed 02 f1 02 f5 02 f9 02 fd 02 01 03  ................
00009e10: 05 03 09 03 0d 03 11 03 16 03 1a 03 1e 03 22 03  ..............".
00009e20: 26 03 2a 03 2e 03 32 03 36 03 3a 03 3f 03 43 03  &.*...2.6.:.?.C.
00009e30: 47 03 4c 03 50 03 54 03 59 03 5e 03 62 03 67 03  G.L.P.T.Y.^.b.g.
00009e40: 6c 03 70 03 75 03 7a 03 7f 03 85 03 8a 03 8f 03  l.p.u.z.........
00009e50: 94 03 9a 03 9f 03 a4 03 aa 03 af 03 b5 03 bb 03  ................
00009e60: c0 03 c6 03 cc 03 d1 03 d7 03 dd 03 e3 03 e8 03  ................
00009e70: ee 03 f4 03 fa 03 ff 03 00 00 1b 00 34 00 4c 00  ............4.L.
00009e80: 62 00 78 00 8c 00 a1 00 b5 00 c9 00 dd 00 f0 00  b.x.............
00009e90: 03 01 15 01 27 01 38 01 49 01 58 01 68 01 76 01  ....'.8.I.X.h.v.
00009ea0: 84 01 92 01 9e 01 ab 01 b7 01 c2 01 cd 01 d7 01  ................
00009eb0: e2 01 eb 01 f5 01 fe 01 07 02 0f 02 18 02 20 02  .............. .
00009ec0: 28 02 30 02 37 02 3f 02 46 02 4d 02 54 02 5b 02  (.0.7.?.F.M.T.[.
00009ed0: 62 02 68 02 6f 02 75 02 7b 02 81 02 87 02 8c 02  b.h.o.u.{.......
00009ee0: 92 02 98 02 9d 02 a2 02 a8 02 ad 02 b2 02 b7 02  ................
00009ef0: bb 02 c0 02 c5 02 ca 02 ce 02 d3 02 d7 02 db 02  ................
00009f00: e0 02 e4 02 e8 02 ed 02 f1 02 f5 02 f9 02 fd 02  ................
00009f10: 01 03 05 03 09 03 0d 03 11 03 16 03 1a 03 1e 03  ................
00009f20: 22 03 26 03 2a 03 2e 03 32 03 36 03 3a 03 3f 03  ".&.*...2.6.:.?.
00009f30: 43 03 47 03 4c 03 50 03 54 03 59 03 5e 03 62 03  C.G.L.P.T.Y.^.b.
00009f40: 67 03 6c 03 70 03 75 03 7a 03 7f 03 85 03 8a 03  g.l.p.u.z.......
00009f50: 8f 03 94 03 9a 03 9f 03 a4 03 aa 03 af 03 b5 03  ................
00009f60: bb 03 c0 03 c6 03 cc 03 d1 03 d7 03 dd 03 e3 03  ................
00009f70: e8 03 ee 03 f4 03 fa 03 ff 03 00 00 02 00 06 00  ................
00009f80: 0f 00 23 00 44 00 65 00 80 00 00 00 00 00 00 00  ..#.D.e.........
00009f90: 00 00 00 00 00 00 00 00 00 00 00 00 02 00 06 00  ................
00009fa0: 0f 00 23 00 44 00 65 00 80 00 00 00 00 00 00 00  ..#.D.e.........
00009fb0: 00 00 00 00 00 00 00 00 00 00 00 00 02 00 06 00  ................
00009fc0: 0f 00 23 00 44 00 65 00 80 00 00 00 00 00 00 00  ..#.D.e.........
00009fd0: 00 00 00 00 00 00 00 00 00 00 01 00 08 00 88 00  ................
00009fe0: 00 00 00 00 00 00 ff 00 00 00 00 01 00 00 00 00  ................
00009ff0: 00 00 00 01 00 00 00 00 00 00 00 01 01 00 00 00  ................
0000a000: ff 00 00 00 2c 01 ea ff ea ff bf ff 7c 01 c5 ff  ....,.......|...
0000a010: 00 00 00 00 00 01 01 00 00 00 ff 00 00 00 2c 01  ..............,.
0000a020: fe ff d6 ff 9a ff 90 01 d6 ff fe ff 5e ff a4 01  ............^...
0000a030: 01 00 00 00 ff 00 00 00 00 01 00 00 00 00 ae ff  ................
0000a040: a4 01 ae ff fe ff 5e ff a4 01 01 00 00 00 ff 00  ......^.........
0000a050: 00 00 00 01 00 00 00 00 ae ff a4 01 ae ff fe ff  ................
0000a060: 5e ff a4 01 09 00 6a 00 00 00 07 00 0d 00 01 00  ^.....j.........
0000a070: 01 00 14 00 07 00 0d 00 01 00 00 00 14 00 07 00  ................
0000a080: 0d 00 01 00 01 00 14 00 07 00 0d 00 01 00 01 00  ................
0000a090: 14 00 07 00 0d 00 01 00 01 00 14 00 07 00 0d 00  ................
0000a0a0: 01 00 01 00 14 00 07 00 0d 00 01 00 01 00 14 00  ................
0000a0b0: 07 00 0d 00 01 00 01 00 14 00 07 00 00 00 01 00  ................
0000a0c0: 01 00 14 00 07 00 0d 00 01 00 01 00 14 00 0a 00  ................
0000a0d0: ee 26 01 00 1f 00 80 00 00 00 00 00 00 00 00 00  .&..............
0000a0e0: 60 00 c0 00 00 00 10 00 20 00 30 00 40 00 50 00  `....... .0.@.P.
0000a0f0: 60 00 70 00 80 00 90 00 a0 00 b0 00 c0 00 d0 00  `.p.............
0000a100: e0 00 f0 00 00 01 10 01 20 01 30 01 40 01 50 01  ........ .0.@.P.
0000a110: 60 01 70 01 80 01 90 01 a0 01 b0 01 c0 01 d0 01  `.p.............
0000a120: e0 01 f0 01 00 02 10 02 20 02 30 02 40 02 50 02  ........ .0.@.P.
0000a130: 60 02 70 02 80 02 90 02 a0 02 b0 02 c0 02 d0 02  `.p.............
0000a140: e0 02 f0 02 00 03 10 03 20 03 30 03 40 03 50 03  ........ .0.@.P.
0000a150: 60 03 70 03 80 03 90 03 a0 03 b0 03 c0 03 d0 03  `.p.............
0000a160: e0 03 f0 03 ff 03 00 00 10 00 20 00 30 00 40 00  .......... .0.@.
0000a170: 50 00 60 00 70 00 80 00 90 00 a0 00 b0 00 c0 00  P.`.p...........
0000a180: d0 00 e0 00 f0 00 00 01 10 01 20 01 30 01 40 01  .......... .0.@.
0000a190: 50 01 60 01 70 01 80 01 90 01 a0 01 b0 01 c0 01  P.`.p...........
0000a1a0: d0 01 e0 01 f0 01 00 02 10 02 20 02 30 02 40 02  .......... .0.@.
0000a1b0: 50 02 60 02 70 02 80 02 90 02 a0 02 b0 02 c0 02  P.`.p...........
0000a1c0: d0 02 e0 02 f0 02 00 03 10 03 20 03 30 03 40 03  .......... .0.@.
0000a1d0: 50 03 60 03 70 03 80 03 90 03 a0 03 b0 03 c0 03  P.`.p...........
0000a1e0: d0 03 e0 03 f0 03 ff 03 00 00 10 00 20 00 30 00  ............ .0.
0000a1f0: 40 00 50 00 60 00 70 00 80 00 90 00 a0 00 b0 00  @.P.`.p.........
0000a200: c0 00 d0 00 e0 00 f0 00 00 01 10 01 20 01 30 01  ............ .0.
0000a210: 40 01 50 01 60 01 70 01 80 01 90 01 a0 01 b0 01  @.P.`.p.........
0000a220: c0 01 d0 01 e0 01 f0 01 00 02 10 02 20 02 30 02  ............ .0.
0000a230: 40 02 50 02 60 02 70 02 80 02 90 02 a0 02 b0 02  @.P.`.p.........
0000a240: c0 02 d0 02 e0 02 f0 02 00 03 10 03 20 03 30 03  ............ .0.
0000a250: 40 03 50 03 60 03 70 03 80 03 90 03 a0 03 b0 03  @.P.`.p.........
0000a260: c0 03 d0 03 e0 03 f0 03 ff 03 00 00 2d 00 57 00  ............-.W.
0000a270: 7c 00 9a 00 b2 00 c5 00 d5 00 e4 00 f3 00 02 01  |...............
0000a280: 11 01 20 01 2f 01 3e 01 4d 01 5b 01 6a 01 78 01  .. ./.>.M.[.j.x.
0000a290: 86 01 94 01 a1 01 af 01 bc 01 c9 01 d6 01 e3 01  ................
0000a2a0: ef 01 fc 01 09 02 16 02 22 02 2f 02 3c 02 49 02  ........"./.<.I.
0000a2b0: 56 02 63 02 70 02 7d 02 8b 02 98 02 a6 02 b3 02  V.c.p.}.........
0000a2c0: c1 02 cf 02 dd 02 eb 02 f9 02 08 03 16 03 25 03  ..............%.
0000a2d0: 34 03 43 03 53 03 62 03 71 03 81 03 91 03 a0 03  4.C.S.b.q.......
0000a2e0: b0 03 c0 03 d0 03 e0 03 f0 03 ff 03 00 00 0a 00  ................
0000a2f0: 14 00 1e 00 28 00 32 00 3c 00 47 00 52 00 5d 00  ....(.2.<.G.R.].
0000a300: 68 00 74 00 80 00 8c 00 99 00 a7 00 b5 00 c3 00  h.t.............
0000a310: d1 00 e0 00 f0 00 ff 00 0f 01 1f 01 30 01 40 01  ............0.@.
0000a320: 51 01 62 01 74 01 85 01 97 01 a8 01 ba 01 cc 01  Q.b.t...........
0000a330: de 01 f0 01 02 02 14 02 26 02 38 02 4a 02 5c 02  ........&.8.J.\.
0000a340: 6e 02 81 02 93 02 a5 02 b7 02 c9 02 db 02 ee 02  n...............
0000a350: 00 03 12 03 24 03 36 03 49 03 5b 03 6d 03 80 03  ....$.6.I.[.m...
0000a360: 92 03 a4 03 b6 03 c9 03 db 03 ed 03 ff 03 00 00  ................
0000a370: 10 00 20 00 30 00 40 00 50 00 60 00 70 00 80 00  .. .0.@.P.`.p...
0000a380: 90 00 a0 00 b0 00 c0 00 d0 00 e0 00 f0 00 00 01  ................
0000a390: 10 01 20 01 30 01 40 01 50 01 60 01 70 01 80 01  .. .0.@.P.`.p...
0000a3a0: 90 01 a0 01 b0 01 c0 01 d0 01 e0 01 f0 01 00 02  ................
0000a3b0: 10 02 20 02 30 02 40 02 50 02 60 02 70 02 80 02  .. .0.@.P.`.p...
0000a3c0: 90 02 a0 02 b0 02 c0 02 d0 02 e0 02 f0 02 00 03  ................
0000a3d0: 10 03 20 03 30 03 40 03 50 03 60 03 70 03 80 03  .. .0.@.P.`.p...
0000a3e0: 90 03 a0 03 b0 03 c0 03 d0 03 e0 03 f0 03 ff 03  ................
0000a3f0: 00 00 40 00 00 00 00 00 00 00 00 00 00 00 00 00  ..@.............
0000a400: 00 00 00 00 00 00 00 00 00 00 00 00 00 00 00 00  ................
0000a410: 00 00 40 00 00 00 00 00 00 00 00 00 00 00 00 00  ..@.............
0000a420: 00 00 00 00 00 00 00 00 00 00 00 00 00 00 00 00  ................
0000a430: 00 00 40 00 00 00 00 00 00 00 00 00 00 00 00 00  ..@.............
0000a440: 00 00 00 00 00 00 00 00 00 00 00 00 00 00 00 00  ................
0000a450: 00 00 03 00 08 00 12 00 1c 00 30 00 40 00 00 00  ..........0.@...
0000a460: 00 00 00 00 00 00 00 00 00 00 00 00 00 00 00 00  ................
0000a470: 00 00 0d 00 23 00 40 00 00 00 00 00 00 00 00 00  ....#.@.........
0000a480: 00 00 00 00 00 00 00 00 00 00 00 00 00 00 00 00  ................
0000a490: 00 00 40 00 00 00 00 00 00 00 00 00 00 00 00 00  ..@.............
0000a4a0: 00 00 00 00 00 00 00 00 00 00 00 00 00 00 00 00  ................
0000a4b0: 00 00 00 00 08 00 00 01 1f 00 00 00 01 00 00 00  ................
0000a4c0: 00 00 00 00 60 00 c0 00 00 00 10 00 20 00 30 00  ....`....... .0.
0000a4d0: 40 00 50 00 60 00 70 00 80 00 90 00 a0 00 b0 00  @.P.`.p.........
0000a4e0: c0 00 d0 00 e0 00 f0 00 00 01 10 01 20 01 30 01  ............ .0.
0000a4f0: 40 01 50 01 60 01 70 01 80 01 90 01 a0 01 b0 01  @.P.`.p.........
0000a500: c0 01 d0 01 e0 01 f0 01 00 02 10 02 20 02 30 02  ............ .0.
0000a510: 40 02 50 02 60 02 70 02 80 02 90 02 a0 02 b0 02  @.P.`.p.........
0000a520: c0 02 d0 02 e0 02 f0 02 00 03 10 03 20 03 30 03  ............ .0.
0000a530: 40 03 50 03 60 03 70 03 80 03 90 03 a0 03 b0 03  @.P.`.p.........
0000a540: c0 03 d0 03 e0 03 f0 03 ff 03 00 00 10 00 20 00  .............. .
0000a550: 30 00 40 00 50 00 60 00 70 00 80 00 90 00 a0 00  0.@.P.`.p.......
0000a560: b0 00 c0 00 d0 00 e0 00 f0 00 00 01 10 01 20 01  .............. .
0000a570: 30 01 40 01 50 01 60 01 70 01 80 01 90 01 a0 01  0.@.P.`.p.......
0000a580: b0 01 c0 01 d0 01 e0 01 f0 01 00 02 10 02 20 02  .............. .
0000a590: 30 02 40 02 50 02 60 02 70 02 80 02 90 02 a0 02  0.@.P.`.p.......
0000a5a0: b0 02 c0 02 d0 02 e0 02 f0 02 00 03 10 03 20 03  .............. .
0000a5b0: 30 03 40 03 50 03 60 03 70 03 80 03 90 03 a0 03  0.@.P.`.p.......
0000a5c0: b0 03 c0 03 d0 03 e0 03 f0 03 ff 03 00 00 10 00  ................
0000a5d0: 20 00 30 00 40 00 50 00 60 00 70 00 80 00 90 00   .0.@.P.`.p.....
0000a5e0: a0 00 b0 00 c0 00 d0 00 e0 00 f0 00 00 01 10 01  ................
0000a5f0: 20 01 30 01 40 01 50 01 60 01 70 01 80 01 90 01   .0.@.P.`.p.....
0000a600: a0 01 b0 01 c0 01 d0 01 e0 01 f0 01 00 02 10 02  ................
0000a610: 20 02 30 02 40 02 50 02 60 02 70 02 80 02 90 02   .0.@.P.`.p.....
0000a620: a0 02 b0 02 c0 02 d0 02 e0 02 f0 02 00 03 10 03  ................
0000a630: 20 03 30 03 40 03 50 03 60 03 70 03 80 03 90 03   .0.@.P.`.p.....
0000a640: a0 03 b0 03 c0 03 d0 03 e0 03 f0 03 ff 03 00 00  ................
0000a650: 2c 00 56 00 7c 00 9d 00 b9 00 d0 00 e5 00 f6 00  ,.V.|...........
0000a660: 06 01 14 01 22 01 30 01 3e 01 4b 01 58 01 65 01  ....".0.>.K.X.e.
0000a670: 72 01 7f 01 8c 01 98 01 a5 01 b1 01 bd 01 ca 01  r...............
0000a680: d6 01 e3 01 ef 01 fc 01 09 02 16 02 23 02 30 02  ............#.0.
0000a690: 3d 02 4b 02 58 02 66 02 74 02 81 02 8f 02 9d 02  =.K.X.f.t.......
0000a6a0: ab 02 ba 02 c8 02 d6 02 e5 02 f3 02 02 03 10 03  ................
0000a6b0: 1f 03 2e 03 3c 03 4b 03 5a 03 69 03 78 03 87 03  ....<.K.Z.i.x...
0000a6c0: 96 03 a5 03 b4 03 c3 03 d2 03 e1 03 f0 03 ff 03  ................
0000a6d0: 00 00 10 00 20 00 30 00 40 00 50 00 60 00 70 00  .... .0.@.P.`.p.
0000a6e0: 80 00 90 00 a0 00 b0 00 c0 00 d0 00 e0 00 f0 00  ................
0000a6f0: 00 01 10 01 20 01 30 01 40 01 50 01 60 01 70 01  .... .0.@.P.`.p.
0000a700: 80 01 90 01 a0 01 b0 01 c0 01 d0 01 e0 01 f0 01  ................
0000a710: 00 02 10 02 20 02 30 02 40 02 50 02 60 02 70 02  .... .0.@.P.`.p.
0000a720: 80 02 90 02 a0 02 b0 02 c0 02 d0 02 e0 02 f0 02  ................
0000a730: 00 03 10 03 20 03 30 03 40 03 50 03 60 03 70 03  .... .0.@.P.`.p.
0000a740: 80 03 90 03 a0 03 b0 03 c0 03 d0 03 e0 03 f0 03  ................
0000a750: ff 03 00 00 10 00 20 00 30 00 40 00 50 00 60 00  ...... .0.@.P.`.
0000a760: 70 00 80 00 90 00 a0 00 b0 00 c0 00 d0 00 e0 00  p...............
0000a770: f0 00 00 01 10 01 20 01 30 01 40 01 50 01 60 01  ...... .0.@.P.`.
0000a780: 70 01 80 01 90 01 a0 01 b0 01 c0 01 d0 01 e0 01  p...............
0000a790: f0 01 00 02 10 02 20 02 30 02 40 02 50 02 60 02  ...... .0.@.P.`.
0000a7a0: 70 02 80 02 90 02 a0 02 b0 02 c0 02 d0 02 e0 02  p...............
0000a7b0: f0 02 00 03 10 03 20 03 30 03 40 03 50 03 60 03  ...... .0.@.P.`.
0000a7c0: 70 03 80 03 90 03 a0 03 b0 03 c0 03 d0 03 e0 03  p...............
0000a7d0: f0 03 ff 03 00 00 40 00 00 00 00 00 00 00 00 00  ......@.........
0000a7e0: 00 00 00 00 00 00 00 00 00 00 00 00 00 00 00 00  ................
0000a7f0: 00 00 00 00 00 00 40 00 00 00 00 00 00 00 00 00  ......@.........
0000a800: 00 00 00 00 00 00 00 00 00 00 00 00 00 00 00 00  ................
0000a810: 00 00 00 00 00 00 40 00 00 00 00 00 00 00 00 00  ......@.........
0000a820: 00 00 00 00 00 00 00 00 00 00 00 00 00 00 00 00  ................
0000a830: 00 00 00 00 00 00 03 00 0a 00 14 00 1c 00 40 00  ..............@.
0000a840: 00 00 00 00 00 00 00 00 00 00 00 00 00 00 00 00  ................
0000a850: 00 00 00 00 00 00 40 00 00 00 00 00 00 00 00 00  ......@.........
0000a860: 00 00 00 00 00 00 00 00 00 00 00 00 00 00 00 00  ................
0000a870: 00 00 00 00 00 00 40 00 00 00 00 00 00 00 00 00  ......@.........
0000a880: 00 00 00 00 00 00 00 00 00 00 00 00 00 00 00 00  ................
0000a890: 00 00 00 00 00 00 00 00 08 00 00 01 1f 00 00 00  ................
0000a8a0: 01 00 00 00 00 00 00 00 60 00 c0 00 00 00 10 00  ........`.......
0000a8b0: 20 00 30 00 40 00 50 00 60 00 70 00 80 00 90 00   .0.@.P.`.p.....
0000a8c0: a0 00 b0 00 c0 00 d0 00 e0 00 f0 00 00 01 10 01  ................
0000a8d0: 20 01 30 01 40 01 50 01 60 01 70 01 80 01 90 01   .0.@.P.`.p.....
0000a8e0: a0 01 b0 01 c0 01 d0 01 e0 01 f0 01 00 02 10 02  ................
0000a8f0: 20 02 30 02 40 02 50 02 60 02 70 02 80 02 90 02   .0.@.P.`.p.....
0000a900: a0 02 b0 02 c0 02 d0 02 e0 02 f0 02 00 03 10 03  ................
0000a910: 20 03 30 03 40 03 50 03 60 03 70 03 80 03 90 03   .0.@.P.`.p.....
0000a920: a0 03 b0 03 c0 03 d0 03 e0 03 f0 03 ff 03 00 00  ................
0000a930: 10 00 20 00 30 00 40 00 50 00 60 00 70 00 80 00  .. .0.@.P.`.p...
0000a940: 90 00 a0 00 b0 00 c0 00 d0 00 e0 00 f0 00 00 01  ................
0000a950: 10 01 20 01 30 01 40 01 50 01 60 01 70 01 80 01  .. .0.@.P.`.p...
0000a960: 90 01 a0 01 b0 01 c0 01 d0 01 e0 01 f0 01 00 02  ................
0000a970: 10 02 20 02 30 02 40 02 50 02 60 02 70 02 80 02  .. .0.@.P.`.p...
0000a980: 90 02 a0 02 b0 02 c0 02 d0 02 e0 02 f0 02 00 03  ................
0000a990: 10 03 20 03 30 03 40 03 50 03 60 03 70 03 80 03  .. .0.@.P.`.p...
0000a9a0: 90 03 a0 03 b0 03 c0 03 d0 03 e0 03 f0 03 ff 03  ................
0000a9b0: 00 00 10 00 20 00 30 00 40 00 50 00 60 00 70 00  .... .0.@.P.`.p.
0000a9c0: 80 00 90 00 a0 00 b0 00 c0 00 d0 00 e0 00 f0 00  ................
0000a9d0: 00 01 10 01 20 01 30 01 40 01 50 01 60 01 70 01  .... .0.@.P.`.p.
0000a9e0: 80 01 90 01 a0 01 b0 01 c0 01 d0 01 e0 01 f0 01  ................
0000a9f0: 00 02 10 02 20 02 30 02 40 02 50 02 60 02 70 02  .... .0.@.P.`.p.
0000aa00: 80 02 90 02 a0 02 b0 02 c0 02 d0 02 e0 02 f0 02  ................
0000aa10: 00 03 10 03 20 03 30 03 40 03 50 03 60 03 70 03  .... .0.@.P.`.p.
0000aa20: 80 03 90 03 a0 03 b0 03 c0 03 d0 03 e0 03 f0 03  ................
0000aa30: ff 03 00 00 27 00 4c 00 6c 00 88 00 a0 00 b3 00  ....'.L.l.......
0000aa40: c5 00 d4 00 e3 00 f2 00 00 01 0e 01 1b 01 29 01  ..............).
0000aa50: 35 01 42 01 4e 01 5b 01 67 01 73 01 7f 01 8b 01  5.B.N.[.g.s.....
0000aa60: 97 01 a3 01 af 01 bc 01 c8 01 d5 01 e2 01 ef 01  ................
0000aa70: fc 01 0a 02 18 02 25 02 34 02 42 02 50 02 5f 02  ......%.4.B.P._.
0000aa80: 6e 02 7d 02 8c 02 9b 02 aa 02 ba 02 c9 02 d9 02  n.}.............
0000aa90: e9 02 f8 02 08 03 19 03 29 03 39 03 49 03 5a 03  ........).9.I.Z.
0000aaa0: 6a 03 7a 03 8b 03 9c 03 ac 03 bd 03 cd 03 de 03  j.z.............
0000aab0: ef 03 ff 03 00 00 10 00 20 00 30 00 40 00 50 00  ........ .0.@.P.
0000aac0: 60 00 70 00 80 00 90 00 a0 00 b0 00 c0 00 d0 00  `.p.............
0000aad0: e0 00 f0 00 00 01 10 01 20 01 30 01 40 01 50 01  ........ .0.@.P.
0000aae0: 60 01 70 01 80 01 90 01 a0 01 b0 01 c0 01 d0 01  `.p.............
0000aaf0: e0 01 f0 01 00 02 10 02 20 02 30 02 40 02 50 02  ........ .0.@.P.
0000ab00: 60 02 70 02 80 02 90 02 a0 02 b0 02 c0 02 d0 02  `.p.............
0000ab10: e0 02 f0 02 00 03 10 03 20 03 30 03 40 03 50 03  ........ .0.@.P.
0000ab20: 60 03 70 03 80 03 90 03 a0 03 b0 03 c0 03 d0 03  `.p.............
0000ab30: e0 03 f0 03 ff 03 00 00 10 00 20 00 30 00 40 00  .......... .0.@.
0000ab40: 50 00 60 00 70 00 80 00 90 00 a0 00 b0 00 c0 00  P.`.p...........
0000ab50: d0 00 e0 00 f0 00 00 01 10 01 20 01 30 01 40 01  .......... .0.@.
0000ab60: 50 01 60 01 70 01 80 01 90 01 a0 01 b0 01 c0 01  P.`.p...........
0000ab70: d0 01 e0 01 f0 01 00 02 10 02 20 02 30 02 40 02  .......... .0.@.
0000ab80: 50 02 60 02 70 02 80 02 90 02 a0 02 b0 02 c0 02  P.`.p...........
0000ab90: d0 02 e0 02 f0 02 00 03 10 03 20 03 30 03 40 03  .......... .0.@.
0000aba0: 50 03 60 03 70 03 80 03 90 03 a0 03 b0 03 c0 03  P.`.p...........
0000abb0: d0 03 e0 03 f0 03 ff 03 00 00 40 00 00 00 00 00  ..........@.....
0000abc0: 00 00 00 00 00 00 00 00 00 00 00 00 00 00 00 00  ................
0000abd0: 00 00 00 00 00 00 00 00 00 00 40 00 00 00 00 00  ..........@.....
0000abe0: 00 00 00 00 00 00 00 00 00 00 00 00 00 00 00 00  ................
0000abf0: 00 00 00 00 00 00 00 00 00 00 40 00 00 00 00 00  ..........@.....
0000ac00: 00 00 00 00 00 00 00 00 00 00 00 00 00 00 00 00  ................
0000ac10: 00 00 00 00 00 00 00 00 00 00 03 00 08 00 1b 00  ................
0000ac20: 40 00 00 00 00 00 00 00 00 00 00 00 00 00 00 00  @...............
0000ac30: 00 00 00 00 00 00 00 00 00 00 40 00 00 00 00 00  ..........@.....
0000ac40: 00 00 00 00 00 00 00 00 00 00 00 00 00 00 00 00  ................
0000ac50: 00 00 00 00 00 00 00 00 00 00 40 00 00 00 00 00  ..........@.....
0000ac60: 00 00 00 00 00 00 00 00 00 00 00 00 00 00 00 00  ................
0000ac70: 00 00 00 00 00 00 00 00 00 00 00 00 08 00 00 01  ................
0000ac80: 0f 00 00 00 01 00 00 00 00 00 00 00 60 00 c0 00  ............`...
0000ac90: 00 00 10 00 20 00 30 00 40 00 50 00 60 00 70 00  .... .0.@.P.`.p.
0000aca0: 80 00 90 00 a0 00 b0 00 c0 00 d0 00 e0 00 f0 00  ................
0000acb0: 00 01 10 01 20 01 30 01 40 01 50 01 60 01 70 01  .... .0.@.P.`.p.
0000acc0: 80 01 90 01 a0 01 b0 01 c0 01 d0 01 e0 01 f0 01  ................
0000acd0: 00 02 10 02 20 02 30 02 40 02 50 02 60 02 70 02  .... .0.@.P.`.p.
0000ace0: 80 02 90 02 a0 02 b0 02 c0 02 d0 02 e0 02 f0 02  ................
0000acf0: 00 03 10 03 20 03 30 03 40 03 50 03 60 03 70 03  .... .0.@.P.`.p.
0000ad00: 80 03 90 03 a0 03 b0 03 c0 03 d0 03 e0 03 f0 03  ................
0000ad10: ff 03 00 00 10 00 20 00 30 00 40 00 50 00 60 00  ...... .0.@.P.`.
0000ad20: 70 00 80 00 90 00 a0 00 b0 00 c0 00 d0 00 e0 00  p...............
0000ad30: f0 00 00 01 10 01 20 01 30 01 40 01 50 01 60 01  ...... .0.@.P.`.
0000ad40: 70 01 80 01 90 01 a0 01 b0 01 c0 01 d0 01 e0 01  p...............
0000ad50: f0 01 00 02 10 02 20 02 30 02 40 02 50 02 60 02  ...... .0.@.P.`.
0000ad60: 70 02 80 02 90 02 a0 02 b0 02 c0 02 d0 02 e0 02  p...............
0000ad70: f0 02 00 03 10 03 20 03 30 03 40 03 50 03 60 03  ...... .0.@.P.`.
0000ad80: 70 03 80 03 90 03 a0 03 b0 03 c0 03 d0 03 e0 03  p...............
0000ad90: f0 03 ff 03 00 00 10 00 20 00 30 00 40 00 50 00  ........ .0.@.P.
0000ada0: 60 00 70 00 80 00 90 00 a0 00 b0 00 c0 00 d0 00  `.p.............
0000adb0: e0 00 f0 00 00 01 10 01 20 01 30 01 40 01 50 01  ........ .0.@.P.
0000adc0: 60 01 70 01 80 01 90 01 a0 01 b0 01 c0 01 d0 01  `.p.............
0000add0: e0 01 f0 01 00 02 10 02 20 02 30 02 40 02 50 02  ........ .0.@.P.
0000ade0: 60 02 70 02 80 02 90 02 a0 02 b0 02 c0 02 d0 02  `.p.............
0000adf0: e0 02 f0 02 00 03 10 03 20 03 30 03 40 03 50 03  ........ .0.@.P.
0000ae00: 60 03 70 03 80 03 90 03 a0 03 b0 03 c0 03 d0 03  `.p.............
0000ae10: e0 03 f0 03 ff 03 00 00 2d 00 57 00 7c 00 9a 00  ........-.W.|...
0000ae20: b2 00 c5 00 d5 00 e4 00 f3 00 02 01 11 01 20 01  .............. .
0000ae30: 2f 01 3e 01 4d 01 5b 01 6a 01 78 01 86 01 94 01  /.>.M.[.j.x.....
0000ae40: a1 01 af 01 bc 01 c9 01 d6 01 e3 01 ef 01 fc 01  ................
0000ae50: 09 02 16 02 22 02 2f 02 3c 02 49 02 56 02 63 02  ...."./.<.I.V.c.
0000ae60: 70 02 7d 02 8b 02 98 02 a6 02 b3 02 c1 02 cf 02  p.}.............
0000ae70: dd 02 eb 02 f9 02 08 03 16 03 25 03 34 03 43 03  ..........%.4.C.
0000ae80: 53 03 62 03 71 03 81 03 91 03 a0 03 b0 03 c0 03  S.b.q...........
0000ae90: d0 03 e0 03 f0 03 ff 03 00 00 11 00 21 00 31 00  ............!.1.
0000aea0: 42 00 52 00 62 00 72 00 82 00 92 00 a2 00 b2 00  B.R.b.r.........
0000aeb0: c2 00 d2 00 e2 00 f2 00 02 01 11 01 21 01 31 01  ............!.1.
0000aec0: 40 01 4f 01 5f 01 6e 01 7d 01 8c 01 9b 01 a9 01  @.O._.n.}.......
0000aed0: b8 01 c6 01 d5 01 e3 01 f1 01 ff 01 0d 02 1a 02  ................
0000aee0: 28 02 35 02 42 02 4f 02 5c 02 69 02 75 02 81 02  (.5.B.O.\.i.u...
0000aef0: 8d 02 99 02 a5 02 b0 02 bc 02 c8 02 d4 02 e0 02  ................
0000af00: ee 02 fc 02 0c 03 1d 03 30 03 45 03 5c 03 75 03  ........0.E.\.u.
0000af10: 8f 03 aa 03 c6 03 e3 03 ff 03 00 00 10 00 1f 00  ................
0000af20: 2e 00 3d 00 4c 00 5b 00 6a 00 79 00 88 00 97 00  ..=.L.[.j.y.....
0000af30: a6 00 b5 00 c4 00 d3 00 e1 00 f0 00 ff 00 0e 01  ................
0000af40: 1c 01 2b 01 3a 01 48 01 57 01 65 01 74 01 82 01  ..+.:.H.W.e.t...
0000af50: 90 01 9e 01 ad 01 bb 01 c9 01 d7 01 e4 01 f2 01  ................
0000af60: 00 02 0e 02 1b 02 29 02 36 02 43 02 50 02 5e 02  ......).6.C.P.^.
0000af70: 6b 02 77 02 84 02 91 02 9e 02 aa 02 b7 02 c3 02  k.w.............
0000af80: d1 02 df 02 ef 02 00 03 13 03 28 03 3e 03 57 03  ..........(.>.W.
0000af90: 71 03 8c 03 a8 03 c5 03 e2 03 ff 03 00 00 40 00  q.............@.
0000afa0: 00 00 00 00 00 00 00 00 00 00 00 00 00 00 00 00  ................
0000afb0: 00 00 00 00 00 00 00 00 00 00 00 00 00 00 40 00  ..............@.
0000afc0: 00 00 00 00 00 00 00 00 00 00 00 00 00 00 00 00  ................
0000afd0: 00 00 00 00 00 00 00 00 00 00 00 00 00 00 40 00  ..............@.
0000afe0: 00 00 00 00 00 00 00 00 00 00 00 00 00 00 00 00  ................
0000aff0: 00 00 00 00 00 00 00 00 00 00 00 00 00 00 03 00  ................
0000b000: 08 00 12 00 1c 00 30 00 40 00 00 00 00 00 00 00  ......0.@.......
0000b010: 00 00 00 00 00 00 00 00 00 00 00 00 00 00 2e 00  ................
0000b020: 38 00 40 00 00 00 00 00 00 00 00 00 00 00 00 00  8.@.............
0000b030: 00 00 00 00 00 00 00 00 00 00 00 00 00 00 2f 00  ............../.
0000b040: 37 00 40 00 00 00 00 00 00 00 00 00 00 00 00 00  7.@.............
0000b050: 00 00 00 00 00 00 00 00 00 00 00 00 00 00 00 00  ................
0000b060: 08 00 00 01 0c 00 00 00 01 00 00 00 00 00 00 00  ................
0000b070: 60 00 c0 00 00 00 10 00 20 00 30 00 40 00 50 00  `....... .0.@.P.
0000b080: 60 00 70 00 80 00 90 00 a0 00 b0 00 c0 00 d0 00  `.p.............
0000b090: e0 00 f0 00 00 01 10 01 20 01 30 01 40 01 50 01  ........ .0.@.P.
0000b0a0: 60 01 70 01 80 01 90 01 a0 01 b0 01 c0 01 d0 01  `.p.............
0000b0b0: e0 01 f0 01 00 02 10 02 20 02 30 02 40 02 50 02  ........ .0.@.P.
0000b0c0: 60 02 70 02 80 02 90 02 a0 02 b0 02 c0 02 d0 02  `.p.............
0000b0d0: e0 02 f0 02 00 03 10 03 20 03 30 03 40 03 50 03  ........ .0.@.P.
0000b0e0: 60 03 70 03 80 03 90 03 a0 03 b0 03 c0 03 d0 03  `.p.............
0000b0f0: e0 03 f0 03 ff 03 00 00 10 00 20 00 30 00 40 00  .......... .0.@.
0000b100: 50 00 60 00 70 00 80 00 90 00 a0 00 b0 00 c0 00  P.`.p...........
0000b110: d0 00 e0 00 f0 00 00 01 10 01 20 01 30 01 40 01  .......... .0.@.
0000b120: 50 01 60 01 70 01 80 01 90 01 a0 01 b0 01 c0 01  P.`.p...........
0000b130: d0 01 e0 01 f0 01 00 02 10 02 20 02 30 02 40 02  .......... .0.@.
0000b140: 50 02 60 02 70 02 80 02 90 02 a0 02 b0 02 c0 02  P.`.p...........
0000b150: d0 02 e0 02 f0 02 00 03 10 03 20 03 30 03 40 03  .......... .0.@.
0000b160: 50 03 60 03 70 03 80 03 90 03 a0 03 b0 03 c0 03  P.`.p...........
0000b170: d0 03 e0 03 f0 03 ff 03 00 00 10 00 20 00 30 00  ............ .0.
0000b180: 40 00 50 00 60 00 70 00 80 00 90 00 a0 00 b0 00  @.P.`.p.........
0000b190: c0 00 d0 00 e0 00 f0 00 00 01 10 01 20 01 30 01  ............ .0.
0000b1a0: 40 01 50 01 60 01 70 01 80 01 90 01 a0 01 b0 01  @.P.`.p.........
0000b1b0: c0 01 d0 01 e0 01 f0 01 00 02 10 02 20 02 30 02  ............ .0.
0000b1c0: 40 02 50 02 60 02 70 02 80 02 90 02 a0 02 b0 02  @.P.`.p.........
0000b1d0: c0 02 d0 02 e0 02 f0 02 00 03 10 03 20 03 30 03  ............ .0.
0000b1e0: 40 03 50 03 60 03 70 03 80 03 90 03 a0 03 b0 03  @.P.`.p.........
0000b1f0: c0 03 d0 03 e0 03 f0 03 ff 03 00 00 26 00 4b 00  ............&.K.
0000b200: 6c 00 8a 00 a4 00 bb 00 ce 00 e0 00 f0 00 fe 00  l...............
0000b210: 0c 01 1a 01 27 01 34 01 41 01 4e 01 5b 01 68 01  ....'.4.A.N.[.h.
0000b220: 75 01 82 01 8f 01 9d 01 aa 01 b7 01 c5 01 d2 01  u...............
0000b230: e0 01 ee 01 fc 01 09 02 17 02 25 02 33 02 42 02  ..........%.3.B.
0000b240: 50 02 5e 02 6c 02 7b 02 89 02 98 02 a6 02 b5 02  P.^.l.{.........
0000b250: c4 02 d3 02 e1 02 f0 02 ff 02 0e 03 1d 03 2c 03  ..............,.
0000b260: 3b 03 4a 03 59 03 68 03 77 03 86 03 95 03 a4 03  ;.J.Y.h.w.......
0000b270: b4 03 c3 03 d2 03 e1 03 f0 03 ff 03 00 00 10 00  ................
0000b280: 20 00 30 00 40 00 50 00 60 00 70 00 80 00 90 00   .0.@.P.`.p.....
0000b290: a0 00 b0 00 c0 00 d0 00 e0 00 f0 00 00 01 10 01  ................
0000b2a0: 20 01 30 01 40 01 50 01 60 01 70 01 80 01 90 01   .0.@.P.`.p.....
0000b2b0: a0 01 b0 01 c0 01 d0 01 e0 01 f0 01 00 02 10 02  ................
0000b2c0: 20 02 30 02 40 02 50 02 60 02 70 02 80 02 90 02   .0.@.P.`.p.....
0000b2d0: a0 02 b0 02 c0 02 d0 02 e0 02 f0 02 00 03 10 03  ................
0000b2e0: 20 03 30 03 40 03 50 03 60 03 70 03 80 03 90 03   .0.@.P.`.p.....
0000b2f0: a0 03 b0 03 c0 03 d0 03 e0 03 f0 03 ff 03 00 00  ................
0000b300: 10 00 20 00 30 00 40 00 50 00 60 00 70 00 80 00  .. .0.@.P.`.p...
0000b310: 90 00 a0 00 b0 00 c0 00 d0 00 e0 00 f0 00 00 01  ................
0000b320: 10 01 20 01 30 01 40 01 50 01 60 01 70 01 80 01  .. .0.@.P.`.p...
0000b330: 90 01 a0 01 b0 01 c0 01 d0 01 e0 01 f0 01 00 02  ................
0000b340: 10 02 20 02 30 02 40 02 50 02 60 02 70 02 80 02  .. .0.@.P.`.p...
0000b350: 90 02 a0 02 b0 02 c0 02 d0 02 e0 02 f0 02 00 03  ................
0000b360: 10 03 20 03 30 03 40 03 50 03 60 03 70 03 80 03  .. .0.@.P.`.p...
0000b370: 90 03 a0 03 b0 03 c0 03 d0 03 e0 03 f0 03 ff 03  ................
0000b380: 00 00 40 00 00 00 00 00 00 00 00 00 00 00 00 00  ..@.............
0000b390: 00 00 00 00 00 00 00 00 00 00 00 00 00 00 00 00  ................
0000b3a0: 00 00 40 00 00 00 00 00 00 00 00 00 00 00 00 00  ..@.............
0000b3b0: 00 00 00 00 00 00 00 00 00 00 00 00 00 00 00 00  ................
0000b3c0: 00 00 40 00 00 00 00 00 00 00 00 00 00 00 00 00  ..@.............
0000b3d0: 00 00 00 00 00 00 00 00 00 00 00 00 00 00 00 00  ................
0000b3e0: 00 00 03 00 0b 00 12 00 1b 00 40 00 00 00 00 00  ..........@.....
0000b3f0: 00 00 00 00 00 00 00 00 00 00 00 00 00 00 00 00  ................
0000b400: 00 00 40 00 00 00 00 00 00 00 00 00 00 00 00 00  ..@.............
0000b410: 00 00 00 00 00 00 00 00 00 00 00 00 00 00 00 00  ................
0000b420: 00 00 40 00 00 00 00 00 00 00 00 00 00 00 00 00  ..@.............
0000b430: 00 00 00 00 00 00 00 00 00 00 00 00 00 00 00 00  ................
0000b440: 00 00 00 00 08 00 00 01 1f 00 00 00 01 00 00 00  ................
0000b450: 00 00 00 00 60 00 c0 00 00 00 10 00 20 00 30 00  ....`....... .0.
0000b460: 40 00 50 00 60 00 70 00 80 00 90 00 a0 00 b0 00  @.P.`.p.........
0000b470: c0 00 d0 00 e0 00 f0 00 00 01 10 01 20 01 30 01  ............ .0.
0000b480: 40 01 50 01 60 01 70 01 80 01 90 01 a0 01 b0 01  @.P.`.p.........
0000b490: c0 01 d0 01 e0 01 f0 01 00 02 10 02 20 02 30 02  ............ .0.
0000b4a0: 40 02 50 02 60 02 70 02 80 02 90 02 a0 02 b0 02  @.P.`.p.........
0000b4b0: c0 02 d0 02 e0 02 f0 02 00 03 10 03 20 03 30 03  ............ .0.
0000b4c0: 40 03 50 03 60 03 70 03 80 03 90 03 a0 03 b0 03  @.P.`.p.........
0000b4d0: c0 03 d0 03 e0 03 f0 03 ff 03 00 00 10 00 20 00  .............. .
0000b4e0: 30 00 40 00 50 00 60 00 70 00 80 00 90 00 a0 00  0.@.P.`.p.......
0000b4f0: b0 00 c0 00 d0 00 e0 00 f0 00 00 01 10 01 20 01  .............. .
0000b500: 30 01 40 01 50 01 60 01 70 01 80 01 90 01 a0 01  0.@.P.`.p.......
0000b510: b0 01 c0 01 d0 01 e0 01 f0 01 00 02 10 02 20 02  .............. .
0000b520: 30 02 40 02 50 02 60 02 70 02 80 02 90 02 a0 02  0.@.P.`.p.......
0000b530: b0 02 c0 02 d0 02 e0 02 f0 02 00 03 10 03 20 03  .............. .
0000b540: 30 03 40 03 50 03 60 03 70 03 80 03 90 03 a0 03  0.@.P.`.p.......
0000b550: b0 03 c0 03 d0 03 e0 03 f0 03 ff 03 00 00 10 00  ................
0000b560: 20 00 30 00 40 00 50 00 60 00 70 00 80 00 90 00   .0.@.P.`.p.....
0000b570: a0 00 b0 00 c0 00 d0 00 e0 00 f0 00 00 01 10 01  ................
0000b580: 20 01 30 01 40 01 50 01 60 01 70 01 80 01 90 01   .0.@.P.`.p.....
0000b590: a0 01 b0 01 c0 01 d0 01 e0 01 f0 01 00 02 10 02  ................
0000b5a0: 20 02 30 02 40 02 50 02 60 02 70 02 80 02 90 02   .0.@.P.`.p.....
0000b5b0: a0 02 b0 02 c0 02 d0 02 e0 02 f0 02 00 03 10 03  ................
0000b5c0: 20 03 30 03 40 03 50 03 60 03 70 03 80 03 90 03   .0.@.P.`.p.....
0000b5d0: a0 03 b0 03 c0 03 d0 03 e0 03 f0 03 ff 03 00 00  ................
0000b5e0: 2c 00 54 00 75 00 8f 00 a4 00 b5 00 c3 00 d0 00  ,.T.u...........
0000b5f0: dd 00 ea 00 f7 00 04 01 11 01 1e 01 2b 01 38 01  ............+.8.
0000b600: 45 01 52 01 60 01 6d 01 7b 01 89 01 96 01 a4 01  E.R.`.m.{.......
0000b610: b2 01 c0 01 ce 01 dc 01 eb 01 f9 01 08 02 16 02  ................
0000b620: 25 02 34 02 42 02 51 02 60 02 6f 02 7e 02 8d 02  %.4.B.Q.`.o.~...
0000b630: 9d 02 ac 02 bb 02 ca 02 da 02 e9 02 f8 02 08 03  ................
0000b640: 17 03 27 03 36 03 45 03 55 03 64 03 74 03 83 03  ..'.6.E.U.d.t...
0000b650: 93 03 a2 03 b2 03 c1 03 d1 03 e0 03 f0 03 ff 03  ................
0000b660: 00 00 1a 00 33 00 4c 00 64 00 7b 00 90 00 a5 00  ....3.L.d.{.....
0000b670: b7 00 c9 00 da 00 e9 00 f8 00 07 01 15 01 23 01  ..............#.
0000b680: 30 01 3e 01 4c 01 5a 01 68 01 76 01 84 01 92 01  0.>.L.Z.h.v.....
0000b690: a0 01 af 01 bd 01 cb 01 da 01 e9 01 f7 01 06 02  ................
0000b6a0: 15 02 23 02 32 02 41 02 50 02 5f 02 6e 02 7d 02  ..#.2.A.P._.n.}.
0000b6b0: 8c 02 9c 02 ab 02 ba 02 c9 02 d9 02 e8 02 f7 02  ................
0000b6c0: 07 03 16 03 26 03 35 03 45 03 54 03 64 03 73 03  ....&.5.E.T.d.s.
0000b6d0: 83 03 92 03 a2 03 b1 03 c1 03 d1 03 e0 03 f0 03  ................
0000b6e0: ff 03 00 00 10 00 20 00 30 00 40 00 50 00 60 00  ...... .0.@.P.`.
0000b6f0: 70 00 80 00 90 00 a0 00 b0 00 c0 00 d0 00 e0 00  p...............
0000b700: f0 00 00 01 10 01 20 01 30 01 40 01 50 01 60 01  ...... .0.@.P.`.
0000b710: 70 01 80 01 90 01 a0 01 b0 01 c0 01 d0 01 e0 01  p...............
0000b720: f0 01 00 02 10 02 20 02 30 02 40 02 50 02 60 02  ...... .0.@.P.`.
0000b730: 70 02 80 02 90 02 a0 02 b0 02 c0 02 d0 02 e0 02  p...............
0000b740: f0 02 00 03 10 03 20 03 30 03 40 03 50 03 60 03  ...... .0.@.P.`.
0000b750: 70 03 80 03 90 03 a0 03 b0 03 c0 03 d0 03 e0 03  p...............
0000b760: f0 03 ff 03 00 00 40 00 00 00 00 00 00 00 00 00  ......@.........
0000b770: 00 00 00 00 00 00 00 00 00 00 00 00 00 00 00 00  ................
0000b780: 00 00 00 00 00 00 40 00 00 00 00 00 00 00 00 00  ......@.........
0000b790: 00 00 00 00 00 00 00 00 00 00 00 00 00 00 00 00  ................
0000b7a0: 00 00 00 00 00 00 40 00 00 00 00 00 00 00 00 00  ......@.........
0000b7b0: 00 00 00 00 00 00 00 00 00 00 00 00 00 00 00 00  ................
0000b7c0: 00 00 00 00 00 00 02 00 08 00 1a 00 30 00 40 00  ............0.@.
0000b7d0: 00 00 00 00 00 00 00 00 00 00 00 00 00 00 00 00  ................
0000b7e0: 00 00 00 00 00 00 06 00 10 00 40 00 00 00 00 00  ..........@.....
0000b7f0: 00 00 00 00 00 00 00 00 00 00 00 00 00 00 00 00  ................
0000b800: 00 00 00 00 00 00 40 00 00 00 00 00 00 00 00 00  ......@.........
0000b810: 00 00 00 00 00 00 00 00 00 00 00 00 00 00 00 00  ................
0000b820: 00 00 00 00 00 00 00 00 08 00 00 01 1f 00 00 00  ................
0000b830: 01 00 00 00 00 00 00 00 60 00 c0 00 00 00 10 00  ........`.......
0000b840: 20 00 30 00 40 00 50 00 60 00 70 00 80 00 90 00   .0.@.P.`.p.....
0000b850: a0 00 b0 00 c0 00 d0 00 e0 00 f0 00 00 01 10 01  ................
0000b860: 20 01 30 01 40 01 50 01 60 01 70 01 80 01 90 01   .0.@.P.`.p.....
0000b870: a0 01 b0 01 c0 01 d0 01 e0 01 f0 01 00 02 10 02  ................
0000b880: 20 02 30 02 40 02 50 02 60 02 70 02 80 02 90 02   .0.@.P.`.p.....
0000b890: a0 02 b0 02 c0 02 d0 02 e0 02 f0 02 00 03 10 03  ................
0000b8a0: 20 03 30 03 40 03 50 03 60 03 70 03 80 03 90 03   .0.@.P.`.p.....
0000b8b0: a0 03 b0 03 c0 03 d0 03 e0 03 f0 03 ff 03 00 00  ................
0000b8c0: 10 00 20 00 30 00 40 00 50 00 60 00 70 00 80 00  .. .0.@.P.`.p...
0000b8d0: 90 00 a0 00 b0 00 c0 00 d0 00 e0 00 f0 00 00 01  ................
0000b8e0: 10 01 20 01 30 01 40 01 50 01 60 01 70 01 80 01  .. .0.@.P.`.p...
0000b8f0: 90 01 a0 01 b0 01 c0 01 d0 01 e0 01 f0 01 00 02  ................
0000b900: 10 02 20 02 30 02 40 02 50 02 60 02 70 02 80 02  .. .0.@.P.`.p...
0000b910: 90 02 a0 02 b0 02 c0 02 d0 02 e0 02 f0 02 00 03  ................
0000b920: 10 03 20 03 30 03 40 03 50 03 60 03 70 03 80 03  .. .0.@.P.`.p...
0000b930: 90 03 a0 03 b0 03 c0 03 d0 03 e0 03 f0 03 ff 03  ................
0000b940: 00 00 10 00 20 00 30 00 40 00 50 00 60 00 70 00  .... .0.@.P.`.p.
0000b950: 80 00 90 00 a0 00 b0 00 c0 00 d0 00 e0 00 f0 00  ................
0000b960: 00 01 10 01 20 01 30 01 40 01 50 01 60 01 70 01  .... .0.@.P.`.p.
0000b970: 80 01 90 01 a0 01 b0 01 c0 01 d0 01 e0 01 f0 01  ................
0000b980: 00 02 10 02 20 02 30 02 40 02 50 02 60 02 70 02  .... .0.@.P.`.p.
0000b990: 80 02 90 02 a0 02 b0 02 c0 02 d0 02 e0 02 f0 02  ................
0000b9a0: 00 03 10 03 20 03 30 03 40 03 50 03 60 03 70 03  .... .0.@.P.`.p.
0000b9b0: 80 03 90 03 a0 03 b0 03 c0 03 d0 03 e0 03 f0 03  ................
0000b9c0: ff 03 00 00 24 00 46 00 64 00 80 00 99 00 af 00  ....$.F.d.......
0000b9d0: c4 00 d6 00 e7 00 f6 00 04 01 12 01 1f 01 2b 01  ..............+.
0000b9e0: 37 01 44 01 50 01 5d 01 6a 01 77 01 84 01 91 01  7.D.P.].j.w.....
0000b9f0: 9e 01 ac 01 b9 01 c7 01 d5 01 e3 01 f0 01 fe 01  ................
0000ba00: 0d 02 1b 02 29 02 37 02 46 02 54 02 63 02 72 02  ....).7.F.T.c.r.
0000ba10: 80 02 8f 02 9e 02 ad 02 bc 02 cb 02 da 02 e9 02  ................
0000ba20: f8 02 08 03 17 03 26 03 36 03 45 03 54 03 64 03  ......&.6.E.T.d.
0000ba30: 73 03 83 03 92 03 a2 03 b2 03 c1 03 d1 03 e0 03  s...............
0000ba40: f0 03 ff 03 00 00 19 00 32 00 4a 00 61 00 78 00  ........2.J.a.x.
0000ba50: 8f 00 a4 00 b9 00 cd 00 e0 00 f2 00 05 01 16 01  ................
0000ba60: 27 01 37 01 47 01 57 01 66 01 75 01 83 01 91 01  '.7.G.W.f.u.....
0000ba70: 9f 01 ad 01 bb 01 c8 01 d5 01 e3 01 f0 01 fd 01  ................
0000ba80: 0b 02 18 02 25 02 33 02 41 02 4f 02 5d 02 6b 02  ....%.3.A.O.].k.
0000ba90: 79 02 87 02 95 02 a4 02 b2 02 c1 02 d0 02 de 02  y...............
0000baa0: ed 02 fc 02 0b 03 1a 03 29 03 38 03 47 03 57 03  ........).8.G.W.
0000bab0: 66 03 75 03 84 03 94 03 a3 03 b2 03 c2 03 d1 03  f.u.............
0000bac0: e1 03 f0 03 ff 03 00 00 10 00 20 00 30 00 40 00  .......... .0.@.
0000bad0: 50 00 60 00 70 00 80 00 90 00 a0 00 b0 00 c0 00  P.`.p...........
0000bae0: d0 00 e0 00 f0 00 00 01 10 01 20 01 30 01 40 01  .......... .0.@.
0000baf0: 50 01 60 01 70 01 80 01 90 01 a0 01 b0 01 c0 01  P.`.p...........
0000bb00: d0 01 e0 01 f0 01 00 02 10 02 20 02 30 02 40 02  .......... .0.@.
0000bb10: 50 02 60 02 70 02 80 02 90 02 a0 02 b0 02 c0 02  P.`.p...........
0000bb20: d0 02 e0 02 f0 02 00 03 10 03 20 03 30 03 40 03  .......... .0.@.
0000bb30: 50 03 60 03 70 03 80 03 90 03 a0 03 b0 03 c0 03  P.`.p...........
0000bb40: d0 03 e0 03 f0 03 ff 03 00 00 40 00 00 00 00 00  ..........@.....
0000bb50: 00 00 00 00 00 00 00 00 00 00 00 00 00 00 00 00  ................
0000bb60: 00 00 00 00 00 00 00 00 00 00 40 00 00 00 00 00  ..........@.....
0000bb70: 00 00 00 00 00 00 00 00 00 00 00 00 00 00 00 00  ................
0000bb80: 00 00 00 00 00 00 00 00 00 00 40 00 00 00 00 00  ..........@.....
0000bb90: 00 00 00 00 00 00 00 00 00 00 00 00 00 00 00 00  ................
0000bba0: 00 00 00 00 00 00 00 00 00 00 01 00 05 00 0e 00  ................
0000bbb0: 40 00 00 00 00 00 00 00 00 00 00 00 00 00 00 00  @...............
0000bbc0: 00 00 00 00 00 00 00 00 00 00 05 00 1f 00 40 00  ..............@.
0000bbd0: 00 00 00 00 00 00 00 00 00 00 00 00 00 00 00 00  ................
0000bbe0: 00 00 00 00 00 00 00 00 00 00 40 00 00 00 00 00  ..........@.....
0000bbf0: 00 00 00 00 00 00 00 00 00 00 00 00 00 00 00 00  ................
0000bc00: 00 00 00 00 00 00 00 00 00 00 00 00 08 00 00 01  ................
0000bc10: 1f 00 00 00 01 00 00 00 00 00 00 00 60 00 96 00  ............`...
0000bc20: 00 00 10 00 20 00 30 00 40 00 50 00 60 00 70 00  .... .0.@.P.`.p.
0000bc30: 80 00 90 00 a0 00 b0 00 c0 00 d0 00 e0 00 f0 00  ................
0000bc40: 00 01 10 01 20 01 30 01 40 01 50 01 60 01 70 01  .... .0.@.P.`.p.
0000bc50: 80 01 90 01 a0 01 b0 01 c0 01 d0 01 e0 01 f0 01  ................
0000bc60: 00 02 10 02 20 02 30 02 40 02 50 02 60 02 70 02  .... .0.@.P.`.p.
0000bc70: 80 02 90 02 a0 02 b0 02 c0 02 d0 02 e0 02 f0 02  ................
0000bc80: 00 03 10 03 20 03 30 03 40 03 50 03 60 03 70 03  .... .0.@.P.`.p.
0000bc90: 80 03 90 03 a0 03 b0 03 c0 03 d0 03 e0 03 f0 03  ................
0000bca0: ff 03 00 00 10 00 20 00 30 00 40 00 50 00 60 00  ...... .0.@.P.`.
0000bcb0: 70 00 80 00 90 00 a0 00 b0 00 c0 00 d0 00 e0 00  p...............
0000bcc0: f0 00 00 01 10 01 20 01 30 01 40 01 50 01 60 01  ...... .0.@.P.`.
0000bcd0: 70 01 80 01 90 01 a0 01 b0 01 c0 01 d0 01 e0 01  p...............
0000bce0: f0 01 00 02 10 02 20 02 30 02 40 02 50 02 60 02  ...... .0.@.P.`.
0000bcf0: 70 02 80 02 90 02 a0 02 b0 02 c0 02 d0 02 e0 02  p...............
0000bd00: f0 02 00 03 10 03 20 03 30 03 40 03 50 03 60 03  ...... .0.@.P.`.
0000bd10: 70 03 80 03 90 03 a0 03 b0 03 c0 03 d0 03 e0 03  p...............
0000bd20: f0 03 ff 03 00 00 10 00 20 00 30 00 40 00 50 00  ........ .0.@.P.
0000bd30: 60 00 70 00 80 00 90 00 a0 00 b0 00 c0 00 d0 00  `.p.............
0000bd40: e0 00 f0 00 00 01 10 01 20 01 30 01 40 01 50 01  ........ .0.@.P.
0000bd50: 60 01 70 01 80 01 90 01 a0 01 b0 01 c0 01 d0 01  `.p.............
0000bd60: e0 01 f0 01 00 02 10 02 20 02 30 02 40 02 50 02  ........ .0.@.P.
0000bd70: 60 02 70 02 80 02 90 02 a0 02 b0 02 c0 02 d0 02  `.p.............
0000bd80: e0 02 f0 02 00 03 10 03 20 03 30 03 40 03 50 03  ........ .0.@.P.
0000bd90: 60 03 70 03 80 03 90 03 a0 03 b0 03 c0 03 d0 03  `.p.............
0000bda0: e0 03 f0 03 ff 03 00 00 10 00 20 00 30 00 40 00  .......... .0.@.
0000bdb0: 50 00 60 00 70 00 80 00 90 00 a0 00 b0 00 c0 00  P.`.p...........
0000bdc0: d0 00 e0 00 f0 00 00 01 10 01 20 01 30 01 40 01  .......... .0.@.
0000bdd0: 50 01 60 01 70 01 80 01 90 01 a0 01 b0 01 c0 01  P.`.p...........
0000bde0: d0 01 e0 01 f0 01 00 02 10 02 20 02 30 02 40 02  .......... .0.@.
0000bdf0: 50 02 60 02 70 02 80 02 90 02 a0 02 b0 02 c0 02  P.`.p...........
0000be00: d0 02 e0 02 f0 02 00 03 10 03 20 03 30 03 40 03  .......... .0.@.
0000be10: 50 03 60 03 70 03 80 03 90 03 a0 03 b0 03 c0 03  P.`.p...........
0000be20: d0 03 e0 03 f0 03 ff 03 00 00 10 00 20 00 30 00  ............ .0.
0000be30: 40 00 4c 00 5c 00 68 00 74 00 80 00 8c 00 98 00  @.L.\.h.t.......
0000be40: a0 00 ac 00 b8 00 c4 00 d0 00 d8 00 e4 00 f0 00  ................
0000be50: fc 00 08 01 14 01 20 01 28 01 34 01 40 01 4c 01  ...... .(.4.@.L.
0000be60: 5c 01 68 01 74 01 80 01 90 01 a0 01 b0 01 c0 01  \.h.t...........
0000be70: d0 01 e0 01 f4 01 08 02 1c 02 30 02 48 02 60 02  ..........0.H.`.
0000be80: 78 02 94 02 b0 02 cc 02 e8 02 04 03 20 03 38 03  x........... .8.
0000be90: 50 03 68 03 7c 03 90 03 a0 03 b0 03 bc 03 cc 03  P.h.|...........
0000bea0: d8 03 e4 03 ec 03 f8 03 ff 03 00 00 0c 00 14 00  ................
0000beb0: 1c 00 24 00 2c 00 34 00 3c 00 44 00 4c 00 54 00  ..$.,.4.<.D.L.T.
0000bec0: 5c 00 68 00 70 00 78 00 80 00 88 00 94 00 9c 00  \.h.p.x.........
0000bed0: a4 00 b0 00 b8 00 c4 00 cc 00 d8 00 e0 00 ec 00  ................
0000bee0: f8 00 00 01 0c 01 18 01 24 01 30 01 3c 01 48 01  ........$.0.<.H.
0000bef0: 54 01 60 01 70 01 7c 01 88 01 98 01 a8 01 b4 01  T.`.p.|.........
0000bf00: c4 01 d4 01 e8 01 f8 01 0c 02 20 02 38 02 4c 02  .......... .8.L.
0000bf10: 68 02 80 02 9c 02 b8 02 d8 02 f8 02 14 03 38 03  h.............8.
0000bf20: 58 03 78 03 9c 03 bc 03 e0 03 ff 03 00 00 40 00  X.x...........@.
0000bf30: 00 00 00 00 00 00 00 00 00 00 00 00 00 00 00 00  ................
0000bf40: 00 00 00 00 00 00 00 00 00 00 00 00 00 00 40 00  ..............@.
0000bf50: 00 00 00 00 00 00 00 00 00 00 00 00 00 00 00 00  ................
0000bf60: 00 00 00 00 00 00 00 00 00 00 00 00 00 00 40 00  ..............@.
0000bf70: 00 00 00 00 00 00 00 00 00 00 00 00 00 00 00 00  ................
0000bf80: 00 00 00 00 00 00 00 00 00 00 00 00 00 00 40 00  ..............@.
0000bf90: 00 00 00 00 00 00 00 00 00 00 00 00 00 00 00 00  ................
0000bfa0: 00 00 00 00 00 00 00 00 00 00 00 00 00 00 06 00  ................
0000bfb0: 0c 00 18 00 2c 00 34 00 40 00 00 00 00 00 00 00  ....,.4.@.......
0000bfc0: 00 00 00 00 00 00 00 00 00 00 00 00 00 00 27 00  ..............'.
0000bfd0: 31 00 40 00 00 00 00 00 00 00 00 00 00 00 00 00  1.@.............
0000bfe0: 00 00 00 00 00 00 00 00 00 00 00 00 00 00 00 00  ................
0000bff0: 08 00 00 01 1f 00 00 00 01 00 00 00 00 00 00 00  ................
0000c000: 60 00 c0 00 00 00 10 00 20 00 30 00 40 00 50 00  `....... .0.@.P.
0000c010: 60 00 70 00 80 00 90 00 a0 00 b0 00 c0 00 d0 00  `.p.............
0000c020: e0 00 f0 00 00 01 10 01 20 01 30 01 40 01 50 01  ........ .0.@.P.
0000c030: 60 01 70 01 80 01 90 01 a0 01 b0 01 c0 01 d0 01  `.p.............
0000c040: e0 01 f0 01 00 02 10 02 20 02 30 02 40 02 50 02  ........ .0.@.P.
0000c050: 60 02 70 02 80 02 90 02 a0 02 b0 02 c0 02 d0 02  `.p.............
0000c060: e0 02 f0 02 00 03 10 03 20 03 30 03 40 03 50 03  ........ .0.@.P.
0000c070: 60 03 70 03 80 03 90 03 a0 03 b0 03 c0 03 d0 03  `.p.............
0000c080: e0 03 f0 03 ff 03 00 00 10 00 20 00 30 00 40 00  .......... .0.@.
0000c090: 50 00 60 00 70 00 80 00 90 00 a0 00 b0 00 c0 00  P.`.p...........
0000c0a0: d0 00 e0 00 f0 00 00 01 10 01 20 01 30 01 40 01  .......... .0.@.
0000c0b0: 50 01 60 01 70 01 80 01 90 01 a0 01 b0 01 c0 01  P.`.p...........
0000c0c0: d0 01 e0 01 f0 01 00 02 10 02 20 02 30 02 40 02  .......... .0.@.
0000c0d0: 50 02 60 02 70 02 80 02 90 02 a0 02 b0 02 c0 02  P.`.p...........
0000c0e0: d0 02 e0 02 f0 02 00 03 10 03 20 03 30 03 40 03  .......... .0.@.
0000c0f0: 50 03 60 03 70 03 80 03 90 03 a0 03 b0 03 c0 03  P.`.p...........
0000c100: d0 03 e0 03 f0 03 ff 03 00 00 10 00 20 00 30 00  ............ .0.
0000c110: 40 00 50 00 60 00 70 00 80 00 90 00 a0 00 b0 00  @.P.`.p.........
0000c120: c0 00 d0 00 e0 00 f0 00 00 01 10 01 20 01 30 01  ............ .0.
0000c130: 40 01 50 01 60 01 70 01 80 01 90 01 a0 01 b0 01  @.P.`.p.........
0000c140: c0 01 d0 01 e0 01 f0 01 00 02 10 02 20 02 30 02  ............ .0.
0000c150: 40 02 50 02 60 02 70 02 80 02 90 02 a0 02 b0 02  @.P.`.p.........
0000c160: c0 02 d0 02 e0 02 f0 02 00 03 10 03 20 03 30 03  ............ .0.
0000c170: 40 03 50 03 60 03 70 03 80 03 90 03 a0 03 b0 03  @.P.`.p.........
0000c180: c0 03 d0 03 e0 03 f0 03 ff 03 00 00 10 00 20 00  .............. .
0000c190: 30 00 40 00 50 00 60 00 70 00 80 00 90 00 a0 00  0.@.P.`.p.......
0000c1a0: b0 00 c0 00 d0 00 e0 00 f0 00 00 01 10 01 20 01  .............. .
0000c1b0: 30 01 40 01 50 01 60 01 70 01 80 01 90 01 a0 01  0.@.P.`.p.......
0000c1c0: b0 01 c0 01 d0 01 e0 01 f0 01 00 02 10 02 20 02  .............. .
0000c1d0: 30 02 40 02 50 02 60 02 70 02 80 02 90 02 a0 02  0.@.P.`.p.......
0000c1e0: b0 02 c0 02 d0 02 e0 02 f0 02 00 03 10 03 20 03  .............. .
0000c1f0: 30 03 40 03 50 03 60 03 70 03 80 03 90 03 a0 03  0.@.P.`.p.......
0000c200: b0 03 c0 03 d0 03 e0 03 f0 03 ff 03 00 00 10 00  ................
0000c210: 1c 00 28 00 34 00 44 00 50 00 5c 00 68 00 78 00  ..(.4.D.P.\.h.x.
0000c220: 84 00 90 00 9c 00 ac 00 b8 00 c8 00 d4 00 e0 00  ................
0000c230: f0 00 fc 00 0c 01 18 01 28 01 34 01 44 01 54 01  ........(.4.D.T.
0000c240: 60 01 70 01 80 01 90 01 a0 01 b0 01 bc 01 cc 01  `.p.............
0000c250: e0 01 f0 01 00 02 10 02 20 02 34 02 44 02 54 02  ........ .4.D.T.
0000c260: 68 02 78 02 8c 02 9c 02 b0 02 c0 02 d4 02 e4 02  h.x.............
0000c270: f8 02 0c 03 1c 03 30 03 44 03 54 03 68 03 7c 03  ......0.D.T.h.|.
0000c280: 90 03 a4 03 b4 03 c8 03 dc 03 f0 03 ff 03 00 00  ................
0000c290: 10 00 20 00 30 00 40 00 50 00 60 00 70 00 80 00  .. .0.@.P.`.p...
0000c2a0: 90 00 a0 00 b0 00 c0 00 d0 00 e0 00 f0 00 00 01  ................
0000c2b0: 10 01 20 01 30 01 40 01 50 01 60 01 70 01 80 01  .. .0.@.P.`.p...
0000c2c0: 90 01 a0 01 b0 01 c0 01 d0 01 e0 01 f0 01 00 02  ................
0000c2d0: 10 02 20 02 30 02 40 02 50 02 60 02 70 02 80 02  .. .0.@.P.`.p...
0000c2e0: 90 02 a0 02 b0 02 c0 02 d0 02 e0 02 f0 02 00 03  ................
0000c2f0: 10 03 20 03 30 03 40 03 50 03 60 03 70 03 80 03  .. .0.@.P.`.p...
0000c300: 90 03 a0 03 b0 03 c0 03 d0 03 e0 03 f0 03 ff 03  ................
0000c310: 00 00 40 00 00 00 00 00 00 00 00 00 00 00 00 00  ..@.............
0000c320: 00 00 00 00 00 00 00 00 00 00 00 00 00 00 00 00  ................
0000c330: 00 00 40 00 00 00 00 00 00 00 00 00 00 00 00 00  ..@.............
0000c340: 00 00 00 00 00 00 00 00 00 00 00 00 00 00 00 00  ................
0000c350: 00 00 40 00 00 00 00 00 00 00 00 00 00 00 00 00  ..@.............
0000c360: 00 00 00 00 00 00 00 00 00 00 00 00 00 00 00 00  ................
0000c370: 00 00 40 00 00 00 00 00 00 00 00 00 00 00 00 00  ..@.............
0000c380: 00 00 00 00 00 00 00 00 00 00 00 00 00 00 00 00  ................
0000c390: 00 00 21 00 40 00 00 00 00 00 00 00 00 00 00 00  ..!.@...........
0000c3a0: 00 00 00 00 00 00 00 00 00 00 00 00 00 00 00 00  ................
0000c3b0: 00 00 40 00 00 00 00 00 00 00 00 00 00 00 00 00  ..@.............
0000c3c0: 00 00 00 00 00 00 00 00 00 00 00 00 00 00 00 00  ................
0000c3d0: 00 00 00 00 08 00 00 01 00 00 00 00 00 00 00 00  ................
0000c3e0: 00 00 00 00 00 00 00 00 00 00 10 00 20 00 30 00  ............ .0.
0000c3f0: 40 00 50 00 60 00 70 00 80 00 90 00 a0 00 b0 00  @.P.`.p.........
0000c400: c0 00 d0 00 e0 00 f0 00 00 01 10 01 20 01 30 01  ............ .0.
0000c410: 40 01 50 01 60 01 70 01 80 01 90 01 a0 01 b0 01  @.P.`.p.........
0000c420: c0 01 d0 01 e0 01 f0 01 00 02 10 02 20 02 30 02  ............ .0.
0000c430: 40 02 50 02 60 02 70 02 80 02 90 02 a0 02 b0 02  @.P.`.p.........
0000c440: c0 02 d0 02 e0 02 f0 02 00 03 10 03 20 03 30 03  ............ .0.
0000c450: 40 03 50 03 60 03 70 03 80 03 90 03 a0 03 b0 03  @.P.`.p.........
0000c460: c0 03 d0 03 e0 03 f0 03 ff 03 00 00 10 00 20 00  .............. .
0000c470: 30 00 40 00 50 00 60 00 70 00 80 00 90 00 a0 00  0.@.P.`.p.......
0000c480: b0 00 c0 00 d0 00 e0 00 f0 00 00 01 10 01 20 01  .............. .
0000c490: 30 01 40 01 50 01 60 01 70 01 80 01 90 01 a0 01  0.@.P.`.p.......
0000c4a0: b0 01 c0 01 d0 01 e0 01 f0 01 00 02 10 02 20 02  .............. .
0000c4b0: 30 02 40 02 50 02 60 02 70 02 80 02 90 02 a0 02  0.@.P.`.p.......
0000c4c0: b0 02 c0 02 d0 02 e0 02 f0 02 00 03 10 03 20 03  .............. .
0000c4d0: 30 03 40 03 50 03 60 03 70 03 80 03 90 03 a0 03  0.@.P.`.p.......
0000c4e0: b0 03 c0 03 d0 03 e0 03 f0 03 ff 03 00 00 10 00  ................
0000c4f0: 20 00 30 00 40 00 50 00 60 00 70 00 80 00 90 00   .0.@.P.`.p.....
0000c500: a0 00 b0 00 c0 00 d0 00 e0 00 f0 00 00 01 10 01  ................
0000c510: 20 01 30 01 40 01 50 01 60 01 70 01 80 01 90 01   .0.@.P.`.p.....
0000c520: a0 01 b0 01 c0 01 d0 01 e0 01 f0 01 00 02 10 02  ................
0000c530: 20 02 30 02 40 02 50 02 60 02 70 02 80 02 90 02   .0.@.P.`.p.....
0000c540: a0 02 b0 02 c0 02 d0 02 e0 02 f0 02 00 03 10 03  ................
0000c550: 20 03 30 03 40 03 50 03 60 03 70 03 80 03 90 03   .0.@.P.`.p.....
0000c560: a0 03 b0 03 c0 03 d0 03 e0 03 f0 03 ff 03 00 00  ................
0000c570: 10 00 20 00 30 00 40 00 50 00 60 00 70 00 80 00  .. .0.@.P.`.p...
0000c580: 90 00 a0 00 b0 00 c0 00 d0 00 e0 00 f0 00 00 01  ................
0000c590: 10 01 20 01 30 01 40 01 50 01 60 01 70 01 80 01  .. .0.@.P.`.p...
0000c5a0: 90 01 a0 01 b0 01 c0 01 d0 01 e0 01 f0 01 00 02  ................
0000c5b0: 10 02 20 02 30 02 40 02 50 02 60 02 70 02 80 02  .. .0.@.P.`.p...
0000c5c0: 90 02 a0 02 b0 02 c0 02 d0 02 e0 02 f0 02 00 03  ................
0000c5d0: 10 03 20 03 30 03 40 03 50 03 60 03 70 03 80 03  .. .0.@.P.`.p...
0000c5e0: 90 03 a0 03 b0 03 c0 03 d0 03 e0 03 f0 03 ff 03  ................
0000c5f0: 00 00 10 00 20 00 30 00 40 00 50 00 60 00 70 00  .... .0.@.P.`.p.
0000c600: 80 00 90 00 a0 00 b0 00 c0 00 d0 00 e0 00 f0 00  ................
0000c610: 00 01 10 01 20 01 30 01 40 01 50 01 60 01 70 01  .... .0.@.P.`.p.
0000c620: 80 01 90 01 a0 01 b0 01 c0 01 d0 01 e0 01 f0 01  ................
0000c630: 00 02 10 02 20 02 30 02 40 02 50 02 60 02 70 02  .... .0.@.P.`.p.
0000c640: 80 02 90 02 a0 02 b0 02 c0 02 d0 02 e0 02 f0 02  ................
0000c650: 00 03 10 03 20 03 30 03 40 03 50 03 60 03 70 03  .... .0.@.P.`.p.
0000c660: 80 03 90 03 a0 03 b0 03 c0 03 d0 03 e0 03 f0 03  ................
0000c670: ff 03 00 00 10 00 20 00 30 00 40 00 50 00 60 00  ...... .0.@.P.`.
0000c680: 70 00 80 00 90 00 a0 00 b0 00 c0 00 d0 00 e0 00  p...............
0000c690: f0 00 00 01 10 01 20 01 30 01 40 01 50 01 60 01  ...... .0.@.P.`.
0000c6a0: 70 01 80 01 90 01 a0 01 b0 01 c0 01 d0 01 e0 01  p...............
0000c6b0: f0 01 00 02 10 02 20 02 30 02 40 02 50 02 60 02  ...... .0.@.P.`.
0000c6c0: 70 02 80 02 90 02 a0 02 b0 02 c0 02 d0 02 e0 02  p...............
0000c6d0: f0 02 00 03 10 03 20 03 30 03 40 03 50 03 60 03  ...... .0.@.P.`.
0000c6e0: 70 03 80 03 90 03 a0 03 b0 03 c0 03 d0 03 e0 03  p...............
0000c6f0: f0 03 ff 03 00 00 40 00 00 00 00 00 00 00 00 00  ......@.........
0000c700: 00 00 00 00 00 00 00 00 00 00 00 00 00 00 00 00  ................
0000c710: 00 00 00 00 00 00 40 00 00 00 00 00 00 00 00 00  ......@.........
0000c720: 00 00 00 00 00 00 00 00 00 00 00 00 00 00 00 00  ................
0000c730: 00 00 00 00 00 00 40 00 00 00 00 00 00 00 00 00  ......@.........
0000c740: 00 00 00 00 00 00 00 00 00 00 00 00 00 00 00 00  ................
0000c750: 00 00 00 00 00 00 08 00 10 00 18 00 20 00 28 00  ............ .(.
0000c760: 30 00 38 00 40 00 00 00 00 00 00 00 00 00 00 00  0.8.@...........
0000c770: 00 00 00 00 00 00 08 00 10 00 18 00 20 00 28 00  ............ .(.
0000c780: 30 00 38 00 40 00 00 00 00 00 00 00 00 00 00 00  0.8.@...........
0000c790: 00 00 00 00 00 00 08 00 10 00 18 00 20 00 28 00  ............ .(.
0000c7a0: 30 00 38 00 40 00 00 00 00 00 00 00 00 00 00 00  0.8.@...........
0000c7b0: 00 00 00 00 00 00 00 00 01 00 00 00 0b 00 58 2b  ..............X+
0000c7c0: 01 00 01 00 04 00 01 00 03 00 03 00 01 00 18 00  ................
0000c7d0: 00 00 00 00 f6 ff f5 ff f5 ff f4 ff f3 ff f3 ff  ................
0000c7e0: f2 ff f1 ff f1 ff f0 ff ef ff ef ff ee ff ee ff  ................
0000c7f0: ed ff ec ff ec ff eb ff eb ff ea ff ea ff e9 ff  ................
0000c800: e8 ff e8 ff e7 ff e7 ff e6 ff e6 ff e5 ff e5 ff  ................
0000c810: e4 ff e4 ff e3 ff e3 ff e3 ff e2 ff e2 ff e1 ff  ................
0000c820: e1 ff e1 ff e0 ff e0 ff e0 ff df ff df ff df ff  ................
0000c830: df ff de ff de ff de ff de ff de ff de ff de ff  ................
0000c840: dd ff dd ff dd ff dd ff dd ff dd ff dd ff dd ff  ................
0000c850: de ff de ff de ff de ff de ff de ff de ff df ff  ................
0000c860: df ff df ff df ff e0 ff e0 ff e0 ff e1 ff e1 ff  ................
0000c870: e1 ff e2 ff e2 ff e2 ff e3 ff e3 ff e4 ff e4 ff  ................
0000c880: e5 ff e5 ff e6 ff e6 ff e7 ff e7 ff e8 ff e8 ff  ................
0000c890: e9 ff e9 ff ea ff ea ff eb ff ec ff ec ff ed ff  ................
0000c8a0: ed ff ee ff ef ff ef ff f0 ff f1 ff f1 ff f2 ff  ................
0000c8b0: f3 ff f3 ff f4 ff f5 ff f5 ff f6 ff f7 ff f8 ff  ................
0000c8c0: f8 ff f9 ff fa ff fa ff fb ff fc ff fd ff fd ff  ................
0000c8d0: fe ff ff ff 00 00 00 00 01 00 02 00 02 00 03 00  ................
0000c8e0: 04 00 05 00 05 00 06 00 07 00 08 00 08 00 09 00  ................
0000c8f0: 0a 00 0b 00 0b 00 0c 00 0d 00 0d 00 0e 00 0f 00  ................
0000c900: 10 00 10 00 11 00 12 00 12 00 13 00 14 00 14 00  ................
0000c910: 15 00 15 00 16 00 17 00 17 00 18 00 19 00 19 00  ................
0000c920: 1a 00 1a 00 1b 00 1b 00 1c 00 1c 00 1d 00 1d 00  ................
0000c930: 1e 00 1e 00 1f 00 1f 00 20 00 20 00 20 00 21 00  ........ . . .!.
0000c940: 21 00 22 00 22 00 22 00 23 00 23 00 23 00 23 00  !.".".".#.#.#.#.
0000c950: 24 00 24 00 24 00 24 00 24 00 25 00 25 00 25 00  $.$.$.$.$.%.%.%.
0000c960: 25 00 25 00 25 00 25 00 25 00 25 00 25 00 25 00  %.%.%.%.%.%.%.%.
0000c970: 25 00 25 00 25 00 25 00 24 00 24 00 24 00 24 00  %.%.%.%.$.$.$.$.
0000c980: 23 00 23 00 23 00 22 00 22 00 22 00 21 00 21 00  #.#.#.".".".!.!.
0000c990: 20 00 20 00 1f 00 1f 00 1e 00 1e 00 1d 00 1c 00   . .............
0000c9a0: 1c 00 1b 00 1a 00 1a 00 19 00 18 00 17 00 17 00  ................
0000c9b0: 16 00 15 00 14 00 13 00 13 00 12 00 11 00 10 00  ................
0000c9c0: 0f 00 0e 00 0d 00 0c 00 0b 00 0b 00 0a 00 09 00  ................
0000c9d0: 08 00 07 00 f7 ff f6 ff f6 ff f5 ff f5 ff f4 ff  ................
0000c9e0: f4 ff f4 ff f3 ff f3 ff f2 ff f2 ff f1 ff f1 ff  ................
0000c9f0: f1 ff f0 ff f0 ff ef ff ef ff ef ff ee ff ee ff  ................
0000ca00: ed ff ed ff ed ff ec ff ec ff ec ff eb ff eb ff  ................
0000ca10: eb ff ea ff ea ff ea ff e9 ff e9 ff e9 ff e8 ff  ................
0000ca20: e8 ff e8 ff e8 ff e7 ff e7 ff e7 ff e7 ff e7 ff  ................
0000ca30: e6 ff e6 ff e6 ff e6 ff e6 ff e6 ff e5 ff e5 ff  ................
0000ca40: e5 ff e5 ff e5 ff e5 ff e5 ff e5 ff e5 ff e5 ff  ................
0000ca50: e5 ff e5 ff e5 ff e5 ff e5 ff e5 ff e5 ff e5 ff  ................
0000ca60: e5 ff e5 ff e5 ff e6 ff e6 ff e6 ff e6 ff e6 ff  ................
0000ca70: e6 ff e6 ff e7 ff e7 ff e7 ff e7 ff e8 ff e8 ff  ................
0000ca80: e8 ff e8 ff e9 ff e9 ff e9 ff ea ff ea ff ea ff  ................
0000ca90: eb ff eb ff eb ff ec ff ec ff ec ff ed ff ed ff  ................
0000caa0: ee ff ee ff ef ff ef ff f0 ff f0 ff f1 ff f1 ff  ................
0000cab0: f2 ff f2 ff f3 ff f3 ff f4 ff f5 ff f5 ff f6 ff  ................
0000cac0: f7 ff f7 ff f8 ff f9 ff fa ff fa ff fb ff fc ff  ................
0000cad0: fd ff fe ff ff ff 00 00 01 00 03 00 04 00 05 00  ................
0000cae0: 06 00 07 00 09 00 0a 00 0b 00 0c 00 0d 00 0e 00  ................
0000caf0: 0e 00 0f 00 10 00 10 00 10 00 11 00 11 00 11 00  ................
0000cb00: 11 00 10 00 10 00 10 00 10 00 0f 00 0f 00 0e 00  ................
0000cb10: 0e 00 0d 00 0d 00 0c 00 0c 00 0b 00 0b 00 0a 00  ................
0000cb20: 0a 00 0a 00 09 00 09 00 09 00 09 00 09 00 09 00  ................
0000cb30: 09 00 0a 00 0a 00 0a 00 0b 00 0b 00 0c 00 0c 00  ................
0000cb40: 0d 00 0d 00 0e 00 0f 00 0f 00 10 00 11 00 12 00  ................
0000cb50: 12 00 13 00 14 00 15 00 15 00 16 00 17 00 18 00  ................
0000cb60: 19 00 19 00 1a 00 1b 00 1b 00 1c 00 1d 00 1d 00  ................
0000cb70: 1e 00 1f 00 1f 00 20 00 20 00 20 00 21 00 21 00  ...... . . .!.!.
0000cb80: 21 00 21 00 21 00 21 00 21 00 21 00 21 00 21 00  !.!.!.!.!.!.!.!.
0000cb90: 21 00 20 00 20 00 1f 00 1f 00 1e 00 1e 00 1d 00  !. . ...........
0000cba0: 1d 00 1c 00 1b 00 1a 00 1a 00 19 00 18 00 17 00  ................
0000cbb0: 16 00 15 00 14 00 13 00 12 00 11 00 10 00 0f 00  ................
0000cbc0: 0e 00 0c 00 0b 00 0a 00 09 00 08 00 07 00 05 00  ................
0000cbd0: 04 00 03 00 00 00 36 00 6a 00 80 00 96 00 dc 00  ......6.j.......
0000cbe0: ff 00 00 00 00 00 00 00 00 00 00 00 00 00 00 00  ................
0000cbf0: 00 00 00 00 00 00 2c 00 6c 00 80 00 90 00 a8 00  ......,.l.......
0000cc00: d6 00 ff 00 00 00 00 00 00 00 00 00 00 00 00 00  ................
0000cc10: 00 00 00 00 01 00 03 00 01 00 03 00 02 00 80 00  ................
0000cc20: 20 00 01 00 01 00 b0 ff ae ff ac ff aa ff a8 ff   ...............
0000cc30: a6 ff a4 ff a3 ff a1 ff 9f ff 9d ff 9c ff 9a ff  ................
0000cc40: 99 ff 97 ff 96 ff 95 ff 94 ff 93 ff 92 ff 91 ff  ................
0000cc50: 91 ff 90 ff 90 ff 8f ff 8f ff 8f ff 8f ff 8f ff  ................
0000cc60: 8f ff 90 ff 90 ff 90 ff 91 ff 91 ff 92 ff 93 ff  ................
0000cc70: 93 ff 94 ff 95 ff 96 ff 97 ff 98 ff 99 ff 9a ff  ................
0000cc80: 9b ff 9c ff 9d ff 9e ff 9f ff a0 ff a1 ff a3 ff  ................
0000cc90: a4 ff a5 ff a7 ff a8 ff a9 ff ab ff ac ff ad ff  ................
0000cca0: af ff b0 ff b2 ff b3 ff b5 ff b6 ff b7 ff b9 ff  ................
0000ccb0: ba ff bc ff bd ff bf ff c0 ff c2 ff c3 ff c5 ff  ................
0000ccc0: c6 ff c8 ff c9 ff cb ff cc ff ce ff cf ff d1 ff  ................
0000ccd0: d2 ff d4 ff d5 ff d7 ff d8 ff d9 ff db ff dc ff  ................
0000cce0: dd ff df ff e0 ff e1 ff e3 ff e4 ff e5 ff e6 ff  ................
0000ccf0: e7 ff e9 ff ea ff eb ff ec ff ed ff ee ff ef ff  ................
0000cd00: f0 ff f1 ff f2 ff f3 ff f4 ff f4 ff f5 ff f6 ff  ................
0000cd10: f7 ff f8 ff f9 ff fa ff fa ff fb ff fc ff fd ff  ................
0000cd20: fe ff fe ff ff ff 00 00 01 00 02 00 02 00 03 00  ................
0000cd30: 04 00 05 00 06 00 07 00 08 00 08 00 09 00 0a 00  ................
0000cd40: 0b 00 0c 00 0d 00 0e 00 0f 00 10 00 11 00 12 00  ................
0000cd50: 13 00 15 00 16 00 17 00 18 00 19 00 1b 00 1c 00  ................
0000cd60: 1d 00 1f 00 20 00 21 00 23 00 24 00 26 00 27 00  .... .!.#.$.&.'.
0000cd70: 29 00 2a 00 2c 00 2d 00 2f 00 30 00 32 00 34 00  ).*.,.-./.0.2.4.
0000cd80: 35 00 37 00 38 00 3a 00 3c 00 3d 00 3f 00 40 00  5.7.8.:.<.=.?.@.
0000cd90: 42 00 44 00 45 00 47 00 48 00 4a 00 4b 00 4d 00  B.D.E.G.H.J.K.M.
0000cda0: 4e 00 50 00 51 00 53 00 54 00 56 00 57 00 59 00  N.P.Q.S.T.V.W.Y.
0000cdb0: 5a 00 5b 00 5d 00 5e 00 5f 00 60 00 62 00 63 00  Z.[.].^._.`.b.c.
0000cdc0: 64 00 65 00 66 00 67 00 68 00 69 00 6a 00 6a 00  d.e.f.g.h.i.j.j.
0000cdd0: 6b 00 6c 00 6d 00 6d 00 6e 00 6e 00 6e 00 6f 00  k.l.m.m.n.n.n.o.
0000cde0: 6f 00 6f 00 6f 00 6f 00 6f 00 6f 00 6f 00 6f 00  o.o.o.o.o.o.o.o.
0000cdf0: 6e 00 6e 00 6d 00 6d 00 6c 00 6b 00 6a 00 69 00  n.n.m.m.l.k.j.i.
0000ce00: 68 00 67 00 66 00 64 00 63 00 61 00 5f 00 5d 00  h.g.f.d.c.a._.].
0000ce10: 5c 00 5a 00 58 00 56 00 53 00 51 00 4f 00 4d 00  \.Z.X.V.S.Q.O.M.
0000ce20: 4b 00 48 00 45 00 ac ff aa ff a8 ff a6 ff a4 ff  K.H.E...........
0000ce30: a3 ff a1 ff 9f ff 9d ff 9b ff 9a ff 98 ff 97 ff  ................
0000ce40: 95 ff 94 ff 92 ff 91 ff 90 ff 8f ff 8e ff 8e ff  ................
0000ce50: 8d ff 8c ff 8c ff 8c ff 8c ff 8c ff 8c ff 8c ff  ................
0000ce60: 8c ff 8c ff 8d ff 8d ff 8e ff 8f ff 8f ff 90 ff  ................
0000ce70: 91 ff 92 ff 93 ff 94 ff 95 ff 97 ff 98 ff 99 ff  ................
0000ce80: 9a ff 9c ff 9d ff 9e ff a0 ff a1 ff a3 ff a4 ff  ................
0000ce90: a5 ff a7 ff a8 ff aa ff ab ff ad ff ae ff b0 ff  ................
0000cea0: b1 ff b3 ff b4 ff b6 ff b8 ff b9 ff bb ff bc ff  ................
0000ceb0: be ff bf ff c1 ff c2 ff c4 ff c5 ff c7 ff c8 ff  ................
0000cec0: ca ff cb ff cd ff ce ff d0 ff d1 ff d3 ff d4 ff  ................
0000ced0: d6 ff d7 ff d9 ff da ff db ff dd ff de ff df ff  ................
0000cee0: e1 ff e2 ff e3 ff e4 ff e6 ff e7 ff e8 ff e9 ff  ................
0000cef0: ea ff eb ff ec ff ed ff ee ff ef ff f0 ff f1 ff  ................
0000cf00: f2 ff f3 ff f4 ff f5 ff f5 ff f6 ff f7 ff f8 ff  ................
0000cf10: f9 ff f9 ff fa ff fb ff fb ff fc ff fd ff fd ff  ................
0000cf20: fe ff ff ff ff ff 00 00 01 00 01 00 02 00 03 00  ................
0000cf30: 03 00 04 00 05 00 05 00 06 00 07 00 08 00 08 00  ................
0000cf40: 09 00 0a 00 0b 00 0c 00 0d 00 0e 00 0f 00 10 00  ................
0000cf50: 11 00 12 00 13 00 15 00 16 00 17 00 19 00 1a 00  ................
0000cf60: 1b 00 1d 00 1e 00 20 00 21 00 23 00 24 00 26 00  ...... .!.#.$.&.
0000cf70: 28 00 29 00 2b 00 2c 00 2e 00 30 00 31 00 33 00  (.).+.,...0.1.3.
0000cf80: 35 00 36 00 38 00 3a 00 3b 00 3d 00 3f 00 40 00  5.6.8.:.;.=.?.@.
0000cf90: 42 00 43 00 45 00 47 00 48 00 4a 00 4b 00 4d 00  B.C.E.G.H.J.K.M.
0000cfa0: 4e 00 50 00 51 00 52 00 54 00 55 00 56 00 58 00  N.P.Q.R.T.U.V.X.
0000cfb0: 59 00 5a 00 5b 00 5c 00 5d 00 5e 00 5f 00 60 00  Y.Z.[.\.].^._.`.
0000cfc0: 61 00 62 00 63 00 63 00 64 00 65 00 65 00 66 00  a.b.c.c.d.e.e.f.
0000cfd0: 67 00 67 00 68 00 68 00 68 00 69 00 69 00 69 00  g.g.h.h.h.i.i.i.
0000cfe0: 6a 00 6a 00 6a 00 6a 00 6a 00 6b 00 6b 00 6b 00  j.j.j.j.j.k.k.k.
0000cff0: 6b 00 6b 00 6a 00 6a 00 6a 00 6a 00 6a 00 6a 00  k.k.j.j.j.j.j.j.
0000d000: 69 00 69 00 69 00 68 00 68 00 68 00 67 00 67 00  i.i.i.h.h.h.g.g.
0000d010: 66 00 66 00 65 00 65 00 64 00 64 00 63 00 63 00  f.f.e.e.d.d.c.c.
0000d020: 62 00 62 00 61 00 00 00 12 00 2c 00 66 00 80 00  b.b.a.....,.f...
0000d030: 9a 00 ca 00 ee 00 ff 00 00 00 00 00 00 00 00 00  ................
0000d040: 00 00 00 00 00 00 00 00 14 00 30 00 68 00 80 00  ..........0.h...
0000d050: 94 00 c4 00 e6 00 ff 00 00 00 00 00 00 00 00 00  ................
0000d060: 00 00 00 00 00 00 01 00 03 00 01 00 03 00 02 00  ................
0000d070: 20 00 20 00 01 00 01 00 b4 ff b3 ff b1 ff b0 ff   . .............
0000d080: ae ff ad ff ab ff aa ff a8 ff a7 ff a6 ff a5 ff  ................
0000d090: a3 ff a2 ff a1 ff a1 ff a0 ff 9f ff 9e ff 9e ff  ................
0000d0a0: 9e ff 9d ff 9d ff 9d ff 9d ff 9d ff 9e ff 9e ff  ................
0000d0b0: 9e ff 9f ff 9f ff a0 ff a1 ff a1 ff a2 ff a3 ff  ................
0000d0c0: a4 ff a5 ff a6 ff a7 ff a8 ff a9 ff aa ff ab ff  ................
0000d0d0: ac ff ad ff ae ff af ff b1 ff b2 ff b3 ff b4 ff  ................
0000d0e0: b6 ff b7 ff b8 ff b9 ff ba ff bc ff bd ff be ff  ................
0000d0f0: c0 ff c1 ff c2 ff c3 ff c5 ff c6 ff c7 ff c8 ff  ................
0000d100: ca ff cb ff cc ff ce ff cf ff d0 ff d1 ff d3 ff  ................
0000d110: d4 ff d5 ff d6 ff d7 ff d9 ff da ff db ff dc ff  ................
0000d120: dd ff de ff df ff e0 ff e1 ff e3 ff e4 ff e5 ff  ................
0000d130: e6 ff e6 ff e7 ff e8 ff e9 ff ea ff eb ff ec ff  ................
0000d140: ed ff ed ff ee ff ef ff f0 ff f0 ff f1 ff f2 ff  ................
0000d150: f3 ff f3 ff f4 ff f5 ff f5 ff f6 ff f7 ff f7 ff  ................
0000d160: f8 ff f9 ff f9 ff fa ff fb ff fb ff fc ff fd ff  ................
0000d170: fd ff fe ff ff ff ff ff 00 00 01 00 01 00 02 00  ................
0000d180: 03 00 04 00 04 00 05 00 06 00 07 00 08 00 08 00  ................
0000d190: 09 00 0a 00 0b 00 0c 00 0d 00 0e 00 0f 00 0f 00  ................
0000d1a0: 10 00 11 00 12 00 13 00 14 00 15 00 16 00 17 00  ................
0000d1b0: 18 00 1a 00 1b 00 1c 00 1d 00 1e 00 1f 00 20 00  .............. .
0000d1c0: 21 00 22 00 23 00 25 00 26 00 27 00 28 00 29 00  !.".#.%.&.'.(.).
0000d1d0: 2a 00 2c 00 2d 00 2e 00 2f 00 30 00 31 00 33 00  *.,.-.../.0.1.3.
0000d1e0: 34 00 35 00 36 00 37 00 39 00 3a 00 3b 00 3c 00  4.5.6.7.9.:.;.<.
0000d1f0: 3d 00 3f 00 40 00 41 00 42 00 43 00 44 00 45 00  =.?.@.A.B.C.D.E.
0000d200: 47 00 48 00 49 00 4a 00 4b 00 4c 00 4d 00 4e 00  G.H.I.J.K.L.M.N.
0000d210: 50 00 51 00 52 00 53 00 54 00 55 00 56 00 57 00  P.Q.R.S.T.U.V.W.
0000d220: 58 00 59 00 5a 00 5b 00 5c 00 5c 00 5d 00 5e 00  X.Y.Z.[.\.\.].^.
0000d230: 5f 00 5f 00 60 00 60 00 61 00 61 00 62 00 62 00  _._.`.`.a.a.b.b.
0000d240: 62 00 62 00 62 00 62 00 62 00 62 00 61 00 61 00  b.b.b.b.b.b.a.a.
0000d250: 60 00 60 00 5f 00 5e 00 5d 00 5c 00 5b 00 5a 00  `.`._.^.].\.[.Z.
0000d260: 58 00 57 00 55 00 54 00 52 00 51 00 4f 00 4d 00  X.W.U.T.R.Q.O.M.
0000d270: 4b 00 49 00 48 00 45 00 a8 ff a7 ff a6 ff a5 ff  K.I.H.E.........
0000d280: a4 ff a3 ff a2 ff a1 ff a0 ff 9f ff 9e ff 9d ff  ................
0000d290: 9c ff 9c ff 9b ff 9a ff 9a ff 9a ff 99 ff 99 ff  ................
0000d2a0: 99 ff 99 ff 99 ff 99 ff 9a ff 9a ff 9a ff 9b ff  ................
0000d2b0: 9b ff 9c ff 9d ff 9d ff 9e ff 9f ff a0 ff a1 ff  ................
0000d2c0: a2 ff a3 ff a4 ff a5 ff a6 ff a7 ff a8 ff a9 ff  ................
0000d2d0: aa ff ab ff ad ff ae ff af ff b0 ff b1 ff b3 ff  ................
0000d2e0: b4 ff b5 ff b6 ff b7 ff b9 ff ba ff bb ff bc ff  ................
0000d2f0: be ff bf ff c0 ff c1 ff c3 ff c4 ff c5 ff c6 ff  ................
0000d300: c8 ff c9 ff ca ff cb ff cd ff ce ff cf ff d0 ff  ................
0000d310: d2 ff d3 ff d4 ff d5 ff d7 ff d8 ff d9 ff da ff  ................
0000d320: db ff dc ff de ff df ff e0 ff e1 ff e2 ff e3 ff  ................
0000d330: e4 ff e5 ff e6 ff e7 ff e8 ff e9 ff ea ff eb ff  ................
0000d340: ec ff ed ff ee ff ef ff f0 ff f1 ff f2 ff f2 ff  ................
0000d350: f3 ff f4 ff f5 ff f5 ff f6 ff f7 ff f8 ff f8 ff  ................
0000d360: f9 ff fa ff fa ff fb ff fb ff fc ff fd ff fd ff  ................
0000d370: fe ff fe ff ff ff ff ff 00 00 01 00 01 00 02 00  ................
0000d380: 02 00 03 00 03 00 04 00 04 00 05 00 05 00 06 00  ................
0000d390: 06 00 07 00 07 00 08 00 08 00 09 00 0a 00 0a 00  ................
0000d3a0: 0b 00 0c 00 0c 00 0d 00 0e 00 0e 00 0f 00 10 00  ................
0000d3b0: 10 00 11 00 12 00 13 00 14 00 15 00 16 00 17 00  ................
0000d3c0: 17 00 18 00 19 00 1a 00 1b 00 1c 00 1d 00 1f 00  ................
0000d3d0: 20 00 21 00 22 00 23 00 24 00 25 00 26 00 27 00   .!.".#.$.%.&.'.
0000d3e0: 28 00 29 00 2b 00 2c 00 2d 00 2e 00 2f 00 30 00  (.).+.,.-.../.0.
0000d3f0: 31 00 33 00 34 00 35 00 36 00 37 00 38 00 39 00  1.3.4.5.6.7.8.9.
0000d400: 3a 00 3b 00 3c 00 3d 00 3f 00 40 00 41 00 42 00  :.;.<.=.?.@.A.B.
0000d410: 43 00 44 00 45 00 46 00 46 00 47 00 48 00 49 00  C.D.E.F.F.G.H.I.
0000d420: 4a 00 4b 00 4c 00 4c 00 4d 00 4e 00 4f 00 4f 00  J.K.L.L.M.N.O.O.
0000d430: 50 00 50 00 51 00 52 00 52 00 53 00 53 00 53 00  P.P.Q.R.R.S.S.S.
0000d440: 54 00 54 00 54 00 54 00 54 00 54 00 55 00 54 00  T.T.T.T.T.T.U.T.
0000d450: 54 00 54 00 54 00 54 00 53 00 53 00 53 00 52 00  T.T.T.T.S.S.S.R.
0000d460: 52 00 51 00 50 00 50 00 4f 00 4e 00 4d 00 4d 00  R.Q.P.P.O.N.M.M.
0000d470: 4c 00 4b 00 4a 00 49 00 00 00 10 00 2c 00 5e 00  L.K.J.I.....,.^.
0000d480: 80 00 90 00 d0 00 ee 00 ff 00 00 00 00 00 00 00  ................
0000d490: 00 00 00 00 00 00 00 00 00 00 10 00 2a 00 66 00  ............*.f.
0000d4a0: 80 00 9a 00 d4 00 ee 00 ff 00 00 00 00 00 00 00  ................
0000d4b0: 00 00 00 00 00 00 00 00 01 00 03 00 01 00 03 00  ................
0000d4c0: 02 00 80 00 20 00 01 00 01 00 bd ff bc ff ba ff  .... ...........
0000d4d0: b9 ff b8 ff b6 ff b5 ff b3 ff b2 ff b1 ff af ff  ................
0000d4e0: ae ff ad ff ac ff ab ff aa ff a9 ff a8 ff a7 ff  ................
0000d4f0: a7 ff a6 ff a6 ff a5 ff a5 ff a5 ff a5 ff a5 ff  ................
0000d500: a5 ff a5 ff a5 ff a6 ff a6 ff a7 ff a7 ff a8 ff  ................
0000d510: a8 ff a9 ff aa ff ab ff ac ff ad ff ae ff af ff  ................
0000d520: b0 ff b1 ff b3 ff b4 ff b5 ff b6 ff b8 ff b9 ff  ................
0000d530: ba ff bc ff bd ff bf ff c0 ff c2 ff c3 ff c4 ff  ................
0000d540: c6 ff c7 ff c9 ff ca ff cc ff cd ff ce ff d0 ff  ................
0000d550: d1 ff d2 ff d4 ff d5 ff d6 ff d7 ff d8 ff d9 ff  ................
0000d560: db ff dc ff dd ff de ff df ff e0 ff e1 ff e2 ff  ................
0000d570: e3 ff e4 ff e4 ff e5 ff e6 ff e7 ff e8 ff e9 ff  ................
0000d580: e9 ff ea ff eb ff ec ff ed ff ed ff ee ff ef ff  ................
0000d590: ef ff f0 ff f1 ff f1 ff f2 ff f3 ff f3 ff f4 ff  ................
0000d5a0: f5 ff f5 ff f6 ff f6 ff f7 ff f8 ff f8 ff f9 ff  ................
0000d5b0: f9 ff fa ff fa ff fb ff fb ff fc ff fc ff fd ff  ................
0000d5c0: fd ff fe ff ff ff ff ff 00 00 00 00 00 00 01 00  ................
0000d5d0: 01 00 02 00 02 00 03 00 03 00 04 00 04 00 05 00  ................
0000d5e0: 05 00 06 00 06 00 07 00 07 00 08 00 09 00 09 00  ................
0000d5f0: 0a 00 0a 00 0b 00 0b 00 0c 00 0d 00 0d 00 0e 00  ................
0000d600: 0f 00 0f 00 10 00 11 00 11 00 12 00 13 00 14 00  ................
0000d610: 14 00 15 00 16 00 17 00 18 00 18 00 19 00 1a 00  ................
0000d620: 1b 00 1c 00 1d 00 1e 00 1f 00 20 00 20 00 21 00  .......... . .!.
0000d630: 22 00 23 00 24 00 26 00 27 00 28 00 29 00 2a 00  ".#.$.&.'.(.).*.
0000d640: 2b 00 2c 00 2d 00 2e 00 30 00 31 00 32 00 33 00  +.,.-...0.1.2.3.
0000d650: 34 00 36 00 37 00 38 00 39 00 3a 00 3b 00 3d 00  4.6.7.8.9.:.;.=.
0000d660: 3e 00 3f 00 40 00 41 00 42 00 43 00 44 00 45 00  >.?.@.A.B.C.D.E.
0000d670: 46 00 47 00 48 00 49 00 49 00 4a 00 4b 00 4b 00  F.G.H.I.I.J.K.K.
0000d680: 4c 00 4d 00 4d 00 4e 00 4e 00 4e 00 4f 00 4f 00  L.M.M.N.N.N.O.O.
0000d690: 4f 00 4f 00 4f 00 4f 00 4f 00 4f 00 4e 00 4e 00  O.O.O.O.O.O.N.N.
0000d6a0: 4e 00 4d 00 4d 00 4c 00 4b 00 4a 00 49 00 48 00  N.M.M.L.K.J.I.H.
0000d6b0: 47 00 46 00 45 00 44 00 43 00 42 00 40 00 3f 00  G.F.E.D.C.B.@.?.
0000d6c0: 3e 00 3c 00 3b 00 3a 00 38 00 a8 ff a7 ff a7 ff  >.<.;.:.8.......
0000d6d0: a6 ff a5 ff a5 ff a4 ff a3 ff a3 ff a2 ff a2 ff  ................
0000d6e0: a1 ff a1 ff a1 ff a0 ff a0 ff a0 ff a0 ff a0 ff  ................
0000d6f0: a0 ff a0 ff a1 ff a1 ff a1 ff a2 ff a2 ff a3 ff  ................
0000d700: a4 ff a4 ff a5 ff a6 ff a7 ff a7 ff a8 ff a9 ff  ................
0000d710: aa ff ab ff ad ff ae ff af ff b0 ff b1 ff b3 ff  ................
0000d720: b4 ff b5 ff b6 ff b8 ff b9 ff bb ff bc ff bd ff  ................
0000d730: bf ff c0 ff c2 ff c3 ff c5 ff c6 ff c8 ff c9 ff  ................
0000d740: cb ff cc ff ce ff cf ff d1 ff d2 ff d4 ff d5 ff  ................
0000d750: d6 ff d8 ff d9 ff db ff dc ff de ff df ff e0 ff  ................
0000d760: e2 ff e3 ff e4 ff e5 ff e7 ff e8 ff e9 ff ea ff  ................
0000d770: eb ff ed ff ee ff ef ff f0 ff f1 ff f2 ff f2 ff  ................
0000d780: f3 ff f4 ff f5 ff f5 ff f6 ff f7 ff f7 ff f8 ff  ................
0000d790: f8 ff f9 ff f9 ff fa ff fa ff fb ff fb ff fb ff  ................
0000d7a0: fc ff fc ff fc ff fd ff fd ff fd ff fd ff fd ff  ................
0000d7b0: fe ff fe ff fe ff fe ff fe ff fe ff ff ff ff ff  ................
0000d7c0: ff ff ff ff ff ff 00 00 00 00 00 00 00 00 00 00  ................
0000d7d0: 01 00 01 00 01 00 02 00 02 00 02 00 03 00 03 00  ................
0000d7e0: 03 00 04 00 04 00 05 00 05 00 05 00 06 00 06 00  ................
0000d7f0: 07 00 08 00 08 00 09 00 09 00 0a 00 0b 00 0b 00  ................
0000d800: 0c 00 0d 00 0e 00 0e 00 0f 00 10 00 11 00 12 00  ................
0000d810: 13 00 14 00 15 00 16 00 17 00 18 00 19 00 1a 00  ................
0000d820: 1b 00 1c 00 1d 00 1e 00 1f 00 21 00 22 00 23 00  ..........!.".#.
0000d830: 24 00 25 00 27 00 28 00 29 00 2b 00 2c 00 2d 00  $.%.'.(.).+.,.-.
0000d840: 2f 00 30 00 31 00 33 00 34 00 35 00 37 00 38 00  /.0.1.3.4.5.7.8.
0000d850: 39 00 3b 00 3c 00 3d 00 3f 00 40 00 42 00 43 00  9.;.<.=.?.@.B.C.
0000d860: 44 00 46 00 47 00 48 00 4a 00 4b 00 4c 00 4e 00  D.F.G.H.J.K.L.N.
0000d870: 4f 00 50 00 51 00 52 00 54 00 55 00 56 00 57 00  O.P.Q.R.T.U.V.W.
0000d880: 57 00 58 00 59 00 5a 00 5a 00 5b 00 5b 00 5c 00  W.X.Y.Z.Z.[.[.\.
0000d890: 5c 00 5c 00 5d 00 5d 00 5d 00 5d 00 5c 00 5c 00  \.\.].].].].\.\.
0000d8a0: 5c 00 5b 00 5a 00 59 00 59 00 58 00 57 00 55 00  \.[.Z.Y.Y.X.W.U.
0000d8b0: 54 00 53 00 52 00 51 00 50 00 4f 00 4e 00 4e 00  T.S.R.Q.P.O.N.N.
0000d8c0: 4d 00 4c 00 4c 00 4c 00 4c 00 00 00 14 00 42 00  M.L.L.L.L.....B.
0000d8d0: 64 00 80 00 90 00 ba 00 ec 00 ff 00 00 00 00 00  d...............
0000d8e0: 00 00 00 00 00 00 00 00 00 00 00 00 0e 00 32 00  ..............2.
0000d8f0: 5c 00 80 00 a0 00 ca 00 ec 00 fe 00 ff 00 00 00  \...............
0000d900: 00 00 00 00 00 00 00 00 00 00 01 00 02 00 01 00  ................
0000d910: 03 00 02 00 20 00 10 00 00 00 01 00 c4 ff c3 ff  .... ...........
0000d920: c3 ff c2 ff c1 ff c1 ff c0 ff c0 ff bf ff be ff  ................
0000d930: be ff bd ff bd ff bc ff bc ff bb ff bb ff ba ff  ................
0000d940: ba ff b9 ff b9 ff b9 ff b9 ff b8 ff b8 ff b8 ff  ................
0000d950: b8 ff b8 ff b8 ff b8 ff b8 ff b8 ff b9 ff b9 ff  ................
0000d960: b9 ff ba ff ba ff ba ff bb ff bb ff bc ff bd ff  ................
0000d970: bd ff be ff bf ff c0 ff c0 ff c1 ff c2 ff c3 ff  ................
0000d980: c4 ff c5 ff c6 ff c7 ff c8 ff c9 ff ca ff cb ff  ................
0000d990: cc ff cd ff ce ff cf ff d0 ff d1 ff d3 ff d4 ff  ................
0000d9a0: d5 ff d6 ff d7 ff d8 ff d9 ff da ff db ff dc ff  ................
0000d9b0: dd ff df ff e0 ff e1 ff e2 ff e3 ff e4 ff e5 ff  ................
0000d9c0: e6 ff e7 ff e7 ff e8 ff e9 ff ea ff eb ff ec ff  ................
0000d9d0: ed ff ee ff ee ff ef ff f0 ff f1 ff f1 ff f2 ff  ................
0000d9e0: f3 ff f3 ff f4 ff f5 ff f5 ff f6 ff f7 ff f7 ff  ................
0000d9f0: f8 ff f8 ff f9 ff f9 ff fa ff fa ff fb ff fb ff  ................
0000da00: fb ff fc ff fc ff fd ff fd ff fd ff fe ff fe ff  ................
0000da10: fe ff ff ff ff ff ff ff ff ff 00 00 00 00 00 00  ................
0000da20: 00 00 01 00 01 00 01 00 01 00 02 00 02 00 02 00  ................
0000da30: 02 00 02 00 03 00 03 00 03 00 04 00 04 00 04 00  ................
0000da40: 05 00 05 00 05 00 06 00 06 00 07 00 07 00 08 00  ................
0000da50: 08 00 09 00 0a 00 0a 00 0b 00 0c 00 0d 00 0e 00  ................
0000da60: 0e 00 0f 00 10 00 11 00 12 00 13 00 14 00 15 00  ................
0000da70: 16 00 17 00 18 00 19 00 1a 00 1b 00 1c 00 1d 00  ................
0000da80: 1e 00 1f 00 20 00 21 00 22 00 23 00 24 00 25 00  .... .!.".#.$.%.
0000da90: 26 00 27 00 28 00 29 00 2a 00 2b 00 2c 00 2d 00  &.'.(.).*.+.,.-.
0000daa0: 2e 00 2f 00 30 00 31 00 32 00 32 00 33 00 34 00  ../.0.1.2.2.3.4.
0000dab0: 35 00 36 00 36 00 37 00 38 00 38 00 39 00 3a 00  5.6.6.7.8.8.9.:.
0000dac0: 3a 00 3b 00 3b 00 3c 00 3c 00 3d 00 3d 00 3e 00  :.;.;.<.<.=.=.>.
0000dad0: 3e 00 3e 00 3f 00 3f 00 3f 00 3f 00 3f 00 3f 00  >.>.?.?.?.?.?.?.
0000dae0: 3f 00 3f 00 3f 00 3f 00 3f 00 3f 00 3f 00 3f 00  ?.?.?.?.?.?.?.?.
0000daf0: 3f 00 3f 00 3f 00 3e 00 3e 00 3e 00 3e 00 3d 00  ?.?.?.>.>.>.>.=.
0000db00: 3d 00 3d 00 3c 00 3c 00 3c 00 3b 00 3b 00 3a 00  =.=.<.<.<.;.;.:.
0000db10: 3a 00 3a 00 39 00 39 00 38 00 38 00 ad ff ae ff  :.:.9.9.8.8.....
0000db20: ae ff ae ff ae ff ae ff af ff af ff af ff af ff  ................
0000db30: af ff af ff af ff b0 ff b0 ff b0 ff b0 ff b0 ff  ................
0000db40: b0 ff b0 ff b0 ff b0 ff b0 ff b0 ff b0 ff b0 ff  ................
0000db50: b0 ff b0 ff b0 ff b0 ff b0 ff b0 ff b0 ff b0 ff  ................
0000db60: b0 ff af ff af ff af ff af ff af ff af ff af ff  ................
0000db70: ae ff ae ff ae ff ae ff ae ff ae ff ae ff ae ff  ................
0000db80: ae ff ae ff ae ff ae ff ae ff ae ff ae ff af ff  ................
0000db90: af ff af ff b0 ff b0 ff b0 ff b1 ff b1 ff b2 ff  ................
0000dba0: b3 ff b3 ff b4 ff b5 ff b6 ff b6 ff b7 ff b9 ff  ................
0000dbb0: ba ff bb ff bc ff bd ff bf ff c0 ff c2 ff c4 ff  ................
0000dbc0: c5 ff c7 ff c9 ff cb ff cd ff cf ff d1 ff d3 ff  ................
0000dbd0: d5 ff d8 ff da ff dc ff de ff e0 ff e2 ff e4 ff  ................
0000dbe0: e6 ff e8 ff ea ff ec ff ee ff f0 ff f1 ff f3 ff  ................
0000dbf0: f4 ff f6 ff f7 ff f8 ff f9 ff fa ff fb ff fc ff  ................
0000dc00: fc ff fd ff fd ff fe ff fe ff fe ff ff ff ff ff  ................
0000dc10: ff ff ff ff 00 00 00 00 00 00 00 00 00 00 00 00  ................
0000dc20: 00 00 00 00 00 00 01 00 01 00 01 00 01 00 01 00  ................
0000dc30: 02 00 02 00 02 00 03 00 03 00 04 00 04 00 05 00  ................
0000dc40: 05 00 06 00 07 00 08 00 09 00 0a 00 0b 00 0c 00  ................
0000dc50: 0d 00 0e 00 0f 00 11 00 12 00 14 00 15 00 16 00  ................
0000dc60: 18 00 1a 00 1b 00 1d 00 1e 00 20 00 21 00 23 00  .......... .!.#.
0000dc70: 24 00 26 00 27 00 29 00 2a 00 2c 00 2d 00 2e 00  $.&.'.).*.,.-...
0000dc80: 30 00 31 00 32 00 33 00 34 00 36 00 37 00 38 00  0.1.2.3.4.6.7.8.
0000dc90: 39 00 3a 00 3b 00 3c 00 3d 00 3e 00 3f 00 3f 00  9.:.;.<.=.>.?.?.
0000dca0: 40 00 41 00 42 00 43 00 43 00 44 00 45 00 45 00  @.A.B.C.C.D.E.E.
0000dcb0: 46 00 46 00 47 00 47 00 48 00 48 00 49 00 49 00  F.F.G.G.H.H.I.I.
0000dcc0: 4a 00 4a 00 4b 00 4b 00 4b 00 4c 00 4c 00 4c 00  J.J.K.K.K.L.L.L.
0000dcd0: 4c 00 4d 00 4d 00 4d 00 4d 00 4d 00 4d 00 4e 00  L.M.M.M.M.M.M.N.
0000dce0: 4e 00 4e 00 4e 00 4e 00 4e 00 4e 00 4e 00 4e 00  N.N.N.N.N.N.N.N.
0000dcf0: 4e 00 4e 00 4e 00 4e 00 4e 00 4e 00 4e 00 4e 00  N.N.N.N.N.N.N.N.
0000dd00: 4d 00 4d 00 4d 00 4d 00 4d 00 4d 00 4d 00 4d 00  M.M.M.M.M.M.M.M.
0000dd10: 4d 00 4c 00 4c 00 4c 00 4c 00 4c 00 00 00 1e 00  M.L.L.L.L.L.....
0000dd20: 48 00 60 00 80 00 98 00 ac 00 dc 00 ff 00 00 00  H.`.............
0000dd30: 00 00 00 00 00 00 00 00 00 00 00 00 00 00 1c 00  ................
0000dd40: 50 00 6a 00 80 00 96 00 ac 00 d8 00 ff 00 00 00  P.j.............
0000dd50: 00 00 00 00 00 00 00 00 00 00 00 00 01 00 03 00  ................
0000dd60: 01 00 03 00 00 00 20 00 10 00 00 00 01 00 c4 ff  ...... .........
0000dd70: c4 ff c3 ff c3 ff c3 ff c2 ff c2 ff c2 ff c1 ff  ................
0000dd80: c1 ff c1 ff c0 ff c0 ff c0 ff bf ff bf ff bf ff  ................
0000dd90: bf ff be ff be ff be ff be ff be ff be ff bd ff  ................
0000dda0: bd ff bd ff bd ff bd ff bd ff bd ff bd ff bd ff  ................
0000ddb0: bd ff bd ff be ff be ff be ff be ff be ff bf ff  ................
0000ddc0: bf ff bf ff c0 ff c0 ff c1 ff c1 ff c2 ff c2 ff  ................
0000ddd0: c3 ff c3 ff c4 ff c4 ff c5 ff c5 ff c6 ff c7 ff  ................
0000dde0: c7 ff c8 ff c9 ff ca ff ca ff cb ff cc ff cd ff  ................
0000ddf0: ce ff ce ff cf ff d0 ff d1 ff d2 ff d3 ff d4 ff  ................
0000de00: d5 ff d6 ff d6 ff d7 ff d8 ff d9 ff da ff db ff  ................
0000de10: dc ff dd ff de ff df ff e1 ff e2 ff e3 ff e4 ff  ................
0000de20: e5 ff e6 ff e7 ff e8 ff e9 ff ea ff eb ff ec ff  ................
0000de30: ed ff ee ff ef ff ef ff f0 ff f1 ff f2 ff f3 ff  ................
0000de40: f4 ff f5 ff f5 ff f6 ff f7 ff f8 ff f8 ff f9 ff  ................
0000de50: fa ff fa ff fb ff fb ff fc ff fc ff fd ff fd ff  ................
0000de60: fe ff fe ff fe ff ff ff ff ff ff ff 00 00 00 00  ................
0000de70: 00 00 01 00 01 00 01 00 01 00 02 00 02 00 02 00  ................
0000de80: 03 00 03 00 04 00 04 00 04 00 05 00 05 00 06 00  ................
0000de90: 07 00 07 00 08 00 08 00 09 00 0a 00 0a 00 0b 00  ................
0000dea0: 0c 00 0d 00 0e 00 0e 00 0f 00 10 00 11 00 12 00  ................
0000deb0: 13 00 13 00 14 00 15 00 16 00 17 00 18 00 19 00  ................
0000dec0: 1a 00 1b 00 1c 00 1d 00 1d 00 1e 00 1f 00 20 00  .............. .
0000ded0: 21 00 22 00 23 00 24 00 25 00 26 00 27 00 28 00  !.".#.$.%.&.'.(.
0000dee0: 28 00 29 00 2a 00 2b 00 2c 00 2d 00 2e 00 2e 00  (.).*.+.,.-.....
0000def0: 2f 00 30 00 31 00 31 00 32 00 33 00 34 00 34 00  /.0.1.1.2.3.4.4.
0000df00: 35 00 36 00 36 00 37 00 38 00 38 00 39 00 39 00  5.6.6.7.8.8.9.9.
0000df10: 3a 00 3a 00 3b 00 3b 00 3b 00 3c 00 3c 00 3d 00  :.:.;.;.;.<.<.=.
0000df20: 3d 00 3d 00 3d 00 3e 00 3e 00 3e 00 3e 00 3e 00  =.=.=.>.>.>.>.>.
0000df30: 3e 00 3f 00 3f 00 3f 00 3f 00 3f 00 3f 00 3f 00  >.?.?.?.?.?.?.?.
0000df40: 3f 00 3f 00 3f 00 3f 00 3f 00 3f 00 3e 00 3e 00  ?.?.?.?.?.?.>.>.
0000df50: 3e 00 3e 00 3e 00 3e 00 3e 00 3e 00 3d 00 3d 00  >.>.>.>.>.>.=.=.
0000df60: 3d 00 3d 00 3d 00 3c 00 3c 00 3c 00 3c 00 b1 ff  =.=.=.<.<.<.<...
0000df70: b2 ff b2 ff b2 ff b2 ff b2 ff b2 ff b3 ff b3 ff  ................
0000df80: b3 ff b3 ff b3 ff b3 ff b4 ff b4 ff b4 ff b4 ff  ................
0000df90: b4 ff b5 ff b5 ff b5 ff b5 ff b5 ff b6 ff b6 ff  ................
0000dfa0: b6 ff b6 ff b7 ff b7 ff b7 ff b8 ff b8 ff b8 ff  ................
0000dfb0: b9 ff b9 ff b9 ff ba ff ba ff ba ff bb ff bb ff  ................
0000dfc0: bb ff bc ff bc ff bd ff bd ff be ff be ff bf ff  ................
0000dfd0: bf ff c0 ff c0 ff c1 ff c2 ff c2 ff c3 ff c3 ff  ................
0000dfe0: c4 ff c5 ff c5 ff c6 ff c7 ff c8 ff c8 ff c9 ff  ................
0000dff0: ca ff cb ff cc ff cc ff cd ff ce ff cf ff d0 ff  ................
0000e000: d1 ff d2 ff d3 ff d4 ff d5 ff d6 ff d7 ff d8 ff  ................
0000e010: da ff db ff dc ff dd ff de ff df ff e0 ff e2 ff  ................
0000e020: e3 ff e4 ff e5 ff e6 ff e7 ff e9 ff ea ff eb ff  ................
0000e030: ec ff ed ff ee ff ef ff f0 ff f1 ff f2 ff f3 ff  ................
0000e040: f4 ff f5 ff f6 ff f6 ff f7 ff f8 ff f9 ff f9 ff  ................
0000e050: fa ff fb ff fb ff fc ff fc ff fd ff fd ff fe ff  ................
0000e060: fe ff fe ff ff ff ff ff ff ff 00 00 00 00 00 00  ................
0000e070: 00 00 00 00 01 00 01 00 01 00 01 00 01 00 02 00  ................
0000e080: 02 00 02 00 03 00 03 00 03 00 04 00 05 00 05 00  ................
0000e090: 06 00 07 00 07 00 08 00 09 00 0a 00 0b 00 0c 00  ................
0000e0a0: 0d 00 0e 00 0f 00 10 00 11 00 12 00 13 00 15 00  ................
0000e0b0: 16 00 17 00 18 00 1a 00 1b 00 1c 00 1d 00 1e 00  ................
0000e0c0: 20 00 21 00 22 00 23 00 25 00 26 00 27 00 28 00   .!.".#.%.&.'.(.
0000e0d0: 29 00 2a 00 2b 00 2c 00 2d 00 2e 00 2f 00 30 00  ).*.+.,.-.../.0.
0000e0e0: 31 00 32 00 33 00 33 00 34 00 35 00 36 00 37 00  1.2.3.3.4.5.6.7.
0000e0f0: 37 00 38 00 39 00 39 00 3a 00 3b 00 3b 00 3c 00  7.8.9.9.:.;.;.<.
0000e100: 3c 00 3d 00 3d 00 3e 00 3e 00 3f 00 3f 00 40 00  <.=.=.>.>.?.?.@.
0000e110: 40 00 41 00 41 00 41 00 42 00 42 00 42 00 43 00  @.A.A.A.B.B.B.C.
0000e120: 43 00 43 00 44 00 44 00 44 00 44 00 45 00 45 00  C.C.D.D.D.D.E.E.
0000e130: 45 00 45 00 46 00 46 00 46 00 46 00 46 00 46 00  E.E.F.F.F.F.F.F.
0000e140: 46 00 47 00 47 00 47 00 47 00 47 00 47 00 47 00  F.G.G.G.G.G.G.G.
0000e150: 47 00 47 00 47 00 47 00 47 00 48 00 48 00 48 00  G.G.G.G.G.H.H.H.
0000e160: 48 00 48 00 48 00 48 00 48 00 48 00 48 00 00 00  H.H.H.H.H.H.H...
0000e170: 22 00 4e 00 70 00 80 00 8c 00 aa 00 d6 00 ff 00  ".N.p...........
0000e180: 00 00 00 00 00 00 00 00 00 00 00 00 00 00 00 00  ................
0000e190: 1a 00 4a 00 6e 00 80 00 8e 00 b0 00 e0 00 ff 00  ..J.n...........
0000e1a0: 00 00 00 00 00 00 00 00 00 00 00 00 00 00 01 00  ................
0000e1b0: 04 00 01 00 03 00 02 00 20 00 0c 00 00 00 01 00  ........ .......
0000e1c0: b8 ff b8 ff b8 ff b8 ff b8 ff b8 ff b7 ff b7 ff  ................
0000e1d0: b7 ff b7 ff b7 ff b7 ff b7 ff b7 ff b7 ff b6 ff  ................
0000e1e0: b6 ff b6 ff b6 ff b6 ff b6 ff b6 ff b6 ff b6 ff  ................
0000e1f0: b6 ff b6 ff b6 ff b6 ff b6 ff b6 ff b6 ff b6 ff  ................
0000e200: b6 ff b6 ff b6 ff b6 ff b6 ff b6 ff b6 ff b6 ff  ................
0000e210: b6 ff b6 ff b6 ff b6 ff b6 ff b6 ff b7 ff b7 ff  ................
0000e220: b7 ff b7 ff b7 ff b7 ff b8 ff b8 ff b8 ff b8 ff  ................
0000e230: b9 ff b9 ff b9 ff b9 ff ba ff ba ff ba ff bb ff  ................
0000e240: bb ff bb ff bc ff bc ff bd ff bd ff be ff be ff  ................
0000e250: bf ff c0 ff c1 ff c2 ff c2 ff c4 ff c5 ff c6 ff  ................
0000e260: c7 ff c9 ff ca ff cc ff cd ff cf ff d1 ff d3 ff  ................
0000e270: d5 ff d7 ff d9 ff db ff dd ff df ff e1 ff e2 ff  ................
0000e280: e4 ff e6 ff e8 ff e9 ff eb ff ec ff ee ff ef ff  ................
0000e290: f0 ff f1 ff f3 ff f4 ff f5 ff f6 ff f7 ff f7 ff  ................
0000e2a0: f8 ff f9 ff fa ff fa ff fb ff fc ff fc ff fd ff  ................
0000e2b0: fd ff fe ff fe ff fe ff ff ff ff ff ff ff 00 00  ................
0000e2c0: 00 00 00 00 00 00 01 00 01 00 01 00 01 00 01 00  ................
0000e2d0: 02 00 02 00 02 00 02 00 03 00 03 00 03 00 03 00  ................
0000e2e0: 04 00 04 00 04 00 05 00 05 00 06 00 06 00 07 00  ................
0000e2f0: 07 00 08 00 09 00 0a 00 0a 00 0b 00 0c 00 0d 00  ................
0000e300: 0e 00 0f 00 11 00 12 00 13 00 14 00 16 00 17 00  ................
0000e310: 18 00 19 00 1b 00 1c 00 1e 00 1f 00 20 00 22 00  ............ .".
0000e320: 23 00 24 00 26 00 27 00 28 00 2a 00 2b 00 2c 00  #.$.&.'.(.*.+.,.
0000e330: 2d 00 2f 00 30 00 31 00 32 00 34 00 35 00 36 00  -./.0.1.2.4.5.6.
0000e340: 37 00 38 00 39 00 3a 00 3b 00 3c 00 3d 00 3e 00  7.8.9.:.;.<.=.>.
0000e350: 3f 00 40 00 40 00 41 00 42 00 43 00 43 00 44 00  ?.@.@.A.B.C.C.D.
0000e360: 44 00 45 00 46 00 46 00 47 00 47 00 47 00 48 00  D.E.F.F.G.G.G.H.
0000e370: 48 00 48 00 48 00 48 00 49 00 49 00 49 00 49 00  H.H.H.H.I.I.I.I.
0000e380: 49 00 48 00 48 00 48 00 48 00 48 00 47 00 47 00  I.H.H.H.H.H.G.G.
0000e390: 47 00 47 00 46 00 46 00 45 00 45 00 45 00 44 00  G.G.F.F.E.E.E.D.
0000e3a0: 44 00 43 00 43 00 42 00 41 00 41 00 40 00 40 00  D.C.C.B.A.A.@.@.
0000e3b0: 3f 00 3f 00 3e 00 3d 00 3d 00 3c 00 3b 00 3b 00  ?.?.>.=.=.<.;.;.
0000e3c0: bb ff ba ff ba ff ba ff b9 ff b9 ff b8 ff b8 ff  ................
0000e3d0: b8 ff b7 ff b7 ff b7 ff b6 ff b6 ff b6 ff b5 ff  ................
0000e3e0: b5 ff b5 ff b4 ff b4 ff b4 ff b4 ff b4 ff b3 ff  ................
0000e3f0: b3 ff b3 ff b3 ff b3 ff b3 ff b3 ff b3 ff b3 ff  ................
0000e400: b3 ff b3 ff b3 ff b3 ff b4 ff b4 ff b4 ff b4 ff  ................
0000e410: b5 ff b5 ff b6 ff b6 ff b6 ff b7 ff b7 ff b8 ff  ................
0000e420: b9 ff b9 ff ba ff bb ff bb ff bc ff bd ff be ff  ................
0000e430: be ff bf ff c0 ff c1 ff c2 ff c3 ff c4 ff c5 ff  ................
0000e440: c6 ff c7 ff c8 ff c9 ff ca ff cb ff cc ff cd ff  ................
0000e450: ce ff cf ff d0 ff d1 ff d3 ff d4 ff d5 ff d6 ff  ................
0000e460: d7 ff d8 ff da ff db ff dc ff dd ff de ff df ff  ................
0000e470: e0 ff e2 ff e3 ff e4 ff e5 ff e6 ff e7 ff e8 ff  ................
0000e480: e9 ff ea ff eb ff ec ff ed ff ee ff ef ff ef ff  ................
0000e490: f0 ff f1 ff f2 ff f3 ff f4 ff f4 ff f5 ff f6 ff  ................
0000e4a0: f7 ff f7 ff f8 ff f9 ff f9 ff fa ff fb ff fb ff  ................
0000e4b0: fc ff fd ff fd ff fe ff fe ff ff ff ff ff 00 00  ................
0000e4c0: 00 00 00 00 01 00 01 00 02 00 02 00 02 00 03 00  ................
0000e4d0: 03 00 03 00 04 00 04 00 04 00 05 00 05 00 05 00  ................
0000e4e0: 06 00 06 00 06 00 07 00 07 00 08 00 08 00 08 00  ................
0000e4f0: 09 00 09 00 0a 00 0a 00 0b 00 0c 00 0c 00 0d 00  ................
0000e500: 0e 00 0e 00 0f 00 10 00 11 00 12 00 13 00 14 00  ................
0000e510: 15 00 16 00 17 00 18 00 19 00 1a 00 1c 00 1d 00  ................
0000e520: 1e 00 20 00 21 00 22 00 24 00 25 00 26 00 28 00  .. .!.".$.%.&.(.
0000e530: 29 00 2a 00 2c 00 2d 00 2f 00 30 00 31 00 33 00  ).*.,.-./.0.1.3.
0000e540: 34 00 35 00 37 00 38 00 39 00 3a 00 3b 00 3d 00  4.5.7.8.9.:.;.=.
0000e550: 3e 00 3f 00 40 00 41 00 42 00 43 00 44 00 45 00  >.?.@.A.B.C.D.E.
0000e560: 46 00 47 00 48 00 49 00 4a 00 4a 00 4b 00 4c 00  F.G.H.I.J.J.K.L.
0000e570: 4c 00 4d 00 4d 00 4e 00 4e 00 4f 00 4f 00 4f 00  L.M.M.N.N.O.O.O.
0000e580: 50 00 50 00 50 00 50 00 50 00 50 00 50 00 50 00  P.P.P.P.P.P.P.P.
0000e590: 4f 00 4f 00 4f 00 4f 00 4e 00 4e 00 4e 00 4d 00  O.O.O.O.N.N.N.M.
0000e5a0: 4d 00 4c 00 4b 00 4b 00 4a 00 4a 00 49 00 48 00  M.L.K.K.J.J.I.H.
0000e5b0: 48 00 47 00 46 00 46 00 45 00 44 00 44 00 43 00  H.G.F.F.E.D.D.C.
0000e5c0: 00 00 3e 00 50 00 60 00 80 00 9a 00 b0 00 d8 00  ..>.P.`.........
0000e5d0: ff 00 00 00 00 00 00 00 00 00 00 00 00 00 00 00  ................
0000e5e0: 00 00 26 00 48 00 5a 00 80 00 a6 00 bc 00 e2 00  ..&.H.Z.........
0000e5f0: ff 00 00 00 00 00 00 00 00 00 00 00 00 00 00 00  ................
0000e600: 01 00 04 00 01 00 03 00 00 00 01 00 18 00 00 00  ................
0000e610: 01 00 b0 ff b0 ff b0 ff af ff af ff ae ff ae ff  ................
0000e620: ad ff ad ff ad ff ac ff ac ff ab ff ab ff ab ff  ................
0000e630: aa ff aa ff a9 ff a9 ff a9 ff a8 ff a8 ff a7 ff  ................
0000e640: a7 ff a7 ff a6 ff a6 ff a6 ff a6 ff a5 ff a5 ff  ................
0000e650: a5 ff a4 ff a4 ff a4 ff a4 ff a3 ff a3 ff a3 ff  ................
0000e660: a3 ff a3 ff a2 ff a2 ff a2 ff a2 ff a2 ff a2 ff  ................
0000e670: a2 ff a2 ff a2 ff a1 ff a1 ff a1 ff a1 ff a2 ff  ................
0000e680: a2 ff a2 ff a2 ff a2 ff a2 ff a2 ff a2 ff a3 ff  ................
0000e690: a3 ff a3 ff a4 ff a4 ff a5 ff a5 ff a6 ff a6 ff  ................
0000e6a0: a7 ff a7 ff a8 ff a9 ff aa ff aa ff ab ff ac ff  ................
0000e6b0: ad ff ae ff b0 ff b1 ff b2 ff b3 ff b5 ff b6 ff  ................
0000e6c0: b8 ff b9 ff bb ff bd ff be ff c0 ff c2 ff c4 ff  ................
0000e6d0: c6 ff c8 ff cb ff cd ff cf ff d1 ff d4 ff d6 ff  ................
0000e6e0: d9 ff db ff dd ff e0 ff e2 ff e4 ff e6 ff e8 ff  ................
0000e6f0: ea ff ec ff ee ff f0 ff f2 ff f3 ff f5 ff f6 ff  ................
0000e700: f7 ff f9 ff fa ff fb ff fc ff fd ff fe ff fe ff  ................
0000e710: ff ff 00 00 01 00 01 00 02 00 03 00 04 00 04 00  ................
0000e720: 05 00 05 00 06 00 07 00 07 00 08 00 09 00 09 00  ................
0000e730: 0a 00 0b 00 0b 00 0c 00 0d 00 0d 00 0e 00 0f 00  ................
0000e740: 10 00 11 00 12 00 12 00 13 00 14 00 15 00 16 00  ................
0000e750: 17 00 18 00 19 00 1a 00 1b 00 1c 00 1d 00 1e 00  ................
0000e760: 1e 00 1f 00 20 00 21 00 22 00 23 00 24 00 25 00  .... .!.".#.$.%.
0000e770: 26 00 27 00 28 00 29 00 2a 00 2b 00 2c 00 2d 00  &.'.(.).*.+.,.-.
0000e780: 2d 00 2e 00 2f 00 30 00 31 00 32 00 32 00 33 00  -.../.0.1.2.2.3.
0000e790: 34 00 34 00 35 00 36 00 36 00 37 00 38 00 38 00  4.4.5.6.6.7.8.8.
0000e7a0: 39 00 39 00 3a 00 3a 00 3a 00 3b 00 3b 00 3b 00  9.9.:.:.:.;.;.;.
0000e7b0: 3b 00 3c 00 3c 00 3c 00 3c 00 3c 00 3c 00 3c 00  ;.<.<.<.<.<.<.<.
0000e7c0: 3c 00 3c 00 3c 00 3b 00 3b 00 3b 00 3b 00 3a 00  <.<.<.;.;.;.;.:.
0000e7d0: 3a 00 3a 00 39 00 39 00 38 00 38 00 37 00 37 00  :.:.9.9.8.8.7.7.
0000e7e0: 36 00 36 00 35 00 34 00 34 00 33 00 32 00 32 00  6.6.5.4.4.3.2.2.
0000e7f0: 31 00 30 00 30 00 2f 00 2e 00 2d 00 2c 00 2c 00  1.0.0./...-.,.,.
0000e800: 2b 00 2a 00 29 00 28 00 28 00 27 00 26 00 25 00  +.*.).(.(.'.&.%.
0000e810: 24 00 bd ff bd ff bc ff bb ff ba ff ba ff b9 ff  $...............
0000e820: b8 ff b7 ff b7 ff b6 ff b5 ff b4 ff b4 ff b3 ff  ................
0000e830: b2 ff b2 ff b1 ff b1 ff b0 ff af ff af ff ae ff  ................
0000e840: ae ff ad ff ad ff ac ff ac ff ac ff ab ff ab ff  ................
0000e850: ab ff aa ff aa ff aa ff aa ff aa ff aa ff aa ff  ................
0000e860: aa ff aa ff aa ff aa ff aa ff aa ff aa ff ab ff  ................
0000e870: ab ff ab ff ac ff ac ff ad ff ad ff ae ff af ff  ................
0000e880: af ff b0 ff b1 ff b2 ff b2 ff b3 ff b4 ff b5 ff  ................
0000e890: b6 ff b7 ff b8 ff b9 ff ba ff bb ff bc ff be ff  ................
0000e8a0: bf ff c0 ff c1 ff c2 ff c4 ff c5 ff c6 ff c7 ff  ................
0000e8b0: c9 ff ca ff cb ff cd ff ce ff cf ff d1 ff d2 ff  ................
0000e8c0: d3 ff d5 ff d6 ff d7 ff d9 ff da ff db ff dd ff  ................
0000e8d0: de ff df ff e0 ff e2 ff e3 ff e4 ff e6 ff e7 ff  ................
0000e8e0: e8 ff e9 ff ea ff ec ff ed ff ee ff ef ff f0 ff  ................
0000e8f0: f1 ff f2 ff f3 ff f4 ff f5 ff f6 ff f7 ff f8 ff  ................
0000e900: f8 ff f9 ff fa ff fb ff fc ff fd ff fd ff fe ff  ................
0000e910: ff ff 00 00 01 00 02 00 03 00 04 00 05 00 06 00  ................
0000e920: 07 00 08 00 09 00 0a 00 0b 00 0c 00 0d 00 0e 00  ................
0000e930: 0f 00 11 00 12 00 13 00 14 00 16 00 17 00 18 00  ................
0000e940: 1a 00 1b 00 1c 00 1e 00 1f 00 20 00 22 00 23 00  .......... .".#.
0000e950: 25 00 26 00 27 00 29 00 2a 00 2b 00 2d 00 2e 00  %.&.'.).*.+.-...
0000e960: 30 00 31 00 32 00 34 00 35 00 36 00 38 00 39 00  0.1.2.4.5.6.8.9.
0000e970: 3a 00 3b 00 3d 00 3e 00 3f 00 40 00 42 00 43 00  :.;.=.>.?.@.B.C.
0000e980: 44 00 45 00 46 00 47 00 48 00 49 00 4a 00 4b 00  D.E.F.G.H.I.J.K.
0000e990: 4c 00 4d 00 4e 00 4e 00 4f 00 50 00 50 00 51 00  L.M.N.N.O.P.P.Q.
0000e9a0: 52 00 52 00 53 00 53 00 54 00 54 00 54 00 55 00  R.R.S.S.T.T.T.U.
0000e9b0: 55 00 55 00 55 00 55 00 55 00 55 00 55 00 55 00  U.U.U.U.U.U.U.U.
0000e9c0: 55 00 54 00 54 00 54 00 53 00 53 00 52 00 52 00  U.T.T.T.S.S.R.R.
0000e9d0: 51 00 51 00 50 00 4f 00 4e 00 4d 00 4d 00 4c 00  Q.Q.P.O.N.M.M.L.
0000e9e0: 4b 00 4a 00 49 00 48 00 47 00 46 00 45 00 43 00  K.J.I.H.G.F.E.C.
0000e9f0: 42 00 41 00 40 00 3f 00 3d 00 3c 00 3b 00 3a 00  B.A.@.?.=.<.;.:.
0000ea00: 38 00 37 00 36 00 34 00 33 00 32 00 30 00 2f 00  8.7.6.4.3.2.0./.
0000ea10: 2d 00 00 00 30 00 5e 00 72 00 80 00 92 00 d0 00  -...0.^.r.......
0000ea20: ff 00 00 00 00 00 00 00 00 00 00 00 00 00 00 00  ................
0000ea30: 00 00 00 00 2e 00 72 00 80 00 8c 00 d4 00 ff 00  ......r.........
0000ea40: 00 00 00 00 00 00 00 00 00 00 00 00 00 00 00 00  ................
0000ea50: 00 00 01 00 04 00 01 00 03 00 02 00 01 00 18 00  ................
0000ea60: 00 00 01 00 b8 ff b8 ff b8 ff b8 ff b8 ff b5 ff  ................
0000ea70: b3 ff b0 ff ad ff ab ff a8 ff a5 ff a3 ff a0 ff  ................
0000ea80: 9e ff 9b ff 99 ff 96 ff 94 ff 92 ff 8f ff 8d ff  ................
0000ea90: 8b ff 89 ff 87 ff 85 ff 83 ff 82 ff 80 ff 7e ff  ..............~.
0000eaa0: 7d ff 7b ff 7a ff 79 ff 78 ff 77 ff 76 ff 75 ff  }.{.z.y.x.w.v.u.
0000eab0: 74 ff 74 ff 73 ff 73 ff 73 ff 72 ff 72 ff 72 ff  t.t.s.s.s.r.r.r.
0000eac0: 72 ff 72 ff 72 ff 73 ff 73 ff 74 ff 74 ff 75 ff  r.r.r.s.s.t.t.u.
0000ead0: 75 ff 76 ff 77 ff 78 ff 79 ff 7a ff 7b ff 7c ff  u.v.w.x.y.z.{.|.
0000eae0: 7d ff 7f ff 80 ff 82 ff 83 ff 85 ff 86 ff 88 ff  }...............
0000eaf0: 8a ff 8c ff 8e ff 90 ff 92 ff 94 ff 96 ff 98 ff  ................
0000eb00: 9a ff 9c ff 9f ff a1 ff a3 ff a6 ff a8 ff ab ff  ................
0000eb10: ad ff b0 ff b2 ff b5 ff b8 ff ba ff bd ff c0 ff  ................
0000eb20: c2 ff c5 ff c8 ff ca ff cd ff d0 ff d2 ff d5 ff  ................
0000eb30: d7 ff da ff dc ff df ff e1 ff e3 ff e5 ff e7 ff  ................
0000eb40: e9 ff eb ff ed ff ef ff f1 ff f2 ff f4 ff f5 ff  ................
0000eb50: f6 ff f7 ff f9 ff fa ff fb ff fc ff fd ff fd ff  ................
0000eb60: fe ff ff ff 00 00 01 00 02 00 03 00 03 00 04 00  ................
0000eb70: 05 00 06 00 07 00 08 00 09 00 0a 00 0b 00 0c 00  ................
0000eb80: 0d 00 0e 00 0f 00 10 00 11 00 12 00 14 00 15 00  ................
0000eb90: 16 00 17 00 18 00 1a 00 1b 00 1c 00 1d 00 1f 00  ................
0000eba0: 20 00 21 00 22 00 24 00 25 00 26 00 28 00 29 00   .!.".$.%.&.(.).
0000ebb0: 2a 00 2c 00 2d 00 2e 00 2f 00 31 00 32 00 33 00  *.,.-.../.1.2.3.
0000ebc0: 34 00 36 00 37 00 38 00 39 00 3a 00 3c 00 3d 00  4.6.7.8.9.:.<.=.
0000ebd0: 3e 00 3f 00 40 00 41 00 42 00 43 00 44 00 45 00  >.?.@.A.B.C.D.E.
0000ebe0: 46 00 46 00 47 00 48 00 49 00 49 00 4a 00 4b 00  F.F.G.H.I.I.J.K.
0000ebf0: 4b 00 4c 00 4c 00 4d 00 4d 00 4e 00 4e 00 4e 00  K.L.L.M.M.N.N.N.
0000ec00: 4e 00 4f 00 4f 00 4f 00 4f 00 4f 00 4f 00 4f 00  N.O.O.O.O.O.O.O.
0000ec10: 4f 00 4f 00 4f 00 4f 00 4f 00 4f 00 4f 00 4e 00  O.O.O.O.O.O.O.N.
0000ec20: 4e 00 4e 00 4e 00 4d 00 4d 00 4d 00 4c 00 4c 00  N.N.N.M.M.M.L.L.
0000ec30: 4b 00 4b 00 4b 00 4a 00 4a 00 49 00 49 00 48 00  K.K.K.J.J.I.I.H.
0000ec40: 48 00 47 00 47 00 46 00 45 00 45 00 44 00 44 00  H.G.G.F.E.E.D.D.
0000ec50: 43 00 42 00 42 00 41 00 41 00 40 00 3f 00 3f 00  C.B.B.A.A.@.?.?.
0000ec60: 3e 00 3d 00 84 ff 84 ff 84 ff 84 ff 85 ff 84 ff  >.=.............
0000ec70: 82 ff 80 ff 7f ff 7d ff 7c ff 7a ff 78 ff 77 ff  ......}.|.z.x.w.
0000ec80: 75 ff 74 ff 73 ff 71 ff 70 ff 6e ff 6d ff 6c ff  u.t.s.q.p.n.m.l.
0000ec90: 6b ff 6a ff 69 ff 68 ff 67 ff 66 ff 65 ff 64 ff  k.j.i.h.g.f.e.d.
0000eca0: 64 ff 63 ff 63 ff 62 ff 62 ff 62 ff 62 ff 62 ff  d.c.c.b.b.b.b.b.
0000ecb0: 62 ff 62 ff 62 ff 63 ff 63 ff 64 ff 64 ff 65 ff  b.b.b.c.c.d.d.e.
0000ecc0: 66 ff 67 ff 68 ff 69 ff 6a ff 6b ff 6d ff 6e ff  f.g.h.i.j.k.m.n.
0000ecd0: 70 ff 71 ff 73 ff 74 ff 76 ff 78 ff 7a ff 7b ff  p.q.s.t.v.x.z.{.
0000ece0: 7d ff 7f ff 81 ff 83 ff 85 ff 88 ff 8a ff 8c ff  }...............
0000ecf0: 8e ff 90 ff 93 ff 95 ff 97 ff 9a ff 9c ff 9f ff  ................
0000ed00: a1 ff a3 ff a6 ff a8 ff ab ff ad ff b0 ff b2 ff  ................
0000ed10: b5 ff b7 ff ba ff bc ff be ff c1 ff c3 ff c6 ff  ................
0000ed20: c8 ff ca ff cd ff cf ff d1 ff d4 ff d6 ff d8 ff  ................
0000ed30: da ff dc ff de ff e0 ff e2 ff e4 ff e6 ff e8 ff  ................
0000ed40: e9 ff eb ff ed ff ee ff f0 ff f1 ff f3 ff f4 ff  ................
0000ed50: f5 ff f7 ff f8 ff f9 ff fa ff fb ff fc ff fc ff  ................
0000ed60: fd ff fe ff ff ff 00 00 01 00 01 00 02 00 03 00  ................
0000ed70: 04 00 05 00 06 00 07 00 07 00 08 00 09 00 0a 00  ................
0000ed80: 0b 00 0c 00 0d 00 0e 00 0f 00 11 00 12 00 13 00  ................
0000ed90: 14 00 15 00 17 00 18 00 19 00 1a 00 1c 00 1d 00  ................
0000eda0: 1e 00 20 00 21 00 22 00 24 00 25 00 26 00 28 00  .. .!.".$.%.&.(.
0000edb0: 29 00 2a 00 2c 00 2d 00 2f 00 30 00 31 00 33 00  ).*.,.-./.0.1.3.
0000edc0: 34 00 35 00 37 00 38 00 39 00 3b 00 3c 00 3d 00  4.5.7.8.9.;.<.=.
0000edd0: 3e 00 40 00 41 00 42 00 43 00 44 00 46 00 47 00  >.@.A.B.C.D.F.G.
0000ede0: 48 00 49 00 4a 00 4b 00 4c 00 4d 00 4e 00 4e 00  H.I.J.K.L.M.N.N.
0000edf0: 4f 00 50 00 51 00 51 00 52 00 53 00 53 00 54 00  O.P.Q.Q.R.S.S.T.
0000ee00: 54 00 55 00 55 00 56 00 56 00 56 00 57 00 57 00  T.U.U.V.V.V.W.W.
0000ee10: 57 00 57 00 57 00 58 00 58 00 58 00 58 00 58 00  W.W.W.X.X.X.X.X.
0000ee20: 58 00 58 00 58 00 58 00 58 00 58 00 57 00 57 00  X.X.X.X.X.X.W.W.
0000ee30: 57 00 57 00 57 00 56 00 56 00 56 00 56 00 55 00  W.W.W.V.V.V.V.U.
0000ee40: 55 00 55 00 54 00 54 00 54 00 53 00 53 00 53 00  U.U.T.T.T.S.S.S.
0000ee50: 52 00 52 00 52 00 51 00 51 00 50 00 50 00 4f 00  R.R.R.Q.Q.P.P.O.
0000ee60: 4f 00 4f 00 04 00 1e 00 54 00 72 00 80 00 92 00  O.O.....T.r.....
0000ee70: c4 00 ff 00 00 00 00 00 00 00 00 00 00 00 00 00  ................
0000ee80: 00 00 00 00 04 00 24 00 76 00 80 00 90 00 c8 00  ......$.v.......
0000ee90: ff 00 00 00 00 00 00 00 00 00 00 00 00 00 00 00  ................
0000eea0: 00 00 00 00 01 00 04 00 01 00 05 00 02 00 01 00  ................
0000eeb0: 18 00 00 00 01 00 b0 ff b0 ff af ff af ff af ff  ................
0000eec0: ae ff ae ff ad ff ad ff ad ff ac ff ac ff ab ff  ................
0000eed0: ab ff ab ff aa ff aa ff a9 ff a9 ff a9 ff a8 ff  ................
0000eee0: a8 ff a8 ff a7 ff a7 ff a6 ff a6 ff a6 ff a5 ff  ................
0000eef0: a5 ff a5 ff a4 ff a4 ff a4 ff a4 ff a3 ff a3 ff  ................
0000ef00: a3 ff a3 ff a2 ff a2 ff a2 ff a2 ff a2 ff a2 ff  ................
0000ef10: a2 ff a2 ff a2 ff a2 ff a3 ff a3 ff a3 ff a3 ff  ................
0000ef20: a4 ff a4 ff a5 ff a5 ff a6 ff a6 ff a7 ff a8 ff  ................
0000ef30: a9 ff a9 ff aa ff ab ff ac ff ad ff af ff b0 ff  ................
0000ef40: b1 ff b3 ff b4 ff b6 ff b7 ff b9 ff ba ff bc ff  ................
0000ef50: be ff c0 ff c1 ff c3 ff c5 ff c7 ff c9 ff cb ff  ................
0000ef60: cd ff ce ff d0 ff d2 ff d4 ff d6 ff d8 ff da ff  ................
0000ef70: dc ff de ff df ff e1 ff e3 ff e5 ff e6 ff e8 ff  ................
0000ef80: ea ff eb ff ed ff ee ff f0 ff f1 ff f3 ff f4 ff  ................
0000ef90: f5 ff f6 ff f7 ff f8 ff f9 ff fa ff fa ff fb ff  ................
0000efa0: fc ff fc ff fd ff fd ff fe ff fe ff fe ff ff ff  ................
0000efb0: ff ff ff ff 00 00 00 00 00 00 01 00 01 00 01 00  ................
0000efc0: 02 00 02 00 03 00 03 00 04 00 04 00 05 00 05 00  ................
0000efd0: 06 00 07 00 07 00 08 00 09 00 0a 00 0b 00 0b 00  ................
0000efe0: 0c 00 0d 00 0f 00 10 00 11 00 12 00 13 00 14 00  ................
0000eff0: 16 00 17 00 18 00 19 00 1b 00 1c 00 1d 00 1f 00  ................
0000f000: 20 00 22 00 23 00 24 00 26 00 27 00 29 00 2a 00   .".#.$.&.'.).*.
0000f010: 2b 00 2d 00 2e 00 2f 00 31 00 32 00 33 00 35 00  +.-.../.1.2.3.5.
0000f020: 36 00 37 00 38 00 3a 00 3b 00 3c 00 3d 00 3e 00  6.7.8.:.;.<.=.>.
0000f030: 3f 00 40 00 41 00 42 00 43 00 43 00 44 00 45 00  ?.@.A.B.C.C.D.E.
0000f040: 45 00 46 00 47 00 47 00 48 00 48 00 49 00 49 00  E.F.G.G.H.H.I.I.
0000f050: 4a 00 4a 00 4a 00 4a 00 4b 00 4b 00 4b 00 4b 00  J.J.J.J.K.K.K.K.
0000f060: 4b 00 4b 00 4b 00 4c 00 4c 00 4b 00 4b 00 4b 00  K.K.K.L.L.K.K.K.
0000f070: 4b 00 4b 00 4b 00 4b 00 4a 00 4a 00 4a 00 49 00  K.K.K.K.J.J.J.I.
0000f080: 49 00 49 00 48 00 48 00 48 00 47 00 47 00 46 00  I.I.H.H.H.G.G.F.
0000f090: 46 00 45 00 44 00 44 00 43 00 43 00 42 00 41 00  F.E.D.D.C.C.B.A.
0000f0a0: 41 00 40 00 3f 00 3f 00 3e 00 3d 00 3c 00 3c 00  A.@.?.?.>.=.<.<.
0000f0b0: 3b 00 3a 00 39 00 a0 ff a0 ff a0 ff a0 ff a0 ff  ;.:.9...........
0000f0c0: a0 ff 9f ff 9f ff 9f ff 9f ff 9f ff 9f ff 9f ff  ................
0000f0d0: 9f ff 9f ff 9f ff 9f ff 9f ff 9f ff 9f ff 9f ff  ................
0000f0e0: 9f ff 9f ff 9f ff 9f ff 9f ff 9f ff 9f ff a0 ff  ................
0000f0f0: a0 ff a0 ff a0 ff a1 ff a1 ff a1 ff a2 ff a2 ff  ................
0000f100: a3 ff a3 ff a4 ff a4 ff a5 ff a5 ff a6 ff a7 ff  ................
0000f110: a8 ff a8 ff a9 ff aa ff ab ff ac ff ad ff ae ff  ................
0000f120: af ff b0 ff b1 ff b3 ff b4 ff b5 ff b7 ff b8 ff  ................
0000f130: b9 ff bb ff bc ff be ff bf ff c1 ff c2 ff c4 ff  ................
0000f140: c6 ff c7 ff c9 ff cb ff cc ff ce ff d0 ff d1 ff  ................
0000f150: d3 ff d5 ff d6 ff d8 ff da ff db ff dd ff df ff  ................
0000f160: e0 ff e2 ff e4 ff e5 ff e7 ff e8 ff ea ff eb ff  ................
0000f170: ec ff ee ff ef ff f0 ff f2 ff f3 ff f4 ff f5 ff  ................
0000f180: f6 ff f7 ff f8 ff f9 ff fa ff fb ff fb ff fc ff  ................
0000f190: fd ff fd ff fe ff fe ff fe ff ff ff ff ff ff ff  ................
0000f1a0: ff ff ff ff ff ff 00 00 00 00 00 00 00 00 00 00  ................
0000f1b0: 00 00 00 00 00 00 00 00 00 00 00 00 00 00 00 00  ................
0000f1c0: 01 00 01 00 01 00 01 00 02 00 02 00 02 00 03 00  ................
0000f1d0: 03 00 04 00 04 00 05 00 06 00 06 00 07 00 08 00  ................
0000f1e0: 09 00 0a 00 0b 00 0c 00 0d 00 0e 00 10 00 11 00  ................
0000f1f0: 12 00 14 00 15 00 17 00 18 00 1a 00 1b 00 1d 00  ................
0000f200: 1f 00 20 00 22 00 24 00 25 00 27 00 29 00 2b 00  .. .".$.%.'.).+.
0000f210: 2c 00 2e 00 30 00 31 00 33 00 35 00 37 00 38 00  ,...0.1.3.5.7.8.
0000f220: 3a 00 3c 00 3d 00 3f 00 40 00 42 00 44 00 45 00  :.<.=.?.@.B.D.E.
0000f230: 46 00 48 00 49 00 4b 00 4c 00 4d 00 4e 00 4f 00  F.H.I.K.L.M.N.O.
0000f240: 51 00 52 00 53 00 54 00 55 00 56 00 56 00 57 00  Q.R.S.T.U.V.V.W.
0000f250: 58 00 59 00 5a 00 5a 00 5b 00 5c 00 5c 00 5d 00  X.Y.Z.Z.[.\.\.].
0000f260: 5e 00 5e 00 5f 00 5f 00 60 00 60 00 61 00 61 00  ^.^._._.`.`.a.a.
0000f270: 61 00 62 00 62 00 62 00 63 00 63 00 63 00 63 00  a.b.b.b.c.c.c.c.
0000f280: 64 00 64 00 64 00 64 00 64 00 64 00 65 00 65 00  d.d.d.d.d.d.e.e.
0000f290: 65 00 65 00 65 00 65 00 65 00 65 00 65 00 65 00  e.e.e.e.e.e.e.e.
0000f2a0: 65 00 65 00 65 00 65 00 65 00 65 00 65 00 65 00  e.e.e.e.e.e.e.e.
0000f2b0: 65 00 65 00 65 00 00 00 18 00 42 00 70 00 80 00  e.e.e.....B.p...
0000f2c0: 90 00 be 00 f0 00 ff 00 00 00 00 00 00 00 00 00  ................
0000f2d0: 00 00 00 00 00 00 00 00 36 00 6c 00 80 00 94 00  ........6.l.....
0000f2e0: be 00 ff 00 00 00 00 00 00 00 00 00 00 00 00 00  ................
0000f2f0: 00 00 00 00 00 00 08 00 02 00 00 00 fe ff ff ff  ................
0000f300: 00 00 08 00 ff ff ff ff 40 00 28 00 1e 00 0a 00  ........@.(.....
0000f310: b4 00 32 00 0c 00 ce 00 00 00 00 00 00 00 ff 03  ..2.............
0000f320: 00 02 ff 03 00 00 00 00 40 00 40 00 40 00 00 00  ........@.@.@...
0000f330: 32 00 ff 03 00 02 ff 03 00 00 00 00 50 00 5a 00  2...........P.Z.
0000f340: 5a 00 01 00 c8 00 ff 03 00 02 ff 03 00 00 00 00  Z...............
0000f350: 50 00 55 00 55 00 01 00 c8 00 ff 03 00 02 ff 03  P.U.U...........
0000f360: 00 00 00 00 50 00 55 00 55 00 01 00 0a 00 ff 03  ....P.U.U.......
0000f370: 00 02 ff 03 00 00 00 00 4b 00 50 00 50 00 01 00  ........K.P.P...
0000f380: 0a 00 ff 03 00 02 ff 03 00 00 00 00 41 00 4b 00  ............A.K.
0000f390: 4b 00 01 00 0a 00 ff 03 00 02 ff 03 00 00 00 00  K...............
0000f3a0: 37 00 46 00 46 00 01 00 19 00 ff 03 00 02 ff 03  7.F.F...........
0000f3b0: 00 00 00 00 23 00 46 00 46 00 01 00 19 00 ff 03  ....#.F.F.......
0000f3c0: 00 02 ff 03 00 00 00 00 19 00 46 00 46 00 01 00  ..........F.F...
0000f3d0: f4 01 20 03 00 02 ff 03 00 00 00 00 78 00 7d 00  .. .........x.}.
0000f3e0: 7d 00 0d 00 40 00 01 00 40 00 00 00 10 00 01 00  }...@...@.......
0000f3f0: 20 00 10 00 01 00 20 00 10 00 01 00 20 00 10 00   ..... ..... ...
0000f400: 01 00 20 00 10 00 01 00 20 00 10 00 01 00 20 00  .. ..... ..... .
0000f410: 10 00 01 00 20 00 10 00 01 00 20 00 04 00 01 00  .... ..... .....
0000f420: 20 00 0e 00 06 00 00 00 0f 00 0e 00 46 00 00 00   ...........F...
0000f430: 00 00 00 00 01 00 10 00 5c 10 00 00 01 00 32 00  ........\.....2.
0000f440: 01 00 00 00 01 00 37 00 01 00 01 00 01 00 32 00  ......7.......2.
0000f450: 01 00 01 00 01 00 32 00 01 00 01 00 01 00 32 00  ......2.......2.
0000f460: 01 00 01 00 01 00 32 00 01 00 01 00 01 00 3c 00  ......2.......<.
0000f470: 01 00 01 00 01 00 50 00 01 00 01 00 01 00 80 00  ......P.........
0000f480: 01 00 01 00 01 00 48 00 01 00 01 00 00 00 00 00  ......H.........
0000f490: 00 00 00 00 00 00 00 00 00 00 00 00 00 00 00 00  ................
0000f4a0: 00 00 00 00 00 00 00 00 00 00 00 00 00 00 00 00  ................
0000f4b0: 00 00 00 00 00 00 00 00 00 00 00 00 00 00 00 00  ................
0000f4c0: 00 00 00 00 00 00 00 00 00 00 00 00 00 00 00 00  ................
0000f4d0: 00 00 00 00 00 00 00 00 00 00 00 00 00 00 00 00  ................
0000f4e0: 00 00 00 00 00 00 00 00 00 00 00 00 00 00 00 00  ................
0000f4f0: 00 00 00 00 00 00 00 00 00 00 00 00 00 00 00 00  ................
0000f500: 00 00 00 00 00 00 00 00 00 00 00 00 00 00 00 00  ................
0000f510: 00 00 00 00 00 00 00 00 00 00 00 00 00 00 00 00  ................
0000f520: 00 00 00 00 00 00 00 00 00 00 00 00 00 00 00 00  ................
0000f530: 00 00 00 00 00 00 00 00 00 00 00 00 00 00 00 00  ................
0000f540: 00 00 00 00 00 00 00 00 00 00 00 00 00 00 00 00  ................
0000f550: 00 00 00 00 00 00 00 00 00 00 00 00 00 00 00 00  ................
0000f560: 00 00 00 00 00 00 00 00 00 00 00 00 00 00 00 00  ................
0000f570: 00 00 00 00 00 00 00 00 00 00 00 00 00 00 00 00  ................
0000f580: 00 00 00 00 00 00 00 00 00 00 00 00 00 00 00 00  ................
0000f590: 00 00 00 00 00 00 00 00 00 00 00 00 00 00 00 00  ................
0000f5a0: 00 00 00 00 00 00 00 00 00 00 00 00 00 00 00 00  ................
0000f5b0: 00 00 00 00 00 00 00 00 00 00 00 00 00 00 00 00  ................
0000f5c0: 00 00 00 00 00 00 00 00 00 00 00 00 00 00 00 00  ................
0000f5d0: 00 00 00 00 00 00 00 00 00 00 00 00 00 00 00 00  ................
0000f5e0: 00 00 00 00 00 00 00 00 00 00 00 00 00 00 00 00  ................
0000f5f0: 00 00 00 00 00 00 00 00 00 00 00 00 00 00 00 00  ................
0000f600: 00 00 00 00 00 00 00 00 00 00 00 00 00 00 00 00  ................
0000f610: 00 00 00 00 00 00 00 00 00 00 00 00 00 00 00 00  ................
0000f620: 00 00 00 00 00 00 00 00 00 00 00 00 00 00 00 00  ................
0000f630: 00 00 00 00 00 00 00 00 00 00 00 00 00 00 00 00  ................
0000f640: 00 00 00 00 00 00 00 00 00 00 00 00 00 00 00 00  ................
0000f650: 00 00 00 00 00 00 00 00 00 00 00 00 00 00 00 00  ................
0000f660: 00 00 00 00 00 00 00 00 00 00 00 00 00 00 00 00  ................
0000f670: 00 00 00 00 00 00 00 00 00 00 00 00 00 00 00 00  ................
0000f680: 00 00 00 00 00 00 00 00 00 00 00 00 00 00 00 00  ................
0000f690: 00 00 00 00 00 00 00 00 00 00 00 00 00 00 00 00  ................
0000f6a0: 00 00 00 00 00 00 00 00 00 00 00 00 00 00 00 00  ................
0000f6b0: 00 00 00 00 00 00 00 00 00 00 00 00 00 00 00 00  ................
0000f6c0: 00 00 00 00 00 00 00 00 00 00 00 00 00 00 00 00  ................
0000f6d0: 00 00 00 00 00 00 00 00 00 00 00 00 00 00 00 00  ................
0000f6e0: 00 00 00 00 00 00 00 00 00 00 00 00 00 00 00 00  ................
0000f6f0: 00 00 00 00 00 00 00 00 00 00 00 00 00 00 00 00  ................
0000f700: 00 00 00 00 00 00 00 00 00 00 00 00 00 00 00 00  ................
0000f710: 00 00 00 00 00 00 00 00 00 00 00 00 00 00 00 00  ................
0000f720: 00 00 00 00 00 00 00 00 00 00 00 00 00 00 00 00  ................
0000f730: 00 00 00 00 00 00 00 00 00 00 00 00 00 00 00 00  ................
0000f740: 00 00 00 00 00 00 00 00 00 00 00 00 00 00 00 00  ................
0000f750: 00 00 00 00 00 00 00 00 00 00 00 00 00 00 00 00  ................
0000f760: 00 00 00 00 00 00 00 00 00 00 00 00 00 00 00 00  ................
0000f770: 00 00 00 00 00 00 00 00 00 00 00 00 00 00 00 00  ................
0000f780: 00 00 00 00 00 00 00 00 00 00 00 00 00 00 00 00  ................
0000f790: 00 00 00 00 00 00 00 00 00 00 00 00 00 00 00 00  ................
0000f7a0: 00 00 00 00 00 00 00 00 00 00 00 00 00 00 00 00  ................
0000f7b0: 00 00 00 00 00 00 00 00 00 00 00 00 00 00 00 00  ................
0000f7c0: 00 00 00 00 00 00 00 00 00 00 00 00 00 00 00 00  ................
0000f7d0: 00 00 00 00 00 00 00 00 00 00 00 00 00 00 00 00  ................
0000f7e0: 00 00 00 00 00 00 00 00 00 00 00 00 00 00 00 00  ................
0000f7f0: 00 00 00 00 00 00 00 00 00 00 00 00 00 00 00 00  ................
0000f800: 00 00 00 00 00 00 00 00 00 00 00 00 00 00 00 00  ................
0000f810: 00 00 00 00 00 00 00 00 00 00 00 00 00 00 00 00  ................
0000f820: 00 00 00 00 00 00 00 00 00 00 00 00 00 00 00 00  ................
0000f830: 00 00 00 00 00 00 00 00 00 00 00 00 00 00 00 00  ................
0000f840: 00 00 00 00 00 00 00 00 00 00 00 00 00 00 00 00  ................
0000f850: 00 00 00 00 00 00 00 00 00 00 00 00 00 00 00 00  ................
0000f860: 00 00 00 00 00 00 00 00 00 00 00 00 00 00 00 00  ................
0000f870: 00 00 00 00 00 00 00 00 00 00 00 00 00 00 00 00  ................
0000f880: 00 00 00 00 00 00 00 00 00 00 00 00 00 00 00 00  ................
0000f890: 00 00 00 00 00 00 00 00 00 00 00 00 00 00 00 00  ................
0000f8a0: 00 00 00 00 00 00 00 00 00 00 00 00 00 00 00 00  ................
0000f8b0: 00 00 00 00 00 00 00 00 00 00 00 00 00 00 00 00  ................
0000f8c0: 00 00 00 00 00 00 00 00 00 00 00 00 00 00 00 00  ................
0000f8d0: 00 00 00 00 00 00 00 00 00 00 00 00 00 00 00 00  ................
0000f8e0: 00 00 00 00 00 00 00 00 00 00 00 00 00 00 00 00  ................
0000f8f0: 00 00 00 00 00 00 00 00 00 00 00 00 00 00 00 00  ................
0000f900: 00 00 00 00 00 00 00 00 00 00 00 00 00 00 00 00  ................
0000f910: 00 00 00 00 00 00 00 00 00 00 00 00 00 00 00 00  ................
0000f920: 00 00 00 00 00 00 00 00 00 00 00 00 00 00 00 00  ................
0000f930: 00 00 00 00 00 00 00 00 00 00 00 00 00 00 00 00  ................
0000f940: 00 00 00 00 00 00 00 00 00 00 00 00 00 00 00 00  ................
0000f950: 00 00 00 00 00 00 00 00 00 00 00 00 00 00 00 00  ................
0000f960: 00 00 00 00 00 00 00 00 00 00 00 00 00 00 00 00  ................
0000f970: 00 00 00 00 00 00 00 00 00 00 00 00 00 00 00 00  ................
0000f980: 00 00 00 00 00 00 00 00 00 00 00 00 00 00 00 00  ................
0000f990: 00 00 00 00 00 00 00 00 00 00 00 00 00 00 00 00  ................
0000f9a0: 00 00 00 00 00 00 00 00 00 00 00 00 00 00 00 00  ................
0000f9b0: 00 00 00 00 00 00 00 00 00 00 00 00 00 00 00 00  ................
0000f9c0: 00 00 00 00 00 00 00 00 00 00 00 00 00 00 00 00  ................
0000f9d0: 00 00 00 00 00 00 00 00 00 00 00 00 00 00 00 00  ................
0000f9e0: 00 00 00 00 00 00 00 00 00 00 00 00 00 00 00 00  ................
0000f9f0: 00 00 00 00 00 00 00 00 00 00 00 00 00 00 00 00  ................
0000fa00: 00 00 00 00 00 00 00 00 00 00 00 00 00 00 00 00  ................
0000fa10: 00 00 00 00 00 00 00 00 00 00 00 00 00 00 00 00  ................
0000fa20: 00 00 00 00 00 00 00 00 00 00 00 00 00 00 00 00  ................
0000fa30: 00 00 00 00 00 00 00 00 00 00 00 00 00 00 00 00  ................
0000fa40: 00 00 00 00 00 00 00 00 00 00 00 00 00 00 00 00  ................
0000fa50: 00 00 00 00 00 00 00 00 00 00 00 00 00 00 00 00  ................
0000fa60: 00 00 00 00 00 00 00 00 00 00 00 00 00 00 00 00  ................
0000fa70: 00 00 00 00 00 00 00 00 00 00 00 00 00 00 00 00  ................
0000fa80: 00 00 00 00 00 00 00 00 00 00 00 00 00 00 00 00  ................
0000fa90: 00 00 00 00 00 00 00 00 00 00 00 00 00 00 00 00  ................
0000faa0: 00 00 00 00 00 00 00 00 00 00 00 00 00 00 00 00  ................
0000fab0: 00 00 00 00 00 00 00 00 00 00 00 00 00 00 00 00  ................
0000fac0: 00 00 00 00 00 00 00 00 00 00 00 00 00 00 00 00  ................
0000fad0: 00 00 00 00 00 00 00 00 00 00 00 00 00 00 00 00  ................
0000fae0: 00 00 00 00 00 00 00 00 00 00 00 00 00 00 00 00  ................
0000faf0: 00 00 00 00 00 00 00 00 00 00 00 00 00 00 00 00  ................
0000fb00: 00 00 00 00 00 00 00 00 00 00 00 00 00 00 00 00  ................
0000fb10: 00 00 00 00 00 00 00 00 00 00 00 00 00 00 00 00  ................
0000fb20: 00 00 00 00 00 00 00 00 00 00 00 00 00 00 00 00  ................
0000fb30: 00 00 00 00 00 00 00 00 00 00 00 00 00 00 00 00  ................
0000fb40: 00 00 00 00 00 00 00 00 00 00 00 00 00 00 00 00  ................
0000fb50: 00 00 00 00 00 00 00 00 00 00 00 00 00 00 00 00  ................
0000fb60: 00 00 00 00 00 00 00 00 00 00 00 00 00 00 00 00  ................
0000fb70: 00 00 00 00 00 00 00 00 00 00 00 00 00 00 00 00  ................
0000fb80: 00 00 00 00 00 00 00 00 00 00 00 00 00 00 00 00  ................
0000fb90: 00 00 00 00 00 00 00 00 00 00 00 00 00 00 00 00  ................
0000fba0: 00 00 00 00 00 00 00 00 00 00 00 00 00 00 00 00  ................
0000fbb0: 00 00 00 00 00 00 00 00 00 00 00 00 00 00 00 00  ................
0000fbc0: 00 00 00 00 00 00 00 00 00 00 00 00 00 00 00 00  ................
0000fbd0: 00 00 00 00 00 00 00 00 00 00 00 00 00 00 00 00  ................
0000fbe0: 00 00 00 00 00 00 00 00 00 00 00 00 00 00 00 00  ................
0000fbf0: 00 00 00 00 00 00 00 00 00 00 00 00 00 00 00 00  ................
0000fc00: 00 00 00 00 00 00 00 00 00 00 00 00 00 00 00 00  ................
0000fc10: 00 00 00 00 00 00 00 00 00 00 00 00 00 00 00 00  ................
0000fc20: 00 00 00 00 00 00 00 00 00 00 00 00 00 00 00 00  ................
0000fc30: 00 00 00 00 00 00 00 00 00 00 00 00 00 00 00 00  ................
0000fc40: 00 00 00 00 00 00 00 00 00 00 00 00 00 00 00 00  ................
0000fc50: 00 00 00 00 00 00 00 00 00 00 00 00 00 00 00 00  ................
0000fc60: 00 00 00 00 00 00 00 00 00 00 00 00 00 00 00 00  ................
0000fc70: 00 00 00 00 00 00 00 00 00 00 00 00 00 00 00 00  ................
0000fc80: 00 00 00 00 00 00 00 00 00 00 00 00 00 00 00 00  ................
0000fc90: 00 00 00 00 00 00 00 00 00 00 00 00 00 00 00 00  ................
0000fca0: 00 00 00 00 00 00 00 00 00 00 00 00 00 00 00 00  ................
0000fcb0: 00 00 00 00 00 00 00 00 00 00 00 00 00 00 00 00  ................
0000fcc0: 00 00 00 00 00 00 00 00 00 00 00 00 00 00 00 00  ................
0000fcd0: 00 00 00 00 00 00 00 00 00 00 00 00 00 00 00 00  ................
0000fce0: 00 00 00 00 00 00 00 00 00 00 00 00 00 00 00 00  ................
0000fcf0: 00 00 00 00 00 00 00 00 00 00 00 00 00 00 00 00  ................
0000fd00: 00 00 00 00 00 00 00 00 00 00 00 00 00 00 00 00  ................
0000fd10: 00 00 00 00 00 00 00 00 00 00 00 00 00 00 00 00  ................
0000fd20: 00 00 00 00 00 00 00 00 00 00 00 00 00 00 00 00  ................
0000fd30: 00 00 00 00 00 00 00 00 00 00 00 00 00 00 00 00  ................
0000fd40: 00 00 00 00 00 00 00 00 00 00 00 00 00 00 00 00  ................
0000fd50: 00 00 00 00 00 00 00 00 00 00 00 00 00 00 00 00  ................
0000fd60: 00 00 00 00 00 00 00 00 00 00 00 00 00 00 00 00  ................
0000fd70: 00 00 00 00 00 00 00 00 00 00 00 00 00 00 00 00  ................
0000fd80: 00 00 00 00 00 00 00 00 00 00 00 00 00 00 00 00  ................
0000fd90: 00 00 00 00 00 00 00 00 00 00 00 00 00 00 00 00  ................
0000fda0: 00 00 00 00 00 00 00 00 00 00 00 00 00 00 00 00  ................
0000fdb0: 00 00 00 00 00 00 00 00 00 00 00 00 00 00 00 00  ................
0000fdc0: 00 00 00 00 00 00 00 00 00 00 00 00 00 00 00 00  ................
0000fdd0: 00 00 00 00 00 00 00 00 00 00 00 00 00 00 00 00  ................
0000fde0: 00 00 00 00 00 00 00 00 00 00 00 00 00 00 00 00  ................
0000fdf0: 00 00 00 00 00 00 00 00 00 00 00 00 00 00 00 00  ................
0000fe00: 00 00 00 00 00 00 00 00 00 00 00 00 00 00 00 00  ................
0000fe10: 00 00 00 00 00 00 00 00 00 00 00 00 00 00 00 00  ................
0000fe20: 00 00 00 00 00 00 00 00 00 00 00 00 00 00 00 00  ................
0000fe30: 00 00 00 00 00 00 00 00 00 00 00 00 00 00 00 00  ................
0000fe40: 00 00 00 00 00 00 00 00 00 00 00 00 00 00 00 00  ................
0000fe50: 00 00 00 00 00 00 00 00 00 00 00 00 00 00 00 00  ................
0000fe60: 00 00 00 00 00 00 00 00 00 00 00 00 00 00 00 00  ................
0000fe70: 00 00 00 00 00 00 00 00 00 00 00 00 00 00 00 00  ................
0000fe80: 00 00 00 00 00 00 00 00 00 00 00 00 00 00 00 00  ................
0000fe90: 00 00 00 00 00 00 00 00 00 00 00 00 00 00 00 00  ................
0000fea0: 00 00 00 00 00 00 00 00 00 00 00 00 00 00 00 00  ................
0000feb0: 00 00 00 00 00 00 00 00 00 00 00 00 00 00 00 00  ................
0000fec0: 00 00 00 00 00 00 00 00 00 00 00 00 00 00 00 00  ................
0000fed0: 00 00 00 00 00 00 00 00 00 00 00 00 00 00 00 00  ................
0000fee0: 00 00 00 00 00 00 00 00 00 00 00 00 00 00 00 00  ................
0000fef0: 00 00 00 00 00 00 00 00 00 00 00 00 00 00 00 00  ................
0000ff00: 00 00 00 00 00 00 00 00 00 00 00 00 00 00 00 00  ................
0000ff10: 00 00 00 00 00 00 00 00 00 00 00 00 00 00 00 00  ................
0000ff20: 00 00 00 00 00 00 00 00 00 00 00 00 00 00 00 00  ................
0000ff30: 00 00 00 00 00 00 00 00 00 00 00 00 00 00 00 00  ................
0000ff40: 00 00 00 00 00 00 00 00 00 00 00 00 00 00 00 00  ................
0000ff50: 00 00 00 00 00 00 00 00 00 00 00 00 00 00 00 00  ................
0000ff60: 00 00 00 00 00 00 00 00 00 00 00 00 00 00 00 00  ................
0000ff70: 00 00 00 00 00 00 00 00 00 00 00 00 00 00 00 00  ................
0000ff80: 00 00 00 00 00 00 00 00 00 00 00 00 00 00 00 00  ................
0000ff90: 00 00 00 00 00 00 00 00 00 00 00 00 00 00 00 00  ................
0000ffa0: 00 00 00 00 00 00 00 00 00 00 00 00 00 00 00 00  ................
0000ffb0: 00 00 00 00 00 00 00 00 00 00 00 00 00 00 00 00  ................
0000ffc0: 00 00 00 00 00 00 00 00 00 00 00 00 00 00 00 00  ................
0000ffd0: 00 00 00 00 00 00 00 00 00 00 00 00 00 00 00 00  ................
0000ffe0: 00 00 00 00 00 00 00 00 00 00 00 00 00 00 00 00  ................
0000fff0: 00 00 00 00 00 00 00 00 00 00 00 00 00 00 00 00  ................
00010000: 00 00 00 00 00 00 00 00 00 00 00 00 00 00 00 00  ................
00010010: 00 00 00 00 00 00 00 00 00 00 00 00 00 00 00 00  ................
00010020: 00 00 00 00 00 00 00 00 00 00 00 00 00 00 00 00  ................
00010030: 00 00 00 00 00 00 00 00 00 00 00 00 00 00 00 00  ................
00010040: 00 00 00 00 00 00 00 00 00 00 00 00 00 00 00 00  ................
00010050: 00 00 00 00 00 00 00 00 00 00 00 00 00 00 00 00  ................
00010060: 00 00 00 00 00 00 00 00 00 00 00 00 00 00 00 00  ................
00010070: 00 00 00 00 00 00 00 00 00 00 00 00 00 00 00 00  ................
00010080: 00 00 00 00 00 00 00 00 00 00 00 00 00 00 00 00  ................
00010090: 00 00 00 00 00 00 00 00 00 00 00 00 00 00 00 00  ................
000100a0: 00 00 00 00 00 00 00 00 00 00 00 00 00 00 00 00  ................
000100b0: 00 00 00 00 00 00 00 00 00 00 00 00 00 00 00 00  ................
000100c0: 00 00 00 00 00 00 00 00 00 00 00 00 00 00 00 00  ................
000100d0: 00 00 00 00 00 00 00 00 00 00 00 00 00 00 00 00  ................
000100e0: 00 00 00 00 00 00 00 00 00 00 00 00 00 00 00 00  ................
000100f0: 00 00 00 00 00 00 00 00 00 00 00 00 00 00 00 00  ................
00010100: 00 00 00 00 00 00 00 00 00 00 00 00 00 00 00 00  ................
00010110: 00 00 00 00 00 00 00 00 00 00 00 00 00 00 00 00  ................
00010120: 00 00 00 00 00 00 00 00 00 00 00 00 00 00 00 00  ................
00010130: 00 00 00 00 00 00 00 00 00 00 00 00 00 00 00 00  ................
00010140: 00 00 00 00 00 00 00 00 00 00 00 00 00 00 00 00  ................
00010150: 00 00 00 00 00 00 00 00 00 00 00 00 00 00 00 00  ................
00010160: 00 00 00 00 00 00 00 00 00 00 00 00 00 00 00 00  ................
00010170: 00 00 00 00 00 00 00 00 00 00 00 00 00 00 00 00  ................
00010180: 00 00 00 00 00 00 00 00 00 00 00 00 00 00 00 00  ................
00010190: 00 00 00 00 00 00 00 00 00 00 00 00 00 00 00 00  ................
000101a0: 00 00 00 00 00 00 00 00 00 00 00 00 00 00 00 00  ................
000101b0: 00 00 00 00 00 00 00 00 00 00 00 00 00 00 00 00  ................
000101c0: 00 00 00 00 00 00 00 00 00 00 00 00 00 00 00 00  ................
000101d0: 00 00 00 00 00 00 00 00 00 00 00 00 00 00 00 00  ................
000101e0: 00 00 00 00 00 00 00 00 00 00 00 00 00 00 00 00  ................
000101f0: 00 00 00 00 00 00 00 00 00 00 00 00 00 00 00 00  ................
00010200: 00 00 00 00 00 00 00 00 00 00 00 00 00 00 00 00  ................
00010210: 00 00 00 00 00 00 00 00 00 00 00 00 00 00 00 00  ................
00010220: 00 00 00 00 00 00 00 00 00 00 00 00 00 00 00 00  ................
00010230: 00 00 00 00 00 00 00 00 00 00 00 00 00 00 00 00  ................
00010240: 00 00 00 00 00 00 00 00 00 00 00 00 00 00 00 00  ................
00010250: 00 00 00 00 00 00 00 00 00 00 00 00 00 00 00 00  ................
00010260: 00 00 00 00 00 00 00 00 00 00 00 00 00 00 00 00  ................
00010270: 00 00 00 00 00 00 00 00 00 00 00 00 00 00 00 00  ................
00010280: 00 00 00 00 00 00 00 00 00 00 00 00 00 00 00 00  ................
00010290: 00 00 00 00 00 00 00 00 00 00 00 00 00 00 00 00  ................
000102a0: 00 00 00 00 00 00 00 00 00 00 00 00 00 00 00 00  ................
000102b0: 00 00 00 00 00 00 00 00 00 00 00 00 00 00 00 00  ................
000102c0: 00 00 00 00 00 00 00 00 00 00 00 00 00 00 00 00  ................
000102d0: 00 00 00 00 00 00 00 00 00 00 00 00 00 00 00 00  ................
000102e0: 00 00 00 00 00 00 00 00 00 00 00 00 00 00 00 00  ................
000102f0: 00 00 00 00 00 00 00 00 00 00 00 00 00 00 00 00  ................
00010300: 00 00 00 00 00 00 00 00 00 00 00 00 00 00 00 00  ................
00010310: 00 00 00 00 00 00 00 00 00 00 00 00 00 00 00 00  ................
00010320: 00 00 00 00 00 00 00 00 00 00 00 00 00 00 00 00  ................
00010330: 00 00 00 00 00 00 00 00 00 00 00 00 00 00 00 00  ................
00010340: 00 00 00 00 00 00 00 00 00 00 00 00 00 00 00 00  ................
00010350: 00 00 00 00 00 00 00 00 00 00 00 00 00 00 00 00  ................
00010360: 00 00 00 00 00 00 00 00 00 00 00 00 00 00 00 00  ................
00010370: 00 00 00 00 00 00 00 00 00 00 00 00 00 00 00 00  ................
00010380: 00 00 00 00 00 00 00 00 00 00 00 00 00 00 00 00  ................
00010390: 00 00 00 00 00 00 00 00 00 00 00 00 00 00 00 00  ................
000103a0: 00 00 00 00 00 00 00 00 00 00 00 00 00 00 00 00  ................
000103b0: 00 00 00 00 00 00 00 00 00 00 00 00 00 00 00 00  ................
000103c0: 00 00 00 00 00 00 00 00 00 00 00 00 00 00 00 00  ................
000103d0: 00 00 00 00 00 00 00 00 00 00 00 00 00 00 00 00  ................
000103e0: 00 00 00 00 00 00 00 00 00 00 00 00 00 00 00 00  ................
000103f0: 00 00 00 00 00 00 00 00 00 00 00 00 00 00 00 00  ................
00010400: 00 00 00 00 00 00 00 00 00 00 00 00 00 00 00 00  ................
00010410: 00 00 00 00 00 00 00 00 00 00 00 00 00 00 00 00  ................
00010420: 00 00 00 00 00 00 00 00 00 00 00 00 00 00 00 00  ................
00010430: 00 00 00 00 00 00 00 00 00 00 00 00 00 00 00 00  ................
00010440: 00 00 00 00 00 00 00 00 00 00 00 00 00 00 00 00  ................
00010450: 00 00 00 00 00 00 00 00 00 00 00 00 00 00 00 00  ................
00010460: 00 00 00 00 00 00 00 00 00 00 00 00 00 00 00 00  ................
00010470: 00 00 00 00 00 00 00 00 00 00 00 00 00 00 00 00  ................
00010480: 00 00 00 00 00 00 00 00 00 00 00 00 00 00 00 00  ................
00010490: 00 00 11 00 04 01 01 00 01 00 01 00 01 00 01 00  ................
000104a0: 01 00 01 00 01 00 01 00 01 00 01 00 01 00 01 00  ................
000104b0: 01 00 01 00 01 00 01 00 01 00 02 00 03 00 07 00  ................
000104c0: 07 00 07 00 07 00 07 00 07 00 07 00 07 00 03 00  ................
000104d0: 02 00 01 00 01 00 01 00 01 00 02 00 03 00 0f 00  ................
000104e0: 0f 00 0f 00 0f 00 0f 00 0f 00 0f 00 0f 00 03 00  ................
000104f0: 02 00 01 00 01 00 01 00 01 00 02 00 03 00 0f 00  ................
00010500: 0f 00 0f 00 0f 00 0f 00 0f 00 0f 00 0f 00 03 00  ................
00010510: 02 00 01 00 01 00 01 00 01 00 02 00 03 00 0f 00  ................
00010520: 0f 00 0f 00 0f 00 0f 00 0f 00 0f 00 0f 00 03 00  ................
00010530: 02 00 01 00 01 00 01 00 01 00 02 00 03 00 0f 00  ................
00010540: 0f 00 0f 00 0f 00 0f 00 0f 00 0f 00 0f 00 03 00  ................
00010550: 02 00 01 00 01 00 01 00 01 00 02 00 03 00 0f 00  ................
00010560: 0f 00 0f 00 0f 00 0f 00 0f 00 0f 00 0f 00 03 00  ................
00010570: 02 00 01 00 01 00 01 00 01 00 02 00 03 00 07 00  ................
00010580: 07 00 07 00 07 00 07 00 07 00 07 00 07 00 03 00  ................
00010590: 02 00 01 00 01 00 12 00 2e 00 00 00 ff 04 00 00  ................
000105a0: cf 02 00 00 00 00 00 00 00 00 00 00 00 00 00 00  ................
000105b0: 00 00 00 00 00 00 00 00 00 00 00 00 00 00 00 00  ................
000105c0: 00 00 40 00 13 00 10 02 00 00 00 01 00 01 00 01  ..@.............
000105d0: 00 00 00 00 00 00 01 00 01 00 01 00 05 00 08 00  ................
000105e0: 0a 00 0a 00 0a 00 0a 00 0a 00 0a 00 08 00 05 00  ................
000105f0: 01 00 01 00 01 00 19 00 e6 00 00 00 85 00 a2 00  ................
00010600: 44 00 bb 00 e4 00 76 00 88 00 b7 00 b6 00 c9 00  D.....v.........
00010610: 7e 00 73 00 59 00 50 00 56 00 89 00 7c 00 5a 00  ~.s.Y.P.V...|.Z.
00010620: 53 00 59 00 62 00 7d 00 9c 00 ac 00 d0 00 53 00  S.Y.b.}.......S.
00010630: 6e 00 98 00 a4 00 c1 00 6a 00 69 00 a3 00 49 00  n.......j.i...I.
00010640: 3e 00 7d 00 68 00 44 00 41 00 4a 00 5e 00 41 00  >.}.h.D.A.J.^.A.
00010650: 2b 00 25 00 1f 00 7c 00 50 00 31 00 28 00 22 00  +.%...|.P.1.(.".
00010660: cf 00 92 00 83 00 5b 00 45 00 16 01 b2 00 71 00  ......[.E.....q.
00010670: 5b 00 48 00 1e 00 88 13 02 00 00 00 01 00 02 00  [.H.............
00010680: 03 00 03 00 00 00 01 00 02 00 03 00 03 00 00 00  ................
00010690: 00 00 00 00 00 00 00 00 00 00 00 00 00 00 00 00  ................
000106a0: 00 00 00 00 00 00 00 00 00 00 00 00 00 00 00 00  ................
000106b0: 00 00 00 00 00 00 00 00 00 00 00 00 00 00 00 00  ................
000106c0: 00 00 00 00 00 00 00 00 00 00 00 00 00 00 00 00  ................
000106d0: 00 00 00 00 00 00 00 00 00 00 00 00 00 00 00 00  ................
000106e0: 00 00 00 00 00 00 00 00 00 00 00 00 00 00 00 00  ................
000106f0: 00 00 00 00 00 00 00 00 00 00 00 00 00 00 00 00  ................
00010700: 00 00 00 00 00 00 00 00 00 00 00 00 00 00 00 00  ................
00010710: 00 00 00 00 00 00 00 00 00 00 00 00 00 00 00 00  ................
00010720: 00 00 00 00 00 00 00 00 00 00 00 00 00 00 00 00  ................
00010730: 00 00 00 00 00 00 00 00 00 00 00 00 00 00 00 00  ................
00010740: 00 00 00 00 00 00 00 00 00 00 00 00 00 00 00 00  ................
00010750: 00 00 00 00 00 00 00 00 00 00 00 00 00 00 00 00  ................
00010760: 00 00 00 00 00 00 00 00 00 00 00 00 00 00 00 00  ................
00010770: 00 00 00 00 00 00 00 00 00 00 00 00 00 00 00 00  ................
00010780: 00 00 00 00 00 00 00 00 00 00 00 00 00 00 00 00  ................
00010790: 00 00 00 00 00 00 00 00 00 00 00 00 00 00 00 00  ................
000107a0: 00 00 00 00 00 00 00 00 00 00 00 00 00 00 00 00  ................
000107b0: 00 00 00 00 00 00 00 00 00 00 00 00 00 00 00 00  ................
000107c0: 00 00 00 00 00 00 00 00 00 00 00 00 00 00 00 00  ................
000107d0: 00 00 00 00 14 00 f0 00 01 00 00 00 00 00 01 00  ................
000107e0: 0a 00 00 00 fc 0a 00 00 0a 00 00 00 0a 00 00 00  ................
000107f0: fc 0a 00 00 0a 00 00 00 fc 0a 00 00 01 00 00 00  ................
00010800: 00 01 00 00 00 01 00 00 00 01 00 00 00 01 00 00  ................
00010810: 00 14 00 00 00 01 00 00 01 00 00 00 05 00 00 00  ................
00010820: 32 00 00 00 00 00 00 00 01 00 00 00 01 00 00 00  2...............
00010830: 02 00 00 00 02 00 00 00 04 00 00 00 04 00 00 00  ................
00010840: 08 00 00 00 08 00 00 00 10 00 00 00 10 00 00 00  ................
00010850: 20 00 00 00 20 00 00 00 40 00 00 00 40 00 00 00   ... ...@...@...
00010860: 00 02 00 00 00 02 00 00 00 04 00 00 00 00 00 00  ................
00010870: 04 00 00 00 05 00 00 00 04 00 00 00 03 00 00 00  ................
00010880: 03 00 00 00 02 00 00 00 02 00 00 00 02 00 00 00  ................
00010890: 02 00 00 00 02 00 00 00 02 00 00 00 02 00 00 00  ................
000108a0: 04 00 00 00 05 00 00 00 06 00 00 00 08 00 00 00  ................
000108b0: 04 00 00 00 00 00 00 00 20 00 00 00 86 00 00 00  ........ .......
000108c0: 49 00 00 00 15 00 26 00 00 00 01 00 00 00 00 00  I.....&.........
000108d0: 05 00 01 00 00 00 f0 1e 10 0e 01 00 0a 00 00 00  ................
000108e0: 00 00 00 00 00 00 00 00 16 00 16 00 32 01 00 00  ............2...
000108f0: 0e 00 1c 00 2a 00 38 00 45 00 53 00 60 00 6d 00  ....*.8.E.S.`.m.
00010900: 7b 00 87 00 94 00 a0 00 ac 00 b8 00 c4 00 cf 00  {...............
00010910: da 00 e5 00 f0 00 fb 00 06 01 10 01 1b 01 25 01  ..............%.
00010920: 2f 01 3a 01 44 01 4e 01 58 01 62 01 6c 01 75 01  /.:.D.N.X.b.l.u.
00010930: 7f 01 88 01 92 01 9b 01 a5 01 ae 01 b7 01 c0 01  ................
00010940: c9 01 d2 01 db 01 e3 01 ec 01 f4 01 fd 01 05 02  ................
00010950: 0d 02 16 02 1e 02 26 02 2e 02 36 02 3e 02 45 02  ......&...6.>.E.
00010960: 4d 02 55 02 5c 02 64 02 6b 02 73 02 7a 02 82 02  M.U.\.d.k.s.z...
00010970: 89 02 90 02 97 02 9e 02 a5 02 ad 02 b3 02 ba 02  ................
00010980: c1 02 c8 02 cf 02 d6 02 dc 02 e3 02 e9 02 f0 02  ................
00010990: f6 02 fd 02 03 03 09 03 0f 03 16 03 1c 03 22 03  ..............".
000109a0: 28 03 2e 03 34 03 3a 03 40 03 46 03 4c 03 52 03  (...4.:.@.F.L.R.
000109b0: 57 03 5d 03 63 03 69 03 6e 03 74 03 7a 03 7f 03  W.].c.i.n.t.z...
000109c0: 85 03 8b 03 90 03 96 03 9b 03 a1 03 a6 03 ac 03  ................
000109d0: b1 03 b6 03 bc 03 c1 03 c6 03 cc 03 d1 03 d6 03  ................
000109e0: db 03 e0 03 e6 03 eb 03 f0 03 f5 03 fa 03 ff 03  ................
000109f0: 00 00 0c 00 16 00 28 00 3c 00 50 00 5f 00 70 00  ......(.<.P._.p.
00010a00: 80 00 00 00 00 00 00 00 00 00 00 00 00 00 00 00  ................
00010a10: 00 00 00 00 00 00 00 00 00 00 00 00 17 00 e4 03  ................
00010a20: 00 00 00 00 7f 7f 7f 7f 7f 7f 7f 7f 7f 7f 7f 7f  ................
00010a30: 7f 7f 7f 7f 7f 7f 7f 7f 7f 7f 7f 7f 7f 7f 7f 7f  ................
00010a40: 7f 7f 7f 7f 7f 7f 7f 7f 7f 7f 7f 7f 7f 7f 7f 7f  ................
00010a50: 7f 7f 7f 7f 7f 7f 7f 7f 7f 7f 7f 7f 7f 7f 7f 7f  ................
00010a60: 7f 7f 7f 7f 7f 00 00 00 00 00 00 00 00 00 00 00  ................
00010a70: 00 00 00 00 00 00 00 00 00 00 00 00 00 00 00 00  ................
00010a80: 00 00 00 00 00 00 00 00 00 00 00 00 00 00 00 00  ................
00010a90: 00 00 00 00 00 00 00 00 00 00 00 00 00 00 00 00  ................
00010aa0: 00 00 00 00 00 00 40 40 40 40 40 40 40 40 40 40  ......@@@@@@@@@@
00010ab0: 40 40 40 40 40 40 40 40 40 40 40 40 40 40 40 40  @@@@@@@@@@@@@@@@
00010ac0: 40 40 40 40 40 40 40 40 40 40 40 40 40 40 40 40  @@@@@@@@@@@@@@@@
00010ad0: 40 40 40 40 40 40 40 40 40 40 40 40 40 40 40 40  @@@@@@@@@@@@@@@@
00010ae0: 40 40 40 40 40 40 40 00 00 00 7f 7f 7f 7f 7f 7f  @@@@@@@.........
00010af0: 7f 7f 7f 7f 7f 7f 7f 7f 7f 7f 7f 7f 7f 7f 7f 7f  ................
00010b00: 7f 7f 7f 7f 7f 7f 7f 7f 7f 7f 7f 7f 7f 7f 7f 7f  ................
00010b10: 7f 7f 7f 7f 7f 7f 7f 7f 7f 7f 7f 7f 7f 7f 7f 7f  ................
00010b20: 7f 7f 7f 7f 7f 7f 7f 7f 7f 7f 7f 00 00 00 00 00  ................
00010b30: 00 00 00 00 00 00 00 00 00 00 00 00 00 00 00 00  ................
00010b40: 00 00 00 00 00 00 00 00 00 00 00 00 00 00 00 00  ................
00010b50: 00 00 00 00 00 00 00 00 00 00 00 00 00 00 00 00  ................
00010b60: 00 00 00 00 00 00 00 00 00 00 00 00 40 40 40 40  ............@@@@
00010b70: 40 40 40 40 40 40 40 40 40 40 40 40 40 40 40 40  @@@@@@@@@@@@@@@@
00010b80: 40 40 40 40 40 40 40 40 40 40 40 40 40 40 40 40  @@@@@@@@@@@@@@@@
00010b90: 40 40 40 40 40 40 40 40 40 40 40 40 40 40 40 40  @@@@@@@@@@@@@@@@
00010ba0: 40 40 40 40 40 40 40 40 40 40 40 40 40 00 00 00  @@@@@@@@@@@@@...
00010bb0: 7f 7f 7f 7f 7f 7f 7f 7f 7f 7f 7f 7f 7f 7f 7f 7f  ................
00010bc0: 7f 7f 7f 7f 7f 7f 7f 7f 7f 7f 7f 7f 7f 7f 7f 7f  ................
00010bd0: 7f 7f 7f 7f 7f 7f 7f 7f 7f 7f 7f 7f 7f 7f 7f 7f  ................
00010be0: 7f 7f 7f 7f 7f 7f 7f 7f 7f 7f 7f 7f 7f 7f 7f 7f  ................
00010bf0: 7f 00 00 00 00 00 00 00 00 00 00 00 00 00 00 00  ................
00010c00: 00 00 00 00 00 00 00 00 00 00 00 00 00 00 00 00  ................
00010c10: 00 00 00 00 00 00 00 00 00 00 00 00 00 00 00 00  ................
00010c20: 00 00 00 00 00 00 00 00 00 00 00 00 00 00 00 00  ................
00010c30: 00 00 40 40 40 40 40 40 40 40 40 40 40 40 40 40  ..@@@@@@@@@@@@@@
00010c40: 40 40 40 40 40 40 40 40 40 40 40 40 40 40 40 40  @@@@@@@@@@@@@@@@
00010c50: 40 40 40 40 40 40 40 40 40 40 40 40 40 40 40 40  @@@@@@@@@@@@@@@@
00010c60: 40 40 40 40 40 40 40 40 40 40 40 40 40 40 40 40  @@@@@@@@@@@@@@@@
00010c70: 40 40 40 00 00 00 7f 7f 7f 7f 7f 7f 7f 7f 7f 7f  @@@.............
00010c80: 7f 7f 7f 7f 7f 7f 7f 7f 7f 7f 7f 7f 7f 7f 7f 7f  ................
00010c90: 7f 7f 7f 7f 7f 7f 7f 7f 7f 7f 7f 7f 7f 7f 7f 7f  ................
00010ca0: 7f 7f 7f 7f 7f 7f 7f 7f 7f 7f 7f 7f 7f 7f 7f 7f  ................
00010cb0: 7f 7f 7f 7f 7f 7f 7f 00 00 00 00 00 00 00 00 00  ................
00010cc0: 00 00 00 00 00 00 00 00 00 00 00 00 00 00 00 00  ................
00010cd0: 00 00 00 00 00 00 00 00 00 00 00 00 00 00 00 00  ................
00010ce0: 00 00 00 00 00 00 00 00 00 00 00 00 00 00 00 00  ................
00010cf0: 00 00 00 00 00 00 00 00 40 40 40 40 40 40 40 40  ........@@@@@@@@
00010d00: 40 40 40 40 40 40 40 40 40 40 40 40 40 40 40 40  @@@@@@@@@@@@@@@@
00010d10: 40 40 40 40 40 40 40 40 40 40 40 40 40 40 40 40  @@@@@@@@@@@@@@@@
00010d20: 40 40 40 40 40 40 40 40 40 40 40 40 40 40 40 40  @@@@@@@@@@@@@@@@
00010d30: 40 40 40 40 40 40 40 40 40 00 00 00 7f 7f 7f 7f  @@@@@@@@@.......
00010d40: 7f 7f 7f 7f 7f 7f 7f 7f 7f 7f 7f 7f 7f 7f 7f 7f  ................
00010d50: 7f 7f 7f 7f 7f 7f 7f 7f 7f 7f 7f 7f 7f 7f 7f 7f  ................
00010d60: 7f 7f 7f 7f 7f 7f 7f 7f 7f 7f 7f 7f 7f 7f 7f 7f  ................
00010d70: 7f 7f 7f 7f 7f 7f 7f 7f 7f 7f 7f 7f 7f 00 00 00  ................
00010d80: 00 00 00 00 00 00 00 00 00 00 00 00 00 00 00 00  ................
00010d90: 00 00 00 00 00 00 00 00 00 00 00 00 00 00 00 00  ................
00010da0: 00 00 00 00 00 00 00 00 00 00 00 00 00 00 00 00  ................
00010db0: 00 00 00 00 00 00 00 00 00 00 00 00 00 00 40 40  ..............@@
00010dc0: 40 40 40 40 40 40 40 40 40 40 40 40 40 40 40 40  @@@@@@@@@@@@@@@@
00010dd0: 40 40 40 40 40 40 40 40 40 40 40 40 40 40 40 40  @@@@@@@@@@@@@@@@
00010de0: 40 40 40 40 40 40 40 40 40 40 40 40 40 40 40 40  @@@@@@@@@@@@@@@@
00010df0: 40 40 40 40 40 40 40 40 40 40 40 40 40 40 40 00  @@@@@@@@@@@@@@@.
00010e00: 1c 00 b0 01 12 00 60 00 48 00 85 00 48 00 05 00  ......`.H...H...
00010e10: 0e 00 11 00 0f 00 14 00 10 00 3c 00 11 00 80 00  ..........<.....
00010e20: 0d 00 f0 00 5f 00 41 00 60 00 20 00 58 00 12 00  ...._.A.`. .X...
00010e30: 57 00 60 00 9d 00 00 00 20 00 00 00 21 00 05 00  W.`..... ...!...
00010e40: 22 00 65 00 23 00 04 00 24 00 c0 00 25 00 38 00  ".e.#...$...%.8.
00010e50: 26 00 43 00 27 00 9a 00 28 00 15 00 29 00 04 00  &.C.'...(...)...
00010e60: 2a 00 8a 00 2b 00 14 00 2c 00 00 00 2d 00 00 00  *...+...,...-...
00010e70: 2e 00 14 00 2f 00 44 00 41 00 c8 00 42 00 3b 00  ..../.D.A...B.;.
00010e80: 47 00 42 00 76 00 60 00 77 00 09 00 1d 00 00 00  G.B.v.`.w.......
00010e90: 1e 00 04 00 6c 00 50 00 6e 00 2c 00 70 00 dc 00  ....l.P.n.,.p...
00010ea0: 71 00 d3 00 72 00 d4 00 73 00 58 00 74 00 02 00  q...r...s.X.t...
00010eb0: 78 00 8b 00 89 00 01 00 6b 00 20 00 86 00 40 00  x.......k. ...@.
00010ec0: 31 00 08 00 32 00 27 00 33 00 60 00 34 00 5e 00  1...2.'.3.`.4.^.
00010ed0: 35 00 5e 00 3a 00 af 00 3b 00 00 00 3c 00 48 00  5.^.:...;...<.H.
00010ee0: 3d 00 5b 00 3e 00 ff 00 3f 00 a8 00 40 00 ff 00  =.[.>...?...@...
00010ef0: 56 00 b2 00 59 00 9e 00 5a 00 04 00 85 00 4d 00  V...Y...Z.....M.
00010f00: 8a 00 04 00 91 00 13 00 9b 00 03 00 9c 00 e1 00  ................
00010f10: a9 00 78 00 5b 00 b0 00 5c 00 71 00 5d 00 46 00  ..x.[...\.q.].F.
00010f20: 5e 00 14 00 62 00 01 00 63 00 0f 00 64 00 c0 00  ^...b...c...d...
00010f30: 65 00 02 00 67 00 65 00 66 00 04 00 68 00 00 00  e...g.e.f...h...
00010f40: 69 00 7c 00 6a 00 12 00 7a 00 80 00 82 00 21 00  i.|.j...z.....!.
00010f50: 8f 00 91 00 ae 00 30 00 13 00 81 00 96 00 04 00  ......0.........
00010f60: 4a 00 05 00 7e 00 cd 00 50 00 02 00 49 00 10 00  J...~...P...I...
00010f70: af 00 12 00 80 00 41 00 7b 00 4a 00 7c 00 08 00  ......A.{.J.|...
00010f80: 7f 00 57 00 90 00 00 00 8c 00 ff 00 8d 00 c7 00  ..W.............
00010f90: 8e 00 00 00 8b 00 01 00 0c 00 00 00 81 00 74 00  ..............t.
00010fa0: 19 00 20 00 46 00 00 00 12 00 20 00 48 00 85 00  .. .F..... .H...
00010fb0: 48 00 05 00                                      H...
