00000000: 03 00 00 00 33 2e 30 30 33 2d 68 6f 6e 67 73 68  ....3.003-hongsh
00000010: 69 00 00 00 35 12 00 00 e2 07 01 1d 14 27 12 00  i...5........'..
00000020: 00 00 00 00 0a 88 00 00 00 00 00 00 00 00 00 00  ................
00000030: 00 00 00 00 00 00 00 00 00 00 00 00 00 00 00 00  ................
00000040: 00 00 00 00 00 00 00 00 00 00 00 00 00 00 00 00  ................
00000050: 00 00 00 00 00 00 00 00 00 00 00 00 00 00 00 00  ................
00000060: 00 00 00 00 00 00 00 00 00 00 00 00 00 00 00 00  ................
00000070: 00 00 00 00 00 00 00 00 00 00 00 00 00 00 00 00  ................
00000080: 38 2e 34 20 d2 c6 d6 b2 31 31 33 35 6a 67 a3 ac  8.4 ....1135jg..
00000090: d0 de b8 c4 77 64 72 20 62 6c 63 0d 0a 38 2e 31  ....wdr blc..8.1
000000a0: 35 20 62 6c 63 20 61 77 62 00 00 00 00 00 00 00  5 blc awb.......
000000b0: 00 00 00 00 00 00 00 00 00 00 00 00 00 00 00 00  ................
000000c0: 00 00 00 00 00 00 00 00 00 00 00 00 00 00 00 00  ................
000000d0: 00 00 00 00 00 00 00 00 00 00 00 00 00 00 00 00  ................
000000e0: 00 00 00 00 00 00 00 00 00 00 00 00 00 00 00 00  ................
000000f0: 00 00 00 00 00 00 00 00 00 00 00 00 00 00 00 00  ................
00000100: 00 00 00 00 00 00 00 00 00 00 00 00 00 00 00 00  ................
00000110: 00 00 00 00 00 00 00 00 00 00 00 00 00 00 00 00  ................
00000120: 00 00 00 00 00 00 00 00 00 00 00 00 00 00 00 00  ................
00000130: 00 00 00 00 00 00 00 00 00 00 00 00 00 00 00 00  ................
00000140: 00 00 00 00 00 00 00 00 00 00 00 00 00 00 00 00  ................
00000150: 00 00 00 00 00 00 00 00 00 00 00 00 00 00 00 00  ................
00000160: 00 00 00 00 00 00 00 00 00 00 00 00 00 00 00 00  ................
00000170: 00 00 00 00 00 00 00 00 00 00 00 00 00 00 00 00  ................
00000180: 00 00 00 00 00 00 00 00 00 00 00 00 00 00 00 00  ................
00000190: 00 00 00 00 00 00 00 00 00 00 00 00 00 00 00 00  ................
000001a0: 00 00 00 00 00 00 00 00 00 00 00 00 00 00 00 00  ................
000001b0: 00 00 00 00 00 00 00 00 00 00 00 00 00 00 00 00  ................
000001c0: 00 00 00 00 00 00 00 00 00 00 00 00 00 00 00 00  ................
000001d0: 00 00 00 00 00 00 00 00 00 00 00 00 00 00 00 00  ................
000001e0: 00 00 00 00 00 00 00 00 00 00 00 00 00 00 00 00  ................
000001f0: 00 00 00 00 00 00 00 00 00 00 00 00 00 00 00 00  ................
00000200: 00 00 ba 00 01 00 01 00 40 00 40 00 40 00 40 00  ........@.@.@.@.
00000210: 20 ff 20 ff 20 ff 20 ff 01 00 40 00 40 00 40 00   . . . ...@.@.@.
00000220: 40 00 20 ff 20 ff 20 ff 20 ff 01 00 40 00 40 00  @. . . . ...@.@.
00000230: 40 00 40 00 20 ff 20 ff 20 ff 20 ff 01 00 40 00  @.@. . . . ...@.
00000240: 40 00 40 00 40 00 20 ff 20 ff 20 ff 20 ff 01 00  @.@.@. . . . ...
00000250: 40 00 40 00 40 00 40 00 20 ff 20 ff 20 ff 20 ff  @.@.@.@. . . . .
00000260: 01 00 40 00 40 00 40 00 40 00 20 ff 20 ff 20 ff  ..@.@.@.@. . . .
00000270: 20 ff 01 00 40 00 40 00 40 00 40 00 20 ff 20 ff   ...@.@.@.@. . .
00000280: 20 ff 20 ff 01 00 40 00 40 00 40 00 40 00 20 ff   . ...@.@.@.@. .
00000290: 20 ff 20 ff 20 ff 01 00 40 00 40 00 40 00 40 00   . . ...@.@.@.@.
000002a0: 20 ff 20 ff 20 ff 20 ff 01 00 42 00 42 00 42 00   . . . ...B.B.B.
000002b0: 42 00 d8 ff d8 ff d8 ff d8 ff 01 00 c0 00 01 00  B...............
000002c0: 80 02 e0 01 0a 00 00 00 0f 00 0f 00 0a 00 00 00  ................
000002d0: 00 00 00 00 00 00 00 00 00 00 ff 00 ff 00 18 01  ................
000002e0: 2c 01 00 00 00 00 00 00 00 00 00 00 00 00 00 00  ,...............
000002f0: 0f 00 0f 00 0a 00 00 00 00 00 00 00 00 00 00 00  ................
00000300: 00 00 ff 00 ff 00 18 01 2c 01 00 00 00 00 00 00  ........,.......
00000310: 00 00 00 00 00 00 00 00 0f 00 0f 00 0a 00 00 00  ................
00000320: 00 00 00 00 00 00 00 00 00 00 ff 00 ff 00 18 01  ................
00000330: 2c 01 00 00 00 00 00 00 00 00 00 00 00 00 00 00  ,...............
00000340: 0f 00 0f 00 0a 00 00 00 00 00 00 00 00 00 00 00  ................
00000350: 00 00 ff 00 ff 00 18 01 2c 01 00 00 00 00 00 00  ........,.......
00000360: 00 00 00 00 00 00 00 00 64 00 ce 00 33 01 71 02  ........d...3.q.
00000370: 71 02 71 02 71 02 71 02 71 02 02 00 6c 03 00 00  q.q.q.q.q...l...
00000380: 08 00 10 00 18 00 20 00 28 00 30 00 38 00 40 00  ...... .(.0.8.@.
00000390: 48 00 50 00 58 00 60 00 68 00 70 00 78 00 80 00  H.P.X.`.h.p.x...
000003a0: 88 00 90 00 98 00 a0 00 a8 00 b0 00 b8 00 c0 00  ................
000003b0: c8 00 d0 00 d8 00 e0 00 e8 00 f0 00 f8 00 00 01  ................
000003c0: 08 01 10 01 18 01 20 01 28 01 30 01 38 01 40 01  ...... .(.0.8.@.
000003d0: 48 01 50 01 58 01 60 01 68 01 70 01 78 01 80 01  H.P.X.`.h.p.x...
000003e0: 88 01 90 01 98 01 a0 01 a8 01 b0 01 b8 01 c0 01  ................
000003f0: c8 01 d0 01 d8 01 e0 01 e8 01 f0 01 f8 01 00 02  ................
00000400: 08 02 10 02 18 02 20 02 28 02 30 02 38 02 40 02  ...... .(.0.8.@.
00000410: 48 02 50 02 58 02 60 02 68 02 70 02 78 02 80 02  H.P.X.`.h.p.x...
00000420: 88 02 90 02 98 02 a0 02 a8 02 b0 02 b8 02 c0 02  ................
00000430: c8 02 d0 02 d8 02 e0 02 e8 02 f0 02 f8 02 00 03  ................
00000440: 08 03 10 03 18 03 20 03 28 03 30 03 38 03 40 03  ...... .(.0.8.@.
00000450: 48 03 50 03 58 03 60 03 68 03 70 03 78 03 80 03  H.P.X.`.h.p.x...
00000460: 88 03 90 03 98 03 a0 03 a8 03 b0 03 b8 03 c0 03  ................
00000470: c8 03 d0 03 d8 03 e0 03 e8 03 f0 03 f8 03 ff 03  ................
00000480: 00 00 08 00 10 00 18 00 20 00 28 00 30 00 38 00  ........ .(.0.8.
00000490: 40 00 48 00 50 00 58 00 60 00 68 00 70 00 78 00  @.H.P.X.`.h.p.x.
000004a0: 80 00 88 00 90 00 98 00 a0 00 a8 00 b0 00 b8 00  ................
000004b0: c0 00 c8 00 d0 00 d8 00 e0 00 e8 00 f0 00 f8 00  ................
000004c0: 00 01 08 01 10 01 18 01 20 01 28 01 30 01 38 01  ........ .(.0.8.
000004d0: 40 01 48 01 50 01 58 01 60 01 68 01 70 01 78 01  @.H.P.X.`.h.p.x.
000004e0: 80 01 88 01 90 01 98 01 a0 01 a8 01 b0 01 b8 01  ................
000004f0: c0 01 c8 01 d0 01 d8 01 e0 01 e8 01 f0 01 f8 01  ................
00000500: 00 02 08 02 10 02 18 02 20 02 28 02 30 02 38 02  ........ .(.0.8.
00000510: 40 02 48 02 50 02 58 02 60 02 68 02 70 02 78 02  @.H.P.X.`.h.p.x.
00000520: 80 02 88 02 90 02 98 02 a0 02 a8 02 b0 02 b8 02  ................
00000530: c0 02 c8 02 d0 02 d8 02 e0 02 e8 02 f0 02 f8 02  ................
00000540: 00 03 08 03 10 03 18 03 20 03 28 03 30 03 38 03  ........ .(.0.8.
00000550: 40 03 48 03 50 03 58 03 60 03 68 03 70 03 78 03  @.H.P.X.`.h.p.x.
00000560: 80 03 88 03 90 03 98 03 a0 03 a8 03 b0 03 b8 03  ................
00000570: c0 03 c8 03 d0 03 d8 03 e0 03 e8 03 f0 03 f8 03  ................
00000580: ff 03 00 00 08 00 10 00 18 00 20 00 28 00 30 00  .......... .(.0.
00000590: 38 00 40 00 48 00 50 00 58 00 60 00 68 00 70 00  8.@.H.P.X.`.h.p.
000005a0: 78 00 80 00 88 00 90 00 98 00 a0 00 a8 00 b0 00  x...............
000005b0: b8 00 c0 00 c8 00 d0 00 d8 00 e0 00 e8 00 f0 00  ................
000005c0: f8 00 00 01 08 01 10 01 18 01 20 01 28 01 30 01  .......... .(.0.
000005d0: 38 01 40 01 48 01 50 01 58 01 60 01 68 01 70 01  8.@.H.P.X.`.h.p.
000005e0: 78 01 80 01 88 01 90 01 98 01 a0 01 a8 01 b0 01  x...............
000005f0: b8 01 c0 01 c8 01 d0 01 d8 01 e0 01 e8 01 f0 01  ................
00000600: f8 01 00 02 08 02 10 02 18 02 20 02 28 02 30 02  .......... .(.0.
00000610: 38 02 40 02 48 02 50 02 58 02 60 02 68 02 70 02  8.@.H.P.X.`.h.p.
00000620: 78 02 80 02 88 02 90 02 98 02 a0 02 a8 02 b0 02  x...............
00000630: b8 02 c0 02 c8 02 d0 02 d8 02 e0 02 e8 02 f0 02  ................
00000640: f8 02 00 03 08 03 10 03 18 03 20 03 28 03 30 03  .......... .(.0.
00000650: 38 03 40 03 48 03 50 03 58 03 60 03 68 03 70 03  8.@.H.P.X.`.h.p.
00000660: 78 03 80 03 88 03 90 03 98 03 a0 03 a8 03 b0 03  x...............
00000670: b8 03 c0 03 c8 03 d0 03 d8 03 e0 03 e8 03 f0 03  ................
00000680: f8 03 ff 03 00 00 80 00 00 00 00 00 00 00 00 00  ................
00000690: 00 00 00 00 00 00 00 00 00 00 00 00 00 00 00 00  ................
000006a0: 00 00 00 00 00 00 80 00 00 00 00 00 00 00 00 00  ................
000006b0: 00 00 00 00 00 00 00 00 00 00 00 00 00 00 00 00  ................
000006c0: 00 00 00 00 00 00 80 00 00 00 00 00 00 00 00 00  ................
000006d0: 00 00 00 00 00 00 00 00 00 00 00 00 00 00 00 00  ................
000006e0: 00 00 00 00 00 00 03 00 dc 08 01 00 00 00 ff 03  ................
000006f0: 4f 00 00 00 00 00 00 00 00 00 00 00 00 00 00 00  O...............
00000700: 00 00 00 00 00 00 00 00 00 00 00 00 00 00 00 00  ................
00000710: ff 03 4f 00 00 00 00 00 00 00 00 00 00 00 00 00  ..O.............
00000720: 00 00 00 00 00 00 00 00 00 00 00 00 00 00 00 00  ................
00000730: 00 00 ff 03 4f 00 00 00 00 00 00 00 00 00 00 00  ....O...........
00000740: 00 00 00 00 00 00 00 00 00 00 00 00 00 00 00 00  ................
00000750: 00 00 00 00 04 00 00 00 40 00 80 00 c0 00 00 01  ........@.......
00000760: 40 01 80 01 c0 01 00 02 40 02 80 02 c0 02 00 03  @.......@.......
00000770: 40 03 80 03 c0 03 ff 03 00 00 02 00 04 00 06 00  @...............
00000780: 08 00 0a 00 0c 00 0e 00 00 00 00 00 00 00 00 00  ................
00000790: 00 00 00 00 00 00 00 00 64 00 64 00 64 00 00 00  ........d.d.d...
000007a0: ff 03 00 00 00 00 00 00 00 00 00 00 00 00 00 00  ................
000007b0: 00 00 00 00 00 00 00 00 00 00 00 00 00 00 00 00  ................
000007c0: 00 00 ff 03 00 00 00 00 00 00 00 00 00 00 00 00  ................
000007d0: 00 00 00 00 00 00 00 00 00 00 00 00 00 00 00 00  ................
000007e0: 00 00 00 00 ff 03 00 00 00 00 00 00 00 00 00 00  ................
000007f0: 00 00 00 00 00 00 00 00 00 00 00 00 00 00 00 00  ................
00000800: 00 00 00 00 00 00 02 00 00 00 76 00 ea 00 59 01  ..........v...Y.
00000810: c1 01 20 02 75 02 bd 02 fc 02 30 03 5d 03 83 03  .. .u.....0.]...
00000820: a3 03 be 03 d6 03 eb 03 ff 03 00 00 05 00 10 00  ................
00000830: 00 00 00 00 00 00 00 00 00 00 00 00 00 00 00 00  ................
00000840: 00 00 00 00 00 00 00 00 00 00 02 00 02 00 02 00  ................
00000850: 01 00 ff 03 00 00 00 00 00 00 00 00 00 00 00 00  ................
00000860: 00 00 00 00 00 00 00 00 00 00 00 00 00 00 00 00  ................
00000870: 00 00 00 00 ff 03 00 00 00 00 00 00 00 00 00 00  ................
00000880: 00 00 00 00 00 00 00 00 00 00 00 00 00 00 00 00  ................
00000890: 00 00 00 00 00 00 ff 03 00 00 00 00 00 00 00 00  ................
000008a0: 00 00 00 00 00 00 00 00 00 00 00 00 00 00 00 00  ................
000008b0: 00 00 00 00 00 00 00 00 02 00 00 00 94 00 0f 01  ................
000008c0: 71 01 c0 01 04 02 42 02 7b 02 b1 02 e2 02 11 03  q.....B.{.......
000008d0: 3d 03 66 03 8e 03 b5 03 da 03 ff 03 00 00 01 00  =.f.............
000008e0: 05 00 10 00 00 00 00 00 00 00 00 00 00 00 00 00  ................
000008f0: 00 00 00 00 00 00 00 00 00 00 00 00 0a 00 0a 00  ................
00000900: 0a 00 01 00 ff 03 00 00 00 00 00 00 00 00 00 00  ................
00000910: 00 00 00 00 00 00 00 00 00 00 00 00 00 00 00 00  ................
00000920: 00 00 00 00 00 00 ff 03 00 00 00 00 00 00 00 00  ................
00000930: 00 00 00 00 00 00 00 00 00 00 00 00 00 00 00 00  ................
00000940: 00 00 00 00 00 00 00 00 ff 03 00 00 00 00 00 00  ................
00000950: 00 00 00 00 00 00 00 00 00 00 00 00 00 00 00 00  ................
00000960: 00 00 00 00 00 00 00 00 00 00 01 00 00 00 40 00  ..............@.
00000970: 80 00 c0 00 00 01 40 01 80 01 c0 01 00 02 40 02  ......@.......@.
00000980: 80 02 c0 02 00 03 40 03 80 03 c0 03 ff 03 00 00  ......@.........
00000990: 10 00 00 00 00 00 00 00 00 00 00 00 00 00 00 00  ................
000009a0: 00 00 00 00 00 00 00 00 00 00 00 00 00 00 14 00  ................
000009b0: 14 00 14 00 01 00 ff 03 06 00 00 00 00 00 00 00  ................
000009c0: 00 00 00 00 00 00 00 00 00 00 00 00 00 00 00 00  ................
000009d0: 00 00 00 00 00 00 00 00 ff 03 06 00 00 00 00 00  ................
000009e0: 00 00 00 00 00 00 00 00 00 00 00 00 00 00 00 00  ................
000009f0: 00 00 00 00 00 00 00 00 00 00 ff 03 06 00 00 00  ................
00000a00: 00 00 00 00 00 00 00 00 00 00 00 00 00 00 00 00  ................
00000a10: 00 00 00 00 00 00 00 00 00 00 00 00 01 00 00 00  ................
00000a20: 40 00 80 00 c0 00 00 01 40 01 80 01 c0 01 00 02  @.......@.......
00000a30: 40 02 80 02 c0 02 00 03 40 03 80 03 c0 03 ff 03  @.......@.......
00000a40: 00 00 10 00 00 00 00 00 00 00 00 00 00 00 00 00  ................
00000a50: 00 00 00 00 00 00 00 00 00 00 00 00 00 00 00 00  ................
00000a60: 32 00 32 00 32 00 01 00 ff 03 18 03 6f 01 66 00  2.2.2.......o.f.
00000a70: 11 00 01 00 00 00 00 00 00 00 00 00 00 00 00 00  ................
00000a80: 00 00 00 00 00 00 00 00 00 00 ff 03 18 03 6f 01  ..............o.
00000a90: 66 00 11 00 01 00 00 00 00 00 00 00 00 00 00 00  f...............
00000aa0: 00 00 00 00 00 00 00 00 00 00 00 00 ff 03 18 03  ................
00000ab0: 6f 01 66 00 11 00 01 00 00 00 00 00 00 00 00 00  o.f.............
00000ac0: 00 00 00 00 00 00 00 00 00 00 00 00 00 00 01 00  ................
00000ad0: 00 00 0e 00 4a 00 a4 00 f9 00 43 01 86 01 c4 01  ....J.....C.....
00000ae0: 00 02 3d 02 7b 02 ba 02 fa 02 3b 03 7c 03 be 03  ..=.{.....;.|...
00000af0: ff 03 00 00 01 00 03 00 08 00 10 00 00 00 00 00  ................
00000b00: 00 00 00 00 00 00 00 00 00 00 00 00 00 00 00 00  ................
00000b10: 00 00 e8 03 e8 03 e8 03 00 00 ff 03 84 03 65 02  ..............e.
00000b20: 43 01 84 00 29 00 0a 00 01 00 00 00 00 00 00 00  C...)...........
00000b30: 00 00 00 00 00 00 00 00 00 00 00 00 ff 03 84 03  ................
00000b40: 65 02 43 01 84 00 29 00 0a 00 01 00 00 00 00 00  e.C...).........
00000b50: 00 00 00 00 00 00 00 00 00 00 00 00 00 00 ff 03  ................
00000b60: 84 03 65 02 43 01 84 00 29 00 0a 00 01 00 00 00  ..e.C...).......
00000b70: 00 00 00 00 00 00 00 00 00 00 00 00 00 00 00 00  ................
00000b80: 01 00 00 00 40 00 80 00 c0 00 00 01 40 01 80 01  ....@.......@...
00000b90: c0 01 00 02 40 02 80 02 c0 02 00 03 40 03 80 03  ....@.......@...
00000ba0: c0 03 ff 03 00 00 10 00 00 00 00 00 00 00 00 00  ................
00000bb0: 00 00 00 00 00 00 00 00 00 00 00 00 00 00 00 00  ................
00000bc0: 00 00 00 00 d0 07 d0 07 d0 07 00 00 ff 03 1b 02  ................
00000bd0: 4f 00 03 00 00 00 00 00 00 00 00 00 00 00 00 00  O...............
00000be0: 00 00 00 00 00 00 00 00 00 00 00 00 00 00 ff 03  ................
00000bf0: 1b 02 4f 00 03 00 00 00 00 00 00 00 00 00 00 00  ..O.............
00000c00: 00 00 00 00 00 00 00 00 00 00 00 00 00 00 00 00  ................
00000c10: ff 03 1b 02 4f 00 03 00 00 00 00 00 00 00 00 00  ....O...........
00000c20: 00 00 00 00 00 00 00 00 00 00 00 00 00 00 00 00  ................
00000c30: 00 00 01 00 00 00 40 00 80 00 c0 00 00 01 40 01  ......@.......@.
00000c40: 80 01 c0 01 00 02 40 02 80 02 c0 02 00 03 40 03  ......@.......@.
00000c50: 80 03 c0 03 ff 03 00 00 10 00 00 00 00 00 00 00  ................
00000c60: 00 00 00 00 00 00 00 00 00 00 00 00 00 00 00 00  ................
00000c70: 00 00 00 00 00 00 90 01 90 01 90 01 00 00 ff 03  ................
00000c80: e7 02 1c 01 39 00 06 00 00 00 00 00 00 00 00 00  ....9...........
00000c90: 00 00 00 00 00 00 00 00 00 00 00 00 00 00 00 00  ................
00000ca0: ff 03 e7 02 1c 01 39 00 06 00 00 00 00 00 00 00  ......9.........
00000cb0: 00 00 00 00 00 00 00 00 00 00 00 00 00 00 00 00  ................
00000cc0: 00 00 ff 03 e7 02 1c 01 39 00 06 00 00 00 00 00  ........9.......
00000cd0: 00 00 00 00 00 00 00 00 00 00 00 00 00 00 00 00  ................
00000ce0: 00 00 00 00 01 00 00 00 40 00 80 00 c0 00 00 01  ........@.......
00000cf0: 40 01 80 01 c0 01 00 02 40 02 80 02 c0 02 00 03  @.......@.......
00000d00: 40 03 80 03 c0 03 ff 03 00 00 10 00 00 00 00 00  @...............
00000d10: 00 00 00 00 00 00 00 00 00 00 00 00 00 00 00 00  ................
00000d20: 00 00 00 00 00 00 00 00 20 03 20 03 20 03 01 00  ........ . . ...
00000d30: ff 03 1c 01 06 00 00 00 00 00 00 00 00 00 00 00  ................
00000d40: 00 00 00 00 00 00 00 00 00 00 00 00 00 00 00 00  ................
00000d50: 00 00 ff 03 1c 01 06 00 00 00 00 00 00 00 00 00  ................
00000d60: 00 00 00 00 00 00 00 00 00 00 00 00 00 00 00 00  ................
00000d70: 00 00 00 00 ff 03 1c 01 06 00 00 00 00 00 00 00  ................
00000d80: 00 00 00 00 00 00 00 00 00 00 00 00 00 00 00 00  ................
00000d90: 00 00 00 00 00 00 05 00 00 00 40 00 80 00 c0 00  ..........@.....
00000da0: 00 01 40 01 80 01 c0 01 00 02 40 02 80 02 c0 02  ..@.......@.....
00000db0: 00 03 40 03 80 03 c0 03 ff 03 00 00 02 00 04 00  ..@.............
00000dc0: 06 00 08 00 0a 00 0c 00 0e 00 00 00 00 00 00 00  ................
00000dd0: 00 00 00 00 00 00 00 00 00 00 c8 00 c8 00 c8 00  ................
00000de0: 01 00 01 00 ff 03 4f 00 00 00 00 00 00 00 00 00  ......O.........
00000df0: 00 00 00 00 00 00 00 00 00 00 00 00 00 00 00 00  ................
00000e00: 00 00 00 00 00 00 06 00 64 00 00 00 00 00 00 00  ........d.......
00000e10: 00 00 01 00 ff 03 00 00 00 00 00 00 00 00 00 00  ................
00000e20: 00 00 00 00 00 00 00 00 00 00 00 00 00 00 00 00  ................
00000e30: 00 00 00 00 00 00 04 00 19 00 00 00 00 00 00 00  ................
00000e40: 00 00 01 00 ff 03 18 03 6f 01 66 00 11 00 01 00  ........o.f.....
00000e50: 00 00 00 00 00 00 00 00 00 00 00 00 00 00 00 00  ................
00000e60: 00 00 00 00 00 00 02 00 e8 03 00 00 00 00 00 00  ................
00000e70: 00 00 01 00 ff 03 18 03 6f 01 66 00 11 00 01 00  ........o.f.....
00000e80: 00 00 00 00 00 00 00 00 00 00 00 00 00 00 00 00  ................
00000e90: 00 00 00 00 00 00 01 00 e8 03 00 00 00 00 00 00  ................
00000ea0: 00 00 01 00 ff 03 84 03 65 02 43 01 84 00 29 00  ........e.C...).
00000eb0: 0a 00 01 00 00 00 00 00 00 00 00 00 00 00 00 00  ................
00000ec0: 00 00 00 00 00 00 01 00 d0 07 00 00 00 00 00 00  ................
00000ed0: 00 00 01 00 ff 03 fa 03 eb 03 d1 03 af 03 84 03  ................
00000ee0: 53 03 1c 03 e1 02 a4 02 65 02 27 02 e9 01 af 01  S.......e.'.....
00000ef0: 77 01 43 01 14 01 01 00 50 c3 00 00 00 00 00 00  w.C.....P.......
00000f00: 00 00 00 00 ff 03 fa 03 eb 03 d1 03 af 03 84 03  ................
00000f10: 53 03 1c 03 e1 02 a4 02 65 02 27 02 e9 01 af 01  S.......e.'.....
00000f20: 77 01 43 01 14 01 01 00 50 c3 00 00 00 00 00 00  w.C.....P.......
00000f30: 00 00 01 00 ff 03 1b 02 4f 00 03 00 00 00 00 00  ........O.......
00000f40: 00 00 00 00 00 00 00 00 00 00 00 00 00 00 00 00  ................
00000f50: 00 00 00 00 00 00 01 00 90 01 00 00 00 00 00 00  ................
00000f60: 00 00 01 00 ff 03 18 03 6f 01 66 00 11 00 01 00  ........o.f.....
00000f70: 00 00 00 00 00 00 00 00 00 00 00 00 00 00 00 00  ................
00000f80: 00 00 00 00 00 00 01 00 e8 03 00 00 00 00 00 00  ................
00000f90: 00 00 01 00 ff 03 18 03 6f 01 66 00 11 00 01 00  ........o.f.....
00000fa0: 00 00 00 00 00 00 00 00 00 00 00 00 00 00 00 00  ................
00000fb0: 00 00 00 00 00 00 05 00 e8 03 00 00 00 00 00 00  ................
00000fc0: 00 00 04 00 40 04 01 00 00 00 01 00 00 00 00 00  ....@...........
00000fd0: 01 00 01 00 00 00 01 00 01 00 08 00 08 00 78 00  ..............x.
00000fe0: 01 00 e8 03 d0 07 40 00 20 00 00 00 08 00 14 00  ......@. .......
00000ff0: ff 03 18 03 6f 01 66 00 11 00 01 00 00 00 00 00  ....o.f.........
00001000: 00 00 00 00 00 00 00 00 00 00 00 00 00 00 00 00  ................
00001010: 00 00 e8 03 02 00 00 00 0b 00 08 00 78 00 60 00  ............x.`.
00001020: 04 00 01 00 e8 03 d0 07 40 00 18 00 00 00 08 00  ........@.......
00001030: 14 00 0a 00 00 00 00 00 01 00 01 00 01 00 01 00  ................
00001040: 00 00 01 00 01 00 08 00 08 00 40 00 01 00 dc 05  ..........@.....
00001050: f0 0a 10 00 08 00 00 00 08 00 00 00 ff 03 cc 03  ................
00001060: 42 03 85 02 c3 01 1c 01 a2 00 53 00 26 00 10 00  B.........S.&...
00001070: 06 00 02 00 00 00 00 00 00 00 00 00 00 00 88 13  ................
00001080: 02 00 00 00 0b 00 10 00 40 00 00 00 0c 00 01 00  ........@.......
00001090: dc 05 f0 0a 20 00 10 00 00 00 08 00 14 00 c8 00  .... ...........
000010a0: 00 00 00 00 01 00 01 00 01 00 01 00 00 00 01 00  ................
000010b0: 01 00 08 00 08 00 40 00 01 00 dc 05 f0 0a 18 00  ......@.........
000010c0: 0c 00 00 00 08 00 00 00 ff 03 cc 03 42 03 85 02  ............B...
000010d0: c3 01 1c 01 a2 00 53 00 26 00 10 00 06 00 02 00  ......S.&.......
000010e0: 00 00 00 00 00 00 00 00 00 00 88 13 02 00 00 00  ................
000010f0: 0b 00 10 00 40 00 00 00 0c 00 01 00 dc 05 f0 0a  ....@...........
00001100: 30 00 18 00 00 00 08 00 14 00 64 00 00 00 00 00  0.........d.....
00001110: 01 00 01 00 01 00 01 00 00 00 01 00 01 00 08 00  ................
00001120: 08 00 40 00 01 00 08 07 28 0a 20 00 10 00 00 00  ..@.....(. .....
00001130: 08 00 00 00 ff 03 cc 03 42 03 85 02 c3 01 1c 01  ........B.......
00001140: a2 00 53 00 26 00 10 00 06 00 02 00 00 00 00 00  ..S.&...........
00001150: 00 00 00 00 00 00 88 13 02 00 00 00 0f 00 10 00  ................
00001160: 40 00 00 00 0c 00 01 00 08 07 28 0a 40 00 20 00  @.........(.@. .
00001170: 00 00 08 00 14 00 64 00 00 00 00 00 01 00 01 00  ......d.........
00001180: 01 00 01 00 00 00 01 00 01 00 08 00 08 00 40 00  ..............@.
00001190: 02 00 c4 09 1c 0c 40 00 20 00 00 00 08 00 14 00  ......@. .......
000011a0: ff 03 e6 03 9c 03 2d 03 a7 02 1b 02 97 01 24 01  ......-.......$.
000011b0: c6 00 80 00 4f 00 2e 00 19 00 0d 00 06 00 03 00  ....O...........
000011c0: 01 00 10 27 01 00 00 00 0f 00 10 00 40 00 00 00  ...'........@...
000011d0: 0c 00 02 00 c4 09 1c 0c 40 00 20 00 00 00 08 00  ........@. .....
000011e0: 14 00 64 00 00 00 00 00 01 00 01 00 01 00 01 00  ..d.............
000011f0: 00 00 01 00 01 00 08 00 08 00 40 00 01 00 f0 0a  ..........@.....
00001200: ac 0d 60 00 40 00 00 00 08 00 14 00 ff 03 f2 03  ..`.@...........
00001210: cc 03 90 03 42 03 e7 02 85 02 22 02 c3 01 6b 01  ....B....."...k.
00001220: 1c 01 d9 00 a2 00 75 00 53 00 39 00 26 00 20 4e  ......u.S.9.&. N
00001230: 01 00 00 00 0f 00 20 00 40 00 00 00 0c 00 01 00  ...... .@.......
00001240: f0 0a ac 0d 60 00 40 00 00 00 08 00 40 00 64 00  ....`.@.....@.d.
00001250: 00 00 01 00 01 00 01 00 01 00 01 00 00 00 01 00  ................
00001260: 01 00 08 00 08 00 78 00 01 00 d8 0e c0 12 60 00  ......x.......`.
00001270: 40 00 00 00 08 00 14 00 ff 03 f9 03 e6 03 c6 03  @...............
00001280: 9c 03 68 03 2d 03 ec 02 a7 02 61 02 1b 02 d8 01  ..h.-.....a.....
00001290: 97 01 5b 01 24 01 f2 00 c6 00 40 9c 01 00 00 00  ..[.$.....@.....
000012a0: 0f 00 10 00 78 00 00 00 0c 00 01 00 d8 0e c0 12  ....x...........
000012b0: 60 00 40 00 00 00 08 00 40 00 64 00 00 00 01 00  `.@.....@.d.....
000012c0: 01 00 01 00 01 00 01 00 00 00 01 00 01 00 08 00  ................
000012d0: 08 00 78 00 01 00 58 1b 1c 25 40 00 20 00 00 00  ..x...X..%@. ...
000012e0: 08 00 14 00 ff 03 f9 03 e6 03 c6 03 9c 03 68 03  ..............h.
000012f0: 2d 03 ec 02 a7 02 61 02 1b 02 d8 01 97 01 5b 01  -.....a.......[.
00001300: 24 01 f2 00 c6 00 40 9c 01 00 00 00 0f 00 40 00  $.....@.......@.
00001310: 78 00 10 00 0c 00 01 00 58 1b 1c 25 40 00 20 00  x.......X..%@. .
00001320: 00 00 08 00 40 00 00 00 00 00 01 00 01 00 01 00  ....@...........
00001330: 01 00 01 00 00 00 01 00 01 00 08 00 08 00 78 00  ..............x.
00001340: 01 00 ac 0d 58 1b 40 00 20 00 00 00 08 00 14 00  ....X.@. .......
00001350: ff 03 f9 03 e6 03 c6 03 9c 03 68 03 2d 03 ec 02  ..........h.-...
00001360: a7 02 61 02 1b 02 d8 01 97 01 5b 01 24 01 f2 00  ..a.......[.$...
00001370: c6 00 40 9c 01 00 00 00 0f 00 40 00 78 00 10 00  ..@.......@.x...
00001380: 0c 00 01 00 ac 0d 58 1b 40 00 20 00 00 00 08 00  ......X.@. .....
00001390: 40 00 00 00 00 00 01 00 01 00 01 00 01 00 01 00  @...............
000013a0: 01 00 01 00 01 00 08 00 08 00 78 00 04 00 e8 03  ..........x.....
000013b0: d0 07 40 00 20 00 00 00 08 00 28 00 ff 03 18 03  ..@. .....(.....
000013c0: 6f 01 66 00 11 00 01 00 00 00 00 00 00 00 00 00  o.f.............
000013d0: 00 00 00 00 00 00 00 00 00 00 00 00 00 00 e8 03  ................
000013e0: 02 00 00 00 0b 00 08 00 78 00 00 00 04 00 04 00  ........x.......
000013f0: e8 03 d0 07 40 00 18 00 00 00 08 00 28 00 96 00  ....@.......(...
00001400: 00 00 05 00 56 00 01 00 01 00 14 00 0c 00 1e 00  ....V...........
00001410: 01 00 14 00 04 00 78 00 01 00 14 00 04 00 78 00  ......x.......x.
00001420: 01 00 14 00 0c 00 1e 00 01 00 14 00 0c 00 1e 00  ................
00001430: 01 00 14 00 04 00 78 00 01 00 14 00 04 00 78 00  ......x.......x.
00001440: 01 00 14 00 04 00 78 00 01 00 14 00 04 00 78 00  ......x.......x.
00001450: 01 00 14 00 04 00 78 00 06 00 16 00 c0 00 00 00  ......x.........
00001460: 00 00 37 00 3c 00 40 00 40 00 40 00 40 00 07 00  ..7.<.@.@.@.@...
00001470: 6c 03 00 00 16 00 2c 00 42 00 58 00 6d 00 82 00  l.....,.B.X.m...
00001480: 97 00 ac 00 c1 00 d5 00 e9 00 fd 00 10 01 22 01  ..............".
00001490: 35 01 46 01 58 01 68 01 78 01 88 01 96 01 a5 01  5.F.X.h.x.......
000014a0: b2 01 c0 01 cc 01 d9 01 e5 01 f0 01 fb 01 06 02  ................
000014b0: 10 02 1a 02 24 02 2d 02 36 02 3f 02 48 02 50 02  ....$.-.6.?.H.P.
000014c0: 58 02 60 02 68 02 6f 02 77 02 7e 02 85 02 8c 02  X.`.h.o.w.~.....
000014d0: 93 02 99 02 a0 02 a6 02 ac 02 b2 02 b7 02 bd 02  ................
000014e0: c2 02 c8 02 cd 02 d2 02 d7 02 dc 02 e0 02 e5 02  ................
000014f0: e9 02 ed 02 f1 02 f5 02 f9 02 fd 02 01 03 04 03  ................
00001500: 08 03 0b 03 0e 03 12 03 15 03 18 03 1b 03 1e 03  ................
00001510: 20 03 23 03 26 03 28 03 2b 03 2e 03 30 03 33 03   .#.&.(.+...0.3.
00001520: 35 03 38 03 3b 03 3d 03 40 03 43 03 46 03 49 03  5.8.;.=.@.C.F.I.
00001530: 4c 03 4f 03 52 03 55 03 58 03 5c 03 60 03 63 03  L.O.R.U.X.\.`.c.
00001540: 67 03 6b 03 70 03 74 03 79 03 7d 03 82 03 88 03  g.k.p.t.y.}.....
00001550: 8d 03 93 03 99 03 9f 03 a5 03 ab 03 b2 03 b8 03  ................
00001560: bf 03 c6 03 cd 03 d4 03 db 03 e2 03 ea 03 f1 03  ................
00001570: f8 03 ff 03 00 00 16 00 2c 00 42 00 58 00 6d 00  ........,.B.X.m.
00001580: 82 00 97 00 ac 00 c1 00 d5 00 e9 00 fd 00 10 01  ................
00001590: 22 01 35 01 46 01 58 01 68 01 78 01 88 01 96 01  ".5.F.X.h.x.....
000015a0: a5 01 b2 01 c0 01 cc 01 d9 01 e5 01 f0 01 fb 01  ................
000015b0: 06 02 10 02 1a 02 24 02 2d 02 36 02 3f 02 48 02  ......$.-.6.?.H.
000015c0: 50 02 58 02 60 02 68 02 6f 02 77 02 7e 02 85 02  P.X.`.h.o.w.~...
000015d0: 8c 02 93 02 99 02 a0 02 a6 02 ac 02 b2 02 b7 02  ................
000015e0: bd 02 c2 02 c8 02 cd 02 d2 02 d7 02 dc 02 e0 02  ................
000015f0: e5 02 e9 02 ed 02 f1 02 f5 02 f9 02 fd 02 01 03  ................
00001600: 04 03 08 03 0b 03 0e 03 12 03 15 03 18 03 1b 03  ................
00001610: 1e 03 20 03 23 03 26 03 28 03 2b 03 2e 03 30 03  .. .#.&.(.+...0.
00001620: 33 03 35 03 38 03 3b 03 3d 03 40 03 43 03 46 03  3.5.8.;.=.@.C.F.
00001630: 49 03 4c 03 4f 03 52 03 55 03 58 03 5c 03 60 03  I.L.O.R.U.X.\.`.
00001640: 63 03 67 03 6b 03 70 03 74 03 79 03 7d 03 82 03  c.g.k.p.t.y.}...
00001650: 88 03 8d 03 93 03 99 03 9f 03 a5 03 ab 03 b2 03  ................
00001660: b8 03 bf 03 c6 03 cd 03 d4 03 db 03 e2 03 ea 03  ................
00001670: f1 03 f8 03 ff 03 00 00 16 00 2c 00 42 00 58 00  ..........,.B.X.
00001680: 6d 00 82 00 97 00 ac 00 c1 00 d5 00 e9 00 fd 00  m...............
00001690: 10 01 22 01 35 01 46 01 58 01 68 01 78 01 88 01  ..".5.F.X.h.x...
000016a0: 96 01 a5 01 b2 01 c0 01 cc 01 d9 01 e5 01 f0 01  ................
000016b0: fb 01 06 02 10 02 1a 02 24 02 2d 02 36 02 3f 02  ........$.-.6.?.
000016c0: 48 02 50 02 58 02 60 02 68 02 6f 02 77 02 7e 02  H.P.X.`.h.o.w.~.
000016d0: 85 02 8c 02 93 02 99 02 a0 02 a6 02 ac 02 b2 02  ................
000016e0: b7 02 bd 02 c2 02 c8 02 cd 02 d2 02 d7 02 dc 02  ................
000016f0: e0 02 e5 02 e9 02 ed 02 f1 02 f5 02 f9 02 fd 02  ................
00001700: 01 03 04 03 08 03 0b 03 0e 03 12 03 15 03 18 03  ................
00001710: 1b 03 1e 03 20 03 23 03 26 03 28 03 2b 03 2e 03  .... .#.&.(.+...
00001720: 30 03 33 03 35 03 38 03 3b 03 3d 03 40 03 43 03  0.3.5.8.;.=.@.C.
00001730: 46 03 49 03 4c 03 4f 03 52 03 55 03 58 03 5c 03  F.I.L.O.R.U.X.\.
00001740: 60 03 63 03 67 03 6b 03 70 03 74 03 79 03 7d 03  `.c.g.k.p.t.y.}.
00001750: 82 03 88 03 8d 03 93 03 99 03 9f 03 a5 03 ab 03  ................
00001760: b2 03 b8 03 bf 03 c6 03 cd 03 d4 03 db 03 e2 03  ................
00001770: ea 03 f1 03 f8 03 ff 03 00 00 08 00 12 00 26 00  ..............&.
00001780: 4c 00 6e 00 80 00 00 00 00 00 00 00 00 00 00 00  L.n.............
00001790: 00 00 00 00 00 00 00 00 00 00 08 00 12 00 26 00  ..............&.
000017a0: 4c 00 6e 00 80 00 00 00 00 00 00 00 00 00 00 00  L.n.............
000017b0: 00 00 00 00 00 00 00 00 00 00 08 00 12 00 26 00  ..............&.
000017c0: 4c 00 6e 00 80 00 00 00 00 00 00 00 00 00 00 00  L.n.............
000017d0: 00 00 00 00 00 00 00 00 01 00 08 00 88 00 01 00  ................
000017e0: 00 00 00 00 ff 00 00 00 00 02 38 ff c8 ff de ff  ..........8.....
000017f0: 8e 01 94 ff eb ff 2e ff e7 01 01 00 00 00 ff 00  ................
00001800: 00 00 10 02 2e ff c2 ff 45 ff 31 02 8a ff e1 ff  ........E.1.....
00001810: ce fd 51 03 01 00 00 00 ff 00 00 00 af 01 89 ff  ..Q.............
00001820: c8 ff 81 ff d6 01 a9 ff f5 ff 99 fe 72 02 01 00  ............r...
00001830: 00 00 ff 00 00 00 e0 01 49 ff d7 ff 91 ff 12 02  ........I.......
00001840: 5d ff 02 00 64 fe 9a 02 01 00 00 00 ff 00 00 00  ]...d...........
00001850: e0 01 35 ff eb ff b6 ff 68 01 e2 ff 16 00 b2 fe  ..5.....h.......
00001860: 38 02 09 00 6a 00 01 00 07 00 0d 00 01 00 01 00  8...j...........
00001870: 14 00 07 00 0d 00 01 00 00 00 14 00 07 00 0d 00  ................
00001880: 01 00 01 00 14 00 07 00 0d 00 01 00 01 00 14 00  ................
00001890: 07 00 0d 00 01 00 01 00 14 00 07 00 0d 00 01 00  ................
000018a0: 01 00 14 00 07 00 0d 00 01 00 01 00 14 00 07 00  ................
000018b0: 0d 00 01 00 01 00 14 00 07 00 00 00 01 00 01 00  ................
000018c0: 14 00 07 00 0d 00 01 00 01 00 14 00 0a 00 ee 26  ...............&
000018d0: 01 00 1f 00 80 00 00 00 00 00 00 00 00 00 60 00  ..............`.
000018e0: c0 00 00 00 10 00 20 00 30 00 40 00 50 00 60 00  ...... .0.@.P.`.
000018f0: 70 00 80 00 90 00 a0 00 b0 00 c0 00 d0 00 e0 00  p...............
00001900: f0 00 00 01 10 01 20 01 30 01 40 01 50 01 60 01  ...... .0.@.P.`.
00001910: 70 01 80 01 90 01 a0 01 b0 01 c0 01 d0 01 e0 01  p...............
00001920: f0 01 00 02 10 02 20 02 30 02 40 02 50 02 60 02  ...... .0.@.P.`.
00001930: 70 02 80 02 90 02 a0 02 b0 02 c0 02 d0 02 e0 02  p...............
00001940: f0 02 00 03 10 03 20 03 30 03 40 03 50 03 60 03  ...... .0.@.P.`.
00001950: 70 03 80 03 90 03 a0 03 b0 03 c0 03 d0 03 e0 03  p...............
00001960: f0 03 ff 03 00 00 10 00 20 00 30 00 40 00 50 00  ........ .0.@.P.
00001970: 60 00 70 00 80 00 90 00 a0 00 b0 00 c0 00 d0 00  `.p.............
00001980: e0 00 f0 00 00 01 10 01 20 01 30 01 40 01 50 01  ........ .0.@.P.
00001990: 60 01 70 01 80 01 90 01 a0 01 b0 01 c0 01 d0 01  `.p.............
000019a0: e0 01 f0 01 00 02 10 02 20 02 30 02 40 02 50 02  ........ .0.@.P.
000019b0: 60 02 70 02 80 02 90 02 a0 02 b0 02 c0 02 d0 02  `.p.............
000019c0: e0 02 f0 02 00 03 10 03 20 03 30 03 40 03 50 03  ........ .0.@.P.
000019d0: 60 03 70 03 80 03 90 03 a0 03 b0 03 c0 03 d0 03  `.p.............
000019e0: e0 03 f0 03 ff 03 00 00 10 00 20 00 30 00 40 00  .......... .0.@.
000019f0: 50 00 60 00 70 00 80 00 90 00 a0 00 b0 00 c0 00  P.`.p...........
00001a00: d0 00 e0 00 f0 00 00 01 10 01 20 01 30 01 40 01  .......... .0.@.
00001a10: 50 01 60 01 70 01 80 01 90 01 a0 01 b0 01 c0 01  P.`.p...........
00001a20: d0 01 e0 01 f0 01 00 02 10 02 20 02 30 02 40 02  .......... .0.@.
00001a30: 50 02 60 02 70 02 80 02 90 02 a0 02 b0 02 c0 02  P.`.p...........
00001a40: d0 02 e0 02 f0 02 00 03 10 03 20 03 30 03 40 03  .......... .0.@.
00001a50: 50 03 60 03 70 03 80 03 90 03 a0 03 b0 03 c0 03  P.`.p...........
00001a60: d0 03 e0 03 f0 03 ff 03 00 00 24 00 44 00 64 00  ..........$.D.d.
00001a70: 84 00 a4 00 c4 00 e0 00 fc 00 18 01 30 01 4c 01  ............0.L.
00001a80: 60 01 78 01 88 01 9c 01 ac 01 bc 01 cc 01 dc 01  `.x.............
00001a90: e8 01 f4 01 fc 01 08 02 10 02 1c 02 24 02 2c 02  ............$.,.
00001aa0: 34 02 3c 02 40 02 48 02 54 02 5c 02 64 02 70 02  4.<.@.H.T.\.d.p.
00001ab0: 78 02 84 02 8c 02 98 02 a4 02 b0 02 bc 02 c8 02  x...............
00001ac0: d8 02 e4 02 f0 02 00 03 0c 03 1c 03 28 03 38 03  ............(.8.
00001ad0: 48 03 54 03 64 03 74 03 84 03 94 03 a4 03 b4 03  H.T.d.t.........
00001ae0: c4 03 d4 03 e4 03 f4 03 ff 03 00 00 10 00 1c 00  ................
00001af0: 28 00 34 00 40 00 4c 00 58 00 60 00 6c 00 78 00  (.4.@.L.X.`.l.x.
00001b00: 84 00 90 00 9c 00 a8 00 b4 00 c4 00 d4 00 e8 00  ................
00001b10: fc 00 10 01 28 01 3c 01 54 01 70 01 88 01 a0 01  ....(.<.T.p.....
00001b20: bc 01 d4 01 f0 01 08 02 20 02 38 02 50 02 64 02  ........ .8.P.d.
00001b30: 78 02 88 02 9c 02 a8 02 b4 02 c0 02 cc 02 d4 02  x...............
00001b40: dc 02 e8 02 f0 02 fc 02 04 03 10 03 1c 03 2c 03  ..............,.
00001b50: 38 03 44 03 54 03 60 03 70 03 80 03 90 03 a0 03  8.D.T.`.p.......
00001b60: b0 03 c0 03 d0 03 e0 03 f0 03 ff 03 00 00 10 00  ................
00001b70: 20 00 30 00 40 00 50 00 60 00 70 00 80 00 90 00   .0.@.P.`.p.....
00001b80: a0 00 b0 00 c0 00 d0 00 e0 00 f0 00 00 01 10 01  ................
00001b90: 20 01 30 01 40 01 50 01 60 01 70 01 80 01 90 01   .0.@.P.`.p.....
00001ba0: a0 01 b0 01 c0 01 d0 01 e0 01 f0 01 00 02 10 02  ................
00001bb0: 20 02 30 02 40 02 50 02 60 02 70 02 80 02 90 02   .0.@.P.`.p.....
00001bc0: a0 02 b0 02 c0 02 d0 02 e0 02 f0 02 00 03 10 03  ................
00001bd0: 20 03 30 03 40 03 50 03 60 03 70 03 80 03 90 03   .0.@.P.`.p.....
00001be0: a0 03 b0 03 c0 03 d0 03 e0 03 f0 03 ff 03 00 00  ................
00001bf0: 40 00 00 00 00 00 00 00 00 00 00 00 00 00 00 00  @...............
00001c00: 00 00 00 00 00 00 00 00 00 00 00 00 00 00 00 00  ................
00001c10: 40 00 00 00 00 00 00 00 00 00 00 00 00 00 00 00  @...............
00001c20: 00 00 00 00 00 00 00 00 00 00 00 00 00 00 00 00  ................
00001c30: 40 00 00 00 00 00 00 00 00 00 00 00 00 00 00 00  @...............
00001c40: 00 00 00 00 00 00 00 00 00 00 00 00 00 00 00 00  ................
00001c50: 0a 00 18 00 1f 00 40 00 00 00 00 00 00 00 00 00  ......@.........
00001c60: 00 00 00 00 00 00 00 00 00 00 00 00 00 00 00 00  ................
00001c70: 08 00 11 00 25 00 2c 00 40 00 00 00 00 00 00 00  ....%.,.@.......
00001c80: 00 00 00 00 00 00 00 00 00 00 00 00 00 00 00 00  ................
00001c90: 08 00 10 00 18 00 20 00 28 00 30 00 38 00 00 00  ...... .(.0.8...
00001ca0: 00 00 00 00 00 00 00 00 00 00 00 00 00 00 00 00  ................
00001cb0: 00 00 08 00 00 01 18 00 00 00 01 00 20 00 40 00  ............ .@.
00001cc0: 80 00 c4 00 f0 00 00 00 3f 00 7a 00 b0 00 df 00  ........?.z.....
00001cd0: 05 01 26 01 40 01 57 01 69 01 7a 01 88 01 96 01  ..&.@.W.i.z.....
00001ce0: a3 01 b0 01 bc 01 c8 01 d3 01 de 01 e8 01 f3 01  ................
00001cf0: fd 01 07 02 11 02 1b 02 24 02 2e 02 38 02 42 02  ........$...8.B.
00001d00: 4c 02 56 02 61 02 6b 02 76 02 81 02 8c 02 98 02  L.V.a.k.v.......
00001d10: a3 02 af 02 ba 02 c6 02 d2 02 de 02 eb 02 f7 02  ................
00001d20: 04 03 10 03 1d 03 2a 03 37 03 44 03 51 03 5e 03  ......*.7.D.Q.^.
00001d30: 6b 03 79 03 86 03 93 03 a1 03 ae 03 bc 03 c9 03  k.y.............
00001d40: d7 03 e4 03 f2 03 ff 03 00 00 29 00 51 00 77 00  ..........).Q.w.
00001d50: 9d 00 c0 00 e1 00 00 01 1d 01 38 01 51 01 68 01  ..........8.Q.h.
00001d60: 7e 01 93 01 a6 01 b8 01 c9 01 da 01 e9 01 f8 01  ~...............
00001d70: 07 02 14 02 21 02 2e 02 3a 02 46 02 51 02 5c 02  ....!...:.F.Q.\.
00001d80: 67 02 72 02 7d 02 88 02 93 02 9e 02 a9 02 b4 02  g.r.}...........
00001d90: bf 02 ca 02 d5 02 e0 02 eb 02 f6 02 02 03 0d 03  ................
00001da0: 18 03 24 03 2f 03 3b 03 46 03 51 03 5d 03 68 03  ..$./.;.F.Q.].h.
00001db0: 74 03 80 03 8b 03 97 03 a2 03 ae 03 ba 03 c5 03  t...............
00001dc0: d1 03 dd 03 e8 03 f4 03 ff 03 00 00 1b 00 35 00  ..............5.
00001dd0: 4e 00 68 00 82 00 9b 00 b4 00 cc 00 e5 00 fc 00  N.h.............
00001de0: 14 01 2a 01 40 01 55 01 6a 01 7e 01 91 01 a3 01  ..*.@.U.j.~.....
00001df0: b4 01 c4 01 d4 01 e2 01 f0 01 fd 01 09 02 15 02  ................
00001e00: 20 02 2b 02 36 02 40 02 4a 02 54 02 5e 02 69 02   .+.6.@.J.T.^.i.
00001e10: 73 02 7d 02 88 02 93 02 9e 02 aa 02 b6 02 c2 02  s.}.............
00001e20: cf 02 db 02 e8 02 f6 02 03 03 11 03 1f 03 2d 03  ..............-.
00001e30: 3b 03 4a 03 58 03 67 03 76 03 85 03 94 03 a3 03  ;.J.X.g.v.......
00001e40: b3 03 c2 03 d1 03 e1 03 f0 03 ff 03 00 00 15 00  ................
00001e50: 2a 00 3e 00 52 00 67 00 7b 00 90 00 a4 00 b8 00  *.>.R.g.{.......
00001e60: cc 00 e0 00 f4 00 08 01 1c 01 30 01 44 01 57 01  ..........0.D.W.
00001e70: 6a 01 7e 01 91 01 a4 01 b6 01 c9 01 dc 01 ee 01  j.~.............
00001e80: 00 02 12 02 23 02 35 02 46 02 57 02 68 02 79 02  ....#.5.F.W.h.y.
00001e90: 89 02 99 02 a9 02 b8 02 c8 02 d7 02 e6 02 f4 02  ................
00001ea0: 03 03 11 03 1e 03 2c 03 39 03 46 03 52 03 5f 03  ......,.9.F.R._.
00001eb0: 6b 03 76 03 82 03 8d 03 98 03 a3 03 ae 03 b8 03  k.v.............
00001ec0: c3 03 cd 03 d7 03 e1 03 eb 03 f6 03 ff 03 00 00  ................
00001ed0: 13 00 26 00 38 00 4b 00 5d 00 6f 00 82 00 94 00  ..&.8.K.].o.....
00001ee0: a7 00 b9 00 cc 00 de 00 f0 00 02 01 15 01 27 01  ..............'.
00001ef0: 39 01 4b 01 5d 01 6f 01 81 01 93 01 a5 01 b7 01  9.K.].o.........
00001f00: c8 01 da 01 ec 01 fd 01 0f 02 20 02 31 02 42 02  .......... .1.B.
00001f10: 54 02 65 02 75 02 86 02 97 02 a8 02 b8 02 c9 02  T.e.u...........
00001f20: d9 02 e9 02 f8 02 08 03 17 03 25 03 33 03 41 03  ..........%.3.A.
00001f30: 4d 03 5a 03 65 03 70 03 7b 03 86 03 91 03 9b 03  M.Z.e.p.{.......
00001f40: a6 03 b2 03 be 03 ca 03 d7 03 e4 03 f2 03 ff 03  ................
00001f50: 00 00 10 00 20 00 30 00 40 00 50 00 60 00 70 00  .... .0.@.P.`.p.
00001f60: 80 00 90 00 a0 00 b0 00 c0 00 d0 00 e0 00 f0 00  ................
00001f70: 00 01 10 01 20 01 30 01 40 01 50 01 60 01 70 01  .... .0.@.P.`.p.
00001f80: 80 01 90 01 a0 01 b0 01 c0 01 d0 01 e0 01 f0 01  ................
00001f90: 00 02 10 02 20 02 30 02 40 02 50 02 60 02 70 02  .... .0.@.P.`.p.
00001fa0: 80 02 90 02 a0 02 b0 02 c0 02 d0 02 e0 02 f0 02  ................
00001fb0: 00 03 10 03 20 03 30 03 40 03 50 03 60 03 70 03  .... .0.@.P.`.p.
00001fc0: 80 03 90 03 a0 03 b0 03 c0 03 d0 03 e0 03 f0 03  ................
00001fd0: ff 03 00 00 03 00 0b 00 1d 00 40 00 00 00 00 00  ..........@.....
00001fe0: 00 00 00 00 00 00 00 00 00 00 00 00 00 00 00 00  ................
00001ff0: 00 00 00 00 05 00 0f 00 1f 00 40 00 00 00 00 00  ..........@.....
00002000: 00 00 00 00 00 00 00 00 00 00 00 00 00 00 00 00  ................
00002010: 00 00 00 00 13 00 25 00 40 00 00 00 00 00 00 00  ......%.@.......
00002020: 00 00 00 00 00 00 00 00 00 00 00 00 00 00 00 00  ................
00002030: 00 00 00 00 1f 00 30 00 40 00 00 00 00 00 00 00  ......0.@.......
00002040: 00 00 00 00 00 00 00 00 00 00 00 00 00 00 00 00  ................
00002050: 00 00 00 00 26 00 31 00 3a 00 40 00 00 00 00 00  ....&.1.:.@.....
00002060: 00 00 00 00 00 00 00 00 00 00 00 00 00 00 00 00  ................
00002070: 00 00 00 00 40 00 00 00 00 00 00 00 00 00 00 00  ....@...........
00002080: 00 00 00 00 00 00 00 00 00 00 00 00 00 00 00 00  ................
00002090: 00 00 01 00 40 00 80 00 00 01 0c 00 00 00 01 00  ....@...........
000020a0: 20 00 40 00 80 00 c4 00 f0 00 00 00 40 00 78 00   .@.........@.x.
000020b0: a6 00 ca 00 e8 00 03 01 1c 01 33 01 48 01 5b 01  ..........3.H.[.
000020c0: 6c 01 7c 01 8b 01 98 01 a5 01 b1 01 bc 01 c7 01  l.|.............
000020d0: d1 01 dc 01 e7 01 f2 01 fd 01 08 02 13 02 1e 02  ................
000020e0: 29 02 35 02 40 02 4c 02 58 02 64 02 70 02 7c 02  ).5.@.L.X.d.p.|.
000020f0: 88 02 94 02 a0 02 ad 02 b9 02 c6 02 d2 02 df 02  ................
00002100: ec 02 f8 02 05 03 12 03 1f 03 2c 03 39 03 46 03  ..........,.9.F.
00002110: 53 03 60 03 6d 03 7b 03 88 03 95 03 a2 03 b0 03  S.`.m.{.........
00002120: bd 03 ca 03 d7 03 e5 03 f2 03 ff 03 00 00 25 00  ..............%.
00002130: 48 00 6b 00 8e 00 af 00 cf 00 ed 00 09 01 24 01  H.k...........$.
00002140: 3c 01 53 01 68 01 7d 01 8f 01 a1 01 b2 01 c2 01  <.S.h.}.........
00002150: d1 01 e0 01 ee 01 fc 01 0a 02 18 02 25 02 33 02  ............%.3.
00002160: 40 02 4d 02 5a 02 67 02 74 02 81 02 8e 02 9a 02  @.M.Z.g.t.......
00002170: a7 02 b3 02 c0 02 cc 02 d8 02 e4 02 f0 02 fc 02  ................
00002180: 08 03 13 03 1f 03 2b 03 36 03 42 03 4d 03 58 03  ......+.6.B.M.X.
00002190: 64 03 6f 03 7a 03 86 03 91 03 9c 03 a7 03 b2 03  d.o.z...........
000021a0: bd 03 c8 03 d3 03 de 03 e9 03 f4 03 ff 03 00 00  ................
000021b0: 1d 00 3a 00 56 00 72 00 8e 00 a9 00 c5 00 df 00  ..:.V.r.........
000021c0: f9 00 12 01 2a 01 42 01 59 01 6e 01 83 01 97 01  ....*.B.Y.n.....
000021d0: a9 01 ba 01 cb 01 da 01 e9 01 f7 01 05 02 12 02  ................
000021e0: 1e 02 2a 02 35 02 41 02 4c 02 57 02 62 02 6d 02  ..*.5.A.L.W.b.m.
000021f0: 78 02 84 02 8f 02 9b 02 a6 02 b2 02 be 02 ca 02  x...............
00002200: d6 02 e2 02 ef 02 fb 02 08 03 14 03 21 03 2d 03  ............!.-.
00002210: 3a 03 47 03 54 03 61 03 6e 03 7b 03 88 03 95 03  :.G.T.a.n.{.....
00002220: a3 03 b0 03 bd 03 ca 03 d8 03 e5 03 f2 03 ff 03  ................
00002230: 00 00 13 00 25 00 37 00 4a 00 5c 00 6e 00 81 00  ....%.7.J.\.n...
00002240: 93 00 a5 00 b7 00 ca 00 dc 00 ee 00 00 01 12 01  ................
00002250: 24 01 37 01 49 01 5b 01 6d 01 7f 01 91 01 a3 01  $.7.I.[.m.......
00002260: b5 01 c7 01 d9 01 eb 01 fd 01 0f 02 20 02 32 02  ............ .2.
00002270: 44 02 56 02 67 02 79 02 8a 02 9c 02 ad 02 be 02  D.V.g.y.........
00002280: ce 02 df 02 ef 02 ff 02 0f 03 1e 03 2d 03 3c 03  ............-.<.
00002290: 4a 03 58 03 65 03 72 03 7e 03 8a 03 96 03 a1 03  J.X.e.r.~.......
000022a0: ad 03 b8 03 c2 03 cd 03 d7 03 e1 03 eb 03 f5 03  ................
000022b0: ff 03 00 00 10 00 1f 00 2e 00 3e 00 4d 00 5c 00  ..........>.M.\.
000022c0: 6c 00 7b 00 8a 00 9a 00 a9 00 b9 00 c9 00 d9 00  l.{.............
000022d0: e8 00 f8 00 08 01 19 01 29 01 39 01 4a 01 5a 01  ........).9.J.Z.
000022e0: 6b 01 7c 01 8d 01 9e 01 af 01 c0 01 d2 01 e4 01  k.|.............
000022f0: f6 01 08 02 1a 02 2d 02 3f 02 52 02 65 02 78 02  ......-.?.R.e.x.
00002300: 8b 02 9e 02 b0 02 c3 02 d5 02 e7 02 f9 02 0a 03  ................
00002310: 1b 03 2c 03 3c 03 4b 03 5a 03 68 03 77 03 84 03  ..,.<.K.Z.h.w...
00002320: 92 03 9f 03 ab 03 b8 03 c4 03 d0 03 dc 03 e8 03  ................
00002330: f4 03 ff 03 00 00 10 00 20 00 30 00 40 00 50 00  ........ .0.@.P.
00002340: 60 00 70 00 80 00 90 00 a0 00 b0 00 c0 00 d0 00  `.p.............
00002350: e0 00 f0 00 00 01 10 01 20 01 30 01 40 01 50 01  ........ .0.@.P.
00002360: 60 01 70 01 80 01 90 01 a0 01 b0 01 c0 01 d0 01  `.p.............
00002370: e0 01 f0 01 00 02 10 02 20 02 30 02 40 02 50 02  ........ .0.@.P.
00002380: 60 02 70 02 80 02 90 02 a0 02 b0 02 c0 02 d0 02  `.p.............
00002390: e0 02 f0 02 00 03 10 03 20 03 30 03 40 03 50 03  ........ .0.@.P.
000023a0: 60 03 70 03 80 03 90 03 a0 03 b0 03 c0 03 d0 03  `.p.............
000023b0: e0 03 f0 03 ff 03 00 00 02 00 05 00 14 00 40 00  ..............@.
000023c0: 00 00 00 00 00 00 00 00 00 00 00 00 00 00 00 00  ................
000023d0: 00 00 00 00 00 00 00 00 07 00 15 00 40 00 00 00  ............@...
000023e0: 00 00 00 00 00 00 00 00 00 00 00 00 00 00 00 00  ................
000023f0: 00 00 00 00 00 00 00 00 0f 00 20 00 40 00 00 00  .......... .@...
00002400: 00 00 00 00 00 00 00 00 00 00 00 00 00 00 00 00  ................
00002410: 00 00 00 00 00 00 00 00 20 00 31 00 40 00 00 00  ........ .1.@...
00002420: 00 00 00 00 00 00 00 00 00 00 00 00 00 00 00 00  ................
00002430: 00 00 00 00 00 00 00 00 21 00 30 00 40 00 00 00  ........!.0.@...
00002440: 00 00 00 00 00 00 00 00 00 00 00 00 00 00 00 00  ................
00002450: 00 00 00 00 00 00 00 00 40 00 00 00 00 00 00 00  ........@.......
00002460: 00 00 00 00 00 00 00 00 00 00 00 00 00 00 00 00  ................
00002470: 00 00 00 00 00 00 01 00 40 00 80 00 00 01 08 00  ........@.......
00002480: 00 00 01 00 20 00 40 00 80 00 c4 00 ff 00 00 00  .... .@.........
00002490: 2c 00 50 00 6c 00 82 00 94 00 a4 00 b3 00 c0 00  ,.P.l...........
000024a0: ce 00 dc 00 ea 00 f8 00 06 01 14 01 22 01 30 01  ............".0.
000024b0: 3e 01 4d 01 5b 01 69 01 78 01 86 01 95 01 a3 01  >.M.[.i.x.......
000024c0: b2 01 c1 01 cf 01 de 01 ed 01 fb 01 0a 02 19 02  ................
000024d0: 28 02 37 02 46 02 55 02 64 02 73 02 82 02 91 02  (.7.F.U.d.s.....
000024e0: a0 02 af 02 be 02 cd 02 dd 02 ec 02 fb 02 0a 03  ................
000024f0: 1a 03 29 03 38 03 47 03 57 03 66 03 75 03 85 03  ..).8.G.W.f.u...
00002500: 94 03 a3 03 b3 03 c2 03 d1 03 e1 03 f0 03 ff 03  ................
00002510: 00 00 18 00 2f 00 46 00 5c 00 73 00 88 00 9d 00  ..../.F.\.s.....
00002520: b2 00 c6 00 da 00 ed 00 00 01 13 01 24 01 36 01  ............$.6.
00002530: 47 01 58 01 68 01 79 01 89 01 98 01 a8 01 b8 01  G.X.h.y.........
00002540: c7 01 d7 01 e6 01 f5 01 04 02 13 02 22 02 31 02  ............".1.
00002550: 40 02 4f 02 5d 02 6c 02 7b 02 89 02 97 02 a6 02  @.O.].l.{.......
00002560: b4 02 c2 02 d0 02 df 02 ed 02 fb 02 09 03 17 03  ................
00002570: 25 03 32 03 40 03 4e 03 5c 03 6a 03 77 03 85 03  %.2.@.N.\.j.w...
00002580: 93 03 a0 03 ae 03 bc 03 c9 03 d7 03 e4 03 f2 03  ................
00002590: ff 03 00 00 13 00 26 00 38 00 4b 00 5e 00 71 00  ......&.8.K.^.q.
000025a0: 84 00 97 00 aa 00 bd 00 d1 00 e4 00 f8 00 0c 01  ................
000025b0: 20 01 35 01 49 01 5e 01 72 01 86 01 9a 01 ad 01   .5.I.^.r.......
000025c0: c0 01 d2 01 e4 01 f6 01 07 02 17 02 28 02 37 02  ............(.7.
000025d0: 47 02 56 02 65 02 73 02 81 02 90 02 9d 02 ab 02  G.V.e.s.........
000025e0: b9 02 c6 02 d4 02 e1 02 ef 02 fc 02 09 03 16 03  ................
000025f0: 23 03 31 03 3e 03 4b 03 58 03 65 03 72 03 7f 03  #.1.>.K.X.e.r...
00002600: 8c 03 99 03 a5 03 b2 03 bf 03 cc 03 d9 03 e6 03  ................
00002610: f3 03 ff 03 00 00 0c 00 18 00 24 00 30 00 3c 00  ..........$.0.<.
00002620: 48 00 54 00 60 00 6d 00 7a 00 87 00 94 00 a2 00  H.T.`.m.z.......
00002630: b0 00 be 00 cd 00 db 00 eb 00 fb 00 0b 01 1c 01  ................
00002640: 2d 01 3f 01 51 01 64 01 78 01 8c 01 a0 01 b5 01  -.?.Q.d.x.......
00002650: ca 01 e0 01 f6 01 0c 02 22 02 38 02 4d 02 63 02  ........".8.M.c.
00002660: 79 02 8e 02 a3 02 b8 02 cc 02 e0 02 f3 02 06 03  y...............
00002670: 18 03 29 03 39 03 49 03 58 03 66 03 74 03 82 03  ..).9.I.X.f.t...
00002680: 8f 03 9b 03 a7 03 b3 03 bf 03 ca 03 d5 03 e0 03  ................
00002690: ea 03 f5 03 ff 03 00 00 10 00 20 00 30 00 3f 00  .......... .0.?.
000026a0: 4f 00 5f 00 6f 00 7e 00 8e 00 9e 00 ae 00 be 00  O._.o.~.........
000026b0: ce 00 de 00 ee 00 ff 00 0f 01 1f 01 30 01 40 01  ............0.@.
000026c0: 51 01 61 01 72 01 83 01 94 01 a5 01 b6 01 c8 01  Q.a.r...........
000026d0: d9 01 eb 01 fc 01 0e 02 20 02 32 02 44 02 57 02  ........ .2.D.W.
000026e0: 69 02 7c 02 8f 02 a2 02 b5 02 c8 02 da 02 ed 02  i.|.............
000026f0: 00 03 12 03 24 03 36 03 47 03 58 03 68 03 78 03  ....$.6.G.X.h.x.
00002700: 87 03 95 03 a3 03 b0 03 bb 03 c7 03 d1 03 db 03  ................
00002710: e5 03 ee 03 f7 03 ff 03 00 00 10 00 20 00 30 00  ............ .0.
00002720: 40 00 50 00 60 00 70 00 80 00 90 00 a0 00 b0 00  @.P.`.p.........
00002730: c0 00 d0 00 e0 00 f0 00 00 01 10 01 20 01 30 01  ............ .0.
00002740: 40 01 50 01 60 01 70 01 80 01 90 01 a0 01 b0 01  @.P.`.p.........
00002750: c0 01 d0 01 e0 01 f0 01 00 02 10 02 20 02 30 02  ............ .0.
00002760: 40 02 50 02 60 02 70 02 80 02 90 02 a0 02 b0 02  @.P.`.p.........
00002770: c0 02 d0 02 e0 02 f0 02 00 03 10 03 20 03 30 03  ............ .0.
00002780: 40 03 50 03 60 03 70 03 80 03 90 03 a0 03 b0 03  @.P.`.p.........
00002790: c0 03 d0 03 e0 03 f0 03 ff 03 00 00 01 00 05 00  ................
000027a0: 08 00 10 00 40 00 00 00 00 00 00 00 00 00 00 00  ....@...........
000027b0: 00 00 00 00 00 00 00 00 00 00 00 00 04 00 0c 00  ................
000027c0: 16 00 40 00 00 00 00 00 00 00 00 00 00 00 00 00  ..@.............
000027d0: 00 00 00 00 00 00 00 00 00 00 00 00 0e 00 17 00  ................
000027e0: 29 00 40 00 00 00 00 00 00 00 00 00 00 00 00 00  ).@.............
000027f0: 00 00 00 00 00 00 00 00 00 00 00 00 19 00 2e 00  ................
00002800: 40 00 00 00 00 00 00 00 00 00 00 00 00 00 00 00  @...............
00002810: 00 00 00 00 00 00 00 00 00 00 00 00 26 00 38 00  ............&.8.
00002820: 40 00 00 00 00 00 00 00 00 00 00 00 00 00 00 00  @...............
00002830: 00 00 00 00 00 00 00 00 00 00 00 00 40 00 00 00  ............@...
00002840: 00 00 00 00 00 00 00 00 00 00 00 00 00 00 00 00  ................
00002850: 00 00 00 00 00 00 00 00 00 00 01 00 40 00 80 00  ............@...
00002860: 00 01 08 00 00 00 01 00 20 00 40 00 80 00 c4 00  ........ .@.....
00002870: ff 00 00 00 2a 00 50 00 70 00 8a 00 a0 00 b4 00  ....*.P.p.......
00002880: c7 00 d8 00 e7 00 f5 00 03 01 10 01 1c 01 28 01  ..............(.
00002890: 34 01 40 01 4d 01 59 01 66 01 72 01 7f 01 8c 01  4.@.M.Y.f.r.....
000028a0: 99 01 a7 01 b4 01 c2 01 cf 01 dd 01 eb 01 f9 01  ................
000028b0: 07 02 15 02 23 02 32 02 40 02 4f 02 5e 02 6c 02  ....#.2.@.O.^.l.
000028c0: 7b 02 8a 02 99 02 a8 02 b7 02 c6 02 d6 02 e5 02  {...............
000028d0: f4 02 04 03 13 03 23 03 32 03 42 03 52 03 61 03  ......#.2.B.R.a.
000028e0: 71 03 81 03 91 03 a0 03 b0 03 c0 03 d0 03 e0 03  q...............
000028f0: f0 03 ff 03 00 00 18 00 2f 00 46 00 5c 00 73 00  ......../.F.\.s.
00002900: 89 00 9e 00 b3 00 c8 00 db 00 ee 00 00 01 11 01  ................
00002910: 22 01 32 01 41 01 4f 01 5d 01 6b 01 79 01 87 01  ".2.A.O.].k.y...
00002920: 94 01 a2 01 af 01 bd 01 cb 01 d9 01 e7 01 f5 01  ................
00002930: 03 02 11 02 20 02 2e 02 3c 02 4b 02 59 02 68 02  .... ...<.K.Y.h.
00002940: 77 02 85 02 94 02 a3 02 b2 02 c0 02 cf 02 de 02  w...............
00002950: ed 02 fc 02 0b 03 1b 03 2a 03 39 03 48 03 57 03  ........*.9.H.W.
00002960: 66 03 76 03 85 03 94 03 a4 03 b3 03 c2 03 d1 03  f.v.............
00002970: e1 03 f0 03 ff 03 00 00 13 00 25 00 38 00 4a 00  ..........%.8.J.
00002980: 5d 00 70 00 83 00 96 00 a9 00 bc 00 d0 00 e4 00  ].p.............
00002990: f8 00 0c 01 21 01 36 01 4b 01 5f 01 74 01 89 01  ....!.6.K._.t...
000029a0: 9d 01 b1 01 c4 01 d7 01 e9 01 fa 01 0b 02 1c 02  ................
000029b0: 2c 02 3b 02 4a 02 59 02 68 02 76 02 84 02 91 02  ,.;.J.Y.h.v.....
000029c0: 9f 02 ac 02 b9 02 c7 02 d4 02 e1 02 ee 02 fb 02  ................
000029d0: 08 03 15 03 22 03 2f 03 3c 03 49 03 56 03 64 03  ...."./.<.I.V.d.
000029e0: 71 03 7e 03 8b 03 98 03 a5 03 b2 03 bf 03 cc 03  q.~.............
000029f0: d9 03 e6 03 f3 03 ff 03 00 00 0c 00 17 00 23 00  ..............#.
00002a00: 2e 00 3a 00 46 00 52 00 5e 00 6a 00 77 00 84 00  ..:.F.R.^.j.w...
00002a10: 91 00 9e 00 ac 00 bb 00 c9 00 d8 00 e8 00 f8 00  ................
00002a20: 09 01 1a 01 2b 01 3e 01 51 01 64 01 78 01 8d 01  ....+.>.Q.d.x...
00002a30: a3 01 b9 01 cf 01 e5 01 fc 01 13 02 2a 02 41 02  ............*.A.
00002a40: 58 02 6f 02 85 02 9b 02 b1 02 c6 02 db 02 ef 02  X.o.............
00002a50: 03 03 16 03 28 03 39 03 49 03 58 03 67 03 75 03  ....(.9.I.X.g.u.
00002a60: 82 03 8f 03 9b 03 a6 03 b1 03 bc 03 c6 03 d0 03  ................
00002a70: da 03 e4 03 ed 03 f6 03 ff 03 00 00 10 00 20 00  .............. .
00002a80: 30 00 3f 00 4f 00 5f 00 6f 00 7e 00 8e 00 9e 00  0.?.O._.o.~.....
00002a90: ae 00 be 00 ce 00 de 00 ee 00 ff 00 0f 01 1f 01  ................
00002aa0: 30 01 40 01 51 01 61 01 72 01 83 01 94 01 a5 01  0.@.Q.a.r.......
00002ab0: b6 01 c8 01 d9 01 eb 01 fc 01 0e 02 20 02 32 02  ............ .2.
00002ac0: 44 02 57 02 69 02 7c 02 8f 02 a2 02 b5 02 c8 02  D.W.i.|.........
00002ad0: da 02 ed 02 00 03 12 03 24 03 36 03 47 03 58 03  ........$.6.G.X.
00002ae0: 68 03 78 03 87 03 95 03 a3 03 b0 03 bb 03 c7 03  h.x.............
00002af0: d1 03 db 03 e5 03 ee 03 f7 03 ff 03 00 00 10 00  ................
00002b00: 20 00 30 00 40 00 50 00 60 00 70 00 80 00 90 00   .0.@.P.`.p.....
00002b10: a0 00 b0 00 c0 00 d0 00 e0 00 f0 00 00 01 10 01  ................
00002b20: 20 01 30 01 40 01 50 01 60 01 70 01 80 01 90 01   .0.@.P.`.p.....
00002b30: a0 01 b0 01 c0 01 d0 01 e0 01 f0 01 00 02 10 02  ................
00002b40: 20 02 30 02 40 02 50 02 60 02 70 02 80 02 90 02   .0.@.P.`.p.....
00002b50: a0 02 b0 02 c0 02 d0 02 e0 02 f0 02 00 03 10 03  ................
00002b60: 20 03 30 03 40 03 50 03 60 03 70 03 80 03 90 03   .0.@.P.`.p.....
00002b70: a0 03 b0 03 c0 03 d0 03 e0 03 f0 03 ff 03 00 00  ................
00002b80: 02 00 05 00 0f 00 40 00 00 00 00 00 00 00 00 00  ......@.........
00002b90: 00 00 00 00 00 00 00 00 00 00 00 00 00 00 00 00  ................
00002ba0: 04 00 0c 00 16 00 40 00 00 00 00 00 00 00 00 00  ......@.........
00002bb0: 00 00 00 00 00 00 00 00 00 00 00 00 00 00 00 00  ................
00002bc0: 0e 00 17 00 29 00 40 00 00 00 00 00 00 00 00 00  ....).@.........
00002bd0: 00 00 00 00 00 00 00 00 00 00 00 00 00 00 00 00  ................
00002be0: 19 00 2e 00 40 00 00 00 00 00 00 00 00 00 00 00  ....@...........
00002bf0: 00 00 00 00 00 00 00 00 00 00 00 00 00 00 00 00  ................
00002c00: 26 00 38 00 40 00 00 00 00 00 00 00 00 00 00 00  &.8.@...........
00002c10: 00 00 00 00 00 00 00 00 00 00 00 00 00 00 00 00  ................
00002c20: 40 00 00 00 00 00 00 00 00 00 00 00 00 00 00 00  @...............
00002c30: 00 00 00 00 00 00 00 00 00 00 00 00 00 00 01 00  ................
00002c40: 40 00 80 00 00 01 08 00 00 00 01 00 20 00 40 00  @........... .@.
00002c50: 80 00 c4 00 ff 00 00 00 2f 00 58 00 78 00 91 00  ......../.X.x...
00002c60: a4 00 b6 00 c7 00 d7 00 e6 00 f4 00 01 01 0e 01  ................
00002c70: 1b 01 28 01 34 01 41 01 4e 01 5b 01 68 01 75 01  ..(.4.A.N.[.h.u.
00002c80: 82 01 8f 01 9d 01 aa 01 b8 01 c6 01 d3 01 e1 01  ................
00002c90: ef 01 fd 01 0c 02 1a 02 28 02 37 02 45 02 54 02  ........(.7.E.T.
00002ca0: 62 02 71 02 80 02 8f 02 9e 02 ad 02 bc 02 cb 02  b.q.............
00002cb0: da 02 e9 02 f8 02 08 03 17 03 26 03 36 03 45 03  ..........&.6.E.
00002cc0: 54 03 64 03 73 03 83 03 92 03 a2 03 b2 03 c1 03  T.d.s...........
00002cd0: d1 03 e0 03 f0 03 ff 03 00 00 17 00 2e 00 45 00  ..............E.
00002ce0: 5c 00 73 00 8a 00 a1 00 b7 00 cc 00 e1 00 f5 00  \.s.............
00002cf0: 08 01 1a 01 2b 01 3b 01 4a 01 59 01 67 01 74 01  ....+.;.J.Y.g.t.
00002d00: 82 01 8f 01 9c 01 a9 01 b7 01 c4 01 d2 01 df 01  ................
00002d10: ed 01 fb 01 09 02 17 02 25 02 33 02 41 02 4f 02  ........%.3.A.O.
00002d20: 5d 02 6c 02 7a 02 89 02 97 02 a6 02 b4 02 c3 02  ].l.z...........
00002d30: d2 02 e1 02 f0 02 fe 02 0d 03 1c 03 2b 03 3a 03  ............+.:.
00002d40: 49 03 58 03 68 03 77 03 86 03 95 03 a4 03 b3 03  I.X.h.w.........
00002d50: c3 03 d2 03 e1 03 f0 03 ff 03 00 00 13 00 26 00  ..............&.
00002d60: 39 00 4c 00 5f 00 72 00 85 00 98 00 ab 00 be 00  9.L._.r.........
00002d70: d1 00 e5 00 f9 00 0c 01 20 01 34 01 48 01 5c 01  ........ .4.H.\.
00002d80: 70 01 83 01 96 01 a9 01 bc 01 ce 01 e0 01 f1 01  p...............
00002d90: 02 02 13 02 23 02 33 02 43 02 53 02 62 02 71 02  ....#.3.C.S.b.q.
00002da0: 7f 02 8e 02 9c 02 aa 02 b8 02 c6 02 d4 02 e1 02  ................
00002db0: ef 02 fd 02 0a 03 17 03 25 03 32 03 3f 03 4c 03  ........%.2.?.L.
00002dc0: 59 03 66 03 73 03 80 03 8d 03 9a 03 a6 03 b3 03  Y.f.s...........
00002dd0: c0 03 cd 03 d9 03 e6 03 f3 03 ff 03 00 00 0c 00  ................
00002de0: 17 00 23 00 2e 00 3a 00 46 00 52 00 5e 00 6a 00  ..#...:.F.R.^.j.
00002df0: 77 00 84 00 91 00 9e 00 ac 00 bb 00 c9 00 d8 00  w...............
00002e00: e8 00 f8 00 09 01 1a 01 2b 01 3e 01 51 01 64 01  ........+.>.Q.d.
00002e10: 78 01 8d 01 a3 01 b9 01 cf 01 e5 01 fc 01 13 02  x...............
00002e20: 2a 02 41 02 58 02 6f 02 85 02 9b 02 b1 02 c6 02  *.A.X.o.........
00002e30: db 02 ef 02 03 03 16 03 28 03 39 03 49 03 58 03  ........(.9.I.X.
00002e40: 67 03 75 03 82 03 8f 03 9b 03 a6 03 b1 03 bc 03  g.u.............
00002e50: c6 03 d0 03 da 03 e4 03 ed 03 f6 03 ff 03 00 00  ................
00002e60: 10 00 20 00 30 00 3f 00 4f 00 5f 00 6f 00 7e 00  .. .0.?.O._.o.~.
00002e70: 8e 00 9e 00 ae 00 be 00 ce 00 de 00 ee 00 ff 00  ................
00002e80: 0f 01 1f 01 30 01 40 01 51 01 61 01 72 01 83 01  ....0.@.Q.a.r...
00002e90: 94 01 a5 01 b6 01 c8 01 d9 01 eb 01 fc 01 0e 02  ................
00002ea0: 20 02 32 02 44 02 57 02 69 02 7c 02 8f 02 a2 02   .2.D.W.i.|.....
00002eb0: b5 02 c8 02 da 02 ed 02 00 03 12 03 24 03 36 03  ............$.6.
00002ec0: 47 03 58 03 68 03 78 03 87 03 95 03 a3 03 b0 03  G.X.h.x.........
00002ed0: bb 03 c7 03 d1 03 db 03 e5 03 ee 03 f7 03 ff 03  ................
00002ee0: 00 00 10 00 20 00 30 00 40 00 50 00 60 00 70 00  .... .0.@.P.`.p.
00002ef0: 80 00 90 00 a0 00 b0 00 c0 00 d0 00 e0 00 f0 00  ................
00002f00: 00 01 10 01 20 01 30 01 40 01 50 01 60 01 70 01  .... .0.@.P.`.p.
00002f10: 80 01 90 01 a0 01 b0 01 c0 01 d0 01 e0 01 f0 01  ................
00002f20: 00 02 10 02 20 02 30 02 40 02 50 02 60 02 70 02  .... .0.@.P.`.p.
00002f30: 80 02 90 02 a0 02 b0 02 c0 02 d0 02 e0 02 f0 02  ................
00002f40: 00 03 10 03 20 03 30 03 40 03 50 03 60 03 70 03  .... .0.@.P.`.p.
00002f50: 80 03 90 03 a0 03 b0 03 c0 03 d0 03 e0 03 f0 03  ................
00002f60: ff 03 00 00 02 00 05 00 0f 00 40 00 00 00 00 00  ..........@.....
00002f70: 00 00 00 00 00 00 00 00 00 00 00 00 00 00 00 00  ................
00002f80: 00 00 00 00 04 00 0c 00 16 00 40 00 00 00 00 00  ..........@.....
00002f90: 00 00 00 00 00 00 00 00 00 00 00 00 00 00 00 00  ................
00002fa0: 00 00 00 00 0e 00 17 00 29 00 40 00 00 00 00 00  ........).@.....
00002fb0: 00 00 00 00 00 00 00 00 00 00 00 00 00 00 00 00  ................
00002fc0: 00 00 00 00 19 00 2e 00 40 00 00 00 00 00 00 00  ........@.......
00002fd0: 00 00 00 00 00 00 00 00 00 00 00 00 00 00 00 00  ................
00002fe0: 00 00 00 00 26 00 38 00 40 00 00 00 00 00 00 00  ....&.8.@.......
00002ff0: 00 00 00 00 00 00 00 00 00 00 00 00 00 00 00 00  ................
00003000: 00 00 00 00 40 00 00 00 00 00 00 00 00 00 00 00  ....@...........
00003010: 00 00 00 00 00 00 00 00 00 00 00 00 00 00 00 00  ................
00003020: 00 00 01 00 40 00 80 00 00 01 08 00 00 00 01 00  ....@...........
00003030: 20 00 40 00 80 00 c4 00 ff 00 00 00 2e 00 57 00   .@...........W.
00003040: 77 00 8c 00 9c 00 ab 00 b9 00 c7 00 d4 00 e1 00  w...............
00003050: ed 00 fa 00 06 01 12 01 1e 01 2a 01 37 01 44 01  ..........*.7.D.
00003060: 50 01 5d 01 6a 01 78 01 85 01 93 01 a0 01 ae 01  P.].j.x.........
00003070: bc 01 ca 01 d9 01 e7 01 f5 01 04 02 13 02 22 02  ..............".
00003080: 31 02 40 02 4f 02 5e 02 6d 02 7d 02 8c 02 9c 02  1.@.O.^.m.}.....
00003090: ab 02 bb 02 cb 02 db 02 eb 02 fb 02 0b 03 1b 03  ................
000030a0: 2b 03 3b 03 4b 03 5c 03 6c 03 7c 03 8c 03 9d 03  +.;.K.\.l.|.....
000030b0: ad 03 be 03 ce 03 df 03 ef 03 ff 03 00 00 17 00  ................
000030c0: 2e 00 45 00 5c 00 74 00 8c 00 a4 00 bb 00 d2 00  ..E.\.t.........
000030d0: e7 00 fc 00 0f 01 21 01 31 01 3f 01 4c 01 58 01  ......!.1.?.L.X.
000030e0: 63 01 6e 01 78 01 82 01 8c 01 97 01 a1 01 ad 01  c.n.x...........
000030f0: b8 01 c4 01 d0 01 dc 01 e9 01 f6 01 03 02 10 02  ................
00003100: 1e 02 2b 02 39 02 48 02 56 02 65 02 74 02 83 02  ..+.9.H.V.e.t...
00003110: 92 02 a2 02 b1 02 c1 02 d1 02 e1 02 f1 02 01 03  ................
00003120: 12 03 22 03 33 03 44 03 54 03 65 03 76 03 87 03  ..".3.D.T.e.v...
00003130: 98 03 a9 03 bb 03 cc 03 dd 03 ee 03 ff 03 00 00  ................
00003140: 13 00 25 00 38 00 4a 00 5d 00 70 00 82 00 95 00  ..%.8.J.].p.....
00003150: a9 00 bc 00 d0 00 e4 00 f8 00 0c 01 21 01 36 01  ............!.6.
00003160: 4b 01 60 01 75 01 89 01 9d 01 b0 01 c2 01 d4 01  K.`.u...........
00003170: e5 01 f4 01 03 02 11 02 1e 02 2b 02 37 02 42 02  ..........+.7.B.
00003180: 4e 02 59 02 63 02 6e 02 79 02 83 02 8e 02 99 02  N.Y.c.n.y.......
00003190: a4 02 b0 02 bc 02 c8 02 d5 02 e3 02 f1 02 ff 02  ................
000031a0: 0d 03 1c 03 2b 03 3a 03 4a 03 59 03 69 03 7a 03  ....+.:.J.Y.i.z.
000031b0: 8a 03 9b 03 ab 03 bc 03 cd 03 de 03 ef 03 ff 03  ................
000031c0: 00 00 0f 00 1d 00 2b 00 39 00 47 00 55 00 63 00  ......+.9.G.U.c.
000031d0: 71 00 80 00 8e 00 9c 00 ab 00 ba 00 c8 00 d7 00  q...............
000031e0: e6 00 f6 00 05 01 14 01 24 01 34 01 44 01 54 01  ........$.4.D.T.
000031f0: 64 01 75 01 85 01 96 01 a7 01 b9 01 ca 01 db 01  d.u.............
00003200: ed 01 fe 01 10 02 21 02 33 02 45 02 56 02 68 02  ......!.3.E.V.h.
00003210: 79 02 8b 02 9c 02 ae 02 bf 02 d0 02 e1 02 f1 02  y...............
00003220: 02 03 12 03 23 03 33 03 43 03 53 03 63 03 73 03  ....#.3.C.S.c.s.
00003230: 83 03 93 03 a2 03 b2 03 c1 03 d1 03 e0 03 f0 03  ................
00003240: ff 03 00 00 10 00 20 00 30 00 40 00 50 00 60 00  ...... .0.@.P.`.
00003250: 70 00 80 00 90 00 a0 00 b0 00 c0 00 d0 00 e0 00  p...............
00003260: f0 00 00 01 10 01 20 01 30 01 40 01 50 01 60 01  ...... .0.@.P.`.
00003270: 70 01 80 01 90 01 a0 01 b0 01 c0 01 d0 01 e0 01  p...............
00003280: f0 01 00 02 10 02 20 02 30 02 40 02 50 02 60 02  ...... .0.@.P.`.
00003290: 70 02 80 02 90 02 a0 02 b0 02 c0 02 d0 02 e0 02  p...............
000032a0: f0 02 00 03 10 03 20 03 30 03 40 03 50 03 60 03  ...... .0.@.P.`.
000032b0: 70 03 80 03 90 03 a0 03 b0 03 c0 03 d0 03 e0 03  p...............
000032c0: f0 03 ff 03 00 00 10 00 20 00 30 00 40 00 50 00  ........ .0.@.P.
000032d0: 60 00 70 00 80 00 90 00 a0 00 b0 00 c0 00 d0 00  `.p.............
000032e0: e0 00 f0 00 00 01 10 01 20 01 30 01 40 01 50 01  ........ .0.@.P.
000032f0: 60 01 70 01 80 01 90 01 a0 01 b0 01 c0 01 d0 01  `.p.............
00003300: e0 01 f0 01 00 02 10 02 20 02 30 02 40 02 50 02  ........ .0.@.P.
00003310: 60 02 70 02 80 02 90 02 a0 02 b0 02 c0 02 d0 02  `.p.............
00003320: e0 02 f0 02 00 03 10 03 20 03 30 03 40 03 50 03  ........ .0.@.P.
00003330: 60 03 70 03 80 03 90 03 a0 03 b0 03 c0 03 d0 03  `.p.............
00003340: e0 03 f0 03 ff 03 00 00 02 00 05 00 0f 00 40 00  ..............@.
00003350: 00 00 00 00 00 00 00 00 00 00 00 00 00 00 00 00  ................
00003360: 00 00 00 00 00 00 00 00 04 00 0c 00 16 00 40 00  ..............@.
00003370: 00 00 00 00 00 00 00 00 00 00 00 00 00 00 00 00  ................
00003380: 00 00 00 00 00 00 00 00 0e 00 18 00 2a 00 40 00  ............*.@.
00003390: 00 00 00 00 00 00 00 00 00 00 00 00 00 00 00 00  ................
000033a0: 00 00 00 00 00 00 00 00 18 00 2d 00 40 00 00 00  ..........-.@...
000033b0: 00 00 00 00 00 00 00 00 00 00 00 00 00 00 00 00  ................
000033c0: 00 00 00 00 00 00 00 00 40 00 00 00 00 00 00 00  ........@.......
000033d0: 00 00 00 00 00 00 00 00 00 00 00 00 00 00 00 00  ................
000033e0: 00 00 00 00 00 00 00 00 40 00 00 00 00 00 00 00  ........@.......
000033f0: 00 00 00 00 00 00 00 00 00 00 00 00 00 00 00 00  ................
00003400: 00 00 00 00 00 00 01 00 40 00 80 00 00 01 08 00  ........@.......
00003410: 00 00 01 00 20 00 40 00 80 00 c4 00 ff 00 00 00  .... .@.........
00003420: 2e 00 58 00 7c 00 9a 00 b4 00 cb 00 e0 00 f2 00  ..X.|...........
00003430: 02 01 11 01 1e 01 2a 01 36 01 41 01 4c 01 57 01  ......*.6.A.L.W.
00003440: 63 01 6e 01 7a 01 86 01 92 01 9e 01 ab 01 b7 01  c.n.z...........
00003450: c4 01 d1 01 de 01 eb 01 f8 01 05 02 13 02 21 02  ..............!.
00003460: 2e 02 3c 02 4a 02 58 02 66 02 75 02 83 02 92 02  ..<.J.X.f.u.....
00003470: a0 02 af 02 be 02 cc 02 db 02 ea 02 f9 02 08 03  ................
00003480: 17 03 27 03 36 03 45 03 55 03 64 03 73 03 83 03  ..'.6.E.U.d.s...
00003490: 92 03 a2 03 b2 03 c1 03 d1 03 e0 03 f0 03 ff 03  ................
000034a0: 00 00 17 00 2d 00 44 00 5c 00 76 00 91 00 ac 00  ....-.D.\.v.....
000034b0: c8 00 e2 00 fd 00 15 01 2c 01 41 01 54 01 64 01  ........,.A.T.d.
000034c0: 74 01 81 01 8e 01 9a 01 a6 01 b1 01 bc 01 c7 01  t...............
000034d0: d3 01 de 01 ea 01 f6 01 02 02 0e 02 1b 02 27 02  ..............'.
000034e0: 34 02 41 02 4e 02 5b 02 69 02 76 02 84 02 91 02  4.A.N.[.i.v.....
000034f0: 9f 02 ad 02 bb 02 c9 02 d7 02 e5 02 f4 02 02 03  ................
00003500: 11 03 1f 03 2e 03 3d 03 4b 03 5a 03 69 03 78 03  ......=.K.Z.i.x.
00003510: 87 03 96 03 a5 03 b4 03 c3 03 d2 03 e1 03 f0 03  ................
00003520: ff 03 00 00 11 00 22 00 33 00 45 00 56 00 68 00  ......".3.E.V.h.
00003530: 7a 00 8d 00 a0 00 b4 00 c9 00 df 00 f5 00 0c 01  z...............
00003540: 24 01 3d 01 57 01 70 01 8a 01 a2 01 bb 01 d2 01  $.=.W.p.........
00003550: e8 01 fd 01 10 02 22 02 32 02 42 02 50 02 5e 02  ......".2.B.P.^.
00003560: 6a 02 76 02 82 02 8d 02 97 02 a1 02 ab 02 b5 02  j.v.............
00003570: bf 02 c9 02 d4 02 de 02 e9 02 f5 02 00 03 0c 03  ................
00003580: 18 03 25 03 31 03 3e 03 4b 03 58 03 65 03 73 03  ..%.1.>.K.X.e.s.
00003590: 81 03 8e 03 9c 03 aa 03 b8 03 c6 03 d5 03 e3 03  ................
000035a0: f1 03 ff 03 00 00 0c 00 17 00 23 00 2e 00 3a 00  ..........#...:.
000035b0: 46 00 52 00 5e 00 6a 00 77 00 84 00 91 00 9e 00  F.R.^.j.w.......
000035c0: ac 00 bb 00 c9 00 d8 00 e8 00 f8 00 09 01 1a 01  ................
000035d0: 2b 01 3e 01 51 01 64 01 78 01 8d 01 a3 01 b9 01  +.>.Q.d.x.......
000035e0: cf 01 e5 01 fc 01 13 02 2a 02 41 02 58 02 6f 02  ........*.A.X.o.
000035f0: 85 02 9b 02 b1 02 c6 02 db 02 ef 02 03 03 16 03  ................
00003600: 28 03 39 03 49 03 58 03 67 03 75 03 82 03 8f 03  (.9.I.X.g.u.....
00003610: 9b 03 a6 03 b1 03 bc 03 c6 03 d0 03 da 03 e4 03  ................
00003620: ed 03 f6 03 ff 03 00 00 10 00 20 00 30 00 3f 00  .......... .0.?.
00003630: 4f 00 5f 00 6f 00 7e 00 8e 00 9e 00 ae 00 be 00  O._.o.~.........
00003640: ce 00 de 00 ee 00 ff 00 0f 01 1f 01 30 01 40 01  ............0.@.
00003650: 51 01 61 01 72 01 83 01 94 01 a5 01 b6 01 c8 01  Q.a.r...........
00003660: d9 01 eb 01 fc 01 0e 02 20 02 32 02 44 02 57 02  ........ .2.D.W.
00003670: 69 02 7c 02 8f 02 a2 02 b5 02 c8 02 da 02 ed 02  i.|.............
00003680: 00 03 12 03 24 03 36 03 47 03 58 03 68 03 78 03  ....$.6.G.X.h.x.
00003690: 87 03 95 03 a3 03 b0 03 bb 03 c7 03 d1 03 db 03  ................
000036a0: e5 03 ee 03 f7 03 ff 03 00 00 10 00 20 00 30 00  ............ .0.
000036b0: 40 00 50 00 60 00 70 00 80 00 90 00 a0 00 b0 00  @.P.`.p.........
000036c0: c0 00 d0 00 e0 00 f0 00 00 01 10 01 20 01 30 01  ............ .0.
000036d0: 40 01 50 01 60 01 70 01 80 01 90 01 a0 01 b0 01  @.P.`.p.........
000036e0: c0 01 d0 01 e0 01 f0 01 00 02 10 02 20 02 30 02  ............ .0.
000036f0: 40 02 50 02 60 02 70 02 80 02 90 02 a0 02 b0 02  @.P.`.p.........
00003700: c0 02 d0 02 e0 02 f0 02 00 03 10 03 20 03 30 03  ............ .0.
00003710: 40 03 50 03 60 03 70 03 80 03 90 03 a0 03 b0 03  @.P.`.p.........
00003720: c0 03 d0 03 e0 03 f0 03 ff 03 00 00 02 00 05 00  ................
00003730: 0f 00 40 00 00 00 00 00 00 00 00 00 00 00 00 00  ..@.............
00003740: 00 00 00 00 00 00 00 00 00 00 00 00 04 00 0c 00  ................
00003750: 16 00 40 00 00 00 00 00 00 00 00 00 00 00 00 00  ..@.............
00003760: 00 00 00 00 00 00 00 00 00 00 00 00 0e 00 17 00  ................
00003770: 29 00 40 00 00 00 00 00 00 00 00 00 00 00 00 00  ).@.............
00003780: 00 00 00 00 00 00 00 00 00 00 00 00 19 00 2e 00  ................
00003790: 40 00 00 00 00 00 00 00 00 00 00 00 00 00 00 00  @...............
000037a0: 00 00 00 00 00 00 00 00 00 00 00 00 26 00 38 00  ............&.8.
000037b0: 40 00 00 00 00 00 00 00 00 00 00 00 00 00 00 00  @...............
000037c0: 00 00 00 00 00 00 00 00 00 00 00 00 40 00 00 00  ............@...
000037d0: 00 00 00 00 00 00 00 00 00 00 00 00 00 00 00 00  ................
000037e0: 00 00 00 00 00 00 00 00 00 00 01 00 40 00 80 00  ............@...
000037f0: 00 01 08 00 00 00 01 00 20 00 40 00 80 00 c4 00  ........ .@.....
00003800: ff 00 00 00 2e 00 58 00 7c 00 9a 00 b4 00 cb 00  ......X.|.......
00003810: e0 00 f2 00 02 01 11 01 1e 01 2a 01 36 01 41 01  ..........*.6.A.
00003820: 4c 01 57 01 63 01 6e 01 7a 01 86 01 92 01 9e 01  L.W.c.n.z.......
00003830: ab 01 b7 01 c4 01 d1 01 de 01 eb 01 f8 01 05 02  ................
00003840: 13 02 21 02 2e 02 3c 02 4a 02 58 02 66 02 75 02  ..!...<.J.X.f.u.
00003850: 83 02 92 02 a0 02 af 02 be 02 cc 02 db 02 ea 02  ................
00003860: f9 02 08 03 17 03 27 03 36 03 45 03 55 03 64 03  ......'.6.E.U.d.
00003870: 73 03 83 03 92 03 a2 03 b2 03 c1 03 d1 03 e0 03  s...............
00003880: f0 03 ff 03 00 00 17 00 2d 00 44 00 5c 00 76 00  ........-.D.\.v.
00003890: 91 00 ac 00 c8 00 e2 00 fd 00 15 01 2c 01 41 01  ............,.A.
000038a0: 54 01 64 01 74 01 81 01 8e 01 9a 01 a6 01 b1 01  T.d.t...........
000038b0: bc 01 c7 01 d3 01 de 01 ea 01 f6 01 02 02 0e 02  ................
000038c0: 1b 02 27 02 34 02 41 02 4e 02 5b 02 69 02 76 02  ..'.4.A.N.[.i.v.
000038d0: 84 02 91 02 9f 02 ad 02 bb 02 c9 02 d7 02 e5 02  ................
000038e0: f4 02 02 03 11 03 1f 03 2e 03 3d 03 4b 03 5a 03  ..........=.K.Z.
000038f0: 69 03 78 03 87 03 96 03 a5 03 b4 03 c3 03 d2 03  i.x.............
00003900: e1 03 f0 03 ff 03 00 00 11 00 22 00 33 00 45 00  ..........".3.E.
00003910: 56 00 68 00 7a 00 8d 00 a0 00 b4 00 c9 00 df 00  V.h.z...........
00003920: f5 00 0c 01 24 01 3d 01 57 01 70 01 8a 01 a2 01  ....$.=.W.p.....
00003930: bb 01 d2 01 e8 01 fd 01 10 02 22 02 32 02 42 02  ..........".2.B.
00003940: 50 02 5e 02 6a 02 76 02 82 02 8d 02 97 02 a1 02  P.^.j.v.........
00003950: ab 02 b5 02 bf 02 c9 02 d4 02 de 02 e9 02 f5 02  ................
00003960: 00 03 0c 03 18 03 25 03 31 03 3e 03 4b 03 58 03  ......%.1.>.K.X.
00003970: 65 03 73 03 81 03 8e 03 9c 03 aa 03 b8 03 c6 03  e.s.............
00003980: d5 03 e3 03 f1 03 ff 03 00 00 0c 00 17 00 23 00  ..............#.
00003990: 2e 00 3a 00 46 00 52 00 5e 00 6a 00 77 00 84 00  ..:.F.R.^.j.w...
000039a0: 91 00 9e 00 ac 00 bb 00 c9 00 d8 00 e8 00 f8 00  ................
000039b0: 09 01 1a 01 2b 01 3e 01 51 01 64 01 78 01 8d 01  ....+.>.Q.d.x...
000039c0: a3 01 b9 01 cf 01 e5 01 fc 01 13 02 2a 02 41 02  ............*.A.
000039d0: 58 02 6f 02 85 02 9b 02 b1 02 c6 02 db 02 ef 02  X.o.............
000039e0: 03 03 16 03 28 03 39 03 49 03 58 03 67 03 75 03  ....(.9.I.X.g.u.
000039f0: 82 03 8f 03 9b 03 a6 03 b1 03 bc 03 c6 03 d0 03  ................
00003a00: da 03 e4 03 ed 03 f6 03 ff 03 00 00 10 00 20 00  .............. .
00003a10: 30 00 3f 00 4f 00 5f 00 6f 00 7e 00 8e 00 9e 00  0.?.O._.o.~.....
00003a20: ae 00 be 00 ce 00 de 00 ee 00 ff 00 0f 01 1f 01  ................
00003a30: 30 01 40 01 51 01 61 01 72 01 83 01 94 01 a5 01  0.@.Q.a.r.......
00003a40: b6 01 c8 01 d9 01 eb 01 fc 01 0e 02 20 02 32 02  ............ .2.
00003a50: 44 02 57 02 69 02 7c 02 8f 02 a2 02 b5 02 c8 02  D.W.i.|.........
00003a60: da 02 ed 02 00 03 12 03 24 03 36 03 47 03 58 03  ........$.6.G.X.
00003a70: 68 03 78 03 87 03 95 03 a3 03 b0 03 bb 03 c7 03  h.x.............
00003a80: d1 03 db 03 e5 03 ee 03 f7 03 ff 03 00 00 10 00  ................
00003a90: 20 00 30 00 40 00 50 00 60 00 70 00 80 00 90 00   .0.@.P.`.p.....
00003aa0: a0 00 b0 00 c0 00 d0 00 e0 00 f0 00 00 01 10 01  ................
00003ab0: 20 01 30 01 40 01 50 01 60 01 70 01 80 01 90 01   .0.@.P.`.p.....
00003ac0: a0 01 b0 01 c0 01 d0 01 e0 01 f0 01 00 02 10 02  ................
00003ad0: 20 02 30 02 40 02 50 02 60 02 70 02 80 02 90 02   .0.@.P.`.p.....
00003ae0: a0 02 b0 02 c0 02 d0 02 e0 02 f0 02 00 03 10 03  ................
00003af0: 20 03 30 03 40 03 50 03 60 03 70 03 80 03 90 03   .0.@.P.`.p.....
00003b00: a0 03 b0 03 c0 03 d0 03 e0 03 f0 03 ff 03 00 00  ................
00003b10: 02 00 05 00 0f 00 40 00 00 00 00 00 00 00 00 00  ......@.........
00003b20: 00 00 00 00 00 00 00 00 00 00 00 00 00 00 00 00  ................
00003b30: 04 00 0c 00 16 00 40 00 00 00 00 00 00 00 00 00  ......@.........
00003b40: 00 00 00 00 00 00 00 00 00 00 00 00 00 00 00 00  ................
00003b50: 0e 00 17 00 29 00 40 00 00 00 00 00 00 00 00 00  ....).@.........
00003b60: 00 00 00 00 00 00 00 00 00 00 00 00 00 00 00 00  ................
00003b70: 19 00 2e 00 40 00 00 00 00 00 00 00 00 00 00 00  ....@...........
00003b80: 00 00 00 00 00 00 00 00 00 00 00 00 00 00 00 00  ................
00003b90: 26 00 38 00 40 00 00 00 00 00 00 00 00 00 00 00  &.8.@...........
00003ba0: 00 00 00 00 00 00 00 00 00 00 00 00 00 00 00 00  ................
00003bb0: 40 00 00 00 00 00 00 00 00 00 00 00 00 00 00 00  @...............
00003bc0: 00 00 00 00 00 00 00 00 00 00 00 00 00 00 01 00  ................
00003bd0: 40 00 80 00 00 01 00 00 00 00 00 00 00 00 00 00  @...............
00003be0: 00 00 00 00 00 00 00 00 10 00 20 00 30 00 40 00  .......... .0.@.
00003bf0: 50 00 60 00 70 00 80 00 90 00 a0 00 b0 00 c0 00  P.`.p...........
00003c00: d0 00 e0 00 f0 00 00 01 10 01 20 01 30 01 40 01  .......... .0.@.
00003c10: 50 01 60 01 70 01 80 01 90 01 a0 01 b0 01 c0 01  P.`.p...........
00003c20: d0 01 e0 01 f0 01 00 02 10 02 20 02 30 02 40 02  .......... .0.@.
00003c30: 50 02 60 02 70 02 80 02 90 02 a0 02 b0 02 c0 02  P.`.p...........
00003c40: d0 02 e0 02 f0 02 00 03 10 03 20 03 30 03 40 03  .......... .0.@.
00003c50: 50 03 60 03 70 03 80 03 90 03 a0 03 b0 03 c0 03  P.`.p...........
00003c60: d0 03 e0 03 f0 03 ff 03 00 00 10 00 20 00 30 00  ............ .0.
00003c70: 40 00 50 00 60 00 70 00 80 00 90 00 a0 00 b0 00  @.P.`.p.........
00003c80: c0 00 d0 00 e0 00 f0 00 00 01 10 01 20 01 30 01  ............ .0.
00003c90: 40 01 50 01 60 01 70 01 80 01 90 01 a0 01 b0 01  @.P.`.p.........
00003ca0: c0 01 d0 01 e0 01 f0 01 00 02 10 02 20 02 30 02  ............ .0.
00003cb0: 40 02 50 02 60 02 70 02 80 02 90 02 a0 02 b0 02  @.P.`.p.........
00003cc0: c0 02 d0 02 e0 02 f0 02 00 03 10 03 20 03 30 03  ............ .0.
00003cd0: 40 03 50 03 60 03 70 03 80 03 90 03 a0 03 b0 03  @.P.`.p.........
00003ce0: c0 03 d0 03 e0 03 f0 03 ff 03 00 00 10 00 20 00  .............. .
00003cf0: 30 00 40 00 50 00 60 00 70 00 80 00 90 00 a0 00  0.@.P.`.p.......
00003d00: b0 00 c0 00 d0 00 e0 00 f0 00 00 01 10 01 20 01  .............. .
00003d10: 30 01 40 01 50 01 60 01 70 01 80 01 90 01 a0 01  0.@.P.`.p.......
00003d20: b0 01 c0 01 d0 01 e0 01 f0 01 00 02 10 02 20 02  .............. .
00003d30: 30 02 40 02 50 02 60 02 70 02 80 02 90 02 a0 02  0.@.P.`.p.......
00003d40: b0 02 c0 02 d0 02 e0 02 f0 02 00 03 10 03 20 03  .............. .
00003d50: 30 03 40 03 50 03 60 03 70 03 80 03 90 03 a0 03  0.@.P.`.p.......
00003d60: b0 03 c0 03 d0 03 e0 03 f0 03 ff 03 00 00 10 00  ................
00003d70: 20 00 30 00 40 00 50 00 60 00 70 00 80 00 90 00   .0.@.P.`.p.....
00003d80: a0 00 b0 00 c0 00 d0 00 e0 00 f0 00 00 01 10 01  ................
00003d90: 20 01 30 01 40 01 50 01 60 01 70 01 80 01 90 01   .0.@.P.`.p.....
00003da0: a0 01 b0 01 c0 01 d0 01 e0 01 f0 01 00 02 10 02  ................
00003db0: 20 02 30 02 40 02 50 02 60 02 70 02 80 02 90 02   .0.@.P.`.p.....
00003dc0: a0 02 b0 02 c0 02 d0 02 e0 02 f0 02 00 03 10 03  ................
00003dd0: 20 03 30 03 40 03 50 03 60 03 70 03 80 03 90 03   .0.@.P.`.p.....
00003de0: a0 03 b0 03 c0 03 d0 03 e0 03 f0 03 ff 03 00 00  ................
00003df0: 10 00 20 00 30 00 40 00 50 00 60 00 70 00 80 00  .. .0.@.P.`.p...
00003e00: 90 00 a0 00 b0 00 c0 00 d0 00 e0 00 f0 00 00 01  ................
00003e10: 10 01 20 01 30 01 40 01 50 01 60 01 70 01 80 01  .. .0.@.P.`.p...
00003e20: 90 01 a0 01 b0 01 c0 01 d0 01 e0 01 f0 01 00 02  ................
00003e30: 10 02 20 02 30 02 40 02 50 02 60 02 70 02 80 02  .. .0.@.P.`.p...
00003e40: 90 02 a0 02 b0 02 c0 02 d0 02 e0 02 f0 02 00 03  ................
00003e50: 10 03 20 03 30 03 40 03 50 03 60 03 70 03 80 03  .. .0.@.P.`.p...
00003e60: 90 03 a0 03 b0 03 c0 03 d0 03 e0 03 f0 03 ff 03  ................
00003e70: 00 00 10 00 20 00 30 00 40 00 50 00 60 00 70 00  .... .0.@.P.`.p.
00003e80: 80 00 90 00 a0 00 b0 00 c0 00 d0 00 e0 00 f0 00  ................
00003e90: 00 01 10 01 20 01 30 01 40 01 50 01 60 01 70 01  .... .0.@.P.`.p.
00003ea0: 80 01 90 01 a0 01 b0 01 c0 01 d0 01 e0 01 f0 01  ................
00003eb0: 00 02 10 02 20 02 30 02 40 02 50 02 60 02 70 02  .... .0.@.P.`.p.
00003ec0: 80 02 90 02 a0 02 b0 02 c0 02 d0 02 e0 02 f0 02  ................
00003ed0: 00 03 10 03 20 03 30 03 40 03 50 03 60 03 70 03  .... .0.@.P.`.p.
00003ee0: 80 03 90 03 a0 03 b0 03 c0 03 d0 03 e0 03 f0 03  ................
00003ef0: ff 03 00 00 40 00 00 00 00 00 00 00 00 00 00 00  ....@...........
00003f00: 00 00 00 00 00 00 00 00 00 00 00 00 00 00 00 00  ................
00003f10: 00 00 00 00 40 00 00 00 00 00 00 00 00 00 00 00  ....@...........
00003f20: 00 00 00 00 00 00 00 00 00 00 00 00 00 00 00 00  ................
00003f30: 00 00 00 00 40 00 00 00 00 00 00 00 00 00 00 00  ....@...........
00003f40: 00 00 00 00 00 00 00 00 00 00 00 00 00 00 00 00  ................
00003f50: 00 00 00 00 08 00 10 00 18 00 20 00 28 00 30 00  .......... .(.0.
00003f60: 38 00 00 00 00 00 00 00 00 00 00 00 00 00 00 00  8...............
00003f70: 00 00 00 00 08 00 10 00 18 00 20 00 28 00 30 00  .......... .(.0.
00003f80: 38 00 00 00 00 00 00 00 00 00 00 00 00 00 00 00  8...............
00003f90: 00 00 00 00 08 00 10 00 18 00 20 00 28 00 30 00  .......... .(.0.
00003fa0: 38 00 00 00 00 00 00 00 00 00 00 00 00 00 00 00  8...............
00003fb0: 00 00 00 00 00 00 01 00 00 00 0b 00 58 2b 01 00  ............X+..
00003fc0: 01 00 04 00 01 00 03 00 03 00 01 00 18 00 00 00  ................
00003fd0: 00 00 82 ff 82 ff 82 ff 82 ff 80 ff 7e ff 7c ff  ............~.|.
00003fe0: 7a ff 78 ff 76 ff 74 ff 72 ff 70 ff 6e ff 6c ff  z.x.v.t.r.p.n.l.
00003ff0: 6a ff 68 ff 66 ff 64 ff 64 ff 62 ff 60 ff 5e ff  j.h.f.d.d.b.`.^.
00004000: 5c ff 5c ff 5a ff 58 ff 58 ff 56 ff 54 ff 54 ff  \.\.Z.X.X.V.T.T.
00004010: 52 ff 52 ff 50 ff 50 ff 4e ff 4e ff 4c ff 4c ff  R.R.P.P.N.N.L.L.
00004020: 4c ff 4a ff 4a ff 4a ff 4a ff 4a ff 4a ff 4a ff  L.J.J.J.J.J.J.J.
00004030: 4a ff 4a ff 4a ff 4a ff 4a ff 4a ff 4c ff 4c ff  J.J.J.J.J.J.L.L.
00004040: 4c ff 4e ff 4e ff 50 ff 50 ff 52 ff 54 ff 56 ff  L.N.N.P.P.R.T.V.
00004050: 58 ff 58 ff 5a ff 5c ff 5e ff 60 ff 64 ff 66 ff  X.X.Z.\.^.`.d.f.
00004060: 68 ff 6a ff 6c ff 70 ff 72 ff 74 ff 78 ff 7a ff  h.j.l.p.r.t.x.z.
00004070: 7c ff 80 ff 82 ff 86 ff 88 ff 8c ff 8e ff 92 ff  |...............
00004080: 96 ff 98 ff 9c ff 9e ff a2 ff a4 ff a8 ff ac ff  ................
00004090: ae ff b2 ff b4 ff b8 ff ba ff be ff c0 ff c4 ff  ................
000040a0: c6 ff ca ff cc ff d0 ff d2 ff d6 ff d8 ff da ff  ................
000040b0: de ff e0 ff e2 ff e4 ff e6 ff e8 ff ea ff ee ff  ................
000040c0: f0 ff f0 ff f2 ff f4 ff f6 ff f8 ff fa ff fc ff  ................
000040d0: fe ff 00 00 04 00 06 00 08 00 0c 00 0e 00 10 00  ................
000040e0: 14 00 16 00 18 00 1c 00 1e 00 22 00 24 00 26 00  ..........".$.&.
000040f0: 28 00 2c 00 2e 00 30 00 32 00 36 00 38 00 3a 00  (.,...0.2.6.8.:.
00004100: 3c 00 3e 00 40 00 44 00 46 00 48 00 4a 00 4c 00  <.>.@.D.F.H.J.L.
00004110: 4e 00 50 00 52 00 54 00 56 00 58 00 58 00 5a 00  N.P.R.T.V.X.X.Z.
00004120: 5c 00 5e 00 60 00 62 00 64 00 64 00 66 00 68 00  \.^.`.b.d.d.f.h.
00004130: 68 00 6a 00 6c 00 6c 00 6e 00 70 00 70 00 72 00  h.j.l.l.n.p.p.r.
00004140: 72 00 74 00 74 00 76 00 76 00 78 00 78 00 7a 00  r.t.t.v.v.x.x.z.
00004150: 7a 00 7c 00 7c 00 7c 00 7c 00 7e 00 7e 00 7e 00  z.|.|.|.|.~.~.~.
00004160: 7e 00 80 00 80 00 80 00 80 00 80 00 80 00 80 00  ~...............
00004170: 82 00 82 00 82 00 82 00 82 00 82 00 82 00 80 00  ................
00004180: 80 00 80 00 80 00 80 00 80 00 80 00 80 00 7e 00  ..............~.
00004190: 7e 00 7e 00 7e 00 7e 00 7c 00 7c 00 7c 00 7c 00  ~.~.~.~.|.|.|.|.
000041a0: 7a 00 7a 00 7a 00 7a 00 78 00 78 00 78 00 76 00  z.z.z.z.x.x.x.v.
000041b0: 76 00 76 00 74 00 74 00 74 00 72 00 72 00 70 00  v.v.t.t.t.r.r.p.
000041c0: 70 00 70 00 6e 00 6e 00 6e 00 6c 00 6c 00 6a 00  p.p.n.n.n.l.l.j.
000041d0: 6a 00 54 ff 54 ff 54 ff 54 ff 54 ff 54 ff 54 ff  j.T.T.T.T.T.T.T.
000041e0: 54 ff 54 ff 52 ff 52 ff 52 ff 50 ff 50 ff 50 ff  T.T.R.R.R.P.P.P.
000041f0: 4e ff 4e ff 4e ff 4c ff 4c ff 4c ff 4a ff 4a ff  N.N.N.L.L.L.J.J.
00004200: 4a ff 4a ff 48 ff 48 ff 48 ff 48 ff 48 ff 46 ff  J.J.H.H.H.H.H.F.
00004210: 46 ff 46 ff 46 ff 46 ff 46 ff 46 ff 46 ff 46 ff  F.F.F.F.F.F.F.F.
00004220: 46 ff 46 ff 46 ff 48 ff 48 ff 48 ff 48 ff 4a ff  F.F.F.H.H.H.H.J.
00004230: 4a ff 4a ff 4c ff 4c ff 4e ff 4e ff 50 ff 50 ff  J.J.L.L.N.N.P.P.
00004240: 52 ff 52 ff 54 ff 56 ff 58 ff 5a ff 5a ff 5c ff  R.R.T.V.X.Z.Z.\.
00004250: 5e ff 60 ff 64 ff 66 ff 68 ff 6a ff 6c ff 6e ff  ^.`.d.f.h.j.l.n.
00004260: 72 ff 74 ff 76 ff 7a ff 7c ff 80 ff 82 ff 86 ff  r.t.v.z.|.......
00004270: 88 ff 8a ff 8e ff 92 ff 94 ff 98 ff 9a ff 9e ff  ................
00004280: a0 ff a4 ff a6 ff aa ff ac ff b0 ff b4 ff b6 ff  ................
00004290: ba ff bc ff c0 ff c2 ff c6 ff c8 ff cc ff ce ff  ................
000042a0: d0 ff d4 ff d6 ff d8 ff dc ff de ff e0 ff e2 ff  ................
000042b0: e4 ff e8 ff ea ff ec ff ee ff ee ff f0 ff f2 ff  ................
000042c0: f4 ff f6 ff f8 ff f8 ff fa ff fc ff fe ff 00 00  ................
000042d0: 02 00 02 00 06 00 08 00 0a 00 0c 00 0e 00 10 00  ................
000042e0: 14 00 16 00 18 00 1a 00 1e 00 20 00 24 00 26 00  .......... .$.&.
000042f0: 28 00 2c 00 2e 00 30 00 32 00 36 00 38 00 3a 00  (.,...0.2.6.8.:.
00004300: 3c 00 40 00 42 00 44 00 46 00 48 00 4a 00 4c 00  <.@.B.D.F.H.J.L.
00004310: 4e 00 50 00 52 00 54 00 54 00 56 00 58 00 5a 00  N.P.R.T.T.V.X.Z.
00004320: 5c 00 5c 00 5e 00 60 00 60 00 62 00 64 00 64 00  \.\.^.`.`.b.d.d.
00004330: 66 00 66 00 68 00 6a 00 6a 00 6c 00 6c 00 6c 00  f.f.h.j.j.l.l.l.
00004340: 6e 00 6e 00 70 00 70 00 70 00 72 00 72 00 72 00  n.n.p.p.p.r.r.r.
00004350: 74 00 74 00 74 00 74 00 76 00 76 00 76 00 76 00  t.t.t.t.v.v.v.v.
00004360: 76 00 78 00 78 00 78 00 78 00 78 00 78 00 78 00  v.x.x.x.x.x.x.x.
00004370: 78 00 78 00 78 00 78 00 78 00 78 00 78 00 78 00  x.x.x.x.x.x.x.x.
00004380: 78 00 78 00 78 00 78 00 78 00 78 00 78 00 78 00  x.x.x.x.x.x.x.x.
00004390: 76 00 76 00 76 00 76 00 76 00 76 00 76 00 74 00  v.v.v.v.v.v.v.t.
000043a0: 74 00 74 00 74 00 74 00 74 00 72 00 72 00 72 00  t.t.t.t.t.r.r.r.
000043b0: 72 00 72 00 70 00 70 00 70 00 70 00 6e 00 6e 00  r.r.p.p.p.p.n.n.
000043c0: 6e 00 6e 00 6c 00 6c 00 6c 00 6c 00 6a 00 6a 00  n.n.l.l.l.l.j.j.
000043d0: 6a 00 02 00 3a 00 74 00 80 00 88 00 c6 00 fe 00  j...:.t.........
000043e0: ff 00 00 00 00 00 00 00 00 00 00 00 00 00 00 00  ................
000043f0: 00 00 06 00 3c 00 74 00 80 00 92 00 fc 00 ff 00  ....<.t.........
00004400: 00 00 00 00 00 00 00 00 00 00 00 00 00 00 00 00  ................
00004410: 00 00 01 00 04 00 01 00 03 00 02 00 60 00 1f 00  ............`...
00004420: 00 00 01 00 78 ff 77 ff 76 ff 75 ff 75 ff 74 ff  ....x.w.v.u.u.t.
00004430: 73 ff 72 ff 71 ff 70 ff 6f ff 6e ff 6d ff 6c ff  s.r.q.p.o.n.m.l.
00004440: 6b ff 6a ff 69 ff 68 ff 67 ff 66 ff 65 ff 64 ff  k.j.i.h.g.f.e.d.
00004450: 63 ff 62 ff 61 ff 60 ff 5f ff 5d ff 5c ff 5b ff  c.b.a.`._.].\.[.
00004460: 5a ff 59 ff 58 ff 57 ff 55 ff 54 ff 53 ff 52 ff  Z.Y.X.W.U.T.S.R.
00004470: 50 ff 4f ff 4e ff 4c ff 4b ff 4a ff 49 ff 47 ff  P.O.N.L.K.J.I.G.
00004480: 46 ff 45 ff 43 ff 42 ff 41 ff 40 ff 3f ff 3e ff  F.E.C.B.A.@.?.>.
00004490: 3d ff 3c ff 3c ff 3b ff 3a ff 3a ff 39 ff 39 ff  =.<.<.;.:.:.9.9.
000044a0: 39 ff 39 ff 39 ff 39 ff 39 ff 3a ff 3a ff 3b ff  9.9.9.9.9.:.:.;.
000044b0: 3c ff 3d ff 3e ff 3f ff 41 ff 43 ff 45 ff 47 ff  <.=.>.?.A.C.E.G.
000044c0: 49 ff 4b ff 4e ff 51 ff 54 ff 58 ff 5b ff 5f ff  I.K.N.Q.T.X.[._.
000044d0: 63 ff 67 ff 6c ff 71 ff 75 ff 7b ff 80 ff 85 ff  c.g.l.q.u.{.....
000044e0: 8b ff 90 ff 96 ff 9b ff a1 ff a7 ff ac ff b2 ff  ................
000044f0: b7 ff bd ff c2 ff c8 ff cd ff d2 ff d7 ff db ff  ................
00004500: e0 ff e4 ff e8 ff eb ff ee ff f1 ff f4 ff f6 ff  ................
00004510: f8 ff fa ff fb ff fc ff fd ff fe ff ff ff ff ff  ................
00004520: ff ff 00 00 00 00 00 00 01 00 01 00 01 00 02 00  ................
00004530: 03 00 04 00 05 00 06 00 07 00 09 00 0b 00 0c 00  ................
00004540: 0e 00 11 00 13 00 15 00 17 00 1a 00 1d 00 1f 00  ................
00004550: 22 00 25 00 28 00 2b 00 2d 00 30 00 33 00 36 00  ".%.(.+.-.0.3.6.
00004560: 39 00 3c 00 40 00 43 00 45 00 48 00 4b 00 4e 00  9.<.@.C.E.H.K.N.
00004570: 51 00 54 00 56 00 59 00 5c 00 5e 00 60 00 62 00  Q.T.V.Y.\.^.`.b.
00004580: 65 00 67 00 69 00 6a 00 6c 00 6e 00 6f 00 71 00  e.g.i.j.l.n.o.q.
00004590: 72 00 74 00 75 00 76 00 77 00 78 00 79 00 7a 00  r.t.u.v.w.x.y.z.
000045a0: 7a 00 7b 00 7b 00 7c 00 7c 00 7d 00 7d 00 7d 00  z.{.{.|.|.}.}.}.
000045b0: 7d 00 7d 00 7d 00 7d 00 7d 00 7d 00 7c 00 7c 00  }.}.}.}.}.}.|.|.
000045c0: 7c 00 7b 00 7a 00 7a 00 79 00 78 00 78 00 77 00  |.{.z.z.y.x.x.w.
000045d0: 76 00 75 00 74 00 73 00 71 00 70 00 6f 00 6e 00  v.u.t.s.q.p.o.n.
000045e0: 6c 00 6b 00 69 00 68 00 66 00 65 00 63 00 62 00  l.k.i.h.f.e.c.b.
000045f0: 60 00 5e 00 5c 00 5b 00 59 00 57 00 55 00 53 00  `.^.\.[.Y.W.U.S.
00004600: 51 00 4f 00 4d 00 4b 00 49 00 47 00 45 00 43 00  Q.O.M.K.I.G.E.C.
00004610: 40 00 3e 00 3c 00 3a 00 38 00 35 00 33 00 31 00  @.>.<.:.8.5.3.1.
00004620: 2f 00 2c 00 64 ff 63 ff 62 ff 61 ff 60 ff 5f ff  /.,.d.c.b.a.`._.
00004630: 5e ff 5d ff 5c ff 5b ff 5a ff 59 ff 58 ff 57 ff  ^.].\.[.Z.Y.X.W.
00004640: 56 ff 55 ff 54 ff 53 ff 52 ff 52 ff 51 ff 50 ff  V.U.T.S.R.R.Q.P.
00004650: 4f ff 4e ff 4e ff 4d ff 4c ff 4c ff 4b ff 4b ff  O.N.N.M.L.L.K.K.
00004660: 4a ff 4a ff 49 ff 49 ff 48 ff 48 ff 48 ff 47 ff  J.J.I.I.H.H.H.G.
00004670: 47 ff 47 ff 47 ff 47 ff 47 ff 47 ff 47 ff 47 ff  G.G.G.G.G.G.G.G.
00004680: 48 ff 48 ff 48 ff 49 ff 49 ff 4a ff 4a ff 4b ff  H.H.H.I.I.J.J.K.
00004690: 4c ff 4d ff 4e ff 4f ff 50 ff 51 ff 52 ff 54 ff  L.M.N.O.P.Q.R.T.
000046a0: 55 ff 57 ff 58 ff 5a ff 5c ff 5e ff 5f ff 62 ff  U.W.X.Z.\.^._.b.
000046b0: 64 ff 66 ff 68 ff 6b ff 6d ff 70 ff 73 ff 75 ff  d.f.h.k.m.p.s.u.
000046c0: 78 ff 7b ff 7e ff 82 ff 85 ff 88 ff 8b ff 8e ff  x.{.~...........
000046d0: 92 ff 95 ff 99 ff 9c ff a0 ff a3 ff a7 ff aa ff  ................
000046e0: ae ff b1 ff b5 ff b8 ff bc ff bf ff c3 ff c6 ff  ................
000046f0: ca ff cd ff d0 ff d4 ff d7 ff da ff dd ff e0 ff  ................
00004700: e3 ff e6 ff e9 ff ec ff ef ff f1 ff f4 ff f6 ff  ................
00004710: f8 ff fa ff fb ff fc ff fd ff fe ff ff ff ff ff  ................
00004720: ff ff 00 00 00 00 00 00 01 00 01 00 01 00 02 00  ................
00004730: 03 00 04 00 05 00 06 00 07 00 09 00 0a 00 0c 00  ................
00004740: 0e 00 10 00 12 00 14 00 16 00 18 00 1a 00 1c 00  ................
00004750: 1f 00 21 00 23 00 26 00 28 00 2a 00 2d 00 2f 00  ..!.#.&.(.*.-./.
00004760: 31 00 33 00 36 00 38 00 3a 00 3d 00 3f 00 41 00  1.3.6.8.:.=.?.A.
00004770: 43 00 45 00 47 00 49 00 4c 00 4e 00 50 00 52 00  C.E.G.I.L.N.P.R.
00004780: 54 00 55 00 57 00 59 00 5b 00 5d 00 5e 00 60 00  T.U.W.Y.[.].^.`.
00004790: 62 00 63 00 65 00 66 00 68 00 69 00 6b 00 6c 00  b.c.e.f.h.i.k.l.
000047a0: 6d 00 6e 00 6f 00 70 00 71 00 72 00 73 00 74 00  m.n.o.p.q.r.s.t.
000047b0: 75 00 75 00 76 00 77 00 77 00 78 00 78 00 78 00  u.u.v.w.w.x.x.x.
000047c0: 79 00 79 00 79 00 79 00 79 00 79 00 79 00 79 00  y.y.y.y.y.y.y.y.
000047d0: 78 00 78 00 78 00 77 00 76 00 76 00 75 00 74 00  x.x.x.w.v.v.u.t.
000047e0: 73 00 73 00 72 00 70 00 6f 00 6e 00 6d 00 6c 00  s.s.r.p.o.n.m.l.
000047f0: 6a 00 69 00 67 00 66 00 64 00 63 00 61 00 5f 00  j.i.g.f.d.c.a._.
00004800: 5e 00 5c 00 5a 00 58 00 56 00 55 00 53 00 51 00  ^.\.Z.X.V.U.S.Q.
00004810: 4f 00 4d 00 4b 00 49 00 47 00 45 00 43 00 41 00  O.M.K.I.G.E.C.A.
00004820: 3f 00 3c 00 00 00 26 00 56 00 74 00 80 00 84 00  ?.<...&.V.t.....
00004830: 8c 00 aa 00 e2 00 ff 00 00 00 00 00 00 00 00 00  ................
00004840: 00 00 00 00 00 00 1a 00 48 00 72 00 76 00 80 00  ........H.r.v...
00004850: 84 00 9a 00 ba 00 dc 00 ff 00 00 00 00 00 00 00  ................
00004860: 00 00 00 00 01 00 04 00 01 00 03 00 02 00 60 00  ..............`.
00004870: 1f 00 00 00 01 00 c0 ff be ff bd ff bb ff b9 ff  ................
00004880: b8 ff b6 ff b4 ff b2 ff b1 ff af ff ad ff ab ff  ................
00004890: a9 ff a8 ff a6 ff a4 ff a2 ff a0 ff 9e ff 9c ff  ................
000048a0: 9a ff 98 ff 96 ff 94 ff 92 ff 90 ff 8e ff 8c ff  ................
000048b0: 8a ff 87 ff 85 ff 83 ff 81 ff 7f ff 7d ff 7a ff  ............}.z.
000048c0: 78 ff 76 ff 74 ff 72 ff 70 ff 6e ff 6c ff 6a ff  x.v.t.r.p.n.l.j.
000048d0: 68 ff 66 ff 65 ff 63 ff 61 ff 60 ff 5e ff 5d ff  h.f.e.c.a.`.^.].
000048e0: 5c ff 5a ff 59 ff 58 ff 57 ff 56 ff 55 ff 55 ff  \.Z.Y.X.W.V.U.U.
000048f0: 54 ff 54 ff 53 ff 53 ff 53 ff 53 ff 53 ff 53 ff  T.T.S.S.S.S.S.S.
00004900: 54 ff 54 ff 55 ff 56 ff 57 ff 58 ff 59 ff 5b ff  T.T.U.V.W.X.Y.[.
00004910: 5d ff 5e ff 61 ff 63 ff 65 ff 68 ff 6a ff 6d ff  ].^.a.c.e.h.j.m.
00004920: 71 ff 74 ff 78 ff 7b ff 7f ff 84 ff 88 ff 8d ff  q.t.x.{.........
00004930: 92 ff 97 ff 9c ff a2 ff a8 ff ad ff b3 ff b9 ff  ................
00004940: bf ff c4 ff ca ff cf ff d4 ff d8 ff dc ff e0 ff  ................
00004950: e3 ff e6 ff e9 ff ec ff ee ff f0 ff f2 ff f4 ff  ................
00004960: f5 ff f6 ff f8 ff f9 ff fa ff fb ff fc ff fc ff  ................
00004970: fd ff fe ff ff ff 00 00 01 00 02 00 03 00 04 00  ................
00004980: 06 00 07 00 09 00 0b 00 0d 00 10 00 13 00 16 00  ................
00004990: 19 00 1c 00 20 00 24 00 28 00 2c 00 30 00 34 00  .... .$.(.,.0.4.
000049a0: 39 00 3d 00 41 00 46 00 4a 00 4e 00 53 00 57 00  9.=.A.F.J.N.S.W.
000049b0: 5b 00 5e 00 62 00 66 00 69 00 6c 00 6f 00 72 00  [.^.b.f.i.l.o.r.
000049c0: 75 00 77 00 7a 00 7c 00 7e 00 80 00 82 00 84 00  u.w.z.|.~.......
000049d0: 85 00 87 00 88 00 8a 00 8b 00 8c 00 8d 00 8e 00  ................
000049e0: 8e 00 8f 00 90 00 90 00 91 00 91 00 91 00 91 00  ................
000049f0: 91 00 91 00 91 00 91 00 91 00 91 00 90 00 90 00  ................
00004a00: 8f 00 8f 00 8e 00 8d 00 8d 00 8c 00 8b 00 8a 00  ................
00004a10: 89 00 88 00 87 00 86 00 85 00 84 00 82 00 81 00  ................
00004a20: 80 00 7f 00 7d 00 7c 00 7b 00 79 00 78 00 77 00  ....}.|.{.y.x.w.
00004a30: 75 00 74 00 72 00 71 00 6f 00 6e 00 6d 00 6b 00  u.t.r.q.o.n.m.k.
00004a40: 6a 00 68 00 67 00 65 00 64 00 63 00 61 00 60 00  j.h.g.e.d.c.a.`.
00004a50: 5e 00 5d 00 5c 00 5b 00 59 00 58 00 57 00 56 00  ^.].\.[.Y.X.W.V.
00004a60: 54 00 53 00 52 00 51 00 50 00 4f 00 4d 00 4c 00  T.S.R.Q.P.O.M.L.
00004a70: 4b 00 49 00 49 00 9c ff 99 ff 95 ff 91 ff 8e ff  K.I.I...........
00004a80: 8a ff 87 ff 83 ff 80 ff 7c ff 79 ff 76 ff 73 ff  ........|.y.v.s.
00004a90: 6f ff 6c ff 69 ff 67 ff 64 ff 61 ff 5f ff 5d ff  o.l.i.g.d.a._.].
00004aa0: 5a ff 58 ff 56 ff 55 ff 53 ff 52 ff 50 ff 4f ff  Z.X.V.U.S.R.P.O.
00004ab0: 4e ff 4d ff 4c ff 4c ff 4b ff 4b ff 4a ff 4a ff  N.M.L.L.K.K.J.J.
00004ac0: 4a ff 4a ff 4a ff 4b ff 4b ff 4c ff 4c ff 4d ff  J.J.J.K.K.L.L.M.
00004ad0: 4e ff 4f ff 4f ff 51 ff 52 ff 53 ff 54 ff 56 ff  N.O.O.Q.R.S.T.V.
00004ae0: 57 ff 59 ff 5a ff 5c ff 5e ff 5f ff 61 ff 63 ff  W.Y.Z.\.^._.a.c.
00004af0: 65 ff 67 ff 69 ff 6b ff 6e ff 70 ff 72 ff 74 ff  e.g.i.k.n.p.r.t.
00004b00: 77 ff 79 ff 7b ff 7e ff 80 ff 83 ff 85 ff 88 ff  w.y.{.~.........
00004b10: 8b ff 8d ff 90 ff 93 ff 96 ff 99 ff 9c ff 9f ff  ................
00004b20: a2 ff a5 ff a8 ff ac ff af ff b2 ff b6 ff b9 ff  ................
00004b30: bd ff c1 ff c4 ff c8 ff cc ff cf ff d3 ff d6 ff  ................
00004b40: d9 ff dc ff df ff e1 ff e4 ff e6 ff e8 ff e9 ff  ................
00004b50: eb ff ed ff ee ff ef ff f1 ff f2 ff f3 ff f4 ff  ................
00004b60: f5 ff f6 ff f7 ff f8 ff f9 ff fa ff fb ff fc ff  ................
00004b70: fd ff fe ff ff ff 00 00 01 00 02 00 03 00 04 00  ................
00004b80: 05 00 06 00 07 00 08 00 0a 00 0c 00 0e 00 10 00  ................
00004b90: 13 00 16 00 19 00 1c 00 1f 00 23 00 26 00 29 00  ..........#.&.).
00004ba0: 2d 00 31 00 34 00 38 00 3b 00 3f 00 42 00 45 00  -.1.4.8.;.?.B.E.
00004bb0: 48 00 4b 00 4e 00 51 00 53 00 56 00 58 00 5b 00  H.K.N.Q.S.V.X.[.
00004bc0: 5d 00 5f 00 61 00 63 00 64 00 66 00 67 00 69 00  ]._.a.c.d.f.g.i.
00004bd0: 6a 00 6b 00 6d 00 6e 00 6f 00 70 00 70 00 71 00  j.k.m.n.o.p.p.q.
00004be0: 72 00 72 00 73 00 73 00 74 00 74 00 74 00 75 00  r.r.s.s.t.t.t.u.
00004bf0: 75 00 75 00 75 00 75 00 75 00 75 00 75 00 75 00  u.u.u.u.u.u.u.u.
00004c00: 75 00 74 00 74 00 74 00 73 00 73 00 73 00 72 00  u.t.t.t.s.s.s.r.
00004c10: 72 00 72 00 71 00 71 00 70 00 70 00 6f 00 6e 00  r.r.q.q.p.p.o.n.
00004c20: 6e 00 6d 00 6d 00 6c 00 6b 00 6b 00 6a 00 69 00  n.m.m.l.k.k.j.i.
00004c30: 68 00 68 00 67 00 66 00 65 00 64 00 64 00 63 00  h.h.g.f.e.d.d.c.
00004c40: 62 00 61 00 60 00 5f 00 5e 00 5d 00 5c 00 5b 00  b.a.`._.^.].\.[.
00004c50: 5a 00 5a 00 59 00 58 00 57 00 56 00 55 00 54 00  Z.Z.Y.X.W.V.U.T.
00004c60: 53 00 52 00 51 00 4f 00 4e 00 4d 00 4c 00 4b 00  S.R.Q.O.N.M.L.K.
00004c70: 4a 00 49 00 48 00 00 00 18 00 5e 00 6a 00 72 00  J.I.H.....^.j.r.
00004c80: 80 00 8a 00 9e 00 b0 00 ec 00 fe 00 ff 00 00 00  ................
00004c90: 00 00 00 00 00 00 00 00 16 00 44 00 5c 00 66 00  ..........D.\.f.
00004ca0: 74 00 80 00 8a 00 9c 00 c8 00 ff 00 00 00 00 00  t...............
00004cb0: 00 00 00 00 00 00 01 00 04 00 01 00 03 00 00 00  ................
00004cc0: 60 00 1f 00 00 00 01 00 a0 ff 9d ff 99 ff 96 ff  `...............
00004cd0: 93 ff 8f ff 8c ff 89 ff 85 ff 82 ff 7f ff 7c ff  ..............|.
00004ce0: 78 ff 75 ff 72 ff 70 ff 6d ff 6a ff 67 ff 65 ff  x.u.r.p.m.j.g.e.
00004cf0: 62 ff 60 ff 5d ff 5b ff 59 ff 57 ff 55 ff 53 ff  b.`.].[.Y.W.U.S.
00004d00: 52 ff 50 ff 4f ff 4e ff 4d ff 4c ff 4b ff 4a ff  R.P.O.N.M.L.K.J.
00004d10: 4a ff 4a ff 4a ff 4a ff 4a ff 4a ff 4b ff 4b ff  J.J.J.J.J.J.K.K.
00004d20: 4c ff 4d ff 4e ff 4f ff 50 ff 51 ff 53 ff 54 ff  L.M.N.O.P.Q.S.T.
00004d30: 56 ff 58 ff 59 ff 5b ff 5d ff 5f ff 62 ff 64 ff  V.X.Y.[.]._.b.d.
00004d40: 66 ff 69 ff 6b ff 6e ff 70 ff 73 ff 76 ff 78 ff  f.i.k.n.p.s.v.x.
00004d50: 7b ff 7e ff 81 ff 84 ff 87 ff 8a ff 8d ff 90 ff  {.~.............
00004d60: 93 ff 96 ff 99 ff 9c ff a0 ff a3 ff a6 ff a9 ff  ................
00004d70: ac ff af ff b2 ff b5 ff b8 ff bc ff bf ff c2 ff  ................
00004d80: c4 ff c7 ff ca ff cd ff d0 ff d3 ff d5 ff d8 ff  ................
00004d90: da ff dd ff df ff e2 ff e4 ff e6 ff e8 ff ea ff  ................
00004da0: ec ff ee ff f0 ff f2 ff f3 ff f4 ff f6 ff f7 ff  ................
00004db0: f8 ff f9 ff fa ff fb ff fc ff fd ff fd ff fe ff  ................
00004dc0: fe ff ff ff ff ff 00 00 00 00 00 00 01 00 01 00  ................
00004dd0: 01 00 01 00 02 00 02 00 02 00 03 00 03 00 04 00  ................
00004de0: 04 00 05 00 06 00 07 00 08 00 09 00 0a 00 0b 00  ................
00004df0: 0d 00 0e 00 10 00 11 00 13 00 14 00 16 00 18 00  ................
00004e00: 1a 00 1c 00 1e 00 20 00 22 00 24 00 27 00 29 00  ...... .".$.'.).
00004e10: 2b 00 2e 00 30 00 32 00 35 00 37 00 3a 00 3c 00  +...0.2.5.7.:.<.
00004e20: 3f 00 41 00 44 00 46 00 49 00 4b 00 4e 00 50 00  ?.A.D.F.I.K.N.P.
00004e30: 53 00 55 00 58 00 5a 00 5d 00 5f 00 61 00 64 00  S.U.X.Z.]._.a.d.
00004e40: 66 00 69 00 6b 00 6d 00 70 00 72 00 74 00 76 00  f.i.k.m.p.r.t.v.
00004e50: 78 00 7a 00 7c 00 7e 00 80 00 82 00 84 00 86 00  x.z.|.~.........
00004e60: 87 00 89 00 8a 00 8c 00 8d 00 8f 00 90 00 91 00  ................
00004e70: 92 00 93 00 94 00 95 00 96 00 97 00 97 00 98 00  ................
00004e80: 98 00 99 00 99 00 99 00 99 00 99 00 99 00 99 00  ................
00004e90: 98 00 98 00 98 00 97 00 97 00 96 00 96 00 95 00  ................
00004ea0: 94 00 93 00 92 00 92 00 91 00 90 00 8f 00 8e 00  ................
00004eb0: 8c 00 8b 00 8a 00 89 00 88 00 87 00 86 00 84 00  ................
00004ec0: 83 00 82 00 80 00 80 00 90 ff 8e ff 8c ff 8a ff  ................
00004ed0: 88 ff 86 ff 84 ff 82 ff 80 ff 7e ff 7c ff 7a ff  ..........~.|.z.
00004ee0: 78 ff 76 ff 74 ff 72 ff 71 ff 6f ff 6d ff 6b ff  x.v.t.r.q.o.m.k.
00004ef0: 69 ff 68 ff 66 ff 64 ff 63 ff 61 ff 60 ff 5e ff  i.h.f.d.c.a.`.^.
00004f00: 5d ff 5c ff 5a ff 59 ff 58 ff 57 ff 55 ff 54 ff  ].\.Z.Y.X.W.U.T.
00004f10: 53 ff 52 ff 52 ff 51 ff 50 ff 4f ff 4f ff 4e ff  S.R.R.Q.P.O.O.N.
00004f20: 4e ff 4d ff 4d ff 4d ff 4d ff 4c ff 4c ff 4d ff  N.M.M.M.M.L.L.M.
00004f30: 4d ff 4d ff 4d ff 4e ff 4e ff 4f ff 50 ff 50 ff  M.M.M.N.N.O.P.P.
00004f40: 51 ff 52 ff 53 ff 55 ff 56 ff 57 ff 59 ff 5a ff  Q.R.S.U.V.W.Y.Z.
00004f50: 5c ff 5e ff 60 ff 62 ff 64 ff 67 ff 69 ff 6c ff  \.^.`.b.d.g.i.l.
00004f60: 6e ff 71 ff 74 ff 77 ff 7a ff 7d ff 80 ff 83 ff  n.q.t.w.z.}.....
00004f70: 87 ff 8a ff 8d ff 91 ff 94 ff 98 ff 9b ff 9f ff  ................
00004f80: a2 ff a6 ff a9 ff ad ff b0 ff b4 ff b8 ff bb ff  ................
00004f90: be ff c2 ff c5 ff c9 ff cc ff cf ff d2 ff d5 ff  ................
00004fa0: d8 ff db ff de ff e1 ff e4 ff e6 ff e9 ff eb ff  ................
00004fb0: ed ff ef ff f1 ff f3 ff f5 ff f7 ff f8 ff f9 ff  ................
00004fc0: fb ff fc ff fd ff ff ff 00 00 01 00 03 00 04 00  ................
00004fd0: 05 00 06 00 08 00 09 00 0a 00 0c 00 0d 00 0f 00  ................
00004fe0: 10 00 11 00 13 00 14 00 16 00 17 00 19 00 1b 00  ................
00004ff0: 1c 00 1e 00 1f 00 21 00 22 00 24 00 26 00 27 00  ......!.".$.&.'.
00005000: 29 00 2b 00 2c 00 2e 00 2f 00 31 00 33 00 34 00  ).+.,.../.1.3.4.
00005010: 36 00 37 00 39 00 3a 00 3c 00 3d 00 3f 00 40 00  6.7.9.:.<.=.?.@.
00005020: 42 00 43 00 44 00 46 00 47 00 48 00 49 00 4b 00  B.C.D.F.G.H.I.K.
00005030: 4c 00 4d 00 4e 00 4f 00 50 00 51 00 52 00 53 00  L.M.N.O.P.Q.R.S.
00005040: 54 00 55 00 55 00 56 00 57 00 58 00 58 00 59 00  T.U.U.V.W.X.X.Y.
00005050: 5a 00 5a 00 5b 00 5b 00 5c 00 5c 00 5d 00 5d 00  Z.Z.[.[.\.\.].].
00005060: 5d 00 5e 00 5e 00 5e 00 5f 00 5f 00 5f 00 5f 00  ].^.^.^._._._._.
00005070: 60 00 60 00 60 00 60 00 60 00 60 00 60 00 60 00  `.`.`.`.`.`.`.`.
00005080: 60 00 60 00 60 00 60 00 60 00 60 00 60 00 60 00  `.`.`.`.`.`.`.`.
00005090: 60 00 60 00 60 00 5f 00 5f 00 5f 00 5f 00 5f 00  `.`.`._._._._._.
000050a0: 5e 00 5e 00 5e 00 5e 00 5e 00 5d 00 5d 00 5d 00  ^.^.^.^.^.].].].
000050b0: 5d 00 5c 00 5c 00 5c 00 5b 00 5b 00 5b 00 5a 00  ].\.\.\.[.[.[.Z.
000050c0: 5a 00 5a 00 5a 00 59 00 00 00 22 00 70 00 80 00  Z.Z.Z.Y...".p...
000050d0: 8c 00 ac 00 da 00 fe 00 ff 00 00 00 00 00 00 00  ................
000050e0: 00 00 00 00 00 00 00 00 00 00 48 00 76 00 80 00  ..........H.v...
000050f0: 8c 00 b4 00 ff 00 00 00 00 00 00 00 00 00 00 00  ................
00005100: 00 00 00 00 00 00 00 00 01 00 04 00 01 00 03 00  ................
00005110: 00 00 80 00 78 00 00 00 01 00 90 ff 8d ff 8a ff  ....x...........
00005120: 87 ff 83 ff 80 ff 7d ff 7a ff 77 ff 74 ff 71 ff  ......}.z.w.t.q.
00005130: 6e ff 6b ff 69 ff 66 ff 64 ff 61 ff 5f ff 5c ff  n.k.i.f.d.a._.\.
00005140: 5a ff 58 ff 56 ff 54 ff 52 ff 51 ff 4f ff 4e ff  Z.X.V.T.R.Q.O.N.
00005150: 4c ff 4b ff 4a ff 49 ff 48 ff 47 ff 46 ff 45 ff  L.K.J.I.H.G.F.E.
00005160: 45 ff 44 ff 44 ff 44 ff 43 ff 43 ff 43 ff 43 ff  E.D.D.D.C.C.C.C.
00005170: 44 ff 44 ff 44 ff 45 ff 45 ff 46 ff 46 ff 47 ff  D.D.D.E.E.F.F.G.
00005180: 48 ff 49 ff 4a ff 4b ff 4c ff 4d ff 4f ff 50 ff  H.I.J.K.L.M.O.P.
00005190: 52 ff 53 ff 55 ff 57 ff 59 ff 5a ff 5c ff 5e ff  R.S.U.W.Y.Z.\.^.
000051a0: 61 ff 63 ff 65 ff 67 ff 6a ff 6c ff 6f ff 71 ff  a.c.e.g.j.l.o.q.
000051b0: 74 ff 77 ff 7a ff 7d ff 80 ff 83 ff 86 ff 89 ff  t.w.z.}.........
000051c0: 8c ff 90 ff 93 ff 97 ff 9a ff 9e ff a2 ff a5 ff  ................
000051d0: a9 ff ad ff b1 ff b5 ff ba ff be ff c2 ff c6 ff  ................
000051e0: cb ff cf ff d3 ff d7 ff db ff df ff e2 ff e5 ff  ................
000051f0: e8 ff eb ff ee ff f0 ff f2 ff f4 ff f6 ff f8 ff  ................
00005200: f9 ff fa ff fc ff fd ff fd ff fe ff ff ff ff ff  ................
00005210: 00 00 00 00 01 00 01 00 01 00 01 00 02 00 02 00  ................
00005220: 02 00 02 00 02 00 02 00 02 00 03 00 03 00 03 00  ................
00005230: 03 00 04 00 04 00 05 00 05 00 06 00 07 00 08 00  ................
00005240: 08 00 0a 00 0b 00 0c 00 0d 00 0f 00 11 00 12 00  ................
00005250: 14 00 16 00 18 00 1a 00 1d 00 1f 00 21 00 24 00  ............!.$.
00005260: 26 00 29 00 2c 00 2e 00 31 00 34 00 36 00 39 00  &.).,...1.4.6.9.
00005270: 3c 00 3e 00 41 00 44 00 47 00 49 00 4c 00 4e 00  <.>.A.D.G.I.L.N.
00005280: 51 00 54 00 56 00 58 00 5b 00 5d 00 5f 00 61 00  Q.T.V.X.[.]._.a.
00005290: 63 00 65 00 67 00 69 00 6a 00 6c 00 6d 00 6e 00  c.e.g.i.j.l.m.n.
000052a0: 70 00 71 00 72 00 73 00 74 00 74 00 75 00 76 00  p.q.r.s.t.t.u.v.
000052b0: 76 00 77 00 77 00 78 00 78 00 78 00 79 00 79 00  v.w.w.x.x.x.y.y.
000052c0: 79 00 79 00 79 00 79 00 79 00 79 00 79 00 79 00  y.y.y.y.y.y.y.y.
000052d0: 79 00 79 00 78 00 78 00 78 00 78 00 77 00 77 00  y.y.x.x.x.x.w.w.
000052e0: 77 00 76 00 76 00 76 00 75 00 75 00 75 00 74 00  w.v.v.v.u.u.u.t.
000052f0: 74 00 74 00 73 00 73 00 72 00 72 00 72 00 71 00  t.t.s.s.r.r.r.q.
00005300: 71 00 70 00 70 00 70 00 6f 00 6f 00 6f 00 6e 00  q.p.p.p.o.o.o.n.
00005310: 6e 00 6e 00 6e 00 6d 00 6d 00 00 00 00 00 00 00  n.n.n.m.m.......
00005320: 00 00 00 00 00 00 00 00 00 00 00 00 00 00 00 00  ................
00005330: 00 00 00 00 00 00 00 00 00 00 00 00 00 00 00 00  ................
00005340: 00 00 00 00 00 00 00 00 00 00 00 00 00 00 00 00  ................
00005350: 00 00 00 00 00 00 00 00 00 00 00 00 00 00 00 00  ................
00005360: 00 00 00 00 00 00 00 00 00 00 00 00 00 00 00 00  ................
00005370: 00 00 00 00 00 00 00 00 00 00 00 00 00 00 00 00  ................
00005380: 00 00 00 00 00 00 00 00 00 00 00 00 00 00 00 00  ................
00005390: 00 00 00 00 00 00 00 00 00 00 00 00 00 00 00 00  ................
000053a0: 00 00 00 00 00 00 00 00 00 00 00 00 00 00 00 00  ................
000053b0: 00 00 00 00 00 00 00 00 00 00 00 00 00 00 00 00  ................
000053c0: 00 00 00 00 00 00 00 00 00 00 00 00 00 00 00 00  ................
000053d0: 00 00 00 00 00 00 00 00 00 00 00 00 00 00 00 00  ................
000053e0: 00 00 00 00 00 00 00 00 00 00 00 00 00 00 00 00  ................
000053f0: 00 00 00 00 00 00 00 00 00 00 00 00 00 00 00 00  ................
00005400: 00 00 00 00 00 00 00 00 00 00 00 00 00 00 00 00  ................
00005410: 00 00 00 00 00 00 00 00 00 00 00 00 00 00 00 00  ................
00005420: 00 00 00 00 00 00 00 00 00 00 00 00 00 00 00 00  ................
00005430: 00 00 00 00 00 00 00 00 00 00 00 00 00 00 00 00  ................
00005440: 00 00 00 00 00 00 00 00 00 00 00 00 00 00 00 00  ................
00005450: 00 00 00 00 00 00 00 00 00 00 00 00 00 00 00 00  ................
00005460: 00 00 00 00 00 00 00 00 00 00 00 00 00 00 00 00  ................
00005470: 00 00 00 00 00 00 00 00 00 00 00 00 00 00 00 00  ................
00005480: 00 00 00 00 00 00 00 00 00 00 00 00 00 00 00 00  ................
00005490: 00 00 00 00 00 00 00 00 00 00 00 00 00 00 00 00  ................
000054a0: 00 00 00 00 00 00 00 00 00 00 00 00 00 00 00 00  ................
000054b0: 00 00 00 00 00 00 00 00 00 00 00 00 00 00 00 00  ................
000054c0: 00 00 00 00 00 00 00 00 00 00 00 00 00 00 00 00  ................
000054d0: 00 00 00 00 00 00 00 00 00 00 00 00 00 00 00 00  ................
000054e0: 00 00 00 00 00 00 00 00 00 00 00 00 00 00 00 00  ................
000054f0: 00 00 00 00 00 00 00 00 00 00 00 00 00 00 00 00  ................
00005500: 00 00 00 00 00 00 00 00 00 00 00 00 00 00 00 00  ................
00005510: 00 00 00 00 00 00 00 00 00 00 00 00 12 00 48 00  ..............H.
00005520: 5e 00 6a 00 80 00 96 00 bc 00 d8 00 fa 00 ff 00  ^.j.............
00005530: 00 00 00 00 00 00 00 00 00 00 00 00 ff 00 00 00  ................
00005540: 00 00 00 00 00 00 00 00 00 00 00 00 00 00 00 00  ................
00005550: 00 00 00 00 00 00 00 00 00 00 01 00 04 00 01 00  ................
00005560: 03 00 00 00 80 00 78 00 00 00 01 00 90 ff 8f ff  ......x.........
00005570: 8e ff 8d ff 8c ff 8b ff 8a ff 89 ff 88 ff 87 ff  ................
00005580: 86 ff 85 ff 84 ff 83 ff 82 ff 81 ff 80 ff 7f ff  ................
00005590: 7e ff 7d ff 7c ff 7c ff 7b ff 7a ff 79 ff 79 ff  ~.}.|.|.{.z.y.y.
000055a0: 78 ff 77 ff 77 ff 76 ff 75 ff 75 ff 74 ff 74 ff  x.w.w.v.u.u.t.t.
000055b0: 73 ff 73 ff 73 ff 72 ff 72 ff 72 ff 72 ff 71 ff  s.s.s.r.r.r.r.q.
000055c0: 71 ff 71 ff 71 ff 71 ff 71 ff 72 ff 72 ff 72 ff  q.q.q.q.q.r.r.r.
000055d0: 72 ff 73 ff 73 ff 74 ff 74 ff 75 ff 76 ff 76 ff  r.s.s.t.t.u.v.v.
000055e0: 77 ff 78 ff 79 ff 7a ff 7b ff 7c ff 7e ff 7f ff  w.x.y.z.{.|.~...
000055f0: 80 ff 82 ff 84 ff 85 ff 87 ff 89 ff 8b ff 8d ff  ................
00005600: 8f ff 91 ff 93 ff 95 ff 98 ff 9a ff 9d ff a0 ff  ................
00005610: a2 ff a5 ff a8 ff ab ff ae ff b1 ff b4 ff b7 ff  ................
00005620: bb ff be ff c1 ff c4 ff c7 ff ca ff cd ff d0 ff  ................
00005630: d3 ff d6 ff d9 ff dc ff de ff e1 ff e4 ff e6 ff  ................
00005640: e8 ff eb ff ed ff ef ff f1 ff f2 ff f4 ff f5 ff  ................
00005650: f7 ff f8 ff f9 ff fa ff fb ff fb ff fc ff fd ff  ................
00005660: fd ff fe ff fe ff ff ff ff ff 00 00 00 00 01 00  ................
00005670: 01 00 02 00 02 00 03 00 04 00 05 00 06 00 07 00  ................
00005680: 08 00 09 00 0a 00 0b 00 0d 00 0f 00 10 00 12 00  ................
00005690: 14 00 16 00 18 00 1a 00 1c 00 1f 00 21 00 24 00  ............!.$.
000056a0: 26 00 29 00 2b 00 2e 00 31 00 33 00 36 00 39 00  &.).+...1.3.6.9.
000056b0: 3c 00 3e 00 41 00 44 00 47 00 4a 00 4d 00 4f 00  <.>.A.D.G.J.M.O.
000056c0: 52 00 55 00 58 00 5b 00 5d 00 60 00 63 00 65 00  R.U.X.[.].`.c.e.
000056d0: 68 00 6a 00 6d 00 6f 00 71 00 74 00 76 00 78 00  h.j.m.o.q.t.v.x.
000056e0: 7a 00 7c 00 7d 00 7f 00 81 00 82 00 83 00 85 00  z.|.}...........
000056f0: 86 00 87 00 88 00 89 00 8a 00 8a 00 8b 00 8b 00  ................
00005700: 8c 00 8c 00 8d 00 8d 00 8d 00 8d 00 8d 00 8d 00  ................
00005710: 8d 00 8d 00 8d 00 8c 00 8c 00 8b 00 8b 00 8a 00  ................
00005720: 8a 00 89 00 89 00 88 00 87 00 86 00 85 00 85 00  ................
00005730: 84 00 83 00 82 00 81 00 80 00 7f 00 7e 00 7c 00  ............~.|.
00005740: 7b 00 7a 00 79 00 78 00 77 00 76 00 74 00 73 00  {.z.y.x.w.v.t.s.
00005750: 72 00 71 00 6f 00 6e 00 6d 00 6c 00 6a 00 69 00  r.q.o.n.m.l.j.i.
00005760: 68 00 67 00 65 00 64 00 63 00 61 00 9c ff 9b ff  h.g.e.d.c.a.....
00005770: 99 ff 98 ff 97 ff 95 ff 94 ff 93 ff 91 ff 90 ff  ................
00005780: 8f ff 8e ff 8c ff 8b ff 8a ff 89 ff 88 ff 87 ff  ................
00005790: 86 ff 85 ff 84 ff 83 ff 82 ff 81 ff 80 ff 80 ff  ................
000057a0: 7f ff 7e ff 7e ff 7d ff 7d ff 7c ff 7c ff 7c ff  ..~.~.}.}.|.|.|.
000057b0: 7b ff 7b ff 7b ff 7b ff 7b ff 7b ff 7c ff 7c ff  {.{.{.{.{.{.|.|.
000057c0: 7c ff 7d ff 7d ff 7e ff 7f ff 7f ff 80 ff 81 ff  |.}.}.~.........
000057d0: 82 ff 83 ff 85 ff 86 ff 87 ff 88 ff 8a ff 8b ff  ................
000057e0: 8d ff 8e ff 90 ff 92 ff 93 ff 95 ff 97 ff 99 ff  ................
000057f0: 9a ff 9c ff 9e ff a0 ff a2 ff a4 ff a6 ff a8 ff  ................
00005800: aa ff ad ff af ff b1 ff b3 ff b5 ff b7 ff b9 ff  ................
00005810: bb ff be ff c0 ff c2 ff c4 ff c6 ff c8 ff cb ff  ................
00005820: cd ff cf ff d1 ff d3 ff d5 ff d7 ff d9 ff db ff  ................
00005830: dd ff df ff e0 ff e2 ff e4 ff e6 ff e7 ff e9 ff  ................
00005840: eb ff ec ff ee ff ef ff f0 ff f2 ff f3 ff f4 ff  ................
00005850: f5 ff f6 ff f7 ff f8 ff f9 ff fa ff fb ff fc ff  ................
00005860: fc ff fd ff fe ff fe ff ff ff ff ff 00 00 01 00  ................
00005870: 01 00 02 00 02 00 03 00 03 00 04 00 05 00 05 00  ................
00005880: 06 00 07 00 07 00 08 00 09 00 0a 00 0b 00 0c 00  ................
00005890: 0d 00 0f 00 10 00 11 00 13 00 14 00 16 00 17 00  ................
000058a0: 19 00 1a 00 1c 00 1e 00 20 00 22 00 23 00 25 00  ........ .".#.%.
000058b0: 27 00 29 00 2b 00 2d 00 2e 00 30 00 32 00 34 00  '.).+.-...0.2.4.
000058c0: 36 00 37 00 39 00 3b 00 3c 00 3e 00 40 00 41 00  6.7.9.;.<.>.@.A.
000058d0: 43 00 44 00 45 00 46 00 48 00 49 00 4a 00 4b 00  C.D.E.F.H.I.J.K.
000058e0: 4c 00 4c 00 4d 00 4e 00 4e 00 4f 00 4f 00 50 00  L.L.M.N.N.O.O.P.
000058f0: 50 00 51 00 51 00 51 00 51 00 52 00 52 00 52 00  P.Q.Q.Q.Q.R.R.R.
00005900: 52 00 52 00 52 00 51 00 51 00 51 00 51 00 50 00  R.R.R.Q.Q.Q.Q.P.
00005910: 50 00 50 00 4f 00 4f 00 4f 00 4e 00 4e 00 4d 00  P.P.O.O.O.N.N.M.
00005920: 4c 00 4c 00 4b 00 4b 00 4a 00 49 00 49 00 48 00  L.L.K.K.J.I.I.H.
00005930: 47 00 47 00 46 00 45 00 44 00 44 00 43 00 42 00  G.G.F.E.D.D.C.B.
00005940: 41 00 40 00 40 00 3f 00 3e 00 3d 00 3c 00 3c 00  A.@.@.?.>.=.<.<.
00005950: 3b 00 3a 00 39 00 38 00 38 00 37 00 36 00 35 00  ;.:.9.8.8.7.6.5.
00005960: 34 00 33 00 33 00 32 00 31 00 30 00 00 00 20 00  4.3.3.2.1.0... .
00005970: 4e 00 70 00 80 00 8c 00 bc 00 ee 00 ff 00 00 00  N.p.............
00005980: 00 00 00 00 00 00 00 00 00 00 00 00 00 00 2a 00  ..............*.
00005990: 72 00 80 00 92 00 b4 00 ea 00 ff 00 00 00 00 00  r...............
000059a0: 00 00 00 00 00 00 00 00 00 00 00 00 01 00 04 00  ................
000059b0: 01 00 03 00 00 00 01 00 18 00 00 00 01 00 a4 ff  ................
000059c0: a2 ff 9f ff 9c ff 9a ff 97 ff 94 ff 92 ff 8f ff  ................
000059d0: 8d ff 8a ff 87 ff 85 ff 83 ff 80 ff 7e ff 7b ff  ............~.{.
000059e0: 79 ff 77 ff 75 ff 73 ff 70 ff 6e ff 6d ff 6b ff  y.w.u.s.p.n.m.k.
000059f0: 69 ff 67 ff 65 ff 64 ff 62 ff 61 ff 5f ff 5e ff  i.g.e.d.b.a._.^.
00005a00: 5d ff 5c ff 5b ff 5a ff 59 ff 58 ff 58 ff 57 ff  ].\.[.Z.Y.X.X.W.
00005a10: 57 ff 57 ff 56 ff 56 ff 56 ff 57 ff 57 ff 57 ff  W.W.V.V.V.W.W.W.
00005a20: 58 ff 59 ff 5a ff 5b ff 5c ff 5d ff 5e ff 60 ff  X.Y.Z.[.\.].^.`.
00005a30: 62 ff 63 ff 65 ff 67 ff 69 ff 6b ff 6d ff 70 ff  b.c.e.g.i.k.m.p.
00005a40: 72 ff 74 ff 77 ff 79 ff 7c ff 7f ff 81 ff 84 ff  r.t.w.y.|.......
00005a50: 87 ff 8a ff 8d ff 90 ff 93 ff 96 ff 99 ff 9c ff  ................
00005a60: 9f ff a2 ff a5 ff a8 ff ab ff ae ff b1 ff b4 ff  ................
00005a70: b7 ff ba ff bd ff c0 ff c3 ff c6 ff c9 ff cc ff  ................
00005a80: ce ff d1 ff d4 ff d6 ff d9 ff db ff de ff e0 ff  ................
00005a90: e3 ff e5 ff e7 ff e9 ff eb ff ed ff ef ff f0 ff  ................
00005aa0: f2 ff f3 ff f5 ff f6 ff f7 ff f8 ff f9 ff fa ff  ................
00005ab0: fb ff fc ff fd ff fe ff fe ff ff ff ff ff 00 00  ................
00005ac0: 00 00 01 00 01 00 02 00 02 00 03 00 03 00 04 00  ................
00005ad0: 05 00 05 00 06 00 07 00 08 00 09 00 0a 00 0b 00  ................
00005ae0: 0d 00 0e 00 10 00 12 00 14 00 16 00 18 00 1b 00  ................
00005af0: 1d 00 20 00 23 00 25 00 28 00 2b 00 2e 00 31 00  .. .#.%.(.+...1.
00005b00: 34 00 37 00 3a 00 3d 00 40 00 43 00 46 00 49 00  4.7.:.=.@.C.F.I.
00005b10: 4b 00 4e 00 51 00 54 00 57 00 59 00 5c 00 5e 00  K.N.Q.T.W.Y.\.^.
00005b20: 60 00 62 00 65 00 66 00 68 00 6a 00 6c 00 6d 00  `.b.e.f.h.j.l.m.
00005b30: 6e 00 70 00 71 00 72 00 73 00 74 00 75 00 75 00  n.p.q.r.s.t.u.u.
00005b40: 76 00 76 00 77 00 77 00 77 00 78 00 78 00 78 00  v.v.w.w.w.x.x.x.
00005b50: 78 00 77 00 77 00 77 00 77 00 76 00 76 00 75 00  x.w.w.w.w.v.v.u.
00005b60: 75 00 74 00 74 00 73 00 72 00 71 00 71 00 70 00  u.t.t.s.r.q.q.p.
00005b70: 6f 00 6e 00 6d 00 6c 00 6b 00 6a 00 69 00 68 00  o.n.m.l.k.j.i.h.
00005b80: 67 00 66 00 65 00 64 00 63 00 61 00 60 00 5f 00  g.f.e.d.c.a.`._.
00005b90: 5e 00 5d 00 5c 00 5b 00 5a 00 59 00 57 00 56 00  ^.].\.[.Z.Y.W.V.
00005ba0: 55 00 54 00 53 00 52 00 51 00 50 00 50 00 4f 00  U.T.S.R.Q.P.P.O.
00005bb0: 4e 00 4d 00 4c 00 4b 00 4a 00 49 00 48 00 00 00  N.M.L.K.J.I.H...
00005bc0: 00 00 00 00 00 00 00 00 00 00 00 00 00 00 00 00  ................
00005bd0: 00 00 00 00 00 00 00 00 00 00 00 00 00 00 00 00  ................
00005be0: 00 00 00 00 00 00 00 00 00 00 00 00 00 00 00 00  ................
00005bf0: 00 00 00 00 00 00 00 00 00 00 00 00 00 00 00 00  ................
00005c00: 00 00 00 00 00 00 00 00 00 00 00 00 00 00 00 00  ................
00005c10: 00 00 00 00 00 00 00 00 00 00 00 00 00 00 00 00  ................
00005c20: 00 00 00 00 00 00 00 00 00 00 00 00 00 00 00 00  ................
00005c30: 00 00 00 00 00 00 00 00 00 00 00 00 00 00 00 00  ................
00005c40: 00 00 00 00 00 00 00 00 00 00 00 00 00 00 00 00  ................
00005c50: 00 00 00 00 00 00 00 00 00 00 00 00 00 00 00 00  ................
00005c60: 00 00 00 00 00 00 00 00 00 00 00 00 00 00 00 00  ................
00005c70: 00 00 00 00 00 00 00 00 00 00 00 00 00 00 00 00  ................
00005c80: 00 00 00 00 00 00 00 00 00 00 00 00 00 00 00 00  ................
00005c90: 00 00 00 00 00 00 00 00 00 00 00 00 00 00 00 00  ................
00005ca0: 00 00 00 00 00 00 00 00 00 00 00 00 00 00 00 00  ................
00005cb0: 00 00 00 00 00 00 00 00 00 00 00 00 00 00 00 00  ................
00005cc0: 00 00 00 00 00 00 00 00 00 00 00 00 00 00 00 00  ................
00005cd0: 00 00 00 00 00 00 00 00 00 00 00 00 00 00 00 00  ................
00005ce0: 00 00 00 00 00 00 00 00 00 00 00 00 00 00 00 00  ................
00005cf0: 00 00 00 00 00 00 00 00 00 00 00 00 00 00 00 00  ................
00005d00: 00 00 00 00 00 00 00 00 00 00 00 00 00 00 00 00  ................
00005d10: 00 00 00 00 00 00 00 00 00 00 00 00 00 00 00 00  ................
00005d20: 00 00 00 00 00 00 00 00 00 00 00 00 00 00 00 00  ................
00005d30: 00 00 00 00 00 00 00 00 00 00 00 00 00 00 00 00  ................
00005d40: 00 00 00 00 00 00 00 00 00 00 00 00 00 00 00 00  ................
00005d50: 00 00 00 00 00 00 00 00 00 00 00 00 00 00 00 00  ................
00005d60: 00 00 00 00 00 00 00 00 00 00 00 00 00 00 00 00  ................
00005d70: 00 00 00 00 00 00 00 00 00 00 00 00 00 00 00 00  ................
00005d80: 00 00 00 00 00 00 00 00 00 00 00 00 00 00 00 00  ................
00005d90: 00 00 00 00 00 00 00 00 00 00 00 00 00 00 00 00  ................
00005da0: 00 00 00 00 00 00 00 00 00 00 00 00 00 00 00 00  ................
00005db0: 00 00 00 00 00 00 00 00 00 00 00 00 00 00 00 00  ................
00005dc0: 30 00 4e 00 70 00 80 00 90 00 b2 00 ee 00 ff 00  0.N.p...........
00005dd0: 00 00 00 00 00 00 00 00 00 00 00 00 00 00 00 00  ................
00005de0: ff 00 00 00 00 00 00 00 00 00 00 00 00 00 00 00  ................
00005df0: 00 00 00 00 00 00 00 00 00 00 00 00 00 00 01 00  ................
00005e00: 04 00 01 00 03 00 02 00 01 00 18 00 00 00 01 00  ................
00005e10: 80 ff 80 ff 7f ff 7f ff 7e ff 7d ff 7d ff 7c ff  ........~.}.}.|.
00005e20: 7c ff 7b ff 7b ff 7a ff 7a ff 79 ff 79 ff 78 ff  |.{.{.z.z.y.y.x.
00005e30: 78 ff 77 ff 77 ff 77 ff 76 ff 76 ff 76 ff 75 ff  x.w.w.w.v.v.v.u.
00005e40: 75 ff 75 ff 75 ff 74 ff 74 ff 74 ff 74 ff 74 ff  u.u.u.t.t.t.t.t.
00005e50: 74 ff 74 ff 74 ff 74 ff 74 ff 74 ff 75 ff 75 ff  t.t.t.t.t.t.u.u.
00005e60: 75 ff 76 ff 76 ff 76 ff 77 ff 77 ff 78 ff 79 ff  u.v.v.v.w.w.x.y.
00005e70: 79 ff 7a ff 7b ff 7c ff 7d ff 7e ff 7f ff 80 ff  y.z.{.|.}.~.....
00005e80: 81 ff 82 ff 83 ff 84 ff 85 ff 87 ff 88 ff 89 ff  ................
00005e90: 8b ff 8c ff 8d ff 8f ff 91 ff 92 ff 94 ff 95 ff  ................
00005ea0: 97 ff 99 ff 9b ff 9c ff 9e ff a0 ff a2 ff a4 ff  ................
00005eb0: a6 ff a8 ff aa ff ac ff ae ff b0 ff b2 ff b4 ff  ................
00005ec0: b6 ff b9 ff bb ff bd ff bf ff c2 ff c4 ff c6 ff  ................
00005ed0: c9 ff cb ff ce ff d0 ff d2 ff d5 ff d7 ff d9 ff  ................
00005ee0: dc ff de ff e0 ff e2 ff e5 ff e7 ff e9 ff eb ff  ................
00005ef0: ed ff ee ff f0 ff f2 ff f3 ff f5 ff f6 ff f7 ff  ................
00005f00: f8 ff fa ff fb ff fc ff fd ff fe ff fe ff ff ff  ................
00005f10: 00 00 01 00 01 00 02 00 03 00 03 00 04 00 05 00  ................
00005f20: 05 00 06 00 06 00 07 00 08 00 08 00 09 00 0a 00  ................
00005f30: 0a 00 0b 00 0c 00 0d 00 0e 00 0f 00 10 00 11 00  ................
00005f40: 12 00 13 00 14 00 15 00 16 00 17 00 19 00 1a 00  ................
00005f50: 1b 00 1c 00 1e 00 1f 00 20 00 22 00 23 00 24 00  ........ .".#.$.
00005f60: 26 00 27 00 29 00 2a 00 2b 00 2d 00 2e 00 2f 00  &.'.).*.+.-.../.
00005f70: 31 00 32 00 33 00 35 00 36 00 37 00 38 00 3a 00  1.2.3.5.6.7.8.:.
00005f80: 3b 00 3c 00 3d 00 3e 00 3f 00 40 00 41 00 42 00  ;.<.=.>.?.@.A.B.
00005f90: 43 00 44 00 45 00 46 00 47 00 47 00 48 00 48 00  C.D.E.F.G.G.H.H.
00005fa0: 49 00 49 00 4a 00 4a 00 4b 00 4b 00 4b 00 4b 00  I.I.J.J.K.K.K.K.
00005fb0: 4c 00 4c 00 4c 00 4c 00 4c 00 4c 00 4c 00 4c 00  L.L.L.L.L.L.L.L.
00005fc0: 4b 00 4b 00 4b 00 4b 00 4a 00 4a 00 4a 00 49 00  K.K.K.K.J.J.J.I.
00005fd0: 49 00 48 00 48 00 47 00 47 00 46 00 46 00 45 00  I.H.H.G.G.F.F.E.
00005fe0: 44 00 44 00 43 00 42 00 42 00 41 00 40 00 3f 00  D.D.C.B.B.A.@.?.
00005ff0: 3f 00 3e 00 3d 00 3c 00 3b 00 3a 00 3a 00 39 00  ?.>.=.<.;.:.:.9.
00006000: 38 00 37 00 36 00 35 00 34 00 33 00 32 00 31 00  8.7.6.5.4.3.2.1.
00006010: 98 ff 98 ff 98 ff 97 ff 97 ff 96 ff 96 ff 95 ff  ................
00006020: 94 ff 94 ff 93 ff 93 ff 92 ff 92 ff 91 ff 91 ff  ................
00006030: 91 ff 90 ff 90 ff 8f ff 8f ff 8f ff 8f ff 8e ff  ................
00006040: 8e ff 8e ff 8e ff 8e ff 8e ff 8e ff 8e ff 8e ff  ................
00006050: 8e ff 8e ff 8e ff 8f ff 8f ff 90 ff 90 ff 90 ff  ................
00006060: 91 ff 92 ff 92 ff 93 ff 94 ff 95 ff 95 ff 96 ff  ................
00006070: 97 ff 98 ff 99 ff 9a ff 9b ff 9c ff 9d ff 9f ff  ................
00006080: a0 ff a1 ff a2 ff a4 ff a5 ff a6 ff a8 ff a9 ff  ................
00006090: aa ff ac ff ad ff af ff b0 ff b2 ff b3 ff b5 ff  ................
000060a0: b6 ff b8 ff b9 ff bb ff bd ff be ff c0 ff c1 ff  ................
000060b0: c3 ff c5 ff c6 ff c8 ff c9 ff cb ff cd ff ce ff  ................
000060c0: d0 ff d1 ff d3 ff d4 ff d6 ff d8 ff d9 ff db ff  ................
000060d0: dc ff de ff df ff e1 ff e2 ff e3 ff e5 ff e6 ff  ................
000060e0: e7 ff e9 ff ea ff eb ff ed ff ee ff ef ff f0 ff  ................
000060f0: f1 ff f2 ff f3 ff f4 ff f5 ff f6 ff f7 ff f8 ff  ................
00006100: f9 ff fa ff fb ff fb ff fc ff fd ff fe ff ff ff  ................
00006110: ff ff 00 00 01 00 02 00 03 00 04 00 05 00 06 00  ................
00006120: 07 00 08 00 09 00 0a 00 0b 00 0c 00 0e 00 0f 00  ................
00006130: 10 00 12 00 13 00 15 00 16 00 18 00 19 00 1b 00  ................
00006140: 1d 00 1e 00 20 00 22 00 24 00 25 00 27 00 29 00  .... .".$.%.'.).
00006150: 2b 00 2d 00 2f 00 31 00 32 00 34 00 36 00 38 00  +.-./.1.2.4.6.8.
00006160: 3a 00 3c 00 3e 00 40 00 42 00 44 00 46 00 47 00  :.<.>.@.B.D.F.G.
00006170: 49 00 4b 00 4d 00 4f 00 51 00 52 00 54 00 56 00  I.K.M.O.Q.R.T.V.
00006180: 57 00 59 00 5b 00 5c 00 5e 00 5f 00 61 00 62 00  W.Y.[.\.^._.a.b.
00006190: 64 00 65 00 66 00 68 00 69 00 6a 00 6b 00 6c 00  d.e.f.h.i.j.k.l.
000061a0: 6d 00 6e 00 6f 00 70 00 70 00 71 00 72 00 72 00  m.n.o.p.p.q.r.r.
000061b0: 73 00 73 00 73 00 74 00 74 00 74 00 74 00 74 00  s.s.s.t.t.t.t.t.
000061c0: 74 00 73 00 73 00 73 00 72 00 72 00 71 00 70 00  t.s.s.s.r.r.q.p.
000061d0: 70 00 6f 00 6e 00 6d 00 6c 00 6b 00 6a 00 69 00  p.o.n.m.l.k.j.i.
000061e0: 68 00 67 00 66 00 64 00 63 00 62 00 60 00 5f 00  h.g.f.d.c.b.`._.
000061f0: 5e 00 5c 00 5b 00 59 00 58 00 56 00 54 00 53 00  ^.\.[.Y.X.V.T.S.
00006200: 51 00 50 00 4e 00 4c 00 4b 00 49 00 47 00 45 00  Q.P.N.L.K.I.G.E.
00006210: 00 00 2c 00 5e 00 72 00 80 00 92 00 c6 00 ff 00  ..,.^.r.........
00006220: 00 00 00 00 00 00 00 00 00 00 00 00 00 00 00 00  ................
00006230: 00 00 22 00 72 00 80 00 8c 00 d4 00 ff 00 00 00  ..".r...........
00006240: 00 00 00 00 00 00 00 00 00 00 00 00 00 00 00 00  ................
00006250: 01 00 04 00 01 00 03 00 02 00 01 00 18 00 00 00  ................
00006260: 01 00 b8 ff b8 ff b8 ff b8 ff b8 ff b5 ff b3 ff  ................
00006270: b0 ff ad ff ab ff a8 ff a5 ff a3 ff a0 ff 9e ff  ................
00006280: 9b ff 99 ff 96 ff 94 ff 92 ff 8f ff 8d ff 8b ff  ................
00006290: 89 ff 87 ff 85 ff 83 ff 82 ff 80 ff 7e ff 7d ff  ............~.}.
000062a0: 7b ff 7a ff 79 ff 78 ff 77 ff 76 ff 75 ff 74 ff  {.z.y.x.w.v.u.t.
000062b0: 74 ff 73 ff 73 ff 73 ff 72 ff 72 ff 72 ff 72 ff  t.s.s.s.r.r.r.r.
000062c0: 72 ff 72 ff 73 ff 73 ff 74 ff 74 ff 75 ff 75 ff  r.r.s.s.t.t.u.u.
000062d0: 76 ff 77 ff 78 ff 79 ff 7a ff 7b ff 7c ff 7d ff  v.w.x.y.z.{.|.}.
000062e0: 7f ff 80 ff 82 ff 83 ff 85 ff 86 ff 88 ff 8a ff  ................
000062f0: 8c ff 8e ff 90 ff 92 ff 94 ff 96 ff 98 ff 9a ff  ................
00006300: 9c ff 9f ff a1 ff a3 ff a6 ff a8 ff ab ff ad ff  ................
00006310: b0 ff b2 ff b5 ff b8 ff ba ff bd ff c0 ff c2 ff  ................
00006320: c5 ff c8 ff ca ff cd ff d0 ff d2 ff d5 ff d7 ff  ................
00006330: da ff dc ff df ff e1 ff e3 ff e5 ff e7 ff e9 ff  ................
00006340: eb ff ed ff ef ff f1 ff f2 ff f4 ff f5 ff f6 ff  ................
00006350: f7 ff f9 ff fa ff fb ff fc ff fd ff fd ff fe ff  ................
00006360: ff ff 00 00 01 00 02 00 03 00 03 00 04 00 05 00  ................
00006370: 06 00 07 00 08 00 09 00 0a 00 0b 00 0c 00 0d 00  ................
00006380: 0e 00 0f 00 10 00 11 00 12 00 14 00 15 00 16 00  ................
00006390: 17 00 18 00 1a 00 1b 00 1c 00 1d 00 1f 00 20 00  .............. .
000063a0: 21 00 22 00 24 00 25 00 26 00 28 00 29 00 2a 00  !.".$.%.&.(.).*.
000063b0: 2c 00 2d 00 2e 00 2f 00 31 00 32 00 33 00 34 00  ,.-.../.1.2.3.4.
000063c0: 36 00 37 00 38 00 39 00 3a 00 3c 00 3d 00 3e 00  6.7.8.9.:.<.=.>.
000063d0: 3f 00 40 00 41 00 42 00 43 00 44 00 45 00 46 00  ?.@.A.B.C.D.E.F.
000063e0: 46 00 47 00 48 00 49 00 49 00 4a 00 4b 00 4b 00  F.G.H.I.I.J.K.K.
000063f0: 4c 00 4c 00 4d 00 4d 00 4e 00 4e 00 4e 00 4e 00  L.L.M.M.N.N.N.N.
00006400: 4f 00 4f 00 4f 00 4f 00 4f 00 4f 00 4f 00 4f 00  O.O.O.O.O.O.O.O.
00006410: 4f 00 4f 00 4f 00 4f 00 4f 00 4f 00 4e 00 4e 00  O.O.O.O.O.O.N.N.
00006420: 4e 00 4e 00 4d 00 4d 00 4d 00 4c 00 4c 00 4b 00  N.N.M.M.M.L.L.K.
00006430: 4b 00 4b 00 4a 00 4a 00 49 00 49 00 48 00 48 00  K.K.J.J.I.I.H.H.
00006440: 47 00 47 00 46 00 45 00 45 00 44 00 44 00 43 00  G.G.F.E.E.D.D.C.
00006450: 42 00 42 00 41 00 41 00 40 00 3f 00 3f 00 3e 00  B.B.A.A.@.?.?.>.
00006460: 3d 00 84 ff 84 ff 84 ff 84 ff 85 ff 84 ff 82 ff  =...............
00006470: 80 ff 7f ff 7d ff 7c ff 7a ff 78 ff 77 ff 75 ff  ....}.|.z.x.w.u.
00006480: 74 ff 73 ff 71 ff 70 ff 6e ff 6d ff 6c ff 6b ff  t.s.q.p.n.m.l.k.
00006490: 6a ff 69 ff 68 ff 67 ff 66 ff 65 ff 64 ff 64 ff  j.i.h.g.f.e.d.d.
000064a0: 63 ff 63 ff 62 ff 62 ff 62 ff 62 ff 62 ff 62 ff  c.c.b.b.b.b.b.b.
000064b0: 62 ff 62 ff 63 ff 63 ff 64 ff 64 ff 65 ff 66 ff  b.b.c.c.d.d.e.f.
000064c0: 67 ff 68 ff 69 ff 6a ff 6b ff 6d ff 6e ff 70 ff  g.h.i.j.k.m.n.p.
000064d0: 71 ff 73 ff 74 ff 76 ff 78 ff 7a ff 7b ff 7d ff  q.s.t.v.x.z.{.}.
000064e0: 7f ff 81 ff 83 ff 85 ff 88 ff 8a ff 8c ff 8e ff  ................
000064f0: 90 ff 93 ff 95 ff 97 ff 9a ff 9c ff 9f ff a1 ff  ................
00006500: a3 ff a6 ff a8 ff ab ff ad ff b0 ff b2 ff b5 ff  ................
00006510: b7 ff ba ff bc ff be ff c1 ff c3 ff c6 ff c8 ff  ................
00006520: ca ff cd ff cf ff d1 ff d4 ff d6 ff d8 ff da ff  ................
00006530: dc ff de ff e0 ff e2 ff e4 ff e6 ff e8 ff e9 ff  ................
00006540: eb ff ed ff ee ff f0 ff f1 ff f3 ff f4 ff f5 ff  ................
00006550: f7 ff f8 ff f9 ff fa ff fb ff fc ff fc ff fd ff  ................
00006560: fe ff ff ff 00 00 01 00 01 00 02 00 03 00 04 00  ................
00006570: 05 00 06 00 07 00 07 00 08 00 09 00 0a 00 0b 00  ................
00006580: 0c 00 0d 00 0e 00 0f 00 11 00 12 00 13 00 14 00  ................
00006590: 15 00 17 00 18 00 19 00 1a 00 1c 00 1d 00 1e 00  ................
000065a0: 20 00 21 00 22 00 24 00 25 00 26 00 28 00 29 00   .!.".$.%.&.(.).
000065b0: 2a 00 2c 00 2d 00 2f 00 30 00 31 00 33 00 34 00  *.,.-./.0.1.3.4.
000065c0: 35 00 37 00 38 00 39 00 3b 00 3c 00 3d 00 3e 00  5.7.8.9.;.<.=.>.
000065d0: 40 00 41 00 42 00 43 00 44 00 46 00 47 00 48 00  @.A.B.C.D.F.G.H.
000065e0: 49 00 4a 00 4b 00 4c 00 4d 00 4e 00 4e 00 4f 00  I.J.K.L.M.N.N.O.
000065f0: 50 00 51 00 51 00 52 00 53 00 53 00 54 00 54 00  P.Q.Q.R.S.S.T.T.
00006600: 55 00 55 00 56 00 56 00 56 00 57 00 57 00 57 00  U.U.V.V.V.W.W.W.
00006610: 57 00 57 00 58 00 58 00 58 00 58 00 58 00 58 00  W.W.X.X.X.X.X.X.
00006620: 58 00 58 00 58 00 58 00 58 00 57 00 57 00 57 00  X.X.X.X.X.W.W.W.
00006630: 57 00 57 00 56 00 56 00 56 00 56 00 55 00 55 00  W.W.V.V.V.V.U.U.
00006640: 55 00 54 00 54 00 54 00 53 00 53 00 53 00 52 00  U.T.T.T.S.S.S.R.
00006650: 52 00 52 00 51 00 51 00 50 00 50 00 4f 00 4f 00  R.R.Q.Q.P.P.O.O.
00006660: 4f 00 04 00 1e 00 54 00 72 00 80 00 92 00 c4 00  O.....T.r.......
00006670: ff 00 00 00 00 00 00 00 00 00 00 00 00 00 00 00  ................
00006680: 00 00 04 00 24 00 76 00 80 00 90 00 c8 00 ff 00  ....$.v.........
00006690: 00 00 00 00 00 00 00 00 00 00 00 00 00 00 00 00  ................
000066a0: 00 00 01 00 04 00 01 00 05 00 02 00 01 00 18 00  ................
000066b0: 00 00 01 00 b0 ff b0 ff af ff af ff af ff ae ff  ................
000066c0: ae ff ad ff ad ff ad ff ac ff ac ff ab ff ab ff  ................
000066d0: ab ff aa ff aa ff a9 ff a9 ff a9 ff a8 ff a8 ff  ................
000066e0: a8 ff a7 ff a7 ff a6 ff a6 ff a6 ff a5 ff a5 ff  ................
000066f0: a5 ff a4 ff a4 ff a4 ff a4 ff a3 ff a3 ff a3 ff  ................
00006700: a3 ff a2 ff a2 ff a2 ff a2 ff a2 ff a2 ff a2 ff  ................
00006710: a2 ff a2 ff a2 ff a3 ff a3 ff a3 ff a3 ff a4 ff  ................
00006720: a4 ff a5 ff a5 ff a6 ff a6 ff a7 ff a8 ff a9 ff  ................
00006730: a9 ff aa ff ab ff ac ff ad ff af ff b0 ff b1 ff  ................
00006740: b3 ff b4 ff b6 ff b7 ff b9 ff ba ff bc ff be ff  ................
00006750: c0 ff c1 ff c3 ff c5 ff c7 ff c9 ff cb ff cd ff  ................
00006760: ce ff d0 ff d2 ff d4 ff d6 ff d8 ff da ff dc ff  ................
00006770: de ff df ff e1 ff e3 ff e5 ff e6 ff e8 ff ea ff  ................
00006780: eb ff ed ff ee ff f0 ff f1 ff f3 ff f4 ff f5 ff  ................
00006790: f6 ff f7 ff f8 ff f9 ff fa ff fa ff fb ff fc ff  ................
000067a0: fc ff fd ff fd ff fe ff fe ff fe ff ff ff ff ff  ................
000067b0: ff ff 00 00 00 00 00 00 01 00 01 00 01 00 02 00  ................
000067c0: 02 00 03 00 03 00 04 00 04 00 05 00 05 00 06 00  ................
000067d0: 07 00 07 00 08 00 09 00 0a 00 0b 00 0b 00 0c 00  ................
000067e0: 0d 00 0f 00 10 00 11 00 12 00 13 00 14 00 16 00  ................
000067f0: 17 00 18 00 19 00 1b 00 1c 00 1d 00 1f 00 20 00  .............. .
00006800: 22 00 23 00 24 00 26 00 27 00 29 00 2a 00 2b 00  ".#.$.&.'.).*.+.
00006810: 2d 00 2e 00 2f 00 31 00 32 00 33 00 35 00 36 00  -.../.1.2.3.5.6.
00006820: 37 00 38 00 3a 00 3b 00 3c 00 3d 00 3e 00 3f 00  7.8.:.;.<.=.>.?.
00006830: 40 00 41 00 42 00 43 00 43 00 44 00 45 00 45 00  @.A.B.C.C.D.E.E.
00006840: 46 00 47 00 47 00 48 00 48 00 49 00 49 00 4a 00  F.G.G.H.H.I.I.J.
00006850: 4a 00 4a 00 4a 00 4b 00 4b 00 4b 00 4b 00 4b 00  J.J.J.K.K.K.K.K.
00006860: 4b 00 4b 00 4c 00 4c 00 4b 00 4b 00 4b 00 4b 00  K.K.L.L.K.K.K.K.
00006870: 4b 00 4b 00 4b 00 4a 00 4a 00 4a 00 49 00 49 00  K.K.K.J.J.J.I.I.
00006880: 49 00 48 00 48 00 48 00 47 00 47 00 46 00 46 00  I.H.H.H.G.G.F.F.
00006890: 45 00 44 00 44 00 43 00 43 00 42 00 41 00 41 00  E.D.D.C.C.B.A.A.
000068a0: 40 00 3f 00 3f 00 3e 00 3d 00 3c 00 3c 00 3b 00  @.?.?.>.=.<.<.;.
000068b0: 3a 00 39 00 a0 ff a0 ff a0 ff a0 ff a0 ff a0 ff  :.9.............
000068c0: 9f ff 9f ff 9f ff 9f ff 9f ff 9f ff 9f ff 9f ff  ................
000068d0: 9f ff 9f ff 9f ff 9f ff 9f ff 9f ff 9f ff 9f ff  ................
000068e0: 9f ff 9f ff 9f ff 9f ff 9f ff 9f ff a0 ff a0 ff  ................
000068f0: a0 ff a0 ff a1 ff a1 ff a1 ff a2 ff a2 ff a3 ff  ................
00006900: a3 ff a4 ff a4 ff a5 ff a5 ff a6 ff a7 ff a8 ff  ................
00006910: a8 ff a9 ff aa ff ab ff ac ff ad ff ae ff af ff  ................
00006920: b0 ff b1 ff b3 ff b4 ff b5 ff b7 ff b8 ff b9 ff  ................
00006930: bb ff bc ff be ff bf ff c1 ff c2 ff c4 ff c6 ff  ................
00006940: c7 ff c9 ff cb ff cc ff ce ff d0 ff d1 ff d3 ff  ................
00006950: d5 ff d6 ff d8 ff da ff db ff dd ff df ff e0 ff  ................
00006960: e2 ff e4 ff e5 ff e7 ff e8 ff ea ff eb ff ec ff  ................
00006970: ee ff ef ff f0 ff f2 ff f3 ff f4 ff f5 ff f6 ff  ................
00006980: f7 ff f8 ff f9 ff fa ff fb ff fb ff fc ff fd ff  ................
00006990: fd ff fe ff fe ff fe ff ff ff ff ff ff ff ff ff  ................
000069a0: ff ff ff ff 00 00 00 00 00 00 00 00 00 00 00 00  ................
000069b0: 00 00 00 00 00 00 00 00 00 00 00 00 00 00 01 00  ................
000069c0: 01 00 01 00 01 00 02 00 02 00 02 00 03 00 03 00  ................
000069d0: 04 00 04 00 05 00 06 00 06 00 07 00 08 00 09 00  ................
000069e0: 0a 00 0b 00 0c 00 0d 00 0e 00 10 00 11 00 12 00  ................
000069f0: 14 00 15 00 17 00 18 00 1a 00 1b 00 1d 00 1f 00  ................
00006a00: 20 00 22 00 24 00 25 00 27 00 29 00 2b 00 2c 00   .".$.%.'.).+.,.
00006a10: 2e 00 30 00 31 00 33 00 35 00 37 00 38 00 3a 00  ..0.1.3.5.7.8.:.
00006a20: 3c 00 3d 00 3f 00 40 00 42 00 44 00 45 00 46 00  <.=.?.@.B.D.E.F.
00006a30: 48 00 49 00 4b 00 4c 00 4d 00 4e 00 4f 00 51 00  H.I.K.L.M.N.O.Q.
00006a40: 52 00 53 00 54 00 55 00 56 00 56 00 57 00 58 00  R.S.T.U.V.V.W.X.
00006a50: 59 00 5a 00 5a 00 5b 00 5c 00 5c 00 5d 00 5e 00  Y.Z.Z.[.\.\.].^.
00006a60: 5e 00 5f 00 5f 00 60 00 60 00 61 00 61 00 61 00  ^._._.`.`.a.a.a.
00006a70: 62 00 62 00 62 00 63 00 63 00 63 00 63 00 64 00  b.b.b.c.c.c.c.d.
00006a80: 64 00 64 00 64 00 64 00 64 00 65 00 65 00 65 00  d.d.d.d.d.e.e.e.
00006a90: 65 00 65 00 65 00 65 00 65 00 65 00 65 00 65 00  e.e.e.e.e.e.e.e.
00006aa0: 65 00 65 00 65 00 65 00 65 00 65 00 65 00 65 00  e.e.e.e.e.e.e.e.
00006ab0: 65 00 65 00 00 00 18 00 42 00 70 00 80 00 90 00  e.e.....B.p.....
00006ac0: be 00 f0 00 ff 00 00 00 00 00 00 00 00 00 00 00  ................
00006ad0: 00 00 00 00 00 00 36 00 6c 00 80 00 94 00 be 00  ......6.l.......
00006ae0: ff 00 00 00 00 00 00 00 00 00 00 00 00 00 00 00  ................
00006af0: 00 00 00 00 04 00 02 00 01 00 fe ff ff ff 00 00  ................
00006b00: 08 00 ff ff ff ff 40 00 28 00 1e 00 0a 00 b4 00  ......@.(.......
00006b10: 32 00 0c 00 ce 00 01 00 00 00 00 00 0e 00 00 02  2...............
00006b20: ff 03 00 00 00 00 40 00 40 00 40 00 01 00 00 00  ......@.@.@.....
00006b30: 10 00 00 02 ff 03 00 00 00 00 44 00 44 00 44 00  ..........D.D.D.
00006b40: 01 00 00 00 10 00 00 02 ff 03 00 00 00 00 40 00  ..............@.
00006b50: 40 00 40 00 01 00 00 00 10 00 00 02 ff 03 00 00  @.@.............
00006b60: 00 00 40 00 40 00 40 00 01 00 00 00 10 00 00 02  ..@.@.@.........
00006b70: ff 03 00 00 00 00 37 00 37 00 37 00 01 00 00 00  ......7.7.7.....
00006b80: 10 00 00 02 ff 03 00 00 00 00 36 00 36 00 36 00  ..........6.6.6.
00006b90: 01 00 00 00 10 00 00 02 ff 03 00 00 00 00 36 00  ..............6.
00006ba0: 36 00 36 00 01 00 00 00 10 00 00 02 ff 03 00 00  6.6.............
00006bb0: 00 00 58 00 58 00 58 00 01 00 00 00 10 00 00 02  ..X.X.X.........
00006bc0: ff 03 00 00 00 00 58 00 58 00 58 00 01 00 00 00  ......X.X.X.....
00006bd0: 2c 01 00 02 ff 03 00 00 00 00 00 00 40 00 40 00  ,...........@.@.
00006be0: 0d 00 40 00 01 00 40 00 00 00 0c 00 10 00 20 00  ..@...@....... .
00006bf0: 0c 00 10 00 20 00 10 00 10 00 20 00 10 00 10 00  .... ..... .....
00006c00: 20 00 10 00 10 00 20 00 10 00 10 00 20 00 10 00   ..... ..... ...
00006c10: 10 00 20 00 10 00 10 00 20 00 04 00 01 00 20 00  .. ..... ..... .
00006c20: 0e 00 06 00 00 00 0f 00 0e 00 44 00 ff ff 40 00  ..........D...@.
00006c30: 00 00 01 00 10 00 5c 10 01 00 00 00 16 00 01 00  ......\.........
00006c40: 01 00 00 00 fa 00 01 00 00 00 00 00 fa 00 01 00  ................
00006c50: 00 00 01 00 b4 00 01 00 00 00 01 00 b4 00 01 00  ................
00006c60: 00 00 01 00 b4 00 01 00 00 00 01 00 b4 00 01 00  ................
00006c70: 00 00 01 00 b4 00 01 00 00 00 01 00 b4 00 01 00  ................
00006c80: 00 00 01 00 70 00 01 00 00 00 00 00 00 00 00 00  ....p...........
00006c90: 00 00 00 00 00 00 00 00 00 00 00 00 00 00 00 00  ................
00006ca0: 00 00 00 00 00 00 00 00 00 00 00 00 00 00 00 00  ................
00006cb0: 00 00 00 00 00 00 00 00 00 00 00 00 00 00 00 00  ................
00006cc0: 00 00 00 00 00 00 00 00 00 00 00 00 00 00 00 00  ................
00006cd0: 00 00 00 00 00 00 00 00 00 00 00 00 00 00 00 00  ................
00006ce0: 00 00 00 00 00 00 00 00 00 00 00 00 00 00 00 00  ................
00006cf0: 00 00 00 00 00 00 00 00 00 00 00 00 00 00 00 00  ................
00006d00: 00 00 00 00 00 00 00 00 00 00 00 00 00 00 00 00  ................
00006d10: 00 00 00 00 00 00 00 00 00 00 00 00 00 00 00 00  ................
00006d20: 00 00 00 00 00 00 00 00 00 00 00 00 00 00 00 00  ................
00006d30: 00 00 00 00 00 00 00 00 00 00 00 00 00 00 00 00  ................
00006d40: 00 00 00 00 00 00 00 00 00 00 00 00 00 00 00 00  ................
00006d50: 00 00 00 00 00 00 00 00 00 00 00 00 00 00 00 00  ................
00006d60: 00 00 00 00 00 00 00 00 00 00 00 00 00 00 00 00  ................
00006d70: 00 00 00 00 00 00 00 00 00 00 00 00 00 00 00 00  ................
00006d80: 00 00 00 00 00 00 00 00 00 00 00 00 00 00 00 00  ................
00006d90: 00 00 00 00 00 00 00 00 00 00 00 00 00 00 00 00  ................
00006da0: 00 00 00 00 00 00 00 00 00 00 00 00 00 00 00 00  ................
00006db0: 00 00 00 00 00 00 00 00 00 00 00 00 00 00 00 00  ................
00006dc0: 00 00 00 00 00 00 00 00 00 00 00 00 00 00 00 00  ................
00006dd0: 00 00 00 00 00 00 00 00 00 00 00 00 00 00 00 00  ................
00006de0: 00 00 00 00 00 00 00 00 00 00 00 00 00 00 00 00  ................
00006df0: 00 00 00 00 00 00 00 00 00 00 00 00 00 00 00 00  ................
00006e00: 00 00 00 00 00 00 00 00 00 00 00 00 00 00 00 00  ................
00006e10: 00 00 00 00 00 00 00 00 00 00 00 00 00 00 00 00  ................
00006e20: 00 00 00 00 00 00 00 00 00 00 00 00 00 00 00 00  ................
00006e30: 00 00 00 00 00 00 00 00 00 00 00 00 00 00 00 00  ................
00006e40: 00 00 00 00 00 00 00 00 00 00 00 00 00 00 00 00  ................
00006e50: 00 00 00 00 00 00 00 00 00 00 00 00 00 00 00 00  ................
00006e60: 00 00 00 00 00 00 00 00 00 00 00 00 00 00 00 00  ................
00006e70: 00 00 00 00 00 00 00 00 00 00 00 00 00 00 00 00  ................
00006e80: 00 00 00 00 00 00 00 00 00 00 00 00 00 00 00 00  ................
00006e90: 00 00 00 00 00 00 00 00 00 00 00 00 00 00 00 00  ................
00006ea0: 00 00 00 00 00 00 00 00 00 00 00 00 00 00 00 00  ................
00006eb0: 00 00 00 00 00 00 00 00 00 00 00 00 00 00 00 00  ................
00006ec0: 00 00 00 00 00 00 00 00 00 00 00 00 00 00 00 00  ................
00006ed0: 00 00 00 00 00 00 00 00 00 00 00 00 00 00 00 00  ................
00006ee0: 00 00 00 00 00 00 00 00 00 00 00 00 00 00 00 00  ................
00006ef0: 00 00 00 00 00 00 00 00 00 00 00 00 00 00 00 00  ................
00006f00: 00 00 00 00 00 00 00 00 00 00 00 00 00 00 00 00  ................
00006f10: 00 00 00 00 00 00 00 00 00 00 00 00 00 00 00 00  ................
00006f20: 00 00 00 00 00 00 00 00 00 00 00 00 00 00 00 00  ................
00006f30: 00 00 00 00 00 00 00 00 00 00 00 00 00 00 00 00  ................
00006f40: 00 00 00 00 00 00 00 00 00 00 00 00 00 00 00 00  ................
00006f50: 00 00 00 00 00 00 00 00 00 00 00 00 00 00 00 00  ................
00006f60: 00 00 00 00 00 00 00 00 00 00 00 00 00 00 00 00  ................
00006f70: 00 00 00 00 00 00 00 00 00 00 00 00 00 00 00 00  ................
00006f80: 00 00 00 00 00 00 00 00 00 00 00 00 00 00 00 00  ................
00006f90: 00 00 00 00 00 00 00 00 00 00 00 00 00 00 00 00  ................
00006fa0: 00 00 00 00 00 00 00 00 00 00 00 00 00 00 00 00  ................
00006fb0: 00 00 00 00 00 00 00 00 00 00 00 00 00 00 00 00  ................
00006fc0: 00 00 00 00 00 00 00 00 00 00 00 00 00 00 00 00  ................
00006fd0: 00 00 00 00 00 00 00 00 00 00 00 00 00 00 00 00  ................
00006fe0: 00 00 00 00 00 00 00 00 00 00 00 00 00 00 00 00  ................
00006ff0: 00 00 00 00 00 00 00 00 00 00 00 00 00 00 00 00  ................
00007000: 00 00 00 00 00 00 00 00 00 00 00 00 00 00 00 00  ................
00007010: 00 00 00 00 00 00 00 00 00 00 00 00 00 00 00 00  ................
00007020: 00 00 00 00 00 00 00 00 00 00 00 00 00 00 00 00  ................
00007030: 00 00 00 00 00 00 00 00 00 00 00 00 00 00 00 00  ................
00007040: 00 00 00 00 00 00 00 00 00 00 00 00 00 00 00 00  ................
00007050: 00 00 00 00 00 00 00 00 00 00 00 00 00 00 00 00  ................
00007060: 00 00 00 00 00 00 00 00 00 00 00 00 00 00 00 00  ................
00007070: 00 00 00 00 00 00 00 00 00 00 00 00 00 00 00 00  ................
00007080: 00 00 00 00 00 00 00 00 00 00 00 00 00 00 00 00  ................
00007090: 00 00 00 00 00 00 00 00 00 00 00 00 00 00 00 00  ................
000070a0: 00 00 00 00 00 00 00 00 00 00 00 00 00 00 00 00  ................
000070b0: 00 00 00 00 00 00 00 00 00 00 00 00 00 00 00 00  ................
000070c0: 00 00 00 00 00 00 00 00 00 00 00 00 00 00 00 00  ................
000070d0: 00 00 00 00 00 00 00 00 00 00 00 00 00 00 00 00  ................
000070e0: 00 00 00 00 00 00 00 00 00 00 00 00 00 00 00 00  ................
000070f0: 00 00 00 00 00 00 00 00 00 00 00 00 00 00 00 00  ................
00007100: 00 00 00 00 00 00 00 00 00 00 00 00 00 00 00 00  ................
00007110: 00 00 00 00 00 00 00 00 00 00 00 00 00 00 00 00  ................
00007120: 00 00 00 00 00 00 00 00 00 00 00 00 00 00 00 00  ................
00007130: 00 00 00 00 00 00 00 00 00 00 00 00 00 00 00 00  ................
00007140: 00 00 00 00 00 00 00 00 00 00 00 00 00 00 00 00  ................
00007150: 00 00 00 00 00 00 00 00 00 00 00 00 00 00 00 00  ................
00007160: 00 00 00 00 00 00 00 00 00 00 00 00 00 00 00 00  ................
00007170: 00 00 00 00 00 00 00 00 00 00 00 00 00 00 00 00  ................
00007180: 00 00 00 00 00 00 00 00 00 00 00 00 00 00 00 00  ................
00007190: 00 00 00 00 00 00 00 00 00 00 00 00 00 00 00 00  ................
000071a0: 00 00 00 00 00 00 00 00 00 00 00 00 00 00 00 00  ................
000071b0: 00 00 00 00 00 00 00 00 00 00 00 00 00 00 00 00  ................
000071c0: 00 00 00 00 00 00 00 00 00 00 00 00 00 00 00 00  ................
000071d0: 00 00 00 00 00 00 00 00 00 00 00 00 00 00 00 00  ................
000071e0: 00 00 00 00 00 00 00 00 00 00 00 00 00 00 00 00  ................
000071f0: 00 00 00 00 00 00 00 00 00 00 00 00 00 00 00 00  ................
00007200: 00 00 00 00 00 00 00 00 00 00 00 00 00 00 00 00  ................
00007210: 00 00 00 00 00 00 00 00 00 00 00 00 00 00 00 00  ................
00007220: 00 00 00 00 00 00 00 00 00 00 00 00 00 00 00 00  ................
00007230: 00 00 00 00 00 00 00 00 00 00 00 00 00 00 00 00  ................
00007240: 00 00 00 00 00 00 00 00 00 00 00 00 00 00 00 00  ................
00007250: 00 00 00 00 00 00 00 00 00 00 00 00 00 00 00 00  ................
00007260: 00 00 00 00 00 00 00 00 00 00 00 00 00 00 00 00  ................
00007270: 00 00 00 00 00 00 00 00 00 00 00 00 00 00 00 00  ................
00007280: 00 00 00 00 00 00 00 00 00 00 00 00 00 00 00 00  ................
00007290: 00 00 00 00 00 00 00 00 00 00 00 00 00 00 00 00  ................
000072a0: 00 00 00 00 00 00 00 00 00 00 00 00 00 00 00 00  ................
000072b0: 00 00 00 00 00 00 00 00 00 00 00 00 00 00 00 00  ................
000072c0: 00 00 00 00 00 00 00 00 00 00 00 00 00 00 00 00  ................
000072d0: 00 00 00 00 00 00 00 00 00 00 00 00 00 00 00 00  ................
000072e0: 00 00 00 00 00 00 00 00 00 00 00 00 00 00 00 00  ................
000072f0: 00 00 00 00 00 00 00 00 00 00 00 00 00 00 00 00  ................
00007300: 00 00 00 00 00 00 00 00 00 00 00 00 00 00 00 00  ................
00007310: 00 00 00 00 00 00 00 00 00 00 00 00 00 00 00 00  ................
00007320: 00 00 00 00 00 00 00 00 00 00 00 00 00 00 00 00  ................
00007330: 00 00 00 00 00 00 00 00 00 00 00 00 00 00 00 00  ................
00007340: 00 00 00 00 00 00 00 00 00 00 00 00 00 00 00 00  ................
00007350: 00 00 00 00 00 00 00 00 00 00 00 00 00 00 00 00  ................
00007360: 00 00 00 00 00 00 00 00 00 00 00 00 00 00 00 00  ................
00007370: 00 00 00 00 00 00 00 00 00 00 00 00 00 00 00 00  ................
00007380: 00 00 00 00 00 00 00 00 00 00 00 00 00 00 00 00  ................
00007390: 00 00 00 00 00 00 00 00 00 00 00 00 00 00 00 00  ................
000073a0: 00 00 00 00 00 00 00 00 00 00 00 00 00 00 00 00  ................
000073b0: 00 00 00 00 00 00 00 00 00 00 00 00 00 00 00 00  ................
000073c0: 00 00 00 00 00 00 00 00 00 00 00 00 00 00 00 00  ................
000073d0: 00 00 00 00 00 00 00 00 00 00 00 00 00 00 00 00  ................
000073e0: 00 00 00 00 00 00 00 00 00 00 00 00 00 00 00 00  ................
000073f0: 00 00 00 00 00 00 00 00 00 00 00 00 00 00 00 00  ................
00007400: 00 00 00 00 00 00 00 00 00 00 00 00 00 00 00 00  ................
00007410: 00 00 00 00 00 00 00 00 00 00 00 00 00 00 00 00  ................
00007420: 00 00 00 00 00 00 00 00 00 00 00 00 00 00 00 00  ................
00007430: 00 00 00 00 00 00 00 00 00 00 00 00 00 00 00 00  ................
00007440: 00 00 00 00 00 00 00 00 00 00 00 00 00 00 00 00  ................
00007450: 00 00 00 00 00 00 00 00 00 00 00 00 00 00 00 00  ................
00007460: 00 00 00 00 00 00 00 00 00 00 00 00 00 00 00 00  ................
00007470: 00 00 00 00 00 00 00 00 00 00 00 00 00 00 00 00  ................
00007480: 00 00 00 00 00 00 00 00 00 00 00 00 00 00 00 00  ................
00007490: 00 00 00 00 00 00 00 00 00 00 00 00 00 00 00 00  ................
000074a0: 00 00 00 00 00 00 00 00 00 00 00 00 00 00 00 00  ................
000074b0: 00 00 00 00 00 00 00 00 00 00 00 00 00 00 00 00  ................
000074c0: 00 00 00 00 00 00 00 00 00 00 00 00 00 00 00 00  ................
000074d0: 00 00 00 00 00 00 00 00 00 00 00 00 00 00 00 00  ................
000074e0: 00 00 00 00 00 00 00 00 00 00 00 00 00 00 00 00  ................
000074f0: 00 00 00 00 00 00 00 00 00 00 00 00 00 00 00 00  ................
00007500: 00 00 00 00 00 00 00 00 00 00 00 00 00 00 00 00  ................
00007510: 00 00 00 00 00 00 00 00 00 00 00 00 00 00 00 00  ................
00007520: 00 00 00 00 00 00 00 00 00 00 00 00 00 00 00 00  ................
00007530: 00 00 00 00 00 00 00 00 00 00 00 00 00 00 00 00  ................
00007540: 00 00 00 00 00 00 00 00 00 00 00 00 00 00 00 00  ................
00007550: 00 00 00 00 00 00 00 00 00 00 00 00 00 00 00 00  ................
00007560: 00 00 00 00 00 00 00 00 00 00 00 00 00 00 00 00  ................
00007570: 00 00 00 00 00 00 00 00 00 00 00 00 00 00 00 00  ................
00007580: 00 00 00 00 00 00 00 00 00 00 00 00 00 00 00 00  ................
00007590: 00 00 00 00 00 00 00 00 00 00 00 00 00 00 00 00  ................
000075a0: 00 00 00 00 00 00 00 00 00 00 00 00 00 00 00 00  ................
000075b0: 00 00 00 00 00 00 00 00 00 00 00 00 00 00 00 00  ................
000075c0: 00 00 00 00 00 00 00 00 00 00 00 00 00 00 00 00  ................
000075d0: 00 00 00 00 00 00 00 00 00 00 00 00 00 00 00 00  ................
000075e0: 00 00 00 00 00 00 00 00 00 00 00 00 00 00 00 00  ................
000075f0: 00 00 00 00 00 00 00 00 00 00 00 00 00 00 00 00  ................
00007600: 00 00 00 00 00 00 00 00 00 00 00 00 00 00 00 00  ................
00007610: 00 00 00 00 00 00 00 00 00 00 00 00 00 00 00 00  ................
00007620: 00 00 00 00 00 00 00 00 00 00 00 00 00 00 00 00  ................
00007630: 00 00 00 00 00 00 00 00 00 00 00 00 00 00 00 00  ................
00007640: 00 00 00 00 00 00 00 00 00 00 00 00 00 00 00 00  ................
00007650: 00 00 00 00 00 00 00 00 00 00 00 00 00 00 00 00  ................
00007660: 00 00 00 00 00 00 00 00 00 00 00 00 00 00 00 00  ................
00007670: 00 00 00 00 00 00 00 00 00 00 00 00 00 00 00 00  ................
00007680: 00 00 00 00 00 00 00 00 00 00 00 00 00 00 00 00  ................
00007690: 00 00 00 00 00 00 00 00 00 00 00 00 00 00 00 00  ................
000076a0: 00 00 00 00 00 00 00 00 00 00 00 00 00 00 00 00  ................
000076b0: 00 00 00 00 00 00 00 00 00 00 00 00 00 00 00 00  ................
000076c0: 00 00 00 00 00 00 00 00 00 00 00 00 00 00 00 00  ................
000076d0: 00 00 00 00 00 00 00 00 00 00 00 00 00 00 00 00  ................
000076e0: 00 00 00 00 00 00 00 00 00 00 00 00 00 00 00 00  ................
000076f0: 00 00 00 00 00 00 00 00 00 00 00 00 00 00 00 00  ................
00007700: 00 00 00 00 00 00 00 00 00 00 00 00 00 00 00 00  ................
00007710: 00 00 00 00 00 00 00 00 00 00 00 00 00 00 00 00  ................
00007720: 00 00 00 00 00 00 00 00 00 00 00 00 00 00 00 00  ................
00007730: 00 00 00 00 00 00 00 00 00 00 00 00 00 00 00 00  ................
00007740: 00 00 00 00 00 00 00 00 00 00 00 00 00 00 00 00  ................
00007750: 00 00 00 00 00 00 00 00 00 00 00 00 00 00 00 00  ................
00007760: 00 00 00 00 00 00 00 00 00 00 00 00 00 00 00 00  ................
00007770: 00 00 00 00 00 00 00 00 00 00 00 00 00 00 00 00  ................
00007780: 00 00 00 00 00 00 00 00 00 00 00 00 00 00 00 00  ................
00007790: 00 00 00 00 00 00 00 00 00 00 00 00 00 00 00 00  ................
000077a0: 00 00 00 00 00 00 00 00 00 00 00 00 00 00 00 00  ................
000077b0: 00 00 00 00 00 00 00 00 00 00 00 00 00 00 00 00  ................
000077c0: 00 00 00 00 00 00 00 00 00 00 00 00 00 00 00 00  ................
000077d0: 00 00 00 00 00 00 00 00 00 00 00 00 00 00 00 00  ................
000077e0: 00 00 00 00 00 00 00 00 00 00 00 00 00 00 00 00  ................
000077f0: 00 00 00 00 00 00 00 00 00 00 00 00 00 00 00 00  ................
00007800: 00 00 00 00 00 00 00 00 00 00 00 00 00 00 00 00  ................
00007810: 00 00 00 00 00 00 00 00 00 00 00 00 00 00 00 00  ................
00007820: 00 00 00 00 00 00 00 00 00 00 00 00 00 00 00 00  ................
00007830: 00 00 00 00 00 00 00 00 00 00 00 00 00 00 00 00  ................
00007840: 00 00 00 00 00 00 00 00 00 00 00 00 00 00 00 00  ................
00007850: 00 00 00 00 00 00 00 00 00 00 00 00 00 00 00 00  ................
00007860: 00 00 00 00 00 00 00 00 00 00 00 00 00 00 00 00  ................
00007870: 00 00 00 00 00 00 00 00 00 00 00 00 00 00 00 00  ................
00007880: 00 00 00 00 00 00 00 00 00 00 00 00 00 00 00 00  ................
00007890: 00 00 00 00 00 00 00 00 00 00 00 00 00 00 00 00  ................
000078a0: 00 00 00 00 00 00 00 00 00 00 00 00 00 00 00 00  ................
000078b0: 00 00 00 00 00 00 00 00 00 00 00 00 00 00 00 00  ................
000078c0: 00 00 00 00 00 00 00 00 00 00 00 00 00 00 00 00  ................
000078d0: 00 00 00 00 00 00 00 00 00 00 00 00 00 00 00 00  ................
000078e0: 00 00 00 00 00 00 00 00 00 00 00 00 00 00 00 00  ................
000078f0: 00 00 00 00 00 00 00 00 00 00 00 00 00 00 00 00  ................
00007900: 00 00 00 00 00 00 00 00 00 00 00 00 00 00 00 00  ................
00007910: 00 00 00 00 00 00 00 00 00 00 00 00 00 00 00 00  ................
00007920: 00 00 00 00 00 00 00 00 00 00 00 00 00 00 00 00  ................
00007930: 00 00 00 00 00 00 00 00 00 00 00 00 00 00 00 00  ................
00007940: 00 00 00 00 00 00 00 00 00 00 00 00 00 00 00 00  ................
00007950: 00 00 00 00 00 00 00 00 00 00 00 00 00 00 00 00  ................
00007960: 00 00 00 00 00 00 00 00 00 00 00 00 00 00 00 00  ................
00007970: 00 00 00 00 00 00 00 00 00 00 00 00 00 00 00 00  ................
00007980: 00 00 00 00 00 00 00 00 00 00 00 00 00 00 00 00  ................
00007990: 00 00 00 00 00 00 00 00 00 00 00 00 00 00 00 00  ................
000079a0: 00 00 00 00 00 00 00 00 00 00 00 00 00 00 00 00  ................
000079b0: 00 00 00 00 00 00 00 00 00 00 00 00 00 00 00 00  ................
000079c0: 00 00 00 00 00 00 00 00 00 00 00 00 00 00 00 00  ................
000079d0: 00 00 00 00 00 00 00 00 00 00 00 00 00 00 00 00  ................
000079e0: 00 00 00 00 00 00 00 00 00 00 00 00 00 00 00 00  ................
000079f0: 00 00 00 00 00 00 00 00 00 00 00 00 00 00 00 00  ................
00007a00: 00 00 00 00 00 00 00 00 00 00 00 00 00 00 00 00  ................
00007a10: 00 00 00 00 00 00 00 00 00 00 00 00 00 00 00 00  ................
00007a20: 00 00 00 00 00 00 00 00 00 00 00 00 00 00 00 00  ................
00007a30: 00 00 00 00 00 00 00 00 00 00 00 00 00 00 00 00  ................
00007a40: 00 00 00 00 00 00 00 00 00 00 00 00 00 00 00 00  ................
00007a50: 00 00 00 00 00 00 00 00 00 00 00 00 00 00 00 00  ................
00007a60: 00 00 00 00 00 00 00 00 00 00 00 00 00 00 00 00  ................
00007a70: 00 00 00 00 00 00 00 00 00 00 00 00 00 00 00 00  ................
00007a80: 00 00 00 00 00 00 00 00 00 00 00 00 00 00 00 00  ................
00007a90: 00 00 00 00 00 00 00 00 00 00 00 00 00 00 00 00  ................
00007aa0: 00 00 00 00 00 00 00 00 00 00 00 00 00 00 00 00  ................
00007ab0: 00 00 00 00 00 00 00 00 00 00 00 00 00 00 00 00  ................
00007ac0: 00 00 00 00 00 00 00 00 00 00 00 00 00 00 00 00  ................
00007ad0: 00 00 00 00 00 00 00 00 00 00 00 00 00 00 00 00  ................
00007ae0: 00 00 00 00 00 00 00 00 00 00 00 00 00 00 00 00  ................
00007af0: 00 00 00 00 00 00 00 00 00 00 00 00 00 00 00 00  ................
00007b00: 00 00 00 00 00 00 00 00 00 00 00 00 00 00 00 00  ................
00007b10: 00 00 00 00 00 00 00 00 00 00 00 00 00 00 00 00  ................
00007b20: 00 00 00 00 00 00 00 00 00 00 00 00 00 00 00 00  ................
00007b30: 00 00 00 00 00 00 00 00 00 00 00 00 00 00 00 00  ................
00007b40: 00 00 00 00 00 00 00 00 00 00 00 00 00 00 00 00  ................
00007b50: 00 00 00 00 00 00 00 00 00 00 00 00 00 00 00 00  ................
00007b60: 00 00 00 00 00 00 00 00 00 00 00 00 00 00 00 00  ................
00007b70: 00 00 00 00 00 00 00 00 00 00 00 00 00 00 00 00  ................
00007b80: 00 00 00 00 00 00 00 00 00 00 00 00 00 00 00 00  ................
00007b90: 00 00 00 00 00 00 00 00 00 00 00 00 00 00 00 00  ................
00007ba0: 00 00 00 00 00 00 00 00 00 00 00 00 00 00 00 00  ................
00007bb0: 00 00 00 00 00 00 00 00 00 00 00 00 00 00 00 00  ................
00007bc0: 00 00 00 00 00 00 00 00 00 00 00 00 00 00 00 00  ................
00007bd0: 00 00 00 00 00 00 00 00 00 00 00 00 00 00 00 00  ................
00007be0: 00 00 00 00 00 00 00 00 00 00 00 00 00 00 00 00  ................
00007bf0: 00 00 00 00 00 00 00 00 00 00 00 00 00 00 00 00  ................
00007c00: 00 00 00 00 00 00 00 00 00 00 00 00 00 00 00 00  ................
00007c10: 00 00 00 00 00 00 00 00 00 00 00 00 00 00 00 00  ................
00007c20: 00 00 00 00 00 00 00 00 00 00 00 00 00 00 00 00  ................
00007c30: 00 00 00 00 00 00 00 00 00 00 00 00 00 00 00 00  ................
00007c40: 00 00 00 00 00 00 00 00 00 00 00 00 00 00 00 00  ................
00007c50: 00 00 00 00 00 00 00 00 00 00 00 00 00 00 00 00  ................
00007c60: 00 00 00 00 00 00 00 00 00 00 00 00 00 00 00 00  ................
00007c70: 00 00 00 00 00 00 00 00 00 00 00 00 00 00 00 00  ................
00007c80: 00 00 00 00 00 00 00 00 00 00 00 00 00 00 00 00  ................
00007c90: 11 00 04 01 06 00 06 00 06 00 06 00 06 00 06 00  ................
00007ca0: 06 00 06 00 06 00 06 00 06 00 06 00 06 00 06 00  ................
00007cb0: 06 00 06 00 06 00 09 00 09 00 09 00 09 00 09 00  ................
00007cc0: 09 00 09 00 09 00 09 00 09 00 09 00 09 00 09 00  ................
00007cd0: 09 00 06 00 06 00 09 00 0c 00 0c 00 0c 00 0c 00  ................
00007ce0: 0c 00 0c 00 0c 00 0c 00 0c 00 0c 00 0c 00 0c 00  ................
00007cf0: 09 00 06 00 06 00 09 00 0c 00 0f 00 0f 00 0f 00  ................
00007d00: 0f 00 0f 00 0f 00 0f 00 0f 00 0f 00 0f 00 0c 00  ................
00007d10: 09 00 06 00 06 00 09 00 0c 00 0f 00 0f 00 0f 00  ................
00007d20: 0f 00 0f 00 0f 00 0f 00 0f 00 0f 00 0f 00 0c 00  ................
00007d30: 09 00 06 00 06 00 09 00 0c 00 0f 00 0c 00 0c 00  ................
00007d40: 0c 00 0c 00 0c 00 0c 00 0c 00 0c 00 0c 00 0c 00  ................
00007d50: 09 00 06 00 06 00 09 00 09 00 09 00 09 00 09 00  ................
00007d60: 09 00 09 00 09 00 09 00 09 00 09 00 09 00 09 00  ................
00007d70: 09 00 06 00 06 00 06 00 06 00 06 00 06 00 06 00  ................
00007d80: 06 00 06 00 06 00 06 00 06 00 06 00 06 00 06 00  ................
00007d90: 06 00 06 00 12 00 2e 00 00 00 ff 04 00 00 cf 02  ................
00007da0: 00 00 00 00 00 00 00 00 00 00 00 00 00 00 00 00  ................
00007db0: 00 00 00 00 00 00 00 00 00 00 00 00 00 00 00 00  ................
00007dc0: 40 00 13 00 10 02 01 00 b6 01 00 01 8a 01 fe ff  @...............
00007dd0: 00 00 00 00 0f 00 08 00 05 00 04 00 03 00 02 00  ................
00007de0: 02 00 01 00 01 00 01 00 01 00 01 00 01 00 01 00  ................
00007df0: 01 00 01 00 05 00 c8 00 00 00 2a 00 4c 00 4f 00  ..........*.L.O.
00007e00: 5b 00 62 00 3e 00 48 00 5f 00 5c 00 2b 00 67 00  [.b.>.H._.\.+.g.
00007e10: 6c 00 41 00 44 00 45 00 54 00 4d 00 4a 00 46 00  l.A.D.E.T.M.J.F.
00007e20: 5e 00 49 00 72 00 92 00 94 00 a2 00 56 00 68 00  ^.I.r.......V.h.
00007e30: 8a 00 93 00 34 00 ab 00 93 00 6d 00 54 00 51 00  ....4.....m.T.Q.
00007e40: 7b 00 6d 00 62 00 54 00 65 00 66 00 43 00 27 00  {.m.b.T.e.f.C.'.
00007e50: 23 00 1e 00 49 00 37 00 28 00 26 00 07 00 db 00  #...I.7.(.&.....
00007e60: 69 00 47 00 34 00 2b 00 75 00 55 00 3b 00 34 00  i.G.4.+.u.U.;.4.
00007e70: 0b 00 0a 00 30 75 02 00 00 00 01 00 02 00 03 00  ....0u..........
00007e80: 03 00 00 00 01 00 02 00 03 00 03 00 00 00 01 00  ................
00007e90: 00 00 00 04 00 00 00 01 00 00 00 04 00 00 00 01  ................
00007ea0: 00 00 00 04 00 00 00 01 00 00 00 01 00 00 00 01  ................
00007eb0: 00 00 00 04 00 00 00 01 00 00 00 04 00 00 00 01  ................
00007ec0: 00 00 00 04 00 00 00 01 00 00 08 01 00 00 00 01  ................
00007ed0: 00 00 00 04 00 00 00 01 00 00 00 04 00 00 00 01  ................
00007ee0: 00 00 00 04 00 00 00 01 00 00 00 01 00 00 08 01  ................
00007ef0: 00 00 00 04 00 00 00 01 00 00 00 04 00 00 00 01  ................
00007f00: 00 00 00 04 00 00 00 01 00 00 00 01 00 00 00 01  ................
00007f10: 00 00 00 04 00 00 00 01 00 00 00 04 00 00 00 01  ................
00007f20: 00 00 00 04 00 00 00 01 00 00 00 01 00 00 00 01  ................
00007f30: 00 00 00 04 00 00 00 01 00 00 00 04 00 00 00 01  ................
00007f40: 00 00 00 04 00 00 00 01 00 00 fc 00 00 00 00 01  ................
00007f50: 00 00 00 04 00 00 00 01 00 00 00 04 00 00 00 01  ................
00007f60: 00 00 00 04 00 00 00 01 00 00 00 01 00 00 00 01  ................
00007f70: 00 00 00 04 00 00 00 01 00 00 00 04 00 00 00 01  ................
00007f80: 00 00 00 04 00 00 00 01 00 00 00 01 00 00 00 01  ................
00007f90: 00 00 00 04 00 00 00 01 00 00 00 04 00 00 00 01  ................
00007fa0: 00 00 00 04 00 00 00 01 00 00 00 01 00 00 00 01  ................
00007fb0: 00 00 00 04 00 00 00 01 00 00 00 04 00 00 00 01  ................
00007fc0: 00 00 00 04 00 00 00 01 00 00 00 01 00 00 00 01  ................
00007fd0: 00 00 14 00 f0 00 01 00 00 00 00 00 01 00 19 00  ................
00007fe0: 00 00 e4 03 00 00 0c 00 00 00 0a 00 00 00 b4 0b  ................
00007ff0: 00 00 04 00 00 00 e4 03 00 00 01 00 00 00 00 01  ................
00008000: 00 00 00 01 00 00 00 01 00 00 00 02 00 00 00 1e  ................
00008010: 00 00 00 01 00 00 01 00 00 00 03 00 00 00 2d 00  ..............-.
00008020: 00 00 00 00 00 00 01 00 00 00 01 00 00 00 02 00  ................
00008030: 00 00 02 00 00 00 04 00 00 00 04 00 00 00 08 00  ................
00008040: 00 00 08 00 00 00 10 00 00 00 10 00 00 00 20 00  .............. .
00008050: 00 00 20 00 00 00 40 00 00 00 40 00 00 00 00 02  .. ...@...@.....
00008060: 00 00 00 02 00 00 00 04 00 00 00 00 00 00 00 00  ................
00008070: 00 00 02 00 00 00 03 00 00 00 03 00 00 00 02 00  ................
00008080: 00 00 02 00 00 00 02 00 00 00 02 00 00 00 02 00  ................
00008090: 00 00 02 00 00 00 03 00 00 00 03 00 00 00 04 00  ................
000080a0: 00 00 05 00 00 00 06 00 00 00 07 00 00 00 07 00  ................
000080b0: 00 00 00 00 00 00 08 00 00 00 0a 00 00 00 05 00  ................
000080c0: 00 00 15 00 1e 00 00 00 00 00 00 00 00 00 05 00  ................
000080d0: 01 00 00 00 20 1c 86 0b 00 00 0a 00 00 00 00 00  .... ...........
000080e0: 16 00 32 01 00 00 08 00 10 00 18 00 20 00 28 00  ..2......... .(.
000080f0: 30 00 38 00 40 00 48 00 50 00 58 00 60 00 68 00  0.8.@.H.P.X.`.h.
00008100: 70 00 78 00 80 00 88 00 90 00 98 00 a0 00 a8 00  p.x.............
00008110: b0 00 b8 00 c0 00 c8 00 d0 00 d8 00 e0 00 e8 00  ................
00008120: f0 00 f8 00 00 01 08 01 10 01 18 01 20 01 28 01  ............ .(.
00008130: 30 01 38 01 40 01 48 01 50 01 58 01 60 01 68 01  0.8.@.H.P.X.`.h.
00008140: 70 01 78 01 80 01 88 01 90 01 98 01 a0 01 a8 01  p.x.............
00008150: b0 01 b8 01 c0 01 c8 01 d0 01 d8 01 e0 01 e8 01  ................
00008160: f0 01 f8 01 00 02 08 02 10 02 18 02 20 02 28 02  ............ .(.
00008170: 30 02 38 02 40 02 48 02 50 02 58 02 60 02 68 02  0.8.@.H.P.X.`.h.
00008180: 70 02 78 02 80 02 88 02 90 02 98 02 a0 02 a8 02  p.x.............
00008190: b0 02 b8 02 c0 02 c8 02 d0 02 d8 02 e0 02 e8 02  ................
000081a0: f0 02 f8 02 00 03 08 03 10 03 18 03 20 03 28 03  ............ .(.
000081b0: 30 03 38 03 40 03 48 03 50 03 58 03 60 03 68 03  0.8.@.H.P.X.`.h.
000081c0: 70 03 78 03 80 03 88 03 90 03 98 03 a0 03 a8 03  p.x.............
000081d0: b0 03 b8 03 c0 03 c8 03 d0 03 d8 03 e0 03 e8 03  ................
000081e0: f0 03 f8 03 ff 03 00 00 10 00 20 00 30 00 40 00  .......... .0.@.
000081f0: 50 00 60 00 70 00 00 00 00 00 00 00 00 00 00 00  P.`.p...........
00008200: 00 00 00 00 00 00 00 00 00 00 00 00 00 00 00 00  ................
00008210: 00 00 17 00 e4 03 00 00 00 00 00 00 00 00 00 00  ................
00008220: 00 00 00 00 00 00 00 00 00 00 00 00 00 00 00 00  ................
00008230: 00 00 00 00 00 00 00 00 00 00 00 00 00 00 00 00  ................
00008240: 00 00 00 00 00 00 00 00 00 00 00 00 00 00 00 00  ................
00008250: 00 00 00 00 00 00 00 00 00 00 00 00 00 00 00 00  ................
00008260: 00 00 00 00 00 00 00 00 00 00 00 00 00 00 00 00  ................
00008270: 00 00 00 00 00 00 00 00 00 00 00 00 00 00 00 00  ................
00008280: 00 00 00 00 00 00 00 00 00 00 00 00 00 00 00 00  ................
00008290: 00 00 00 00 00 00 00 00 00 00 00 00 00 00 00 00  ................
000082a0: 00 00 00 00 00 00 00 00 00 00 00 00 00 00 00 00  ................
000082b0: 00 00 00 00 00 00 00 00 00 00 00 00 00 00 00 00  ................
000082c0: 00 00 00 00 00 00 00 00 00 00 00 00 00 00 00 00  ................
000082d0: 00 00 00 00 00 00 00 00 00 00 00 00 00 00 00 00  ................
000082e0: 00 00 00 00 00 00 00 00 00 00 00 00 00 00 00 00  ................
000082f0: 00 00 00 00 00 00 00 00 00 00 00 00 00 00 00 00  ................
00008300: 00 00 00 00 00 00 00 00 00 00 00 00 00 00 00 00  ................
00008310: 00 00 00 00 00 00 00 00 00 00 00 00 00 00 00 00  ................
00008320: 00 00 00 00 00 00 00 00 00 00 00 00 00 00 00 00  ................
00008330: 00 00 00 00 00 00 00 00 00 00 00 00 00 00 00 00  ................
00008340: 00 00 00 00 00 00 00 00 00 00 00 00 00 00 00 00  ................
00008350: 00 00 00 00 00 00 00 00 00 00 00 00 00 00 00 00  ................
00008360: 00 00 00 00 00 00 00 00 00 00 00 00 00 00 00 00  ................
00008370: 00 00 00 00 00 00 00 00 00 00 00 00 00 00 00 00  ................
00008380: 00 00 00 00 00 00 00 00 00 00 00 00 00 00 00 00  ................
00008390: 00 00 00 00 00 00 00 00 00 00 00 00 00 00 00 00  ................
000083a0: 00 00 00 00 00 00 00 00 00 00 00 00 00 00 00 00  ................
000083b0: 00 00 00 00 00 00 00 00 00 00 00 00 00 00 00 00  ................
000083c0: 00 00 00 00 00 00 00 00 00 00 00 00 00 00 00 00  ................
000083d0: 00 00 00 00 00 00 00 00 00 00 00 00 00 00 00 00  ................
000083e0: 00 00 00 00 00 00 00 00 00 00 00 00 00 00 00 00  ................
000083f0: 00 00 00 00 00 00 00 00 00 00 00 00 00 00 00 00  ................
00008400: 00 00 00 00 00 00 00 00 00 00 00 00 00 00 00 00  ................
00008410: 00 00 00 00 00 00 00 00 00 00 00 00 00 00 00 00  ................
00008420: 00 00 00 00 00 00 00 00 00 00 00 00 00 00 00 00  ................
00008430: 00 00 00 00 00 00 00 00 00 00 00 00 00 00 00 00  ................
00008440: 00 00 00 00 00 00 00 00 00 00 00 00 00 00 00 00  ................
00008450: 00 00 00 00 00 00 00 00 00 00 00 00 00 00 00 00  ................
00008460: 00 00 00 00 00 00 00 00 00 00 00 00 00 00 00 00  ................
00008470: 00 00 00 00 00 00 00 00 00 00 00 00 00 00 00 00  ................
00008480: 00 00 00 00 00 00 00 00 00 00 00 00 00 00 00 00  ................
00008490: 00 00 00 00 00 00 00 00 00 00 00 00 00 00 00 00  ................
000084a0: 00 00 00 00 00 00 00 00 00 00 00 00 00 00 00 00  ................
000084b0: 00 00 00 00 00 00 00 00 00 00 00 00 00 00 00 00  ................
000084c0: 00 00 00 00 00 00 00 00 00 00 00 00 00 00 00 00  ................
000084d0: 00 00 00 00 00 00 00 00 00 00 00 00 00 00 00 00  ................
000084e0: 00 00 00 00 00 00 00 00 00 00 00 00 00 00 00 00  ................
000084f0: 00 00 00 00 00 00 00 00 00 00 00 00 00 00 00 00  ................
00008500: 00 00 00 00 00 00 00 00 00 00 00 00 00 00 00 00  ................
00008510: 00 00 00 00 00 00 00 00 00 00 00 00 00 00 00 00  ................
00008520: 00 00 00 00 00 00 00 00 00 00 00 00 00 00 00 00  ................
00008530: 00 00 00 00 00 00 00 00 00 00 00 00 00 00 00 00  ................
00008540: 00 00 00 00 00 00 00 00 00 00 00 00 00 00 00 00  ................
00008550: 00 00 00 00 00 00 00 00 00 00 00 00 00 00 00 00  ................
00008560: 00 00 00 00 00 00 00 00 00 00 00 00 00 00 00 00  ................
00008570: 00 00 00 00 00 00 00 00 00 00 00 00 00 00 00 00  ................
00008580: 00 00 00 00 00 00 00 00 00 00 00 00 00 00 00 00  ................
00008590: 00 00 00 00 00 00 00 00 00 00 00 00 00 00 00 00  ................
000085a0: 00 00 00 00 00 00 00 00 00 00 00 00 00 00 00 00  ................
000085b0: 00 00 00 00 00 00 00 00 00 00 00 00 00 00 00 00  ................
000085c0: 00 00 00 00 00 00 00 00 00 00 00 00 00 00 00 00  ................
000085d0: 00 00 00 00 00 00 00 00 00 00 00 00 00 00 00 00  ................
000085e0: 00 00 00 00 00 00 00 00 00 00 00 00 00 00 00 00  ................
000085f0: 00 00 00 00 00 00 1c 00 10 02 03 01 01 00 00 01  ................
00008600: 00 00 21 36 28 00 22 36 02 00 33 36 b5 00 34 36  ..!6(."6..36..46
00008610: a4 00 35 36 a0 00 05 33 00 00 06 33 60 00 38 36  ..56...3...3`.86
00008620: b8 00 39 36 0c 00 3a 36 1f 00 3b 36 09 00 3c 36  ..96..:6..;6..<6
00008630: 05 00 08 3e 7f 00 09 3e 1f 00 b5 33 10 00 00 45  ...>...>...3...E
00008640: 59 00 11 32 08 00 5c 33 57 00 3a 33 aa 00 08 3d  Y..2..\3W.:3...=
00008650: 00 00 21 36 28 00 0b 33 d6 00 03 33 28 00 09 33  ..!6(..3...3(..3
00008660: 28 00 3a 33 0a 00 33 36 33 00 34 36 42 00 22 36  (.:3..363.46B."6
00008670: 06 00 37 36 0f 00 08 39 11 00 7f 33 03 00 68 33  ..76...9...3..h3
00008680: 03 00 69 33 00 00 6a 33 00 00 6b 33 00 00 67 33  ..i3..j3..k3..g3
00008690: 08 00 0e 33 30 00 66 33 7c 00 08 3e 03 00 09 3e  ...30.f3|..>...>
000086a0: 10 00 38 36 38 00 36 36 25 00 25 36 01 00 0c 32  ..868.66%.%6...2
000086b0: 08 00 0d 32 70 00 1e 39 00 00 0b 33 b8 00 34 30  ...2p..9...3..40
000086c0: 05 00 01 33 0f 00 06 33 78 00 38 36 28 00 0a 33  ...3...3x.86(..3
000086d0: 01 00 0b 33 80 00 33 36 22 00 34 36 21 00 30 36  ...3..36".46!.06
000086e0: c8 00 31 36 86 00 01 3e 3e 00 64 33 05 00 30 36  ..16...>>.d3..06
000086f0: d8 00 3c 36 06 00 37 36 0e 00 0b 33 90 00 38 36  ..<6..76...3..86
00008700: 2f 00 06 33 b8 00 0b 33 a8 00 09 33 38 00 1f 33  /..3...3...38..3
00008710: 1d 00 21 33 1f 00 5e 33 01 00 5f 33 03 00 7c 33  ..!3..^3.._3..|3
00008720: 04 00 7d 33 06 00 a0 33 05 00 01 33 05 00 02 33  ..}3...3...3...3
00008730: ff 00 33 36 2f 00 06 33 58 00 0b 33 6c 00 30 36  ..36/..3X..3l.06
00008740: a8 00 22 36 02 00 38 36 0f 00 06 33 68 00 6e 36  .."6..86...3h.n6
00008750: 08 00 6f 36 2f 00 23 3e 07 00 24 3e 10 00 1d 33  ..o6/.#>..$>...3
00008760: 0a 00 3b 33 00 00 57 33 5a 00 09 33 a8 00 1f 33  ..;3..W3Z..3...3
00008770: 8d 00 21 33 8f 00 31 36 84 00 38 30 ff 00 13 32  ..!3..16..80...2
00008780: 00 00 1b 39 4d 00 70 36 08 00 7e 36 07 00 7f 36  ...9M.p6..~6...6
00008790: 0f 00 77 36 2f 00 78 36 23 00 79 36 23 00 7f 33  ..w6/.x6#.y6#..3
000087a0: 03 00 68 33 02 00 69 33 00 00 6a 33 00 00 6b 33  ..h3..i3..j3..k3
000087b0: 00 00 67 33 08 00 0e 33 30 00 08 3e 7f 00 09 3e  ..g3...30..>...>
000087c0: 1f 00 00 50 00 00 08 39 38 00 3a 30 be 00 35 30  ...P...98.:0..50
000087d0: ba 00 13 32 02 00 03 3e 03 00 40 36 03 00 02 38  ...2...>..@6...8
000087e0: 01 00 35 32 03 00 36 32 e6 00 00 3f 07 00 04 3f  ..52..62...?...?
000087f0: 08 00 05 3f 4c 00 80 57 ff 00 22 36 06 00 30 36  ...?L..W.."6..06
00008800: 28 00 13 33 05 00 00 01 01 00 03 00 00 00 33 2e  (..3..........3.
00008810: 30 30 33 2d 68 6f 6e 67 73 68 69 00 00 00 35 12  003-hongshi...5.
00008820: 00 00 e2 07 01 02 10 26 2c 01 00 00 00 00 22 87  .......&,.....".
00008830: 00 00 00 00 00 00 00 00 00 00 00 00 00 00 00 00  ................
00008840: 00 00 00 00 00 00 00 00 00 00 00 00 00 00 00 00  ................
00008850: 00 00 00 00 00 00 00 00 00 00 00 00 00 00 00 00  ................
00008860: 00 00 00 00 00 00 00 00 00 00 00 00 00 00 00 00  ................
00008870: 00 00 00 00 00 00 00 00 00 00 00 00 00 00 00 00  ................
00008880: 00 00 00 00 00 00 00 00 00 00 37 2e 32 30 20 66  ..........7.20 f
00008890: 69 72 73 74 20 76 65 72 73 69 6f 6e 00 00 00 00  irst version....
000088a0: 00 00 00 00 00 00 00 00 00 00 00 00 00 00 00 00  ................
000088b0: 00 00 00 00 00 00 00 00 00 00 00 00 00 00 00 00  ................
000088c0: 00 00 00 00 00 00 00 00 00 00 00 00 00 00 00 00  ................
000088d0: 00 00 00 00 00 00 00 00 00 00 00 00 00 00 00 00  ................
000088e0: 00 00 00 00 00 00 00 00 00 00 00 00 00 00 00 00  ................
000088f0: 00 00 00 00 00 00 00 00 00 00 00 00 00 00 00 00  ................
00008900: 00 00 00 00 00 00 00 00 00 00 00 00 00 00 00 00  ................
00008910: 00 00 00 00 00 00 00 00 00 00 00 00 00 00 00 00  ................
00008920: 00 00 00 00 00 00 00 00 00 00 00 00 00 00 00 00  ................
00008930: 00 00 00 00 00 00 00 00 00 00 00 00 00 00 00 00  ................
00008940: 00 00 00 00 00 00 00 00 00 00 00 00 00 00 00 00  ................
00008950: 00 00 00 00 00 00 00 00 00 00 00 00 00 00 00 00  ................
00008960: 00 00 00 00 00 00 00 00 00 00 00 00 00 00 00 00  ................
00008970: 00 00 00 00 00 00 00 00 00 00 00 00 00 00 00 00  ................
00008980: 00 00 00 00 00 00 00 00 00 00 00 00 00 00 00 00  ................
00008990: 00 00 00 00 00 00 00 00 00 00 00 00 00 00 00 00  ................
000089a0: 00 00 00 00 00 00 00 00 00 00 00 00 00 00 00 00  ................
000089b0: 00 00 00 00 00 00 00 00 00 00 00 00 00 00 00 00  ................
000089c0: 00 00 00 00 00 00 00 00 00 00 00 00 00 00 00 00  ................
000089d0: 00 00 00 00 00 00 00 00 00 00 00 00 00 00 00 00  ................
000089e0: 00 00 00 00 00 00 00 00 00 00 00 00 00 00 00 00  ................
000089f0: 00 00 00 00 00 00 00 00 00 00 00 00 00 00 00 00  ................
00008a00: 00 00 00 00 00 00 00 00 00 00 00 00 ba 00 00 00  ................
00008a10: 01 00 40 00 40 00 40 00 40 00 20 ff 20 ff 20 ff  ..@.@.@.@. . . .
00008a20: 20 ff 01 00 40 00 40 00 40 00 40 00 00 00 00 00   ...@.@.@.@.....
00008a30: 00 00 00 00 01 00 40 00 40 00 40 00 40 00 00 00  ......@.@.@.@...
00008a40: 00 00 00 00 00 00 01 00 40 00 40 00 40 00 40 00  ........@.@.@.@.
00008a50: 00 00 00 00 00 00 00 00 01 00 40 00 40 00 40 00  ..........@.@.@.
00008a60: 40 00 00 00 00 00 00 00 00 00 01 00 40 00 40 00  @...........@.@.
00008a70: 40 00 40 00 00 00 00 00 00 00 00 00 01 00 40 00  @.@...........@.
00008a80: 40 00 40 00 40 00 00 00 00 00 00 00 00 00 01 00  @.@.@...........
00008a90: 40 00 40 00 40 00 40 00 00 00 00 00 00 00 00 00  @.@.@.@.........
00008aa0: 01 00 42 00 42 00 42 00 42 00 28 00 28 00 28 00  ..B.B.B.B.(.(.(.
00008ab0: 28 00 01 00 42 00 42 00 42 00 42 00 d8 ff d8 ff  (...B.B.B.B.....
00008ac0: d8 ff d8 ff 01 00 c0 00 00 00 80 02 e0 01 0a 00  ................
00008ad0: 00 00 0f 00 0f 00 0a 00 00 00 00 00 00 00 00 00  ................
00008ae0: 00 00 00 00 ff 00 ff 00 18 01 2c 01 00 00 00 00  ..........,.....
00008af0: 00 00 00 00 00 00 00 00 00 00 0f 00 0f 00 0a 00  ................
00008b00: 00 00 00 00 00 00 00 00 00 00 00 00 ff 00 ff 00  ................
00008b10: 18 01 2c 01 00 00 00 00 00 00 00 00 00 00 00 00  ..,.............
00008b20: 00 00 0f 00 0f 00 0a 00 00 00 00 00 00 00 00 00  ................
00008b30: 00 00 00 00 ff 00 ff 00 18 01 2c 01 00 00 00 00  ..........,.....
00008b40: 00 00 00 00 00 00 00 00 00 00 0f 00 0f 00 0a 00  ................
00008b50: 00 00 00 00 00 00 00 00 00 00 00 00 ff 00 ff 00  ................
00008b60: 18 01 2c 01 00 00 00 00 00 00 00 00 00 00 00 00  ..,.............
00008b70: 00 00 64 00 ce 00 33 01 71 02 71 02 71 02 71 02  ..d...3.q.q.q.q.
00008b80: 71 02 71 02 02 00 6c 03 00 00 08 00 10 00 18 00  q.q...l.........
00008b90: 20 00 28 00 30 00 38 00 40 00 48 00 50 00 58 00   .(.0.8.@.H.P.X.
00008ba0: 60 00 68 00 70 00 78 00 80 00 88 00 90 00 98 00  `.h.p.x.........
00008bb0: a0 00 a8 00 b0 00 b8 00 c0 00 c8 00 d0 00 d8 00  ................
00008bc0: e0 00 e8 00 f0 00 f8 00 00 01 08 01 10 01 18 01  ................
00008bd0: 20 01 28 01 30 01 38 01 40 01 48 01 50 01 58 01   .(.0.8.@.H.P.X.
00008be0: 60 01 68 01 70 01 78 01 80 01 88 01 90 01 98 01  `.h.p.x.........
00008bf0: a0 01 a8 01 b0 01 b8 01 c0 01 c8 01 d0 01 d8 01  ................
00008c00: e0 01 e8 01 f0 01 f8 01 00 02 08 02 10 02 18 02  ................
00008c10: 20 02 28 02 30 02 38 02 40 02 48 02 50 02 58 02   .(.0.8.@.H.P.X.
00008c20: 60 02 68 02 70 02 78 02 80 02 88 02 90 02 98 02  `.h.p.x.........
00008c30: a0 02 a8 02 b0 02 b8 02 c0 02 c8 02 d0 02 d8 02  ................
00008c40: e0 02 e8 02 f0 02 f8 02 00 03 08 03 10 03 18 03  ................
00008c50: 20 03 28 03 30 03 38 03 40 03 48 03 50 03 58 03   .(.0.8.@.H.P.X.
00008c60: 60 03 68 03 70 03 78 03 80 03 88 03 90 03 98 03  `.h.p.x.........
00008c70: a0 03 a8 03 b0 03 b8 03 c0 03 c8 03 d0 03 d8 03  ................
00008c80: e0 03 e8 03 f0 03 f8 03 ff 03 00 00 08 00 10 00  ................
00008c90: 18 00 20 00 28 00 30 00 38 00 40 00 48 00 50 00  .. .(.0.8.@.H.P.
00008ca0: 58 00 60 00 68 00 70 00 78 00 80 00 88 00 90 00  X.`.h.p.x.......
00008cb0: 98 00 a0 00 a8 00 b0 00 b8 00 c0 00 c8 00 d0 00  ................
00008cc0: d8 00 e0 00 e8 00 f0 00 f8 00 00 01 08 01 10 01  ................
00008cd0: 18 01 20 01 28 01 30 01 38 01 40 01 48 01 50 01  .. .(.0.8.@.H.P.
00008ce0: 58 01 60 01 68 01 70 01 78 01 80 01 88 01 90 01  X.`.h.p.x.......
00008cf0: 98 01 a0 01 a8 01 b0 01 b8 01 c0 01 c8 01 d0 01  ................
00008d00: d8 01 e0 01 e8 01 f0 01 f8 01 00 02 08 02 10 02  ................
00008d10: 18 02 20 02 28 02 30 02 38 02 40 02 48 02 50 02  .. .(.0.8.@.H.P.
00008d20: 58 02 60 02 68 02 70 02 78 02 80 02 88 02 90 02  X.`.h.p.x.......
00008d30: 98 02 a0 02 a8 02 b0 02 b8 02 c0 02 c8 02 d0 02  ................
00008d40: d8 02 e0 02 e8 02 f0 02 f8 02 00 03 08 03 10 03  ................
00008d50: 18 03 20 03 28 03 30 03 38 03 40 03 48 03 50 03  .. .(.0.8.@.H.P.
00008d60: 58 03 60 03 68 03 70 03 78 03 80 03 88 03 90 03  X.`.h.p.x.......
00008d70: 98 03 a0 03 a8 03 b0 03 b8 03 c0 03 c8 03 d0 03  ................
00008d80: d8 03 e0 03 e8 03 f0 03 f8 03 ff 03 00 00 08 00  ................
00008d90: 10 00 18 00 20 00 28 00 30 00 38 00 40 00 48 00  .... .(.0.8.@.H.
00008da0: 50 00 58 00 60 00 68 00 70 00 78 00 80 00 88 00  P.X.`.h.p.x.....
00008db0: 90 00 98 00 a0 00 a8 00 b0 00 b8 00 c0 00 c8 00  ................
00008dc0: d0 00 d8 00 e0 00 e8 00 f0 00 f8 00 00 01 08 01  ................
00008dd0: 10 01 18 01 20 01 28 01 30 01 38 01 40 01 48 01  .... .(.0.8.@.H.
00008de0: 50 01 58 01 60 01 68 01 70 01 78 01 80 01 88 01  P.X.`.h.p.x.....
00008df0: 90 01 98 01 a0 01 a8 01 b0 01 b8 01 c0 01 c8 01  ................
00008e00: d0 01 d8 01 e0 01 e8 01 f0 01 f8 01 00 02 08 02  ................
00008e10: 10 02 18 02 20 02 28 02 30 02 38 02 40 02 48 02  .... .(.0.8.@.H.
00008e20: 50 02 58 02 60 02 68 02 70 02 78 02 80 02 88 02  P.X.`.h.p.x.....
00008e30: 90 02 98 02 a0 02 a8 02 b0 02 b8 02 c0 02 c8 02  ................
00008e40: d0 02 d8 02 e0 02 e8 02 f0 02 f8 02 00 03 08 03  ................
00008e50: 10 03 18 03 20 03 28 03 30 03 38 03 40 03 48 03  .... .(.0.8.@.H.
00008e60: 50 03 58 03 60 03 68 03 70 03 78 03 80 03 88 03  P.X.`.h.p.x.....
00008e70: 90 03 98 03 a0 03 a8 03 b0 03 b8 03 c0 03 c8 03  ................
00008e80: d0 03 d8 03 e0 03 e8 03 f0 03 f8 03 ff 03 00 00  ................
00008e90: 80 00 00 00 00 00 00 00 00 00 00 00 00 00 00 00  ................
00008ea0: 00 00 00 00 00 00 00 00 00 00 00 00 00 00 00 00  ................
00008eb0: 80 00 00 00 00 00 00 00 00 00 00 00 00 00 00 00  ................
00008ec0: 00 00 00 00 00 00 00 00 00 00 00 00 00 00 00 00  ................
00008ed0: 80 00 00 00 00 00 00 00 00 00 00 00 00 00 00 00  ................
00008ee0: 00 00 00 00 00 00 00 00 00 00 00 00 00 00 00 00  ................
00008ef0: 03 00 dc 08 01 00 00 00 ff 03 4f 00 00 00 00 00  ..........O.....
00008f00: 00 00 00 00 00 00 00 00 00 00 00 00 00 00 00 00  ................
00008f10: 00 00 00 00 00 00 00 00 00 00 ff 03 4f 00 00 00  ............O...
00008f20: 00 00 00 00 00 00 00 00 00 00 00 00 00 00 00 00  ................
00008f30: 00 00 00 00 00 00 00 00 00 00 00 00 ff 03 4f 00  ..............O.
00008f40: 00 00 00 00 00 00 00 00 00 00 00 00 00 00 00 00  ................
00008f50: 00 00 00 00 00 00 00 00 00 00 00 00 00 00 04 00  ................
00008f60: 00 00 40 00 80 00 c0 00 00 01 40 01 80 01 c0 01  ..@.......@.....
00008f70: 00 02 40 02 80 02 c0 02 00 03 40 03 80 03 c0 03  ..@.......@.....
00008f80: ff 03 00 00 10 00 00 00 00 00 00 00 00 00 00 00  ................
00008f90: 00 00 00 00 00 00 00 00 00 00 00 00 00 00 00 00  ................
00008fa0: 00 00 64 00 64 00 64 00 00 00 ff 03 00 00 00 00  ..d.d.d.........
00008fb0: 00 00 00 00 00 00 00 00 00 00 00 00 00 00 00 00  ................
00008fc0: 00 00 00 00 00 00 00 00 00 00 00 00 ff 03 00 00  ................
00008fd0: 00 00 00 00 00 00 00 00 00 00 00 00 00 00 00 00  ................
00008fe0: 00 00 00 00 00 00 00 00 00 00 00 00 00 00 ff 03  ................
00008ff0: 00 00 00 00 00 00 00 00 00 00 00 00 00 00 00 00  ................
00009000: 00 00 00 00 00 00 00 00 00 00 00 00 00 00 00 00  ................
00009010: 06 00 00 00 94 00 1c 01 8f 01 ed 01 39 02 77 02  ............9.w.
00009020: a9 02 d2 02 f6 02 16 03 38 03 5c 03 82 03 ab 03  ........8.\.....
00009030: d5 03 ff 03 00 00 02 00 0b 00 10 00 00 00 00 00  ................
00009040: 00 00 00 00 00 00 00 00 00 00 00 00 00 00 00 00  ................
00009050: 00 00 00 00 14 00 14 00 14 00 01 00 ff 03 06 00  ................
00009060: 00 00 00 00 00 00 00 00 00 00 00 00 00 00 00 00  ................
00009070: 00 00 00 00 00 00 00 00 00 00 00 00 00 00 ff 03  ................
00009080: 06 00 00 00 00 00 00 00 00 00 00 00 00 00 00 00  ................
00009090: 00 00 00 00 00 00 00 00 00 00 00 00 00 00 00 00  ................
000090a0: ff 03 06 00 00 00 00 00 00 00 00 00 00 00 00 00  ................
000090b0: 00 00 00 00 00 00 00 00 00 00 00 00 00 00 00 00  ................
000090c0: 00 00 06 00 00 00 94 00 1c 01 8f 01 ed 01 39 02  ..............9.
000090d0: 77 02 a9 02 d2 02 f6 02 16 03 38 03 5c 03 82 03  w.........8.\...
000090e0: ab 03 d5 03 ff 03 00 00 02 00 0b 00 10 00 00 00  ................
000090f0: 00 00 00 00 00 00 00 00 00 00 00 00 00 00 00 00  ................
00009100: 00 00 00 00 00 00 32 00 32 00 32 00 01 00 ff 03  ......2.2.2.....
00009110: 1c 01 06 00 00 00 00 00 00 00 00 00 00 00 00 00  ................
00009120: 00 00 00 00 00 00 00 00 00 00 00 00 00 00 00 00  ................
00009130: ff 03 1c 01 06 00 00 00 00 00 00 00 00 00 00 00  ................
00009140: 00 00 00 00 00 00 00 00 00 00 00 00 00 00 00 00  ................
00009150: 00 00 ff 03 1c 01 06 00 00 00 00 00 00 00 00 00  ................
00009160: 00 00 00 00 00 00 00 00 00 00 00 00 00 00 00 00  ................
00009170: 00 00 00 00 05 00 00 00 94 00 1c 01 8f 01 ed 01  ................
00009180: 39 02 77 02 a9 02 d2 02 f6 02 16 03 38 03 5c 03  9.w.........8.\.
00009190: 82 03 ab 03 d5 03 ff 03 00 00 02 00 0b 00 10 00  ................
000091a0: 00 00 00 00 00 00 00 00 00 00 00 00 00 00 00 00  ................
000091b0: 00 00 00 00 00 00 00 00 c8 00 c8 00 c8 00 01 00  ................
000091c0: ff 03 b4 01 21 00 00 00 00 00 00 00 00 00 00 00  ....!...........
000091d0: 00 00 00 00 00 00 00 00 00 00 00 00 00 00 00 00  ................
000091e0: 00 00 ff 03 b4 01 21 00 00 00 00 00 00 00 00 00  ......!.........
000091f0: 00 00 00 00 00 00 00 00 00 00 00 00 00 00 00 00  ................
00009200: 00 00 00 00 ff 03 b4 01 21 00 00 00 00 00 00 00  ........!.......
00009210: 00 00 00 00 00 00 00 00 00 00 00 00 00 00 00 00  ................
00009220: 00 00 00 00 00 00 05 00 00 00 40 00 80 00 c0 00  ..........@.....
00009230: 00 01 40 01 80 01 c0 01 00 02 40 02 80 02 c0 02  ..@.......@.....
00009240: 00 03 40 03 80 03 c0 03 ff 03 00 00 10 00 00 00  ..@.............
00009250: 00 00 00 00 00 00 00 00 00 00 00 00 00 00 00 00  ................
00009260: 00 00 00 00 00 00 00 00 00 00 2c 01 2c 01 2c 01  ..........,.,.,.
00009270: 01 00 ff 03 b4 01 21 00 00 00 00 00 00 00 00 00  ......!.........
00009280: 00 00 00 00 00 00 00 00 00 00 00 00 00 00 00 00  ................
00009290: 00 00 00 00 ff 03 b4 01 21 00 00 00 00 00 00 00  ........!.......
000092a0: 00 00 00 00 00 00 00 00 00 00 00 00 00 00 00 00  ................
000092b0: 00 00 00 00 00 00 ff 03 b4 01 21 00 00 00 00 00  ..........!.....
000092c0: 00 00 00 00 00 00 00 00 00 00 00 00 00 00 00 00  ................
000092d0: 00 00 00 00 00 00 00 00 04 00 00 00 40 00 80 00  ............@...
000092e0: c0 00 00 01 40 01 80 01 c0 01 00 02 40 02 80 02  ....@.......@...
000092f0: c0 02 00 03 40 03 80 03 c0 03 ff 03 00 00 10 00  ....@...........
00009300: 00 00 00 00 00 00 00 00 00 00 00 00 00 00 00 00  ................
00009310: 00 00 00 00 00 00 00 00 00 00 00 00 2c 01 2c 01  ............,.,.
00009320: 2c 01 01 00 ff 03 1b 02 4f 00 03 00 00 00 00 00  ,.......O.......
00009330: 00 00 00 00 00 00 00 00 00 00 00 00 00 00 00 00  ................
00009340: 00 00 00 00 00 00 ff 03 1b 02 4f 00 03 00 00 00  ..........O.....
00009350: 00 00 00 00 00 00 00 00 00 00 00 00 00 00 00 00  ................
00009360: 00 00 00 00 00 00 00 00 ff 03 1b 02 4f 00 03 00  ............O...
00009370: 00 00 00 00 00 00 00 00 00 00 00 00 00 00 00 00  ................
00009380: 00 00 00 00 00 00 00 00 00 00 04 00 00 00 40 00  ..............@.
00009390: 80 00 c0 00 00 01 40 01 80 01 c0 01 00 02 40 02  ......@.......@.
000093a0: 80 02 c0 02 00 03 40 03 80 03 c0 03 ff 03 00 00  ......@.........
000093b0: 10 00 00 00 00 00 00 00 00 00 00 00 00 00 00 00  ................
000093c0: 00 00 00 00 00 00 00 00 00 00 00 00 00 00 90 01  ................
000093d0: 90 01 90 01 01 00 ff 03 e7 02 1c 01 39 00 06 00  ............9...
000093e0: 00 00 00 00 00 00 00 00 00 00 00 00 00 00 00 00  ................
000093f0: 00 00 00 00 00 00 00 00 ff 03 e7 02 1c 01 39 00  ..............9.
00009400: 06 00 00 00 00 00 00 00 00 00 00 00 00 00 00 00  ................
00009410: 00 00 00 00 00 00 00 00 00 00 ff 03 e7 02 1c 01  ................
00009420: 39 00 06 00 00 00 00 00 00 00 00 00 00 00 00 00  9...............
00009430: 00 00 00 00 00 00 00 00 00 00 00 00 04 00 00 00  ................
00009440: 40 00 80 00 c0 00 00 01 40 01 80 01 c0 01 00 02  @.......@.......
00009450: 40 02 80 02 c0 02 00 03 40 03 80 03 c0 03 ff 03  @.......@.......
00009460: 00 00 10 00 00 00 00 00 00 00 00 00 00 00 00 00  ................
00009470: 00 00 00 00 00 00 00 00 00 00 00 00 00 00 00 00  ................
00009480: 20 03 20 03 20 03 01 00 ff 03 1c 01 06 00 00 00   . . ...........
00009490: 00 00 00 00 00 00 00 00 00 00 00 00 00 00 00 00  ................
000094a0: 00 00 00 00 00 00 00 00 00 00 ff 03 1c 01 06 00  ................
000094b0: 00 00 00 00 00 00 00 00 00 00 00 00 00 00 00 00  ................
000094c0: 00 00 00 00 00 00 00 00 00 00 00 00 ff 03 1c 01  ................
000094d0: 06 00 00 00 00 00 00 00 00 00 00 00 00 00 00 00  ................
000094e0: 00 00 00 00 00 00 00 00 00 00 00 00 00 00 02 00  ................
000094f0: 00 00 40 00 80 00 c0 00 00 01 40 01 80 01 c0 01  ..@.......@.....
00009500: 00 02 40 02 80 02 c0 02 00 03 40 03 80 03 c0 03  ..@.......@.....
00009510: ff 03 00 00 10 00 00 00 00 00 00 00 00 00 00 00  ................
00009520: 00 00 00 00 00 00 00 00 00 00 00 00 00 00 00 00  ................
00009530: 00 00 c8 00 c8 00 c8 00 01 00 ff 03 1c 01 06 00  ................
00009540: 00 00 00 00 00 00 00 00 00 00 00 00 00 00 00 00  ................
00009550: 00 00 00 00 00 00 00 00 00 00 00 00 ff 03 1c 01  ................
00009560: 06 00 00 00 00 00 00 00 00 00 00 00 00 00 00 00  ................
00009570: 00 00 00 00 00 00 00 00 00 00 00 00 00 00 ff 03  ................
00009580: 1c 01 06 00 00 00 00 00 00 00 00 00 00 00 00 00  ................
00009590: 00 00 00 00 00 00 00 00 00 00 00 00 00 00 00 00  ................
000095a0: 04 00 00 00 40 00 80 00 c0 00 00 01 40 01 80 01  ....@.......@...
000095b0: c0 01 00 02 40 02 80 02 c0 02 00 03 40 03 80 03  ....@.......@...
000095c0: c0 03 ff 03 00 00 10 00 00 00 00 00 00 00 00 00  ................
000095d0: 00 00 00 00 00 00 00 00 00 00 00 00 00 00 00 00  ................
000095e0: 00 00 00 00 c8 00 c8 00 c8 00 01 00 01 00 ff 03  ................
000095f0: 4f 00 00 00 00 00 00 00 00 00 00 00 00 00 00 00  O...............
00009600: 00 00 00 00 00 00 00 00 00 00 00 00 00 00 00 00  ................
00009610: 06 00 64 00 00 00 00 00 00 00 00 00 01 00 ff 03  ..d.............
00009620: 4f 00 00 00 00 00 00 00 00 00 00 00 00 00 00 00  O...............
00009630: 00 00 00 00 00 00 00 00 00 00 00 00 00 00 00 00  ................
00009640: 06 00 64 00 00 00 00 00 00 00 00 00 01 00 ff 03  ..d.............
00009650: 4f 00 00 00 00 00 00 00 00 00 00 00 00 00 00 00  O...............
00009660: 00 00 00 00 00 00 00 00 00 00 00 00 00 00 00 00  ................
00009670: 06 00 64 00 00 00 00 00 00 00 00 00 01 00 ff 03  ..d.............
00009680: 65 02 84 00 0a 00 00 00 00 00 00 00 00 00 00 00  e...............
00009690: 00 00 00 00 00 00 00 00 00 00 00 00 00 00 00 00  ................
000096a0: 05 00 f4 01 00 00 00 00 00 00 00 00 01 00 ff 03  ................
000096b0: 1b 02 4f 00 03 00 00 00 00 00 00 00 00 00 00 00  ..O.............
000096c0: 00 00 00 00 00 00 00 00 00 00 00 00 00 00 00 00  ................
000096d0: 05 00 90 01 00 00 00 00 00 00 00 00 01 00 ff 03  ................
000096e0: 9c 02 b9 00 16 00 01 00 00 00 00 00 00 00 00 00  ................
000096f0: 00 00 00 00 00 00 00 00 00 00 00 00 00 00 00 00  ................
00009700: 04 00 58 02 00 00 00 00 00 00 00 00 01 00 ff 03  ..X.............
00009710: 9c 02 b9 00 16 00 01 00 00 00 00 00 00 00 00 00  ................
00009720: 00 00 00 00 00 00 00 00 00 00 00 00 00 00 00 00  ................
00009730: 04 00 58 02 00 00 00 00 00 00 00 00 01 00 ff 03  ..X.............
00009740: 1b 02 4f 00 03 00 00 00 00 00 00 00 00 00 00 00  ..O.............
00009750: 00 00 00 00 00 00 00 00 00 00 00 00 00 00 00 00  ................
00009760: 04 00 90 01 00 00 00 00 00 00 00 00 01 00 ff 03  ................
00009770: 4f 00 00 00 00 00 00 00 00 00 00 00 00 00 00 00  O...............
00009780: 00 00 00 00 00 00 00 00 00 00 00 00 00 00 00 00  ................
00009790: 02 00 64 00 00 00 00 00 00 00 00 00 01 00 ff 03  ..d.............
000097a0: b4 01 21 00 00 00 00 00 00 00 00 00 00 00 00 00  ..!.............
000097b0: 00 00 00 00 00 00 00 00 00 00 00 00 00 00 00 00  ................
000097c0: 04 00 2c 01 00 00 00 00 00 00 00 00 04 00 40 04  ..,...........@.
000097d0: 01 00 00 00 00 00 00 00 00 00 01 00 01 00 01 00  ................
000097e0: 01 00 01 00 08 00 08 00 78 00 04 00 e8 03 d0 07  ........x.......
000097f0: 40 00 20 00 00 00 08 00 14 00 ff 03 18 03 6f 01  @. ...........o.
00009800: 66 00 11 00 01 00 00 00 00 00 00 00 00 00 00 00  f...............
00009810: 00 00 00 00 00 00 00 00 00 00 00 00 e8 03 02 00  ................
00009820: 00 00 0b 00 08 00 78 00 60 00 04 00 04 00 e8 03  ......x.`.......
00009830: d0 07 40 00 18 00 00 00 08 00 14 00 0a 00 00 00  ..@.............
00009840: 00 00 01 00 01 00 01 00 01 00 01 00 01 00 01 00  ................
00009850: 08 00 08 00 78 00 04 00 14 05 d0 07 40 00 20 00  ....x.......@. .
00009860: 00 00 08 00 14 00 ff 03 1c 01 06 00 00 00 00 00  ................
00009870: 00 00 00 00 00 00 00 00 00 00 00 00 00 00 00 00  ................
00009880: 00 00 00 00 00 00 00 00 c8 00 02 00 00 00 0b 00  ................
00009890: 08 00 78 00 60 00 04 00 04 00 14 05 d0 07 40 00  ..x.`.........@.
000098a0: 18 00 00 00 08 00 14 00 0a 00 00 00 00 00 01 00  ................
000098b0: 01 00 01 00 01 00 01 00 01 00 01 00 08 00 08 00  ................
000098c0: 78 00 04 00 78 05 98 08 40 00 20 00 00 00 08 00  x...x...@. .....
000098d0: 14 00 ff 03 1c 01 06 00 00 00 00 00 00 00 00 00  ................
000098e0: 00 00 00 00 00 00 00 00 00 00 00 00 00 00 00 00  ................
000098f0: 00 00 00 00 c8 00 02 00 00 00 0b 00 08 00 78 00  ..............x.
00009900: 60 00 04 00 04 00 78 05 98 08 40 00 20 00 00 00  `.....x...@. ...
00009910: 08 00 14 00 0a 00 00 00 00 00 01 00 01 00 01 00  ................
00009920: 01 00 01 00 01 00 01 00 08 00 08 00 78 00 04 00  ............x...
00009930: 78 05 98 08 40 00 20 00 00 00 08 00 14 00 ff 03  x...@. .........
00009940: 9c 02 b9 00 16 00 01 00 00 00 00 00 00 00 00 00  ................
00009950: 00 00 00 00 00 00 00 00 00 00 00 00 00 00 00 00  ................
00009960: 58 02 02 00 00 00 0b 00 08 00 78 00 60 00 04 00  X.........x.`...
00009970: 04 00 78 05 98 08 40 00 18 00 00 00 08 00 14 00  ..x...@.........
00009980: 0a 00 00 00 00 00 01 00 01 00 01 00 01 00 01 00  ................
00009990: 01 00 01 00 08 00 08 00 78 00 04 00 dc 05 fc 08  ........x.......
000099a0: 40 00 20 00 00 00 08 00 14 00 ff 03 cc 03 42 03  @. ...........B.
000099b0: 85 02 c3 01 1c 01 a2 00 53 00 26 00 10 00 06 00  ........S.&.....
000099c0: 02 00 00 00 00 00 00 00 00 00 00 00 88 13 02 00  ................
000099d0: 00 00 0b 00 08 00 78 00 60 00 04 00 04 00 dc 05  ......x.`.......
000099e0: fc 08 40 00 18 00 00 00 08 00 14 00 0a 00 00 00  ..@.............
000099f0: 00 00 01 00 01 00 01 00 01 00 01 00 01 00 01 00  ................
00009a00: 08 00 08 00 78 00 04 00 dc 05 fc 08 56 00 30 00  ....x.......V.0.
00009a10: 00 00 08 00 14 00 ff 03 f7 03 dd 03 b4 03 7d 03  ..............}.
00009a20: 3b 03 f1 02 a2 02 51 02 00 02 b4 01 6c 01 2b 01  ;.....Q.....l.+.
00009a30: f2 00 c0 00 96 00 73 00 30 75 02 00 00 00 0d 00  ......s.0u......
00009a40: 08 00 78 00 60 00 04 00 04 00 dc 05 fc 08 56 00  ..x.`.........V.
00009a50: 24 00 00 00 08 00 14 00 0a 00 00 00 00 00 01 00  $...............
00009a60: 01 00 01 00 01 00 01 00 01 00 01 00 08 00 08 00  ................
00009a70: 78 00 04 00 dc 05 98 08 56 00 30 00 00 00 08 00  x.......V.0.....
00009a80: 14 00 ff 03 f9 03 e6 03 c6 03 9c 03 68 03 2d 03  ............h.-.
00009a90: ec 02 a7 02 61 02 1b 02 d8 01 97 01 5b 01 24 01  ....a.......[.$.
00009aa0: f2 00 c6 00 40 9c 02 00 00 00 0e 00 08 00 78 00  ....@.........x.
00009ab0: 60 00 04 00 04 00 dc 05 98 08 56 00 24 00 00 00  `.........V.$...
00009ac0: 08 00 14 00 0a 00 00 00 00 00 01 00 01 00 01 00  ................
00009ad0: 01 00 01 00 01 00 01 00 08 00 08 00 78 00 04 00  ............x...
00009ae0: dc 05 fc 08 56 00 30 00 00 00 08 00 14 00 ff 03  ....V.0.........
00009af0: f9 03 e6 03 c6 03 9c 03 68 03 2d 03 ec 02 a7 02  ........h.-.....
00009b00: 61 02 1b 02 d8 01 97 01 5b 01 24 01 f2 00 c6 00  a.......[.$.....
00009b10: 40 9c 02 00 00 00 0e 00 08 00 78 00 60 00 04 00  @.........x.`...
00009b20: 04 00 dc 05 fc 08 56 00 24 00 00 00 08 00 14 00  ......V.$.......
00009b30: 0a 00 00 00 01 00 01 00 01 00 01 00 01 00 01 00  ................
00009b40: 01 00 01 00 08 00 08 00 78 00 04 00 dc 05 fc 08  ........x.......
00009b50: 56 00 30 00 00 00 08 00 14 00 ff 03 fa 03 eb 03  V.0.............
00009b60: d1 03 af 03 84 03 53 03 1c 03 e1 02 a4 02 65 02  ......S.......e.
00009b70: 27 02 e9 01 af 01 77 01 43 01 14 01 50 c3 02 00  '.....w.C...P...
00009b80: 00 00 0c 00 08 00 78 00 60 00 04 00 04 00 dc 05  ......x.`.......
00009b90: fc 08 56 00 24 00 00 00 08 00 14 00 0a 00 00 00  ..V.$...........
00009ba0: 01 00 01 00 01 00 01 00 01 00 01 00 01 00 01 00  ................
00009bb0: 08 00 08 00 78 00 04 00 40 1f 28 23 40 00 20 00  ....x...@.(#@. .
00009bc0: 00 00 08 00 32 00 ff 03 18 03 6f 01 66 00 11 00  ....2.....o.f...
00009bd0: 01 00 00 00 00 00 00 00 00 00 00 00 00 00 00 00  ................
00009be0: 00 00 00 00 00 00 00 00 e8 03 02 00 00 00 0b 00  ................
00009bf0: 08 00 78 00 70 00 04 00 04 00 40 1f 28 23 40 00  ..x.p.....@.(#@.
00009c00: 18 00 00 00 08 00 32 00 0a 00 00 00 05 00 56 00  ......2.......V.
00009c10: 01 00 01 00 14 00 0c 00 1e 00 01 00 14 00 04 00  ................
00009c20: 78 00 01 00 14 00 04 00 78 00 01 00 14 00 0c 00  x.......x.......
00009c30: 1e 00 01 00 14 00 0c 00 1e 00 01 00 14 00 04 00  ................
00009c40: 78 00 01 00 14 00 04 00 78 00 01 00 14 00 04 00  x.......x.......
00009c50: 78 00 01 00 14 00 04 00 78 00 01 00 14 00 04 00  x.......x.......
00009c60: 78 00 06 00 16 00 c0 00 00 00 00 00 37 00 3c 00  x...........7.<.
00009c70: 40 00 40 00 40 00 40 00 07 00 6c 03 00 00 16 00  @.@.@.@...l.....
00009c80: 2c 00 42 00 58 00 6d 00 82 00 97 00 ac 00 c1 00  ,.B.X.m.........
00009c90: d5 00 e9 00 fd 00 10 01 22 01 35 01 46 01 58 01  ........".5.F.X.
00009ca0: 68 01 78 01 88 01 96 01 a5 01 b2 01 c0 01 cc 01  h.x.............
00009cb0: d9 01 e5 01 f0 01 fb 01 06 02 10 02 1a 02 24 02  ..............$.
00009cc0: 2d 02 36 02 3f 02 48 02 50 02 58 02 60 02 68 02  -.6.?.H.P.X.`.h.
00009cd0: 6f 02 77 02 7e 02 85 02 8c 02 93 02 99 02 a0 02  o.w.~...........
00009ce0: a6 02 ac 02 b2 02 b7 02 bd 02 c2 02 c8 02 cd 02  ................
00009cf0: d2 02 d7 02 dc 02 e0 02 e5 02 e9 02 ed 02 f1 02  ................
00009d00: f5 02 f9 02 fd 02 01 03 04 03 08 03 0b 03 0e 03  ................
00009d10: 12 03 15 03 18 03 1b 03 1e 03 20 03 23 03 26 03  .......... .#.&.
00009d20: 28 03 2b 03 2e 03 30 03 33 03 35 03 38 03 3b 03  (.+...0.3.5.8.;.
00009d30: 3d 03 40 03 43 03 46 03 49 03 4c 03 4f 03 52 03  =.@.C.F.I.L.O.R.
00009d40: 55 03 58 03 5c 03 60 03 63 03 67 03 6b 03 70 03  U.X.\.`.c.g.k.p.
00009d50: 74 03 79 03 7d 03 82 03 88 03 8d 03 93 03 99 03  t.y.}...........
00009d60: 9f 03 a5 03 ab 03 b2 03 b8 03 bf 03 c6 03 cd 03  ................
00009d70: d4 03 db 03 e2 03 ea 03 f1 03 f8 03 ff 03 00 00  ................
00009d80: 16 00 2c 00 42 00 58 00 6d 00 82 00 97 00 ac 00  ..,.B.X.m.......
00009d90: c1 00 d5 00 e9 00 fd 00 10 01 22 01 35 01 46 01  ..........".5.F.
00009da0: 58 01 68 01 78 01 88 01 96 01 a5 01 b2 01 c0 01  X.h.x...........
00009db0: cc 01 d9 01 e5 01 f0 01 fb 01 06 02 10 02 1a 02  ................
00009dc0: 24 02 2d 02 36 02 3f 02 48 02 50 02 58 02 60 02  $.-.6.?.H.P.X.`.
00009dd0: 68 02 6f 02 77 02 7e 02 85 02 8c 02 93 02 99 02  h.o.w.~.........
00009de0: a0 02 a6 02 ac 02 b2 02 b7 02 bd 02 c2 02 c8 02  ................
00009df0: cd 02 d2 02 d7 02 dc 02 e0 02 e5 02 e9 02 ed 02  ................
00009e00: f1 02 f5 02 f9 02 fd 02 01 03 04 03 08 03 0b 03  ................
00009e10: 0e 03 12 03 15 03 18 03 1b 03 1e 03 20 03 23 03  ............ .#.
00009e20: 26 03 28 03 2b 03 2e 03 30 03 33 03 35 03 38 03  &.(.+...0.3.5.8.
00009e30: 3b 03 3d 03 40 03 43 03 46 03 49 03 4c 03 4f 03  ;.=.@.C.F.I.L.O.
00009e40: 52 03 55 03 58 03 5c 03 60 03 63 03 67 03 6b 03  R.U.X.\.`.c.g.k.
00009e50: 70 03 74 03 79 03 7d 03 82 03 88 03 8d 03 93 03  p.t.y.}.........
00009e60: 99 03 9f 03 a5 03 ab 03 b2 03 b8 03 bf 03 c6 03  ................
00009e70: cd 03 d4 03 db 03 e2 03 ea 03 f1 03 f8 03 ff 03  ................
00009e80: 00 00 16 00 2c 00 42 00 58 00 6d 00 82 00 97 00  ....,.B.X.m.....
00009e90: ac 00 c1 00 d5 00 e9 00 fd 00 10 01 22 01 35 01  ............".5.
00009ea0: 46 01 58 01 68 01 78 01 88 01 96 01 a5 01 b2 01  F.X.h.x.........
00009eb0: c0 01 cc 01 d9 01 e5 01 f0 01 fb 01 06 02 10 02  ................
00009ec0: 1a 02 24 02 2d 02 36 02 3f 02 48 02 50 02 58 02  ..$.-.6.?.H.P.X.
00009ed0: 60 02 68 02 6f 02 77 02 7e 02 85 02 8c 02 93 02  `.h.o.w.~.......
00009ee0: 99 02 a0 02 a6 02 ac 02 b2 02 b7 02 bd 02 c2 02  ................
00009ef0: c8 02 cd 02 d2 02 d7 02 dc 02 e0 02 e5 02 e9 02  ................
00009f00: ed 02 f1 02 f5 02 f9 02 fd 02 01 03 04 03 08 03  ................
00009f10: 0b 03 0e 03 12 03 15 03 18 03 1b 03 1e 03 20 03  .............. .
00009f20: 23 03 26 03 28 03 2b 03 2e 03 30 03 33 03 35 03  #.&.(.+...0.3.5.
00009f30: 38 03 3b 03 3d 03 40 03 43 03 46 03 49 03 4c 03  8.;.=.@.C.F.I.L.
00009f40: 4f 03 52 03 55 03 58 03 5c 03 60 03 63 03 67 03  O.R.U.X.\.`.c.g.
00009f50: 6b 03 70 03 74 03 79 03 7d 03 82 03 88 03 8d 03  k.p.t.y.}.......
00009f60: 93 03 99 03 9f 03 a5 03 ab 03 b2 03 b8 03 bf 03  ................
00009f70: c6 03 cd 03 d4 03 db 03 e2 03 ea 03 f1 03 f8 03  ................
00009f80: ff 03 00 00 08 00 12 00 26 00 4c 00 6e 00 80 00  ........&.L.n...
00009f90: 00 00 00 00 00 00 00 00 00 00 00 00 00 00 00 00  ................
00009fa0: 00 00 00 00 08 00 12 00 26 00 4c 00 6e 00 80 00  ........&.L.n...
00009fb0: 00 00 00 00 00 00 00 00 00 00 00 00 00 00 00 00  ................
00009fc0: 00 00 00 00 08 00 12 00 26 00 4c 00 6e 00 80 00  ........&.L.n...
00009fd0: 00 00 00 00 00 00 00 00 00 00 00 00 00 00 00 00  ................
00009fe0: 00 00 01 00 08 00 88 00 00 00 00 00 00 00 ff 00  ................
00009ff0: 00 00 00 02 01 ff ff ff d3 ff b8 01 75 ff e8 ff  ............u...
0000a000: 1a ff fe 01 01 00 00 00 ff 00 00 00 a0 02 ad fe  ................
0000a010: b3 ff 6f ff 79 01 18 00 bf ff 1c fd 25 04 01 00  ..o.y.......%...
0000a020: 00 00 ff 00 00 00 04 02 0c ff f0 ff 7b ff c9 01  ............{...
0000a030: bc ff fe ff be fe 44 02 01 00 00 00 ff 00 00 00  ......D.........
0000a040: e0 01 49 ff d7 ff 91 ff 12 02 5d ff 02 00 90 ff  ..I.......].....
0000a050: 6e 01 01 00 00 00 ff 00 00 00 30 02 ce fe 02 00  n.........0.....
0000a060: 93 ff bf 01 ae ff 13 00 64 fe 89 02 09 00 6a 00  ........d.....j.
0000a070: 00 00 07 00 0d 00 01 00 01 00 14 00 07 00 0d 00  ................
0000a080: 01 00 00 00 14 00 07 00 0d 00 01 00 01 00 14 00  ................
0000a090: 07 00 0d 00 01 00 01 00 14 00 07 00 0d 00 01 00  ................
0000a0a0: 01 00 14 00 07 00 0d 00 01 00 01 00 14 00 07 00  ................
0000a0b0: 0d 00 01 00 01 00 14 00 07 00 0d 00 01 00 01 00  ................
0000a0c0: 14 00 07 00 00 00 01 00 01 00 14 00 07 00 0d 00  ................
0000a0d0: 01 00 01 00 14 00 0a 00 ee 26 00 00 1f 00 80 00  .........&......
0000a0e0: 01 00 00 00 00 00 00 00 60 00 c0 00 00 00 10 00  ........`.......
0000a0f0: 20 00 30 00 40 00 50 00 60 00 70 00 80 00 90 00   .0.@.P.`.p.....
0000a100: a0 00 b0 00 c0 00 d0 00 e0 00 f0 00 00 01 10 01  ................
0000a110: 20 01 30 01 40 01 50 01 60 01 70 01 80 01 90 01   .0.@.P.`.p.....
0000a120: a0 01 b0 01 c0 01 d0 01 e0 01 f0 01 00 02 10 02  ................
0000a130: 20 02 30 02 40 02 50 02 60 02 70 02 80 02 90 02   .0.@.P.`.p.....
0000a140: a0 02 b0 02 c0 02 d0 02 e0 02 f0 02 00 03 10 03  ................
0000a150: 20 03 30 03 40 03 50 03 60 03 70 03 80 03 90 03   .0.@.P.`.p.....
0000a160: a0 03 b0 03 c0 03 d0 03 e0 03 f0 03 ff 03 00 00  ................
0000a170: 10 00 20 00 30 00 40 00 50 00 60 00 70 00 80 00  .. .0.@.P.`.p...
0000a180: 90 00 a0 00 b0 00 c0 00 d0 00 e0 00 f0 00 00 01  ................
0000a190: 10 01 20 01 30 01 40 01 50 01 60 01 70 01 80 01  .. .0.@.P.`.p...
0000a1a0: 90 01 a0 01 b0 01 c0 01 d0 01 e0 01 f0 01 00 02  ................
0000a1b0: 10 02 20 02 30 02 40 02 50 02 60 02 70 02 80 02  .. .0.@.P.`.p...
0000a1c0: 90 02 a0 02 b0 02 c0 02 d0 02 e0 02 f0 02 00 03  ................
0000a1d0: 10 03 20 03 30 03 40 03 50 03 60 03 70 03 80 03  .. .0.@.P.`.p...
0000a1e0: 90 03 a0 03 b0 03 c0 03 d0 03 e0 03 f0 03 ff 03  ................
0000a1f0: 00 00 10 00 20 00 30 00 40 00 50 00 60 00 70 00  .... .0.@.P.`.p.
0000a200: 80 00 90 00 a0 00 b0 00 c0 00 d0 00 e0 00 f0 00  ................
0000a210: 00 01 10 01 20 01 30 01 40 01 50 01 60 01 70 01  .... .0.@.P.`.p.
0000a220: 80 01 90 01 a0 01 b0 01 c0 01 d0 01 e0 01 f0 01  ................
0000a230: 00 02 10 02 20 02 30 02 40 02 50 02 60 02 70 02  .... .0.@.P.`.p.
0000a240: 80 02 90 02 a0 02 b0 02 c0 02 d0 02 e0 02 f0 02  ................
0000a250: 00 03 10 03 20 03 30 03 40 03 50 03 60 03 70 03  .... .0.@.P.`.p.
0000a260: 80 03 90 03 a0 03 b0 03 c0 03 d0 03 e0 03 f0 03  ................
0000a270: ff 03 00 00 10 00 20 00 30 00 40 00 50 00 60 00  ...... .0.@.P.`.
0000a280: 70 00 80 00 90 00 a0 00 b0 00 c0 00 d0 00 e0 00  p...............
0000a290: f0 00 00 01 10 01 20 01 30 01 40 01 50 01 60 01  ...... .0.@.P.`.
0000a2a0: 70 01 80 01 90 01 a0 01 b0 01 c0 01 d0 01 e0 01  p...............
0000a2b0: f0 01 00 02 10 02 20 02 30 02 40 02 50 02 60 02  ...... .0.@.P.`.
0000a2c0: 70 02 80 02 90 02 a0 02 b0 02 c0 02 d0 02 e0 02  p...............
0000a2d0: f0 02 00 03 10 03 20 03 30 03 40 03 50 03 60 03  ...... .0.@.P.`.
0000a2e0: 70 03 80 03 90 03 a0 03 b0 03 c0 03 d0 03 e0 03  p...............
0000a2f0: f0 03 ff 03 00 00 12 00 24 00 35 00 46 00 57 00  ........$.5.F.W.
0000a300: 68 00 78 00 88 00 98 00 a8 00 b8 00 c8 00 d8 00  h.x.............
0000a310: e8 00 f9 00 0b 01 1d 01 2f 01 42 01 55 01 68 01  ......../.B.U.h.
0000a320: 7b 01 8f 01 a3 01 b7 01 ca 01 de 01 f2 01 05 02  {...............
0000a330: 19 02 2c 02 3f 02 51 02 64 02 76 02 87 02 98 02  ..,.?.Q.d.v.....
0000a340: a8 02 b8 02 c7 02 d6 02 e4 02 f1 02 fd 02 09 03  ................
0000a350: 15 03 20 03 2c 03 38 03 44 03 50 03 5c 03 69 03  .. .,.8.D.P.\.i.
0000a360: 76 03 83 03 91 03 9e 03 ac 03 ba 03 c7 03 d5 03  v...............
0000a370: e3 03 f1 03 ff 03 00 00 10 00 20 00 30 00 40 00  .......... .0.@.
0000a380: 50 00 60 00 70 00 80 00 90 00 a0 00 b0 00 c0 00  P.`.p...........
0000a390: d0 00 e0 00 f0 00 00 01 10 01 20 01 30 01 40 01  .......... .0.@.
0000a3a0: 50 01 60 01 70 01 80 01 90 01 a0 01 b0 01 c0 01  P.`.p...........
0000a3b0: d0 01 e0 01 f0 01 00 02 10 02 20 02 30 02 40 02  .......... .0.@.
0000a3c0: 50 02 60 02 70 02 80 02 90 02 a0 02 b0 02 c0 02  P.`.p...........
0000a3d0: d0 02 e0 02 f0 02 00 03 10 03 20 03 30 03 40 03  .......... .0.@.
0000a3e0: 50 03 60 03 70 03 80 03 90 03 a0 03 b0 03 c0 03  P.`.p...........
0000a3f0: d0 03 e0 03 f0 03 ff 03 00 00 40 00 00 00 00 00  ..........@.....
0000a400: 00 00 00 00 00 00 00 00 00 00 00 00 00 00 00 00  ................
0000a410: 00 00 00 00 00 00 00 00 00 00 40 00 00 00 00 00  ..........@.....
0000a420: 00 00 00 00 00 00 00 00 00 00 00 00 00 00 00 00  ................
0000a430: 00 00 00 00 00 00 00 00 00 00 40 00 00 00 00 00  ..........@.....
0000a440: 00 00 00 00 00 00 00 00 00 00 00 00 00 00 00 00  ................
0000a450: 00 00 00 00 00 00 00 00 00 00 40 00 00 00 00 00  ..........@.....
0000a460: 00 00 00 00 00 00 00 00 00 00 00 00 00 00 00 00  ................
0000a470: 00 00 00 00 00 00 00 00 00 00 07 00 0e 00 2a 00  ..............*.
0000a480: 31 00 40 00 00 00 00 00 00 00 00 00 00 00 00 00  1.@.............
0000a490: 00 00 00 00 00 00 00 00 00 00 40 00 00 00 00 00  ..........@.....
0000a4a0: 00 00 00 00 00 00 00 00 00 00 00 00 00 00 00 00  ................
0000a4b0: 00 00 00 00 00 00 00 00 01 00 00 00 08 00 00 01  ................
0000a4c0: 1f 00 00 00 01 00 00 00 00 00 00 00 60 00 c0 00  ............`...
0000a4d0: 00 00 10 00 20 00 30 00 40 00 50 00 60 00 70 00  .... .0.@.P.`.p.
0000a4e0: 80 00 90 00 a0 00 b0 00 c0 00 d0 00 e0 00 f0 00  ................
0000a4f0: 00 01 10 01 20 01 30 01 40 01 50 01 60 01 70 01  .... .0.@.P.`.p.
0000a500: 80 01 90 01 a0 01 b0 01 c0 01 d0 01 e0 01 f0 01  ................
0000a510: 00 02 10 02 20 02 30 02 40 02 50 02 60 02 70 02  .... .0.@.P.`.p.
0000a520: 80 02 90 02 a0 02 b0 02 c0 02 d0 02 e0 02 f0 02  ................
0000a530: 00 03 10 03 20 03 30 03 40 03 50 03 60 03 70 03  .... .0.@.P.`.p.
0000a540: 80 03 90 03 a0 03 b0 03 c0 03 d0 03 e0 03 f0 03  ................
0000a550: ff 03 00 00 10 00 20 00 30 00 40 00 50 00 60 00  ...... .0.@.P.`.
0000a560: 70 00 80 00 90 00 a0 00 b0 00 c0 00 d0 00 e0 00  p...............
0000a570: f0 00 00 01 10 01 20 01 30 01 40 01 50 01 60 01  ...... .0.@.P.`.
0000a580: 70 01 80 01 90 01 a0 01 b0 01 c0 01 d0 01 e0 01  p...............
0000a590: f0 01 00 02 10 02 20 02 30 02 40 02 50 02 60 02  ...... .0.@.P.`.
0000a5a0: 70 02 80 02 90 02 a0 02 b0 02 c0 02 d0 02 e0 02  p...............
0000a5b0: f0 02 00 03 10 03 20 03 30 03 40 03 50 03 60 03  ...... .0.@.P.`.
0000a5c0: 70 03 80 03 90 03 a0 03 b0 03 c0 03 d0 03 e0 03  p...............
0000a5d0: f0 03 ff 03 00 00 10 00 20 00 30 00 40 00 50 00  ........ .0.@.P.
0000a5e0: 60 00 70 00 80 00 90 00 a0 00 b0 00 c0 00 d0 00  `.p.............
0000a5f0: e0 00 f0 00 00 01 10 01 20 01 30 01 40 01 50 01  ........ .0.@.P.
0000a600: 60 01 70 01 80 01 90 01 a0 01 b0 01 c0 01 d0 01  `.p.............
0000a610: e0 01 f0 01 00 02 10 02 20 02 30 02 40 02 50 02  ........ .0.@.P.
0000a620: 60 02 70 02 80 02 90 02 a0 02 b0 02 c0 02 d0 02  `.p.............
0000a630: e0 02 f0 02 00 03 10 03 20 03 30 03 40 03 50 03  ........ .0.@.P.
0000a640: 60 03 70 03 80 03 90 03 a0 03 b0 03 c0 03 d0 03  `.p.............
0000a650: e0 03 f0 03 ff 03 00 00 10 00 20 00 30 00 40 00  .......... .0.@.
0000a660: 50 00 60 00 70 00 80 00 90 00 a0 00 b0 00 c0 00  P.`.p...........
0000a670: d0 00 e0 00 f0 00 00 01 10 01 20 01 30 01 40 01  .......... .0.@.
0000a680: 50 01 60 01 70 01 80 01 90 01 a0 01 b0 01 c0 01  P.`.p...........
0000a690: d0 01 e0 01 f0 01 00 02 10 02 20 02 30 02 40 02  .......... .0.@.
0000a6a0: 50 02 60 02 70 02 80 02 90 02 a0 02 b0 02 c0 02  P.`.p...........
0000a6b0: d0 02 e0 02 f0 02 00 03 10 03 20 03 30 03 40 03  .......... .0.@.
0000a6c0: 50 03 60 03 70 03 80 03 90 03 a0 03 b0 03 c0 03  P.`.p...........
0000a6d0: d0 03 e0 03 f0 03 ff 03 00 00 10 00 1c 00 28 00  ..............(.
0000a6e0: 34 00 40 00 4c 00 58 00 60 00 6c 00 78 00 84 00  4.@.L.X.`.l.x...
0000a6f0: 90 00 9c 00 a4 00 b0 00 bc 00 c8 00 d4 00 e0 00  ................
0000a700: ec 00 f8 00 04 01 10 01 20 01 2c 01 38 01 48 01  ........ .,.8.H.
0000a710: 58 01 68 01 74 01 88 01 98 01 a8 01 bc 01 d0 01  X.h.t...........
0000a720: e0 01 f4 01 0c 02 20 02 34 02 48 02 60 02 74 02  ...... .4.H.`.t.
0000a730: 88 02 9c 02 b0 02 c8 02 dc 02 f0 02 00 03 14 03  ................
0000a740: 28 03 3c 03 4c 03 60 03 74 03 84 03 98 03 a8 03  (.<.L.`.t.......
0000a750: bc 03 cc 03 e0 03 f0 03 ff 03 00 00 10 00 20 00  .............. .
0000a760: 30 00 40 00 50 00 5c 00 6c 00 7c 00 88 00 98 00  0.@.P.\.l.|.....
0000a770: a4 00 b4 00 c0 00 d0 00 dc 00 e8 00 f4 00 00 01  ................
0000a780: 0c 01 18 01 20 01 2c 01 38 01 44 01 4c 01 58 01  .... .,.8.D.L.X.
0000a790: 60 01 6c 01 78 01 80 01 8c 01 94 01 a0 01 ac 01  `.l.x...........
0000a7a0: b8 01 c4 01 d0 01 dc 01 e8 01 f4 01 04 02 10 02  ................
0000a7b0: 20 02 30 02 40 02 50 02 64 02 74 02 88 02 9c 02   .0.@.P.d.t.....
0000a7c0: b0 02 c4 02 dc 02 f4 02 0c 03 24 03 3c 03 58 03  ..........$.<.X.
0000a7d0: 74 03 90 03 ac 03 c8 03 e4 03 ff 03 00 00 40 00  t.............@.
0000a7e0: 00 00 00 00 00 00 00 00 00 00 00 00 00 00 00 00  ................
0000a7f0: 00 00 00 00 00 00 00 00 00 00 00 00 00 00 40 00  ..............@.
0000a800: 00 00 00 00 00 00 00 00 00 00 00 00 00 00 00 00  ................
0000a810: 00 00 00 00 00 00 00 00 00 00 00 00 00 00 40 00  ..............@.
0000a820: 00 00 00 00 00 00 00 00 00 00 00 00 00 00 00 00  ................
0000a830: 00 00 00 00 00 00 00 00 00 00 00 00 00 00 40 00  ..............@.
0000a840: 00 00 00 00 00 00 00 00 00 00 00 00 00 00 00 00  ................
0000a850: 00 00 00 00 00 00 00 00 00 00 00 00 00 00 08 00  ................
0000a860: 21 00 2e 00 40 00 00 00 00 00 00 00 00 00 00 00  !...@...........
0000a870: 00 00 00 00 00 00 00 00 00 00 00 00 00 00 10 00  ................
0000a880: 36 00 40 00 00 00 00 00 00 00 00 00 00 00 00 00  6.@.............
0000a890: 00 00 00 00 00 00 00 00 00 00 00 00 00 00 00 00  ................
0000a8a0: 08 00 00 01 1f 00 00 00 01 00 00 00 00 00 00 00  ................
0000a8b0: 60 00 c0 00 00 00 10 00 20 00 30 00 40 00 50 00  `....... .0.@.P.
0000a8c0: 60 00 70 00 80 00 90 00 a0 00 b0 00 c0 00 d0 00  `.p.............
0000a8d0: e0 00 f0 00 00 01 10 01 20 01 30 01 40 01 50 01  ........ .0.@.P.
0000a8e0: 60 01 70 01 80 01 90 01 a0 01 b0 01 c0 01 d0 01  `.p.............
0000a8f0: e0 01 f0 01 00 02 10 02 20 02 30 02 40 02 50 02  ........ .0.@.P.
0000a900: 60 02 70 02 80 02 90 02 a0 02 b0 02 c0 02 d0 02  `.p.............
0000a910: e0 02 f0 02 00 03 10 03 20 03 30 03 40 03 50 03  ........ .0.@.P.
0000a920: 60 03 70 03 80 03 90 03 a0 03 b0 03 c0 03 d0 03  `.p.............
0000a930: e0 03 f0 03 ff 03 00 00 10 00 20 00 30 00 40 00  .......... .0.@.
0000a940: 50 00 60 00 70 00 80 00 90 00 a0 00 b0 00 c0 00  P.`.p...........
0000a950: d0 00 e0 00 f0 00 00 01 10 01 20 01 30 01 40 01  .......... .0.@.
0000a960: 50 01 60 01 70 01 80 01 90 01 a0 01 b0 01 c0 01  P.`.p...........
0000a970: d0 01 e0 01 f0 01 00 02 10 02 20 02 30 02 40 02  .......... .0.@.
0000a980: 50 02 60 02 70 02 80 02 90 02 a0 02 b0 02 c0 02  P.`.p...........
0000a990: d0 02 e0 02 f0 02 00 03 10 03 20 03 30 03 40 03  .......... .0.@.
0000a9a0: 50 03 60 03 70 03 80 03 90 03 a0 03 b0 03 c0 03  P.`.p...........
0000a9b0: d0 03 e0 03 f0 03 ff 03 00 00 10 00 20 00 30 00  ............ .0.
0000a9c0: 40 00 50 00 60 00 70 00 80 00 90 00 a0 00 b0 00  @.P.`.p.........
0000a9d0: c0 00 d0 00 e0 00 f0 00 00 01 10 01 20 01 30 01  ............ .0.
0000a9e0: 40 01 50 01 60 01 70 01 80 01 90 01 a0 01 b0 01  @.P.`.p.........
0000a9f0: c0 01 d0 01 e0 01 f0 01 00 02 10 02 20 02 30 02  ............ .0.
0000aa00: 40 02 50 02 60 02 70 02 80 02 90 02 a0 02 b0 02  @.P.`.p.........
0000aa10: c0 02 d0 02 e0 02 f0 02 00 03 10 03 20 03 30 03  ............ .0.
0000aa20: 40 03 50 03 60 03 70 03 80 03 90 03 a0 03 b0 03  @.P.`.p.........
0000aa30: c0 03 d0 03 e0 03 f0 03 ff 03 00 00 10 00 20 00  .............. .
0000aa40: 30 00 40 00 50 00 60 00 70 00 80 00 90 00 a0 00  0.@.P.`.p.......
0000aa50: b0 00 c0 00 d0 00 e0 00 f0 00 00 01 10 01 20 01  .............. .
0000aa60: 30 01 40 01 50 01 60 01 70 01 80 01 90 01 a0 01  0.@.P.`.p.......
0000aa70: b0 01 c0 01 d0 01 e0 01 f0 01 00 02 10 02 20 02  .............. .
0000aa80: 30 02 40 02 50 02 60 02 70 02 80 02 90 02 a0 02  0.@.P.`.p.......
0000aa90: b0 02 c0 02 d0 02 e0 02 f0 02 00 03 10 03 20 03  .............. .
0000aaa0: 30 03 40 03 50 03 60 03 70 03 80 03 90 03 a0 03  0.@.P.`.p.......
0000aab0: b0 03 c0 03 d0 03 e0 03 f0 03 ff 03 00 00 0c 00  ................
0000aac0: 14 00 1c 00 24 00 30 00 38 00 40 00 4c 00 58 00  ....$.0.8.@.L.X.
0000aad0: 60 00 6c 00 78 00 84 00 90 00 9c 00 a8 00 b8 00  `.l.x...........
0000aae0: c4 00 d4 00 e4 00 f4 00 00 01 10 01 20 01 34 01  ............ .4.
0000aaf0: 44 01 54 01 64 01 74 01 88 01 98 01 a8 01 bc 01  D.T.d.t.........
0000ab00: cc 01 dc 01 ec 01 00 02 10 02 20 02 34 02 44 02  .......... .4.D.
0000ab10: 54 02 68 02 78 02 88 02 9c 02 ac 02 c0 02 d4 02  T.h.x...........
0000ab20: e8 02 f8 02 0c 03 20 03 34 03 48 03 5c 03 70 03  ...... .4.H.\.p.
0000ab30: 84 03 9c 03 b0 03 c4 03 d8 03 ec 03 ff 03 00 00  ................
0000ab40: 08 00 0c 00 10 00 18 00 1c 00 24 00 28 00 30 00  ..........$.(.0.
0000ab50: 34 00 3c 00 40 00 48 00 50 00 58 00 60 00 68 00  4.<.@.H.P.X.`.h.
0000ab60: 74 00 7c 00 88 00 90 00 9c 00 a8 00 b4 00 c0 00  t.|.............
0000ab70: cc 00 dc 00 e8 00 f8 00 08 01 18 01 28 01 38 01  ............(.8.
0000ab80: 48 01 58 01 6c 01 7c 01 90 01 a4 01 b8 01 cc 01  H.X.l.|.........
0000ab90: e0 01 f4 01 0c 02 20 02 38 02 4c 02 64 02 7c 02  ...... .8.L.d.|.
0000aba0: 90 02 a8 02 c0 02 d8 02 f0 02 08 03 20 03 38 03  ............ .8.
0000abb0: 54 03 6c 03 84 03 9c 03 b8 03 d0 03 e8 03 ff 03  T.l.............
0000abc0: 00 00 40 00 00 00 00 00 00 00 00 00 00 00 00 00  ..@.............
0000abd0: 00 00 00 00 00 00 00 00 00 00 00 00 00 00 00 00  ................
0000abe0: 00 00 40 00 00 00 00 00 00 00 00 00 00 00 00 00  ..@.............
0000abf0: 00 00 00 00 00 00 00 00 00 00 00 00 00 00 00 00  ................
0000ac00: 00 00 40 00 00 00 00 00 00 00 00 00 00 00 00 00  ..@.............
0000ac10: 00 00 00 00 00 00 00 00 00 00 00 00 00 00 00 00  ................
0000ac20: 00 00 40 00 00 00 00 00 00 00 00 00 00 00 00 00  ..@.............
0000ac30: 00 00 00 00 00 00 00 00 00 00 00 00 00 00 00 00  ................
0000ac40: 00 00 07 00 0e 00 24 00 2f 00 40 00 00 00 00 00  ......$./.@.....
0000ac50: 00 00 00 00 00 00 00 00 00 00 00 00 00 00 00 00  ................
0000ac60: 00 00 10 00 22 00 40 00 00 00 00 00 00 00 00 00  ....".@.........
0000ac70: 00 00 00 00 00 00 00 00 00 00 00 00 00 00 00 00  ................
0000ac80: 00 00 00 00 08 00 00 01 0f 00 00 00 01 00 00 00  ................
0000ac90: 00 00 00 00 60 00 c0 00 00 00 10 00 20 00 30 00  ....`....... .0.
0000aca0: 40 00 50 00 60 00 70 00 80 00 90 00 a0 00 b0 00  @.P.`.p.........
0000acb0: c0 00 d0 00 e0 00 f0 00 00 01 10 01 20 01 30 01  ............ .0.
0000acc0: 40 01 50 01 60 01 70 01 80 01 90 01 a0 01 b0 01  @.P.`.p.........
0000acd0: c0 01 d0 01 e0 01 f0 01 00 02 10 02 20 02 30 02  ............ .0.
0000ace0: 40 02 50 02 60 02 70 02 80 02 90 02 a0 02 b0 02  @.P.`.p.........
0000acf0: c0 02 d0 02 e0 02 f0 02 00 03 10 03 20 03 30 03  ............ .0.
0000ad00: 40 03 50 03 60 03 70 03 80 03 90 03 a0 03 b0 03  @.P.`.p.........
0000ad10: c0 03 d0 03 e0 03 f0 03 ff 03 00 00 10 00 20 00  .............. .
0000ad20: 30 00 40 00 50 00 60 00 70 00 80 00 90 00 a0 00  0.@.P.`.p.......
0000ad30: b0 00 c0 00 d0 00 e0 00 f0 00 00 01 10 01 20 01  .............. .
0000ad40: 30 01 40 01 50 01 60 01 70 01 80 01 90 01 a0 01  0.@.P.`.p.......
0000ad50: b0 01 c0 01 d0 01 e0 01 f0 01 00 02 10 02 20 02  .............. .
0000ad60: 30 02 40 02 50 02 60 02 70 02 80 02 90 02 a0 02  0.@.P.`.p.......
0000ad70: b0 02 c0 02 d0 02 e0 02 f0 02 00 03 10 03 20 03  .............. .
0000ad80: 30 03 40 03 50 03 60 03 70 03 80 03 90 03 a0 03  0.@.P.`.p.......
0000ad90: b0 03 c0 03 d0 03 e0 03 f0 03 ff 03 00 00 10 00  ................
0000ada0: 20 00 30 00 40 00 50 00 60 00 70 00 80 00 90 00   .0.@.P.`.p.....
0000adb0: a0 00 b0 00 c0 00 d0 00 e0 00 f0 00 00 01 10 01  ................
0000adc0: 20 01 30 01 40 01 50 01 60 01 70 01 80 01 90 01   .0.@.P.`.p.....
0000add0: a0 01 b0 01 c0 01 d0 01 e0 01 f0 01 00 02 10 02  ................
0000ade0: 20 02 30 02 40 02 50 02 60 02 70 02 80 02 90 02   .0.@.P.`.p.....
0000adf0: a0 02 b0 02 c0 02 d0 02 e0 02 f0 02 00 03 10 03  ................
0000ae00: 20 03 30 03 40 03 50 03 60 03 70 03 80 03 90 03   .0.@.P.`.p.....
0000ae10: a0 03 b0 03 c0 03 d0 03 e0 03 f0 03 ff 03 00 00  ................
0000ae20: 10 00 20 00 30 00 40 00 50 00 60 00 70 00 80 00  .. .0.@.P.`.p...
0000ae30: 90 00 a0 00 b0 00 c0 00 d0 00 e0 00 f0 00 00 01  ................
0000ae40: 10 01 20 01 30 01 40 01 50 01 60 01 70 01 80 01  .. .0.@.P.`.p...
0000ae50: 90 01 a0 01 b0 01 c0 01 d0 01 e0 01 f0 01 00 02  ................
0000ae60: 10 02 20 02 30 02 40 02 50 02 60 02 70 02 80 02  .. .0.@.P.`.p...
0000ae70: 90 02 a0 02 b0 02 c0 02 d0 02 e0 02 f0 02 00 03  ................
0000ae80: 10 03 20 03 30 03 40 03 50 03 60 03 70 03 80 03  .. .0.@.P.`.p...
0000ae90: 90 03 a0 03 b0 03 c0 03 d0 03 e0 03 f0 03 ff 03  ................
0000aea0: 00 00 0c 00 14 00 1c 00 24 00 30 00 38 00 44 00  ........$.0.8.D.
0000aeb0: 50 00 5c 00 68 00 74 00 84 00 90 00 a0 00 b0 00  P.\.h.t.........
0000aec0: bc 00 cc 00 d8 00 e8 00 f8 00 04 01 14 01 24 01  ..............$.
0000aed0: 34 01 40 01 50 01 60 01 70 01 7c 01 8c 01 9c 01  4.@.P.`.p.|.....
0000aee0: ac 01 b8 01 c8 01 d8 01 e8 01 f8 01 08 02 18 02  ................
0000aef0: 24 02 34 02 44 02 54 02 64 02 78 02 88 02 98 02  $.4.D.T.d.x.....
0000af00: ac 02 bc 02 d0 02 e4 02 f8 02 0c 03 24 03 38 03  ............$.8.
0000af10: 4c 03 64 03 78 03 90 03 a8 03 bc 03 d4 03 ec 03  L.d.x...........
0000af20: ff 03 00 00 10 00 1c 00 28 00 38 00 44 00 50 00  ........(.8.D.P.
0000af30: 5c 00 6c 00 78 00 84 00 90 00 9c 00 a8 00 b4 00  \.l.x...........
0000af40: c0 00 cc 00 d4 00 e0 00 ec 00 f8 00 00 01 0c 01  ................
0000af50: 18 01 24 01 2c 01 38 01 44 01 50 01 5c 01 64 01  ..$.,.8.D.P.\.d.
0000af60: 70 01 7c 01 8c 01 98 01 a4 01 b0 01 c0 01 cc 01  p.|.............
0000af70: dc 01 ec 01 f8 01 08 02 18 02 2c 02 3c 02 4c 02  ..........,.<.L.
0000af80: 60 02 74 02 88 02 9c 02 b0 02 c8 02 e0 02 f4 02  `.t.............
0000af90: 10 03 28 03 40 03 5c 03 78 03 90 03 ac 03 c8 03  ..(.@.\.x.......
0000afa0: e4 03 ff 03 00 00 40 00 00 00 00 00 00 00 00 00  ......@.........
0000afb0: 00 00 00 00 00 00 00 00 00 00 00 00 00 00 00 00  ................
0000afc0: 00 00 00 00 00 00 40 00 00 00 00 00 00 00 00 00  ......@.........
0000afd0: 00 00 00 00 00 00 00 00 00 00 00 00 00 00 00 00  ................
0000afe0: 00 00 00 00 00 00 40 00 00 00 00 00 00 00 00 00  ......@.........
0000aff0: 00 00 00 00 00 00 00 00 00 00 00 00 00 00 00 00  ................
0000b000: 00 00 00 00 00 00 40 00 00 00 00 00 00 00 00 00  ......@.........
0000b010: 00 00 00 00 00 00 00 00 00 00 00 00 00 00 00 00  ................
0000b020: 00 00 00 00 00 00 07 00 0f 00 27 00 2f 00 40 00  ..........'./.@.
0000b030: 00 00 00 00 00 00 00 00 00 00 00 00 00 00 00 00  ................
0000b040: 00 00 00 00 00 00 0c 00 36 00 40 00 00 00 00 00  ........6.@.....
0000b050: 00 00 00 00 00 00 00 00 00 00 00 00 00 00 00 00  ................
0000b060: 00 00 00 00 00 00 00 00 08 00 00 01 1f 00 00 00  ................
0000b070: 01 00 00 00 00 00 00 00 60 00 c0 00 00 00 10 00  ........`.......
0000b080: 20 00 30 00 40 00 50 00 60 00 70 00 80 00 90 00   .0.@.P.`.p.....
0000b090: a0 00 b0 00 c0 00 d0 00 e0 00 f0 00 00 01 10 01  ................
0000b0a0: 20 01 30 01 40 01 50 01 60 01 70 01 80 01 90 01   .0.@.P.`.p.....
0000b0b0: a0 01 b0 01 c0 01 d0 01 e0 01 f0 01 00 02 10 02  ................
0000b0c0: 20 02 30 02 40 02 50 02 60 02 70 02 80 02 90 02   .0.@.P.`.p.....
0000b0d0: a0 02 b0 02 c0 02 d0 02 e0 02 f0 02 00 03 10 03  ................
0000b0e0: 20 03 30 03 40 03 50 03 60 03 70 03 80 03 90 03   .0.@.P.`.p.....
0000b0f0: a0 03 b0 03 c0 03 d0 03 e0 03 f0 03 ff 03 00 00  ................
0000b100: 10 00 20 00 30 00 40 00 50 00 60 00 70 00 80 00  .. .0.@.P.`.p...
0000b110: 90 00 a0 00 b0 00 c0 00 d0 00 e0 00 f0 00 00 01  ................
0000b120: 10 01 20 01 30 01 40 01 50 01 60 01 70 01 80 01  .. .0.@.P.`.p...
0000b130: 90 01 a0 01 b0 01 c0 01 d0 01 e0 01 f0 01 00 02  ................
0000b140: 10 02 20 02 30 02 40 02 50 02 60 02 70 02 80 02  .. .0.@.P.`.p...
0000b150: 90 02 a0 02 b0 02 c0 02 d0 02 e0 02 f0 02 00 03  ................
0000b160: 10 03 20 03 30 03 40 03 50 03 60 03 70 03 80 03  .. .0.@.P.`.p...
0000b170: 90 03 a0 03 b0 03 c0 03 d0 03 e0 03 f0 03 ff 03  ................
0000b180: 00 00 10 00 20 00 30 00 40 00 50 00 60 00 70 00  .... .0.@.P.`.p.
0000b190: 80 00 90 00 a0 00 b0 00 c0 00 d0 00 e0 00 f0 00  ................
0000b1a0: 00 01 10 01 20 01 30 01 40 01 50 01 60 01 70 01  .... .0.@.P.`.p.
0000b1b0: 80 01 90 01 a0 01 b0 01 c0 01 d0 01 e0 01 f0 01  ................
0000b1c0: 00 02 10 02 20 02 30 02 40 02 50 02 60 02 70 02  .... .0.@.P.`.p.
0000b1d0: 80 02 90 02 a0 02 b0 02 c0 02 d0 02 e0 02 f0 02  ................
0000b1e0: 00 03 10 03 20 03 30 03 40 03 50 03 60 03 70 03  .... .0.@.P.`.p.
0000b1f0: 80 03 90 03 a0 03 b0 03 c0 03 d0 03 e0 03 f0 03  ................
0000b200: ff 03 00 00 10 00 20 00 30 00 40 00 50 00 60 00  ...... .0.@.P.`.
0000b210: 70 00 80 00 90 00 a0 00 b0 00 c0 00 d0 00 e0 00  p...............
0000b220: f0 00 00 01 10 01 20 01 30 01 40 01 50 01 60 01  ...... .0.@.P.`.
0000b230: 70 01 80 01 90 01 a0 01 b0 01 c0 01 d0 01 e0 01  p...............
0000b240: f0 01 00 02 10 02 20 02 30 02 40 02 50 02 60 02  ...... .0.@.P.`.
0000b250: 70 02 80 02 90 02 a0 02 b0 02 c0 02 d0 02 e0 02  p...............
0000b260: f0 02 00 03 10 03 20 03 30 03 40 03 50 03 60 03  ...... .0.@.P.`.
0000b270: 70 03 80 03 90 03 a0 03 b0 03 c0 03 d0 03 e0 03  p...............
0000b280: f0 03 ff 03 00 00 0c 00 14 00 1c 00 28 00 30 00  ............(.0.
0000b290: 3c 00 48 00 54 00 60 00 6c 00 7c 00 88 00 98 00  <.H.T.`.l.|.....
0000b2a0: a4 00 b4 00 c0 00 d0 00 dc 00 ec 00 fc 00 08 01  ................
0000b2b0: 18 01 24 01 34 01 40 01 50 01 5c 01 6c 01 78 01  ..$.4.@.P.\.l.x.
0000b2c0: 88 01 98 01 a4 01 b4 01 c4 01 d0 01 e0 01 f0 01  ................
0000b2d0: 00 02 10 02 1c 02 2c 02 3c 02 50 02 60 02 70 02  ......,.<.P.`.p.
0000b2e0: 80 02 94 02 a4 02 b8 02 cc 02 e0 02 f4 02 0c 03  ................
0000b2f0: 20 03 34 03 4c 03 60 03 78 03 90 03 a4 03 bc 03   .4.L.`.x.......
0000b300: d4 03 ec 03 ff 03 00 00 08 00 10 00 18 00 20 00  .............. .
0000b310: 28 00 2c 00 34 00 3c 00 48 00 50 00 58 00 60 00  (.,.4.<.H.P.X.`.
0000b320: 6c 00 74 00 80 00 8c 00 94 00 a0 00 ac 00 b8 00  l.t.............
0000b330: c4 00 d4 00 e0 00 f0 00 fc 00 0c 01 18 01 28 01  ..............(.
0000b340: 38 01 48 01 58 01 68 01 78 01 88 01 9c 01 ac 01  8.H.X.h.x.......
0000b350: c0 01 d0 01 e4 01 f8 01 08 02 1c 02 30 02 44 02  ............0.D.
0000b360: 58 02 6c 02 84 02 98 02 ac 02 c4 02 d8 02 f0 02  X.l.............
0000b370: 04 03 1c 03 34 03 48 03 60 03 78 03 8c 03 a4 03  ....4.H.`.x.....
0000b380: bc 03 d4 03 ec 03 ff 03 00 00 40 00 00 00 00 00  ..........@.....
0000b390: 00 00 00 00 00 00 00 00 00 00 00 00 00 00 00 00  ................
0000b3a0: 00 00 00 00 00 00 00 00 00 00 40 00 00 00 00 00  ..........@.....
0000b3b0: 00 00 00 00 00 00 00 00 00 00 00 00 00 00 00 00  ................
0000b3c0: 00 00 00 00 00 00 00 00 00 00 40 00 00 00 00 00  ..........@.....
0000b3d0: 00 00 00 00 00 00 00 00 00 00 00 00 00 00 00 00  ................
0000b3e0: 00 00 00 00 00 00 00 00 00 00 40 00 00 00 00 00  ..........@.....
0000b3f0: 00 00 00 00 00 00 00 00 00 00 00 00 00 00 00 00  ................
0000b400: 00 00 00 00 00 00 00 00 00 00 06 00 0f 00 27 00  ..............'.
0000b410: 30 00 40 00 00 00 00 00 00 00 00 00 00 00 00 00  0.@.............
0000b420: 00 00 00 00 00 00 00 00 00 00 0b 00 2e 00 40 00  ..............@.
0000b430: 00 00 00 00 00 00 00 00 00 00 00 00 00 00 00 00  ................
0000b440: 00 00 00 00 00 00 00 00 00 00 00 00 08 00 00 01  ................
0000b450: 1f 00 00 00 01 00 00 00 00 00 00 00 60 00 96 00  ............`...
0000b460: 00 00 10 00 20 00 30 00 40 00 50 00 60 00 70 00  .... .0.@.P.`.p.
0000b470: 80 00 90 00 a0 00 b0 00 c0 00 d0 00 e0 00 f0 00  ................
0000b480: 00 01 10 01 20 01 30 01 40 01 50 01 60 01 70 01  .... .0.@.P.`.p.
0000b490: 80 01 90 01 a0 01 b0 01 c0 01 d0 01 e0 01 f0 01  ................
0000b4a0: 00 02 10 02 20 02 30 02 40 02 50 02 60 02 70 02  .... .0.@.P.`.p.
0000b4b0: 80 02 90 02 a0 02 b0 02 c0 02 d0 02 e0 02 f0 02  ................
0000b4c0: 00 03 10 03 20 03 30 03 40 03 50 03 60 03 70 03  .... .0.@.P.`.p.
0000b4d0: 80 03 90 03 a0 03 b0 03 c0 03 d0 03 e0 03 f0 03  ................
0000b4e0: ff 03 00 00 10 00 20 00 30 00 40 00 50 00 60 00  ...... .0.@.P.`.
0000b4f0: 70 00 80 00 90 00 a0 00 b0 00 c0 00 d0 00 e0 00  p...............
0000b500: f0 00 00 01 10 01 20 01 30 01 40 01 50 01 60 01  ...... .0.@.P.`.
0000b510: 70 01 80 01 90 01 a0 01 b0 01 c0 01 d0 01 e0 01  p...............
0000b520: f0 01 00 02 10 02 20 02 30 02 40 02 50 02 60 02  ...... .0.@.P.`.
0000b530: 70 02 80 02 90 02 a0 02 b0 02 c0 02 d0 02 e0 02  p...............
0000b540: f0 02 00 03 10 03 20 03 30 03 40 03 50 03 60 03  ...... .0.@.P.`.
0000b550: 70 03 80 03 90 03 a0 03 b0 03 c0 03 d0 03 e0 03  p...............
0000b560: f0 03 ff 03 00 00 10 00 20 00 30 00 40 00 50 00  ........ .0.@.P.
0000b570: 60 00 70 00 80 00 90 00 a0 00 b0 00 c0 00 d0 00  `.p.............
0000b580: e0 00 f0 00 00 01 10 01 20 01 30 01 40 01 50 01  ........ .0.@.P.
0000b590: 60 01 70 01 80 01 90 01 a0 01 b0 01 c0 01 d0 01  `.p.............
0000b5a0: e0 01 f0 01 00 02 10 02 20 02 30 02 40 02 50 02  ........ .0.@.P.
0000b5b0: 60 02 70 02 80 02 90 02 a0 02 b0 02 c0 02 d0 02  `.p.............
0000b5c0: e0 02 f0 02 00 03 10 03 20 03 30 03 40 03 50 03  ........ .0.@.P.
0000b5d0: 60 03 70 03 80 03 90 03 a0 03 b0 03 c0 03 d0 03  `.p.............
0000b5e0: e0 03 f0 03 ff 03 00 00 10 00 20 00 30 00 40 00  .......... .0.@.
0000b5f0: 50 00 60 00 70 00 80 00 90 00 a0 00 b0 00 c0 00  P.`.p...........
0000b600: d0 00 e0 00 f0 00 00 01 10 01 20 01 30 01 40 01  .......... .0.@.
0000b610: 50 01 60 01 70 01 80 01 90 01 a0 01 b0 01 c0 01  P.`.p...........
0000b620: d0 01 e0 01 f0 01 00 02 10 02 20 02 30 02 40 02  .......... .0.@.
0000b630: 50 02 60 02 70 02 80 02 90 02 a0 02 b0 02 c0 02  P.`.p...........
0000b640: d0 02 e0 02 f0 02 00 03 10 03 20 03 30 03 40 03  .......... .0.@.
0000b650: 50 03 60 03 70 03 80 03 90 03 a0 03 b0 03 c0 03  P.`.p...........
0000b660: d0 03 e0 03 f0 03 ff 03 00 00 10 00 1c 00 28 00  ..............(.
0000b670: 34 00 40 00 4c 00 58 00 60 00 6c 00 78 00 84 00  4.@.L.X.`.l.x...
0000b680: 8c 00 98 00 a4 00 ac 00 b8 00 c4 00 d0 00 dc 00  ................
0000b690: e8 00 f8 00 04 01 14 01 24 01 34 01 44 01 54 01  ........$.4.D.T.
0000b6a0: 64 01 78 01 88 01 9c 01 ac 01 c0 01 d4 01 e8 01  d.x.............
0000b6b0: fc 01 10 02 24 02 38 02 4c 02 60 02 74 02 8c 02  ....$.8.L.`.t...
0000b6c0: a0 02 b4 02 c8 02 dc 02 f0 02 04 03 14 03 28 03  ..............(.
0000b6d0: 38 03 4c 03 5c 03 6c 03 80 03 90 03 a0 03 b0 03  8.L.\.l.........
0000b6e0: c0 03 d0 03 e0 03 f0 03 ff 03 00 00 10 00 20 00  .............. .
0000b6f0: 30 00 3c 00 4c 00 5c 00 68 00 78 00 84 00 90 00  0.<.L.\.h.x.....
0000b700: 9c 00 ac 00 b8 00 c4 00 d0 00 d8 00 e4 00 f0 00  ................
0000b710: f8 00 04 01 10 01 18 01 24 01 2c 01 38 01 44 01  ........$.,.8.D.
0000b720: 4c 01 58 01 60 01 6c 01 78 01 84 01 90 01 9c 01  L.X.`.l.x.......
0000b730: a8 01 b4 01 c0 01 cc 01 dc 01 e8 01 f8 01 08 02  ................
0000b740: 18 02 28 02 38 02 4c 02 60 02 70 02 88 02 9c 02  ..(.8.L.`.p.....
0000b750: b0 02 c8 02 e0 02 f8 02 10 03 28 03 44 03 5c 03  ..........(.D.\.
0000b760: 78 03 94 03 b0 03 cc 03 e8 03 ff 03 00 00 40 00  x.............@.
0000b770: 00 00 00 00 00 00 00 00 00 00 00 00 00 00 00 00  ................
0000b780: 00 00 00 00 00 00 00 00 00 00 00 00 00 00 40 00  ..............@.
0000b790: 00 00 00 00 00 00 00 00 00 00 00 00 00 00 00 00  ................
0000b7a0: 00 00 00 00 00 00 00 00 00 00 00 00 00 00 40 00  ..............@.
0000b7b0: 00 00 00 00 00 00 00 00 00 00 00 00 00 00 00 00  ................
0000b7c0: 00 00 00 00 00 00 00 00 00 00 00 00 00 00 40 00  ..............@.
0000b7d0: 00 00 00 00 00 00 00 00 00 00 00 00 00 00 00 00  ................
0000b7e0: 00 00 00 00 00 00 00 00 00 00 00 00 00 00 08 00  ................
0000b7f0: 12 00 27 00 2e 00 40 00 00 00 00 00 00 00 00 00  ..'...@.........
0000b800: 00 00 00 00 00 00 00 00 00 00 00 00 00 00 0b 00  ................
0000b810: 32 00 40 00 00 00 00 00 00 00 00 00 00 00 00 00  2.@.............
0000b820: 00 00 00 00 00 00 00 00 00 00 00 00 00 00 00 00  ................
0000b830: 08 00 00 01 1f 00 00 00 01 00 00 00 00 00 00 00  ................
0000b840: 60 00 96 00 00 00 10 00 20 00 30 00 40 00 50 00  `....... .0.@.P.
0000b850: 60 00 70 00 80 00 90 00 a0 00 b0 00 c0 00 d0 00  `.p.............
0000b860: e0 00 f0 00 00 01 10 01 20 01 30 01 40 01 50 01  ........ .0.@.P.
0000b870: 60 01 70 01 80 01 90 01 a0 01 b0 01 c0 01 d0 01  `.p.............
0000b880: e0 01 f0 01 00 02 10 02 20 02 30 02 40 02 50 02  ........ .0.@.P.
0000b890: 60 02 70 02 80 02 90 02 a0 02 b0 02 c0 02 d0 02  `.p.............
0000b8a0: e0 02 f0 02 00 03 10 03 20 03 30 03 40 03 50 03  ........ .0.@.P.
0000b8b0: 60 03 70 03 80 03 90 03 a0 03 b0 03 c0 03 d0 03  `.p.............
0000b8c0: e0 03 f0 03 ff 03 00 00 10 00 20 00 30 00 40 00  .......... .0.@.
0000b8d0: 50 00 60 00 70 00 80 00 90 00 a0 00 b0 00 c0 00  P.`.p...........
0000b8e0: d0 00 e0 00 f0 00 00 01 10 01 20 01 30 01 40 01  .......... .0.@.
0000b8f0: 50 01 60 01 70 01 80 01 90 01 a0 01 b0 01 c0 01  P.`.p...........
0000b900: d0 01 e0 01 f0 01 00 02 10 02 20 02 30 02 40 02  .......... .0.@.
0000b910: 50 02 60 02 70 02 80 02 90 02 a0 02 b0 02 c0 02  P.`.p...........
0000b920: d0 02 e0 02 f0 02 00 03 10 03 20 03 30 03 40 03  .......... .0.@.
0000b930: 50 03 60 03 70 03 80 03 90 03 a0 03 b0 03 c0 03  P.`.p...........
0000b940: d0 03 e0 03 f0 03 ff 03 00 00 10 00 20 00 30 00  ............ .0.
0000b950: 40 00 50 00 60 00 70 00 80 00 90 00 a0 00 b0 00  @.P.`.p.........
0000b960: c0 00 d0 00 e0 00 f0 00 00 01 10 01 20 01 30 01  ............ .0.
0000b970: 40 01 50 01 60 01 70 01 80 01 90 01 a0 01 b0 01  @.P.`.p.........
0000b980: c0 01 d0 01 e0 01 f0 01 00 02 10 02 20 02 30 02  ............ .0.
0000b990: 40 02 50 02 60 02 70 02 80 02 90 02 a0 02 b0 02  @.P.`.p.........
0000b9a0: c0 02 d0 02 e0 02 f0 02 00 03 10 03 20 03 30 03  ............ .0.
0000b9b0: 40 03 50 03 60 03 70 03 80 03 90 03 a0 03 b0 03  @.P.`.p.........
0000b9c0: c0 03 d0 03 e0 03 f0 03 ff 03 00 00 10 00 20 00  .............. .
0000b9d0: 30 00 40 00 50 00 60 00 70 00 80 00 90 00 a0 00  0.@.P.`.p.......
0000b9e0: b0 00 c0 00 d0 00 e0 00 f0 00 00 01 10 01 20 01  .............. .
0000b9f0: 30 01 40 01 50 01 60 01 70 01 80 01 90 01 a0 01  0.@.P.`.p.......
0000ba00: b0 01 c0 01 d0 01 e0 01 f0 01 00 02 10 02 20 02  .............. .
0000ba10: 30 02 40 02 50 02 60 02 70 02 80 02 90 02 a0 02  0.@.P.`.p.......
0000ba20: b0 02 c0 02 d0 02 e0 02 f0 02 00 03 10 03 20 03  .............. .
0000ba30: 30 03 40 03 50 03 60 03 70 03 80 03 90 03 a0 03  0.@.P.`.p.......
0000ba40: b0 03 c0 03 d0 03 e0 03 f0 03 ff 03 00 00 10 00  ................
0000ba50: 20 00 2c 00 38 00 48 00 54 00 60 00 6c 00 78 00   .,.8.H.T.`.l.x.
0000ba60: 84 00 90 00 9c 00 a8 00 b0 00 bc 00 c4 00 d0 00  ................
0000ba70: dc 00 e4 00 f0 00 fc 00 08 01 14 01 20 01 2c 01  ............ .,.
0000ba80: 3c 01 48 01 58 01 68 01 74 01 88 01 98 01 a8 01  <.H.X.h.t.......
0000ba90: b8 01 cc 01 e0 01 f0 01 04 02 18 02 2c 02 40 02  ............,.@.
0000baa0: 54 02 68 02 80 02 94 02 a8 02 c0 02 d4 02 e8 02  T.h.............
0000bab0: fc 02 10 03 24 03 38 03 4c 03 5c 03 70 03 84 03  ....$.8.L.\.p...
0000bac0: 94 03 a8 03 b8 03 cc 03 e0 03 f0 03 ff 03 00 00  ................
0000bad0: 10 00 20 00 2c 00 38 00 48 00 54 00 64 00 70 00  .. .,.8.H.T.d.p.
0000bae0: 7c 00 88 00 98 00 a4 00 b0 00 b8 00 c4 00 d0 00  |...............
0000baf0: dc 00 e4 00 f0 00 f8 00 04 01 0c 01 14 01 20 01  .............. .
0000bb00: 28 01 30 01 3c 01 44 01 50 01 58 01 64 01 6c 01  (.0.<.D.P.X.d.l.
0000bb10: 78 01 84 01 90 01 9c 01 a8 01 b4 01 c0 01 d0 01  x...............
0000bb20: e0 01 f0 01 00 02 10 02 20 02 34 02 48 02 5c 02  ........ .4.H.\.
0000bb30: 70 02 88 02 9c 02 b4 02 d0 02 e8 02 04 03 1c 03  p...............
0000bb40: 38 03 54 03 70 03 8c 03 ac 03 c8 03 e4 03 ff 03  8.T.p...........
0000bb50: 00 00 40 00 00 00 00 00 00 00 00 00 00 00 00 00  ..@.............
0000bb60: 00 00 00 00 00 00 00 00 00 00 00 00 00 00 00 00  ................
0000bb70: 00 00 40 00 00 00 00 00 00 00 00 00 00 00 00 00  ..@.............
0000bb80: 00 00 00 00 00 00 00 00 00 00 00 00 00 00 00 00  ................
0000bb90: 00 00 40 00 00 00 00 00 00 00 00 00 00 00 00 00  ..@.............
0000bba0: 00 00 00 00 00 00 00 00 00 00 00 00 00 00 00 00  ................
0000bbb0: 00 00 40 00 00 00 00 00 00 00 00 00 00 00 00 00  ..@.............
0000bbc0: 00 00 00 00 00 00 00 00 00 00 00 00 00 00 00 00  ................
0000bbd0: 00 00 08 00 18 00 28 00 31 00 40 00 00 00 00 00  ......(.1.@.....
0000bbe0: 00 00 00 00 00 00 00 00 00 00 00 00 00 00 00 00  ................
0000bbf0: 00 00 0e 00 31 00 40 00 00 00 00 00 00 00 00 00  ....1.@.........
0000bc00: 00 00 00 00 00 00 00 00 00 00 00 00 00 00 00 00  ................
0000bc10: 00 00 00 00 08 00 00 01 1f 00 00 00 01 00 00 00  ................
0000bc20: 00 00 00 00 60 00 96 00 00 00 10 00 20 00 30 00  ....`....... .0.
0000bc30: 40 00 50 00 60 00 70 00 80 00 90 00 a0 00 b0 00  @.P.`.p.........
0000bc40: c0 00 d0 00 e0 00 f0 00 00 01 10 01 20 01 30 01  ............ .0.
0000bc50: 40 01 50 01 60 01 70 01 80 01 90 01 a0 01 b0 01  @.P.`.p.........
0000bc60: c0 01 d0 01 e0 01 f0 01 00 02 10 02 20 02 30 02  ............ .0.
0000bc70: 40 02 50 02 60 02 70 02 80 02 90 02 a0 02 b0 02  @.P.`.p.........
0000bc80: c0 02 d0 02 e0 02 f0 02 00 03 10 03 20 03 30 03  ............ .0.
0000bc90: 40 03 50 03 60 03 70 03 80 03 90 03 a0 03 b0 03  @.P.`.p.........
0000bca0: c0 03 d0 03 e0 03 f0 03 ff 03 00 00 10 00 20 00  .............. .
0000bcb0: 30 00 40 00 50 00 60 00 70 00 80 00 90 00 a0 00  0.@.P.`.p.......
0000bcc0: b0 00 c0 00 d0 00 e0 00 f0 00 00 01 10 01 20 01  .............. .
0000bcd0: 30 01 40 01 50 01 60 01 70 01 80 01 90 01 a0 01  0.@.P.`.p.......
0000bce0: b0 01 c0 01 d0 01 e0 01 f0 01 00 02 10 02 20 02  .............. .
0000bcf0: 30 02 40 02 50 02 60 02 70 02 80 02 90 02 a0 02  0.@.P.`.p.......
0000bd00: b0 02 c0 02 d0 02 e0 02 f0 02 00 03 10 03 20 03  .............. .
0000bd10: 30 03 40 03 50 03 60 03 70 03 80 03 90 03 a0 03  0.@.P.`.p.......
0000bd20: b0 03 c0 03 d0 03 e0 03 f0 03 ff 03 00 00 10 00  ................
0000bd30: 20 00 30 00 40 00 50 00 60 00 70 00 80 00 90 00   .0.@.P.`.p.....
0000bd40: a0 00 b0 00 c0 00 d0 00 e0 00 f0 00 00 01 10 01  ................
0000bd50: 20 01 30 01 40 01 50 01 60 01 70 01 80 01 90 01   .0.@.P.`.p.....
0000bd60: a0 01 b0 01 c0 01 d0 01 e0 01 f0 01 00 02 10 02  ................
0000bd70: 20 02 30 02 40 02 50 02 60 02 70 02 80 02 90 02   .0.@.P.`.p.....
0000bd80: a0 02 b0 02 c0 02 d0 02 e0 02 f0 02 00 03 10 03  ................
0000bd90: 20 03 30 03 40 03 50 03 60 03 70 03 80 03 90 03   .0.@.P.`.p.....
0000bda0: a0 03 b0 03 c0 03 d0 03 e0 03 f0 03 ff 03 00 00  ................
0000bdb0: 10 00 20 00 30 00 40 00 50 00 60 00 70 00 80 00  .. .0.@.P.`.p...
0000bdc0: 90 00 a0 00 b0 00 c0 00 d0 00 e0 00 f0 00 00 01  ................
0000bdd0: 10 01 20 01 30 01 40 01 50 01 60 01 70 01 80 01  .. .0.@.P.`.p...
0000bde0: 90 01 a0 01 b0 01 c0 01 d0 01 e0 01 f0 01 00 02  ................
0000bdf0: 10 02 20 02 30 02 40 02 50 02 60 02 70 02 80 02  .. .0.@.P.`.p...
0000be00: 90 02 a0 02 b0 02 c0 02 d0 02 e0 02 f0 02 00 03  ................
0000be10: 10 03 20 03 30 03 40 03 50 03 60 03 70 03 80 03  .. .0.@.P.`.p...
0000be20: 90 03 a0 03 b0 03 c0 03 d0 03 e0 03 f0 03 ff 03  ................
0000be30: 00 00 10 00 20 00 30 00 40 00 4c 00 5c 00 68 00  .... .0.@.L.\.h.
0000be40: 74 00 80 00 8c 00 98 00 a0 00 ac 00 b8 00 c4 00  t...............
0000be50: d0 00 d8 00 e4 00 f0 00 fc 00 08 01 14 01 20 01  .............. .
0000be60: 28 01 34 01 40 01 4c 01 5c 01 68 01 74 01 80 01  (.4.@.L.\.h.t...
0000be70: 90 01 a0 01 b0 01 c0 01 d0 01 e0 01 f4 01 08 02  ................
0000be80: 1c 02 30 02 48 02 60 02 78 02 94 02 b0 02 cc 02  ..0.H.`.x.......
0000be90: e8 02 04 03 20 03 38 03 50 03 68 03 7c 03 90 03  .... .8.P.h.|...
0000bea0: a0 03 b0 03 bc 03 cc 03 d8 03 e4 03 ec 03 f8 03  ................
0000beb0: ff 03 00 00 0c 00 14 00 1c 00 24 00 2c 00 34 00  ..........$.,.4.
0000bec0: 3c 00 44 00 4c 00 54 00 5c 00 68 00 70 00 78 00  <.D.L.T.\.h.p.x.
0000bed0: 80 00 88 00 94 00 9c 00 a4 00 b0 00 b8 00 c4 00  ................
0000bee0: cc 00 d8 00 e0 00 ec 00 f8 00 00 01 0c 01 18 01  ................
0000bef0: 24 01 30 01 3c 01 48 01 54 01 60 01 70 01 7c 01  $.0.<.H.T.`.p.|.
0000bf00: 88 01 98 01 a8 01 b4 01 c4 01 d4 01 e8 01 f8 01  ................
0000bf10: 0c 02 20 02 38 02 4c 02 68 02 80 02 9c 02 b8 02  .. .8.L.h.......
0000bf20: d8 02 f8 02 14 03 38 03 58 03 78 03 9c 03 bc 03  ......8.X.x.....
0000bf30: e0 03 ff 03 00 00 40 00 00 00 00 00 00 00 00 00  ......@.........
0000bf40: 00 00 00 00 00 00 00 00 00 00 00 00 00 00 00 00  ................
0000bf50: 00 00 00 00 00 00 40 00 00 00 00 00 00 00 00 00  ......@.........
0000bf60: 00 00 00 00 00 00 00 00 00 00 00 00 00 00 00 00  ................
0000bf70: 00 00 00 00 00 00 40 00 00 00 00 00 00 00 00 00  ......@.........
0000bf80: 00 00 00 00 00 00 00 00 00 00 00 00 00 00 00 00  ................
0000bf90: 00 00 00 00 00 00 40 00 00 00 00 00 00 00 00 00  ......@.........
0000bfa0: 00 00 00 00 00 00 00 00 00 00 00 00 00 00 00 00  ................
0000bfb0: 00 00 00 00 00 00 06 00 0c 00 18 00 2c 00 34 00  ............,.4.
0000bfc0: 40 00 00 00 00 00 00 00 00 00 00 00 00 00 00 00  @...............
0000bfd0: 00 00 00 00 00 00 27 00 31 00 40 00 00 00 00 00  ......'.1.@.....
0000bfe0: 00 00 00 00 00 00 00 00 00 00 00 00 00 00 00 00  ................
0000bff0: 00 00 00 00 00 00 00 00 08 00 00 01 1f 00 00 00  ................
0000c000: 01 00 00 00 00 00 00 00 60 00 c0 00 00 00 10 00  ........`.......
0000c010: 20 00 30 00 40 00 50 00 60 00 70 00 80 00 90 00   .0.@.P.`.p.....
0000c020: a0 00 b0 00 c0 00 d0 00 e0 00 f0 00 00 01 10 01  ................
0000c030: 20 01 30 01 40 01 50 01 60 01 70 01 80 01 90 01   .0.@.P.`.p.....
0000c040: a0 01 b0 01 c0 01 d0 01 e0 01 f0 01 00 02 10 02  ................
0000c050: 20 02 30 02 40 02 50 02 60 02 70 02 80 02 90 02   .0.@.P.`.p.....
0000c060: a0 02 b0 02 c0 02 d0 02 e0 02 f0 02 00 03 10 03  ................
0000c070: 20 03 30 03 40 03 50 03 60 03 70 03 80 03 90 03   .0.@.P.`.p.....
0000c080: a0 03 b0 03 c0 03 d0 03 e0 03 f0 03 ff 03 00 00  ................
0000c090: 10 00 20 00 30 00 40 00 50 00 60 00 70 00 80 00  .. .0.@.P.`.p...
0000c0a0: 90 00 a0 00 b0 00 c0 00 d0 00 e0 00 f0 00 00 01  ................
0000c0b0: 10 01 20 01 30 01 40 01 50 01 60 01 70 01 80 01  .. .0.@.P.`.p...
0000c0c0: 90 01 a0 01 b0 01 c0 01 d0 01 e0 01 f0 01 00 02  ................
0000c0d0: 10 02 20 02 30 02 40 02 50 02 60 02 70 02 80 02  .. .0.@.P.`.p...
0000c0e0: 90 02 a0 02 b0 02 c0 02 d0 02 e0 02 f0 02 00 03  ................
0000c0f0: 10 03 20 03 30 03 40 03 50 03 60 03 70 03 80 03  .. .0.@.P.`.p...
0000c100: 90 03 a0 03 b0 03 c0 03 d0 03 e0 03 f0 03 ff 03  ................
0000c110: 00 00 10 00 20 00 30 00 40 00 50 00 60 00 70 00  .... .0.@.P.`.p.
0000c120: 80 00 90 00 a0 00 b0 00 c0 00 d0 00 e0 00 f0 00  ................
0000c130: 00 01 10 01 20 01 30 01 40 01 50 01 60 01 70 01  .... .0.@.P.`.p.
0000c140: 80 01 90 01 a0 01 b0 01 c0 01 d0 01 e0 01 f0 01  ................
0000c150: 00 02 10 02 20 02 30 02 40 02 50 02 60 02 70 02  .... .0.@.P.`.p.
0000c160: 80 02 90 02 a0 02 b0 02 c0 02 d0 02 e0 02 f0 02  ................
0000c170: 00 03 10 03 20 03 30 03 40 03 50 03 60 03 70 03  .... .0.@.P.`.p.
0000c180: 80 03 90 03 a0 03 b0 03 c0 03 d0 03 e0 03 f0 03  ................
0000c190: ff 03 00 00 10 00 20 00 30 00 40 00 50 00 60 00  ...... .0.@.P.`.
0000c1a0: 70 00 80 00 90 00 a0 00 b0 00 c0 00 d0 00 e0 00  p...............
0000c1b0: f0 00 00 01 10 01 20 01 30 01 40 01 50 01 60 01  ...... .0.@.P.`.
0000c1c0: 70 01 80 01 90 01 a0 01 b0 01 c0 01 d0 01 e0 01  p...............
0000c1d0: f0 01 00 02 10 02 20 02 30 02 40 02 50 02 60 02  ...... .0.@.P.`.
0000c1e0: 70 02 80 02 90 02 a0 02 b0 02 c0 02 d0 02 e0 02  p...............
0000c1f0: f0 02 00 03 10 03 20 03 30 03 40 03 50 03 60 03  ...... .0.@.P.`.
0000c200: 70 03 80 03 90 03 a0 03 b0 03 c0 03 d0 03 e0 03  p...............
0000c210: f0 03 ff 03 00 00 10 00 1c 00 28 00 34 00 44 00  ..........(.4.D.
0000c220: 50 00 5c 00 68 00 78 00 84 00 90 00 9c 00 ac 00  P.\.h.x.........
0000c230: b8 00 c8 00 d4 00 e0 00 f0 00 fc 00 0c 01 18 01  ................
0000c240: 28 01 34 01 44 01 54 01 60 01 70 01 80 01 90 01  (.4.D.T.`.p.....
0000c250: a0 01 b0 01 bc 01 cc 01 e0 01 f0 01 00 02 10 02  ................
0000c260: 20 02 34 02 44 02 54 02 68 02 78 02 8c 02 9c 02   .4.D.T.h.x.....
0000c270: b0 02 c0 02 d4 02 e4 02 f8 02 0c 03 1c 03 30 03  ..............0.
0000c280: 44 03 54 03 68 03 7c 03 90 03 a4 03 b4 03 c8 03  D.T.h.|.........
0000c290: dc 03 f0 03 ff 03 00 00 10 00 20 00 30 00 40 00  .......... .0.@.
0000c2a0: 50 00 60 00 70 00 80 00 90 00 a0 00 b0 00 c0 00  P.`.p...........
0000c2b0: d0 00 e0 00 f0 00 00 01 10 01 20 01 30 01 40 01  .......... .0.@.
0000c2c0: 50 01 60 01 70 01 80 01 90 01 a0 01 b0 01 c0 01  P.`.p...........
0000c2d0: d0 01 e0 01 f0 01 00 02 10 02 20 02 30 02 40 02  .......... .0.@.
0000c2e0: 50 02 60 02 70 02 80 02 90 02 a0 02 b0 02 c0 02  P.`.p...........
0000c2f0: d0 02 e0 02 f0 02 00 03 10 03 20 03 30 03 40 03  .......... .0.@.
0000c300: 50 03 60 03 70 03 80 03 90 03 a0 03 b0 03 c0 03  P.`.p...........
0000c310: d0 03 e0 03 f0 03 ff 03 00 00 40 00 00 00 00 00  ..........@.....
0000c320: 00 00 00 00 00 00 00 00 00 00 00 00 00 00 00 00  ................
0000c330: 00 00 00 00 00 00 00 00 00 00 40 00 00 00 00 00  ..........@.....
0000c340: 00 00 00 00 00 00 00 00 00 00 00 00 00 00 00 00  ................
0000c350: 00 00 00 00 00 00 00 00 00 00 40 00 00 00 00 00  ..........@.....
0000c360: 00 00 00 00 00 00 00 00 00 00 00 00 00 00 00 00  ................
0000c370: 00 00 00 00 00 00 00 00 00 00 40 00 00 00 00 00  ..........@.....
0000c380: 00 00 00 00 00 00 00 00 00 00 00 00 00 00 00 00  ................
0000c390: 00 00 00 00 00 00 00 00 00 00 21 00 40 00 00 00  ..........!.@...
0000c3a0: 00 00 00 00 00 00 00 00 00 00 00 00 00 00 00 00  ................
0000c3b0: 00 00 00 00 00 00 00 00 00 00 40 00 00 00 00 00  ..........@.....
0000c3c0: 00 00 00 00 00 00 00 00 00 00 00 00 00 00 00 00  ................
0000c3d0: 00 00 00 00 00 00 00 00 00 00 00 00 08 00 00 01  ................
0000c3e0: 00 00 00 00 00 00 00 00 00 00 00 00 00 00 00 00  ................
0000c3f0: 00 00 10 00 20 00 30 00 40 00 50 00 60 00 70 00  .... .0.@.P.`.p.
0000c400: 80 00 90 00 a0 00 b0 00 c0 00 d0 00 e0 00 f0 00  ................
0000c410: 00 01 10 01 20 01 30 01 40 01 50 01 60 01 70 01  .... .0.@.P.`.p.
0000c420: 80 01 90 01 a0 01 b0 01 c0 01 d0 01 e0 01 f0 01  ................
0000c430: 00 02 10 02 20 02 30 02 40 02 50 02 60 02 70 02  .... .0.@.P.`.p.
0000c440: 80 02 90 02 a0 02 b0 02 c0 02 d0 02 e0 02 f0 02  ................
0000c450: 00 03 10 03 20 03 30 03 40 03 50 03 60 03 70 03  .... .0.@.P.`.p.
0000c460: 80 03 90 03 a0 03 b0 03 c0 03 d0 03 e0 03 f0 03  ................
0000c470: ff 03 00 00 10 00 20 00 30 00 40 00 50 00 60 00  ...... .0.@.P.`.
0000c480: 70 00 80 00 90 00 a0 00 b0 00 c0 00 d0 00 e0 00  p...............
0000c490: f0 00 00 01 10 01 20 01 30 01 40 01 50 01 60 01  ...... .0.@.P.`.
0000c4a0: 70 01 80 01 90 01 a0 01 b0 01 c0 01 d0 01 e0 01  p...............
0000c4b0: f0 01 00 02 10 02 20 02 30 02 40 02 50 02 60 02  ...... .0.@.P.`.
0000c4c0: 70 02 80 02 90 02 a0 02 b0 02 c0 02 d0 02 e0 02  p...............
0000c4d0: f0 02 00 03 10 03 20 03 30 03 40 03 50 03 60 03  ...... .0.@.P.`.
0000c4e0: 70 03 80 03 90 03 a0 03 b0 03 c0 03 d0 03 e0 03  p...............
0000c4f0: f0 03 ff 03 00 00 10 00 20 00 30 00 40 00 50 00  ........ .0.@.P.
0000c500: 60 00 70 00 80 00 90 00 a0 00 b0 00 c0 00 d0 00  `.p.............
0000c510: e0 00 f0 00 00 01 10 01 20 01 30 01 40 01 50 01  ........ .0.@.P.
0000c520: 60 01 70 01 80 01 90 01 a0 01 b0 01 c0 01 d0 01  `.p.............
0000c530: e0 01 f0 01 00 02 10 02 20 02 30 02 40 02 50 02  ........ .0.@.P.
0000c540: 60 02 70 02 80 02 90 02 a0 02 b0 02 c0 02 d0 02  `.p.............
0000c550: e0 02 f0 02 00 03 10 03 20 03 30 03 40 03 50 03  ........ .0.@.P.
0000c560: 60 03 70 03 80 03 90 03 a0 03 b0 03 c0 03 d0 03  `.p.............
0000c570: e0 03 f0 03 ff 03 00 00 10 00 20 00 30 00 40 00  .......... .0.@.
0000c580: 50 00 60 00 70 00 80 00 90 00 a0 00 b0 00 c0 00  P.`.p...........
0000c590: d0 00 e0 00 f0 00 00 01 10 01 20 01 30 01 40 01  .......... .0.@.
0000c5a0: 50 01 60 01 70 01 80 01 90 01 a0 01 b0 01 c0 01  P.`.p...........
0000c5b0: d0 01 e0 01 f0 01 00 02 10 02 20 02 30 02 40 02  .......... .0.@.
0000c5c0: 50 02 60 02 70 02 80 02 90 02 a0 02 b0 02 c0 02  P.`.p...........
0000c5d0: d0 02 e0 02 f0 02 00 03 10 03 20 03 30 03 40 03  .......... .0.@.
0000c5e0: 50 03 60 03 70 03 80 03 90 03 a0 03 b0 03 c0 03  P.`.p...........
0000c5f0: d0 03 e0 03 f0 03 ff 03 00 00 10 00 20 00 30 00  ............ .0.
0000c600: 40 00 50 00 60 00 70 00 80 00 90 00 a0 00 b0 00  @.P.`.p.........
0000c610: c0 00 d0 00 e0 00 f0 00 00 01 10 01 20 01 30 01  ............ .0.
0000c620: 40 01 50 01 60 01 70 01 80 01 90 01 a0 01 b0 01  @.P.`.p.........
0000c630: c0 01 d0 01 e0 01 f0 01 00 02 10 02 20 02 30 02  ............ .0.
0000c640: 40 02 50 02 60 02 70 02 80 02 90 02 a0 02 b0 02  @.P.`.p.........
0000c650: c0 02 d0 02 e0 02 f0 02 00 03 10 03 20 03 30 03  ............ .0.
0000c660: 40 03 50 03 60 03 70 03 80 03 90 03 a0 03 b0 03  @.P.`.p.........
0000c670: c0 03 d0 03 e0 03 f0 03 ff 03 00 00 10 00 20 00  .............. .
0000c680: 30 00 40 00 50 00 60 00 70 00 80 00 90 00 a0 00  0.@.P.`.p.......
0000c690: b0 00 c0 00 d0 00 e0 00 f0 00 00 01 10 01 20 01  .............. .
0000c6a0: 30 01 40 01 50 01 60 01 70 01 80 01 90 01 a0 01  0.@.P.`.p.......
0000c6b0: b0 01 c0 01 d0 01 e0 01 f0 01 00 02 10 02 20 02  .............. .
0000c6c0: 30 02 40 02 50 02 60 02 70 02 80 02 90 02 a0 02  0.@.P.`.p.......
0000c6d0: b0 02 c0 02 d0 02 e0 02 f0 02 00 03 10 03 20 03  .............. .
0000c6e0: 30 03 40 03 50 03 60 03 70 03 80 03 90 03 a0 03  0.@.P.`.p.......
0000c6f0: b0 03 c0 03 d0 03 e0 03 f0 03 ff 03 00 00 40 00  ..............@.
0000c700: 00 00 00 00 00 00 00 00 00 00 00 00 00 00 00 00  ................
0000c710: 00 00 00 00 00 00 00 00 00 00 00 00 00 00 40 00  ..............@.
0000c720: 00 00 00 00 00 00 00 00 00 00 00 00 00 00 00 00  ................
0000c730: 00 00 00 00 00 00 00 00 00 00 00 00 00 00 40 00  ..............@.
0000c740: 00 00 00 00 00 00 00 00 00 00 00 00 00 00 00 00  ................
0000c750: 00 00 00 00 00 00 00 00 00 00 00 00 00 00 08 00  ................
0000c760: 10 00 18 00 20 00 28 00 30 00 38 00 00 00 00 00  .... .(.0.8.....
0000c770: 00 00 00 00 00 00 00 00 00 00 00 00 00 00 08 00  ................
0000c780: 10 00 18 00 20 00 28 00 30 00 38 00 00 00 00 00  .... .(.0.8.....
0000c790: 00 00 00 00 00 00 00 00 00 00 00 00 00 00 08 00  ................
0000c7a0: 10 00 18 00 20 00 28 00 30 00 38 00 00 00 00 00  .... .(.0.8.....
0000c7b0: 00 00 00 00 00 00 00 00 00 00 00 00 00 00 00 00  ................
0000c7c0: 01 00 00 00 0b 00 58 2b 01 00 01 00 04 00 01 00  ......X+........
0000c7d0: 02 00 03 00 01 00 18 00 00 00 00 00 00 00 00 00  ................
0000c7e0: ff ff fd ff fc ff fa ff f9 ff f7 ff f6 ff f4 ff  ................
0000c7f0: f3 ff f1 ff f0 ff ee ff ed ff eb ff ea ff e8 ff  ................
0000c800: e7 ff e5 ff e4 ff e2 ff e1 ff df ff de ff dc ff  ................
0000c810: db ff d9 ff d8 ff d6 ff d5 ff d3 ff d2 ff d0 ff  ................
0000c820: cf ff cd ff cc ff ca ff c9 ff c7 ff c6 ff c4 ff  ................
0000c830: c3 ff c1 ff c0 ff be ff bd ff bb ff ba ff b8 ff  ................
0000c840: b7 ff b5 ff b4 ff b2 ff b1 ff af ff ae ff ac ff  ................
0000c850: ab ff a9 ff a8 ff a6 ff a5 ff a6 ff a8 ff a9 ff  ................
0000c860: ab ff ac ff ae ff af ff b1 ff b2 ff b4 ff b5 ff  ................
0000c870: b7 ff b8 ff ba ff bb ff bd ff be ff c0 ff c1 ff  ................
0000c880: c3 ff c4 ff c6 ff c7 ff c9 ff ca ff cc ff cd ff  ................
0000c890: cf ff d0 ff d2 ff d3 ff d5 ff d6 ff d8 ff d9 ff  ................
0000c8a0: db ff dc ff de ff df ff e1 ff e2 ff e4 ff e5 ff  ................
0000c8b0: e7 ff e8 ff ea ff eb ff ed ff ee ff f0 ff f1 ff  ................
0000c8c0: f3 ff f4 ff f6 ff f7 ff f9 ff fa ff fc ff fd ff  ................
0000c8d0: ff ff 00 00 00 00 00 00 00 00 00 00 00 00 00 00  ................
0000c8e0: 00 00 00 00 00 00 00 00 01 00 03 00 04 00 06 00  ................
0000c8f0: 07 00 09 00 0a 00 0c 00 0d 00 0f 00 10 00 12 00  ................
0000c900: 13 00 15 00 16 00 18 00 19 00 1b 00 1c 00 1e 00  ................
0000c910: 1f 00 21 00 22 00 24 00 25 00 27 00 28 00 2a 00  ..!.".$.%.'.(.*.
0000c920: 2b 00 2d 00 2e 00 30 00 31 00 33 00 34 00 36 00  +.-...0.1.3.4.6.
0000c930: 37 00 39 00 3a 00 3c 00 3d 00 3f 00 40 00 42 00  7.9.:.<.=.?.@.B.
0000c940: 43 00 45 00 46 00 48 00 49 00 4b 00 4c 00 4e 00  C.E.F.H.I.K.L.N.
0000c950: 4f 00 51 00 52 00 54 00 55 00 57 00 58 00 5a 00  O.Q.R.T.U.W.X.Z.
0000c960: 5b 00 5a 00 58 00 57 00 55 00 54 00 52 00 51 00  [.Z.X.W.U.T.R.Q.
0000c970: 4f 00 4e 00 4c 00 4b 00 49 00 48 00 46 00 45 00  O.N.L.K.I.H.F.E.
0000c980: 43 00 42 00 40 00 3f 00 3d 00 3c 00 3a 00 39 00  C.B.@.?.=.<.:.9.
0000c990: 37 00 36 00 34 00 33 00 31 00 30 00 2e 00 2d 00  7.6.4.3.1.0...-.
0000c9a0: 2b 00 2a 00 28 00 27 00 25 00 24 00 22 00 21 00  +.*.(.'.%.$.".!.
0000c9b0: 1f 00 1e 00 1c 00 1b 00 19 00 18 00 16 00 15 00  ................
0000c9c0: 13 00 12 00 10 00 0f 00 0d 00 0c 00 0a 00 09 00  ................
0000c9d0: 07 00 06 00 04 00 03 00 01 00 00 00 00 00 00 00  ................
0000c9e0: ff ff fd ff fc ff fa ff f9 ff f7 ff f6 ff f4 ff  ................
0000c9f0: f3 ff f1 ff f0 ff ee ff ed ff eb ff ea ff e8 ff  ................
0000ca00: e7 ff e5 ff e4 ff e2 ff e1 ff df ff de ff dc ff  ................
0000ca10: db ff d9 ff d8 ff d6 ff d5 ff d3 ff d2 ff d0 ff  ................
0000ca20: cf ff cd ff cc ff ca ff c9 ff c7 ff c6 ff c4 ff  ................
0000ca30: c3 ff c1 ff c0 ff be ff bd ff bb ff ba ff b8 ff  ................
0000ca40: b7 ff b5 ff b4 ff b2 ff b1 ff af ff ae ff ac ff  ................
0000ca50: ab ff a9 ff a8 ff a6 ff a5 ff a6 ff a8 ff a9 ff  ................
0000ca60: ab ff ac ff ae ff af ff b1 ff b2 ff b4 ff b5 ff  ................
0000ca70: b7 ff b8 ff ba ff bb ff bd ff be ff c0 ff c1 ff  ................
0000ca80: c3 ff c4 ff c6 ff c7 ff c9 ff ca ff cc ff cd ff  ................
0000ca90: cf ff d0 ff d2 ff d3 ff d5 ff d6 ff d8 ff d9 ff  ................
0000caa0: db ff dc ff de ff df ff e1 ff e2 ff e4 ff e5 ff  ................
0000cab0: e7 ff e8 ff ea ff eb ff ed ff ee ff f0 ff f1 ff  ................
0000cac0: f3 ff f4 ff f6 ff f7 ff f9 ff fa ff fc ff fd ff  ................
0000cad0: ff ff 00 00 00 00 00 00 00 00 00 00 00 00 00 00  ................
0000cae0: 00 00 00 00 00 00 00 00 01 00 03 00 04 00 06 00  ................
0000caf0: 07 00 09 00 0a 00 0c 00 0d 00 0f 00 10 00 12 00  ................
0000cb00: 13 00 15 00 16 00 18 00 19 00 1b 00 1c 00 1e 00  ................
0000cb10: 1f 00 21 00 22 00 24 00 25 00 27 00 28 00 2a 00  ..!.".$.%.'.(.*.
0000cb20: 2b 00 2d 00 2e 00 30 00 31 00 33 00 34 00 36 00  +.-...0.1.3.4.6.
0000cb30: 37 00 39 00 3a 00 3c 00 3d 00 3f 00 40 00 42 00  7.9.:.<.=.?.@.B.
0000cb40: 43 00 45 00 46 00 48 00 49 00 4b 00 4c 00 4e 00  C.E.F.H.I.K.L.N.
0000cb50: 4f 00 51 00 52 00 54 00 55 00 57 00 58 00 5a 00  O.Q.R.T.U.W.X.Z.
0000cb60: 5b 00 5a 00 58 00 57 00 55 00 54 00 52 00 51 00  [.Z.X.W.U.T.R.Q.
0000cb70: 4f 00 4e 00 4c 00 4b 00 49 00 48 00 46 00 45 00  O.N.L.K.I.H.F.E.
0000cb80: 43 00 42 00 40 00 3f 00 3d 00 3c 00 3a 00 39 00  C.B.@.?.=.<.:.9.
0000cb90: 37 00 36 00 34 00 33 00 31 00 30 00 2e 00 2d 00  7.6.4.3.1.0...-.
0000cba0: 2b 00 2a 00 28 00 27 00 25 00 24 00 22 00 21 00  +.*.(.'.%.$.".!.
0000cbb0: 1f 00 1e 00 1c 00 1b 00 19 00 18 00 16 00 15 00  ................
0000cbc0: 13 00 12 00 10 00 0f 00 0d 00 0c 00 0a 00 09 00  ................
0000cbd0: 07 00 06 00 04 00 03 00 01 00 00 00 00 00 10 00  ................
0000cbe0: 20 00 30 00 40 00 50 00 60 00 70 00 80 00 90 00   .0.@.P.`.p.....
0000cbf0: a0 00 b0 00 c0 00 d0 00 e0 00 f0 00 00 00 10 00  ................
0000cc00: 20 00 30 00 40 00 50 00 60 00 70 00 80 00 90 00   .0.@.P.`.p.....
0000cc10: a0 00 b0 00 c0 00 d0 00 e0 00 f0 00 01 00 04 00  ................
0000cc20: 01 00 03 00 02 00 01 00 18 00 00 00 01 00 9c ff  ................
0000cc30: 9c ff 9c ff 9c ff 9c ff 9c ff 9c ff 9d ff 9d ff  ................
0000cc40: 9d ff 9d ff 9d ff 9d ff 9d ff 9d ff 9d ff 9d ff  ................
0000cc50: 9d ff 9d ff 9d ff 9d ff 9d ff 9d ff 9d ff 9d ff  ................
0000cc60: 9d ff 9d ff 9d ff 9d ff 9d ff 9d ff 9d ff 9d ff  ................
0000cc70: 9d ff 9d ff 9d ff 9d ff 9d ff 9d ff 9d ff 9d ff  ................
0000cc80: 9d ff 9d ff 9d ff 9d ff 9c ff 9c ff 9c ff 9c ff  ................
0000cc90: 9c ff 9c ff 9c ff 9b ff 9b ff 9b ff 9b ff 9a ff  ................
0000cca0: 9a ff 9a ff 9a ff 99 ff 99 ff 99 ff 99 ff 98 ff  ................
0000ccb0: 98 ff 98 ff 97 ff 97 ff 96 ff 96 ff 96 ff 96 ff  ................
0000ccc0: 95 ff 95 ff 95 ff 95 ff 95 ff 95 ff 95 ff 95 ff  ................
0000ccd0: 95 ff 96 ff 96 ff 97 ff 97 ff 98 ff 99 ff 9a ff  ................
0000cce0: 9b ff 9d ff 9e ff a0 ff a1 ff a3 ff a5 ff a7 ff  ................
0000ccf0: aa ff ac ff af ff b2 ff b5 ff b9 ff bc ff c0 ff  ................
0000cd00: c4 ff c8 ff cd ff d1 ff d5 ff da ff de ff e2 ff  ................
0000cd10: e6 ff ea ff ed ff f0 ff f3 ff f5 ff f7 ff f8 ff  ................
0000cd20: fa ff fb ff fc ff fd ff fd ff fe ff ff ff 00 00  ................
0000cd30: 01 00 02 00 04 00 05 00 07 00 08 00 0a 00 0c 00  ................
0000cd40: 0e 00 10 00 12 00 14 00 17 00 19 00 1c 00 1e 00  ................
0000cd50: 21 00 23 00 26 00 28 00 2a 00 2d 00 2f 00 31 00  !.#.&.(.*.-./.1.
0000cd60: 33 00 35 00 37 00 39 00 3b 00 3c 00 3e 00 3f 00  3.5.7.9.;.<.>.?.
0000cd70: 40 00 42 00 43 00 44 00 45 00 46 00 46 00 47 00  @.B.C.D.E.F.F.G.
0000cd80: 48 00 48 00 49 00 49 00 4a 00 4a 00 4b 00 4b 00  H.H.I.I.J.J.K.K.
0000cd90: 4b 00 4b 00 4b 00 4b 00 4b 00 4b 00 4b 00 4b 00  K.K.K.K.K.K.K.K.
0000cda0: 4b 00 4b 00 4b 00 4a 00 4a 00 4a 00 4a 00 49 00  K.K.K.J.J.J.J.I.
0000cdb0: 49 00 49 00 48 00 48 00 47 00 47 00 47 00 46 00  I.I.H.H.G.G.G.F.
0000cdc0: 46 00 46 00 45 00 45 00 44 00 44 00 43 00 43 00  F.F.E.E.D.D.C.C.
0000cdd0: 43 00 42 00 42 00 41 00 41 00 40 00 40 00 40 00  C.B.B.A.A.@.@.@.
0000cde0: 3f 00 3f 00 3e 00 3e 00 3e 00 3d 00 3d 00 3c 00  ?.?.>.>.>.=.=.<.
0000cdf0: 3c 00 3c 00 3b 00 3b 00 3a 00 3a 00 3a 00 39 00  <.<.;.;.:.:.:.9.
0000ce00: 39 00 39 00 38 00 38 00 38 00 38 00 37 00 37 00  9.9.8.8.8.8.7.7.
0000ce10: 37 00 37 00 36 00 36 00 36 00 36 00 36 00 36 00  7.7.6.6.6.6.6.6.
0000ce20: 36 00 35 00 35 00 35 00 35 00 35 00 35 00 a4 ff  6.5.5.5.5.5.5...
0000ce30: a4 ff a4 ff a4 ff a4 ff a4 ff a3 ff a3 ff a3 ff  ................
0000ce40: a3 ff a3 ff a3 ff a3 ff a3 ff a2 ff a2 ff a2 ff  ................
0000ce50: a2 ff a2 ff a2 ff a2 ff a1 ff a1 ff a1 ff a1 ff  ................
0000ce60: a1 ff a1 ff a0 ff a0 ff a0 ff a0 ff a0 ff 9f ff  ................
0000ce70: 9f ff 9f ff 9f ff 9e ff 9e ff 9e ff 9e ff 9d ff  ................
0000ce80: 9d ff 9d ff 9d ff 9c ff 9c ff 9c ff 9b ff 9b ff  ................
0000ce90: 9b ff 9a ff 9a ff 9a ff 99 ff 99 ff 99 ff 98 ff  ................
0000cea0: 98 ff 97 ff 97 ff 97 ff 96 ff 96 ff 95 ff 95 ff  ................
0000ceb0: 95 ff 94 ff 94 ff 94 ff 94 ff 93 ff 93 ff 93 ff  ................
0000cec0: 93 ff 93 ff 93 ff 94 ff 94 ff 94 ff 95 ff 95 ff  ................
0000ced0: 96 ff 96 ff 97 ff 98 ff 99 ff 9a ff 9b ff 9d ff  ................
0000cee0: 9e ff a0 ff a1 ff a3 ff a5 ff a7 ff aa ff ac ff  ................
0000cef0: af ff b1 ff b4 ff b7 ff bb ff be ff c2 ff c5 ff  ................
0000cf00: c9 ff cd ff d2 ff d6 ff da ff de ff e2 ff e6 ff  ................
0000cf10: e9 ff ec ff ef ff f1 ff f3 ff f5 ff f6 ff f8 ff  ................
0000cf20: f9 ff fa ff fb ff fc ff fd ff fe ff ff ff 00 00  ................
0000cf30: 01 00 03 00 04 00 06 00 07 00 09 00 0b 00 0d 00  ................
0000cf40: 0e 00 10 00 12 00 13 00 15 00 16 00 18 00 19 00  ................
0000cf50: 1a 00 1c 00 1d 00 1e 00 20 00 21 00 22 00 23 00  ........ .!.".#.
0000cf60: 24 00 25 00 26 00 27 00 28 00 29 00 2a 00 2b 00  $.%.&.'.(.).*.+.
0000cf70: 2c 00 2d 00 2e 00 2f 00 30 00 30 00 31 00 32 00  ,.-.../.0.0.1.2.
0000cf80: 33 00 33 00 34 00 35 00 36 00 36 00 37 00 38 00  3.3.4.5.6.6.7.8.
0000cf90: 38 00 39 00 39 00 3a 00 3a 00 3b 00 3b 00 3c 00  8.9.9.:.:.;.;.<.
0000cfa0: 3c 00 3d 00 3d 00 3d 00 3e 00 3e 00 3e 00 3f 00  <.=.=.=.>.>.>.?.
0000cfb0: 3f 00 3f 00 3f 00 3f 00 3f 00 40 00 40 00 40 00  ?.?.?.?.?.@.@.@.
0000cfc0: 40 00 40 00 40 00 40 00 40 00 40 00 40 00 40 00  @.@.@.@.@.@.@.@.
0000cfd0: 3f 00 3f 00 3f 00 3f 00 3f 00 3e 00 3e 00 3e 00  ?.?.?.?.?.>.>.>.
0000cfe0: 3e 00 3d 00 3d 00 3d 00 3c 00 3c 00 3b 00 3b 00  >.=.=.=.<.<.;.;.
0000cff0: 3b 00 3a 00 3a 00 39 00 39 00 38 00 38 00 37 00  ;.:.:.9.9.8.8.7.
0000d000: 37 00 36 00 36 00 35 00 35 00 34 00 33 00 33 00  7.6.6.5.5.4.3.3.
0000d010: 32 00 32 00 31 00 30 00 30 00 2f 00 2f 00 2e 00  2.2.1.0.0././...
0000d020: 2d 00 2d 00 2c 00 2b 00 2b 00 2a 00 29 00 02 00  -.-.,.+.+.*.)...
0000d030: 40 00 68 00 74 00 80 00 8a 00 98 00 c4 00 fe 00  @.h.t...........
0000d040: ff 00 00 00 00 00 00 00 00 00 00 00 00 00 00 00  ................
0000d050: 38 00 68 00 72 00 80 00 8a 00 9e 00 ca 00 ff 00  8.h.r...........
0000d060: 00 00 00 00 00 00 00 00 00 00 00 00 00 00 01 00  ................
0000d070: 04 00 01 00 03 00 02 00 01 00 18 00 00 00 01 00  ................
0000d080: 9c ff 9b ff 9b ff 9a ff 99 ff 99 ff 98 ff 97 ff  ................
0000d090: 96 ff 96 ff 95 ff 94 ff 94 ff 93 ff 92 ff 92 ff  ................
0000d0a0: 91 ff 91 ff 90 ff 8f ff 8f ff 8e ff 8e ff 8d ff  ................
0000d0b0: 8d ff 8c ff 8c ff 8b ff 8b ff 8a ff 8a ff 8a ff  ................
0000d0c0: 89 ff 89 ff 89 ff 88 ff 88 ff 88 ff 88 ff 88 ff  ................
0000d0d0: 88 ff 87 ff 87 ff 87 ff 87 ff 87 ff 88 ff 88 ff  ................
0000d0e0: 88 ff 88 ff 88 ff 88 ff 89 ff 89 ff 8a ff 8a ff  ................
0000d0f0: 8a ff 8b ff 8c ff 8c ff 8d ff 8e ff 8e ff 8f ff  ................
0000d100: 90 ff 91 ff 92 ff 93 ff 94 ff 95 ff 96 ff 98 ff  ................
0000d110: 99 ff 9a ff 9c ff 9d ff 9f ff a1 ff a3 ff a4 ff  ................
0000d120: a6 ff a8 ff aa ff ac ff af ff b1 ff b3 ff b6 ff  ................
0000d130: b8 ff bb ff bd ff c0 ff c3 ff c6 ff c9 ff cb ff  ................
0000d140: ce ff d1 ff d4 ff d7 ff d9 ff dc ff df ff e1 ff  ................
0000d150: e4 ff e6 ff e8 ff ea ff ec ff ee ff ef ff f1 ff  ................
0000d160: f2 ff f4 ff f5 ff f6 ff f7 ff f8 ff f9 ff f9 ff  ................
0000d170: fa ff fb ff fc ff fc ff fd ff fe ff fe ff ff ff  ................
0000d180: 00 00 01 00 02 00 03 00 04 00 05 00 06 00 07 00  ................
0000d190: 08 00 09 00 0b 00 0c 00 0d 00 0f 00 10 00 11 00  ................
0000d1a0: 13 00 14 00 16 00 17 00 19 00 1a 00 1c 00 1d 00  ................
0000d1b0: 1f 00 20 00 22 00 23 00 25 00 26 00 27 00 29 00  .. .".#.%.&.'.).
0000d1c0: 2a 00 2c 00 2d 00 2f 00 30 00 31 00 33 00 34 00  *.,.-./.0.1.3.4.
0000d1d0: 35 00 37 00 38 00 39 00 3a 00 3b 00 3c 00 3d 00  5.7.8.9.:.;.<.=.
0000d1e0: 3e 00 3f 00 40 00 41 00 42 00 43 00 44 00 45 00  >.?.@.A.B.C.D.E.
0000d1f0: 45 00 46 00 47 00 47 00 48 00 49 00 49 00 4a 00  E.F.G.G.H.I.I.J.
0000d200: 4a 00 4b 00 4b 00 4c 00 4c 00 4c 00 4d 00 4d 00  J.K.K.L.L.L.M.M.
0000d210: 4d 00 4d 00 4e 00 4e 00 4e 00 4e 00 4e 00 4e 00  M.M.N.N.N.N.N.N.
0000d220: 4e 00 4e 00 4e 00 4e 00 4e 00 4e 00 4e 00 4e 00  N.N.N.N.N.N.N.N.
0000d230: 4e 00 4e 00 4e 00 4e 00 4e 00 4d 00 4d 00 4d 00  N.N.N.N.N.M.M.M.
0000d240: 4d 00 4d 00 4c 00 4c 00 4c 00 4c 00 4c 00 4b 00  M.M.L.L.L.L.L.K.
0000d250: 4b 00 4b 00 4b 00 4b 00 4a 00 4a 00 4a 00 4a 00  K.K.K.K.J.J.J.J.
0000d260: 49 00 49 00 49 00 49 00 49 00 49 00 48 00 48 00  I.I.I.I.I.I.H.H.
0000d270: 48 00 48 00 48 00 48 00 48 00 48 00 48 00 48 00  H.H.H.H.H.H.H.H.
0000d280: a0 ff a0 ff a0 ff a1 ff a1 ff a1 ff a1 ff a1 ff  ................
0000d290: a1 ff a1 ff a1 ff a2 ff a2 ff a2 ff a2 ff a2 ff  ................
0000d2a0: a2 ff a2 ff a2 ff a2 ff a2 ff a2 ff a2 ff a2 ff  ................
0000d2b0: a2 ff a2 ff a2 ff a2 ff a2 ff a2 ff a1 ff a1 ff  ................
0000d2c0: a1 ff a1 ff a1 ff a0 ff a0 ff a0 ff a0 ff 9f ff  ................
0000d2d0: 9f ff 9f ff 9e ff 9e ff 9e ff 9d ff 9d ff 9c ff  ................
0000d2e0: 9c ff 9c ff 9b ff 9b ff 9b ff 9b ff 9a ff 9a ff  ................
0000d2f0: 9a ff 9a ff 9a ff 9a ff 9a ff 9a ff 9a ff 9a ff  ................
0000d300: 9a ff 9a ff 9a ff 9b ff 9b ff 9b ff 9c ff 9d ff  ................
0000d310: 9d ff 9e ff 9f ff a0 ff a1 ff a2 ff a3 ff a4 ff  ................
0000d320: a6 ff a7 ff a9 ff aa ff ac ff ae ff b0 ff b2 ff  ................
0000d330: b5 ff b7 ff b9 ff bc ff be ff c1 ff c4 ff c6 ff  ................
0000d340: c9 ff cc ff cf ff d1 ff d4 ff d7 ff d9 ff dc ff  ................
0000d350: df ff e1 ff e4 ff e6 ff e8 ff ea ff ec ff ee ff  ................
0000d360: f0 ff f2 ff f3 ff f5 ff f6 ff f7 ff f8 ff f9 ff  ................
0000d370: fa ff fb ff fc ff fd ff fe ff ff ff 00 00 01 00  ................
0000d380: 02 00 03 00 04 00 06 00 07 00 08 00 09 00 0a 00  ................
0000d390: 0b 00 0d 00 0e 00 0f 00 10 00 11 00 12 00 13 00  ................
0000d3a0: 14 00 15 00 16 00 17 00 18 00 18 00 19 00 1a 00  ................
0000d3b0: 1b 00 1c 00 1c 00 1d 00 1e 00 1e 00 1f 00 20 00  .............. .
0000d3c0: 20 00 21 00 22 00 22 00 23 00 23 00 24 00 25 00   .!.".".#.#.$.%.
0000d3d0: 25 00 26 00 26 00 27 00 27 00 28 00 29 00 29 00  %.&.&.'.'.(.).).
0000d3e0: 2a 00 2a 00 2b 00 2b 00 2c 00 2c 00 2d 00 2d 00  *.*.+.+.,.,.-.-.
0000d3f0: 2e 00 2e 00 2f 00 2f 00 2f 00 30 00 30 00 31 00  ..../././.0.0.1.
0000d400: 31 00 31 00 32 00 32 00 32 00 32 00 33 00 33 00  1.1.2.2.2.2.3.3.
0000d410: 33 00 33 00 33 00 34 00 34 00 34 00 34 00 34 00  3.3.3.4.4.4.4.4.
0000d420: 34 00 34 00 34 00 34 00 34 00 34 00 34 00 34 00  4.4.4.4.4.4.4.4.
0000d430: 33 00 33 00 33 00 33 00 33 00 32 00 32 00 32 00  3.3.3.3.3.2.2.2.
0000d440: 32 00 31 00 31 00 31 00 30 00 30 00 30 00 2f 00  2.1.1.1.0.0.0./.
0000d450: 2f 00 2f 00 2e 00 2e 00 2d 00 2d 00 2c 00 2c 00  /./.....-.-.,.,.
0000d460: 2c 00 2b 00 2b 00 2a 00 2a 00 29 00 29 00 28 00  ,.+.+.*.*.).).(.
0000d470: 28 00 27 00 27 00 26 00 26 00 25 00 25 00 24 00  (.'.'.&.&.%.%.$.
0000d480: 00 00 32 00 58 00 6c 00 80 00 8e 00 aa 00 c8 00  ..2.X.l.........
0000d490: fe 00 ff 00 00 00 00 00 00 00 00 00 00 00 00 00  ................
0000d4a0: 00 00 24 00 56 00 70 00 7e 00 8c 00 a6 00 ce 00  ..$.V.p.~.......
0000d4b0: ff 00 00 00 00 00 00 00 00 00 00 00 00 00 00 00  ................
0000d4c0: 01 00 04 00 01 00 03 00 02 00 01 00 18 00 00 00  ................
0000d4d0: 01 00 9c ff 9c ff 9c ff 9c ff 9c ff 9c ff 9d ff  ................
0000d4e0: 9d ff 9d ff 9e ff 9e ff 9e ff 9e ff 9f ff 9f ff  ................
0000d4f0: 9f ff 9f ff a0 ff a0 ff a0 ff a0 ff a0 ff a1 ff  ................
0000d500: a1 ff a1 ff a1 ff a1 ff a1 ff a1 ff a1 ff a1 ff  ................
0000d510: a1 ff a1 ff a1 ff a1 ff a1 ff a1 ff a0 ff a0 ff  ................
0000d520: a0 ff a0 ff 9f ff 9f ff 9f ff 9e ff 9e ff 9d ff  ................
0000d530: 9d ff 9c ff 9c ff 9b ff 9a ff 9a ff 99 ff 98 ff  ................
0000d540: 97 ff 97 ff 96 ff 95 ff 95 ff 94 ff 93 ff 93 ff  ................
0000d550: 92 ff 91 ff 91 ff 90 ff 90 ff 8f ff 8f ff 8f ff  ................
0000d560: 8f ff 8e ff 8e ff 8e ff 8e ff 8f ff 8f ff 8f ff  ................
0000d570: 90 ff 90 ff 91 ff 92 ff 93 ff 94 ff 95 ff 97 ff  ................
0000d580: 98 ff 9a ff 9c ff 9e ff a0 ff a3 ff a5 ff a8 ff  ................
0000d590: ab ff ae ff b1 ff b5 ff b8 ff bc ff c0 ff c5 ff  ................
0000d5a0: c9 ff cd ff d2 ff d6 ff db ff df ff e3 ff e7 ff  ................
0000d5b0: ea ff ed ff f0 ff f3 ff f5 ff f7 ff f8 ff fa ff  ................
0000d5c0: fb ff fc ff fd ff fd ff fe ff ff ff ff ff 00 00  ................
0000d5d0: 01 00 02 00 02 00 03 00 04 00 05 00 07 00 08 00  ................
0000d5e0: 09 00 0a 00 0c 00 0d 00 0e 00 10 00 12 00 13 00  ................
0000d5f0: 15 00 17 00 18 00 1a 00 1c 00 1e 00 20 00 22 00  ............ .".
0000d600: 23 00 25 00 27 00 29 00 2b 00 2c 00 2e 00 30 00  #.%.'.).+.,...0.
0000d610: 32 00 33 00 35 00 36 00 38 00 39 00 3a 00 3c 00  2.3.5.6.8.9.:.<.
0000d620: 3d 00 3e 00 3f 00 41 00 42 00 43 00 44 00 45 00  =.>.?.A.B.C.D.E.
0000d630: 46 00 47 00 48 00 49 00 49 00 4a 00 4b 00 4c 00  F.G.H.I.I.J.K.L.
0000d640: 4d 00 4d 00 4e 00 4f 00 4f 00 50 00 50 00 51 00  M.M.N.O.O.P.P.Q.
0000d650: 51 00 52 00 52 00 53 00 53 00 54 00 54 00 55 00  Q.R.R.S.S.T.T.U.
0000d660: 55 00 55 00 56 00 56 00 56 00 56 00 57 00 57 00  U.U.V.V.V.V.W.W.
0000d670: 57 00 57 00 57 00 58 00 58 00 58 00 58 00 58 00  W.W.W.X.X.X.X.X.
0000d680: 58 00 58 00 58 00 58 00 58 00 59 00 59 00 59 00  X.X.X.X.X.Y.Y.Y.
0000d690: 59 00 59 00 59 00 59 00 59 00 59 00 59 00 59 00  Y.Y.Y.Y.Y.Y.Y.Y.
0000d6a0: 59 00 58 00 58 00 58 00 58 00 58 00 58 00 58 00  Y.X.X.X.X.X.X.X.
0000d6b0: 58 00 58 00 58 00 58 00 58 00 58 00 58 00 58 00  X.X.X.X.X.X.X.X.
0000d6c0: 58 00 58 00 58 00 58 00 58 00 58 00 58 00 58 00  X.X.X.X.X.X.X.X.
0000d6d0: 58 00 b0 ff b0 ff af ff af ff af ff ae ff ae ff  X...............
0000d6e0: ae ff ad ff ad ff ac ff ac ff ac ff ab ff ab ff  ................
0000d6f0: ab ff aa ff aa ff a9 ff a9 ff a9 ff a8 ff a8 ff  ................
0000d700: a8 ff a7 ff a7 ff a7 ff a6 ff a6 ff a6 ff a5 ff  ................
0000d710: a5 ff a5 ff a5 ff a4 ff a4 ff a4 ff a3 ff a3 ff  ................
0000d720: a3 ff a3 ff a2 ff a2 ff a2 ff a2 ff a2 ff a1 ff  ................
0000d730: a1 ff a1 ff a1 ff a1 ff a0 ff a0 ff a0 ff a0 ff  ................
0000d740: a0 ff a0 ff a0 ff 9f ff 9f ff 9f ff 9f ff 9f ff  ................
0000d750: a0 ff a0 ff a0 ff a0 ff a0 ff a0 ff a1 ff a1 ff  ................
0000d760: a2 ff a2 ff a3 ff a3 ff a4 ff a5 ff a6 ff a7 ff  ................
0000d770: a8 ff a9 ff aa ff ab ff ac ff ae ff af ff b1 ff  ................
0000d780: b2 ff b4 ff b6 ff b8 ff ba ff bc ff bf ff c1 ff  ................
0000d790: c4 ff c6 ff c9 ff cb ff ce ff d0 ff d3 ff d5 ff  ................
0000d7a0: d8 ff db ff dd ff e0 ff e2 ff e4 ff e6 ff e9 ff  ................
0000d7b0: eb ff ed ff ee ff f0 ff f2 ff f3 ff f4 ff f5 ff  ................
0000d7c0: f6 ff f8 ff f9 ff fa ff fb ff fc ff fd ff fe ff  ................
0000d7d0: ff ff 00 00 01 00 03 00 04 00 06 00 07 00 09 00  ................
0000d7e0: 0b 00 0d 00 0f 00 10 00 12 00 14 00 16 00 18 00  ................
0000d7f0: 19 00 1b 00 1d 00 1f 00 20 00 22 00 24 00 25 00  ........ .".$.%.
0000d800: 27 00 28 00 2a 00 2b 00 2d 00 2e 00 30 00 31 00  '.(.*.+.-...0.1.
0000d810: 33 00 34 00 35 00 36 00 38 00 39 00 3a 00 3b 00  3.4.5.6.8.9.:.;.
0000d820: 3c 00 3d 00 3e 00 3f 00 40 00 41 00 42 00 43 00  <.=.>.?.@.A.B.C.
0000d830: 43 00 44 00 45 00 45 00 46 00 47 00 47 00 48 00  C.D.E.E.F.G.G.H.
0000d840: 48 00 48 00 49 00 49 00 4a 00 4a 00 4a 00 4a 00  H.H.I.I.J.J.J.J.
0000d850: 4b 00 4b 00 4b 00 4b 00 4b 00 4b 00 4b 00 4b 00  K.K.K.K.K.K.K.K.
0000d860: 4b 00 4b 00 4b 00 4b 00 4b 00 4b 00 4b 00 4b 00  K.K.K.K.K.K.K.K.
0000d870: 4a 00 4a 00 4a 00 4a 00 49 00 49 00 49 00 49 00  J.J.J.J.I.I.I.I.
0000d880: 48 00 48 00 48 00 47 00 47 00 46 00 46 00 46 00  H.H.H.G.G.F.F.F.
0000d890: 45 00 45 00 44 00 44 00 44 00 43 00 43 00 42 00  E.E.D.D.D.C.C.B.
0000d8a0: 42 00 42 00 41 00 41 00 40 00 40 00 40 00 3f 00  B.B.A.A.@.@.@.?.
0000d8b0: 3f 00 3f 00 3e 00 3e 00 3e 00 3d 00 3d 00 3d 00  ?.?.>.>.>.=.=.=.
0000d8c0: 3d 00 3c 00 3c 00 3c 00 3c 00 3c 00 3c 00 3c 00  =.<.<.<.<.<.<.<.
0000d8d0: 3c 00 04 00 30 00 64 00 70 00 7e 00 8c 00 9e 00  <...0.d.p.~.....
0000d8e0: b6 00 fa 00 ff 00 00 00 00 00 00 00 00 00 00 00  ................
0000d8f0: 00 00 00 00 34 00 5a 00 72 00 80 00 8c 00 a8 00  ....4.Z.r.......
0000d900: d4 00 fe 00 ff 00 00 00 00 00 00 00 00 00 00 00  ................
0000d910: 00 00 01 00 04 00 01 00 03 00 02 00 01 00 18 00  ................
0000d920: 00 00 01 00 ac ff ac ff ac ff ac ff ac ff ac ff  ................
0000d930: ab ff aa ff aa ff a9 ff a9 ff a8 ff a7 ff a7 ff  ................
0000d940: a6 ff a6 ff a5 ff a4 ff a4 ff a3 ff a2 ff a2 ff  ................
0000d950: a1 ff a0 ff a0 ff 9f ff 9e ff 9e ff 9d ff 9c ff  ................
0000d960: 9b ff 9b ff 9a ff 99 ff 98 ff 97 ff 96 ff 95 ff  ................
0000d970: 94 ff 93 ff 93 ff 92 ff 91 ff 8f ff 8e ff 8d ff  ................
0000d980: 8c ff 8b ff 8a ff 89 ff 88 ff 86 ff 85 ff 84 ff  ................
0000d990: 83 ff 82 ff 81 ff 80 ff 7f ff 7e ff 7d ff 7c ff  ..........~.}.|.
0000d9a0: 7b ff 7a ff 7a ff 79 ff 79 ff 78 ff 78 ff 78 ff  {.z.z.y.y.x.x.x.
0000d9b0: 78 ff 78 ff 78 ff 78 ff 79 ff 79 ff 7a ff 7b ff  x.x.x.x.y.y.z.{.
0000d9c0: 7c ff 7d ff 7e ff 80 ff 82 ff 84 ff 86 ff 88 ff  |.}.~...........
0000d9d0: 8a ff 8d ff 90 ff 93 ff 97 ff 9a ff 9e ff a2 ff  ................
0000d9e0: a6 ff aa ff ae ff b3 ff b7 ff bb ff c0 ff c4 ff  ................
0000d9f0: c8 ff cc ff d0 ff d4 ff d8 ff dc ff e0 ff e3 ff  ................
0000da00: e6 ff e9 ff ec ff ef ff f1 ff f3 ff f4 ff f6 ff  ................
0000da10: f7 ff f9 ff fa ff fb ff fc ff fd ff fd ff fe ff  ................
0000da20: ff ff ff ff 00 00 01 00 01 00 02 00 03 00 04 00  ................
0000da30: 05 00 05 00 06 00 07 00 08 00 09 00 0a 00 0b 00  ................
0000da40: 0d 00 0e 00 0f 00 10 00 11 00 13 00 14 00 15 00  ................
0000da50: 17 00 18 00 1a 00 1b 00 1d 00 1e 00 20 00 22 00  ............ .".
0000da60: 23 00 25 00 27 00 28 00 2a 00 2c 00 2d 00 2f 00  #.%.'.(.*.,.-./.
0000da70: 31 00 33 00 34 00 36 00 38 00 3a 00 3b 00 3d 00  1.3.4.6.8.:.;.=.
0000da80: 3f 00 41 00 42 00 44 00 46 00 47 00 49 00 4a 00  ?.A.B.D.F.G.I.J.
0000da90: 4c 00 4d 00 4f 00 50 00 51 00 53 00 54 00 55 00  L.M.O.P.Q.S.T.U.
0000daa0: 56 00 57 00 58 00 59 00 5a 00 5b 00 5c 00 5c 00  V.W.X.Y.Z.[.\.\.
0000dab0: 5d 00 5e 00 5e 00 5e 00 5f 00 5f 00 5f 00 5f 00  ].^.^.^._._._._.
0000dac0: 5f 00 5f 00 5f 00 5f 00 5f 00 5f 00 5e 00 5e 00  _._._._._._.^.^.
0000dad0: 5e 00 5e 00 5d 00 5d 00 5c 00 5c 00 5b 00 5b 00  ^.^.].].\.\.[.[.
0000dae0: 5a 00 5a 00 59 00 58 00 58 00 57 00 57 00 56 00  Z.Z.Y.X.X.W.W.V.
0000daf0: 55 00 55 00 54 00 54 00 53 00 52 00 52 00 51 00  U.U.T.T.S.R.R.Q.
0000db00: 51 00 50 00 50 00 4f 00 4f 00 4e 00 4e 00 4d 00  Q.P.P.O.O.N.N.M.
0000db10: 4d 00 4d 00 4c 00 4c 00 4c 00 4c 00 4c 00 4c 00  M.M.L.L.L.L.L.L.
0000db20: 4c 00 4c 00 b4 ff b4 ff b4 ff b4 ff b4 ff b4 ff  L.L.............
0000db30: b4 ff b4 ff b4 ff b4 ff b4 ff b4 ff b4 ff b4 ff  ................
0000db40: b4 ff b4 ff b4 ff b4 ff b4 ff b4 ff b4 ff b4 ff  ................
0000db50: b3 ff b3 ff b3 ff b3 ff b3 ff b2 ff b2 ff b2 ff  ................
0000db60: b1 ff b1 ff b0 ff b0 ff b0 ff af ff af ff ae ff  ................
0000db70: ad ff ad ff ac ff ab ff ab ff aa ff a9 ff a8 ff  ................
0000db80: a8 ff a7 ff a6 ff a5 ff a4 ff a3 ff a3 ff a2 ff  ................
0000db90: a1 ff a0 ff a0 ff 9f ff 9e ff 9d ff 9d ff 9c ff  ................
0000dba0: 9c ff 9b ff 9b ff 9b ff 9a ff 9a ff 9a ff 9a ff  ................
0000dbb0: 9a ff 9a ff 9a ff 9a ff 9b ff 9b ff 9c ff 9d ff  ................
0000dbc0: 9d ff 9e ff 9f ff a0 ff a2 ff a3 ff a5 ff a6 ff  ................
0000dbd0: a8 ff aa ff ac ff af ff b1 ff b3 ff b6 ff b9 ff  ................
0000dbe0: bb ff be ff c1 ff c4 ff c7 ff c9 ff cc ff cf ff  ................
0000dbf0: d2 ff d5 ff d8 ff db ff dd ff e0 ff e3 ff e5 ff  ................
0000dc00: e8 ff ea ff ec ff ee ff f0 ff f2 ff f3 ff f5 ff  ................
0000dc10: f6 ff f8 ff f9 ff fa ff fb ff fd ff fe ff ff ff  ................
0000dc20: 00 00 00 00 01 00 02 00 03 00 04 00 05 00 06 00  ................
0000dc30: 06 00 07 00 08 00 09 00 0a 00 0b 00 0c 00 0d 00  ................
0000dc40: 0e 00 0f 00 10 00 11 00 12 00 14 00 15 00 16 00  ................
0000dc50: 18 00 19 00 1b 00 1c 00 1e 00 1f 00 21 00 22 00  ............!.".
0000dc60: 24 00 26 00 27 00 29 00 2a 00 2c 00 2e 00 2f 00  $.&.'.).*.,.../.
0000dc70: 31 00 32 00 34 00 36 00 37 00 39 00 3a 00 3c 00  1.2.4.6.7.9.:.<.
0000dc80: 3e 00 3f 00 41 00 42 00 44 00 45 00 46 00 48 00  >.?.A.B.D.E.F.H.
0000dc90: 49 00 4b 00 4c 00 4d 00 4e 00 50 00 51 00 52 00  I.K.L.M.N.P.Q.R.
0000dca0: 53 00 54 00 55 00 56 00 57 00 58 00 59 00 5a 00  S.T.U.V.W.X.Y.Z.
0000dcb0: 5a 00 5b 00 5c 00 5c 00 5d 00 5d 00 5e 00 5e 00  Z.[.\.\.].].^.^.
0000dcc0: 5e 00 5e 00 5e 00 5f 00 5f 00 5e 00 5e 00 5e 00  ^.^.^._._.^.^.^.
0000dcd0: 5e 00 5e 00 5d 00 5d 00 5c 00 5c 00 5b 00 5b 00  ^.^.].].\.\.[.[.
0000dce0: 5a 00 59 00 58 00 57 00 57 00 56 00 55 00 54 00  Z.Y.X.W.W.V.U.T.
0000dcf0: 53 00 52 00 50 00 4f 00 4e 00 4d 00 4c 00 4a 00  S.R.P.O.N.M.L.J.
0000dd00: 49 00 48 00 46 00 45 00 44 00 42 00 41 00 3f 00  I.H.F.E.D.B.A.?.
0000dd10: 3e 00 3c 00 3b 00 3a 00 38 00 37 00 35 00 33 00  >.<.;.:.8.7.5.3.
0000dd20: 32 00 30 00 04 00 2e 00 58 00 70 00 80 00 94 00  2.0.....X.p.....
0000dd30: aa 00 c4 00 fc 00 ff 00 00 00 00 00 00 00 00 00  ................
0000dd40: 00 00 00 00 00 00 28 00 56 00 70 00 80 00 90 00  ......(.V.p.....
0000dd50: 9e 00 d0 00 ff 00 00 00 00 00 00 00 00 00 00 00  ................
0000dd60: 00 00 00 00 01 00 04 00 01 00 03 00 02 00 01 00  ................
0000dd70: 18 00 00 00 01 00 b0 ff b0 ff b0 ff af ff af ff  ................
0000dd80: af ff ae ff ae ff ae ff ad ff ad ff ad ff ac ff  ................
0000dd90: ac ff ab ff ab ff ab ff aa ff aa ff aa ff a9 ff  ................
0000dda0: a9 ff a9 ff a8 ff a8 ff a7 ff a7 ff a7 ff a6 ff  ................
0000ddb0: a6 ff a5 ff a5 ff a4 ff a4 ff a4 ff a3 ff a3 ff  ................
0000ddc0: a2 ff a2 ff a1 ff a1 ff a0 ff a0 ff 9f ff 9e ff  ................
0000ddd0: 9e ff 9d ff 9d ff 9c ff 9c ff 9b ff 9a ff 9a ff  ................
0000dde0: 99 ff 99 ff 98 ff 97 ff 97 ff 96 ff 96 ff 95 ff  ................
0000ddf0: 95 ff 95 ff 94 ff 94 ff 94 ff 94 ff 94 ff 94 ff  ................
0000de00: 94 ff 94 ff 94 ff 94 ff 95 ff 95 ff 96 ff 96 ff  ................
0000de10: 97 ff 98 ff 99 ff 9a ff 9c ff 9d ff 9e ff a0 ff  ................
0000de20: a2 ff a4 ff a6 ff a8 ff ab ff ad ff b0 ff b3 ff  ................
0000de30: b5 ff b8 ff bb ff be ff c2 ff c5 ff c8 ff cb ff  ................
0000de40: ce ff d1 ff d5 ff d8 ff db ff de ff e0 ff e3 ff  ................
0000de50: e6 ff e8 ff ea ff ec ff ee ff f0 ff f2 ff f4 ff  ................
0000de60: f5 ff f7 ff f8 ff f9 ff fb ff fc ff fd ff fe ff  ................
0000de70: ff ff 00 00 01 00 02 00 03 00 04 00 05 00 06 00  ................
0000de80: 07 00 08 00 09 00 0a 00 0b 00 0c 00 0d 00 0e 00  ................
0000de90: 10 00 11 00 12 00 14 00 16 00 17 00 19 00 1b 00  ................
0000dea0: 1d 00 1e 00 20 00 22 00 24 00 26 00 29 00 2b 00  .... .".$.&.).+.
0000deb0: 2d 00 2f 00 31 00 33 00 35 00 38 00 3a 00 3c 00  -./.1.3.5.8.:.<.
0000dec0: 3e 00 40 00 42 00 44 00 46 00 48 00 4a 00 4c 00  >.@.B.D.F.H.J.L.
0000ded0: 4e 00 4f 00 51 00 53 00 54 00 56 00 57 00 58 00  N.O.Q.S.T.V.W.X.
0000dee0: 5a 00 5b 00 5c 00 5d 00 5e 00 5f 00 60 00 61 00  Z.[.\.].^._.`.a.
0000def0: 62 00 63 00 64 00 65 00 65 00 66 00 67 00 67 00  b.c.d.e.e.f.g.g.
0000df00: 68 00 68 00 68 00 69 00 69 00 6a 00 6a 00 6a 00  h.h.h.i.i.j.j.j.
0000df10: 6a 00 6a 00 6b 00 6b 00 6b 00 6b 00 6b 00 6b 00  j.j.k.k.k.k.k.k.
0000df20: 6b 00 6a 00 6a 00 6a 00 6a 00 6a 00 69 00 69 00  k.j.j.j.j.j.i.i.
0000df30: 69 00 68 00 68 00 68 00 67 00 67 00 66 00 66 00  i.h.h.h.g.g.f.f.
0000df40: 65 00 65 00 64 00 64 00 63 00 63 00 62 00 62 00  e.e.d.d.c.c.b.b.
0000df50: 61 00 60 00 60 00 5f 00 5e 00 5e 00 5d 00 5c 00  a.`.`._.^.^.].\.
0000df60: 5c 00 5b 00 5a 00 59 00 59 00 58 00 57 00 56 00  \.[.Z.Y.Y.X.W.V.
0000df70: 56 00 55 00 54 00 b0 ff b0 ff af ff ae ff ae ff  V.U.T...........
0000df80: ad ff ac ff ac ff ab ff ab ff aa ff a9 ff a9 ff  ................
0000df90: a8 ff a8 ff a7 ff a6 ff a6 ff a5 ff a5 ff a4 ff  ................
0000dfa0: a4 ff a3 ff a3 ff a2 ff a2 ff a2 ff a1 ff a1 ff  ................
0000dfb0: a1 ff a0 ff a0 ff a0 ff 9f ff 9f ff 9f ff 9f ff  ................
0000dfc0: 9e ff 9e ff 9e ff 9e ff 9e ff 9e ff 9e ff 9e ff  ................
0000dfd0: 9e ff 9e ff 9e ff 9e ff 9f ff 9f ff 9f ff 9f ff  ................
0000dfe0: a0 ff a0 ff a0 ff a1 ff a1 ff a2 ff a2 ff a3 ff  ................
0000dff0: a4 ff a4 ff a5 ff a6 ff a7 ff a8 ff a8 ff a9 ff  ................
0000e000: aa ff ab ff ad ff ae ff af ff b0 ff b1 ff b3 ff  ................
0000e010: b4 ff b6 ff b7 ff b9 ff ba ff bc ff bd ff bf ff  ................
0000e020: c1 ff c2 ff c4 ff c6 ff c8 ff c9 ff cb ff cd ff  ................
0000e030: cf ff d1 ff d2 ff d4 ff d6 ff d8 ff d9 ff db ff  ................
0000e040: dd ff df ff e0 ff e2 ff e4 ff e5 ff e7 ff e8 ff  ................
0000e050: ea ff eb ff ed ff ee ff f0 ff f1 ff f2 ff f3 ff  ................
0000e060: f5 ff f6 ff f7 ff f8 ff f9 ff fa ff fb ff fc ff  ................
0000e070: fd ff fe ff ff ff 00 00 01 00 02 00 03 00 04 00  ................
0000e080: 04 00 05 00 06 00 07 00 08 00 09 00 0a 00 0b 00  ................
0000e090: 0c 00 0d 00 0e 00 0f 00 11 00 12 00 13 00 14 00  ................
0000e0a0: 16 00 17 00 19 00 1a 00 1c 00 1e 00 1f 00 21 00  ..............!.
0000e0b0: 23 00 25 00 26 00 28 00 2a 00 2c 00 2e 00 2f 00  #.%.&.(.*.,.../.
0000e0c0: 31 00 33 00 35 00 37 00 39 00 3a 00 3c 00 3e 00  1.3.5.7.9.:.<.>.
0000e0d0: 40 00 41 00 43 00 45 00 46 00 48 00 49 00 4b 00  @.A.C.E.F.H.I.K.
0000e0e0: 4c 00 4d 00 4e 00 50 00 51 00 52 00 53 00 54 00  L.M.N.P.Q.R.S.T.
0000e0f0: 55 00 56 00 56 00 57 00 58 00 58 00 59 00 5a 00  U.V.V.W.X.X.Y.Z.
0000e100: 5a 00 5b 00 5b 00 5b 00 5c 00 5c 00 5c 00 5d 00  Z.[.[.[.\.\.\.].
0000e110: 5d 00 5d 00 5d 00 5d 00 5d 00 5d 00 5d 00 5d 00  ].].].].].].].].
0000e120: 5d 00 5d 00 5d 00 5d 00 5d 00 5d 00 5d 00 5c 00  ].].].].].].].\.
0000e130: 5c 00 5c 00 5c 00 5c 00 5b 00 5b 00 5b 00 5b 00  \.\.\.\.[.[.[.[.
0000e140: 5a 00 5a 00 5a 00 59 00 59 00 59 00 59 00 58 00  Z.Z.Z.Y.Y.Y.Y.X.
0000e150: 58 00 58 00 58 00 57 00 57 00 57 00 57 00 56 00  X.X.X.W.W.W.W.V.
0000e160: 56 00 56 00 56 00 56 00 56 00 55 00 55 00 55 00  V.V.V.V.V.U.U.U.
0000e170: 55 00 55 00 55 00 00 00 30 00 58 00 6e 00 7e 00  U.U.U...0.X.n.~.
0000e180: 90 00 ac 00 ff 00 00 00 00 00 00 00 00 00 00 00  ................
0000e190: 00 00 00 00 00 00 00 00 4a 00 6e 00 80 00 92 00  ........J.n.....
0000e1a0: b6 00 fe 00 ff 00 00 00 00 00 00 00 00 00 00 00  ................
0000e1b0: 00 00 00 00 00 00 01 00 04 00 01 00 03 00 02 00  ................
0000e1c0: 01 00 18 00 00 00 01 00 b4 ff b4 ff b4 ff b4 ff  ................
0000e1d0: b4 ff b4 ff b4 ff b4 ff b4 ff b4 ff b4 ff b4 ff  ................
0000e1e0: b4 ff b4 ff b4 ff b4 ff b5 ff b5 ff b5 ff b5 ff  ................
0000e1f0: b5 ff b6 ff b6 ff b6 ff b5 ff b5 ff b5 ff b5 ff  ................
0000e200: b4 ff b4 ff b3 ff b2 ff b1 ff b0 ff af ff ae ff  ................
0000e210: ac ff aa ff a9 ff a7 ff a4 ff a2 ff a0 ff 9d ff  ................
0000e220: 9b ff 98 ff 96 ff 93 ff 90 ff 8e ff 8b ff 88 ff  ................
0000e230: 85 ff 83 ff 80 ff 7e ff 7b ff 79 ff 77 ff 74 ff  ......~.{.y.w.t.
0000e240: 72 ff 71 ff 6f ff 6d ff 6c ff 6b ff 6a ff 69 ff  r.q.o.m.l.k.j.i.
0000e250: 69 ff 68 ff 68 ff 69 ff 69 ff 6a ff 6b ff 6c ff  i.h.h.i.i.j.k.l.
0000e260: 6e ff 6f ff 71 ff 73 ff 76 ff 78 ff 7b ff 7e ff  n.o.q.s.v.x.{.~.
0000e270: 80 ff 83 ff 87 ff 8a ff 8d ff 91 ff 94 ff 98 ff  ................
0000e280: 9c ff 9f ff a3 ff a7 ff ab ff af ff b3 ff b6 ff  ................
0000e290: ba ff be ff c2 ff c5 ff c9 ff cd ff d0 ff d4 ff  ................
0000e2a0: d7 ff da ff dd ff e0 ff e3 ff e6 ff e8 ff ea ff  ................
0000e2b0: ed ff ef ff f1 ff f2 ff f4 ff f6 ff f7 ff f9 ff  ................
0000e2c0: fa ff fc ff fd ff ff ff 00 00 02 00 03 00 05 00  ................
0000e2d0: 06 00 08 00 0a 00 0c 00 0f 00 11 00 14 00 16 00  ................
0000e2e0: 19 00 1d 00 20 00 23 00 27 00 2b 00 2e 00 32 00  .... .#.'.+...2.
0000e2f0: 35 00 39 00 3c 00 3f 00 41 00 44 00 46 00 48 00  5.9.<.?.A.D.F.H.
0000e300: 4a 00 4b 00 4c 00 4d 00 4e 00 4f 00 50 00 50 00  J.K.L.M.N.O.P.P.
0000e310: 50 00 51 00 51 00 50 00 50 00 50 00 4f 00 4f 00  P.Q.Q.P.P.P.O.O.
0000e320: 4e 00 4e 00 4d 00 4c 00 4b 00 4a 00 49 00 48 00  N.N.M.L.K.J.I.H.
0000e330: 47 00 46 00 45 00 44 00 43 00 42 00 41 00 40 00  G.F.E.D.C.B.A.@.
0000e340: 3f 00 3f 00 3e 00 3d 00 3c 00 3b 00 3b 00 3a 00  ?.?.>.=.<.;.;.:.
0000e350: 39 00 39 00 38 00 37 00 37 00 36 00 36 00 35 00  9.9.8.7.7.6.6.5.
0000e360: 35 00 34 00 33 00 33 00 32 00 32 00 31 00 31 00  5.4.3.3.2.2.1.1.
0000e370: 30 00 2f 00 2f 00 2e 00 2e 00 2d 00 2c 00 2c 00  0././.....-.,.,.
0000e380: 2b 00 2a 00 29 00 28 00 28 00 27 00 26 00 25 00  +.*.).(.(.'.&.%.
0000e390: 24 00 23 00 22 00 21 00 20 00 1f 00 1e 00 1d 00  $.#.".!. .......
0000e3a0: 1c 00 1b 00 19 00 18 00 17 00 16 00 15 00 14 00  ................
0000e3b0: 12 00 11 00 10 00 0f 00 0d 00 0c 00 0b 00 0a 00  ................
0000e3c0: 08 00 07 00 06 00 04 00 00 00 00 00 00 00 00 00  ................
0000e3d0: 00 00 00 00 00 00 00 00 00 00 00 00 00 00 00 00  ................
0000e3e0: 00 00 00 00 00 00 00 00 00 00 00 00 00 00 00 00  ................
0000e3f0: 00 00 00 00 00 00 00 00 00 00 00 00 00 00 00 00  ................
0000e400: 00 00 00 00 00 00 00 00 00 00 00 00 00 00 00 00  ................
0000e410: 00 00 00 00 00 00 00 00 00 00 00 00 00 00 00 00  ................
0000e420: 00 00 00 00 00 00 00 00 00 00 00 00 00 00 00 00  ................
0000e430: 00 00 00 00 00 00 00 00 00 00 00 00 00 00 00 00  ................
0000e440: 00 00 00 00 00 00 00 00 00 00 00 00 00 00 00 00  ................
0000e450: 00 00 00 00 00 00 00 00 00 00 00 00 00 00 00 00  ................
0000e460: 00 00 00 00 00 00 00 00 00 00 00 00 00 00 00 00  ................
0000e470: 00 00 00 00 00 00 00 00 00 00 00 00 00 00 00 00  ................
0000e480: 00 00 00 00 00 00 00 00 00 00 00 00 00 00 00 00  ................
0000e490: 00 00 00 00 00 00 00 00 00 00 00 00 00 00 00 00  ................
0000e4a0: 00 00 00 00 00 00 00 00 00 00 00 00 00 00 00 00  ................
0000e4b0: 00 00 00 00 00 00 00 00 00 00 00 00 00 00 00 00  ................
0000e4c0: 00 00 00 00 00 00 00 00 00 00 00 00 00 00 00 00  ................
0000e4d0: 00 00 00 00 00 00 00 00 00 00 00 00 00 00 00 00  ................
0000e4e0: 00 00 00 00 00 00 00 00 00 00 00 00 00 00 00 00  ................
0000e4f0: 00 00 00 00 00 00 00 00 00 00 00 00 00 00 00 00  ................
0000e500: 00 00 00 00 00 00 00 00 00 00 00 00 00 00 00 00  ................
0000e510: 00 00 00 00 00 00 00 00 00 00 00 00 00 00 00 00  ................
0000e520: 00 00 00 00 00 00 00 00 00 00 00 00 00 00 00 00  ................
0000e530: 00 00 00 00 00 00 00 00 00 00 00 00 00 00 00 00  ................
0000e540: 00 00 00 00 00 00 00 00 00 00 00 00 00 00 00 00  ................
0000e550: 00 00 00 00 00 00 00 00 00 00 00 00 00 00 00 00  ................
0000e560: 00 00 00 00 00 00 00 00 00 00 00 00 00 00 00 00  ................
0000e570: 00 00 00 00 00 00 00 00 00 00 00 00 00 00 00 00  ................
0000e580: 00 00 00 00 00 00 00 00 00 00 00 00 00 00 00 00  ................
0000e590: 00 00 00 00 00 00 00 00 00 00 00 00 00 00 00 00  ................
0000e5a0: 00 00 00 00 00 00 00 00 00 00 00 00 00 00 00 00  ................
0000e5b0: 00 00 00 00 00 00 00 00 00 00 00 00 00 00 00 00  ................
0000e5c0: 00 00 00 00 00 00 00 00 0e 00 24 00 46 00 72 00  ..........$.F.r.
0000e5d0: 80 00 8c 00 96 00 ba 00 de 00 ff 00 00 00 00 00  ................
0000e5e0: 00 00 00 00 00 00 00 00 00 00 ff 00 00 00 00 00  ................
0000e5f0: 00 00 00 00 00 00 00 00 00 00 00 00 00 00 00 00  ................
0000e600: 00 00 00 00 00 00 00 00 01 00 04 00 01 00 03 00  ................
0000e610: 02 00 01 00 18 00 00 00 01 00 a4 ff a4 ff a4 ff  ................
0000e620: a4 ff a4 ff a4 ff a3 ff a3 ff a3 ff a3 ff a3 ff  ................
0000e630: a3 ff a3 ff a3 ff a3 ff a3 ff a3 ff a3 ff a3 ff  ................
0000e640: a3 ff a3 ff a3 ff a3 ff a3 ff a3 ff a3 ff a3 ff  ................
0000e650: a3 ff a3 ff a3 ff a4 ff a4 ff a4 ff a4 ff a5 ff  ................
0000e660: a5 ff a5 ff a6 ff a6 ff a7 ff a7 ff a8 ff a8 ff  ................
0000e670: a9 ff a9 ff aa ff ab ff ab ff ac ff ad ff ae ff  ................
0000e680: af ff b0 ff b0 ff b1 ff b2 ff b3 ff b4 ff b6 ff  ................
0000e690: b7 ff b8 ff b9 ff ba ff bb ff bc ff be ff bf ff  ................
0000e6a0: c0 ff c1 ff c3 ff c4 ff c5 ff c7 ff c8 ff c9 ff  ................
0000e6b0: cb ff cc ff cd ff cf ff d0 ff d2 ff d3 ff d4 ff  ................
0000e6c0: d6 ff d7 ff d8 ff da ff db ff dd ff de ff df ff  ................
0000e6d0: e1 ff e2 ff e3 ff e4 ff e6 ff e7 ff e8 ff e9 ff  ................
0000e6e0: eb ff ec ff ed ff ee ff ef ff f0 ff f1 ff f2 ff  ................
0000e6f0: f3 ff f4 ff f5 ff f6 ff f7 ff f7 ff f8 ff f9 ff  ................
0000e700: fa ff fa ff fb ff fc ff fc ff fd ff fe ff fe ff  ................
0000e710: ff ff ff ff 00 00 00 00 00 00 01 00 01 00 02 00  ................
0000e720: 02 00 02 00 03 00 03 00 03 00 04 00 04 00 04 00  ................
0000e730: 05 00 05 00 05 00 05 00 06 00 06 00 06 00 07 00  ................
0000e740: 07 00 07 00 08 00 08 00 08 00 09 00 09 00 09 00  ................
0000e750: 0a 00 0a 00 0b 00 0b 00 0b 00 0c 00 0c 00 0d 00  ................
0000e760: 0d 00 0e 00 0e 00 0f 00 0f 00 10 00 11 00 11 00  ................
0000e770: 12 00 12 00 13 00 13 00 14 00 14 00 15 00 15 00  ................
0000e780: 16 00 17 00 17 00 18 00 18 00 19 00 19 00 1a 00  ................
0000e790: 1a 00 1b 00 1b 00 1c 00 1c 00 1c 00 1d 00 1d 00  ................
0000e7a0: 1e 00 1e 00 1e 00 1f 00 1f 00 1f 00 20 00 20 00  ............ . .
0000e7b0: 20 00 21 00 21 00 21 00 21 00 21 00 22 00 22 00   .!.!.!.!.!.".".
0000e7c0: 22 00 22 00 22 00 23 00 23 00 23 00 23 00 23 00  ".".".#.#.#.#.#.
0000e7d0: 23 00 23 00 23 00 23 00 24 00 24 00 24 00 24 00  #.#.#.#.$.$.$.$.
0000e7e0: 24 00 24 00 24 00 24 00 24 00 24 00 24 00 24 00  $.$.$.$.$.$.$.$.
0000e7f0: 24 00 24 00 24 00 24 00 24 00 24 00 24 00 24 00  $.$.$.$.$.$.$.$.
0000e800: 24 00 24 00 24 00 24 00 24 00 24 00 24 00 24 00  $.$.$.$.$.$.$.$.
0000e810: 24 00 24 00 24 00 24 00 24 00 00 00 00 00 00 00  $.$.$.$.$.......
0000e820: 00 00 00 00 00 00 00 00 00 00 00 00 00 00 00 00  ................
0000e830: 00 00 00 00 00 00 00 00 00 00 00 00 00 00 00 00  ................
0000e840: 00 00 00 00 00 00 00 00 00 00 00 00 00 00 00 00  ................
0000e850: 00 00 00 00 00 00 00 00 00 00 00 00 00 00 00 00  ................
0000e860: 00 00 00 00 00 00 00 00 00 00 00 00 00 00 00 00  ................
0000e870: 00 00 00 00 00 00 00 00 00 00 00 00 00 00 00 00  ................
0000e880: 00 00 00 00 00 00 00 00 00 00 00 00 00 00 00 00  ................
0000e890: 00 00 00 00 00 00 00 00 00 00 00 00 00 00 00 00  ................
0000e8a0: 00 00 00 00 00 00 00 00 00 00 00 00 00 00 00 00  ................
0000e8b0: 00 00 00 00 00 00 00 00 00 00 00 00 00 00 00 00  ................
0000e8c0: 00 00 00 00 00 00 00 00 00 00 00 00 00 00 00 00  ................
0000e8d0: 00 00 00 00 00 00 00 00 00 00 00 00 00 00 00 00  ................
0000e8e0: 00 00 00 00 00 00 00 00 00 00 00 00 00 00 00 00  ................
0000e8f0: 00 00 00 00 00 00 00 00 00 00 00 00 00 00 00 00  ................
0000e900: 00 00 00 00 00 00 00 00 00 00 00 00 00 00 00 00  ................
0000e910: 00 00 00 00 00 00 00 00 00 00 00 00 00 00 00 00  ................
0000e920: 00 00 00 00 00 00 00 00 00 00 00 00 00 00 00 00  ................
0000e930: 00 00 00 00 00 00 00 00 00 00 00 00 00 00 00 00  ................
0000e940: 00 00 00 00 00 00 00 00 00 00 00 00 00 00 00 00  ................
0000e950: 00 00 00 00 00 00 00 00 00 00 00 00 00 00 00 00  ................
0000e960: 00 00 00 00 00 00 00 00 00 00 00 00 00 00 00 00  ................
0000e970: 00 00 00 00 00 00 00 00 00 00 00 00 00 00 00 00  ................
0000e980: 00 00 00 00 00 00 00 00 00 00 00 00 00 00 00 00  ................
0000e990: 00 00 00 00 00 00 00 00 00 00 00 00 00 00 00 00  ................
0000e9a0: 00 00 00 00 00 00 00 00 00 00 00 00 00 00 00 00  ................
0000e9b0: 00 00 00 00 00 00 00 00 00 00 00 00 00 00 00 00  ................
0000e9c0: 00 00 00 00 00 00 00 00 00 00 00 00 00 00 00 00  ................
0000e9d0: 00 00 00 00 00 00 00 00 00 00 00 00 00 00 00 00  ................
0000e9e0: 00 00 00 00 00 00 00 00 00 00 00 00 00 00 00 00  ................
0000e9f0: 00 00 00 00 00 00 00 00 00 00 00 00 00 00 00 00  ................
0000ea00: 00 00 00 00 00 00 00 00 00 00 00 00 00 00 00 00  ................
0000ea10: 00 00 00 00 00 00 00 00 00 00 00 00 30 00 4c 00  ............0.L.
0000ea20: 6c 00 7e 00 9a 00 c2 00 fe 00 ff 00 00 00 00 00  l.~.............
0000ea30: 00 00 00 00 00 00 00 00 00 00 00 00 ff 00 00 00  ................
0000ea40: 00 00 00 00 00 00 00 00 00 00 00 00 00 00 00 00  ................
0000ea50: 00 00 00 00 00 00 00 00 00 00 01 00 04 00 01 00  ................
0000ea60: 03 00 02 00 01 00 18 00 00 00 01 00 c0 ff c0 ff  ................
0000ea70: c0 ff c0 ff c0 ff c0 ff c0 ff bf ff bf ff bf ff  ................
0000ea80: bf ff bf ff bf ff bf ff bf ff bf ff bf ff bf ff  ................
0000ea90: bf ff bf ff bf ff bf ff bf ff bf ff bf ff bf ff  ................
0000eaa0: bf ff bf ff bf ff bf ff bf ff bf ff bf ff bf ff  ................
0000eab0: bf ff c0 ff c0 ff c0 ff c0 ff c0 ff c1 ff c1 ff  ................
0000eac0: c1 ff c1 ff c2 ff c2 ff c2 ff c3 ff c3 ff c4 ff  ................
0000ead0: c4 ff c5 ff c5 ff c6 ff c6 ff c7 ff c7 ff c8 ff  ................
0000eae0: c8 ff c9 ff ca ff ca ff cb ff cc ff cc ff cd ff  ................
0000eaf0: ce ff ce ff cf ff d0 ff d1 ff d2 ff d2 ff d3 ff  ................
0000eb00: d4 ff d5 ff d6 ff d6 ff d7 ff d8 ff d9 ff da ff  ................
0000eb10: db ff dc ff dd ff dd ff de ff df ff e0 ff e1 ff  ................
0000eb20: e2 ff e3 ff e4 ff e5 ff e5 ff e6 ff e7 ff e8 ff  ................
0000eb30: e9 ff ea ff eb ff ec ff ec ff ed ff ee ff ef ff  ................
0000eb40: f0 ff f1 ff f1 ff f2 ff f3 ff f4 ff f4 ff f5 ff  ................
0000eb50: f6 ff f7 ff f7 ff f8 ff f9 ff f9 ff fa ff fb ff  ................
0000eb60: fb ff fc ff fd ff fd ff fe ff fe ff ff ff ff ff  ................
0000eb70: 00 00 00 00 00 00 01 00 01 00 02 00 02 00 02 00  ................
0000eb80: 03 00 03 00 04 00 04 00 04 00 05 00 05 00 05 00  ................
0000eb90: 06 00 06 00 07 00 07 00 08 00 08 00 08 00 09 00  ................
0000eba0: 09 00 0a 00 0a 00 0b 00 0b 00 0c 00 0d 00 0d 00  ................
0000ebb0: 0e 00 0e 00 0f 00 0f 00 10 00 10 00 11 00 12 00  ................
0000ebc0: 12 00 13 00 13 00 14 00 15 00 15 00 16 00 16 00  ................
0000ebd0: 17 00 17 00 18 00 19 00 19 00 1a 00 1a 00 1b 00  ................
0000ebe0: 1b 00 1c 00 1d 00 1d 00 1e 00 1e 00 1f 00 1f 00  ................
0000ebf0: 20 00 20 00 21 00 21 00 21 00 22 00 22 00 23 00   . .!.!.!.".".#.
0000ec00: 23 00 23 00 24 00 24 00 24 00 25 00 25 00 25 00  #.#.$.$.$.%.%.%.
0000ec10: 26 00 26 00 26 00 26 00 26 00 26 00 27 00 27 00  &.&.&.&.&.&.'.'.
0000ec20: 27 00 27 00 27 00 27 00 27 00 27 00 27 00 27 00  '.'.'.'.'.'.'.'.
0000ec30: 27 00 27 00 27 00 27 00 26 00 26 00 26 00 26 00  '.'.'.'.&.&.&.&.
0000ec40: 26 00 26 00 26 00 26 00 25 00 25 00 25 00 25 00  &.&.&.&.%.%.%.%.
0000ec50: 25 00 25 00 25 00 25 00 24 00 24 00 24 00 24 00  %.%.%.%.$.$.$.$.
0000ec60: 24 00 24 00 24 00 24 00 24 00 24 00 00 00 00 00  $.$.$.$.$.$.....
0000ec70: 00 00 00 00 00 00 00 00 00 00 00 00 00 00 00 00  ................
0000ec80: 00 00 00 00 00 00 00 00 00 00 00 00 00 00 00 00  ................
0000ec90: 00 00 00 00 00 00 00 00 00 00 00 00 00 00 00 00  ................
0000eca0: 00 00 00 00 00 00 00 00 00 00 00 00 00 00 00 00  ................
0000ecb0: 00 00 00 00 00 00 00 00 00 00 00 00 00 00 00 00  ................
0000ecc0: 00 00 00 00 00 00 00 00 00 00 00 00 00 00 00 00  ................
0000ecd0: 00 00 00 00 00 00 00 00 00 00 00 00 00 00 00 00  ................
0000ece0: 00 00 00 00 00 00 00 00 00 00 00 00 00 00 00 00  ................
0000ecf0: 00 00 00 00 00 00 00 00 00 00 00 00 00 00 00 00  ................
0000ed00: 00 00 00 00 00 00 00 00 00 00 00 00 00 00 00 00  ................
0000ed10: 00 00 00 00 00 00 00 00 00 00 00 00 00 00 00 00  ................
0000ed20: 00 00 00 00 00 00 00 00 00 00 00 00 00 00 00 00  ................
0000ed30: 00 00 00 00 00 00 00 00 00 00 00 00 00 00 00 00  ................
0000ed40: 00 00 00 00 00 00 00 00 00 00 00 00 00 00 00 00  ................
0000ed50: 00 00 00 00 00 00 00 00 00 00 00 00 00 00 00 00  ................
0000ed60: 00 00 00 00 00 00 00 00 00 00 00 00 00 00 00 00  ................
0000ed70: 00 00 00 00 00 00 00 00 00 00 00 00 00 00 00 00  ................
0000ed80: 00 00 00 00 00 00 00 00 00 00 00 00 00 00 00 00  ................
0000ed90: 00 00 00 00 00 00 00 00 00 00 00 00 00 00 00 00  ................
0000eda0: 00 00 00 00 00 00 00 00 00 00 00 00 00 00 00 00  ................
0000edb0: 00 00 00 00 00 00 00 00 00 00 00 00 00 00 00 00  ................
0000edc0: 00 00 00 00 00 00 00 00 00 00 00 00 00 00 00 00  ................
0000edd0: 00 00 00 00 00 00 00 00 00 00 00 00 00 00 00 00  ................
0000ede0: 00 00 00 00 00 00 00 00 00 00 00 00 00 00 00 00  ................
0000edf0: 00 00 00 00 00 00 00 00 00 00 00 00 00 00 00 00  ................
0000ee00: 00 00 00 00 00 00 00 00 00 00 00 00 00 00 00 00  ................
0000ee10: 00 00 00 00 00 00 00 00 00 00 00 00 00 00 00 00  ................
0000ee20: 00 00 00 00 00 00 00 00 00 00 00 00 00 00 00 00  ................
0000ee30: 00 00 00 00 00 00 00 00 00 00 00 00 00 00 00 00  ................
0000ee40: 00 00 00 00 00 00 00 00 00 00 00 00 00 00 00 00  ................
0000ee50: 00 00 00 00 00 00 00 00 00 00 00 00 00 00 00 00  ................
0000ee60: 00 00 00 00 00 00 00 00 00 00 00 00 00 00 32 00  ..............2.
0000ee70: 80 00 94 00 d8 00 fe 00 ff 00 00 00 00 00 00 00  ................
0000ee80: 00 00 00 00 00 00 00 00 00 00 00 00 00 00 ff 00  ................
0000ee90: 00 00 00 00 00 00 00 00 00 00 00 00 00 00 00 00  ................
0000eea0: 00 00 00 00 00 00 00 00 00 00 00 00 01 00 04 00  ................
0000eeb0: 01 00 03 00 02 00 01 00 18 00 01 00 01 00 00 00  ................
0000eec0: ff ff fe ff fd ff fc ff fa ff f9 ff f8 ff f7 ff  ................
0000eed0: f6 ff f5 ff f3 ff f2 ff f1 ff f0 ff ef ff ee ff  ................
0000eee0: ed ff ec ff eb ff ea ff e9 ff e8 ff e7 ff e6 ff  ................
0000eef0: e5 ff e5 ff e4 ff e3 ff e2 ff e2 ff e1 ff e1 ff  ................
0000ef00: e0 ff df ff df ff df ff de ff de ff dd ff dd ff  ................
0000ef10: dd ff dd ff dd ff dd ff dd ff dd ff dd ff dd ff  ................
0000ef20: dd ff dd ff dd ff de ff de ff de ff de ff df ff  ................
0000ef30: df ff e0 ff e0 ff e1 ff e1 ff e2 ff e2 ff e3 ff  ................
0000ef40: e3 ff e4 ff e4 ff e5 ff e6 ff e6 ff e7 ff e8 ff  ................
0000ef50: e8 ff e9 ff ea ff ea ff eb ff ec ff ed ff ed ff  ................
0000ef60: ee ff ef ff f0 ff f0 ff f1 ff f2 ff f2 ff f3 ff  ................
0000ef70: f4 ff f5 ff f5 ff f6 ff f7 ff f7 ff f8 ff f8 ff  ................
0000ef80: f9 ff fa ff fa ff fb ff fb ff fc ff fc ff fd ff  ................
0000ef90: fd ff fe ff fe ff fe ff ff ff ff ff ff ff ff ff  ................
0000efa0: ff ff 00 00 00 00 00 00 00 00 00 00 00 00 00 00  ................
0000efb0: 00 00 00 00 00 00 00 00 00 00 00 00 ff ff ff ff  ................
0000efc0: ff ff ff ff ff ff ff ff ff ff ff ff ff ff ff ff  ................
0000efd0: ff ff ff ff ff ff ff ff 00 00 00 00 00 00 00 00  ................
0000efe0: 01 00 01 00 01 00 02 00 02 00 03 00 03 00 04 00  ................
0000eff0: 04 00 05 00 05 00 06 00 07 00 07 00 08 00 09 00  ................
0000f000: 09 00 0a 00 0b 00 0b 00 0c 00 0d 00 0e 00 0e 00  ................
0000f010: 0f 00 10 00 11 00 11 00 12 00 13 00 14 00 14 00  ................
0000f020: 15 00 16 00 17 00 17 00 18 00 19 00 19 00 1a 00  ................
0000f030: 1b 00 1b 00 1c 00 1d 00 1d 00 1e 00 1e 00 1f 00  ................
0000f040: 20 00 20 00 20 00 21 00 21 00 22 00 22 00 22 00   . . .!.!.".".".
0000f050: 23 00 23 00 23 00 23 00 24 00 24 00 24 00 24 00  #.#.#.#.$.$.$.$.
0000f060: 24 00 24 00 24 00 24 00 23 00 23 00 23 00 23 00  $.$.$.$.#.#.#.#.
0000f070: 22 00 22 00 22 00 21 00 21 00 20 00 20 00 1f 00  ".".".!.!. . ...
0000f080: 1e 00 1e 00 1d 00 1c 00 1b 00 1b 00 1a 00 19 00  ................
0000f090: 18 00 17 00 16 00 15 00 14 00 13 00 12 00 11 00  ................
0000f0a0: 10 00 0f 00 0e 00 0d 00 0c 00 0b 00 0a 00 09 00  ................
0000f0b0: 07 00 06 00 05 00 04 00 03 00 02 00 00 00 00 00  ................
0000f0c0: ff ff fe ff fc ff fb ff fa ff f8 ff f7 ff f6 ff  ................
0000f0d0: f4 ff f3 ff f2 ff f1 ff ef ff ee ff ed ff ec ff  ................
0000f0e0: eb ff e9 ff e8 ff e7 ff e6 ff e5 ff e4 ff e3 ff  ................
0000f0f0: e2 ff e1 ff e0 ff df ff de ff dd ff dd ff dc ff  ................
0000f100: db ff db ff da ff d9 ff d9 ff d8 ff d8 ff d8 ff  ................
0000f110: d7 ff d7 ff d7 ff d6 ff d6 ff d6 ff d6 ff d6 ff  ................
0000f120: d6 ff d6 ff d7 ff d7 ff d7 ff d7 ff d8 ff d8 ff  ................
0000f130: d9 ff d9 ff d9 ff da ff db ff db ff dc ff dc ff  ................
0000f140: dd ff de ff de ff df ff e0 ff e1 ff e1 ff e2 ff  ................
0000f150: e3 ff e4 ff e5 ff e6 ff e6 ff e7 ff e8 ff e9 ff  ................
0000f160: ea ff eb ff ec ff ed ff ed ff ee ff ef ff f0 ff  ................
0000f170: f1 ff f2 ff f3 ff f3 ff f4 ff f5 ff f6 ff f7 ff  ................
0000f180: f7 ff f8 ff f9 ff f9 ff fa ff fb ff fb ff fc ff  ................
0000f190: fc ff fd ff fd ff fe ff fe ff ff ff ff ff ff ff  ................
0000f1a0: ff ff 00 00 00 00 00 00 00 00 00 00 00 00 00 00  ................
0000f1b0: 00 00 00 00 00 00 00 00 00 00 00 00 00 00 ff ff  ................
0000f1c0: ff ff ff ff ff ff ff ff ff ff ff ff ff ff ff ff  ................
0000f1d0: ff ff ff ff ff ff ff ff ff ff ff ff 00 00 00 00  ................
0000f1e0: 01 00 01 00 02 00 02 00 03 00 03 00 04 00 05 00  ................
0000f1f0: 06 00 06 00 07 00 08 00 09 00 0a 00 0b 00 0c 00  ................
0000f200: 0d 00 0e 00 0f 00 10 00 11 00 12 00 13 00 15 00  ................
0000f210: 16 00 17 00 18 00 19 00 1a 00 1b 00 1d 00 1e 00  ................
0000f220: 1f 00 20 00 21 00 22 00 23 00 24 00 25 00 26 00  .. .!.".#.$.%.&.
0000f230: 27 00 28 00 29 00 2a 00 2b 00 2c 00 2d 00 2d 00  '.(.).*.+.,.-.-.
0000f240: 2e 00 2f 00 30 00 30 00 31 00 31 00 32 00 32 00  ../.0.0.1.1.2.2.
0000f250: 33 00 33 00 33 00 33 00 33 00 33 00 34 00 33 00  3.3.3.3.3.3.4.3.
0000f260: 33 00 33 00 33 00 33 00 32 00 32 00 31 00 31 00  3.3.3.3.2.2.1.1.
0000f270: 30 00 30 00 2f 00 2e 00 2d 00 2d 00 2c 00 2b 00  0.0./...-.-.,.+.
0000f280: 2a 00 29 00 28 00 27 00 26 00 24 00 23 00 22 00  *.).(.'.&.$.#.".
0000f290: 21 00 20 00 1e 00 1d 00 1c 00 1a 00 19 00 17 00  !. .............
0000f2a0: 16 00 15 00 13 00 12 00 10 00 0f 00 0d 00 0b 00  ................
0000f2b0: 0a 00 08 00 07 00 05 00 04 00 02 00 00 00 00 00  ................
0000f2c0: 26 00 70 00 8c 00 d4 00 ff 00 00 00 00 00 00 00  &.p.............
0000f2d0: 00 00 00 00 00 00 00 00 00 00 00 00 00 00 00 00  ................
0000f2e0: 2c 00 70 00 80 00 8e 00 ce 00 ff 00 00 00 00 00  ,.p.............
0000f2f0: 00 00 00 00 00 00 00 00 00 00 00 00 00 00 08 00  ................
0000f300: 02 00 00 00 fe ff ff ff 00 00 08 00 ff ff ff ff  ................
0000f310: 40 00 28 00 1e 00 0a 00 b4 00 32 00 0c 00 ce 00  @.(.......2.....
0000f320: 01 00 01 00 00 00 0e 00 00 02 ff 03 00 00 00 00  ................
0000f330: 40 00 40 00 40 00 01 00 00 00 10 00 00 02 ff 03  @.@.@...........
0000f340: 00 00 00 00 3a 00 3a 00 3a 00 01 00 00 00 10 00  ....:.:.:.......
0000f350: 00 02 ff 03 00 00 00 00 40 00 40 00 40 00 01 00  ........@.@.@...
0000f360: 00 00 10 00 00 02 ff 03 00 00 00 00 40 00 40 00  ............@.@.
0000f370: 40 00 01 00 00 00 10 00 00 02 ff 03 00 00 00 00  @...............
0000f380: 40 00 40 00 40 00 01 00 00 00 10 00 00 02 ff 03  @.@.@...........
0000f390: 00 00 00 00 2d 00 2d 00 2d 00 01 00 00 00 2c 01  ....-.-.-.....,.
0000f3a0: 00 02 ff 03 00 00 00 00 00 00 40 00 40 00 01 00  ..........@.@...
0000f3b0: 00 00 2c 01 00 02 ff 03 00 00 00 00 00 00 40 00  ..,...........@.
0000f3c0: 40 00 01 00 00 00 2c 01 00 02 ff 03 00 00 00 00  @.....,.........
0000f3d0: 00 00 40 00 40 00 01 00 00 00 2c 01 00 02 ff 03  ..@.@.....,.....
0000f3e0: 00 00 00 00 00 00 40 00 40 00 0d 00 40 00 01 00  ......@.@...@...
0000f3f0: 40 00 00 00 10 00 10 00 20 00 10 00 10 00 20 00  @....... ..... .
0000f400: 10 00 10 00 20 00 10 00 10 00 20 00 0c 00 10 00  .... ..... .....
0000f410: 20 00 0c 00 10 00 20 00 10 00 10 00 20 00 10 00   ..... ..... ...
0000f420: 10 00 20 00 04 00 01 00 20 00 0e 00 06 00 00 00  .. ..... .......
0000f430: 0f 00 0e 00 4b 00 00 00 00 00 00 00 01 00 10 00  ....K...........
0000f440: 5c 10 00 00 00 00 28 00 01 00 00 00 01 00 5a 00  \.....(.......Z.
0000f450: 01 00 01 00 01 00 5a 00 01 00 01 00 01 00 5a 00  ......Z.......Z.
0000f460: 01 00 01 00 01 00 46 00 01 00 01 00 01 00 3c 00  ......F.......<.
0000f470: 01 00 01 00 01 00 2d 00 01 00 01 00 01 00 28 00  ......-.......(.
0000f480: 01 00 01 00 01 00 5a 00 01 00 01 00 01 00 14 00  ......Z.........
0000f490: 01 00 01 00 00 00 00 00 00 00 00 00 00 00 00 00  ................
0000f4a0: 00 00 00 00 00 00 00 00 00 00 00 00 00 00 00 00  ................
0000f4b0: 00 00 00 00 00 00 00 00 00 00 00 00 00 00 00 00  ................
0000f4c0: 00 00 00 00 00 00 00 00 00 00 00 00 00 00 00 00  ................
0000f4d0: 00 00 00 00 00 00 00 00 00 00 00 00 00 00 00 00  ................
0000f4e0: 00 00 00 00 00 00 00 00 00 00 00 00 00 00 00 00  ................
0000f4f0: 00 00 00 00 00 00 00 00 00 00 00 00 00 00 00 00  ................
0000f500: 00 00 00 00 00 00 00 00 00 00 00 00 00 00 00 00  ................
0000f510: 00 00 00 00 00 00 00 00 00 00 00 00 00 00 00 00  ................
0000f520: 00 00 00 00 00 00 00 00 00 00 00 00 00 00 00 00  ................
0000f530: 00 00 00 00 00 00 00 00 00 00 00 00 00 00 00 00  ................
0000f540: 00 00 00 00 00 00 00 00 00 00 00 00 00 00 00 00  ................
0000f550: 00 00 00 00 00 00 00 00 00 00 00 00 00 00 00 00  ................
0000f560: 00 00 00 00 00 00 00 00 00 00 00 00 00 00 00 00  ................
0000f570: 00 00 00 00 00 00 00 00 00 00 00 00 00 00 00 00  ................
0000f580: 00 00 00 00 00 00 00 00 00 00 00 00 00 00 00 00  ................
0000f590: 00 00 00 00 00 00 00 00 00 00 00 00 00 00 00 00  ................
0000f5a0: 00 00 00 00 00 00 00 00 00 00 00 00 00 00 00 00  ................
0000f5b0: 00 00 00 00 00 00 00 00 00 00 00 00 00 00 00 00  ................
0000f5c0: 00 00 00 00 00 00 00 00 00 00 00 00 00 00 00 00  ................
0000f5d0: 00 00 00 00 00 00 00 00 00 00 00 00 00 00 00 00  ................
0000f5e0: 00 00 00 00 00 00 00 00 00 00 00 00 00 00 00 00  ................
0000f5f0: 00 00 00 00 00 00 00 00 00 00 00 00 00 00 00 00  ................
0000f600: 00 00 00 00 00 00 00 00 00 00 00 00 00 00 00 00  ................
0000f610: 00 00 00 00 00 00 00 00 00 00 00 00 00 00 00 00  ................
0000f620: 00 00 00 00 00 00 00 00 00 00 00 00 00 00 00 00  ................
0000f630: 00 00 00 00 00 00 00 00 00 00 00 00 00 00 00 00  ................
0000f640: 00 00 00 00 00 00 00 00 00 00 00 00 00 00 00 00  ................
0000f650: 00 00 00 00 00 00 00 00 00 00 00 00 00 00 00 00  ................
0000f660: 00 00 00 00 00 00 00 00 00 00 00 00 00 00 00 00  ................
0000f670: 00 00 00 00 00 00 00 00 00 00 00 00 00 00 00 00  ................
0000f680: 00 00 00 00 00 00 00 00 00 00 00 00 00 00 00 00  ................
0000f690: 00 00 00 00 00 00 00 00 00 00 00 00 00 00 00 00  ................
0000f6a0: 00 00 00 00 00 00 00 00 00 00 00 00 00 00 00 00  ................
0000f6b0: 00 00 00 00 00 00 00 00 00 00 00 00 00 00 00 00  ................
0000f6c0: 00 00 00 00 00 00 00 00 00 00 00 00 00 00 00 00  ................
0000f6d0: 00 00 00 00 00 00 00 00 00 00 00 00 00 00 00 00  ................
0000f6e0: 00 00 00 00 00 00 00 00 00 00 00 00 00 00 00 00  ................
0000f6f0: 00 00 00 00 00 00 00 00 00 00 00 00 00 00 00 00  ................
0000f700: 00 00 00 00 00 00 00 00 00 00 00 00 00 00 00 00  ................
0000f710: 00 00 00 00 00 00 00 00 00 00 00 00 00 00 00 00  ................
0000f720: 00 00 00 00 00 00 00 00 00 00 00 00 00 00 00 00  ................
0000f730: 00 00 00 00 00 00 00 00 00 00 00 00 00 00 00 00  ................
0000f740: 00 00 00 00 00 00 00 00 00 00 00 00 00 00 00 00  ................
0000f750: 00 00 00 00 00 00 00 00 00 00 00 00 00 00 00 00  ................
0000f760: 00 00 00 00 00 00 00 00 00 00 00 00 00 00 00 00  ................
0000f770: 00 00 00 00 00 00 00 00 00 00 00 00 00 00 00 00  ................
0000f780: 00 00 00 00 00 00 00 00 00 00 00 00 00 00 00 00  ................
0000f790: 00 00 00 00 00 00 00 00 00 00 00 00 00 00 00 00  ................
0000f7a0: 00 00 00 00 00 00 00 00 00 00 00 00 00 00 00 00  ................
0000f7b0: 00 00 00 00 00 00 00 00 00 00 00 00 00 00 00 00  ................
0000f7c0: 00 00 00 00 00 00 00 00 00 00 00 00 00 00 00 00  ................
0000f7d0: 00 00 00 00 00 00 00 00 00 00 00 00 00 00 00 00  ................
0000f7e0: 00 00 00 00 00 00 00 00 00 00 00 00 00 00 00 00  ................
0000f7f0: 00 00 00 00 00 00 00 00 00 00 00 00 00 00 00 00  ................
0000f800: 00 00 00 00 00 00 00 00 00 00 00 00 00 00 00 00  ................
0000f810: 00 00 00 00 00 00 00 00 00 00 00 00 00 00 00 00  ................
0000f820: 00 00 00 00 00 00 00 00 00 00 00 00 00 00 00 00  ................
0000f830: 00 00 00 00 00 00 00 00 00 00 00 00 00 00 00 00  ................
0000f840: 00 00 00 00 00 00 00 00 00 00 00 00 00 00 00 00  ................
0000f850: 00 00 00 00 00 00 00 00 00 00 00 00 00 00 00 00  ................
0000f860: 00 00 00 00 00 00 00 00 00 00 00 00 00 00 00 00  ................
0000f870: 00 00 00 00 00 00 00 00 00 00 00 00 00 00 00 00  ................
0000f880: 00 00 00 00 00 00 00 00 00 00 00 00 00 00 00 00  ................
0000f890: 00 00 00 00 00 00 00 00 00 00 00 00 00 00 00 00  ................
0000f8a0: 00 00 00 00 00 00 00 00 00 00 00 00 00 00 00 00  ................
0000f8b0: 00 00 00 00 00 00 00 00 00 00 00 00 00 00 00 00  ................
0000f8c0: 00 00 00 00 00 00 00 00 00 00 00 00 00 00 00 00  ................
0000f8d0: 00 00 00 00 00 00 00 00 00 00 00 00 00 00 00 00  ................
0000f8e0: 00 00 00 00 00 00 00 00 00 00 00 00 00 00 00 00  ................
0000f8f0: 00 00 00 00 00 00 00 00 00 00 00 00 00 00 00 00  ................
0000f900: 00 00 00 00 00 00 00 00 00 00 00 00 00 00 00 00  ................
0000f910: 00 00 00 00 00 00 00 00 00 00 00 00 00 00 00 00  ................
0000f920: 00 00 00 00 00 00 00 00 00 00 00 00 00 00 00 00  ................
0000f930: 00 00 00 00 00 00 00 00 00 00 00 00 00 00 00 00  ................
0000f940: 00 00 00 00 00 00 00 00 00 00 00 00 00 00 00 00  ................
0000f950: 00 00 00 00 00 00 00 00 00 00 00 00 00 00 00 00  ................
0000f960: 00 00 00 00 00 00 00 00 00 00 00 00 00 00 00 00  ................
0000f970: 00 00 00 00 00 00 00 00 00 00 00 00 00 00 00 00  ................
0000f980: 00 00 00 00 00 00 00 00 00 00 00 00 00 00 00 00  ................
0000f990: 00 00 00 00 00 00 00 00 00 00 00 00 00 00 00 00  ................
0000f9a0: 00 00 00 00 00 00 00 00 00 00 00 00 00 00 00 00  ................
0000f9b0: 00 00 00 00 00 00 00 00 00 00 00 00 00 00 00 00  ................
0000f9c0: 00 00 00 00 00 00 00 00 00 00 00 00 00 00 00 00  ................
0000f9d0: 00 00 00 00 00 00 00 00 00 00 00 00 00 00 00 00  ................
0000f9e0: 00 00 00 00 00 00 00 00 00 00 00 00 00 00 00 00  ................
0000f9f0: 00 00 00 00 00 00 00 00 00 00 00 00 00 00 00 00  ................
0000fa00: 00 00 00 00 00 00 00 00 00 00 00 00 00 00 00 00  ................
0000fa10: 00 00 00 00 00 00 00 00 00 00 00 00 00 00 00 00  ................
0000fa20: 00 00 00 00 00 00 00 00 00 00 00 00 00 00 00 00  ................
0000fa30: 00 00 00 00 00 00 00 00 00 00 00 00 00 00 00 00  ................
0000fa40: 00 00 00 00 00 00 00 00 00 00 00 00 00 00 00 00  ................
0000fa50: 00 00 00 00 00 00 00 00 00 00 00 00 00 00 00 00  ................
0000fa60: 00 00 00 00 00 00 00 00 00 00 00 00 00 00 00 00  ................
0000fa70: 00 00 00 00 00 00 00 00 00 00 00 00 00 00 00 00  ................
0000fa80: 00 00 00 00 00 00 00 00 00 00 00 00 00 00 00 00  ................
0000fa90: 00 00 00 00 00 00 00 00 00 00 00 00 00 00 00 00  ................
0000faa0: 00 00 00 00 00 00 00 00 00 00 00 00 00 00 00 00  ................
0000fab0: 00 00 00 00 00 00 00 00 00 00 00 00 00 00 00 00  ................
0000fac0: 00 00 00 00 00 00 00 00 00 00 00 00 00 00 00 00  ................
0000fad0: 00 00 00 00 00 00 00 00 00 00 00 00 00 00 00 00  ................
0000fae0: 00 00 00 00 00 00 00 00 00 00 00 00 00 00 00 00  ................
0000faf0: 00 00 00 00 00 00 00 00 00 00 00 00 00 00 00 00  ................
0000fb00: 00 00 00 00 00 00 00 00 00 00 00 00 00 00 00 00  ................
0000fb10: 00 00 00 00 00 00 00 00 00 00 00 00 00 00 00 00  ................
0000fb20: 00 00 00 00 00 00 00 00 00 00 00 00 00 00 00 00  ................
0000fb30: 00 00 00 00 00 00 00 00 00 00 00 00 00 00 00 00  ................
0000fb40: 00 00 00 00 00 00 00 00 00 00 00 00 00 00 00 00  ................
0000fb50: 00 00 00 00 00 00 00 00 00 00 00 00 00 00 00 00  ................
0000fb60: 00 00 00 00 00 00 00 00 00 00 00 00 00 00 00 00  ................
0000fb70: 00 00 00 00 00 00 00 00 00 00 00 00 00 00 00 00  ................
0000fb80: 00 00 00 00 00 00 00 00 00 00 00 00 00 00 00 00  ................
0000fb90: 00 00 00 00 00 00 00 00 00 00 00 00 00 00 00 00  ................
0000fba0: 00 00 00 00 00 00 00 00 00 00 00 00 00 00 00 00  ................
0000fbb0: 00 00 00 00 00 00 00 00 00 00 00 00 00 00 00 00  ................
0000fbc0: 00 00 00 00 00 00 00 00 00 00 00 00 00 00 00 00  ................
0000fbd0: 00 00 00 00 00 00 00 00 00 00 00 00 00 00 00 00  ................
0000fbe0: 00 00 00 00 00 00 00 00 00 00 00 00 00 00 00 00  ................
0000fbf0: 00 00 00 00 00 00 00 00 00 00 00 00 00 00 00 00  ................
0000fc00: 00 00 00 00 00 00 00 00 00 00 00 00 00 00 00 00  ................
0000fc10: 00 00 00 00 00 00 00 00 00 00 00 00 00 00 00 00  ................
0000fc20: 00 00 00 00 00 00 00 00 00 00 00 00 00 00 00 00  ................
0000fc30: 00 00 00 00 00 00 00 00 00 00 00 00 00 00 00 00  ................
0000fc40: 00 00 00 00 00 00 00 00 00 00 00 00 00 00 00 00  ................
0000fc50: 00 00 00 00 00 00 00 00 00 00 00 00 00 00 00 00  ................
0000fc60: 00 00 00 00 00 00 00 00 00 00 00 00 00 00 00 00  ................
0000fc70: 00 00 00 00 00 00 00 00 00 00 00 00 00 00 00 00  ................
0000fc80: 00 00 00 00 00 00 00 00 00 00 00 00 00 00 00 00  ................
0000fc90: 00 00 00 00 00 00 00 00 00 00 00 00 00 00 00 00  ................
0000fca0: 00 00 00 00 00 00 00 00 00 00 00 00 00 00 00 00  ................
0000fcb0: 00 00 00 00 00 00 00 00 00 00 00 00 00 00 00 00  ................
0000fcc0: 00 00 00 00 00 00 00 00 00 00 00 00 00 00 00 00  ................
0000fcd0: 00 00 00 00 00 00 00 00 00 00 00 00 00 00 00 00  ................
0000fce0: 00 00 00 00 00 00 00 00 00 00 00 00 00 00 00 00  ................
0000fcf0: 00 00 00 00 00 00 00 00 00 00 00 00 00 00 00 00  ................
0000fd00: 00 00 00 00 00 00 00 00 00 00 00 00 00 00 00 00  ................
0000fd10: 00 00 00 00 00 00 00 00 00 00 00 00 00 00 00 00  ................
0000fd20: 00 00 00 00 00 00 00 00 00 00 00 00 00 00 00 00  ................
0000fd30: 00 00 00 00 00 00 00 00 00 00 00 00 00 00 00 00  ................
0000fd40: 00 00 00 00 00 00 00 00 00 00 00 00 00 00 00 00  ................
0000fd50: 00 00 00 00 00 00 00 00 00 00 00 00 00 00 00 00  ................
0000fd60: 00 00 00 00 00 00 00 00 00 00 00 00 00 00 00 00  ................
0000fd70: 00 00 00 00 00 00 00 00 00 00 00 00 00 00 00 00  ................
0000fd80: 00 00 00 00 00 00 00 00 00 00 00 00 00 00 00 00  ................
0000fd90: 00 00 00 00 00 00 00 00 00 00 00 00 00 00 00 00  ................
0000fda0: 00 00 00 00 00 00 00 00 00 00 00 00 00 00 00 00  ................
0000fdb0: 00 00 00 00 00 00 00 00 00 00 00 00 00 00 00 00  ................
0000fdc0: 00 00 00 00 00 00 00 00 00 00 00 00 00 00 00 00  ................
0000fdd0: 00 00 00 00 00 00 00 00 00 00 00 00 00 00 00 00  ................
0000fde0: 00 00 00 00 00 00 00 00 00 00 00 00 00 00 00 00  ................
0000fdf0: 00 00 00 00 00 00 00 00 00 00 00 00 00 00 00 00  ................
0000fe00: 00 00 00 00 00 00 00 00 00 00 00 00 00 00 00 00  ................
0000fe10: 00 00 00 00 00 00 00 00 00 00 00 00 00 00 00 00  ................
0000fe20: 00 00 00 00 00 00 00 00 00 00 00 00 00 00 00 00  ................
0000fe30: 00 00 00 00 00 00 00 00 00 00 00 00 00 00 00 00  ................
0000fe40: 00 00 00 00 00 00 00 00 00 00 00 00 00 00 00 00  ................
0000fe50: 00 00 00 00 00 00 00 00 00 00 00 00 00 00 00 00  ................
0000fe60: 00 00 00 00 00 00 00 00 00 00 00 00 00 00 00 00  ................
0000fe70: 00 00 00 00 00 00 00 00 00 00 00 00 00 00 00 00  ................
0000fe80: 00 00 00 00 00 00 00 00 00 00 00 00 00 00 00 00  ................
0000fe90: 00 00 00 00 00 00 00 00 00 00 00 00 00 00 00 00  ................
0000fea0: 00 00 00 00 00 00 00 00 00 00 00 00 00 00 00 00  ................
0000feb0: 00 00 00 00 00 00 00 00 00 00 00 00 00 00 00 00  ................
0000fec0: 00 00 00 00 00 00 00 00 00 00 00 00 00 00 00 00  ................
0000fed0: 00 00 00 00 00 00 00 00 00 00 00 00 00 00 00 00  ................
0000fee0: 00 00 00 00 00 00 00 00 00 00 00 00 00 00 00 00  ................
0000fef0: 00 00 00 00 00 00 00 00 00 00 00 00 00 00 00 00  ................
0000ff00: 00 00 00 00 00 00 00 00 00 00 00 00 00 00 00 00  ................
0000ff10: 00 00 00 00 00 00 00 00 00 00 00 00 00 00 00 00  ................
0000ff20: 00 00 00 00 00 00 00 00 00 00 00 00 00 00 00 00  ................
0000ff30: 00 00 00 00 00 00 00 00 00 00 00 00 00 00 00 00  ................
0000ff40: 00 00 00 00 00 00 00 00 00 00 00 00 00 00 00 00  ................
0000ff50: 00 00 00 00 00 00 00 00 00 00 00 00 00 00 00 00  ................
0000ff60: 00 00 00 00 00 00 00 00 00 00 00 00 00 00 00 00  ................
0000ff70: 00 00 00 00 00 00 00 00 00 00 00 00 00 00 00 00  ................
0000ff80: 00 00 00 00 00 00 00 00 00 00 00 00 00 00 00 00  ................
0000ff90: 00 00 00 00 00 00 00 00 00 00 00 00 00 00 00 00  ................
0000ffa0: 00 00 00 00 00 00 00 00 00 00 00 00 00 00 00 00  ................
0000ffb0: 00 00 00 00 00 00 00 00 00 00 00 00 00 00 00 00  ................
0000ffc0: 00 00 00 00 00 00 00 00 00 00 00 00 00 00 00 00  ................
0000ffd0: 00 00 00 00 00 00 00 00 00 00 00 00 00 00 00 00  ................
0000ffe0: 00 00 00 00 00 00 00 00 00 00 00 00 00 00 00 00  ................
0000fff0: 00 00 00 00 00 00 00 00 00 00 00 00 00 00 00 00  ................
00010000: 00 00 00 00 00 00 00 00 00 00 00 00 00 00 00 00  ................
00010010: 00 00 00 00 00 00 00 00 00 00 00 00 00 00 00 00  ................
00010020: 00 00 00 00 00 00 00 00 00 00 00 00 00 00 00 00  ................
00010030: 00 00 00 00 00 00 00 00 00 00 00 00 00 00 00 00  ................
00010040: 00 00 00 00 00 00 00 00 00 00 00 00 00 00 00 00  ................
00010050: 00 00 00 00 00 00 00 00 00 00 00 00 00 00 00 00  ................
00010060: 00 00 00 00 00 00 00 00 00 00 00 00 00 00 00 00  ................
00010070: 00 00 00 00 00 00 00 00 00 00 00 00 00 00 00 00  ................
00010080: 00 00 00 00 00 00 00 00 00 00 00 00 00 00 00 00  ................
00010090: 00 00 00 00 00 00 00 00 00 00 00 00 00 00 00 00  ................
000100a0: 00 00 00 00 00 00 00 00 00 00 00 00 00 00 00 00  ................
000100b0: 00 00 00 00 00 00 00 00 00 00 00 00 00 00 00 00  ................
000100c0: 00 00 00 00 00 00 00 00 00 00 00 00 00 00 00 00  ................
000100d0: 00 00 00 00 00 00 00 00 00 00 00 00 00 00 00 00  ................
000100e0: 00 00 00 00 00 00 00 00 00 00 00 00 00 00 00 00  ................
000100f0: 00 00 00 00 00 00 00 00 00 00 00 00 00 00 00 00  ................
00010100: 00 00 00 00 00 00 00 00 00 00 00 00 00 00 00 00  ................
00010110: 00 00 00 00 00 00 00 00 00 00 00 00 00 00 00 00  ................
00010120: 00 00 00 00 00 00 00 00 00 00 00 00 00 00 00 00  ................
00010130: 00 00 00 00 00 00 00 00 00 00 00 00 00 00 00 00  ................
00010140: 00 00 00 00 00 00 00 00 00 00 00 00 00 00 00 00  ................
00010150: 00 00 00 00 00 00 00 00 00 00 00 00 00 00 00 00  ................
00010160: 00 00 00 00 00 00 00 00 00 00 00 00 00 00 00 00  ................
00010170: 00 00 00 00 00 00 00 00 00 00 00 00 00 00 00 00  ................
00010180: 00 00 00 00 00 00 00 00 00 00 00 00 00 00 00 00  ................
00010190: 00 00 00 00 00 00 00 00 00 00 00 00 00 00 00 00  ................
000101a0: 00 00 00 00 00 00 00 00 00 00 00 00 00 00 00 00  ................
000101b0: 00 00 00 00 00 00 00 00 00 00 00 00 00 00 00 00  ................
000101c0: 00 00 00 00 00 00 00 00 00 00 00 00 00 00 00 00  ................
000101d0: 00 00 00 00 00 00 00 00 00 00 00 00 00 00 00 00  ................
000101e0: 00 00 00 00 00 00 00 00 00 00 00 00 00 00 00 00  ................
000101f0: 00 00 00 00 00 00 00 00 00 00 00 00 00 00 00 00  ................
00010200: 00 00 00 00 00 00 00 00 00 00 00 00 00 00 00 00  ................
00010210: 00 00 00 00 00 00 00 00 00 00 00 00 00 00 00 00  ................
00010220: 00 00 00 00 00 00 00 00 00 00 00 00 00 00 00 00  ................
00010230: 00 00 00 00 00 00 00 00 00 00 00 00 00 00 00 00  ................
00010240: 00 00 00 00 00 00 00 00 00 00 00 00 00 00 00 00  ................
00010250: 00 00 00 00 00 00 00 00 00 00 00 00 00 00 00 00  ................
00010260: 00 00 00 00 00 00 00 00 00 00 00 00 00 00 00 00  ................
00010270: 00 00 00 00 00 00 00 00 00 00 00 00 00 00 00 00  ................
00010280: 00 00 00 00 00 00 00 00 00 00 00 00 00 00 00 00  ................
00010290: 00 00 00 00 00 00 00 00 00 00 00 00 00 00 00 00  ................
000102a0: 00 00 00 00 00 00 00 00 00 00 00 00 00 00 00 00  ................
000102b0: 00 00 00 00 00 00 00 00 00 00 00 00 00 00 00 00  ................
000102c0: 00 00 00 00 00 00 00 00 00 00 00 00 00 00 00 00  ................
000102d0: 00 00 00 00 00 00 00 00 00 00 00 00 00 00 00 00  ................
000102e0: 00 00 00 00 00 00 00 00 00 00 00 00 00 00 00 00  ................
000102f0: 00 00 00 00 00 00 00 00 00 00 00 00 00 00 00 00  ................
00010300: 00 00 00 00 00 00 00 00 00 00 00 00 00 00 00 00  ................
00010310: 00 00 00 00 00 00 00 00 00 00 00 00 00 00 00 00  ................
00010320: 00 00 00 00 00 00 00 00 00 00 00 00 00 00 00 00  ................
00010330: 00 00 00 00 00 00 00 00 00 00 00 00 00 00 00 00  ................
00010340: 00 00 00 00 00 00 00 00 00 00 00 00 00 00 00 00  ................
00010350: 00 00 00 00 00 00 00 00 00 00 00 00 00 00 00 00  ................
00010360: 00 00 00 00 00 00 00 00 00 00 00 00 00 00 00 00  ................
00010370: 00 00 00 00 00 00 00 00 00 00 00 00 00 00 00 00  ................
00010380: 00 00 00 00 00 00 00 00 00 00 00 00 00 00 00 00  ................
00010390: 00 00 00 00 00 00 00 00 00 00 00 00 00 00 00 00  ................
000103a0: 00 00 00 00 00 00 00 00 00 00 00 00 00 00 00 00  ................
000103b0: 00 00 00 00 00 00 00 00 00 00 00 00 00 00 00 00  ................
000103c0: 00 00 00 00 00 00 00 00 00 00 00 00 00 00 00 00  ................
000103d0: 00 00 00 00 00 00 00 00 00 00 00 00 00 00 00 00  ................
000103e0: 00 00 00 00 00 00 00 00 00 00 00 00 00 00 00 00  ................
000103f0: 00 00 00 00 00 00 00 00 00 00 00 00 00 00 00 00  ................
00010400: 00 00 00 00 00 00 00 00 00 00 00 00 00 00 00 00  ................
00010410: 00 00 00 00 00 00 00 00 00 00 00 00 00 00 00 00  ................
00010420: 00 00 00 00 00 00 00 00 00 00 00 00 00 00 00 00  ................
00010430: 00 00 00 00 00 00 00 00 00 00 00 00 00 00 00 00  ................
00010440: 00 00 00 00 00 00 00 00 00 00 00 00 00 00 00 00  ................
00010450: 00 00 00 00 00 00 00 00 00 00 00 00 00 00 00 00  ................
00010460: 00 00 00 00 00 00 00 00 00 00 00 00 00 00 00 00  ................
00010470: 00 00 00 00 00 00 00 00 00 00 00 00 00 00 00 00  ................
00010480: 00 00 00 00 00 00 00 00 00 00 00 00 00 00 00 00  ................
00010490: 00 00 00 00 00 00 00 00 00 00 11 00 04 01 00 00  ................
000104a0: 00 00 00 00 00 00 06 00 06 00 06 00 06 00 06 00  ................
000104b0: 06 00 06 00 06 00 00 00 00 00 00 00 00 00 00 00  ................
000104c0: 00 00 00 00 06 00 07 00 07 00 07 00 07 00 07 00  ................
000104d0: 07 00 07 00 07 00 06 00 00 00 00 00 00 00 00 00  ................
000104e0: 00 00 06 00 07 00 08 00 08 00 08 00 08 00 08 00  ................
000104f0: 08 00 08 00 08 00 07 00 06 00 00 00 00 00 00 00  ................
00010500: 00 00 06 00 07 00 08 00 08 00 08 00 08 00 08 00  ................
00010510: 08 00 08 00 08 00 07 00 06 00 00 00 00 00 00 00  ................
00010520: 00 00 06 00 07 00 08 00 08 00 08 00 08 00 08 00  ................
00010530: 08 00 08 00 08 00 07 00 06 00 00 00 00 00 00 00  ................
00010540: 00 00 06 00 07 00 08 00 08 00 08 00 08 00 08 00  ................
00010550: 08 00 08 00 08 00 07 00 06 00 00 00 00 00 00 00  ................
00010560: 00 00 00 00 06 00 07 00 07 00 07 00 07 00 07 00  ................
00010570: 07 00 07 00 07 00 06 00 00 00 00 00 00 00 00 00  ................
00010580: 00 00 00 00 00 00 06 00 06 00 06 00 06 00 06 00  ................
00010590: 06 00 06 00 06 00 00 00 00 00 00 00 00 00 12 00  ................
000105a0: 2e 00 00 00 ff 04 00 00 cf 02 00 00 00 00 00 00  ................
000105b0: 00 00 00 00 00 00 00 00 00 00 00 00 00 00 00 00  ................
000105c0: 00 00 00 00 00 00 00 00 00 00 40 00 13 00 10 02  ..........@.....
000105d0: 00 00 00 01 00 01 00 01 00 00 00 00 00 00 0f 00  ................
000105e0: 08 00 05 00 04 00 03 00 02 00 02 00 01 00 01 00  ................
000105f0: 01 00 01 00 01 00 01 00 01 00 01 00 01 00 1e 00  ................
00010600: c8 00 00 00 3d 00 40 00 51 00 47 00 5c 00 32 00  ....=.@.Q.G.\.2.
00010610: 32 00 32 00 32 00 32 00 65 00 40 00 34 00 40 00  2.2.2.2.e.@.4.@.
00010620: 45 00 32 00 32 00 32 00 60 00 32 00 46 00 50 00  E.2.2.2.`.2.F.P.
00010630: a2 00 69 00 85 00 bc 02 bc 02 bc 02 bc 02 bc 02  ..i.............
00010640: 98 00 79 00 60 00 61 00 4d 00 bc 02 bc 02 bc 02  ..y.`.a.M.......
00010650: bc 02 bc 02 60 00 40 00 1a 00 2c 00 25 00 32 00  ....`.@...,.%.2.
00010660: 32 00 32 00 32 00 32 00 9c 00 6b 00 42 00 40 00  2.2.2.2...k.B.@.
00010670: 30 00 bc 02 bc 02 bc 02 bc 02 bc 02 0a 00 30 75  0.............0u
00010680: 03 00 00 00 01 00 02 00 03 00 03 00 00 00 01 00  ................
00010690: 02 00 03 00 03 00 00 00 00 00 00 00 00 00 00 00  ................
000106a0: 00 00 00 00 00 00 00 00 00 00 00 00 00 00 00 00  ................
000106b0: 00 00 00 00 00 00 00 00 00 00 00 00 00 00 00 00  ................
000106c0: 00 00 00 00 00 00 00 00 00 00 00 00 00 00 00 00  ................
000106d0: 00 00 00 00 00 00 00 00 00 00 00 00 00 00 00 00  ................
000106e0: 00 00 00 00 00 00 00 00 00 00 00 00 00 00 00 00  ................
000106f0: 00 00 00 00 00 00 00 00 00 00 00 00 00 00 00 00  ................
00010700: 00 00 00 00 00 00 00 00 00 00 00 00 00 00 00 00  ................
00010710: 00 00 00 00 00 00 00 00 00 00 00 00 00 00 00 00  ................
00010720: 00 00 00 00 00 00 00 00 00 00 00 00 00 00 00 00  ................
00010730: 00 00 00 00 00 00 00 00 00 00 00 00 00 00 00 00  ................
00010740: 00 00 00 00 00 00 00 00 00 00 00 00 00 00 00 00  ................
00010750: 00 00 00 00 00 00 00 00 00 00 00 00 00 00 00 00  ................
00010760: 00 00 00 00 00 00 00 00 00 00 00 00 00 00 00 00  ................
00010770: 00 00 00 00 00 00 00 00 00 00 00 00 00 00 00 00  ................
00010780: 00 00 00 00 00 00 00 00 00 00 00 00 00 00 00 00  ................
00010790: 00 00 00 00 00 00 00 00 00 00 00 00 00 00 00 00  ................
000107a0: 00 00 00 00 00 00 00 00 00 00 00 00 00 00 00 00  ................
000107b0: 00 00 00 00 00 00 00 00 00 00 00 00 00 00 00 00  ................
000107c0: 00 00 00 00 00 00 00 00 00 00 00 00 00 00 00 00  ................
000107d0: 00 00 00 00 00 00 00 00 00 00 00 00 14 00 f0 00  ................
000107e0: 01 00 00 00 00 00 01 00 0a 00 00 00 b4 0b 00 00  ................
000107f0: 14 00 00 00 0a 00 00 00 b4 0b 00 00 08 00 00 00  ................
00010800: b4 0b 00 00 01 00 00 00 00 01 00 00 00 01 00 00  ................
00010810: 00 01 00 00 00 01 00 00 00 1e 00 00 00 01 00 00  ................
00010820: 01 00 00 00 06 00 00 00 37 00 00 00 00 00 00 00  ........7.......
00010830: 01 00 00 00 01 00 00 00 02 00 00 00 02 00 00 00  ................
00010840: 04 00 00 00 04 00 00 00 08 00 00 00 08 00 00 00  ................
00010850: 10 00 00 00 10 00 00 00 20 00 00 00 20 00 00 00  ........ ... ...
00010860: 40 00 00 00 40 00 00 00 00 02 00 00 00 02 00 00  @...@...........
00010870: 00 04 00 00 00 00 00 00 00 00 00 00 04 00 00 00  ................
00010880: 02 00 00 00 02 00 00 00 02 00 00 00 02 00 00 00  ................
00010890: 02 00 00 00 02 00 00 00 03 00 00 00 03 00 00 00  ................
000108a0: 04 00 00 00 04 00 00 00 05 00 00 00 05 00 00 00  ................
000108b0: 06 00 00 00 07 00 00 00 07 00 00 00 00 00 00 00  ................
000108c0: 08 00 00 00 0a 00 00 00 05 00 00 00 15 00 1e 00  ................
000108d0: 00 00 01 00 00 00 00 00 05 00 02 00 00 00 34 17  ..............4.
000108e0: 9c 06 01 00 0a 00 00 00 00 00 16 00 32 01 00 00  ............2...
000108f0: 08 00 10 00 18 00 20 00 28 00 30 00 38 00 40 00  ...... .(.0.8.@.
00010900: 48 00 50 00 58 00 60 00 68 00 70 00 78 00 80 00  H.P.X.`.h.p.x...
00010910: 88 00 90 00 98 00 a0 00 a8 00 b0 00 b8 00 c0 00  ................
00010920: c8 00 d0 00 d8 00 e0 00 e8 00 f0 00 f8 00 00 01  ................
00010930: 08 01 10 01 18 01 20 01 28 01 30 01 38 01 40 01  ...... .(.0.8.@.
00010940: 48 01 50 01 58 01 60 01 68 01 70 01 78 01 80 01  H.P.X.`.h.p.x...
00010950: 88 01 90 01 98 01 a0 01 a8 01 b0 01 b8 01 c0 01  ................
00010960: c8 01 d0 01 d8 01 e0 01 e8 01 f0 01 f8 01 00 02  ................
00010970: 08 02 10 02 18 02 20 02 28 02 30 02 38 02 40 02  ...... .(.0.8.@.
00010980: 48 02 50 02 58 02 60 02 68 02 70 02 78 02 80 02  H.P.X.`.h.p.x...
00010990: 88 02 90 02 98 02 a0 02 a8 02 b0 02 b8 02 c0 02  ................
000109a0: c8 02 d0 02 d8 02 e0 02 e8 02 f0 02 f8 02 00 03  ................
000109b0: 08 03 10 03 18 03 20 03 28 03 30 03 38 03 40 03  ...... .(.0.8.@.
000109c0: 48 03 50 03 58 03 60 03 68 03 70 03 78 03 80 03  H.P.X.`.h.p.x...
000109d0: 88 03 90 03 98 03 a0 03 a8 03 b0 03 b8 03 c0 03  ................
000109e0: c8 03 d0 03 d8 03 e0 03 e8 03 f0 03 f8 03 ff 03  ................
000109f0: 00 00 10 00 20 00 30 00 40 00 50 00 60 00 70 00  .... .0.@.P.`.p.
00010a00: 00 00 00 00 00 00 00 00 00 00 00 00 00 00 00 00  ................
00010a10: 00 00 00 00 00 00 00 00 00 00 00 00 17 00 e4 03  ................
00010a20: 00 00 00 00 00 00 00 00 00 00 00 00 00 00 00 00  ................
00010a30: 00 00 00 00 00 00 00 00 00 00 00 00 00 00 00 00  ................
00010a40: 00 00 00 00 00 00 00 00 00 00 00 00 00 00 00 00  ................
00010a50: 00 00 00 00 00 00 00 00 00 00 00 00 00 00 00 00  ................
00010a60: 00 00 00 00 00 00 00 00 00 00 00 00 00 00 00 00  ................
00010a70: 00 00 00 00 00 00 00 00 00 00 00 00 00 00 00 00  ................
00010a80: 00 00 00 00 00 00 00 00 00 00 00 00 00 00 00 00  ................
00010a90: 00 00 00 00 00 00 00 00 00 00 00 00 00 00 00 00  ................
00010aa0: 00 00 00 00 00 00 00 00 00 00 00 00 00 00 00 00  ................
00010ab0: 00 00 00 00 00 00 00 00 00 00 00 00 00 00 00 00  ................
00010ac0: 00 00 00 00 00 00 00 00 00 00 00 00 00 00 00 00  ................
00010ad0: 00 00 00 00 00 00 00 00 00 00 00 00 00 00 00 00  ................
00010ae0: 00 00 00 00 00 00 00 00 00 00 00 00 00 00 00 00  ................
00010af0: 00 00 00 00 00 00 00 00 00 00 00 00 00 00 00 00  ................
00010b00: 00 00 00 00 00 00 00 00 00 00 00 00 00 00 00 00  ................
00010b10: 00 00 00 00 00 00 00 00 00 00 00 00 00 00 00 00  ................
00010b20: 00 00 00 00 00 00 00 00 00 00 00 00 00 00 00 00  ................
00010b30: 00 00 00 00 00 00 00 00 00 00 00 00 00 00 00 00  ................
00010b40: 00 00 00 00 00 00 00 00 00 00 00 00 00 00 00 00  ................
00010b50: 00 00 00 00 00 00 00 00 00 00 00 00 00 00 00 00  ................
00010b60: 00 00 00 00 00 00 00 00 00 00 00 00 00 00 00 00  ................
00010b70: 00 00 00 00 00 00 00 00 00 00 00 00 00 00 00 00  ................
00010b80: 00 00 00 00 00 00 00 00 00 00 00 00 00 00 00 00  ................
00010b90: 00 00 00 00 00 00 00 00 00 00 00 00 00 00 00 00  ................
00010ba0: 00 00 00 00 00 00 00 00 00 00 00 00 00 00 00 00  ................
00010bb0: 00 00 00 00 00 00 00 00 00 00 00 00 00 00 00 00  ................
00010bc0: 00 00 00 00 00 00 00 00 00 00 00 00 00 00 00 00  ................
00010bd0: 00 00 00 00 00 00 00 00 00 00 00 00 00 00 00 00  ................
00010be0: 00 00 00 00 00 00 00 00 00 00 00 00 00 00 00 00  ................
00010bf0: 00 00 00 00 00 00 00 00 00 00 00 00 00 00 00 00  ................
00010c00: 00 00 00 00 00 00 00 00 00 00 00 00 00 00 00 00  ................
00010c10: 00 00 00 00 00 00 00 00 00 00 00 00 00 00 00 00  ................
00010c20: 00 00 00 00 00 00 00 00 00 00 00 00 00 00 00 00  ................
00010c30: 00 00 00 00 00 00 00 00 00 00 00 00 00 00 00 00  ................
00010c40: 00 00 00 00 00 00 00 00 00 00 00 00 00 00 00 00  ................
00010c50: 00 00 00 00 00 00 00 00 00 00 00 00 00 00 00 00  ................
00010c60: 00 00 00 00 00 00 00 00 00 00 00 00 00 00 00 00  ................
00010c70: 00 00 00 00 00 00 00 00 00 00 00 00 00 00 00 00  ................
00010c80: 00 00 00 00 00 00 00 00 00 00 00 00 00 00 00 00  ................
00010c90: 00 00 00 00 00 00 00 00 00 00 00 00 00 00 00 00  ................
00010ca0: 00 00 00 00 00 00 00 00 00 00 00 00 00 00 00 00  ................
00010cb0: 00 00 00 00 00 00 00 00 00 00 00 00 00 00 00 00  ................
00010cc0: 00 00 00 00 00 00 00 00 00 00 00 00 00 00 00 00  ................
00010cd0: 00 00 00 00 00 00 00 00 00 00 00 00 00 00 00 00  ................
00010ce0: 00 00 00 00 00 00 00 00 00 00 00 00 00 00 00 00  ................
00010cf0: 00 00 00 00 00 00 00 00 00 00 00 00 00 00 00 00  ................
00010d00: 00 00 00 00 00 00 00 00 00 00 00 00 00 00 00 00  ................
00010d10: 00 00 00 00 00 00 00 00 00 00 00 00 00 00 00 00  ................
00010d20: 00 00 00 00 00 00 00 00 00 00 00 00 00 00 00 00  ................
00010d30: 00 00 00 00 00 00 00 00 00 00 00 00 00 00 00 00  ................
00010d40: 00 00 00 00 00 00 00 00 00 00 00 00 00 00 00 00  ................
00010d50: 00 00 00 00 00 00 00 00 00 00 00 00 00 00 00 00  ................
00010d60: 00 00 00 00 00 00 00 00 00 00 00 00 00 00 00 00  ................
00010d70: 00 00 00 00 00 00 00 00 00 00 00 00 00 00 00 00  ................
00010d80: 00 00 00 00 00 00 00 00 00 00 00 00 00 00 00 00  ................
00010d90: 00 00 00 00 00 00 00 00 00 00 00 00 00 00 00 00  ................
00010da0: 00 00 00 00 00 00 00 00 00 00 00 00 00 00 00 00  ................
00010db0: 00 00 00 00 00 00 00 00 00 00 00 00 00 00 00 00  ................
00010dc0: 00 00 00 00 00 00 00 00 00 00 00 00 00 00 00 00  ................
00010dd0: 00 00 00 00 00 00 00 00 00 00 00 00 00 00 00 00  ................
00010de0: 00 00 00 00 00 00 00 00 00 00 00 00 00 00 00 00  ................
00010df0: 00 00 00 00 00 00 00 00 00 00 00 00 00 00 00 00  ................
00010e00: 1c 00 28 01 00 30 01 00 03 30 01 00 00 34 53 00  ..(..0...0...4S.
00010e10: 16 34 00 00 08 3d 00 00 00 50 09 00 03 3e 03 00  .4...=...P...>..
00010e20: 28 39 00 00 30 36 58 00 12 36 00 00 32 36 41 00  (9..06X..6..26A.
00010e30: 35 36 04 00 00 35 10 00 31 36 80 00 20 36 44 00  56...5..16.. 6D.
00010e40: 33 36 7c 00 80 37 0b 00 00 33 33 00 01 33 38 00  36|..7...33..38.
00010e50: 02 33 30 00 03 33 66 00 04 33 a0 00 05 33 72 00  .30..3f..3...3r.
00010e60: 1e 33 56 00 1e 32 00 00 1f 32 0a 00 16 32 0a 00  .3V..2...2...2..
00010e70: 15 31 0a 00 32 33 38 00 54 50 82 00 22 36 26 00  .1..238.TP.."6&.
00010e80: 07 39 02 00 08 39 00 00 01 36 18 00 15 33 44 00  .9...9...6...3D.
00010e90: 08 33 40 00 23 32 22 00 0e 3e 50 00 01 31 9b 00  .3@.#2"..>P..1..
00010ea0: 14 31 03 00 15 31 d1 00 11 32 60 00 80 57 ff 00  .1...1...2`..W..
00010eb0: 81 57 7f 00 85 57 ff 00 00 50 00 00 0f 3e 10 00  .W...W...P...>..
00010ec0: 31 36 82 00 10 30 07 00 11 30 46 00 04 30 04 00  16...0...0F..0..
00010ed0: 10 36 2b 00 0c 32 08 00 0d 32 85 00 0e 32 03 00  .6+..2...2...2..
00010ee0: 0f 32 e8 00 10 32 00 00 11 32 60 00 12 32 00 00  .2...2...2`..2..
00010ef0: 13 32 09 00 08 32 05 00 09 32 00 00 0a 32 03 00  .2...2...2...2..
00010f00: 0b 32 c0 00 02 32 00 00 03 32 08 00 06 32 03 00  .2...2...2...2..
00010f10: 07 32 d0 00 30 33 0d 00 20 33 06 00 21 33 e8 00  .2..03.. 3..!3..
00010f20: 22 33 01 00 23 33 c0 00 00 36 54 00              "3..#3...6T.
