00000000: 03 00 00 00 33 2e 30 30 30 00 00 00 00 00 00 00  ....3.000.......
00000010: 00 00 00 00 32 22 00 00 e2 07 08 1f 0e 20 1c 00  ....2"....... ..
00000020: 00 00 00 00 3a 89 00 00 00 00 00 00 00 00 00 00  ....:...........
00000030: 00 00 00 00 00 00 00 00 00 00 00 00 00 00 00 00  ................
00000040: 00 00 00 00 00 00 00 00 00 00 00 00 00 00 00 00  ................
00000050: 00 00 00 00 00 00 00 00 00 00 00 00 00 00 00 00  ................
00000060: 00 00 00 00 00 00 00 00 00 00 00 00 00 00 00 00  ................
00000070: 00 00 00 00 00 00 00 00 00 00 00 00 00 00 00 00  ................
00000080: 69 6e 69 74 20 66 6f 72 20 76 32 30 30 00 00 00  init for v200...
00000090: 00 00 00 00 00 00 00 00 00 00 00 00 00 00 00 00  ................
000000a0: 00 00 00 00 00 00 00 00 00 00 00 00 00 00 00 00  ................
000000b0: 00 00 00 00 00 00 00 00 00 00 00 00 00 00 00 00  ................
000000c0: 00 00 00 00 00 00 00 00 00 00 00 00 00 00 00 00  ................
000000d0: 00 00 00 00 00 00 00 00 00 00 00 00 00 00 00 00  ................
000000e0: 00 00 00 00 00 00 00 00 00 00 00 00 00 00 00 00  ................
000000f0: 00 00 00 00 00 00 00 00 00 00 00 00 00 00 00 00  ................
00000100: 00 00 00 00 00 00 00 00 00 00 00 00 00 00 00 00  ................
00000110: 00 00 00 00 00 00 00 00 00 00 00 00 00 00 00 00  ................
00000120: 00 00 00 00 00 00 00 00 00 00 00 00 00 00 00 00  ................
00000130: 00 00 00 00 00 00 00 00 00 00 00 00 00 00 00 00  ................
00000140: 00 00 00 00 00 00 00 00 00 00 00 00 00 00 00 00  ................
00000150: 00 00 00 00 00 00 00 00 00 00 00 00 00 00 00 00  ................
00000160: 00 00 00 00 00 00 00 00 00 00 00 00 00 00 00 00  ................
00000170: 00 00 00 00 00 00 00 00 00 00 00 00 00 00 00 00  ................
00000180: 00 00 00 00 00 00 00 00 00 00 00 00 00 00 00 00  ................
00000190: 00 00 00 00 00 00 00 00 00 00 00 00 00 00 00 00  ................
000001a0: 00 00 00 00 00 00 00 00 00 00 00 00 00 00 00 00  ................
000001b0: 00 00 00 00 00 00 00 00 00 00 00 00 00 00 00 00  ................
000001c0: 00 00 00 00 00 00 00 00 00 00 00 00 00 00 00 00  ................
000001d0: 00 00 00 00 00 00 00 00 00 00 00 00 00 00 00 00  ................
000001e0: 00 00 00 00 00 00 00 00 00 00 00 00 00 00 00 00  ................
000001f0: 00 00 00 00 00 00 00 00 00 00 00 00 00 00 00 00  ................
00000200: 00 00 ba 00 00 00 01 00 40 00 40 00 40 00 40 00  ........@.@.@.@.
00000210: bc ff bc ff bc ff bc ff 01 00 42 00 42 00 42 00  ..........B.B.B.
00000220: 42 00 d8 ff d8 ff d8 ff d8 ff 01 00 42 00 42 00  B...........B.B.
00000230: 42 00 42 00 d8 ff d8 ff d8 ff d8 ff 01 00 42 00  B.B...........B.
00000240: 42 00 42 00 42 00 d8 ff d8 ff d8 ff d8 ff 01 00  B.B.B...........
00000250: 42 00 42 00 42 00 42 00 d8 ff d8 ff d8 ff d8 ff  B.B.B.B.........
00000260: 01 00 42 00 42 00 42 00 42 00 d8 ff d8 ff d8 ff  ..B.B.B.B.......
00000270: d8 ff 01 00 42 00 42 00 42 00 42 00 00 00 00 00  ....B.B.B.B.....
00000280: 00 00 00 00 01 00 42 00 42 00 42 00 42 00 00 00  ......B.B.B.B...
00000290: 00 00 00 00 00 00 01 00 42 00 42 00 42 00 42 00  ........B.B.B.B.
000002a0: d8 ff d8 ff d8 ff d8 ff 01 00 42 00 42 00 42 00  ..........B.B.B.
000002b0: 42 00 d8 ff d8 ff d8 ff d8 ff 01 00 c0 00 00 00  B...............
000002c0: 80 02 e0 01 0a 00 00 00 0f 00 0f 00 0a 00 00 00  ................
000002d0: 00 00 00 00 00 00 00 00 00 00 ff 00 ff 00 18 01  ................
000002e0: 2c 01 00 00 00 00 00 00 00 00 00 00 00 00 00 00  ,...............
000002f0: 0f 00 0f 00 0a 00 00 00 00 00 00 00 00 00 00 00  ................
00000300: 00 00 ff 00 ff 00 b4 00 2c 01 00 00 00 00 00 00  ........,.......
00000310: 00 00 00 00 00 00 00 00 0f 00 0f 00 0a 00 00 00  ................
00000320: 00 00 00 00 00 00 00 00 00 00 ff 00 ff 00 18 01  ................
00000330: 2c 01 00 00 00 00 00 00 00 00 00 00 00 00 00 00  ,...............
00000340: 0f 00 0f 00 0a 00 00 00 00 00 00 00 00 00 00 00  ................
00000350: 00 00 ff 00 ff 00 18 01 2c 01 00 00 00 00 00 00  ........,.......
00000360: 00 00 00 00 00 00 00 00 64 00 ce 00 33 01 71 02  ........d...3.q.
00000370: 71 02 71 02 71 02 71 02 71 02 02 00 6c 03 00 00  q.q.q.q.q...l...
00000380: 08 00 10 00 18 00 20 00 28 00 30 00 38 00 40 00  ...... .(.0.8.@.
00000390: 48 00 50 00 58 00 60 00 68 00 70 00 78 00 80 00  H.P.X.`.h.p.x...
000003a0: 88 00 90 00 98 00 a0 00 a8 00 b0 00 b8 00 c0 00  ................
000003b0: c8 00 d0 00 d8 00 e0 00 e8 00 f0 00 f8 00 00 01  ................
000003c0: 08 01 10 01 18 01 20 01 28 01 30 01 38 01 40 01  ...... .(.0.8.@.
000003d0: 48 01 50 01 58 01 60 01 68 01 70 01 78 01 80 01  H.P.X.`.h.p.x...
000003e0: 88 01 90 01 98 01 a0 01 a8 01 b0 01 b8 01 c0 01  ................
000003f0: c8 01 d0 01 d8 01 e0 01 e8 01 f0 01 f8 01 00 02  ................
00000400: 08 02 10 02 18 02 20 02 28 02 30 02 38 02 40 02  ...... .(.0.8.@.
00000410: 48 02 50 02 58 02 60 02 68 02 70 02 78 02 80 02  H.P.X.`.h.p.x...
00000420: 88 02 90 02 98 02 a0 02 a8 02 b0 02 b8 02 c0 02  ................
00000430: c8 02 d0 02 d8 02 e0 02 e8 02 f0 02 f8 02 00 03  ................
00000440: 08 03 10 03 18 03 20 03 28 03 30 03 38 03 40 03  ...... .(.0.8.@.
00000450: 48 03 50 03 58 03 60 03 68 03 70 03 78 03 80 03  H.P.X.`.h.p.x...
00000460: 88 03 90 03 98 03 a0 03 a8 03 b0 03 b8 03 c0 03  ................
00000470: c8 03 d0 03 d8 03 e0 03 e8 03 f0 03 f8 03 ff 03  ................
00000480: 00 00 08 00 10 00 18 00 20 00 28 00 30 00 38 00  ........ .(.0.8.
00000490: 40 00 48 00 50 00 58 00 60 00 68 00 70 00 78 00  @.H.P.X.`.h.p.x.
000004a0: 80 00 88 00 90 00 98 00 a0 00 a8 00 b0 00 b8 00  ................
000004b0: c0 00 c8 00 d0 00 d8 00 e0 00 e8 00 f0 00 f8 00  ................
000004c0: 00 01 08 01 10 01 18 01 20 01 28 01 30 01 38 01  ........ .(.0.8.
000004d0: 40 01 48 01 50 01 58 01 60 01 68 01 70 01 78 01  @.H.P.X.`.h.p.x.
000004e0: 80 01 88 01 90 01 98 01 a0 01 a8 01 b0 01 b8 01  ................
000004f0: c0 01 c8 01 d0 01 d8 01 e0 01 e8 01 f0 01 f8 01  ................
00000500: 00 02 08 02 10 02 18 02 20 02 28 02 30 02 38 02  ........ .(.0.8.
00000510: 40 02 48 02 50 02 58 02 60 02 68 02 70 02 78 02  @.H.P.X.`.h.p.x.
00000520: 80 02 88 02 90 02 98 02 a0 02 a8 02 b0 02 b8 02  ................
00000530: c0 02 c8 02 d0 02 d8 02 e0 02 e8 02 f0 02 f8 02  ................
00000540: 00 03 08 03 10 03 18 03 20 03 28 03 30 03 38 03  ........ .(.0.8.
00000550: 40 03 48 03 50 03 58 03 60 03 68 03 70 03 78 03  @.H.P.X.`.h.p.x.
00000560: 80 03 88 03 90 03 98 03 a0 03 a8 03 b0 03 b8 03  ................
00000570: c0 03 c8 03 d0 03 d8 03 e0 03 e8 03 f0 03 f8 03  ................
00000580: ff 03 00 00 08 00 10 00 18 00 20 00 28 00 30 00  .......... .(.0.
00000590: 38 00 40 00 48 00 50 00 58 00 60 00 68 00 70 00  8.@.H.P.X.`.h.p.
000005a0: 78 00 80 00 88 00 90 00 98 00 a0 00 a8 00 b0 00  x...............
000005b0: b8 00 c0 00 c8 00 d0 00 d8 00 e0 00 e8 00 f0 00  ................
000005c0: f8 00 00 01 08 01 10 01 18 01 20 01 28 01 30 01  .......... .(.0.
000005d0: 38 01 40 01 48 01 50 01 58 01 60 01 68 01 70 01  8.@.H.P.X.`.h.p.
000005e0: 78 01 80 01 88 01 90 01 98 01 a0 01 a8 01 b0 01  x...............
000005f0: b8 01 c0 01 c8 01 d0 01 d8 01 e0 01 e8 01 f0 01  ................
00000600: f8 01 00 02 08 02 10 02 18 02 20 02 28 02 30 02  .......... .(.0.
00000610: 38 02 40 02 48 02 50 02 58 02 60 02 68 02 70 02  8.@.H.P.X.`.h.p.
00000620: 78 02 80 02 88 02 90 02 98 02 a0 02 a8 02 b0 02  x...............
00000630: b8 02 c0 02 c8 02 d0 02 d8 02 e0 02 e8 02 f0 02  ................
00000640: f8 02 00 03 08 03 10 03 18 03 20 03 28 03 30 03  .......... .(.0.
00000650: 38 03 40 03 48 03 50 03 58 03 60 03 68 03 70 03  8.@.H.P.X.`.h.p.
00000660: 78 03 80 03 88 03 90 03 98 03 a0 03 a8 03 b0 03  x...............
00000670: b8 03 c0 03 c8 03 d0 03 d8 03 e0 03 e8 03 f0 03  ................
00000680: f8 03 ff 03 00 00 31 00 80 00 00 00 00 00 00 00  ......1.........
00000690: 00 00 00 00 00 00 00 00 00 00 00 00 00 00 00 00  ................
000006a0: 00 00 00 00 00 00 31 00 80 00 00 00 00 00 00 00  ......1.........
000006b0: 00 00 00 00 00 00 00 00 00 00 00 00 00 00 00 00  ................
000006c0: 00 00 00 00 00 00 31 00 80 00 00 00 00 00 00 00  ......1.........
000006d0: 00 00 00 00 00 00 00 00 00 00 00 00 00 00 00 00  ................
000006e0: 00 00 00 00 01 00 03 00 dc 08 01 00 00 00 ff 03  ................
000006f0: 84 03 65 02 43 01 84 00 29 00 0a 00 01 00 00 00  ..e.C...).......
00000700: 00 00 00 00 00 00 00 00 00 00 00 00 00 00 00 00  ................
00000710: ff 03 84 03 65 02 43 01 84 00 29 00 0a 00 01 00  ....e.C...).....
00000720: 00 00 00 00 00 00 00 00 00 00 00 00 00 00 00 00  ................
00000730: 00 00 ff 03 84 03 65 02 43 01 84 00 29 00 0a 00  ......e.C...)...
00000740: 01 00 00 00 00 00 00 00 00 00 00 00 00 00 00 00  ................
00000750: 00 00 00 00 05 00 00 00 40 00 80 00 c0 00 00 01  ........@.......
00000760: 40 01 80 01 c0 01 00 02 40 02 80 02 c0 02 00 03  @.......@.......
00000770: 40 03 80 03 c0 03 ff 03 00 00 02 00 04 00 06 00  @...............
00000780: 08 00 0a 00 0c 00 0e 00 00 00 00 00 00 00 00 00  ................
00000790: 00 00 00 00 00 00 00 00 d0 07 d0 07 d0 07 01 00  ................
000007a0: ff 03 00 00 00 00 00 00 00 00 00 00 00 00 00 00  ................
000007b0: 00 00 00 00 00 00 00 00 00 00 00 00 00 00 00 00  ................
000007c0: 00 00 ff 03 00 00 00 00 00 00 00 00 00 00 00 00  ................
000007d0: 00 00 00 00 00 00 00 00 00 00 00 00 00 00 00 00  ................
000007e0: 00 00 00 00 ff 03 00 00 00 00 00 00 00 00 00 00  ................
000007f0: 00 00 00 00 00 00 00 00 00 00 00 00 00 00 00 00  ................
00000800: 00 00 00 00 00 00 06 00 00 00 cc 00 6b 01 df 01  ............k...
00000810: 38 02 83 02 c3 02 fa 02 29 03 51 03 74 03 92 03  8.......).Q.t...
00000820: ac 03 c3 03 d9 03 ec 03 ff 03 00 00 01 00 04 00  ................
00000830: 0a 00 10 00 00 00 00 00 00 00 00 00 00 00 00 00  ................
00000840: 00 00 00 00 00 00 00 00 00 00 05 00 05 00 05 00  ................
00000850: 01 00 ff 03 00 00 00 00 00 00 00 00 00 00 00 00  ................
00000860: 00 00 00 00 00 00 00 00 00 00 00 00 00 00 00 00  ................
00000870: 00 00 00 00 ff 03 00 00 00 00 00 00 00 00 00 00  ................
00000880: 00 00 00 00 00 00 00 00 00 00 00 00 00 00 00 00  ................
00000890: 00 00 00 00 00 00 ff 03 00 00 00 00 00 00 00 00  ................
000008a0: 00 00 00 00 00 00 00 00 00 00 00 00 00 00 00 00  ................
000008b0: 00 00 00 00 00 00 00 00 06 00 00 00 b0 00 40 01  ..............@.
000008c0: b1 01 0c 02 58 02 98 02 ce 02 fc 02 24 03 47 03  ....X.......$.G.
000008d0: 68 03 87 03 a6 03 c4 03 e2 03 ff 03 00 00 01 00  h...............
000008e0: 04 00 0b 00 10 00 00 00 00 00 00 00 00 00 00 00  ................
000008f0: 00 00 00 00 00 00 00 00 00 00 00 00 0a 00 0a 00  ................
00000900: 0a 00 01 00 ff 03 06 00 00 00 00 00 00 00 00 00  ................
00000910: 00 00 00 00 00 00 00 00 00 00 00 00 00 00 00 00  ................
00000920: 00 00 00 00 00 00 ff 03 06 00 00 00 00 00 00 00  ................
00000930: 00 00 00 00 00 00 00 00 00 00 00 00 00 00 00 00  ................
00000940: 00 00 00 00 00 00 00 00 ff 03 06 00 00 00 00 00  ................
00000950: 00 00 00 00 00 00 00 00 00 00 00 00 00 00 00 00  ................
00000960: 00 00 00 00 00 00 00 00 00 00 05 00 00 00 88 00  ................
00000970: 0e 01 8a 01 f9 01 54 02 9e 02 d9 02 09 03 2f 03  ......T......./.
00000980: 50 03 6d 03 88 03 a5 03 c3 03 e1 03 ff 03 00 00  P.m.............
00000990: 01 00 03 00 0b 00 10 00 00 00 00 00 00 00 00 00  ................
000009a0: 00 00 00 00 00 00 00 00 00 00 00 00 00 00 32 00  ..............2.
000009b0: 32 00 32 00 01 00 ff 03 65 02 84 00 0a 00 00 00  2.2.....e.......
000009c0: 00 00 00 00 00 00 00 00 00 00 00 00 00 00 00 00  ................
000009d0: 00 00 00 00 00 00 00 00 ff 03 65 02 84 00 0a 00  ..........e.....
000009e0: 00 00 00 00 00 00 00 00 00 00 00 00 00 00 00 00  ................
000009f0: 00 00 00 00 00 00 00 00 00 00 ff 03 65 02 84 00  ............e...
00000a00: 0a 00 00 00 00 00 00 00 00 00 00 00 00 00 00 00  ................
00000a10: 00 00 00 00 00 00 00 00 00 00 00 00 04 00 00 00  ................
00000a20: 40 00 80 00 c0 00 00 01 40 01 80 01 c0 01 00 02  @.......@.......
00000a30: 40 02 80 02 c0 02 00 03 40 03 80 03 c0 03 ff 03  @.......@.......
00000a40: 00 00 10 00 00 00 00 00 00 00 00 00 00 00 00 00  ................
00000a50: 00 00 00 00 00 00 00 00 00 00 00 00 00 00 00 00  ................
00000a60: f4 01 f4 01 f4 01 01 00 ff 03 e7 02 1c 01 39 00  ..............9.
00000a70: 06 00 00 00 00 00 00 00 00 00 00 00 00 00 00 00  ................
00000a80: 00 00 00 00 00 00 00 00 00 00 ff 03 e7 02 1c 01  ................
00000a90: 39 00 06 00 00 00 00 00 00 00 00 00 00 00 00 00  9...............
00000aa0: 00 00 00 00 00 00 00 00 00 00 00 00 ff 03 e7 02  ................
00000ab0: 1c 01 39 00 06 00 00 00 00 00 00 00 00 00 00 00  ..9.............
00000ac0: 00 00 00 00 00 00 00 00 00 00 00 00 00 00 04 00  ................
00000ad0: 00 00 07 00 17 00 3c 00 73 00 b9 00 0b 01 62 01  ......<.s.....b.
00000ae0: bc 01 14 02 66 02 b3 02 fb 02 3f 03 81 03 c1 03  ....f.....?.....
00000af0: ff 03 00 00 02 00 09 00 10 00 00 00 00 00 00 00  ................
00000b00: 00 00 00 00 00 00 00 00 00 00 00 00 00 00 00 00  ................
00000b10: 00 00 20 03 20 03 20 03 01 00 ff 03 1b 02 4f 00  .. . . .......O.
00000b20: 03 00 00 00 00 00 00 00 00 00 00 00 00 00 00 00  ................
00000b30: 00 00 00 00 00 00 00 00 00 00 00 00 ff 03 1b 02  ................
00000b40: 4f 00 03 00 00 00 00 00 00 00 00 00 00 00 00 00  O...............
00000b50: 00 00 00 00 00 00 00 00 00 00 00 00 00 00 ff 03  ................
00000b60: 1b 02 4f 00 03 00 00 00 00 00 00 00 00 00 00 00  ..O.............
00000b70: 00 00 00 00 00 00 00 00 00 00 00 00 00 00 00 00  ................
00000b80: 04 00 00 00 17 00 33 00 5c 00 90 00 ce 00 11 01  ......3.\.......
00000b90: 58 01 a1 01 ea 01 35 02 80 02 cc 02 19 03 65 03  X.....5.......e.
00000ba0: b2 03 ff 03 00 00 01 00 07 00 10 00 00 00 00 00  ................
00000bb0: 00 00 00 00 00 00 00 00 00 00 00 00 00 00 00 00  ................
00000bc0: 00 00 00 00 90 01 90 01 90 01 01 00 ff 03 1b 02  ................
00000bd0: 4f 00 03 00 00 00 00 00 00 00 00 00 00 00 00 00  O...............
00000be0: 00 00 00 00 00 00 00 00 00 00 00 00 00 00 ff 03  ................
00000bf0: 1b 02 4f 00 03 00 00 00 00 00 00 00 00 00 00 00  ..O.............
00000c00: 00 00 00 00 00 00 00 00 00 00 00 00 00 00 00 00  ................
00000c10: ff 03 1b 02 4f 00 03 00 00 00 00 00 00 00 00 00  ....O...........
00000c20: 00 00 00 00 00 00 00 00 00 00 00 00 00 00 00 00  ................
00000c30: 00 00 04 00 00 00 40 00 80 00 c0 00 00 01 40 01  ......@.......@.
00000c40: 80 01 c0 01 00 02 40 02 80 02 c0 02 00 03 40 03  ......@.......@.
00000c50: 80 03 c0 03 ff 03 00 00 10 00 00 00 00 00 00 00  ................
00000c60: 00 00 00 00 00 00 00 00 00 00 00 00 00 00 00 00  ................
00000c70: 00 00 00 00 00 00 90 01 90 01 90 01 01 00 ff 03  ................
00000c80: 65 02 84 00 0a 00 00 00 00 00 00 00 00 00 00 00  e...............
00000c90: 00 00 00 00 00 00 00 00 00 00 00 00 00 00 00 00  ................
00000ca0: ff 03 65 02 84 00 0a 00 00 00 00 00 00 00 00 00  ..e.............
00000cb0: 00 00 00 00 00 00 00 00 00 00 00 00 00 00 00 00  ................
00000cc0: 00 00 ff 03 65 02 84 00 0a 00 00 00 00 00 00 00  ....e...........
00000cd0: 00 00 00 00 00 00 00 00 00 00 00 00 00 00 00 00  ................
00000ce0: 00 00 00 00 04 00 00 00 40 00 80 00 c0 00 00 01  ........@.......
00000cf0: 40 01 80 01 c0 01 00 02 40 02 80 02 c0 02 00 03  @.......@.......
00000d00: 40 03 80 03 c0 03 ff 03 00 00 10 00 00 00 00 00  @...............
00000d10: 00 00 00 00 00 00 00 00 00 00 00 00 00 00 00 00  ................
00000d20: 00 00 00 00 00 00 00 00 f4 01 f4 01 f4 01 00 00  ................
00000d30: ff 03 1c 01 06 00 00 00 00 00 00 00 00 00 00 00  ................
00000d40: 00 00 00 00 00 00 00 00 00 00 00 00 00 00 00 00  ................
00000d50: 00 00 ff 03 1c 01 06 00 00 00 00 00 00 00 00 00  ................
00000d60: 00 00 00 00 00 00 00 00 00 00 00 00 00 00 00 00  ................
00000d70: 00 00 00 00 ff 03 1c 01 06 00 00 00 00 00 00 00  ................
00000d80: 00 00 00 00 00 00 00 00 00 00 00 00 00 00 00 00  ................
00000d90: 00 00 00 00 00 00 04 00 00 00 40 00 80 00 c0 00  ..........@.....
00000da0: 00 01 40 01 80 01 c0 01 00 02 40 02 80 02 c0 02  ..@.......@.....
00000db0: 00 03 40 03 80 03 c0 03 ff 03 00 00 10 00 00 00  ..@.............
00000dc0: 00 00 00 00 00 00 00 00 00 00 00 00 00 00 00 00  ................
00000dd0: 00 00 00 00 00 00 00 00 00 00 c8 00 c8 00 c8 00  ................
00000de0: 01 00 00 00 ff 03 84 03 65 02 43 01 84 00 29 00  ........e.C...).
00000df0: 0a 00 01 00 00 00 00 00 00 00 00 00 00 00 00 00  ................
00000e00: 00 00 00 00 00 00 05 00 d0 07 00 00 00 00 00 00  ................
00000e10: 00 00 01 00 ff 03 06 00 00 00 00 00 00 00 00 00  ................
00000e20: 00 00 00 00 00 00 00 00 00 00 00 00 00 00 00 00  ................
00000e30: 00 00 00 00 00 00 04 00 32 00 00 00 00 00 00 00  ........2.......
00000e40: 00 00 01 00 ff 03 1c 01 06 00 00 00 00 00 00 00  ................
00000e50: 00 00 00 00 00 00 00 00 00 00 00 00 00 00 00 00  ................
00000e60: 00 00 00 00 00 00 06 00 c8 00 00 00 00 00 00 00  ................
00000e70: 00 00 01 00 ff 03 6f 01 11 00 00 00 00 00 00 00  ......o.........
00000e80: 00 00 00 00 00 00 00 00 00 00 00 00 00 00 00 00  ................
00000e90: 00 00 00 00 00 00 05 00 fa 00 00 00 78 00 01 00  ............x...
00000ea0: 00 00 01 00 ff 03 65 02 84 00 0a 00 00 00 00 00  ......e.........
00000eb0: 00 00 00 00 00 00 00 00 00 00 00 00 00 00 00 00  ................
00000ec0: 00 00 00 00 00 00 04 00 f4 01 00 00 5a 00 00 00  ............Z...
00000ed0: 00 00 01 00 ff 03 18 03 6f 01 66 00 11 00 01 00  ........o.f.....
00000ee0: 00 00 00 00 00 00 00 00 00 00 00 00 00 00 00 00  ................
00000ef0: 00 00 00 00 00 00 04 00 e8 03 00 00 46 00 00 00  ............F...
00000f00: 00 00 01 00 ff 03 65 02 84 00 0a 00 00 00 00 00  ......e.........
00000f10: 00 00 00 00 00 00 00 00 00 00 00 00 00 00 00 00  ................
00000f20: 00 00 00 00 00 00 04 00 f4 01 00 00 46 00 00 00  ............F...
00000f30: 00 00 01 00 ff 03 18 03 6f 01 66 00 11 00 01 00  ........o.f.....
00000f40: 00 00 00 00 00 00 00 00 00 00 00 00 00 00 00 00  ................
00000f50: 00 00 00 00 00 00 04 00 e8 03 00 00 00 00 00 00  ................
00000f60: 00 00 01 00 ff 03 ac 03 d7 02 db 01 05 01 79 00  ..............y.
00000f70: 2f 00 0f 00 04 00 01 00 00 00 00 00 00 00 00 00  /...............
00000f80: 00 00 00 00 00 00 04 00 b8 0b 00 00 00 00 00 00  ................
00000f90: 00 00 00 00 ff 03 b4 01 21 00 00 00 00 00 00 00  ........!.......
00000fa0: 00 00 00 00 00 00 00 00 00 00 00 00 00 00 00 00  ................
00000fb0: 00 00 00 00 00 00 04 00 2c 01 00 00 00 00 00 00  ........,.......
00000fc0: 00 00 04 00 40 04 01 00 00 00 01 00 00 00 00 00  ....@...........
00000fd0: 01 00 01 00 01 00 01 00 01 00 08 00 08 00 78 00  ..............x.
00000fe0: 04 00 e8 03 d0 07 40 00 20 00 00 00 08 00 14 00  ......@. .......
00000ff0: ff 03 18 03 6f 01 66 00 11 00 01 00 00 00 00 00  ....o.f.........
00001000: 00 00 00 00 00 00 00 00 00 00 00 00 00 00 00 00  ................
00001010: 00 00 e8 03 02 00 00 00 0b 00 08 00 78 00 60 00  ............x.`.
00001020: 04 00 04 00 e8 03 d0 07 40 00 18 00 00 00 08 00  ........@.......
00001030: 14 00 0a 00 00 00 00 00 01 00 01 00 01 00 01 00  ................
00001040: 01 00 01 00 01 00 08 00 08 00 78 00 04 00 dc 05  ..........x.....
00001050: f0 0a 40 00 20 00 00 00 08 00 14 00 ff 03 1c 01  ..@. ...........
00001060: 06 00 00 00 00 00 00 00 00 00 00 00 00 00 00 00  ................
00001070: 00 00 00 00 00 00 00 00 00 00 00 00 00 00 c8 00  ................
00001080: 02 00 00 00 09 00 08 00 78 00 60 00 04 00 04 00  ........x.`.....
00001090: dc 05 f0 0a 40 00 1c 00 00 00 08 00 14 00 0a 00  ....@...........
000010a0: 00 00 00 00 01 00 01 00 01 00 01 00 01 00 01 00  ................
000010b0: 01 00 08 00 08 00 78 00 04 00 dc 05 98 08 40 00  ......x.......@.
000010c0: 20 00 00 00 08 00 14 00 ff 03 9c 03 a7 02 97 01   ...............
000010d0: c6 00 4f 00 19 00 06 00 01 00 00 00 00 00 00 00  ..O.............
000010e0: 00 00 00 00 00 00 00 00 00 00 c4 09 02 00 00 00  ................
000010f0: 0b 00 08 00 78 00 60 00 04 00 04 00 dc 05 98 08  ....x.`.........
00001100: 40 00 1c 00 00 00 08 00 14 00 0a 00 00 00 00 00  @...............
00001110: 01 00 01 00 01 00 01 00 01 00 01 00 01 00 08 00  ................
00001120: 08 00 78 00 04 00 08 07 28 0a 40 00 20 00 00 00  ..x.....(.@. ...
00001130: 08 00 14 00 ff 03 ac 03 d7 02 db 01 05 01 79 00  ..............y.
00001140: 2f 00 0f 00 04 00 01 00 00 00 00 00 00 00 00 00  /...............
00001150: 00 00 00 00 00 00 b8 0b 02 00 00 00 0b 00 08 00  ................
00001160: 78 00 60 00 04 00 04 00 08 07 28 0a 40 00 20 00  x.`.......(.@. .
00001170: 00 00 08 00 14 00 0a 00 00 00 00 00 01 00 01 00  ................
00001180: 01 00 01 00 01 00 01 00 01 00 08 00 08 00 78 00  ..............x.
00001190: 04 00 94 11 d4 17 56 00 20 00 00 00 08 00 14 00  ......V. .......
000011a0: ff 03 c0 03 18 03 3f 02 6f 01 ce 00 66 00 2c 00  ......?.o...f.,.
000011b0: 11 00 05 00 01 00 00 00 00 00 00 00 00 00 00 00  ................
000011c0: 00 00 a0 0f 02 00 00 00 0d 00 08 00 78 00 60 00  ............x.`.
000011d0: 04 00 04 00 94 11 d4 17 56 00 20 00 00 00 08 00  ........V. .....
000011e0: 14 00 0a 00 00 00 00 00 01 00 01 00 01 00 01 00  ................
000011f0: 01 00 01 00 01 00 08 00 08 00 78 00 04 00 f0 0a  ..........x.....
00001200: ac 0d 60 00 24 00 00 00 08 00 14 00 ff 03 f2 03  ..`.$...........
00001210: cc 03 90 03 42 03 e7 02 85 02 22 02 c3 01 6b 01  ....B....."...k.
00001220: 1c 01 d9 00 a2 00 75 00 53 00 39 00 26 00 20 4e  ......u.S.9.&. N
00001230: 01 00 00 00 0f 00 10 00 78 00 10 00 04 00 04 00  ........x.......
00001240: f0 0a ac 0d 60 00 20 00 00 00 08 00 14 00 0a 00  ....`. .........
00001250: 00 00 01 00 01 00 01 00 01 00 01 00 01 00 01 00  ................
00001260: 01 00 08 00 08 00 78 00 04 00 f0 0a d8 0e 60 00  ......x.......`.
00001270: 60 00 00 00 08 00 14 00 ff 03 e6 03 9c 03 2d 03  `.............-.
00001280: a7 02 1b 02 97 01 24 01 c6 00 80 00 4f 00 2e 00  ......$.....O...
00001290: 19 00 0d 00 06 00 03 00 01 00 10 27 01 00 00 00  ...........'....
000012a0: 0f 00 10 00 7c 00 60 00 04 00 04 00 f0 0a d8 0e  ....|.`.........
000012b0: 60 00 60 00 00 00 08 00 14 00 0a 00 00 00 01 00  `.`.............
000012c0: 01 00 01 00 01 00 01 00 01 00 01 00 01 00 08 00  ................
000012d0: 08 00 78 00 04 00 58 1b 1c 25 80 00 40 00 00 00  ..x...X..%..@...
000012e0: 08 00 14 00 ff 03 f9 03 e6 03 c6 03 9c 03 68 03  ..............h.
000012f0: 2d 03 ec 02 a7 02 61 02 1b 02 d8 01 97 01 5b 01  -.....a.......[.
00001300: 24 01 f2 00 c6 00 40 9c 02 00 00 00 0f 00 08 00  $.....@.........
00001310: 78 00 60 00 04 00 04 00 58 1b 1c 25 80 00 40 00  x.`.....X..%..@.
00001320: 00 00 08 00 14 00 0a 00 00 00 01 00 01 00 01 00  ................
00001330: 01 00 01 00 01 00 01 00 01 00 08 00 08 00 78 00  ..............x.
00001340: 04 00 40 1f 10 27 80 00 40 00 00 00 08 00 14 00  ..@..'..@.......
00001350: ff 03 f9 03 e6 03 c6 03 9c 03 68 03 2d 03 ec 02  ..........h.-...
00001360: a7 02 61 02 1b 02 d8 01 97 01 5b 01 24 01 f2 00  ..a.......[.$...
00001370: c6 00 40 9c 02 00 00 00 0f 00 08 00 78 00 60 00  ..@.........x.`.
00001380: 04 00 04 00 40 1f 10 27 80 00 40 00 00 00 08 00  ....@..'..@.....
00001390: 14 00 0a 00 00 00 01 00 01 00 01 00 01 00 01 00  ................
000013a0: 01 00 01 00 01 00 08 00 08 00 78 00 04 00 e8 03  ..........x.....
000013b0: d0 07 40 00 20 00 00 00 08 00 28 00 ff 03 18 03  ..@. .....(.....
000013c0: 6f 01 66 00 11 00 01 00 00 00 00 00 00 00 00 00  o.f.............
000013d0: 00 00 00 00 00 00 00 00 00 00 00 00 00 00 e8 03  ................
000013e0: 02 00 00 00 0b 00 08 00 78 00 70 00 04 00 04 00  ........x.p.....
000013f0: e8 03 d0 07 40 00 18 00 00 00 08 00 28 00 0a 00  ....@.......(...
00001400: 00 00 05 00 56 00 01 00 01 00 14 00 0c 00 1e 00  ....V...........
00001410: 01 00 14 00 04 00 78 00 01 00 14 00 04 00 78 00  ......x.......x.
00001420: 01 00 14 00 0c 00 1e 00 01 00 14 00 0c 00 1e 00  ................
00001430: 01 00 14 00 04 00 78 00 01 00 14 00 04 00 78 00  ......x.......x.
00001440: 01 00 14 00 04 00 78 00 01 00 14 00 04 00 78 00  ......x.......x.
00001450: 01 00 14 00 04 00 78 00 06 00 16 00 c0 00 00 00  ......x.........
00001460: 00 00 37 00 3c 00 40 00 40 00 40 00 40 00 07 00  ..7.<.@.@.@.@...
00001470: 6c 03 00 00 17 00 2e 00 44 00 5b 00 71 00 88 00  l.......D.[.q...
00001480: 9e 00 b4 00 ca 00 e0 00 f5 00 0a 01 1d 01 30 01  ..............0.
00001490: 42 01 52 01 62 01 71 01 7f 01 8c 01 98 01 a4 01  B.R.b.q.........
000014a0: b0 01 bb 01 c6 01 d0 01 da 01 e4 01 ee 01 f8 01  ................
000014b0: 02 02 0b 02 14 02 1e 02 26 02 2f 02 38 02 40 02  ........&./.8.@.
000014c0: 48 02 50 02 58 02 5f 02 66 02 6e 02 75 02 7b 02  H.P.X._.f.n.u.{.
000014d0: 82 02 88 02 8e 02 95 02 9a 02 a0 02 a6 02 ab 02  ................
000014e0: b0 02 b6 02 bb 02 bf 02 c4 02 c9 02 cd 02 d2 02  ................
000014f0: d6 02 da 02 de 02 e2 02 e6 02 e9 02 ed 02 f0 02  ................
00001500: f4 02 f7 02 fa 02 fe 02 01 03 04 03 07 03 0a 03  ................
00001510: 0d 03 10 03 13 03 16 03 18 03 1b 03 1e 03 21 03  ..............!.
00001520: 24 03 27 03 2a 03 2e 03 31 03 34 03 37 03 3b 03  $.'.*...1.4.7.;.
00001530: 3e 03 42 03 46 03 49 03 4d 03 51 03 56 03 5a 03  >.B.F.I.M.Q.V.Z.
00001540: 5f 03 63 03 68 03 6d 03 72 03 78 03 7d 03 83 03  _.c.h.m.r.x.}...
00001550: 89 03 8f 03 95 03 9c 03 a2 03 a9 03 b0 03 b7 03  ................
00001560: be 03 c5 03 cc 03 d3 03 da 03 e2 03 e9 03 f1 03  ................
00001570: f8 03 ff 03 00 00 17 00 2e 00 44 00 5b 00 71 00  ..........D.[.q.
00001580: 88 00 9e 00 b4 00 ca 00 e0 00 f5 00 0a 01 1d 01  ................
00001590: 30 01 42 01 52 01 62 01 71 01 7f 01 8c 01 98 01  0.B.R.b.q.......
000015a0: a4 01 b0 01 bb 01 c6 01 d0 01 da 01 e4 01 ee 01  ................
000015b0: f8 01 02 02 0b 02 14 02 1e 02 26 02 2f 02 38 02  ..........&./.8.
000015c0: 40 02 48 02 50 02 58 02 5f 02 66 02 6e 02 75 02  @.H.P.X._.f.n.u.
000015d0: 7b 02 82 02 88 02 8e 02 95 02 9a 02 a0 02 a6 02  {...............
000015e0: ab 02 b0 02 b6 02 bb 02 bf 02 c4 02 c9 02 cd 02  ................
000015f0: d2 02 d6 02 da 02 de 02 e2 02 e6 02 e9 02 ed 02  ................
00001600: f0 02 f4 02 f7 02 fa 02 fe 02 01 03 04 03 07 03  ................
00001610: 0a 03 0d 03 10 03 13 03 16 03 18 03 1b 03 1e 03  ................
00001620: 21 03 24 03 27 03 2a 03 2e 03 31 03 34 03 37 03  !.$.'.*...1.4.7.
00001630: 3b 03 3e 03 42 03 46 03 49 03 4d 03 51 03 56 03  ;.>.B.F.I.M.Q.V.
00001640: 5a 03 5f 03 63 03 68 03 6d 03 72 03 78 03 7d 03  Z._.c.h.m.r.x.}.
00001650: 83 03 89 03 8f 03 95 03 9c 03 a2 03 a9 03 b0 03  ................
00001660: b7 03 be 03 c5 03 cc 03 d3 03 da 03 e2 03 e9 03  ................
00001670: f1 03 f8 03 ff 03 00 00 17 00 2e 00 44 00 5b 00  ............D.[.
00001680: 71 00 88 00 9e 00 b4 00 ca 00 e0 00 f5 00 0a 01  q...............
00001690: 1d 01 30 01 42 01 52 01 62 01 71 01 7f 01 8c 01  ..0.B.R.b.q.....
000016a0: 98 01 a4 01 b0 01 bb 01 c6 01 d0 01 da 01 e4 01  ................
000016b0: ee 01 f8 01 02 02 0b 02 14 02 1e 02 26 02 2f 02  ............&./.
000016c0: 38 02 40 02 48 02 50 02 58 02 5f 02 66 02 6e 02  8.@.H.P.X._.f.n.
000016d0: 75 02 7b 02 82 02 88 02 8e 02 95 02 9a 02 a0 02  u.{.............
000016e0: a6 02 ab 02 b0 02 b6 02 bb 02 bf 02 c4 02 c9 02  ................
000016f0: cd 02 d2 02 d6 02 da 02 de 02 e2 02 e6 02 e9 02  ................
00001700: ed 02 f0 02 f4 02 f7 02 fa 02 fe 02 01 03 04 03  ................
00001710: 07 03 0a 03 0d 03 10 03 13 03 16 03 18 03 1b 03  ................
00001720: 1e 03 21 03 24 03 27 03 2a 03 2e 03 31 03 34 03  ..!.$.'.*...1.4.
00001730: 37 03 3b 03 3e 03 42 03 46 03 49 03 4d 03 51 03  7.;.>.B.F.I.M.Q.
00001740: 56 03 5a 03 5f 03 63 03 68 03 6d 03 72 03 78 03  V.Z._.c.h.m.r.x.
00001750: 7d 03 83 03 89 03 8f 03 95 03 9c 03 a2 03 a9 03  }...............
00001760: b0 03 b7 03 be 03 c5 03 cc 03 d3 03 da 03 e2 03  ................
00001770: e9 03 f1 03 f8 03 ff 03 00 00 08 00 0e 00 1a 00  ................
00001780: 28 00 47 00 6c 00 80 00 00 00 00 00 00 00 00 00  (.G.l...........
00001790: 00 00 00 00 00 00 00 00 00 00 08 00 0e 00 1a 00  ................
000017a0: 28 00 47 00 6c 00 80 00 00 00 00 00 00 00 00 00  (.G.l...........
000017b0: 00 00 00 00 00 00 00 00 00 00 08 00 0e 00 1a 00  ................
000017c0: 28 00 47 00 6c 00 80 00 00 00 00 00 00 00 00 00  (.G.l...........
000017d0: 00 00 00 00 00 00 00 00 01 00 08 00 88 00 01 00  ................
000017e0: 01 00 00 00 ff 00 00 00 dd 01 09 ff 1a 00 9a ff  ................
000017f0: ad 01 b9 ff eb ff c6 fe 25 02 01 00 00 00 ff 00  ........%.......
00001800: 00 00 3c 02 11 ff b3 ff 6f ff 79 01 18 00 bd ff  ..<.....o.y.....
00001810: 4a fe f9 02 01 00 00 00 ff 00 00 00 04 02 0c ff  J...............
00001820: f0 ff 99 ff c9 01 9e ff fe ff be fe 44 02 01 00  ............D...
00001830: 00 00 ff 00 00 00 dd 01 09 ff 1a 00 c2 ff 85 01  ................
00001840: b9 ff 0b 00 c6 fe 2f 02 01 00 00 00 ff 00 00 00  ....../.........
00001850: dd 01 d7 fe 4c 00 9a ff ad 01 b9 ff 15 00 fe fd  ....L...........
00001860: ed 02 09 00 6a 00 00 00 07 00 0d 00 01 00 01 00  ....j...........
00001870: 14 00 07 00 0d 00 01 00 00 00 14 00 07 00 0d 00  ................
00001880: 01 00 01 00 14 00 07 00 0d 00 01 00 01 00 14 00  ................
00001890: 07 00 0d 00 01 00 01 00 14 00 07 00 0d 00 01 00  ................
000018a0: 01 00 14 00 07 00 0d 00 01 00 01 00 14 00 07 00  ................
000018b0: 0d 00 01 00 01 00 14 00 07 00 00 00 01 00 01 00  ................
000018c0: 14 00 07 00 0d 00 01 00 01 00 14 00 0a 00 ee 26  ...............&
000018d0: 01 00 10 00 80 00 00 00 00 00 00 00 00 00 60 00  ..............`.
000018e0: c0 00 00 00 10 00 20 00 30 00 40 00 50 00 60 00  ...... .0.@.P.`.
000018f0: 70 00 80 00 90 00 a0 00 b0 00 c0 00 d0 00 e0 00  p...............
00001900: f0 00 00 01 10 01 20 01 30 01 40 01 50 01 60 01  ...... .0.@.P.`.
00001910: 70 01 80 01 90 01 a0 01 b0 01 c0 01 d0 01 e0 01  p...............
00001920: f0 01 00 02 10 02 20 02 30 02 40 02 50 02 60 02  ...... .0.@.P.`.
00001930: 70 02 80 02 90 02 a0 02 b0 02 c0 02 d0 02 e0 02  p...............
00001940: f0 02 00 03 10 03 20 03 30 03 40 03 50 03 60 03  ...... .0.@.P.`.
00001950: 70 03 80 03 90 03 a0 03 b0 03 c0 03 d0 03 e0 03  p...............
00001960: f0 03 ff 03 00 00 10 00 20 00 30 00 40 00 50 00  ........ .0.@.P.
00001970: 60 00 70 00 80 00 90 00 a0 00 b0 00 c0 00 d0 00  `.p.............
00001980: e0 00 f0 00 00 01 10 01 20 01 30 01 40 01 50 01  ........ .0.@.P.
00001990: 60 01 70 01 80 01 90 01 a0 01 b0 01 c0 01 d0 01  `.p.............
000019a0: e0 01 f0 01 00 02 10 02 20 02 30 02 40 02 50 02  ........ .0.@.P.
000019b0: 60 02 70 02 80 02 90 02 a0 02 b0 02 c0 02 d0 02  `.p.............
000019c0: e0 02 f0 02 00 03 10 03 20 03 30 03 40 03 50 03  ........ .0.@.P.
000019d0: 60 03 70 03 80 03 90 03 a0 03 b0 03 c0 03 d0 03  `.p.............
000019e0: e0 03 f0 03 ff 03 00 00 10 00 20 00 30 00 40 00  .......... .0.@.
000019f0: 50 00 60 00 70 00 80 00 90 00 a0 00 b0 00 c0 00  P.`.p...........
00001a00: d0 00 e0 00 f0 00 00 01 10 01 20 01 30 01 40 01  .......... .0.@.
00001a10: 50 01 60 01 70 01 80 01 90 01 a0 01 b0 01 c0 01  P.`.p...........
00001a20: d0 01 e0 01 f0 01 00 02 10 02 20 02 30 02 40 02  .......... .0.@.
00001a30: 50 02 60 02 70 02 80 02 90 02 a0 02 b0 02 c0 02  P.`.p...........
00001a40: d0 02 e0 02 f0 02 00 03 10 03 20 03 30 03 40 03  .......... .0.@.
00001a50: 50 03 60 03 70 03 80 03 90 03 a0 03 b0 03 c0 03  P.`.p...........
00001a60: d0 03 e0 03 f0 03 ff 03 00 00 30 00 58 00 7c 00  ..........0.X.|.
00001a70: a0 00 bc 00 d0 00 e8 00 fc 00 0c 01 1c 01 2c 01  ..............,.
00001a80: 38 01 48 01 58 01 64 01 74 01 80 01 90 01 9c 01  8.H.X.d.t.......
00001a90: a8 01 b8 01 c4 01 d0 01 e0 01 ec 01 f8 01 04 02  ................
00001aa0: 14 02 20 02 2c 02 38 02 44 02 54 02 60 02 6c 02  .. .,.8.D.T.`.l.
00001ab0: 78 02 84 02 90 02 a0 02 ac 02 b8 02 c4 02 d4 02  x...............
00001ac0: e0 02 ec 02 f8 02 08 03 14 03 24 03 30 03 40 03  ..........$.0.@.
00001ad0: 4c 03 5c 03 68 03 78 03 88 03 98 03 a4 03 b4 03  L.\.h.x.........
00001ae0: c4 03 d4 03 e4 03 f4 03 ff 03 00 00 14 00 24 00  ..............$.
00001af0: 34 00 44 00 54 00 68 00 78 00 88 00 9c 00 ac 00  4.D.T.h.x.......
00001b00: c0 00 d0 00 e4 00 f8 00 0c 01 24 01 38 01 4c 01  ..........$.8.L.
00001b10: 60 01 78 01 8c 01 a4 01 b8 01 d0 01 e4 01 f8 01  `.x.............
00001b20: 10 02 24 02 38 02 4c 02 60 02 74 02 84 02 98 02  ..$.8.L.`.t.....
00001b30: a8 02 bc 02 cc 02 d8 02 e8 02 f4 02 00 03 0c 03  ................
00001b40: 18 03 20 03 28 03 30 03 38 03 40 03 48 03 50 03  .. .(.0.8.@.H.P.
00001b50: 58 03 64 03 6c 03 74 03 80 03 8c 03 9c 03 a8 03  X.d.l.t.........
00001b60: b4 03 c4 03 d4 03 e4 03 f4 03 ff 03 00 00 10 00  ................
00001b70: 20 00 30 00 40 00 50 00 60 00 70 00 80 00 90 00   .0.@.P.`.p.....
00001b80: a0 00 b0 00 c0 00 d0 00 e0 00 f0 00 00 01 10 01  ................
00001b90: 20 01 30 01 40 01 50 01 60 01 70 01 80 01 90 01   .0.@.P.`.p.....
00001ba0: a0 01 b0 01 c0 01 d0 01 e0 01 f0 01 00 02 10 02  ................
00001bb0: 20 02 30 02 40 02 50 02 60 02 70 02 80 02 90 02   .0.@.P.`.p.....
00001bc0: a0 02 b0 02 c0 02 d0 02 e0 02 f0 02 00 03 10 03  ................
00001bd0: 20 03 30 03 40 03 50 03 60 03 70 03 80 03 90 03   .0.@.P.`.p.....
00001be0: a0 03 b0 03 c0 03 d0 03 e0 03 f0 03 ff 03 00 00  ................
00001bf0: 40 00 00 00 00 00 00 00 00 00 00 00 00 00 00 00  @...............
00001c00: 00 00 00 00 00 00 00 00 00 00 00 00 00 00 00 00  ................
00001c10: 40 00 00 00 00 00 00 00 00 00 00 00 00 00 00 00  @...............
00001c20: 00 00 00 00 00 00 00 00 00 00 00 00 00 00 00 00  ................
00001c30: 40 00 00 00 00 00 00 00 00 00 00 00 00 00 00 00  @...............
00001c40: 00 00 00 00 00 00 00 00 00 00 00 00 00 00 00 00  ................
00001c50: 03 00 06 00 0c 00 1b 00 35 00 40 00 00 00 00 00  ........5.@.....
00001c60: 00 00 00 00 00 00 00 00 00 00 00 00 00 00 00 00  ................
00001c70: 05 00 0c 00 29 00 36 00 40 00 00 00 00 00 00 00  ....).6.@.......
00001c80: 00 00 00 00 00 00 00 00 00 00 00 00 00 00 00 00  ................
00001c90: 40 00 00 00 00 00 00 00 00 00 00 00 00 00 00 00  @...............
00001ca0: 00 00 00 00 00 00 00 00 00 00 00 00 00 00 00 00  ................
00001cb0: 00 00 08 00 00 01 08 00 00 00 01 00 00 00 00 00  ................
00001cc0: 00 00 60 00 c0 00 00 00 10 00 20 00 30 00 40 00  ..`....... .0.@.
00001cd0: 50 00 60 00 70 00 80 00 90 00 a0 00 b0 00 c0 00  P.`.p...........
00001ce0: d0 00 e0 00 f0 00 00 01 10 01 20 01 30 01 40 01  .......... .0.@.
00001cf0: 50 01 60 01 70 01 80 01 90 01 a0 01 b0 01 c0 01  P.`.p...........
00001d00: d0 01 e0 01 f0 01 00 02 10 02 20 02 30 02 40 02  .......... .0.@.
00001d10: 50 02 60 02 70 02 80 02 90 02 a0 02 b0 02 c0 02  P.`.p...........
00001d20: d0 02 e0 02 f0 02 00 03 10 03 20 03 30 03 40 03  .......... .0.@.
00001d30: 50 03 60 03 70 03 80 03 90 03 a0 03 b0 03 c0 03  P.`.p...........
00001d40: d0 03 e0 03 f0 03 ff 03 00 00 10 00 20 00 30 00  ............ .0.
00001d50: 40 00 50 00 60 00 70 00 80 00 90 00 a0 00 b0 00  @.P.`.p.........
00001d60: c0 00 d0 00 e0 00 f0 00 00 01 10 01 20 01 30 01  ............ .0.
00001d70: 40 01 50 01 60 01 70 01 80 01 90 01 a0 01 b0 01  @.P.`.p.........
00001d80: c0 01 d0 01 e0 01 f0 01 00 02 10 02 20 02 30 02  ............ .0.
00001d90: 40 02 50 02 60 02 70 02 80 02 90 02 a0 02 b0 02  @.P.`.p.........
00001da0: c0 02 d0 02 e0 02 f0 02 00 03 10 03 20 03 30 03  ............ .0.
00001db0: 40 03 50 03 60 03 70 03 80 03 90 03 a0 03 b0 03  @.P.`.p.........
00001dc0: c0 03 d0 03 e0 03 f0 03 ff 03 00 00 10 00 20 00  .............. .
00001dd0: 30 00 40 00 50 00 60 00 70 00 80 00 90 00 a0 00  0.@.P.`.p.......
00001de0: b0 00 c0 00 d0 00 e0 00 f0 00 00 01 10 01 20 01  .............. .
00001df0: 30 01 40 01 50 01 60 01 70 01 80 01 90 01 a0 01  0.@.P.`.p.......
00001e00: b0 01 c0 01 d0 01 e0 01 f0 01 00 02 10 02 20 02  .............. .
00001e10: 30 02 40 02 50 02 60 02 70 02 80 02 90 02 a0 02  0.@.P.`.p.......
00001e20: b0 02 c0 02 d0 02 e0 02 f0 02 00 03 10 03 20 03  .............. .
00001e30: 30 03 40 03 50 03 60 03 70 03 80 03 90 03 a0 03  0.@.P.`.p.......
00001e40: b0 03 c0 03 d0 03 e0 03 f0 03 ff 03 00 00 28 00  ..............(.
00001e50: 51 00 78 00 9a 00 b6 00 cd 00 e1 00 f1 00 ff 00  Q.x.............
00001e60: 0c 01 18 01 24 01 31 01 3d 01 4a 01 57 01 64 01  ....$.1.=.J.W.d.
00001e70: 71 01 7e 01 8b 01 98 01 a5 01 b3 01 c0 01 cd 01  q.~.............
00001e80: db 01 e8 01 f6 01 03 02 11 02 1e 02 2c 02 3a 02  ............,.:.
00001e90: 47 02 55 02 63 02 71 02 7f 02 8d 02 9b 02 a9 02  G.U.c.q.........
00001ea0: b7 02 c5 02 d4 02 e2 02 f1 02 ff 02 0e 03 1c 03  ................
00001eb0: 2b 03 3a 03 49 03 58 03 67 03 76 03 85 03 94 03  +.:.I.X.g.v.....
00001ec0: a3 03 b3 03 c2 03 d1 03 e1 03 f0 03 ff 03 00 00  ................
00001ed0: 0a 00 14 00 1e 00 29 00 33 00 3e 00 49 00 54 00  ......).3.>.I.T.
00001ee0: 60 00 6c 00 79 00 87 00 95 00 a3 00 b2 00 c1 00  `.l.y...........
00001ef0: d1 00 e1 00 f1 00 02 01 13 01 24 01 36 01 47 01  ..........$.6.G.
00001f00: 59 01 6b 01 7d 01 90 01 a2 01 b4 01 c7 01 d9 01  Y.k.}...........
00001f10: eb 01 fe 01 10 02 22 02 34 02 46 02 58 02 69 02  ......".4.F.X.i.
00001f20: 7b 02 8d 02 9e 02 af 02 c1 02 d2 02 e3 02 f4 02  {...............
00001f30: 05 03 16 03 27 03 38 03 49 03 59 03 6a 03 7b 03  ....'.8.I.Y.j.{.
00001f40: 8b 03 9c 03 ad 03 bd 03 ce 03 de 03 ef 03 ff 03  ................
00001f50: 00 00 10 00 20 00 30 00 40 00 50 00 60 00 70 00  .... .0.@.P.`.p.
00001f60: 80 00 90 00 a0 00 b0 00 c0 00 d0 00 e0 00 f0 00  ................
00001f70: 00 01 10 01 20 01 30 01 40 01 50 01 60 01 70 01  .... .0.@.P.`.p.
00001f80: 80 01 90 01 a0 01 b0 01 c0 01 d0 01 e0 01 f0 01  ................
00001f90: 00 02 10 02 20 02 30 02 40 02 50 02 60 02 70 02  .... .0.@.P.`.p.
00001fa0: 80 02 90 02 a0 02 b0 02 c0 02 d0 02 e0 02 f0 02  ................
00001fb0: 00 03 10 03 20 03 30 03 40 03 50 03 60 03 70 03  .... .0.@.P.`.p.
00001fc0: 80 03 90 03 a0 03 b0 03 c0 03 d0 03 e0 03 f0 03  ................
00001fd0: ff 03 00 00 40 00 00 00 00 00 00 00 00 00 00 00  ....@...........
00001fe0: 00 00 00 00 00 00 00 00 00 00 00 00 00 00 00 00  ................
00001ff0: 00 00 00 00 40 00 00 00 00 00 00 00 00 00 00 00  ....@...........
00002000: 00 00 00 00 00 00 00 00 00 00 00 00 00 00 00 00  ................
00002010: 00 00 00 00 40 00 00 00 00 00 00 00 00 00 00 00  ....@...........
00002020: 00 00 00 00 00 00 00 00 00 00 00 00 00 00 00 00  ................
00002030: 00 00 00 00 01 00 03 00 0b 00 15 00 35 00 40 00  ............5.@.
00002040: 00 00 00 00 00 00 00 00 00 00 00 00 00 00 00 00  ................
00002050: 00 00 00 00 0a 00 23 00 40 00 00 00 00 00 00 00  ......#.@.......
00002060: 00 00 00 00 00 00 00 00 00 00 00 00 00 00 00 00  ................
00002070: 00 00 00 00 40 00 00 00 00 00 00 00 00 00 00 00  ....@...........
00002080: 00 00 00 00 00 00 00 00 00 00 00 00 00 00 00 00  ................
00002090: 00 00 01 00 40 00 80 00 00 01 08 00 00 00 01 00  ....@...........
000020a0: 00 00 00 00 00 00 60 00 c0 00 00 00 10 00 20 00  ......`....... .
000020b0: 30 00 40 00 50 00 60 00 70 00 80 00 90 00 a0 00  0.@.P.`.p.......
000020c0: b0 00 c0 00 d0 00 e0 00 f0 00 00 01 10 01 20 01  .............. .
000020d0: 30 01 40 01 50 01 60 01 70 01 80 01 90 01 a0 01  0.@.P.`.p.......
000020e0: b0 01 c0 01 d0 01 e0 01 f0 01 00 02 10 02 20 02  .............. .
000020f0: 30 02 40 02 50 02 60 02 70 02 80 02 90 02 a0 02  0.@.P.`.p.......
00002100: b0 02 c0 02 d0 02 e0 02 f0 02 00 03 10 03 20 03  .............. .
00002110: 30 03 40 03 50 03 60 03 70 03 80 03 90 03 a0 03  0.@.P.`.p.......
00002120: b0 03 c0 03 d0 03 e0 03 f0 03 ff 03 00 00 10 00  ................
00002130: 20 00 30 00 40 00 50 00 60 00 70 00 80 00 90 00   .0.@.P.`.p.....
00002140: a0 00 b0 00 c0 00 d0 00 e0 00 f0 00 00 01 10 01  ................
00002150: 20 01 30 01 40 01 50 01 60 01 70 01 80 01 90 01   .0.@.P.`.p.....
00002160: a0 01 b0 01 c0 01 d0 01 e0 01 f0 01 00 02 10 02  ................
00002170: 20 02 30 02 40 02 50 02 60 02 70 02 80 02 90 02   .0.@.P.`.p.....
00002180: a0 02 b0 02 c0 02 d0 02 e0 02 f0 02 00 03 10 03  ................
00002190: 20 03 30 03 40 03 50 03 60 03 70 03 80 03 90 03   .0.@.P.`.p.....
000021a0: a0 03 b0 03 c0 03 d0 03 e0 03 f0 03 ff 03 00 00  ................
000021b0: 10 00 20 00 30 00 40 00 50 00 60 00 70 00 80 00  .. .0.@.P.`.p...
000021c0: 90 00 a0 00 b0 00 c0 00 d0 00 e0 00 f0 00 00 01  ................
000021d0: 10 01 20 01 30 01 40 01 50 01 60 01 70 01 80 01  .. .0.@.P.`.p...
000021e0: 90 01 a0 01 b0 01 c0 01 d0 01 e0 01 f0 01 00 02  ................
000021f0: 10 02 20 02 30 02 40 02 50 02 60 02 70 02 80 02  .. .0.@.P.`.p...
00002200: 90 02 a0 02 b0 02 c0 02 d0 02 e0 02 f0 02 00 03  ................
00002210: 10 03 20 03 30 03 40 03 50 03 60 03 70 03 80 03  .. .0.@.P.`.p...
00002220: 90 03 a0 03 b0 03 c0 03 d0 03 e0 03 f0 03 ff 03  ................
00002230: 00 00 33 00 62 00 8a 00 ac 00 c8 00 df 00 f2 00  ..3.b...........
00002240: 03 01 11 01 1f 01 2c 01 39 01 45 01 51 01 5d 01  ......,.9.E.Q.].
00002250: 69 01 74 01 80 01 8c 01 97 01 a3 01 af 01 bb 01  i.t.............
00002260: c7 01 d4 01 e0 01 ed 01 f9 01 06 02 13 02 20 02  .............. .
00002270: 2e 02 3b 02 49 02 56 02 64 02 72 02 80 02 8e 02  ..;.I.V.d.r.....
00002280: 9c 02 aa 02 b8 02 c6 02 d5 02 e3 02 f2 02 01 03  ................
00002290: 0f 03 1e 03 2d 03 3c 03 4a 03 59 03 68 03 77 03  ....-.<.J.Y.h.w.
000022a0: 86 03 96 03 a5 03 b4 03 c3 03 d2 03 e1 03 f0 03  ................
000022b0: ff 03 00 00 11 00 22 00 33 00 43 00 54 00 65 00  ......".3.C.T.e.
000022c0: 77 00 88 00 9a 00 ac 00 be 00 d0 00 e3 00 f6 00  w...............
000022d0: 0a 01 1d 01 31 01 44 01 58 01 6c 01 7f 01 92 01  ....1.D.X.l.....
000022e0: a5 01 b8 01 ca 01 dd 01 ee 01 00 02 11 02 21 02  ..............!.
000022f0: 32 02 42 02 52 02 62 02 71 02 80 02 8f 02 9e 02  2.B.R.b.q.......
00002300: ac 02 ba 02 c8 02 d6 02 e4 02 f1 02 ff 02 0c 03  ................
00002310: 19 03 26 03 33 03 3f 03 4c 03 59 03 66 03 74 03  ..&.3.?.L.Y.f.t.
00002320: 81 03 8f 03 9c 03 aa 03 b8 03 c6 03 d5 03 e3 03  ................
00002330: f1 03 ff 03 00 00 10 00 20 00 30 00 40 00 50 00  ........ .0.@.P.
00002340: 60 00 70 00 80 00 90 00 a0 00 b0 00 c0 00 d0 00  `.p.............
00002350: e0 00 f0 00 00 01 10 01 20 01 30 01 40 01 50 01  ........ .0.@.P.
00002360: 60 01 70 01 80 01 90 01 a0 01 b0 01 c0 01 d0 01  `.p.............
00002370: e0 01 f0 01 00 02 10 02 20 02 30 02 40 02 50 02  ........ .0.@.P.
00002380: 60 02 70 02 80 02 90 02 a0 02 b0 02 c0 02 d0 02  `.p.............
00002390: e0 02 f0 02 00 03 10 03 20 03 30 03 40 03 50 03  ........ .0.@.P.
000023a0: 60 03 70 03 80 03 90 03 a0 03 b0 03 c0 03 d0 03  `.p.............
000023b0: e0 03 f0 03 ff 03 00 00 40 00 00 00 00 00 00 00  ........@.......
000023c0: 00 00 00 00 00 00 00 00 00 00 00 00 00 00 00 00  ................
000023d0: 00 00 00 00 00 00 00 00 40 00 00 00 00 00 00 00  ........@.......
000023e0: 00 00 00 00 00 00 00 00 00 00 00 00 00 00 00 00  ................
000023f0: 00 00 00 00 00 00 00 00 40 00 00 00 00 00 00 00  ........@.......
00002400: 00 00 00 00 00 00 00 00 00 00 00 00 00 00 00 00  ................
00002410: 00 00 00 00 00 00 00 00 02 00 09 00 14 00 40 00  ..............@.
00002420: 00 00 00 00 00 00 00 00 00 00 00 00 00 00 00 00  ................
00002430: 00 00 00 00 00 00 00 00 05 00 0c 00 18 00 2e 00  ................
00002440: 36 00 40 00 00 00 00 00 00 00 00 00 00 00 00 00  6.@.............
00002450: 00 00 00 00 00 00 00 00 40 00 00 00 00 00 00 00  ........@.......
00002460: 00 00 00 00 00 00 00 00 00 00 00 00 00 00 00 00  ................
00002470: 00 00 00 00 00 00 01 00 40 00 80 00 00 01 08 00  ........@.......
00002480: 00 00 01 00 00 00 00 00 00 00 60 00 c0 00 00 00  ..........`.....
00002490: 10 00 20 00 30 00 40 00 50 00 60 00 70 00 80 00  .. .0.@.P.`.p...
000024a0: 90 00 a0 00 b0 00 c0 00 d0 00 e0 00 f0 00 00 01  ................
000024b0: 10 01 20 01 30 01 40 01 50 01 60 01 70 01 80 01  .. .0.@.P.`.p...
000024c0: 90 01 a0 01 b0 01 c0 01 d0 01 e0 01 f0 01 00 02  ................
000024d0: 10 02 20 02 30 02 40 02 50 02 60 02 70 02 80 02  .. .0.@.P.`.p...
000024e0: 90 02 a0 02 b0 02 c0 02 d0 02 e0 02 f0 02 00 03  ................
000024f0: 10 03 20 03 30 03 40 03 50 03 60 03 70 03 80 03  .. .0.@.P.`.p...
00002500: 90 03 a0 03 b0 03 c0 03 d0 03 e0 03 f0 03 ff 03  ................
00002510: 00 00 10 00 20 00 30 00 40 00 50 00 60 00 70 00  .... .0.@.P.`.p.
00002520: 80 00 90 00 a0 00 b0 00 c0 00 d0 00 e0 00 f0 00  ................
00002530: 00 01 10 01 20 01 30 01 40 01 50 01 60 01 70 01  .... .0.@.P.`.p.
00002540: 80 01 90 01 a0 01 b0 01 c0 01 d0 01 e0 01 f0 01  ................
00002550: 00 02 10 02 20 02 30 02 40 02 50 02 60 02 70 02  .... .0.@.P.`.p.
00002560: 80 02 90 02 a0 02 b0 02 c0 02 d0 02 e0 02 f0 02  ................
00002570: 00 03 10 03 20 03 30 03 40 03 50 03 60 03 70 03  .... .0.@.P.`.p.
00002580: 80 03 90 03 a0 03 b0 03 c0 03 d0 03 e0 03 f0 03  ................
00002590: ff 03 00 00 10 00 20 00 30 00 40 00 50 00 60 00  ...... .0.@.P.`.
000025a0: 70 00 80 00 90 00 a0 00 b0 00 c0 00 d0 00 e0 00  p...............
000025b0: f0 00 00 01 10 01 20 01 30 01 40 01 50 01 60 01  ...... .0.@.P.`.
000025c0: 70 01 80 01 90 01 a0 01 b0 01 c0 01 d0 01 e0 01  p...............
000025d0: f0 01 00 02 10 02 20 02 30 02 40 02 50 02 60 02  ...... .0.@.P.`.
000025e0: 70 02 80 02 90 02 a0 02 b0 02 c0 02 d0 02 e0 02  p...............
000025f0: f0 02 00 03 10 03 20 03 30 03 40 03 50 03 60 03  ...... .0.@.P.`.
00002600: 70 03 80 03 90 03 a0 03 b0 03 c0 03 d0 03 e0 03  p...............
00002610: f0 03 ff 03 00 00 2c 00 56 00 7c 00 9d 00 b8 00  ......,.V.|.....
00002620: d0 00 e6 00 f9 00 0a 01 1a 01 2a 01 38 01 47 01  ..........*.8.G.
00002630: 55 01 63 01 71 01 7f 01 8d 01 9a 01 a8 01 b5 01  U.c.q...........
00002640: c2 01 d0 01 dd 01 ea 01 f7 01 04 02 11 02 1e 02  ................
00002650: 2b 02 38 02 44 02 51 02 5e 02 6b 02 78 02 85 02  +.8.D.Q.^.k.x...
00002660: 91 02 9e 02 ab 02 b8 02 c5 02 d3 02 e0 02 ed 02  ................
00002670: fb 02 08 03 16 03 23 03 31 03 3f 03 4d 03 5c 03  ......#.1.?.M.\.
00002680: 6a 03 79 03 87 03 96 03 a5 03 b4 03 c3 03 d2 03  j.y.............
00002690: e1 03 f0 03 ff 03 00 00 11 00 22 00 33 00 43 00  ..........".3.C.
000026a0: 54 00 66 00 77 00 89 00 9a 00 ac 00 be 00 d0 00  T.f.w...........
000026b0: e3 00 f5 00 07 01 1a 01 2c 01 3f 01 51 01 64 01  ........,.?.Q.d.
000026c0: 77 01 89 01 9c 01 ae 01 c0 01 d3 01 e5 01 f7 01  w...............
000026d0: 09 02 1a 02 2c 02 3d 02 4e 02 5f 02 70 02 80 02  ....,.=.N._.p...
000026e0: 90 02 a0 02 b0 02 bf 02 ce 02 dc 02 ea 02 f8 02  ................
000026f0: 05 03 12 03 1f 03 2b 03 37 03 43 03 4f 03 5b 03  ......+.7.C.O.[.
00002700: 67 03 74 03 81 03 8e 03 9b 03 a9 03 b7 03 c5 03  g.t.............
00002710: d4 03 e2 03 f1 03 ff 03 00 00 10 00 20 00 30 00  ............ .0.
00002720: 40 00 50 00 60 00 70 00 80 00 90 00 a0 00 b0 00  @.P.`.p.........
00002730: c0 00 d0 00 e0 00 f0 00 00 01 10 01 20 01 30 01  ............ .0.
00002740: 40 01 50 01 60 01 70 01 80 01 90 01 a0 01 b0 01  @.P.`.p.........
00002750: c0 01 d0 01 e0 01 f0 01 00 02 10 02 20 02 30 02  ............ .0.
00002760: 40 02 50 02 60 02 70 02 80 02 90 02 a0 02 b0 02  @.P.`.p.........
00002770: c0 02 d0 02 e0 02 f0 02 00 03 10 03 20 03 30 03  ............ .0.
00002780: 40 03 50 03 60 03 70 03 80 03 90 03 a0 03 b0 03  @.P.`.p.........
00002790: c0 03 d0 03 e0 03 f0 03 ff 03 00 00 40 00 00 00  ............@...
000027a0: 00 00 00 00 00 00 00 00 00 00 00 00 00 00 00 00  ................
000027b0: 00 00 00 00 00 00 00 00 00 00 00 00 40 00 00 00  ............@...
000027c0: 00 00 00 00 00 00 00 00 00 00 00 00 00 00 00 00  ................
000027d0: 00 00 00 00 00 00 00 00 00 00 00 00 40 00 00 00  ............@...
000027e0: 00 00 00 00 00 00 00 00 00 00 00 00 00 00 00 00  ................
000027f0: 00 00 00 00 00 00 00 00 00 00 00 00 03 00 06 00  ................
00002800: 0c 00 1b 00 35 00 40 00 00 00 00 00 00 00 00 00  ....5.@.........
00002810: 00 00 00 00 00 00 00 00 00 00 00 00 05 00 0c 00  ................
00002820: 2d 00 36 00 40 00 00 00 00 00 00 00 00 00 00 00  -.6.@...........
00002830: 00 00 00 00 00 00 00 00 00 00 00 00 40 00 00 00  ............@...
00002840: 00 00 00 00 00 00 00 00 00 00 00 00 00 00 00 00  ................
00002850: 00 00 00 00 00 00 00 00 00 00 01 00 40 00 80 00  ............@...
00002860: 00 01 10 00 00 00 01 00 00 00 00 00 00 00 60 00  ..............`.
00002870: c0 00 00 00 10 00 20 00 30 00 40 00 50 00 60 00  ...... .0.@.P.`.
00002880: 70 00 80 00 90 00 a0 00 b0 00 c0 00 d0 00 e0 00  p...............
00002890: f0 00 00 01 10 01 20 01 30 01 40 01 50 01 60 01  ...... .0.@.P.`.
000028a0: 70 01 80 01 90 01 a0 01 b0 01 c0 01 d0 01 e0 01  p...............
000028b0: f0 01 00 02 10 02 20 02 30 02 40 02 50 02 60 02  ...... .0.@.P.`.
000028c0: 70 02 80 02 90 02 a0 02 b0 02 c0 02 d0 02 e0 02  p...............
000028d0: f0 02 00 03 10 03 20 03 30 03 40 03 50 03 60 03  ...... .0.@.P.`.
000028e0: 70 03 80 03 90 03 a0 03 b0 03 c0 03 d0 03 e0 03  p...............
000028f0: f0 03 ff 03 00 00 10 00 20 00 30 00 40 00 50 00  ........ .0.@.P.
00002900: 60 00 70 00 80 00 90 00 a0 00 b0 00 c0 00 d0 00  `.p.............
00002910: e0 00 f0 00 00 01 10 01 20 01 30 01 40 01 50 01  ........ .0.@.P.
00002920: 60 01 70 01 80 01 90 01 a0 01 b0 01 c0 01 d0 01  `.p.............
00002930: e0 01 f0 01 00 02 10 02 20 02 30 02 40 02 50 02  ........ .0.@.P.
00002940: 60 02 70 02 80 02 90 02 a0 02 b0 02 c0 02 d0 02  `.p.............
00002950: e0 02 f0 02 00 03 10 03 20 03 30 03 40 03 50 03  ........ .0.@.P.
00002960: 60 03 70 03 80 03 90 03 a0 03 b0 03 c0 03 d0 03  `.p.............
00002970: e0 03 f0 03 ff 03 00 00 10 00 20 00 30 00 40 00  .......... .0.@.
00002980: 50 00 60 00 70 00 80 00 90 00 a0 00 b0 00 c0 00  P.`.p...........
00002990: d0 00 e0 00 f0 00 00 01 10 01 20 01 30 01 40 01  .......... .0.@.
000029a0: 50 01 60 01 70 01 80 01 90 01 a0 01 b0 01 c0 01  P.`.p...........
000029b0: d0 01 e0 01 f0 01 00 02 10 02 20 02 30 02 40 02  .......... .0.@.
000029c0: 50 02 60 02 70 02 80 02 90 02 a0 02 b0 02 c0 02  P.`.p...........
000029d0: d0 02 e0 02 f0 02 00 03 10 03 20 03 30 03 40 03  .......... .0.@.
000029e0: 50 03 60 03 70 03 80 03 90 03 a0 03 b0 03 c0 03  P.`.p...........
000029f0: d0 03 e0 03 f0 03 ff 03 00 00 19 00 32 00 4d 00  ............2.M.
00002a00: 69 00 87 00 a7 00 c4 00 de 00 f5 00 08 01 19 01  i...............
00002a10: 27 01 34 01 3f 01 49 01 53 01 5d 01 67 01 72 01  '.4.?.I.S.].g.r.
00002a20: 7d 01 88 01 93 01 9f 01 aa 01 b6 01 c3 01 cf 01  }...............
00002a30: dc 01 e9 01 f6 01 03 02 10 02 1e 02 2c 02 3a 02  ............,.:.
00002a40: 48 02 56 02 64 02 73 02 82 02 91 02 a0 02 af 02  H.V.d.s.........
00002a50: be 02 cd 02 dd 02 ec 02 fc 02 0c 03 1c 03 2c 03  ..............,.
00002a60: 3c 03 4c 03 5c 03 6c 03 7c 03 8d 03 9d 03 ad 03  <.L.\.l.|.......
00002a70: be 03 ce 03 df 03 ef 03 ff 03 00 00 13 00 25 00  ..............%.
00002a80: 37 00 49 00 5c 00 6e 00 80 00 92 00 a5 00 b7 00  7.I.\.n.........
00002a90: c9 00 dc 00 ee 00 01 01 13 01 26 01 38 01 4b 01  ..........&.8.K.
00002aa0: 5d 01 70 01 83 01 95 01 a8 01 bb 01 ce 01 e1 01  ].p.............
00002ab0: f3 01 06 02 19 02 2c 02 3e 02 51 02 63 02 75 02  ......,.>.Q.c.u.
00002ac0: 87 02 98 02 aa 02 bb 02 cc 02 dc 02 ed 02 fc 02  ................
00002ad0: 0c 03 1b 03 2a 03 38 03 45 03 53 03 60 03 6c 03  ....*.8.E.S.`.l.
00002ae0: 78 03 84 03 8f 03 9a 03 a5 03 b0 03 ba 03 c4 03  x...............
00002af0: cf 03 d8 03 e2 03 ec 03 f6 03 ff 03 00 00 10 00  ................
00002b00: 20 00 30 00 40 00 50 00 60 00 70 00 80 00 90 00   .0.@.P.`.p.....
00002b10: a0 00 b0 00 c0 00 d0 00 e0 00 f0 00 00 01 10 01  ................
00002b20: 20 01 30 01 40 01 50 01 60 01 70 01 80 01 90 01   .0.@.P.`.p.....
00002b30: a0 01 b0 01 c0 01 d0 01 e0 01 f0 01 00 02 10 02  ................
00002b40: 20 02 30 02 40 02 50 02 60 02 70 02 80 02 90 02   .0.@.P.`.p.....
00002b50: a0 02 b0 02 c0 02 d0 02 e0 02 f0 02 00 03 10 03  ................
00002b60: 20 03 30 03 40 03 50 03 60 03 70 03 80 03 90 03   .0.@.P.`.p.....
00002b70: a0 03 b0 03 c0 03 d0 03 e0 03 f0 03 ff 03 00 00  ................
00002b80: 40 00 00 00 00 00 00 00 00 00 00 00 00 00 00 00  @...............
00002b90: 00 00 00 00 00 00 00 00 00 00 00 00 00 00 00 00  ................
00002ba0: 40 00 00 00 00 00 00 00 00 00 00 00 00 00 00 00  @...............
00002bb0: 00 00 00 00 00 00 00 00 00 00 00 00 00 00 00 00  ................
00002bc0: 40 00 00 00 00 00 00 00 00 00 00 00 00 00 00 00  @...............
00002bd0: 00 00 00 00 00 00 00 00 00 00 00 00 00 00 00 00  ................
00002be0: 04 00 07 00 10 00 40 00 00 00 00 00 00 00 00 00  ......@.........
00002bf0: 00 00 00 00 00 00 00 00 00 00 00 00 00 00 00 00  ................
00002c00: 17 00 2e 00 40 00 00 00 00 00 00 00 00 00 00 00  ....@...........
00002c10: 00 00 00 00 00 00 00 00 00 00 00 00 00 00 00 00  ................
00002c20: 40 00 00 00 00 00 00 00 00 00 00 00 00 00 00 00  @...............
00002c30: 00 00 00 00 00 00 00 00 00 00 00 00 00 00 01 00  ................
00002c40: 40 00 80 00 00 01 08 00 00 00 01 00 00 00 00 00  @...............
00002c50: 00 00 60 00 c0 00 00 00 10 00 20 00 30 00 40 00  ..`....... .0.@.
00002c60: 50 00 60 00 70 00 80 00 90 00 a0 00 b0 00 c0 00  P.`.p...........
00002c70: d0 00 e0 00 f0 00 00 01 10 01 20 01 30 01 40 01  .......... .0.@.
00002c80: 50 01 60 01 70 01 80 01 90 01 a0 01 b0 01 c0 01  P.`.p...........
00002c90: d0 01 e0 01 f0 01 00 02 10 02 20 02 30 02 40 02  .......... .0.@.
00002ca0: 50 02 60 02 70 02 80 02 90 02 a0 02 b0 02 c0 02  P.`.p...........
00002cb0: d0 02 e0 02 f0 02 00 03 10 03 20 03 30 03 40 03  .......... .0.@.
00002cc0: 50 03 60 03 70 03 80 03 90 03 a0 03 b0 03 c0 03  P.`.p...........
00002cd0: d0 03 e0 03 f0 03 ff 03 00 00 10 00 20 00 30 00  ............ .0.
00002ce0: 40 00 50 00 60 00 70 00 80 00 90 00 a0 00 b0 00  @.P.`.p.........
00002cf0: c0 00 d0 00 e0 00 f0 00 00 01 10 01 20 01 30 01  ............ .0.
00002d00: 40 01 50 01 60 01 70 01 80 01 90 01 a0 01 b0 01  @.P.`.p.........
00002d10: c0 01 d0 01 e0 01 f0 01 00 02 10 02 20 02 30 02  ............ .0.
00002d20: 40 02 50 02 60 02 70 02 80 02 90 02 a0 02 b0 02  @.P.`.p.........
00002d30: c0 02 d0 02 e0 02 f0 02 00 03 10 03 20 03 30 03  ............ .0.
00002d40: 40 03 50 03 60 03 70 03 80 03 90 03 a0 03 b0 03  @.P.`.p.........
00002d50: c0 03 d0 03 e0 03 f0 03 ff 03 00 00 10 00 20 00  .............. .
00002d60: 30 00 40 00 50 00 60 00 70 00 80 00 90 00 a0 00  0.@.P.`.p.......
00002d70: b0 00 c0 00 d0 00 e0 00 f0 00 00 01 10 01 20 01  .............. .
00002d80: 30 01 40 01 50 01 60 01 70 01 80 01 90 01 a0 01  0.@.P.`.p.......
00002d90: b0 01 c0 01 d0 01 e0 01 f0 01 00 02 10 02 20 02  .............. .
00002da0: 30 02 40 02 50 02 60 02 70 02 80 02 90 02 a0 02  0.@.P.`.p.......
00002db0: b0 02 c0 02 d0 02 e0 02 f0 02 00 03 10 03 20 03  .............. .
00002dc0: 30 03 40 03 50 03 60 03 70 03 80 03 90 03 a0 03  0.@.P.`.p.......
00002dd0: b0 03 c0 03 d0 03 e0 03 f0 03 ff 03 00 00 28 00  ..............(.
00002de0: 45 00 58 00 6a 00 7c 00 8c 00 9c 00 ac 00 bb 00  E.X.j.|.........
00002df0: ca 00 d9 00 e7 00 f6 00 04 01 13 01 21 01 30 01  ............!.0.
00002e00: 3e 01 4d 01 5c 01 6b 01 79 01 88 01 97 01 a6 01  >.M.\.k.y.......
00002e10: b5 01 c4 01 d3 01 e2 01 f1 01 00 02 0f 02 1e 02  ................
00002e20: 2e 02 3d 02 4c 02 5c 02 6b 02 7a 02 8a 02 99 02  ..=.L.\.k.z.....
00002e30: a8 02 b8 02 c7 02 d7 02 e6 02 f6 02 05 03 15 03  ................
00002e40: 25 03 34 03 44 03 53 03 63 03 73 03 82 03 92 03  %.4.D.S.c.s.....
00002e50: a1 03 b1 03 c1 03 d0 03 e0 03 f0 03 ff 03 00 00  ................
00002e60: 11 00 22 00 32 00 43 00 54 00 66 00 78 00 8a 00  ..".2.C.T.f.x...
00002e70: 9c 00 ae 00 c1 00 d3 00 e6 00 f8 00 0b 01 1d 01  ................
00002e80: 30 01 42 01 54 01 66 01 78 01 89 01 9b 01 ac 01  0.B.T.f.x.......
00002e90: be 01 cf 01 e0 01 f1 01 02 02 12 02 23 02 33 02  ............#.3.
00002ea0: 43 02 53 02 63 02 73 02 83 02 92 02 a2 02 b1 02  C.S.c.s.........
00002eb0: c0 02 cf 02 de 02 ec 02 fb 02 09 03 17 03 25 03  ..............%.
00002ec0: 33 03 41 03 4f 03 5c 03 6a 03 78 03 85 03 93 03  3.A.O.\.j.x.....
00002ed0: a0 03 ae 03 bc 03 c9 03 d7 03 e4 03 f2 03 ff 03  ................
00002ee0: 00 00 10 00 20 00 30 00 40 00 50 00 60 00 70 00  .... .0.@.P.`.p.
00002ef0: 80 00 90 00 a0 00 b0 00 c0 00 d0 00 e0 00 f0 00  ................
00002f00: 00 01 10 01 20 01 30 01 40 01 50 01 60 01 70 01  .... .0.@.P.`.p.
00002f10: 80 01 90 01 a0 01 b0 01 c0 01 d0 01 e0 01 f0 01  ................
00002f20: 00 02 10 02 20 02 30 02 40 02 50 02 60 02 70 02  .... .0.@.P.`.p.
00002f30: 80 02 90 02 a0 02 b0 02 c0 02 d0 02 e0 02 f0 02  ................
00002f40: 00 03 10 03 20 03 30 03 40 03 50 03 60 03 70 03  .... .0.@.P.`.p.
00002f50: 80 03 90 03 a0 03 b0 03 c0 03 d0 03 e0 03 f0 03  ................
00002f60: ff 03 00 00 40 00 00 00 00 00 00 00 00 00 00 00  ....@...........
00002f70: 00 00 00 00 00 00 00 00 00 00 00 00 00 00 00 00  ................
00002f80: 00 00 00 00 40 00 00 00 00 00 00 00 00 00 00 00  ....@...........
00002f90: 00 00 00 00 00 00 00 00 00 00 00 00 00 00 00 00  ................
00002fa0: 00 00 00 00 40 00 00 00 00 00 00 00 00 00 00 00  ....@...........
00002fb0: 00 00 00 00 00 00 00 00 00 00 00 00 00 00 00 00  ................
00002fc0: 00 00 00 00 01 00 03 00 0e 00 40 00 00 00 00 00  ..........@.....
00002fd0: 00 00 00 00 00 00 00 00 00 00 00 00 00 00 00 00  ................
00002fe0: 00 00 00 00 05 00 0f 00 2c 00 36 00 40 00 00 00  ........,.6.@...
00002ff0: 00 00 00 00 00 00 00 00 00 00 00 00 00 00 00 00  ................
00003000: 00 00 00 00 40 00 00 00 00 00 00 00 00 00 00 00  ....@...........
00003010: 00 00 00 00 00 00 00 00 00 00 00 00 00 00 00 00  ................
00003020: 00 00 01 00 40 00 80 00 00 01 08 00 00 00 01 00  ....@...........
00003030: 00 00 00 00 00 00 60 00 c0 00 00 00 10 00 20 00  ......`....... .
00003040: 30 00 40 00 50 00 60 00 70 00 80 00 90 00 a0 00  0.@.P.`.p.......
00003050: b0 00 c0 00 d0 00 e0 00 f0 00 00 01 10 01 20 01  .............. .
00003060: 30 01 40 01 50 01 60 01 70 01 80 01 90 01 a0 01  0.@.P.`.p.......
00003070: b0 01 c0 01 d0 01 e0 01 f0 01 00 02 10 02 20 02  .............. .
00003080: 30 02 40 02 50 02 60 02 70 02 80 02 90 02 a0 02  0.@.P.`.p.......
00003090: b0 02 c0 02 d0 02 e0 02 f0 02 00 03 10 03 20 03  .............. .
000030a0: 30 03 40 03 50 03 60 03 70 03 80 03 90 03 a0 03  0.@.P.`.p.......
000030b0: b0 03 c0 03 d0 03 e0 03 f0 03 ff 03 00 00 10 00  ................
000030c0: 20 00 30 00 40 00 50 00 60 00 70 00 80 00 90 00   .0.@.P.`.p.....
000030d0: a0 00 b0 00 c0 00 d0 00 e0 00 f0 00 00 01 10 01  ................
000030e0: 20 01 30 01 40 01 50 01 60 01 70 01 80 01 90 01   .0.@.P.`.p.....
000030f0: a0 01 b0 01 c0 01 d0 01 e0 01 f0 01 00 02 10 02  ................
00003100: 20 02 30 02 40 02 50 02 60 02 70 02 80 02 90 02   .0.@.P.`.p.....
00003110: a0 02 b0 02 c0 02 d0 02 e0 02 f0 02 00 03 10 03  ................
00003120: 20 03 30 03 40 03 50 03 60 03 70 03 80 03 90 03   .0.@.P.`.p.....
00003130: a0 03 b0 03 c0 03 d0 03 e0 03 f0 03 ff 03 00 00  ................
00003140: 10 00 20 00 30 00 40 00 50 00 60 00 70 00 80 00  .. .0.@.P.`.p...
00003150: 90 00 a0 00 b0 00 c0 00 d0 00 e0 00 f0 00 00 01  ................
00003160: 10 01 20 01 30 01 40 01 50 01 60 01 70 01 80 01  .. .0.@.P.`.p...
00003170: 90 01 a0 01 b0 01 c0 01 d0 01 e0 01 f0 01 00 02  ................
00003180: 10 02 20 02 30 02 40 02 50 02 60 02 70 02 80 02  .. .0.@.P.`.p...
00003190: 90 02 a0 02 b0 02 c0 02 d0 02 e0 02 f0 02 00 03  ................
000031a0: 10 03 20 03 30 03 40 03 50 03 60 03 70 03 80 03  .. .0.@.P.`.p...
000031b0: 90 03 a0 03 b0 03 c0 03 d0 03 e0 03 f0 03 ff 03  ................
000031c0: 00 00 24 00 40 00 54 00 67 00 78 00 89 00 98 00  ..$.@.T.g.x.....
000031d0: a7 00 b6 00 c4 00 d1 00 df 00 ed 00 fa 00 08 01  ................
000031e0: 17 01 25 01 34 01 43 01 53 01 63 01 73 01 83 01  ..%.4.C.S.c.s...
000031f0: 93 01 a3 01 b4 01 c4 01 d5 01 e6 01 f6 01 07 02  ................
00003200: 18 02 28 02 38 02 49 02 59 02 69 02 79 02 88 02  ..(.8.I.Y.i.y...
00003210: 98 02 a8 02 b7 02 c7 02 d6 02 e6 02 f5 02 04 03  ................
00003220: 13 03 22 03 31 03 40 03 4f 03 5e 03 6d 03 7c 03  ..".1.@.O.^.m.|.
00003230: 8a 03 99 03 a8 03 b6 03 c5 03 d4 03 e2 03 f1 03  ................
00003240: ff 03 00 00 10 00 20 00 30 00 40 00 50 00 60 00  ...... .0.@.P.`.
00003250: 70 00 80 00 90 00 a0 00 b0 00 c0 00 d0 00 e0 00  p...............
00003260: f0 00 00 01 10 01 20 01 30 01 40 01 50 01 60 01  ...... .0.@.P.`.
00003270: 70 01 80 01 90 01 a0 01 b0 01 c0 01 d0 01 e0 01  p...............
00003280: f0 01 00 02 10 02 20 02 30 02 40 02 50 02 60 02  ...... .0.@.P.`.
00003290: 70 02 80 02 90 02 a0 02 b0 02 c0 02 d0 02 e0 02  p...............
000032a0: f0 02 00 03 10 03 20 03 30 03 40 03 50 03 60 03  ...... .0.@.P.`.
000032b0: 70 03 80 03 90 03 a0 03 b0 03 c0 03 d0 03 e0 03  p...............
000032c0: f0 03 ff 03 00 00 10 00 20 00 30 00 40 00 50 00  ........ .0.@.P.
000032d0: 60 00 70 00 80 00 90 00 a0 00 b0 00 c0 00 d0 00  `.p.............
000032e0: e0 00 f0 00 00 01 10 01 20 01 30 01 40 01 50 01  ........ .0.@.P.
000032f0: 60 01 70 01 80 01 90 01 a0 01 b0 01 c0 01 d0 01  `.p.............
00003300: e0 01 f0 01 00 02 10 02 20 02 30 02 40 02 50 02  ........ .0.@.P.
00003310: 60 02 70 02 80 02 90 02 a0 02 b0 02 c0 02 d0 02  `.p.............
00003320: e0 02 f0 02 00 03 10 03 20 03 30 03 40 03 50 03  ........ .0.@.P.
00003330: 60 03 70 03 80 03 90 03 a0 03 b0 03 c0 03 d0 03  `.p.............
00003340: e0 03 f0 03 ff 03 00 00 40 00 00 00 00 00 00 00  ........@.......
00003350: 00 00 00 00 00 00 00 00 00 00 00 00 00 00 00 00  ................
00003360: 00 00 00 00 00 00 00 00 40 00 00 00 00 00 00 00  ........@.......
00003370: 00 00 00 00 00 00 00 00 00 00 00 00 00 00 00 00  ................
00003380: 00 00 00 00 00 00 00 00 40 00 00 00 00 00 00 00  ........@.......
00003390: 00 00 00 00 00 00 00 00 00 00 00 00 00 00 00 00  ................
000033a0: 00 00 00 00 00 00 00 00 01 00 03 00 07 00 0f 00  ................
000033b0: 21 00 40 00 00 00 00 00 00 00 00 00 00 00 00 00  !.@.............
000033c0: 00 00 00 00 00 00 00 00 40 00 00 00 00 00 00 00  ........@.......
000033d0: 00 00 00 00 00 00 00 00 00 00 00 00 00 00 00 00  ................
000033e0: 00 00 00 00 00 00 00 00 40 00 00 00 00 00 00 00  ........@.......
000033f0: 00 00 00 00 00 00 00 00 00 00 00 00 00 00 00 00  ................
00003400: 00 00 00 00 00 00 01 00 40 00 80 00 f0 00 1f 00  ........@.......
00003410: 00 00 00 00 00 00 00 00 00 00 60 00 c0 00 00 00  ..........`.....
00003420: 10 00 20 00 30 00 40 00 50 00 60 00 70 00 80 00  .. .0.@.P.`.p...
00003430: 90 00 a0 00 b0 00 c0 00 d0 00 e0 00 f0 00 00 01  ................
00003440: 10 01 20 01 30 01 40 01 50 01 60 01 70 01 80 01  .. .0.@.P.`.p...
00003450: 90 01 a0 01 b0 01 c0 01 d0 01 e0 01 f0 01 00 02  ................
00003460: 10 02 20 02 30 02 40 02 50 02 60 02 70 02 80 02  .. .0.@.P.`.p...
00003470: 90 02 a0 02 b0 02 c0 02 d0 02 e0 02 f0 02 00 03  ................
00003480: 10 03 20 03 30 03 40 03 50 03 60 03 70 03 80 03  .. .0.@.P.`.p...
00003490: 90 03 a0 03 b0 03 c0 03 d0 03 e0 03 f0 03 ff 03  ................
000034a0: 00 00 10 00 20 00 30 00 40 00 50 00 60 00 70 00  .... .0.@.P.`.p.
000034b0: 80 00 90 00 a0 00 b0 00 c0 00 d0 00 e0 00 f0 00  ................
000034c0: 00 01 10 01 20 01 30 01 40 01 50 01 60 01 70 01  .... .0.@.P.`.p.
000034d0: 80 01 90 01 a0 01 b0 01 c0 01 d0 01 e0 01 f0 01  ................
000034e0: 00 02 10 02 20 02 30 02 40 02 50 02 60 02 70 02  .... .0.@.P.`.p.
000034f0: 80 02 90 02 a0 02 b0 02 c0 02 d0 02 e0 02 f0 02  ................
00003500: 00 03 10 03 20 03 30 03 40 03 50 03 60 03 70 03  .... .0.@.P.`.p.
00003510: 80 03 90 03 a0 03 b0 03 c0 03 d0 03 e0 03 f0 03  ................
00003520: ff 03 00 00 10 00 20 00 30 00 40 00 50 00 60 00  ...... .0.@.P.`.
00003530: 70 00 80 00 90 00 a0 00 b0 00 c0 00 d0 00 e0 00  p...............
00003540: f0 00 00 01 10 01 20 01 30 01 40 01 50 01 60 01  ...... .0.@.P.`.
00003550: 70 01 80 01 90 01 a0 01 b0 01 c0 01 d0 01 e0 01  p...............
00003560: f0 01 00 02 10 02 20 02 30 02 40 02 50 02 60 02  ...... .0.@.P.`.
00003570: 70 02 80 02 90 02 a0 02 b0 02 c0 02 d0 02 e0 02  p...............
00003580: f0 02 00 03 10 03 20 03 30 03 40 03 50 03 60 03  ...... .0.@.P.`.
00003590: 70 03 80 03 90 03 a0 03 b0 03 c0 03 d0 03 e0 03  p...............
000035a0: f0 03 ff 03 00 00 10 00 20 00 30 00 40 00 50 00  ........ .0.@.P.
000035b0: 60 00 70 00 80 00 90 00 a0 00 b0 00 c0 00 d0 00  `.p.............
000035c0: e0 00 f0 00 00 01 10 01 20 01 30 01 40 01 50 01  ........ .0.@.P.
000035d0: 60 01 70 01 80 01 90 01 a0 01 b0 01 c0 01 d0 01  `.p.............
000035e0: e0 01 f0 01 00 02 10 02 20 02 30 02 40 02 50 02  ........ .0.@.P.
000035f0: 60 02 70 02 80 02 90 02 a0 02 b0 02 c0 02 d0 02  `.p.............
00003600: e0 02 f0 02 00 03 10 03 20 03 30 03 40 03 50 03  ........ .0.@.P.
00003610: 60 03 70 03 80 03 90 03 a0 03 b0 03 c0 03 d0 03  `.p.............
00003620: e0 03 f0 03 ff 03 00 00 11 00 21 00 31 00 41 00  ..........!.1.A.
00003630: 52 00 62 00 73 00 83 00 94 00 a5 00 b7 00 c8 00  R.b.s...........
00003640: da 00 ec 00 ff 00 12 01 25 01 38 01 4c 01 60 01  ........%.8.L.`.
00003650: 75 01 89 01 9e 01 b3 01 c8 01 dc 01 f1 01 05 02  u...............
00003660: 19 02 2c 02 3f 02 51 02 63 02 75 02 86 02 97 02  ..,.?.Q.c.u.....
00003670: a7 02 b7 02 c7 02 d6 02 e5 02 f4 02 02 03 10 03  ................
00003680: 1e 03 2b 03 38 03 45 03 52 03 5f 03 6b 03 77 03  ..+.8.E.R._.k.w.
00003690: 83 03 8f 03 9a 03 a6 03 b1 03 bd 03 c8 03 d3 03  ................
000036a0: de 03 e9 03 f4 03 ff 03 00 00 10 00 20 00 30 00  ............ .0.
000036b0: 40 00 50 00 60 00 70 00 80 00 90 00 a0 00 b0 00  @.P.`.p.........
000036c0: c0 00 d0 00 e0 00 f0 00 00 01 10 01 20 01 30 01  ............ .0.
000036d0: 40 01 50 01 60 01 70 01 80 01 90 01 a0 01 b0 01  @.P.`.p.........
000036e0: c0 01 d0 01 e0 01 f0 01 00 02 10 02 20 02 30 02  ............ .0.
000036f0: 40 02 50 02 60 02 70 02 80 02 90 02 a0 02 b0 02  @.P.`.p.........
00003700: c0 02 d0 02 e0 02 f0 02 00 03 10 03 20 03 30 03  ............ .0.
00003710: 40 03 50 03 60 03 70 03 80 03 90 03 a0 03 b0 03  @.P.`.p.........
00003720: c0 03 d0 03 e0 03 f0 03 ff 03 00 00 40 00 00 00  ............@...
00003730: 00 00 00 00 00 00 00 00 00 00 00 00 00 00 00 00  ................
00003740: 00 00 00 00 00 00 00 00 00 00 00 00 40 00 00 00  ............@...
00003750: 00 00 00 00 00 00 00 00 00 00 00 00 00 00 00 00  ................
00003760: 00 00 00 00 00 00 00 00 00 00 00 00 40 00 00 00  ............@...
00003770: 00 00 00 00 00 00 00 00 00 00 00 00 00 00 00 00  ................
00003780: 00 00 00 00 00 00 00 00 00 00 00 00 40 00 00 00  ............@...
00003790: 00 00 00 00 00 00 00 00 00 00 00 00 00 00 00 00  ................
000037a0: 00 00 00 00 00 00 00 00 00 00 00 00 12 00 1e 00  ................
000037b0: 40 00 00 00 00 00 00 00 00 00 00 00 00 00 00 00  @...............
000037c0: 00 00 00 00 00 00 00 00 00 00 00 00 40 00 00 00  ............@...
000037d0: 00 00 00 00 00 00 00 00 00 00 00 00 00 00 00 00  ................
000037e0: 00 00 00 00 00 00 00 00 00 00 00 00 40 00 80 00  ............@...
000037f0: c8 00 00 00 00 00 00 00 00 00 00 00 00 00 00 00  ................
00003800: 00 00 00 00 10 00 20 00 30 00 40 00 50 00 60 00  ...... .0.@.P.`.
00003810: 70 00 80 00 90 00 a0 00 b0 00 c0 00 d0 00 e0 00  p...............
00003820: f0 00 00 01 10 01 20 01 30 01 40 01 50 01 60 01  ...... .0.@.P.`.
00003830: 70 01 80 01 90 01 a0 01 b0 01 c0 01 d0 01 e0 01  p...............
00003840: f0 01 00 02 10 02 20 02 30 02 40 02 50 02 60 02  ...... .0.@.P.`.
00003850: 70 02 80 02 90 02 a0 02 b0 02 c0 02 d0 02 e0 02  p...............
00003860: f0 02 00 03 10 03 20 03 30 03 40 03 50 03 60 03  ...... .0.@.P.`.
00003870: 70 03 80 03 90 03 a0 03 b0 03 c0 03 d0 03 e0 03  p...............
00003880: f0 03 ff 03 00 00 10 00 20 00 30 00 40 00 50 00  ........ .0.@.P.
00003890: 60 00 70 00 80 00 90 00 a0 00 b0 00 c0 00 d0 00  `.p.............
000038a0: e0 00 f0 00 00 01 10 01 20 01 30 01 40 01 50 01  ........ .0.@.P.
000038b0: 60 01 70 01 80 01 90 01 a0 01 b0 01 c0 01 d0 01  `.p.............
000038c0: e0 01 f0 01 00 02 10 02 20 02 30 02 40 02 50 02  ........ .0.@.P.
000038d0: 60 02 70 02 80 02 90 02 a0 02 b0 02 c0 02 d0 02  `.p.............
000038e0: e0 02 f0 02 00 03 10 03 20 03 30 03 40 03 50 03  ........ .0.@.P.
000038f0: 60 03 70 03 80 03 90 03 a0 03 b0 03 c0 03 d0 03  `.p.............
00003900: e0 03 f0 03 ff 03 00 00 10 00 20 00 30 00 40 00  .......... .0.@.
00003910: 50 00 60 00 70 00 80 00 90 00 a0 00 b0 00 c0 00  P.`.p...........
00003920: d0 00 e0 00 f0 00 00 01 10 01 20 01 30 01 40 01  .......... .0.@.
00003930: 50 01 60 01 70 01 80 01 90 01 a0 01 b0 01 c0 01  P.`.p...........
00003940: d0 01 e0 01 f0 01 00 02 10 02 20 02 30 02 40 02  .......... .0.@.
00003950: 50 02 60 02 70 02 80 02 90 02 a0 02 b0 02 c0 02  P.`.p...........
00003960: d0 02 e0 02 f0 02 00 03 10 03 20 03 30 03 40 03  .......... .0.@.
00003970: 50 03 60 03 70 03 80 03 90 03 a0 03 b0 03 c0 03  P.`.p...........
00003980: d0 03 e0 03 f0 03 ff 03 00 00 00 00 00 00 00 00  ................
00003990: 00 00 00 00 00 00 00 00 00 00 00 00 00 00 00 00  ................
000039a0: 00 00 00 00 00 00 00 00 00 00 00 00 00 00 00 00  ................
000039b0: 00 00 00 00 00 00 00 00 00 00 00 00 00 00 00 00  ................
000039c0: 00 00 00 00 00 00 00 00 00 00 00 00 00 00 00 00  ................
000039d0: 00 00 00 00 00 00 00 00 00 00 00 00 00 00 00 00  ................
000039e0: 00 00 00 00 00 00 00 00 00 00 00 00 00 00 00 00  ................
000039f0: 00 00 00 00 00 00 00 00 00 00 00 00 00 00 00 00  ................
00003a00: 00 00 00 00 00 00 00 00 00 00 00 00 00 00 00 00  ................
00003a10: 00 00 00 00 00 00 00 00 00 00 00 00 00 00 00 00  ................
00003a20: 00 00 00 00 00 00 00 00 00 00 00 00 00 00 00 00  ................
00003a30: 00 00 00 00 00 00 00 00 00 00 00 00 00 00 00 00  ................
00003a40: 00 00 00 00 00 00 00 00 00 00 00 00 00 00 00 00  ................
00003a50: 00 00 00 00 00 00 00 00 00 00 00 00 00 00 00 00  ................
00003a60: 00 00 00 00 00 00 00 00 00 00 00 00 00 00 00 00  ................
00003a70: 00 00 00 00 00 00 00 00 00 00 00 00 00 00 00 00  ................
00003a80: 00 00 00 00 00 00 00 00 00 00 00 00 00 00 00 00  ................
00003a90: 00 00 00 00 00 00 00 00 00 00 00 00 00 00 00 00  ................
00003aa0: 00 00 00 00 00 00 00 00 00 00 00 00 00 00 00 00  ................
00003ab0: 00 00 00 00 00 00 00 00 00 00 00 00 00 00 00 00  ................
00003ac0: 00 00 00 00 00 00 00 00 00 00 00 00 00 00 00 00  ................
00003ad0: 00 00 00 00 00 00 00 00 00 00 00 00 00 00 00 00  ................
00003ae0: 00 00 00 00 00 00 00 00 00 00 00 00 00 00 00 00  ................
00003af0: 00 00 00 00 00 00 00 00 00 00 00 00 00 00 00 00  ................
00003b00: 00 00 00 00 00 00 00 00 00 00 00 00 00 00 00 00  ................
00003b10: 40 00 00 00 00 00 00 00 00 00 00 00 00 00 00 00  @...............
00003b20: 00 00 00 00 00 00 00 00 00 00 00 00 00 00 00 00  ................
00003b30: 40 00 00 00 00 00 00 00 00 00 00 00 00 00 00 00  @...............
00003b40: 00 00 00 00 00 00 00 00 00 00 00 00 00 00 00 00  ................
00003b50: 40 00 00 00 00 00 00 00 00 00 00 00 00 00 00 00  @...............
00003b60: 00 00 00 00 00 00 00 00 00 00 00 00 00 00 00 00  ................
00003b70: 08 00 10 00 18 00 20 00 28 00 30 00 38 00 00 00  ...... .(.0.8...
00003b80: 00 00 00 00 00 00 00 00 00 00 00 00 00 00 00 00  ................
00003b90: 08 00 10 00 18 00 20 00 28 00 30 00 38 00 00 00  ...... .(.0.8...
00003ba0: 00 00 00 00 00 00 00 00 00 00 00 00 00 00 00 00  ................
00003bb0: 08 00 10 00 18 00 20 00 28 00 30 00 38 00 00 00  ...... .(.0.8...
00003bc0: 00 00 00 00 00 00 00 00 00 00 00 00 00 00 00 00  ................
00003bd0: 00 00 01 00 00 00 00 00 00 00 00 00 00 00 00 00  ................
00003be0: 00 00 00 00 00 00 00 00 10 00 20 00 30 00 40 00  .......... .0.@.
00003bf0: 50 00 60 00 70 00 80 00 90 00 a0 00 b0 00 c0 00  P.`.p...........
00003c00: d0 00 e0 00 f0 00 00 01 10 01 20 01 30 01 40 01  .......... .0.@.
00003c10: 50 01 60 01 70 01 80 01 90 01 a0 01 b0 01 c0 01  P.`.p...........
00003c20: d0 01 e0 01 f0 01 00 02 10 02 20 02 30 02 40 02  .......... .0.@.
00003c30: 50 02 60 02 70 02 80 02 90 02 a0 02 b0 02 c0 02  P.`.p...........
00003c40: d0 02 e0 02 f0 02 00 03 10 03 20 03 30 03 40 03  .......... .0.@.
00003c50: 50 03 60 03 70 03 80 03 90 03 a0 03 b0 03 c0 03  P.`.p...........
00003c60: d0 03 e0 03 f0 03 ff 03 00 00 10 00 20 00 30 00  ............ .0.
00003c70: 40 00 50 00 60 00 70 00 80 00 90 00 a0 00 b0 00  @.P.`.p.........
00003c80: c0 00 d0 00 e0 00 f0 00 00 01 10 01 20 01 30 01  ............ .0.
00003c90: 40 01 50 01 60 01 70 01 80 01 90 01 a0 01 b0 01  @.P.`.p.........
00003ca0: c0 01 d0 01 e0 01 f0 01 00 02 10 02 20 02 30 02  ............ .0.
00003cb0: 40 02 50 02 60 02 70 02 80 02 90 02 a0 02 b0 02  @.P.`.p.........
00003cc0: c0 02 d0 02 e0 02 f0 02 00 03 10 03 20 03 30 03  ............ .0.
00003cd0: 40 03 50 03 60 03 70 03 80 03 90 03 a0 03 b0 03  @.P.`.p.........
00003ce0: c0 03 d0 03 e0 03 f0 03 ff 03 00 00 10 00 20 00  .............. .
00003cf0: 30 00 40 00 50 00 60 00 70 00 80 00 90 00 a0 00  0.@.P.`.p.......
00003d00: b0 00 c0 00 d0 00 e0 00 f0 00 00 01 10 01 20 01  .............. .
00003d10: 30 01 40 01 50 01 60 01 70 01 80 01 90 01 a0 01  0.@.P.`.p.......
00003d20: b0 01 c0 01 d0 01 e0 01 f0 01 00 02 10 02 20 02  .............. .
00003d30: 30 02 40 02 50 02 60 02 70 02 80 02 90 02 a0 02  0.@.P.`.p.......
00003d40: b0 02 c0 02 d0 02 e0 02 f0 02 00 03 10 03 20 03  .............. .
00003d50: 30 03 40 03 50 03 60 03 70 03 80 03 90 03 a0 03  0.@.P.`.p.......
00003d60: b0 03 c0 03 d0 03 e0 03 f0 03 ff 03 00 00 10 00  ................
00003d70: 20 00 30 00 40 00 50 00 60 00 70 00 80 00 90 00   .0.@.P.`.p.....
00003d80: a0 00 b0 00 c0 00 d0 00 e0 00 f0 00 00 01 10 01  ................
00003d90: 20 01 30 01 40 01 50 01 60 01 70 01 80 01 90 01   .0.@.P.`.p.....
00003da0: a0 01 b0 01 c0 01 d0 01 e0 01 f0 01 00 02 10 02  ................
00003db0: 20 02 30 02 40 02 50 02 60 02 70 02 80 02 90 02   .0.@.P.`.p.....
00003dc0: a0 02 b0 02 c0 02 d0 02 e0 02 f0 02 00 03 10 03  ................
00003dd0: 20 03 30 03 40 03 50 03 60 03 70 03 80 03 90 03   .0.@.P.`.p.....
00003de0: a0 03 b0 03 c0 03 d0 03 e0 03 f0 03 ff 03 00 00  ................
00003df0: 10 00 20 00 30 00 40 00 50 00 60 00 70 00 80 00  .. .0.@.P.`.p...
00003e00: 90 00 a0 00 b0 00 c0 00 d0 00 e0 00 f0 00 00 01  ................
00003e10: 10 01 20 01 30 01 40 01 50 01 60 01 70 01 80 01  .. .0.@.P.`.p...
00003e20: 90 01 a0 01 b0 01 c0 01 d0 01 e0 01 f0 01 00 02  ................
00003e30: 10 02 20 02 30 02 40 02 50 02 60 02 70 02 80 02  .. .0.@.P.`.p...
00003e40: 90 02 a0 02 b0 02 c0 02 d0 02 e0 02 f0 02 00 03  ................
00003e50: 10 03 20 03 30 03 40 03 50 03 60 03 70 03 80 03  .. .0.@.P.`.p...
00003e60: 90 03 a0 03 b0 03 c0 03 d0 03 e0 03 f0 03 ff 03  ................
00003e70: 00 00 10 00 20 00 30 00 40 00 50 00 60 00 70 00  .... .0.@.P.`.p.
00003e80: 80 00 90 00 a0 00 b0 00 c0 00 d0 00 e0 00 f0 00  ................
00003e90: 00 01 10 01 20 01 30 01 40 01 50 01 60 01 70 01  .... .0.@.P.`.p.
00003ea0: 80 01 90 01 a0 01 b0 01 c0 01 d0 01 e0 01 f0 01  ................
00003eb0: 00 02 10 02 20 02 30 02 40 02 50 02 60 02 70 02  .... .0.@.P.`.p.
00003ec0: 80 02 90 02 a0 02 b0 02 c0 02 d0 02 e0 02 f0 02  ................
00003ed0: 00 03 10 03 20 03 30 03 40 03 50 03 60 03 70 03  .... .0.@.P.`.p.
00003ee0: 80 03 90 03 a0 03 b0 03 c0 03 d0 03 e0 03 f0 03  ................
00003ef0: ff 03 00 00 40 00 00 00 00 00 00 00 00 00 00 00  ....@...........
00003f00: 00 00 00 00 00 00 00 00 00 00 00 00 00 00 00 00  ................
00003f10: 00 00 00 00 40 00 00 00 00 00 00 00 00 00 00 00  ....@...........
00003f20: 00 00 00 00 00 00 00 00 00 00 00 00 00 00 00 00  ................
00003f30: 00 00 00 00 40 00 00 00 00 00 00 00 00 00 00 00  ....@...........
00003f40: 00 00 00 00 00 00 00 00 00 00 00 00 00 00 00 00  ................
00003f50: 00 00 00 00 08 00 10 00 18 00 20 00 28 00 30 00  .......... .(.0.
00003f60: 38 00 00 00 00 00 00 00 00 00 00 00 00 00 00 00  8...............
00003f70: 00 00 00 00 08 00 10 00 18 00 20 00 28 00 30 00  .......... .(.0.
00003f80: 38 00 00 00 00 00 00 00 00 00 00 00 00 00 00 00  8...............
00003f90: 00 00 00 00 08 00 10 00 18 00 20 00 28 00 30 00  .......... .(.0.
00003fa0: 38 00 00 00 00 00 00 00 00 00 00 00 00 00 00 00  8...............
00003fb0: 00 00 00 00 00 00 01 00 00 00 0b 00 58 2b 01 00  ............X+..
00003fc0: 01 00 04 00 01 00 03 00 03 00 01 00 18 00 00 00  ................
00003fd0: 00 00 82 ff 82 ff 82 ff 82 ff 80 ff 7e ff 7c ff  ............~.|.
00003fe0: 7a ff 78 ff 76 ff 74 ff 72 ff 70 ff 6e ff 6c ff  z.x.v.t.r.p.n.l.
00003ff0: 6a ff 68 ff 66 ff 64 ff 64 ff 62 ff 60 ff 5e ff  j.h.f.d.d.b.`.^.
00004000: 5c ff 5c ff 5a ff 58 ff 58 ff 56 ff 54 ff 54 ff  \.\.Z.X.X.V.T.T.
00004010: 52 ff 52 ff 50 ff 50 ff 4e ff 4e ff 4c ff 4c ff  R.R.P.P.N.N.L.L.
00004020: 4c ff 4a ff 4a ff 4a ff 4a ff 4a ff 4a ff 4a ff  L.J.J.J.J.J.J.J.
00004030: 4a ff 4a ff 4a ff 4a ff 4a ff 4a ff 4c ff 4c ff  J.J.J.J.J.J.L.L.
00004040: 4c ff 4e ff 4e ff 50 ff 50 ff 52 ff 54 ff 56 ff  L.N.N.P.P.R.T.V.
00004050: 58 ff 58 ff 5a ff 5c ff 5e ff 60 ff 64 ff 66 ff  X.X.Z.\.^.`.d.f.
00004060: 68 ff 6a ff 6c ff 70 ff 72 ff 74 ff 78 ff 7a ff  h.j.l.p.r.t.x.z.
00004070: 7c ff 80 ff 82 ff 86 ff 88 ff 8c ff 8e ff 92 ff  |...............
00004080: 96 ff 98 ff 9c ff 9e ff a2 ff a4 ff a8 ff ac ff  ................
00004090: ae ff b2 ff b4 ff b8 ff ba ff be ff c0 ff c4 ff  ................
000040a0: c6 ff ca ff cc ff d0 ff d2 ff d6 ff d8 ff da ff  ................
000040b0: de ff e0 ff e2 ff e4 ff e6 ff e8 ff ea ff ee ff  ................
000040c0: f0 ff f0 ff f2 ff f4 ff f6 ff f8 ff fa ff fc ff  ................
000040d0: fe ff 00 00 04 00 06 00 08 00 0c 00 0e 00 10 00  ................
000040e0: 14 00 16 00 18 00 1c 00 1e 00 22 00 24 00 26 00  ..........".$.&.
000040f0: 28 00 2c 00 2e 00 30 00 32 00 36 00 38 00 3a 00  (.,...0.2.6.8.:.
00004100: 3c 00 3e 00 40 00 44 00 46 00 48 00 4a 00 4c 00  <.>.@.D.F.H.J.L.
00004110: 4e 00 50 00 52 00 54 00 56 00 58 00 58 00 5a 00  N.P.R.T.V.X.X.Z.
00004120: 5c 00 5e 00 60 00 62 00 64 00 64 00 66 00 68 00  \.^.`.b.d.d.f.h.
00004130: 68 00 6a 00 6c 00 6c 00 6e 00 70 00 70 00 72 00  h.j.l.l.n.p.p.r.
00004140: 72 00 74 00 74 00 76 00 76 00 78 00 78 00 7a 00  r.t.t.v.v.x.x.z.
00004150: 7a 00 7c 00 7c 00 7c 00 7c 00 7e 00 7e 00 7e 00  z.|.|.|.|.~.~.~.
00004160: 7e 00 80 00 80 00 80 00 80 00 80 00 80 00 80 00  ~...............
00004170: 82 00 82 00 82 00 82 00 82 00 82 00 82 00 80 00  ................
00004180: 80 00 80 00 80 00 80 00 80 00 80 00 80 00 7e 00  ..............~.
00004190: 7e 00 7e 00 7e 00 7e 00 7c 00 7c 00 7c 00 7c 00  ~.~.~.~.|.|.|.|.
000041a0: 7a 00 7a 00 7a 00 7a 00 78 00 78 00 78 00 76 00  z.z.z.z.x.x.x.v.
000041b0: 76 00 76 00 74 00 74 00 74 00 72 00 72 00 70 00  v.v.t.t.t.r.r.p.
000041c0: 70 00 70 00 6e 00 6e 00 6e 00 6c 00 6c 00 6a 00  p.p.n.n.n.l.l.j.
000041d0: 6a 00 54 ff 54 ff 54 ff 54 ff 54 ff 54 ff 54 ff  j.T.T.T.T.T.T.T.
000041e0: 54 ff 54 ff 52 ff 52 ff 52 ff 50 ff 50 ff 50 ff  T.T.R.R.R.P.P.P.
000041f0: 4e ff 4e ff 4e ff 4c ff 4c ff 4c ff 4a ff 4a ff  N.N.N.L.L.L.J.J.
00004200: 4a ff 4a ff 48 ff 48 ff 48 ff 48 ff 48 ff 46 ff  J.J.H.H.H.H.H.F.
00004210: 46 ff 46 ff 46 ff 46 ff 46 ff 46 ff 46 ff 46 ff  F.F.F.F.F.F.F.F.
00004220: 46 ff 46 ff 46 ff 48 ff 48 ff 48 ff 48 ff 4a ff  F.F.F.H.H.H.H.J.
00004230: 4a ff 4a ff 4c ff 4c ff 4e ff 4e ff 50 ff 50 ff  J.J.L.L.N.N.P.P.
00004240: 52 ff 52 ff 54 ff 56 ff 58 ff 5a ff 5a ff 5c ff  R.R.T.V.X.Z.Z.\.
00004250: 5e ff 60 ff 64 ff 66 ff 68 ff 6a ff 6c ff 6e ff  ^.`.d.f.h.j.l.n.
00004260: 72 ff 74 ff 76 ff 7a ff 7c ff 80 ff 82 ff 86 ff  r.t.v.z.|.......
00004270: 88 ff 8a ff 8e ff 92 ff 94 ff 98 ff 9a ff 9e ff  ................
00004280: a0 ff a4 ff a6 ff aa ff ac ff b0 ff b4 ff b6 ff  ................
00004290: ba ff bc ff c0 ff c2 ff c6 ff c8 ff cc ff ce ff  ................
000042a0: d0 ff d4 ff d6 ff d8 ff dc ff de ff e0 ff e2 ff  ................
000042b0: e4 ff e8 ff ea ff ec ff ee ff ee ff f0 ff f2 ff  ................
000042c0: f4 ff f6 ff f8 ff f8 ff fa ff fc ff fe ff 00 00  ................
000042d0: 02 00 02 00 06 00 08 00 0a 00 0c 00 0e 00 10 00  ................
000042e0: 14 00 16 00 18 00 1a 00 1e 00 20 00 24 00 26 00  .......... .$.&.
000042f0: 28 00 2c 00 2e 00 30 00 32 00 36 00 38 00 3a 00  (.,...0.2.6.8.:.
00004300: 3c 00 40 00 42 00 44 00 46 00 48 00 4a 00 4c 00  <.@.B.D.F.H.J.L.
00004310: 4e 00 50 00 52 00 54 00 54 00 56 00 58 00 5a 00  N.P.R.T.T.V.X.Z.
00004320: 5c 00 5c 00 5e 00 60 00 60 00 62 00 64 00 64 00  \.\.^.`.`.b.d.d.
00004330: 66 00 66 00 68 00 6a 00 6a 00 6c 00 6c 00 6c 00  f.f.h.j.j.l.l.l.
00004340: 6e 00 6e 00 70 00 70 00 70 00 72 00 72 00 72 00  n.n.p.p.p.r.r.r.
00004350: 74 00 74 00 74 00 74 00 76 00 76 00 76 00 76 00  t.t.t.t.v.v.v.v.
00004360: 76 00 78 00 78 00 78 00 78 00 78 00 78 00 78 00  v.x.x.x.x.x.x.x.
00004370: 78 00 78 00 78 00 78 00 78 00 78 00 78 00 78 00  x.x.x.x.x.x.x.x.
00004380: 78 00 78 00 78 00 78 00 78 00 78 00 78 00 78 00  x.x.x.x.x.x.x.x.
00004390: 76 00 76 00 76 00 76 00 76 00 76 00 76 00 74 00  v.v.v.v.v.v.v.t.
000043a0: 74 00 74 00 74 00 74 00 74 00 72 00 72 00 72 00  t.t.t.t.t.r.r.r.
000043b0: 72 00 72 00 70 00 70 00 70 00 70 00 6e 00 6e 00  r.r.p.p.p.p.n.n.
000043c0: 6e 00 6e 00 6c 00 6c 00 6c 00 6c 00 6a 00 6a 00  n.n.l.l.l.l.j.j.
000043d0: 6a 00 02 00 3a 00 74 00 80 00 88 00 c6 00 fe 00  j...:.t.........
000043e0: ff 00 00 00 00 00 00 00 00 00 00 00 00 00 00 00  ................
000043f0: 00 00 06 00 3c 00 74 00 80 00 92 00 fc 00 ff 00  ....<.t.........
00004400: 00 00 00 00 00 00 00 00 00 00 00 00 00 00 00 00  ................
00004410: 00 00 03 00 06 00 01 00 03 00 02 00 01 00 18 00  ................
00004420: 00 00 01 00 70 ff 70 ff 70 ff 70 ff 6f ff 6f ff  ....p.p.p.p.o.o.
00004430: 6f ff 6f ff 6f ff 6e ff 6e ff 6e ff 6e ff 6e ff  o.o.o.n.n.n.n.n.
00004440: 6d ff 6d ff 6d ff 6d ff 6d ff 6c ff 6c ff 6c ff  m.m.m.m.m.l.l.l.
00004450: 6c ff 6c ff 6b ff 6b ff 6b ff 6b ff 6b ff 6b ff  l.l.k.k.k.k.k.k.
00004460: 6a ff 6a ff 6a ff 6a ff 6a ff 6a ff 6a ff 69 ff  j.j.j.j.j.j.j.i.
00004470: 69 ff 69 ff 69 ff 69 ff 69 ff 69 ff 69 ff 68 ff  i.i.i.i.i.i.i.h.
00004480: 68 ff 68 ff 68 ff 68 ff 68 ff 68 ff 68 ff 68 ff  h.h.h.h.h.h.h.h.
00004490: 68 ff 68 ff 68 ff 68 ff 69 ff 69 ff 69 ff 6a ff  h.h.h.h.i.i.i.j.
000044a0: 6a ff 6b ff 6b ff 6c ff 6d ff 6d ff 6e ff 6f ff  j.k.k.l.m.m.n.o.
000044b0: 70 ff 72 ff 73 ff 74 ff 76 ff 78 ff 79 ff 7b ff  p.r.s.t.v.x.y.{.
000044c0: 7d ff 7f ff 82 ff 84 ff 87 ff 89 ff 8c ff 8f ff  }...............
000044d0: 92 ff 96 ff 99 ff 9d ff a0 ff a4 ff a7 ff ab ff  ................
000044e0: af ff b3 ff b7 ff ba ff be ff c2 ff c5 ff c9 ff  ................
000044f0: cd ff d0 ff d3 ff d6 ff d9 ff dc ff df ff e2 ff  ................
00004500: e4 ff e6 ff e9 ff eb ff ed ff ee ff f0 ff f2 ff  ................
00004510: f3 ff f5 ff f6 ff f8 ff f9 ff fa ff fc ff fd ff  ................
00004520: fe ff ff ff 00 00 01 00 02 00 03 00 04 00 05 00  ................
00004530: 06 00 07 00 08 00 09 00 0a 00 0b 00 0d 00 0e 00  ................
00004540: 0f 00 10 00 11 00 13 00 14 00 15 00 17 00 18 00  ................
00004550: 1a 00 1c 00 1d 00 1f 00 21 00 23 00 26 00 28 00  ........!.#.&.(.
00004560: 2a 00 2d 00 30 00 33 00 36 00 39 00 3c 00 40 00  *.-.0.3.6.9.<.@.
00004570: 44 00 48 00 4c 00 50 00 55 00 59 00 5e 00 63 00  D.H.L.P.U.Y.^.c.
00004580: 67 00 6c 00 71 00 76 00 7a 00 7f 00 83 00 88 00  g.l.q.v.z.......
00004590: 8c 00 90 00 94 00 97 00 9b 00 9e 00 a1 00 a4 00  ................
000045a0: a6 00 a9 00 ab 00 ad 00 af 00 b1 00 b2 00 b4 00  ................
000045b0: b5 00 b6 00 b7 00 b8 00 b9 00 b9 00 ba 00 ba 00  ................
000045c0: ba 00 bb 00 bb 00 bb 00 bb 00 ba 00 ba 00 ba 00  ................
000045d0: ba 00 b9 00 b9 00 b8 00 b8 00 b7 00 b6 00 b6 00  ................
000045e0: b5 00 b4 00 b4 00 b3 00 b2 00 b2 00 b1 00 b0 00  ................
000045f0: b0 00 af 00 ae 00 ae 00 ad 00 ad 00 ac 00 ac 00  ................
00004600: ab 00 ab 00 aa 00 aa 00 a9 00 a9 00 a8 00 a8 00  ................
00004610: a8 00 a7 00 a7 00 a6 00 a6 00 a5 00 a5 00 a5 00  ................
00004620: a4 00 a4 00 90 ff 91 ff 91 ff 92 ff 92 ff 93 ff  ................
00004630: 93 ff 94 ff 94 ff 95 ff 95 ff 96 ff 96 ff 97 ff  ................
00004640: 97 ff 98 ff 98 ff 99 ff 99 ff 99 ff 9a ff 9a ff  ................
00004650: 9a ff 9b ff 9b ff 9b ff 9b ff 9c ff 9c ff 9c ff  ................
00004660: 9c ff 9c ff 9c ff 9c ff 9c ff 9c ff 9c ff 9c ff  ................
00004670: 9c ff 9c ff 9c ff 9c ff 9c ff 9b ff 9b ff 9b ff  ................
00004680: 9a ff 9a ff 99 ff 99 ff 98 ff 98 ff 97 ff 96 ff  ................
00004690: 96 ff 95 ff 94 ff 93 ff 93 ff 92 ff 91 ff 91 ff  ................
000046a0: 90 ff 90 ff 8f ff 8f ff 8f ff 8e ff 8e ff 8e ff  ................
000046b0: 8e ff 8f ff 8f ff 8f ff 90 ff 91 ff 92 ff 93 ff  ................
000046c0: 94 ff 96 ff 97 ff 99 ff 9b ff 9d ff 9f ff a2 ff  ................
000046d0: a4 ff a7 ff a9 ff ac ff af ff b2 ff b5 ff b8 ff  ................
000046e0: bb ff be ff c1 ff c4 ff c7 ff ca ff cd ff d0 ff  ................
000046f0: d3 ff d5 ff d8 ff db ff dd ff e0 ff e2 ff e4 ff  ................
00004700: e7 ff e9 ff eb ff ed ff ef ff f1 ff f2 ff f4 ff  ................
00004710: f5 ff f7 ff f8 ff f9 ff fb ff fc ff fd ff fe ff  ................
00004720: ff ff ff ff 00 00 01 00 01 00 02 00 02 00 03 00  ................
00004730: 04 00 05 00 06 00 07 00 08 00 0a 00 0b 00 0e 00  ................
00004740: 10 00 13 00 16 00 19 00 1d 00 21 00 25 00 29 00  ..........!.%.).
00004750: 2d 00 31 00 35 00 39 00 3d 00 41 00 45 00 49 00  -.1.5.9.=.A.E.I.
00004760: 4c 00 4f 00 52 00 54 00 57 00 59 00 5b 00 5c 00  L.O.R.T.W.Y.[.\.
00004770: 5e 00 5f 00 61 00 62 00 63 00 64 00 65 00 66 00  ^._.a.b.c.d.e.f.
00004780: 66 00 67 00 68 00 69 00 69 00 6a 00 6b 00 6b 00  f.g.h.i.i.j.k.k.
00004790: 6c 00 6d 00 6d 00 6e 00 6e 00 6f 00 6f 00 70 00  l.m.m.n.n.o.o.p.
000047a0: 70 00 70 00 71 00 71 00 71 00 72 00 72 00 72 00  p.p.q.q.q.r.r.r.
000047b0: 73 00 73 00 73 00 73 00 73 00 74 00 74 00 74 00  s.s.s.s.s.t.t.t.
000047c0: 74 00 74 00 74 00 74 00 74 00 74 00 75 00 75 00  t.t.t.t.t.t.u.u.
000047d0: 75 00 75 00 75 00 75 00 74 00 74 00 74 00 74 00  u.u.u.u.t.t.t.t.
000047e0: 74 00 74 00 74 00 74 00 74 00 74 00 73 00 73 00  t.t.t.t.t.t.s.s.
000047f0: 73 00 73 00 73 00 73 00 72 00 72 00 72 00 72 00  s.s.s.s.r.r.r.r.
00004800: 72 00 71 00 71 00 71 00 71 00 70 00 70 00 70 00  r.q.q.q.q.p.p.p.
00004810: 70 00 6f 00 6f 00 6f 00 6f 00 6e 00 6e 00 6e 00  p.o.o.o.o.n.n.n.
00004820: 6d 00 6d 00 00 00 2e 00 54 00 6a 00 80 00 92 00  m.m.....T.j.....
00004830: a6 00 b8 00 e4 00 ff 00 00 00 00 00 00 00 00 00  ................
00004840: 00 00 00 00 00 00 32 00 4e 00 68 00 76 00 80 00  ......2.N.h.v...
00004850: 8e 00 9e 00 ae 00 ff 00 00 00 00 00 00 00 00 00  ................
00004860: 00 00 00 00 03 00 06 00 01 00 03 00 02 00 01 00  ................
00004870: 18 00 00 00 01 00 54 ff 54 ff 54 ff 54 ff 53 ff  ......T.T.T.T.S.
00004880: 52 ff 51 ff 50 ff 50 ff 4f ff 4e ff 4d ff 4d ff  R.Q.P.P.O.N.M.M.
00004890: 4c ff 4b ff 4a ff 4a ff 49 ff 48 ff 48 ff 47 ff  L.K.J.J.I.H.H.G.
000048a0: 47 ff 46 ff 45 ff 45 ff 44 ff 44 ff 43 ff 43 ff  G.F.E.E.D.D.C.C.
000048b0: 43 ff 42 ff 42 ff 42 ff 41 ff 41 ff 41 ff 41 ff  C.B.B.B.A.A.A.A.
000048c0: 40 ff 40 ff 40 ff 40 ff 40 ff 40 ff 40 ff 41 ff  @.@.@.@.@.@.@.A.
000048d0: 41 ff 41 ff 41 ff 42 ff 42 ff 43 ff 43 ff 44 ff  A.A.A.B.B.C.C.D.
000048e0: 45 ff 46 ff 47 ff 48 ff 49 ff 4a ff 4b ff 4c ff  E.F.G.H.I.J.K.L.
000048f0: 4e ff 4f ff 51 ff 53 ff 55 ff 56 ff 59 ff 5b ff  N.O.Q.S.U.V.Y.[.
00004900: 5d ff 5f ff 62 ff 64 ff 67 ff 6a ff 6d ff 70 ff  ]._.b.d.g.j.m.p.
00004910: 74 ff 77 ff 7a ff 7e ff 82 ff 86 ff 89 ff 8d ff  t.w.z.~.........
00004920: 91 ff 95 ff 99 ff 9e ff a2 ff a6 ff aa ff ae ff  ................
00004930: b2 ff b6 ff ba ff be ff c2 ff c6 ff c9 ff cd ff  ................
00004940: d0 ff d4 ff d7 ff da ff dd ff e0 ff e3 ff e5 ff  ................
00004950: e8 ff ea ff ec ff ee ff f0 ff f1 ff f3 ff f4 ff  ................
00004960: f6 ff f7 ff f8 ff f9 ff fa ff fb ff fc ff fd ff  ................
00004970: fe ff ff ff ff ff 00 00 01 00 01 00 02 00 03 00  ................
00004980: 04 00 04 00 05 00 06 00 07 00 09 00 0a 00 0c 00  ................
00004990: 0e 00 10 00 12 00 14 00 17 00 1a 00 1d 00 21 00  ..............!.
000049a0: 25 00 29 00 2e 00 33 00 38 00 3e 00 44 00 4a 00  %.)...3.8.>.D.J.
000049b0: 50 00 56 00 5c 00 63 00 69 00 6f 00 75 00 7c 00  P.V.\.c.i.o.u.|.
000049c0: 82 00 87 00 8d 00 92 00 97 00 9c 00 a1 00 a5 00  ................
000049d0: a9 00 ad 00 b0 00 b3 00 b6 00 b9 00 bc 00 be 00  ................
000049e0: c0 00 c2 00 c4 00 c5 00 c6 00 c8 00 c8 00 c9 00  ................
000049f0: ca 00 ca 00 ca 00 ca 00 ca 00 ca 00 ca 00 c9 00  ................
00004a00: c9 00 c8 00 c7 00 c6 00 c5 00 c4 00 c3 00 c1 00  ................
00004a10: c0 00 be 00 bd 00 bb 00 ba 00 b8 00 b6 00 b4 00  ................
00004a20: b2 00 b1 00 af 00 ad 00 ab 00 a9 00 a7 00 a5 00  ................
00004a30: a3 00 a1 00 9f 00 9d 00 9c 00 9a 00 98 00 96 00  ................
00004a40: 94 00 92 00 91 00 8f 00 8d 00 8b 00 89 00 88 00  ................
00004a50: 86 00 84 00 82 00 81 00 7f 00 7d 00 7c 00 7a 00  ..........}.|.z.
00004a60: 78 00 76 00 75 00 73 00 71 00 70 00 6e 00 6c 00  x.v.u.s.q.p.n.l.
00004a70: 6a 00 69 00 66 00 60 ff 60 ff 60 ff 60 ff 60 ff  j.i.f.`.`.`.`.`.
00004a80: 61 ff 61 ff 61 ff 61 ff 61 ff 61 ff 61 ff 61 ff  a.a.a.a.a.a.a.a.
00004a90: 61 ff 60 ff 60 ff 60 ff 60 ff 60 ff 60 ff 60 ff  a.`.`.`.`.`.`.`.
00004aa0: 60 ff 5f ff 5f ff 5f ff 5f ff 5e ff 5e ff 5e ff  `._._._._.^.^.^.
00004ab0: 5d ff 5d ff 5c ff 5c ff 5b ff 5b ff 5a ff 5a ff  ].].\.\.[.[.Z.Z.
00004ac0: 59 ff 58 ff 58 ff 57 ff 56 ff 55 ff 54 ff 53 ff  Y.X.X.W.V.U.T.S.
00004ad0: 53 ff 52 ff 51 ff 50 ff 4f ff 4e ff 4e ff 4d ff  S.R.Q.P.O.N.N.M.
00004ae0: 4c ff 4b ff 4b ff 4a ff 4a ff 49 ff 49 ff 49 ff  L.K.K.J.J.I.I.I.
00004af0: 48 ff 48 ff 48 ff 48 ff 48 ff 49 ff 49 ff 4a ff  H.H.H.H.H.I.I.J.
00004b00: 4a ff 4b ff 4c ff 4d ff 4e ff 50 ff 51 ff 53 ff  J.K.L.M.N.P.Q.S.
00004b10: 55 ff 57 ff 59 ff 5c ff 5f ff 61 ff 64 ff 68 ff  U.W.Y.\._.a.d.h.
00004b20: 6b ff 6f ff 73 ff 77 ff 7c ff 80 ff 85 ff 8a ff  k.o.s.w.|.......
00004b30: 90 ff 95 ff 9b ff a1 ff a6 ff ac ff b2 ff b8 ff  ................
00004b40: bd ff c3 ff c8 ff cd ff d3 ff d7 ff dc ff e0 ff  ................
00004b50: e4 ff e8 ff eb ff ee ff f0 ff f3 ff f5 ff f7 ff  ................
00004b60: f9 ff fb ff fc ff fd ff fe ff ff ff 00 00 01 00  ................
00004b70: 02 00 03 00 03 00 04 00 05 00 05 00 06 00 07 00  ................
00004b80: 07 00 08 00 09 00 0a 00 0b 00 0c 00 0d 00 0e 00  ................
00004b90: 10 00 11 00 13 00 14 00 16 00 18 00 1a 00 1c 00  ................
00004ba0: 1f 00 21 00 24 00 26 00 29 00 2c 00 2f 00 32 00  ..!.$.&.).,./.2.
00004bb0: 35 00 37 00 3a 00 3d 00 40 00 43 00 46 00 49 00  5.7.:.=.@.C.F.I.
00004bc0: 4c 00 4f 00 51 00 54 00 56 00 59 00 5b 00 5d 00  L.O.Q.T.V.Y.[.].
00004bd0: 5f 00 61 00 63 00 65 00 66 00 68 00 69 00 6b 00  _.a.c.e.f.h.i.k.
00004be0: 6c 00 6d 00 6f 00 70 00 71 00 72 00 72 00 73 00  l.m.o.p.q.r.r.s.
00004bf0: 74 00 75 00 75 00 76 00 76 00 76 00 77 00 77 00  t.u.u.v.v.v.w.w.
00004c00: 77 00 77 00 77 00 77 00 77 00 77 00 77 00 77 00  w.w.w.w.w.w.w.w.
00004c10: 77 00 76 00 76 00 75 00 75 00 75 00 74 00 74 00  w.v.v.u.u.u.t.t.
00004c20: 73 00 72 00 72 00 71 00 70 00 70 00 6f 00 6e 00  s.r.r.q.p.p.o.n.
00004c30: 6d 00 6d 00 6c 00 6b 00 6a 00 69 00 68 00 67 00  m.m.l.k.j.i.h.g.
00004c40: 66 00 65 00 64 00 63 00 62 00 61 00 60 00 5f 00  f.e.d.c.b.a.`._.
00004c50: 5e 00 5d 00 5b 00 5a 00 59 00 58 00 57 00 56 00  ^.].[.Z.Y.X.W.V.
00004c60: 54 00 53 00 52 00 51 00 50 00 4e 00 4d 00 4c 00  T.S.R.Q.P.N.M.L.
00004c70: 4b 00 4a 00 48 00 02 00 26 00 4c 00 6a 00 80 00  K.J.H...&.L.j...
00004c80: 96 00 a8 00 dc 00 ff 00 00 00 00 00 00 00 00 00  ................
00004c90: 00 00 00 00 00 00 00 00 26 00 5a 00 6c 00 80 00  ........&.Z.l...
00004ca0: 92 00 a8 00 d8 00 ff 00 00 00 00 00 00 00 00 00  ................
00004cb0: 00 00 00 00 00 00 03 00 06 00 01 00 03 00 02 00  ................
00004cc0: 01 00 18 00 00 00 01 00 94 ff 92 ff 8f ff 8d ff  ................
00004cd0: 8b ff 88 ff 86 ff 84 ff 81 ff 7f ff 7c ff 7a ff  ............|.z.
00004ce0: 78 ff 76 ff 73 ff 71 ff 6f ff 6d ff 6b ff 69 ff  x.v.s.q.o.m.k.i.
00004cf0: 67 ff 65 ff 63 ff 61 ff 5f ff 5d ff 5b ff 59 ff  g.e.c.a._.].[.Y.
00004d00: 57 ff 56 ff 54 ff 53 ff 51 ff 50 ff 4e ff 4d ff  W.V.T.S.Q.P.N.M.
00004d10: 4c ff 4a ff 49 ff 48 ff 47 ff 46 ff 45 ff 45 ff  L.J.I.H.G.F.E.E.
00004d20: 44 ff 43 ff 43 ff 42 ff 42 ff 41 ff 41 ff 41 ff  D.C.C.B.B.A.A.A.
00004d30: 41 ff 41 ff 41 ff 41 ff 42 ff 42 ff 43 ff 43 ff  A.A.A.A.B.B.C.C.
00004d40: 44 ff 45 ff 46 ff 47 ff 48 ff 49 ff 4b ff 4c ff  D.E.F.G.H.I.K.L.
00004d50: 4e ff 50 ff 52 ff 54 ff 56 ff 58 ff 5b ff 5d ff  N.P.R.T.V.X.[.].
00004d60: 60 ff 63 ff 65 ff 69 ff 6c ff 6f ff 73 ff 76 ff  `.c.e.i.l.o.s.v.
00004d70: 7a ff 7e ff 82 ff 86 ff 8a ff 8e ff 93 ff 97 ff  z.~.............
00004d80: 9b ff a0 ff a4 ff a8 ff ad ff b1 ff b5 ff ba ff  ................
00004d90: be ff c2 ff c6 ff ca ff ce ff d2 ff d5 ff d9 ff  ................
00004da0: dc ff e0 ff e3 ff e5 ff e8 ff ea ff ed ff ef ff  ................
00004db0: f1 ff f3 ff f4 ff f6 ff f7 ff f8 ff fa ff fb ff  ................
00004dc0: fc ff fd ff fe ff ff ff 00 00 01 00 02 00 03 00  ................
00004dd0: 04 00 06 00 07 00 08 00 0a 00 0b 00 0d 00 0f 00  ................
00004de0: 11 00 13 00 16 00 18 00 1b 00 1e 00 20 00 24 00  ............ .$.
00004df0: 27 00 2a 00 2d 00 31 00 34 00 38 00 3c 00 3f 00  '.*.-.1.4.8.<.?.
00004e00: 43 00 47 00 4b 00 4f 00 52 00 56 00 5a 00 5d 00  C.G.K.O.R.V.Z.].
00004e10: 61 00 65 00 68 00 6b 00 6f 00 72 00 75 00 78 00  a.e.h.k.o.r.u.x.
00004e20: 7b 00 7d 00 80 00 82 00 84 00 86 00 88 00 8a 00  {.}.............
00004e30: 8b 00 8d 00 8e 00 8f 00 90 00 91 00 92 00 92 00  ................
00004e40: 93 00 94 00 94 00 94 00 94 00 94 00 94 00 94 00  ................
00004e50: 94 00 94 00 94 00 94 00 93 00 93 00 93 00 92 00  ................
00004e60: 92 00 91 00 91 00 90 00 90 00 8f 00 8f 00 8e 00  ................
00004e70: 8e 00 8d 00 8d 00 8c 00 8c 00 8c 00 8b 00 8b 00  ................
00004e80: 8b 00 8a 00 8a 00 8a 00 89 00 89 00 89 00 89 00  ................
00004e90: 89 00 89 00 88 00 88 00 88 00 88 00 88 00 88 00  ................
00004ea0: 88 00 88 00 88 00 88 00 88 00 88 00 88 00 88 00  ................
00004eb0: 88 00 88 00 88 00 88 00 88 00 88 00 88 00 88 00  ................
00004ec0: 88 00 88 00 88 00 88 00 90 ff 8e ff 8b ff 89 ff  ................
00004ed0: 86 ff 84 ff 82 ff 7f ff 7d ff 7a ff 78 ff 76 ff  ........}.z.x.v.
00004ee0: 73 ff 71 ff 6f ff 6c ff 6a ff 68 ff 66 ff 64 ff  s.q.o.l.j.h.f.d.
00004ef0: 62 ff 60 ff 5e ff 5c ff 5a ff 58 ff 56 ff 54 ff  b.`.^.\.Z.X.V.T.
00004f00: 53 ff 51 ff 4f ff 4e ff 4c ff 4b ff 49 ff 48 ff  S.Q.O.N.L.K.I.H.
00004f10: 47 ff 46 ff 45 ff 44 ff 43 ff 42 ff 41 ff 40 ff  G.F.E.D.C.B.A.@.
00004f20: 40 ff 3f ff 3f ff 3e ff 3e ff 3e ff 3e ff 3e ff  @.?.?.>.>.>.>.>.
00004f30: 3e ff 3e ff 3f ff 3f ff 40 ff 40 ff 41 ff 42 ff  >.>.?.?.@.@.A.B.
00004f40: 43 ff 44 ff 45 ff 46 ff 48 ff 4a ff 4b ff 4d ff  C.D.E.F.H.J.K.M.
00004f50: 4f ff 51 ff 53 ff 56 ff 58 ff 5b ff 5e ff 61 ff  O.Q.S.V.X.[.^.a.
00004f60: 64 ff 67 ff 6a ff 6e ff 71 ff 75 ff 79 ff 7d ff  d.g.j.n.q.u.y.}.
00004f70: 81 ff 85 ff 89 ff 8d ff 91 ff 95 ff 9a ff 9e ff  ................
00004f80: a2 ff a6 ff ab ff af ff b3 ff b7 ff bb ff bf ff  ................
00004f90: c3 ff c7 ff cb ff cf ff d3 ff d6 ff da ff dd ff  ................
00004fa0: e0 ff e3 ff e6 ff e9 ff eb ff ee ff f0 ff f2 ff  ................
00004fb0: f4 ff f6 ff f7 ff f8 ff fa ff fb ff fc ff fd ff  ................
00004fc0: fd ff fe ff ff ff ff ff 00 00 01 00 01 00 02 00  ................
00004fd0: 02 00 03 00 04 00 05 00 06 00 07 00 09 00 0a 00  ................
00004fe0: 0c 00 0e 00 10 00 13 00 16 00 19 00 1c 00 1f 00  ................
00004ff0: 23 00 26 00 2a 00 2e 00 32 00 36 00 3a 00 3e 00  #.&.*...2.6.:.>.
00005000: 42 00 46 00 4b 00 4f 00 53 00 57 00 5b 00 5f 00  B.F.K.O.S.W.[._.
00005010: 63 00 66 00 6a 00 6d 00 71 00 74 00 77 00 7a 00  c.f.j.m.q.t.w.z.
00005020: 7c 00 7e 00 81 00 83 00 84 00 86 00 87 00 88 00  |.~.............
00005030: 89 00 8a 00 8b 00 8b 00 8c 00 8c 00 8c 00 8c 00  ................
00005040: 8c 00 8c 00 8b 00 8b 00 8a 00 8a 00 89 00 88 00  ................
00005050: 87 00 86 00 85 00 84 00 83 00 82 00 81 00 7f 00  ................
00005060: 7e 00 7d 00 7b 00 7a 00 79 00 77 00 76 00 75 00  ~.}.{.z.y.w.v.u.
00005070: 74 00 72 00 71 00 70 00 6f 00 6e 00 6d 00 6c 00  t.r.q.p.o.n.m.l.
00005080: 6b 00 6a 00 69 00 68 00 67 00 66 00 66 00 65 00  k.j.i.h.g.f.f.e.
00005090: 64 00 63 00 63 00 62 00 61 00 61 00 60 00 60 00  d.c.c.b.a.a.`.`.
000050a0: 5f 00 5f 00 5e 00 5e 00 5d 00 5d 00 5c 00 5c 00  _._.^.^.].].\.\.
000050b0: 5b 00 5b 00 5b 00 5a 00 5a 00 59 00 59 00 59 00  [.[.[.Z.Z.Y.Y.Y.
000050c0: 58 00 58 00 58 00 58 00 00 00 50 00 70 00 80 00  X.X.X.X...P.p...
000050d0: 8c 00 ae 00 d4 00 fc 00 ff 00 00 00 00 00 00 00  ................
000050e0: 00 00 00 00 00 00 00 00 00 00 4a 00 72 00 80 00  ..........J.r...
000050f0: 8c 00 aa 00 d6 00 fc 00 ff 00 00 00 00 00 00 00  ................
00005100: 00 00 00 00 00 00 00 00 03 00 06 00 01 00 03 00  ................
00005110: 02 00 01 00 18 00 00 00 01 00 7f ff 7c ff 7a ff  ............|.z.
00005120: 77 ff 74 ff 72 ff 6f ff 6d ff 6a ff 68 ff 65 ff  w.t.r.o.m.j.h.e.
00005130: 63 ff 60 ff 5e ff 5b ff 59 ff 57 ff 54 ff 52 ff  c.`.^.[.Y.W.T.R.
00005140: 50 ff 4e ff 4c ff 4a ff 48 ff 46 ff 44 ff 42 ff  P.N.L.J.H.F.D.B.
00005150: 40 ff 3f ff 3d ff 3b ff 3a ff 38 ff 37 ff 36 ff  @.?.=.;.:.8.7.6.
00005160: 34 ff 33 ff 32 ff 31 ff 30 ff 2f ff 2f ff 2e ff  4.3.2.1.0././...
00005170: 2d ff 2d ff 2c ff 2c ff 2c ff 2b ff 2b ff 2b ff  -.-.,.,.,.+.+.+.
00005180: 2b ff 2c ff 2c ff 2c ff 2d ff 2d ff 2e ff 2f ff  +.,.,.,.-.-.../.
00005190: 2f ff 30 ff 31 ff 33 ff 34 ff 35 ff 37 ff 38 ff  /.0.1.3.4.5.7.8.
000051a0: 3a ff 3c ff 3e ff 40 ff 42 ff 45 ff 47 ff 4a ff  :.<.>.@.B.E.G.J.
000051b0: 4c ff 4f ff 52 ff 55 ff 58 ff 5c ff 5f ff 63 ff  L.O.R.U.X.\._.c.
000051c0: 66 ff 6a ff 6e ff 72 ff 77 ff 7b ff 7f ff 84 ff  f.j.n.r.w.{.....
000051d0: 89 ff 8e ff 93 ff 98 ff 9d ff a2 ff a7 ff ac ff  ................
000051e0: b1 ff b6 ff bb ff c0 ff c4 ff c9 ff cd ff d2 ff  ................
000051f0: d6 ff da ff de ff e1 ff e4 ff e7 ff ea ff ed ff  ................
00005200: ef ff f1 ff f3 ff f5 ff f6 ff f8 ff f9 ff fa ff  ................
00005210: fc ff fd ff fe ff ff ff 00 00 01 00 02 00 03 00  ................
00005220: 04 00 05 00 06 00 07 00 08 00 09 00 0a 00 0c 00  ................
00005230: 0d 00 0e 00 10 00 12 00 13 00 15 00 17 00 19 00  ................
00005240: 1c 00 1e 00 20 00 23 00 25 00 28 00 2b 00 2e 00  .... .#.%.(.+...
00005250: 31 00 33 00 36 00 39 00 3d 00 40 00 43 00 46 00  1.3.6.9.=.@.C.F.
00005260: 49 00 4c 00 4f 00 52 00 55 00 59 00 5c 00 5f 00  I.L.O.R.U.Y.\._.
00005270: 62 00 65 00 67 00 6a 00 6d 00 70 00 72 00 75 00  b.e.g.j.m.p.r.u.
00005280: 77 00 7a 00 7c 00 7e 00 80 00 82 00 84 00 86 00  w.z.|.~.........
00005290: 87 00 89 00 8a 00 8c 00 8d 00 8f 00 90 00 91 00  ................
000052a0: 92 00 93 00 94 00 95 00 96 00 96 00 97 00 98 00  ................
000052b0: 98 00 99 00 99 00 99 00 9a 00 9a 00 9a 00 9a 00  ................
000052c0: 9a 00 9a 00 9a 00 9a 00 9a 00 9a 00 9a 00 9a 00  ................
000052d0: 9a 00 9a 00 99 00 99 00 99 00 98 00 98 00 97 00  ................
000052e0: 97 00 97 00 96 00 96 00 95 00 94 00 94 00 93 00  ................
000052f0: 93 00 92 00 91 00 91 00 90 00 90 00 8f 00 8e 00  ................
00005300: 8d 00 8d 00 8c 00 8b 00 8b 00 8a 00 89 00 88 00  ................
00005310: 88 00 86 00 86 00 86 00 86 00 68 ff 68 ff 68 ff  ..........h.h.h.
00005320: 67 ff 65 ff 64 ff 62 ff 61 ff 5f ff 5e ff 5c ff  g.e.d.b.a._.^.\.
00005330: 5b ff 59 ff 58 ff 56 ff 55 ff 54 ff 52 ff 51 ff  [.Y.X.V.U.T.R.Q.
00005340: 50 ff 4e ff 4d ff 4c ff 4b ff 4a ff 48 ff 47 ff  P.N.M.L.K.J.H.G.
00005350: 46 ff 45 ff 44 ff 43 ff 43 ff 42 ff 41 ff 40 ff  F.E.D.C.C.B.A.@.
00005360: 40 ff 3f ff 3f ff 3e ff 3e ff 3d ff 3d ff 3d ff  @.?.?.>.>.=.=.=.
00005370: 3d ff 3c ff 3c ff 3d ff 3d ff 3d ff 3d ff 3d ff  =.<.<.=.=.=.=.=.
00005380: 3e ff 3e ff 3f ff 40 ff 40 ff 41 ff 42 ff 43 ff  >.>.?.@.@.A.B.C.
00005390: 44 ff 46 ff 47 ff 48 ff 4a ff 4b ff 4d ff 4f ff  D.F.G.H.J.K.M.O.
000053a0: 51 ff 53 ff 55 ff 57 ff 5a ff 5c ff 5f ff 61 ff  Q.S.U.W.Z.\._.a.
000053b0: 64 ff 67 ff 6a ff 6d ff 70 ff 73 ff 76 ff 79 ff  d.g.j.m.p.s.v.y.
000053c0: 7d ff 80 ff 83 ff 87 ff 8a ff 8d ff 91 ff 94 ff  }...............
000053d0: 98 ff 9b ff 9f ff a3 ff a6 ff aa ff ad ff b1 ff  ................
000053e0: b4 ff b8 ff bb ff bf ff c2 ff c5 ff c9 ff cc ff  ................
000053f0: cf ff d2 ff d5 ff d9 ff dc ff de ff e1 ff e4 ff  ................
00005400: e7 ff e9 ff ec ff ee ff f1 ff f3 ff f5 ff f7 ff  ................
00005410: f9 ff fb ff fc ff fe ff 00 00 01 00 02 00 03 00  ................
00005420: 04 00 05 00 06 00 07 00 08 00 09 00 0a 00 0b 00  ................
00005430: 0c 00 0d 00 0f 00 10 00 11 00 13 00 14 00 16 00  ................
00005440: 18 00 1a 00 1c 00 1e 00 20 00 23 00 25 00 28 00  ........ .#.%.(.
00005450: 2a 00 2d 00 2f 00 32 00 35 00 37 00 3a 00 3d 00  *.-./.2.5.7.:.=.
00005460: 3f 00 42 00 45 00 47 00 4a 00 4d 00 4f 00 51 00  ?.B.E.G.J.M.O.Q.
00005470: 54 00 56 00 58 00 5b 00 5d 00 5f 00 61 00 63 00  T.V.X.[.]._.a.c.
00005480: 65 00 66 00 68 00 6a 00 6c 00 6d 00 6f 00 70 00  e.f.h.j.l.m.o.p.
00005490: 72 00 73 00 74 00 76 00 77 00 78 00 79 00 7a 00  r.s.t.v.w.x.y.z.
000054a0: 7b 00 7c 00 7d 00 7e 00 7f 00 80 00 81 00 81 00  {.|.}.~.........
000054b0: 82 00 83 00 83 00 84 00 84 00 85 00 85 00 86 00  ................
000054c0: 86 00 86 00 87 00 87 00 87 00 87 00 87 00 88 00  ................
000054d0: 88 00 88 00 88 00 88 00 88 00 88 00 88 00 87 00  ................
000054e0: 87 00 87 00 87 00 87 00 87 00 86 00 86 00 86 00  ................
000054f0: 85 00 85 00 85 00 84 00 84 00 84 00 83 00 83 00  ................
00005500: 82 00 82 00 82 00 81 00 81 00 80 00 80 00 7f 00  ................
00005510: 7f 00 7e 00 7e 00 7d 00 7d 00 00 00 16 00 58 00  ..~.~.}.}.....X.
00005520: 6e 00 7e 00 90 00 b2 00 e0 00 fc 00 ff 00 00 00  n.~.............
00005530: 00 00 00 00 00 00 00 00 00 00 02 00 44 00 74 00  ............D.t.
00005540: 7e 00 90 00 a8 00 dc 00 fe 00 ff 00 00 00 00 00  ~...............
00005550: 00 00 00 00 00 00 00 00 00 00 03 00 06 00 01 00  ................
00005560: 03 00 02 00 01 00 18 00 00 00 01 00 94 ff 93 ff  ................
00005570: 92 ff 91 ff 90 ff 8f ff 8e ff 8d ff 8c ff 8b ff  ................
00005580: 8a ff 89 ff 88 ff 87 ff 86 ff 85 ff 84 ff 83 ff  ................
00005590: 82 ff 81 ff 80 ff 7f ff 7e ff 7d ff 7c ff 7b ff  ........~.}.|.{.
000055a0: 7a ff 79 ff 78 ff 77 ff 76 ff 74 ff 73 ff 72 ff  z.y.x.w.v.t.s.r.
000055b0: 71 ff 70 ff 6f ff 6e ff 6d ff 6c ff 6b ff 6a ff  q.p.o.n.m.l.k.j.
000055c0: 69 ff 68 ff 67 ff 66 ff 64 ff 63 ff 62 ff 61 ff  i.h.g.f.d.c.b.a.
000055d0: 61 ff 60 ff 5f ff 5e ff 5d ff 5c ff 5c ff 5b ff  a.`._.^.].\.\.[.
000055e0: 5a ff 5a ff 59 ff 59 ff 59 ff 58 ff 58 ff 58 ff  Z.Z.Y.Y.Y.X.X.X.
000055f0: 58 ff 58 ff 58 ff 58 ff 59 ff 59 ff 59 ff 5a ff  X.X.X.X.Y.Y.Y.Z.
00005600: 5b ff 5b ff 5c ff 5d ff 5e ff 60 ff 61 ff 63 ff  [.[.\.].^.`.a.c.
00005610: 64 ff 66 ff 68 ff 6a ff 6c ff 6f ff 71 ff 74 ff  d.f.h.j.l.o.q.t.
00005620: 77 ff 7a ff 7d ff 80 ff 84 ff 88 ff 8c ff 90 ff  w.z.}...........
00005630: 94 ff 99 ff 9d ff a2 ff a8 ff ad ff b3 ff b9 ff  ................
00005640: bf ff c5 ff cb ff d1 ff d7 ff dc ff e1 ff e6 ff  ................
00005650: e9 ff ed ff f0 ff f3 ff f5 ff f7 ff f9 ff fa ff  ................
00005660: fb ff fc ff fd ff fe ff ff ff 00 00 01 00 02 00  ................
00005670: 04 00 05 00 06 00 08 00 09 00 0b 00 0d 00 0e 00  ................
00005680: 10 00 12 00 15 00 17 00 1a 00 1c 00 1f 00 22 00  ..............".
00005690: 25 00 29 00 2c 00 2f 00 33 00 37 00 3a 00 3e 00  %.).,./.3.7.:.>.
000056a0: 42 00 46 00 4a 00 4d 00 51 00 55 00 59 00 5c 00  B.F.J.M.Q.U.Y.\.
000056b0: 60 00 63 00 67 00 6a 00 6d 00 70 00 73 00 76 00  `.c.g.j.m.p.s.v.
000056c0: 79 00 7c 00 7e 00 81 00 83 00 85 00 87 00 89 00  y.|.~...........
000056d0: 8b 00 8d 00 8f 00 91 00 92 00 94 00 95 00 97 00  ................
000056e0: 98 00 99 00 9a 00 9c 00 9d 00 9e 00 9f 00 a0 00  ................
000056f0: a0 00 a1 00 a2 00 a3 00 a3 00 a4 00 a4 00 a5 00  ................
00005700: a5 00 a6 00 a6 00 a7 00 a7 00 a7 00 a8 00 a8 00  ................
00005710: a8 00 a8 00 a8 00 a8 00 a8 00 a8 00 a8 00 a8 00  ................
00005720: a8 00 a8 00 a8 00 a8 00 a8 00 a8 00 a7 00 a7 00  ................
00005730: a7 00 a7 00 a6 00 a6 00 a6 00 a5 00 a5 00 a4 00  ................
00005740: a4 00 a3 00 a3 00 a2 00 a2 00 a1 00 a1 00 a0 00  ................
00005750: a0 00 9f 00 9f 00 9e 00 9d 00 9d 00 9c 00 9b 00  ................
00005760: 9b 00 9a 00 99 00 99 00 99 00 99 00 a0 ff 9d ff  ................
00005770: 9a ff 97 ff 94 ff 90 ff 8d ff 8a ff 87 ff 84 ff  ................
00005780: 81 ff 7e ff 7b ff 78 ff 75 ff 72 ff 70 ff 6d ff  ..~.{.x.u.r.p.m.
00005790: 6a ff 67 ff 65 ff 62 ff 60 ff 5d ff 5b ff 59 ff  j.g.e.b.`.].[.Y.
000057a0: 56 ff 54 ff 52 ff 50 ff 4e ff 4d ff 4b ff 49 ff  V.T.R.P.N.M.K.I.
000057b0: 48 ff 46 ff 45 ff 44 ff 43 ff 42 ff 41 ff 40 ff  H.F.E.D.C.B.A.@.
000057c0: 3f ff 3f ff 3e ff 3e ff 3e ff 3e ff 3e ff 3e ff  ?.?.>.>.>.>.>.>.
000057d0: 3e ff 3f ff 40 ff 40 ff 41 ff 43 ff 44 ff 45 ff  >.?.@.@.A.C.D.E.
000057e0: 47 ff 49 ff 4b ff 4d ff 4f ff 52 ff 54 ff 57 ff  G.I.K.M.O.R.T.W.
000057f0: 5a ff 5d ff 61 ff 64 ff 68 ff 6c ff 6f ff 73 ff  Z.].a.d.h.l.o.s.
00005800: 77 ff 7b ff 80 ff 84 ff 88 ff 8c ff 91 ff 95 ff  w.{.............
00005810: 99 ff 9d ff a2 ff a6 ff aa ff ae ff b2 ff b6 ff  ................
00005820: ba ff bd ff c1 ff c4 ff c8 ff cb ff ce ff d1 ff  ................
00005830: d4 ff d7 ff d9 ff dc ff de ff e1 ff e3 ff e5 ff  ................
00005840: e7 ff e9 ff eb ff ec ff ee ff ef ff f1 ff f2 ff  ................
00005850: f3 ff f5 ff f6 ff f7 ff f8 ff f9 ff fa ff fb ff  ................
00005860: fc ff fd ff fe ff fe ff ff ff 00 00 01 00 02 00  ................
00005870: 03 00 05 00 06 00 07 00 08 00 0a 00 0b 00 0d 00  ................
00005880: 0e 00 10 00 12 00 14 00 16 00 18 00 1a 00 1d 00  ................
00005890: 1f 00 22 00 25 00 28 00 2b 00 2e 00 31 00 35 00  ..".%.(.+...1.5.
000058a0: 38 00 3c 00 3f 00 43 00 47 00 4a 00 4e 00 52 00  8.<.?.C.G.J.N.R.
000058b0: 56 00 59 00 5d 00 61 00 65 00 68 00 6c 00 70 00  V.Y.].a.e.h.l.p.
000058c0: 73 00 77 00 7a 00 7e 00 81 00 84 00 87 00 8a 00  s.w.z.~.........
000058d0: 8d 00 90 00 93 00 95 00 98 00 9a 00 9c 00 9e 00  ................
000058e0: a0 00 a1 00 a3 00 a4 00 a6 00 a7 00 a8 00 a8 00  ................
000058f0: a9 00 aa 00 aa 00 ab 00 ab 00 ab 00 ab 00 ab 00  ................
00005900: aa 00 aa 00 a9 00 a9 00 a8 00 a7 00 a6 00 a5 00  ................
00005910: a4 00 a2 00 a1 00 9f 00 9e 00 9c 00 9a 00 98 00  ................
00005920: 96 00 94 00 92 00 90 00 8e 00 8c 00 89 00 87 00  ................
00005930: 84 00 82 00 80 00 7d 00 7b 00 78 00 76 00 73 00  ......}.{.x.v.s.
00005940: 71 00 6f 00 6c 00 6a 00 68 00 66 00 64 00 62 00  q.o.l.j.h.f.d.b.
00005950: 60 00 5e 00 5d 00 5b 00 5a 00 59 00 57 00 56 00  `.^.].[.Z.Y.W.V.
00005960: 56 00 55 00 54 00 54 00 54 00 54 00 00 00 26 00  V.U.T.T.T.T...&.
00005970: 4c 00 68 00 70 00 7e 00 8e 00 a4 00 c4 00 fa 00  L.h.p.~.........
00005980: fc 00 ff 00 00 00 00 00 00 00 00 00 00 00 40 00  ..............@.
00005990: 5a 00 6c 00 80 00 90 00 b6 00 d8 00 fe 00 ff 00  Z.l.............
000059a0: 00 00 00 00 00 00 00 00 00 00 00 00 01 00 04 00  ................
000059b0: 01 00 04 00 02 00 01 00 18 00 00 00 01 00 a4 ff  ................
000059c0: a3 ff a2 ff a0 ff 9f ff 9e ff 9c ff 9b ff 9a ff  ................
000059d0: 98 ff 97 ff 96 ff 95 ff 94 ff 92 ff 91 ff 90 ff  ................
000059e0: 8f ff 8e ff 8d ff 8c ff 8b ff 8b ff 8a ff 89 ff  ................
000059f0: 88 ff 88 ff 87 ff 86 ff 86 ff 85 ff 85 ff 85 ff  ................
00005a00: 84 ff 84 ff 84 ff 84 ff 84 ff 84 ff 84 ff 85 ff  ................
00005a10: 85 ff 85 ff 86 ff 86 ff 87 ff 88 ff 89 ff 89 ff  ................
00005a20: 8a ff 8b ff 8c ff 8d ff 8e ff 90 ff 91 ff 92 ff  ................
00005a30: 94 ff 95 ff 97 ff 98 ff 9a ff 9b ff 9d ff 9f ff  ................
00005a40: a1 ff a2 ff a4 ff a6 ff a8 ff aa ff ac ff ae ff  ................
00005a50: b0 ff b3 ff b5 ff b7 ff b9 ff bc ff be ff c0 ff  ................
00005a60: c3 ff c5 ff c7 ff ca ff cc ff ce ff d1 ff d3 ff  ................
00005a70: d5 ff d7 ff da ff dc ff de ff e0 ff e2 ff e4 ff  ................
00005a80: e6 ff e8 ff ea ff eb ff ed ff ef ff f0 ff f2 ff  ................
00005a90: f3 ff f4 ff f5 ff f6 ff f7 ff f8 ff f9 ff fa ff  ................
00005aa0: fb ff fb ff fc ff fd ff fd ff fe ff fe ff fe ff  ................
00005ab0: ff ff ff ff ff ff ff ff 00 00 00 00 00 00 00 00  ................
00005ac0: 00 00 00 00 00 00 00 00 00 00 00 00 00 00 01 00  ................
00005ad0: 01 00 01 00 01 00 02 00 02 00 03 00 03 00 04 00  ................
00005ae0: 05 00 06 00 07 00 08 00 0a 00 0b 00 0d 00 0f 00  ................
00005af0: 11 00 13 00 15 00 17 00 19 00 1c 00 1e 00 20 00  .............. .
00005b00: 23 00 25 00 28 00 2a 00 2c 00 2e 00 30 00 33 00  #.%.(.*.,...0.3.
00005b10: 35 00 36 00 38 00 3a 00 3c 00 3d 00 3f 00 40 00  5.6.8.:.<.=.?.@.
00005b20: 41 00 43 00 44 00 45 00 46 00 47 00 48 00 48 00  A.C.D.E.F.G.H.H.
00005b30: 49 00 4a 00 4a 00 4b 00 4c 00 4c 00 4c 00 4d 00  I.J.J.K.L.L.L.M.
00005b40: 4d 00 4d 00 4e 00 4e 00 4e 00 4e 00 4e 00 4e 00  M.M.N.N.N.N.N.N.
00005b50: 4e 00 4e 00 4e 00 4e 00 4e 00 4e 00 4e 00 4e 00  N.N.N.N.N.N.N.N.
00005b60: 4d 00 4d 00 4d 00 4d 00 4d 00 4c 00 4c 00 4c 00  M.M.M.M.M.L.L.L.
00005b70: 4c 00 4b 00 4b 00 4b 00 4a 00 4a 00 4a 00 49 00  L.K.K.K.J.J.J.I.
00005b80: 49 00 49 00 48 00 48 00 48 00 47 00 47 00 46 00  I.I.H.H.H.G.G.F.
00005b90: 46 00 46 00 45 00 45 00 44 00 44 00 43 00 43 00  F.F.E.E.D.D.C.C.
00005ba0: 43 00 42 00 42 00 41 00 41 00 40 00 40 00 3f 00  C.B.B.A.A.@.@.?.
00005bb0: 3f 00 3e 00 3e 00 3d 00 3d 00 3d 00 3c 00 f1 ff  ?.>.>.=.=.=.<...
00005bc0: f1 ff f1 ff f1 ff f1 ff f1 ff f1 ff f1 ff f0 ff  ................
00005bd0: f0 ff f0 ff f0 ff f0 ff f0 ff f0 ff ef ff ef ff  ................
00005be0: ef ff ef ff ef ff ef ff ef ff ee ff ee ff ee ff  ................
00005bf0: ee ff ee ff ee ff ee ff ed ff ed ff ed ff ed ff  ................
00005c00: ed ff ed ff ed ff ed ff ed ff ed ff ec ff ec ff  ................
00005c10: ec ff ec ff ec ff ec ff ec ff ec ff ec ff ec ff  ................
00005c20: ec ff ec ff ec ff ec ff ec ff ec ff ec ff ec ff  ................
00005c30: ec ff ec ff ec ff ec ff ec ff ec ff ec ff ec ff  ................
00005c40: ec ff ec ff ec ff ec ff ec ff ec ff ec ff ec ff  ................
00005c50: ed ff ed ff ed ff ed ff ed ff ed ff ed ff ed ff  ................
00005c60: ee ff ee ff ee ff ee ff ee ff ef ff ef ff ef ff  ................
00005c70: ef ff ef ff f0 ff f0 ff f0 ff f1 ff f1 ff f1 ff  ................
00005c80: f1 ff f2 ff f2 ff f2 ff f3 ff f3 ff f4 ff f4 ff  ................
00005c90: f4 ff f5 ff f5 ff f6 ff f6 ff f6 ff f7 ff f7 ff  ................
00005ca0: f8 ff f8 ff f9 ff f9 ff fa ff fa ff fb ff fc ff  ................
00005cb0: fc ff fd ff fe ff fe ff ff ff 00 00 01 00 02 00  ................
00005cc0: 03 00 04 00 05 00 06 00 07 00 08 00 09 00 0a 00  ................
00005cd0: 0b 00 0b 00 0c 00 0d 00 0e 00 0e 00 0f 00 10 00  ................
00005ce0: 10 00 11 00 11 00 12 00 12 00 12 00 13 00 13 00  ................
00005cf0: 14 00 14 00 14 00 15 00 15 00 15 00 15 00 16 00  ................
00005d00: 16 00 16 00 16 00 16 00 17 00 17 00 17 00 17 00  ................
00005d10: 17 00 17 00 17 00 17 00 17 00 18 00 18 00 18 00  ................
00005d20: 18 00 18 00 18 00 18 00 18 00 18 00 17 00 17 00  ................
00005d30: 17 00 17 00 17 00 17 00 17 00 17 00 17 00 17 00  ................
00005d40: 17 00 16 00 16 00 16 00 16 00 16 00 16 00 16 00  ................
00005d50: 15 00 15 00 15 00 15 00 15 00 14 00 14 00 14 00  ................
00005d60: 14 00 14 00 14 00 13 00 13 00 13 00 13 00 13 00  ................
00005d70: 12 00 12 00 12 00 12 00 11 00 11 00 11 00 11 00  ................
00005d80: 11 00 11 00 10 00 10 00 10 00 10 00 10 00 0f 00  ................
00005d90: 0f 00 0f 00 0f 00 0f 00 0f 00 0f 00 0e 00 0e 00  ................
00005da0: 0e 00 0e 00 0e 00 0e 00 0e 00 0e 00 0e 00 0e 00  ................
00005db0: 0d 00 0d 00 0d 00 0d 00 0d 00 0d 00 0d 00 00 00  ................
00005dc0: 26 00 4a 00 66 00 80 00 94 00 a8 00 d2 00 ff 00  &.J.f...........
00005dd0: 00 00 00 00 00 00 00 00 00 00 00 00 00 00 02 00  ................
00005de0: 74 00 7e 00 86 00 9a 00 fe 00 ff 00 00 00 00 00  t.~.............
00005df0: 00 00 00 00 00 00 00 00 00 00 00 00 00 00 03 00  ................
00005e00: 06 00 01 00 05 00 02 00 01 00 18 00 00 00 01 00  ................
00005e10: 80 ff 80 ff 80 ff 80 ff 80 ff 81 ff 81 ff 81 ff  ................
00005e20: 81 ff 82 ff 82 ff 82 ff 82 ff 83 ff 83 ff 83 ff  ................
00005e30: 84 ff 84 ff 84 ff 84 ff 85 ff 85 ff 85 ff 86 ff  ................
00005e40: 86 ff 86 ff 87 ff 87 ff 87 ff 88 ff 88 ff 88 ff  ................
00005e50: 89 ff 89 ff 89 ff 8a ff 8a ff 8a ff 8b ff 8b ff  ................
00005e60: 8b ff 8c ff 8c ff 8d ff 8d ff 8d ff 8e ff 8e ff  ................
00005e70: 8f ff 8f ff 8f ff 90 ff 90 ff 91 ff 91 ff 92 ff  ................
00005e80: 92 ff 93 ff 93 ff 94 ff 94 ff 95 ff 95 ff 96 ff  ................
00005e90: 96 ff 97 ff 98 ff 98 ff 99 ff 9a ff 9a ff 9b ff  ................
00005ea0: 9c ff 9d ff 9e ff 9f ff a0 ff a1 ff a3 ff a4 ff  ................
00005eb0: a5 ff a7 ff a9 ff aa ff ac ff ae ff b0 ff b2 ff  ................
00005ec0: b4 ff b7 ff b9 ff bc ff be ff c1 ff c4 ff c7 ff  ................
00005ed0: ca ff ce ff d1 ff d5 ff d8 ff dc ff df ff e2 ff  ................
00005ee0: e6 ff e9 ff ec ff ef ff f2 ff f5 ff f8 ff fa ff  ................
00005ef0: fc ff fe ff ff ff 01 00 02 00 03 00 04 00 04 00  ................
00005f00: 05 00 05 00 05 00 05 00 05 00 04 00 04 00 04 00  ................
00005f10: 03 00 03 00 02 00 01 00 01 00 00 00 00 00 ff ff  ................
00005f20: ff ff ff ff ff ff ff ff ff ff ff ff 00 00 01 00  ................
00005f30: 02 00 03 00 04 00 06 00 07 00 09 00 0b 00 0d 00  ................
00005f40: 0f 00 11 00 13 00 15 00 18 00 1a 00 1c 00 1e 00  ................
00005f50: 20 00 22 00 24 00 26 00 27 00 29 00 2a 00 2c 00   .".$.&.'.).*.,.
00005f60: 2d 00 2e 00 30 00 31 00 32 00 33 00 33 00 34 00  -...0.1.2.3.3.4.
00005f70: 35 00 36 00 36 00 37 00 37 00 38 00 38 00 38 00  5.6.6.7.7.8.8.8.
00005f80: 38 00 39 00 39 00 39 00 39 00 39 00 39 00 39 00  8.9.9.9.9.9.9.9.
00005f90: 39 00 39 00 39 00 39 00 39 00 39 00 39 00 39 00  9.9.9.9.9.9.9.9.
00005fa0: 39 00 39 00 39 00 39 00 38 00 38 00 38 00 38 00  9.9.9.9.8.8.8.8.
00005fb0: 38 00 38 00 38 00 37 00 37 00 37 00 37 00 37 00  8.8.8.7.7.7.7.7.
00005fc0: 37 00 36 00 36 00 36 00 36 00 36 00 35 00 35 00  7.6.6.6.6.6.5.5.
00005fd0: 35 00 35 00 35 00 34 00 34 00 34 00 34 00 34 00  5.5.5.4.4.4.4.4.
00005fe0: 34 00 33 00 33 00 33 00 33 00 33 00 33 00 32 00  4.3.3.3.3.3.3.2.
00005ff0: 32 00 32 00 32 00 32 00 32 00 32 00 32 00 32 00  2.2.2.2.2.2.2.2.
00006000: 31 00 31 00 31 00 31 00 31 00 31 00 31 00 31 00  1.1.1.1.1.1.1.1.
00006010: 00 00 00 00 00 00 00 00 00 00 00 00 00 00 00 00  ................
00006020: 00 00 00 00 00 00 00 00 00 00 00 00 00 00 00 00  ................
00006030: 00 00 00 00 00 00 00 00 00 00 00 00 00 00 00 00  ................
00006040: 00 00 00 00 00 00 00 00 00 00 00 00 00 00 00 00  ................
00006050: 00 00 00 00 00 00 00 00 00 00 00 00 00 00 00 00  ................
00006060: 00 00 00 00 00 00 00 00 00 00 00 00 00 00 00 00  ................
00006070: 00 00 00 00 00 00 00 00 00 00 00 00 00 00 00 00  ................
00006080: 00 00 00 00 00 00 00 00 00 00 00 00 00 00 00 00  ................
00006090: 00 00 00 00 00 00 00 00 00 00 00 00 00 00 00 00  ................
000060a0: 00 00 00 00 00 00 00 00 00 00 00 00 00 00 00 00  ................
000060b0: 00 00 00 00 00 00 00 00 00 00 00 00 00 00 00 00  ................
000060c0: 00 00 00 00 00 00 00 00 00 00 00 00 00 00 00 00  ................
000060d0: 00 00 00 00 00 00 00 00 00 00 00 00 00 00 00 00  ................
000060e0: 00 00 00 00 00 00 00 00 00 00 00 00 00 00 00 00  ................
000060f0: 00 00 00 00 00 00 00 00 00 00 00 00 00 00 00 00  ................
00006100: 00 00 00 00 00 00 00 00 00 00 00 00 00 00 00 00  ................
00006110: 00 00 00 00 00 00 00 00 00 00 00 00 00 00 00 00  ................
00006120: 00 00 00 00 00 00 00 00 00 00 00 00 00 00 00 00  ................
00006130: 00 00 00 00 00 00 00 00 00 00 00 00 00 00 00 00  ................
00006140: 00 00 00 00 00 00 00 00 00 00 00 00 00 00 00 00  ................
00006150: 00 00 00 00 00 00 00 00 00 00 00 00 00 00 00 00  ................
00006160: 00 00 00 00 00 00 00 00 00 00 00 00 00 00 00 00  ................
00006170: 00 00 00 00 00 00 00 00 00 00 00 00 00 00 00 00  ................
00006180: 00 00 00 00 00 00 00 00 00 00 00 00 00 00 00 00  ................
00006190: 00 00 00 00 00 00 00 00 00 00 00 00 00 00 00 00  ................
000061a0: 00 00 00 00 00 00 00 00 00 00 00 00 00 00 00 00  ................
000061b0: 00 00 00 00 00 00 00 00 00 00 00 00 00 00 00 00  ................
000061c0: 00 00 00 00 00 00 00 00 00 00 00 00 00 00 00 00  ................
000061d0: 00 00 00 00 00 00 00 00 00 00 00 00 00 00 00 00  ................
000061e0: 00 00 00 00 00 00 00 00 00 00 00 00 00 00 00 00  ................
000061f0: 00 00 00 00 00 00 00 00 00 00 00 00 00 00 00 00  ................
00006200: 00 00 00 00 00 00 00 00 00 00 00 00 00 00 00 00  ................
00006210: 04 00 3c 00 5e 00 70 00 7e 00 8e 00 a2 00 c4 00  ..<.^.p.~.......
00006220: fe 00 ff 00 00 00 00 00 00 00 00 00 00 00 00 00  ................
00006230: 00 00 ff 00 00 00 00 00 00 00 00 00 00 00 00 00  ................
00006240: 00 00 00 00 00 00 00 00 00 00 00 00 00 00 00 00  ................
00006250: 03 00 06 00 01 00 05 00 02 00 01 00 18 00 00 00  ................
00006260: 01 00 fa ff fa ff fa ff f8 ff f4 ff f2 ff ee ff  ................
00006270: ec ff e8 ff e4 ff e2 ff de ff dc ff d8 ff d6 ff  ................
00006280: d2 ff d0 ff ce ff ca ff c8 ff c6 ff c2 ff c0 ff  ................
00006290: be ff bc ff ba ff b8 ff b6 ff b4 ff b2 ff b0 ff  ................
000062a0: ae ff ac ff ac ff aa ff aa ff a8 ff a8 ff a6 ff  ................
000062b0: a6 ff a6 ff a6 ff a4 ff a4 ff a6 ff a6 ff a6 ff  ................
000062c0: a6 ff a8 ff a8 ff aa ff aa ff ac ff ac ff ae ff  ................
000062d0: b0 ff b2 ff b2 ff b4 ff b6 ff b8 ff ba ff bc ff  ................
000062e0: be ff c0 ff c2 ff c2 ff c4 ff c6 ff c8 ff ca ff  ................
000062f0: cc ff ce ff d0 ff d0 ff d2 ff d4 ff d6 ff d6 ff  ................
00006300: d8 ff da ff da ff dc ff dc ff de ff e0 ff e0 ff  ................
00006310: e2 ff e2 ff e2 ff e4 ff e4 ff e6 ff e6 ff e8 ff  ................
00006320: e8 ff e8 ff ea ff ea ff ec ff ec ff ec ff ee ff  ................
00006330: ee ff ee ff f0 ff f0 ff f2 ff f2 ff f4 ff f4 ff  ................
00006340: f4 ff f6 ff f6 ff f8 ff f8 ff fa ff fa ff fa ff  ................
00006350: fc ff fc ff fe ff fe ff 00 00 00 00 00 00 02 00  ................
00006360: 02 00 02 00 04 00 04 00 06 00 06 00 06 00 08 00  ................
00006370: 08 00 08 00 0a 00 0a 00 0a 00 0c 00 0c 00 0e 00  ................
00006380: 0e 00 0e 00 10 00 10 00 12 00 12 00 12 00 14 00  ................
00006390: 14 00 16 00 16 00 18 00 18 00 18 00 1a 00 1a 00  ................
000063a0: 1c 00 1c 00 1e 00 1e 00 20 00 22 00 22 00 24 00  ........ .".".$.
000063b0: 24 00 26 00 28 00 28 00 2a 00 2a 00 2c 00 2e 00  $.&.(.(.*.*.,...
000063c0: 2e 00 30 00 32 00 34 00 34 00 36 00 38 00 3a 00  ..0.2.4.4.6.8.:.
000063d0: 3c 00 3e 00 40 00 40 00 42 00 44 00 46 00 48 00  <.>.@.@.B.D.F.H.
000063e0: 4a 00 4c 00 4e 00 50 00 52 00 54 00 56 00 56 00  J.L.N.P.R.T.V.V.
000063f0: 58 00 5a 00 5a 00 5c 00 5c 00 5c 00 5c 00 5e 00  X.Z.Z.\.\.\.\.^.
00006400: 5c 00 5c 00 5c 00 5c 00 5a 00 5a 00 58 00 56 00  \.\.\.\.Z.Z.X.V.
00006410: 54 00 52 00 50 00 4e 00 4c 00 4a 00 48 00 44 00  T.R.P.N.L.J.H.D.
00006420: 42 00 40 00 3c 00 3a 00 36 00 34 00 30 00 2e 00  B.@.<.:.6.4.0...
00006430: 2a 00 28 00 24 00 22 00 20 00 1c 00 1a 00 16 00  *.(.$.". .......
00006440: 14 00 12 00 10 00 0c 00 0a 00 08 00 06 00 04 00  ................
00006450: 02 00 02 00 00 00 00 00 fe ff fe ff fe ff fc ff  ................
00006460: fc ff 00 00 00 00 00 00 00 00 00 00 00 00 00 00  ................
00006470: 00 00 00 00 00 00 00 00 00 00 00 00 00 00 00 00  ................
00006480: 00 00 00 00 00 00 00 00 00 00 00 00 00 00 00 00  ................
00006490: 00 00 00 00 00 00 00 00 00 00 00 00 00 00 00 00  ................
000064a0: 00 00 00 00 00 00 00 00 00 00 00 00 00 00 00 00  ................
000064b0: 00 00 00 00 00 00 00 00 00 00 00 00 00 00 00 00  ................
000064c0: 00 00 00 00 00 00 00 00 00 00 00 00 00 00 00 00  ................
000064d0: 00 00 00 00 00 00 00 00 00 00 00 00 00 00 00 00  ................
000064e0: 00 00 00 00 00 00 00 00 00 00 00 00 00 00 00 00  ................
000064f0: 00 00 00 00 00 00 00 00 00 00 00 00 00 00 00 00  ................
00006500: 00 00 00 00 00 00 00 00 00 00 00 00 00 00 00 00  ................
00006510: 00 00 00 00 00 00 00 00 00 00 00 00 00 00 00 00  ................
00006520: 00 00 00 00 00 00 00 00 00 00 00 00 00 00 00 00  ................
00006530: 00 00 00 00 00 00 00 00 00 00 00 00 00 00 00 00  ................
00006540: 00 00 00 00 00 00 00 00 00 00 00 00 00 00 00 00  ................
00006550: 00 00 00 00 00 00 00 00 00 00 00 00 00 00 00 00  ................
00006560: 00 00 00 00 00 00 00 00 00 00 00 00 00 00 00 00  ................
00006570: 00 00 00 00 00 00 00 00 00 00 00 00 00 00 00 00  ................
00006580: 00 00 00 00 00 00 00 00 00 00 00 00 00 00 00 00  ................
00006590: 00 00 00 00 00 00 00 00 00 00 00 00 00 00 00 00  ................
000065a0: 00 00 00 00 00 00 00 00 00 00 00 00 00 00 00 00  ................
000065b0: 00 00 00 00 00 00 00 00 00 00 00 00 00 00 00 00  ................
000065c0: 00 00 00 00 00 00 00 00 00 00 00 00 00 00 00 00  ................
000065d0: 00 00 00 00 00 00 00 00 00 00 00 00 00 00 00 00  ................
000065e0: 00 00 00 00 00 00 00 00 00 00 00 00 00 00 00 00  ................
000065f0: 00 00 00 00 00 00 00 00 00 00 00 00 00 00 00 00  ................
00006600: 00 00 00 00 00 00 00 00 00 00 00 00 00 00 00 00  ................
00006610: 00 00 00 00 00 00 00 00 00 00 00 00 00 00 00 00  ................
00006620: 00 00 00 00 00 00 00 00 00 00 00 00 00 00 00 00  ................
00006630: 00 00 00 00 00 00 00 00 00 00 00 00 00 00 00 00  ................
00006640: 00 00 00 00 00 00 00 00 00 00 00 00 00 00 00 00  ................
00006650: 00 00 00 00 00 00 00 00 00 00 00 00 00 00 00 00  ................
00006660: 00 00 02 00 2a 00 4a 00 68 00 80 00 8a 00 9c 00  ....*.J.h.......
00006670: ba 00 ce 00 fe 00 ff 00 00 00 00 00 00 00 00 00  ................
00006680: 00 00 00 00 ff 00 00 00 00 00 00 00 00 00 00 00  ................
00006690: 00 00 00 00 00 00 00 00 00 00 00 00 00 00 00 00  ................
000066a0: 00 00 01 00 04 00 01 00 05 00 02 00 01 00 18 00  ................
000066b0: 00 00 01 00 00 00 00 00 fe ff fe ff fc ff fa ff  ................
000066c0: fa ff f8 ff f6 ff f6 ff f4 ff f4 ff f2 ff f0 ff  ................
000066d0: f0 ff ee ff ec ff ec ff ea ff ea ff e8 ff e6 ff  ................
000066e0: e6 ff e4 ff e4 ff e2 ff e2 ff e0 ff e0 ff de ff  ................
000066f0: de ff dc ff dc ff da ff da ff d8 ff d8 ff d6 ff  ................
00006700: d6 ff d6 ff d4 ff d4 ff d4 ff d4 ff d2 ff d2 ff  ................
00006710: d2 ff d2 ff d0 ff d0 ff d0 ff d0 ff d0 ff d0 ff  ................
00006720: d0 ff d0 ff d0 ff d0 ff d0 ff d2 ff d2 ff d2 ff  ................
00006730: d2 ff d2 ff d2 ff d4 ff d4 ff d4 ff d4 ff d6 ff  ................
00006740: d6 ff d6 ff d8 ff d8 ff d8 ff da ff da ff dc ff  ................
00006750: dc ff dc ff de ff de ff e0 ff e0 ff e0 ff e2 ff  ................
00006760: e2 ff e4 ff e4 ff e6 ff e6 ff e8 ff e8 ff ea ff  ................
00006770: ea ff ea ff ec ff ec ff ee ff ee ff f0 ff f0 ff  ................
00006780: f2 ff f2 ff f2 ff f4 ff f4 ff f4 ff f6 ff f6 ff  ................
00006790: f8 ff f8 ff f8 ff f8 ff fa ff fa ff fa ff fc ff  ................
000067a0: fc ff fc ff fc ff fe ff fe ff fe ff fe ff fe ff  ................
000067b0: 00 00 00 00 00 00 00 00 00 00 00 00 02 00 02 00  ................
000067c0: 02 00 02 00 04 00 04 00 04 00 04 00 04 00 06 00  ................
000067d0: 06 00 06 00 08 00 08 00 08 00 0a 00 0a 00 0a 00  ................
000067e0: 0c 00 0c 00 0c 00 0e 00 0e 00 0e 00 10 00 10 00  ................
000067f0: 12 00 12 00 12 00 14 00 14 00 16 00 16 00 16 00  ................
00006800: 18 00 18 00 1a 00 1a 00 1a 00 1c 00 1c 00 1e 00  ................
00006810: 1e 00 1e 00 20 00 20 00 22 00 22 00 22 00 24 00  .... . .".".".$.
00006820: 24 00 24 00 26 00 26 00 26 00 26 00 28 00 28 00  $.$.&.&.&.&.(.(.
00006830: 28 00 28 00 2a 00 2a 00 2a 00 2a 00 2c 00 2c 00  (.(.*.*.*.*.,.,.
00006840: 2c 00 2c 00 2c 00 2c 00 2c 00 2c 00 2c 00 2c 00  ,.,.,.,.,.,.,.,.
00006850: 2c 00 2c 00 2c 00 2c 00 2c 00 2c 00 2c 00 2c 00  ,.,.,.,.,.,.,.,.
00006860: 2c 00 2a 00 2a 00 2a 00 2a 00 2a 00 28 00 28 00  ,.*.*.*.*.*.(.(.
00006870: 28 00 26 00 26 00 24 00 24 00 24 00 22 00 22 00  (.&.&.$.$.$.".".
00006880: 20 00 20 00 1e 00 1e 00 1c 00 1a 00 1a 00 18 00   . .............
00006890: 18 00 16 00 16 00 14 00 12 00 12 00 10 00 0e 00  ................
000068a0: 0e 00 0c 00 0a 00 0a 00 08 00 06 00 06 00 04 00  ................
000068b0: 02 00 00 00 00 00 00 00 00 00 00 00 00 00 00 00  ................
000068c0: 00 00 00 00 00 00 00 00 00 00 00 00 00 00 00 00  ................
000068d0: 00 00 00 00 00 00 00 00 00 00 00 00 00 00 00 00  ................
000068e0: 00 00 00 00 00 00 00 00 00 00 00 00 00 00 00 00  ................
000068f0: 00 00 00 00 00 00 00 00 00 00 00 00 00 00 00 00  ................
00006900: 00 00 00 00 00 00 00 00 00 00 00 00 00 00 00 00  ................
00006910: 00 00 00 00 00 00 00 00 00 00 00 00 00 00 00 00  ................
00006920: 00 00 00 00 00 00 00 00 00 00 00 00 00 00 00 00  ................
00006930: 00 00 00 00 00 00 00 00 00 00 00 00 00 00 00 00  ................
00006940: 00 00 00 00 00 00 00 00 00 00 00 00 00 00 00 00  ................
00006950: 00 00 00 00 00 00 00 00 00 00 00 00 00 00 00 00  ................
00006960: 00 00 00 00 00 00 00 00 00 00 00 00 00 00 00 00  ................
00006970: 00 00 00 00 00 00 00 00 00 00 00 00 00 00 00 00  ................
00006980: 00 00 00 00 00 00 00 00 00 00 00 00 00 00 00 00  ................
00006990: 00 00 00 00 00 00 00 00 00 00 00 00 00 00 00 00  ................
000069a0: 00 00 00 00 00 00 00 00 00 00 00 00 00 00 00 00  ................
000069b0: 00 00 00 00 00 00 00 00 00 00 00 00 00 00 00 00  ................
000069c0: 00 00 00 00 00 00 00 00 00 00 00 00 00 00 00 00  ................
000069d0: 00 00 00 00 00 00 00 00 00 00 00 00 00 00 00 00  ................
000069e0: 00 00 00 00 00 00 00 00 00 00 00 00 00 00 00 00  ................
000069f0: 00 00 00 00 00 00 00 00 00 00 00 00 00 00 00 00  ................
00006a00: 00 00 00 00 00 00 00 00 00 00 00 00 00 00 00 00  ................
00006a10: 00 00 00 00 00 00 00 00 00 00 00 00 00 00 00 00  ................
00006a20: 00 00 00 00 00 00 00 00 00 00 00 00 00 00 00 00  ................
00006a30: 00 00 00 00 00 00 00 00 00 00 00 00 00 00 00 00  ................
00006a40: 00 00 00 00 00 00 00 00 00 00 00 00 00 00 00 00  ................
00006a50: 00 00 00 00 00 00 00 00 00 00 00 00 00 00 00 00  ................
00006a60: 00 00 00 00 00 00 00 00 00 00 00 00 00 00 00 00  ................
00006a70: 00 00 00 00 00 00 00 00 00 00 00 00 00 00 00 00  ................
00006a80: 00 00 00 00 00 00 00 00 00 00 00 00 00 00 00 00  ................
00006a90: 00 00 00 00 00 00 00 00 00 00 00 00 00 00 00 00  ................
00006aa0: 00 00 00 00 00 00 00 00 00 00 00 00 00 00 00 00  ................
00006ab0: 00 00 00 00 00 00 14 00 30 00 70 00 8c 00 d6 00  ........0.p.....
00006ac0: ea 00 ff 00 00 00 00 00 00 00 00 00 00 00 00 00  ................
00006ad0: 00 00 00 00 00 00 ff 00 00 00 00 00 00 00 00 00  ................
00006ae0: 00 00 00 00 00 00 00 00 00 00 00 00 00 00 00 00  ................
00006af0: 00 00 00 00 08 00 02 00 01 00 fe ff ff ff ff ff  ................
00006b00: 08 00 ff ff ff ff 40 00 28 00 1e 00 0a 00 b4 00  ......@.(.......
00006b10: 32 00 0c 00 ce 00 01 00 01 00 00 00 10 00 fe 03  2...............
00006b20: ff 03 00 00 00 00 40 00 40 00 40 00 01 00 00 00  ......@.@.@.....
00006b30: 10 00 00 02 ff 03 00 00 00 00 41 00 41 00 41 00  ..........A.A.A.
00006b40: 01 00 00 00 10 00 00 02 ff 03 00 00 00 00 40 00  ..............@.
00006b50: 40 00 40 00 01 00 00 00 10 00 00 02 ff 03 00 00  @.@.............
00006b60: 00 00 40 00 40 00 40 00 01 00 00 00 10 00 00 02  ..@.@.@.........
00006b70: ff 03 00 00 00 00 3c 00 3c 00 3c 00 01 00 00 00  ......<.<.<.....
00006b80: 10 00 00 02 ff 03 00 00 00 00 3a 00 3a 00 3a 00  ..........:.:.:.
00006b90: 01 00 00 00 10 00 00 02 ff 03 00 00 00 00 3a 00  ..............:.
00006ba0: 3a 00 3a 00 01 00 00 00 10 00 00 02 ff 03 00 00  :.:.............
00006bb0: 00 00 3c 00 3c 00 3c 00 01 00 00 00 10 00 00 02  ..<.<.<.........
00006bc0: ff 03 00 00 00 00 32 00 32 00 32 00 01 00 00 00  ......2.2.2.....
00006bd0: f0 00 00 02 ff 03 00 00 00 00 32 00 40 00 40 00  ..........2.@.@.
00006be0: 0d 00 40 00 01 00 40 00 00 00 10 00 10 00 20 00  ..@...@....... .
00006bf0: 10 00 10 00 20 00 10 00 10 00 20 00 10 00 10 00  .... ..... .....
00006c00: 20 00 08 00 10 00 20 00 10 00 10 00 20 00 10 00   ..... ..... ...
00006c10: 10 00 20 00 10 00 10 00 20 00 04 00 01 00 20 00  .. ..... ..... .
00006c20: 0e 00 06 00 00 00 0f 00 0e 00 44 00 fb ff 42 00  ..........D...B.
00006c30: 00 00 01 00 10 00 5c 10 01 00 00 00 78 00 01 00  ......\.....x...
00006c40: 01 00 01 00 5a 00 01 00 00 00 01 00 32 00 01 00  ....Z.......2...
00006c50: 00 00 01 00 32 00 01 00 00 00 01 00 32 00 01 00  ....2.......2...
00006c60: 00 00 01 00 32 00 01 00 01 00 01 00 32 00 01 00  ....2.......2...
00006c70: 01 00 01 00 32 00 01 00 01 00 01 00 32 00 01 00  ....2.......2...
00006c80: 01 00 01 00 48 00 01 00 01 00 00 00 00 00 00 00  ....H...........
00006c90: 00 00 00 00 00 00 00 00 00 00 00 00 00 00 00 00  ................
00006ca0: 00 00 00 00 00 00 00 00 00 00 00 00 00 00 00 00  ................
00006cb0: 00 00 00 00 00 00 00 00 00 00 00 00 00 00 00 00  ................
00006cc0: 00 00 00 00 00 00 00 00 00 00 00 00 00 00 00 00  ................
00006cd0: 00 00 00 00 00 00 00 00 00 00 00 00 00 00 00 00  ................
00006ce0: 00 00 00 00 00 00 00 00 00 00 00 00 00 00 00 00  ................
00006cf0: 00 00 00 00 00 00 00 00 00 00 00 00 00 00 00 00  ................
00006d00: 00 00 00 00 00 00 00 00 00 00 00 00 00 00 00 00  ................
00006d10: 00 00 00 00 00 00 00 00 00 00 00 00 00 00 00 00  ................
00006d20: 00 00 00 00 00 00 00 00 00 00 00 00 00 00 00 00  ................
00006d30: 00 00 00 00 00 00 00 00 00 00 00 00 00 00 00 00  ................
00006d40: 00 00 00 00 00 00 00 00 00 00 00 00 00 00 00 00  ................
00006d50: 00 00 00 00 00 00 00 00 00 00 00 00 00 00 00 00  ................
00006d60: 00 00 00 00 00 00 00 00 00 00 00 00 00 00 00 00  ................
00006d70: 00 00 00 00 00 00 00 00 00 00 00 00 00 00 00 00  ................
00006d80: 00 00 00 00 00 00 00 00 00 00 00 00 00 00 00 00  ................
00006d90: 00 00 00 00 00 00 00 00 00 00 00 00 00 00 00 00  ................
00006da0: 00 00 00 00 00 00 00 00 00 00 00 00 00 00 00 00  ................
00006db0: 00 00 00 00 00 00 00 00 00 00 00 00 00 00 00 00  ................
00006dc0: 00 00 00 00 00 00 00 00 00 00 00 00 00 00 00 00  ................
00006dd0: 00 00 00 00 00 00 00 00 00 00 00 00 00 00 00 00  ................
00006de0: 00 00 00 00 00 00 00 00 00 00 00 00 00 00 00 00  ................
00006df0: 00 00 00 00 00 00 00 00 00 00 00 00 00 00 00 00  ................
00006e00: 00 00 00 00 00 00 00 00 00 00 00 00 00 00 00 00  ................
00006e10: 00 00 00 00 00 00 00 00 00 00 00 00 00 00 00 00  ................
00006e20: 00 00 00 00 00 00 00 00 00 00 00 00 00 00 00 00  ................
00006e30: 00 00 00 00 00 00 00 00 00 00 00 00 00 00 00 00  ................
00006e40: 00 00 00 00 00 00 00 00 00 00 00 00 00 00 00 00  ................
00006e50: 00 00 00 00 00 00 00 00 00 00 00 00 00 00 00 00  ................
00006e60: 00 00 00 00 00 00 00 00 00 00 00 00 00 00 00 00  ................
00006e70: 00 00 00 00 00 00 00 00 00 00 00 00 00 00 00 00  ................
00006e80: 00 00 00 00 00 00 00 00 00 00 00 00 00 00 00 00  ................
00006e90: 00 00 00 00 00 00 00 00 00 00 00 00 00 00 00 00  ................
00006ea0: 00 00 00 00 00 00 00 00 00 00 00 00 00 00 00 00  ................
00006eb0: 00 00 00 00 00 00 00 00 00 00 00 00 00 00 00 00  ................
00006ec0: 00 00 00 00 00 00 00 00 00 00 00 00 00 00 00 00  ................
00006ed0: 00 00 00 00 00 00 00 00 00 00 00 00 00 00 00 00  ................
00006ee0: 00 00 00 00 00 00 00 00 00 00 00 00 00 00 00 00  ................
00006ef0: 00 00 00 00 00 00 00 00 00 00 00 00 00 00 00 00  ................
00006f00: 00 00 00 00 00 00 00 00 00 00 00 00 00 00 00 00  ................
00006f10: 00 00 00 00 00 00 00 00 00 00 00 00 00 00 00 00  ................
00006f20: 00 00 00 00 00 00 00 00 00 00 00 00 00 00 00 00  ................
00006f30: 00 00 00 00 00 00 00 00 00 00 00 00 00 00 00 00  ................
00006f40: 00 00 00 00 00 00 00 00 00 00 00 00 00 00 00 00  ................
00006f50: 00 00 00 00 00 00 00 00 00 00 00 00 00 00 00 00  ................
00006f60: 00 00 00 00 00 00 00 00 00 00 00 00 00 00 00 00  ................
00006f70: 00 00 00 00 00 00 00 00 00 00 00 00 00 00 00 00  ................
00006f80: 00 00 00 00 00 00 00 00 00 00 00 00 00 00 00 00  ................
00006f90: 00 00 00 00 00 00 00 00 00 00 00 00 00 00 00 00  ................
00006fa0: 00 00 00 00 00 00 00 00 00 00 00 00 00 00 00 00  ................
00006fb0: 00 00 00 00 00 00 00 00 00 00 00 00 00 00 00 00  ................
00006fc0: 00 00 00 00 00 00 00 00 00 00 00 00 00 00 00 00  ................
00006fd0: 00 00 00 00 00 00 00 00 00 00 00 00 00 00 00 00  ................
00006fe0: 00 00 00 00 00 00 00 00 00 00 00 00 00 00 00 00  ................
00006ff0: 00 00 00 00 00 00 00 00 00 00 00 00 00 00 00 00  ................
00007000: 00 00 00 00 00 00 00 00 00 00 00 00 00 00 00 00  ................
00007010: 00 00 00 00 00 00 00 00 00 00 00 00 00 00 00 00  ................
00007020: 00 00 00 00 00 00 00 00 00 00 00 00 00 00 00 00  ................
00007030: 00 00 00 00 00 00 00 00 00 00 00 00 00 00 00 00  ................
00007040: 00 00 00 00 00 00 00 00 00 00 00 00 00 00 00 00  ................
00007050: 00 00 00 00 00 00 00 00 00 00 00 00 00 00 00 00  ................
00007060: 00 00 00 00 00 00 00 00 00 00 00 00 00 00 00 00  ................
00007070: 00 00 00 00 00 00 00 00 00 00 00 00 00 00 00 00  ................
00007080: 00 00 00 00 00 00 00 00 00 00 00 00 00 00 00 00  ................
00007090: 00 00 00 00 00 00 00 00 00 00 00 00 00 00 00 00  ................
000070a0: 00 00 00 00 00 00 00 00 00 00 00 00 00 00 00 00  ................
000070b0: 00 00 00 00 00 00 00 00 00 00 00 00 00 00 00 00  ................
000070c0: 00 00 00 00 00 00 00 00 00 00 00 00 00 00 00 00  ................
000070d0: 00 00 00 00 00 00 00 00 00 00 00 00 00 00 00 00  ................
000070e0: 00 00 00 00 00 00 00 00 00 00 00 00 00 00 00 00  ................
000070f0: 00 00 00 00 00 00 00 00 00 00 00 00 00 00 00 00  ................
00007100: 00 00 00 00 00 00 00 00 00 00 00 00 00 00 00 00  ................
00007110: 00 00 00 00 00 00 00 00 00 00 00 00 00 00 00 00  ................
00007120: 00 00 00 00 00 00 00 00 00 00 00 00 00 00 00 00  ................
00007130: 00 00 00 00 00 00 00 00 00 00 00 00 00 00 00 00  ................
00007140: 00 00 00 00 00 00 00 00 00 00 00 00 00 00 00 00  ................
00007150: 00 00 00 00 00 00 00 00 00 00 00 00 00 00 00 00  ................
00007160: 00 00 00 00 00 00 00 00 00 00 00 00 00 00 00 00  ................
00007170: 00 00 00 00 00 00 00 00 00 00 00 00 00 00 00 00  ................
00007180: 00 00 00 00 00 00 00 00 00 00 00 00 00 00 00 00  ................
00007190: 00 00 00 00 00 00 00 00 00 00 00 00 00 00 00 00  ................
000071a0: 00 00 00 00 00 00 00 00 00 00 00 00 00 00 00 00  ................
000071b0: 00 00 00 00 00 00 00 00 00 00 00 00 00 00 00 00  ................
000071c0: 00 00 00 00 00 00 00 00 00 00 00 00 00 00 00 00  ................
000071d0: 00 00 00 00 00 00 00 00 00 00 00 00 00 00 00 00  ................
000071e0: 00 00 00 00 00 00 00 00 00 00 00 00 00 00 00 00  ................
000071f0: 00 00 00 00 00 00 00 00 00 00 00 00 00 00 00 00  ................
00007200: 00 00 00 00 00 00 00 00 00 00 00 00 00 00 00 00  ................
00007210: 00 00 00 00 00 00 00 00 00 00 00 00 00 00 00 00  ................
00007220: 00 00 00 00 00 00 00 00 00 00 00 00 00 00 00 00  ................
00007230: 00 00 00 00 00 00 00 00 00 00 00 00 00 00 00 00  ................
00007240: 00 00 00 00 00 00 00 00 00 00 00 00 00 00 00 00  ................
00007250: 00 00 00 00 00 00 00 00 00 00 00 00 00 00 00 00  ................
00007260: 00 00 00 00 00 00 00 00 00 00 00 00 00 00 00 00  ................
00007270: 00 00 00 00 00 00 00 00 00 00 00 00 00 00 00 00  ................
00007280: 00 00 00 00 00 00 00 00 00 00 00 00 00 00 00 00  ................
00007290: 00 00 00 00 00 00 00 00 00 00 00 00 00 00 00 00  ................
000072a0: 00 00 00 00 00 00 00 00 00 00 00 00 00 00 00 00  ................
000072b0: 00 00 00 00 00 00 00 00 00 00 00 00 00 00 00 00  ................
000072c0: 00 00 00 00 00 00 00 00 00 00 00 00 00 00 00 00  ................
000072d0: 00 00 00 00 00 00 00 00 00 00 00 00 00 00 00 00  ................
000072e0: 00 00 00 00 00 00 00 00 00 00 00 00 00 00 00 00  ................
000072f0: 00 00 00 00 00 00 00 00 00 00 00 00 00 00 00 00  ................
00007300: 00 00 00 00 00 00 00 00 00 00 00 00 00 00 00 00  ................
00007310: 00 00 00 00 00 00 00 00 00 00 00 00 00 00 00 00  ................
00007320: 00 00 00 00 00 00 00 00 00 00 00 00 00 00 00 00  ................
00007330: 00 00 00 00 00 00 00 00 00 00 00 00 00 00 00 00  ................
00007340: 00 00 00 00 00 00 00 00 00 00 00 00 00 00 00 00  ................
00007350: 00 00 00 00 00 00 00 00 00 00 00 00 00 00 00 00  ................
00007360: 00 00 00 00 00 00 00 00 00 00 00 00 00 00 00 00  ................
00007370: 00 00 00 00 00 00 00 00 00 00 00 00 00 00 00 00  ................
00007380: 00 00 00 00 00 00 00 00 00 00 00 00 00 00 00 00  ................
00007390: 00 00 00 00 00 00 00 00 00 00 00 00 00 00 00 00  ................
000073a0: 00 00 00 00 00 00 00 00 00 00 00 00 00 00 00 00  ................
000073b0: 00 00 00 00 00 00 00 00 00 00 00 00 00 00 00 00  ................
000073c0: 00 00 00 00 00 00 00 00 00 00 00 00 00 00 00 00  ................
000073d0: 00 00 00 00 00 00 00 00 00 00 00 00 00 00 00 00  ................
000073e0: 00 00 00 00 00 00 00 00 00 00 00 00 00 00 00 00  ................
000073f0: 00 00 00 00 00 00 00 00 00 00 00 00 00 00 00 00  ................
00007400: 00 00 00 00 00 00 00 00 00 00 00 00 00 00 00 00  ................
00007410: 00 00 00 00 00 00 00 00 00 00 00 00 00 00 00 00  ................
00007420: 00 00 00 00 00 00 00 00 00 00 00 00 00 00 00 00  ................
00007430: 00 00 00 00 00 00 00 00 00 00 00 00 00 00 00 00  ................
00007440: 00 00 00 00 00 00 00 00 00 00 00 00 00 00 00 00  ................
00007450: 00 00 00 00 00 00 00 00 00 00 00 00 00 00 00 00  ................
00007460: 00 00 00 00 00 00 00 00 00 00 00 00 00 00 00 00  ................
00007470: 00 00 00 00 00 00 00 00 00 00 00 00 00 00 00 00  ................
00007480: 00 00 00 00 00 00 00 00 00 00 00 00 00 00 00 00  ................
00007490: 00 00 00 00 00 00 00 00 00 00 00 00 00 00 00 00  ................
000074a0: 00 00 00 00 00 00 00 00 00 00 00 00 00 00 00 00  ................
000074b0: 00 00 00 00 00 00 00 00 00 00 00 00 00 00 00 00  ................
000074c0: 00 00 00 00 00 00 00 00 00 00 00 00 00 00 00 00  ................
000074d0: 00 00 00 00 00 00 00 00 00 00 00 00 00 00 00 00  ................
000074e0: 00 00 00 00 00 00 00 00 00 00 00 00 00 00 00 00  ................
000074f0: 00 00 00 00 00 00 00 00 00 00 00 00 00 00 00 00  ................
00007500: 00 00 00 00 00 00 00 00 00 00 00 00 00 00 00 00  ................
00007510: 00 00 00 00 00 00 00 00 00 00 00 00 00 00 00 00  ................
00007520: 00 00 00 00 00 00 00 00 00 00 00 00 00 00 00 00  ................
00007530: 00 00 00 00 00 00 00 00 00 00 00 00 00 00 00 00  ................
00007540: 00 00 00 00 00 00 00 00 00 00 00 00 00 00 00 00  ................
00007550: 00 00 00 00 00 00 00 00 00 00 00 00 00 00 00 00  ................
00007560: 00 00 00 00 00 00 00 00 00 00 00 00 00 00 00 00  ................
00007570: 00 00 00 00 00 00 00 00 00 00 00 00 00 00 00 00  ................
00007580: 00 00 00 00 00 00 00 00 00 00 00 00 00 00 00 00  ................
00007590: 00 00 00 00 00 00 00 00 00 00 00 00 00 00 00 00  ................
000075a0: 00 00 00 00 00 00 00 00 00 00 00 00 00 00 00 00  ................
000075b0: 00 00 00 00 00 00 00 00 00 00 00 00 00 00 00 00  ................
000075c0: 00 00 00 00 00 00 00 00 00 00 00 00 00 00 00 00  ................
000075d0: 00 00 00 00 00 00 00 00 00 00 00 00 00 00 00 00  ................
000075e0: 00 00 00 00 00 00 00 00 00 00 00 00 00 00 00 00  ................
000075f0: 00 00 00 00 00 00 00 00 00 00 00 00 00 00 00 00  ................
00007600: 00 00 00 00 00 00 00 00 00 00 00 00 00 00 00 00  ................
00007610: 00 00 00 00 00 00 00 00 00 00 00 00 00 00 00 00  ................
00007620: 00 00 00 00 00 00 00 00 00 00 00 00 00 00 00 00  ................
00007630: 00 00 00 00 00 00 00 00 00 00 00 00 00 00 00 00  ................
00007640: 00 00 00 00 00 00 00 00 00 00 00 00 00 00 00 00  ................
00007650: 00 00 00 00 00 00 00 00 00 00 00 00 00 00 00 00  ................
00007660: 00 00 00 00 00 00 00 00 00 00 00 00 00 00 00 00  ................
00007670: 00 00 00 00 00 00 00 00 00 00 00 00 00 00 00 00  ................
00007680: 00 00 00 00 00 00 00 00 00 00 00 00 00 00 00 00  ................
00007690: 00 00 00 00 00 00 00 00 00 00 00 00 00 00 00 00  ................
000076a0: 00 00 00 00 00 00 00 00 00 00 00 00 00 00 00 00  ................
000076b0: 00 00 00 00 00 00 00 00 00 00 00 00 00 00 00 00  ................
000076c0: 00 00 00 00 00 00 00 00 00 00 00 00 00 00 00 00  ................
000076d0: 00 00 00 00 00 00 00 00 00 00 00 00 00 00 00 00  ................
000076e0: 00 00 00 00 00 00 00 00 00 00 00 00 00 00 00 00  ................
000076f0: 00 00 00 00 00 00 00 00 00 00 00 00 00 00 00 00  ................
00007700: 00 00 00 00 00 00 00 00 00 00 00 00 00 00 00 00  ................
00007710: 00 00 00 00 00 00 00 00 00 00 00 00 00 00 00 00  ................
00007720: 00 00 00 00 00 00 00 00 00 00 00 00 00 00 00 00  ................
00007730: 00 00 00 00 00 00 00 00 00 00 00 00 00 00 00 00  ................
00007740: 00 00 00 00 00 00 00 00 00 00 00 00 00 00 00 00  ................
00007750: 00 00 00 00 00 00 00 00 00 00 00 00 00 00 00 00  ................
00007760: 00 00 00 00 00 00 00 00 00 00 00 00 00 00 00 00  ................
00007770: 00 00 00 00 00 00 00 00 00 00 00 00 00 00 00 00  ................
00007780: 00 00 00 00 00 00 00 00 00 00 00 00 00 00 00 00  ................
00007790: 00 00 00 00 00 00 00 00 00 00 00 00 00 00 00 00  ................
000077a0: 00 00 00 00 00 00 00 00 00 00 00 00 00 00 00 00  ................
000077b0: 00 00 00 00 00 00 00 00 00 00 00 00 00 00 00 00  ................
000077c0: 00 00 00 00 00 00 00 00 00 00 00 00 00 00 00 00  ................
000077d0: 00 00 00 00 00 00 00 00 00 00 00 00 00 00 00 00  ................
000077e0: 00 00 00 00 00 00 00 00 00 00 00 00 00 00 00 00  ................
000077f0: 00 00 00 00 00 00 00 00 00 00 00 00 00 00 00 00  ................
00007800: 00 00 00 00 00 00 00 00 00 00 00 00 00 00 00 00  ................
00007810: 00 00 00 00 00 00 00 00 00 00 00 00 00 00 00 00  ................
00007820: 00 00 00 00 00 00 00 00 00 00 00 00 00 00 00 00  ................
00007830: 00 00 00 00 00 00 00 00 00 00 00 00 00 00 00 00  ................
00007840: 00 00 00 00 00 00 00 00 00 00 00 00 00 00 00 00  ................
00007850: 00 00 00 00 00 00 00 00 00 00 00 00 00 00 00 00  ................
00007860: 00 00 00 00 00 00 00 00 00 00 00 00 00 00 00 00  ................
00007870: 00 00 00 00 00 00 00 00 00 00 00 00 00 00 00 00  ................
00007880: 00 00 00 00 00 00 00 00 00 00 00 00 00 00 00 00  ................
00007890: 00 00 00 00 00 00 00 00 00 00 00 00 00 00 00 00  ................
000078a0: 00 00 00 00 00 00 00 00 00 00 00 00 00 00 00 00  ................
000078b0: 00 00 00 00 00 00 00 00 00 00 00 00 00 00 00 00  ................
000078c0: 00 00 00 00 00 00 00 00 00 00 00 00 00 00 00 00  ................
000078d0: 00 00 00 00 00 00 00 00 00 00 00 00 00 00 00 00  ................
000078e0: 00 00 00 00 00 00 00 00 00 00 00 00 00 00 00 00  ................
000078f0: 00 00 00 00 00 00 00 00 00 00 00 00 00 00 00 00  ................
00007900: 00 00 00 00 00 00 00 00 00 00 00 00 00 00 00 00  ................
00007910: 00 00 00 00 00 00 00 00 00 00 00 00 00 00 00 00  ................
00007920: 00 00 00 00 00 00 00 00 00 00 00 00 00 00 00 00  ................
00007930: 00 00 00 00 00 00 00 00 00 00 00 00 00 00 00 00  ................
00007940: 00 00 00 00 00 00 00 00 00 00 00 00 00 00 00 00  ................
00007950: 00 00 00 00 00 00 00 00 00 00 00 00 00 00 00 00  ................
00007960: 00 00 00 00 00 00 00 00 00 00 00 00 00 00 00 00  ................
00007970: 00 00 00 00 00 00 00 00 00 00 00 00 00 00 00 00  ................
00007980: 00 00 00 00 00 00 00 00 00 00 00 00 00 00 00 00  ................
00007990: 00 00 00 00 00 00 00 00 00 00 00 00 00 00 00 00  ................
000079a0: 00 00 00 00 00 00 00 00 00 00 00 00 00 00 00 00  ................
000079b0: 00 00 00 00 00 00 00 00 00 00 00 00 00 00 00 00  ................
000079c0: 00 00 00 00 00 00 00 00 00 00 00 00 00 00 00 00  ................
000079d0: 00 00 00 00 00 00 00 00 00 00 00 00 00 00 00 00  ................
000079e0: 00 00 00 00 00 00 00 00 00 00 00 00 00 00 00 00  ................
000079f0: 00 00 00 00 00 00 00 00 00 00 00 00 00 00 00 00  ................
00007a00: 00 00 00 00 00 00 00 00 00 00 00 00 00 00 00 00  ................
00007a10: 00 00 00 00 00 00 00 00 00 00 00 00 00 00 00 00  ................
00007a20: 00 00 00 00 00 00 00 00 00 00 00 00 00 00 00 00  ................
00007a30: 00 00 00 00 00 00 00 00 00 00 00 00 00 00 00 00  ................
00007a40: 00 00 00 00 00 00 00 00 00 00 00 00 00 00 00 00  ................
00007a50: 00 00 00 00 00 00 00 00 00 00 00 00 00 00 00 00  ................
00007a60: 00 00 00 00 00 00 00 00 00 00 00 00 00 00 00 00  ................
00007a70: 00 00 00 00 00 00 00 00 00 00 00 00 00 00 00 00  ................
00007a80: 00 00 00 00 00 00 00 00 00 00 00 00 00 00 00 00  ................
00007a90: 00 00 00 00 00 00 00 00 00 00 00 00 00 00 00 00  ................
00007aa0: 00 00 00 00 00 00 00 00 00 00 00 00 00 00 00 00  ................
00007ab0: 00 00 00 00 00 00 00 00 00 00 00 00 00 00 00 00  ................
00007ac0: 00 00 00 00 00 00 00 00 00 00 00 00 00 00 00 00  ................
00007ad0: 00 00 00 00 00 00 00 00 00 00 00 00 00 00 00 00  ................
00007ae0: 00 00 00 00 00 00 00 00 00 00 00 00 00 00 00 00  ................
00007af0: 00 00 00 00 00 00 00 00 00 00 00 00 00 00 00 00  ................
00007b00: 00 00 00 00 00 00 00 00 00 00 00 00 00 00 00 00  ................
00007b10: 00 00 00 00 00 00 00 00 00 00 00 00 00 00 00 00  ................
00007b20: 00 00 00 00 00 00 00 00 00 00 00 00 00 00 00 00  ................
00007b30: 00 00 00 00 00 00 00 00 00 00 00 00 00 00 00 00  ................
00007b40: 00 00 00 00 00 00 00 00 00 00 00 00 00 00 00 00  ................
00007b50: 00 00 00 00 00 00 00 00 00 00 00 00 00 00 00 00  ................
00007b60: 00 00 00 00 00 00 00 00 00 00 00 00 00 00 00 00  ................
00007b70: 00 00 00 00 00 00 00 00 00 00 00 00 00 00 00 00  ................
00007b80: 00 00 00 00 00 00 00 00 00 00 00 00 00 00 00 00  ................
00007b90: 00 00 00 00 00 00 00 00 00 00 00 00 00 00 00 00  ................
00007ba0: 00 00 00 00 00 00 00 00 00 00 00 00 00 00 00 00  ................
00007bb0: 00 00 00 00 00 00 00 00 00 00 00 00 00 00 00 00  ................
00007bc0: 00 00 00 00 00 00 00 00 00 00 00 00 00 00 00 00  ................
00007bd0: 00 00 00 00 00 00 00 00 00 00 00 00 00 00 00 00  ................
00007be0: 00 00 00 00 00 00 00 00 00 00 00 00 00 00 00 00  ................
00007bf0: 00 00 00 00 00 00 00 00 00 00 00 00 00 00 00 00  ................
00007c00: 00 00 00 00 00 00 00 00 00 00 00 00 00 00 00 00  ................
00007c10: 00 00 00 00 00 00 00 00 00 00 00 00 00 00 00 00  ................
00007c20: 00 00 00 00 00 00 00 00 00 00 00 00 00 00 00 00  ................
00007c30: 00 00 00 00 00 00 00 00 00 00 00 00 00 00 00 00  ................
00007c40: 00 00 00 00 00 00 00 00 00 00 00 00 00 00 00 00  ................
00007c50: 00 00 00 00 00 00 00 00 00 00 00 00 00 00 00 00  ................
00007c60: 00 00 00 00 00 00 00 00 00 00 00 00 00 00 00 00  ................
00007c70: 00 00 00 00 00 00 00 00 00 00 00 00 00 00 00 00  ................
00007c80: 00 00 00 00 00 00 00 00 00 00 00 00 00 00 00 00  ................
00007c90: 11 00 04 01 06 00 06 00 06 00 06 00 06 00 06 00  ................
00007ca0: 06 00 06 00 06 00 06 00 06 00 06 00 06 00 06 00  ................
00007cb0: 06 00 06 00 06 00 09 00 09 00 09 00 09 00 09 00  ................
00007cc0: 09 00 09 00 09 00 09 00 09 00 09 00 09 00 09 00  ................
00007cd0: 09 00 06 00 06 00 09 00 0c 00 0c 00 0c 00 0c 00  ................
00007ce0: 0c 00 0c 00 0c 00 0c 00 0c 00 0c 00 0c 00 0c 00  ................
00007cf0: 09 00 06 00 06 00 09 00 0c 00 0f 00 0f 00 0f 00  ................
00007d00: 0f 00 0f 00 0f 00 0f 00 0f 00 0f 00 0f 00 0c 00  ................
00007d10: 09 00 06 00 06 00 09 00 0c 00 0f 00 0f 00 0f 00  ................
00007d20: 0f 00 0f 00 0f 00 0f 00 0f 00 0f 00 0f 00 0c 00  ................
00007d30: 09 00 06 00 06 00 09 00 0c 00 0f 00 0c 00 0c 00  ................
00007d40: 0c 00 0c 00 0c 00 0c 00 0c 00 0c 00 0c 00 0c 00  ................
00007d50: 09 00 06 00 06 00 09 00 09 00 09 00 09 00 09 00  ................
00007d60: 09 00 09 00 09 00 09 00 09 00 09 00 09 00 09 00  ................
00007d70: 09 00 06 00 06 00 06 00 06 00 06 00 06 00 06 00  ................
00007d80: 06 00 06 00 06 00 06 00 06 00 06 00 06 00 06 00  ................
00007d90: 06 00 06 00 12 00 2e 00 00 00 ff 04 00 00 cf 02  ................
00007da0: 00 00 00 00 00 00 00 00 00 00 00 00 00 00 00 00  ................
00007db0: 00 00 00 00 00 00 00 00 00 00 00 00 00 00 00 00  ................
00007dc0: 40 00 13 00 10 02 01 00 c2 01 00 01 4d 01 ff ff  @...........M...
00007dd0: 01 00 00 00 0f 00 08 00 05 00 04 00 03 00 02 00  ................
00007de0: 02 00 01 00 01 00 01 00 01 00 01 00 01 00 01 00  ................
00007df0: 01 00 01 00 0f 00 c8 00 02 00 26 00 44 00 50 00  ..........&.D.P.
00007e00: 54 00 5e 00 3f 00 4a 00 56 00 5e 00 32 00 61 00  T.^.?.J.V.^.2.a.
00007e10: 50 00 48 00 41 00 3f 00 5c 00 4c 00 46 00 3f 00  P.H.A.?.\.L.F.?.
00007e20: 32 00 48 00 78 00 81 00 86 00 91 00 5b 00 69 00  2.H.x.......[.i.
00007e30: 80 00 84 00 3c 00 aa 00 88 00 69 00 50 00 50 00  ....<.....i.P.P.
00007e40: 8a 00 67 00 5a 00 4e 00 3c 00 62 00 40 00 2f 00  ..g.Z.N.<.b.@./.
00007e50: 24 00 20 00 50 00 38 00 29 00 21 00 27 00 f8 00  $. .P.8.).!.'...
00007e60: 5c 00 40 00 34 00 30 00 70 00 4b 00 35 00 2f 00  \.@.4.0.p.K.5./.
00007e70: 32 00 1e 00 20 4e 02 00 00 00 01 00 02 00 03 00  2... N..........
00007e80: 03 00 00 00 01 00 02 00 03 00 03 00 00 00 01 00  ................
00007e90: 00 00 00 04 00 00 00 01 00 00 00 04 00 00 00 01  ................
00007ea0: 00 00 00 04 00 00 00 01 00 00 04 01 00 00 04 01  ................
00007eb0: 00 00 00 04 00 00 00 01 00 00 00 04 00 00 00 01  ................
00007ec0: 00 00 00 04 00 00 00 01 00 00 0a 01 00 00 04 01  ................
00007ed0: 00 00 00 04 00 00 00 01 00 00 00 04 00 00 00 01  ................
00007ee0: 00 00 00 04 00 00 00 01 00 00 00 01 00 00 0a 01  ................
00007ef0: 00 00 00 04 00 00 00 01 00 00 00 04 00 00 00 01  ................
00007f00: 00 00 00 04 00 00 00 01 00 00 00 01 00 00 04 01  ................
00007f10: 00 00 00 04 00 00 00 01 00 00 00 04 00 00 00 01  ................
00007f20: 00 00 00 04 00 00 00 01 00 00 00 01 00 00 0e 01  ................
00007f30: 00 00 00 04 00 00 00 01 00 00 00 04 00 00 00 01  ................
00007f40: 00 00 00 04 00 00 00 01 00 00 04 01 00 00 04 01  ................
00007f50: 00 00 00 04 00 00 00 01 00 00 00 04 00 00 00 01  ................
00007f60: 00 00 00 04 00 00 00 01 00 00 00 01 00 00 00 01  ................
00007f70: 00 00 bd 01 00 00 00 01 00 00 00 04 00 00 00 01  ................
00007f80: 00 00 00 04 00 00 00 01 00 00 00 01 00 00 0e 01  ................
00007f90: 00 00 00 04 00 00 00 01 00 00 00 04 00 00 00 01  ................
00007fa0: 00 00 00 04 00 00 00 01 00 00 00 01 00 00 00 01  ................
00007fb0: 00 00 00 04 00 00 00 01 00 00 00 04 00 00 00 01  ................
00007fc0: 00 00 00 04 00 00 00 01 00 00 00 01 00 00 00 01  ................
00007fd0: 00 00 14 00 f0 00 01 00 00 00 00 00 01 00 0f 00  ................
00007fe0: 00 00 04 07 00 00 0c 00 00 00 0f 00 00 00 d4 0e  ................
00007ff0: 00 00 04 00 00 00 b4 0b 00 00 01 00 00 00 00 02  ................
00008000: 00 00 00 01 00 00 00 01 00 00 00 01 00 00 00 0f  ................
00008010: 00 00 00 01 00 00 ed 02 00 00 03 00 00 00 30 00  ..............0.
00008020: 00 00 00 00 00 00 01 00 00 00 01 00 00 00 02 00  ................
00008030: 00 00 02 00 00 00 04 00 00 00 04 00 00 00 08 00  ................
00008040: 00 00 08 00 00 00 10 00 00 00 10 00 00 00 20 00  .............. .
00008050: 00 00 20 00 00 00 40 00 00 00 40 00 00 00 80 00  .. ...@...@.....
00008060: 00 00 80 00 00 00 00 04 00 00 00 00 00 00 00 00  ................
00008070: 00 00 06 00 00 00 04 00 00 00 03 00 00 00 02 00  ................
00008080: 00 00 02 00 00 00 02 00 00 00 02 00 00 00 02 00  ................
00008090: 00 00 02 00 00 00 02 00 00 00 04 00 00 00 04 00  ................
000080a0: 00 00 05 00 00 00 05 00 00 00 06 00 00 00 07 00  ................
000080b0: 00 00 00 00 00 00 20 00 00 00 04 00 00 00 00 00  ...... .........
000080c0: 00 00 15 00 1e 00 00 00 00 00 00 00 00 00 05 00  ................
000080d0: 01 00 00 00 18 1f dc 05 00 00 01 00 00 00 00 00  ................
000080e0: 16 00 32 01 00 00 08 00 10 00 18 00 20 00 28 00  ..2......... .(.
000080f0: 30 00 38 00 40 00 48 00 50 00 58 00 60 00 68 00  0.8.@.H.P.X.`.h.
00008100: 70 00 78 00 80 00 88 00 90 00 98 00 a0 00 a8 00  p.x.............
00008110: b0 00 b8 00 c0 00 c8 00 d0 00 d8 00 e0 00 e8 00  ................
00008120: f0 00 f8 00 00 01 08 01 10 01 18 01 20 01 28 01  ............ .(.
00008130: 30 01 38 01 40 01 48 01 50 01 58 01 60 01 68 01  0.8.@.H.P.X.`.h.
00008140: 70 01 78 01 80 01 88 01 90 01 98 01 a0 01 a8 01  p.x.............
00008150: b0 01 b8 01 c0 01 c8 01 d0 01 d8 01 e0 01 e8 01  ................
00008160: f0 01 f8 01 00 02 08 02 10 02 18 02 20 02 28 02  ............ .(.
00008170: 30 02 38 02 40 02 48 02 50 02 58 02 60 02 68 02  0.8.@.H.P.X.`.h.
00008180: 70 02 78 02 80 02 88 02 90 02 98 02 a0 02 a8 02  p.x.............
00008190: b0 02 b8 02 c0 02 c8 02 d0 02 d8 02 e0 02 e8 02  ................
000081a0: f0 02 f8 02 00 03 08 03 10 03 18 03 20 03 28 03  ............ .(.
000081b0: 30 03 38 03 40 03 48 03 50 03 58 03 60 03 68 03  0.8.@.H.P.X.`.h.
000081c0: 70 03 78 03 80 03 88 03 90 03 98 03 a0 03 a8 03  p.x.............
000081d0: b0 03 b8 03 c0 03 c8 03 d0 03 d8 03 e0 03 e8 03  ................
000081e0: f0 03 f8 03 ff 03 ff 03 10 00 20 00 30 00 40 00  .......... .0.@.
000081f0: 50 00 60 00 70 00 00 00 00 00 00 00 00 00 00 00  P.`.p...........
00008200: 00 00 00 00 00 00 00 00 00 00 00 00 00 00 00 00  ................
00008210: 00 00 17 00 e4 03 00 00 00 00 7f 7f 7f 7f 7f 7f  ................
00008220: 7f 7f 7f 7f 7f 7f 7f 7f 7f 7f 7f 7f 7f 7f 7f 7f  ................
00008230: 7f 7f 7f 7f 7f 7f 7f 7f 7f 7f 7f 7f 7f 7f 7f 7f  ................
00008240: 7f 7f 7f 7f 7f 7f 7f 7f 7f 7f 7f 7f 7f 7f 7f 7f  ................
00008250: 7f 7f 7f 7f 7f 7f 7f 7f 7f 7f 7f 00 00 00 00 00  ................
00008260: 00 00 00 00 00 00 00 00 00 00 00 00 00 00 00 00  ................
00008270: 00 00 00 00 00 00 00 00 00 00 00 00 00 00 00 00  ................
00008280: ff fe fd fc fd ff 00 01 00 00 00 00 00 00 00 00  ................
00008290: 00 00 01 01 01 00 00 00 00 00 00 00 3e 3e 3e 3e  ............>>>>
000082a0: 3e 3e 3e 3e 3e 3e 3e 3e 3e 3e 3e 3e 3e 3e 3e 3e  >>>>>>>>>>>>>>>>
000082b0: 3e 3e 3e 3e 3e 3e 3e 3e 3e 3e 3f 3f 40 3f 3f 3e  >>>>>>>>>>??@??>
000082c0: 3e 3c 3b 3a 39 38 38 38 38 38 38 38 39 38 38 37  ><;:988888889887
000082d0: 37 37 37 37 37 38 3a 3c 3e 3e 3e 3e 3e 00 00 00  777778:<>>>>>...
000082e0: 00 00 00 00 00 00 00 00 00 00 00 00 00 00 00 00  ................
000082f0: 00 00 00 00 00 00 00 00 00 00 00 00 00 00 00 00  ................
00008300: 00 00 00 00 00 00 00 00 00 00 00 00 00 00 00 00  ................
00008310: 00 00 00 00 00 00 00 00 00 00 00 00 00 00 00 00  ................
00008320: 00 00 00 00 00 00 00 00 00 00 00 00 00 00 00 00  ................
00008330: 00 00 00 00 00 00 00 00 00 00 00 00 00 00 00 00  ................
00008340: 00 00 00 00 00 00 00 00 00 00 00 00 00 00 00 00  ................
00008350: 00 00 00 00 00 00 00 00 00 00 00 00 00 00 00 00  ................
00008360: 00 00 00 00 00 00 00 00 00 00 00 00 00 00 00 00  ................
00008370: 00 00 00 00 00 00 00 00 00 00 00 00 00 00 00 00  ................
00008380: 00 00 00 00 00 00 00 00 00 00 00 00 00 00 00 00  ................
00008390: 00 00 00 00 00 00 00 00 00 00 00 00 00 00 00 00  ................
000083a0: 00 00 00 00 00 00 00 00 00 00 00 00 00 00 00 00  ................
000083b0: 00 00 00 00 00 00 00 00 00 00 00 00 00 00 00 00  ................
000083c0: 00 00 00 00 00 00 00 00 00 00 00 00 00 00 00 00  ................
000083d0: 00 00 00 00 00 00 00 00 00 00 00 00 00 00 00 00  ................
000083e0: 00 00 00 00 00 00 00 00 00 00 00 00 00 00 00 00  ................
000083f0: 00 00 00 00 00 00 00 00 00 00 00 00 00 00 00 00  ................
00008400: 00 00 00 00 00 00 00 00 00 00 00 00 00 00 00 00  ................
00008410: 00 00 00 00 00 00 00 00 00 00 00 00 00 00 00 00  ................
00008420: 00 00 00 00 00 00 00 00 00 00 00 00 00 00 00 00  ................
00008430: 00 00 00 00 00 00 00 00 00 00 00 00 00 00 00 00  ................
00008440: 00 00 00 00 00 00 00 00 00 00 00 00 00 00 00 00  ................
00008450: 00 00 00 00 00 00 00 00 00 00 00 00 00 00 00 00  ................
00008460: 00 00 00 00 00 00 00 00 00 00 00 00 00 00 00 00  ................
00008470: 00 00 00 00 00 00 00 00 00 00 00 00 00 00 00 00  ................
00008480: 00 00 00 00 00 00 00 00 00 00 00 00 00 00 00 00  ................
00008490: 00 00 00 00 00 00 00 00 00 00 00 00 00 00 00 00  ................
000084a0: 00 00 00 00 00 00 00 00 00 00 00 00 00 00 00 00  ................
000084b0: 00 00 00 00 00 00 00 00 00 00 00 00 00 00 00 00  ................
000084c0: 00 00 00 00 00 00 00 00 00 00 00 00 00 00 00 00  ................
000084d0: 00 00 00 00 00 00 00 00 00 00 00 00 00 00 00 00  ................
000084e0: 00 00 00 00 00 00 00 00 00 00 00 00 00 00 00 00  ................
000084f0: 00 00 00 00 00 00 00 00 00 00 00 00 00 00 00 00  ................
00008500: 00 00 00 00 00 00 00 00 00 00 00 00 00 00 00 00  ................
00008510: 00 00 00 00 00 00 00 00 00 00 00 00 00 00 00 00  ................
00008520: 00 00 00 00 00 00 00 00 00 00 00 00 00 00 00 00  ................
00008530: 00 00 00 00 00 00 00 00 00 00 00 00 00 00 00 00  ................
00008540: 00 00 00 00 00 00 00 00 00 00 00 00 00 00 00 00  ................
00008550: 00 00 00 00 00 00 00 00 00 00 00 00 00 00 00 00  ................
00008560: 00 00 00 00 00 00 00 00 00 00 00 00 00 00 00 00  ................
00008570: 00 00 00 00 00 00 00 00 00 00 00 00 00 00 00 00  ................
00008580: 00 00 00 00 00 00 00 00 00 00 00 00 00 00 00 00  ................
00008590: 00 00 00 00 00 00 00 00 00 00 00 00 00 00 00 00  ................
000085a0: 00 00 00 00 00 00 00 00 00 00 00 00 00 00 00 00  ................
000085b0: 00 00 00 00 00 00 00 00 00 00 00 00 00 00 00 00  ................
000085c0: 00 00 00 00 00 00 00 00 00 00 00 00 00 00 00 00  ................
000085d0: 00 00 00 00 00 00 00 00 00 00 00 00 00 00 00 00  ................
000085e0: 00 00 00 00 00 00 00 00 00 00 00 00 00 00 00 00  ................
000085f0: 00 00 00 00 00 00 1c 00 40 03 03 01 01 00 00 01  ........@.......
00008600: 00 00 18 30 1f 00 19 30 ff 00 1c 30 b4 00 0c 32  ...0...0...0...2
00008610: 0a 00 0d 32 50 00 01 3e 23 00 3c 36 05 00 35 36  ...2P..>#.<6..56
00008620: a8 00 3b 36 0d 00 20 36 08 00 22 36 02 00 35 36  ..;6.. 6.."6..56
00008630: c0 00 08 39 10 00 24 36 08 00 00 50 06 00 06 3e  ...9..$6...P...>
00008640: 00 00 08 3e 03 00 09 3e 10 00 33 33 10 00 06 33  ...>...>..33...3
00008650: 7e 00 02 39 05 00 13 32 08 00 7f 33 03 00 68 33  ~..9...2...3..h3
00008660: 04 00 69 33 00 00 6a 33 00 00 6b 33 00 00 67 33  ..i3..j3..k3..g3
00008670: 08 00 0e 33 30 00 66 33 7c 00 33 36 42 00 0b 33  ...30.f3|.36B..3
00008680: e0 00 37 36 57 00 02 33 1f 00 09 33 de 00 3f 30  ..76W..3...3..?0
00008690: 81 00 07 39 00 00 08 39 61 00 02 39 45 00 05 39  ...9...9a..9E..9
000086a0: b8 00 01 3e 8c 00 02 3e 10 00 06 3e 00 00 38 30  ...>...>...>..80
000086b0: 48 00 37 36 5d 00 06 3e 00 00 08 39 11 00 5e 33  H.76]..>...9..^3
000086c0: 01 00 5f 33 03 00 7c 33 04 00 7d 33 06 00 a0 33  .._3..|3..}3...3
000086d0: 05 00 01 33 04 00 33 36 4f 00 22 36 06 00 30 36  ...3..36O."6..06
000086e0: 08 00 31 36 84 00 06 33 30 00 6e 36 08 00 6f 36  ..16...30.n6..o6
000086f0: 22 00 37 36 59 00 20 33 06 00 26 33 00 00 1e 33  ".76Y. 3..&3...3
00008700: 11 00 1f 33 c1 00 03 33 20 00 09 33 d0 00 0b 33  ...3...3 ..3...3
00008710: be 00 06 33 36 00 35 36 c2 00 3b 36 0a 00 38 30  ...36.56..;6..80
00008720: 88 00 38 36 1f 00 36 36 25 00 25 36 02 00 1b 33  ..86..66%.%6...3
00008730: 83 00 33 33 30 00 35 36 a0 00 3b 36 0a 00 3c 36  ..330.56..;6..<6
00008740: 05 00 14 33 13 00 38 30 c8 00 3b 36 0b 00 32 36  ...3..80..;6..26
00008750: 18 00 38 30 ff 00 39 36 09 00 21 36 28 00 11 32  ..80..96..!6(..2
00008760: 0c 00 6f 36 26 00 6f 36 2f 00 20 33 01 00 06 33  ..o6&.o6/. 3...3
00008770: 48 00 1e 33 19 00 1f 33 c9 00 0b 33 d3 00 20 36  H..3...3...3.. 6
00008780: 28 00 09 33 60 00 1f 33 59 00 08 33 10 00 30 36  (..3`..3Y..3..06
00008790: 0c 00 00 3f 07 00 04 3f 05 00 05 3f 04 00 02 38  ...?...?...?...8
000087a0: 01 00 35 32 08 00 36 32 c8 00 30 36 1c 00 aa 33  ..52..62..06...3
000087b0: 10 00 70 36 04 00 77 36 84 00 78 36 88 00 79 36  ..p6..w6..x6..y6
000087c0: 88 00 7e 36 08 00 7f 36 28 00 70 36 0c 00 90 36  ..~6...6(.p6...6
000087d0: 34 00 91 36 11 00 92 36 42 00 9c 36 08 00 9d 36  4..6...6B..6...6
000087e0: 28 00 0f 36 01 00 71 36 c6 00 72 36 06 00 73 36  (..6..q6..r6..s6
000087f0: 16 00 7a 36 28 00 7b 36 3f 00 22 32 29 00 01 39  ..z6(.{6?."2)..9
00008800: 02 00 05 39 98 00 1e 3e 34 00 09 33 50 00 1f 33  ...9...>4..3P..3
00008810: 49 00 14 33 08 00 01 33 04 00 06 33 48 00 32 36  I..3...3...3H.26
00008820: 08 00 00 3e 00 00 01 3e 46 00 02 3e 10 00 03 3e  ...>...>F..>...>
00008830: 0b 00 06 3e 00 00 07 3e 80 00 08 3e 03 00 09 3e  ...>...>...>...>
00008840: 10 00 08 32 07 00 09 32 80 00 0a 32 04 00 0b 32  ...2...2...2...2
00008850: 38 00 00 32 00 00 01 32 00 00 02 32 00 00 03 32  8..2...2...2...2
00008860: 00 00 04 32 07 00 05 32 8f 00 06 32 04 00 07 32  ...2...2...2...2
00008870: 47 00 11 32 04 00 13 32 04 00 0c 32 08 00 0d 32  G..2...2...2...2
00008880: 98 00 04 3f 04 00 05 3f 38 00 0e 32 05 00 0f 32  ...?...?8..2...2
00008890: dc 00 35 32 0b 00 36 32 b6 00 01 3e bb 00 02 3e  ..52..62...>...>
000088a0: 20 00 39 30 46 00 3a 30 35 00 3b 30 16 00 3c 30   .90F.:05.;0..<0
000088b0: 0e 00 3d 30 03 00 34 30 07 00 35 30 52 00 0b 33  ..=0..40..50R..3
000088c0: d3 00 1b 39 80 00 80 57 ff 00 81 57 04 00 85 57  ...9...W...W...W
000088d0: 18 00 09 32 80 00 0b 32 38 00 11 32 06 00 13 32  ...2...28..2...2
000088e0: 06 00 34 30 04 00 35 30 fa 00 36 30 01 00 39 30  ..40..50..60..90
000088f0: 55 00 3a 30 b5 00 3b 30 16 00 3c 30 0e 00 3d 30  U.:0..;0..<0..=0
00008900: 03 00 3a 36 9f 00 02 38 00 00 00 3e 00 00 01 3e  ..:6...8...>...>
00008910: bb 00 02 3e 20 00 03 3e 0b 00 06 3e 00 00 07 3e  ...> ..>...>...>
00008920: 80 00 08 3e 03 00 09 3e 10 00 01 33 04 00 06 33  ...>...>...3...3
00008930: 48 00 32 36 08 00 00 01 01 00 03 00 00 00 33 2e  H.26..........3.
00008940: 30 30 30 00 00 00 00 00 00 00 00 00 00 00 32 22  000...........2"
00008950: 00 00 e2 07 08 1f 0d 20 28 01 00 00 00 00 f6 87  ....... (.......
00008960: 00 00 00 00 00 00 00 00 00 00 00 00 00 00 00 00  ................
00008970: 00 00 00 00 00 00 00 00 00 00 00 00 00 00 00 00  ................
00008980: 00 00 00 00 00 00 00 00 00 00 00 00 00 00 00 00  ................
00008990: 00 00 00 00 00 00 00 00 00 00 00 00 00 00 00 00  ................
000089a0: 00 00 00 00 00 00 00 00 00 00 00 00 00 00 00 00  ................
000089b0: 00 00 00 00 00 00 00 00 00 00 31 30 2e 33 31 20  ..........10.31 
000089c0: b5 e3 c1 c1 b0 e6 b1 be 00 00 00 00 00 00 00 00  ................
000089d0: 00 00 00 00 00 00 00 00 00 00 00 00 00 00 00 00  ................
000089e0: 00 00 00 00 00 00 00 00 00 00 00 00 00 00 00 00  ................
000089f0: 00 00 00 00 00 00 00 00 00 00 00 00 00 00 00 00  ................
00008a00: 00 00 00 00 00 00 00 00 00 00 00 00 00 00 00 00  ................
00008a10: 00 00 00 00 00 00 00 00 00 00 00 00 00 00 00 00  ................
00008a20: 00 00 00 00 00 00 00 00 00 00 00 00 00 00 00 00  ................
00008a30: 00 00 00 00 00 00 00 00 00 00 00 00 00 00 00 00  ................
00008a40: 00 00 00 00 00 00 00 00 00 00 00 00 00 00 00 00  ................
00008a50: 00 00 00 00 00 00 00 00 00 00 00 00 00 00 00 00  ................
00008a60: 00 00 00 00 00 00 00 00 00 00 00 00 00 00 00 00  ................
00008a70: 00 00 00 00 00 00 00 00 00 00 00 00 00 00 00 00  ................
00008a80: 00 00 00 00 00 00 00 00 00 00 00 00 00 00 00 00  ................
00008a90: 00 00 00 00 00 00 00 00 00 00 00 00 00 00 00 00  ................
00008aa0: 00 00 00 00 00 00 00 00 00 00 00 00 00 00 00 00  ................
00008ab0: 00 00 00 00 00 00 00 00 00 00 00 00 00 00 00 00  ................
00008ac0: 00 00 00 00 00 00 00 00 00 00 00 00 00 00 00 00  ................
00008ad0: 00 00 00 00 00 00 00 00 00 00 00 00 00 00 00 00  ................
00008ae0: 00 00 00 00 00 00 00 00 00 00 00 00 00 00 00 00  ................
00008af0: 00 00 00 00 00 00 00 00 00 00 00 00 00 00 00 00  ................
00008b00: 00 00 00 00 00 00 00 00 00 00 00 00 00 00 00 00  ................
00008b10: 00 00 00 00 00 00 00 00 00 00 00 00 00 00 00 00  ................
00008b20: 00 00 00 00 00 00 00 00 00 00 00 00 00 00 00 00  ................
00008b30: 00 00 00 00 00 00 00 00 00 00 00 00 ba 00 00 00  ................
00008b40: 01 00 40 00 40 00 40 00 40 00 00 00 00 00 00 00  ..@.@.@.@.......
00008b50: 00 00 01 00 42 00 42 00 42 00 42 00 d8 ff d8 ff  ....B.B.B.B.....
00008b60: d8 ff d8 ff 01 00 42 00 42 00 42 00 42 00 d8 ff  ......B.B.B.B...
00008b70: d8 ff d8 ff d8 ff 01 00 42 00 42 00 42 00 42 00  ........B.B.B.B.
00008b80: d8 ff d8 ff d8 ff d8 ff 01 00 42 00 42 00 42 00  ..........B.B.B.
00008b90: 42 00 d8 ff d8 ff d8 ff d8 ff 01 00 42 00 42 00  B...........B.B.
00008ba0: 42 00 42 00 d8 ff d8 ff d8 ff d8 ff 01 00 42 00  B.B...........B.
00008bb0: 42 00 42 00 42 00 00 00 00 00 00 00 00 00 01 00  B.B.B...........
00008bc0: 42 00 42 00 42 00 42 00 00 00 00 00 00 00 00 00  B.B.B.B.........
00008bd0: 01 00 42 00 42 00 42 00 42 00 d8 ff d8 ff d8 ff  ..B.B.B.B.......
00008be0: d8 ff 01 00 42 00 42 00 42 00 42 00 d8 ff d8 ff  ....B.B.B.B.....
00008bf0: d8 ff d8 ff 01 00 c0 00 01 00 80 02 68 01 0a 00  ............h...
00008c00: 04 00 03 00 00 00 00 00 00 00 00 00 00 00 00 00  ................
00008c10: 00 00 00 00 ff 00 ff 00 00 00 00 00 00 00 00 00  ................
00008c20: 00 00 00 00 00 00 00 00 04 00 03 00 00 00 00 00  ................
00008c30: 00 00 00 00 00 00 00 00 00 00 00 00 ff 00 ff 00  ................
00008c40: 00 00 00 00 00 00 00 00 00 00 00 00 00 00 00 00  ................
00008c50: 04 00 03 00 00 00 00 00 00 00 00 00 00 00 00 00  ................
00008c60: 00 00 00 00 ff 00 ff 00 00 00 00 00 00 00 00 00  ................
00008c70: 00 00 00 00 00 00 00 00 04 00 03 00 00 00 00 00  ................
00008c80: 00 00 00 00 00 00 00 00 00 00 00 00 ff 00 ff 00  ................
00008c90: 00 00 00 00 00 00 00 00 00 00 00 00 00 00 00 00  ................
00008ca0: 1c 02 1c 02 1c 02 1c 02 1c 02 1c 02 1c 02 1c 02  ................
00008cb0: 1c 02 1c 02 02 00 6c 03 00 00 15 00 29 00 3e 00  ......l.....).>.
00008cc0: 52 00 66 00 7a 00 8d 00 a0 00 b3 00 c6 00 d8 00  R.f.z...........
00008cd0: e9 00 fa 00 0b 01 1c 01 2c 01 3b 01 4b 01 5a 01  ........,.;.K.Z.
00008ce0: 68 01 76 01 84 01 91 01 9e 01 ab 01 b7 01 c3 01  h.v.............
00008cf0: cf 01 da 01 e5 01 ef 01 fa 01 04 02 0d 02 17 02  ................
00008d00: 20 02 29 02 31 02 3a 02 42 02 4a 02 51 02 59 02   .).1.:.B.J.Q.Y.
00008d10: 60 02 67 02 6d 02 74 02 7a 02 80 02 86 02 8c 02  `.g.m.t.z.......
00008d20: 91 02 97 02 9c 02 a1 02 a6 02 aa 02 af 02 b3 02  ................
00008d30: b8 02 bc 02 c0 02 c4 02 c8 02 cb 02 cf 02 d3 02  ................
00008d40: d6 02 da 02 dd 02 e0 02 e4 02 e7 02 ea 02 ed 02  ................
00008d50: f0 02 f3 02 f7 02 fa 02 fd 02 00 03 03 03 06 03  ................
00008d60: 0a 03 0d 03 10 03 14 03 17 03 1a 03 1e 03 22 03  ..............".
00008d70: 25 03 29 03 2d 03 31 03 35 03 3a 03 3e 03 43 03  %.).-.1.5.:.>.C.
00008d80: 47 03 4c 03 51 03 56 03 5c 03 61 03 67 03 6d 03  G.L.Q.V.\.a.g.m.
00008d90: 73 03 79 03 7f 03 85 03 8c 03 93 03 99 03 a0 03  s.y.............
00008da0: a7 03 ae 03 b5 03 bd 03 c4 03 cb 03 d3 03 da 03  ................
00008db0: e1 03 e9 03 f0 03 f8 03 ff 03 00 00 15 00 29 00  ..............).
00008dc0: 3e 00 52 00 66 00 7a 00 8d 00 a0 00 b3 00 c6 00  >.R.f.z.........
00008dd0: d8 00 e9 00 fa 00 0b 01 1c 01 2c 01 3b 01 4b 01  ..........,.;.K.
00008de0: 5a 01 68 01 76 01 84 01 91 01 9e 01 ab 01 b7 01  Z.h.v...........
00008df0: c3 01 cf 01 da 01 e5 01 ef 01 fa 01 04 02 0d 02  ................
00008e00: 17 02 20 02 29 02 31 02 3a 02 42 02 4a 02 51 02  .. .).1.:.B.J.Q.
00008e10: 59 02 60 02 67 02 6d 02 74 02 7a 02 80 02 86 02  Y.`.g.m.t.z.....
00008e20: 8c 02 91 02 97 02 9c 02 a1 02 a6 02 aa 02 af 02  ................
00008e30: b3 02 b8 02 bc 02 c0 02 c4 02 c8 02 cb 02 cf 02  ................
00008e40: d3 02 d6 02 da 02 dd 02 e0 02 e4 02 e7 02 ea 02  ................
00008e50: ed 02 f0 02 f3 02 f7 02 fa 02 fd 02 00 03 03 03  ................
00008e60: 06 03 0a 03 0d 03 10 03 14 03 17 03 1a 03 1e 03  ................
00008e70: 22 03 25 03 29 03 2d 03 31 03 35 03 3a 03 3e 03  ".%.).-.1.5.:.>.
00008e80: 43 03 47 03 4c 03 51 03 56 03 5c 03 61 03 67 03  C.G.L.Q.V.\.a.g.
00008e90: 6d 03 73 03 79 03 7f 03 85 03 8c 03 93 03 99 03  m.s.y...........
00008ea0: a0 03 a7 03 ae 03 b5 03 bd 03 c4 03 cb 03 d3 03  ................
00008eb0: da 03 e1 03 e9 03 f0 03 f8 03 ff 03 00 00 15 00  ................
00008ec0: 29 00 3e 00 52 00 66 00 7a 00 8d 00 a0 00 b3 00  ).>.R.f.z.......
00008ed0: c6 00 d8 00 e9 00 fa 00 0b 01 1c 01 2c 01 3b 01  ............,.;.
00008ee0: 4b 01 5a 01 68 01 76 01 84 01 91 01 9e 01 ab 01  K.Z.h.v.........
00008ef0: b7 01 c3 01 cf 01 da 01 e5 01 ef 01 fa 01 04 02  ................
00008f00: 0d 02 17 02 20 02 29 02 31 02 3a 02 42 02 4a 02  .... .).1.:.B.J.
00008f10: 51 02 59 02 60 02 67 02 6d 02 74 02 7a 02 80 02  Q.Y.`.g.m.t.z...
00008f20: 86 02 8c 02 91 02 97 02 9c 02 a1 02 a6 02 aa 02  ................
00008f30: af 02 b3 02 b8 02 bc 02 c0 02 c4 02 c8 02 cb 02  ................
00008f40: cf 02 d3 02 d6 02 da 02 dd 02 e0 02 e4 02 e7 02  ................
00008f50: ea 02 ed 02 f0 02 f3 02 f7 02 fa 02 fd 02 00 03  ................
00008f60: 03 03 06 03 0a 03 0d 03 10 03 14 03 17 03 1a 03  ................
00008f70: 1e 03 22 03 25 03 29 03 2d 03 31 03 35 03 3a 03  ..".%.).-.1.5.:.
00008f80: 3e 03 43 03 47 03 4c 03 51 03 56 03 5c 03 61 03  >.C.G.L.Q.V.\.a.
00008f90: 67 03 6d 03 73 03 79 03 7f 03 85 03 8c 03 93 03  g.m.s.y.........
00008fa0: 99 03 a0 03 a7 03 ae 03 b5 03 bd 03 c4 03 cb 03  ................
00008fb0: d3 03 da 03 e1 03 e9 03 f0 03 f8 03 ff 03 00 00  ................
00008fc0: 08 00 14 00 24 00 36 00 68 00 80 00 00 00 00 00  ....$.6.h.......
00008fd0: 00 00 00 00 00 00 00 00 00 00 00 00 00 00 00 00  ................
00008fe0: 08 00 14 00 24 00 36 00 68 00 80 00 00 00 00 00  ....$.6.h.......
00008ff0: 00 00 00 00 00 00 00 00 00 00 00 00 00 00 00 00  ................
00009000: 08 00 14 00 24 00 36 00 68 00 80 00 00 00 00 00  ....$.6.h.......
00009010: 00 00 00 00 00 00 00 00 00 00 00 00 00 00 01 00  ................
00009020: 03 00 dc 08 01 00 00 00 ff 03 84 03 65 02 43 01  ............e.C.
00009030: 84 00 29 00 0a 00 01 00 00 00 00 00 00 00 00 00  ..).............
00009040: 00 00 00 00 00 00 00 00 00 00 ff 03 84 03 65 02  ..............e.
00009050: 43 01 84 00 29 00 0a 00 01 00 00 00 00 00 00 00  C...)...........
00009060: 00 00 00 00 00 00 00 00 00 00 00 00 ff 03 84 03  ................
00009070: 65 02 43 01 84 00 29 00 0a 00 01 00 00 00 00 00  e.C...).........
00009080: 00 00 00 00 00 00 00 00 00 00 00 00 00 00 05 00  ................
00009090: 00 00 40 00 80 00 c0 00 00 01 40 01 80 01 c0 01  ..@.......@.....
000090a0: 00 02 40 02 80 02 c0 02 00 03 40 03 80 03 c0 03  ..@.......@.....
000090b0: ff 03 00 00 02 00 04 00 06 00 08 00 0a 00 0c 00  ................
000090c0: 0e 00 00 00 00 00 00 00 00 00 00 00 00 00 00 00  ................
000090d0: 00 00 d0 07 d0 07 d0 07 00 00 ff 03 00 00 00 00  ................
000090e0: 00 00 00 00 00 00 00 00 00 00 00 00 00 00 00 00  ................
000090f0: 00 00 00 00 00 00 00 00 00 00 00 00 ff 03 00 00  ................
00009100: 00 00 00 00 00 00 00 00 00 00 00 00 00 00 00 00  ................
00009110: 00 00 00 00 00 00 00 00 00 00 00 00 00 00 ff 03  ................
00009120: 00 00 00 00 00 00 00 00 00 00 00 00 00 00 00 00  ................
00009130: 00 00 00 00 00 00 00 00 00 00 00 00 00 00 00 00  ................
00009140: 06 00 00 00 cc 00 6b 01 df 01 38 02 83 02 c3 02  ......k...8.....
00009150: fa 02 29 03 51 03 74 03 92 03 ac 03 c3 03 d9 03  ..).Q.t.........
00009160: ec 03 ff 03 00 00 01 00 04 00 0a 00 10 00 00 00  ................
00009170: 00 00 00 00 00 00 00 00 00 00 00 00 00 00 00 00  ................
00009180: 00 00 00 00 05 00 05 00 05 00 01 00 ff 03 00 00  ................
00009190: 00 00 00 00 00 00 00 00 00 00 00 00 00 00 00 00  ................
000091a0: 00 00 00 00 00 00 00 00 00 00 00 00 00 00 ff 03  ................
000091b0: 00 00 00 00 00 00 00 00 00 00 00 00 00 00 00 00  ................
000091c0: 00 00 00 00 00 00 00 00 00 00 00 00 00 00 00 00  ................
000091d0: ff 03 00 00 00 00 00 00 00 00 00 00 00 00 00 00  ................
000091e0: 00 00 00 00 00 00 00 00 00 00 00 00 00 00 00 00  ................
000091f0: 00 00 06 00 00 00 b0 00 40 01 b1 01 0c 02 58 02  ........@.....X.
00009200: 98 02 ce 02 fc 02 24 03 47 03 68 03 87 03 a6 03  ......$.G.h.....
00009210: c4 03 e2 03 ff 03 00 00 01 00 04 00 0b 00 10 00  ................
00009220: 00 00 00 00 00 00 00 00 00 00 00 00 00 00 00 00  ................
00009230: 00 00 00 00 00 00 0a 00 0a 00 0a 00 01 00 ff 03  ................
00009240: 4f 00 00 00 00 00 00 00 00 00 00 00 00 00 00 00  O...............
00009250: 00 00 00 00 00 00 00 00 00 00 00 00 00 00 00 00  ................
00009260: ff 03 4f 00 00 00 00 00 00 00 00 00 00 00 00 00  ..O.............
00009270: 00 00 00 00 00 00 00 00 00 00 00 00 00 00 00 00  ................
00009280: 00 00 ff 03 4f 00 00 00 00 00 00 00 00 00 00 00  ....O...........
00009290: 00 00 00 00 00 00 00 00 00 00 00 00 00 00 00 00  ................
000092a0: 00 00 00 00 05 00 00 00 88 00 fd 00 5e 01 b0 01  ............^...
000092b0: f9 01 39 02 73 02 a7 02 d7 02 04 03 2e 03 58 03  ..9.s.........X.
000092c0: 81 03 ab 03 d5 03 ff 03 00 00 01 00 04 00 0c 00  ................
000092d0: 10 00 00 00 00 00 00 00 00 00 00 00 00 00 00 00  ................
000092e0: 00 00 00 00 00 00 00 00 64 00 64 00 64 00 01 00  ........d.d.d...
000092f0: ff 03 b4 01 21 00 00 00 00 00 00 00 00 00 00 00  ....!...........
00009300: 00 00 00 00 00 00 00 00 00 00 00 00 00 00 00 00  ................
00009310: 00 00 ff 03 b4 01 21 00 00 00 00 00 00 00 00 00  ......!.........
00009320: 00 00 00 00 00 00 00 00 00 00 00 00 00 00 00 00  ................
00009330: 00 00 00 00 ff 03 b4 01 21 00 00 00 00 00 00 00  ........!.......
00009340: 00 00 00 00 00 00 00 00 00 00 00 00 00 00 00 00  ................
00009350: 00 00 00 00 00 00 04 00 00 00 40 00 80 00 c0 00  ..........@.....
00009360: 00 01 40 01 80 01 c0 01 00 02 40 02 80 02 c0 02  ..@.......@.....
00009370: 00 03 40 03 80 03 c0 03 ff 03 00 00 10 00 00 00  ..@.............
00009380: 00 00 00 00 00 00 00 00 00 00 00 00 00 00 00 00  ................
00009390: 00 00 00 00 00 00 00 00 00 00 2c 01 2c 01 2c 01  ..........,.,.,.
000093a0: 01 00 ff 03 65 02 84 00 0a 00 00 00 00 00 00 00  ....e...........
000093b0: 00 00 00 00 00 00 00 00 00 00 00 00 00 00 00 00  ................
000093c0: 00 00 00 00 ff 03 65 02 84 00 0a 00 00 00 00 00  ......e.........
000093d0: 00 00 00 00 00 00 00 00 00 00 00 00 00 00 00 00  ................
000093e0: 00 00 00 00 00 00 ff 03 65 02 84 00 0a 00 00 00  ........e.......
000093f0: 00 00 00 00 00 00 00 00 00 00 00 00 00 00 00 00  ................
00009400: 00 00 00 00 00 00 00 00 04 00 00 00 17 00 34 00  ..............4.
00009410: 60 00 99 00 db 00 25 01 74 01 c4 01 14 02 61 02  `.....%.t.....a.
00009420: aa 02 f2 02 37 03 7b 03 bd 03 ff 03 00 00 02 00  ....7.{.........
00009430: 09 00 10 00 00 00 00 00 00 00 00 00 00 00 00 00  ................
00009440: 00 00 00 00 00 00 00 00 00 00 00 00 f4 01 f4 01  ................
00009450: f4 01 01 00 ff 03 e7 02 1c 01 39 00 06 00 00 00  ..........9.....
00009460: 00 00 00 00 00 00 00 00 00 00 00 00 00 00 00 00  ................
00009470: 00 00 00 00 00 00 ff 03 e7 02 1c 01 39 00 06 00  ............9...
00009480: 00 00 00 00 00 00 00 00 00 00 00 00 00 00 00 00  ................
00009490: 00 00 00 00 00 00 00 00 ff 03 e7 02 1c 01 39 00  ..............9.
000094a0: 06 00 00 00 00 00 00 00 00 00 00 00 00 00 00 00  ................
000094b0: 00 00 00 00 00 00 00 00 00 00 04 00 00 00 14 00  ................
000094c0: 34 00 64 00 a1 00 e7 00 30 01 7a 01 c3 01 0b 02  4.d.....0.z.....
000094d0: 54 02 9b 02 e3 02 2a 03 71 03 b9 03 ff 03 00 00  T.....*.q.......
000094e0: 01 00 02 00 06 00 10 00 00 00 00 00 00 00 00 00  ................
000094f0: 00 00 00 00 00 00 00 00 00 00 00 00 00 00 20 03  .............. .
00009500: 20 03 20 03 01 00 ff 03 1b 02 4f 00 03 00 00 00   . .......O.....
00009510: 00 00 00 00 00 00 00 00 00 00 00 00 00 00 00 00  ................
00009520: 00 00 00 00 00 00 00 00 ff 03 1b 02 4f 00 03 00  ............O...
00009530: 00 00 00 00 00 00 00 00 00 00 00 00 00 00 00 00  ................
00009540: 00 00 00 00 00 00 00 00 00 00 ff 03 1b 02 4f 00  ..............O.
00009550: 03 00 00 00 00 00 00 00 00 00 00 00 00 00 00 00  ................
00009560: 00 00 00 00 00 00 00 00 00 00 00 00 04 00 00 00  ................
00009570: 40 00 80 00 c0 00 00 01 40 01 80 01 c0 01 00 02  @.......@.......
00009580: 40 02 80 02 c0 02 00 03 40 03 80 03 c0 03 ff 03  @.......@.......
00009590: 00 00 10 00 00 00 00 00 00 00 00 00 00 00 00 00  ................
000095a0: 00 00 00 00 00 00 00 00 00 00 00 00 00 00 00 00  ................
000095b0: 90 01 90 01 90 01 01 00 ff 03 65 02 84 00 0a 00  ..........e.....
000095c0: 00 00 00 00 00 00 00 00 00 00 00 00 00 00 00 00  ................
000095d0: 00 00 00 00 00 00 00 00 00 00 ff 03 65 02 84 00  ............e...
000095e0: 0a 00 00 00 00 00 00 00 00 00 00 00 00 00 00 00  ................
000095f0: 00 00 00 00 00 00 00 00 00 00 00 00 ff 03 65 02  ..............e.
00009600: 84 00 0a 00 00 00 00 00 00 00 00 00 00 00 00 00  ................
00009610: 00 00 00 00 00 00 00 00 00 00 00 00 00 00 04 00  ................
00009620: 00 00 40 00 80 00 c0 00 00 01 40 01 80 01 c0 01  ..@.......@.....
00009630: 00 02 40 02 80 02 c0 02 00 03 40 03 80 03 c0 03  ..@.......@.....
00009640: ff 03 00 00 10 00 00 00 00 00 00 00 00 00 00 00  ................
00009650: 00 00 00 00 00 00 00 00 00 00 00 00 00 00 00 00  ................
00009660: 00 00 f4 01 f4 01 f4 01 00 00 ff 03 1c 01 06 00  ................
00009670: 00 00 00 00 00 00 00 00 00 00 00 00 00 00 00 00  ................
00009680: 00 00 00 00 00 00 00 00 00 00 00 00 ff 03 1c 01  ................
00009690: 06 00 00 00 00 00 00 00 00 00 00 00 00 00 00 00  ................
000096a0: 00 00 00 00 00 00 00 00 00 00 00 00 00 00 ff 03  ................
000096b0: 1c 01 06 00 00 00 00 00 00 00 00 00 00 00 00 00  ................
000096c0: 00 00 00 00 00 00 00 00 00 00 00 00 00 00 00 00  ................
000096d0: 04 00 00 00 40 00 80 00 c0 00 00 01 40 01 80 01  ....@.......@...
000096e0: c0 01 00 02 40 02 80 02 c0 02 00 03 40 03 80 03  ....@.......@...
000096f0: c0 03 ff 03 00 00 10 00 00 00 00 00 00 00 00 00  ................
00009700: 00 00 00 00 00 00 00 00 00 00 00 00 00 00 00 00  ................
00009710: 00 00 00 00 c8 00 c8 00 c8 00 01 00 00 00 ff 03  ................
00009720: 84 03 65 02 43 01 84 00 29 00 0a 00 01 00 00 00  ..e.C...).......
00009730: 00 00 00 00 00 00 00 00 00 00 00 00 00 00 00 00  ................
00009740: 05 00 d0 07 00 00 00 00 00 00 00 00 01 00 ff 03  ................
00009750: 00 00 00 00 00 00 00 00 00 00 00 00 00 00 00 00  ................
00009760: 00 00 00 00 00 00 00 00 00 00 00 00 00 00 00 00  ................
00009770: 06 00 14 00 00 00 00 00 00 00 00 00 01 00 ff 03  ................
00009780: 06 00 00 00 00 00 00 00 00 00 00 00 00 00 00 00  ................
00009790: 00 00 00 00 00 00 00 00 00 00 00 00 00 00 00 00  ................
000097a0: 06 00 32 00 00 00 00 00 00 00 00 00 01 00 ff 03  ..2.............
000097b0: 4f 00 00 00 00 00 00 00 00 00 00 00 00 00 00 00  O...............
000097c0: 00 00 00 00 00 00 00 00 00 00 00 00 00 00 00 00  ................
000097d0: 05 00 64 00 00 00 78 00 01 00 00 00 01 00 ff 03  ..d...x.........
000097e0: 65 02 84 00 0a 00 00 00 00 00 00 00 00 00 00 00  e...............
000097f0: 00 00 00 00 00 00 00 00 00 00 00 00 00 00 00 00  ................
00009800: 04 00 f4 01 00 00 5a 00 00 00 00 00 01 00 ff 03  ......Z.........
00009810: e7 02 1c 01 39 00 06 00 00 00 00 00 00 00 00 00  ....9...........
00009820: 00 00 00 00 00 00 00 00 00 00 00 00 00 00 00 00  ................
00009830: 04 00 20 03 00 00 46 00 00 00 00 00 01 00 ff 03  .. ...F.........
00009840: 3b 03 b4 01 96 00 21 00 04 00 00 00 00 00 00 00  ;.....!.........
00009850: 00 00 00 00 00 00 00 00 00 00 00 00 00 00 00 00  ................
00009860: 04 00 b0 04 00 00 46 00 00 00 00 00 01 00 ff 03  ......F.........
00009870: 18 03 6f 01 66 00 11 00 01 00 00 00 00 00 00 00  ..o.f...........
00009880: 00 00 00 00 00 00 00 00 00 00 00 00 00 00 00 00  ................
00009890: 04 00 e8 03 00 00 00 00 00 00 00 00 01 00 ff 03  ................
000098a0: ac 03 d7 02 db 01 05 01 79 00 2f 00 0f 00 04 00  ........y./.....
000098b0: 01 00 00 00 00 00 00 00 00 00 00 00 00 00 00 00  ................
000098c0: 04 00 b8 0b 00 00 00 00 00 00 00 00 00 00 ff 03  ................
000098d0: b4 01 21 00 00 00 00 00 00 00 00 00 00 00 00 00  ..!.............
000098e0: 00 00 00 00 00 00 00 00 00 00 00 00 00 00 00 00  ................
000098f0: 04 00 2c 01 00 00 00 00 00 00 00 00 04 00 40 04  ..,...........@.
00009900: 01 00 00 00 01 00 00 00 00 00 01 00 01 00 01 00  ................
00009910: 01 00 01 00 08 00 08 00 78 00 04 00 e8 03 d0 07  ........x.......
00009920: 40 00 20 00 00 00 08 00 14 00 ff 03 18 03 6f 01  @. ...........o.
00009930: 66 00 11 00 01 00 00 00 00 00 00 00 00 00 00 00  f...............
00009940: 00 00 00 00 00 00 00 00 00 00 00 00 e8 03 02 00  ................
00009950: 00 00 0b 00 08 00 78 00 60 00 04 00 04 00 e8 03  ......x.`.......
00009960: d0 07 40 00 18 00 00 00 08 00 14 00 0a 00 00 00  ..@.............
00009970: 00 00 01 00 01 00 01 00 01 00 01 00 01 00 01 00  ................
00009980: 08 00 08 00 78 00 04 00 dc 05 f0 0a 30 00 1c 00  ....x.......0...
00009990: 00 00 08 00 14 00 ff 03 1c 01 06 00 00 00 00 00  ................
000099a0: 00 00 00 00 00 00 00 00 00 00 00 00 00 00 00 00  ................
000099b0: 00 00 00 00 00 00 00 00 c8 00 02 00 00 00 09 00  ................
000099c0: 08 00 78 00 60 00 04 00 04 00 dc 05 f0 0a 30 00  ..x.`.........0.
000099d0: 1c 00 00 00 08 00 14 00 32 00 00 00 00 00 01 00  ........2.......
000099e0: 01 00 01 00 01 00 01 00 01 00 01 00 08 00 08 00  ................
000099f0: 78 00 04 00 dc 05 98 08 30 00 1c 00 00 00 08 00  x.......0.......
00009a00: 14 00 ff 03 9c 03 a7 02 97 01 c6 00 4f 00 19 00  ............O...
00009a10: 06 00 01 00 00 00 00 00 00 00 00 00 00 00 00 00  ................
00009a20: 00 00 00 00 c4 09 02 00 00 00 0b 00 08 00 78 00  ..............x.
00009a30: 60 00 04 00 04 00 dc 05 98 08 30 00 1c 00 00 00  `.........0.....
00009a40: 08 00 14 00 0a 00 00 00 00 00 01 00 01 00 01 00  ................
00009a50: 01 00 01 00 01 00 01 00 08 00 08 00 78 00 04 00  ............x...
00009a60: 08 07 28 0a 40 00 20 00 00 00 08 00 14 00 ff 03  ..(.@. .........
00009a70: ac 03 d7 02 db 01 05 01 79 00 2f 00 0f 00 04 00  ........y./.....
00009a80: 01 00 00 00 00 00 00 00 00 00 00 00 00 00 00 00  ................
00009a90: b8 0b 02 00 00 00 0b 00 08 00 78 00 60 00 04 00  ..........x.`...
00009aa0: 04 00 08 07 28 0a 40 00 20 00 00 00 08 00 14 00  ....(.@. .......
00009ab0: 0a 00 00 00 00 00 01 00 01 00 01 00 01 00 01 00  ................
00009ac0: 01 00 01 00 08 00 08 00 78 00 04 00 c4 09 1c 0c  ........x.......
00009ad0: 30 00 20 00 00 00 08 00 14 00 ff 03 c0 03 18 03  0. .............
00009ae0: 3f 02 6f 01 ce 00 66 00 2c 00 11 00 05 00 01 00  ?.o...f.,.......
00009af0: 00 00 00 00 00 00 00 00 00 00 00 00 a0 0f 02 00  ................
00009b00: 00 00 0d 00 08 00 78 00 60 00 04 00 04 00 c4 09  ......x.`.......
00009b10: 1c 0c 30 00 20 00 00 00 08 00 14 00 0a 00 00 00  ..0. ...........
00009b20: 00 00 01 00 01 00 01 00 01 00 01 00 01 00 01 00  ................
00009b30: 08 00 08 00 78 00 04 00 08 07 c4 09 40 00 20 00  ....x.......@. .
00009b40: 00 00 08 00 14 00 ff 03 d5 03 5f 03 b9 02 05 02  .........._.....
00009b50: 60 01 dc 00 7e 00 42 00 20 00 0e 00 05 00 02 00  `...~.B. .......
00009b60: 00 00 00 00 00 00 00 00 70 17 02 00 00 00 0d 00  ........p.......
00009b70: 08 00 78 00 60 00 04 00 04 00 08 07 c4 09 40 00  ..x.`.........@.
00009b80: 20 00 00 00 08 00 14 00 0a 00 00 00 01 00 01 00   ...............
00009b90: 01 00 01 00 01 00 01 00 01 00 01 00 08 00 08 00  ................
00009ba0: 78 00 04 00 f0 0a d8 0e 30 00 18 00 00 00 08 00  x.......0.......
00009bb0: 14 00 ff 03 fc 03 f0 03 dc 03 c1 03 a0 03 79 03  ..............y.
00009bc0: 4d 03 1d 03 ea 02 b4 02 7e 02 47 02 10 02 dc 01  M.......~.G.....
00009bd0: a8 01 78 01 dc ff 01 00 00 00 0f 00 10 00 7c 00  ..x...........|.
00009be0: 60 00 04 00 04 00 f0 0a d8 0e 30 00 18 00 00 00  `.........0.....
00009bf0: 08 00 14 00 32 00 00 00 01 00 01 00 01 00 01 00  ....2...........
00009c00: 01 00 01 00 01 00 01 00 08 00 08 00 78 00 04 00  ............x...
00009c10: 58 1b 1c 25 80 00 40 00 00 00 08 00 14 00 ff 03  X..%..@.........
00009c20: f9 03 e6 03 c6 03 9c 03 68 03 2d 03 ec 02 a7 02  ........h.-.....
00009c30: 61 02 1b 02 d8 01 97 01 5b 01 24 01 f2 00 c6 00  a.......[.$.....
00009c40: 40 9c 02 00 00 00 0f 00 08 00 78 00 60 00 04 00  @.........x.`...
00009c50: 04 00 58 1b 1c 25 80 00 40 00 00 00 08 00 14 00  ..X..%..@.......
00009c60: 0a 00 00 00 01 00 01 00 01 00 01 00 01 00 01 00  ................
00009c70: 01 00 01 00 08 00 08 00 78 00 04 00 40 1f 10 27  ........x...@..'
00009c80: 80 00 40 00 00 00 08 00 14 00 ff 03 f9 03 e6 03  ..@.............
00009c90: c6 03 9c 03 68 03 2d 03 ec 02 a7 02 61 02 1b 02  ....h.-.....a...
00009ca0: d8 01 97 01 5b 01 24 01 f2 00 c6 00 40 9c 02 00  ....[.$.....@...
00009cb0: 00 00 0f 00 08 00 78 00 60 00 04 00 04 00 40 1f  ......x.`.....@.
00009cc0: 10 27 80 00 40 00 00 00 08 00 14 00 0a 00 00 00  .'..@...........
00009cd0: 01 00 01 00 01 00 01 00 01 00 01 00 01 00 01 00  ................
00009ce0: 08 00 08 00 78 00 04 00 e8 03 d0 07 40 00 20 00  ....x.......@. .
00009cf0: 00 00 08 00 28 00 ff 03 18 03 6f 01 66 00 11 00  ....(.....o.f...
00009d00: 01 00 00 00 00 00 00 00 00 00 00 00 00 00 00 00  ................
00009d10: 00 00 00 00 00 00 00 00 e8 03 02 00 00 00 0b 00  ................
00009d20: 08 00 78 00 70 00 04 00 04 00 e8 03 d0 07 40 00  ..x.p.........@.
00009d30: 18 00 00 00 08 00 28 00 50 00 00 00 05 00 56 00  ......(.P.....V.
00009d40: 01 00 01 00 14 00 0c 00 1e 00 01 00 14 00 04 00  ................
00009d50: 78 00 01 00 14 00 04 00 78 00 01 00 14 00 0c 00  x.......x.......
00009d60: 1e 00 01 00 14 00 0c 00 1e 00 01 00 14 00 04 00  ................
00009d70: 78 00 01 00 14 00 04 00 78 00 01 00 14 00 04 00  x.......x.......
00009d80: 78 00 01 00 14 00 04 00 78 00 01 00 14 00 04 00  x.......x.......
00009d90: 78 00 06 00 16 00 dc 00 00 00 00 00 37 00 3c 00  x...........7.<.
00009da0: 40 00 40 00 40 00 40 00 07 00 6c 03 00 00 08 00  @.@.@.@...l.....
00009db0: 10 00 18 00 20 00 28 00 30 00 38 00 40 00 48 00  .... .(.0.8.@.H.
00009dc0: 50 00 58 00 60 00 68 00 70 00 78 00 80 00 88 00  P.X.`.h.p.x.....
00009dd0: 90 00 98 00 a0 00 a8 00 b0 00 b8 00 c0 00 c8 00  ................
00009de0: d0 00 d8 00 e0 00 e8 00 f0 00 f8 00 00 01 08 01  ................
00009df0: 10 01 18 01 20 01 28 01 30 01 38 01 40 01 48 01  .... .(.0.8.@.H.
00009e00: 50 01 58 01 60 01 68 01 70 01 78 01 80 01 88 01  P.X.`.h.p.x.....
00009e10: 90 01 98 01 a0 01 a8 01 b0 01 b8 01 c0 01 c8 01  ................
00009e20: d0 01 d8 01 e0 01 e8 01 f0 01 f8 01 00 02 08 02  ................
00009e30: 10 02 18 02 20 02 28 02 30 02 38 02 40 02 48 02  .... .(.0.8.@.H.
00009e40: 50 02 58 02 60 02 68 02 70 02 78 02 80 02 88 02  P.X.`.h.p.x.....
00009e50: 90 02 98 02 a0 02 a8 02 b0 02 b8 02 c0 02 c8 02  ................
00009e60: d0 02 d8 02 e0 02 e8 02 f0 02 f8 02 00 03 08 03  ................
00009e70: 10 03 18 03 20 03 28 03 30 03 38 03 40 03 48 03  .... .(.0.8.@.H.
00009e80: 50 03 58 03 60 03 68 03 70 03 78 03 80 03 88 03  P.X.`.h.p.x.....
00009e90: 90 03 98 03 a0 03 a8 03 b0 03 b8 03 c0 03 c8 03  ................
00009ea0: d0 03 d8 03 e0 03 e8 03 f0 03 f8 03 ff 03 00 00  ................
00009eb0: 08 00 10 00 18 00 20 00 28 00 30 00 38 00 40 00  ...... .(.0.8.@.
00009ec0: 48 00 50 00 58 00 60 00 68 00 70 00 78 00 80 00  H.P.X.`.h.p.x...
00009ed0: 88 00 90 00 98 00 a0 00 a8 00 b0 00 b8 00 c0 00  ................
00009ee0: c8 00 d0 00 d8 00 e0 00 e8 00 f0 00 f8 00 00 01  ................
00009ef0: 08 01 10 01 18 01 20 01 28 01 30 01 38 01 40 01  ...... .(.0.8.@.
00009f00: 48 01 50 01 58 01 60 01 68 01 70 01 78 01 80 01  H.P.X.`.h.p.x...
00009f10: 88 01 90 01 98 01 a0 01 a8 01 b0 01 b8 01 c0 01  ................
00009f20: c8 01 d0 01 d8 01 e0 01 e8 01 f0 01 f8 01 00 02  ................
00009f30: 08 02 10 02 18 02 20 02 28 02 30 02 38 02 40 02  ...... .(.0.8.@.
00009f40: 48 02 50 02 58 02 60 02 68 02 70 02 78 02 80 02  H.P.X.`.h.p.x...
00009f50: 88 02 90 02 98 02 a0 02 a8 02 b0 02 b8 02 c0 02  ................
00009f60: c8 02 d0 02 d8 02 e0 02 e8 02 f0 02 f8 02 00 03  ................
00009f70: 08 03 10 03 18 03 20 03 28 03 30 03 38 03 40 03  ...... .(.0.8.@.
00009f80: 48 03 50 03 58 03 60 03 68 03 70 03 78 03 80 03  H.P.X.`.h.p.x...
00009f90: 88 03 90 03 98 03 a0 03 a8 03 b0 03 b8 03 c0 03  ................
00009fa0: c8 03 d0 03 d8 03 e0 03 e8 03 f0 03 f8 03 ff 03  ................
00009fb0: 00 00 08 00 10 00 18 00 20 00 28 00 30 00 38 00  ........ .(.0.8.
00009fc0: 40 00 48 00 50 00 58 00 60 00 68 00 70 00 78 00  @.H.P.X.`.h.p.x.
00009fd0: 80 00 88 00 90 00 98 00 a0 00 a8 00 b0 00 b8 00  ................
00009fe0: c0 00 c8 00 d0 00 d8 00 e0 00 e8 00 f0 00 f8 00  ................
00009ff0: 00 01 08 01 10 01 18 01 20 01 28 01 30 01 38 01  ........ .(.0.8.
0000a000: 40 01 48 01 50 01 58 01 60 01 68 01 70 01 78 01  @.H.P.X.`.h.p.x.
0000a010: 80 01 88 01 90 01 98 01 a0 01 a8 01 b0 01 b8 01  ................
0000a020: c0 01 c8 01 d0 01 d8 01 e0 01 e8 01 f0 01 f8 01  ................
0000a030: 00 02 08 02 10 02 18 02 20 02 28 02 30 02 38 02  ........ .(.0.8.
0000a040: 40 02 48 02 50 02 58 02 60 02 68 02 70 02 78 02  @.H.P.X.`.h.p.x.
0000a050: 80 02 88 02 90 02 98 02 a0 02 a8 02 b0 02 b8 02  ................
0000a060: c0 02 c8 02 d0 02 d8 02 e0 02 e8 02 f0 02 f8 02  ................
0000a070: 00 03 08 03 10 03 18 03 20 03 28 03 30 03 38 03  ........ .(.0.8.
0000a080: 40 03 48 03 50 03 58 03 60 03 68 03 70 03 78 03  @.H.P.X.`.h.p.x.
0000a090: 80 03 88 03 90 03 98 03 a0 03 a8 03 b0 03 b8 03  ................
0000a0a0: c0 03 c8 03 d0 03 d8 03 e0 03 e8 03 f0 03 f8 03  ................
0000a0b0: ff 03 00 00 80 00 00 00 00 00 00 00 00 00 00 00  ................
0000a0c0: 00 00 00 00 00 00 00 00 00 00 00 00 00 00 00 00  ................
0000a0d0: 00 00 00 00 80 00 00 00 00 00 00 00 00 00 00 00  ................
0000a0e0: 00 00 00 00 00 00 00 00 00 00 00 00 00 00 00 00  ................
0000a0f0: 00 00 00 00 80 00 00 00 00 00 00 00 00 00 00 00  ................
0000a100: 00 00 00 00 00 00 00 00 00 00 00 00 00 00 00 00  ................
0000a110: 00 00 01 00 08 00 88 00 00 00 00 00 00 00 ff 00  ................
0000a120: 00 00 dd 01 09 ff 1a 00 9a ff ad 01 b9 ff eb ff  ................
0000a130: c6 fe 25 02 01 00 00 00 ff 00 00 00 3c 02 11 ff  ..%.........<...
0000a140: b3 ff 6f ff 79 01 18 00 bd ff 4a fe f9 02 01 00  ..o.y.....J.....
0000a150: 00 00 ff 00 00 00 04 02 0c ff f0 ff 7b ff c9 01  ............{...
0000a160: bc ff fe ff be fe 44 02 01 00 00 00 ff 00 00 00  ......D.........
0000a170: dd 01 09 ff 1a 00 c2 ff 85 01 b9 ff 0b 00 c6 fe  ................
0000a180: 2f 02 01 00 00 00 ff 00 00 00 dd 01 d7 fe 4c 00  /.............L.
0000a190: 9a ff ad 01 b9 ff 15 00 fe fd ed 02 09 00 6a 00  ..............j.
0000a1a0: 00 00 07 00 0d 00 01 00 01 00 14 00 07 00 0d 00  ................
0000a1b0: 01 00 00 00 14 00 07 00 0d 00 01 00 01 00 14 00  ................
0000a1c0: 07 00 0d 00 01 00 01 00 14 00 07 00 0d 00 01 00  ................
0000a1d0: 01 00 14 00 07 00 0d 00 01 00 01 00 14 00 07 00  ................
0000a1e0: 0d 00 01 00 01 00 14 00 07 00 0d 00 01 00 01 00  ................
0000a1f0: 14 00 07 00 00 00 01 00 01 00 14 00 07 00 0d 00  ................
0000a200: 01 00 01 00 14 00 0a 00 ee 26 01 00 1f 00 80 00  .........&......
0000a210: 01 00 00 00 00 00 00 00 60 00 c0 00 00 00 10 00  ........`.......
0000a220: 20 00 30 00 40 00 50 00 60 00 70 00 80 00 90 00   .0.@.P.`.p.....
0000a230: a0 00 b0 00 c0 00 d0 00 e0 00 f0 00 00 01 10 01  ................
0000a240: 20 01 30 01 40 01 50 01 60 01 70 01 80 01 90 01   .0.@.P.`.p.....
0000a250: a0 01 b0 01 c0 01 d0 01 e0 01 f0 01 00 02 10 02  ................
0000a260: 20 02 30 02 40 02 50 02 60 02 70 02 80 02 90 02   .0.@.P.`.p.....
0000a270: a0 02 b0 02 c0 02 d0 02 e0 02 f0 02 00 03 10 03  ................
0000a280: 20 03 30 03 40 03 50 03 60 03 70 03 80 03 90 03   .0.@.P.`.p.....
0000a290: a0 03 b0 03 c0 03 d0 03 e0 03 f0 03 ff 03 00 00  ................
0000a2a0: 10 00 20 00 30 00 40 00 50 00 60 00 70 00 80 00  .. .0.@.P.`.p...
0000a2b0: 90 00 a0 00 b0 00 c0 00 d0 00 e0 00 f0 00 00 01  ................
0000a2c0: 10 01 20 01 30 01 40 01 50 01 60 01 70 01 80 01  .. .0.@.P.`.p...
0000a2d0: 90 01 a0 01 b0 01 c0 01 d0 01 e0 01 f0 01 00 02  ................
0000a2e0: 10 02 20 02 30 02 40 02 50 02 60 02 70 02 80 02  .. .0.@.P.`.p...
0000a2f0: 90 02 a0 02 b0 02 c0 02 d0 02 e0 02 f0 02 00 03  ................
0000a300: 10 03 20 03 30 03 40 03 50 03 60 03 70 03 80 03  .. .0.@.P.`.p...
0000a310: 90 03 a0 03 b0 03 c0 03 d0 03 e0 03 f0 03 ff 03  ................
0000a320: 00 00 10 00 20 00 30 00 40 00 50 00 60 00 70 00  .... .0.@.P.`.p.
0000a330: 80 00 90 00 a0 00 b0 00 c0 00 d0 00 e0 00 f0 00  ................
0000a340: 00 01 10 01 20 01 30 01 40 01 50 01 60 01 70 01  .... .0.@.P.`.p.
0000a350: 80 01 90 01 a0 01 b0 01 c0 01 d0 01 e0 01 f0 01  ................
0000a360: 00 02 10 02 20 02 30 02 40 02 50 02 60 02 70 02  .... .0.@.P.`.p.
0000a370: 80 02 90 02 a0 02 b0 02 c0 02 d0 02 e0 02 f0 02  ................
0000a380: 00 03 10 03 20 03 30 03 40 03 50 03 60 03 70 03  .... .0.@.P.`.p.
0000a390: 80 03 90 03 a0 03 b0 03 c0 03 d0 03 e0 03 f0 03  ................
0000a3a0: ff 03 00 00 34 00 60 00 88 00 a4 00 bc 00 d0 00  ....4.`.........
0000a3b0: e4 00 f8 00 08 01 1c 01 2c 01 38 01 48 01 58 01  ........,.8.H.X.
0000a3c0: 64 01 70 01 80 01 8c 01 98 01 a0 01 ac 01 b8 01  d.p.............
0000a3d0: c4 01 d0 01 d8 01 e4 01 f0 01 fc 01 08 02 14 02  ................
0000a3e0: 20 02 2c 02 38 02 48 02 54 02 60 02 70 02 7c 02   .,.8.H.T.`.p.|.
0000a3f0: 8c 02 98 02 a8 02 b8 02 c4 02 d4 02 e0 02 f0 02  ................
0000a400: 00 03 10 03 1c 03 2c 03 3c 03 4c 03 5c 03 68 03  ......,.<.L.\.h.
0000a410: 78 03 88 03 98 03 a8 03 b4 03 c4 03 d4 03 e4 03  x...............
0000a420: f4 03 ff 03 00 00 14 00 24 00 34 00 44 00 54 00  ........$.4.D.T.
0000a430: 68 00 78 00 88 00 9c 00 ac 00 c0 00 d0 00 e4 00  h.x.............
0000a440: f8 00 0c 01 20 01 34 01 4c 01 60 01 74 01 88 01  .... .4.L.`.t...
0000a450: a0 01 b4 01 c8 01 dc 01 f4 01 08 02 1c 02 30 02  ..............0.
0000a460: 40 02 54 02 68 02 78 02 88 02 9c 02 a8 02 b8 02  @.T.h.x.........
0000a470: c8 02 d4 02 e0 02 ec 02 f4 02 00 03 08 03 10 03  ................
0000a480: 1c 03 24 03 2c 03 34 03 40 03 4c 03 58 03 64 03  ..$.,.4.@.L.X.d.
0000a490: 70 03 7c 03 8c 03 98 03 a8 03 b8 03 c4 03 d4 03  p.|.............
0000a4a0: e4 03 f4 03 ff 03 00 00 10 00 20 00 30 00 40 00  .......... .0.@.
0000a4b0: 50 00 60 00 70 00 80 00 90 00 a0 00 b0 00 c0 00  P.`.p...........
0000a4c0: d0 00 e0 00 f0 00 00 01 10 01 20 01 30 01 40 01  .......... .0.@.
0000a4d0: 50 01 60 01 70 01 80 01 90 01 a0 01 b0 01 c0 01  P.`.p...........
0000a4e0: d0 01 e0 01 f0 01 00 02 10 02 20 02 30 02 40 02  .......... .0.@.
0000a4f0: 50 02 60 02 70 02 80 02 90 02 a0 02 b0 02 c0 02  P.`.p...........
0000a500: d0 02 e0 02 f0 02 00 03 10 03 20 03 30 03 40 03  .......... .0.@.
0000a510: 50 03 60 03 70 03 80 03 90 03 a0 03 b0 03 c0 03  P.`.p...........
0000a520: d0 03 e0 03 f0 03 ff 03 00 00 40 00 00 00 00 00  ..........@.....
0000a530: 00 00 00 00 00 00 00 00 00 00 00 00 00 00 00 00  ................
0000a540: 00 00 00 00 00 00 00 00 00 00 40 00 00 00 00 00  ..........@.....
0000a550: 00 00 00 00 00 00 00 00 00 00 00 00 00 00 00 00  ................
0000a560: 00 00 00 00 00 00 00 00 00 00 40 00 00 00 00 00  ..........@.....
0000a570: 00 00 00 00 00 00 00 00 00 00 00 00 00 00 00 00  ................
0000a580: 00 00 00 00 00 00 00 00 00 00 02 00 06 00 0c 00  ................
0000a590: 1b 00 35 00 40 00 00 00 00 00 00 00 00 00 00 00  ..5.@...........
0000a5a0: 00 00 00 00 00 00 00 00 00 00 05 00 0c 00 28 00  ..............(.
0000a5b0: 31 00 40 00 00 00 00 00 00 00 00 00 00 00 00 00  1.@.............
0000a5c0: 00 00 00 00 00 00 00 00 00 00 08 00 10 00 18 00  ................
0000a5d0: 20 00 28 00 30 00 38 00 00 00 00 00 00 00 00 00   .(.0.8.........
0000a5e0: 00 00 00 00 00 00 00 00 00 00 00 00 08 00 00 01  ................
0000a5f0: 1f 00 00 00 01 00 00 00 00 00 00 00 60 00 c0 00  ............`...
0000a600: 00 00 10 00 20 00 30 00 40 00 50 00 60 00 70 00  .... .0.@.P.`.p.
0000a610: 80 00 90 00 a0 00 b0 00 c0 00 d0 00 e0 00 f0 00  ................
0000a620: 00 01 10 01 20 01 30 01 40 01 50 01 60 01 70 01  .... .0.@.P.`.p.
0000a630: 80 01 90 01 a0 01 b0 01 c0 01 d0 01 e0 01 f0 01  ................
0000a640: 00 02 10 02 20 02 30 02 40 02 50 02 60 02 70 02  .... .0.@.P.`.p.
0000a650: 80 02 90 02 a0 02 b0 02 c0 02 d0 02 e0 02 f0 02  ................
0000a660: 00 03 10 03 20 03 30 03 40 03 50 03 60 03 70 03  .... .0.@.P.`.p.
0000a670: 80 03 90 03 a0 03 b0 03 c0 03 d0 03 e0 03 f0 03  ................
0000a680: ff 03 00 00 10 00 20 00 30 00 40 00 50 00 60 00  ...... .0.@.P.`.
0000a690: 70 00 80 00 90 00 a0 00 b0 00 c0 00 d0 00 e0 00  p...............
0000a6a0: f0 00 00 01 10 01 20 01 30 01 40 01 50 01 60 01  ...... .0.@.P.`.
0000a6b0: 70 01 80 01 90 01 a0 01 b0 01 c0 01 d0 01 e0 01  p...............
0000a6c0: f0 01 00 02 10 02 20 02 30 02 40 02 50 02 60 02  ...... .0.@.P.`.
0000a6d0: 70 02 80 02 90 02 a0 02 b0 02 c0 02 d0 02 e0 02  p...............
0000a6e0: f0 02 00 03 10 03 20 03 30 03 40 03 50 03 60 03  ...... .0.@.P.`.
0000a6f0: 70 03 80 03 90 03 a0 03 b0 03 c0 03 d0 03 e0 03  p...............
0000a700: f0 03 ff 03 00 00 10 00 20 00 30 00 40 00 50 00  ........ .0.@.P.
0000a710: 60 00 70 00 80 00 90 00 a0 00 b0 00 c0 00 d0 00  `.p.............
0000a720: e0 00 f0 00 00 01 10 01 20 01 30 01 40 01 50 01  ........ .0.@.P.
0000a730: 60 01 70 01 80 01 90 01 a0 01 b0 01 c0 01 d0 01  `.p.............
0000a740: e0 01 f0 01 00 02 10 02 20 02 30 02 40 02 50 02  ........ .0.@.P.
0000a750: 60 02 70 02 80 02 90 02 a0 02 b0 02 c0 02 d0 02  `.p.............
0000a760: e0 02 f0 02 00 03 10 03 20 03 30 03 40 03 50 03  ........ .0.@.P.
0000a770: 60 03 70 03 80 03 90 03 a0 03 b0 03 c0 03 d0 03  `.p.............
0000a780: e0 03 f0 03 ff 03 00 00 23 00 44 00 64 00 81 00  ........#.D.d...
0000a790: 9c 00 b4 00 ca 00 de 00 f0 00 00 01 10 01 1e 01  ................
0000a7a0: 2c 01 3a 01 48 01 56 01 64 01 72 01 7f 01 8d 01  ,.:.H.V.d.r.....
0000a7b0: 9b 01 a8 01 b6 01 c3 01 d1 01 de 01 ec 01 fa 01  ................
0000a7c0: 07 02 15 02 22 02 30 02 3d 02 4b 02 59 02 66 02  ....".0.=.K.Y.f.
0000a7d0: 74 02 82 02 90 02 9e 02 ab 02 b9 02 c7 02 d5 02  t...............
0000a7e0: e4 02 f2 02 00 03 0e 03 1d 03 2b 03 3a 03 49 03  ..........+.:.I.
0000a7f0: 58 03 67 03 76 03 85 03 94 03 a3 03 b2 03 c2 03  X.g.v...........
0000a800: d1 03 e1 03 f0 03 ff 03 00 00 11 00 22 00 33 00  ............".3.
0000a810: 44 00 54 00 65 00 76 00 87 00 98 00 aa 00 bd 00  D.T.e.v.........
0000a820: d0 00 e5 00 fa 00 0f 01 26 01 3d 01 54 01 6c 01  ........&.=.T.l.
0000a830: 84 01 9c 01 b4 01 cc 01 e4 01 fc 01 13 02 2b 02  ..............+.
0000a840: 41 02 57 02 6d 02 81 02 95 02 a8 02 b9 02 ca 02  A.W.m...........
0000a850: d9 02 e7 02 f3 02 fe 02 08 03 0f 03 15 03 1a 03  ................
0000a860: 1e 03 22 03 26 03 29 03 2e 03 34 03 3b 03 43 03  ..".&.)...4.;.C.
0000a870: 4d 03 58 03 63 03 70 03 7e 03 8d 03 9c 03 ab 03  M.X.c.p.~.......
0000a880: bc 03 cc 03 dd 03 ee 03 ff 03 00 00 10 00 20 00  .............. .
0000a890: 30 00 40 00 50 00 60 00 70 00 80 00 90 00 a0 00  0.@.P.`.p.......
0000a8a0: b0 00 c0 00 d0 00 e0 00 f0 00 00 01 10 01 20 01  .............. .
0000a8b0: 30 01 40 01 50 01 60 01 70 01 80 01 90 01 a0 01  0.@.P.`.p.......
0000a8c0: b0 01 c0 01 d0 01 e0 01 f0 01 00 02 10 02 20 02  .............. .
0000a8d0: 30 02 40 02 50 02 60 02 70 02 80 02 90 02 a0 02  0.@.P.`.p.......
0000a8e0: b0 02 c0 02 d0 02 e0 02 f0 02 00 03 10 03 20 03  .............. .
0000a8f0: 30 03 40 03 50 03 60 03 70 03 80 03 90 03 a0 03  0.@.P.`.p.......
0000a900: b0 03 c0 03 d0 03 e0 03 f0 03 ff 03 00 00 40 00  ..............@.
0000a910: 00 00 00 00 00 00 00 00 00 00 00 00 00 00 00 00  ................
0000a920: 00 00 00 00 00 00 00 00 00 00 00 00 00 00 40 00  ..............@.
0000a930: 00 00 00 00 00 00 00 00 00 00 00 00 00 00 00 00  ................
0000a940: 00 00 00 00 00 00 00 00 00 00 00 00 00 00 40 00  ..............@.
0000a950: 00 00 00 00 00 00 00 00 00 00 00 00 00 00 00 00  ................
0000a960: 00 00 00 00 00 00 00 00 00 00 00 00 00 00 02 00  ................
0000a970: 06 00 0d 00 1b 00 35 00 40 00 00 00 00 00 00 00  ......5.@.......
0000a980: 00 00 00 00 00 00 00 00 00 00 00 00 00 00 05 00  ................
0000a990: 0c 00 28 00 31 00 40 00 00 00 00 00 00 00 00 00  ..(.1.@.........
0000a9a0: 00 00 00 00 00 00 00 00 00 00 00 00 00 00 08 00  ................
0000a9b0: 10 00 18 00 20 00 28 00 30 00 38 00 00 00 00 00  .... .(.0.8.....
0000a9c0: 00 00 00 00 00 00 00 00 00 00 00 00 00 00 00 00  ................
0000a9d0: 08 00 00 01 1f 00 00 00 01 00 00 00 00 00 00 00  ................
0000a9e0: 60 00 c0 00 00 00 10 00 20 00 30 00 40 00 50 00  `....... .0.@.P.
0000a9f0: 60 00 70 00 80 00 90 00 a0 00 b0 00 c0 00 d0 00  `.p.............
0000aa00: e0 00 f0 00 00 01 10 01 20 01 30 01 40 01 50 01  ........ .0.@.P.
0000aa10: 60 01 70 01 80 01 90 01 a0 01 b0 01 c0 01 d0 01  `.p.............
0000aa20: e0 01 f0 01 00 02 10 02 20 02 30 02 40 02 50 02  ........ .0.@.P.
0000aa30: 60 02 70 02 80 02 90 02 a0 02 b0 02 c0 02 d0 02  `.p.............
0000aa40: e0 02 f0 02 00 03 10 03 20 03 30 03 40 03 50 03  ........ .0.@.P.
0000aa50: 60 03 70 03 80 03 90 03 a0 03 b0 03 c0 03 d0 03  `.p.............
0000aa60: e0 03 f0 03 ff 03 00 00 10 00 20 00 30 00 40 00  .......... .0.@.
0000aa70: 50 00 60 00 70 00 80 00 90 00 a0 00 b0 00 c0 00  P.`.p...........
0000aa80: d0 00 e0 00 f0 00 00 01 10 01 20 01 30 01 40 01  .......... .0.@.
0000aa90: 50 01 60 01 70 01 80 01 90 01 a0 01 b0 01 c0 01  P.`.p...........
0000aaa0: d0 01 e0 01 f0 01 00 02 10 02 20 02 30 02 40 02  .......... .0.@.
0000aab0: 50 02 60 02 70 02 80 02 90 02 a0 02 b0 02 c0 02  P.`.p...........
0000aac0: d0 02 e0 02 f0 02 00 03 10 03 20 03 30 03 40 03  .......... .0.@.
0000aad0: 50 03 60 03 70 03 80 03 90 03 a0 03 b0 03 c0 03  P.`.p...........
0000aae0: d0 03 e0 03 f0 03 ff 03 00 00 10 00 20 00 30 00  ............ .0.
0000aaf0: 40 00 50 00 60 00 70 00 80 00 90 00 a0 00 b0 00  @.P.`.p.........
0000ab00: c0 00 d0 00 e0 00 f0 00 00 01 10 01 20 01 30 01  ............ .0.
0000ab10: 40 01 50 01 60 01 70 01 80 01 90 01 a0 01 b0 01  @.P.`.p.........
0000ab20: c0 01 d0 01 e0 01 f0 01 00 02 10 02 20 02 30 02  ............ .0.
0000ab30: 40 02 50 02 60 02 70 02 80 02 90 02 a0 02 b0 02  @.P.`.p.........
0000ab40: c0 02 d0 02 e0 02 f0 02 00 03 10 03 20 03 30 03  ............ .0.
0000ab50: 40 03 50 03 60 03 70 03 80 03 90 03 a0 03 b0 03  @.P.`.p.........
0000ab60: c0 03 d0 03 e0 03 f0 03 ff 03 00 00 25 00 48 00  ............%.H.
0000ab70: 6a 00 88 00 a4 00 bc 00 d1 00 e3 00 f3 00 00 01  j...............
0000ab80: 0d 01 18 01 24 01 30 01 3d 01 4b 01 58 01 66 01  ....$.0.=.K.X.f.
0000ab90: 75 01 83 01 92 01 a1 01 b0 01 bf 01 ce 01 dd 01  u...............
0000aba0: ec 01 fb 01 09 02 18 02 26 02 34 02 42 02 50 02  ........&.4.B.P.
0000abb0: 5e 02 6c 02 79 02 87 02 95 02 a2 02 b0 02 be 02  ^.l.y...........
0000abc0: cb 02 d9 02 e7 02 f4 02 02 03 10 03 1e 03 2c 03  ..............,.
0000abd0: 3b 03 49 03 58 03 66 03 75 03 84 03 93 03 a3 03  ;.I.X.f.u.......
0000abe0: b2 03 c1 03 d1 03 e0 03 f0 03 ff 03 00 00 11 00  ................
0000abf0: 22 00 33 00 44 00 54 00 65 00 76 00 87 00 99 00  ".3.D.T.e.v.....
0000ac00: ab 00 bd 00 d0 00 e4 00 f9 00 0e 01 24 01 3b 01  ............$.;.
0000ac10: 52 01 69 01 80 01 98 01 af 01 c7 01 de 01 f5 01  R.i.............
0000ac20: 0c 02 23 02 39 02 4e 02 63 02 77 02 8a 02 9c 02  ..#.9.N.c.w.....
0000ac30: ad 02 bd 02 cc 02 da 02 e6 02 f1 02 fb 02 03 03  ................
0000ac40: 0a 03 10 03 15 03 1b 03 20 03 26 03 2c 03 34 03  ........ .&.,.4.
0000ac50: 3c 03 46 03 50 03 5b 03 68 03 75 03 82 03 91 03  <.F.P.[.h.u.....
0000ac60: 9f 03 af 03 be 03 ce 03 df 03 ef 03 ff 03 00 00  ................
0000ac70: 10 00 20 00 30 00 40 00 50 00 60 00 70 00 80 00  .. .0.@.P.`.p...
0000ac80: 90 00 a0 00 b0 00 c0 00 d0 00 e0 00 f0 00 00 01  ................
0000ac90: 10 01 20 01 30 01 40 01 50 01 60 01 70 01 80 01  .. .0.@.P.`.p...
0000aca0: 90 01 a0 01 b0 01 c0 01 d0 01 e0 01 f0 01 00 02  ................
0000acb0: 10 02 20 02 30 02 40 02 50 02 60 02 70 02 80 02  .. .0.@.P.`.p...
0000acc0: 90 02 a0 02 b0 02 c0 02 d0 02 e0 02 f0 02 00 03  ................
0000acd0: 10 03 20 03 30 03 40 03 50 03 60 03 70 03 80 03  .. .0.@.P.`.p...
0000ace0: 90 03 a0 03 b0 03 c0 03 d0 03 e0 03 f0 03 ff 03  ................
0000acf0: 00 00 40 00 00 00 00 00 00 00 00 00 00 00 00 00  ..@.............
0000ad00: 00 00 00 00 00 00 00 00 00 00 00 00 00 00 00 00  ................
0000ad10: 00 00 40 00 00 00 00 00 00 00 00 00 00 00 00 00  ..@.............
0000ad20: 00 00 00 00 00 00 00 00 00 00 00 00 00 00 00 00  ................
0000ad30: 00 00 40 00 00 00 00 00 00 00 00 00 00 00 00 00  ..@.............
0000ad40: 00 00 00 00 00 00 00 00 00 00 00 00 00 00 00 00  ................
0000ad50: 00 00 02 00 06 00 0d 00 1b 00 35 00 40 00 00 00  ..........5.@...
0000ad60: 00 00 00 00 00 00 00 00 00 00 00 00 00 00 00 00  ................
0000ad70: 00 00 05 00 0c 00 27 00 31 00 40 00 00 00 00 00  ......'.1.@.....
0000ad80: 00 00 00 00 00 00 00 00 00 00 00 00 00 00 00 00  ................
0000ad90: 00 00 40 00 00 00 00 00 00 00 00 00 00 00 00 00  ..@.............
0000ada0: 00 00 00 00 00 00 00 00 00 00 00 00 00 00 00 00  ................
0000adb0: 00 00 00 00 08 00 00 01 1f 00 00 00 01 00 00 00  ................
0000adc0: 00 00 00 00 60 00 c0 00 00 00 10 00 20 00 30 00  ....`....... .0.
0000add0: 40 00 50 00 60 00 70 00 80 00 90 00 a0 00 b0 00  @.P.`.p.........
0000ade0: c0 00 d0 00 e0 00 f0 00 00 01 10 01 20 01 30 01  ............ .0.
0000adf0: 40 01 50 01 60 01 70 01 80 01 90 01 a0 01 b0 01  @.P.`.p.........
0000ae00: c0 01 d0 01 e0 01 f0 01 00 02 10 02 20 02 30 02  ............ .0.
0000ae10: 40 02 50 02 60 02 70 02 80 02 90 02 a0 02 b0 02  @.P.`.p.........
0000ae20: c0 02 d0 02 e0 02 f0 02 00 03 10 03 20 03 30 03  ............ .0.
0000ae30: 40 03 50 03 60 03 70 03 80 03 90 03 a0 03 b0 03  @.P.`.p.........
0000ae40: c0 03 d0 03 e0 03 f0 03 ff 03 00 00 10 00 20 00  .............. .
0000ae50: 30 00 40 00 50 00 60 00 70 00 80 00 90 00 a0 00  0.@.P.`.p.......
0000ae60: b0 00 c0 00 d0 00 e0 00 f0 00 00 01 10 01 20 01  .............. .
0000ae70: 30 01 40 01 50 01 60 01 70 01 80 01 90 01 a0 01  0.@.P.`.p.......
0000ae80: b0 01 c0 01 d0 01 e0 01 f0 01 00 02 10 02 20 02  .............. .
0000ae90: 30 02 40 02 50 02 60 02 70 02 80 02 90 02 a0 02  0.@.P.`.p.......
0000aea0: b0 02 c0 02 d0 02 e0 02 f0 02 00 03 10 03 20 03  .............. .
0000aeb0: 30 03 40 03 50 03 60 03 70 03 80 03 90 03 a0 03  0.@.P.`.p.......
0000aec0: b0 03 c0 03 d0 03 e0 03 f0 03 ff 03 00 00 10 00  ................
0000aed0: 20 00 30 00 40 00 50 00 60 00 70 00 80 00 90 00   .0.@.P.`.p.....
0000aee0: a0 00 b0 00 c0 00 d0 00 e0 00 f0 00 00 01 10 01  ................
0000aef0: 20 01 30 01 40 01 50 01 60 01 70 01 80 01 90 01   .0.@.P.`.p.....
0000af00: a0 01 b0 01 c0 01 d0 01 e0 01 f0 01 00 02 10 02  ................
0000af10: 20 02 30 02 40 02 50 02 60 02 70 02 80 02 90 02   .0.@.P.`.p.....
0000af20: a0 02 b0 02 c0 02 d0 02 e0 02 f0 02 00 03 10 03  ................
0000af30: 20 03 30 03 40 03 50 03 60 03 70 03 80 03 90 03   .0.@.P.`.p.....
0000af40: a0 03 b0 03 c0 03 d0 03 e0 03 f0 03 ff 03 00 00  ................
0000af50: 33 00 60 00 85 00 a3 00 bb 00 d0 00 e4 00 f7 00  3.`.............
0000af60: 08 01 19 01 29 01 38 01 47 01 55 01 62 01 6f 01  ....).8.G.U.b.o.
0000af70: 7b 01 87 01 92 01 9e 01 a9 01 b4 01 bf 01 ca 01  {...............
0000af80: d5 01 e1 01 ec 01 f8 01 04 02 10 02 1c 02 29 02  ..............).
0000af90: 36 02 43 02 51 02 5e 02 6c 02 7a 02 88 02 96 02  6.C.Q.^.l.z.....
0000afa0: a4 02 b3 02 c1 02 d0 02 df 02 ee 02 fd 02 0c 03  ................
0000afb0: 1b 03 2a 03 39 03 48 03 58 03 67 03 76 03 85 03  ..*.9.H.X.g.v...
0000afc0: 95 03 a4 03 b3 03 c2 03 d2 03 e1 03 f0 03 ff 03  ................
0000afd0: 00 00 11 00 22 00 33 00 44 00 54 00 65 00 77 00  ....".3.D.T.e.w.
0000afe0: 88 00 99 00 ab 00 be 00 d0 00 e3 00 f7 00 0b 01  ................
0000aff0: 1f 01 34 01 48 01 5d 01 72 01 87 01 9c 01 b1 01  ..4.H.].r.......
0000b000: c6 01 db 01 ef 01 03 02 17 02 2b 02 3e 02 51 02  ..........+.>.Q.
0000b010: 63 02 75 02 86 02 96 02 a6 02 b4 02 c2 02 d0 02  c.u.............
0000b020: dc 02 e7 02 f2 02 fb 02 05 03 0e 03 17 03 20 03  .............. .
0000b030: 2a 03 34 03 3e 03 4a 03 55 03 62 03 6e 03 7c 03  *.4.>.J.U.b.n.|.
0000b040: 89 03 97 03 a6 03 b4 03 c3 03 d2 03 e1 03 f0 03  ................
0000b050: ff 03 00 00 10 00 20 00 30 00 40 00 50 00 60 00  ...... .0.@.P.`.
0000b060: 70 00 80 00 90 00 a0 00 b0 00 c0 00 d0 00 e0 00  p...............
0000b070: f0 00 00 01 10 01 20 01 30 01 40 01 50 01 60 01  ...... .0.@.P.`.
0000b080: 70 01 80 01 90 01 a0 01 b0 01 c0 01 d0 01 e0 01  p...............
0000b090: f0 01 00 02 10 02 20 02 30 02 40 02 50 02 60 02  ...... .0.@.P.`.
0000b0a0: 70 02 80 02 90 02 a0 02 b0 02 c0 02 d0 02 e0 02  p...............
0000b0b0: f0 02 00 03 10 03 20 03 30 03 40 03 50 03 60 03  ...... .0.@.P.`.
0000b0c0: 70 03 80 03 90 03 a0 03 b0 03 c0 03 d0 03 e0 03  p...............
0000b0d0: f0 03 ff 03 00 00 40 00 00 00 00 00 00 00 00 00  ......@.........
0000b0e0: 00 00 00 00 00 00 00 00 00 00 00 00 00 00 00 00  ................
0000b0f0: 00 00 00 00 00 00 40 00 00 00 00 00 00 00 00 00  ......@.........
0000b100: 00 00 00 00 00 00 00 00 00 00 00 00 00 00 00 00  ................
0000b110: 00 00 00 00 00 00 40 00 00 00 00 00 00 00 00 00  ......@.........
0000b120: 00 00 00 00 00 00 00 00 00 00 00 00 00 00 00 00  ................
0000b130: 00 00 00 00 00 00 02 00 06 00 0c 00 1b 00 35 00  ..............5.
0000b140: 40 00 00 00 00 00 00 00 00 00 00 00 00 00 00 00  @...............
0000b150: 00 00 00 00 00 00 05 00 0c 00 28 00 31 00 40 00  ..........(.1.@.
0000b160: 00 00 00 00 00 00 00 00 00 00 00 00 00 00 00 00  ................
0000b170: 00 00 00 00 00 00 40 00 00 00 00 00 00 00 00 00  ......@.........
0000b180: 00 00 00 00 00 00 00 00 00 00 00 00 00 00 00 00  ................
0000b190: 00 00 00 00 00 00 00 00 08 00 00 01 1f 00 00 00  ................
0000b1a0: 01 00 00 00 00 00 00 00 60 00 c0 00 00 00 10 00  ........`.......
0000b1b0: 20 00 30 00 40 00 50 00 60 00 70 00 80 00 90 00   .0.@.P.`.p.....
0000b1c0: a0 00 b0 00 c0 00 d0 00 e0 00 f0 00 00 01 10 01  ................
0000b1d0: 20 01 30 01 40 01 50 01 60 01 70 01 80 01 90 01   .0.@.P.`.p.....
0000b1e0: a0 01 b0 01 c0 01 d0 01 e0 01 f0 01 00 02 10 02  ................
0000b1f0: 20 02 30 02 40 02 50 02 60 02 70 02 80 02 90 02   .0.@.P.`.p.....
0000b200: a0 02 b0 02 c0 02 d0 02 e0 02 f0 02 00 03 10 03  ................
0000b210: 20 03 30 03 40 03 50 03 60 03 70 03 80 03 90 03   .0.@.P.`.p.....
0000b220: a0 03 b0 03 c0 03 d0 03 e0 03 f0 03 ff 03 00 00  ................
0000b230: 10 00 20 00 30 00 40 00 50 00 60 00 70 00 80 00  .. .0.@.P.`.p...
0000b240: 90 00 a0 00 b0 00 c0 00 d0 00 e0 00 f0 00 00 01  ................
0000b250: 10 01 20 01 30 01 40 01 50 01 60 01 70 01 80 01  .. .0.@.P.`.p...
0000b260: 90 01 a0 01 b0 01 c0 01 d0 01 e0 01 f0 01 00 02  ................
0000b270: 10 02 20 02 30 02 40 02 50 02 60 02 70 02 80 02  .. .0.@.P.`.p...
0000b280: 90 02 a0 02 b0 02 c0 02 d0 02 e0 02 f0 02 00 03  ................
0000b290: 10 03 20 03 30 03 40 03 50 03 60 03 70 03 80 03  .. .0.@.P.`.p...
0000b2a0: 90 03 a0 03 b0 03 c0 03 d0 03 e0 03 f0 03 ff 03  ................
0000b2b0: 00 00 10 00 20 00 30 00 40 00 50 00 60 00 70 00  .... .0.@.P.`.p.
0000b2c0: 80 00 90 00 a0 00 b0 00 c0 00 d0 00 e0 00 f0 00  ................
0000b2d0: 00 01 10 01 20 01 30 01 40 01 50 01 60 01 70 01  .... .0.@.P.`.p.
0000b2e0: 80 01 90 01 a0 01 b0 01 c0 01 d0 01 e0 01 f0 01  ................
0000b2f0: 00 02 10 02 20 02 30 02 40 02 50 02 60 02 70 02  .... .0.@.P.`.p.
0000b300: 80 02 90 02 a0 02 b0 02 c0 02 d0 02 e0 02 f0 02  ................
0000b310: 00 03 10 03 20 03 30 03 40 03 50 03 60 03 70 03  .... .0.@.P.`.p.
0000b320: 80 03 90 03 a0 03 b0 03 c0 03 d0 03 e0 03 f0 03  ................
0000b330: ff 03 00 00 21 00 40 00 5d 00 77 00 8f 00 a4 00  ....!.@.].w.....
0000b340: b7 00 c8 00 d7 00 e6 00 f3 00 00 01 0e 01 1b 01  ................
0000b350: 29 01 36 01 44 01 52 01 60 01 6f 01 7d 01 8b 01  ).6.D.R.`.o.}...
0000b360: 9a 01 a8 01 b7 01 c5 01 d4 01 e3 01 f1 01 00 02  ................
0000b370: 0f 02 1d 02 2c 02 3b 02 4a 02 59 02 67 02 76 02  ....,.;.J.Y.g.v.
0000b380: 85 02 94 02 a3 02 b2 02 c1 02 d0 02 df 02 ee 02  ................
0000b390: fd 02 0c 03 1b 03 2a 03 39 03 48 03 58 03 67 03  ......*.9.H.X.g.
0000b3a0: 76 03 85 03 95 03 a4 03 b3 03 c2 03 d2 03 e1 03  v...............
0000b3b0: f0 03 ff 03 00 00 11 00 22 00 33 00 44 00 54 00  ........".3.D.T.
0000b3c0: 65 00 77 00 88 00 99 00 ab 00 be 00 d0 00 e3 00  e.w.............
0000b3d0: f7 00 0b 01 1f 01 34 01 48 01 5d 01 72 01 87 01  ......4.H.].r...
0000b3e0: 9c 01 b1 01 c6 01 db 01 ef 01 03 02 17 02 2b 02  ..............+.
0000b3f0: 3e 02 51 02 63 02 75 02 86 02 96 02 a6 02 b4 02  >.Q.c.u.........
0000b400: c2 02 d0 02 dc 02 e7 02 f2 02 fb 02 05 03 0e 03  ................
0000b410: 17 03 20 03 2a 03 34 03 3e 03 4a 03 55 03 62 03  .. .*.4.>.J.U.b.
0000b420: 6e 03 7c 03 89 03 97 03 a6 03 b4 03 c3 03 d2 03  n.|.............
0000b430: e1 03 f0 03 ff 03 00 00 10 00 20 00 30 00 40 00  .......... .0.@.
0000b440: 50 00 60 00 70 00 80 00 90 00 a0 00 b0 00 c0 00  P.`.p...........
0000b450: d0 00 e0 00 f0 00 00 01 10 01 20 01 30 01 40 01  .......... .0.@.
0000b460: 50 01 60 01 70 01 80 01 90 01 a0 01 b0 01 c0 01  P.`.p...........
0000b470: d0 01 e0 01 f0 01 00 02 10 02 20 02 30 02 40 02  .......... .0.@.
0000b480: 50 02 60 02 70 02 80 02 90 02 a0 02 b0 02 c0 02  P.`.p...........
0000b490: d0 02 e0 02 f0 02 00 03 10 03 20 03 30 03 40 03  .......... .0.@.
0000b4a0: 50 03 60 03 70 03 80 03 90 03 a0 03 b0 03 c0 03  P.`.p...........
0000b4b0: d0 03 e0 03 f0 03 ff 03 00 00 40 00 00 00 00 00  ..........@.....
0000b4c0: 00 00 00 00 00 00 00 00 00 00 00 00 00 00 00 00  ................
0000b4d0: 00 00 00 00 00 00 00 00 00 00 40 00 00 00 00 00  ..........@.....
0000b4e0: 00 00 00 00 00 00 00 00 00 00 00 00 00 00 00 00  ................
0000b4f0: 00 00 00 00 00 00 00 00 00 00 40 00 00 00 00 00  ..........@.....
0000b500: 00 00 00 00 00 00 00 00 00 00 00 00 00 00 00 00  ................
0000b510: 00 00 00 00 00 00 00 00 00 00 02 00 06 00 0c 00  ................
0000b520: 1b 00 35 00 40 00 00 00 00 00 00 00 00 00 00 00  ..5.@...........
0000b530: 00 00 00 00 00 00 00 00 00 00 05 00 0c 00 28 00  ..............(.
0000b540: 31 00 40 00 00 00 00 00 00 00 00 00 00 00 00 00  1.@.............
0000b550: 00 00 00 00 00 00 00 00 00 00 40 00 00 00 00 00  ..........@.....
0000b560: 00 00 00 00 00 00 00 00 00 00 00 00 00 00 00 00  ................
0000b570: 00 00 00 00 00 00 00 00 00 00 00 00 08 00 c8 00  ................
0000b580: 1f 00 00 00 01 00 00 00 00 00 00 00 60 00 c0 00  ............`...
0000b590: 00 00 10 00 20 00 30 00 40 00 50 00 60 00 70 00  .... .0.@.P.`.p.
0000b5a0: 80 00 90 00 a0 00 b0 00 c0 00 d0 00 e0 00 f0 00  ................
0000b5b0: 00 01 10 01 20 01 30 01 40 01 50 01 60 01 70 01  .... .0.@.P.`.p.
0000b5c0: 80 01 90 01 a0 01 b0 01 c0 01 d0 01 e0 01 f0 01  ................
0000b5d0: 00 02 10 02 20 02 30 02 40 02 50 02 60 02 70 02  .... .0.@.P.`.p.
0000b5e0: 80 02 90 02 a0 02 b0 02 c0 02 d0 02 e0 02 f0 02  ................
0000b5f0: 00 03 10 03 20 03 30 03 40 03 50 03 60 03 70 03  .... .0.@.P.`.p.
0000b600: 80 03 90 03 a0 03 b0 03 c0 03 d0 03 e0 03 f0 03  ................
0000b610: ff 03 00 00 10 00 20 00 30 00 40 00 50 00 60 00  ...... .0.@.P.`.
0000b620: 70 00 80 00 90 00 a0 00 b0 00 c0 00 d0 00 e0 00  p...............
0000b630: f0 00 00 01 10 01 20 01 30 01 40 01 50 01 60 01  ...... .0.@.P.`.
0000b640: 70 01 80 01 90 01 a0 01 b0 01 c0 01 d0 01 e0 01  p...............
0000b650: f0 01 00 02 10 02 20 02 30 02 40 02 50 02 60 02  ...... .0.@.P.`.
0000b660: 70 02 80 02 90 02 a0 02 b0 02 c0 02 d0 02 e0 02  p...............
0000b670: f0 02 00 03 10 03 20 03 30 03 40 03 50 03 60 03  ...... .0.@.P.`.
0000b680: 70 03 80 03 90 03 a0 03 b0 03 c0 03 d0 03 e0 03  p...............
0000b690: f0 03 ff 03 00 00 10 00 20 00 30 00 40 00 50 00  ........ .0.@.P.
0000b6a0: 60 00 70 00 80 00 90 00 a0 00 b0 00 c0 00 d0 00  `.p.............
0000b6b0: e0 00 f0 00 00 01 10 01 20 01 30 01 40 01 50 01  ........ .0.@.P.
0000b6c0: 60 01 70 01 80 01 90 01 a0 01 b0 01 c0 01 d0 01  `.p.............
0000b6d0: e0 01 f0 01 00 02 10 02 20 02 30 02 40 02 50 02  ........ .0.@.P.
0000b6e0: 60 02 70 02 80 02 90 02 a0 02 b0 02 c0 02 d0 02  `.p.............
0000b6f0: e0 02 f0 02 00 03 10 03 20 03 30 03 40 03 50 03  ........ .0.@.P.
0000b700: 60 03 70 03 80 03 90 03 a0 03 b0 03 c0 03 d0 03  `.p.............
0000b710: e0 03 f0 03 ff 03 00 00 21 00 40 00 5d 00 77 00  ........!.@.].w.
0000b720: 8f 00 a4 00 b7 00 c8 00 d7 00 e6 00 f3 00 00 01  ................
0000b730: 0e 01 1b 01 29 01 36 01 44 01 52 01 60 01 6f 01  ....).6.D.R.`.o.
0000b740: 7d 01 8b 01 9a 01 a8 01 b7 01 c5 01 d4 01 e3 01  }...............
0000b750: f1 01 00 02 0f 02 1d 02 2c 02 3b 02 4a 02 59 02  ........,.;.J.Y.
0000b760: 67 02 76 02 85 02 94 02 a3 02 b2 02 c1 02 d0 02  g.v.............
0000b770: df 02 ee 02 fd 02 0c 03 1b 03 2a 03 39 03 48 03  ..........*.9.H.
0000b780: 58 03 67 03 76 03 85 03 95 03 a4 03 b3 03 c2 03  X.g.v...........
0000b790: d2 03 e1 03 f0 03 ff 03 00 00 11 00 22 00 33 00  ............".3.
0000b7a0: 44 00 54 00 65 00 77 00 88 00 99 00 ab 00 be 00  D.T.e.w.........
0000b7b0: d0 00 e3 00 f7 00 0b 01 1f 01 34 01 48 01 5d 01  ..........4.H.].
0000b7c0: 72 01 87 01 9c 01 b1 01 c6 01 db 01 ef 01 03 02  r...............
0000b7d0: 17 02 2b 02 3e 02 51 02 63 02 75 02 86 02 96 02  ..+.>.Q.c.u.....
0000b7e0: a6 02 b4 02 c2 02 d0 02 dc 02 e7 02 f2 02 fb 02  ................
0000b7f0: 05 03 0e 03 17 03 20 03 2a 03 34 03 3e 03 4a 03  ...... .*.4.>.J.
0000b800: 55 03 62 03 6e 03 7c 03 89 03 97 03 a6 03 b4 03  U.b.n.|.........
0000b810: c3 03 d2 03 e1 03 f0 03 ff 03 00 00 10 00 20 00  .............. .
0000b820: 30 00 40 00 50 00 60 00 70 00 80 00 90 00 a0 00  0.@.P.`.p.......
0000b830: b0 00 c0 00 d0 00 e0 00 f0 00 00 01 10 01 20 01  .............. .
0000b840: 30 01 40 01 50 01 60 01 70 01 80 01 90 01 a0 01  0.@.P.`.p.......
0000b850: b0 01 c0 01 d0 01 e0 01 f0 01 00 02 10 02 20 02  .............. .
0000b860: 30 02 40 02 50 02 60 02 70 02 80 02 90 02 a0 02  0.@.P.`.p.......
0000b870: b0 02 c0 02 d0 02 e0 02 f0 02 00 03 10 03 20 03  .............. .
0000b880: 30 03 40 03 50 03 60 03 70 03 80 03 90 03 a0 03  0.@.P.`.p.......
0000b890: b0 03 c0 03 d0 03 e0 03 f0 03 ff 03 00 00 40 00  ..............@.
0000b8a0: 00 00 00 00 00 00 00 00 00 00 00 00 00 00 00 00  ................
0000b8b0: 00 00 00 00 00 00 00 00 00 00 00 00 00 00 40 00  ..............@.
0000b8c0: 00 00 00 00 00 00 00 00 00 00 00 00 00 00 00 00  ................
0000b8d0: 00 00 00 00 00 00 00 00 00 00 00 00 00 00 40 00  ..............@.
0000b8e0: 00 00 00 00 00 00 00 00 00 00 00 00 00 00 00 00  ................
0000b8f0: 00 00 00 00 00 00 00 00 00 00 00 00 00 00 02 00  ................
0000b900: 06 00 0c 00 1b 00 35 00 40 00 00 00 00 00 00 00  ......5.@.......
0000b910: 00 00 00 00 00 00 00 00 00 00 00 00 00 00 05 00  ................
0000b920: 0c 00 28 00 31 00 40 00 00 00 00 00 00 00 00 00  ..(.1.@.........
0000b930: 00 00 00 00 00 00 00 00 00 00 00 00 00 00 40 00  ..............@.
0000b940: 00 00 00 00 00 00 00 00 00 00 00 00 00 00 00 00  ................
0000b950: 00 00 00 00 00 00 00 00 00 00 00 00 00 00 00 00  ................
0000b960: 08 00 c8 00 1f 00 00 00 01 00 00 00 00 00 00 00  ................
0000b970: 60 00 c0 00 00 00 10 00 20 00 30 00 40 00 50 00  `....... .0.@.P.
0000b980: 60 00 70 00 80 00 90 00 a0 00 b0 00 c0 00 d0 00  `.p.............
0000b990: e0 00 f0 00 00 01 10 01 20 01 30 01 40 01 50 01  ........ .0.@.P.
0000b9a0: 60 01 70 01 80 01 90 01 a0 01 b0 01 c0 01 d0 01  `.p.............
0000b9b0: e0 01 f0 01 00 02 10 02 20 02 30 02 40 02 50 02  ........ .0.@.P.
0000b9c0: 60 02 70 02 80 02 90 02 a0 02 b0 02 c0 02 d0 02  `.p.............
0000b9d0: e0 02 f0 02 00 03 10 03 20 03 30 03 40 03 50 03  ........ .0.@.P.
0000b9e0: 60 03 70 03 80 03 90 03 a0 03 b0 03 c0 03 d0 03  `.p.............
0000b9f0: e0 03 f0 03 ff 03 00 00 10 00 20 00 30 00 40 00  .......... .0.@.
0000ba00: 50 00 60 00 70 00 80 00 90 00 a0 00 b0 00 c0 00  P.`.p...........
0000ba10: d0 00 e0 00 f0 00 00 01 10 01 20 01 30 01 40 01  .......... .0.@.
0000ba20: 50 01 60 01 70 01 80 01 90 01 a0 01 b0 01 c0 01  P.`.p...........
0000ba30: d0 01 e0 01 f0 01 00 02 10 02 20 02 30 02 40 02  .......... .0.@.
0000ba40: 50 02 60 02 70 02 80 02 90 02 a0 02 b0 02 c0 02  P.`.p...........
0000ba50: d0 02 e0 02 f0 02 00 03 10 03 20 03 30 03 40 03  .......... .0.@.
0000ba60: 50 03 60 03 70 03 80 03 90 03 a0 03 b0 03 c0 03  P.`.p...........
0000ba70: d0 03 e0 03 f0 03 ff 03 00 00 10 00 20 00 30 00  ............ .0.
0000ba80: 40 00 50 00 60 00 70 00 80 00 90 00 a0 00 b0 00  @.P.`.p.........
0000ba90: c0 00 d0 00 e0 00 f0 00 00 01 10 01 20 01 30 01  ............ .0.
0000baa0: 40 01 50 01 60 01 70 01 80 01 90 01 a0 01 b0 01  @.P.`.p.........
0000bab0: c0 01 d0 01 e0 01 f0 01 00 02 10 02 20 02 30 02  ............ .0.
0000bac0: 40 02 50 02 60 02 70 02 80 02 90 02 a0 02 b0 02  @.P.`.p.........
0000bad0: c0 02 d0 02 e0 02 f0 02 00 03 10 03 20 03 30 03  ............ .0.
0000bae0: 40 03 50 03 60 03 70 03 80 03 90 03 a0 03 b0 03  @.P.`.p.........
0000baf0: c0 03 d0 03 e0 03 f0 03 ff 03 00 00 32 00 5c 00  ............2.\.
0000bb00: 79 00 8b 00 98 00 a6 00 b5 00 c5 00 d5 00 e5 00  y...............
0000bb10: f4 00 03 01 12 01 20 01 2d 01 3b 01 48 01 54 01  ...... .-.;.H.T.
0000bb20: 61 01 6d 01 79 01 85 01 92 01 9e 01 aa 01 b7 01  a.m.y...........
0000bb30: c4 01 d1 01 df 01 ed 01 fb 01 0a 02 19 02 28 02  ..............(.
0000bb40: 37 02 46 02 56 02 65 02 75 02 85 02 95 02 a6 02  7.F.V.e.u.......
0000bb50: b6 02 c6 02 d6 02 e7 02 f7 02 07 03 18 03 28 03  ..............(.
0000bb60: 38 03 48 03 58 03 67 03 77 03 86 03 96 03 a5 03  8.H.X.g.w.......
0000bb70: b4 03 c3 03 d2 03 e1 03 f1 03 ff 03 00 00 11 00  ................
0000bb80: 22 00 33 00 44 00 54 00 65 00 77 00 88 00 99 00  ".3.D.T.e.w.....
0000bb90: ab 00 be 00 d0 00 e3 00 f7 00 0b 01 1f 01 34 01  ..............4.
0000bba0: 48 01 5d 01 72 01 87 01 9c 01 b1 01 c6 01 db 01  H.].r...........
0000bbb0: ef 01 03 02 17 02 2b 02 3e 02 51 02 63 02 75 02  ......+.>.Q.c.u.
0000bbc0: 86 02 96 02 a6 02 b4 02 c2 02 d0 02 dc 02 e7 02  ................
0000bbd0: f2 02 fb 02 05 03 0e 03 17 03 20 03 2a 03 34 03  .......... .*.4.
0000bbe0: 3e 03 4a 03 55 03 62 03 6e 03 7c 03 89 03 97 03  >.J.U.b.n.|.....
0000bbf0: a6 03 b4 03 c3 03 d2 03 e1 03 f0 03 ff 03 00 00  ................
0000bc00: 10 00 20 00 30 00 40 00 50 00 60 00 70 00 80 00  .. .0.@.P.`.p...
0000bc10: 90 00 a0 00 b0 00 c0 00 d0 00 e0 00 f0 00 00 01  ................
0000bc20: 10 01 20 01 30 01 40 01 50 01 60 01 70 01 80 01  .. .0.@.P.`.p...
0000bc30: 90 01 a0 01 b0 01 c0 01 d0 01 e0 01 f0 01 00 02  ................
0000bc40: 10 02 20 02 30 02 40 02 50 02 60 02 70 02 80 02  .. .0.@.P.`.p...
0000bc50: 90 02 a0 02 b0 02 c0 02 d0 02 e0 02 f0 02 00 03  ................
0000bc60: 10 03 20 03 30 03 40 03 50 03 60 03 70 03 80 03  .. .0.@.P.`.p...
0000bc70: 90 03 a0 03 b0 03 c0 03 d0 03 e0 03 f0 03 ff 03  ................
0000bc80: 00 00 40 00 00 00 00 00 00 00 00 00 00 00 00 00  ..@.............
0000bc90: 00 00 00 00 00 00 00 00 00 00 00 00 00 00 00 00  ................
0000bca0: 00 00 40 00 00 00 00 00 00 00 00 00 00 00 00 00  ..@.............
0000bcb0: 00 00 00 00 00 00 00 00 00 00 00 00 00 00 00 00  ................
0000bcc0: 00 00 40 00 00 00 00 00 00 00 00 00 00 00 00 00  ..@.............
0000bcd0: 00 00 00 00 00 00 00 00 00 00 00 00 00 00 00 00  ................
0000bce0: 00 00 02 00 05 00 0b 00 1b 00 35 00 40 00 00 00  ..........5.@...
0000bcf0: 00 00 00 00 00 00 00 00 00 00 00 00 00 00 00 00  ................
0000bd00: 00 00 05 00 0c 00 28 00 31 00 40 00 00 00 00 00  ......(.1.@.....
0000bd10: 00 00 00 00 00 00 00 00 00 00 00 00 00 00 00 00  ................
0000bd20: 00 00 40 00 00 00 00 00 00 00 00 00 00 00 00 00  ..@.............
0000bd30: 00 00 00 00 00 00 00 00 00 00 00 00 00 00 00 00  ................
0000bd40: 00 00 00 00 08 00 c8 00 1f 00 00 00 01 00 00 00  ................
0000bd50: 00 00 00 00 60 00 c0 00 00 00 10 00 20 00 30 00  ....`....... .0.
0000bd60: 40 00 50 00 60 00 70 00 80 00 90 00 a0 00 b0 00  @.P.`.p.........
0000bd70: c0 00 d0 00 e0 00 f0 00 00 01 10 01 20 01 30 01  ............ .0.
0000bd80: 40 01 50 01 60 01 70 01 80 01 90 01 a0 01 b0 01  @.P.`.p.........
0000bd90: c0 01 d0 01 e0 01 f0 01 00 02 10 02 20 02 30 02  ............ .0.
0000bda0: 40 02 50 02 60 02 70 02 80 02 90 02 a0 02 b0 02  @.P.`.p.........
0000bdb0: c0 02 d0 02 e0 02 f0 02 00 03 10 03 20 03 30 03  ............ .0.
0000bdc0: 40 03 50 03 60 03 70 03 80 03 90 03 a0 03 b0 03  @.P.`.p.........
0000bdd0: c0 03 d0 03 e0 03 f0 03 ff 03 00 00 10 00 20 00  .............. .
0000bde0: 30 00 40 00 50 00 60 00 70 00 80 00 90 00 a0 00  0.@.P.`.p.......
0000bdf0: b0 00 c0 00 d0 00 e0 00 f0 00 00 01 10 01 20 01  .............. .
0000be00: 30 01 40 01 50 01 60 01 70 01 80 01 90 01 a0 01  0.@.P.`.p.......
0000be10: b0 01 c0 01 d0 01 e0 01 f0 01 00 02 10 02 20 02  .............. .
0000be20: 30 02 40 02 50 02 60 02 70 02 80 02 90 02 a0 02  0.@.P.`.p.......
0000be30: b0 02 c0 02 d0 02 e0 02 f0 02 00 03 10 03 20 03  .............. .
0000be40: 30 03 40 03 50 03 60 03 70 03 80 03 90 03 a0 03  0.@.P.`.p.......
0000be50: b0 03 c0 03 d0 03 e0 03 f0 03 ff 03 00 00 10 00  ................
0000be60: 20 00 30 00 40 00 50 00 60 00 70 00 80 00 90 00   .0.@.P.`.p.....
0000be70: a0 00 b0 00 c0 00 d0 00 e0 00 f0 00 00 01 10 01  ................
0000be80: 20 01 30 01 40 01 50 01 60 01 70 01 80 01 90 01   .0.@.P.`.p.....
0000be90: a0 01 b0 01 c0 01 d0 01 e0 01 f0 01 00 02 10 02  ................
0000bea0: 20 02 30 02 40 02 50 02 60 02 70 02 80 02 90 02   .0.@.P.`.p.....
0000beb0: a0 02 b0 02 c0 02 d0 02 e0 02 f0 02 00 03 10 03  ................
0000bec0: 20 03 30 03 40 03 50 03 60 03 70 03 80 03 90 03   .0.@.P.`.p.....
0000bed0: a0 03 b0 03 c0 03 d0 03 e0 03 f0 03 ff 03 00 00  ................
0000bee0: 32 00 60 00 86 00 a4 00 bc 00 d0 00 e4 00 f6 00  2.`.............
0000bef0: 08 01 19 01 29 01 38 01 47 01 55 01 63 01 70 01  ....).8.G.U.c.p.
0000bf00: 7c 01 88 01 94 01 a0 01 ab 01 b6 01 c1 01 cc 01  |...............
0000bf10: d8 01 e3 01 ee 01 fa 01 06 02 12 02 1e 02 2b 02  ..............+.
0000bf20: 38 02 45 02 52 02 60 02 6d 02 7b 02 89 02 97 02  8.E.R.`.m.{.....
0000bf30: a5 02 b4 02 c2 02 d1 02 e0 02 ef 02 fd 02 0c 03  ................
0000bf40: 1b 03 2b 03 3a 03 49 03 58 03 67 03 76 03 86 03  ..+.:.I.X.g.v...
0000bf50: 95 03 a4 03 b3 03 c3 03 d2 03 e1 03 f0 03 ff 03  ................
0000bf60: 00 00 11 00 22 00 32 00 43 00 54 00 65 00 76 00  ....".2.C.T.e.v.
0000bf70: 87 00 99 00 ab 00 be 00 d0 00 e4 00 f7 00 0b 01  ................
0000bf80: 20 01 34 01 49 01 5e 01 73 01 88 01 9d 01 b2 01   .4.I.^.s.......
0000bf90: c7 01 dc 01 f1 01 05 02 19 02 2d 02 40 02 53 02  ..........-.@.S.
0000bfa0: 65 02 77 02 88 02 98 02 a8 02 b7 02 c5 02 d2 02  e.w.............
0000bfb0: de 02 e9 02 f4 02 fd 02 06 03 0f 03 18 03 21 03  ..............!.
0000bfc0: 2a 03 34 03 3e 03 49 03 55 03 61 03 6e 03 7b 03  *.4.>.I.U.a.n.{.
0000bfd0: 89 03 97 03 a5 03 b4 03 c2 03 d2 03 e1 03 f0 03  ................
0000bfe0: ff 03 00 00 10 00 20 00 30 00 40 00 50 00 60 00  ...... .0.@.P.`.
0000bff0: 70 00 80 00 90 00 a0 00 b0 00 c0 00 d0 00 e0 00  p...............
0000c000: f0 00 00 01 10 01 20 01 30 01 40 01 50 01 60 01  ...... .0.@.P.`.
0000c010: 70 01 80 01 90 01 a0 01 b0 01 c0 01 d0 01 e0 01  p...............
0000c020: f0 01 00 02 10 02 20 02 30 02 40 02 50 02 60 02  ...... .0.@.P.`.
0000c030: 70 02 80 02 90 02 a0 02 b0 02 c0 02 d0 02 e0 02  p...............
0000c040: f0 02 00 03 10 03 20 03 30 03 40 03 50 03 60 03  ...... .0.@.P.`.
0000c050: 70 03 80 03 90 03 a0 03 b0 03 c0 03 d0 03 e0 03  p...............
0000c060: f0 03 ff 03 00 00 40 00 00 00 00 00 00 00 00 00  ......@.........
0000c070: 00 00 00 00 00 00 00 00 00 00 00 00 00 00 00 00  ................
0000c080: 00 00 00 00 00 00 40 00 00 00 00 00 00 00 00 00  ......@.........
0000c090: 00 00 00 00 00 00 00 00 00 00 00 00 00 00 00 00  ................
0000c0a0: 00 00 00 00 00 00 40 00 00 00 00 00 00 00 00 00  ......@.........
0000c0b0: 00 00 00 00 00 00 00 00 00 00 00 00 00 00 00 00  ................
0000c0c0: 00 00 00 00 00 00 02 00 06 00 0c 00 1b 00 35 00  ..............5.
0000c0d0: 40 00 00 00 00 00 00 00 00 00 00 00 00 00 00 00  @...............
0000c0e0: 00 00 00 00 00 00 05 00 0c 00 28 00 31 00 40 00  ..........(.1.@.
0000c0f0: 00 00 00 00 00 00 00 00 00 00 00 00 00 00 00 00  ................
0000c100: 00 00 00 00 00 00 40 00 00 00 00 00 00 00 00 00  ......@.........
0000c110: 00 00 00 00 00 00 00 00 00 00 00 00 00 00 00 00  ................
0000c120: 00 00 00 00 00 00 00 00 08 00 c8 00 1f 00 00 00  ................
0000c130: 01 00 00 00 00 00 00 00 60 00 bf 00 00 00 10 00  ........`.......
0000c140: 20 00 30 00 40 00 50 00 60 00 70 00 80 00 90 00   .0.@.P.`.p.....
0000c150: a0 00 b0 00 c0 00 d0 00 e0 00 f0 00 00 01 10 01  ................
0000c160: 20 01 30 01 40 01 50 01 60 01 70 01 80 01 90 01   .0.@.P.`.p.....
0000c170: a0 01 b0 01 c0 01 d0 01 e0 01 f0 01 00 02 10 02  ................
0000c180: 20 02 30 02 40 02 50 02 60 02 70 02 80 02 90 02   .0.@.P.`.p.....
0000c190: a0 02 b0 02 c0 02 d0 02 e0 02 f0 02 00 03 10 03  ................
0000c1a0: 20 03 30 03 40 03 50 03 60 03 70 03 80 03 90 03   .0.@.P.`.p.....
0000c1b0: a0 03 b0 03 c0 03 d0 03 e0 03 f0 03 ff 03 00 00  ................
0000c1c0: 10 00 20 00 30 00 40 00 50 00 60 00 70 00 80 00  .. .0.@.P.`.p...
0000c1d0: 90 00 a0 00 b0 00 c0 00 d0 00 e0 00 f0 00 00 01  ................
0000c1e0: 10 01 20 01 30 01 40 01 50 01 60 01 70 01 80 01  .. .0.@.P.`.p...
0000c1f0: 90 01 a0 01 b0 01 c0 01 d0 01 e0 01 f0 01 00 02  ................
0000c200: 10 02 20 02 30 02 40 02 50 02 60 02 70 02 80 02  .. .0.@.P.`.p...
0000c210: 90 02 a0 02 b0 02 c0 02 d0 02 e0 02 f0 02 00 03  ................
0000c220: 10 03 20 03 30 03 40 03 50 03 60 03 70 03 80 03  .. .0.@.P.`.p...
0000c230: 90 03 a0 03 b0 03 c0 03 d0 03 e0 03 f0 03 ff 03  ................
0000c240: 00 00 10 00 20 00 30 00 40 00 50 00 60 00 70 00  .... .0.@.P.`.p.
0000c250: 80 00 90 00 a0 00 b0 00 c0 00 d0 00 e0 00 f0 00  ................
0000c260: 00 01 10 01 20 01 30 01 40 01 50 01 60 01 70 01  .... .0.@.P.`.p.
0000c270: 80 01 90 01 a0 01 b0 01 c0 01 d0 01 e0 01 f0 01  ................
0000c280: 00 02 10 02 20 02 30 02 40 02 50 02 60 02 70 02  .... .0.@.P.`.p.
0000c290: 80 02 90 02 a0 02 b0 02 c0 02 d0 02 e0 02 f0 02  ................
0000c2a0: 00 03 10 03 20 03 30 03 40 03 50 03 60 03 70 03  .... .0.@.P.`.p.
0000c2b0: 80 03 90 03 a0 03 b0 03 c0 03 d0 03 e0 03 f0 03  ................
0000c2c0: ff 03 00 00 32 00 60 00 86 00 a4 00 bc 00 d0 00  ....2.`.........
0000c2d0: e4 00 f6 00 08 01 19 01 29 01 38 01 47 01 55 01  ........).8.G.U.
0000c2e0: 63 01 70 01 7c 01 88 01 94 01 a0 01 ab 01 b6 01  c.p.|...........
0000c2f0: c1 01 cc 01 d8 01 e3 01 ee 01 fa 01 06 02 12 02  ................
0000c300: 1e 02 2b 02 38 02 45 02 52 02 60 02 6d 02 7b 02  ..+.8.E.R.`.m.{.
0000c310: 89 02 97 02 a5 02 b4 02 c2 02 d1 02 e0 02 ef 02  ................
0000c320: fd 02 0c 03 1b 03 2b 03 3a 03 49 03 58 03 67 03  ......+.:.I.X.g.
0000c330: 76 03 86 03 95 03 a4 03 b3 03 c3 03 d2 03 e1 03  v...............
0000c340: f0 03 ff 03 00 00 11 00 22 00 32 00 43 00 54 00  ........".2.C.T.
0000c350: 65 00 76 00 87 00 99 00 ab 00 be 00 d0 00 e4 00  e.v.............
0000c360: f7 00 0b 01 20 01 34 01 49 01 5e 01 73 01 88 01  .... .4.I.^.s...
0000c370: 9d 01 b2 01 c7 01 dc 01 f1 01 05 02 19 02 2d 02  ..............-.
0000c380: 40 02 53 02 65 02 77 02 88 02 98 02 a8 02 b7 02  @.S.e.w.........
0000c390: c5 02 d2 02 de 02 e9 02 f4 02 fd 02 06 03 0f 03  ................
0000c3a0: 18 03 21 03 2a 03 34 03 3e 03 49 03 55 03 61 03  ..!.*.4.>.I.U.a.
0000c3b0: 6e 03 7b 03 89 03 97 03 a5 03 b4 03 c2 03 d2 03  n.{.............
0000c3c0: e1 03 f0 03 ff 03 00 00 10 00 20 00 30 00 40 00  .......... .0.@.
0000c3d0: 50 00 60 00 70 00 80 00 90 00 a0 00 b0 00 c0 00  P.`.p...........
0000c3e0: d0 00 e0 00 f0 00 00 01 10 01 20 01 30 01 40 01  .......... .0.@.
0000c3f0: 50 01 60 01 70 01 80 01 90 01 a0 01 b0 01 c0 01  P.`.p...........
0000c400: d0 01 e0 01 f0 01 00 02 10 02 20 02 30 02 40 02  .......... .0.@.
0000c410: 50 02 60 02 70 02 80 02 90 02 a0 02 b0 02 c0 02  P.`.p...........
0000c420: d0 02 e0 02 f0 02 00 03 10 03 20 03 30 03 40 03  .......... .0.@.
0000c430: 50 03 60 03 70 03 80 03 90 03 a0 03 b0 03 c0 03  P.`.p...........
0000c440: d0 03 e0 03 f0 03 ff 03 00 00 40 00 00 00 00 00  ..........@.....
0000c450: 00 00 00 00 00 00 00 00 00 00 00 00 00 00 00 00  ................
0000c460: 00 00 00 00 00 00 00 00 00 00 40 00 00 00 00 00  ..........@.....
0000c470: 00 00 00 00 00 00 00 00 00 00 00 00 00 00 00 00  ................
0000c480: 00 00 00 00 00 00 00 00 00 00 40 00 00 00 00 00  ..........@.....
0000c490: 00 00 00 00 00 00 00 00 00 00 00 00 00 00 00 00  ................
0000c4a0: 00 00 00 00 00 00 00 00 00 00 02 00 06 00 0c 00  ................
0000c4b0: 1b 00 35 00 40 00 00 00 00 00 00 00 00 00 00 00  ..5.@...........
0000c4c0: 00 00 00 00 00 00 00 00 00 00 05 00 0c 00 28 00  ..............(.
0000c4d0: 31 00 40 00 00 00 00 00 00 00 00 00 00 00 00 00  1.@.............
0000c4e0: 00 00 00 00 00 00 00 00 00 00 40 00 00 00 00 00  ..........@.....
0000c4f0: 00 00 00 00 00 00 00 00 00 00 00 00 00 00 00 00  ................
0000c500: 00 00 00 00 00 00 00 00 00 00 00 00 08 00 c8 00  ................
0000c510: 00 00 00 00 00 00 00 00 00 00 00 00 00 00 00 00  ................
0000c520: 00 00 10 00 20 00 30 00 40 00 50 00 60 00 70 00  .... .0.@.P.`.p.
0000c530: 80 00 90 00 a0 00 b0 00 c0 00 d0 00 e0 00 f0 00  ................
0000c540: 00 01 10 01 20 01 30 01 40 01 50 01 60 01 70 01  .... .0.@.P.`.p.
0000c550: 80 01 90 01 a0 01 b0 01 c0 01 d0 01 e0 01 f0 01  ................
0000c560: 00 02 10 02 20 02 30 02 40 02 50 02 60 02 70 02  .... .0.@.P.`.p.
0000c570: 80 02 90 02 a0 02 b0 02 c0 02 d0 02 e0 02 f0 02  ................
0000c580: 00 03 10 03 20 03 30 03 40 03 50 03 60 03 70 03  .... .0.@.P.`.p.
0000c590: 80 03 90 03 a0 03 b0 03 c0 03 d0 03 e0 03 f0 03  ................
0000c5a0: ff 03 00 00 10 00 20 00 30 00 40 00 50 00 60 00  ...... .0.@.P.`.
0000c5b0: 70 00 80 00 90 00 a0 00 b0 00 c0 00 d0 00 e0 00  p...............
0000c5c0: f0 00 00 01 10 01 20 01 30 01 40 01 50 01 60 01  ...... .0.@.P.`.
0000c5d0: 70 01 80 01 90 01 a0 01 b0 01 c0 01 d0 01 e0 01  p...............
0000c5e0: f0 01 00 02 10 02 20 02 30 02 40 02 50 02 60 02  ...... .0.@.P.`.
0000c5f0: 70 02 80 02 90 02 a0 02 b0 02 c0 02 d0 02 e0 02  p...............
0000c600: f0 02 00 03 10 03 20 03 30 03 40 03 50 03 60 03  ...... .0.@.P.`.
0000c610: 70 03 80 03 90 03 a0 03 b0 03 c0 03 d0 03 e0 03  p...............
0000c620: f0 03 ff 03 00 00 10 00 20 00 30 00 40 00 50 00  ........ .0.@.P.
0000c630: 60 00 70 00 80 00 90 00 a0 00 b0 00 c0 00 d0 00  `.p.............
0000c640: e0 00 f0 00 00 01 10 01 20 01 30 01 40 01 50 01  ........ .0.@.P.
0000c650: 60 01 70 01 80 01 90 01 a0 01 b0 01 c0 01 d0 01  `.p.............
0000c660: e0 01 f0 01 00 02 10 02 20 02 30 02 40 02 50 02  ........ .0.@.P.
0000c670: 60 02 70 02 80 02 90 02 a0 02 b0 02 c0 02 d0 02  `.p.............
0000c680: e0 02 f0 02 00 03 10 03 20 03 30 03 40 03 50 03  ........ .0.@.P.
0000c690: 60 03 70 03 80 03 90 03 a0 03 b0 03 c0 03 d0 03  `.p.............
0000c6a0: e0 03 f0 03 ff 03 00 00 10 00 20 00 30 00 40 00  .......... .0.@.
0000c6b0: 50 00 60 00 70 00 80 00 90 00 a0 00 b0 00 c0 00  P.`.p...........
0000c6c0: d0 00 e0 00 f0 00 00 01 10 01 20 01 30 01 40 01  .......... .0.@.
0000c6d0: 50 01 60 01 70 01 80 01 90 01 a0 01 b0 01 c0 01  P.`.p...........
0000c6e0: d0 01 e0 01 f0 01 00 02 10 02 20 02 30 02 40 02  .......... .0.@.
0000c6f0: 50 02 60 02 70 02 80 02 90 02 a0 02 b0 02 c0 02  P.`.p...........
0000c700: d0 02 e0 02 f0 02 00 03 10 03 20 03 30 03 40 03  .......... .0.@.
0000c710: 50 03 60 03 70 03 80 03 90 03 a0 03 b0 03 c0 03  P.`.p...........
0000c720: d0 03 e0 03 f0 03 ff 03 00 00 10 00 20 00 30 00  ............ .0.
0000c730: 40 00 50 00 60 00 70 00 80 00 90 00 a0 00 b0 00  @.P.`.p.........
0000c740: c0 00 d0 00 e0 00 f0 00 00 01 10 01 20 01 30 01  ............ .0.
0000c750: 40 01 50 01 60 01 70 01 80 01 90 01 a0 01 b0 01  @.P.`.p.........
0000c760: c0 01 d0 01 e0 01 f0 01 00 02 10 02 20 02 30 02  ............ .0.
0000c770: 40 02 50 02 60 02 70 02 80 02 90 02 a0 02 b0 02  @.P.`.p.........
0000c780: c0 02 d0 02 e0 02 f0 02 00 03 10 03 20 03 30 03  ............ .0.
0000c790: 40 03 50 03 60 03 70 03 80 03 90 03 a0 03 b0 03  @.P.`.p.........
0000c7a0: c0 03 d0 03 e0 03 f0 03 ff 03 00 00 10 00 20 00  .............. .
0000c7b0: 30 00 40 00 50 00 60 00 70 00 80 00 90 00 a0 00  0.@.P.`.p.......
0000c7c0: b0 00 c0 00 d0 00 e0 00 f0 00 00 01 10 01 20 01  .............. .
0000c7d0: 30 01 40 01 50 01 60 01 70 01 80 01 90 01 a0 01  0.@.P.`.p.......
0000c7e0: b0 01 c0 01 d0 01 e0 01 f0 01 00 02 10 02 20 02  .............. .
0000c7f0: 30 02 40 02 50 02 60 02 70 02 80 02 90 02 a0 02  0.@.P.`.p.......
0000c800: b0 02 c0 02 d0 02 e0 02 f0 02 00 03 10 03 20 03  .............. .
0000c810: 30 03 40 03 50 03 60 03 70 03 80 03 90 03 a0 03  0.@.P.`.p.......
0000c820: b0 03 c0 03 d0 03 e0 03 f0 03 ff 03 00 00 40 00  ..............@.
0000c830: 00 00 00 00 00 00 00 00 00 00 00 00 00 00 00 00  ................
0000c840: 00 00 00 00 00 00 00 00 00 00 00 00 00 00 40 00  ..............@.
0000c850: 00 00 00 00 00 00 00 00 00 00 00 00 00 00 00 00  ................
0000c860: 00 00 00 00 00 00 00 00 00 00 00 00 00 00 40 00  ..............@.
0000c870: 00 00 00 00 00 00 00 00 00 00 00 00 00 00 00 00  ................
0000c880: 00 00 00 00 00 00 00 00 00 00 00 00 00 00 02 00  ................
0000c890: 06 00 0c 00 1b 00 35 00 40 00 00 00 00 00 00 00  ......5.@.......
0000c8a0: 00 00 00 00 00 00 00 00 00 00 00 00 00 00 05 00  ................
0000c8b0: 0c 00 28 00 31 00 40 00 00 00 00 00 00 00 00 00  ..(.1.@.........
0000c8c0: 00 00 00 00 00 00 00 00 00 00 00 00 00 00 40 00  ..............@.
0000c8d0: 00 00 00 00 00 00 00 00 00 00 00 00 00 00 00 00  ................
0000c8e0: 00 00 00 00 00 00 00 00 00 00 00 00 00 00 00 00  ................
0000c8f0: 01 00 00 00 0b 00 58 2b 01 00 01 00 04 00 01 00  ......X+........
0000c900: 03 00 03 00 01 00 18 00 00 00 00 00 82 ff 82 ff  ................
0000c910: 82 ff 82 ff 80 ff 7e ff 7c ff 7a ff 78 ff 76 ff  ......~.|.z.x.v.
0000c920: 74 ff 72 ff 70 ff 6e ff 6c ff 6a ff 68 ff 66 ff  t.r.p.n.l.j.h.f.
0000c930: 64 ff 64 ff 62 ff 60 ff 5e ff 5c ff 5c ff 5a ff  d.d.b.`.^.\.\.Z.
0000c940: 58 ff 58 ff 56 ff 54 ff 54 ff 52 ff 52 ff 50 ff  X.X.V.T.T.R.R.P.
0000c950: 50 ff 4e ff 4e ff 4c ff 4c ff 4c ff 4a ff 4a ff  P.N.N.L.L.L.J.J.
0000c960: 4a ff 4a ff 4a ff 4a ff 4a ff 4a ff 4a ff 4a ff  J.J.J.J.J.J.J.J.
0000c970: 4a ff 4a ff 4a ff 4c ff 4c ff 4c ff 4e ff 4e ff  J.J.J.L.L.L.N.N.
0000c980: 50 ff 50 ff 52 ff 54 ff 56 ff 58 ff 58 ff 5a ff  P.P.R.T.V.X.X.Z.
0000c990: 5c ff 5e ff 60 ff 64 ff 66 ff 68 ff 6a ff 6c ff  \.^.`.d.f.h.j.l.
0000c9a0: 70 ff 72 ff 74 ff 78 ff 7a ff 7c ff 80 ff 82 ff  p.r.t.x.z.|.....
0000c9b0: 86 ff 88 ff 8c ff 8e ff 92 ff 96 ff 98 ff 9c ff  ................
0000c9c0: 9e ff a2 ff a4 ff a8 ff ac ff ae ff b2 ff b4 ff  ................
0000c9d0: b8 ff ba ff be ff c0 ff c4 ff c6 ff ca ff cc ff  ................
0000c9e0: d0 ff d2 ff d6 ff d8 ff da ff de ff e0 ff e2 ff  ................
0000c9f0: e4 ff e6 ff e8 ff ea ff ee ff f0 ff f0 ff f2 ff  ................
0000ca00: f4 ff f6 ff f8 ff fa ff fc ff fe ff 00 00 04 00  ................
0000ca10: 06 00 08 00 0c 00 0e 00 10 00 14 00 16 00 18 00  ................
0000ca20: 1c 00 1e 00 22 00 24 00 26 00 28 00 2c 00 2e 00  ....".$.&.(.,...
0000ca30: 30 00 32 00 36 00 38 00 3a 00 3c 00 3e 00 40 00  0.2.6.8.:.<.>.@.
0000ca40: 44 00 46 00 48 00 4a 00 4c 00 4e 00 50 00 52 00  D.F.H.J.L.N.P.R.
0000ca50: 54 00 56 00 58 00 58 00 5a 00 5c 00 5e 00 60 00  T.V.X.X.Z.\.^.`.
0000ca60: 62 00 64 00 64 00 66 00 68 00 68 00 6a 00 6c 00  b.d.d.f.h.h.j.l.
0000ca70: 6c 00 6e 00 70 00 70 00 72 00 72 00 74 00 74 00  l.n.p.p.r.r.t.t.
0000ca80: 76 00 76 00 78 00 78 00 7a 00 7a 00 7c 00 7c 00  v.v.x.x.z.z.|.|.
0000ca90: 7c 00 7c 00 7e 00 7e 00 7e 00 7e 00 80 00 80 00  |.|.~.~.~.~.....
0000caa0: 80 00 80 00 80 00 80 00 80 00 82 00 82 00 82 00  ................
0000cab0: 82 00 82 00 82 00 82 00 80 00 80 00 80 00 80 00  ................
0000cac0: 80 00 80 00 80 00 80 00 7e 00 7e 00 7e 00 7e 00  ........~.~.~.~.
0000cad0: 7e 00 7c 00 7c 00 7c 00 7c 00 7a 00 7a 00 7a 00  ~.|.|.|.|.z.z.z.
0000cae0: 7a 00 78 00 78 00 78 00 76 00 76 00 76 00 74 00  z.x.x.x.v.v.v.t.
0000caf0: 74 00 74 00 72 00 72 00 70 00 70 00 70 00 6e 00  t.t.r.r.p.p.p.n.
0000cb00: 6e 00 6e 00 6c 00 6c 00 6a 00 6a 00 54 ff 54 ff  n.n.l.l.j.j.T.T.
0000cb10: 54 ff 54 ff 54 ff 54 ff 54 ff 54 ff 54 ff 52 ff  T.T.T.T.T.T.T.R.
0000cb20: 52 ff 52 ff 50 ff 50 ff 50 ff 4e ff 4e ff 4e ff  R.R.P.P.P.N.N.N.
0000cb30: 4c ff 4c ff 4c ff 4a ff 4a ff 4a ff 4a ff 48 ff  L.L.L.J.J.J.J.H.
0000cb40: 48 ff 48 ff 48 ff 48 ff 46 ff 46 ff 46 ff 46 ff  H.H.H.H.F.F.F.F.
0000cb50: 46 ff 46 ff 46 ff 46 ff 46 ff 46 ff 46 ff 46 ff  F.F.F.F.F.F.F.F.
0000cb60: 48 ff 48 ff 48 ff 48 ff 4a ff 4a ff 4a ff 4c ff  H.H.H.H.J.J.J.L.
0000cb70: 4c ff 4e ff 4e ff 50 ff 50 ff 52 ff 52 ff 54 ff  L.N.N.P.P.R.R.T.
0000cb80: 56 ff 58 ff 5a ff 5a ff 5c ff 5e ff 60 ff 64 ff  V.X.Z.Z.\.^.`.d.
0000cb90: 66 ff 68 ff 6a ff 6c ff 6e ff 72 ff 74 ff 76 ff  f.h.j.l.n.r.t.v.
0000cba0: 7a ff 7c ff 80 ff 82 ff 86 ff 88 ff 8a ff 8e ff  z.|.............
0000cbb0: 92 ff 94 ff 98 ff 9a ff 9e ff a0 ff a4 ff a6 ff  ................
0000cbc0: aa ff ac ff b0 ff b4 ff b6 ff ba ff bc ff c0 ff  ................
0000cbd0: c2 ff c6 ff c8 ff cc ff ce ff d0 ff d4 ff d6 ff  ................
0000cbe0: d8 ff dc ff de ff e0 ff e2 ff e4 ff e8 ff ea ff  ................
0000cbf0: ec ff ee ff ee ff f0 ff f2 ff f4 ff f6 ff f8 ff  ................
0000cc00: f8 ff fa ff fc ff fe ff 00 00 02 00 02 00 06 00  ................
0000cc10: 08 00 0a 00 0c 00 0e 00 10 00 14 00 16 00 18 00  ................
0000cc20: 1a 00 1e 00 20 00 24 00 26 00 28 00 2c 00 2e 00  .... .$.&.(.,...
0000cc30: 30 00 32 00 36 00 38 00 3a 00 3c 00 40 00 42 00  0.2.6.8.:.<.@.B.
0000cc40: 44 00 46 00 48 00 4a 00 4c 00 4e 00 50 00 52 00  D.F.H.J.L.N.P.R.
0000cc50: 54 00 54 00 56 00 58 00 5a 00 5c 00 5c 00 5e 00  T.T.V.X.Z.\.\.^.
0000cc60: 60 00 60 00 62 00 64 00 64 00 66 00 66 00 68 00  `.`.b.d.d.f.f.h.
0000cc70: 6a 00 6a 00 6c 00 6c 00 6c 00 6e 00 6e 00 70 00  j.j.l.l.l.n.n.p.
0000cc80: 70 00 70 00 72 00 72 00 72 00 74 00 74 00 74 00  p.p.r.r.r.t.t.t.
0000cc90: 74 00 76 00 76 00 76 00 76 00 76 00 78 00 78 00  t.v.v.v.v.v.x.x.
0000cca0: 78 00 78 00 78 00 78 00 78 00 78 00 78 00 78 00  x.x.x.x.x.x.x.x.
0000ccb0: 78 00 78 00 78 00 78 00 78 00 78 00 78 00 78 00  x.x.x.x.x.x.x.x.
0000ccc0: 78 00 78 00 78 00 78 00 78 00 76 00 76 00 76 00  x.x.x.x.x.v.v.v.
0000ccd0: 76 00 76 00 76 00 76 00 74 00 74 00 74 00 74 00  v.v.v.v.t.t.t.t.
0000cce0: 74 00 74 00 72 00 72 00 72 00 72 00 72 00 70 00  t.t.r.r.r.r.r.p.
0000ccf0: 70 00 70 00 70 00 6e 00 6e 00 6e 00 6e 00 6c 00  p.p.p.n.n.n.n.l.
0000cd00: 6c 00 6c 00 6c 00 6a 00 6a 00 6a 00 02 00 3a 00  l.l.l.j.j.j...:.
0000cd10: 74 00 80 00 88 00 c6 00 fe 00 ff 00 00 00 00 00  t...............
0000cd20: 00 00 00 00 00 00 00 00 00 00 00 00 06 00 3c 00  ..............<.
0000cd30: 74 00 80 00 92 00 fc 00 ff 00 00 00 00 00 00 00  t...............
0000cd40: 00 00 00 00 00 00 00 00 00 00 00 00 03 00 06 00  ................
0000cd50: 01 00 03 00 02 00 01 00 18 00 00 00 01 00 37 ff  ..............7.
0000cd60: 37 ff 37 ff 37 ff 37 ff 37 ff 37 ff 36 ff 36 ff  7.7.7.7.7.7.6.6.
0000cd70: 36 ff 36 ff 36 ff 36 ff 35 ff 35 ff 35 ff 35 ff  6.6.6.6.5.5.5.5.
0000cd80: 35 ff 34 ff 34 ff 34 ff 34 ff 33 ff 33 ff 33 ff  5.4.4.4.4.3.3.3.
0000cd90: 33 ff 32 ff 32 ff 32 ff 31 ff 31 ff 30 ff 30 ff  3.2.2.2.1.1.0.0.
0000cda0: 30 ff 2f ff 2f ff 2e ff 2e ff 2d ff 2c ff 2c ff  0././.....-.,.,.
0000cdb0: 2b ff 2b ff 2a ff 2a ff 29 ff 29 ff 28 ff 28 ff  +.+.*.*.).).(.(.
0000cdc0: 27 ff 27 ff 27 ff 27 ff 26 ff 26 ff 26 ff 26 ff  '.'.'.'.&.&.&.&.
0000cdd0: 27 ff 27 ff 27 ff 28 ff 28 ff 29 ff 2a ff 2b ff  '.'.'.(.(.).*.+.
0000cde0: 2c ff 2d ff 2f ff 30 ff 32 ff 34 ff 36 ff 38 ff  ,.-./.0.2.4.6.8.
0000cdf0: 3b ff 3d ff 40 ff 43 ff 46 ff 4a ff 4d ff 51 ff  ;.=.@.C.F.J.M.Q.
0000ce00: 54 ff 58 ff 5c ff 60 ff 64 ff 68 ff 6c ff 71 ff  T.X.\.`.d.h.l.q.
0000ce10: 75 ff 79 ff 7e ff 82 ff 87 ff 8b ff 90 ff 94 ff  u.y.~...........
0000ce20: 99 ff 9d ff a2 ff a6 ff ab ff af ff b4 ff b8 ff  ................
0000ce30: bc ff c0 ff c4 ff c8 ff cc ff d0 ff d3 ff d7 ff  ................
0000ce40: da ff de ff e1 ff e4 ff e7 ff ea ff ed ff ef ff  ................
0000ce50: f2 ff f4 ff f6 ff f9 ff fb ff fd ff fe ff 00 00  ................
0000ce60: 02 00 03 00 04 00 06 00 07 00 08 00 09 00 0a 00  ................
0000ce70: 0b 00 0c 00 0d 00 0e 00 0f 00 10 00 11 00 12 00  ................
0000ce80: 13 00 14 00 15 00 17 00 18 00 1a 00 1b 00 1d 00  ................
0000ce90: 1f 00 21 00 23 00 25 00 27 00 2a 00 2d 00 2f 00  ..!.#.%.'.*.-./.
0000cea0: 32 00 36 00 39 00 3c 00 40 00 44 00 48 00 4c 00  2.6.9.<.@.D.H.L.
0000ceb0: 50 00 55 00 59 00 5e 00 63 00 68 00 6c 00 71 00  P.U.Y.^.c.h.l.q.
0000cec0: 76 00 7a 00 7f 00 83 00 88 00 8c 00 90 00 94 00  v.z.............
0000ced0: 97 00 9b 00 9e 00 a1 00 a4 00 a6 00 a9 00 ab 00  ................
0000cee0: ad 00 af 00 b1 00 b2 00 b4 00 b5 00 b6 00 b7 00  ................
0000cef0: b8 00 b9 00 b9 00 ba 00 ba 00 ba 00 bb 00 bb 00  ................
0000cf00: bb 00 bb 00 ba 00 ba 00 ba 00 ba 00 b9 00 b9 00  ................
0000cf10: b8 00 b8 00 b7 00 b6 00 b6 00 b5 00 b4 00 b4 00  ................
0000cf20: b3 00 b2 00 b2 00 b1 00 b0 00 b0 00 af 00 af 00  ................
0000cf30: ae 00 ad 00 ad 00 ac 00 ac 00 ab 00 ab 00 aa 00  ................
0000cf40: aa 00 a9 00 a9 00 a8 00 a8 00 a8 00 a7 00 a7 00  ................
0000cf50: a6 00 a6 00 a5 00 a5 00 a5 00 a4 00 a4 00 5e ff  ..............^.
0000cf60: 5d ff 5e ff 5e ff 5f ff 5f ff 60 ff 60 ff 61 ff  ].^.^._._.`.`.a.
0000cf70: 61 ff 61 ff 62 ff 62 ff 62 ff 62 ff 62 ff 63 ff  a.a.b.b.b.b.b.c.
0000cf80: 63 ff 63 ff 63 ff 62 ff 62 ff 62 ff 62 ff 61 ff  c.c.c.b.b.b.b.a.
0000cf90: 61 ff 60 ff 60 ff 5f ff 5e ff 5d ff 5c ff 5b ff  a.`.`._.^.].\.[.
0000cfa0: 5a ff 58 ff 57 ff 56 ff 54 ff 52 ff 51 ff 4f ff  Z.X.W.V.T.R.Q.O.
0000cfb0: 4d ff 4b ff 4a ff 48 ff 46 ff 44 ff 42 ff 40 ff  M.K.J.H.F.D.B.@.
0000cfc0: 3f ff 3d ff 3b ff 3a ff 38 ff 37 ff 36 ff 34 ff  ?.=.;.:.8.7.6.4.
0000cfd0: 33 ff 32 ff 31 ff 31 ff 30 ff 2f ff 2f ff 2f ff  3.2.1.1.0./././.
0000cfe0: 2f ff 2f ff 30 ff 30 ff 31 ff 32 ff 34 ff 35 ff  /./.0.0.1.2.4.5.
0000cff0: 37 ff 39 ff 3b ff 3e ff 41 ff 44 ff 47 ff 4b ff  7.9.;.>.A.D.G.K.
0000d000: 4f ff 54 ff 59 ff 5e ff 63 ff 69 ff 6f ff 75 ff  O.T.Y.^.c.i.o.u.
0000d010: 7c ff 82 ff 89 ff 90 ff 97 ff 9e ff a4 ff ab ff  |...............
0000d020: b2 ff b8 ff be ff c4 ff ca ff cf ff d4 ff d8 ff  ................
0000d030: dc ff e0 ff e3 ff e6 ff e8 ff ea ff ec ff ee ff  ................
0000d040: ef ff f1 ff f2 ff f3 ff f4 ff f5 ff f6 ff f8 ff  ................
0000d050: f9 ff fa ff fb ff fc ff fd ff fe ff ff ff 00 00  ................
0000d060: 01 00 02 00 02 00 03 00 04 00 05 00 05 00 06 00  ................
0000d070: 08 00 09 00 0a 00 0c 00 0e 00 10 00 12 00 15 00  ................
0000d080: 18 00 1b 00 1f 00 22 00 26 00 2a 00 2e 00 32 00  ......".&.*...2.
0000d090: 36 00 3a 00 3f 00 43 00 47 00 4c 00 50 00 55 00  6.:.?.C.G.L.P.U.
0000d0a0: 59 00 5d 00 61 00 66 00 6a 00 6e 00 72 00 76 00  Y.].a.f.j.n.r.v.
0000d0b0: 7a 00 7d 00 81 00 85 00 88 00 8c 00 8f 00 92 00  z.}.............
0000d0c0: 96 00 99 00 9c 00 9e 00 a1 00 a4 00 a6 00 a8 00  ................
0000d0d0: ab 00 ad 00 af 00 b0 00 b2 00 b4 00 b5 00 b6 00  ................
0000d0e0: b8 00 b9 00 ba 00 bb 00 bb 00 bc 00 bd 00 bd 00  ................
0000d0f0: bd 00 be 00 be 00 be 00 be 00 be 00 bd 00 bd 00  ................
0000d100: bd 00 bc 00 bc 00 bb 00 ba 00 ba 00 b9 00 b8 00  ................
0000d110: b7 00 b6 00 b5 00 b3 00 b2 00 b1 00 af 00 ae 00  ................
0000d120: ad 00 ab 00 a9 00 a8 00 a6 00 a4 00 a2 00 a1 00  ................
0000d130: 9f 00 9d 00 9b 00 99 00 97 00 95 00 92 00 90 00  ................
0000d140: 8e 00 8c 00 8a 00 88 00 85 00 83 00 81 00 7e 00  ..............~.
0000d150: 7c 00 7a 00 77 00 75 00 73 00 70 00 6d 00 02 00  |.z.w.u.s.p.m...
0000d160: 24 00 48 00 6c 00 80 00 92 00 a6 00 b8 00 e4 00  $.H.l...........
0000d170: ff 00 00 00 00 00 00 00 00 00 00 00 00 00 00 00  ................
0000d180: 20 00 54 00 68 00 76 00 80 00 8e 00 9e 00 b6 00   .T.h.v.........
0000d190: ff 00 00 00 00 00 00 00 00 00 00 00 00 00 03 00  ................
0000d1a0: 06 00 01 00 03 00 02 00 01 00 18 00 00 00 01 00  ................
0000d1b0: 54 ff 54 ff 54 ff 54 ff 53 ff 52 ff 51 ff 50 ff  T.T.T.T.S.R.Q.P.
0000d1c0: 50 ff 4f ff 4e ff 4d ff 4d ff 4c ff 4b ff 4a ff  P.O.N.M.M.L.K.J.
0000d1d0: 4a ff 49 ff 48 ff 48 ff 47 ff 47 ff 46 ff 45 ff  J.I.H.H.G.G.F.E.
0000d1e0: 45 ff 44 ff 44 ff 43 ff 43 ff 43 ff 42 ff 42 ff  E.D.D.C.C.C.B.B.
0000d1f0: 42 ff 41 ff 41 ff 41 ff 41 ff 40 ff 40 ff 40 ff  B.A.A.A.A.@.@.@.
0000d200: 40 ff 40 ff 40 ff 40 ff 41 ff 41 ff 41 ff 41 ff  @.@.@.@.A.A.A.A.
0000d210: 42 ff 42 ff 43 ff 43 ff 44 ff 45 ff 46 ff 47 ff  B.B.C.C.D.E.F.G.
0000d220: 48 ff 49 ff 4a ff 4b ff 4c ff 4e ff 4f ff 51 ff  H.I.J.K.L.N.O.Q.
0000d230: 53 ff 55 ff 56 ff 59 ff 5b ff 5d ff 5f ff 62 ff  S.U.V.Y.[.]._.b.
0000d240: 64 ff 67 ff 6a ff 6d ff 70 ff 74 ff 77 ff 7a ff  d.g.j.m.p.t.w.z.
0000d250: 7e ff 82 ff 86 ff 89 ff 8d ff 91 ff 95 ff 99 ff  ~...............
0000d260: 9e ff a2 ff a6 ff aa ff ae ff b2 ff b6 ff ba ff  ................
0000d270: be ff c2 ff c6 ff c9 ff cd ff d0 ff d4 ff d7 ff  ................
0000d280: da ff dd ff e0 ff e3 ff e5 ff e8 ff ea ff ec ff  ................
0000d290: ee ff f0 ff f1 ff f3 ff f4 ff f6 ff f7 ff f8 ff  ................
0000d2a0: f9 ff fa ff fb ff fc ff fd ff fe ff ff ff ff ff  ................
0000d2b0: 00 00 01 00 01 00 02 00 03 00 04 00 04 00 05 00  ................
0000d2c0: 06 00 07 00 09 00 0a 00 0c 00 0e 00 10 00 12 00  ................
0000d2d0: 14 00 17 00 1a 00 1d 00 21 00 25 00 29 00 2e 00  ........!.%.)...
0000d2e0: 33 00 38 00 3e 00 44 00 4a 00 50 00 56 00 5c 00  3.8.>.D.J.P.V.\.
0000d2f0: 63 00 69 00 6f 00 75 00 7c 00 82 00 87 00 8d 00  c.i.o.u.|.......
0000d300: 92 00 97 00 9c 00 a1 00 a5 00 a9 00 ad 00 b0 00  ................
0000d310: b3 00 b6 00 b9 00 bc 00 be 00 c0 00 c2 00 c4 00  ................
0000d320: c5 00 c6 00 c8 00 c8 00 c9 00 ca 00 ca 00 ca 00  ................
0000d330: ca 00 ca 00 ca 00 ca 00 c9 00 c9 00 c8 00 c7 00  ................
0000d340: c6 00 c5 00 c4 00 c3 00 c1 00 c0 00 be 00 bd 00  ................
0000d350: bb 00 ba 00 b8 00 b6 00 b4 00 b2 00 b1 00 af 00  ................
0000d360: ad 00 ab 00 a9 00 a7 00 a5 00 a3 00 a1 00 9f 00  ................
0000d370: 9d 00 9c 00 9a 00 98 00 96 00 94 00 92 00 91 00  ................
0000d380: 8f 00 8d 00 8b 00 89 00 88 00 86 00 84 00 82 00  ................
0000d390: 81 00 7f 00 7d 00 7c 00 7a 00 78 00 76 00 75 00  ....}.|.z.x.v.u.
0000d3a0: 73 00 71 00 70 00 6e 00 6c 00 6a 00 69 00 66 00  s.q.p.n.l.j.i.f.
0000d3b0: 60 ff 60 ff 60 ff 60 ff 60 ff 61 ff 61 ff 61 ff  `.`.`.`.`.a.a.a.
0000d3c0: 61 ff 61 ff 61 ff 61 ff 61 ff 61 ff 60 ff 60 ff  a.a.a.a.a.a.`.`.
0000d3d0: 60 ff 60 ff 60 ff 60 ff 60 ff 60 ff 5f ff 5f ff  `.`.`.`.`.`._._.
0000d3e0: 5f ff 5f ff 5e ff 5e ff 5e ff 5d ff 5d ff 5c ff  _._.^.^.^.].].\.
0000d3f0: 5c ff 5b ff 5b ff 5a ff 5a ff 59 ff 58 ff 58 ff  \.[.[.Z.Z.Y.X.X.
0000d400: 57 ff 56 ff 55 ff 54 ff 53 ff 53 ff 52 ff 51 ff  W.V.U.T.S.S.R.Q.
0000d410: 50 ff 4f ff 4e ff 4e ff 4d ff 4c ff 4b ff 4b ff  P.O.N.N.M.L.K.K.
0000d420: 4a ff 4a ff 49 ff 49 ff 49 ff 48 ff 48 ff 48 ff  J.J.I.I.I.H.H.H.
0000d430: 48 ff 48 ff 49 ff 49 ff 4a ff 4a ff 4b ff 4c ff  H.H.I.I.J.J.K.L.
0000d440: 4d ff 4e ff 50 ff 51 ff 53 ff 55 ff 57 ff 59 ff  M.N.P.Q.S.U.W.Y.
0000d450: 5c ff 5f ff 61 ff 64 ff 68 ff 6b ff 6f ff 73 ff  \._.a.d.h.k.o.s.
0000d460: 77 ff 7c ff 80 ff 85 ff 8a ff 90 ff 95 ff 9b ff  w.|.............
0000d470: a1 ff a6 ff ac ff b2 ff b8 ff bd ff c3 ff c8 ff  ................
0000d480: cd ff d3 ff d7 ff dc ff e0 ff e4 ff e8 ff eb ff  ................
0000d490: ee ff f0 ff f3 ff f5 ff f7 ff f9 ff fb ff fc ff  ................
0000d4a0: fd ff fe ff ff ff 00 00 01 00 02 00 03 00 03 00  ................
0000d4b0: 04 00 05 00 05 00 06 00 07 00 07 00 08 00 09 00  ................
0000d4c0: 0a 00 0b 00 0c 00 0d 00 0e 00 10 00 11 00 13 00  ................
0000d4d0: 14 00 16 00 18 00 1a 00 1c 00 1f 00 21 00 24 00  ............!.$.
0000d4e0: 26 00 29 00 2c 00 2f 00 32 00 35 00 37 00 3a 00  &.).,./.2.5.7.:.
0000d4f0: 3d 00 40 00 43 00 46 00 49 00 4c 00 4f 00 51 00  =.@.C.F.I.L.O.Q.
0000d500: 54 00 56 00 59 00 5b 00 5d 00 5f 00 61 00 63 00  T.V.Y.[.]._.a.c.
0000d510: 65 00 66 00 68 00 69 00 6b 00 6c 00 6d 00 6f 00  e.f.h.i.k.l.m.o.
0000d520: 70 00 71 00 72 00 72 00 73 00 74 00 75 00 75 00  p.q.r.r.s.t.u.u.
0000d530: 76 00 76 00 76 00 77 00 77 00 77 00 77 00 77 00  v.v.v.w.w.w.w.w.
0000d540: 77 00 77 00 77 00 77 00 77 00 77 00 76 00 76 00  w.w.w.w.w.w.v.v.
0000d550: 75 00 75 00 75 00 74 00 74 00 73 00 72 00 72 00  u.u.u.t.t.s.r.r.
0000d560: 71 00 70 00 70 00 6f 00 6e 00 6d 00 6d 00 6c 00  q.p.p.o.n.m.m.l.
0000d570: 6b 00 6a 00 69 00 68 00 67 00 66 00 65 00 64 00  k.j.i.h.g.f.e.d.
0000d580: 63 00 62 00 61 00 60 00 5f 00 5e 00 5d 00 5b 00  c.b.a.`._.^.].[.
0000d590: 5a 00 59 00 58 00 57 00 56 00 54 00 53 00 52 00  Z.Y.X.W.V.T.S.R.
0000d5a0: 51 00 50 00 4e 00 4d 00 4c 00 4b 00 4a 00 48 00  Q.P.N.M.L.K.J.H.
0000d5b0: 02 00 26 00 4c 00 6a 00 80 00 96 00 a8 00 dc 00  ..&.L.j.........
0000d5c0: ff 00 00 00 00 00 00 00 00 00 00 00 00 00 00 00  ................
0000d5d0: 00 00 26 00 5a 00 6c 00 80 00 92 00 a8 00 d8 00  ..&.Z.l.........
0000d5e0: ff 00 00 00 00 00 00 00 00 00 00 00 00 00 00 00  ................
0000d5f0: 03 00 06 00 01 00 03 00 02 00 01 00 18 00 00 00  ................
0000d600: 01 00 94 ff 92 ff 8f ff 8d ff 8b ff 88 ff 86 ff  ................
0000d610: 84 ff 81 ff 7f ff 7c ff 7a ff 78 ff 76 ff 73 ff  ......|.z.x.v.s.
0000d620: 71 ff 6f ff 6d ff 6b ff 69 ff 67 ff 65 ff 63 ff  q.o.m.k.i.g.e.c.
0000d630: 61 ff 5f ff 5d ff 5b ff 59 ff 57 ff 56 ff 54 ff  a._.].[.Y.W.V.T.
0000d640: 53 ff 51 ff 50 ff 4e ff 4d ff 4c ff 4a ff 49 ff  S.Q.P.N.M.L.J.I.
0000d650: 48 ff 47 ff 46 ff 45 ff 45 ff 44 ff 43 ff 43 ff  H.G.F.E.E.D.C.C.
0000d660: 42 ff 42 ff 41 ff 41 ff 41 ff 41 ff 41 ff 41 ff  B.B.A.A.A.A.A.A.
0000d670: 41 ff 42 ff 42 ff 43 ff 43 ff 44 ff 45 ff 46 ff  A.B.B.C.C.D.E.F.
0000d680: 47 ff 48 ff 49 ff 4b ff 4c ff 4e ff 50 ff 52 ff  G.H.I.K.L.N.P.R.
0000d690: 54 ff 56 ff 58 ff 5b ff 5d ff 60 ff 63 ff 65 ff  T.V.X.[.].`.c.e.
0000d6a0: 69 ff 6c ff 6f ff 73 ff 76 ff 7a ff 7e ff 82 ff  i.l.o.s.v.z.~...
0000d6b0: 86 ff 8a ff 8e ff 93 ff 97 ff 9b ff a0 ff a4 ff  ................
0000d6c0: a8 ff ad ff b1 ff b5 ff ba ff be ff c2 ff c6 ff  ................
0000d6d0: ca ff ce ff d2 ff d5 ff d9 ff dc ff e0 ff e3 ff  ................
0000d6e0: e5 ff e8 ff ea ff ed ff ef ff f1 ff f3 ff f4 ff  ................
0000d6f0: f6 ff f7 ff f8 ff fa ff fb ff fc ff fd ff fe ff  ................
0000d700: ff ff 00 00 01 00 02 00 03 00 04 00 06 00 07 00  ................
0000d710: 08 00 0a 00 0b 00 0d 00 0f 00 11 00 13 00 16 00  ................
0000d720: 18 00 1b 00 1e 00 20 00 24 00 27 00 2a 00 2d 00  ...... .$.'.*.-.
0000d730: 31 00 34 00 38 00 3c 00 3f 00 43 00 47 00 4b 00  1.4.8.<.?.C.G.K.
0000d740: 4f 00 52 00 56 00 5a 00 5d 00 61 00 65 00 68 00  O.R.V.Z.].a.e.h.
0000d750: 6b 00 6f 00 72 00 75 00 78 00 7b 00 7d 00 80 00  k.o.r.u.x.{.}...
0000d760: 82 00 84 00 86 00 88 00 8a 00 8b 00 8d 00 8e 00  ................
0000d770: 8f 00 90 00 91 00 92 00 92 00 93 00 94 00 94 00  ................
0000d780: 94 00 94 00 94 00 94 00 94 00 94 00 94 00 94 00  ................
0000d790: 94 00 93 00 93 00 93 00 92 00 92 00 91 00 91 00  ................
0000d7a0: 90 00 90 00 8f 00 8f 00 8e 00 8e 00 8d 00 8d 00  ................
0000d7b0: 8c 00 8c 00 8c 00 8b 00 8b 00 8b 00 8a 00 8a 00  ................
0000d7c0: 8a 00 89 00 89 00 89 00 89 00 89 00 89 00 88 00  ................
0000d7d0: 88 00 88 00 88 00 88 00 88 00 88 00 88 00 88 00  ................
0000d7e0: 88 00 88 00 88 00 88 00 88 00 88 00 88 00 88 00  ................
0000d7f0: 88 00 88 00 88 00 88 00 88 00 88 00 88 00 88 00  ................
0000d800: 88 00 90 ff 8e ff 8b ff 89 ff 86 ff 84 ff 82 ff  ................
0000d810: 7f ff 7d ff 7a ff 78 ff 76 ff 73 ff 71 ff 6f ff  ..}.z.x.v.s.q.o.
0000d820: 6c ff 6a ff 68 ff 66 ff 64 ff 62 ff 60 ff 5e ff  l.j.h.f.d.b.`.^.
0000d830: 5c ff 5a ff 58 ff 56 ff 54 ff 53 ff 51 ff 4f ff  \.Z.X.V.T.S.Q.O.
0000d840: 4e ff 4c ff 4b ff 49 ff 48 ff 47 ff 46 ff 45 ff  N.L.K.I.H.G.F.E.
0000d850: 44 ff 43 ff 42 ff 41 ff 40 ff 40 ff 3f ff 3f ff  D.C.B.A.@.@.?.?.
0000d860: 3e ff 3e ff 3e ff 3e ff 3e ff 3e ff 3e ff 3f ff  >.>.>.>.>.>.>.?.
0000d870: 3f ff 40 ff 40 ff 41 ff 42 ff 43 ff 44 ff 45 ff  ?.@.@.A.B.C.D.E.
0000d880: 46 ff 48 ff 4a ff 4b ff 4d ff 4f ff 51 ff 53 ff  F.H.J.K.M.O.Q.S.
0000d890: 56 ff 58 ff 5b ff 5e ff 61 ff 64 ff 67 ff 6a ff  V.X.[.^.a.d.g.j.
0000d8a0: 6e ff 71 ff 75 ff 79 ff 7d ff 81 ff 85 ff 89 ff  n.q.u.y.}.......
0000d8b0: 8d ff 91 ff 95 ff 9a ff 9e ff a2 ff a6 ff ab ff  ................
0000d8c0: af ff b3 ff b7 ff bb ff bf ff c3 ff c7 ff cb ff  ................
0000d8d0: cf ff d3 ff d6 ff da ff dd ff e0 ff e3 ff e6 ff  ................
0000d8e0: e9 ff eb ff ee ff f0 ff f2 ff f4 ff f6 ff f7 ff  ................
0000d8f0: f8 ff fa ff fb ff fc ff fd ff fd ff fe ff ff ff  ................
0000d900: ff ff 00 00 01 00 01 00 02 00 02 00 03 00 04 00  ................
0000d910: 05 00 06 00 07 00 09 00 0a 00 0c 00 0e 00 10 00  ................
0000d920: 13 00 16 00 19 00 1c 00 1f 00 23 00 26 00 2a 00  ..........#.&.*.
0000d930: 2e 00 32 00 36 00 3a 00 3e 00 42 00 46 00 4b 00  ..2.6.:.>.B.F.K.
0000d940: 4f 00 53 00 57 00 5b 00 5f 00 63 00 66 00 6a 00  O.S.W.[._.c.f.j.
0000d950: 6d 00 71 00 74 00 77 00 7a 00 7c 00 7e 00 81 00  m.q.t.w.z.|.~...
0000d960: 83 00 84 00 86 00 87 00 88 00 89 00 8a 00 8b 00  ................
0000d970: 8b 00 8c 00 8c 00 8c 00 8c 00 8c 00 8c 00 8b 00  ................
0000d980: 8b 00 8a 00 8a 00 89 00 88 00 87 00 86 00 85 00  ................
0000d990: 84 00 83 00 82 00 81 00 7f 00 7e 00 7d 00 7b 00  ..........~.}.{.
0000d9a0: 7a 00 79 00 77 00 76 00 75 00 74 00 72 00 71 00  z.y.w.v.u.t.r.q.
0000d9b0: 70 00 6f 00 6e 00 6d 00 6c 00 6b 00 6a 00 69 00  p.o.n.m.l.k.j.i.
0000d9c0: 68 00 67 00 66 00 66 00 65 00 64 00 63 00 63 00  h.g.f.f.e.d.c.c.
0000d9d0: 62 00 61 00 61 00 60 00 60 00 5f 00 5f 00 5e 00  b.a.a.`.`._._.^.
0000d9e0: 5e 00 5d 00 5d 00 5c 00 5c 00 5b 00 5b 00 5b 00  ^.].].\.\.[.[.[.
0000d9f0: 5a 00 5a 00 59 00 59 00 59 00 58 00 58 00 58 00  Z.Z.Y.Y.Y.X.X.X.
0000da00: 58 00 00 00 50 00 70 00 80 00 8c 00 ae 00 d4 00  X...P.p.........
0000da10: fc 00 ff 00 00 00 00 00 00 00 00 00 00 00 00 00  ................
0000da20: 00 00 00 00 4a 00 72 00 80 00 8c 00 aa 00 d6 00  ....J.r.........
0000da30: fc 00 ff 00 00 00 00 00 00 00 00 00 00 00 00 00  ................
0000da40: 00 00 03 00 06 00 01 00 03 00 02 00 01 00 18 00  ................
0000da50: 00 00 01 00 7f ff 7c ff 7a ff 77 ff 74 ff 72 ff  ......|.z.w.t.r.
0000da60: 6f ff 6d ff 6a ff 68 ff 65 ff 63 ff 60 ff 5e ff  o.m.j.h.e.c.`.^.
0000da70: 5b ff 59 ff 57 ff 54 ff 52 ff 50 ff 4e ff 4c ff  [.Y.W.T.R.P.N.L.
0000da80: 4a ff 48 ff 46 ff 44 ff 42 ff 40 ff 3f ff 3d ff  J.H.F.D.B.@.?.=.
0000da90: 3b ff 3a ff 38 ff 37 ff 36 ff 34 ff 33 ff 32 ff  ;.:.8.7.6.4.3.2.
0000daa0: 31 ff 30 ff 2f ff 2f ff 2e ff 2d ff 2d ff 2c ff  1.0././...-.-.,.
0000dab0: 2c ff 2c ff 2b ff 2b ff 2b ff 2b ff 2c ff 2c ff  ,.,.+.+.+.+.,.,.
0000dac0: 2c ff 2d ff 2d ff 2e ff 2f ff 2f ff 30 ff 31 ff  ,.-.-..././.0.1.
0000dad0: 33 ff 34 ff 35 ff 37 ff 38 ff 3a ff 3c ff 3e ff  3.4.5.7.8.:.<.>.
0000dae0: 40 ff 42 ff 45 ff 47 ff 4a ff 4c ff 4f ff 52 ff  @.B.E.G.J.L.O.R.
0000daf0: 55 ff 58 ff 5c ff 5f ff 63 ff 66 ff 6a ff 6e ff  U.X.\._.c.f.j.n.
0000db00: 72 ff 77 ff 7b ff 7f ff 84 ff 89 ff 8e ff 93 ff  r.w.{...........
0000db10: 98 ff 9d ff a2 ff a7 ff ac ff b1 ff b6 ff bb ff  ................
0000db20: c0 ff c4 ff c9 ff cd ff d2 ff d6 ff da ff de ff  ................
0000db30: e1 ff e4 ff e7 ff ea ff ed ff ef ff f1 ff f3 ff  ................
0000db40: f5 ff f6 ff f8 ff f9 ff fa ff fc ff fd ff fe ff  ................
0000db50: ff ff 00 00 01 00 02 00 03 00 04 00 05 00 06 00  ................
0000db60: 07 00 08 00 09 00 0a 00 0c 00 0d 00 0e 00 10 00  ................
0000db70: 12 00 13 00 15 00 17 00 19 00 1c 00 1e 00 20 00  .............. .
0000db80: 23 00 25 00 28 00 2b 00 2e 00 31 00 33 00 36 00  #.%.(.+...1.3.6.
0000db90: 39 00 3d 00 40 00 43 00 46 00 49 00 4c 00 4f 00  9.=.@.C.F.I.L.O.
0000dba0: 52 00 55 00 59 00 5c 00 5f 00 62 00 65 00 67 00  R.U.Y.\._.b.e.g.
0000dbb0: 6a 00 6d 00 70 00 72 00 75 00 77 00 7a 00 7c 00  j.m.p.r.u.w.z.|.
0000dbc0: 7e 00 80 00 82 00 84 00 86 00 87 00 89 00 8a 00  ~...............
0000dbd0: 8c 00 8d 00 8f 00 90 00 91 00 92 00 93 00 94 00  ................
0000dbe0: 95 00 96 00 96 00 97 00 98 00 98 00 99 00 99 00  ................
0000dbf0: 99 00 9a 00 9a 00 9a 00 9a 00 9a 00 9a 00 9a 00  ................
0000dc00: 9a 00 9a 00 9a 00 9a 00 9a 00 9a 00 9a 00 99 00  ................
0000dc10: 99 00 99 00 98 00 98 00 97 00 97 00 97 00 96 00  ................
0000dc20: 96 00 95 00 94 00 94 00 93 00 93 00 92 00 91 00  ................
0000dc30: 91 00 90 00 90 00 8f 00 8e 00 8d 00 8d 00 8c 00  ................
0000dc40: 8b 00 8b 00 8a 00 89 00 88 00 88 00 86 00 86 00  ................
0000dc50: 86 00 86 00 68 ff 68 ff 68 ff 67 ff 65 ff 64 ff  ....h.h.h.g.e.d.
0000dc60: 62 ff 61 ff 5f ff 5e ff 5c ff 5b ff 59 ff 58 ff  b.a._.^.\.[.Y.X.
0000dc70: 56 ff 55 ff 54 ff 52 ff 51 ff 50 ff 4e ff 4d ff  V.U.T.R.Q.P.N.M.
0000dc80: 4c ff 4b ff 4a ff 48 ff 47 ff 46 ff 45 ff 44 ff  L.K.J.H.G.F.E.D.
0000dc90: 43 ff 43 ff 42 ff 41 ff 40 ff 40 ff 3f ff 3f ff  C.C.B.A.@.@.?.?.
0000dca0: 3e ff 3e ff 3d ff 3d ff 3d ff 3d ff 3c ff 3c ff  >.>.=.=.=.=.<.<.
0000dcb0: 3d ff 3d ff 3d ff 3d ff 3d ff 3e ff 3e ff 3f ff  =.=.=.=.=.>.>.?.
0000dcc0: 40 ff 40 ff 41 ff 42 ff 43 ff 44 ff 46 ff 47 ff  @.@.A.B.C.D.F.G.
0000dcd0: 48 ff 4a ff 4b ff 4d ff 4f ff 51 ff 53 ff 55 ff  H.J.K.M.O.Q.S.U.
0000dce0: 57 ff 5a ff 5c ff 5f ff 61 ff 64 ff 67 ff 6a ff  W.Z.\._.a.d.g.j.
0000dcf0: 6d ff 70 ff 73 ff 76 ff 79 ff 7d ff 80 ff 83 ff  m.p.s.v.y.}.....
0000dd00: 87 ff 8a ff 8d ff 91 ff 94 ff 98 ff 9b ff 9f ff  ................
0000dd10: a3 ff a6 ff aa ff ad ff b1 ff b4 ff b8 ff bb ff  ................
0000dd20: bf ff c2 ff c5 ff c9 ff cc ff cf ff d2 ff d5 ff  ................
0000dd30: d9 ff dc ff de ff e1 ff e4 ff e7 ff e9 ff ec ff  ................
0000dd40: ee ff f1 ff f3 ff f5 ff f7 ff f9 ff fb ff fc ff  ................
0000dd50: fe ff 00 00 01 00 02 00 03 00 04 00 05 00 06 00  ................
0000dd60: 07 00 08 00 09 00 0a 00 0b 00 0c 00 0d 00 0f 00  ................
0000dd70: 10 00 11 00 13 00 14 00 16 00 18 00 1a 00 1c 00  ................
0000dd80: 1e 00 20 00 23 00 25 00 28 00 2a 00 2d 00 2f 00  .. .#.%.(.*.-./.
0000dd90: 32 00 35 00 37 00 3a 00 3d 00 3f 00 42 00 45 00  2.5.7.:.=.?.B.E.
0000dda0: 47 00 4a 00 4d 00 4f 00 51 00 54 00 56 00 58 00  G.J.M.O.Q.T.V.X.
0000ddb0: 5b 00 5d 00 5f 00 61 00 63 00 65 00 66 00 68 00  [.]._.a.c.e.f.h.
0000ddc0: 6a 00 6c 00 6d 00 6f 00 70 00 72 00 73 00 74 00  j.l.m.o.p.r.s.t.
0000ddd0: 76 00 77 00 78 00 79 00 7a 00 7b 00 7c 00 7d 00  v.w.x.y.z.{.|.}.
0000dde0: 7e 00 7f 00 80 00 81 00 81 00 82 00 83 00 83 00  ~...............
0000ddf0: 84 00 84 00 85 00 85 00 86 00 86 00 86 00 87 00  ................
0000de00: 87 00 87 00 87 00 87 00 88 00 88 00 88 00 88 00  ................
0000de10: 88 00 88 00 88 00 88 00 87 00 87 00 87 00 87 00  ................
0000de20: 87 00 87 00 86 00 86 00 86 00 85 00 85 00 85 00  ................
0000de30: 84 00 84 00 84 00 83 00 83 00 82 00 82 00 82 00  ................
0000de40: 81 00 81 00 80 00 80 00 7f 00 7f 00 7e 00 7e 00  ............~.~.
0000de50: 7d 00 7d 00 00 00 16 00 58 00 6e 00 7e 00 90 00  }.}.....X.n.~...
0000de60: b2 00 e0 00 fc 00 ff 00 00 00 00 00 00 00 00 00  ................
0000de70: 00 00 00 00 02 00 44 00 74 00 7e 00 90 00 a8 00  ......D.t.~.....
0000de80: dc 00 fe 00 ff 00 00 00 00 00 00 00 00 00 00 00  ................
0000de90: 00 00 00 00 03 00 06 00 01 00 03 00 02 00 01 00  ................
0000dea0: 18 00 00 00 01 00 94 ff 92 ff 90 ff 8e ff 8b ff  ................
0000deb0: 89 ff 87 ff 85 ff 83 ff 81 ff 7e ff 7c ff 7a ff  ..........~.|.z.
0000dec0: 78 ff 76 ff 74 ff 72 ff 70 ff 6e ff 6c ff 69 ff  x.v.t.r.p.n.l.i.
0000ded0: 67 ff 65 ff 63 ff 62 ff 60 ff 5e ff 5c ff 5a ff  g.e.c.b.`.^.\.Z.
0000dee0: 58 ff 56 ff 54 ff 53 ff 51 ff 4f ff 4d ff 4c ff  X.V.T.S.Q.O.M.L.
0000def0: 4a ff 48 ff 47 ff 45 ff 44 ff 42 ff 41 ff 40 ff  J.H.G.E.D.B.A.@.
0000df00: 3e ff 3d ff 3c ff 3b ff 3a ff 39 ff 38 ff 37 ff  >.=.<.;.:.9.8.7.
0000df10: 37 ff 36 ff 35 ff 35 ff 35 ff 34 ff 34 ff 34 ff  7.6.5.5.5.4.4.4.
0000df20: 34 ff 34 ff 34 ff 35 ff 35 ff 36 ff 37 ff 37 ff  4.4.4.5.5.6.7.7.
0000df30: 38 ff 3a ff 3b ff 3c ff 3e ff 3f ff 41 ff 43 ff  8.:.;.<.>.?.A.C.
0000df40: 45 ff 47 ff 4a ff 4c ff 4f ff 52 ff 55 ff 58 ff  E.G.J.L.O.R.U.X.
0000df50: 5b ff 5f ff 62 ff 66 ff 6a ff 6e ff 72 ff 76 ff  [._.b.f.j.n.r.v.
0000df60: 7b ff 7f ff 84 ff 89 ff 8e ff 93 ff 98 ff 9d ff  {...............
0000df70: a3 ff a9 ff ae ff b4 ff ba ff c0 ff c6 ff cc ff  ................
0000df80: d2 ff d7 ff dd ff e1 ff e6 ff ea ff ed ff f0 ff  ................
0000df90: f3 ff f5 ff f7 ff f9 ff fb ff fc ff fd ff fe ff  ................
0000dfa0: ff ff 00 00 01 00 01 00 02 00 03 00 03 00 04 00  ................
0000dfb0: 05 00 05 00 06 00 07 00 08 00 09 00 0a 00 0c 00  ................
0000dfc0: 0d 00 0f 00 10 00 13 00 15 00 17 00 1a 00 1d 00  ................
0000dfd0: 20 00 23 00 26 00 2a 00 2d 00 31 00 35 00 39 00   .#.&.*.-.1.5.9.
0000dfe0: 3d 00 41 00 45 00 49 00 4d 00 51 00 55 00 59 00  =.A.E.I.M.Q.U.Y.
0000dff0: 5d 00 61 00 65 00 69 00 6d 00 71 00 74 00 78 00  ].a.e.i.m.q.t.x.
0000e000: 7b 00 7f 00 82 00 85 00 89 00 8c 00 8e 00 91 00  {...............
0000e010: 94 00 96 00 99 00 9b 00 9d 00 9f 00 a1 00 a2 00  ................
0000e020: a4 00 a5 00 a6 00 a7 00 a8 00 a8 00 a9 00 a9 00  ................
0000e030: aa 00 aa 00 aa 00 aa 00 aa 00 aa 00 a9 00 a9 00  ................
0000e040: a9 00 a8 00 a8 00 a7 00 a6 00 a6 00 a5 00 a4 00  ................
0000e050: a4 00 a3 00 a2 00 a2 00 a1 00 a1 00 a0 00 a0 00  ................
0000e060: 9f 00 9f 00 9e 00 9e 00 9d 00 9d 00 9d 00 9c 00  ................
0000e070: 9c 00 9c 00 9b 00 9b 00 9b 00 9b 00 9b 00 9a 00  ................
0000e080: 9a 00 9a 00 9a 00 9a 00 9a 00 9a 00 99 00 99 00  ................
0000e090: 99 00 99 00 99 00 99 00 99 00 99 00 99 00 99 00  ................
0000e0a0: 99 00 99 00 99 00 a0 ff 9d ff 9a ff 97 ff 93 ff  ................
0000e0b0: 90 ff 8d ff 8a ff 87 ff 84 ff 81 ff 7e ff 7b ff  ............~.{.
0000e0c0: 78 ff 75 ff 72 ff 6f ff 6c ff 6a ff 67 ff 64 ff  x.u.r.o.l.j.g.d.
0000e0d0: 62 ff 5f ff 5d ff 5b ff 58 ff 56 ff 54 ff 52 ff  b._.].[.X.V.T.R.
0000e0e0: 50 ff 4e ff 4c ff 4a ff 49 ff 47 ff 46 ff 44 ff  P.N.L.J.I.G.F.D.
0000e0f0: 43 ff 42 ff 41 ff 40 ff 3f ff 3f ff 3e ff 3e ff  C.B.A.@.?.?.>.>.
0000e100: 3d ff 3d ff 3d ff 3d ff 3e ff 3e ff 3f ff 3f ff  =.=.=.=.>.>.?.?.
0000e110: 40 ff 41 ff 42 ff 44 ff 45 ff 47 ff 49 ff 4b ff  @.A.B.D.E.G.I.K.
0000e120: 4d ff 4f ff 52 ff 54 ff 57 ff 5a ff 5e ff 61 ff  M.O.R.T.W.Z.^.a.
0000e130: 64 ff 68 ff 6c ff 70 ff 74 ff 78 ff 7c ff 80 ff  d.h.l.p.t.x.|...
0000e140: 84 ff 89 ff 8d ff 91 ff 96 ff 9a ff 9e ff a3 ff  ................
0000e150: a7 ff ab ff af ff b3 ff b7 ff bb ff bf ff c2 ff  ................
0000e160: c6 ff c9 ff cc ff cf ff d2 ff d5 ff d8 ff db ff  ................
0000e170: dd ff e0 ff e2 ff e4 ff e6 ff e8 ff ea ff ec ff  ................
0000e180: ee ff ef ff f1 ff f2 ff f3 ff f4 ff f6 ff f7 ff  ................
0000e190: f8 ff f8 ff f9 ff fa ff fb ff fc ff fd ff fe ff  ................
0000e1a0: ff ff ff ff 00 00 01 00 02 00 03 00 04 00 06 00  ................
0000e1b0: 07 00 08 00 0a 00 0b 00 0d 00 0e 00 10 00 12 00  ................
0000e1c0: 14 00 16 00 18 00 1b 00 1d 00 20 00 23 00 25 00  .......... .#.%.
0000e1d0: 28 00 2c 00 2f 00 32 00 35 00 39 00 3c 00 40 00  (.,./.2.5.9.<.@.
0000e1e0: 44 00 47 00 4b 00 4f 00 52 00 56 00 5a 00 5e 00  D.G.K.O.R.V.Z.^.
0000e1f0: 61 00 65 00 69 00 6c 00 70 00 74 00 77 00 7b 00  a.e.i.l.p.t.w.{.
0000e200: 7e 00 81 00 84 00 87 00 8a 00 8d 00 90 00 93 00  ~...............
0000e210: 95 00 98 00 9a 00 9c 00 9e 00 a0 00 a1 00 a3 00  ................
0000e220: a4 00 a5 00 a7 00 a8 00 a8 00 a9 00 aa 00 aa 00  ................
0000e230: aa 00 ab 00 ab 00 ab 00 aa 00 aa 00 aa 00 a9 00  ................
0000e240: a9 00 a8 00 a7 00 a6 00 a5 00 a4 00 a2 00 a1 00  ................
0000e250: 9f 00 9e 00 9c 00 9a 00 98 00 97 00 94 00 92 00  ................
0000e260: 90 00 8e 00 8c 00 89 00 87 00 84 00 82 00 80 00  ................
0000e270: 7d 00 7b 00 78 00 76 00 73 00 71 00 6f 00 6c 00  }.{.x.v.s.q.o.l.
0000e280: 6a 00 68 00 66 00 64 00 62 00 60 00 5e 00 5d 00  j.h.f.d.b.`.^.].
0000e290: 5b 00 5a 00 59 00 57 00 56 00 56 00 55 00 54 00  [.Z.Y.W.V.V.U.T.
0000e2a0: 54 00 54 00 54 00 00 00 22 00 4c 00 68 00 70 00  T.T.T...".L.h.p.
0000e2b0: 7e 00 90 00 a4 00 bc 00 d8 00 ff 00 00 00 00 00  ~...............
0000e2c0: 00 00 00 00 00 00 00 00 40 00 5a 00 6c 00 80 00  ........@.Z.l...
0000e2d0: 90 00 b6 00 d8 00 fe 00 ff 00 00 00 00 00 00 00  ................
0000e2e0: 00 00 00 00 00 00 03 00 06 00 01 00 04 00 02 00  ................
0000e2f0: 01 00 18 00 00 00 01 00 67 ff 67 ff 67 ff 68 ff  ........g.g.g.h.
0000e300: 65 ff 63 ff 61 ff 5f ff 5d ff 5b ff 58 ff 56 ff  e.c.a._.].[.X.V.
0000e310: 54 ff 52 ff 50 ff 4e ff 4c ff 4a ff 48 ff 46 ff  T.R.P.N.L.J.H.F.
0000e320: 44 ff 42 ff 40 ff 3e ff 3c ff 3a ff 39 ff 37 ff  D.B.@.>.<.:.9.7.
0000e330: 35 ff 34 ff 32 ff 31 ff 2f ff 2e ff 2d ff 2c ff  5.4.2.1./...-.,.
0000e340: 2a ff 29 ff 28 ff 27 ff 26 ff 26 ff 25 ff 24 ff  *.).(.'.&.&.%.$.
0000e350: 23 ff 23 ff 23 ff 22 ff 22 ff 22 ff 22 ff 22 ff  #.#.#.".".".".".
0000e360: 22 ff 22 ff 22 ff 23 ff 23 ff 24 ff 25 ff 25 ff  ".".".#.#.$.%.%.
0000e370: 26 ff 27 ff 28 ff 2a ff 2b ff 2d ff 2e ff 30 ff  &.'.(.*.+.-...0.
0000e380: 32 ff 34 ff 36 ff 38 ff 3b ff 3d ff 40 ff 43 ff  2.4.6.8.;.=.@.C.
0000e390: 46 ff 49 ff 4c ff 50 ff 53 ff 57 ff 5b ff 5f ff  F.I.L.P.S.W.[._.
0000e3a0: 63 ff 68 ff 6c ff 71 ff 75 ff 7a ff 7f ff 84 ff  c.h.l.q.u.z.....
0000e3b0: 88 ff 8d ff 92 ff 97 ff 9c ff a1 ff a6 ff ab ff  ................
0000e3c0: b0 ff b5 ff b9 ff be ff c3 ff c7 ff cb ff d0 ff  ................
0000e3d0: d4 ff d7 ff db ff df ff e2 ff e5 ff e8 ff eb ff  ................
0000e3e0: ed ff ef ff f2 ff f3 ff f5 ff f7 ff f8 ff f9 ff  ................
0000e3f0: fb ff fc ff fd ff fe ff fe ff ff ff 00 00 01 00  ................
0000e400: 02 00 03 00 03 00 04 00 05 00 07 00 08 00 09 00  ................
0000e410: 0b 00 0d 00 0f 00 11 00 13 00 16 00 19 00 1c 00  ................
0000e420: 1f 00 22 00 26 00 29 00 2d 00 31 00 35 00 39 00  ..".&.).-.1.5.9.
0000e430: 3d 00 41 00 46 00 4a 00 4e 00 53 00 57 00 5b 00  =.A.F.J.N.S.W.[.
0000e440: 60 00 64 00 68 00 6c 00 71 00 75 00 79 00 7c 00  `.d.h.l.q.u.y.|.
0000e450: 80 00 84 00 87 00 8b 00 8e 00 91 00 93 00 96 00  ................
0000e460: 98 00 9a 00 9c 00 9e 00 a0 00 a1 00 a2 00 a3 00  ................
0000e470: a4 00 a5 00 a5 00 a6 00 a6 00 a6 00 a6 00 a6 00  ................
0000e480: a6 00 a6 00 a5 00 a5 00 a5 00 a4 00 a3 00 a3 00  ................
0000e490: a2 00 a1 00 a0 00 9f 00 9f 00 9e 00 9d 00 9c 00  ................
0000e4a0: 9b 00 9a 00 99 00 98 00 98 00 97 00 96 00 95 00  ................
0000e4b0: 94 00 94 00 93 00 92 00 91 00 91 00 90 00 8f 00  ................
0000e4c0: 8e 00 8e 00 8d 00 8c 00 8c 00 8b 00 8b 00 8a 00  ................
0000e4d0: 89 00 89 00 88 00 88 00 87 00 86 00 86 00 85 00  ................
0000e4e0: 85 00 84 00 84 00 83 00 82 00 82 00 81 00 81 00  ................
0000e4f0: 80 00 80 00 7f 00 7e 00 3e ff 3d ff 3d ff 3c ff  ......~.>.=.=.<.
0000e500: 3c ff 3b ff 3b ff 3a ff 3a ff 39 ff 39 ff 38 ff  <.;.;.:.:.9.9.8.
0000e510: 38 ff 38 ff 37 ff 37 ff 36 ff 36 ff 36 ff 35 ff  8.8.7.7.6.6.6.5.
0000e520: 35 ff 35 ff 35 ff 35 ff 34 ff 34 ff 34 ff 34 ff  5.5.5.5.4.4.4.4.
0000e530: 34 ff 34 ff 34 ff 34 ff 34 ff 34 ff 34 ff 34 ff  4.4.4.4.4.4.4.4.
0000e540: 35 ff 35 ff 35 ff 36 ff 36 ff 37 ff 37 ff 38 ff  5.5.5.6.6.7.7.8.
0000e550: 38 ff 39 ff 3a ff 3a ff 3b ff 3c ff 3d ff 3e ff  8.9.:.:.;.<.=.>.
0000e560: 3f ff 40 ff 41 ff 43 ff 44 ff 45 ff 47 ff 48 ff  ?.@.A.C.D.E.G.H.
0000e570: 4a ff 4b ff 4d ff 4f ff 51 ff 53 ff 55 ff 57 ff  J.K.M.O.Q.S.U.W.
0000e580: 59 ff 5b ff 5e ff 60 ff 62 ff 65 ff 68 ff 6a ff  Y.[.^.`.b.e.h.j.
0000e590: 6d ff 70 ff 73 ff 76 ff 7a ff 7d ff 80 ff 84 ff  m.p.s.v.z.}.....
0000e5a0: 87 ff 8b ff 8f ff 92 ff 96 ff 9a ff 9e ff a1 ff  ................
0000e5b0: a5 ff a9 ff ad ff b1 ff b5 ff b8 ff bc ff c0 ff  ................
0000e5c0: c3 ff c7 ff cb ff ce ff d1 ff d5 ff d8 ff db ff  ................
0000e5d0: de ff e1 ff e4 ff e6 ff e9 ff eb ff ed ff ef ff  ................
0000e5e0: f1 ff f3 ff f5 ff f7 ff f8 ff fa ff fb ff fd ff  ................
0000e5f0: fe ff ff ff 00 00 01 00 02 00 03 00 04 00 05 00  ................
0000e600: 06 00 07 00 08 00 09 00 0a 00 0c 00 0d 00 0f 00  ................
0000e610: 10 00 12 00 14 00 15 00 17 00 19 00 1b 00 1d 00  ................
0000e620: 1f 00 21 00 23 00 26 00 28 00 2a 00 2c 00 2f 00  ..!.#.&.(.*.,./.
0000e630: 31 00 34 00 36 00 39 00 3b 00 3e 00 41 00 43 00  1.4.6.9.;.>.A.C.
0000e640: 46 00 49 00 4b 00 4e 00 51 00 54 00 56 00 59 00  F.I.K.N.Q.T.V.Y.
0000e650: 5c 00 5f 00 61 00 64 00 67 00 6a 00 6c 00 6f 00  \._.a.d.g.j.l.o.
0000e660: 72 00 74 00 77 00 7a 00 7c 00 7f 00 81 00 84 00  r.t.w.z.|.......
0000e670: 86 00 88 00 8a 00 8d 00 8f 00 91 00 93 00 94 00  ................
0000e680: 96 00 98 00 99 00 9b 00 9c 00 9e 00 9f 00 a0 00  ................
0000e690: a1 00 a2 00 a3 00 a4 00 a4 00 a5 00 a6 00 a6 00  ................
0000e6a0: a7 00 a7 00 a8 00 a8 00 a8 00 a8 00 a8 00 a9 00  ................
0000e6b0: a9 00 a9 00 a8 00 a8 00 a8 00 a8 00 a8 00 a7 00  ................
0000e6c0: a7 00 a7 00 a6 00 a6 00 a6 00 a5 00 a5 00 a4 00  ................
0000e6d0: a3 00 a3 00 a2 00 a2 00 a1 00 a0 00 a0 00 9f 00  ................
0000e6e0: 9e 00 9d 00 9d 00 9c 00 9b 00 9a 00 9a 00 9a 00  ................
0000e6f0: 9a 00 9a 00 9a 00 9a 00 02 00 52 00 72 00 7e 00  ..........R.r.~.
0000e700: 8e 00 b2 00 d4 00 ff 00 00 00 00 00 00 00 00 00  ................
0000e710: 00 00 00 00 00 00 00 00 00 00 50 00 6e 00 7e 00  ..........P.n.~.
0000e720: 86 00 ac 00 c2 00 f8 00 ff 00 00 00 00 00 00 00  ................
0000e730: 00 00 00 00 00 00 00 00 03 00 06 00 01 00 05 00  ................
0000e740: 02 00 01 00 18 00 00 00 01 00 80 ff 80 ff 80 ff  ................
0000e750: 80 ff 80 ff 81 ff 81 ff 81 ff 81 ff 82 ff 82 ff  ................
0000e760: 82 ff 82 ff 83 ff 83 ff 83 ff 84 ff 84 ff 84 ff  ................
0000e770: 84 ff 85 ff 85 ff 85 ff 86 ff 86 ff 86 ff 87 ff  ................
0000e780: 87 ff 87 ff 88 ff 88 ff 88 ff 89 ff 89 ff 89 ff  ................
0000e790: 8a ff 8a ff 8a ff 8b ff 8b ff 8b ff 8c ff 8c ff  ................
0000e7a0: 8d ff 8d ff 8d ff 8e ff 8e ff 8f ff 8f ff 8f ff  ................
0000e7b0: 90 ff 90 ff 91 ff 91 ff 92 ff 92 ff 93 ff 93 ff  ................
0000e7c0: 94 ff 94 ff 95 ff 95 ff 96 ff 96 ff 97 ff 98 ff  ................
0000e7d0: 98 ff 99 ff 9a ff 9a ff 9b ff 9c ff 9d ff 9e ff  ................
0000e7e0: 9f ff a0 ff a1 ff a3 ff a4 ff a5 ff a7 ff a9 ff  ................
0000e7f0: aa ff ac ff ae ff b0 ff b2 ff b4 ff b7 ff b9 ff  ................
0000e800: bc ff be ff c1 ff c4 ff c7 ff ca ff ce ff d1 ff  ................
0000e810: d5 ff d8 ff dc ff df ff e2 ff e6 ff e9 ff ec ff  ................
0000e820: ef ff f2 ff f5 ff f8 ff fa ff fc ff fe ff ff ff  ................
0000e830: 01 00 02 00 03 00 04 00 04 00 05 00 05 00 05 00  ................
0000e840: 05 00 05 00 04 00 04 00 04 00 03 00 03 00 02 00  ................
0000e850: 01 00 01 00 00 00 00 00 ff ff ff ff ff ff ff ff  ................
0000e860: ff ff ff ff ff ff 00 00 01 00 02 00 03 00 04 00  ................
0000e870: 06 00 07 00 09 00 0b 00 0d 00 0f 00 11 00 13 00  ................
0000e880: 15 00 18 00 1a 00 1c 00 1e 00 20 00 22 00 24 00  .......... .".$.
0000e890: 26 00 27 00 29 00 2a 00 2c 00 2d 00 2e 00 30 00  &.'.).*.,.-...0.
0000e8a0: 31 00 32 00 33 00 33 00 34 00 35 00 36 00 36 00  1.2.3.3.4.5.6.6.
0000e8b0: 37 00 37 00 38 00 38 00 38 00 38 00 39 00 39 00  7.7.8.8.8.8.9.9.
0000e8c0: 39 00 39 00 39 00 39 00 39 00 39 00 39 00 39 00  9.9.9.9.9.9.9.9.
0000e8d0: 39 00 39 00 39 00 39 00 39 00 39 00 39 00 39 00  9.9.9.9.9.9.9.9.
0000e8e0: 39 00 38 00 38 00 38 00 38 00 38 00 38 00 38 00  9.8.8.8.8.8.8.8.
0000e8f0: 37 00 37 00 37 00 37 00 37 00 37 00 36 00 36 00  7.7.7.7.7.7.6.6.
0000e900: 36 00 36 00 36 00 35 00 35 00 35 00 35 00 35 00  6.6.6.5.5.5.5.5.
0000e910: 34 00 34 00 34 00 34 00 34 00 34 00 33 00 33 00  4.4.4.4.4.4.3.3.
0000e920: 33 00 33 00 33 00 33 00 32 00 32 00 32 00 32 00  3.3.3.3.2.2.2.2.
0000e930: 32 00 32 00 32 00 32 00 32 00 31 00 31 00 31 00  2.2.2.2.2.1.1.1.
0000e940: 31 00 31 00 31 00 31 00 31 00 00 00 00 00 00 00  1.1.1.1.1.......
0000e950: 00 00 00 00 00 00 00 00 00 00 00 00 00 00 00 00  ................
0000e960: 00 00 00 00 00 00 00 00 00 00 00 00 00 00 00 00  ................
0000e970: 00 00 00 00 00 00 00 00 00 00 00 00 00 00 00 00  ................
0000e980: 00 00 00 00 00 00 00 00 00 00 00 00 00 00 00 00  ................
0000e990: 00 00 00 00 00 00 00 00 00 00 00 00 00 00 00 00  ................
0000e9a0: 00 00 00 00 00 00 00 00 00 00 00 00 00 00 00 00  ................
0000e9b0: 00 00 00 00 00 00 00 00 00 00 00 00 00 00 00 00  ................
0000e9c0: 00 00 00 00 00 00 00 00 00 00 00 00 00 00 00 00  ................
0000e9d0: 00 00 00 00 00 00 00 00 00 00 00 00 00 00 00 00  ................
0000e9e0: 00 00 00 00 00 00 00 00 00 00 00 00 00 00 00 00  ................
0000e9f0: 00 00 00 00 00 00 00 00 00 00 00 00 00 00 00 00  ................
0000ea00: 00 00 00 00 00 00 00 00 00 00 00 00 00 00 00 00  ................
0000ea10: 00 00 00 00 00 00 00 00 00 00 00 00 00 00 00 00  ................
0000ea20: 00 00 00 00 00 00 00 00 00 00 00 00 00 00 00 00  ................
0000ea30: 00 00 00 00 00 00 00 00 00 00 00 00 00 00 00 00  ................
0000ea40: 00 00 00 00 00 00 00 00 00 00 00 00 00 00 00 00  ................
0000ea50: 00 00 00 00 00 00 00 00 00 00 00 00 00 00 00 00  ................
0000ea60: 00 00 00 00 00 00 00 00 00 00 00 00 00 00 00 00  ................
0000ea70: 00 00 00 00 00 00 00 00 00 00 00 00 00 00 00 00  ................
0000ea80: 00 00 00 00 00 00 00 00 00 00 00 00 00 00 00 00  ................
0000ea90: 00 00 00 00 00 00 00 00 00 00 00 00 00 00 00 00  ................
0000eaa0: 00 00 00 00 00 00 00 00 00 00 00 00 00 00 00 00  ................
0000eab0: 00 00 00 00 00 00 00 00 00 00 00 00 00 00 00 00  ................
0000eac0: 00 00 00 00 00 00 00 00 00 00 00 00 00 00 00 00  ................
0000ead0: 00 00 00 00 00 00 00 00 00 00 00 00 00 00 00 00  ................
0000eae0: 00 00 00 00 00 00 00 00 00 00 00 00 00 00 00 00  ................
0000eaf0: 00 00 00 00 00 00 00 00 00 00 00 00 00 00 00 00  ................
0000eb00: 00 00 00 00 00 00 00 00 00 00 00 00 00 00 00 00  ................
0000eb10: 00 00 00 00 00 00 00 00 00 00 00 00 00 00 00 00  ................
0000eb20: 00 00 00 00 00 00 00 00 00 00 00 00 00 00 00 00  ................
0000eb30: 00 00 00 00 00 00 00 00 00 00 00 00 00 00 00 00  ................
0000eb40: 00 00 00 00 00 00 00 00 00 00 04 00 3c 00 5e 00  ............<.^.
0000eb50: 70 00 7e 00 8e 00 a2 00 c4 00 fe 00 ff 00 00 00  p.~.............
0000eb60: 00 00 00 00 00 00 00 00 00 00 00 00 ff 00 00 00  ................
0000eb70: 00 00 00 00 00 00 00 00 00 00 00 00 00 00 00 00  ................
0000eb80: 00 00 00 00 00 00 00 00 00 00 03 00 06 00 01 00  ................
0000eb90: 05 00 02 00 01 00 18 00 00 00 01 00 fa ff fa ff  ................
0000eba0: fa ff f8 ff f4 ff f2 ff ee ff ec ff e8 ff e4 ff  ................
0000ebb0: e2 ff de ff dc ff d8 ff d6 ff d2 ff d0 ff ce ff  ................
0000ebc0: ca ff c8 ff c6 ff c2 ff c0 ff be ff bc ff ba ff  ................
0000ebd0: b8 ff b6 ff b4 ff b2 ff b0 ff ae ff ac ff ac ff  ................
0000ebe0: aa ff aa ff a8 ff a8 ff a6 ff a6 ff a6 ff a6 ff  ................
0000ebf0: a4 ff a4 ff a6 ff a6 ff a6 ff a6 ff a8 ff a8 ff  ................
0000ec00: aa ff aa ff ac ff ac ff ae ff b0 ff b2 ff b2 ff  ................
0000ec10: b4 ff b6 ff b8 ff ba ff bc ff be ff c0 ff c2 ff  ................
0000ec20: c2 ff c4 ff c6 ff c8 ff ca ff cc ff ce ff d0 ff  ................
0000ec30: d0 ff d2 ff d4 ff d6 ff d6 ff d8 ff da ff da ff  ................
0000ec40: dc ff dc ff de ff e0 ff e0 ff e2 ff e2 ff e2 ff  ................
0000ec50: e4 ff e4 ff e6 ff e6 ff e8 ff e8 ff e8 ff ea ff  ................
0000ec60: ea ff ec ff ec ff ec ff ee ff ee ff ee ff f0 ff  ................
0000ec70: f0 ff f2 ff f2 ff f4 ff f4 ff f4 ff f6 ff f6 ff  ................
0000ec80: f8 ff f8 ff fa ff fa ff fa ff fc ff fc ff fe ff  ................
0000ec90: fe ff 00 00 00 00 00 00 02 00 02 00 02 00 04 00  ................
0000eca0: 04 00 06 00 06 00 06 00 08 00 08 00 08 00 0a 00  ................
0000ecb0: 0a 00 0a 00 0c 00 0c 00 0e 00 0e 00 0e 00 10 00  ................
0000ecc0: 10 00 12 00 12 00 12 00 14 00 14 00 16 00 16 00  ................
0000ecd0: 18 00 18 00 18 00 1a 00 1a 00 1c 00 1c 00 1e 00  ................
0000ece0: 1e 00 20 00 22 00 22 00 24 00 24 00 26 00 28 00  .. .".".$.$.&.(.
0000ecf0: 28 00 2a 00 2a 00 2c 00 2e 00 2e 00 30 00 32 00  (.*.*.,.....0.2.
0000ed00: 34 00 34 00 36 00 38 00 3a 00 3c 00 3e 00 40 00  4.4.6.8.:.<.>.@.
0000ed10: 40 00 42 00 44 00 46 00 48 00 4a 00 4c 00 4e 00  @.B.D.F.H.J.L.N.
0000ed20: 50 00 52 00 54 00 56 00 56 00 58 00 5a 00 5a 00  P.R.T.V.V.X.Z.Z.
0000ed30: 5c 00 5c 00 5c 00 5c 00 5e 00 5c 00 5c 00 5c 00  \.\.\.\.^.\.\.\.
0000ed40: 5c 00 5a 00 5a 00 58 00 56 00 54 00 52 00 50 00  \.Z.Z.X.V.T.R.P.
0000ed50: 4e 00 4c 00 4a 00 48 00 44 00 42 00 40 00 3c 00  N.L.J.H.D.B.@.<.
0000ed60: 3a 00 36 00 34 00 30 00 2e 00 2a 00 28 00 24 00  :.6.4.0...*.(.$.
0000ed70: 22 00 20 00 1c 00 1a 00 16 00 14 00 12 00 10 00  ". .............
0000ed80: 0c 00 0a 00 08 00 06 00 04 00 02 00 02 00 00 00  ................
0000ed90: 00 00 fe ff fe ff fe ff fc ff fc ff 00 00 00 00  ................
0000eda0: 00 00 00 00 00 00 00 00 00 00 00 00 00 00 00 00  ................
0000edb0: 00 00 00 00 00 00 00 00 00 00 00 00 00 00 00 00  ................
0000edc0: 00 00 00 00 00 00 00 00 00 00 00 00 00 00 00 00  ................
0000edd0: 00 00 00 00 00 00 00 00 00 00 00 00 00 00 00 00  ................
0000ede0: 00 00 00 00 00 00 00 00 00 00 00 00 00 00 00 00  ................
0000edf0: 00 00 00 00 00 00 00 00 00 00 00 00 00 00 00 00  ................
0000ee00: 00 00 00 00 00 00 00 00 00 00 00 00 00 00 00 00  ................
0000ee10: 00 00 00 00 00 00 00 00 00 00 00 00 00 00 00 00  ................
0000ee20: 00 00 00 00 00 00 00 00 00 00 00 00 00 00 00 00  ................
0000ee30: 00 00 00 00 00 00 00 00 00 00 00 00 00 00 00 00  ................
0000ee40: 00 00 00 00 00 00 00 00 00 00 00 00 00 00 00 00  ................
0000ee50: 00 00 00 00 00 00 00 00 00 00 00 00 00 00 00 00  ................
0000ee60: 00 00 00 00 00 00 00 00 00 00 00 00 00 00 00 00  ................
0000ee70: 00 00 00 00 00 00 00 00 00 00 00 00 00 00 00 00  ................
0000ee80: 00 00 00 00 00 00 00 00 00 00 00 00 00 00 00 00  ................
0000ee90: 00 00 00 00 00 00 00 00 00 00 00 00 00 00 00 00  ................
0000eea0: 00 00 00 00 00 00 00 00 00 00 00 00 00 00 00 00  ................
0000eeb0: 00 00 00 00 00 00 00 00 00 00 00 00 00 00 00 00  ................
0000eec0: 00 00 00 00 00 00 00 00 00 00 00 00 00 00 00 00  ................
0000eed0: 00 00 00 00 00 00 00 00 00 00 00 00 00 00 00 00  ................
0000eee0: 00 00 00 00 00 00 00 00 00 00 00 00 00 00 00 00  ................
0000eef0: 00 00 00 00 00 00 00 00 00 00 00 00 00 00 00 00  ................
0000ef00: 00 00 00 00 00 00 00 00 00 00 00 00 00 00 00 00  ................
0000ef10: 00 00 00 00 00 00 00 00 00 00 00 00 00 00 00 00  ................
0000ef20: 00 00 00 00 00 00 00 00 00 00 00 00 00 00 00 00  ................
0000ef30: 00 00 00 00 00 00 00 00 00 00 00 00 00 00 00 00  ................
0000ef40: 00 00 00 00 00 00 00 00 00 00 00 00 00 00 00 00  ................
0000ef50: 00 00 00 00 00 00 00 00 00 00 00 00 00 00 00 00  ................
0000ef60: 00 00 00 00 00 00 00 00 00 00 00 00 00 00 00 00  ................
0000ef70: 00 00 00 00 00 00 00 00 00 00 00 00 00 00 00 00  ................
0000ef80: 00 00 00 00 00 00 00 00 00 00 00 00 00 00 00 00  ................
0000ef90: 00 00 00 00 00 00 00 00 00 00 00 00 02 00 2a 00  ..............*.
0000efa0: 4a 00 68 00 80 00 8a 00 9c 00 ba 00 ce 00 fe 00  J.h.............
0000efb0: ff 00 00 00 00 00 00 00 00 00 00 00 00 00 ff 00  ................
0000efc0: 00 00 00 00 00 00 00 00 00 00 00 00 00 00 00 00  ................
0000efd0: 00 00 00 00 00 00 00 00 00 00 00 00 01 00 04 00  ................
0000efe0: 01 00 05 00 02 00 01 00 18 00 00 00 01 00 00 00  ................
0000eff0: 00 00 fe ff fe ff fc ff fa ff fa ff f8 ff f6 ff  ................
0000f000: f6 ff f4 ff f4 ff f2 ff f0 ff f0 ff ee ff ec ff  ................
0000f010: ec ff ea ff ea ff e8 ff e6 ff e6 ff e4 ff e4 ff  ................
0000f020: e2 ff e2 ff e0 ff e0 ff de ff de ff dc ff dc ff  ................
0000f030: da ff da ff d8 ff d8 ff d6 ff d6 ff d6 ff d4 ff  ................
0000f040: d4 ff d4 ff d4 ff d2 ff d2 ff d2 ff d2 ff d0 ff  ................
0000f050: d0 ff d0 ff d0 ff d0 ff d0 ff d0 ff d0 ff d0 ff  ................
0000f060: d0 ff d0 ff d2 ff d2 ff d2 ff d2 ff d2 ff d2 ff  ................
0000f070: d4 ff d4 ff d4 ff d4 ff d6 ff d6 ff d6 ff d8 ff  ................
0000f080: d8 ff d8 ff da ff da ff dc ff dc ff dc ff de ff  ................
0000f090: de ff e0 ff e0 ff e0 ff e2 ff e2 ff e4 ff e4 ff  ................
0000f0a0: e6 ff e6 ff e8 ff e8 ff ea ff ea ff ea ff ec ff  ................
0000f0b0: ec ff ee ff ee ff f0 ff f0 ff f2 ff f2 ff f2 ff  ................
0000f0c0: f4 ff f4 ff f4 ff f6 ff f6 ff f8 ff f8 ff f8 ff  ................
0000f0d0: f8 ff fa ff fa ff fa ff fc ff fc ff fc ff fc ff  ................
0000f0e0: fe ff fe ff fe ff fe ff fe ff 00 00 00 00 00 00  ................
0000f0f0: 00 00 00 00 00 00 02 00 02 00 02 00 02 00 04 00  ................
0000f100: 04 00 04 00 04 00 04 00 06 00 06 00 06 00 08 00  ................
0000f110: 08 00 08 00 0a 00 0a 00 0a 00 0c 00 0c 00 0c 00  ................
0000f120: 0e 00 0e 00 0e 00 10 00 10 00 12 00 12 00 12 00  ................
0000f130: 14 00 14 00 16 00 16 00 16 00 18 00 18 00 1a 00  ................
0000f140: 1a 00 1a 00 1c 00 1c 00 1e 00 1e 00 1e 00 20 00  .............. .
0000f150: 20 00 22 00 22 00 22 00 24 00 24 00 24 00 26 00   .".".".$.$.$.&.
0000f160: 26 00 26 00 26 00 28 00 28 00 28 00 28 00 2a 00  &.&.&.(.(.(.(.*.
0000f170: 2a 00 2a 00 2a 00 2c 00 2c 00 2c 00 2c 00 2c 00  *.*.*.,.,.,.,.,.
0000f180: 2c 00 2c 00 2c 00 2c 00 2c 00 2c 00 2c 00 2c 00  ,.,.,.,.,.,.,.,.
0000f190: 2c 00 2c 00 2c 00 2c 00 2c 00 2c 00 2a 00 2a 00  ,.,.,.,.,.,.*.*.
0000f1a0: 2a 00 2a 00 2a 00 28 00 28 00 28 00 26 00 26 00  *.*.*.(.(.(.&.&.
0000f1b0: 24 00 24 00 24 00 22 00 22 00 20 00 20 00 1e 00  $.$.$.".". . ...
0000f1c0: 1e 00 1c 00 1a 00 1a 00 18 00 18 00 16 00 16 00  ................
0000f1d0: 14 00 12 00 12 00 10 00 0e 00 0e 00 0c 00 0a 00  ................
0000f1e0: 0a 00 08 00 06 00 06 00 04 00 02 00 00 00 00 00  ................
0000f1f0: 00 00 00 00 00 00 00 00 00 00 00 00 00 00 00 00  ................
0000f200: 00 00 00 00 00 00 00 00 00 00 00 00 00 00 00 00  ................
0000f210: 00 00 00 00 00 00 00 00 00 00 00 00 00 00 00 00  ................
0000f220: 00 00 00 00 00 00 00 00 00 00 00 00 00 00 00 00  ................
0000f230: 00 00 00 00 00 00 00 00 00 00 00 00 00 00 00 00  ................
0000f240: 00 00 00 00 00 00 00 00 00 00 00 00 00 00 00 00  ................
0000f250: 00 00 00 00 00 00 00 00 00 00 00 00 00 00 00 00  ................
0000f260: 00 00 00 00 00 00 00 00 00 00 00 00 00 00 00 00  ................
0000f270: 00 00 00 00 00 00 00 00 00 00 00 00 00 00 00 00  ................
0000f280: 00 00 00 00 00 00 00 00 00 00 00 00 00 00 00 00  ................
0000f290: 00 00 00 00 00 00 00 00 00 00 00 00 00 00 00 00  ................
0000f2a0: 00 00 00 00 00 00 00 00 00 00 00 00 00 00 00 00  ................
0000f2b0: 00 00 00 00 00 00 00 00 00 00 00 00 00 00 00 00  ................
0000f2c0: 00 00 00 00 00 00 00 00 00 00 00 00 00 00 00 00  ................
0000f2d0: 00 00 00 00 00 00 00 00 00 00 00 00 00 00 00 00  ................
0000f2e0: 00 00 00 00 00 00 00 00 00 00 00 00 00 00 00 00  ................
0000f2f0: 00 00 00 00 00 00 00 00 00 00 00 00 00 00 00 00  ................
0000f300: 00 00 00 00 00 00 00 00 00 00 00 00 00 00 00 00  ................
0000f310: 00 00 00 00 00 00 00 00 00 00 00 00 00 00 00 00  ................
0000f320: 00 00 00 00 00 00 00 00 00 00 00 00 00 00 00 00  ................
0000f330: 00 00 00 00 00 00 00 00 00 00 00 00 00 00 00 00  ................
0000f340: 00 00 00 00 00 00 00 00 00 00 00 00 00 00 00 00  ................
0000f350: 00 00 00 00 00 00 00 00 00 00 00 00 00 00 00 00  ................
0000f360: 00 00 00 00 00 00 00 00 00 00 00 00 00 00 00 00  ................
0000f370: 00 00 00 00 00 00 00 00 00 00 00 00 00 00 00 00  ................
0000f380: 00 00 00 00 00 00 00 00 00 00 00 00 00 00 00 00  ................
0000f390: 00 00 00 00 00 00 00 00 00 00 00 00 00 00 00 00  ................
0000f3a0: 00 00 00 00 00 00 00 00 00 00 00 00 00 00 00 00  ................
0000f3b0: 00 00 00 00 00 00 00 00 00 00 00 00 00 00 00 00  ................
0000f3c0: 00 00 00 00 00 00 00 00 00 00 00 00 00 00 00 00  ................
0000f3d0: 00 00 00 00 00 00 00 00 00 00 00 00 00 00 00 00  ................
0000f3e0: 00 00 00 00 00 00 00 00 00 00 00 00 00 00 00 00  ................
0000f3f0: 14 00 30 00 70 00 8c 00 d6 00 ea 00 ff 00 00 00  ..0.p...........
0000f400: 00 00 00 00 00 00 00 00 00 00 00 00 00 00 00 00  ................
0000f410: ff 00 00 00 00 00 00 00 00 00 00 00 00 00 00 00  ................
0000f420: 00 00 00 00 00 00 00 00 00 00 00 00 00 00 08 00  ................
0000f430: 02 00 01 00 fe ff ff ff ff ff 08 00 ff ff ff ff  ................
0000f440: 40 00 28 00 1e 00 0a 00 b4 00 32 00 0c 00 ce 00  @.(.......2.....
0000f450: 00 00 01 00 00 00 10 00 fe 03 ff 03 00 00 00 00  ................
0000f460: 40 00 40 00 40 00 01 00 00 00 10 00 00 02 ff 03  @.@.@...........
0000f470: 00 00 00 00 41 00 41 00 41 00 01 00 00 00 10 00  ....A.A.A.......
0000f480: 00 02 ff 03 00 00 00 00 40 00 40 00 40 00 01 00  ........@.@.@...
0000f490: 00 00 10 00 00 02 ff 03 00 00 00 00 40 00 40 00  ............@.@.
0000f4a0: 40 00 01 00 00 00 10 00 00 02 ff 03 00 00 00 00  @...............
0000f4b0: 3c 00 3c 00 3c 00 01 00 00 00 10 00 00 02 ff 03  <.<.<...........
0000f4c0: 00 00 00 00 3a 00 3a 00 3a 00 01 00 00 00 10 00  ....:.:.:.......
0000f4d0: 00 02 ff 03 00 00 00 00 3a 00 3a 00 3a 00 01 00  ........:.:.:...
0000f4e0: 00 00 10 00 00 02 ff 03 00 00 00 00 3c 00 3c 00  ............<.<.
0000f4f0: 3c 00 01 00 00 00 10 00 00 02 ff 03 00 00 00 00  <...............
0000f500: 32 00 32 00 32 00 01 00 00 00 f0 00 00 02 ff 03  2.2.2...........
0000f510: 00 00 00 00 32 00 40 00 40 00 0d 00 40 00 01 00  ....2.@.@...@...
0000f520: 40 00 00 00 08 00 10 00 20 00 10 00 10 00 20 00  @....... ..... .
0000f530: 0e 00 10 00 20 00 10 00 10 00 20 00 10 00 10 00  .... ..... .....
0000f540: 20 00 10 00 09 00 20 00 10 00 10 00 20 00 10 00   ..... ..... ...
0000f550: 10 00 20 00 04 00 01 00 20 00 0e 00 06 00 00 00  .. ..... .......
0000f560: 0f 00 0e 00 44 00 03 00 00 00 00 00 01 00 10 00  ....D...........
0000f570: 5c 10 01 00 00 00 78 00 01 00 01 00 01 00 5a 00  \.....x.......Z.
0000f580: 01 00 00 00 01 00 32 00 01 00 00 00 01 00 32 00  ......2.......2.
0000f590: 01 00 00 00 01 00 32 00 01 00 00 00 01 00 32 00  ......2.......2.
0000f5a0: 01 00 01 00 01 00 32 00 01 00 01 00 01 00 32 00  ......2.......2.
0000f5b0: 01 00 01 00 01 00 32 00 01 00 01 00 01 00 48 00  ......2.......H.
0000f5c0: 01 00 01 00 00 00 00 00 00 00 00 00 00 00 00 00  ................
0000f5d0: 00 00 00 00 00 00 00 00 00 00 00 00 00 00 00 00  ................
0000f5e0: 00 00 00 00 00 00 00 00 00 00 00 00 00 00 00 00  ................
0000f5f0: 00 00 00 00 00 00 00 00 00 00 00 00 00 00 00 00  ................
0000f600: 00 00 00 00 00 00 00 00 00 00 00 00 00 00 00 00  ................
0000f610: 00 00 00 00 00 00 00 00 00 00 00 00 00 00 00 00  ................
0000f620: 00 00 00 00 00 00 00 00 00 00 00 00 00 00 00 00  ................
0000f630: 00 00 00 00 00 00 00 00 00 00 00 00 00 00 00 00  ................
0000f640: 00 00 00 00 00 00 00 00 00 00 00 00 00 00 00 00  ................
0000f650: 00 00 00 00 00 00 00 00 00 00 00 00 00 00 00 00  ................
0000f660: 00 00 00 00 00 00 00 00 00 00 00 00 00 00 00 00  ................
0000f670: 00 00 00 00 00 00 00 00 00 00 00 00 00 00 00 00  ................
0000f680: 00 00 00 00 00 00 00 00 00 00 00 00 00 00 00 00  ................
0000f690: 00 00 00 00 00 00 00 00 00 00 00 00 00 00 00 00  ................
0000f6a0: 00 00 00 00 00 00 00 00 00 00 00 00 00 00 00 00  ................
0000f6b0: 00 00 00 00 00 00 00 00 00 00 00 00 00 00 00 00  ................
0000f6c0: 00 00 00 00 00 00 00 00 00 00 00 00 00 00 00 00  ................
0000f6d0: 00 00 00 00 00 00 00 00 00 00 00 00 00 00 00 00  ................
0000f6e0: 00 00 00 00 00 00 00 00 00 00 00 00 00 00 00 00  ................
0000f6f0: 00 00 00 00 00 00 00 00 00 00 00 00 00 00 00 00  ................
0000f700: 00 00 00 00 00 00 00 00 00 00 00 00 00 00 00 00  ................
0000f710: 00 00 00 00 00 00 00 00 00 00 00 00 00 00 00 00  ................
0000f720: 00 00 00 00 00 00 00 00 00 00 00 00 00 00 00 00  ................
0000f730: 00 00 00 00 00 00 00 00 00 00 00 00 00 00 00 00  ................
0000f740: 00 00 00 00 00 00 00 00 00 00 00 00 00 00 00 00  ................
0000f750: 00 00 00 00 00 00 00 00 00 00 00 00 00 00 00 00  ................
0000f760: 00 00 00 00 00 00 00 00 00 00 00 00 00 00 00 00  ................
0000f770: 00 00 00 00 00 00 00 00 00 00 00 00 00 00 00 00  ................
0000f780: 00 00 00 00 00 00 00 00 00 00 00 00 00 00 00 00  ................
0000f790: 00 00 00 00 00 00 00 00 00 00 00 00 00 00 00 00  ................
0000f7a0: 00 00 00 00 00 00 00 00 00 00 00 00 00 00 00 00  ................
0000f7b0: 00 00 00 00 00 00 00 00 00 00 00 00 00 00 00 00  ................
0000f7c0: 00 00 00 00 00 00 00 00 00 00 00 00 00 00 00 00  ................
0000f7d0: 00 00 00 00 00 00 00 00 00 00 00 00 00 00 00 00  ................
0000f7e0: 00 00 00 00 00 00 00 00 00 00 00 00 00 00 00 00  ................
0000f7f0: 00 00 00 00 00 00 00 00 00 00 00 00 00 00 00 00  ................
0000f800: 00 00 00 00 00 00 00 00 00 00 00 00 00 00 00 00  ................
0000f810: 00 00 00 00 00 00 00 00 00 00 00 00 00 00 00 00  ................
0000f820: 00 00 00 00 00 00 00 00 00 00 00 00 00 00 00 00  ................
0000f830: 00 00 00 00 00 00 00 00 00 00 00 00 00 00 00 00  ................
0000f840: 00 00 00 00 00 00 00 00 00 00 00 00 00 00 00 00  ................
0000f850: 00 00 00 00 00 00 00 00 00 00 00 00 00 00 00 00  ................
0000f860: 00 00 00 00 00 00 00 00 00 00 00 00 00 00 00 00  ................
0000f870: 00 00 00 00 00 00 00 00 00 00 00 00 00 00 00 00  ................
0000f880: 00 00 00 00 00 00 00 00 00 00 00 00 00 00 00 00  ................
0000f890: 00 00 00 00 00 00 00 00 00 00 00 00 00 00 00 00  ................
0000f8a0: 00 00 00 00 00 00 00 00 00 00 00 00 00 00 00 00  ................
0000f8b0: 00 00 00 00 00 00 00 00 00 00 00 00 00 00 00 00  ................
0000f8c0: 00 00 00 00 00 00 00 00 00 00 00 00 00 00 00 00  ................
0000f8d0: 00 00 00 00 00 00 00 00 00 00 00 00 00 00 00 00  ................
0000f8e0: 00 00 00 00 00 00 00 00 00 00 00 00 00 00 00 00  ................
0000f8f0: 00 00 00 00 00 00 00 00 00 00 00 00 00 00 00 00  ................
0000f900: 00 00 00 00 00 00 00 00 00 00 00 00 00 00 00 00  ................
0000f910: 00 00 00 00 00 00 00 00 00 00 00 00 00 00 00 00  ................
0000f920: 00 00 00 00 00 00 00 00 00 00 00 00 00 00 00 00  ................
0000f930: 00 00 00 00 00 00 00 00 00 00 00 00 00 00 00 00  ................
0000f940: 00 00 00 00 00 00 00 00 00 00 00 00 00 00 00 00  ................
0000f950: 00 00 00 00 00 00 00 00 00 00 00 00 00 00 00 00  ................
0000f960: 00 00 00 00 00 00 00 00 00 00 00 00 00 00 00 00  ................
0000f970: 00 00 00 00 00 00 00 00 00 00 00 00 00 00 00 00  ................
0000f980: 00 00 00 00 00 00 00 00 00 00 00 00 00 00 00 00  ................
0000f990: 00 00 00 00 00 00 00 00 00 00 00 00 00 00 00 00  ................
0000f9a0: 00 00 00 00 00 00 00 00 00 00 00 00 00 00 00 00  ................
0000f9b0: 00 00 00 00 00 00 00 00 00 00 00 00 00 00 00 00  ................
0000f9c0: 00 00 00 00 00 00 00 00 00 00 00 00 00 00 00 00  ................
0000f9d0: 00 00 00 00 00 00 00 00 00 00 00 00 00 00 00 00  ................
0000f9e0: 00 00 00 00 00 00 00 00 00 00 00 00 00 00 00 00  ................
0000f9f0: 00 00 00 00 00 00 00 00 00 00 00 00 00 00 00 00  ................
0000fa00: 00 00 00 00 00 00 00 00 00 00 00 00 00 00 00 00  ................
0000fa10: 00 00 00 00 00 00 00 00 00 00 00 00 00 00 00 00  ................
0000fa20: 00 00 00 00 00 00 00 00 00 00 00 00 00 00 00 00  ................
0000fa30: 00 00 00 00 00 00 00 00 00 00 00 00 00 00 00 00  ................
0000fa40: 00 00 00 00 00 00 00 00 00 00 00 00 00 00 00 00  ................
0000fa50: 00 00 00 00 00 00 00 00 00 00 00 00 00 00 00 00  ................
0000fa60: 00 00 00 00 00 00 00 00 00 00 00 00 00 00 00 00  ................
0000fa70: 00 00 00 00 00 00 00 00 00 00 00 00 00 00 00 00  ................
0000fa80: 00 00 00 00 00 00 00 00 00 00 00 00 00 00 00 00  ................
0000fa90: 00 00 00 00 00 00 00 00 00 00 00 00 00 00 00 00  ................
0000faa0: 00 00 00 00 00 00 00 00 00 00 00 00 00 00 00 00  ................
0000fab0: 00 00 00 00 00 00 00 00 00 00 00 00 00 00 00 00  ................
0000fac0: 00 00 00 00 00 00 00 00 00 00 00 00 00 00 00 00  ................
0000fad0: 00 00 00 00 00 00 00 00 00 00 00 00 00 00 00 00  ................
0000fae0: 00 00 00 00 00 00 00 00 00 00 00 00 00 00 00 00  ................
0000faf0: 00 00 00 00 00 00 00 00 00 00 00 00 00 00 00 00  ................
0000fb00: 00 00 00 00 00 00 00 00 00 00 00 00 00 00 00 00  ................
0000fb10: 00 00 00 00 00 00 00 00 00 00 00 00 00 00 00 00  ................
0000fb20: 00 00 00 00 00 00 00 00 00 00 00 00 00 00 00 00  ................
0000fb30: 00 00 00 00 00 00 00 00 00 00 00 00 00 00 00 00  ................
0000fb40: 00 00 00 00 00 00 00 00 00 00 00 00 00 00 00 00  ................
0000fb50: 00 00 00 00 00 00 00 00 00 00 00 00 00 00 00 00  ................
0000fb60: 00 00 00 00 00 00 00 00 00 00 00 00 00 00 00 00  ................
0000fb70: 00 00 00 00 00 00 00 00 00 00 00 00 00 00 00 00  ................
0000fb80: 00 00 00 00 00 00 00 00 00 00 00 00 00 00 00 00  ................
0000fb90: 00 00 00 00 00 00 00 00 00 00 00 00 00 00 00 00  ................
0000fba0: 00 00 00 00 00 00 00 00 00 00 00 00 00 00 00 00  ................
0000fbb0: 00 00 00 00 00 00 00 00 00 00 00 00 00 00 00 00  ................
0000fbc0: 00 00 00 00 00 00 00 00 00 00 00 00 00 00 00 00  ................
0000fbd0: 00 00 00 00 00 00 00 00 00 00 00 00 00 00 00 00  ................
0000fbe0: 00 00 00 00 00 00 00 00 00 00 00 00 00 00 00 00  ................
0000fbf0: 00 00 00 00 00 00 00 00 00 00 00 00 00 00 00 00  ................
0000fc00: 00 00 00 00 00 00 00 00 00 00 00 00 00 00 00 00  ................
0000fc10: 00 00 00 00 00 00 00 00 00 00 00 00 00 00 00 00  ................
0000fc20: 00 00 00 00 00 00 00 00 00 00 00 00 00 00 00 00  ................
0000fc30: 00 00 00 00 00 00 00 00 00 00 00 00 00 00 00 00  ................
0000fc40: 00 00 00 00 00 00 00 00 00 00 00 00 00 00 00 00  ................
0000fc50: 00 00 00 00 00 00 00 00 00 00 00 00 00 00 00 00  ................
0000fc60: 00 00 00 00 00 00 00 00 00 00 00 00 00 00 00 00  ................
0000fc70: 00 00 00 00 00 00 00 00 00 00 00 00 00 00 00 00  ................
0000fc80: 00 00 00 00 00 00 00 00 00 00 00 00 00 00 00 00  ................
0000fc90: 00 00 00 00 00 00 00 00 00 00 00 00 00 00 00 00  ................
0000fca0: 00 00 00 00 00 00 00 00 00 00 00 00 00 00 00 00  ................
0000fcb0: 00 00 00 00 00 00 00 00 00 00 00 00 00 00 00 00  ................
0000fcc0: 00 00 00 00 00 00 00 00 00 00 00 00 00 00 00 00  ................
0000fcd0: 00 00 00 00 00 00 00 00 00 00 00 00 00 00 00 00  ................
0000fce0: 00 00 00 00 00 00 00 00 00 00 00 00 00 00 00 00  ................
0000fcf0: 00 00 00 00 00 00 00 00 00 00 00 00 00 00 00 00  ................
0000fd00: 00 00 00 00 00 00 00 00 00 00 00 00 00 00 00 00  ................
0000fd10: 00 00 00 00 00 00 00 00 00 00 00 00 00 00 00 00  ................
0000fd20: 00 00 00 00 00 00 00 00 00 00 00 00 00 00 00 00  ................
0000fd30: 00 00 00 00 00 00 00 00 00 00 00 00 00 00 00 00  ................
0000fd40: 00 00 00 00 00 00 00 00 00 00 00 00 00 00 00 00  ................
0000fd50: 00 00 00 00 00 00 00 00 00 00 00 00 00 00 00 00  ................
0000fd60: 00 00 00 00 00 00 00 00 00 00 00 00 00 00 00 00  ................
0000fd70: 00 00 00 00 00 00 00 00 00 00 00 00 00 00 00 00  ................
0000fd80: 00 00 00 00 00 00 00 00 00 00 00 00 00 00 00 00  ................
0000fd90: 00 00 00 00 00 00 00 00 00 00 00 00 00 00 00 00  ................
0000fda0: 00 00 00 00 00 00 00 00 00 00 00 00 00 00 00 00  ................
0000fdb0: 00 00 00 00 00 00 00 00 00 00 00 00 00 00 00 00  ................
0000fdc0: 00 00 00 00 00 00 00 00 00 00 00 00 00 00 00 00  ................
0000fdd0: 00 00 00 00 00 00 00 00 00 00 00 00 00 00 00 00  ................
0000fde0: 00 00 00 00 00 00 00 00 00 00 00 00 00 00 00 00  ................
0000fdf0: 00 00 00 00 00 00 00 00 00 00 00 00 00 00 00 00  ................
0000fe00: 00 00 00 00 00 00 00 00 00 00 00 00 00 00 00 00  ................
0000fe10: 00 00 00 00 00 00 00 00 00 00 00 00 00 00 00 00  ................
0000fe20: 00 00 00 00 00 00 00 00 00 00 00 00 00 00 00 00  ................
0000fe30: 00 00 00 00 00 00 00 00 00 00 00 00 00 00 00 00  ................
0000fe40: 00 00 00 00 00 00 00 00 00 00 00 00 00 00 00 00  ................
0000fe50: 00 00 00 00 00 00 00 00 00 00 00 00 00 00 00 00  ................
0000fe60: 00 00 00 00 00 00 00 00 00 00 00 00 00 00 00 00  ................
0000fe70: 00 00 00 00 00 00 00 00 00 00 00 00 00 00 00 00  ................
0000fe80: 00 00 00 00 00 00 00 00 00 00 00 00 00 00 00 00  ................
0000fe90: 00 00 00 00 00 00 00 00 00 00 00 00 00 00 00 00  ................
0000fea0: 00 00 00 00 00 00 00 00 00 00 00 00 00 00 00 00  ................
0000feb0: 00 00 00 00 00 00 00 00 00 00 00 00 00 00 00 00  ................
0000fec0: 00 00 00 00 00 00 00 00 00 00 00 00 00 00 00 00  ................
0000fed0: 00 00 00 00 00 00 00 00 00 00 00 00 00 00 00 00  ................
0000fee0: 00 00 00 00 00 00 00 00 00 00 00 00 00 00 00 00  ................
0000fef0: 00 00 00 00 00 00 00 00 00 00 00 00 00 00 00 00  ................
0000ff00: 00 00 00 00 00 00 00 00 00 00 00 00 00 00 00 00  ................
0000ff10: 00 00 00 00 00 00 00 00 00 00 00 00 00 00 00 00  ................
0000ff20: 00 00 00 00 00 00 00 00 00 00 00 00 00 00 00 00  ................
0000ff30: 00 00 00 00 00 00 00 00 00 00 00 00 00 00 00 00  ................
0000ff40: 00 00 00 00 00 00 00 00 00 00 00 00 00 00 00 00  ................
0000ff50: 00 00 00 00 00 00 00 00 00 00 00 00 00 00 00 00  ................
0000ff60: 00 00 00 00 00 00 00 00 00 00 00 00 00 00 00 00  ................
0000ff70: 00 00 00 00 00 00 00 00 00 00 00 00 00 00 00 00  ................
0000ff80: 00 00 00 00 00 00 00 00 00 00 00 00 00 00 00 00  ................
0000ff90: 00 00 00 00 00 00 00 00 00 00 00 00 00 00 00 00  ................
0000ffa0: 00 00 00 00 00 00 00 00 00 00 00 00 00 00 00 00  ................
0000ffb0: 00 00 00 00 00 00 00 00 00 00 00 00 00 00 00 00  ................
0000ffc0: 00 00 00 00 00 00 00 00 00 00 00 00 00 00 00 00  ................
0000ffd0: 00 00 00 00 00 00 00 00 00 00 00 00 00 00 00 00  ................
0000ffe0: 00 00 00 00 00 00 00 00 00 00 00 00 00 00 00 00  ................
0000fff0: 00 00 00 00 00 00 00 00 00 00 00 00 00 00 00 00  ................
00010000: 00 00 00 00 00 00 00 00 00 00 00 00 00 00 00 00  ................
00010010: 00 00 00 00 00 00 00 00 00 00 00 00 00 00 00 00  ................
00010020: 00 00 00 00 00 00 00 00 00 00 00 00 00 00 00 00  ................
00010030: 00 00 00 00 00 00 00 00 00 00 00 00 00 00 00 00  ................
00010040: 00 00 00 00 00 00 00 00 00 00 00 00 00 00 00 00  ................
00010050: 00 00 00 00 00 00 00 00 00 00 00 00 00 00 00 00  ................
00010060: 00 00 00 00 00 00 00 00 00 00 00 00 00 00 00 00  ................
00010070: 00 00 00 00 00 00 00 00 00 00 00 00 00 00 00 00  ................
00010080: 00 00 00 00 00 00 00 00 00 00 00 00 00 00 00 00  ................
00010090: 00 00 00 00 00 00 00 00 00 00 00 00 00 00 00 00  ................
000100a0: 00 00 00 00 00 00 00 00 00 00 00 00 00 00 00 00  ................
000100b0: 00 00 00 00 00 00 00 00 00 00 00 00 00 00 00 00  ................
000100c0: 00 00 00 00 00 00 00 00 00 00 00 00 00 00 00 00  ................
000100d0: 00 00 00 00 00 00 00 00 00 00 00 00 00 00 00 00  ................
000100e0: 00 00 00 00 00 00 00 00 00 00 00 00 00 00 00 00  ................
000100f0: 00 00 00 00 00 00 00 00 00 00 00 00 00 00 00 00  ................
00010100: 00 00 00 00 00 00 00 00 00 00 00 00 00 00 00 00  ................
00010110: 00 00 00 00 00 00 00 00 00 00 00 00 00 00 00 00  ................
00010120: 00 00 00 00 00 00 00 00 00 00 00 00 00 00 00 00  ................
00010130: 00 00 00 00 00 00 00 00 00 00 00 00 00 00 00 00  ................
00010140: 00 00 00 00 00 00 00 00 00 00 00 00 00 00 00 00  ................
00010150: 00 00 00 00 00 00 00 00 00 00 00 00 00 00 00 00  ................
00010160: 00 00 00 00 00 00 00 00 00 00 00 00 00 00 00 00  ................
00010170: 00 00 00 00 00 00 00 00 00 00 00 00 00 00 00 00  ................
00010180: 00 00 00 00 00 00 00 00 00 00 00 00 00 00 00 00  ................
00010190: 00 00 00 00 00 00 00 00 00 00 00 00 00 00 00 00  ................
000101a0: 00 00 00 00 00 00 00 00 00 00 00 00 00 00 00 00  ................
000101b0: 00 00 00 00 00 00 00 00 00 00 00 00 00 00 00 00  ................
000101c0: 00 00 00 00 00 00 00 00 00 00 00 00 00 00 00 00  ................
000101d0: 00 00 00 00 00 00 00 00 00 00 00 00 00 00 00 00  ................
000101e0: 00 00 00 00 00 00 00 00 00 00 00 00 00 00 00 00  ................
000101f0: 00 00 00 00 00 00 00 00 00 00 00 00 00 00 00 00  ................
00010200: 00 00 00 00 00 00 00 00 00 00 00 00 00 00 00 00  ................
00010210: 00 00 00 00 00 00 00 00 00 00 00 00 00 00 00 00  ................
00010220: 00 00 00 00 00 00 00 00 00 00 00 00 00 00 00 00  ................
00010230: 00 00 00 00 00 00 00 00 00 00 00 00 00 00 00 00  ................
00010240: 00 00 00 00 00 00 00 00 00 00 00 00 00 00 00 00  ................
00010250: 00 00 00 00 00 00 00 00 00 00 00 00 00 00 00 00  ................
00010260: 00 00 00 00 00 00 00 00 00 00 00 00 00 00 00 00  ................
00010270: 00 00 00 00 00 00 00 00 00 00 00 00 00 00 00 00  ................
00010280: 00 00 00 00 00 00 00 00 00 00 00 00 00 00 00 00  ................
00010290: 00 00 00 00 00 00 00 00 00 00 00 00 00 00 00 00  ................
000102a0: 00 00 00 00 00 00 00 00 00 00 00 00 00 00 00 00  ................
000102b0: 00 00 00 00 00 00 00 00 00 00 00 00 00 00 00 00  ................
000102c0: 00 00 00 00 00 00 00 00 00 00 00 00 00 00 00 00  ................
000102d0: 00 00 00 00 00 00 00 00 00 00 00 00 00 00 00 00  ................
000102e0: 00 00 00 00 00 00 00 00 00 00 00 00 00 00 00 00  ................
000102f0: 00 00 00 00 00 00 00 00 00 00 00 00 00 00 00 00  ................
00010300: 00 00 00 00 00 00 00 00 00 00 00 00 00 00 00 00  ................
00010310: 00 00 00 00 00 00 00 00 00 00 00 00 00 00 00 00  ................
00010320: 00 00 00 00 00 00 00 00 00 00 00 00 00 00 00 00  ................
00010330: 00 00 00 00 00 00 00 00 00 00 00 00 00 00 00 00  ................
00010340: 00 00 00 00 00 00 00 00 00 00 00 00 00 00 00 00  ................
00010350: 00 00 00 00 00 00 00 00 00 00 00 00 00 00 00 00  ................
00010360: 00 00 00 00 00 00 00 00 00 00 00 00 00 00 00 00  ................
00010370: 00 00 00 00 00 00 00 00 00 00 00 00 00 00 00 00  ................
00010380: 00 00 00 00 00 00 00 00 00 00 00 00 00 00 00 00  ................
00010390: 00 00 00 00 00 00 00 00 00 00 00 00 00 00 00 00  ................
000103a0: 00 00 00 00 00 00 00 00 00 00 00 00 00 00 00 00  ................
000103b0: 00 00 00 00 00 00 00 00 00 00 00 00 00 00 00 00  ................
000103c0: 00 00 00 00 00 00 00 00 00 00 00 00 00 00 00 00  ................
000103d0: 00 00 00 00 00 00 00 00 00 00 00 00 00 00 00 00  ................
000103e0: 00 00 00 00 00 00 00 00 00 00 00 00 00 00 00 00  ................
000103f0: 00 00 00 00 00 00 00 00 00 00 00 00 00 00 00 00  ................
00010400: 00 00 00 00 00 00 00 00 00 00 00 00 00 00 00 00  ................
00010410: 00 00 00 00 00 00 00 00 00 00 00 00 00 00 00 00  ................
00010420: 00 00 00 00 00 00 00 00 00 00 00 00 00 00 00 00  ................
00010430: 00 00 00 00 00 00 00 00 00 00 00 00 00 00 00 00  ................
00010440: 00 00 00 00 00 00 00 00 00 00 00 00 00 00 00 00  ................
00010450: 00 00 00 00 00 00 00 00 00 00 00 00 00 00 00 00  ................
00010460: 00 00 00 00 00 00 00 00 00 00 00 00 00 00 00 00  ................
00010470: 00 00 00 00 00 00 00 00 00 00 00 00 00 00 00 00  ................
00010480: 00 00 00 00 00 00 00 00 00 00 00 00 00 00 00 00  ................
00010490: 00 00 00 00 00 00 00 00 00 00 00 00 00 00 00 00  ................
000104a0: 00 00 00 00 00 00 00 00 00 00 00 00 00 00 00 00  ................
000104b0: 00 00 00 00 00 00 00 00 00 00 00 00 00 00 00 00  ................
000104c0: 00 00 00 00 00 00 00 00 00 00 00 00 00 00 00 00  ................
000104d0: 00 00 00 00 00 00 00 00 00 00 00 00 00 00 00 00  ................
000104e0: 00 00 00 00 00 00 00 00 00 00 00 00 00 00 00 00  ................
000104f0: 00 00 00 00 00 00 00 00 00 00 00 00 00 00 00 00  ................
00010500: 00 00 00 00 00 00 00 00 00 00 00 00 00 00 00 00  ................
00010510: 00 00 00 00 00 00 00 00 00 00 00 00 00 00 00 00  ................
00010520: 00 00 00 00 00 00 00 00 00 00 00 00 00 00 00 00  ................
00010530: 00 00 00 00 00 00 00 00 00 00 00 00 00 00 00 00  ................
00010540: 00 00 00 00 00 00 00 00 00 00 00 00 00 00 00 00  ................
00010550: 00 00 00 00 00 00 00 00 00 00 00 00 00 00 00 00  ................
00010560: 00 00 00 00 00 00 00 00 00 00 00 00 00 00 00 00  ................
00010570: 00 00 00 00 00 00 00 00 00 00 00 00 00 00 00 00  ................
00010580: 00 00 00 00 00 00 00 00 00 00 00 00 00 00 00 00  ................
00010590: 00 00 00 00 00 00 00 00 00 00 00 00 00 00 00 00  ................
000105a0: 00 00 00 00 00 00 00 00 00 00 00 00 00 00 00 00  ................
000105b0: 00 00 00 00 00 00 00 00 00 00 00 00 00 00 00 00  ................
000105c0: 00 00 00 00 00 00 00 00 00 00 11 00 04 01 06 00  ................
000105d0: 06 00 06 00 06 00 06 00 06 00 06 00 06 00 06 00  ................
000105e0: 06 00 06 00 06 00 06 00 06 00 06 00 06 00 06 00  ................
000105f0: 09 00 09 00 09 00 09 00 09 00 09 00 09 00 09 00  ................
00010600: 09 00 09 00 09 00 09 00 09 00 09 00 06 00 06 00  ................
00010610: 09 00 0c 00 0c 00 0c 00 0c 00 0c 00 0c 00 0c 00  ................
00010620: 0c 00 0c 00 0c 00 0c 00 0c 00 09 00 06 00 06 00  ................
00010630: 09 00 0c 00 0f 00 0f 00 0f 00 0f 00 0f 00 0f 00  ................
00010640: 0f 00 0f 00 0f 00 0f 00 0c 00 09 00 06 00 06 00  ................
00010650: 09 00 0c 00 0f 00 0f 00 0f 00 0f 00 0f 00 0f 00  ................
00010660: 0f 00 0f 00 0f 00 0f 00 0c 00 09 00 06 00 06 00  ................
00010670: 09 00 0c 00 0f 00 0c 00 0c 00 0c 00 0c 00 0c 00  ................
00010680: 0c 00 0c 00 0c 00 0c 00 0c 00 09 00 06 00 06 00  ................
00010690: 09 00 09 00 09 00 09 00 09 00 09 00 09 00 09 00  ................
000106a0: 09 00 09 00 09 00 09 00 09 00 09 00 06 00 06 00  ................
000106b0: 06 00 06 00 06 00 06 00 06 00 06 00 06 00 06 00  ................
000106c0: 06 00 06 00 06 00 06 00 06 00 06 00 06 00 12 00  ................
000106d0: 2e 00 00 00 ff 04 00 00 cf 02 00 00 00 00 00 00  ................
000106e0: 00 00 00 00 00 00 00 00 00 00 00 00 00 00 00 00  ................
000106f0: 00 00 00 00 00 00 00 00 00 00 40 00 13 00 10 02  ..........@.....
00010700: 00 00 00 01 00 01 00 01 00 00 00 00 00 00 0f 00  ................
00010710: 08 00 05 00 04 00 03 00 02 00 02 00 01 00 01 00  ................
00010720: 01 00 01 00 01 00 01 00 01 00 01 00 01 00 0f 00  ................
00010730: c8 00 02 00 26 00 44 00 50 00 54 00 5e 00 3f 00  ....&.D.P.T.^.?.
00010740: 4a 00 56 00 5e 00 32 00 61 00 50 00 48 00 41 00  J.V.^.2.a.P.H.A.
00010750: 3f 00 5c 00 4c 00 46 00 3f 00 32 00 48 00 78 00  ?.\.L.F.?.2.H.x.
00010760: 81 00 86 00 91 00 5b 00 69 00 80 00 84 00 3c 00  ......[.i.....<.
00010770: aa 00 88 00 69 00 50 00 50 00 8a 00 67 00 5a 00  ....i.P.P...g.Z.
00010780: 4e 00 3c 00 62 00 40 00 2f 00 24 00 20 00 50 00  N.<.b.@./.$. .P.
00010790: 38 00 29 00 21 00 27 00 f8 00 5c 00 40 00 34 00  8.).!.'...\.@.4.
000107a0: 30 00 70 00 4b 00 35 00 2f 00 32 00 1e 00 20 4e  0.p.K.5./.2... N
000107b0: 02 00 00 00 01 00 02 00 03 00 03 00 00 00 01 00  ................
000107c0: 02 00 03 00 03 00 00 00 01 00 00 00 00 04 00 00  ................
000107d0: 00 01 00 00 00 04 00 00 00 01 00 00 00 04 00 00  ................
000107e0: 00 01 00 00 00 01 00 00 00 01 00 00 00 04 00 00  ................
000107f0: 00 01 00 00 00 04 00 00 00 01 00 00 00 04 00 00  ................
00010800: 00 01 00 00 00 01 00 00 00 01 00 00 00 04 00 00  ................
00010810: 00 01 00 00 00 04 00 00 00 01 00 00 00 04 00 00  ................
00010820: 00 01 00 00 00 01 00 00 0c 01 00 00 00 04 00 00  ................
00010830: 00 01 00 00 00 04 00 00 00 01 00 00 00 04 00 00  ................
00010840: 00 01 00 00 00 01 00 00 0e 01 00 00 00 04 00 00  ................
00010850: 00 01 00 00 00 04 00 00 00 01 00 00 00 04 00 00  ................
00010860: 00 01 00 00 00 01 00 00 0e 01 00 00 00 04 00 00  ................
00010870: 00 01 00 00 00 04 00 00 00 01 00 00 00 04 00 00  ................
00010880: 00 01 00 00 00 01 00 00 00 01 00 00 00 04 00 00  ................
00010890: 00 01 00 00 00 04 00 00 00 01 00 00 00 04 00 00  ................
000108a0: 00 01 00 00 00 01 00 00 00 01 00 00 bd 01 00 00  ................
000108b0: 00 01 00 00 00 04 00 00 00 01 00 00 00 04 00 00  ................
000108c0: 00 01 00 00 00 01 00 00 0e 01 00 00 00 04 00 00  ................
000108d0: 00 01 00 00 00 04 00 00 00 01 00 00 00 04 00 00  ................
000108e0: 00 01 00 00 00 01 00 00 00 01 00 00 00 04 00 00  ................
000108f0: 00 01 00 00 00 04 00 00 00 01 00 00 00 04 00 00  ................
00010900: 00 01 00 00 00 01 00 00 00 01 00 00 14 00 f0 00  ................
00010910: 01 00 00 00 00 00 01 00 0f 00 00 00 d4 0e 00 00  ................
00010920: 0c 00 00 00 0f 00 00 00 d4 0e 00 00 0c 00 00 00  ................
00010930: 48 1d 00 00 01 00 00 00 00 02 00 00 00 01 00 00  H...............
00010940: 00 01 00 00 00 01 00 00 00 0f 00 00 00 01 00 00  ................
00010950: 01 00 00 00 03 00 00 00 30 00 00 00 00 00 00 00  ........0.......
00010960: 01 00 00 00 01 00 00 00 02 00 00 00 02 00 00 00  ................
00010970: 04 00 00 00 04 00 00 00 08 00 00 00 08 00 00 00  ................
00010980: 10 00 00 00 10 00 00 00 20 00 00 00 20 00 00 00  ........ ... ...
00010990: 40 00 00 00 40 00 00 00 80 00 00 00 80 00 00 00  @...@...........
000109a0: 00 04 00 00 00 00 00 00 00 00 00 00 06 00 00 00  ................
000109b0: 04 00 00 00 03 00 00 00 02 00 00 00 02 00 00 00  ................
000109c0: 02 00 00 00 02 00 00 00 02 00 00 00 02 00 00 00  ................
000109d0: 03 00 00 00 04 00 00 00 04 00 00 00 05 00 00 00  ................
000109e0: 05 00 00 00 06 00 00 00 07 00 00 00 00 00 00 00  ................
000109f0: 20 00 00 00 04 00 00 00 00 00 00 00 15 00 1e 00   ...............
00010a00: 00 00 00 00 00 00 00 00 05 00 01 00 00 00 dc 1e  ................
00010a10: dc 05 00 00 01 00 00 00 00 00 16 00 32 01 00 00  ............2...
00010a20: 08 00 10 00 18 00 20 00 28 00 30 00 38 00 40 00  ...... .(.0.8.@.
00010a30: 48 00 50 00 58 00 60 00 68 00 70 00 78 00 80 00  H.P.X.`.h.p.x...
00010a40: 88 00 90 00 98 00 a0 00 a8 00 b0 00 b8 00 c0 00  ................
00010a50: c8 00 d0 00 d8 00 e0 00 e8 00 f0 00 f8 00 00 01  ................
00010a60: 08 01 10 01 18 01 20 01 28 01 30 01 38 01 40 01  ...... .(.0.8.@.
00010a70: 48 01 50 01 58 01 60 01 68 01 70 01 78 01 80 01  H.P.X.`.h.p.x...
00010a80: 88 01 90 01 98 01 a0 01 a8 01 b0 01 b8 01 c0 01  ................
00010a90: c8 01 d0 01 d8 01 e0 01 e8 01 f0 01 f8 01 00 02  ................
00010aa0: 08 02 10 02 18 02 20 02 28 02 30 02 38 02 40 02  ...... .(.0.8.@.
00010ab0: 48 02 50 02 58 02 60 02 68 02 70 02 78 02 80 02  H.P.X.`.h.p.x...
00010ac0: 88 02 90 02 98 02 a0 02 a8 02 b0 02 b8 02 c0 02  ................
00010ad0: c8 02 d0 02 d8 02 e0 02 e8 02 f0 02 f8 02 00 03  ................
00010ae0: 08 03 10 03 18 03 20 03 28 03 30 03 38 03 40 03  ...... .(.0.8.@.
00010af0: 48 03 50 03 58 03 60 03 68 03 70 03 78 03 80 03  H.P.X.`.h.p.x...
00010b00: 88 03 90 03 98 03 a0 03 a8 03 b0 03 b8 03 c0 03  ................
00010b10: c8 03 d0 03 d8 03 e0 03 e8 03 f0 03 f8 03 ff 03  ................
00010b20: 00 00 10 00 20 00 30 00 40 00 50 00 60 00 70 00  .... .0.@.P.`.p.
00010b30: 00 00 00 00 00 00 00 00 00 00 00 00 00 00 00 00  ................
00010b40: 00 00 00 00 00 00 00 00 00 00 00 00 17 00 e4 03  ................
00010b50: 00 00 00 00 7f 7f 7f 7f 7f 7f 7f 7f 7f 7f 7f 7f  ................
00010b60: 7f 7f 7f 7f 7f 7f 7f 7f 7f 7f 7f 7f 7f 7f 7f 7f  ................
00010b70: 7f 7f 7f 7f 7f 7f 7f 7f 7f 7f 7f 7f 7f 7f 7f 7f  ................
00010b80: 7f 7f 7f 7f 7f 7f 7f 7f 7f 7f 7f 7f 7f 7f 7f 7f  ................
00010b90: 7f 7f 7f 7f 7f 00 00 00 00 00 00 00 00 00 00 00  ................
00010ba0: 00 00 00 00 00 00 00 00 00 00 00 00 00 00 00 00  ................
00010bb0: 00 00 00 00 00 00 00 00 00 00 ff fe fd fc fd ff  ................
00010bc0: 00 01 00 00 00 00 00 00 00 00 00 00 01 01 01 00  ................
00010bd0: 00 00 00 00 00 00 3e 3e 3e 3e 3e 3e 3e 3e 3e 3e  ......>>>>>>>>>>
00010be0: 3e 3e 3e 3e 3e 3e 3e 3e 3e 3e 3e 3e 3e 3e 3e 3e  >>>>>>>>>>>>>>>>
00010bf0: 3e 3e 3e 3e 3f 3f 40 3f 3f 3e 3e 3c 3b 3a 39 38  >>>>??@??>><;:98
00010c00: 38 38 38 38 38 38 39 38 38 37 37 37 37 37 37 38  8888889887777778
00010c10: 3a 3c 3e 3e 3e 3e 3e 00 00 00 00 00 00 00 00 00  :<>>>>>.........
00010c20: 00 00 00 00 00 00 00 00 00 00 00 00 00 00 00 00  ................
00010c30: 00 00 00 00 00 00 00 00 00 00 00 00 00 00 00 00  ................
00010c40: 00 00 00 00 00 00 00 00 00 00 00 00 00 00 00 00  ................
00010c50: 00 00 00 00 00 00 00 00 00 00 00 00 00 00 00 00  ................
00010c60: 00 00 00 00 00 00 00 00 00 00 00 00 00 00 00 00  ................
00010c70: 00 00 00 00 00 00 00 00 00 00 00 00 00 00 00 00  ................
00010c80: 00 00 00 00 00 00 00 00 00 00 00 00 00 00 00 00  ................
00010c90: 00 00 00 00 00 00 00 00 00 00 00 00 00 00 00 00  ................
00010ca0: 00 00 00 00 00 00 00 00 00 00 00 00 00 00 00 00  ................
00010cb0: 00 00 00 00 00 00 00 00 00 00 00 00 00 00 00 00  ................
00010cc0: 00 00 00 00 00 00 00 00 00 00 00 00 00 00 00 00  ................
00010cd0: 00 00 00 00 00 00 00 00 00 00 00 00 00 00 00 00  ................
00010ce0: 00 00 00 00 00 00 00 00 00 00 00 00 00 00 00 00  ................
00010cf0: 00 00 00 00 00 00 00 00 00 00 00 00 00 00 00 00  ................
00010d00: 00 00 00 00 00 00 00 00 00 00 00 00 00 00 00 00  ................
00010d10: 00 00 00 00 00 00 00 00 00 00 00 00 00 00 00 00  ................
00010d20: 00 00 00 00 00 00 00 00 00 00 00 00 00 00 00 00  ................
00010d30: 00 00 00 00 00 00 00 00 00 00 00 00 00 00 00 00  ................
00010d40: 00 00 00 00 00 00 00 00 00 00 00 00 00 00 00 00  ................
00010d50: 00 00 00 00 00 00 00 00 00 00 00 00 00 00 00 00  ................
00010d60: 00 00 00 00 00 00 00 00 00 00 00 00 00 00 00 00  ................
00010d70: 00 00 00 00 00 00 00 00 00 00 00 00 00 00 00 00  ................
00010d80: 00 00 00 00 00 00 00 00 00 00 00 00 00 00 00 00  ................
00010d90: 00 00 00 00 00 00 00 00 00 00 00 00 00 00 00 00  ................
00010da0: 00 00 00 00 00 00 00 00 00 00 00 00 00 00 00 00  ................
00010db0: 00 00 00 00 00 00 00 00 00 00 00 00 00 00 00 00  ................
00010dc0: 00 00 00 00 00 00 00 00 00 00 00 00 00 00 00 00  ................
00010dd0: 00 00 00 00 00 00 00 00 00 00 00 00 00 00 00 00  ................
00010de0: 00 00 00 00 00 00 00 00 00 00 00 00 00 00 00 00  ................
00010df0: 00 00 00 00 00 00 00 00 00 00 00 00 00 00 00 00  ................
00010e00: 00 00 00 00 00 00 00 00 00 00 00 00 00 00 00 00  ................
00010e10: 00 00 00 00 00 00 00 00 00 00 00 00 00 00 00 00  ................
00010e20: 00 00 00 00 00 00 00 00 00 00 00 00 00 00 00 00  ................
00010e30: 00 00 00 00 00 00 00 00 00 00 00 00 00 00 00 00  ................
00010e40: 00 00 00 00 00 00 00 00 00 00 00 00 00 00 00 00  ................
00010e50: 00 00 00 00 00 00 00 00 00 00 00 00 00 00 00 00  ................
00010e60: 00 00 00 00 00 00 00 00 00 00 00 00 00 00 00 00  ................
00010e70: 00 00 00 00 00 00 00 00 00 00 00 00 00 00 00 00  ................
00010e80: 00 00 00 00 00 00 00 00 00 00 00 00 00 00 00 00  ................
00010e90: 00 00 00 00 00 00 00 00 00 00 00 00 00 00 00 00  ................
00010ea0: 00 00 00 00 00 00 00 00 00 00 00 00 00 00 00 00  ................
00010eb0: 00 00 00 00 00 00 00 00 00 00 00 00 00 00 00 00  ................
00010ec0: 00 00 00 00 00 00 00 00 00 00 00 00 00 00 00 00  ................
00010ed0: 00 00 00 00 00 00 00 00 00 00 00 00 00 00 00 00  ................
00010ee0: 00 00 00 00 00 00 00 00 00 00 00 00 00 00 00 00  ................
00010ef0: 00 00 00 00 00 00 00 00 00 00 00 00 00 00 00 00  ................
00010f00: 00 00 00 00 00 00 00 00 00 00 00 00 00 00 00 00  ................
00010f10: 00 00 00 00 00 00 00 00 00 00 00 00 00 00 00 00  ................
00010f20: 00 00 00 00 00 00 00 00 00 00 00 00 00 00 00 00  ................
00010f30: 1c 00 fc 01 03 01 01 00 00 01 00 00 00 45 51 00  .............EQ.
00010f40: 0e 32 03 00 0f 32 84 00 01 3e 38 00 35 36 a0 00  .2...2...>8.56..
00010f50: 20 36 28 00 09 33 a0 00 1f 33 9d 00 21 33 9f 00   6(..3...3..!3..
00010f60: 06 33 65 00 0b 33 66 00 08 3e 03 00 07 3e 00 00  .3e..3f..>...>..
00010f70: 09 3e 10 00 67 33 18 00 5e 33 01 00 5f 33 03 00  .>..g3..^3.._3..
00010f80: 7c 33 04 00 7d 33 06 00 a0 33 05 00 01 33 05 00  |3..}3...3...3..
00010f90: 02 33 7d 00 33 36 43 00 08 39 11 00 21 36 28 00  .3}.36C..9..!6(.
00010fa0: 22 36 02 00 37 36 1c 00 08 33 1c 00 67 33 10 00  "6..76...3..g3..
00010fb0: 7f 33 03 00 68 33 04 00 69 33 00 00 6a 33 00 00  .3..h3..i3..j3..
00010fc0: 6b 33 00 00 67 33 08 00 0e 33 30 00 66 33 7c 00  k3..g3...30.f3|.
00010fd0: 35 36 c4 00 21 36 20 00 34 33 40 00 33 33 10 00  56..!6 .43@.33..
00010fe0: 02 33 3d 00 5e 33 01 00 5f 33 02 00 7c 33 03 00  .3=.^3.._3..|3..
00010ff0: 7d 33 05 00 a0 33 04 00 01 33 03 00 33 36 48 00  }3...3...3..36H.
00011000: 70 36 0a 00 7c 36 07 00 7d 36 0f 00 74 36 20 00  p6..|6..}6..t6 .
00011010: 75 36 2f 00 76 36 2f 00 31 36 84 00 22 36 06 00  u6/.v6/.16.."6..
00011020: 30 36 20 00 20 36 08 00 38 36 1f 00 25 36 02 00  06 . 6..86..%6..
00011030: 37 36 1e 00 36 36 25 00 06 33 1c 00 37 36 1a 00  76..66%..3..76..
00011040: 1e 33 0c 00 1f 33 9c 00 20 33 0c 00 21 33 9c 00  .3...3.. 3..!3..
00011050: 6e 36 08 00 6f 36 2a 00 22 36 16 00 3b 36 0c 00  n6..o6*."6..;6..
00011060: 39 36 0a 00 35 36 c0 00 00 3f 07 00 04 3f 02 00  96..56...?...?..
00011070: 05 3f fc 00 02 38 01 00 35 32 07 00 36 32 06 00  .?...8..52..62..
00011080: 39 36 09 00 70 36 02 00 35 36 80 00 0e 32 02 00  96..p6..56...2..
00011090: 0f 32 ee 00 35 32 05 00 36 32 da 00 39 30 51 00  .2..52..62..90Q.
000110a0: 3a 30 ba 00 34 30 06 00 35 30 e2 00 08 32 05 00  :0..40..50...2..
000110b0: 09 32 08 00 0a 32 02 00 0b 32 d8 00 11 32 04 00  .2...2...2...2..
000110c0: 13 32 04 00 02 33 7d 00 57 33 51 00 26 33 00 00  .2...3}.W3Q.&3..
000110d0: 03 33 20 00 20 33 07 00 1e 33 11 00 1f 33 91 00  .3 . 3...3...3..
000110e0: 6f 36 2c 00 33 33 30 00 1b 33 83 00 0b 33 5e 00  o6,.330..3...3^.
000110f0: 20 36 28 00 31 36 86 00 33 36 42 00 01 33 04 00   6(.16..36B..3..
00011100: 22 36 d6 00 35 36 84 00 01 3e 5d 00 02 3e 80 00  "6..56...>]..>..
00011110: 08 32 05 00 09 32 00 00 0a 32 02 00 0b 32 d0 00  .2...2...2...2..
00011120: 11 32 08 00 13 32 08 00 02 38 01 00 00 00 00 00  .2...2...8......
