00000000: 03 00 00 00 79 6c 2d 30 33 32 32 00 00 00 00 00  ....yl-0322.....
00000010: 00 00 00 00 54 10 00 00 e3 07 08 1e 15 23 33 00  ....T........#3.
00000020: 00 00 00 00 1e 88 00 00 00 00 00 00 00 00 00 00  ................
00000030: 00 00 00 00 00 00 00 00 00 00 00 00 00 00 00 00  ................
00000040: 00 00 00 00 00 00 00 00 00 00 00 00 00 00 00 00  ................
00000050: 00 00 00 00 00 00 00 00 00 00 00 00 00 00 00 00  ................
00000060: 00 00 00 00 00 00 00 00 00 00 00 00 00 00 00 00  ................
00000070: 00 00 00 00 00 00 00 00 00 00 00 00 00 00 00 00  ................
00000080: 35 2e 32 32 20 33 64 6e 72 20 77 64 72 20 73 68  5.22 3dnr wdr sh
00000090: 61 72 70 0d 0a 37 2e 31 38 20 73 68 61 72 70 20  arp..7.18 sharp 
000000a0: 62 6c 63 20 79 75 65 76 66 66 65 63 74 20 65 78  blc yuevffect ex
000000b0: 70 0d 0a 38 2e 35 20 73 68 61 72 70 20 64 65 6e  p..8.5 sharp den
000000c0: 6f 69 73 65 20 33 64 6e 72 20 79 7a 0d 0a 38 2e  oise 3dnr yz..8.
000000d0: 32 34 20 61 77 62 20 77 64 72 20 73 68 61 72 70  24 awb wdr sharp
000000e0: 0d 0a 39 2e 38 20 77 64 72 20 61 77 62 20 65 78  ..9.8 wdr awb ex
000000f0: 70 0d 0a 32 30 31 39 2e 31 2e 38 20 77 75 67 75  p..2019.1.8 wugu
00000100: 61 6e 67 6d 69 6e 0d 0a 32 30 31 39 2e 33 2e 32  angmin..2019.3.2
00000110: 32 20 6d 6f 76 65 20 69 6e 64 69 73 74 69 6e 63  2 move indistinc
00000120: 74 20 6f 6e 00 00 00 00 00 00 00 00 00 00 00 00  t on............
00000130: 00 00 00 00 00 00 00 00 00 00 00 00 00 00 00 00  ................
00000140: 00 00 00 00 00 00 00 00 00 00 00 00 00 00 00 00  ................
00000150: 00 00 00 00 00 00 00 00 00 00 00 00 00 00 00 00  ................
00000160: 00 00 00 00 00 00 00 00 00 00 00 00 00 00 00 00  ................
00000170: 00 00 00 00 00 00 00 00 00 00 00 00 00 00 00 00  ................
00000180: 00 00 00 00 00 00 00 00 00 00 00 00 00 00 00 00  ................
00000190: 00 00 00 00 00 00 00 00 00 00 00 00 00 00 00 00  ................
000001a0: 00 00 00 00 00 00 00 00 00 00 00 00 00 00 00 00  ................
000001b0: 00 00 00 00 00 00 00 00 00 00 00 00 00 00 00 00  ................
000001c0: 00 00 00 00 00 00 00 00 00 00 00 00 00 00 00 00  ................
000001d0: 00 00 00 00 00 00 00 00 00 00 00 00 00 00 00 00  ................
000001e0: 00 00 00 00 00 00 00 00 00 00 00 00 00 00 00 00  ................
000001f0: 00 00 00 00 00 00 00 00 00 00 00 00 00 00 00 00  ................
00000200: 00 00 ba 00 01 00 01 00 40 00 40 00 40 00 40 00  ........@.@.@.@.
00000210: 00 00 00 00 00 00 00 00 01 00 40 00 40 00 40 00  ..........@.@.@.
00000220: 40 00 fb ff 00 00 00 00 00 00 01 00 40 00 40 00  @...........@.@.
00000230: 40 00 40 00 00 00 00 00 00 00 00 00 01 00 40 00  @.@...........@.
00000240: 40 00 40 00 40 00 00 00 00 00 00 00 fb ff 01 00  @.@.@...........
00000250: 40 00 40 00 40 00 40 00 00 00 00 00 00 00 f6 ff  @.@.@.@.........
00000260: 01 00 40 00 40 00 40 00 40 00 f6 ff f6 ff f6 ff  ..@.@.@.@.......
00000270: f6 ff 01 00 40 00 40 00 40 00 40 00 f6 ff f6 ff  ....@.@.@.@.....
00000280: f6 ff f6 ff 01 00 42 00 42 00 42 00 42 00 00 00  ......B.B.B.B...
00000290: 00 00 00 00 00 00 01 00 42 00 42 00 42 00 42 00  ........B.B.B.B.
000002a0: 14 00 14 00 14 00 14 00 01 00 42 00 42 00 42 00  ..........B.B.B.
000002b0: 42 00 d8 ff d8 ff d8 ff d8 ff 01 00 c0 00 01 00  B...............
000002c0: 80 02 68 01 0a 00 00 00 05 00 06 00 08 00 03 00  ..h.............
000002d0: 00 00 00 00 00 00 00 00 00 00 ff 00 ff 00 03 01  ................
000002e0: 13 01 2e 01 00 00 00 00 00 00 00 00 00 00 00 00  ................
000002f0: 05 00 06 00 08 00 03 00 00 00 00 00 00 00 00 00  ................
00000300: 00 00 ff 00 ff 00 03 01 13 01 2e 01 00 00 00 00  ................
00000310: 00 00 00 00 00 00 00 00 05 00 06 00 08 00 03 00  ................
00000320: 00 00 00 00 00 00 00 00 00 00 ff 00 ff 00 03 01  ................
00000330: 13 01 2e 01 00 00 00 00 00 00 00 00 00 00 00 00  ................
00000340: 05 00 06 00 08 00 03 00 00 00 00 00 00 00 00 00  ................
00000350: 00 00 ff 00 ff 00 03 01 13 01 2e 01 00 00 00 00  ................
00000360: 00 00 00 00 00 00 00 00 1b 00 4c 00 f3 00 cf 01  ..........L.....
00000370: 71 02 71 02 71 02 71 02 71 02 02 00 6c 03 00 00  q.q.q.q.q...l...
00000380: 08 00 10 00 18 00 20 00 28 00 30 00 38 00 40 00  ...... .(.0.8.@.
00000390: 48 00 50 00 58 00 60 00 68 00 70 00 78 00 80 00  H.P.X.`.h.p.x...
000003a0: 88 00 90 00 98 00 a0 00 a8 00 b0 00 b8 00 c0 00  ................
000003b0: c8 00 d0 00 d8 00 e0 00 e8 00 f0 00 f8 00 00 01  ................
000003c0: 08 01 10 01 18 01 20 01 28 01 30 01 38 01 40 01  ...... .(.0.8.@.
000003d0: 48 01 50 01 58 01 60 01 68 01 70 01 78 01 80 01  H.P.X.`.h.p.x...
000003e0: 88 01 90 01 98 01 a0 01 a8 01 b0 01 b8 01 c0 01  ................
000003f0: c8 01 d0 01 d8 01 e0 01 e8 01 f0 01 f8 01 00 02  ................
00000400: 08 02 10 02 18 02 20 02 28 02 30 02 38 02 40 02  ...... .(.0.8.@.
00000410: 48 02 50 02 58 02 60 02 68 02 70 02 78 02 80 02  H.P.X.`.h.p.x...
00000420: 88 02 90 02 98 02 a0 02 a8 02 b0 02 b8 02 c0 02  ................
00000430: c8 02 d0 02 d8 02 e0 02 e8 02 f0 02 f8 02 00 03  ................
00000440: 08 03 10 03 18 03 20 03 28 03 30 03 38 03 40 03  ...... .(.0.8.@.
00000450: 48 03 50 03 58 03 60 03 68 03 70 03 78 03 80 03  H.P.X.`.h.p.x...
00000460: 88 03 90 03 98 03 a0 03 a8 03 b0 03 b8 03 c0 03  ................
00000470: c8 03 d0 03 d8 03 e0 03 e8 03 f0 03 f8 03 ff 03  ................
00000480: 00 00 08 00 10 00 18 00 20 00 28 00 30 00 38 00  ........ .(.0.8.
00000490: 40 00 48 00 50 00 58 00 60 00 68 00 70 00 78 00  @.H.P.X.`.h.p.x.
000004a0: 80 00 88 00 90 00 98 00 a0 00 a8 00 b0 00 b8 00  ................
000004b0: c0 00 c8 00 d0 00 d8 00 e0 00 e8 00 f0 00 f8 00  ................
000004c0: 00 01 08 01 10 01 18 01 20 01 28 01 30 01 38 01  ........ .(.0.8.
000004d0: 40 01 48 01 50 01 58 01 60 01 68 01 70 01 78 01  @.H.P.X.`.h.p.x.
000004e0: 80 01 88 01 90 01 98 01 a0 01 a8 01 b0 01 b8 01  ................
000004f0: c0 01 c8 01 d0 01 d8 01 e0 01 e8 01 f0 01 f8 01  ................
00000500: 00 02 08 02 10 02 18 02 20 02 28 02 30 02 38 02  ........ .(.0.8.
00000510: 40 02 48 02 50 02 58 02 60 02 68 02 70 02 78 02  @.H.P.X.`.h.p.x.
00000520: 80 02 88 02 90 02 98 02 a0 02 a8 02 b0 02 b8 02  ................
00000530: c0 02 c8 02 d0 02 d8 02 e0 02 e8 02 f0 02 f8 02  ................
00000540: 00 03 08 03 10 03 18 03 20 03 28 03 30 03 38 03  ........ .(.0.8.
00000550: 40 03 48 03 50 03 58 03 60 03 68 03 70 03 78 03  @.H.P.X.`.h.p.x.
00000560: 80 03 88 03 90 03 98 03 a0 03 a8 03 b0 03 b8 03  ................
00000570: c0 03 c8 03 d0 03 d8 03 e0 03 e8 03 f0 03 f8 03  ................
00000580: ff 03 00 00 08 00 10 00 18 00 20 00 28 00 30 00  .......... .(.0.
00000590: 38 00 40 00 48 00 50 00 58 00 60 00 68 00 70 00  8.@.H.P.X.`.h.p.
000005a0: 78 00 80 00 88 00 90 00 98 00 a0 00 a8 00 b0 00  x...............
000005b0: b8 00 c0 00 c8 00 d0 00 d8 00 e0 00 e8 00 f0 00  ................
000005c0: f8 00 00 01 08 01 10 01 18 01 20 01 28 01 30 01  .......... .(.0.
000005d0: 38 01 40 01 48 01 50 01 58 01 60 01 68 01 70 01  8.@.H.P.X.`.h.p.
000005e0: 78 01 80 01 88 01 90 01 98 01 a0 01 a8 01 b0 01  x...............
000005f0: b8 01 c0 01 c8 01 d0 01 d8 01 e0 01 e8 01 f0 01  ................
00000600: f8 01 00 02 08 02 10 02 18 02 20 02 28 02 30 02  .......... .(.0.
00000610: 38 02 40 02 48 02 50 02 58 02 60 02 68 02 70 02  8.@.H.P.X.`.h.p.
00000620: 78 02 80 02 88 02 90 02 98 02 a0 02 a8 02 b0 02  x...............
00000630: b8 02 c0 02 c8 02 d0 02 d8 02 e0 02 e8 02 f0 02  ................
00000640: f8 02 00 03 08 03 10 03 18 03 20 03 28 03 30 03  .......... .(.0.
00000650: 38 03 40 03 48 03 50 03 58 03 60 03 68 03 70 03  8.@.H.P.X.`.h.p.
00000660: 78 03 80 03 88 03 90 03 98 03 a0 03 a8 03 b0 03  x...............
00000670: b8 03 c0 03 c8 03 d0 03 d8 03 e0 03 e8 03 f0 03  ................
00000680: f8 03 ff 03 00 00 80 00 00 00 00 00 00 00 00 00  ................
00000690: 00 00 00 00 00 00 00 00 00 00 00 00 00 00 00 00  ................
000006a0: 00 00 00 00 00 00 80 00 00 00 00 00 00 00 00 00  ................
000006b0: 00 00 00 00 00 00 00 00 00 00 00 00 00 00 00 00  ................
000006c0: 00 00 00 00 00 00 80 00 00 00 00 00 00 00 00 00  ................
000006d0: 00 00 00 00 00 00 00 00 00 00 00 00 00 00 00 00  ................
000006e0: 00 00 00 00 01 00 03 00 dc 08 01 00 00 00 ff 03  ................
000006f0: 84 03 65 02 43 01 84 00 29 00 0a 00 01 00 00 00  ..e.C...).......
00000700: 00 00 00 00 00 00 00 00 00 00 00 00 00 00 00 00  ................
00000710: ff 03 84 03 65 02 43 01 84 00 29 00 0a 00 01 00  ....e.C...).....
00000720: 00 00 00 00 00 00 00 00 00 00 00 00 00 00 00 00  ................
00000730: 00 00 ff 03 84 03 65 02 43 01 84 00 29 00 0a 00  ......e.C...)...
00000740: 01 00 00 00 00 00 00 00 00 00 00 00 00 00 00 00  ................
00000750: 00 00 00 00 05 00 00 00 40 00 80 00 c0 00 00 01  ........@.......
00000760: 40 01 80 01 c0 01 00 02 40 02 80 02 c0 02 00 03  @.......@.......
00000770: 40 03 80 03 c0 03 ff 03 00 00 02 00 04 00 06 00  @...............
00000780: 08 00 0a 00 0c 00 0e 00 00 00 00 00 00 00 00 00  ................
00000790: 00 00 00 00 00 00 00 00 d0 07 d0 07 d0 07 01 00  ................
000007a0: ff 03 00 00 00 00 00 00 00 00 00 00 00 00 00 00  ................
000007b0: 00 00 00 00 00 00 00 00 00 00 00 00 00 00 00 00  ................
000007c0: 00 00 ff 03 00 00 00 00 00 00 00 00 00 00 00 00  ................
000007d0: 00 00 00 00 00 00 00 00 00 00 00 00 00 00 00 00  ................
000007e0: 00 00 00 00 ff 03 00 00 00 00 00 00 00 00 00 00  ................
000007f0: 00 00 00 00 00 00 00 00 00 00 00 00 00 00 00 00  ................
00000800: 00 00 00 00 00 00 06 00 00 00 80 00 f3 00 57 01  ..............W.
00000810: ae 01 fb 01 40 02 7e 02 b7 02 eb 02 1b 03 46 03  ....@.~.......F.
00000820: 6f 03 95 03 ba 03 dd 03 ff 03 00 00 01 00 06 00  o...............
00000830: 10 00 00 00 00 00 00 00 00 00 00 00 00 00 00 00  ................
00000840: 00 00 00 00 00 00 00 00 00 00 0a 00 0a 00 0a 00  ................
00000850: 01 00 ff 03 06 00 00 00 00 00 00 00 00 00 00 00  ................
00000860: 00 00 00 00 00 00 00 00 00 00 00 00 00 00 00 00  ................
00000870: 00 00 00 00 ff 03 06 00 00 00 00 00 00 00 00 00  ................
00000880: 00 00 00 00 00 00 00 00 00 00 00 00 00 00 00 00  ................
00000890: 00 00 00 00 00 00 ff 03 06 00 00 00 00 00 00 00  ................
000008a0: 00 00 00 00 00 00 00 00 00 00 00 00 00 00 00 00  ................
000008b0: 00 00 00 00 00 00 00 00 06 00 00 00 71 00 dc 00  ............q...
000008c0: 3c 01 92 01 e0 01 27 02 67 02 a2 02 d9 02 0b 03  <.....'.g.......
000008d0: 39 03 64 03 8d 03 b4 03 da 03 ff 03 00 00 02 00  9.d.............
000008e0: 05 00 10 00 00 00 00 00 00 00 00 00 00 00 00 00  ................
000008f0: 00 00 00 00 00 00 00 00 00 00 00 00 32 00 32 00  ............2.2.
00000900: 32 00 01 00 ff 03 4f 00 00 00 00 00 00 00 00 00  2.....O.........
00000910: 00 00 00 00 00 00 00 00 00 00 00 00 00 00 00 00  ................
00000920: 00 00 00 00 00 00 ff 03 4f 00 00 00 00 00 00 00  ........O.......
00000930: 00 00 00 00 00 00 00 00 00 00 00 00 00 00 00 00  ................
00000940: 00 00 00 00 00 00 00 00 ff 03 4f 00 00 00 00 00  ..........O.....
00000950: 00 00 00 00 00 00 00 00 00 00 00 00 00 00 00 00  ................
00000960: 00 00 00 00 00 00 00 00 00 00 06 00 00 00 88 00  ................
00000970: fd 00 5e 01 b0 01 f9 01 39 02 73 02 a7 02 d7 02  ..^.....9.s.....
00000980: 04 03 2e 03 58 03 81 03 ab 03 d5 03 ff 03 00 00  ....X...........
00000990: 01 00 04 00 0c 00 10 00 00 00 00 00 00 00 00 00  ................
000009a0: 00 00 00 00 00 00 00 00 00 00 00 00 00 00 64 00  ..............d.
000009b0: 64 00 64 00 01 00 ff 03 b9 00 01 00 00 00 00 00  d.d.............
000009c0: 00 00 00 00 00 00 00 00 00 00 00 00 00 00 00 00  ................
000009d0: 00 00 00 00 00 00 00 00 ff 03 b9 00 01 00 00 00  ................
000009e0: 00 00 00 00 00 00 00 00 00 00 00 00 00 00 00 00  ................
000009f0: 00 00 00 00 00 00 00 00 00 00 ff 03 b9 00 01 00  ................
00000a00: 00 00 00 00 00 00 00 00 00 00 00 00 00 00 00 00  ................
00000a10: 00 00 00 00 00 00 00 00 00 00 00 00 05 00 00 00  ................
00000a20: 74 00 d6 00 28 01 70 01 b3 01 f3 01 30 02 6b 02  t...(.p.....0.k.
00000a30: a2 02 d8 02 0c 03 3f 03 70 03 a0 03 d0 03 ff 03  ......?.p.......
00000a40: 00 00 01 00 04 00 10 00 00 00 00 00 00 00 00 00  ................
00000a50: 00 00 00 00 00 00 00 00 00 00 00 00 00 00 00 00  ................
00000a60: 96 00 96 00 96 00 01 00 ff 03 e7 02 1c 01 39 00  ..............9.
00000a70: 06 00 00 00 00 00 00 00 00 00 00 00 00 00 00 00  ................
00000a80: 00 00 00 00 00 00 00 00 00 00 ff 03 e7 02 1c 01  ................
00000a90: 39 00 06 00 00 00 00 00 00 00 00 00 00 00 00 00  9...............
00000aa0: 00 00 00 00 00 00 00 00 00 00 00 00 ff 03 e7 02  ................
00000ab0: 1c 01 39 00 06 00 00 00 00 00 00 00 00 00 00 00  ..9.............
00000ac0: 00 00 00 00 00 00 00 00 00 00 00 00 00 00 04 00  ................
00000ad0: 00 00 1c 00 4c 00 88 00 c8 00 09 01 4b 01 8e 01  ....L.......K...
00000ae0: d1 01 15 02 5a 02 a0 02 e5 02 2c 03 72 03 b9 03  ....Z.....,.r...
00000af0: ff 03 00 00 01 00 03 00 10 00 00 00 00 00 00 00  ................
00000b00: 00 00 00 00 00 00 00 00 00 00 00 00 00 00 00 00  ................
00000b10: 00 00 20 03 20 03 20 03 01 00 ff 03 5f 03 05 02  .. . . ....._...
00000b20: dc 00 42 00 0e 00 02 00 00 00 00 00 00 00 00 00  ..B.............
00000b30: 00 00 00 00 00 00 00 00 00 00 00 00 ff 03 5f 03  .............._.
00000b40: 05 02 dc 00 42 00 0e 00 02 00 00 00 00 00 00 00  ....B...........
00000b50: 00 00 00 00 00 00 00 00 00 00 00 00 00 00 ff 03  ................
00000b60: 5f 03 05 02 dc 00 42 00 0e 00 02 00 00 00 00 00  _.....B.........
00000b70: 00 00 00 00 00 00 00 00 00 00 00 00 00 00 00 00  ................
00000b80: 04 00 00 00 18 00 49 00 88 00 c8 00 0a 01 4c 01  ......I.......L.
00000b90: 8f 01 d2 01 16 02 5b 02 a1 02 e6 02 2c 03 73 03  ......[.....,.s.
00000ba0: b9 03 ff 03 00 00 01 00 02 00 10 00 00 00 00 00  ................
00000bb0: 00 00 00 00 00 00 00 00 00 00 00 00 00 00 00 00  ................
00000bc0: 00 00 00 00 dc 05 dc 05 dc 05 01 00 ff 03 e7 02  ................
00000bd0: 1c 01 39 00 06 00 00 00 00 00 00 00 00 00 00 00  ..9.............
00000be0: 00 00 00 00 00 00 00 00 00 00 00 00 00 00 ff 03  ................
00000bf0: e7 02 1c 01 39 00 06 00 00 00 00 00 00 00 00 00  ....9...........
00000c00: 00 00 00 00 00 00 00 00 00 00 00 00 00 00 00 00  ................
00000c10: ff 03 e7 02 1c 01 39 00 06 00 00 00 00 00 00 00  ......9.........
00000c20: 00 00 00 00 00 00 00 00 00 00 00 00 00 00 00 00  ................
00000c30: 00 00 04 00 00 00 22 00 47 00 72 00 a4 00 e1 00  ......".G.r.....
00000c40: 24 01 69 01 b0 01 f8 01 40 02 89 02 d3 02 1e 03  $.i.....@.......
00000c50: 69 03 b4 03 ff 03 00 00 04 00 06 00 10 00 00 00  i...............
00000c60: 00 00 00 00 00 00 00 00 00 00 00 00 00 00 00 00  ................
00000c70: 00 00 00 00 00 00 20 03 20 03 20 03 01 00 ff 03  ...... . . .....
00000c80: e7 02 1c 01 39 00 06 00 00 00 00 00 00 00 00 00  ....9...........
00000c90: 00 00 00 00 00 00 00 00 00 00 00 00 00 00 00 00  ................
00000ca0: ff 03 e7 02 1c 01 39 00 06 00 00 00 00 00 00 00  ......9.........
00000cb0: 00 00 00 00 00 00 00 00 00 00 00 00 00 00 00 00  ................
00000cc0: 00 00 ff 03 e7 02 1c 01 39 00 06 00 00 00 00 00  ........9.......
00000cd0: 00 00 00 00 00 00 00 00 00 00 00 00 00 00 00 00  ................
00000ce0: 00 00 00 00 04 00 00 00 29 00 55 00 87 00 c1 00  ........).U.....
00000cf0: 04 01 4a 01 93 01 da 01 20 02 66 02 ab 02 f0 02  ..J..... .f.....
00000d00: 34 03 78 03 bc 03 ff 03 00 00 03 00 06 00 10 00  4.x.............
00000d10: 00 00 00 00 00 00 00 00 00 00 00 00 00 00 00 00  ................
00000d20: 00 00 00 00 00 00 00 00 20 03 20 03 20 03 01 00  ........ . . ...
00000d30: ff 03 1c 01 06 00 00 00 00 00 00 00 00 00 00 00  ................
00000d40: 00 00 00 00 00 00 00 00 00 00 00 00 00 00 00 00  ................
00000d50: 00 00 ff 03 1c 01 06 00 00 00 00 00 00 00 00 00  ................
00000d60: 00 00 00 00 00 00 00 00 00 00 00 00 00 00 00 00  ................
00000d70: 00 00 00 00 ff 03 1c 01 06 00 00 00 00 00 00 00  ................
00000d80: 00 00 00 00 00 00 00 00 00 00 00 00 00 00 00 00  ................
00000d90: 00 00 00 00 00 00 04 00 00 00 40 00 80 00 c0 00  ..........@.....
00000da0: 00 01 40 01 80 01 c0 01 00 02 40 02 80 02 c0 02  ..@.......@.....
00000db0: 00 03 40 03 80 03 c0 03 ff 03 00 00 10 00 00 00  ..@.............
00000dc0: 00 00 00 00 00 00 00 00 00 00 00 00 00 00 00 00  ................
00000dd0: 00 00 00 00 00 00 00 00 00 00 c8 00 c8 00 c8 00  ................
00000de0: 01 00 00 00 ff 03 84 03 65 02 43 01 84 00 29 00  ........e.C...).
00000df0: 0a 00 01 00 00 00 00 00 00 00 00 00 00 00 00 00  ................
00000e00: 00 00 00 00 00 00 05 00 d0 07 00 00 00 00 00 00  ................
00000e10: 00 00 01 00 ff 03 06 00 00 00 00 00 00 00 00 00  ................
00000e20: 00 00 00 00 00 00 00 00 00 00 00 00 00 00 00 00  ................
00000e30: 00 00 00 00 00 00 06 00 32 00 00 00 00 00 00 00  ........2.......
00000e40: 00 00 01 00 ff 03 4f 00 00 00 00 00 00 00 00 00  ......O.........
00000e50: 00 00 00 00 00 00 00 00 00 00 00 00 00 00 00 00  ................
00000e60: 00 00 00 00 00 00 06 00 64 00 00 00 00 00 00 00  ........d.......
00000e70: 00 00 01 00 ff 03 b4 01 21 00 00 00 00 00 00 00  ........!.......
00000e80: 00 00 00 00 00 00 00 00 00 00 00 00 00 00 00 00  ................
00000e90: 00 00 00 00 00 00 06 00 2c 01 00 00 78 00 00 00  ........,...x...
00000ea0: 00 00 01 00 ff 03 65 02 84 00 0a 00 00 00 00 00  ......e.........
00000eb0: 00 00 00 00 00 00 00 00 00 00 00 00 00 00 00 00  ................
00000ec0: 00 00 00 00 00 00 05 00 f4 01 00 00 5a 00 00 00  ............Z...
00000ed0: 00 00 01 00 ff 03 18 03 6f 01 66 00 11 00 01 00  ........o.f.....
00000ee0: 00 00 00 00 00 00 00 00 00 00 00 00 00 00 00 00  ................
00000ef0: 00 00 00 00 00 00 04 00 e8 03 00 00 46 00 00 00  ............F...
00000f00: 00 00 01 00 ff 03 cc 03 42 03 85 02 c3 01 1c 01  ........B.......
00000f10: a2 00 53 00 26 00 10 00 06 00 02 00 00 00 00 00  ..S.&...........
00000f20: 00 00 00 00 00 00 04 00 88 13 01 00 28 00 01 00  ............(...
00000f30: 00 00 01 00 ff 03 18 03 6f 01 66 00 11 00 01 00  ........o.f.....
00000f40: 00 00 00 00 00 00 00 00 00 00 00 00 00 00 00 00  ................
00000f50: 00 00 00 00 00 00 04 00 e8 03 00 00 00 00 00 00  ................
00000f60: 00 00 01 00 ff 03 ac 03 d7 02 db 01 05 01 79 00  ..............y.
00000f70: 2f 00 0f 00 04 00 01 00 00 00 00 00 00 00 00 00  /...............
00000f80: 00 00 00 00 00 00 04 00 b8 0b 00 00 00 00 00 00  ................
00000f90: 00 00 01 00 ff 03 b4 01 21 00 00 00 00 00 00 00  ........!.......
00000fa0: 00 00 00 00 00 00 00 00 00 00 00 00 00 00 00 00  ................
00000fb0: 00 00 00 00 00 00 04 00 2c 01 00 00 00 00 00 00  ........,.......
00000fc0: 00 00 04 00 40 04 01 00 00 00 01 00 00 00 00 00  ....@...........
00000fd0: 01 00 01 00 00 00 01 00 01 00 08 00 08 00 78 00  ..............x.
00000fe0: 01 00 e8 03 d0 07 40 00 20 00 00 00 08 00 14 00  ......@. .......
00000ff0: ff 03 18 03 6f 01 66 00 11 00 01 00 00 00 00 00  ....o.f.........
00001000: 00 00 00 00 00 00 00 00 00 00 00 00 00 00 00 00  ................
00001010: 00 00 e8 03 02 00 00 00 0b 00 08 00 78 00 60 00  ............x.`.
00001020: 04 00 01 00 e8 03 d0 07 40 00 18 00 00 00 08 00  ........@.......
00001030: 14 00 0a 00 00 00 00 00 01 00 01 00 01 00 01 00  ................
00001040: 00 00 01 00 01 00 08 00 08 00 40 00 01 00 dc 05  ..........@.....
00001050: f0 0a 18 00 0c 00 00 00 08 00 14 00 ff 03 1c 01  ................
00001060: 06 00 00 00 00 00 00 00 00 00 00 00 00 00 00 00  ................
00001070: 00 00 00 00 00 00 00 00 00 00 00 00 00 00 c8 00  ................
00001080: 02 00 00 00 0b 00 08 00 40 00 00 00 0c 00 01 00  ........@.......
00001090: dc 05 f0 0a 18 00 0c 00 00 00 08 00 14 00 96 00  ................
000010a0: 00 00 00 00 01 00 01 00 01 00 01 00 00 00 01 00  ................
000010b0: 01 00 08 00 08 00 40 00 01 00 dc 05 f0 0a 20 00  ......@....... .
000010c0: 18 00 00 00 08 00 14 00 ff 03 18 03 6f 01 66 00  ............o.f.
000010d0: 11 00 01 00 00 00 00 00 00 00 00 00 00 00 00 00  ................
000010e0: 00 00 00 00 00 00 00 00 00 00 e8 03 02 00 00 00  ................
000010f0: 0b 00 08 00 40 00 00 00 0c 00 01 00 dc 05 f0 0a  ....@...........
00001100: 20 00 18 00 00 00 08 00 14 00 96 00 00 00 00 00   ...............
00001110: 01 00 01 00 01 00 01 00 00 00 01 00 01 00 08 00  ................
00001120: 08 00 40 00 01 00 08 07 28 0a 20 00 18 00 00 00  ..@.....(. .....
00001130: 08 00 14 00 ff 03 ac 03 d7 02 db 01 05 01 79 00  ..............y.
00001140: 2f 00 0f 00 04 00 01 00 00 00 00 00 00 00 00 00  /...............
00001150: 00 00 00 00 00 00 b8 0b 02 00 00 00 0f 00 0a 00  ................
00001160: 40 00 00 00 0c 00 01 00 08 07 28 0a 20 00 18 00  @.........(. ...
00001170: 00 00 08 00 14 00 c8 00 00 00 00 00 01 00 01 00  ................
00001180: 01 00 01 00 00 00 01 00 01 00 08 00 08 00 40 00  ..............@.
00001190: 01 00 c4 09 1c 0c 2e 00 20 00 00 00 08 00 14 00  ........ .......
000011a0: ff 03 cc 03 42 03 85 02 c3 01 1c 01 a2 00 53 00  ....B.........S.
000011b0: 26 00 10 00 06 00 02 00 00 00 00 00 00 00 00 00  &...............
000011c0: 00 00 88 13 02 00 00 00 0f 00 0c 00 40 00 00 00  ............@...
000011d0: 0c 00 01 00 c4 09 1c 0c 2e 00 20 00 00 00 08 00  .......... .....
000011e0: 1e 00 96 00 00 00 00 00 01 00 01 00 01 00 01 00  ................
000011f0: 00 00 01 00 01 00 08 00 08 00 78 00 01 00 f0 0a  ..........x.....
00001200: ac 0d 40 00 20 00 00 00 08 00 14 00 ff 03 e6 03  ..@. ...........
00001210: 9c 03 2d 03 a7 02 1b 02 97 01 24 01 c6 00 80 00  ..-.......$.....
00001220: 4f 00 2e 00 19 00 0d 00 06 00 03 00 01 00 10 27  O..............'
00001230: 01 00 00 00 0f 00 18 00 40 00 00 00 0c 00 01 00  ........@.......
00001240: f0 0a ac 0d 40 00 20 00 00 00 08 00 1e 00 64 00  ....@. .......d.
00001250: 00 00 01 00 01 00 01 00 01 00 01 00 00 00 01 00  ................
00001260: 01 00 08 00 08 00 7f 00 01 00 d8 0e c0 12 40 00  ..............@.
00001270: 20 00 00 00 08 00 14 00 ff 03 f9 03 e6 03 c6 03   ...............
00001280: 9c 03 68 03 2d 03 ec 02 a7 02 61 02 1b 02 d8 01  ..h.-.....a.....
00001290: 97 01 5b 01 24 01 f2 00 c6 00 40 9c 01 00 00 00  ..[.$.....@.....
000012a0: 0f 00 10 00 40 00 00 00 0c 00 01 00 d8 0e c0 12  ....@...........
000012b0: 40 00 20 00 00 00 08 00 1e 00 64 00 00 00 01 00  @. .......d.....
000012c0: 01 00 01 00 01 00 01 00 00 00 01 00 01 00 08 00  ................
000012d0: 08 00 78 00 01 00 58 1b 1c 25 40 00 20 00 00 00  ..x...X..%@. ...
000012e0: 08 00 14 00 ff 03 f9 03 e6 03 c6 03 9c 03 68 03  ..............h.
000012f0: 2d 03 ec 02 a7 02 61 02 1b 02 d8 01 97 01 5b 01  -.....a.......[.
00001300: 24 01 f2 00 c6 00 40 9c 01 00 00 00 0f 00 40 00  $.....@.......@.
00001310: 78 00 10 00 0c 00 01 00 58 1b 1c 25 40 00 20 00  x.......X..%@. .
00001320: 00 00 08 00 14 00 00 00 00 00 01 00 01 00 01 00  ................
00001330: 01 00 01 00 00 00 01 00 01 00 08 00 08 00 78 00  ..............x.
00001340: 01 00 40 1f 10 27 40 00 20 00 00 00 08 00 14 00  ..@..'@. .......
00001350: ff 03 f9 03 e6 03 c6 03 9c 03 68 03 2d 03 ec 02  ..........h.-...
00001360: a7 02 61 02 1b 02 d8 01 97 01 5b 01 24 01 f2 00  ..a.......[.$...
00001370: c6 00 40 9c 02 00 00 00 0f 00 40 00 78 00 10 00  ..@.......@.x...
00001380: 0c 00 01 00 40 1f 10 27 40 00 20 00 00 00 08 00  ....@..'@. .....
00001390: 14 00 00 00 00 00 01 00 01 00 01 00 01 00 01 00  ................
000013a0: 01 00 01 00 01 00 08 00 08 00 78 00 04 00 e8 03  ..........x.....
000013b0: d0 07 40 00 20 00 00 00 08 00 28 00 ff 03 18 03  ..@. .....(.....
000013c0: 6f 01 66 00 11 00 01 00 00 00 00 00 00 00 00 00  o.f.............
000013d0: 00 00 00 00 00 00 00 00 00 00 00 00 00 00 e8 03  ................
000013e0: 02 00 00 00 0b 00 08 00 78 00 00 00 04 00 04 00  ........x.......
000013f0: e8 03 d0 07 40 00 18 00 00 00 08 00 28 00 32 00  ....@.......(.2.
00001400: 00 00 05 00 56 00 01 00 01 00 14 00 0c 00 1e 00  ....V...........
00001410: 01 00 14 00 04 00 78 00 01 00 14 00 04 00 78 00  ......x.......x.
00001420: 01 00 14 00 0c 00 1e 00 01 00 14 00 0c 00 1e 00  ................
00001430: 01 00 14 00 04 00 78 00 01 00 14 00 04 00 78 00  ......x.......x.
00001440: 01 00 14 00 04 00 78 00 01 00 14 00 04 00 78 00  ......x.......x.
00001450: 01 00 14 00 04 00 78 00 06 00 16 00 c0 00 00 00  ......x.........
00001460: 00 00 37 00 3c 00 40 00 40 00 40 00 40 00 07 00  ..7.<.@.@.@.@...
00001470: 6c 03 00 00 17 00 2e 00 44 00 5a 00 70 00 86 00  l.......D.Z.p...
00001480: 9c 00 b1 00 c5 00 d9 00 ec 00 ff 00 11 01 22 01  ..............".
00001490: 33 01 43 01 53 01 62 01 70 01 7f 01 8c 01 9a 01  3.C.S.b.p.......
000014a0: a7 01 b4 01 c0 01 cc 01 d8 01 e4 01 f0 01 fb 01  ................
000014b0: 06 02 11 02 1c 02 27 02 32 02 3c 02 46 02 50 02  ......'.2.<.F.P.
000014c0: 5a 02 63 02 6d 02 76 02 7f 02 87 02 90 02 98 02  Z.c.m.v.........
000014d0: a0 02 a8 02 af 02 b7 02 be 02 c5 02 cc 02 d2 02  ................
000014e0: d9 02 df 02 e5 02 eb 02 f1 02 f7 02 fc 02 02 03  ................
000014f0: 07 03 0c 03 12 03 17 03 1b 03 20 03 25 03 2a 03  .......... .%.*.
00001500: 2e 03 33 03 37 03 3c 03 40 03 44 03 49 03 4d 03  ..3.7.<.@.D.I.M.
00001510: 51 03 55 03 59 03 5e 03 62 03 66 03 6a 03 6e 03  Q.U.Y.^.b.f.j.n.
00001520: 72 03 75 03 79 03 7d 03 81 03 85 03 88 03 8c 03  r.u.y.}.........
00001530: 90 03 94 03 97 03 9b 03 9e 03 a2 03 a5 03 a9 03  ................
00001540: ac 03 b0 03 b3 03 b7 03 ba 03 be 03 c1 03 c4 03  ................
00001550: c8 03 cb 03 ce 03 d2 03 d5 03 d8 03 dc 03 df 03  ................
00001560: e2 03 e6 03 e9 03 ec 03 ef 03 f3 03 f6 03 f9 03  ................
00001570: fc 03 ff 03 00 00 17 00 2e 00 44 00 5a 00 70 00  ..........D.Z.p.
00001580: 86 00 9c 00 b1 00 c5 00 d9 00 ec 00 ff 00 11 01  ................
00001590: 22 01 33 01 43 01 53 01 62 01 70 01 7f 01 8c 01  ".3.C.S.b.p.....
000015a0: 9a 01 a7 01 b4 01 c0 01 cc 01 d8 01 e4 01 f0 01  ................
000015b0: fb 01 06 02 11 02 1c 02 27 02 32 02 3c 02 46 02  ........'.2.<.F.
000015c0: 50 02 5a 02 63 02 6d 02 76 02 7f 02 87 02 90 02  P.Z.c.m.v.......
000015d0: 98 02 a0 02 a8 02 af 02 b7 02 be 02 c5 02 cc 02  ................
000015e0: d2 02 d9 02 df 02 e5 02 eb 02 f1 02 f7 02 fc 02  ................
000015f0: 02 03 07 03 0c 03 12 03 17 03 1b 03 20 03 25 03  ............ .%.
00001600: 2a 03 2e 03 33 03 37 03 3c 03 40 03 44 03 49 03  *...3.7.<.@.D.I.
00001610: 4d 03 51 03 55 03 59 03 5e 03 62 03 66 03 6a 03  M.Q.U.Y.^.b.f.j.
00001620: 6e 03 72 03 75 03 79 03 7d 03 81 03 85 03 88 03  n.r.u.y.}.......
00001630: 8c 03 90 03 94 03 97 03 9b 03 9e 03 a2 03 a5 03  ................
00001640: a9 03 ac 03 b0 03 b3 03 b7 03 ba 03 be 03 c1 03  ................
00001650: c4 03 c8 03 cb 03 ce 03 d2 03 d5 03 d8 03 dc 03  ................
00001660: df 03 e2 03 e6 03 e9 03 ec 03 ef 03 f3 03 f6 03  ................
00001670: f9 03 fc 03 ff 03 00 00 17 00 2e 00 44 00 5a 00  ............D.Z.
00001680: 70 00 86 00 9c 00 b1 00 c5 00 d9 00 ec 00 ff 00  p...............
00001690: 11 01 22 01 33 01 43 01 53 01 62 01 70 01 7f 01  ..".3.C.S.b.p...
000016a0: 8c 01 9a 01 a7 01 b4 01 c0 01 cc 01 d8 01 e4 01  ................
000016b0: f0 01 fb 01 06 02 11 02 1c 02 27 02 32 02 3c 02  ..........'.2.<.
000016c0: 46 02 50 02 5a 02 63 02 6d 02 76 02 7f 02 87 02  F.P.Z.c.m.v.....
000016d0: 90 02 98 02 a0 02 a8 02 af 02 b7 02 be 02 c5 02  ................
000016e0: cc 02 d2 02 d9 02 df 02 e5 02 eb 02 f1 02 f7 02  ................
000016f0: fc 02 02 03 07 03 0c 03 12 03 17 03 1b 03 20 03  .............. .
00001700: 25 03 2a 03 2e 03 33 03 37 03 3c 03 40 03 44 03  %.*...3.7.<.@.D.
00001710: 49 03 4d 03 51 03 55 03 59 03 5e 03 62 03 66 03  I.M.Q.U.Y.^.b.f.
00001720: 6a 03 6e 03 72 03 75 03 79 03 7d 03 81 03 85 03  j.n.r.u.y.}.....
00001730: 88 03 8c 03 90 03 94 03 97 03 9b 03 9e 03 a2 03  ................
00001740: a5 03 a9 03 ac 03 b0 03 b3 03 b7 03 ba 03 be 03  ................
00001750: c1 03 c4 03 c8 03 cb 03 ce 03 d2 03 d5 03 d8 03  ................
00001760: dc 03 df 03 e2 03 e6 03 e9 03 ec 03 ef 03 f3 03  ................
00001770: f6 03 f9 03 fc 03 ff 03 00 00 05 00 0b 00 1c 00  ................
00001780: 2d 00 4a 00 80 00 00 00 00 00 00 00 00 00 00 00  -.J.............
00001790: 00 00 00 00 00 00 00 00 00 00 05 00 0b 00 1c 00  ................
000017a0: 2d 00 4a 00 80 00 00 00 00 00 00 00 00 00 00 00  -.J.............
000017b0: 00 00 00 00 00 00 00 00 00 00 05 00 0b 00 1c 00  ................
000017c0: 2d 00 4a 00 80 00 00 00 00 00 00 00 00 00 00 00  -.J.............
000017d0: 00 00 00 00 00 00 00 00 01 00 08 00 88 00 01 00  ................
000017e0: 01 00 00 00 ff 00 00 00 90 01 50 ff 20 00 bb ff  ..........P. ...
000017f0: 83 01 c2 ff ed ff 5e ff b5 01 01 00 00 00 ff 00  ......^.........
00001800: 00 00 28 02 f3 fe e5 ff 5b ff b5 01 f0 ff bc ff  ..(.....[.......
00001810: 1d ff 27 02 01 00 00 00 ff 00 00 00 40 02 02 ff  ..'.........@...
00001820: be ff 49 ff e7 01 d2 ff fe ff f0 fe 12 02 01 00  ..I.............
00001830: 00 00 ff 00 00 00 31 02 f3 fe dc ff 7f ff 8d 01  ......1.........
00001840: f4 ff fc ff 38 ff cc 01 01 00 00 00 ff 00 00 00  ....8...........
00001850: cd 01 6b ff c8 ff 7f ff 8d 01 f4 ff 06 00 38 ff  ..k...........8.
00001860: c2 01 09 00 6a 00 00 00 07 00 0d 00 01 00 01 00  ....j...........
00001870: 14 00 07 00 0d 00 01 00 00 00 14 00 07 00 0d 00  ................
00001880: 01 00 01 00 14 00 07 00 0d 00 01 00 01 00 14 00  ................
00001890: 07 00 0d 00 01 00 01 00 14 00 07 00 0d 00 01 00  ................
000018a0: 01 00 14 00 07 00 0d 00 01 00 01 00 14 00 07 00  ................
000018b0: 0d 00 01 00 01 00 14 00 07 00 00 00 01 00 01 00  ................
000018c0: 14 00 07 00 0d 00 01 00 01 00 14 00 0a 00 ee 26  ...............&
000018d0: 01 00 1f 00 80 00 00 00 00 00 00 00 00 00 60 00  ..............`.
000018e0: c0 00 00 00 10 00 20 00 30 00 40 00 50 00 60 00  ...... .0.@.P.`.
000018f0: 70 00 80 00 90 00 a0 00 b0 00 c0 00 d0 00 e0 00  p...............
00001900: f0 00 00 01 10 01 20 01 30 01 40 01 50 01 60 01  ...... .0.@.P.`.
00001910: 70 01 80 01 90 01 a0 01 b0 01 c0 01 d0 01 e0 01  p...............
00001920: f0 01 00 02 10 02 20 02 30 02 40 02 50 02 60 02  ...... .0.@.P.`.
00001930: 70 02 80 02 90 02 a0 02 b0 02 c0 02 d0 02 e0 02  p...............
00001940: f0 02 00 03 10 03 20 03 30 03 40 03 50 03 60 03  ...... .0.@.P.`.
00001950: 70 03 80 03 90 03 a0 03 b0 03 c0 03 d0 03 e0 03  p...............
00001960: f0 03 ff 03 00 00 10 00 20 00 30 00 40 00 50 00  ........ .0.@.P.
00001970: 60 00 70 00 80 00 90 00 a0 00 b0 00 c0 00 d0 00  `.p.............
00001980: e0 00 f0 00 00 01 10 01 20 01 30 01 40 01 50 01  ........ .0.@.P.
00001990: 60 01 70 01 80 01 90 01 a0 01 b0 01 c0 01 d0 01  `.p.............
000019a0: e0 01 f0 01 00 02 10 02 20 02 30 02 40 02 50 02  ........ .0.@.P.
000019b0: 60 02 70 02 80 02 90 02 a0 02 b0 02 c0 02 d0 02  `.p.............
000019c0: e0 02 f0 02 00 03 10 03 20 03 30 03 40 03 50 03  ........ .0.@.P.
000019d0: 60 03 70 03 80 03 90 03 a0 03 b0 03 c0 03 d0 03  `.p.............
000019e0: e0 03 f0 03 ff 03 00 00 10 00 20 00 30 00 40 00  .......... .0.@.
000019f0: 50 00 60 00 70 00 80 00 90 00 a0 00 b0 00 c0 00  P.`.p...........
00001a00: d0 00 e0 00 f0 00 00 01 10 01 20 01 30 01 40 01  .......... .0.@.
00001a10: 50 01 60 01 70 01 80 01 90 01 a0 01 b0 01 c0 01  P.`.p...........
00001a20: d0 01 e0 01 f0 01 00 02 10 02 20 02 30 02 40 02  .......... .0.@.
00001a30: 50 02 60 02 70 02 80 02 90 02 a0 02 b0 02 c0 02  P.`.p...........
00001a40: d0 02 e0 02 f0 02 00 03 10 03 20 03 30 03 40 03  .......... .0.@.
00001a50: 50 03 60 03 70 03 80 03 90 03 a0 03 b0 03 c0 03  P.`.p...........
00001a60: d0 03 e0 03 f0 03 ff 03 00 00 24 00 44 00 64 00  ..........$.D.d.
00001a70: 84 00 a4 00 c4 00 e0 00 fc 00 18 01 30 01 4c 01  ............0.L.
00001a80: 60 01 78 01 88 01 9c 01 ac 01 bc 01 cc 01 dc 01  `.x.............
00001a90: e8 01 f4 01 fc 01 08 02 10 02 1c 02 24 02 2c 02  ............$.,.
00001aa0: 34 02 3c 02 40 02 48 02 54 02 5c 02 64 02 70 02  4.<.@.H.T.\.d.p.
00001ab0: 78 02 84 02 8c 02 98 02 a4 02 b0 02 bc 02 c8 02  x...............
00001ac0: d8 02 e4 02 f0 02 00 03 0c 03 1c 03 28 03 38 03  ............(.8.
00001ad0: 48 03 54 03 64 03 74 03 84 03 94 03 a4 03 b4 03  H.T.d.t.........
00001ae0: c4 03 d4 03 e4 03 f4 03 ff 03 00 00 10 00 1c 00  ................
00001af0: 28 00 34 00 40 00 4c 00 58 00 60 00 6c 00 78 00  (.4.@.L.X.`.l.x.
00001b00: 84 00 90 00 9c 00 a8 00 b4 00 c4 00 d4 00 e8 00  ................
00001b10: fc 00 10 01 28 01 3c 01 54 01 70 01 88 01 a0 01  ....(.<.T.p.....
00001b20: bc 01 d4 01 f0 01 08 02 20 02 38 02 50 02 64 02  ........ .8.P.d.
00001b30: 78 02 88 02 9c 02 a8 02 b4 02 c0 02 cc 02 d4 02  x...............
00001b40: dc 02 e8 02 f0 02 fc 02 04 03 10 03 1c 03 2c 03  ..............,.
00001b50: 38 03 44 03 54 03 60 03 70 03 80 03 90 03 a0 03  8.D.T.`.p.......
00001b60: b0 03 c0 03 d0 03 e0 03 f0 03 ff 03 00 00 10 00  ................
00001b70: 20 00 30 00 40 00 50 00 60 00 70 00 80 00 90 00   .0.@.P.`.p.....
00001b80: a0 00 b0 00 c0 00 d0 00 e0 00 f0 00 00 01 10 01  ................
00001b90: 20 01 30 01 40 01 50 01 60 01 70 01 80 01 90 01   .0.@.P.`.p.....
00001ba0: a0 01 b0 01 c0 01 d0 01 e0 01 f0 01 00 02 10 02  ................
00001bb0: 20 02 30 02 40 02 50 02 60 02 70 02 80 02 90 02   .0.@.P.`.p.....
00001bc0: a0 02 b0 02 c0 02 d0 02 e0 02 f0 02 00 03 10 03  ................
00001bd0: 20 03 30 03 40 03 50 03 60 03 70 03 80 03 90 03   .0.@.P.`.p.....
00001be0: a0 03 b0 03 c0 03 d0 03 e0 03 f0 03 ff 03 00 00  ................
00001bf0: 40 00 00 00 00 00 00 00 00 00 00 00 00 00 00 00  @...............
00001c00: 00 00 00 00 00 00 00 00 00 00 00 00 00 00 00 00  ................
00001c10: 40 00 00 00 00 00 00 00 00 00 00 00 00 00 00 00  @...............
00001c20: 00 00 00 00 00 00 00 00 00 00 00 00 00 00 00 00  ................
00001c30: 40 00 00 00 00 00 00 00 00 00 00 00 00 00 00 00  @...............
00001c40: 00 00 00 00 00 00 00 00 00 00 00 00 00 00 00 00  ................
00001c50: 0a 00 18 00 1f 00 40 00 00 00 00 00 00 00 00 00  ......@.........
00001c60: 00 00 00 00 00 00 00 00 00 00 00 00 00 00 00 00  ................
00001c70: 08 00 11 00 25 00 2c 00 40 00 00 00 00 00 00 00  ....%.,.@.......
00001c80: 00 00 00 00 00 00 00 00 00 00 00 00 00 00 00 00  ................
00001c90: 08 00 10 00 18 00 20 00 28 00 30 00 38 00 00 00  ...... .(.0.8...
00001ca0: 00 00 00 00 00 00 00 00 00 00 00 00 00 00 00 00  ................
00001cb0: 00 00 08 00 00 01 0c 00 00 00 01 00 20 00 40 00  ............ .@.
00001cc0: 60 00 80 00 c0 00 00 00 28 00 4f 00 74 00 97 00  `.......(.O.t...
00001cd0: b9 00 d9 00 f6 00 12 01 2c 01 44 01 5a 01 6f 01  ........,.D.Z.o.
00001ce0: 82 01 93 01 a3 01 b2 01 c0 01 cd 01 d9 01 e4 01  ................
00001cf0: ef 01 fa 01 04 02 0e 02 18 02 22 02 2c 02 36 02  ..........".,.6.
00001d00: 40 02 4a 02 54 02 5e 02 69 02 73 02 7d 02 88 02  @.J.T.^.i.s.}...
00001d10: 93 02 9e 02 a9 02 b4 02 c0 02 cc 02 d8 02 e4 02  ................
00001d20: f1 02 fe 02 0b 03 18 03 26 03 34 03 41 03 4f 03  ........&.4.A.O.
00001d30: 5e 03 6c 03 7a 03 89 03 97 03 a6 03 b5 03 c4 03  ^.l.z...........
00001d40: d3 03 e2 03 f1 03 ff 03 00 00 25 00 48 00 6c 00  ..........%.H.l.
00001d50: 8e 00 af 00 cf 00 ee 00 0c 01 28 01 43 01 5c 01  ..........(.C.\.
00001d60: 73 01 89 01 9d 01 b0 01 c1 01 d1 01 e0 01 ee 01  s...............
00001d70: fb 01 07 02 13 02 1e 02 29 02 34 02 3e 02 49 02  ........).4.>.I.
00001d80: 53 02 5d 02 68 02 72 02 7c 02 86 02 90 02 9b 02  S.].h.r.|.......
00001d90: a5 02 af 02 ba 02 c5 02 d0 02 db 02 e6 02 f2 02  ................
00001da0: fe 02 09 03 15 03 22 03 2e 03 3a 03 47 03 54 03  ......"...:.G.T.
00001db0: 60 03 6d 03 7a 03 87 03 95 03 a2 03 af 03 bc 03  `.m.z...........
00001dc0: ca 03 d7 03 e5 03 f2 03 ff 03 00 00 27 00 4c 00  ............'.L.
00001dd0: 71 00 94 00 b6 00 d6 00 f4 00 10 01 2a 01 43 01  q...........*.C.
00001de0: 5a 01 70 01 84 01 97 01 a8 01 b8 01 c8 01 d6 01  Z.p.............
00001df0: e3 01 ef 01 fb 01 06 02 11 02 1b 02 26 02 30 02  ............&.0.
00001e00: 3a 02 44 02 4f 02 59 02 63 02 6e 02 78 02 83 02  :.D.O.Y.c.n.x...
00001e10: 8d 02 98 02 a3 02 ae 02 b9 02 c5 02 d0 02 dc 02  ................
00001e20: e8 02 f4 02 00 03 0c 03 19 03 26 03 33 03 40 03  ..........&.3.@.
00001e30: 4d 03 5a 03 68 03 75 03 83 03 90 03 9e 03 ac 03  M.Z.h.u.........
00001e40: ba 03 c8 03 d6 03 e4 03 f2 03 ff 03 00 00 11 00  ................
00001e50: 22 00 34 00 45 00 56 00 67 00 78 00 89 00 9a 00  ".4.E.V.g.x.....
00001e60: ac 00 bd 00 cf 00 e1 00 f2 00 04 01 16 01 29 01  ..............).
00001e70: 3b 01 4d 01 60 01 73 01 86 01 99 01 ad 01 c0 01  ;.M.`.s.........
00001e80: d4 01 e8 01 fc 01 11 02 25 02 3a 02 4e 02 62 02  ........%.:.N.b.
00001e90: 76 02 8a 02 9e 02 b1 02 c4 02 d7 02 e9 02 fb 02  v...............
00001ea0: 0c 03 1c 03 2c 03 3b 03 49 03 57 03 65 03 72 03  ....,.;.I.W.e.r.
00001eb0: 7e 03 8a 03 95 03 a0 03 aa 03 b4 03 bd 03 c6 03  ~...............
00001ec0: cf 03 d7 03 e0 03 e8 03 f0 03 f8 03 ff 03 00 00  ................
00001ed0: 11 00 21 00 31 00 41 00 51 00 61 00 72 00 82 00  ..!.1.A.Q.a.r...
00001ee0: 93 00 a4 00 b5 00 c6 00 d7 00 e9 00 fa 00 0d 01  ................
00001ef0: 1f 01 31 01 44 01 58 01 6b 01 7f 01 93 01 a8 01  ..1.D.X.k.......
00001f00: bd 01 d3 01 e8 01 fe 01 14 02 2a 02 40 02 55 02  ..........*.@.U.
00001f10: 6b 02 80 02 95 02 a9 02 bd 02 d0 02 e2 02 f4 02  k...............
00001f20: 05 03 15 03 24 03 32 03 40 03 4d 03 5a 03 66 03  ....$.2.@.M.Z.f.
00001f30: 72 03 7d 03 88 03 92 03 9c 03 a6 03 b0 03 b9 03  r.}.............
00001f40: c3 03 cc 03 d4 03 dd 03 e6 03 ee 03 f7 03 ff 03  ................
00001f50: 00 00 11 00 22 00 33 00 44 00 55 00 66 00 77 00  ....".3.D.U.f.w.
00001f60: 88 00 99 00 aa 00 bc 00 cd 00 df 00 f1 00 03 01  ................
00001f70: 15 01 27 01 3a 01 4d 01 60 01 73 01 86 01 9a 01  ..'.:.M.`.s.....
00001f80: ae 01 c2 01 d7 01 ec 01 01 02 16 02 2c 02 42 02  ............,.B.
00001f90: 58 02 6e 02 84 02 9a 02 ae 02 c2 02 d4 02 e5 02  X.n.............
00001fa0: f4 02 03 03 10 03 1c 03 28 03 33 03 3d 03 47 03  ........(.3.=.G.
00001fb0: 50 03 5a 03 63 03 6c 03 76 03 80 03 8a 03 94 03  P.Z.c.l.v.......
00001fc0: 9f 03 ab 03 b6 03 c2 03 ce 03 da 03 e7 03 f3 03  ................
00001fd0: ff 03 00 00 02 00 0a 00 17 00 29 00 40 00 00 00  ..........).@...
00001fe0: 00 00 00 00 00 00 00 00 00 00 00 00 00 00 00 00  ................
00001ff0: 00 00 00 00 02 00 0b 00 19 00 28 00 40 00 00 00  ..........(.@...
00002000: 00 00 00 00 00 00 00 00 00 00 00 00 00 00 00 00  ................
00002010: 00 00 00 00 04 00 0c 00 1a 00 2b 00 40 00 00 00  ..........+.@...
00002020: 00 00 00 00 00 00 00 00 00 00 00 00 00 00 00 00  ................
00002030: 00 00 00 00 1a 00 2a 00 35 00 40 00 00 00 00 00  ......*.5.@.....
00002040: 00 00 00 00 00 00 00 00 00 00 00 00 00 00 00 00  ................
00002050: 00 00 00 00 18 00 28 00 33 00 40 00 00 00 00 00  ......(.3.@.....
00002060: 00 00 00 00 00 00 00 00 00 00 00 00 00 00 00 00  ................
00002070: 00 00 00 00 1e 00 26 00 35 00 40 00 00 00 00 00  ......&.5.@.....
00002080: 00 00 00 00 00 00 00 00 00 00 00 00 00 00 00 00  ................
00002090: 00 00 01 00 40 00 80 00 00 01 08 00 00 00 01 00  ....@...........
000020a0: 20 00 40 00 60 00 80 00 c0 00 00 00 25 00 49 00   .@.`.......%.I.
000020b0: 6c 00 8e 00 ad 00 ca 00 e6 00 00 01 19 01 2f 01  l............./.
000020c0: 44 01 58 01 6a 01 7a 01 89 01 97 01 a5 01 b1 01  D.X.j.z.........
000020d0: bc 01 c7 01 d1 01 da 01 e3 01 ec 01 f5 01 fd 01  ................
000020e0: 06 02 0f 02 18 02 21 02 2b 02 36 02 40 02 4b 02  ......!.+.6.@.K.
000020f0: 57 02 62 02 6e 02 7b 02 87 02 94 02 a1 02 ae 02  W.b.n.{.........
00002100: bc 02 ca 02 d8 02 e6 02 f5 02 03 03 12 03 21 03  ..............!.
00002110: 31 03 40 03 4f 03 5f 03 6f 03 7f 03 8f 03 9f 03  1.@.O._.o.......
00002120: af 03 bf 03 cf 03 df 03 ef 03 ff 03 00 00 1f 00  ................
00002130: 3e 00 5c 00 7a 00 96 00 b2 00 cd 00 e6 00 ff 00  >.\.z...........
00002140: 16 01 2c 01 40 01 53 01 65 01 75 01 85 01 93 01  ..,.@.S.e.u.....
00002150: a0 01 ad 01 b9 01 c5 01 d0 01 da 01 e5 01 ef 01  ................
00002160: f9 01 04 02 0f 02 1a 02 25 02 30 02 3c 02 48 02  ........%.0.<.H.
00002170: 54 02 61 02 6d 02 7a 02 87 02 94 02 a1 02 ae 02  T.a.m.z.........
00002180: bc 02 ca 02 d7 02 e5 02 f3 02 02 03 10 03 1e 03  ................
00002190: 2d 03 3c 03 4a 03 59 03 68 03 77 03 86 03 95 03  -.<.J.Y.h.w.....
000021a0: a4 03 b3 03 c3 03 d2 03 e1 03 f0 03 ff 03 00 00  ................
000021b0: 22 00 44 00 64 00 84 00 a1 00 be 00 d9 00 f3 00  ".D.d...........
000021c0: 0c 01 23 01 39 01 4e 01 62 01 74 01 86 01 96 01  ..#.9.N.b.t.....
000021d0: a5 01 b4 01 c1 01 ce 01 da 01 e6 01 f1 01 fc 01  ................
000021e0: 07 02 11 02 1c 02 26 02 30 02 3a 02 45 02 50 02  ......&.0.:.E.P.
000021f0: 5b 02 67 02 73 02 7f 02 8c 02 98 02 a6 02 b3 02  [.g.s...........
00002200: c0 02 ce 02 dc 02 ea 02 f7 02 06 03 14 03 22 03  ..............".
00002210: 30 03 3e 03 4c 03 5a 03 68 03 75 03 83 03 91 03  0.>.L.Z.h.u.....
00002220: 9f 03 ad 03 bb 03 c8 03 d6 03 e4 03 f2 03 ff 03  ................
00002230: 00 00 11 00 22 00 32 00 43 00 53 00 64 00 75 00  ....".2.C.S.d.u.
00002240: 86 00 97 00 a8 00 b9 00 cb 00 dc 00 ee 00 00 01  ................
00002250: 12 01 24 01 37 01 4a 01 5d 01 70 01 84 01 97 01  ..$.7.J.].p.....
00002260: ac 01 c0 01 d5 01 ea 01 ff 01 14 02 2a 02 3f 02  ............*.?.
00002270: 54 02 69 02 7e 02 92 02 a5 02 b8 02 cb 02 dd 02  T.i.~...........
00002280: ee 02 fe 02 0d 03 1b 03 28 03 33 03 3e 03 48 03  ........(.3.>.H.
00002290: 51 03 5a 03 62 03 6b 03 73 03 7b 03 84 03 8d 03  Q.Z.b.k.s.{.....
000022a0: 98 03 a3 03 ae 03 bb 03 c8 03 d5 03 e3 03 f1 03  ................
000022b0: ff 03 00 00 11 00 21 00 32 00 42 00 52 00 63 00  ......!.2.B.R.c.
000022c0: 73 00 84 00 95 00 a5 00 b6 00 c7 00 d8 00 e9 00  s...............
000022d0: fa 00 0c 01 1d 01 2f 01 41 01 52 01 65 01 77 01  ....../.A.R.e.w.
000022e0: 89 01 9c 01 af 01 c2 01 d5 01 e9 01 fc 01 10 02  ................
000022f0: 24 02 39 02 4e 02 63 02 78 02 8d 02 a3 02 b8 02  $.9.N.c.x.......
00002300: cd 02 e2 02 f5 02 07 03 18 03 28 03 35 03 41 03  ..........(.5.A.
00002310: 4c 03 55 03 5e 03 66 03 6e 03 76 03 7e 03 86 03  L.U.^.f.n.v.~...
00002320: 90 03 9a 03 a5 03 b0 03 bc 03 c9 03 d6 03 e4 03  ................
00002330: f2 03 ff 03 00 00 10 00 20 00 30 00 40 00 50 00  ........ .0.@.P.
00002340: 60 00 70 00 80 00 90 00 a0 00 b0 00 c0 00 d0 00  `.p.............
00002350: e0 00 f0 00 00 01 10 01 20 01 30 01 40 01 50 01  ........ .0.@.P.
00002360: 60 01 70 01 80 01 90 01 a0 01 b0 01 c0 01 d0 01  `.p.............
00002370: e0 01 f0 01 00 02 10 02 20 02 30 02 40 02 50 02  ........ .0.@.P.
00002380: 60 02 70 02 80 02 90 02 a0 02 b0 02 c0 02 d0 02  `.p.............
00002390: e0 02 f0 02 00 03 10 03 20 03 30 03 40 03 50 03  ........ .0.@.P.
000023a0: 60 03 70 03 80 03 90 03 a0 03 b0 03 c0 03 d0 03  `.p.............
000023b0: e0 03 f0 03 ff 03 00 00 03 00 0b 00 1d 00 40 00  ..............@.
000023c0: 00 00 00 00 00 00 00 00 00 00 00 00 00 00 00 00  ................
000023d0: 00 00 00 00 00 00 00 00 03 00 0c 00 1b 00 40 00  ..............@.
000023e0: 00 00 00 00 00 00 00 00 00 00 00 00 00 00 00 00  ................
000023f0: 00 00 00 00 00 00 00 00 03 00 0e 00 20 00 31 00  ............ .1.
00002400: 40 00 00 00 00 00 00 00 00 00 00 00 00 00 00 00  @...............
00002410: 00 00 00 00 00 00 00 00 19 00 2c 00 38 00 40 00  ..........,.8.@.
00002420: 00 00 00 00 00 00 00 00 00 00 00 00 00 00 00 00  ................
00002430: 00 00 00 00 00 00 00 00 23 00 2c 00 37 00 40 00  ........#.,.7.@.
00002440: 00 00 00 00 00 00 00 00 00 00 00 00 00 00 00 00  ................
00002450: 00 00 00 00 00 00 00 00 40 00 00 00 00 00 00 00  ........@.......
00002460: 00 00 00 00 00 00 00 00 00 00 00 00 00 00 00 00  ................
00002470: 00 00 00 00 00 00 01 00 40 00 80 00 00 01 08 00  ........@.......
00002480: 00 00 01 00 20 00 40 00 60 00 80 00 c0 00 00 00  .... .@.`.......
00002490: 28 00 4e 00 73 00 94 00 b2 00 cd 00 e4 00 f9 00  (.N.s...........
000024a0: 0c 01 1c 01 2b 01 38 01 45 01 51 01 5c 01 68 01  ....+.8.E.Q.\.h.
000024b0: 74 01 80 01 8c 01 98 01 a4 01 b1 01 bd 01 ca 01  t...............
000024c0: d7 01 e4 01 f1 01 fe 01 0b 02 18 02 26 02 33 02  ............&.3.
000024d0: 41 02 4e 02 5c 02 6a 02 77 02 85 02 93 02 a1 02  A.N.\.j.w.......
000024e0: af 02 be 02 cc 02 da 02 e9 02 f7 02 05 03 14 03  ................
000024f0: 22 03 31 03 40 03 4e 03 5d 03 6c 03 7a 03 89 03  ".1.@.N.].l.z...
00002500: 98 03 a7 03 b5 03 c4 03 d3 03 e2 03 f1 03 ff 03  ................
00002510: 00 00 25 00 48 00 69 00 87 00 a3 00 bc 00 d3 00  ..%.H.i.........
00002520: e8 00 fc 00 0e 01 1e 01 2d 01 3b 01 48 01 55 01  ........-.;.H.U.
00002530: 60 01 6c 01 77 01 81 01 8c 01 97 01 a2 01 ad 01  `.l.w...........
00002540: b9 01 c4 01 d0 01 dc 01 e8 01 f5 01 01 02 0e 02  ................
00002550: 1b 02 28 02 35 02 43 02 50 02 5e 02 6c 02 7a 02  ..(.5.C.P.^.l.z.
00002560: 89 02 97 02 a6 02 b5 02 c4 02 d3 02 e2 02 f1 02  ................
00002570: 00 03 10 03 1f 03 2f 03 3f 03 4f 03 5e 03 6e 03  ....../.?.O.^.n.
00002580: 7e 03 8e 03 9e 03 af 03 bf 03 cf 03 df 03 ef 03  ~...............
00002590: ff 03 00 00 19 00 31 00 4a 00 62 00 7b 00 94 00  ......1.J.b.{...
000025a0: ae 00 c7 00 e1 00 f9 00 12 01 29 01 3f 01 54 01  ..........).?.T.
000025b0: 67 01 79 01 8a 01 99 01 a7 01 b4 01 c1 01 cc 01  g.y.............
000025c0: d8 01 e3 01 ed 01 f8 01 03 02 0d 02 18 02 23 02  ..............#.
000025d0: 2e 02 39 02 45 02 50 02 5c 02 68 02 74 02 80 02  ..9.E.P.\.h.t...
000025e0: 8c 02 99 02 a6 02 b3 02 c0 02 cd 02 db 02 e9 02  ................
000025f0: f7 02 06 03 14 03 23 03 32 03 41 03 51 03 60 03  ......#.2.A.Q.`.
00002600: 70 03 80 03 8f 03 9f 03 af 03 bf 03 cf 03 df 03  p...............
00002610: ef 03 ff 03 00 00 11 00 22 00 32 00 43 00 53 00  ........".2.C.S.
00002620: 64 00 75 00 86 00 97 00 a8 00 b9 00 ca 00 dc 00  d.u.............
00002630: ee 00 ff 00 11 01 24 01 36 01 49 01 5c 01 6f 01  ......$.6.I.\.o.
00002640: 82 01 96 01 aa 01 be 01 d2 01 e7 01 fd 01 12 02  ................
00002650: 28 02 3e 02 55 02 6b 02 82 02 98 02 ae 02 c3 02  (.>.U.k.........
00002660: d7 02 eb 02 fe 02 0f 03 20 03 2f 03 3c 03 48 03  ........ ./.<.H.
00002670: 54 03 5e 03 68 03 71 03 79 03 81 03 89 03 91 03  T.^.h.q.y.......
00002680: 99 03 a1 03 a9 03 b2 03 bc 03 c6 03 d1 03 dc 03  ................
00002690: e8 03 f3 03 ff 03 00 00 11 00 21 00 31 00 41 00  ..........!.1.A.
000026a0: 51 00 61 00 71 00 81 00 92 00 a2 00 b2 00 c3 00  Q.a.q...........
000026b0: d3 00 e4 00 f5 00 05 01 16 01 27 01 38 01 4a 01  ..........'.8.J.
000026c0: 5b 01 6d 01 7e 01 90 01 a2 01 b4 01 c6 01 d9 01  [.m.~...........
000026d0: ec 01 fe 01 11 02 25 02 38 02 4c 02 5f 02 73 02  ......%.8.L._.s.
000026e0: 87 02 9a 02 ae 02 c1 02 d3 02 e5 02 f7 02 08 03  ................
000026f0: 18 03 27 03 36 03 44 03 52 03 5f 03 6c 03 78 03  ..'.6.D.R._.l.x.
00002700: 84 03 8f 03 9b 03 a6 03 b1 03 bc 03 c8 03 d3 03  ................
00002710: de 03 e9 03 f4 03 ff 03 00 00 10 00 20 00 30 00  ............ .0.
00002720: 40 00 50 00 60 00 70 00 80 00 90 00 a0 00 b0 00  @.P.`.p.........
00002730: c0 00 d0 00 e0 00 f0 00 00 01 10 01 20 01 30 01  ............ .0.
00002740: 40 01 50 01 60 01 70 01 80 01 90 01 a0 01 b0 01  @.P.`.p.........
00002750: c0 01 d0 01 e0 01 f0 01 00 02 10 02 20 02 30 02  ............ .0.
00002760: 40 02 50 02 60 02 70 02 80 02 90 02 a0 02 b0 02  @.P.`.p.........
00002770: c0 02 d0 02 e0 02 f0 02 00 03 10 03 20 03 30 03  ............ .0.
00002780: 40 03 50 03 60 03 70 03 80 03 90 03 a0 03 b0 03  @.P.`.p.........
00002790: c0 03 d0 03 e0 03 f0 03 ff 03 00 00 04 00 0f 00  ................
000027a0: 40 00 00 00 00 00 00 00 00 00 00 00 00 00 00 00  @...............
000027b0: 00 00 00 00 00 00 00 00 00 00 00 00 02 00 08 00  ................
000027c0: 14 00 21 00 40 00 00 00 00 00 00 00 00 00 00 00  ..!.@...........
000027d0: 00 00 00 00 00 00 00 00 00 00 00 00 06 00 0e 00  ................
000027e0: 1a 00 2b 00 40 00 00 00 00 00 00 00 00 00 00 00  ..+.@...........
000027f0: 00 00 00 00 00 00 00 00 00 00 00 00 1e 00 2a 00  ..............*.
00002800: 3a 00 40 00 00 00 00 00 00 00 00 00 00 00 00 00  :.@.............
00002810: 00 00 00 00 00 00 00 00 00 00 00 00 21 00 2c 00  ............!.,.
00002820: 3b 00 40 00 00 00 00 00 00 00 00 00 00 00 00 00  ;.@.............
00002830: 00 00 00 00 00 00 00 00 00 00 00 00 40 00 00 00  ............@...
00002840: 00 00 00 00 00 00 00 00 00 00 00 00 00 00 00 00  ................
00002850: 00 00 00 00 00 00 00 00 00 00 01 00 40 00 80 00  ............@...
00002860: 00 01 08 00 00 00 01 00 20 00 40 00 60 00 80 00  ........ .@.`...
00002870: c0 00 00 00 20 00 3e 00 5c 00 7a 00 96 00 b1 00  .... .>.\.z.....
00002880: ca 00 e2 00 f8 00 0c 01 1e 01 2f 01 3e 01 4c 01  ........../.>.L.
00002890: 59 01 65 01 71 01 7d 01 88 01 94 01 9f 01 ab 01  Y.e.q.}.........
000028a0: b7 01 c4 01 d0 01 dd 01 e9 01 f6 01 03 02 10 02  ................
000028b0: 1d 02 2b 02 38 02 46 02 53 02 61 02 6f 02 7d 02  ..+.8.F.S.a.o.}.
000028c0: 8b 02 99 02 a7 02 b6 02 c4 02 d3 02 e1 02 f0 02  ................
000028d0: ff 02 0d 03 1c 03 2b 03 3a 03 49 03 58 03 67 03  ......+.:.I.X.g.
000028e0: 76 03 85 03 95 03 a4 03 b3 03 c2 03 d2 03 e1 03  v...............
000028f0: f0 03 ff 03 00 00 1b 00 35 00 4f 00 68 00 81 00  ........5.O.h...
00002900: 9a 00 b2 00 c9 00 e0 00 f5 00 0b 01 1f 01 33 01  ..............3.
00002910: 45 01 57 01 68 01 78 01 87 01 95 01 a3 01 b0 01  E.W.h.x.........
00002920: bc 01 c8 01 d4 01 e0 01 ec 01 f8 01 04 02 10 02  ................
00002930: 1d 02 2a 02 36 02 43 02 50 02 5d 02 6b 02 78 02  ..*.6.C.P.].k.x.
00002940: 85 02 93 02 a1 02 af 02 bd 02 cb 02 d9 02 e7 02  ................
00002950: f5 02 04 03 12 03 21 03 2f 03 3e 03 4c 03 5b 03  ......!./.>.L.[.
00002960: 6a 03 79 03 88 03 97 03 a6 03 b4 03 c3 03 d2 03  j.y.............
00002970: e1 03 f0 03 ff 03 00 00 16 00 2b 00 41 00 58 00  ..........+.A.X.
00002980: 70 00 89 00 a2 00 bc 00 d4 00 ec 00 03 01 19 01  p...............
00002990: 2f 01 43 01 56 01 68 01 79 01 89 01 98 01 a7 01  /.C.V.h.y.......
000029a0: b4 01 c1 01 ce 01 da 01 e6 01 f1 01 fd 01 08 02  ................
000029b0: 14 02 20 02 2c 02 38 02 44 02 51 02 5e 02 6a 02  .. .,.8.D.Q.^.j.
000029c0: 77 02 85 02 92 02 a0 02 ad 02 bb 02 c9 02 d7 02  w...............
000029d0: e5 02 f3 02 02 03 10 03 1e 03 2d 03 3c 03 4b 03  ..........-.<.K.
000029e0: 59 03 68 03 77 03 86 03 95 03 a4 03 b4 03 c3 03  Y.h.w...........
000029f0: d2 03 e1 03 f0 03 ff 03 00 00 11 00 21 00 32 00  ............!.2.
00002a00: 42 00 53 00 63 00 74 00 84 00 95 00 a6 00 b7 00  B.S.c.t.........
00002a10: c8 00 d9 00 ea 00 fc 00 0d 01 1f 01 31 01 43 01  ............1.C.
00002a20: 55 01 68 01 7b 01 8d 01 a1 01 b4 01 c8 01 dc 01  U.h.{...........
00002a30: f0 01 04 02 18 02 2c 02 40 02 53 02 67 02 7a 02  ......,.@.S.g.z.
00002a40: 8d 02 9f 02 b1 02 c3 02 d4 02 e4 02 f3 02 02 03  ................
00002a50: 10 03 1e 03 2b 03 38 03 44 03 50 03 5c 03 68 03  ....+.8.D.P.\.h.
00002a60: 73 03 7e 03 89 03 95 03 a0 03 ac 03 b7 03 c3 03  s.~.............
00002a70: cf 03 db 03 e7 03 f3 03 ff 03 00 00 12 00 23 00  ..............#.
00002a80: 34 00 45 00 56 00 67 00 79 00 8a 00 9b 00 ad 00  4.E.V.g.y.......
00002a90: be 00 d0 00 e2 00 f3 00 05 01 17 01 2a 01 3c 01  ............*.<.
00002aa0: 4e 01 61 01 74 01 87 01 9a 01 ad 01 c0 01 d4 01  N.a.t...........
00002ab0: e8 01 fc 01 10 02 25 02 39 02 4d 02 61 02 75 02  ......%.9.M.a.u.
00002ac0: 89 02 9b 02 ae 02 bf 02 d0 02 e0 02 ee 02 fc 02  ................
00002ad0: 0a 03 17 03 23 03 2f 03 3a 03 45 03 50 03 5b 03  ....#./.:.E.P.[.
00002ae0: 66 03 71 03 7c 03 87 03 92 03 9e 03 aa 03 b6 03  f.q.|...........
00002af0: c2 03 ce 03 da 03 e7 03 f3 03 ff 03 00 00 10 00  ................
00002b00: 20 00 30 00 40 00 50 00 60 00 70 00 80 00 90 00   .0.@.P.`.p.....
00002b10: a0 00 b0 00 c0 00 d0 00 e0 00 f0 00 00 01 10 01  ................
00002b20: 20 01 30 01 40 01 50 01 60 01 70 01 80 01 90 01   .0.@.P.`.p.....
00002b30: a0 01 b0 01 c0 01 d0 01 e0 01 f0 01 00 02 10 02  ................
00002b40: 20 02 30 02 40 02 50 02 60 02 70 02 80 02 90 02   .0.@.P.`.p.....
00002b50: a0 02 b0 02 c0 02 d0 02 e0 02 f0 02 00 03 10 03  ................
00002b60: 20 03 30 03 40 03 50 03 60 03 70 03 80 03 90 03   .0.@.P.`.p.....
00002b70: a0 03 b0 03 c0 03 d0 03 e0 03 f0 03 ff 03 00 00  ................
00002b80: 03 00 09 00 13 00 40 00 00 00 00 00 00 00 00 00  ......@.........
00002b90: 00 00 00 00 00 00 00 00 00 00 00 00 00 00 00 00  ................
00002ba0: 04 00 11 00 1a 00 40 00 00 00 00 00 00 00 00 00  ......@.........
00002bb0: 00 00 00 00 00 00 00 00 00 00 00 00 00 00 00 00  ................
00002bc0: 04 00 09 00 10 00 1d 00 40 00 00 00 00 00 00 00  ........@.......
00002bd0: 00 00 00 00 00 00 00 00 00 00 00 00 00 00 00 00  ................
00002be0: 19 00 29 00 39 00 40 00 00 00 00 00 00 00 00 00  ..).9.@.........
00002bf0: 00 00 00 00 00 00 00 00 00 00 00 00 00 00 00 00  ................
00002c00: 1c 00 27 00 35 00 40 00 00 00 00 00 00 00 00 00  ..'.5.@.........
00002c10: 00 00 00 00 00 00 00 00 00 00 00 00 00 00 00 00  ................
00002c20: 40 00 00 00 00 00 00 00 00 00 00 00 00 00 00 00  @...............
00002c30: 00 00 00 00 00 00 00 00 00 00 00 00 00 00 01 00  ................
00002c40: 40 00 80 00 00 01 08 00 00 00 01 00 00 00 00 00  @...............
00002c50: 00 00 60 00 c0 00 00 00 10 00 20 00 30 00 40 00  ..`....... .0.@.
00002c60: 50 00 60 00 70 00 80 00 90 00 a0 00 b0 00 c0 00  P.`.p...........
00002c70: d0 00 e0 00 f0 00 00 01 10 01 20 01 30 01 40 01  .......... .0.@.
00002c80: 50 01 60 01 70 01 80 01 90 01 a0 01 b0 01 c0 01  P.`.p...........
00002c90: d0 01 e0 01 f0 01 00 02 10 02 20 02 30 02 40 02  .......... .0.@.
00002ca0: 50 02 60 02 70 02 80 02 90 02 a0 02 b0 02 c0 02  P.`.p...........
00002cb0: d0 02 e0 02 f0 02 00 03 10 03 20 03 30 03 40 03  .......... .0.@.
00002cc0: 50 03 60 03 70 03 80 03 90 03 a0 03 b0 03 c0 03  P.`.p...........
00002cd0: d0 03 e0 03 f0 03 ff 03 00 00 10 00 20 00 30 00  ............ .0.
00002ce0: 40 00 50 00 60 00 70 00 80 00 90 00 a0 00 b0 00  @.P.`.p.........
00002cf0: c0 00 d0 00 e0 00 f0 00 00 01 10 01 20 01 30 01  ............ .0.
00002d00: 40 01 50 01 60 01 70 01 80 01 90 01 a0 01 b0 01  @.P.`.p.........
00002d10: c0 01 d0 01 e0 01 f0 01 00 02 10 02 20 02 30 02  ............ .0.
00002d20: 40 02 50 02 60 02 70 02 80 02 90 02 a0 02 b0 02  @.P.`.p.........
00002d30: c0 02 d0 02 e0 02 f0 02 00 03 10 03 20 03 30 03  ............ .0.
00002d40: 40 03 50 03 60 03 70 03 80 03 90 03 a0 03 b0 03  @.P.`.p.........
00002d50: c0 03 d0 03 e0 03 f0 03 ff 03 00 00 10 00 20 00  .............. .
00002d60: 30 00 40 00 50 00 60 00 70 00 80 00 90 00 a0 00  0.@.P.`.p.......
00002d70: b0 00 c0 00 d0 00 e0 00 f0 00 00 01 10 01 20 01  .............. .
00002d80: 30 01 40 01 50 01 60 01 70 01 80 01 90 01 a0 01  0.@.P.`.p.......
00002d90: b0 01 c0 01 d0 01 e0 01 f0 01 00 02 10 02 20 02  .............. .
00002da0: 30 02 40 02 50 02 60 02 70 02 80 02 90 02 a0 02  0.@.P.`.p.......
00002db0: b0 02 c0 02 d0 02 e0 02 f0 02 00 03 10 03 20 03  .............. .
00002dc0: 30 03 40 03 50 03 60 03 70 03 80 03 90 03 a0 03  0.@.P.`.p.......
00002dd0: b0 03 c0 03 d0 03 e0 03 f0 03 ff 03 00 00 20 00  .............. .
00002de0: 3e 00 5c 00 79 00 95 00 ae 00 c5 00 da 00 ec 00  >.\.y...........
00002df0: fc 00 0b 01 19 01 25 01 31 01 3d 01 49 01 55 01  ......%.1.=.I.U.
00002e00: 61 01 6e 01 7a 01 87 01 94 01 a1 01 ae 01 bb 01  a.n.z...........
00002e10: c8 01 d6 01 e3 01 f1 01 ff 01 0d 02 1b 02 29 02  ..............).
00002e20: 37 02 45 02 54 02 62 02 71 02 7f 02 8e 02 9d 02  7.E.T.b.q.......
00002e30: ac 02 bb 02 ca 02 d9 02 e8 02 f7 02 07 03 16 03  ................
00002e40: 25 03 35 03 44 03 54 03 63 03 73 03 82 03 92 03  %.5.D.T.c.s.....
00002e50: a1 03 b1 03 c1 03 d0 03 e0 03 f0 03 ff 03 00 00  ................
00002e60: 17 00 2d 00 43 00 59 00 6f 00 84 00 9a 00 af 00  ..-.C.Y.o.......
00002e70: c3 00 d7 00 eb 00 fe 00 11 01 24 01 36 01 47 01  ..........$.6.G.
00002e80: 59 01 6a 01 7b 01 8b 01 9b 01 ab 01 ba 01 ca 01  Y.j.{...........
00002e90: d9 01 e8 01 f7 01 06 02 14 02 22 02 31 02 3f 02  ..........".1.?.
00002ea0: 4d 02 5b 02 69 02 77 02 84 02 92 02 a0 02 ad 02  M.[.i.w.........
00002eb0: bb 02 c9 02 d6 02 e4 02 f2 02 00 03 0e 03 1c 03  ................
00002ec0: 2a 03 38 03 46 03 54 03 62 03 70 03 7e 03 8d 03  *.8.F.T.b.p.~...
00002ed0: 9b 03 a9 03 b8 03 c6 03 d4 03 e3 03 f1 03 ff 03  ................
00002ee0: 00 00 10 00 20 00 30 00 40 00 50 00 60 00 70 00  .... .0.@.P.`.p.
00002ef0: 80 00 90 00 a0 00 b0 00 c0 00 d0 00 e0 00 f0 00  ................
00002f00: 00 01 10 01 20 01 30 01 40 01 50 01 60 01 70 01  .... .0.@.P.`.p.
00002f10: 80 01 90 01 a0 01 b0 01 c0 01 d0 01 e0 01 f0 01  ................
00002f20: 00 02 10 02 20 02 30 02 40 02 50 02 60 02 70 02  .... .0.@.P.`.p.
00002f30: 80 02 90 02 a0 02 b0 02 c0 02 d0 02 e0 02 f0 02  ................
00002f40: 00 03 10 03 20 03 30 03 40 03 50 03 60 03 70 03  .... .0.@.P.`.p.
00002f50: 80 03 90 03 a0 03 b0 03 c0 03 d0 03 e0 03 f0 03  ................
00002f60: ff 03 00 00 40 00 00 00 00 00 00 00 00 00 00 00  ....@...........
00002f70: 00 00 00 00 00 00 00 00 00 00 00 00 00 00 00 00  ................
00002f80: 00 00 00 00 40 00 00 00 00 00 00 00 00 00 00 00  ....@...........
00002f90: 00 00 00 00 00 00 00 00 00 00 00 00 00 00 00 00  ................
00002fa0: 00 00 00 00 40 00 00 00 00 00 00 00 00 00 00 00  ....@...........
00002fb0: 00 00 00 00 00 00 00 00 00 00 00 00 00 00 00 00  ................
00002fc0: 00 00 00 00 03 00 06 00 0f 00 40 00 00 00 00 00  ..........@.....
00002fd0: 00 00 00 00 00 00 00 00 00 00 00 00 00 00 00 00  ................
00002fe0: 00 00 00 00 0a 00 1a 00 2e 00 40 00 00 00 00 00  ..........@.....
00002ff0: 00 00 00 00 00 00 00 00 00 00 00 00 00 00 00 00  ................
00003000: 00 00 00 00 40 00 00 00 00 00 00 00 00 00 00 00  ....@...........
00003010: 00 00 00 00 00 00 00 00 00 00 00 00 00 00 00 00  ................
00003020: 00 00 01 00 40 00 80 00 00 01 08 00 00 00 01 00  ....@...........
00003030: 00 00 00 00 00 00 60 00 c0 00 00 00 10 00 20 00  ......`....... .
00003040: 30 00 40 00 50 00 60 00 70 00 80 00 90 00 a0 00  0.@.P.`.p.......
00003050: b0 00 c0 00 d0 00 e0 00 f0 00 00 01 10 01 20 01  .............. .
00003060: 30 01 40 01 50 01 60 01 70 01 80 01 90 01 a0 01  0.@.P.`.p.......
00003070: b0 01 c0 01 d0 01 e0 01 f0 01 00 02 10 02 20 02  .............. .
00003080: 30 02 40 02 50 02 60 02 70 02 80 02 90 02 a0 02  0.@.P.`.p.......
00003090: b0 02 c0 02 d0 02 e0 02 f0 02 00 03 10 03 20 03  .............. .
000030a0: 30 03 40 03 50 03 60 03 70 03 80 03 90 03 a0 03  0.@.P.`.p.......
000030b0: b0 03 c0 03 d0 03 e0 03 f0 03 ff 03 00 00 10 00  ................
000030c0: 20 00 30 00 40 00 50 00 60 00 70 00 80 00 90 00   .0.@.P.`.p.....
000030d0: a0 00 b0 00 c0 00 d0 00 e0 00 f0 00 00 01 10 01  ................
000030e0: 20 01 30 01 40 01 50 01 60 01 70 01 80 01 90 01   .0.@.P.`.p.....
000030f0: a0 01 b0 01 c0 01 d0 01 e0 01 f0 01 00 02 10 02  ................
00003100: 20 02 30 02 40 02 50 02 60 02 70 02 80 02 90 02   .0.@.P.`.p.....
00003110: a0 02 b0 02 c0 02 d0 02 e0 02 f0 02 00 03 10 03  ................
00003120: 20 03 30 03 40 03 50 03 60 03 70 03 80 03 90 03   .0.@.P.`.p.....
00003130: a0 03 b0 03 c0 03 d0 03 e0 03 f0 03 ff 03 00 00  ................
00003140: 10 00 20 00 30 00 40 00 50 00 60 00 70 00 80 00  .. .0.@.P.`.p...
00003150: 90 00 a0 00 b0 00 c0 00 d0 00 e0 00 f0 00 00 01  ................
00003160: 10 01 20 01 30 01 40 01 50 01 60 01 70 01 80 01  .. .0.@.P.`.p...
00003170: 90 01 a0 01 b0 01 c0 01 d0 01 e0 01 f0 01 00 02  ................
00003180: 10 02 20 02 30 02 40 02 50 02 60 02 70 02 80 02  .. .0.@.P.`.p...
00003190: 90 02 a0 02 b0 02 c0 02 d0 02 e0 02 f0 02 00 03  ................
000031a0: 10 03 20 03 30 03 40 03 50 03 60 03 70 03 80 03  .. .0.@.P.`.p...
000031b0: 90 03 a0 03 b0 03 c0 03 d0 03 e0 03 f0 03 ff 03  ................
000031c0: 00 00 28 00 4c 00 6c 00 86 00 9a 00 aa 00 b8 00  ..(.L.l.........
000031d0: c6 00 d4 00 e2 00 ef 00 fd 00 0b 01 18 01 26 01  ..............&.
000031e0: 34 01 42 01 50 01 5e 01 6c 01 7a 01 88 01 96 01  4.B.P.^.l.z.....
000031f0: a4 01 b3 01 c1 01 d0 01 de 01 ed 01 fb 01 0a 02  ................
00003200: 19 02 27 02 36 02 45 02 54 02 63 02 72 02 81 02  ..'.6.E.T.c.r...
00003210: 90 02 9f 02 ae 02 bd 02 cc 02 dc 02 eb 02 fa 02  ................
00003220: 09 03 19 03 28 03 37 03 46 03 56 03 65 03 75 03  ....(.7.F.V.e.u.
00003230: 84 03 93 03 a3 03 b2 03 c2 03 d1 03 e1 03 f0 03  ................
00003240: ff 03 00 00 12 00 23 00 34 00 46 00 57 00 68 00  ......#.4.F.W.h.
00003250: 7a 00 8b 00 9d 00 ae 00 c0 00 d2 00 e3 00 f5 00  z...............
00003260: 07 01 19 01 2b 01 3e 01 50 01 62 01 75 01 88 01  ....+.>.P.b.u...
00003270: 9b 01 ae 01 c1 01 d4 01 e7 01 fb 01 0e 02 22 02  ..............".
00003280: 35 02 47 02 59 02 6b 02 7c 02 8c 02 9b 02 a9 02  5.G.Y.k.|.......
00003290: b7 02 c4 02 d1 02 dd 02 e9 02 f4 02 00 03 0c 03  ................
000032a0: 18 03 24 03 30 03 3d 03 4a 03 57 03 64 03 72 03  ..$.0.=.J.W.d.r.
000032b0: 80 03 8d 03 9b 03 aa 03 b8 03 c6 03 d4 03 e3 03  ................
000032c0: f1 03 ff 03 00 00 10 00 20 00 30 00 40 00 50 00  ........ .0.@.P.
000032d0: 60 00 70 00 80 00 90 00 a0 00 b0 00 c0 00 d0 00  `.p.............
000032e0: e0 00 f0 00 00 01 10 01 20 01 30 01 40 01 50 01  ........ .0.@.P.
000032f0: 60 01 70 01 80 01 90 01 a0 01 b0 01 c0 01 d0 01  `.p.............
00003300: e0 01 f0 01 00 02 10 02 20 02 30 02 40 02 50 02  ........ .0.@.P.
00003310: 60 02 70 02 80 02 90 02 a0 02 b0 02 c0 02 d0 02  `.p.............
00003320: e0 02 f0 02 00 03 10 03 20 03 30 03 40 03 50 03  ........ .0.@.P.
00003330: 60 03 70 03 80 03 90 03 a0 03 b0 03 c0 03 d0 03  `.p.............
00003340: e0 03 f0 03 ff 03 00 00 40 00 00 00 00 00 00 00  ........@.......
00003350: 00 00 00 00 00 00 00 00 00 00 00 00 00 00 00 00  ................
00003360: 00 00 00 00 00 00 00 00 40 00 00 00 00 00 00 00  ........@.......
00003370: 00 00 00 00 00 00 00 00 00 00 00 00 00 00 00 00  ................
00003380: 00 00 00 00 00 00 00 00 40 00 00 00 00 00 00 00  ........@.......
00003390: 00 00 00 00 00 00 00 00 00 00 00 00 00 00 00 00  ................
000033a0: 00 00 00 00 00 00 00 00 03 00 07 00 0e 00 40 00  ..............@.
000033b0: 00 00 00 00 00 00 00 00 00 00 00 00 00 00 00 00  ................
000033c0: 00 00 00 00 00 00 00 00 1a 00 24 00 2f 00 40 00  ..........$./.@.
000033d0: 00 00 00 00 00 00 00 00 00 00 00 00 00 00 00 00  ................
000033e0: 00 00 00 00 00 00 00 00 40 00 00 00 00 00 00 00  ........@.......
000033f0: 00 00 00 00 00 00 00 00 00 00 00 00 00 00 00 00  ................
00003400: 00 00 00 00 00 00 00 00 40 00 80 00 00 01 08 00  ........@.......
00003410: 00 00 01 00 20 00 40 00 80 00 c4 00 ff 00 00 00  .... .@.........
00003420: 2e 00 58 00 7c 00 9a 00 b4 00 cb 00 e0 00 f2 00  ..X.|...........
00003430: 02 01 11 01 1e 01 2a 01 36 01 41 01 4c 01 57 01  ......*.6.A.L.W.
00003440: 63 01 6e 01 7a 01 86 01 92 01 9e 01 ab 01 b7 01  c.n.z...........
00003450: c4 01 d1 01 de 01 eb 01 f8 01 05 02 13 02 21 02  ..............!.
00003460: 2e 02 3c 02 4a 02 58 02 66 02 75 02 83 02 92 02  ..<.J.X.f.u.....
00003470: a0 02 af 02 be 02 cc 02 db 02 ea 02 f9 02 08 03  ................
00003480: 17 03 27 03 36 03 45 03 55 03 64 03 73 03 83 03  ..'.6.E.U.d.s...
00003490: 92 03 a2 03 b2 03 c1 03 d1 03 e0 03 f0 03 ff 03  ................
000034a0: 00 00 17 00 2d 00 44 00 5c 00 76 00 91 00 ac 00  ....-.D.\.v.....
000034b0: c8 00 e2 00 fd 00 15 01 2c 01 41 01 54 01 64 01  ........,.A.T.d.
000034c0: 74 01 81 01 8e 01 9a 01 a6 01 b1 01 bc 01 c7 01  t...............
000034d0: d3 01 de 01 ea 01 f6 01 02 02 0e 02 1b 02 27 02  ..............'.
000034e0: 34 02 41 02 4e 02 5b 02 69 02 76 02 84 02 91 02  4.A.N.[.i.v.....
000034f0: 9f 02 ad 02 bb 02 c9 02 d7 02 e5 02 f4 02 02 03  ................
00003500: 11 03 1f 03 2e 03 3d 03 4b 03 5a 03 69 03 78 03  ......=.K.Z.i.x.
00003510: 87 03 96 03 a5 03 b4 03 c3 03 d2 03 e1 03 f0 03  ................
00003520: ff 03 00 00 11 00 22 00 33 00 45 00 56 00 68 00  ......".3.E.V.h.
00003530: 7a 00 8d 00 a0 00 b4 00 c9 00 df 00 f5 00 0c 01  z...............
00003540: 24 01 3d 01 57 01 70 01 8a 01 a2 01 bb 01 d2 01  $.=.W.p.........
00003550: e8 01 fd 01 10 02 22 02 32 02 42 02 50 02 5e 02  ......".2.B.P.^.
00003560: 6a 02 76 02 82 02 8d 02 97 02 a1 02 ab 02 b5 02  j.v.............
00003570: bf 02 c9 02 d4 02 de 02 e9 02 f5 02 00 03 0c 03  ................
00003580: 18 03 25 03 31 03 3e 03 4b 03 58 03 65 03 73 03  ..%.1.>.K.X.e.s.
00003590: 81 03 8e 03 9c 03 aa 03 b8 03 c6 03 d5 03 e3 03  ................
000035a0: f1 03 ff 03 00 00 0c 00 17 00 23 00 2e 00 3a 00  ..........#...:.
000035b0: 46 00 52 00 5e 00 6a 00 77 00 84 00 91 00 9e 00  F.R.^.j.w.......
000035c0: ac 00 bb 00 c9 00 d8 00 e8 00 f8 00 09 01 1a 01  ................
000035d0: 2b 01 3e 01 51 01 64 01 78 01 8d 01 a3 01 b9 01  +.>.Q.d.x.......
000035e0: cf 01 e5 01 fc 01 13 02 2a 02 41 02 58 02 6f 02  ........*.A.X.o.
000035f0: 85 02 9b 02 b1 02 c6 02 db 02 ef 02 03 03 16 03  ................
00003600: 28 03 39 03 49 03 58 03 67 03 75 03 82 03 8f 03  (.9.I.X.g.u.....
00003610: 9b 03 a6 03 b1 03 bc 03 c6 03 d0 03 da 03 e4 03  ................
00003620: ed 03 f6 03 ff 03 00 00 10 00 20 00 30 00 3f 00  .......... .0.?.
00003630: 4f 00 5f 00 6f 00 7e 00 8e 00 9e 00 ae 00 be 00  O._.o.~.........
00003640: ce 00 de 00 ee 00 ff 00 0f 01 1f 01 30 01 40 01  ............0.@.
00003650: 51 01 61 01 72 01 83 01 94 01 a5 01 b6 01 c8 01  Q.a.r...........
00003660: d9 01 eb 01 fc 01 0e 02 20 02 32 02 44 02 57 02  ........ .2.D.W.
00003670: 69 02 7c 02 8f 02 a2 02 b5 02 c8 02 da 02 ed 02  i.|.............
00003680: 00 03 12 03 24 03 36 03 47 03 58 03 68 03 78 03  ....$.6.G.X.h.x.
00003690: 87 03 95 03 a3 03 b0 03 bb 03 c7 03 d1 03 db 03  ................
000036a0: e5 03 ee 03 f7 03 ff 03 00 00 10 00 20 00 30 00  ............ .0.
000036b0: 40 00 50 00 60 00 70 00 80 00 90 00 a0 00 b0 00  @.P.`.p.........
000036c0: c0 00 d0 00 e0 00 f0 00 00 01 10 01 20 01 30 01  ............ .0.
000036d0: 40 01 50 01 60 01 70 01 80 01 90 01 a0 01 b0 01  @.P.`.p.........
000036e0: c0 01 d0 01 e0 01 f0 01 00 02 10 02 20 02 30 02  ............ .0.
000036f0: 40 02 50 02 60 02 70 02 80 02 90 02 a0 02 b0 02  @.P.`.p.........
00003700: c0 02 d0 02 e0 02 f0 02 00 03 10 03 20 03 30 03  ............ .0.
00003710: 40 03 50 03 60 03 70 03 80 03 90 03 a0 03 b0 03  @.P.`.p.........
00003720: c0 03 d0 03 e0 03 f0 03 ff 03 00 00 02 00 05 00  ................
00003730: 0f 00 40 00 00 00 00 00 00 00 00 00 00 00 00 00  ..@.............
00003740: 00 00 00 00 00 00 00 00 00 00 00 00 04 00 0c 00  ................
00003750: 16 00 40 00 00 00 00 00 00 00 00 00 00 00 00 00  ..@.............
00003760: 00 00 00 00 00 00 00 00 00 00 00 00 0e 00 17 00  ................
00003770: 29 00 40 00 00 00 00 00 00 00 00 00 00 00 00 00  ).@.............
00003780: 00 00 00 00 00 00 00 00 00 00 00 00 19 00 2e 00  ................
00003790: 40 00 00 00 00 00 00 00 00 00 00 00 00 00 00 00  @...............
000037a0: 00 00 00 00 00 00 00 00 00 00 00 00 26 00 38 00  ............&.8.
000037b0: 40 00 00 00 00 00 00 00 00 00 00 00 00 00 00 00  @...............
000037c0: 00 00 00 00 00 00 00 00 00 00 00 00 40 00 00 00  ............@...
000037d0: 00 00 00 00 00 00 00 00 00 00 00 00 00 00 00 00  ................
000037e0: 00 00 00 00 00 00 00 00 00 00 01 00 40 00 80 00  ............@...
000037f0: 00 01 08 00 00 00 01 00 20 00 40 00 80 00 c4 00  ........ .@.....
00003800: ff 00 00 00 2e 00 58 00 7c 00 9a 00 b4 00 cb 00  ......X.|.......
00003810: e0 00 f2 00 02 01 11 01 1e 01 2a 01 36 01 41 01  ..........*.6.A.
00003820: 4c 01 57 01 63 01 6e 01 7a 01 86 01 92 01 9e 01  L.W.c.n.z.......
00003830: ab 01 b7 01 c4 01 d1 01 de 01 eb 01 f8 01 05 02  ................
00003840: 13 02 21 02 2e 02 3c 02 4a 02 58 02 66 02 75 02  ..!...<.J.X.f.u.
00003850: 83 02 92 02 a0 02 af 02 be 02 cc 02 db 02 ea 02  ................
00003860: f9 02 08 03 17 03 27 03 36 03 45 03 55 03 64 03  ......'.6.E.U.d.
00003870: 73 03 83 03 92 03 a2 03 b2 03 c1 03 d1 03 e0 03  s...............
00003880: f0 03 ff 03 00 00 17 00 2d 00 44 00 5c 00 76 00  ........-.D.\.v.
00003890: 91 00 ac 00 c8 00 e2 00 fd 00 15 01 2c 01 41 01  ............,.A.
000038a0: 54 01 64 01 74 01 81 01 8e 01 9a 01 a6 01 b1 01  T.d.t...........
000038b0: bc 01 c7 01 d3 01 de 01 ea 01 f6 01 02 02 0e 02  ................
000038c0: 1b 02 27 02 34 02 41 02 4e 02 5b 02 69 02 76 02  ..'.4.A.N.[.i.v.
000038d0: 84 02 91 02 9f 02 ad 02 bb 02 c9 02 d7 02 e5 02  ................
000038e0: f4 02 02 03 11 03 1f 03 2e 03 3d 03 4b 03 5a 03  ..........=.K.Z.
000038f0: 69 03 78 03 87 03 96 03 a5 03 b4 03 c3 03 d2 03  i.x.............
00003900: e1 03 f0 03 ff 03 00 00 11 00 22 00 33 00 45 00  ..........".3.E.
00003910: 56 00 68 00 7a 00 8d 00 a0 00 b4 00 c9 00 df 00  V.h.z...........
00003920: f5 00 0c 01 24 01 3d 01 57 01 70 01 8a 01 a2 01  ....$.=.W.p.....
00003930: bb 01 d2 01 e8 01 fd 01 10 02 22 02 32 02 42 02  ..........".2.B.
00003940: 50 02 5e 02 6a 02 76 02 82 02 8d 02 97 02 a1 02  P.^.j.v.........
00003950: ab 02 b5 02 bf 02 c9 02 d4 02 de 02 e9 02 f5 02  ................
00003960: 00 03 0c 03 18 03 25 03 31 03 3e 03 4b 03 58 03  ......%.1.>.K.X.
00003970: 65 03 73 03 81 03 8e 03 9c 03 aa 03 b8 03 c6 03  e.s.............
00003980: d5 03 e3 03 f1 03 ff 03 00 00 0c 00 17 00 23 00  ..............#.
00003990: 2e 00 3a 00 46 00 52 00 5e 00 6a 00 77 00 84 00  ..:.F.R.^.j.w...
000039a0: 91 00 9e 00 ac 00 bb 00 c9 00 d8 00 e8 00 f8 00  ................
000039b0: 09 01 1a 01 2b 01 3e 01 51 01 64 01 78 01 8d 01  ....+.>.Q.d.x...
000039c0: a3 01 b9 01 cf 01 e5 01 fc 01 13 02 2a 02 41 02  ............*.A.
000039d0: 58 02 6f 02 85 02 9b 02 b1 02 c6 02 db 02 ef 02  X.o.............
000039e0: 03 03 16 03 28 03 39 03 49 03 58 03 67 03 75 03  ....(.9.I.X.g.u.
000039f0: 82 03 8f 03 9b 03 a6 03 b1 03 bc 03 c6 03 d0 03  ................
00003a00: da 03 e4 03 ed 03 f6 03 ff 03 00 00 10 00 20 00  .............. .
00003a10: 30 00 3f 00 4f 00 5f 00 6f 00 7e 00 8e 00 9e 00  0.?.O._.o.~.....
00003a20: ae 00 be 00 ce 00 de 00 ee 00 ff 00 0f 01 1f 01  ................
00003a30: 30 01 40 01 51 01 61 01 72 01 83 01 94 01 a5 01  0.@.Q.a.r.......
00003a40: b6 01 c8 01 d9 01 eb 01 fc 01 0e 02 20 02 32 02  ............ .2.
00003a50: 44 02 57 02 69 02 7c 02 8f 02 a2 02 b5 02 c8 02  D.W.i.|.........
00003a60: da 02 ed 02 00 03 12 03 24 03 36 03 47 03 58 03  ........$.6.G.X.
00003a70: 68 03 78 03 87 03 95 03 a3 03 b0 03 bb 03 c7 03  h.x.............
00003a80: d1 03 db 03 e5 03 ee 03 f7 03 ff 03 00 00 10 00  ................
00003a90: 20 00 30 00 40 00 50 00 60 00 70 00 80 00 90 00   .0.@.P.`.p.....
00003aa0: a0 00 b0 00 c0 00 d0 00 e0 00 f0 00 00 01 10 01  ................
00003ab0: 20 01 30 01 40 01 50 01 60 01 70 01 80 01 90 01   .0.@.P.`.p.....
00003ac0: a0 01 b0 01 c0 01 d0 01 e0 01 f0 01 00 02 10 02  ................
00003ad0: 20 02 30 02 40 02 50 02 60 02 70 02 80 02 90 02   .0.@.P.`.p.....
00003ae0: a0 02 b0 02 c0 02 d0 02 e0 02 f0 02 00 03 10 03  ................
00003af0: 20 03 30 03 40 03 50 03 60 03 70 03 80 03 90 03   .0.@.P.`.p.....
00003b00: a0 03 b0 03 c0 03 d0 03 e0 03 f0 03 ff 03 00 00  ................
00003b10: 02 00 05 00 0f 00 40 00 00 00 00 00 00 00 00 00  ......@.........
00003b20: 00 00 00 00 00 00 00 00 00 00 00 00 00 00 00 00  ................
00003b30: 04 00 0c 00 16 00 40 00 00 00 00 00 00 00 00 00  ......@.........
00003b40: 00 00 00 00 00 00 00 00 00 00 00 00 00 00 00 00  ................
00003b50: 0e 00 17 00 29 00 40 00 00 00 00 00 00 00 00 00  ....).@.........
00003b60: 00 00 00 00 00 00 00 00 00 00 00 00 00 00 00 00  ................
00003b70: 19 00 2e 00 40 00 00 00 00 00 00 00 00 00 00 00  ....@...........
00003b80: 00 00 00 00 00 00 00 00 00 00 00 00 00 00 00 00  ................
00003b90: 26 00 38 00 40 00 00 00 00 00 00 00 00 00 00 00  &.8.@...........
00003ba0: 00 00 00 00 00 00 00 00 00 00 00 00 00 00 00 00  ................
00003bb0: 40 00 00 00 00 00 00 00 00 00 00 00 00 00 00 00  @...............
00003bc0: 00 00 00 00 00 00 00 00 00 00 00 00 00 00 01 00  ................
00003bd0: 40 00 80 00 00 01 00 00 00 00 00 00 00 00 00 00  @...............
00003be0: 00 00 00 00 00 00 00 00 10 00 20 00 30 00 40 00  .......... .0.@.
00003bf0: 50 00 60 00 70 00 80 00 90 00 a0 00 b0 00 c0 00  P.`.p...........
00003c00: d0 00 e0 00 f0 00 00 01 10 01 20 01 30 01 40 01  .......... .0.@.
00003c10: 50 01 60 01 70 01 80 01 90 01 a0 01 b0 01 c0 01  P.`.p...........
00003c20: d0 01 e0 01 f0 01 00 02 10 02 20 02 30 02 40 02  .......... .0.@.
00003c30: 50 02 60 02 70 02 80 02 90 02 a0 02 b0 02 c0 02  P.`.p...........
00003c40: d0 02 e0 02 f0 02 00 03 10 03 20 03 30 03 40 03  .......... .0.@.
00003c50: 50 03 60 03 70 03 80 03 90 03 a0 03 b0 03 c0 03  P.`.p...........
00003c60: d0 03 e0 03 f0 03 ff 03 00 00 10 00 20 00 30 00  ............ .0.
00003c70: 40 00 50 00 60 00 70 00 80 00 90 00 a0 00 b0 00  @.P.`.p.........
00003c80: c0 00 d0 00 e0 00 f0 00 00 01 10 01 20 01 30 01  ............ .0.
00003c90: 40 01 50 01 60 01 70 01 80 01 90 01 a0 01 b0 01  @.P.`.p.........
00003ca0: c0 01 d0 01 e0 01 f0 01 00 02 10 02 20 02 30 02  ............ .0.
00003cb0: 40 02 50 02 60 02 70 02 80 02 90 02 a0 02 b0 02  @.P.`.p.........
00003cc0: c0 02 d0 02 e0 02 f0 02 00 03 10 03 20 03 30 03  ............ .0.
00003cd0: 40 03 50 03 60 03 70 03 80 03 90 03 a0 03 b0 03  @.P.`.p.........
00003ce0: c0 03 d0 03 e0 03 f0 03 ff 03 00 00 10 00 20 00  .............. .
00003cf0: 30 00 40 00 50 00 60 00 70 00 80 00 90 00 a0 00  0.@.P.`.p.......
00003d00: b0 00 c0 00 d0 00 e0 00 f0 00 00 01 10 01 20 01  .............. .
00003d10: 30 01 40 01 50 01 60 01 70 01 80 01 90 01 a0 01  0.@.P.`.p.......
00003d20: b0 01 c0 01 d0 01 e0 01 f0 01 00 02 10 02 20 02  .............. .
00003d30: 30 02 40 02 50 02 60 02 70 02 80 02 90 02 a0 02  0.@.P.`.p.......
00003d40: b0 02 c0 02 d0 02 e0 02 f0 02 00 03 10 03 20 03  .............. .
00003d50: 30 03 40 03 50 03 60 03 70 03 80 03 90 03 a0 03  0.@.P.`.p.......
00003d60: b0 03 c0 03 d0 03 e0 03 f0 03 ff 03 00 00 10 00  ................
00003d70: 20 00 30 00 40 00 50 00 60 00 70 00 80 00 90 00   .0.@.P.`.p.....
00003d80: a0 00 b0 00 c0 00 d0 00 e0 00 f0 00 00 01 10 01  ................
00003d90: 20 01 30 01 40 01 50 01 60 01 70 01 80 01 90 01   .0.@.P.`.p.....
00003da0: a0 01 b0 01 c0 01 d0 01 e0 01 f0 01 00 02 10 02  ................
00003db0: 20 02 30 02 40 02 50 02 60 02 70 02 80 02 90 02   .0.@.P.`.p.....
00003dc0: a0 02 b0 02 c0 02 d0 02 e0 02 f0 02 00 03 10 03  ................
00003dd0: 20 03 30 03 40 03 50 03 60 03 70 03 80 03 90 03   .0.@.P.`.p.....
00003de0: a0 03 b0 03 c0 03 d0 03 e0 03 f0 03 ff 03 00 00  ................
00003df0: 10 00 20 00 30 00 40 00 50 00 60 00 70 00 80 00  .. .0.@.P.`.p...
00003e00: 90 00 a0 00 b0 00 c0 00 d0 00 e0 00 f0 00 00 01  ................
00003e10: 10 01 20 01 30 01 40 01 50 01 60 01 70 01 80 01  .. .0.@.P.`.p...
00003e20: 90 01 a0 01 b0 01 c0 01 d0 01 e0 01 f0 01 00 02  ................
00003e30: 10 02 20 02 30 02 40 02 50 02 60 02 70 02 80 02  .. .0.@.P.`.p...
00003e40: 90 02 a0 02 b0 02 c0 02 d0 02 e0 02 f0 02 00 03  ................
00003e50: 10 03 20 03 30 03 40 03 50 03 60 03 70 03 80 03  .. .0.@.P.`.p...
00003e60: 90 03 a0 03 b0 03 c0 03 d0 03 e0 03 f0 03 ff 03  ................
00003e70: 00 00 10 00 20 00 30 00 40 00 50 00 60 00 70 00  .... .0.@.P.`.p.
00003e80: 80 00 90 00 a0 00 b0 00 c0 00 d0 00 e0 00 f0 00  ................
00003e90: 00 01 10 01 20 01 30 01 40 01 50 01 60 01 70 01  .... .0.@.P.`.p.
00003ea0: 80 01 90 01 a0 01 b0 01 c0 01 d0 01 e0 01 f0 01  ................
00003eb0: 00 02 10 02 20 02 30 02 40 02 50 02 60 02 70 02  .... .0.@.P.`.p.
00003ec0: 80 02 90 02 a0 02 b0 02 c0 02 d0 02 e0 02 f0 02  ................
00003ed0: 00 03 10 03 20 03 30 03 40 03 50 03 60 03 70 03  .... .0.@.P.`.p.
00003ee0: 80 03 90 03 a0 03 b0 03 c0 03 d0 03 e0 03 f0 03  ................
00003ef0: ff 03 00 00 40 00 00 00 00 00 00 00 00 00 00 00  ....@...........
00003f00: 00 00 00 00 00 00 00 00 00 00 00 00 00 00 00 00  ................
00003f10: 00 00 00 00 40 00 00 00 00 00 00 00 00 00 00 00  ....@...........
00003f20: 00 00 00 00 00 00 00 00 00 00 00 00 00 00 00 00  ................
00003f30: 00 00 00 00 40 00 00 00 00 00 00 00 00 00 00 00  ....@...........
00003f40: 00 00 00 00 00 00 00 00 00 00 00 00 00 00 00 00  ................
00003f50: 00 00 00 00 08 00 10 00 18 00 20 00 28 00 30 00  .......... .(.0.
00003f60: 38 00 00 00 00 00 00 00 00 00 00 00 00 00 00 00  8...............
00003f70: 00 00 00 00 08 00 10 00 18 00 20 00 28 00 30 00  .......... .(.0.
00003f80: 38 00 00 00 00 00 00 00 00 00 00 00 00 00 00 00  8...............
00003f90: 00 00 00 00 08 00 10 00 18 00 20 00 28 00 30 00  .......... .(.0.
00003fa0: 38 00 00 00 00 00 00 00 00 00 00 00 00 00 00 00  8...............
00003fb0: 00 00 00 00 00 00 01 00 00 00 0b 00 58 2b 01 00  ............X+..
00003fc0: 01 00 04 00 01 00 03 00 03 00 01 00 18 00 00 00  ................
00003fd0: 00 00 82 ff 82 ff 82 ff 82 ff 80 ff 7e ff 7c ff  ............~.|.
00003fe0: 7a ff 78 ff 76 ff 74 ff 72 ff 70 ff 6e ff 6c ff  z.x.v.t.r.p.n.l.
00003ff0: 6a ff 68 ff 66 ff 64 ff 64 ff 62 ff 60 ff 5e ff  j.h.f.d.d.b.`.^.
00004000: 5c ff 5c ff 5a ff 58 ff 58 ff 56 ff 54 ff 54 ff  \.\.Z.X.X.V.T.T.
00004010: 52 ff 52 ff 50 ff 50 ff 4e ff 4e ff 4c ff 4c ff  R.R.P.P.N.N.L.L.
00004020: 4c ff 4a ff 4a ff 4a ff 4a ff 4a ff 4a ff 4a ff  L.J.J.J.J.J.J.J.
00004030: 4a ff 4a ff 4a ff 4a ff 4a ff 4a ff 4c ff 4c ff  J.J.J.J.J.J.L.L.
00004040: 4c ff 4e ff 4e ff 50 ff 50 ff 52 ff 54 ff 56 ff  L.N.N.P.P.R.T.V.
00004050: 58 ff 58 ff 5a ff 5c ff 5e ff 60 ff 64 ff 66 ff  X.X.Z.\.^.`.d.f.
00004060: 68 ff 6a ff 6c ff 70 ff 72 ff 74 ff 78 ff 7a ff  h.j.l.p.r.t.x.z.
00004070: 7c ff 80 ff 82 ff 86 ff 88 ff 8c ff 8e ff 92 ff  |...............
00004080: 96 ff 98 ff 9c ff 9e ff a2 ff a4 ff a8 ff ac ff  ................
00004090: ae ff b2 ff b4 ff b8 ff ba ff be ff c0 ff c4 ff  ................
000040a0: c6 ff ca ff cc ff d0 ff d2 ff d6 ff d8 ff da ff  ................
000040b0: de ff e0 ff e2 ff e4 ff e6 ff e8 ff ea ff ee ff  ................
000040c0: f0 ff f0 ff f2 ff f4 ff f6 ff f8 ff fa ff fc ff  ................
000040d0: fe ff 00 00 04 00 06 00 08 00 0c 00 0e 00 10 00  ................
000040e0: 14 00 16 00 18 00 1c 00 1e 00 22 00 24 00 26 00  ..........".$.&.
000040f0: 28 00 2c 00 2e 00 30 00 32 00 36 00 38 00 3a 00  (.,...0.2.6.8.:.
00004100: 3c 00 3e 00 40 00 44 00 46 00 48 00 4a 00 4c 00  <.>.@.D.F.H.J.L.
00004110: 4e 00 50 00 52 00 54 00 56 00 58 00 58 00 5a 00  N.P.R.T.V.X.X.Z.
00004120: 5c 00 5e 00 60 00 62 00 64 00 64 00 66 00 68 00  \.^.`.b.d.d.f.h.
00004130: 68 00 6a 00 6c 00 6c 00 6e 00 70 00 70 00 72 00  h.j.l.l.n.p.p.r.
00004140: 72 00 74 00 74 00 76 00 76 00 78 00 78 00 7a 00  r.t.t.v.v.x.x.z.
00004150: 7a 00 7c 00 7c 00 7c 00 7c 00 7e 00 7e 00 7e 00  z.|.|.|.|.~.~.~.
00004160: 7e 00 80 00 80 00 80 00 80 00 80 00 80 00 80 00  ~...............
00004170: 82 00 82 00 82 00 82 00 82 00 82 00 82 00 80 00  ................
00004180: 80 00 80 00 80 00 80 00 80 00 80 00 80 00 7e 00  ..............~.
00004190: 7e 00 7e 00 7e 00 7e 00 7c 00 7c 00 7c 00 7c 00  ~.~.~.~.|.|.|.|.
000041a0: 7a 00 7a 00 7a 00 7a 00 78 00 78 00 78 00 76 00  z.z.z.z.x.x.x.v.
000041b0: 76 00 76 00 74 00 74 00 74 00 72 00 72 00 70 00  v.v.t.t.t.r.r.p.
000041c0: 70 00 70 00 6e 00 6e 00 6e 00 6c 00 6c 00 6a 00  p.p.n.n.n.l.l.j.
000041d0: 6a 00 54 ff 54 ff 54 ff 54 ff 54 ff 54 ff 54 ff  j.T.T.T.T.T.T.T.
000041e0: 54 ff 54 ff 52 ff 52 ff 52 ff 50 ff 50 ff 50 ff  T.T.R.R.R.P.P.P.
000041f0: 4e ff 4e ff 4e ff 4c ff 4c ff 4c ff 4a ff 4a ff  N.N.N.L.L.L.J.J.
00004200: 4a ff 4a ff 48 ff 48 ff 48 ff 48 ff 48 ff 46 ff  J.J.H.H.H.H.H.F.
00004210: 46 ff 46 ff 46 ff 46 ff 46 ff 46 ff 46 ff 46 ff  F.F.F.F.F.F.F.F.
00004220: 46 ff 46 ff 46 ff 48 ff 48 ff 48 ff 48 ff 4a ff  F.F.F.H.H.H.H.J.
00004230: 4a ff 4a ff 4c ff 4c ff 4e ff 4e ff 50 ff 50 ff  J.J.L.L.N.N.P.P.
00004240: 52 ff 52 ff 54 ff 56 ff 58 ff 5a ff 5a ff 5c ff  R.R.T.V.X.Z.Z.\.
00004250: 5e ff 60 ff 64 ff 66 ff 68 ff 6a ff 6c ff 6e ff  ^.`.d.f.h.j.l.n.
00004260: 72 ff 74 ff 76 ff 7a ff 7c ff 80 ff 82 ff 86 ff  r.t.v.z.|.......
00004270: 88 ff 8a ff 8e ff 92 ff 94 ff 98 ff 9a ff 9e ff  ................
00004280: a0 ff a4 ff a6 ff aa ff ac ff b0 ff b4 ff b6 ff  ................
00004290: ba ff bc ff c0 ff c2 ff c6 ff c8 ff cc ff ce ff  ................
000042a0: d0 ff d4 ff d6 ff d8 ff dc ff de ff e0 ff e2 ff  ................
000042b0: e4 ff e8 ff ea ff ec ff ee ff ee ff f0 ff f2 ff  ................
000042c0: f4 ff f6 ff f8 ff f8 ff fa ff fc ff fe ff 00 00  ................
000042d0: 02 00 02 00 06 00 08 00 0a 00 0c 00 0e 00 10 00  ................
000042e0: 14 00 16 00 18 00 1a 00 1e 00 20 00 24 00 26 00  .......... .$.&.
000042f0: 28 00 2c 00 2e 00 30 00 32 00 36 00 38 00 3a 00  (.,...0.2.6.8.:.
00004300: 3c 00 40 00 42 00 44 00 46 00 48 00 4a 00 4c 00  <.@.B.D.F.H.J.L.
00004310: 4e 00 50 00 52 00 54 00 54 00 56 00 58 00 5a 00  N.P.R.T.T.V.X.Z.
00004320: 5c 00 5c 00 5e 00 60 00 60 00 62 00 64 00 64 00  \.\.^.`.`.b.d.d.
00004330: 66 00 66 00 68 00 6a 00 6a 00 6c 00 6c 00 6c 00  f.f.h.j.j.l.l.l.
00004340: 6e 00 6e 00 70 00 70 00 70 00 72 00 72 00 72 00  n.n.p.p.p.r.r.r.
00004350: 74 00 74 00 74 00 74 00 76 00 76 00 76 00 76 00  t.t.t.t.v.v.v.v.
00004360: 76 00 78 00 78 00 78 00 78 00 78 00 78 00 78 00  v.x.x.x.x.x.x.x.
00004370: 78 00 78 00 78 00 78 00 78 00 78 00 78 00 78 00  x.x.x.x.x.x.x.x.
00004380: 78 00 78 00 78 00 78 00 78 00 78 00 78 00 78 00  x.x.x.x.x.x.x.x.
00004390: 76 00 76 00 76 00 76 00 76 00 76 00 76 00 74 00  v.v.v.v.v.v.v.t.
000043a0: 74 00 74 00 74 00 74 00 74 00 72 00 72 00 72 00  t.t.t.t.t.r.r.r.
000043b0: 72 00 72 00 70 00 70 00 70 00 70 00 6e 00 6e 00  r.r.p.p.p.p.n.n.
000043c0: 6e 00 6e 00 6c 00 6c 00 6c 00 6c 00 6a 00 6a 00  n.n.l.l.l.l.j.j.
000043d0: 6a 00 02 00 3a 00 74 00 80 00 88 00 c6 00 fe 00  j...:.t.........
000043e0: ff 00 00 00 00 00 00 00 00 00 00 00 00 00 00 00  ................
000043f0: 00 00 06 00 3c 00 74 00 80 00 92 00 fc 00 ff 00  ....<.t.........
00004400: 00 00 00 00 00 00 00 00 00 00 00 00 00 00 00 00  ................
00004410: 00 00 01 00 04 00 01 00 03 00 00 00 01 00 18 00  ................
00004420: 00 00 01 00 b2 ff b1 ff b1 ff b1 ff b0 ff b0 ff  ................
00004430: b0 ff af ff af ff af ff af ff ae ff ae ff ae ff  ................
00004440: ad ff ad ff ad ff ac ff ac ff ab ff ab ff ab ff  ................
00004450: aa ff aa ff aa ff a9 ff a9 ff a8 ff a8 ff a8 ff  ................
00004460: a7 ff a7 ff a6 ff a6 ff a5 ff a5 ff a4 ff a4 ff  ................
00004470: a3 ff a3 ff a2 ff a2 ff a1 ff a1 ff a0 ff 9f ff  ................
00004480: 9f ff 9e ff 9e ff 9d ff 9d ff 9c ff 9b ff 9b ff  ................
00004490: 9a ff 9a ff 9a ff 99 ff 99 ff 98 ff 98 ff 98 ff  ................
000044a0: 97 ff 97 ff 97 ff 97 ff 97 ff 97 ff 97 ff 97 ff  ................
000044b0: 97 ff 97 ff 97 ff 97 ff 98 ff 98 ff 99 ff 99 ff  ................
000044c0: 9a ff 9b ff 9b ff 9c ff 9d ff 9e ff a0 ff a1 ff  ................
000044d0: a2 ff a4 ff a5 ff a7 ff a9 ff aa ff ac ff af ff  ................
000044e0: b1 ff b3 ff b6 ff b8 ff bb ff be ff c1 ff c4 ff  ................
000044f0: c7 ff ca ff cd ff d0 ff d3 ff d7 ff da ff dd ff  ................
00004500: e0 ff e3 ff e6 ff e8 ff eb ff ed ff ef ff f1 ff  ................
00004510: f3 ff f5 ff f6 ff f8 ff f9 ff fb ff fc ff fd ff  ................
00004520: fe ff ff ff 00 00 01 00 02 00 03 00 04 00 05 00  ................
00004530: 06 00 07 00 09 00 0a 00 0c 00 0e 00 10 00 13 00  ................
00004540: 15 00 18 00 1b 00 1e 00 21 00 24 00 28 00 2b 00  ........!.$.(.+.
00004550: 2e 00 32 00 35 00 38 00 3c 00 3f 00 42 00 45 00  ..2.5.8.<.?.B.E.
00004560: 48 00 4b 00 4d 00 50 00 52 00 54 00 56 00 58 00  H.K.M.P.R.T.V.X.
00004570: 5a 00 5b 00 5d 00 5e 00 60 00 61 00 62 00 63 00  Z.[.].^.`.a.b.c.
00004580: 64 00 65 00 65 00 66 00 67 00 67 00 67 00 68 00  d.e.e.f.g.g.g.h.
00004590: 68 00 68 00 68 00 68 00 68 00 68 00 68 00 68 00  h.h.h.h.h.h.h.h.
000045a0: 67 00 67 00 67 00 66 00 66 00 65 00 65 00 64 00  g.g.g.f.f.e.e.d.
000045b0: 64 00 63 00 62 00 62 00 61 00 61 00 60 00 5f 00  d.c.b.b.a.a.`._.
000045c0: 5f 00 5e 00 5d 00 5d 00 5c 00 5b 00 5b 00 5a 00  _.^.].].\.[.[.Z.
000045d0: 5a 00 59 00 59 00 58 00 58 00 57 00 57 00 57 00  Z.Y.Y.X.X.W.W.W.
000045e0: 56 00 56 00 56 00 55 00 55 00 55 00 54 00 54 00  V.V.V.U.U.U.T.T.
000045f0: 54 00 54 00 53 00 53 00 53 00 53 00 53 00 53 00  T.T.S.S.S.S.S.S.
00004600: 52 00 52 00 52 00 52 00 52 00 52 00 52 00 52 00  R.R.R.R.R.R.R.R.
00004610: 52 00 52 00 52 00 51 00 51 00 51 00 51 00 51 00  R.R.R.Q.Q.Q.Q.Q.
00004620: 51 00 51 00 a0 ff a0 ff a0 ff a0 ff a1 ff a1 ff  Q.Q.............
00004630: a1 ff a1 ff a1 ff a1 ff a1 ff a1 ff a1 ff a1 ff  ................
00004640: a1 ff a1 ff a1 ff a1 ff a1 ff a1 ff a1 ff a1 ff  ................
00004650: a1 ff a1 ff a1 ff a1 ff a1 ff a1 ff a1 ff a1 ff  ................
00004660: a1 ff a1 ff a1 ff a0 ff a0 ff a0 ff a0 ff a0 ff  ................
00004670: 9f ff 9f ff 9f ff 9f ff 9e ff 9e ff 9e ff 9d ff  ................
00004680: 9d ff 9c ff 9c ff 9c ff 9b ff 9b ff 9b ff 9a ff  ................
00004690: 9a ff 9a ff 99 ff 99 ff 99 ff 99 ff 99 ff 98 ff  ................
000046a0: 98 ff 98 ff 98 ff 98 ff 98 ff 98 ff 98 ff 99 ff  ................
000046b0: 99 ff 99 ff 9a ff 9a ff 9b ff 9b ff 9c ff 9c ff  ................
000046c0: 9d ff 9e ff 9f ff a0 ff a1 ff a2 ff a4 ff a5 ff  ................
000046d0: a6 ff a8 ff aa ff ac ff ad ff af ff b1 ff b4 ff  ................
000046e0: b6 ff b8 ff bb ff bd ff c0 ff c3 ff c6 ff c8 ff  ................
000046f0: cb ff ce ff d1 ff d3 ff d6 ff d9 ff dc ff de ff  ................
00004700: e1 ff e3 ff e6 ff e8 ff eb ff ed ff ef ff f1 ff  ................
00004710: f2 ff f4 ff f6 ff f7 ff f9 ff fa ff fb ff fc ff  ................
00004720: fe ff ff ff 00 00 01 00 02 00 03 00 05 00 06 00  ................
00004730: 07 00 08 00 0a 00 0b 00 0d 00 0e 00 10 00 12 00  ................
00004740: 14 00 16 00 18 00 1a 00 1c 00 1e 00 21 00 23 00  ............!.#.
00004750: 26 00 28 00 2a 00 2d 00 2f 00 32 00 34 00 36 00  &.(.*.-./.2.4.6.
00004760: 39 00 3b 00 3d 00 3f 00 41 00 43 00 45 00 47 00  9.;.=.?.A.C.E.G.
00004770: 49 00 4a 00 4c 00 4d 00 4e 00 50 00 51 00 52 00  I.J.L.M.N.P.Q.R.
00004780: 53 00 54 00 54 00 55 00 56 00 56 00 57 00 57 00  S.T.T.U.V.V.W.W.
00004790: 58 00 58 00 59 00 59 00 59 00 59 00 59 00 59 00  X.X.Y.Y.Y.Y.Y.Y.
000047a0: 59 00 59 00 59 00 59 00 59 00 59 00 59 00 58 00  Y.Y.Y.Y.Y.Y.Y.X.
000047b0: 58 00 58 00 58 00 58 00 57 00 57 00 57 00 56 00  X.X.X.X.W.W.W.V.
000047c0: 56 00 56 00 56 00 55 00 55 00 55 00 55 00 54 00  V.V.V.U.U.U.U.T.
000047d0: 54 00 54 00 54 00 54 00 54 00 54 00 54 00 54 00  T.T.T.T.T.T.T.T.
000047e0: 54 00 54 00 54 00 54 00 54 00 54 00 54 00 54 00  T.T.T.T.T.T.T.T.
000047f0: 54 00 55 00 55 00 55 00 55 00 56 00 56 00 56 00  T.U.U.U.U.V.V.V.
00004800: 56 00 57 00 57 00 57 00 58 00 58 00 59 00 59 00  V.W.W.W.X.X.Y.Y.
00004810: 59 00 5a 00 5a 00 5b 00 5b 00 5b 00 5c 00 5c 00  Y.Z.Z.[.[.[.\.\.
00004820: 5d 00 5d 00 00 00 28 00 62 00 72 00 80 00 8a 00  ].]...(.b.r.....
00004830: 9e 00 d4 00 ff 00 00 00 00 00 00 00 00 00 00 00  ................
00004840: 00 00 00 00 00 00 28 00 5c 00 74 00 80 00 8c 00  ......(.\.t.....
00004850: a4 00 d8 00 ff 00 00 00 00 00 00 00 00 00 00 00  ................
00004860: 00 00 00 00 01 00 04 00 01 00 03 00 00 00 01 00  ................
00004870: 18 00 00 00 01 00 96 ff 96 ff 96 ff 96 ff 96 ff  ................
00004880: 96 ff 96 ff 96 ff 96 ff 96 ff 96 ff 96 ff 96 ff  ................
00004890: 96 ff 96 ff 96 ff 96 ff 96 ff 96 ff 96 ff 96 ff  ................
000048a0: 96 ff 96 ff 96 ff 95 ff 95 ff 95 ff 95 ff 95 ff  ................
000048b0: 95 ff 95 ff 94 ff 94 ff 94 ff 94 ff 94 ff 93 ff  ................
000048c0: 93 ff 93 ff 92 ff 92 ff 92 ff 91 ff 91 ff 91 ff  ................
000048d0: 90 ff 90 ff 8f ff 8f ff 8e ff 8e ff 8d ff 8c ff  ................
000048e0: 8c ff 8b ff 8b ff 8a ff 89 ff 89 ff 88 ff 87 ff  ................
000048f0: 87 ff 86 ff 86 ff 85 ff 85 ff 84 ff 84 ff 84 ff  ................
00004900: 84 ff 83 ff 83 ff 83 ff 83 ff 83 ff 84 ff 84 ff  ................
00004910: 84 ff 85 ff 85 ff 86 ff 87 ff 88 ff 89 ff 8a ff  ................
00004920: 8b ff 8d ff 8e ff 90 ff 92 ff 94 ff 96 ff 98 ff  ................
00004930: 9b ff 9d ff a0 ff a3 ff a6 ff aa ff ad ff b1 ff  ................
00004940: b5 ff b9 ff bd ff c2 ff c6 ff ca ff ce ff d2 ff  ................
00004950: d7 ff db ff de ff e2 ff e6 ff e9 ff ec ff ef ff  ................
00004960: f1 ff f3 ff f5 ff f7 ff f8 ff fa ff fb ff fc ff  ................
00004970: fd ff fe ff ff ff 00 00 01 00 02 00 04 00 05 00  ................
00004980: 06 00 08 00 0a 00 0c 00 0e 00 10 00 12 00 15 00  ................
00004990: 17 00 1a 00 1d 00 20 00 23 00 26 00 29 00 2c 00  ...... .#.&.).,.
000049a0: 2f 00 32 00 35 00 38 00 3b 00 3e 00 40 00 43 00  /.2.5.8.;.>.@.C.
000049b0: 45 00 47 00 49 00 4b 00 4d 00 4e 00 50 00 51 00  E.G.I.K.M.N.P.Q.
000049c0: 52 00 53 00 54 00 55 00 56 00 57 00 57 00 58 00  R.S.T.U.V.W.W.X.
000049d0: 58 00 59 00 59 00 59 00 5a 00 5a 00 5a 00 5a 00  X.Y.Y.Y.Z.Z.Z.Z.
000049e0: 5a 00 5a 00 5a 00 5a 00 5a 00 5a 00 5b 00 5b 00  Z.Z.Z.Z.Z.Z.[.[.
000049f0: 5b 00 5b 00 5b 00 5b 00 5b 00 5b 00 5b 00 5b 00  [.[.[.[.[.[.[.[.
00004a00: 5b 00 5b 00 5b 00 5b 00 5b 00 5b 00 5b 00 5b 00  [.[.[.[.[.[.[.[.
00004a10: 5b 00 5b 00 5b 00 5b 00 5b 00 5b 00 5b 00 5c 00  [.[.[.[.[.[.[.\.
00004a20: 5c 00 5c 00 5c 00 5c 00 5c 00 5c 00 5c 00 5c 00  \.\.\.\.\.\.\.\.
00004a30: 5c 00 5c 00 5c 00 5c 00 5c 00 5c 00 5c 00 5d 00  \.\.\.\.\.\.\.].
00004a40: 5d 00 5d 00 5d 00 5d 00 5d 00 5d 00 5d 00 5d 00  ].].].].].].].].
00004a50: 5d 00 5d 00 5d 00 5d 00 5d 00 5e 00 5e 00 5e 00  ].].].].].^.^.^.
00004a60: 5e 00 5e 00 5e 00 5e 00 5e 00 5e 00 5e 00 5e 00  ^.^.^.^.^.^.^.^.
00004a70: 5e 00 5e 00 5e 00 9c ff 9c ff 9c ff 9c ff 9c ff  ^.^.^...........
00004a80: 9b ff 9b ff 9b ff 9b ff 9b ff 9b ff 9a ff 9a ff  ................
00004a90: 9a ff 9a ff 9a ff 99 ff 99 ff 99 ff 99 ff 99 ff  ................
00004aa0: 98 ff 98 ff 98 ff 98 ff 98 ff 97 ff 97 ff 97 ff  ................
00004ab0: 97 ff 96 ff 96 ff 96 ff 96 ff 95 ff 95 ff 95 ff  ................
00004ac0: 94 ff 94 ff 94 ff 93 ff 93 ff 93 ff 92 ff 92 ff  ................
00004ad0: 92 ff 91 ff 91 ff 91 ff 90 ff 90 ff 8f ff 8f ff  ................
00004ae0: 8e ff 8e ff 8e ff 8d ff 8d ff 8c ff 8c ff 8b ff  ................
00004af0: 8b ff 8b ff 8a ff 8a ff 8a ff 8a ff 89 ff 89 ff  ................
00004b00: 89 ff 89 ff 89 ff 89 ff 89 ff 8a ff 8a ff 8a ff  ................
00004b10: 8b ff 8c ff 8c ff 8d ff 8e ff 8f ff 90 ff 91 ff  ................
00004b20: 92 ff 94 ff 95 ff 97 ff 99 ff 9b ff 9d ff 9f ff  ................
00004b30: a2 ff a4 ff a7 ff aa ff ad ff b0 ff b3 ff b6 ff  ................
00004b40: ba ff bd ff c0 ff c4 ff c7 ff cb ff ce ff d2 ff  ................
00004b50: d5 ff d9 ff dc ff df ff e2 ff e5 ff e8 ff eb ff  ................
00004b60: ee ff f0 ff f2 ff f4 ff f6 ff f8 ff fa ff fb ff  ................
00004b70: fd ff fe ff ff ff 00 00 01 00 02 00 03 00 04 00  ................
00004b80: 05 00 06 00 07 00 08 00 0a 00 0c 00 0e 00 11 00  ................
00004b90: 14 00 17 00 1a 00 1e 00 21 00 25 00 28 00 2c 00  ........!.%.(.,.
00004ba0: 2f 00 33 00 36 00 39 00 3c 00 3f 00 41 00 44 00  /.3.6.9.<.?.A.D.
00004bb0: 46 00 48 00 4a 00 4b 00 4d 00 4e 00 4f 00 50 00  F.H.J.K.M.N.O.P.
00004bc0: 51 00 52 00 53 00 54 00 54 00 55 00 55 00 55 00  Q.R.S.T.T.U.U.U.
00004bd0: 56 00 56 00 56 00 56 00 56 00 56 00 57 00 57 00  V.V.V.V.V.V.W.W.
00004be0: 57 00 57 00 57 00 57 00 57 00 57 00 57 00 57 00  W.W.W.W.W.W.W.W.
00004bf0: 57 00 57 00 57 00 57 00 57 00 57 00 57 00 57 00  W.W.W.W.W.W.W.W.
00004c00: 57 00 56 00 56 00 56 00 56 00 56 00 56 00 56 00  W.V.V.V.V.V.V.V.
00004c10: 56 00 55 00 55 00 55 00 55 00 55 00 55 00 54 00  V.U.U.U.U.U.U.T.
00004c20: 54 00 54 00 54 00 54 00 53 00 53 00 53 00 53 00  T.T.T.T.S.S.S.S.
00004c30: 52 00 52 00 52 00 52 00 51 00 51 00 51 00 51 00  R.R.R.R.Q.Q.Q.Q.
00004c40: 50 00 50 00 50 00 4f 00 4f 00 4f 00 4e 00 4e 00  P.P.P.O.O.O.N.N.
00004c50: 4e 00 4e 00 4d 00 4d 00 4d 00 4c 00 4c 00 4c 00  N.N.M.M.M.L.L.L.
00004c60: 4b 00 4b 00 4b 00 4a 00 4a 00 4a 00 49 00 49 00  K.K.K.J.J.J.I.I.
00004c70: 49 00 48 00 48 00 00 00 32 00 62 00 74 00 80 00  I.H.H...2.b.t...
00004c80: 8a 00 9c 00 ba 00 ff 00 00 00 00 00 00 00 00 00  ................
00004c90: 00 00 00 00 00 00 00 00 34 00 5e 00 76 00 80 00  ........4.^.v...
00004ca0: 8a 00 98 00 b2 00 ff 00 00 00 00 00 00 00 00 00  ................
00004cb0: 00 00 00 00 00 00 01 00 04 00 01 00 03 00 00 00  ................
00004cc0: 01 00 18 00 00 00 01 00 ac ff ac ff ac ff ac ff  ................
00004cd0: ac ff ac ff ac ff ac ff ac ff ac ff ac ff ac ff  ................
00004ce0: ac ff ac ff ac ff ac ff ac ff ac ff ac ff ac ff  ................
00004cf0: ab ff ab ff ab ff ab ff ab ff aa ff aa ff aa ff  ................
00004d00: a9 ff a9 ff a8 ff a8 ff a7 ff a7 ff a6 ff a6 ff  ................
00004d10: a5 ff a4 ff a4 ff a3 ff a2 ff a1 ff a0 ff 9f ff  ................
00004d20: 9e ff 9d ff 9c ff 9b ff 9a ff 99 ff 98 ff 97 ff  ................
00004d30: 96 ff 95 ff 93 ff 92 ff 91 ff 90 ff 8f ff 8f ff  ................
00004d40: 8e ff 8d ff 8c ff 8c ff 8b ff 8a ff 8a ff 8a ff  ................
00004d50: 8a ff 89 ff 89 ff 8a ff 8a ff 8a ff 8b ff 8b ff  ................
00004d60: 8c ff 8d ff 8e ff 8f ff 91 ff 92 ff 94 ff 96 ff  ................
00004d70: 98 ff 9b ff 9d ff a0 ff a3 ff a6 ff a9 ff ac ff  ................
00004d80: af ff b3 ff b6 ff b9 ff bd ff c0 ff c4 ff c7 ff  ................
00004d90: cb ff ce ff d2 ff d5 ff d8 ff db ff de ff e1 ff  ................
00004da0: e4 ff e6 ff e9 ff eb ff ed ff ef ff f0 ff f2 ff  ................
00004db0: f3 ff f5 ff f6 ff f7 ff f8 ff f9 ff fa ff fb ff  ................
00004dc0: fc ff fd ff fe ff ff ff 00 00 01 00 02 00 03 00  ................
00004dd0: 04 00 05 00 06 00 08 00 09 00 0b 00 0c 00 0e 00  ................
00004de0: 10 00 12 00 14 00 17 00 19 00 1c 00 1e 00 21 00  ..............!.
00004df0: 24 00 27 00 29 00 2c 00 2f 00 31 00 34 00 36 00  $.'.).,./.1.4.6.
00004e00: 39 00 3b 00 3d 00 3f 00 42 00 44 00 46 00 48 00  9.;.=.?.B.D.F.H.
00004e10: 4a 00 4b 00 4d 00 4f 00 51 00 52 00 54 00 56 00  J.K.M.O.Q.R.T.V.
00004e20: 57 00 59 00 5a 00 5b 00 5d 00 5e 00 5f 00 60 00  W.Y.Z.[.].^._.`.
00004e30: 61 00 62 00 63 00 64 00 65 00 66 00 67 00 68 00  a.b.c.d.e.f.g.h.
00004e40: 69 00 6a 00 6a 00 6b 00 6c 00 6c 00 6d 00 6d 00  i.j.j.k.l.l.m.m.
00004e50: 6e 00 6e 00 6f 00 6f 00 6f 00 70 00 70 00 70 00  n.n.o.o.o.p.p.p.
00004e60: 70 00 71 00 71 00 71 00 71 00 71 00 71 00 71 00  p.q.q.q.q.q.q.q.
00004e70: 71 00 71 00 71 00 71 00 71 00 71 00 71 00 71 00  q.q.q.q.q.q.q.q.
00004e80: 71 00 71 00 71 00 70 00 70 00 70 00 70 00 6f 00  q.q.q.p.p.p.p.o.
00004e90: 6f 00 6f 00 6f 00 6e 00 6e 00 6e 00 6d 00 6d 00  o.o.o.n.n.n.m.m.
00004ea0: 6c 00 6c 00 6c 00 6b 00 6b 00 6a 00 6a 00 6a 00  l.l.l.k.k.j.j.j.
00004eb0: 69 00 69 00 68 00 68 00 67 00 67 00 66 00 66 00  i.i.h.h.g.g.f.f.
00004ec0: 65 00 65 00 64 00 64 00 90 ff 8f ff 8d ff 8c ff  e.e.d.d.........
00004ed0: 8a ff 89 ff 87 ff 86 ff 84 ff 83 ff 81 ff 80 ff  ................
00004ee0: 7f ff 7d ff 7c ff 7b ff 7a ff 78 ff 77 ff 76 ff  ..}.|.{.z.x.w.v.
00004ef0: 75 ff 74 ff 73 ff 72 ff 71 ff 70 ff 70 ff 6f ff  u.t.s.r.q.p.p.o.
00004f00: 6e ff 6e ff 6d ff 6d ff 6d ff 6d ff 6c ff 6c ff  n.n.m.m.m.m.l.l.
00004f10: 6c ff 6c ff 6d ff 6d ff 6d ff 6e ff 6e ff 6f ff  l.l.m.m.m.n.n.o.
00004f20: 6f ff 70 ff 71 ff 72 ff 73 ff 74 ff 75 ff 76 ff  o.p.q.r.s.t.u.v.
00004f30: 77 ff 78 ff 7a ff 7b ff 7d ff 7e ff 80 ff 81 ff  w.x.z.{.}.~.....
00004f40: 83 ff 84 ff 86 ff 88 ff 8a ff 8b ff 8d ff 8f ff  ................
00004f50: 91 ff 93 ff 95 ff 97 ff 99 ff 9b ff 9d ff a0 ff  ................
00004f60: a2 ff a4 ff a6 ff a8 ff aa ff ad ff af ff b1 ff  ................
00004f70: b3 ff b5 ff b8 ff ba ff bc ff be ff c1 ff c3 ff  ................
00004f80: c5 ff c7 ff c9 ff cc ff ce ff d0 ff d2 ff d4 ff  ................
00004f90: d6 ff d8 ff da ff dc ff de ff e0 ff e2 ff e4 ff  ................
00004fa0: e6 ff e7 ff e9 ff eb ff ec ff ee ff f0 ff f1 ff  ................
00004fb0: f3 ff f4 ff f5 ff f7 ff f8 ff f9 ff fa ff fb ff  ................
00004fc0: fc ff fd ff fe ff ff ff 00 00 01 00 02 00 02 00  ................
00004fd0: 03 00 04 00 05 00 05 00 06 00 07 00 08 00 09 00  ................
00004fe0: 0a 00 0b 00 0c 00 0d 00 0e 00 10 00 11 00 12 00  ................
00004ff0: 14 00 15 00 17 00 18 00 19 00 1b 00 1d 00 1e 00  ................
00005000: 20 00 21 00 23 00 25 00 26 00 28 00 29 00 2b 00   .!.#.%.&.(.).+.
00005010: 2d 00 2e 00 30 00 32 00 33 00 35 00 37 00 38 00  -...0.2.3.5.7.8.
00005020: 3a 00 3b 00 3d 00 3e 00 40 00 41 00 43 00 44 00  :.;.=.>.@.A.C.D.
00005030: 46 00 47 00 48 00 4a 00 4b 00 4c 00 4d 00 4e 00  F.G.H.J.K.L.M.N.
00005040: 4f 00 50 00 51 00 52 00 53 00 54 00 54 00 55 00  O.P.Q.R.S.T.T.U.
00005050: 56 00 56 00 57 00 57 00 57 00 58 00 58 00 58 00  V.V.W.W.W.X.X.X.
00005060: 58 00 59 00 59 00 59 00 59 00 59 00 59 00 59 00  X.Y.Y.Y.Y.Y.Y.Y.
00005070: 58 00 58 00 58 00 58 00 57 00 57 00 57 00 56 00  X.X.X.X.W.W.W.V.
00005080: 56 00 56 00 55 00 54 00 54 00 53 00 53 00 52 00  V.V.U.T.T.S.S.R.
00005090: 51 00 51 00 50 00 4f 00 4f 00 4e 00 4d 00 4c 00  Q.Q.P.O.O.N.M.L.
000050a0: 4b 00 4b 00 4a 00 49 00 48 00 47 00 46 00 45 00  K.K.J.I.H.G.F.E.
000050b0: 44 00 43 00 42 00 41 00 40 00 40 00 3f 00 3e 00  D.C.B.A.@.@.?.>.
000050c0: 3d 00 3c 00 3b 00 39 00 00 00 2a 00 54 00 6c 00  =.<.;.9...*.T.l.
000050d0: 80 00 8c 00 98 00 d0 00 ff 00 00 00 00 00 00 00  ................
000050e0: 00 00 00 00 00 00 00 00 00 00 24 00 76 00 80 00  ..........$.v...
000050f0: 8a 00 be 00 ff 00 00 00 00 00 00 00 00 00 00 00  ................
00005100: 00 00 00 00 00 00 00 00 01 00 04 00 01 00 03 00  ................
00005110: 00 00 01 00 18 00 00 00 01 00 98 ff 98 ff 98 ff  ................
00005120: 98 ff 98 ff 97 ff 97 ff 97 ff 97 ff 97 ff 97 ff  ................
00005130: 96 ff 96 ff 96 ff 96 ff 96 ff 95 ff 95 ff 95 ff  ................
00005140: 95 ff 95 ff 94 ff 94 ff 94 ff 94 ff 94 ff 93 ff  ................
00005150: 93 ff 93 ff 92 ff 92 ff 92 ff 92 ff 91 ff 91 ff  ................
00005160: 91 ff 90 ff 90 ff 90 ff 8f ff 8f ff 8e ff 8e ff  ................
00005170: 8e ff 8d ff 8d ff 8c ff 8c ff 8b ff 8b ff 8a ff  ................
00005180: 8a ff 89 ff 89 ff 88 ff 88 ff 88 ff 87 ff 87 ff  ................
00005190: 86 ff 86 ff 86 ff 86 ff 85 ff 85 ff 85 ff 85 ff  ................
000051a0: 85 ff 85 ff 86 ff 86 ff 86 ff 87 ff 87 ff 88 ff  ................
000051b0: 88 ff 89 ff 8a ff 8b ff 8c ff 8d ff 8f ff 90 ff  ................
000051c0: 92 ff 93 ff 95 ff 97 ff 99 ff 9b ff 9e ff a0 ff  ................
000051d0: a3 ff a6 ff a9 ff ac ff af ff b2 ff b5 ff b9 ff  ................
000051e0: bc ff bf ff c3 ff c6 ff ca ff cd ff d0 ff d4 ff  ................
000051f0: d7 ff da ff dd ff e0 ff e3 ff e5 ff e8 ff ea ff  ................
00005200: ec ff ef ff f1 ff f2 ff f4 ff f6 ff f7 ff f9 ff  ................
00005210: fa ff fb ff fd ff fe ff ff ff 00 00 01 00 02 00  ................
00005220: 03 00 04 00 05 00 06 00 08 00 09 00 0a 00 0c 00  ................
00005230: 0e 00 10 00 12 00 14 00 16 00 19 00 1b 00 1e 00  ................
00005240: 21 00 24 00 26 00 29 00 2c 00 2f 00 32 00 34 00  !.$.&.).,./.2.4.
00005250: 37 00 3a 00 3d 00 3f 00 42 00 44 00 46 00 48 00  7.:.=.?.B.D.F.H.
00005260: 4a 00 4c 00 4e 00 4f 00 51 00 52 00 54 00 55 00  J.L.N.O.Q.R.T.U.
00005270: 56 00 57 00 58 00 59 00 5a 00 5b 00 5b 00 5c 00  V.W.X.Y.Z.[.[.\.
00005280: 5d 00 5d 00 5e 00 5e 00 5e 00 5e 00 5f 00 5f 00  ].].^.^.^.^._._.
00005290: 5f 00 5f 00 5f 00 5f 00 5f 00 5f 00 5f 00 5f 00  _._._._._._._._.
000052a0: 5f 00 5e 00 5e 00 5e 00 5e 00 5e 00 5e 00 5d 00  _.^.^.^.^.^.^.].
000052b0: 5d 00 5d 00 5d 00 5d 00 5d 00 5d 00 5d 00 5c 00  ].].].].].].].\.
000052c0: 5c 00 5c 00 5c 00 5c 00 5c 00 5c 00 5c 00 5c 00  \.\.\.\.\.\.\.\.
000052d0: 5c 00 5c 00 5c 00 5c 00 5c 00 5c 00 5c 00 5c 00  \.\.\.\.\.\.\.\.
000052e0: 5c 00 5c 00 5c 00 5d 00 5d 00 5d 00 5d 00 5d 00  \.\.\.].].].].].
000052f0: 5d 00 5d 00 5d 00 5d 00 5d 00 5e 00 5e 00 5e 00  ].].].].].^.^.^.
00005300: 5e 00 5e 00 5e 00 5e 00 5f 00 5f 00 5f 00 5f 00  ^.^.^.^._._._._.
00005310: 5f 00 5f 00 5f 00 60 00 60 00 a0 ff a0 ff a0 ff  _._._.`.`.......
00005320: 9f ff 9f ff 9e ff 9e ff 9e ff 9d ff 9d ff 9d ff  ................
00005330: 9c ff 9c ff 9c ff 9b ff 9b ff 9b ff 9a ff 9a ff  ................
00005340: 9a ff 99 ff 99 ff 99 ff 98 ff 98 ff 97 ff 97 ff  ................
00005350: 97 ff 96 ff 96 ff 96 ff 95 ff 95 ff 94 ff 94 ff  ................
00005360: 94 ff 93 ff 93 ff 93 ff 92 ff 92 ff 91 ff 91 ff  ................
00005370: 91 ff 90 ff 90 ff 8f ff 8f ff 8f ff 8e ff 8e ff  ................
00005380: 8d ff 8d ff 8d ff 8c ff 8c ff 8c ff 8c ff 8b ff  ................
00005390: 8b ff 8b ff 8b ff 8b ff 8b ff 8b ff 8b ff 8b ff  ................
000053a0: 8b ff 8b ff 8b ff 8b ff 8c ff 8c ff 8d ff 8d ff  ................
000053b0: 8e ff 8e ff 8f ff 90 ff 91 ff 92 ff 93 ff 94 ff  ................
000053c0: 95 ff 96 ff 97 ff 99 ff 9a ff 9c ff 9e ff 9f ff  ................
000053d0: a1 ff a3 ff a5 ff a8 ff aa ff ac ff af ff b2 ff  ................
000053e0: b4 ff b7 ff ba ff bd ff c1 ff c4 ff c8 ff cb ff  ................
000053f0: cf ff d2 ff d6 ff d9 ff dd ff e0 ff e3 ff e6 ff  ................
00005400: e9 ff ec ff ef ff f1 ff f3 ff f5 ff f7 ff f9 ff  ................
00005410: fa ff fb ff fd ff fe ff ff ff 00 00 01 00 02 00  ................
00005420: 03 00 04 00 04 00 06 00 07 00 08 00 09 00 0b 00  ................
00005430: 0d 00 0f 00 11 00 13 00 16 00 18 00 1b 00 1d 00  ................
00005440: 20 00 23 00 25 00 28 00 2b 00 2e 00 30 00 33 00   .#.%.(.+...0.3.
00005450: 36 00 38 00 3b 00 3d 00 40 00 42 00 44 00 46 00  6.8.;.=.@.B.D.F.
00005460: 48 00 4a 00 4c 00 4d 00 4f 00 50 00 52 00 53 00  H.J.L.M.O.P.R.S.
00005470: 54 00 56 00 57 00 58 00 59 00 5a 00 5b 00 5b 00  T.V.W.X.Y.Z.[.[.
00005480: 5c 00 5d 00 5d 00 5e 00 5e 00 5f 00 5f 00 60 00  \.].].^.^._._.`.
00005490: 60 00 60 00 60 00 60 00 60 00 61 00 61 00 60 00  `.`.`.`.`.a.a.`.
000054a0: 60 00 60 00 60 00 60 00 60 00 60 00 5f 00 5f 00  `.`.`.`.`.`._._.
000054b0: 5f 00 5e 00 5e 00 5e 00 5d 00 5d 00 5d 00 5c 00  _.^.^.^.].].].\.
000054c0: 5c 00 5b 00 5b 00 5a 00 5a 00 59 00 59 00 58 00  \.[.[.Z.Z.Y.Y.X.
000054d0: 58 00 57 00 57 00 56 00 55 00 55 00 54 00 53 00  X.W.W.V.U.U.T.S.
000054e0: 53 00 52 00 51 00 51 00 50 00 4f 00 4f 00 4e 00  S.R.Q.Q.P.O.O.N.
000054f0: 4d 00 4c 00 4c 00 4b 00 4a 00 49 00 49 00 48 00  M.L.L.K.J.I.I.H.
00005500: 47 00 46 00 46 00 45 00 44 00 43 00 42 00 42 00  G.F.F.E.D.C.B.B.
00005510: 41 00 40 00 3f 00 3e 00 3d 00 00 00 2e 00 5a 00  A.@.?.>.=.....Z.
00005520: 70 00 80 00 8a 00 a0 00 cc 00 ff 00 00 00 00 00  p...............
00005530: 00 00 00 00 00 00 00 00 00 00 00 00 2c 00 66 00  ............,.f.
00005540: 74 00 80 00 88 00 9e 00 cc 00 ff 00 00 00 00 00  t...............
00005550: 00 00 00 00 00 00 00 00 00 00 01 00 04 00 01 00  ................
00005560: 03 00 00 00 01 00 18 00 00 00 01 00 90 ff 90 ff  ................
00005570: 91 ff 91 ff 91 ff 91 ff 91 ff 92 ff 92 ff 92 ff  ................
00005580: 92 ff 92 ff 92 ff 93 ff 93 ff 93 ff 93 ff 93 ff  ................
00005590: 93 ff 93 ff 94 ff 94 ff 94 ff 94 ff 94 ff 94 ff  ................
000055a0: 94 ff 94 ff 94 ff 94 ff 95 ff 95 ff 95 ff 95 ff  ................
000055b0: 95 ff 95 ff 95 ff 95 ff 95 ff 95 ff 95 ff 95 ff  ................
000055c0: 95 ff 95 ff 94 ff 94 ff 94 ff 94 ff 94 ff 94 ff  ................
000055d0: 94 ff 93 ff 93 ff 93 ff 93 ff 93 ff 92 ff 92 ff  ................
000055e0: 92 ff 92 ff 91 ff 91 ff 91 ff 91 ff 91 ff 91 ff  ................
000055f0: 90 ff 90 ff 90 ff 90 ff 90 ff 91 ff 91 ff 91 ff  ................
00005600: 92 ff 92 ff 92 ff 93 ff 94 ff 95 ff 96 ff 97 ff  ................
00005610: 98 ff 99 ff 9a ff 9c ff 9d ff 9f ff a1 ff a3 ff  ................
00005620: a5 ff a7 ff aa ff ad ff af ff b2 ff b5 ff b9 ff  ................
00005630: bc ff c0 ff c4 ff c7 ff cb ff cf ff d3 ff d7 ff  ................
00005640: da ff de ff e1 ff e5 ff e8 ff eb ff ed ff f0 ff  ................
00005650: f2 ff f4 ff f6 ff f7 ff f8 ff fa ff fb ff fc ff  ................
00005660: fc ff fd ff fe ff fe ff ff ff ff ff 00 00 01 00  ................
00005670: 01 00 02 00 02 00 03 00 04 00 04 00 05 00 06 00  ................
00005680: 06 00 07 00 08 00 09 00 0a 00 0b 00 0c 00 0d 00  ................
00005690: 0e 00 0f 00 10 00 11 00 12 00 14 00 15 00 16 00  ................
000056a0: 18 00 19 00 1b 00 1c 00 1e 00 20 00 21 00 23 00  .......... .!.#.
000056b0: 25 00 27 00 29 00 2a 00 2c 00 2e 00 30 00 32 00  %.'.).*.,...0.2.
000056c0: 34 00 36 00 38 00 3a 00 3c 00 3e 00 40 00 43 00  4.6.8.:.<.>.@.C.
000056d0: 44 00 46 00 48 00 4a 00 4c 00 4e 00 50 00 52 00  D.F.H.J.L.N.P.R.
000056e0: 53 00 55 00 56 00 58 00 59 00 5b 00 5c 00 5e 00  S.U.V.X.Y.[.\.^.
000056f0: 5f 00 60 00 61 00 62 00 63 00 64 00 65 00 66 00  _.`.a.b.c.d.e.f.
00005700: 67 00 67 00 68 00 69 00 69 00 6a 00 6b 00 6b 00  g.g.h.i.i.j.k.k.
00005710: 6c 00 6c 00 6c 00 6d 00 6d 00 6d 00 6d 00 6e 00  l.l.l.m.m.m.m.n.
00005720: 6e 00 6e 00 6e 00 6e 00 6e 00 6e 00 6e 00 6e 00  n.n.n.n.n.n.n.n.
00005730: 6e 00 6e 00 6d 00 6d 00 6d 00 6d 00 6d 00 6c 00  n.n.m.m.m.m.m.l.
00005740: 6c 00 6c 00 6b 00 6b 00 6b 00 6a 00 6a 00 69 00  l.l.k.k.k.j.j.i.
00005750: 69 00 69 00 68 00 68 00 67 00 67 00 66 00 66 00  i.i.h.h.g.g.f.f.
00005760: 65 00 65 00 64 00 64 00 63 00 62 00 9c ff 9c ff  e.e.d.d.c.b.....
00005770: 9d ff 9d ff 9d ff 9d ff 9d ff 9d ff 9e ff 9e ff  ................
00005780: 9e ff 9e ff 9e ff 9e ff 9e ff 9f ff 9f ff 9f ff  ................
00005790: 9f ff 9f ff 9f ff 9f ff 9f ff 9f ff 9f ff 9f ff  ................
000057a0: 9f ff 9f ff 9e ff 9e ff 9e ff 9e ff 9e ff 9d ff  ................
000057b0: 9d ff 9d ff 9c ff 9c ff 9c ff 9b ff 9b ff 9a ff  ................
000057c0: 9a ff 99 ff 99 ff 98 ff 97 ff 97 ff 96 ff 95 ff  ................
000057d0: 94 ff 93 ff 92 ff 91 ff 91 ff 90 ff 8f ff 8e ff  ................
000057e0: 8d ff 8b ff 8a ff 89 ff 89 ff 88 ff 87 ff 86 ff  ................
000057f0: 85 ff 84 ff 83 ff 83 ff 82 ff 81 ff 81 ff 80 ff  ................
00005800: 80 ff 80 ff 80 ff 80 ff 80 ff 80 ff 80 ff 80 ff  ................
00005810: 81 ff 82 ff 82 ff 83 ff 84 ff 86 ff 87 ff 88 ff  ................
00005820: 8a ff 8c ff 8e ff 90 ff 93 ff 95 ff 98 ff 9b ff  ................
00005830: 9e ff a2 ff a5 ff a9 ff ad ff b2 ff b6 ff bb ff  ................
00005840: c0 ff c5 ff ca ff cf ff d3 ff d8 ff dc ff e1 ff  ................
00005850: e5 ff e9 ff ec ff ef ff f2 ff f4 ff f6 ff f8 ff  ................
00005860: fa ff fb ff fc ff fd ff fe ff ff ff 00 00 01 00  ................
00005870: 02 00 02 00 03 00 04 00 05 00 07 00 08 00 0a 00  ................
00005880: 0b 00 0d 00 10 00 12 00 14 00 17 00 19 00 1c 00  ................
00005890: 1f 00 21 00 24 00 27 00 2a 00 2c 00 2f 00 31 00  ..!.$.'.*.,./.1.
000058a0: 34 00 36 00 39 00 3b 00 3d 00 3f 00 41 00 42 00  4.6.9.;.=.?.A.B.
000058b0: 44 00 46 00 47 00 49 00 4a 00 4b 00 4d 00 4e 00  D.F.G.I.J.K.M.N.
000058c0: 4f 00 50 00 51 00 52 00 52 00 53 00 54 00 55 00  O.P.Q.R.R.S.T.U.
000058d0: 55 00 56 00 56 00 57 00 57 00 58 00 58 00 58 00  U.V.V.W.W.X.X.X.
000058e0: 59 00 59 00 59 00 59 00 5a 00 5a 00 5a 00 5a 00  Y.Y.Y.Y.Z.Z.Z.Z.
000058f0: 5a 00 5a 00 5a 00 5b 00 5b 00 5b 00 5b 00 5b 00  Z.Z.Z.[.[.[.[.[.
00005900: 5b 00 5b 00 5c 00 5c 00 5c 00 5c 00 5c 00 5c 00  [.[.\.\.\.\.\.\.
00005910: 5c 00 5c 00 5c 00 5d 00 5d 00 5d 00 5d 00 5d 00  \.\.\.].].].].].
00005920: 5d 00 5d 00 5d 00 5d 00 5d 00 5d 00 5d 00 5e 00  ].].].].].].].^.
00005930: 5e 00 5e 00 5e 00 5e 00 5e 00 5e 00 5e 00 5e 00  ^.^.^.^.^.^.^.^.
00005940: 5e 00 5e 00 5e 00 5e 00 5e 00 5e 00 5e 00 5e 00  ^.^.^.^.^.^.^.^.
00005950: 5e 00 5e 00 5e 00 5e 00 5e 00 5e 00 5e 00 5e 00  ^.^.^.^.^.^.^.^.
00005960: 5e 00 5e 00 5e 00 5e 00 5e 00 5e 00 00 00 36 00  ^.^.^.^.^.^...6.
00005970: 60 00 70 00 80 00 8c 00 a0 00 bc 00 ff 00 00 00  `.p.............
00005980: 00 00 00 00 00 00 00 00 00 00 00 00 00 00 32 00  ..............2.
00005990: 66 00 74 00 80 00 88 00 9a 00 c4 00 fc 00 ff 00  f.t.............
000059a0: 00 00 00 00 00 00 00 00 00 00 00 00 01 00 04 00  ................
000059b0: 01 00 03 00 00 00 01 00 18 00 00 00 01 00 90 ff  ................
000059c0: 90 ff 90 ff 90 ff 90 ff 8f ff 8f ff 8f ff 8f ff  ................
000059d0: 8f ff 8f ff 8f ff 8e ff 8e ff 8e ff 8e ff 8e ff  ................
000059e0: 8e ff 8e ff 8d ff 8d ff 8d ff 8d ff 8d ff 8d ff  ................
000059f0: 8c ff 8c ff 8c ff 8c ff 8c ff 8c ff 8b ff 8b ff  ................
00005a00: 8b ff 8b ff 8b ff 8a ff 8a ff 8a ff 8a ff 8a ff  ................
00005a10: 89 ff 89 ff 89 ff 89 ff 88 ff 88 ff 88 ff 88 ff  ................
00005a20: 88 ff 87 ff 87 ff 87 ff 87 ff 87 ff 86 ff 86 ff  ................
00005a30: 86 ff 86 ff 86 ff 86 ff 86 ff 86 ff 86 ff 87 ff  ................
00005a40: 87 ff 87 ff 88 ff 88 ff 88 ff 89 ff 8a ff 8a ff  ................
00005a50: 8b ff 8c ff 8d ff 8e ff 8f ff 90 ff 92 ff 93 ff  ................
00005a60: 95 ff 96 ff 98 ff 9a ff 9c ff 9e ff a0 ff a3 ff  ................
00005a70: a5 ff a8 ff ab ff ad ff b1 ff b4 ff b7 ff ba ff  ................
00005a80: be ff c1 ff c5 ff c8 ff cc ff d0 ff d3 ff d7 ff  ................
00005a90: da ff dd ff e0 ff e4 ff e7 ff e9 ff ec ff ee ff  ................
00005aa0: f1 ff f3 ff f5 ff f6 ff f8 ff f9 ff fa ff fb ff  ................
00005ab0: fc ff fd ff fe ff fe ff ff ff ff ff 00 00 00 00  ................
00005ac0: 00 00 01 00 01 00 01 00 01 00 02 00 02 00 02 00  ................
00005ad0: 03 00 03 00 04 00 04 00 05 00 05 00 06 00 07 00  ................
00005ae0: 08 00 09 00 0b 00 0c 00 0d 00 0f 00 11 00 12 00  ................
00005af0: 14 00 16 00 18 00 1a 00 1c 00 1e 00 21 00 23 00  ............!.#.
00005b00: 25 00 27 00 29 00 2b 00 2e 00 30 00 32 00 34 00  %.'.).+...0.2.4.
00005b10: 36 00 38 00 3a 00 3c 00 3e 00 3f 00 41 00 43 00  6.8.:.<.>.?.A.C.
00005b20: 44 00 46 00 48 00 49 00 4b 00 4c 00 4d 00 4f 00  D.F.H.I.K.L.M.O.
00005b30: 50 00 51 00 53 00 54 00 55 00 56 00 57 00 58 00  P.Q.S.T.U.V.W.X.
00005b40: 59 00 5a 00 5b 00 5c 00 5d 00 5e 00 5f 00 5f 00  Y.Z.[.\.].^._._.
00005b50: 60 00 61 00 61 00 62 00 63 00 63 00 64 00 64 00  `.a.a.b.c.c.d.d.
00005b60: 65 00 65 00 66 00 66 00 66 00 67 00 67 00 67 00  e.e.f.f.f.g.g.g.
00005b70: 67 00 68 00 68 00 68 00 68 00 68 00 68 00 68 00  g.h.h.h.h.h.h.h.
00005b80: 69 00 69 00 69 00 69 00 69 00 69 00 68 00 68 00  i.i.i.i.i.i.h.h.
00005b90: 68 00 68 00 68 00 68 00 68 00 68 00 68 00 67 00  h.h.h.h.h.h.h.g.
00005ba0: 67 00 67 00 67 00 67 00 66 00 66 00 66 00 66 00  g.g.g.g.f.f.f.f.
00005bb0: 65 00 65 00 65 00 65 00 64 00 64 00 64 00 9c ff  e.e.e.e.d.d.d...
00005bc0: 9c ff 9b ff 9b ff 9b ff 9a ff 9a ff 99 ff 99 ff  ................
00005bd0: 99 ff 98 ff 98 ff 97 ff 97 ff 96 ff 96 ff 96 ff  ................
00005be0: 95 ff 95 ff 94 ff 94 ff 93 ff 93 ff 92 ff 92 ff  ................
00005bf0: 92 ff 91 ff 91 ff 90 ff 90 ff 8f ff 8f ff 8e ff  ................
00005c00: 8d ff 8d ff 8c ff 8c ff 8b ff 8b ff 8a ff 89 ff  ................
00005c10: 89 ff 88 ff 88 ff 87 ff 86 ff 86 ff 85 ff 84 ff  ................
00005c20: 84 ff 83 ff 82 ff 81 ff 81 ff 80 ff 7f ff 7f ff  ................
00005c30: 7e ff 7d ff 7d ff 7c ff 7c ff 7b ff 7b ff 7a ff  ~.}.}.|.|.{.{.z.
00005c40: 7a ff 7a ff 79 ff 79 ff 79 ff 79 ff 79 ff 79 ff  z.z.y.y.y.y.y.y.
00005c50: 79 ff 7a ff 7a ff 7a ff 7b ff 7c ff 7c ff 7d ff  y.z.z.z.{.|.|.}.
00005c60: 7e ff 7f ff 80 ff 82 ff 83 ff 85 ff 87 ff 89 ff  ~...............
00005c70: 8b ff 8d ff 8f ff 92 ff 94 ff 97 ff 9a ff 9d ff  ................
00005c80: a1 ff a4 ff a8 ff ac ff b0 ff b4 ff b8 ff bc ff  ................
00005c90: c1 ff c5 ff c9 ff ce ff d2 ff d6 ff da ff de ff  ................
00005ca0: e2 ff e5 ff e9 ff ec ff ef ff f1 ff f4 ff f6 ff  ................
00005cb0: f8 ff f9 ff fb ff fc ff fd ff fe ff ff ff 00 00  ................
00005cc0: 01 00 02 00 03 00 04 00 05 00 06 00 07 00 09 00  ................
00005cd0: 0a 00 0c 00 0e 00 10 00 12 00 15 00 18 00 1a 00  ................
00005ce0: 1d 00 20 00 24 00 27 00 2a 00 2d 00 30 00 34 00  .. .$.'.*.-.0.4.
00005cf0: 37 00 3a 00 3d 00 40 00 43 00 46 00 49 00 4c 00  7.:.=.@.C.F.I.L.
00005d00: 4e 00 51 00 53 00 55 00 57 00 59 00 5b 00 5c 00  N.Q.S.U.W.Y.[.\.
00005d10: 5e 00 5f 00 60 00 62 00 63 00 64 00 64 00 65 00  ^._.`.b.c.d.d.e.
00005d20: 66 00 66 00 67 00 67 00 68 00 68 00 68 00 68 00  f.f.g.g.h.h.h.h.
00005d30: 68 00 68 00 68 00 68 00 68 00 68 00 68 00 67 00  h.h.h.h.h.h.h.g.
00005d40: 67 00 67 00 66 00 66 00 66 00 65 00 65 00 64 00  g.g.f.f.f.e.e.d.
00005d50: 64 00 63 00 63 00 62 00 62 00 62 00 61 00 61 00  d.c.c.b.b.b.a.a.
00005d60: 60 00 60 00 60 00 5f 00 5f 00 5f 00 5e 00 5e 00  `.`.`._._._.^.^.
00005d70: 5d 00 5d 00 5d 00 5d 00 5c 00 5c 00 5c 00 5b 00  ].].].].\.\.\.[.
00005d80: 5b 00 5b 00 5a 00 5a 00 5a 00 5a 00 59 00 59 00  [.[.Z.Z.Z.Z.Y.Y.
00005d90: 59 00 59 00 58 00 58 00 58 00 58 00 57 00 57 00  Y.Y.X.X.X.X.W.W.
00005da0: 57 00 57 00 56 00 56 00 56 00 56 00 56 00 55 00  W.W.V.V.V.V.V.U.
00005db0: 55 00 55 00 55 00 55 00 54 00 54 00 54 00 00 00  U.U.U.U.T.T.T...
00005dc0: 2e 00 5c 00 70 00 80 00 92 00 a6 00 d2 00 ff 00  ..\.p...........
00005dd0: 00 00 00 00 00 00 00 00 00 00 00 00 00 00 00 00  ................
00005de0: 30 00 62 00 76 00 80 00 8a 00 a0 00 cc 00 ff 00  0.b.v...........
00005df0: 00 00 00 00 00 00 00 00 00 00 00 00 00 00 01 00  ................
00005e00: 04 00 01 00 03 00 02 00 01 00 18 00 00 00 01 00  ................
00005e10: 8f ff 8e ff 8e ff 8d ff 8c ff 8b ff 8b ff 8a ff  ................
00005e20: 8a ff 89 ff 88 ff 88 ff 87 ff 87 ff 86 ff 85 ff  ................
00005e30: 85 ff 85 ff 84 ff 84 ff 83 ff 83 ff 83 ff 82 ff  ................
00005e40: 82 ff 82 ff 82 ff 82 ff 82 ff 82 ff 82 ff 82 ff  ................
00005e50: 82 ff 82 ff 82 ff 83 ff 83 ff 83 ff 84 ff 84 ff  ................
00005e60: 85 ff 86 ff 86 ff 87 ff 88 ff 89 ff 8a ff 8a ff  ................
00005e70: 8b ff 8c ff 8e ff 8f ff 90 ff 91 ff 92 ff 94 ff  ................
00005e80: 95 ff 96 ff 98 ff 99 ff 9a ff 9c ff 9d ff 9f ff  ................
00005e90: a0 ff a2 ff a4 ff a5 ff a7 ff a8 ff aa ff ac ff  ................
00005ea0: ae ff af ff b1 ff b3 ff b4 ff b6 ff b8 ff ba ff  ................
00005eb0: bc ff bd ff bf ff c1 ff c3 ff c5 ff c6 ff c8 ff  ................
00005ec0: ca ff cc ff cd ff cf ff d1 ff d3 ff d4 ff d6 ff  ................
00005ed0: d8 ff da ff db ff dd ff de ff e0 ff e2 ff e3 ff  ................
00005ee0: e5 ff e6 ff e8 ff e9 ff eb ff ec ff ed ff ef ff  ................
00005ef0: f0 ff f1 ff f3 ff f4 ff f5 ff f6 ff f7 ff f8 ff  ................
00005f00: f9 ff fa ff fb ff fc ff fd ff fe ff fe ff ff ff  ................
00005f10: 00 00 01 00 01 00 02 00 03 00 03 00 04 00 05 00  ................
00005f20: 05 00 06 00 07 00 07 00 08 00 09 00 0a 00 0a 00  ................
00005f30: 0b 00 0c 00 0d 00 0e 00 0f 00 10 00 11 00 12 00  ................
00005f40: 13 00 14 00 15 00 16 00 17 00 18 00 19 00 1b 00  ................
00005f50: 1c 00 1d 00 1e 00 1f 00 20 00 22 00 23 00 24 00  ........ .".#.$.
00005f60: 25 00 26 00 27 00 29 00 2a 00 2b 00 2c 00 2d 00  %.&.'.).*.+.,.-.
00005f70: 2e 00 2f 00 30 00 31 00 33 00 34 00 35 00 36 00  ../.0.1.3.4.5.6.
00005f80: 37 00 38 00 38 00 39 00 3a 00 3b 00 3c 00 3d 00  7.8.8.9.:.;.<.=.
00005f90: 3d 00 3e 00 3f 00 3f 00 40 00 41 00 41 00 42 00  =.>.?.?.@.A.A.B.
00005fa0: 42 00 43 00 43 00 43 00 44 00 44 00 44 00 44 00  B.C.C.C.D.D.D.D.
00005fb0: 44 00 44 00 45 00 45 00 45 00 45 00 45 00 45 00  D.D.E.E.E.E.E.E.
00005fc0: 44 00 44 00 44 00 44 00 44 00 44 00 43 00 43 00  D.D.D.D.D.D.C.C.
00005fd0: 43 00 42 00 42 00 42 00 41 00 41 00 40 00 40 00  C.B.B.B.A.A.@.@.
00005fe0: 3f 00 3f 00 3e 00 3e 00 3d 00 3d 00 3c 00 3c 00  ?.?.>.>.=.=.<.<.
00005ff0: 3b 00 3b 00 3a 00 39 00 39 00 38 00 37 00 37 00  ;.;.:.9.9.8.7.7.
00006000: 36 00 35 00 35 00 34 00 33 00 33 00 32 00 31 00  6.5.5.4.3.3.2.1.
00006010: a7 ff a6 ff a6 ff a5 ff a4 ff a4 ff a3 ff a2 ff  ................
00006020: a2 ff a1 ff a0 ff a0 ff 9f ff 9e ff 9e ff 9d ff  ................
00006030: 9d ff 9c ff 9c ff 9b ff 9b ff 9a ff 9a ff 99 ff  ................
00006040: 99 ff 99 ff 98 ff 98 ff 98 ff 97 ff 97 ff 97 ff  ................
00006050: 97 ff 97 ff 96 ff 96 ff 96 ff 96 ff 96 ff 96 ff  ................
00006060: 96 ff 97 ff 97 ff 97 ff 97 ff 97 ff 98 ff 98 ff  ................
00006070: 99 ff 99 ff 9a ff 9a ff 9b ff 9b ff 9c ff 9d ff  ................
00006080: 9e ff 9f ff a0 ff a1 ff a2 ff a3 ff a4 ff a5 ff  ................
00006090: a6 ff a7 ff a9 ff aa ff ab ff ac ff ae ff af ff  ................
000060a0: b1 ff b2 ff b4 ff b5 ff b7 ff b8 ff ba ff bb ff  ................
000060b0: bd ff bf ff c0 ff c2 ff c4 ff c5 ff c7 ff c9 ff  ................
000060c0: ca ff cc ff ce ff cf ff d1 ff d3 ff d4 ff d6 ff  ................
000060d0: d8 ff d9 ff db ff dd ff de ff e0 ff e2 ff e3 ff  ................
000060e0: e5 ff e6 ff e8 ff e9 ff eb ff ec ff ee ff ef ff  ................
000060f0: f0 ff f2 ff f3 ff f4 ff f5 ff f7 ff f8 ff f9 ff  ................
00006100: fa ff fb ff fc ff fd ff fe ff ff ff 00 00 00 00  ................
00006110: 01 00 02 00 03 00 04 00 05 00 05 00 06 00 07 00  ................
00006120: 08 00 08 00 09 00 0a 00 0b 00 0c 00 0d 00 0e 00  ................
00006130: 0f 00 10 00 11 00 12 00 13 00 14 00 15 00 16 00  ................
00006140: 17 00 18 00 19 00 1b 00 1c 00 1d 00 1e 00 1f 00  ................
00006150: 20 00 22 00 23 00 24 00 25 00 26 00 28 00 29 00   .".#.$.%.&.(.).
00006160: 2a 00 2b 00 2c 00 2e 00 2f 00 30 00 31 00 32 00  *.+.,.../.0.1.2.
00006170: 33 00 34 00 36 00 37 00 38 00 39 00 3a 00 3b 00  3.4.6.7.8.9.:.;.
00006180: 3c 00 3d 00 3e 00 3f 00 40 00 41 00 42 00 43 00  <.=.>.?.@.A.B.C.
00006190: 44 00 44 00 45 00 46 00 47 00 48 00 48 00 49 00  D.D.E.F.G.H.H.I.
000061a0: 4a 00 4a 00 4b 00 4b 00 4c 00 4c 00 4d 00 4d 00  J.J.K.K.L.L.M.M.
000061b0: 4e 00 4e 00 4e 00 4e 00 4f 00 4f 00 4f 00 4f 00  N.N.N.N.O.O.O.O.
000061c0: 4f 00 4f 00 4f 00 50 00 50 00 50 00 50 00 4f 00  O.O.O.P.P.P.P.O.
000061d0: 4f 00 4f 00 4f 00 4f 00 4f 00 4f 00 4e 00 4e 00  O.O.O.O.O.O.N.N.
000061e0: 4e 00 4e 00 4d 00 4d 00 4d 00 4d 00 4c 00 4c 00  N.N.M.M.M.M.L.L.
000061f0: 4c 00 4b 00 4b 00 4a 00 4a 00 4a 00 49 00 49 00  L.K.K.J.J.J.I.I.
00006200: 48 00 48 00 48 00 47 00 47 00 46 00 46 00 45 00  H.H.H.G.G.F.F.E.
00006210: 00 00 24 00 70 00 80 00 8c 00 c6 00 ff 00 00 00  ..$.p...........
00006220: 00 00 00 00 00 00 00 00 00 00 00 00 00 00 00 00  ................
00006230: 00 00 36 00 74 00 80 00 8a 00 cc 00 ff 00 00 00  ..6.t...........
00006240: 00 00 00 00 00 00 00 00 00 00 00 00 00 00 00 00  ................
00006250: 01 00 04 00 01 00 03 00 02 00 01 00 18 00 00 00  ................
00006260: 01 00 b8 ff b8 ff b8 ff b8 ff b8 ff b6 ff b4 ff  ................
00006270: b2 ff b0 ff ae ff ad ff ab ff a9 ff a7 ff a5 ff  ................
00006280: a3 ff a2 ff a0 ff 9e ff 9c ff 9b ff 99 ff 97 ff  ................
00006290: 96 ff 94 ff 93 ff 92 ff 90 ff 8f ff 8e ff 8d ff  ................
000062a0: 8c ff 8b ff 8a ff 89 ff 88 ff 87 ff 86 ff 86 ff  ................
000062b0: 85 ff 85 ff 85 ff 84 ff 84 ff 84 ff 84 ff 84 ff  ................
000062c0: 85 ff 85 ff 85 ff 86 ff 86 ff 87 ff 88 ff 88 ff  ................
000062d0: 89 ff 8a ff 8b ff 8c ff 8d ff 8f ff 90 ff 91 ff  ................
000062e0: 93 ff 94 ff 96 ff 97 ff 99 ff 9a ff 9c ff 9e ff  ................
000062f0: 9f ff a1 ff a3 ff a5 ff a7 ff a9 ff aa ff ac ff  ................
00006300: ae ff b0 ff b2 ff b4 ff b6 ff b8 ff bb ff bd ff  ................
00006310: bf ff c1 ff c3 ff c5 ff c7 ff c9 ff cb ff cd ff  ................
00006320: cf ff d1 ff d3 ff d5 ff d7 ff d9 ff db ff dd ff  ................
00006330: df ff e0 ff e2 ff e4 ff e6 ff e7 ff e9 ff eb ff  ................
00006340: ec ff ee ff ef ff f0 ff f2 ff f3 ff f4 ff f5 ff  ................
00006350: f7 ff f8 ff f9 ff fa ff fb ff fc ff fd ff fe ff  ................
00006360: ff ff ff ff 00 00 01 00 02 00 03 00 04 00 05 00  ................
00006370: 06 00 06 00 07 00 08 00 09 00 0a 00 0b 00 0c 00  ................
00006380: 0d 00 0e 00 0f 00 10 00 11 00 12 00 13 00 15 00  ................
00006390: 16 00 17 00 18 00 19 00 1b 00 1c 00 1d 00 1e 00  ................
000063a0: 20 00 21 00 22 00 23 00 25 00 26 00 27 00 28 00   .!.".#.%.&.'.(.
000063b0: 2a 00 2b 00 2c 00 2d 00 2f 00 30 00 31 00 32 00  *.+.,.-./.0.1.2.
000063c0: 34 00 35 00 36 00 37 00 38 00 3a 00 3b 00 3c 00  4.5.6.7.8.:.;.<.
000063d0: 3d 00 3e 00 3f 00 40 00 41 00 42 00 43 00 44 00  =.>.?.@.A.B.C.D.
000063e0: 45 00 46 00 47 00 47 00 48 00 49 00 4a 00 4a 00  E.F.G.G.H.I.J.J.
000063f0: 4b 00 4b 00 4c 00 4d 00 4d 00 4d 00 4e 00 4e 00  K.K.L.M.M.M.N.N.
00006400: 4f 00 4f 00 4f 00 4f 00 4f 00 4f 00 50 00 50 00  O.O.O.O.O.O.P.P.
00006410: 50 00 50 00 50 00 4f 00 4f 00 4f 00 4f 00 4f 00  P.P.P.O.O.O.O.O.
00006420: 4f 00 4e 00 4e 00 4e 00 4d 00 4d 00 4d 00 4c 00  O.N.N.N.M.M.M.L.
00006430: 4c 00 4b 00 4b 00 4a 00 4a 00 49 00 49 00 48 00  L.K.K.J.J.I.I.H.
00006440: 48 00 47 00 47 00 46 00 45 00 45 00 44 00 43 00  H.G.G.F.E.E.D.C.
00006450: 43 00 42 00 41 00 41 00 40 00 3f 00 3f 00 3e 00  C.B.A.A.@.?.?.>.
00006460: 3d 00 8a ff 89 ff 88 ff 88 ff 87 ff 86 ff 86 ff  =...............
00006470: 85 ff 85 ff 84 ff 83 ff 83 ff 82 ff 82 ff 81 ff  ................
00006480: 81 ff 80 ff 80 ff 7f ff 7f ff 7f ff 7e ff 7e ff  ............~.~.
00006490: 7e ff 7e ff 7d ff 7d ff 7d ff 7d ff 7d ff 7d ff  ~.~.}.}.}.}.}.}.
000064a0: 7d ff 7d ff 7d ff 7d ff 7d ff 7e ff 7e ff 7e ff  }.}.}.}.}.~.~.~.
000064b0: 7f ff 7f ff 80 ff 80 ff 81 ff 81 ff 82 ff 83 ff  ................
000064c0: 84 ff 85 ff 86 ff 87 ff 88 ff 89 ff 8a ff 8b ff  ................
000064d0: 8d ff 8e ff 90 ff 91 ff 93 ff 94 ff 96 ff 97 ff  ................
000064e0: 99 ff 9b ff 9c ff 9e ff a0 ff a2 ff a3 ff a5 ff  ................
000064f0: a7 ff a9 ff ab ff ad ff af ff b1 ff b3 ff b5 ff  ................
00006500: b7 ff b9 ff bb ff bd ff bf ff c1 ff c3 ff c5 ff  ................
00006510: c7 ff c9 ff cb ff cd ff ce ff d0 ff d2 ff d4 ff  ................
00006520: d6 ff d8 ff da ff dc ff dd ff df ff e1 ff e2 ff  ................
00006530: e4 ff e6 ff e7 ff e9 ff ea ff ec ff ed ff ee ff  ................
00006540: f0 ff f1 ff f2 ff f3 ff f4 ff f5 ff f6 ff f7 ff  ................
00006550: f8 ff f9 ff fa ff fb ff fc ff fc ff fd ff fe ff  ................
00006560: ff ff ff ff 00 00 01 00 02 00 03 00 04 00 05 00  ................
00006570: 06 00 06 00 07 00 08 00 09 00 0a 00 0c 00 0d 00  ................
00006580: 0e 00 0f 00 10 00 11 00 12 00 13 00 15 00 16 00  ................
00006590: 17 00 18 00 1a 00 1b 00 1c 00 1e 00 1f 00 20 00  .............. .
000065a0: 22 00 23 00 24 00 26 00 27 00 28 00 2a 00 2b 00  ".#.$.&.'.(.*.+.
000065b0: 2c 00 2e 00 2f 00 30 00 32 00 33 00 34 00 35 00  ,.../.0.2.3.4.5.
000065c0: 37 00 38 00 39 00 3a 00 3c 00 3d 00 3e 00 3f 00  7.8.9.:.<.=.>.?.
000065d0: 40 00 42 00 43 00 44 00 45 00 46 00 47 00 48 00  @.B.C.D.E.F.G.H.
000065e0: 49 00 4a 00 4b 00 4b 00 4c 00 4d 00 4e 00 4f 00  I.J.K.K.L.M.N.O.
000065f0: 4f 00 50 00 51 00 51 00 52 00 52 00 53 00 53 00  O.P.Q.Q.R.R.S.S.
00006600: 53 00 54 00 54 00 54 00 55 00 55 00 55 00 55 00  S.T.T.T.U.U.U.U.
00006610: 55 00 55 00 55 00 55 00 55 00 55 00 55 00 55 00  U.U.U.U.U.U.U.U.
00006620: 55 00 55 00 55 00 55 00 54 00 54 00 54 00 54 00  U.U.U.U.T.T.T.T.
00006630: 53 00 53 00 53 00 52 00 52 00 52 00 51 00 51 00  S.S.S.R.R.R.Q.Q.
00006640: 50 00 50 00 50 00 4f 00 4f 00 4e 00 4e 00 4d 00  P.P.P.O.O.N.N.M.
00006650: 4d 00 4c 00 4c 00 4b 00 4b 00 4a 00 4a 00 49 00  M.L.L.K.K.J.J.I.
00006660: 49 00 04 00 2a 00 72 00 80 00 8e 00 ca 00 ff 00  I...*.r.........
00006670: 00 00 00 00 00 00 00 00 00 00 00 00 00 00 00 00  ................
00006680: 00 00 00 00 2e 00 72 00 80 00 8e 00 ca 00 fe 00  ......r.........
00006690: ff 00 00 00 00 00 00 00 00 00 00 00 00 00 00 00  ................
000066a0: 00 00 01 00 04 00 01 00 05 00 02 00 01 00 18 00  ................
000066b0: 00 00 01 00 b0 ff b0 ff af ff af ff af ff ae ff  ................
000066c0: ae ff ad ff ad ff ad ff ac ff ac ff ab ff ab ff  ................
000066d0: ab ff aa ff aa ff a9 ff a9 ff a9 ff a8 ff a8 ff  ................
000066e0: a8 ff a7 ff a7 ff a6 ff a6 ff a6 ff a5 ff a5 ff  ................
000066f0: a5 ff a4 ff a4 ff a4 ff a4 ff a3 ff a3 ff a3 ff  ................
00006700: a3 ff a2 ff a2 ff a2 ff a2 ff a2 ff a2 ff a2 ff  ................
00006710: a2 ff a2 ff a2 ff a3 ff a3 ff a3 ff a3 ff a4 ff  ................
00006720: a4 ff a5 ff a5 ff a6 ff a6 ff a7 ff a8 ff a9 ff  ................
00006730: a9 ff aa ff ab ff ac ff ad ff af ff b0 ff b1 ff  ................
00006740: b3 ff b4 ff b6 ff b7 ff b9 ff ba ff bc ff be ff  ................
00006750: c0 ff c1 ff c3 ff c5 ff c7 ff c9 ff cb ff cd ff  ................
00006760: ce ff d0 ff d2 ff d4 ff d6 ff d8 ff da ff dc ff  ................
00006770: de ff df ff e1 ff e3 ff e5 ff e6 ff e8 ff ea ff  ................
00006780: eb ff ed ff ee ff f0 ff f1 ff f3 ff f4 ff f5 ff  ................
00006790: f6 ff f7 ff f8 ff f9 ff fa ff fa ff fb ff fc ff  ................
000067a0: fc ff fd ff fd ff fe ff fe ff fe ff ff ff ff ff  ................
000067b0: ff ff 00 00 00 00 00 00 01 00 01 00 01 00 02 00  ................
000067c0: 02 00 03 00 03 00 04 00 04 00 05 00 05 00 06 00  ................
000067d0: 07 00 07 00 08 00 09 00 0a 00 0b 00 0b 00 0c 00  ................
000067e0: 0d 00 0f 00 10 00 11 00 12 00 13 00 14 00 16 00  ................
000067f0: 17 00 18 00 19 00 1b 00 1c 00 1d 00 1f 00 20 00  .............. .
00006800: 22 00 23 00 24 00 26 00 27 00 29 00 2a 00 2b 00  ".#.$.&.'.).*.+.
00006810: 2d 00 2e 00 2f 00 31 00 32 00 33 00 35 00 36 00  -.../.1.2.3.5.6.
00006820: 37 00 38 00 3a 00 3b 00 3c 00 3d 00 3e 00 3f 00  7.8.:.;.<.=.>.?.
00006830: 40 00 41 00 42 00 43 00 43 00 44 00 45 00 45 00  @.A.B.C.C.D.E.E.
00006840: 46 00 47 00 47 00 48 00 48 00 49 00 49 00 4a 00  F.G.G.H.H.I.I.J.
00006850: 4a 00 4a 00 4a 00 4b 00 4b 00 4b 00 4b 00 4b 00  J.J.J.K.K.K.K.K.
00006860: 4b 00 4b 00 4c 00 4c 00 4b 00 4b 00 4b 00 4b 00  K.K.L.L.K.K.K.K.
00006870: 4b 00 4b 00 4b 00 4a 00 4a 00 4a 00 49 00 49 00  K.K.K.J.J.J.I.I.
00006880: 49 00 48 00 48 00 48 00 47 00 47 00 46 00 46 00  I.H.H.H.G.G.F.F.
00006890: 45 00 44 00 44 00 43 00 43 00 42 00 41 00 41 00  E.D.D.C.C.B.A.A.
000068a0: 40 00 3f 00 3f 00 3e 00 3d 00 3c 00 3c 00 3b 00  @.?.?.>.=.<.<.;.
000068b0: 3a 00 39 00 a0 ff a0 ff a0 ff a0 ff a0 ff a0 ff  :.9.............
000068c0: 9f ff 9f ff 9f ff 9f ff 9f ff 9f ff 9f ff 9f ff  ................
000068d0: 9f ff 9f ff 9f ff 9f ff 9f ff 9f ff 9f ff 9f ff  ................
000068e0: 9f ff 9f ff 9f ff 9f ff 9f ff 9f ff a0 ff a0 ff  ................
000068f0: a0 ff a0 ff a1 ff a1 ff a1 ff a2 ff a2 ff a3 ff  ................
00006900: a3 ff a4 ff a4 ff a5 ff a5 ff a6 ff a7 ff a8 ff  ................
00006910: a8 ff a9 ff aa ff ab ff ac ff ad ff ae ff af ff  ................
00006920: b0 ff b1 ff b3 ff b4 ff b5 ff b7 ff b8 ff b9 ff  ................
00006930: bb ff bc ff be ff bf ff c1 ff c2 ff c4 ff c6 ff  ................
00006940: c7 ff c9 ff cb ff cc ff ce ff d0 ff d1 ff d3 ff  ................
00006950: d5 ff d6 ff d8 ff da ff db ff dd ff df ff e0 ff  ................
00006960: e2 ff e4 ff e5 ff e7 ff e8 ff ea ff eb ff ec ff  ................
00006970: ee ff ef ff f0 ff f2 ff f3 ff f4 ff f5 ff f6 ff  ................
00006980: f7 ff f8 ff f9 ff fa ff fb ff fb ff fc ff fd ff  ................
00006990: fd ff fe ff fe ff fe ff ff ff ff ff ff ff ff ff  ................
000069a0: ff ff ff ff 00 00 00 00 00 00 00 00 00 00 00 00  ................
000069b0: 00 00 00 00 00 00 00 00 00 00 00 00 00 00 01 00  ................
000069c0: 01 00 01 00 01 00 02 00 02 00 02 00 03 00 03 00  ................
000069d0: 04 00 04 00 05 00 06 00 06 00 07 00 08 00 09 00  ................
000069e0: 0a 00 0b 00 0c 00 0d 00 0e 00 10 00 11 00 12 00  ................
000069f0: 14 00 15 00 17 00 18 00 1a 00 1b 00 1d 00 1f 00  ................
00006a00: 20 00 22 00 24 00 25 00 27 00 29 00 2b 00 2c 00   .".$.%.'.).+.,.
00006a10: 2e 00 30 00 31 00 33 00 35 00 37 00 38 00 3a 00  ..0.1.3.5.7.8.:.
00006a20: 3c 00 3d 00 3f 00 40 00 42 00 44 00 45 00 46 00  <.=.?.@.B.D.E.F.
00006a30: 48 00 49 00 4b 00 4c 00 4d 00 4e 00 4f 00 51 00  H.I.K.L.M.N.O.Q.
00006a40: 52 00 53 00 54 00 55 00 56 00 56 00 57 00 58 00  R.S.T.U.V.V.W.X.
00006a50: 59 00 5a 00 5a 00 5b 00 5c 00 5c 00 5d 00 5e 00  Y.Z.Z.[.\.\.].^.
00006a60: 5e 00 5f 00 5f 00 60 00 60 00 61 00 61 00 61 00  ^._._.`.`.a.a.a.
00006a70: 62 00 62 00 62 00 63 00 63 00 63 00 63 00 64 00  b.b.b.c.c.c.c.d.
00006a80: 64 00 64 00 64 00 64 00 64 00 65 00 65 00 65 00  d.d.d.d.d.e.e.e.
00006a90: 65 00 65 00 65 00 65 00 65 00 65 00 65 00 65 00  e.e.e.e.e.e.e.e.
00006aa0: 65 00 65 00 65 00 65 00 65 00 65 00 65 00 65 00  e.e.e.e.e.e.e.e.
00006ab0: 65 00 65 00 00 00 18 00 42 00 70 00 80 00 90 00  e.e.....B.p.....
00006ac0: be 00 f0 00 ff 00 00 00 00 00 00 00 00 00 00 00  ................
00006ad0: 00 00 00 00 00 00 36 00 6c 00 80 00 94 00 be 00  ......6.l.......
00006ae0: ff 00 00 00 00 00 00 00 00 00 00 00 00 00 00 00  ................
00006af0: 00 00 00 00 04 00 02 00 01 00 fe ff ff ff 00 00  ................
00006b00: 08 00 ff ff ff ff 40 00 28 00 1e 00 0a 00 b4 00  ......@.(.......
00006b10: 32 00 0c 00 ce 00 01 00 01 00 00 00 10 00 00 02  2...............
00006b20: ff 03 00 00 00 00 40 00 40 00 40 00 01 00 00 00  ......@.@.@.....
00006b30: 10 00 00 02 ff 03 00 00 00 00 40 00 40 00 40 00  ..........@.@.@.
00006b40: 01 00 00 00 10 00 00 02 ff 03 00 00 00 00 40 00  ..............@.
00006b50: 40 00 40 00 01 00 00 00 10 00 00 02 ff 03 00 00  @.@.............
00006b60: 00 00 3c 00 3c 00 3c 00 01 00 00 00 10 00 00 02  ..<.<.<.........
00006b70: ff 03 00 00 00 00 3c 00 3c 00 3c 00 01 00 00 00  ......<.<.<.....
00006b80: 10 00 00 02 ff 03 00 00 00 00 32 00 32 00 32 00  ..........2.2.2.
00006b90: 01 00 00 00 10 00 00 02 ff 03 00 00 00 00 32 00  ..............2.
00006ba0: 32 00 32 00 01 00 00 00 10 00 00 02 ff 03 00 00  2.2.............
00006bb0: 00 00 37 00 37 00 37 00 01 00 00 00 10 00 00 02  ..7.7.7.........
00006bc0: ff 03 00 00 00 00 37 00 37 00 37 00 01 00 00 00  ......7.7.7.....
00006bd0: f0 00 00 02 ff 03 00 00 00 00 32 00 40 00 40 00  ..........2.@.@.
00006be0: 0d 00 40 00 01 00 40 00 00 00 10 00 10 00 10 00  ..@...@.........
00006bf0: 10 00 10 00 18 00 10 00 10 00 18 00 10 00 10 00  ................
00006c00: 20 00 10 00 10 00 10 00 10 00 10 00 10 00 04 00   ...............
00006c10: 01 00 10 00 04 00 01 00 10 00 04 00 01 00 20 00  .............. .
00006c20: 0e 00 06 00 00 00 0f 00 0e 00 42 00 00 00 40 00  ..........B...@.
00006c30: 00 00 01 00 10 00 5c 10 01 00 00 00 78 00 01 00  ......\.....x...
00006c40: 01 00 01 00 dc 00 01 00 01 00 01 00 c8 00 01 00  ................
00006c50: 01 00 01 00 c8 00 01 00 01 00 01 00 c8 00 01 00  ................
00006c60: 01 00 01 00 64 00 01 00 01 00 01 00 32 00 01 00  ....d.......2...
00006c70: 01 00 01 00 48 00 01 00 01 00 01 00 48 00 01 00  ....H.......H...
00006c80: 01 00 01 00 48 00 01 00 01 00 00 00 00 00 00 00  ....H...........
00006c90: 00 00 00 00 00 00 00 00 00 00 00 00 00 00 00 00  ................
00006ca0: 00 00 00 00 00 00 00 00 00 00 00 00 00 00 00 00  ................
00006cb0: 00 00 00 00 00 00 00 00 00 00 00 00 00 00 00 00  ................
00006cc0: 00 00 00 00 00 00 00 00 00 00 00 00 00 00 00 00  ................
00006cd0: 00 00 00 00 00 00 00 00 00 00 00 00 00 00 00 00  ................
00006ce0: 00 00 00 00 00 00 00 00 00 00 00 00 00 00 00 00  ................
00006cf0: 00 00 00 00 00 00 00 00 00 00 00 00 00 00 00 00  ................
00006d00: 00 00 00 00 00 00 00 00 00 00 00 00 00 00 00 00  ................
00006d10: 00 00 00 00 00 00 00 00 00 00 00 00 00 00 00 00  ................
00006d20: 00 00 00 00 00 00 00 00 00 00 00 00 00 00 00 00  ................
00006d30: 00 00 00 00 00 00 00 00 00 00 00 00 00 00 00 00  ................
00006d40: 00 00 00 00 00 00 00 00 00 00 00 00 00 00 00 00  ................
00006d50: 00 00 00 00 00 00 00 00 00 00 00 00 00 00 00 00  ................
00006d60: 00 00 00 00 00 00 00 00 00 00 00 00 00 00 00 00  ................
00006d70: 00 00 00 00 00 00 00 00 00 00 00 00 00 00 00 00  ................
00006d80: 00 00 00 00 00 00 00 00 00 00 00 00 00 00 00 00  ................
00006d90: 00 00 00 00 00 00 00 00 00 00 00 00 00 00 00 00  ................
00006da0: 00 00 00 00 00 00 00 00 00 00 00 00 00 00 00 00  ................
00006db0: 00 00 00 00 00 00 00 00 00 00 00 00 00 00 00 00  ................
00006dc0: 00 00 00 00 00 00 00 00 00 00 00 00 00 00 00 00  ................
00006dd0: 00 00 00 00 00 00 00 00 00 00 00 00 00 00 00 00  ................
00006de0: 00 00 00 00 00 00 00 00 00 00 00 00 00 00 00 00  ................
00006df0: 00 00 00 00 00 00 00 00 00 00 00 00 00 00 00 00  ................
00006e00: 00 00 00 00 00 00 00 00 00 00 00 00 00 00 00 00  ................
00006e10: 00 00 00 00 00 00 00 00 00 00 00 00 00 00 00 00  ................
00006e20: 00 00 00 00 00 00 00 00 00 00 00 00 00 00 00 00  ................
00006e30: 00 00 00 00 00 00 00 00 00 00 00 00 00 00 00 00  ................
00006e40: 00 00 00 00 00 00 00 00 00 00 00 00 00 00 00 00  ................
00006e50: 00 00 00 00 00 00 00 00 00 00 00 00 00 00 00 00  ................
00006e60: 00 00 00 00 00 00 00 00 00 00 00 00 00 00 00 00  ................
00006e70: 00 00 00 00 00 00 00 00 00 00 00 00 00 00 00 00  ................
00006e80: 00 00 00 00 00 00 00 00 00 00 00 00 00 00 00 00  ................
00006e90: 00 00 00 00 00 00 00 00 00 00 00 00 00 00 00 00  ................
00006ea0: 00 00 00 00 00 00 00 00 00 00 00 00 00 00 00 00  ................
00006eb0: 00 00 00 00 00 00 00 00 00 00 00 00 00 00 00 00  ................
00006ec0: 00 00 00 00 00 00 00 00 00 00 00 00 00 00 00 00  ................
00006ed0: 00 00 00 00 00 00 00 00 00 00 00 00 00 00 00 00  ................
00006ee0: 00 00 00 00 00 00 00 00 00 00 00 00 00 00 00 00  ................
00006ef0: 00 00 00 00 00 00 00 00 00 00 00 00 00 00 00 00  ................
00006f00: 00 00 00 00 00 00 00 00 00 00 00 00 00 00 00 00  ................
00006f10: 00 00 00 00 00 00 00 00 00 00 00 00 00 00 00 00  ................
00006f20: 00 00 00 00 00 00 00 00 00 00 00 00 00 00 00 00  ................
00006f30: 00 00 00 00 00 00 00 00 00 00 00 00 00 00 00 00  ................
00006f40: 00 00 00 00 00 00 00 00 00 00 00 00 00 00 00 00  ................
00006f50: 00 00 00 00 00 00 00 00 00 00 00 00 00 00 00 00  ................
00006f60: 00 00 00 00 00 00 00 00 00 00 00 00 00 00 00 00  ................
00006f70: 00 00 00 00 00 00 00 00 00 00 00 00 00 00 00 00  ................
00006f80: 00 00 00 00 00 00 00 00 00 00 00 00 00 00 00 00  ................
00006f90: 00 00 00 00 00 00 00 00 00 00 00 00 00 00 00 00  ................
00006fa0: 00 00 00 00 00 00 00 00 00 00 00 00 00 00 00 00  ................
00006fb0: 00 00 00 00 00 00 00 00 00 00 00 00 00 00 00 00  ................
00006fc0: 00 00 00 00 00 00 00 00 00 00 00 00 00 00 00 00  ................
00006fd0: 00 00 00 00 00 00 00 00 00 00 00 00 00 00 00 00  ................
00006fe0: 00 00 00 00 00 00 00 00 00 00 00 00 00 00 00 00  ................
00006ff0: 00 00 00 00 00 00 00 00 00 00 00 00 00 00 00 00  ................
00007000: 00 00 00 00 00 00 00 00 00 00 00 00 00 00 00 00  ................
00007010: 00 00 00 00 00 00 00 00 00 00 00 00 00 00 00 00  ................
00007020: 00 00 00 00 00 00 00 00 00 00 00 00 00 00 00 00  ................
00007030: 00 00 00 00 00 00 00 00 00 00 00 00 00 00 00 00  ................
00007040: 00 00 00 00 00 00 00 00 00 00 00 00 00 00 00 00  ................
00007050: 00 00 00 00 00 00 00 00 00 00 00 00 00 00 00 00  ................
00007060: 00 00 00 00 00 00 00 00 00 00 00 00 00 00 00 00  ................
00007070: 00 00 00 00 00 00 00 00 00 00 00 00 00 00 00 00  ................
00007080: 00 00 00 00 00 00 00 00 00 00 00 00 00 00 00 00  ................
00007090: 00 00 00 00 00 00 00 00 00 00 00 00 00 00 00 00  ................
000070a0: 00 00 00 00 00 00 00 00 00 00 00 00 00 00 00 00  ................
000070b0: 00 00 00 00 00 00 00 00 00 00 00 00 00 00 00 00  ................
000070c0: 00 00 00 00 00 00 00 00 00 00 00 00 00 00 00 00  ................
000070d0: 00 00 00 00 00 00 00 00 00 00 00 00 00 00 00 00  ................
000070e0: 00 00 00 00 00 00 00 00 00 00 00 00 00 00 00 00  ................
000070f0: 00 00 00 00 00 00 00 00 00 00 00 00 00 00 00 00  ................
00007100: 00 00 00 00 00 00 00 00 00 00 00 00 00 00 00 00  ................
00007110: 00 00 00 00 00 00 00 00 00 00 00 00 00 00 00 00  ................
00007120: 00 00 00 00 00 00 00 00 00 00 00 00 00 00 00 00  ................
00007130: 00 00 00 00 00 00 00 00 00 00 00 00 00 00 00 00  ................
00007140: 00 00 00 00 00 00 00 00 00 00 00 00 00 00 00 00  ................
00007150: 00 00 00 00 00 00 00 00 00 00 00 00 00 00 00 00  ................
00007160: 00 00 00 00 00 00 00 00 00 00 00 00 00 00 00 00  ................
00007170: 00 00 00 00 00 00 00 00 00 00 00 00 00 00 00 00  ................
00007180: 00 00 00 00 00 00 00 00 00 00 00 00 00 00 00 00  ................
00007190: 00 00 00 00 00 00 00 00 00 00 00 00 00 00 00 00  ................
000071a0: 00 00 00 00 00 00 00 00 00 00 00 00 00 00 00 00  ................
000071b0: 00 00 00 00 00 00 00 00 00 00 00 00 00 00 00 00  ................
000071c0: 00 00 00 00 00 00 00 00 00 00 00 00 00 00 00 00  ................
000071d0: 00 00 00 00 00 00 00 00 00 00 00 00 00 00 00 00  ................
000071e0: 00 00 00 00 00 00 00 00 00 00 00 00 00 00 00 00  ................
000071f0: 00 00 00 00 00 00 00 00 00 00 00 00 00 00 00 00  ................
00007200: 00 00 00 00 00 00 00 00 00 00 00 00 00 00 00 00  ................
00007210: 00 00 00 00 00 00 00 00 00 00 00 00 00 00 00 00  ................
00007220: 00 00 00 00 00 00 00 00 00 00 00 00 00 00 00 00  ................
00007230: 00 00 00 00 00 00 00 00 00 00 00 00 00 00 00 00  ................
00007240: 00 00 00 00 00 00 00 00 00 00 00 00 00 00 00 00  ................
00007250: 00 00 00 00 00 00 00 00 00 00 00 00 00 00 00 00  ................
00007260: 00 00 00 00 00 00 00 00 00 00 00 00 00 00 00 00  ................
00007270: 00 00 00 00 00 00 00 00 00 00 00 00 00 00 00 00  ................
00007280: 00 00 00 00 00 00 00 00 00 00 00 00 00 00 00 00  ................
00007290: 00 00 00 00 00 00 00 00 00 00 00 00 00 00 00 00  ................
000072a0: 00 00 00 00 00 00 00 00 00 00 00 00 00 00 00 00  ................
000072b0: 00 00 00 00 00 00 00 00 00 00 00 00 00 00 00 00  ................
000072c0: 00 00 00 00 00 00 00 00 00 00 00 00 00 00 00 00  ................
000072d0: 00 00 00 00 00 00 00 00 00 00 00 00 00 00 00 00  ................
000072e0: 00 00 00 00 00 00 00 00 00 00 00 00 00 00 00 00  ................
000072f0: 00 00 00 00 00 00 00 00 00 00 00 00 00 00 00 00  ................
00007300: 00 00 00 00 00 00 00 00 00 00 00 00 00 00 00 00  ................
00007310: 00 00 00 00 00 00 00 00 00 00 00 00 00 00 00 00  ................
00007320: 00 00 00 00 00 00 00 00 00 00 00 00 00 00 00 00  ................
00007330: 00 00 00 00 00 00 00 00 00 00 00 00 00 00 00 00  ................
00007340: 00 00 00 00 00 00 00 00 00 00 00 00 00 00 00 00  ................
00007350: 00 00 00 00 00 00 00 00 00 00 00 00 00 00 00 00  ................
00007360: 00 00 00 00 00 00 00 00 00 00 00 00 00 00 00 00  ................
00007370: 00 00 00 00 00 00 00 00 00 00 00 00 00 00 00 00  ................
00007380: 00 00 00 00 00 00 00 00 00 00 00 00 00 00 00 00  ................
00007390: 00 00 00 00 00 00 00 00 00 00 00 00 00 00 00 00  ................
000073a0: 00 00 00 00 00 00 00 00 00 00 00 00 00 00 00 00  ................
000073b0: 00 00 00 00 00 00 00 00 00 00 00 00 00 00 00 00  ................
000073c0: 00 00 00 00 00 00 00 00 00 00 00 00 00 00 00 00  ................
000073d0: 00 00 00 00 00 00 00 00 00 00 00 00 00 00 00 00  ................
000073e0: 00 00 00 00 00 00 00 00 00 00 00 00 00 00 00 00  ................
000073f0: 00 00 00 00 00 00 00 00 00 00 00 00 00 00 00 00  ................
00007400: 00 00 00 00 00 00 00 00 00 00 00 00 00 00 00 00  ................
00007410: 00 00 00 00 00 00 00 00 00 00 00 00 00 00 00 00  ................
00007420: 00 00 00 00 00 00 00 00 00 00 00 00 00 00 00 00  ................
00007430: 00 00 00 00 00 00 00 00 00 00 00 00 00 00 00 00  ................
00007440: 00 00 00 00 00 00 00 00 00 00 00 00 00 00 00 00  ................
00007450: 00 00 00 00 00 00 00 00 00 00 00 00 00 00 00 00  ................
00007460: 00 00 00 00 00 00 00 00 00 00 00 00 00 00 00 00  ................
00007470: 00 00 00 00 00 00 00 00 00 00 00 00 00 00 00 00  ................
00007480: 00 00 00 00 00 00 00 00 00 00 00 00 00 00 00 00  ................
00007490: 00 00 00 00 00 00 00 00 00 00 00 00 00 00 00 00  ................
000074a0: 00 00 00 00 00 00 00 00 00 00 00 00 00 00 00 00  ................
000074b0: 00 00 00 00 00 00 00 00 00 00 00 00 00 00 00 00  ................
000074c0: 00 00 00 00 00 00 00 00 00 00 00 00 00 00 00 00  ................
000074d0: 00 00 00 00 00 00 00 00 00 00 00 00 00 00 00 00  ................
000074e0: 00 00 00 00 00 00 00 00 00 00 00 00 00 00 00 00  ................
000074f0: 00 00 00 00 00 00 00 00 00 00 00 00 00 00 00 00  ................
00007500: 00 00 00 00 00 00 00 00 00 00 00 00 00 00 00 00  ................
00007510: 00 00 00 00 00 00 00 00 00 00 00 00 00 00 00 00  ................
00007520: 00 00 00 00 00 00 00 00 00 00 00 00 00 00 00 00  ................
00007530: 00 00 00 00 00 00 00 00 00 00 00 00 00 00 00 00  ................
00007540: 00 00 00 00 00 00 00 00 00 00 00 00 00 00 00 00  ................
00007550: 00 00 00 00 00 00 00 00 00 00 00 00 00 00 00 00  ................
00007560: 00 00 00 00 00 00 00 00 00 00 00 00 00 00 00 00  ................
00007570: 00 00 00 00 00 00 00 00 00 00 00 00 00 00 00 00  ................
00007580: 00 00 00 00 00 00 00 00 00 00 00 00 00 00 00 00  ................
00007590: 00 00 00 00 00 00 00 00 00 00 00 00 00 00 00 00  ................
000075a0: 00 00 00 00 00 00 00 00 00 00 00 00 00 00 00 00  ................
000075b0: 00 00 00 00 00 00 00 00 00 00 00 00 00 00 00 00  ................
000075c0: 00 00 00 00 00 00 00 00 00 00 00 00 00 00 00 00  ................
000075d0: 00 00 00 00 00 00 00 00 00 00 00 00 00 00 00 00  ................
000075e0: 00 00 00 00 00 00 00 00 00 00 00 00 00 00 00 00  ................
000075f0: 00 00 00 00 00 00 00 00 00 00 00 00 00 00 00 00  ................
00007600: 00 00 00 00 00 00 00 00 00 00 00 00 00 00 00 00  ................
00007610: 00 00 00 00 00 00 00 00 00 00 00 00 00 00 00 00  ................
00007620: 00 00 00 00 00 00 00 00 00 00 00 00 00 00 00 00  ................
00007630: 00 00 00 00 00 00 00 00 00 00 00 00 00 00 00 00  ................
00007640: 00 00 00 00 00 00 00 00 00 00 00 00 00 00 00 00  ................
00007650: 00 00 00 00 00 00 00 00 00 00 00 00 00 00 00 00  ................
00007660: 00 00 00 00 00 00 00 00 00 00 00 00 00 00 00 00  ................
00007670: 00 00 00 00 00 00 00 00 00 00 00 00 00 00 00 00  ................
00007680: 00 00 00 00 00 00 00 00 00 00 00 00 00 00 00 00  ................
00007690: 00 00 00 00 00 00 00 00 00 00 00 00 00 00 00 00  ................
000076a0: 00 00 00 00 00 00 00 00 00 00 00 00 00 00 00 00  ................
000076b0: 00 00 00 00 00 00 00 00 00 00 00 00 00 00 00 00  ................
000076c0: 00 00 00 00 00 00 00 00 00 00 00 00 00 00 00 00  ................
000076d0: 00 00 00 00 00 00 00 00 00 00 00 00 00 00 00 00  ................
000076e0: 00 00 00 00 00 00 00 00 00 00 00 00 00 00 00 00  ................
000076f0: 00 00 00 00 00 00 00 00 00 00 00 00 00 00 00 00  ................
00007700: 00 00 00 00 00 00 00 00 00 00 00 00 00 00 00 00  ................
00007710: 00 00 00 00 00 00 00 00 00 00 00 00 00 00 00 00  ................
00007720: 00 00 00 00 00 00 00 00 00 00 00 00 00 00 00 00  ................
00007730: 00 00 00 00 00 00 00 00 00 00 00 00 00 00 00 00  ................
00007740: 00 00 00 00 00 00 00 00 00 00 00 00 00 00 00 00  ................
00007750: 00 00 00 00 00 00 00 00 00 00 00 00 00 00 00 00  ................
00007760: 00 00 00 00 00 00 00 00 00 00 00 00 00 00 00 00  ................
00007770: 00 00 00 00 00 00 00 00 00 00 00 00 00 00 00 00  ................
00007780: 00 00 00 00 00 00 00 00 00 00 00 00 00 00 00 00  ................
00007790: 00 00 00 00 00 00 00 00 00 00 00 00 00 00 00 00  ................
000077a0: 00 00 00 00 00 00 00 00 00 00 00 00 00 00 00 00  ................
000077b0: 00 00 00 00 00 00 00 00 00 00 00 00 00 00 00 00  ................
000077c0: 00 00 00 00 00 00 00 00 00 00 00 00 00 00 00 00  ................
000077d0: 00 00 00 00 00 00 00 00 00 00 00 00 00 00 00 00  ................
000077e0: 00 00 00 00 00 00 00 00 00 00 00 00 00 00 00 00  ................
000077f0: 00 00 00 00 00 00 00 00 00 00 00 00 00 00 00 00  ................
00007800: 00 00 00 00 00 00 00 00 00 00 00 00 00 00 00 00  ................
00007810: 00 00 00 00 00 00 00 00 00 00 00 00 00 00 00 00  ................
00007820: 00 00 00 00 00 00 00 00 00 00 00 00 00 00 00 00  ................
00007830: 00 00 00 00 00 00 00 00 00 00 00 00 00 00 00 00  ................
00007840: 00 00 00 00 00 00 00 00 00 00 00 00 00 00 00 00  ................
00007850: 00 00 00 00 00 00 00 00 00 00 00 00 00 00 00 00  ................
00007860: 00 00 00 00 00 00 00 00 00 00 00 00 00 00 00 00  ................
00007870: 00 00 00 00 00 00 00 00 00 00 00 00 00 00 00 00  ................
00007880: 00 00 00 00 00 00 00 00 00 00 00 00 00 00 00 00  ................
00007890: 00 00 00 00 00 00 00 00 00 00 00 00 00 00 00 00  ................
000078a0: 00 00 00 00 00 00 00 00 00 00 00 00 00 00 00 00  ................
000078b0: 00 00 00 00 00 00 00 00 00 00 00 00 00 00 00 00  ................
000078c0: 00 00 00 00 00 00 00 00 00 00 00 00 00 00 00 00  ................
000078d0: 00 00 00 00 00 00 00 00 00 00 00 00 00 00 00 00  ................
000078e0: 00 00 00 00 00 00 00 00 00 00 00 00 00 00 00 00  ................
000078f0: 00 00 00 00 00 00 00 00 00 00 00 00 00 00 00 00  ................
00007900: 00 00 00 00 00 00 00 00 00 00 00 00 00 00 00 00  ................
00007910: 00 00 00 00 00 00 00 00 00 00 00 00 00 00 00 00  ................
00007920: 00 00 00 00 00 00 00 00 00 00 00 00 00 00 00 00  ................
00007930: 00 00 00 00 00 00 00 00 00 00 00 00 00 00 00 00  ................
00007940: 00 00 00 00 00 00 00 00 00 00 00 00 00 00 00 00  ................
00007950: 00 00 00 00 00 00 00 00 00 00 00 00 00 00 00 00  ................
00007960: 00 00 00 00 00 00 00 00 00 00 00 00 00 00 00 00  ................
00007970: 00 00 00 00 00 00 00 00 00 00 00 00 00 00 00 00  ................
00007980: 00 00 00 00 00 00 00 00 00 00 00 00 00 00 00 00  ................
00007990: 00 00 00 00 00 00 00 00 00 00 00 00 00 00 00 00  ................
000079a0: 00 00 00 00 00 00 00 00 00 00 00 00 00 00 00 00  ................
000079b0: 00 00 00 00 00 00 00 00 00 00 00 00 00 00 00 00  ................
000079c0: 00 00 00 00 00 00 00 00 00 00 00 00 00 00 00 00  ................
000079d0: 00 00 00 00 00 00 00 00 00 00 00 00 00 00 00 00  ................
000079e0: 00 00 00 00 00 00 00 00 00 00 00 00 00 00 00 00  ................
000079f0: 00 00 00 00 00 00 00 00 00 00 00 00 00 00 00 00  ................
00007a00: 00 00 00 00 00 00 00 00 00 00 00 00 00 00 00 00  ................
00007a10: 00 00 00 00 00 00 00 00 00 00 00 00 00 00 00 00  ................
00007a20: 00 00 00 00 00 00 00 00 00 00 00 00 00 00 00 00  ................
00007a30: 00 00 00 00 00 00 00 00 00 00 00 00 00 00 00 00  ................
00007a40: 00 00 00 00 00 00 00 00 00 00 00 00 00 00 00 00  ................
00007a50: 00 00 00 00 00 00 00 00 00 00 00 00 00 00 00 00  ................
00007a60: 00 00 00 00 00 00 00 00 00 00 00 00 00 00 00 00  ................
00007a70: 00 00 00 00 00 00 00 00 00 00 00 00 00 00 00 00  ................
00007a80: 00 00 00 00 00 00 00 00 00 00 00 00 00 00 00 00  ................
00007a90: 00 00 00 00 00 00 00 00 00 00 00 00 00 00 00 00  ................
00007aa0: 00 00 00 00 00 00 00 00 00 00 00 00 00 00 00 00  ................
00007ab0: 00 00 00 00 00 00 00 00 00 00 00 00 00 00 00 00  ................
00007ac0: 00 00 00 00 00 00 00 00 00 00 00 00 00 00 00 00  ................
00007ad0: 00 00 00 00 00 00 00 00 00 00 00 00 00 00 00 00  ................
00007ae0: 00 00 00 00 00 00 00 00 00 00 00 00 00 00 00 00  ................
00007af0: 00 00 00 00 00 00 00 00 00 00 00 00 00 00 00 00  ................
00007b00: 00 00 00 00 00 00 00 00 00 00 00 00 00 00 00 00  ................
00007b10: 00 00 00 00 00 00 00 00 00 00 00 00 00 00 00 00  ................
00007b20: 00 00 00 00 00 00 00 00 00 00 00 00 00 00 00 00  ................
00007b30: 00 00 00 00 00 00 00 00 00 00 00 00 00 00 00 00  ................
00007b40: 00 00 00 00 00 00 00 00 00 00 00 00 00 00 00 00  ................
00007b50: 00 00 00 00 00 00 00 00 00 00 00 00 00 00 00 00  ................
00007b60: 00 00 00 00 00 00 00 00 00 00 00 00 00 00 00 00  ................
00007b70: 00 00 00 00 00 00 00 00 00 00 00 00 00 00 00 00  ................
00007b80: 00 00 00 00 00 00 00 00 00 00 00 00 00 00 00 00  ................
00007b90: 00 00 00 00 00 00 00 00 00 00 00 00 00 00 00 00  ................
00007ba0: 00 00 00 00 00 00 00 00 00 00 00 00 00 00 00 00  ................
00007bb0: 00 00 00 00 00 00 00 00 00 00 00 00 00 00 00 00  ................
00007bc0: 00 00 00 00 00 00 00 00 00 00 00 00 00 00 00 00  ................
00007bd0: 00 00 00 00 00 00 00 00 00 00 00 00 00 00 00 00  ................
00007be0: 00 00 00 00 00 00 00 00 00 00 00 00 00 00 00 00  ................
00007bf0: 00 00 00 00 00 00 00 00 00 00 00 00 00 00 00 00  ................
00007c00: 00 00 00 00 00 00 00 00 00 00 00 00 00 00 00 00  ................
00007c10: 00 00 00 00 00 00 00 00 00 00 00 00 00 00 00 00  ................
00007c20: 00 00 00 00 00 00 00 00 00 00 00 00 00 00 00 00  ................
00007c30: 00 00 00 00 00 00 00 00 00 00 00 00 00 00 00 00  ................
00007c40: 00 00 00 00 00 00 00 00 00 00 00 00 00 00 00 00  ................
00007c50: 00 00 00 00 00 00 00 00 00 00 00 00 00 00 00 00  ................
00007c60: 00 00 00 00 00 00 00 00 00 00 00 00 00 00 00 00  ................
00007c70: 00 00 00 00 00 00 00 00 00 00 00 00 00 00 00 00  ................
00007c80: 00 00 00 00 00 00 00 00 00 00 00 00 00 00 00 00  ................
00007c90: 11 00 04 01 06 00 06 00 06 00 06 00 06 00 06 00  ................
00007ca0: 06 00 06 00 06 00 06 00 06 00 06 00 06 00 06 00  ................
00007cb0: 06 00 06 00 06 00 09 00 09 00 09 00 09 00 09 00  ................
00007cc0: 09 00 09 00 09 00 09 00 09 00 09 00 09 00 09 00  ................
00007cd0: 09 00 06 00 06 00 09 00 0c 00 0c 00 0c 00 0c 00  ................
00007ce0: 0c 00 0c 00 0c 00 0c 00 0c 00 0c 00 0c 00 0c 00  ................
00007cf0: 09 00 06 00 06 00 09 00 0c 00 0f 00 0f 00 0f 00  ................
00007d00: 0f 00 0f 00 0f 00 0f 00 0f 00 0f 00 0f 00 0c 00  ................
00007d10: 09 00 06 00 06 00 09 00 0c 00 0f 00 0f 00 0f 00  ................
00007d20: 0f 00 0f 00 0f 00 0f 00 0f 00 0f 00 0f 00 0c 00  ................
00007d30: 09 00 06 00 06 00 09 00 0c 00 0f 00 0c 00 0c 00  ................
00007d40: 0c 00 0c 00 0c 00 0c 00 0c 00 0c 00 0c 00 0c 00  ................
00007d50: 09 00 06 00 06 00 09 00 09 00 09 00 09 00 09 00  ................
00007d60: 09 00 09 00 09 00 09 00 09 00 09 00 09 00 09 00  ................
00007d70: 09 00 06 00 06 00 06 00 06 00 06 00 06 00 06 00  ................
00007d80: 06 00 06 00 06 00 06 00 06 00 06 00 06 00 06 00  ................
00007d90: 06 00 06 00 12 00 2e 00 00 00 ff 04 00 00 cf 02  ................
00007da0: 00 00 00 00 00 00 00 00 00 00 00 00 00 00 00 00  ................
00007db0: 00 00 00 00 00 00 00 00 00 00 00 00 00 00 00 00  ................
00007dc0: 40 00 13 00 10 02 01 00 d3 01 00 01 3e 02 00 00  @...........>...
00007dd0: ff ff ff ff 0f 00 08 00 05 00 04 00 03 00 02 00  ................
00007de0: 02 00 01 00 01 00 01 00 01 00 01 00 01 00 01 00  ................
00007df0: 01 00 01 00 0f 00 c8 00 00 00 38 00 50 00 5e 00  ..........8.P.^.
00007e00: 73 00 78 00 48 00 56 00 6e 00 97 00 96 00 9a 00  s.x.H.V.n.......
00007e10: 8d 00 70 00 68 00 5b 00 97 00 94 00 6c 00 77 00  ..p.h.[.....l.w.
00007e20: 2c 00 5b 00 69 00 8b 00 9e 00 b0 00 60 00 65 00  ,.[.i.......`.e.
00007e30: 8b 00 79 00 94 00 e5 00 aa 00 9d 00 7a 00 6a 00  ..y.........z.j.
00007e40: b4 00 ad 00 86 00 67 00 32 00 80 00 5b 00 3a 00  ......g.2...[.:.
00007e50: 2f 00 24 00 70 00 62 00 35 00 2f 00 0a 00 e2 00  /.$.p.b.5./.....
00007e60: 80 00 60 00 40 00 36 00 96 00 7b 00 46 00 39 00  ..`.@.6...{.F.9.
00007e70: 07 00 14 00 20 4e 02 00 00 00 01 00 02 00 03 00  .... N..........
00007e80: 03 00 00 00 01 00 02 00 03 00 03 00 00 00 01 00  ................
00007e90: 00 00 00 04 00 00 00 01 00 00 00 04 00 00 00 01  ................
00007ea0: 00 00 00 04 00 00 00 01 00 00 0e 01 00 00 00 01  ................
00007eb0: 00 00 00 04 00 00 00 01 00 00 00 04 00 00 00 01  ................
00007ec0: 00 00 00 04 00 00 00 01 00 00 09 01 00 00 00 01  ................
00007ed0: 00 00 00 04 00 00 00 01 00 00 00 04 00 00 00 01  ................
00007ee0: 00 00 00 04 00 00 00 01 00 00 02 01 00 00 00 01  ................
00007ef0: 00 00 00 04 00 00 00 01 00 00 00 04 00 00 00 01  ................
00007f00: 00 00 00 04 00 00 00 01 00 00 00 01 00 00 00 01  ................
00007f10: 00 00 00 04 00 00 00 01 00 00 00 04 00 00 00 01  ................
00007f20: 00 00 00 04 00 00 00 01 00 00 fa 00 00 00 04 01  ................
00007f30: 00 00 00 04 00 00 00 01 00 00 00 04 00 00 00 01  ................
00007f40: 00 00 00 04 00 00 00 01 00 00 09 01 00 00 04 01  ................
00007f50: 00 00 00 04 00 00 00 01 00 00 00 04 00 00 00 01  ................
00007f60: 00 00 00 04 00 00 00 01 00 00 00 01 00 00 00 01  ................
00007f70: 00 00 00 04 00 00 00 01 00 00 00 04 00 00 00 01  ................
00007f80: 00 00 00 04 00 00 00 01 00 00 00 01 00 00 00 01  ................
00007f90: 00 00 00 04 00 00 00 01 00 00 00 04 00 00 00 01  ................
00007fa0: 00 00 00 04 00 00 00 01 00 00 00 01 00 00 00 01  ................
00007fb0: 00 00 00 04 00 00 00 01 00 00 00 04 00 00 00 01  ................
00007fc0: 00 00 00 04 00 00 00 01 00 00 00 01 00 00 00 01  ................
00007fd0: 00 00 14 00 f0 00 01 00 00 00 00 00 01 00 19 00  ................
00007fe0: 00 00 ee 02 00 00 0c 00 00 00 0a 00 00 00 53 07  ..............S.
00007ff0: 00 00 04 00 00 00 ee 02 00 00 01 00 00 00 00 01  ................
00008000: 00 00 00 01 00 00 00 01 00 00 00 01 00 00 00 1e  ................
00008010: 00 00 00 01 00 00 bb 00 00 00 05 00 00 00 2d 00  ..............-.
00008020: 00 00 00 00 00 00 01 00 00 00 01 00 00 00 02 00  ................
00008030: 00 00 02 00 00 00 04 00 00 00 04 00 00 00 08 00  ................
00008040: 00 00 08 00 00 00 10 00 00 00 10 00 00 00 20 00  .............. .
00008050: 00 00 20 00 00 00 40 00 00 00 40 00 00 00 80 00  .. ...@...@.....
00008060: 00 00 80 00 00 00 00 04 00 00 00 00 00 00 00 00  ................
00008070: 00 00 06 00 00 00 05 00 00 00 02 00 00 00 02 00  ................
00008080: 00 00 02 00 00 00 02 00 00 00 02 00 00 00 02 00  ................
00008090: 00 00 02 00 00 00 02 00 00 00 02 00 00 00 03 00  ................
000080a0: 00 00 04 00 00 00 05 00 00 00 06 00 00 00 07 00  ................
000080b0: 00 00 00 00 00 00 29 00 00 00 0a 00 00 00 05 00  ......).........
000080c0: 00 00 15 00 1e 00 00 00 00 00 00 00 00 00 05 00  ................
000080d0: 00 00 00 00 7a 25 38 0d 01 00 04 00 00 00 00 00  ....z%8.........
000080e0: 16 00 32 01 00 00 08 00 10 00 18 00 20 00 28 00  ..2......... .(.
000080f0: 30 00 38 00 40 00 48 00 50 00 58 00 60 00 68 00  0.8.@.H.P.X.`.h.
00008100: 70 00 78 00 80 00 88 00 90 00 98 00 a0 00 a8 00  p.x.............
00008110: b0 00 b8 00 c0 00 c8 00 d0 00 d8 00 e0 00 e8 00  ................
00008120: f0 00 f8 00 00 01 08 01 10 01 18 01 20 01 28 01  ............ .(.
00008130: 30 01 38 01 40 01 48 01 50 01 58 01 60 01 68 01  0.8.@.H.P.X.`.h.
00008140: 70 01 78 01 80 01 88 01 90 01 98 01 a0 01 a8 01  p.x.............
00008150: b0 01 b8 01 c0 01 c8 01 d0 01 d8 01 e0 01 e8 01  ................
00008160: f0 01 f8 01 00 02 08 02 10 02 18 02 20 02 28 02  ............ .(.
00008170: 30 02 38 02 40 02 48 02 50 02 58 02 60 02 68 02  0.8.@.H.P.X.`.h.
00008180: 70 02 78 02 80 02 88 02 90 02 98 02 a0 02 a8 02  p.x.............
00008190: b0 02 b8 02 c0 02 c8 02 d0 02 d8 02 e0 02 e8 02  ................
000081a0: f0 02 f8 02 00 03 08 03 10 03 18 03 20 03 28 03  ............ .(.
000081b0: 30 03 38 03 40 03 48 03 50 03 58 03 60 03 68 03  0.8.@.H.P.X.`.h.
000081c0: 70 03 78 03 80 03 88 03 90 03 98 03 a0 03 a8 03  p.x.............
000081d0: b0 03 b8 03 c0 03 c8 03 d0 03 d8 03 e0 03 e8 03  ................
000081e0: f0 03 f8 03 ff 03 00 00 10 00 20 00 30 00 40 00  .......... .0.@.
000081f0: 50 00 60 00 70 00 00 00 00 00 00 00 00 00 00 00  P.`.p...........
00008200: 00 00 00 00 00 00 00 00 00 00 00 00 00 00 00 00  ................
00008210: 00 00 17 00 e4 03 00 00 00 00 00 00 00 00 00 00  ................
00008220: 00 00 00 00 00 00 00 00 00 00 00 00 00 00 00 00  ................
00008230: 00 00 00 00 00 00 00 00 00 00 00 00 00 00 00 00  ................
00008240: 00 00 00 00 00 00 00 00 00 00 00 00 00 00 00 00  ................
00008250: 00 00 00 00 00 00 00 00 00 00 00 00 00 00 00 00  ................
00008260: 00 00 00 00 00 00 00 00 00 00 00 00 00 00 00 00  ................
00008270: 00 00 00 00 00 00 00 00 00 00 00 00 00 00 00 00  ................
00008280: 00 00 00 00 00 00 00 00 00 00 00 00 00 00 00 00  ................
00008290: 00 00 00 00 00 00 00 00 00 00 00 00 00 00 00 00  ................
000082a0: 00 00 00 00 00 00 00 00 00 00 00 00 00 00 00 00  ................
000082b0: 00 00 00 00 00 00 00 00 00 00 00 00 00 00 00 00  ................
000082c0: 00 00 00 00 00 00 00 00 00 00 00 00 00 00 00 00  ................
000082d0: 00 00 00 00 00 00 00 00 00 00 00 00 00 00 00 00  ................
000082e0: 00 00 00 00 00 00 00 00 00 00 00 00 00 00 00 00  ................
000082f0: 00 00 00 00 00 00 00 00 00 00 00 00 00 00 00 00  ................
00008300: 00 00 00 00 00 00 00 00 00 00 00 00 00 00 00 00  ................
00008310: 00 00 00 00 00 00 00 00 00 00 00 00 00 00 00 00  ................
00008320: 00 00 00 00 00 00 00 00 00 00 00 00 00 00 00 00  ................
00008330: 00 00 00 00 00 00 00 00 00 00 00 00 00 00 00 00  ................
00008340: 00 00 00 00 00 00 00 00 00 00 00 00 00 00 00 00  ................
00008350: 00 00 00 00 00 00 00 00 00 00 00 00 00 00 00 00  ................
00008360: 00 00 00 00 00 00 00 00 00 00 00 00 00 00 00 00  ................
00008370: 00 00 00 00 00 00 00 00 00 00 00 00 00 00 00 00  ................
00008380: 00 00 00 00 00 00 00 00 00 00 00 00 00 00 00 00  ................
00008390: 00 00 00 00 00 00 00 00 00 00 00 00 00 00 00 00  ................
000083a0: 00 00 00 00 00 00 00 00 00 00 00 00 00 00 00 00  ................
000083b0: 00 00 00 00 00 00 00 00 00 00 00 00 00 00 00 00  ................
000083c0: 00 00 00 00 00 00 00 00 00 00 00 00 00 00 00 00  ................
000083d0: 00 00 00 00 00 00 00 00 00 00 00 00 00 00 00 00  ................
000083e0: 00 00 00 00 00 00 00 00 00 00 00 00 00 00 00 00  ................
000083f0: 00 00 00 00 00 00 00 00 00 00 00 00 00 00 00 00  ................
00008400: 00 00 00 00 00 00 00 00 00 00 00 00 00 00 00 00  ................
00008410: 00 00 00 00 00 00 00 00 00 00 00 00 00 00 00 00  ................
00008420: 00 00 00 00 00 00 00 00 00 00 00 00 00 00 00 00  ................
00008430: 00 00 00 00 00 00 00 00 00 00 00 00 00 00 00 00  ................
00008440: 00 00 00 00 00 00 00 00 00 00 00 00 00 00 00 00  ................
00008450: 00 00 00 00 00 00 00 00 00 00 00 00 00 00 00 00  ................
00008460: 00 00 00 00 00 00 00 00 00 00 00 00 00 00 00 00  ................
00008470: 00 00 00 00 00 00 00 00 00 00 00 00 00 00 00 00  ................
00008480: 00 00 00 00 00 00 00 00 00 00 00 00 00 00 00 00  ................
00008490: 00 00 00 00 00 00 00 00 00 00 00 00 00 00 00 00  ................
000084a0: 00 00 00 00 00 00 00 00 00 00 00 00 00 00 00 00  ................
000084b0: 00 00 00 00 00 00 00 00 00 00 00 00 00 00 00 00  ................
000084c0: 00 00 00 00 00 00 00 00 00 00 00 00 00 00 00 00  ................
000084d0: 00 00 00 00 00 00 00 00 00 00 00 00 00 00 00 00  ................
000084e0: 00 00 00 00 00 00 00 00 00 00 00 00 00 00 00 00  ................
000084f0: 00 00 00 00 00 00 00 00 00 00 00 00 00 00 00 00  ................
00008500: 00 00 00 00 00 00 00 00 00 00 00 00 00 00 00 00  ................
00008510: 00 00 00 00 00 00 00 00 00 00 00 00 00 00 00 00  ................
00008520: 00 00 00 00 00 00 00 00 00 00 00 00 00 00 00 00  ................
00008530: 00 00 00 00 00 00 00 00 00 00 00 00 00 00 00 00  ................
00008540: 00 00 00 00 00 00 00 00 00 00 00 00 00 00 00 00  ................
00008550: 00 00 00 00 00 00 00 00 00 00 00 00 00 00 00 00  ................
00008560: 00 00 00 00 00 00 00 00 00 00 00 00 00 00 00 00  ................
00008570: 00 00 00 00 00 00 00 00 00 00 00 00 00 00 00 00  ................
00008580: 00 00 00 00 00 00 00 00 00 00 00 00 00 00 00 00  ................
00008590: 00 00 00 00 00 00 00 00 00 00 00 00 00 00 00 00  ................
000085a0: 00 00 00 00 00 00 00 00 00 00 00 00 00 00 00 00  ................
000085b0: 00 00 00 00 00 00 00 00 00 00 00 00 00 00 00 00  ................
000085c0: 00 00 00 00 00 00 00 00 00 00 00 00 00 00 00 00  ................
000085d0: 00 00 00 00 00 00 00 00 00 00 00 00 00 00 00 00  ................
000085e0: 00 00 00 00 00 00 00 00 00 00 00 00 00 00 00 00  ................
000085f0: 00 00 00 00 00 00 1c 00 24 02 f2 00 00 00 f6 00  ........$.......
00008600: 00 00 fc 00 04 00 f7 00 01 00 f8 00 0a 00 f9 00  ................
00008610: 00 00 fa 00 80 00 fc 00 0e 00 fe 00 00 00 03 00  ................
00008620: 02 00 04 00 34 00 05 00 02 00 06 00 86 00 07 00  ....4...........
00008630: 00 00 08 00 0a 00 09 00 00 00 0a 00 04 00 0b 00  ................
00008640: 00 00 0c 00 00 00 0d 00 02 00 0e 00 d4 00 0f 00  ................
00008650: 05 00 10 00 08 00 17 00 c3 00 18 00 02 00 19 00  ................
00008660: 08 00 1a 00 18 00 1d 00 12 00 1e 00 50 00 1f 00  ............P...
00008670: 80 00 21 00 30 00 23 00 f8 00 25 00 10 00 28 00  ..!.0.#...%...(.
00008680: 20 00 34 00 08 00 3c 00 10 00 3d 00 0e 00 cc 00   .4...<...=.....
00008690: 8e 00 cd 00 9a 00 cf 00 70 00 d0 00 a9 00 d1 00  ........p.......
000086a0: c5 00 d2 00 ed 00 d8 00 3c 00 d9 00 7a 00 da 00  ........<...z...
000086b0: 12 00 db 00 50 00 de 00 0c 00 e3 00 60 00 e4 00  ....P.......`...
000086c0: 78 00 fe 00 01 00 e3 00 01 00 e6 00 10 00 fe 00  x...............
000086d0: 01 00 80 00 50 00 88 00 23 00 89 00 03 00 90 00  ....P...#.......
000086e0: 01 00 92 00 03 00 94 00 04 00 95 00 02 00 96 00  ................
000086f0: d0 00 97 00 05 00 98 00 00 00 fe 00 01 00 40 00  ..............@.
00008700: 22 00 43 00 03 00 4e 00 3c 00 4f 00 00 00 60 00  ".C...N.<.O...`.
00008710: 00 00 61 00 80 00 fe 00 01 00 b0 00 48 00 b1 00  ..a.........H...
00008720: 01 00 b2 00 00 00 b6 00 00 00 fe 00 02 00 01 00  ................
00008730: 00 00 02 00 01 00 03 00 02 00 04 00 03 00 05 00  ................
00008740: 04 00 06 00 05 00 07 00 06 00 08 00 0e 00 09 00  ................
00008750: 16 00 0a 00 1e 00 0b 00 36 00 0c 00 3e 00 0d 00  ........6...>...
00008760: 56 00 fe 00 02 00 b0 00 00 00 b1 00 00 00 b2 00  V...............
00008770: 00 00 b3 00 11 00 b4 00 22 00 b5 00 54 00 b6 00  ........"...T...
00008780: b8 00 b7 00 60 00 b9 00 00 00 ba 00 c0 00 c0 00  ....`...........
00008790: 20 00 c1 00 2d 00 c2 00 40 00 c3 00 5b 00 c4 00   ...-...@...[...
000087a0: 80 00 c5 00 b5 00 c6 00 00 00 c7 00 6a 00 c8 00  ............j...
000087b0: 00 00 c9 00 d4 00 ca 00 00 00 cb 00 a8 00 cc 00  ................
000087c0: 00 00 cd 00 50 00 ce 00 00 00 cf 00 a1 00 fe 00  ....P...........
000087d0: 02 00 54 00 f7 00 55 00 f0 00 56 00 00 00 57 00  ..T...U...V...W.
000087e0: 00 00 58 00 00 00 5a 00 04 00 fe 00 04 00 81 00  ..X...Z.........
000087f0: 8a 00 fe 00 03 00 01 00 00 00 02 00 00 00 03 00  ................
00008800: 00 00 10 00 11 00 15 00 00 00 40 00 01 00 41 00  ..........@...A.
00008810: 00 00 fe 00 00 00 f2 00 0f 00 fe 00 00 00 03 00  ................
00008820: 00 00 79 6c 2d 30 33 32 32 00 00 00 00 00 00 00  ..yl-0322.......
00008830: 00 00 54 10 00 00 e3 07 08 1e 14 36 1f 01 00 00  ..T........6....
00008840: 00 00 1e 88 00 00 00 00 00 00 00 00 00 00 00 00  ................
00008850: 00 00 00 00 00 00 00 00 00 00 00 00 00 00 00 00  ................
00008860: 00 00 00 00 00 00 00 00 00 00 00 00 00 00 00 00  ................
00008870: 00 00 00 00 00 00 00 00 00 00 00 00 00 00 00 00  ................
00008880: 00 00 00 00 00 00 00 00 00 00 00 00 00 00 00 00  ................
00008890: 00 00 00 00 00 00 00 00 00 00 00 00 00 00 35 2e  ..............5.
000088a0: 32 32 20 62 6c 63 20 73 68 61 72 70 20 77 64 72  22 blc sharp wdr
000088b0: 20 79 75 76 65 66 66 65 63 74 0d 0a 38 2e 34 20   yuveffect..8.4 
000088c0: 73 68 61 72 70 20 77 64 72 20 64 65 6e 6f 69 73  sharp wdr denois
000088d0: 65 20 33 64 6e 72 0d 0a 38 2e 32 34 20 63 6f 6e  e 3dnr..8.24 con
000088e0: 74 72 61 73 74 00 00 00 00 00 00 00 00 00 00 00  trast...........
000088f0: 00 00 00 00 00 00 00 00 00 00 00 00 00 00 00 00  ................
00008900: 00 00 00 00 00 00 00 00 00 00 00 00 00 00 00 00  ................
00008910: 00 00 00 00 00 00 00 00 00 00 00 00 00 00 00 00  ................
00008920: 00 00 00 00 00 00 00 00 00 00 00 00 00 00 00 00  ................
00008930: 00 00 00 00 00 00 00 00 00 00 00 00 00 00 00 00  ................
00008940: 00 00 00 00 00 00 00 00 00 00 00 00 00 00 00 00  ................
00008950: 00 00 00 00 00 00 00 00 00 00 00 00 00 00 00 00  ................
00008960: 00 00 00 00 00 00 00 00 00 00 00 00 00 00 00 00  ................
00008970: 00 00 00 00 00 00 00 00 00 00 00 00 00 00 00 00  ................
00008980: 00 00 00 00 00 00 00 00 00 00 00 00 00 00 00 00  ................
00008990: 00 00 00 00 00 00 00 00 00 00 00 00 00 00 00 00  ................
000089a0: 00 00 00 00 00 00 00 00 00 00 00 00 00 00 00 00  ................
000089b0: 00 00 00 00 00 00 00 00 00 00 00 00 00 00 00 00  ................
000089c0: 00 00 00 00 00 00 00 00 00 00 00 00 00 00 00 00  ................
000089d0: 00 00 00 00 00 00 00 00 00 00 00 00 00 00 00 00  ................
000089e0: 00 00 00 00 00 00 00 00 00 00 00 00 00 00 00 00  ................
000089f0: 00 00 00 00 00 00 00 00 00 00 00 00 00 00 00 00  ................
00008a00: 00 00 00 00 00 00 00 00 00 00 00 00 00 00 00 00  ................
00008a10: 00 00 00 00 00 00 00 00 00 00 00 00 00 00 00 00  ................
00008a20: ba 00 01 00 01 00 40 00 40 00 40 00 40 00 1e 00  ......@.@.@.@...
00008a30: 1e 00 1e 00 1e 00 01 00 40 00 40 00 40 00 40 00  ........@.@.@.@.
00008a40: 00 00 00 00 00 00 00 00 01 00 40 00 40 00 40 00  ..........@.@.@.
00008a50: 40 00 00 00 00 00 00 00 00 00 01 00 40 00 40 00  @...........@.@.
00008a60: 40 00 40 00 00 00 00 00 00 00 00 00 01 00 40 00  @.@...........@.
00008a70: 40 00 40 00 40 00 0a 00 0a 00 0a 00 0a 00 01 00  @.@.@...........
00008a80: 40 00 40 00 40 00 40 00 1e 00 1e 00 1e 00 1e 00  @.@.@.@.........
00008a90: 01 00 40 00 40 00 40 00 40 00 1e 00 1e 00 1e 00  ..@.@.@.@.......
00008aa0: 1e 00 01 00 40 00 40 00 40 00 40 00 1e 00 1e 00  ....@.@.@.@.....
00008ab0: 1e 00 1e 00 01 00 42 00 42 00 40 00 42 00 28 00  ......B.B.@.B.(.
00008ac0: 28 00 28 00 28 00 01 00 42 00 42 00 42 00 42 00  (.(.(...B.B.B.B.
00008ad0: 28 00 28 00 28 00 28 00 01 00 c0 00 00 00 80 02  (.(.(.(.........
00008ae0: 68 01 0a 00 04 00 03 00 00 00 00 00 00 00 00 00  h...............
00008af0: 00 00 00 00 00 00 00 00 ff 00 ff 00 00 00 00 00  ................
00008b00: 00 00 00 00 00 00 00 00 00 00 00 00 04 00 03 00  ................
00008b10: 00 00 00 00 00 00 00 00 00 00 00 00 00 00 00 00  ................
00008b20: ff 00 ff 00 00 00 00 00 00 00 00 00 00 00 00 00  ................
00008b30: 00 00 00 00 04 00 03 00 00 00 00 00 00 00 00 00  ................
00008b40: 00 00 00 00 00 00 00 00 ff 00 ff 00 00 00 00 00  ................
00008b50: 00 00 00 00 00 00 00 00 00 00 00 00 04 00 03 00  ................
00008b60: 00 00 00 00 00 00 00 00 00 00 00 00 00 00 00 00  ................
00008b70: ff 00 ff 00 00 00 00 00 00 00 00 00 00 00 00 00  ................
00008b80: 00 00 00 00 1c 02 1c 02 1c 02 1c 02 1c 02 1c 02  ................
00008b90: 1c 02 1c 02 1c 02 1c 02 02 00 6c 03 00 00 08 00  ..........l.....
00008ba0: 10 00 18 00 20 00 28 00 30 00 38 00 40 00 48 00  .... .(.0.8.@.H.
00008bb0: 50 00 58 00 60 00 68 00 70 00 78 00 80 00 88 00  P.X.`.h.p.x.....
00008bc0: 90 00 98 00 a0 00 a8 00 b0 00 b8 00 c0 00 c8 00  ................
00008bd0: d0 00 d8 00 e0 00 e8 00 f0 00 f8 00 00 01 08 01  ................
00008be0: 10 01 18 01 20 01 28 01 30 01 38 01 40 01 48 01  .... .(.0.8.@.H.
00008bf0: 50 01 58 01 60 01 68 01 70 01 78 01 80 01 88 01  P.X.`.h.p.x.....
00008c00: 90 01 98 01 a0 01 a8 01 b0 01 b8 01 c0 01 c8 01  ................
00008c10: d0 01 d8 01 e0 01 e8 01 f0 01 f8 01 00 02 08 02  ................
00008c20: 10 02 18 02 20 02 28 02 30 02 38 02 40 02 48 02  .... .(.0.8.@.H.
00008c30: 50 02 58 02 60 02 68 02 70 02 78 02 80 02 88 02  P.X.`.h.p.x.....
00008c40: 90 02 98 02 a0 02 a8 02 b0 02 b8 02 c0 02 c8 02  ................
00008c50: d0 02 d8 02 e0 02 e8 02 f0 02 f8 02 00 03 08 03  ................
00008c60: 10 03 18 03 20 03 28 03 30 03 38 03 40 03 48 03  .... .(.0.8.@.H.
00008c70: 50 03 58 03 60 03 68 03 70 03 78 03 80 03 88 03  P.X.`.h.p.x.....
00008c80: 90 03 98 03 a0 03 a8 03 b0 03 b8 03 c0 03 c8 03  ................
00008c90: d0 03 d8 03 e0 03 e8 03 f0 03 f8 03 ff 03 00 00  ................
00008ca0: 08 00 10 00 18 00 20 00 28 00 30 00 38 00 40 00  ...... .(.0.8.@.
00008cb0: 48 00 50 00 58 00 60 00 68 00 70 00 78 00 80 00  H.P.X.`.h.p.x...
00008cc0: 88 00 90 00 98 00 a0 00 a8 00 b0 00 b8 00 c0 00  ................
00008cd0: c8 00 d0 00 d8 00 e0 00 e8 00 f0 00 f8 00 00 01  ................
00008ce0: 08 01 10 01 18 01 20 01 28 01 30 01 38 01 40 01  ...... .(.0.8.@.
00008cf0: 48 01 50 01 58 01 60 01 68 01 70 01 78 01 80 01  H.P.X.`.h.p.x...
00008d00: 88 01 90 01 98 01 a0 01 a8 01 b0 01 b8 01 c0 01  ................
00008d10: c8 01 d0 01 d8 01 e0 01 e8 01 f0 01 f8 01 00 02  ................
00008d20: 08 02 10 02 18 02 20 02 28 02 30 02 38 02 40 02  ...... .(.0.8.@.
00008d30: 48 02 50 02 58 02 60 02 68 02 70 02 78 02 80 02  H.P.X.`.h.p.x...
00008d40: 88 02 90 02 98 02 a0 02 a8 02 b0 02 b8 02 c0 02  ................
00008d50: c8 02 d0 02 d8 02 e0 02 e8 02 f0 02 f8 02 00 03  ................
00008d60: 08 03 10 03 18 03 20 03 28 03 30 03 38 03 40 03  ...... .(.0.8.@.
00008d70: 48 03 50 03 58 03 60 03 68 03 70 03 78 03 80 03  H.P.X.`.h.p.x...
00008d80: 88 03 90 03 98 03 a0 03 a8 03 b0 03 b8 03 c0 03  ................
00008d90: c8 03 d0 03 d8 03 e0 03 e8 03 f0 03 f8 03 ff 03  ................
00008da0: 00 00 08 00 10 00 18 00 20 00 28 00 30 00 38 00  ........ .(.0.8.
00008db0: 40 00 48 00 50 00 58 00 60 00 68 00 70 00 78 00  @.H.P.X.`.h.p.x.
00008dc0: 80 00 88 00 90 00 98 00 a0 00 a8 00 b0 00 b8 00  ................
00008dd0: c0 00 c8 00 d0 00 d8 00 e0 00 e8 00 f0 00 f8 00  ................
00008de0: 00 01 08 01 10 01 18 01 20 01 28 01 30 01 38 01  ........ .(.0.8.
00008df0: 40 01 48 01 50 01 58 01 60 01 68 01 70 01 78 01  @.H.P.X.`.h.p.x.
00008e00: 80 01 88 01 90 01 98 01 a0 01 a8 01 b0 01 b8 01  ................
00008e10: c0 01 c8 01 d0 01 d8 01 e0 01 e8 01 f0 01 f8 01  ................
00008e20: 00 02 08 02 10 02 18 02 20 02 28 02 30 02 38 02  ........ .(.0.8.
00008e30: 40 02 48 02 50 02 58 02 60 02 68 02 70 02 78 02  @.H.P.X.`.h.p.x.
00008e40: 80 02 88 02 90 02 98 02 a0 02 a8 02 b0 02 b8 02  ................
00008e50: c0 02 c8 02 d0 02 d8 02 e0 02 e8 02 f0 02 f8 02  ................
00008e60: 00 03 08 03 10 03 18 03 20 03 28 03 30 03 38 03  ........ .(.0.8.
00008e70: 40 03 48 03 50 03 58 03 60 03 68 03 70 03 78 03  @.H.P.X.`.h.p.x.
00008e80: 80 03 88 03 90 03 98 03 a0 03 a8 03 b0 03 b8 03  ................
00008e90: c0 03 c8 03 d0 03 d8 03 e0 03 e8 03 f0 03 f8 03  ................
00008ea0: ff 03 00 00 80 00 00 00 00 00 00 00 00 00 00 00  ................
00008eb0: 00 00 00 00 00 00 00 00 00 00 00 00 00 00 00 00  ................
00008ec0: 00 00 00 00 80 00 00 00 00 00 00 00 00 00 00 00  ................
00008ed0: 00 00 00 00 00 00 00 00 00 00 00 00 00 00 00 00  ................
00008ee0: 00 00 00 00 80 00 00 00 00 00 00 00 00 00 00 00  ................
00008ef0: 00 00 00 00 00 00 00 00 00 00 00 00 00 00 00 00  ................
00008f00: 00 00 00 00 03 00 dc 08 01 00 00 00 ff 03 84 03  ................
00008f10: 65 02 43 01 84 00 29 00 0a 00 01 00 00 00 00 00  e.C...).........
00008f20: 00 00 00 00 00 00 00 00 00 00 00 00 00 00 ff 03  ................
00008f30: 84 03 65 02 43 01 84 00 29 00 0a 00 01 00 00 00  ..e.C...).......
00008f40: 00 00 00 00 00 00 00 00 00 00 00 00 00 00 00 00  ................
00008f50: ff 03 84 03 65 02 43 01 84 00 29 00 0a 00 01 00  ....e.C...).....
00008f60: 00 00 00 00 00 00 00 00 00 00 00 00 00 00 00 00  ................
00008f70: 00 00 05 00 00 00 40 00 80 00 c0 00 00 01 40 01  ......@.......@.
00008f80: 80 01 c0 01 00 02 40 02 80 02 c0 02 00 03 40 03  ......@.......@.
00008f90: 80 03 c0 03 ff 03 00 00 02 00 04 00 06 00 08 00  ................
00008fa0: 0a 00 0c 00 0e 00 00 00 00 00 00 00 00 00 00 00  ................
00008fb0: 00 00 00 00 00 00 d0 07 d0 07 d0 07 01 00 ff 03  ................
00008fc0: 00 00 00 00 00 00 00 00 00 00 00 00 00 00 00 00  ................
00008fd0: 00 00 00 00 00 00 00 00 00 00 00 00 00 00 00 00  ................
00008fe0: ff 03 00 00 00 00 00 00 00 00 00 00 00 00 00 00  ................
00008ff0: 00 00 00 00 00 00 00 00 00 00 00 00 00 00 00 00  ................
00009000: 00 00 ff 03 00 00 00 00 00 00 00 00 00 00 00 00  ................
00009010: 00 00 00 00 00 00 00 00 00 00 00 00 00 00 00 00  ................
00009020: 00 00 00 00 06 00 00 00 82 00 f7 00 5b 01 b2 01  ............[...
00009030: fe 01 40 02 7d 02 b5 02 e8 02 17 03 43 03 6c 03  ..@.}.......C.l.
00009040: 93 03 b8 03 dc 03 ff 03 00 00 01 00 06 00 10 00  ................
00009050: 00 00 00 00 00 00 00 00 00 00 00 00 00 00 00 00  ................
00009060: 00 00 00 00 00 00 00 00 0a 00 0a 00 0a 00 01 00  ................
00009070: ff 03 00 00 00 00 00 00 00 00 00 00 00 00 00 00  ................
00009080: 00 00 00 00 00 00 00 00 00 00 00 00 00 00 00 00  ................
00009090: 00 00 ff 03 00 00 00 00 00 00 00 00 00 00 00 00  ................
000090a0: 00 00 00 00 00 00 00 00 00 00 00 00 00 00 00 00  ................
000090b0: 00 00 00 00 ff 03 00 00 00 00 00 00 00 00 00 00  ................
000090c0: 00 00 00 00 00 00 00 00 00 00 00 00 00 00 00 00  ................
000090d0: 00 00 00 00 00 00 06 00 00 00 71 00 dc 00 3c 01  ..........q...<.
000090e0: 92 01 e0 01 27 02 67 02 a2 02 d9 02 0b 03 39 03  ....'.g.......9.
000090f0: 64 03 8d 03 b4 03 da 03 ff 03 00 00 02 00 05 00  d...............
00009100: 10 00 00 00 00 00 00 00 00 00 00 00 00 00 00 00  ................
00009110: 00 00 00 00 00 00 00 00 00 00 0a 00 0a 00 0a 00  ................
00009120: 01 00 ff 03 00 00 00 00 00 00 00 00 00 00 00 00  ................
00009130: 00 00 00 00 00 00 00 00 00 00 00 00 00 00 00 00  ................
00009140: 00 00 00 00 ff 03 00 00 00 00 00 00 00 00 00 00  ................
00009150: 00 00 00 00 00 00 00 00 00 00 00 00 00 00 00 00  ................
00009160: 00 00 00 00 00 00 ff 03 00 00 00 00 00 00 00 00  ................
00009170: 00 00 00 00 00 00 00 00 00 00 00 00 00 00 00 00  ................
00009180: 00 00 00 00 00 00 00 00 06 00 00 00 88 00 fd 00  ................
00009190: 5e 01 b0 01 f9 01 39 02 73 02 a7 02 d7 02 04 03  ^.....9.s.......
000091a0: 2e 03 58 03 81 03 ab 03 d5 03 ff 03 00 00 01 00  ..X.............
000091b0: 04 00 0c 00 10 00 00 00 00 00 00 00 00 00 00 00  ................
000091c0: 00 00 00 00 00 00 00 00 00 00 00 00 14 00 14 00  ................
000091d0: 14 00 01 00 ff 03 06 00 00 00 00 00 00 00 00 00  ................
000091e0: 00 00 00 00 00 00 00 00 00 00 00 00 00 00 00 00  ................
000091f0: 00 00 00 00 00 00 ff 03 06 00 00 00 00 00 00 00  ................
00009200: 00 00 00 00 00 00 00 00 00 00 00 00 00 00 00 00  ................
00009210: 00 00 00 00 00 00 00 00 ff 03 06 00 00 00 00 00  ................
00009220: 00 00 00 00 00 00 00 00 00 00 00 00 00 00 00 00  ................
00009230: 00 00 00 00 00 00 00 00 00 00 05 00 00 00 40 00  ..............@.
00009240: 80 00 c0 00 00 01 40 01 80 01 c0 01 00 02 40 02  ......@.......@.
00009250: 80 02 c0 02 00 03 40 03 80 03 c0 03 ff 03 00 00  ......@.........
00009260: 10 00 00 00 00 00 00 00 00 00 00 00 00 00 00 00  ................
00009270: 00 00 00 00 00 00 00 00 00 00 00 00 00 00 32 00  ..............2.
00009280: 32 00 32 00 01 00 ff 03 e7 02 1c 01 39 00 06 00  2.2.........9...
00009290: 00 00 00 00 00 00 00 00 00 00 00 00 00 00 00 00  ................
000092a0: 00 00 00 00 00 00 00 00 ff 03 e7 02 1c 01 39 00  ..............9.
000092b0: 06 00 00 00 00 00 00 00 00 00 00 00 00 00 00 00  ................
000092c0: 00 00 00 00 00 00 00 00 00 00 ff 03 e7 02 1c 01  ................
000092d0: 39 00 06 00 00 00 00 00 00 00 00 00 00 00 00 00  9...............
000092e0: 00 00 00 00 00 00 00 00 00 00 00 00 05 00 00 00  ................
000092f0: 1c 00 4d 00 8c 00 ce 00 11 01 53 01 97 01 da 01  ..M.......S.....
00009300: 1e 02 62 02 a7 02 eb 02 30 03 75 03 ba 03 ff 03  ..b.....0.u.....
00009310: 00 00 01 00 03 00 10 00 00 00 00 00 00 00 00 00  ................
00009320: 00 00 00 00 00 00 00 00 00 00 00 00 00 00 00 00  ................
00009330: 20 03 20 03 20 03 01 00 ff 03 84 03 65 02 43 01   . . .......e.C.
00009340: 84 00 29 00 0a 00 01 00 00 00 00 00 00 00 00 00  ..).............
00009350: 00 00 00 00 00 00 00 00 00 00 ff 03 84 03 65 02  ..............e.
00009360: 43 01 84 00 29 00 0a 00 01 00 00 00 00 00 00 00  C...)...........
00009370: 00 00 00 00 00 00 00 00 00 00 00 00 ff 03 84 03  ................
00009380: 65 02 43 01 84 00 29 00 0a 00 01 00 00 00 00 00  e.C...).........
00009390: 00 00 00 00 00 00 00 00 00 00 00 00 00 00 04 00  ................
000093a0: 00 00 14 00 3b 00 72 00 b6 00 02 01 50 01 9c 01  ....;.r.....P...
000093b0: e6 01 2e 02 74 02 b8 02 fb 02 3d 03 7f 03 bf 03  ....t.....=.....
000093c0: ff 03 00 00 01 00 06 00 10 00 00 00 00 00 00 00  ................
000093d0: 00 00 00 00 00 00 00 00 00 00 00 00 00 00 00 00  ................
000093e0: 00 00 d0 07 d0 07 d0 07 01 00 ff 03 84 03 65 02  ..............e.
000093f0: 43 01 84 00 29 00 0a 00 01 00 00 00 00 00 00 00  C...)...........
00009400: 00 00 00 00 00 00 00 00 00 00 00 00 ff 03 84 03  ................
00009410: 65 02 43 01 84 00 29 00 0a 00 01 00 00 00 00 00  e.C...).........
00009420: 00 00 00 00 00 00 00 00 00 00 00 00 00 00 ff 03  ................
00009430: 84 03 65 02 43 01 84 00 29 00 0a 00 01 00 00 00  ..e.C...).......
00009440: 00 00 00 00 00 00 00 00 00 00 00 00 00 00 00 00  ................
00009450: 04 00 00 00 17 00 36 00 66 00 a4 00 ef 00 40 01  ......6.f.....@.
00009460: 8e 01 da 01 24 02 6b 02 b1 02 f6 02 39 03 7c 03  ....$.k.....9.|.
00009470: be 03 ff 03 00 00 01 00 04 00 05 00 10 00 00 00  ................
00009480: 00 00 00 00 00 00 00 00 00 00 00 00 00 00 00 00  ................
00009490: 00 00 00 00 d0 07 d0 07 d0 07 01 00 ff 03 e7 02  ................
000094a0: 1c 01 39 00 06 00 00 00 00 00 00 00 00 00 00 00  ..9.............
000094b0: 00 00 00 00 00 00 00 00 00 00 00 00 00 00 ff 03  ................
000094c0: e7 02 1c 01 39 00 06 00 00 00 00 00 00 00 00 00  ....9...........
000094d0: 00 00 00 00 00 00 00 00 00 00 00 00 00 00 00 00  ................
000094e0: ff 03 e7 02 1c 01 39 00 06 00 00 00 00 00 00 00  ......9.........
000094f0: 00 00 00 00 00 00 00 00 00 00 00 00 00 00 00 00  ................
00009500: 00 00 04 00 00 00 29 00 55 00 87 00 c1 00 04 01  ......).U.......
00009510: 4a 01 93 01 da 01 20 02 66 02 ab 02 f0 02 34 03  J..... .f.....4.
00009520: 78 03 bc 03 ff 03 00 00 03 00 06 00 10 00 00 00  x...............
00009530: 00 00 00 00 00 00 00 00 00 00 00 00 00 00 00 00  ................
00009540: 00 00 00 00 00 00 20 03 20 03 20 03 01 00 ff 03  ...... . . .....
00009550: 1c 01 06 00 00 00 00 00 00 00 00 00 00 00 00 00  ................
00009560: 00 00 00 00 00 00 00 00 00 00 00 00 00 00 00 00  ................
00009570: ff 03 1c 01 06 00 00 00 00 00 00 00 00 00 00 00  ................
00009580: 00 00 00 00 00 00 00 00 00 00 00 00 00 00 00 00  ................
00009590: 00 00 ff 03 1c 01 06 00 00 00 00 00 00 00 00 00  ................
000095a0: 00 00 00 00 00 00 00 00 00 00 00 00 00 00 00 00  ................
000095b0: 00 00 00 00 04 00 00 00 40 00 80 00 c0 00 00 01  ........@.......
000095c0: 40 01 80 01 c0 01 00 02 40 02 80 02 c0 02 00 03  @.......@.......
000095d0: 40 03 80 03 c0 03 ff 03 00 00 10 00 00 00 00 00  @...............
000095e0: 00 00 00 00 00 00 00 00 00 00 00 00 00 00 00 00  ................
000095f0: 00 00 00 00 00 00 00 00 c8 00 c8 00 c8 00 01 00  ................
00009600: 00 00 ff 03 84 03 65 02 43 01 84 00 29 00 0a 00  ......e.C...)...
00009610: 01 00 00 00 00 00 00 00 00 00 00 00 00 00 00 00  ................
00009620: 00 00 00 00 05 00 d0 07 00 00 00 00 00 00 00 00  ................
00009630: 01 00 ff 03 06 00 00 00 00 00 00 00 00 00 00 00  ................
00009640: 00 00 00 00 00 00 00 00 00 00 00 00 00 00 00 00  ................
00009650: 00 00 00 00 06 00 32 00 00 00 3c 00 01 00 00 00  ......2...<.....
00009660: 01 00 ff 03 06 00 00 00 00 00 00 00 00 00 00 00  ................
00009670: 00 00 00 00 00 00 00 00 00 00 00 00 00 00 00 00  ................
00009680: 00 00 00 00 06 00 32 00 00 00 3c 00 01 00 00 00  ......2...<.....
00009690: 01 00 ff 03 4f 00 00 00 00 00 00 00 00 00 00 00  ....O...........
000096a0: 00 00 00 00 00 00 00 00 00 00 00 00 00 00 00 00  ................
000096b0: 00 00 00 00 06 00 64 00 00 00 3c 00 01 00 00 00  ......d...<.....
000096c0: 01 00 ff 03 4f 00 00 00 00 00 00 00 00 00 00 00  ....O...........
000096d0: 00 00 00 00 00 00 00 00 00 00 00 00 00 00 00 00  ................
000096e0: 00 00 00 00 05 00 64 00 00 00 3c 00 01 00 00 00  ......d...<.....
000096f0: 01 00 ff 03 1c 01 06 00 00 00 00 00 00 00 00 00  ................
00009700: 00 00 00 00 00 00 00 00 00 00 00 00 00 00 00 00  ................
00009710: 00 00 00 00 05 00 c8 00 00 00 3c 00 01 00 00 00  ..........<.....
00009720: 01 00 ff 03 cc 03 42 03 85 02 c3 01 1c 01 a2 00  ......B.........
00009730: 53 00 26 00 10 00 06 00 02 00 00 00 00 00 00 00  S.&.............
00009740: 00 00 00 00 04 00 88 13 00 00 19 00 01 00 00 00  ................
00009750: 01 00 ff 03 cc 03 42 03 85 02 c3 01 1c 01 a2 00  ......B.........
00009760: 53 00 26 00 10 00 06 00 02 00 00 00 00 00 00 00  S.&.............
00009770: 00 00 00 00 04 00 88 13 00 00 00 00 00 00 00 00  ................
00009780: 01 00 ff 03 ac 03 d7 02 db 01 05 01 79 00 2f 00  ............y./.
00009790: 0f 00 04 00 01 00 00 00 00 00 00 00 00 00 00 00  ................
000097a0: 00 00 00 00 04 00 b8 0b 00 00 00 00 00 00 00 00  ................
000097b0: 01 00 ff 03 b4 01 21 00 00 00 00 00 00 00 00 00  ......!.........
000097c0: 00 00 00 00 00 00 00 00 00 00 00 00 00 00 00 00  ................
000097d0: 00 00 00 00 04 00 2c 01 00 00 00 00 00 00 00 00  ......,.........
000097e0: 04 00 40 04 01 00 00 00 01 00 00 00 00 00 01 00  ..@.............
000097f0: 01 00 00 00 01 00 01 00 08 00 08 00 78 00 01 00  ............x...
00009800: e8 03 d0 07 40 00 20 00 00 00 08 00 14 00 ff 03  ....@. .........
00009810: 18 03 6f 01 66 00 11 00 01 00 00 00 00 00 00 00  ..o.f...........
00009820: 00 00 00 00 00 00 00 00 00 00 00 00 00 00 00 00  ................
00009830: e8 03 02 00 00 00 0b 00 08 00 78 00 60 00 04 00  ..........x.`...
00009840: 01 00 e8 03 d0 07 40 00 18 00 00 00 08 00 14 00  ......@.........
00009850: 0a 00 00 00 00 00 01 00 01 00 01 00 01 00 00 00  ................
00009860: 01 00 01 00 08 00 08 00 40 00 01 00 dc 05 f0 0a  ........@.......
00009870: 18 00 0c 00 00 00 08 00 14 00 ff 03 1c 01 06 00  ................
00009880: 00 00 00 00 00 00 00 00 00 00 00 00 00 00 00 00  ................
00009890: 00 00 00 00 00 00 00 00 00 00 00 00 c8 00 02 00  ................
000098a0: 00 00 0b 00 08 00 40 00 00 00 0c 00 01 00 dc 05  ......@.........
000098b0: f0 0a 18 00 0c 00 00 00 08 00 14 00 96 00 00 00  ................
000098c0: 00 00 01 00 01 00 01 00 01 00 00 00 01 00 01 00  ................
000098d0: 08 00 08 00 40 00 01 00 dc 05 f0 0a 18 00 10 00  ....@...........
000098e0: 00 00 08 00 14 00 ff 03 18 03 6f 01 66 00 11 00  ..........o.f...
000098f0: 01 00 00 00 00 00 00 00 00 00 00 00 00 00 00 00  ................
00009900: 00 00 00 00 00 00 00 00 e8 03 02 00 00 00 0b 00  ................
00009910: 08 00 40 00 00 00 0c 00 01 00 dc 05 f0 0a 18 00  ..@.............
00009920: 10 00 00 00 08 00 14 00 96 00 00 00 00 00 01 00  ................
00009930: 01 00 01 00 01 00 00 00 01 00 01 00 08 00 08 00  ................
00009940: 40 00 01 00 08 07 28 0a 20 00 18 00 00 00 08 00  @.....(. .......
00009950: 14 00 ff 03 ac 03 d7 02 db 01 05 01 79 00 2f 00  ............y./.
00009960: 0f 00 04 00 01 00 00 00 00 00 00 00 00 00 00 00  ................
00009970: 00 00 00 00 b8 0b 02 00 00 00 0f 00 0c 00 40 00  ..............@.
00009980: 00 00 0c 00 01 00 08 07 28 0a 20 00 18 00 00 00  ........(. .....
00009990: 08 00 14 00 c8 00 00 00 00 00 01 00 01 00 01 00  ................
000099a0: 01 00 00 00 01 00 01 00 08 00 08 00 40 00 01 00  ............@...
000099b0: ac 0d f8 11 2e 00 18 00 00 00 08 00 14 00 ff 03  ................
000099c0: cc 03 42 03 85 02 c3 01 1c 01 a2 00 53 00 26 00  ..B.........S.&.
000099d0: 10 00 06 00 02 00 00 00 00 00 00 00 00 00 00 00  ................
000099e0: 88 13 02 00 00 00 0f 00 10 00 40 00 00 00 0c 00  ..........@.....
000099f0: 01 00 ac 0d f8 11 2e 00 18 00 00 00 08 00 1e 00  ................
00009a00: 96 00 00 00 00 00 01 00 01 00 01 00 01 00 00 00  ................
00009a10: 01 00 01 00 08 00 08 00 40 00 01 00 04 10 ec 13  ........@.......
00009a20: 40 00 20 00 00 00 08 00 14 00 ff 03 e6 03 9c 03  @. .............
00009a30: 2d 03 a7 02 1b 02 97 01 24 01 c6 00 80 00 4f 00  -.......$.....O.
00009a40: 2e 00 19 00 0d 00 06 00 03 00 01 00 10 27 01 00  .............'..
00009a50: 00 00 0f 00 18 00 40 00 00 00 0c 00 01 00 04 10  ......@.........
00009a60: ec 13 40 00 20 00 00 00 08 00 1e 00 64 00 00 00  ..@. .......d...
00009a70: 01 00 01 00 01 00 01 00 01 00 00 00 01 00 01 00  ................
00009a80: 08 00 08 00 78 00 01 00 18 15 90 1a 48 00 2a 00  ....x.......H.*.
00009a90: 00 00 08 00 14 00 ff 03 f7 03 dd 03 b4 03 7d 03  ..............}.
00009aa0: 3b 03 f1 02 a2 02 51 02 00 02 b4 01 6c 01 2b 01  ;.....Q.....l.+.
00009ab0: f2 00 c0 00 96 00 73 00 30 75 01 00 00 00 0f 00  ......s.0u......
00009ac0: 20 00 40 00 00 00 0c 00 01 00 18 15 90 1a 48 00   .@...........H.
00009ad0: 2a 00 00 00 08 00 1e 00 64 00 00 00 01 00 01 00  *.......d.......
00009ae0: 01 00 01 00 01 00 00 00 01 00 01 00 08 00 08 00  ................
00009af0: 78 00 01 00 58 1b 1c 25 40 00 20 00 00 00 08 00  x...X..%@. .....
00009b00: 14 00 ff 03 f9 03 e6 03 c6 03 9c 03 68 03 2d 03  ............h.-.
00009b10: ec 02 a7 02 61 02 1b 02 d8 01 97 01 5b 01 24 01  ....a.......[.$.
00009b20: f2 00 c6 00 40 9c 01 00 00 00 0f 00 40 00 78 00  ....@.......@.x.
00009b30: 10 00 0c 00 01 00 58 1b 1c 25 40 00 20 00 00 00  ......X..%@. ...
00009b40: 08 00 14 00 00 00 00 00 01 00 01 00 01 00 01 00  ................
00009b50: 01 00 00 00 01 00 01 00 08 00 08 00 78 00 01 00  ............x...
00009b60: 40 1f 10 27 40 00 20 00 00 00 08 00 14 00 ff 03  @..'@. .........
00009b70: f9 03 e6 03 c6 03 9c 03 68 03 2d 03 ec 02 a7 02  ........h.-.....
00009b80: 61 02 1b 02 d8 01 97 01 5b 01 24 01 f2 00 c6 00  a.......[.$.....
00009b90: 40 9c 02 00 00 00 0f 00 40 00 78 00 10 00 0c 00  @.......@.x.....
00009ba0: 01 00 40 1f 10 27 40 00 20 00 00 00 08 00 14 00  ..@..'@. .......
00009bb0: 00 00 00 00 01 00 01 00 01 00 01 00 01 00 01 00  ................
00009bc0: 01 00 01 00 08 00 08 00 78 00 04 00 e8 03 d0 07  ........x.......
00009bd0: 40 00 20 00 00 00 08 00 28 00 ff 03 18 03 6f 01  @. .....(.....o.
00009be0: 66 00 11 00 01 00 00 00 00 00 00 00 00 00 00 00  f...............
00009bf0: 00 00 00 00 00 00 00 00 00 00 00 00 e8 03 02 00  ................
00009c00: 00 00 0b 00 08 00 78 00 00 00 04 00 04 00 e8 03  ......x.........
00009c10: d0 07 40 00 18 00 00 00 08 00 28 00 32 00 00 00  ..@.......(.2...
00009c20: 05 00 56 00 00 00 00 00 14 00 0c 00 1e 00 00 00  ..V.............
00009c30: 14 00 04 00 78 00 00 00 14 00 04 00 78 00 00 00  ....x.......x...
00009c40: 14 00 0c 00 1e 00 00 00 14 00 0c 00 1e 00 00 00  ................
00009c50: 14 00 04 00 78 00 00 00 14 00 04 00 78 00 00 00  ....x.......x...
00009c60: 14 00 04 00 78 00 00 00 14 00 04 00 78 00 01 00  ....x.......x...
00009c70: 14 00 04 00 78 00 06 00 16 00 c0 00 00 00 00 00  ....x...........
00009c80: 37 00 3c 00 40 00 40 00 40 00 40 00 07 00 6c 03  7.<.@.@.@.@...l.
00009c90: 00 00 1b 00 35 00 4f 00 68 00 81 00 99 00 b0 00  ....5.O.h.......
00009ca0: c8 00 e0 00 f7 00 0d 01 23 01 38 01 4c 01 5e 01  ........#.8.L.^.
00009cb0: 70 01 81 01 90 01 9f 01 ad 01 bb 01 c8 01 d4 01  p...............
00009cc0: e0 01 ec 01 f7 01 02 02 0d 02 18 02 22 02 2c 02  ............".,.
00009cd0: 36 02 3f 02 48 02 51 02 5a 02 63 02 6b 02 73 02  6.?.H.Q.Z.c.k.s.
00009ce0: 7b 02 82 02 8a 02 91 02 98 02 9f 02 a5 02 ac 02  {...............
00009cf0: b2 02 b8 02 be 02 c4 02 ca 02 cf 02 d4 02 da 02  ................
00009d00: df 02 e4 02 e9 02 ed 02 f2 02 f7 02 fb 02 00 03  ................
00009d10: 04 03 08 03 0d 03 11 03 15 03 19 03 1d 03 21 03  ..............!.
00009d20: 25 03 29 03 2c 03 30 03 34 03 38 03 3b 03 3f 03  %.).,.0.4.8.;.?.
00009d30: 42 03 46 03 4a 03 4d 03 51 03 54 03 58 03 5b 03  B.F.J.M.Q.T.X.[.
00009d40: 5f 03 63 03 66 03 6a 03 6d 03 71 03 75 03 78 03  _.c.f.j.m.q.u.x.
00009d50: 7c 03 80 03 83 03 87 03 8b 03 8f 03 93 03 97 03  |...............
00009d60: 9b 03 9f 03 a3 03 a7 03 ab 03 af 03 b3 03 b7 03  ................
00009d70: bb 03 bf 03 c4 03 c8 03 cc 03 d0 03 d5 03 d9 03  ................
00009d80: dd 03 e1 03 e6 03 ea 03 ee 03 f3 03 f7 03 fb 03  ................
00009d90: ff 03 00 00 1b 00 35 00 4f 00 68 00 81 00 99 00  ......5.O.h.....
00009da0: b0 00 c8 00 e0 00 f7 00 0d 01 23 01 38 01 4c 01  ..........#.8.L.
00009db0: 5e 01 70 01 81 01 90 01 9f 01 ad 01 bb 01 c8 01  ^.p.............
00009dc0: d4 01 e0 01 ec 01 f7 01 02 02 0d 02 18 02 22 02  ..............".
00009dd0: 2c 02 36 02 3f 02 48 02 51 02 5a 02 63 02 6b 02  ,.6.?.H.Q.Z.c.k.
00009de0: 73 02 7b 02 82 02 8a 02 91 02 98 02 9f 02 a5 02  s.{.............
00009df0: ac 02 b2 02 b8 02 be 02 c4 02 ca 02 cf 02 d4 02  ................
00009e00: da 02 df 02 e4 02 e9 02 ed 02 f2 02 f7 02 fb 02  ................
00009e10: 00 03 04 03 08 03 0d 03 11 03 15 03 19 03 1d 03  ................
00009e20: 21 03 25 03 29 03 2c 03 30 03 34 03 38 03 3b 03  !.%.).,.0.4.8.;.
00009e30: 3f 03 42 03 46 03 4a 03 4d 03 51 03 54 03 58 03  ?.B.F.J.M.Q.T.X.
00009e40: 5b 03 5f 03 63 03 66 03 6a 03 6d 03 71 03 75 03  [._.c.f.j.m.q.u.
00009e50: 78 03 7c 03 80 03 83 03 87 03 8b 03 8f 03 93 03  x.|.............
00009e60: 97 03 9b 03 9f 03 a3 03 a7 03 ab 03 af 03 b3 03  ................
00009e70: b7 03 bb 03 bf 03 c4 03 c8 03 cc 03 d0 03 d5 03  ................
00009e80: d9 03 dd 03 e1 03 e6 03 ea 03 ee 03 f3 03 f7 03  ................
00009e90: fb 03 ff 03 00 00 1b 00 35 00 4f 00 68 00 81 00  ........5.O.h...
00009ea0: 99 00 b0 00 c8 00 e0 00 f7 00 0d 01 23 01 38 01  ............#.8.
00009eb0: 4c 01 5e 01 70 01 81 01 90 01 9f 01 ad 01 bb 01  L.^.p...........
00009ec0: c8 01 d4 01 e0 01 ec 01 f7 01 02 02 0d 02 18 02  ................
00009ed0: 22 02 2c 02 36 02 3f 02 48 02 51 02 5a 02 63 02  ".,.6.?.H.Q.Z.c.
00009ee0: 6b 02 73 02 7b 02 82 02 8a 02 91 02 98 02 9f 02  k.s.{...........
00009ef0: a5 02 ac 02 b2 02 b8 02 be 02 c4 02 ca 02 cf 02  ................
00009f00: d4 02 da 02 df 02 e4 02 e9 02 ed 02 f2 02 f7 02  ................
00009f10: fb 02 00 03 04 03 08 03 0d 03 11 03 15 03 19 03  ................
00009f20: 1d 03 21 03 25 03 29 03 2c 03 30 03 34 03 38 03  ..!.%.).,.0.4.8.
00009f30: 3b 03 3f 03 42 03 46 03 4a 03 4d 03 51 03 54 03  ;.?.B.F.J.M.Q.T.
00009f40: 58 03 5b 03 5f 03 63 03 66 03 6a 03 6d 03 71 03  X.[._.c.f.j.m.q.
00009f50: 75 03 78 03 7c 03 80 03 83 03 87 03 8b 03 8f 03  u.x.|...........
00009f60: 93 03 97 03 9b 03 9f 03 a3 03 a7 03 ab 03 af 03  ................
00009f70: b3 03 b7 03 bb 03 bf 03 c4 03 c8 03 cc 03 d0 03  ................
00009f80: d5 03 d9 03 dd 03 e1 03 e6 03 ea 03 ee 03 f3 03  ................
00009f90: f7 03 fb 03 ff 03 00 00 04 00 07 00 0d 00 18 00  ................
00009fa0: 3f 00 61 00 80 00 00 00 00 00 00 00 00 00 00 00  ?.a.............
00009fb0: 00 00 00 00 00 00 00 00 04 00 07 00 0d 00 18 00  ................
00009fc0: 3f 00 61 00 80 00 00 00 00 00 00 00 00 00 00 00  ?.a.............
00009fd0: 00 00 00 00 00 00 00 00 04 00 07 00 0d 00 18 00  ................
00009fe0: 3f 00 61 00 80 00 00 00 00 00 00 00 00 00 00 00  ?.a.............
00009ff0: 00 00 00 00 00 00 01 00 08 00 88 00 00 00 00 00  ................
0000a000: 00 00 ff 00 00 00 00 01 00 00 00 00 00 00 00 01  ................
0000a010: 00 00 00 00 00 00 00 01 01 00 00 00 ff 00 00 00  ................
0000a020: 88 01 a0 ff d8 ff a3 ff 98 01 c5 ff bf ff 5c fe  ..............\.
0000a030: e5 02 01 00 00 00 ff 00 00 00 c8 01 5d ff db ff  ............]...
0000a040: a1 ff c3 01 9c ff be ff 8d ff b5 01 01 00 00 00  ................
0000a050: ff 00 00 00 85 01 8c ff ef ff 9c ff 14 02 50 ff  ..............P.
0000a060: fd ff f6 fe 0d 02 01 00 00 00 ff 00 00 00 85 01  ................
0000a070: 8f ff ec ff a0 ff c1 01 9f ff f6 ff 2a ff e0 01  ............*...
0000a080: 09 00 6a 00 00 00 07 00 0d 00 01 00 01 00 14 00  ..j.............
0000a090: 07 00 0d 00 01 00 00 00 14 00 07 00 0d 00 01 00  ................
0000a0a0: 01 00 14 00 07 00 0d 00 01 00 01 00 14 00 07 00  ................
0000a0b0: 0d 00 01 00 01 00 14 00 07 00 0d 00 01 00 01 00  ................
0000a0c0: 14 00 07 00 0d 00 01 00 01 00 14 00 07 00 0d 00  ................
0000a0d0: 01 00 01 00 14 00 07 00 00 00 01 00 01 00 14 00  ................
0000a0e0: 07 00 0d 00 01 00 01 00 14 00 0a 00 ee 26 01 00  .............&..
0000a0f0: 1f 00 80 00 00 00 00 00 00 00 00 00 60 00 c0 00  ............`...
0000a100: 00 00 10 00 20 00 30 00 40 00 50 00 60 00 70 00  .... .0.@.P.`.p.
0000a110: 80 00 90 00 a0 00 b0 00 c0 00 d0 00 e0 00 f0 00  ................
0000a120: 00 01 10 01 20 01 30 01 40 01 50 01 60 01 70 01  .... .0.@.P.`.p.
0000a130: 80 01 90 01 a0 01 b0 01 c0 01 d0 01 e0 01 f0 01  ................
0000a140: 00 02 10 02 20 02 30 02 40 02 50 02 60 02 70 02  .... .0.@.P.`.p.
0000a150: 80 02 90 02 a0 02 b0 02 c0 02 d0 02 e0 02 f0 02  ................
0000a160: 00 03 10 03 20 03 30 03 40 03 50 03 60 03 70 03  .... .0.@.P.`.p.
0000a170: 80 03 90 03 a0 03 b0 03 c0 03 d0 03 e0 03 f0 03  ................
0000a180: ff 03 00 00 10 00 20 00 30 00 40 00 50 00 60 00  ...... .0.@.P.`.
0000a190: 70 00 80 00 90 00 a0 00 b0 00 c0 00 d0 00 e0 00  p...............
0000a1a0: f0 00 00 01 10 01 20 01 30 01 40 01 50 01 60 01  ...... .0.@.P.`.
0000a1b0: 70 01 80 01 90 01 a0 01 b0 01 c0 01 d0 01 e0 01  p...............
0000a1c0: f0 01 00 02 10 02 20 02 30 02 40 02 50 02 60 02  ...... .0.@.P.`.
0000a1d0: 70 02 80 02 90 02 a0 02 b0 02 c0 02 d0 02 e0 02  p...............
0000a1e0: f0 02 00 03 10 03 20 03 30 03 40 03 50 03 60 03  ...... .0.@.P.`.
0000a1f0: 70 03 80 03 90 03 a0 03 b0 03 c0 03 d0 03 e0 03  p...............
0000a200: f0 03 ff 03 00 00 10 00 20 00 30 00 40 00 50 00  ........ .0.@.P.
0000a210: 60 00 70 00 80 00 90 00 a0 00 b0 00 c0 00 d0 00  `.p.............
0000a220: e0 00 f0 00 00 01 10 01 20 01 30 01 40 01 50 01  ........ .0.@.P.
0000a230: 60 01 70 01 80 01 90 01 a0 01 b0 01 c0 01 d0 01  `.p.............
0000a240: e0 01 f0 01 00 02 10 02 20 02 30 02 40 02 50 02  ........ .0.@.P.
0000a250: 60 02 70 02 80 02 90 02 a0 02 b0 02 c0 02 d0 02  `.p.............
0000a260: e0 02 f0 02 00 03 10 03 20 03 30 03 40 03 50 03  ........ .0.@.P.
0000a270: 60 03 70 03 80 03 90 03 a0 03 b0 03 c0 03 d0 03  `.p.............
0000a280: e0 03 f0 03 ff 03 00 00 34 00 60 00 88 00 a4 00  ........4.`.....
0000a290: bc 00 d0 00 e4 00 f8 00 08 01 1c 01 2c 01 38 01  ............,.8.
0000a2a0: 48 01 58 01 64 01 70 01 80 01 8c 01 98 01 a0 01  H.X.d.p.........
0000a2b0: ac 01 b8 01 c4 01 d0 01 d8 01 e4 01 f0 01 fc 01  ................
0000a2c0: 08 02 14 02 20 02 2c 02 38 02 48 02 54 02 60 02  .... .,.8.H.T.`.
0000a2d0: 70 02 7c 02 8c 02 98 02 a8 02 b8 02 c4 02 d4 02  p.|.............
0000a2e0: e0 02 f0 02 00 03 10 03 1c 03 2c 03 3c 03 4c 03  ..........,.<.L.
0000a2f0: 5c 03 68 03 78 03 88 03 98 03 a8 03 b4 03 c4 03  \.h.x...........
0000a300: d4 03 e4 03 f4 03 ff 03 00 00 14 00 24 00 34 00  ............$.4.
0000a310: 44 00 54 00 68 00 78 00 88 00 9c 00 ac 00 c0 00  D.T.h.x.........
0000a320: d0 00 e4 00 f8 00 0c 01 20 01 34 01 4c 01 60 01  ........ .4.L.`.
0000a330: 74 01 88 01 a0 01 b4 01 c8 01 dc 01 f4 01 08 02  t...............
0000a340: 1c 02 30 02 40 02 54 02 68 02 78 02 88 02 9c 02  ..0.@.T.h.x.....
0000a350: a8 02 b8 02 c8 02 d4 02 e0 02 ec 02 f4 02 00 03  ................
0000a360: 08 03 10 03 1c 03 24 03 2c 03 34 03 40 03 4c 03  ......$.,.4.@.L.
0000a370: 58 03 64 03 70 03 7c 03 8c 03 98 03 a8 03 b8 03  X.d.p.|.........
0000a380: c4 03 d4 03 e4 03 f4 03 ff 03 00 00 10 00 20 00  .............. .
0000a390: 30 00 40 00 50 00 60 00 70 00 80 00 90 00 a0 00  0.@.P.`.p.......
0000a3a0: b0 00 c0 00 d0 00 e0 00 f0 00 00 01 10 01 20 01  .............. .
0000a3b0: 30 01 40 01 50 01 60 01 70 01 80 01 90 01 a0 01  0.@.P.`.p.......
0000a3c0: b0 01 c0 01 d0 01 e0 01 f0 01 00 02 10 02 20 02  .............. .
0000a3d0: 30 02 40 02 50 02 60 02 70 02 80 02 90 02 a0 02  0.@.P.`.p.......
0000a3e0: b0 02 c0 02 d0 02 e0 02 f0 02 00 03 10 03 20 03  .............. .
0000a3f0: 30 03 40 03 50 03 60 03 70 03 80 03 90 03 a0 03  0.@.P.`.p.......
0000a400: b0 03 c0 03 d0 03 e0 03 f0 03 ff 03 00 00 40 00  ..............@.
0000a410: 00 00 00 00 00 00 00 00 00 00 00 00 00 00 00 00  ................
0000a420: 00 00 00 00 00 00 00 00 00 00 00 00 00 00 40 00  ..............@.
0000a430: 00 00 00 00 00 00 00 00 00 00 00 00 00 00 00 00  ................
0000a440: 00 00 00 00 00 00 00 00 00 00 00 00 00 00 40 00  ..............@.
0000a450: 00 00 00 00 00 00 00 00 00 00 00 00 00 00 00 00  ................
0000a460: 00 00 00 00 00 00 00 00 00 00 00 00 00 00 02 00  ................
0000a470: 06 00 0c 00 1b 00 35 00 40 00 00 00 00 00 00 00  ......5.@.......
0000a480: 00 00 00 00 00 00 00 00 00 00 00 00 00 00 05 00  ................
0000a490: 0c 00 28 00 31 00 40 00 00 00 00 00 00 00 00 00  ..(.1.@.........
0000a4a0: 00 00 00 00 00 00 00 00 00 00 00 00 00 00 08 00  ................
0000a4b0: 10 00 18 00 20 00 28 00 30 00 38 00 00 00 00 00  .... .(.0.8.....
0000a4c0: 00 00 00 00 00 00 00 00 00 00 00 00 00 00 00 00  ................
0000a4d0: 08 00 00 01 1f 00 00 00 01 00 00 00 00 00 00 00  ................
0000a4e0: 60 00 c0 00 00 00 10 00 20 00 30 00 40 00 50 00  `....... .0.@.P.
0000a4f0: 60 00 70 00 80 00 90 00 a0 00 b0 00 c0 00 d0 00  `.p.............
0000a500: e0 00 f0 00 00 01 10 01 20 01 30 01 40 01 50 01  ........ .0.@.P.
0000a510: 60 01 70 01 80 01 90 01 a0 01 b0 01 c0 01 d0 01  `.p.............
0000a520: e0 01 f0 01 00 02 10 02 20 02 30 02 40 02 50 02  ........ .0.@.P.
0000a530: 60 02 70 02 80 02 90 02 a0 02 b0 02 c0 02 d0 02  `.p.............
0000a540: e0 02 f0 02 00 03 10 03 20 03 30 03 40 03 50 03  ........ .0.@.P.
0000a550: 60 03 70 03 80 03 90 03 a0 03 b0 03 c0 03 d0 03  `.p.............
0000a560: e0 03 f0 03 ff 03 00 00 10 00 20 00 30 00 40 00  .......... .0.@.
0000a570: 50 00 60 00 70 00 80 00 90 00 a0 00 b0 00 c0 00  P.`.p...........
0000a580: d0 00 e0 00 f0 00 00 01 10 01 20 01 30 01 40 01  .......... .0.@.
0000a590: 50 01 60 01 70 01 80 01 90 01 a0 01 b0 01 c0 01  P.`.p...........
0000a5a0: d0 01 e0 01 f0 01 00 02 10 02 20 02 30 02 40 02  .......... .0.@.
0000a5b0: 50 02 60 02 70 02 80 02 90 02 a0 02 b0 02 c0 02  P.`.p...........
0000a5c0: d0 02 e0 02 f0 02 00 03 10 03 20 03 30 03 40 03  .......... .0.@.
0000a5d0: 50 03 60 03 70 03 80 03 90 03 a0 03 b0 03 c0 03  P.`.p...........
0000a5e0: d0 03 e0 03 f0 03 ff 03 00 00 10 00 20 00 30 00  ............ .0.
0000a5f0: 40 00 50 00 60 00 70 00 80 00 90 00 a0 00 b0 00  @.P.`.p.........
0000a600: c0 00 d0 00 e0 00 f0 00 00 01 10 01 20 01 30 01  ............ .0.
0000a610: 40 01 50 01 60 01 70 01 80 01 90 01 a0 01 b0 01  @.P.`.p.........
0000a620: c0 01 d0 01 e0 01 f0 01 00 02 10 02 20 02 30 02  ............ .0.
0000a630: 40 02 50 02 60 02 70 02 80 02 90 02 a0 02 b0 02  @.P.`.p.........
0000a640: c0 02 d0 02 e0 02 f0 02 00 03 10 03 20 03 30 03  ............ .0.
0000a650: 40 03 50 03 60 03 70 03 80 03 90 03 a0 03 b0 03  @.P.`.p.........
0000a660: c0 03 d0 03 e0 03 f0 03 ff 03 00 00 23 00 44 00  ............#.D.
0000a670: 64 00 81 00 9c 00 b4 00 ca 00 de 00 f0 00 00 01  d...............
0000a680: 10 01 1e 01 2c 01 3a 01 48 01 56 01 64 01 72 01  ....,.:.H.V.d.r.
0000a690: 7f 01 8d 01 9b 01 a8 01 b6 01 c3 01 d1 01 de 01  ................
0000a6a0: ec 01 fa 01 07 02 15 02 22 02 30 02 3d 02 4b 02  ........".0.=.K.
0000a6b0: 59 02 66 02 74 02 82 02 90 02 9e 02 ab 02 b9 02  Y.f.t...........
0000a6c0: c7 02 d5 02 e4 02 f2 02 00 03 0e 03 1d 03 2b 03  ..............+.
0000a6d0: 3a 03 49 03 58 03 67 03 76 03 85 03 94 03 a3 03  :.I.X.g.v.......
0000a6e0: b2 03 c2 03 d1 03 e1 03 f0 03 ff 03 00 00 10 00  ................
0000a6f0: 20 00 30 00 40 00 50 00 60 00 70 00 80 00 90 00   .0.@.P.`.p.....
0000a700: a0 00 b0 00 c0 00 d0 00 e0 00 f0 00 00 01 10 01  ................
0000a710: 20 01 30 01 40 01 50 01 60 01 70 01 80 01 90 01   .0.@.P.`.p.....
0000a720: a0 01 b0 01 c0 01 d0 01 e0 01 f0 01 00 02 10 02  ................
0000a730: 20 02 30 02 40 02 50 02 60 02 70 02 80 02 90 02   .0.@.P.`.p.....
0000a740: a0 02 b0 02 c0 02 d0 02 e0 02 f0 02 00 03 10 03  ................
0000a750: 20 03 30 03 40 03 50 03 60 03 70 03 80 03 90 03   .0.@.P.`.p.....
0000a760: a0 03 b0 03 c0 03 d0 03 e0 03 f0 03 ff 03 00 00  ................
0000a770: 10 00 20 00 30 00 40 00 50 00 60 00 70 00 80 00  .. .0.@.P.`.p...
0000a780: 90 00 a0 00 b0 00 c0 00 d0 00 e0 00 f0 00 00 01  ................
0000a790: 10 01 20 01 30 01 40 01 50 01 60 01 70 01 80 01  .. .0.@.P.`.p...
0000a7a0: 90 01 a0 01 b0 01 c0 01 d0 01 e0 01 f0 01 00 02  ................
0000a7b0: 10 02 20 02 30 02 40 02 50 02 60 02 70 02 80 02  .. .0.@.P.`.p...
0000a7c0: 90 02 a0 02 b0 02 c0 02 d0 02 e0 02 f0 02 00 03  ................
0000a7d0: 10 03 20 03 30 03 40 03 50 03 60 03 70 03 80 03  .. .0.@.P.`.p...
0000a7e0: 90 03 a0 03 b0 03 c0 03 d0 03 e0 03 f0 03 ff 03  ................
0000a7f0: 00 00 40 00 00 00 00 00 00 00 00 00 00 00 00 00  ..@.............
0000a800: 00 00 00 00 00 00 00 00 00 00 00 00 00 00 00 00  ................
0000a810: 00 00 40 00 00 00 00 00 00 00 00 00 00 00 00 00  ..@.............
0000a820: 00 00 00 00 00 00 00 00 00 00 00 00 00 00 00 00  ................
0000a830: 00 00 40 00 00 00 00 00 00 00 00 00 00 00 00 00  ..@.............
0000a840: 00 00 00 00 00 00 00 00 00 00 00 00 00 00 00 00  ................
0000a850: 00 00 02 00 06 00 0d 00 1b 00 35 00 40 00 00 00  ..........5.@...
0000a860: 00 00 00 00 00 00 00 00 00 00 00 00 00 00 00 00  ................
0000a870: 00 00 40 00 00 00 00 00 00 00 00 00 00 00 00 00  ..@.............
0000a880: 00 00 00 00 00 00 00 00 00 00 00 00 00 00 00 00  ................
0000a890: 00 00 40 00 00 00 00 00 00 00 00 00 00 00 00 00  ..@.............
0000a8a0: 00 00 00 00 00 00 00 00 00 00 00 00 00 00 00 00  ................
0000a8b0: 00 00 00 00 08 00 00 01 1f 00 00 00 01 00 00 00  ................
0000a8c0: 00 00 00 00 60 00 c0 00 00 00 10 00 20 00 30 00  ....`....... .0.
0000a8d0: 40 00 50 00 60 00 70 00 80 00 90 00 a0 00 b0 00  @.P.`.p.........
0000a8e0: c0 00 d0 00 e0 00 f0 00 00 01 10 01 20 01 30 01  ............ .0.
0000a8f0: 40 01 50 01 60 01 70 01 80 01 90 01 a0 01 b0 01  @.P.`.p.........
0000a900: c0 01 d0 01 e0 01 f0 01 00 02 10 02 20 02 30 02  ............ .0.
0000a910: 40 02 50 02 60 02 70 02 80 02 90 02 a0 02 b0 02  @.P.`.p.........
0000a920: c0 02 d0 02 e0 02 f0 02 00 03 10 03 20 03 30 03  ............ .0.
0000a930: 40 03 50 03 60 03 70 03 80 03 90 03 a0 03 b0 03  @.P.`.p.........
0000a940: c0 03 d0 03 e0 03 f0 03 ff 03 00 00 10 00 20 00  .............. .
0000a950: 30 00 40 00 50 00 60 00 70 00 80 00 90 00 a0 00  0.@.P.`.p.......
0000a960: b0 00 c0 00 d0 00 e0 00 f0 00 00 01 10 01 20 01  .............. .
0000a970: 30 01 40 01 50 01 60 01 70 01 80 01 90 01 a0 01  0.@.P.`.p.......
0000a980: b0 01 c0 01 d0 01 e0 01 f0 01 00 02 10 02 20 02  .............. .
0000a990: 30 02 40 02 50 02 60 02 70 02 80 02 90 02 a0 02  0.@.P.`.p.......
0000a9a0: b0 02 c0 02 d0 02 e0 02 f0 02 00 03 10 03 20 03  .............. .
0000a9b0: 30 03 40 03 50 03 60 03 70 03 80 03 90 03 a0 03  0.@.P.`.p.......
0000a9c0: b0 03 c0 03 d0 03 e0 03 f0 03 ff 03 00 00 10 00  ................
0000a9d0: 20 00 30 00 40 00 50 00 60 00 70 00 80 00 90 00   .0.@.P.`.p.....
0000a9e0: a0 00 b0 00 c0 00 d0 00 e0 00 f0 00 00 01 10 01  ................
0000a9f0: 20 01 30 01 40 01 50 01 60 01 70 01 80 01 90 01   .0.@.P.`.p.....
0000aa00: a0 01 b0 01 c0 01 d0 01 e0 01 f0 01 00 02 10 02  ................
0000aa10: 20 02 30 02 40 02 50 02 60 02 70 02 80 02 90 02   .0.@.P.`.p.....
0000aa20: a0 02 b0 02 c0 02 d0 02 e0 02 f0 02 00 03 10 03  ................
0000aa30: 20 03 30 03 40 03 50 03 60 03 70 03 80 03 90 03   .0.@.P.`.p.....
0000aa40: a0 03 b0 03 c0 03 d0 03 e0 03 f0 03 ff 03 00 00  ................
0000aa50: 19 00 33 00 4c 00 67 00 83 00 9e 00 ba 00 d5 00  ..3.L.g.........
0000aa60: f0 00 0a 01 22 01 38 01 4d 01 5f 01 70 01 7f 01  ....".8.M._.p...
0000aa70: 8d 01 9a 01 a5 01 b0 01 ba 01 c3 01 cd 01 d6 01  ................
0000aa80: df 01 e8 01 f2 01 fc 01 06 02 11 02 1b 02 27 02  ..............'.
0000aa90: 32 02 3e 02 4b 02 57 02 64 02 71 02 7e 02 8c 02  2.>.K.W.d.q.~...
0000aaa0: 99 02 a7 02 b5 02 c4 02 d2 02 e1 02 f0 02 ff 02  ................
0000aab0: 0e 03 1e 03 2d 03 3d 03 4d 03 5d 03 6d 03 7d 03  ....-.=.M.].m.}.
0000aac0: 8d 03 9d 03 ae 03 be 03 ce 03 df 03 ef 03 ff 03  ................
0000aad0: 00 00 10 00 20 00 30 00 40 00 50 00 60 00 70 00  .... .0.@.P.`.p.
0000aae0: 80 00 90 00 a0 00 b0 00 c0 00 d0 00 e0 00 f0 00  ................
0000aaf0: 00 01 10 01 20 01 30 01 40 01 50 01 60 01 70 01  .... .0.@.P.`.p.
0000ab00: 80 01 90 01 a0 01 b0 01 c0 01 d0 01 e0 01 f0 01  ................
0000ab10: 00 02 10 02 20 02 30 02 40 02 50 02 60 02 70 02  .... .0.@.P.`.p.
0000ab20: 80 02 90 02 a0 02 b0 02 c0 02 d0 02 e0 02 f0 02  ................
0000ab30: 00 03 10 03 20 03 30 03 40 03 50 03 60 03 70 03  .... .0.@.P.`.p.
0000ab40: 80 03 90 03 a0 03 b0 03 c0 03 d0 03 e0 03 f0 03  ................
0000ab50: ff 03 00 00 10 00 20 00 30 00 40 00 50 00 60 00  ...... .0.@.P.`.
0000ab60: 70 00 80 00 90 00 a0 00 af 00 bf 00 cf 00 de 00  p...............
0000ab70: ee 00 fd 00 0c 01 1c 01 2b 01 3a 01 49 01 58 01  ........+.:.I.X.
0000ab80: 67 01 75 01 84 01 92 01 a0 01 af 01 bd 01 ca 01  g.u.............
0000ab90: d8 01 e6 01 f3 01 00 02 0d 02 1a 02 27 02 34 02  ............'.4.
0000aba0: 40 02 4c 02 58 02 64 02 70 02 7d 02 89 02 96 02  @.L.X.d.p.}.....
0000abb0: a4 02 b2 02 c1 02 d0 02 e0 02 f2 02 04 03 17 03  ................
0000abc0: 2b 03 41 03 57 03 6e 03 85 03 9d 03 b5 03 ce 03  +.A.W.n.........
0000abd0: e7 03 ff 03 00 00 40 00 00 00 00 00 00 00 00 00  ......@.........
0000abe0: 00 00 00 00 00 00 00 00 00 00 00 00 00 00 00 00  ................
0000abf0: 00 00 00 00 00 00 40 00 00 00 00 00 00 00 00 00  ......@.........
0000ac00: 00 00 00 00 00 00 00 00 00 00 00 00 00 00 00 00  ................
0000ac10: 00 00 00 00 00 00 40 00 00 00 00 00 00 00 00 00  ......@.........
0000ac20: 00 00 00 00 00 00 00 00 00 00 00 00 00 00 00 00  ................
0000ac30: 00 00 00 00 00 00 03 00 0c 00 1a 00 40 00 00 00  ............@...
0000ac40: 00 00 00 00 00 00 00 00 00 00 00 00 00 00 00 00  ................
0000ac50: 00 00 00 00 00 00 40 00 00 00 00 00 00 00 00 00  ......@.........
0000ac60: 00 00 00 00 00 00 00 00 00 00 00 00 00 00 00 00  ................
0000ac70: 00 00 00 00 00 00 27 00 35 00 40 00 00 00 00 00  ......'.5.@.....
0000ac80: 00 00 00 00 00 00 00 00 00 00 00 00 00 00 00 00  ................
0000ac90: 00 00 00 00 00 00 00 00 08 00 00 01 1f 00 00 00  ................
0000aca0: 01 00 00 00 00 00 00 00 60 00 c0 00 00 00 10 00  ........`.......
0000acb0: 20 00 30 00 40 00 50 00 60 00 70 00 80 00 90 00   .0.@.P.`.p.....
0000acc0: a0 00 b0 00 c0 00 d0 00 e0 00 f0 00 00 01 10 01  ................
0000acd0: 20 01 30 01 40 01 50 01 60 01 70 01 80 01 90 01   .0.@.P.`.p.....
0000ace0: a0 01 b0 01 c0 01 d0 01 e0 01 f0 01 00 02 10 02  ................
0000acf0: 20 02 30 02 40 02 50 02 60 02 70 02 80 02 90 02   .0.@.P.`.p.....
0000ad00: a0 02 b0 02 c0 02 d0 02 e0 02 f0 02 00 03 10 03  ................
0000ad10: 20 03 30 03 40 03 50 03 60 03 70 03 80 03 90 03   .0.@.P.`.p.....
0000ad20: a0 03 b0 03 c0 03 d0 03 e0 03 f0 03 ff 03 00 00  ................
0000ad30: 10 00 20 00 30 00 40 00 50 00 60 00 70 00 80 00  .. .0.@.P.`.p...
0000ad40: 90 00 a0 00 b0 00 c0 00 d0 00 e0 00 f0 00 00 01  ................
0000ad50: 10 01 20 01 30 01 40 01 50 01 60 01 70 01 80 01  .. .0.@.P.`.p...
0000ad60: 90 01 a0 01 b0 01 c0 01 d0 01 e0 01 f0 01 00 02  ................
0000ad70: 10 02 20 02 30 02 40 02 50 02 60 02 70 02 80 02  .. .0.@.P.`.p...
0000ad80: 90 02 a0 02 b0 02 c0 02 d0 02 e0 02 f0 02 00 03  ................
0000ad90: 10 03 20 03 30 03 40 03 50 03 60 03 70 03 80 03  .. .0.@.P.`.p...
0000ada0: 90 03 a0 03 b0 03 c0 03 d0 03 e0 03 f0 03 ff 03  ................
0000adb0: 00 00 10 00 20 00 30 00 40 00 50 00 60 00 70 00  .... .0.@.P.`.p.
0000adc0: 80 00 90 00 a0 00 b0 00 c0 00 d0 00 e0 00 f0 00  ................
0000add0: 00 01 10 01 20 01 30 01 40 01 50 01 60 01 70 01  .... .0.@.P.`.p.
0000ade0: 80 01 90 01 a0 01 b0 01 c0 01 d0 01 e0 01 f0 01  ................
0000adf0: 00 02 10 02 20 02 30 02 40 02 50 02 60 02 70 02  .... .0.@.P.`.p.
0000ae00: 80 02 90 02 a0 02 b0 02 c0 02 d0 02 e0 02 f0 02  ................
0000ae10: 00 03 10 03 20 03 30 03 40 03 50 03 60 03 70 03  .... .0.@.P.`.p.
0000ae20: 80 03 90 03 a0 03 b0 03 c0 03 d0 03 e0 03 f0 03  ................
0000ae30: ff 03 00 00 2e 00 58 00 7d 00 9b 00 b6 00 cc 00  ......X.}.......
0000ae40: e0 00 f3 00 04 01 14 01 23 01 31 01 3e 01 4b 01  ........#.1.>.K.
0000ae50: 56 01 62 01 6d 01 77 01 82 01 8c 01 97 01 a2 01  V.b.m.w.........
0000ae60: ad 01 b8 01 c4 01 d1 01 dd 01 eb 01 f8 01 06 02  ................
0000ae70: 14 02 22 02 30 02 3e 02 4c 02 5b 02 69 02 78 02  ..".0.>.L.[.i.x.
0000ae80: 86 02 95 02 a3 02 b2 02 c1 02 d0 02 df 02 ee 02  ................
0000ae90: fc 02 0c 03 1b 03 2a 03 39 03 48 03 57 03 66 03  ......*.9.H.W.f.
0000aea0: 76 03 85 03 94 03 a3 03 b3 03 c2 03 d1 03 e1 03  v...............
0000aeb0: f0 03 ff 03 00 00 11 00 21 00 31 00 41 00 52 00  ........!.1.A.R.
0000aec0: 62 00 72 00 83 00 93 00 a4 00 b4 00 c5 00 d6 00  b.r.............
0000aed0: e6 00 f7 00 08 01 19 01 2a 01 3b 01 4c 01 5e 01  ........*.;.L.^.
0000aee0: 6f 01 81 01 93 01 a4 01 b6 01 c9 01 db 01 ed 01  o...............
0000aef0: 00 02 13 02 26 02 39 02 4c 02 5f 02 73 02 87 02  ....&.9.L._.s...
0000af00: 9a 02 ad 02 c1 02 d4 02 e6 02 f8 02 0a 03 1b 03  ................
0000af10: 2c 03 3b 03 4b 03 59 03 67 03 74 03 81 03 8d 03  ,.;.K.Y.g.t.....
0000af20: 99 03 a4 03 af 03 ba 03 c5 03 cf 03 d9 03 e3 03  ................
0000af30: ec 03 f6 03 ff 03 00 00 10 00 20 00 30 00 40 00  .......... .0.@.
0000af40: 50 00 60 00 70 00 80 00 90 00 a0 00 b0 00 c0 00  P.`.p...........
0000af50: d0 00 e0 00 f0 00 00 01 10 01 20 01 30 01 40 01  .......... .0.@.
0000af60: 50 01 60 01 70 01 80 01 90 01 a0 01 b0 01 c0 01  P.`.p...........
0000af70: d0 01 e0 01 f0 01 00 02 10 02 20 02 30 02 40 02  .......... .0.@.
0000af80: 50 02 60 02 70 02 80 02 90 02 a0 02 b0 02 c0 02  P.`.p...........
0000af90: d0 02 e0 02 f0 02 00 03 10 03 20 03 30 03 40 03  .......... .0.@.
0000afa0: 50 03 60 03 70 03 80 03 90 03 a0 03 b0 03 c0 03  P.`.p...........
0000afb0: d0 03 e0 03 f0 03 ff 03 00 00 40 00 00 00 00 00  ..........@.....
0000afc0: 00 00 00 00 00 00 00 00 00 00 00 00 00 00 00 00  ................
0000afd0: 00 00 00 00 00 00 00 00 00 00 40 00 00 00 00 00  ..........@.....
0000afe0: 00 00 00 00 00 00 00 00 00 00 00 00 00 00 00 00  ................
0000aff0: 00 00 00 00 00 00 00 00 00 00 40 00 00 00 00 00  ..........@.....
0000b000: 00 00 00 00 00 00 00 00 00 00 00 00 00 00 00 00  ................
0000b010: 00 00 00 00 00 00 00 00 00 00 02 00 07 00 18 00  ................
0000b020: 1f 00 40 00 00 00 00 00 00 00 00 00 00 00 00 00  ..@.............
0000b030: 00 00 00 00 00 00 00 00 00 00 22 00 2e 00 40 00  .........."...@.
0000b040: 00 00 00 00 00 00 00 00 00 00 00 00 00 00 00 00  ................
0000b050: 00 00 00 00 00 00 00 00 00 00 40 00 00 00 00 00  ..........@.....
0000b060: 00 00 00 00 00 00 00 00 00 00 00 00 00 00 00 00  ................
0000b070: 00 00 00 00 00 00 00 00 00 00 00 00 08 00 00 01  ................
0000b080: 1f 00 00 00 01 00 00 00 00 00 00 00 60 00 c0 00  ............`...
0000b090: 00 00 10 00 20 00 30 00 40 00 50 00 60 00 70 00  .... .0.@.P.`.p.
0000b0a0: 80 00 90 00 a0 00 b0 00 c0 00 d0 00 e0 00 f0 00  ................
0000b0b0: 00 01 10 01 20 01 30 01 40 01 50 01 60 01 70 01  .... .0.@.P.`.p.
0000b0c0: 80 01 90 01 a0 01 b0 01 c0 01 d0 01 e0 01 f0 01  ................
0000b0d0: 00 02 10 02 20 02 30 02 40 02 50 02 60 02 70 02  .... .0.@.P.`.p.
0000b0e0: 80 02 90 02 a0 02 b0 02 c0 02 d0 02 e0 02 f0 02  ................
0000b0f0: 00 03 10 03 20 03 30 03 40 03 50 03 60 03 70 03  .... .0.@.P.`.p.
0000b100: 80 03 90 03 a0 03 b0 03 c0 03 d0 03 e0 03 f0 03  ................
0000b110: ff 03 00 00 10 00 20 00 30 00 40 00 50 00 60 00  ...... .0.@.P.`.
0000b120: 70 00 80 00 90 00 a0 00 b0 00 c0 00 d0 00 e0 00  p...............
0000b130: f0 00 00 01 10 01 20 01 30 01 40 01 50 01 60 01  ...... .0.@.P.`.
0000b140: 70 01 80 01 90 01 a0 01 b0 01 c0 01 d0 01 e0 01  p...............
0000b150: f0 01 00 02 10 02 20 02 30 02 40 02 50 02 60 02  ...... .0.@.P.`.
0000b160: 70 02 80 02 90 02 a0 02 b0 02 c0 02 d0 02 e0 02  p...............
0000b170: f0 02 00 03 10 03 20 03 30 03 40 03 50 03 60 03  ...... .0.@.P.`.
0000b180: 70 03 80 03 90 03 a0 03 b0 03 c0 03 d0 03 e0 03  p...............
0000b190: f0 03 ff 03 00 00 10 00 20 00 30 00 40 00 50 00  ........ .0.@.P.
0000b1a0: 60 00 70 00 80 00 90 00 a0 00 b0 00 c0 00 d0 00  `.p.............
0000b1b0: e0 00 f0 00 00 01 10 01 20 01 30 01 40 01 50 01  ........ .0.@.P.
0000b1c0: 60 01 70 01 80 01 90 01 a0 01 b0 01 c0 01 d0 01  `.p.............
0000b1d0: e0 01 f0 01 00 02 10 02 20 02 30 02 40 02 50 02  ........ .0.@.P.
0000b1e0: 60 02 70 02 80 02 90 02 a0 02 b0 02 c0 02 d0 02  `.p.............
0000b1f0: e0 02 f0 02 00 03 10 03 20 03 30 03 40 03 50 03  ........ .0.@.P.
0000b200: 60 03 70 03 80 03 90 03 a0 03 b0 03 c0 03 d0 03  `.p.............
0000b210: e0 03 f0 03 ff 03 00 00 21 00 41 00 60 00 7d 00  ........!.A.`.}.
0000b220: 98 00 b1 00 c9 00 df 00 f4 00 08 01 1b 01 2d 01  ..............-.
0000b230: 3e 01 4e 01 5e 01 6d 01 7b 01 88 01 96 01 a3 01  >.N.^.m.{.......
0000b240: af 01 bc 01 c8 01 d4 01 e0 01 ec 01 f9 01 05 02  ................
0000b250: 11 02 1e 02 2a 02 37 02 44 02 51 02 5e 02 6b 02  ....*.7.D.Q.^.k.
0000b260: 78 02 85 02 92 02 a0 02 ad 02 bb 02 c9 02 d7 02  x...............
0000b270: e4 02 f3 02 01 03 0f 03 1d 03 2c 03 3a 03 49 03  ..........,.:.I.
0000b280: 58 03 67 03 76 03 85 03 94 03 a3 03 b2 03 c2 03  X.g.v...........
0000b290: d1 03 e1 03 f0 03 ff 03 00 00 11 00 22 00 32 00  ............".2.
0000b2a0: 43 00 54 00 64 00 75 00 86 00 97 00 a8 00 b9 00  C.T.d.u.........
0000b2b0: cb 00 dc 00 ee 00 ff 00 11 01 23 01 35 01 48 01  ..........#.5.H.
0000b2c0: 5a 01 6d 01 80 01 94 01 a7 01 bb 01 cf 01 e3 01  Z.m.............
0000b2d0: f8 01 0d 02 22 02 37 02 4c 02 61 02 75 02 89 02  ....".7.L.a.u...
0000b2e0: 9c 02 ae 02 c0 02 d0 02 e0 02 ee 02 fc 02 09 03  ................
0000b2f0: 15 03 21 03 2c 03 37 03 42 03 4d 03 57 03 62 03  ..!.,.7.B.M.W.b.
0000b300: 6d 03 78 03 83 03 8f 03 9a 03 a7 03 b3 03 bf 03  m.x.............
0000b310: cc 03 d9 03 e6 03 f3 03 ff 03 00 00 10 00 20 00  .............. .
0000b320: 30 00 40 00 50 00 60 00 70 00 80 00 90 00 a0 00  0.@.P.`.p.......
0000b330: b0 00 c0 00 d0 00 e0 00 f0 00 00 01 10 01 20 01  .............. .
0000b340: 30 01 40 01 50 01 60 01 70 01 80 01 90 01 a0 01  0.@.P.`.p.......
0000b350: b0 01 c0 01 d0 01 e0 01 f0 01 00 02 10 02 20 02  .............. .
0000b360: 30 02 40 02 50 02 60 02 70 02 80 02 90 02 a0 02  0.@.P.`.p.......
0000b370: b0 02 c0 02 d0 02 e0 02 f0 02 00 03 10 03 20 03  .............. .
0000b380: 30 03 40 03 50 03 60 03 70 03 80 03 90 03 a0 03  0.@.P.`.p.......
0000b390: b0 03 c0 03 d0 03 e0 03 f0 03 ff 03 00 00 40 00  ..............@.
0000b3a0: 00 00 00 00 00 00 00 00 00 00 00 00 00 00 00 00  ................
0000b3b0: 00 00 00 00 00 00 00 00 00 00 00 00 00 00 40 00  ..............@.
0000b3c0: 00 00 00 00 00 00 00 00 00 00 00 00 00 00 00 00  ................
0000b3d0: 00 00 00 00 00 00 00 00 00 00 00 00 00 00 40 00  ..............@.
0000b3e0: 00 00 00 00 00 00 00 00 00 00 00 00 00 00 00 00  ................
0000b3f0: 00 00 00 00 00 00 00 00 00 00 00 00 00 00 02 00  ................
0000b400: 0a 00 19 00 35 00 40 00 00 00 00 00 00 00 00 00  ....5.@.........
0000b410: 00 00 00 00 00 00 00 00 00 00 00 00 00 00 1c 00  ................
0000b420: 26 00 35 00 40 00 00 00 00 00 00 00 00 00 00 00  &.5.@...........
0000b430: 00 00 00 00 00 00 00 00 00 00 00 00 00 00 40 00  ..............@.
0000b440: 00 00 00 00 00 00 00 00 00 00 00 00 00 00 00 00  ................
0000b450: 00 00 00 00 00 00 00 00 00 00 00 00 00 00 00 00  ................
0000b460: 08 00 c8 00 1f 00 00 00 01 00 00 00 00 00 00 00  ................
0000b470: 60 00 c0 00 00 00 10 00 20 00 30 00 40 00 50 00  `....... .0.@.P.
0000b480: 60 00 70 00 80 00 90 00 a0 00 b0 00 c0 00 d0 00  `.p.............
0000b490: e0 00 f0 00 00 01 10 01 20 01 30 01 40 01 50 01  ........ .0.@.P.
0000b4a0: 60 01 70 01 80 01 90 01 a0 01 b0 01 c0 01 d0 01  `.p.............
0000b4b0: e0 01 f0 01 00 02 10 02 20 02 30 02 40 02 50 02  ........ .0.@.P.
0000b4c0: 60 02 70 02 80 02 90 02 a0 02 b0 02 c0 02 d0 02  `.p.............
0000b4d0: e0 02 f0 02 00 03 10 03 20 03 30 03 40 03 50 03  ........ .0.@.P.
0000b4e0: 60 03 70 03 80 03 90 03 a0 03 b0 03 c0 03 d0 03  `.p.............
0000b4f0: e0 03 f0 03 ff 03 00 00 10 00 20 00 30 00 40 00  .......... .0.@.
0000b500: 50 00 60 00 70 00 80 00 90 00 a0 00 b0 00 c0 00  P.`.p...........
0000b510: d0 00 e0 00 f0 00 00 01 10 01 20 01 30 01 40 01  .......... .0.@.
0000b520: 50 01 60 01 70 01 80 01 90 01 a0 01 b0 01 c0 01  P.`.p...........
0000b530: d0 01 e0 01 f0 01 00 02 10 02 20 02 30 02 40 02  .......... .0.@.
0000b540: 50 02 60 02 70 02 80 02 90 02 a0 02 b0 02 c0 02  P.`.p...........
0000b550: d0 02 e0 02 f0 02 00 03 10 03 20 03 30 03 40 03  .......... .0.@.
0000b560: 50 03 60 03 70 03 80 03 90 03 a0 03 b0 03 c0 03  P.`.p...........
0000b570: d0 03 e0 03 f0 03 ff 03 00 00 10 00 20 00 30 00  ............ .0.
0000b580: 40 00 50 00 60 00 70 00 80 00 90 00 a0 00 b0 00  @.P.`.p.........
0000b590: c0 00 d0 00 e0 00 f0 00 00 01 10 01 20 01 30 01  ............ .0.
0000b5a0: 40 01 50 01 60 01 70 01 80 01 90 01 a0 01 b0 01  @.P.`.p.........
0000b5b0: c0 01 d0 01 e0 01 f0 01 00 02 10 02 20 02 30 02  ............ .0.
0000b5c0: 40 02 50 02 60 02 70 02 80 02 90 02 a0 02 b0 02  @.P.`.p.........
0000b5d0: c0 02 d0 02 e0 02 f0 02 00 03 10 03 20 03 30 03  ............ .0.
0000b5e0: 40 03 50 03 60 03 70 03 80 03 90 03 a0 03 b0 03  @.P.`.p.........
0000b5f0: c0 03 d0 03 e0 03 f0 03 ff 03 08 00 38 00 58 00  ............8.X.
0000b600: 6c 00 7d 00 8d 00 9c 00 aa 00 b8 00 c6 00 d5 00  l.}.............
0000b610: e3 00 f1 00 ff 00 0e 01 1c 01 2b 01 39 01 48 01  ..........+.9.H.
0000b620: 56 01 65 01 74 01 82 01 91 01 a0 01 af 01 bd 01  V.e.t...........
0000b630: cc 01 db 01 ea 01 f9 01 08 02 17 02 26 02 35 02  ............&.5.
0000b640: 44 02 53 02 62 02 71 02 81 02 90 02 9f 02 ae 02  D.S.b.q.........
0000b650: bd 02 cd 02 dc 02 eb 02 fa 02 0a 03 19 03 28 03  ..............(.
0000b660: 38 03 47 03 56 03 66 03 75 03 84 03 94 03 a3 03  8.G.V.f.u.......
0000b670: b3 03 c2 03 d1 03 e1 03 f0 03 ff 03 00 00 11 00  ................
0000b680: 22 00 33 00 44 00 54 00 65 00 76 00 87 00 99 00  ".3.D.T.e.v.....
0000b690: aa 00 bb 00 cd 00 df 00 f1 00 03 01 15 01 28 01  ..............(.
0000b6a0: 3b 01 4e 01 61 01 75 01 89 01 9d 01 b2 01 c7 01  ;.N.a.u.........
0000b6b0: dc 01 f2 01 07 02 1d 02 33 02 48 02 5d 02 72 02  ........3.H.].r.
0000b6c0: 85 02 98 02 a9 02 ba 02 ca 02 d8 02 e6 02 f4 02  ................
0000b6d0: 01 03 0d 03 19 03 25 03 30 03 3c 03 47 03 53 03  ......%.0.<.G.S.
0000b6e0: 5e 03 6a 03 75 03 81 03 8c 03 98 03 a3 03 af 03  ^.j.u...........
0000b6f0: ba 03 c6 03 d1 03 dd 03 e8 03 f4 03 ff 03 00 00  ................
0000b700: 10 00 20 00 30 00 40 00 50 00 60 00 70 00 80 00  .. .0.@.P.`.p...
0000b710: 90 00 a0 00 b0 00 c0 00 d0 00 e0 00 f0 00 00 01  ................
0000b720: 10 01 20 01 30 01 40 01 50 01 60 01 70 01 80 01  .. .0.@.P.`.p...
0000b730: 90 01 a0 01 b0 01 c0 01 d0 01 e0 01 f0 01 00 02  ................
0000b740: 10 02 20 02 30 02 40 02 50 02 60 02 70 02 80 02  .. .0.@.P.`.p...
0000b750: 90 02 a0 02 b0 02 c0 02 d0 02 e0 02 f0 02 00 03  ................
0000b760: 10 03 20 03 30 03 40 03 50 03 60 03 70 03 80 03  .. .0.@.P.`.p...
0000b770: 90 03 a0 03 b0 03 c0 03 d0 03 e0 03 f0 03 ff 03  ................
0000b780: 00 00 40 00 00 00 00 00 00 00 00 00 00 00 00 00  ..@.............
0000b790: 00 00 00 00 00 00 00 00 00 00 00 00 00 00 00 00  ................
0000b7a0: 00 00 40 00 00 00 00 00 00 00 00 00 00 00 00 00  ..@.............
0000b7b0: 00 00 00 00 00 00 00 00 00 00 00 00 00 00 00 00  ................
0000b7c0: 00 00 40 00 00 00 00 00 00 00 00 00 00 00 00 00  ..@.............
0000b7d0: 00 00 00 00 00 00 00 00 00 00 00 00 00 00 00 00  ................
0000b7e0: 00 00 01 00 03 00 08 00 0f 00 40 00 00 00 00 00  ..........@.....
0000b7f0: 00 00 00 00 00 00 00 00 00 00 00 00 00 00 00 00  ................
0000b800: 00 00 1a 00 23 00 2f 00 40 00 00 00 00 00 00 00  ....#./.@.......
0000b810: 00 00 00 00 00 00 00 00 00 00 00 00 00 00 00 00  ................
0000b820: 00 00 40 00 00 00 00 00 00 00 00 00 00 00 00 00  ..@.............
0000b830: 00 00 00 00 00 00 00 00 00 00 00 00 00 00 00 00  ................
0000b840: 00 00 00 00 08 00 c8 00 1f 00 00 00 01 00 00 00  ................
0000b850: 00 00 00 00 60 00 c0 00 00 00 10 00 20 00 30 00  ....`....... .0.
0000b860: 40 00 50 00 60 00 70 00 80 00 90 00 a0 00 b0 00  @.P.`.p.........
0000b870: c0 00 d0 00 e0 00 f0 00 00 01 10 01 20 01 30 01  ............ .0.
0000b880: 40 01 50 01 60 01 70 01 80 01 90 01 a0 01 b0 01  @.P.`.p.........
0000b890: c0 01 d0 01 e0 01 f0 01 00 02 10 02 20 02 30 02  ............ .0.
0000b8a0: 40 02 50 02 60 02 70 02 80 02 90 02 a0 02 b0 02  @.P.`.p.........
0000b8b0: c0 02 d0 02 e0 02 f0 02 00 03 10 03 20 03 30 03  ............ .0.
0000b8c0: 40 03 50 03 60 03 70 03 80 03 90 03 a0 03 b0 03  @.P.`.p.........
0000b8d0: c0 03 d0 03 e0 03 f0 03 ff 03 00 00 10 00 20 00  .............. .
0000b8e0: 30 00 40 00 50 00 60 00 70 00 80 00 90 00 a0 00  0.@.P.`.p.......
0000b8f0: b0 00 c0 00 d0 00 e0 00 f0 00 00 01 10 01 20 01  .............. .
0000b900: 30 01 40 01 50 01 60 01 70 01 80 01 90 01 a0 01  0.@.P.`.p.......
0000b910: b0 01 c0 01 d0 01 e0 01 f0 01 00 02 10 02 20 02  .............. .
0000b920: 30 02 40 02 50 02 60 02 70 02 80 02 90 02 a0 02  0.@.P.`.p.......
0000b930: b0 02 c0 02 d0 02 e0 02 f0 02 00 03 10 03 20 03  .............. .
0000b940: 30 03 40 03 50 03 60 03 70 03 80 03 90 03 a0 03  0.@.P.`.p.......
0000b950: b0 03 c0 03 d0 03 e0 03 f0 03 ff 03 00 00 10 00  ................
0000b960: 20 00 30 00 40 00 50 00 60 00 70 00 80 00 90 00   .0.@.P.`.p.....
0000b970: a0 00 b0 00 c0 00 d0 00 e0 00 f0 00 00 01 10 01  ................
0000b980: 20 01 30 01 40 01 50 01 60 01 70 01 80 01 90 01   .0.@.P.`.p.....
0000b990: a0 01 b0 01 c0 01 d0 01 e0 01 f0 01 00 02 10 02  ................
0000b9a0: 20 02 30 02 40 02 50 02 60 02 70 02 80 02 90 02   .0.@.P.`.p.....
0000b9b0: a0 02 b0 02 c0 02 d0 02 e0 02 f0 02 00 03 10 03  ................
0000b9c0: 20 03 30 03 40 03 50 03 60 03 70 03 80 03 90 03   .0.@.P.`.p.....
0000b9d0: a0 03 b0 03 c0 03 d0 03 e0 03 f0 03 ff 03 00 00  ................
0000b9e0: 1f 00 3c 00 58 00 73 00 8c 00 a3 00 b8 00 cc 00  ..<.X.s.........
0000b9f0: df 00 f1 00 02 01 12 01 21 01 30 01 3e 01 4c 01  ........!.0.>.L.
0000ba00: 5a 01 68 01 75 01 83 01 90 01 9d 01 aa 01 b7 01  Z.h.u...........
0000ba10: c5 01 d2 01 df 01 ec 01 f9 01 06 02 14 02 21 02  ..............!.
0000ba20: 2e 02 3c 02 4a 02 58 02 66 02 74 02 82 02 90 02  ..<.J.X.f.t.....
0000ba30: 9f 02 ad 02 bc 02 cb 02 da 02 e9 02 f8 02 07 03  ................
0000ba40: 16 03 25 03 34 03 44 03 53 03 63 03 72 03 82 03  ..%.4.D.S.c.r...
0000ba50: 92 03 a1 03 b1 03 c1 03 d0 03 e0 03 f0 03 ff 03  ................
0000ba60: 00 00 11 00 21 00 31 00 42 00 52 00 62 00 73 00  ....!.1.B.R.b.s.
0000ba70: 83 00 94 00 a4 00 b5 00 c6 00 d6 00 e7 00 f8 00  ................
0000ba80: 09 01 1b 01 2c 01 3d 01 4f 01 61 01 73 01 85 01  ....,.=.O.a.s...
0000ba90: 97 01 a9 01 bc 01 ce 01 e1 01 f4 01 08 02 1b 02  ................
0000baa0: 2f 02 43 02 57 02 6b 02 80 02 94 02 a9 02 bd 02  /.C.W.k.........
0000bab0: d1 02 e5 02 f7 02 0a 03 1b 03 2c 03 3b 03 4a 03  ..........,.;.J.
0000bac0: 57 03 64 03 70 03 7b 03 86 03 91 03 9b 03 a5 03  W.d.p.{.........
0000bad0: ae 03 b8 03 c2 03 cc 03 d6 03 e0 03 eb 03 f5 03  ................
0000bae0: ff 03 00 00 10 00 20 00 30 00 40 00 50 00 60 00  ...... .0.@.P.`.
0000baf0: 70 00 80 00 90 00 a0 00 b0 00 c0 00 d0 00 e0 00  p...............
0000bb00: f0 00 00 01 10 01 20 01 30 01 40 01 50 01 60 01  ...... .0.@.P.`.
0000bb10: 70 01 80 01 90 01 a0 01 b0 01 c0 01 d0 01 e0 01  p...............
0000bb20: f0 01 00 02 10 02 20 02 30 02 40 02 50 02 60 02  ...... .0.@.P.`.
0000bb30: 70 02 80 02 90 02 a0 02 b0 02 c0 02 d0 02 e0 02  p...............
0000bb40: f0 02 00 03 10 03 20 03 30 03 40 03 50 03 60 03  ...... .0.@.P.`.
0000bb50: 70 03 80 03 90 03 a0 03 b0 03 c0 03 d0 03 e0 03  p...............
0000bb60: f0 03 ff 03 00 00 40 00 00 00 00 00 00 00 00 00  ......@.........
0000bb70: 00 00 00 00 00 00 00 00 00 00 00 00 00 00 00 00  ................
0000bb80: 00 00 00 00 00 00 40 00 00 00 00 00 00 00 00 00  ......@.........
0000bb90: 00 00 00 00 00 00 00 00 00 00 00 00 00 00 00 00  ................
0000bba0: 00 00 00 00 00 00 40 00 00 00 00 00 00 00 00 00  ......@.........
0000bbb0: 00 00 00 00 00 00 00 00 00 00 00 00 00 00 00 00  ................
0000bbc0: 00 00 00 00 00 00 03 00 10 00 22 00 40 00 00 00  ..........".@...
0000bbd0: 00 00 00 00 00 00 00 00 00 00 00 00 00 00 00 00  ................
0000bbe0: 00 00 00 00 00 00 22 00 2d 00 39 00 40 00 00 00  ......".-.9.@...
0000bbf0: 00 00 00 00 00 00 00 00 00 00 00 00 00 00 00 00  ................
0000bc00: 00 00 00 00 00 00 40 00 00 00 00 00 00 00 00 00  ......@.........
0000bc10: 00 00 00 00 00 00 00 00 00 00 00 00 00 00 00 00  ................
0000bc20: 00 00 00 00 00 00 00 00 08 00 c8 00 1f 00 00 00  ................
0000bc30: 01 00 00 00 00 00 00 00 60 00 c0 00 00 00 10 00  ........`.......
0000bc40: 20 00 30 00 40 00 50 00 60 00 70 00 80 00 90 00   .0.@.P.`.p.....
0000bc50: a0 00 b0 00 c0 00 d0 00 e0 00 f0 00 00 01 10 01  ................
0000bc60: 20 01 30 01 40 01 50 01 60 01 70 01 80 01 90 01   .0.@.P.`.p.....
0000bc70: a0 01 b0 01 c0 01 d0 01 e0 01 f0 01 00 02 10 02  ................
0000bc80: 20 02 30 02 40 02 50 02 60 02 70 02 80 02 90 02   .0.@.P.`.p.....
0000bc90: a0 02 b0 02 c0 02 d0 02 e0 02 f0 02 00 03 10 03  ................
0000bca0: 20 03 30 03 40 03 50 03 60 03 70 03 80 03 90 03   .0.@.P.`.p.....
0000bcb0: a0 03 b0 03 c0 03 d0 03 e0 03 f0 03 ff 03 00 00  ................
0000bcc0: 10 00 20 00 30 00 40 00 50 00 60 00 70 00 80 00  .. .0.@.P.`.p...
0000bcd0: 90 00 a0 00 b0 00 c0 00 d0 00 e0 00 f0 00 00 01  ................
0000bce0: 10 01 20 01 30 01 40 01 50 01 60 01 70 01 80 01  .. .0.@.P.`.p...
0000bcf0: 90 01 a0 01 b0 01 c0 01 d0 01 e0 01 f0 01 00 02  ................
0000bd00: 10 02 20 02 30 02 40 02 50 02 60 02 70 02 80 02  .. .0.@.P.`.p...
0000bd10: 90 02 a0 02 b0 02 c0 02 d0 02 e0 02 f0 02 00 03  ................
0000bd20: 10 03 20 03 30 03 40 03 50 03 60 03 70 03 80 03  .. .0.@.P.`.p...
0000bd30: 90 03 a0 03 b0 03 c0 03 d0 03 e0 03 f0 03 ff 03  ................
0000bd40: 00 00 10 00 20 00 30 00 40 00 50 00 60 00 70 00  .... .0.@.P.`.p.
0000bd50: 80 00 90 00 a0 00 b0 00 c0 00 d0 00 e0 00 f0 00  ................
0000bd60: 00 01 10 01 20 01 30 01 40 01 50 01 60 01 70 01  .... .0.@.P.`.p.
0000bd70: 80 01 90 01 a0 01 b0 01 c0 01 d0 01 e0 01 f0 01  ................
0000bd80: 00 02 10 02 20 02 30 02 40 02 50 02 60 02 70 02  .... .0.@.P.`.p.
0000bd90: 80 02 90 02 a0 02 b0 02 c0 02 d0 02 e0 02 f0 02  ................
0000bda0: 00 03 10 03 20 03 30 03 40 03 50 03 60 03 70 03  .... .0.@.P.`.p.
0000bdb0: 80 03 90 03 a0 03 b0 03 c0 03 d0 03 e0 03 f0 03  ................
0000bdc0: ff 03 00 00 32 00 60 00 86 00 a4 00 bc 00 d0 00  ....2.`.........
0000bdd0: e4 00 f6 00 08 01 19 01 29 01 38 01 47 01 55 01  ........).8.G.U.
0000bde0: 63 01 70 01 7c 01 88 01 94 01 a0 01 ab 01 b6 01  c.p.|...........
0000bdf0: c1 01 cc 01 d8 01 e3 01 ee 01 fa 01 06 02 12 02  ................
0000be00: 1e 02 2b 02 38 02 45 02 52 02 60 02 6d 02 7b 02  ..+.8.E.R.`.m.{.
0000be10: 89 02 97 02 a5 02 b4 02 c2 02 d1 02 e0 02 ef 02  ................
0000be20: fd 02 0c 03 1b 03 2b 03 3a 03 49 03 58 03 67 03  ......+.:.I.X.g.
0000be30: 76 03 86 03 95 03 a4 03 b3 03 c3 03 d2 03 e1 03  v...............
0000be40: f0 03 ff 03 00 00 11 00 22 00 32 00 43 00 54 00  ........".2.C.T.
0000be50: 65 00 76 00 87 00 99 00 ab 00 be 00 d0 00 e4 00  e.v.............
0000be60: f7 00 0b 01 20 01 34 01 49 01 5e 01 73 01 88 01  .... .4.I.^.s...
0000be70: 9d 01 b2 01 c7 01 dc 01 f1 01 05 02 19 02 2d 02  ..............-.
0000be80: 40 02 53 02 65 02 77 02 88 02 98 02 a8 02 b7 02  @.S.e.w.........
0000be90: c5 02 d2 02 de 02 e9 02 f4 02 fd 02 06 03 0f 03  ................
0000bea0: 18 03 21 03 2a 03 34 03 3e 03 49 03 55 03 61 03  ..!.*.4.>.I.U.a.
0000beb0: 6e 03 7b 03 89 03 97 03 a5 03 b4 03 c2 03 d2 03  n.{.............
0000bec0: e1 03 f0 03 ff 03 00 00 10 00 20 00 30 00 40 00  .......... .0.@.
0000bed0: 50 00 60 00 70 00 80 00 90 00 a0 00 b0 00 c0 00  P.`.p...........
0000bee0: d0 00 e0 00 f0 00 00 01 10 01 20 01 30 01 40 01  .......... .0.@.
0000bef0: 50 01 60 01 70 01 80 01 90 01 a0 01 b0 01 c0 01  P.`.p...........
0000bf00: d0 01 e0 01 f0 01 00 02 10 02 20 02 30 02 40 02  .......... .0.@.
0000bf10: 50 02 60 02 70 02 80 02 90 02 a0 02 b0 02 c0 02  P.`.p...........
0000bf20: d0 02 e0 02 f0 02 00 03 10 03 20 03 30 03 40 03  .......... .0.@.
0000bf30: 50 03 60 03 70 03 80 03 90 03 a0 03 b0 03 c0 03  P.`.p...........
0000bf40: d0 03 e0 03 f0 03 ff 03 00 00 40 00 00 00 00 00  ..........@.....
0000bf50: 00 00 00 00 00 00 00 00 00 00 00 00 00 00 00 00  ................
0000bf60: 00 00 00 00 00 00 00 00 00 00 40 00 00 00 00 00  ..........@.....
0000bf70: 00 00 00 00 00 00 00 00 00 00 00 00 00 00 00 00  ................
0000bf80: 00 00 00 00 00 00 00 00 00 00 40 00 00 00 00 00  ..........@.....
0000bf90: 00 00 00 00 00 00 00 00 00 00 00 00 00 00 00 00  ................
0000bfa0: 00 00 00 00 00 00 00 00 00 00 02 00 06 00 0c 00  ................
0000bfb0: 1b 00 35 00 40 00 00 00 00 00 00 00 00 00 00 00  ..5.@...........
0000bfc0: 00 00 00 00 00 00 00 00 00 00 05 00 0c 00 28 00  ..............(.
0000bfd0: 31 00 40 00 00 00 00 00 00 00 00 00 00 00 00 00  1.@.............
0000bfe0: 00 00 00 00 00 00 00 00 00 00 40 00 00 00 00 00  ..........@.....
0000bff0: 00 00 00 00 00 00 00 00 00 00 00 00 00 00 00 00  ................
0000c000: 00 00 00 00 00 00 00 00 00 00 00 00 08 00 c8 00  ................
0000c010: 1f 00 00 00 01 00 00 00 00 00 00 00 60 00 bf 00  ............`...
0000c020: 00 00 10 00 20 00 30 00 40 00 50 00 60 00 70 00  .... .0.@.P.`.p.
0000c030: 80 00 90 00 a0 00 b0 00 c0 00 d0 00 e0 00 f0 00  ................
0000c040: 00 01 10 01 20 01 30 01 40 01 50 01 60 01 70 01  .... .0.@.P.`.p.
0000c050: 80 01 90 01 a0 01 b0 01 c0 01 d0 01 e0 01 f0 01  ................
0000c060: 00 02 10 02 20 02 30 02 40 02 50 02 60 02 70 02  .... .0.@.P.`.p.
0000c070: 80 02 90 02 a0 02 b0 02 c0 02 d0 02 e0 02 f0 02  ................
0000c080: 00 03 10 03 20 03 30 03 40 03 50 03 60 03 70 03  .... .0.@.P.`.p.
0000c090: 80 03 90 03 a0 03 b0 03 c0 03 d0 03 e0 03 f0 03  ................
0000c0a0: ff 03 00 00 10 00 20 00 30 00 40 00 50 00 60 00  ...... .0.@.P.`.
0000c0b0: 70 00 80 00 90 00 a0 00 b0 00 c0 00 d0 00 e0 00  p...............
0000c0c0: f0 00 00 01 10 01 20 01 30 01 40 01 50 01 60 01  ...... .0.@.P.`.
0000c0d0: 70 01 80 01 90 01 a0 01 b0 01 c0 01 d0 01 e0 01  p...............
0000c0e0: f0 01 00 02 10 02 20 02 30 02 40 02 50 02 60 02  ...... .0.@.P.`.
0000c0f0: 70 02 80 02 90 02 a0 02 b0 02 c0 02 d0 02 e0 02  p...............
0000c100: f0 02 00 03 10 03 20 03 30 03 40 03 50 03 60 03  ...... .0.@.P.`.
0000c110: 70 03 80 03 90 03 a0 03 b0 03 c0 03 d0 03 e0 03  p...............
0000c120: f0 03 ff 03 00 00 10 00 20 00 30 00 40 00 50 00  ........ .0.@.P.
0000c130: 60 00 70 00 80 00 90 00 a0 00 b0 00 c0 00 d0 00  `.p.............
0000c140: e0 00 f0 00 00 01 10 01 20 01 30 01 40 01 50 01  ........ .0.@.P.
0000c150: 60 01 70 01 80 01 90 01 a0 01 b0 01 c0 01 d0 01  `.p.............
0000c160: e0 01 f0 01 00 02 10 02 20 02 30 02 40 02 50 02  ........ .0.@.P.
0000c170: 60 02 70 02 80 02 90 02 a0 02 b0 02 c0 02 d0 02  `.p.............
0000c180: e0 02 f0 02 00 03 10 03 20 03 30 03 40 03 50 03  ........ .0.@.P.
0000c190: 60 03 70 03 80 03 90 03 a0 03 b0 03 c0 03 d0 03  `.p.............
0000c1a0: e0 03 f0 03 ff 03 00 00 32 00 60 00 86 00 a4 00  ........2.`.....
0000c1b0: bc 00 d0 00 e4 00 f6 00 08 01 19 01 29 01 38 01  ............).8.
0000c1c0: 47 01 55 01 63 01 70 01 7c 01 88 01 94 01 a0 01  G.U.c.p.|.......
0000c1d0: ab 01 b6 01 c1 01 cc 01 d8 01 e3 01 ee 01 fa 01  ................
0000c1e0: 06 02 12 02 1e 02 2b 02 38 02 45 02 52 02 60 02  ......+.8.E.R.`.
0000c1f0: 6d 02 7b 02 89 02 97 02 a5 02 b4 02 c2 02 d1 02  m.{.............
0000c200: e0 02 ef 02 fd 02 0c 03 1b 03 2b 03 3a 03 49 03  ..........+.:.I.
0000c210: 58 03 67 03 76 03 86 03 95 03 a4 03 b3 03 c3 03  X.g.v...........
0000c220: d2 03 e1 03 f0 03 ff 03 00 00 11 00 22 00 32 00  ............".2.
0000c230: 43 00 54 00 65 00 76 00 87 00 99 00 ab 00 be 00  C.T.e.v.........
0000c240: d0 00 e4 00 f7 00 0b 01 20 01 34 01 49 01 5e 01  ........ .4.I.^.
0000c250: 73 01 88 01 9d 01 b2 01 c7 01 dc 01 f1 01 05 02  s...............
0000c260: 19 02 2d 02 40 02 53 02 65 02 77 02 88 02 98 02  ..-.@.S.e.w.....
0000c270: a8 02 b7 02 c5 02 d2 02 de 02 e9 02 f4 02 fd 02  ................
0000c280: 06 03 0f 03 18 03 21 03 2a 03 34 03 3e 03 49 03  ......!.*.4.>.I.
0000c290: 55 03 61 03 6e 03 7b 03 89 03 97 03 a5 03 b4 03  U.a.n.{.........
0000c2a0: c2 03 d2 03 e1 03 f0 03 ff 03 00 00 10 00 20 00  .............. .
0000c2b0: 30 00 40 00 50 00 60 00 70 00 80 00 90 00 a0 00  0.@.P.`.p.......
0000c2c0: b0 00 c0 00 d0 00 e0 00 f0 00 00 01 10 01 20 01  .............. .
0000c2d0: 30 01 40 01 50 01 60 01 70 01 80 01 90 01 a0 01  0.@.P.`.p.......
0000c2e0: b0 01 c0 01 d0 01 e0 01 f0 01 00 02 10 02 20 02  .............. .
0000c2f0: 30 02 40 02 50 02 60 02 70 02 80 02 90 02 a0 02  0.@.P.`.p.......
0000c300: b0 02 c0 02 d0 02 e0 02 f0 02 00 03 10 03 20 03  .............. .
0000c310: 30 03 40 03 50 03 60 03 70 03 80 03 90 03 a0 03  0.@.P.`.p.......
0000c320: b0 03 c0 03 d0 03 e0 03 f0 03 ff 03 00 00 40 00  ..............@.
0000c330: 00 00 00 00 00 00 00 00 00 00 00 00 00 00 00 00  ................
0000c340: 00 00 00 00 00 00 00 00 00 00 00 00 00 00 40 00  ..............@.
0000c350: 00 00 00 00 00 00 00 00 00 00 00 00 00 00 00 00  ................
0000c360: 00 00 00 00 00 00 00 00 00 00 00 00 00 00 40 00  ..............@.
0000c370: 00 00 00 00 00 00 00 00 00 00 00 00 00 00 00 00  ................
0000c380: 00 00 00 00 00 00 00 00 00 00 00 00 00 00 02 00  ................
0000c390: 06 00 0c 00 1b 00 35 00 40 00 00 00 00 00 00 00  ......5.@.......
0000c3a0: 00 00 00 00 00 00 00 00 00 00 00 00 00 00 05 00  ................
0000c3b0: 0c 00 28 00 31 00 40 00 00 00 00 00 00 00 00 00  ..(.1.@.........
0000c3c0: 00 00 00 00 00 00 00 00 00 00 00 00 00 00 40 00  ..............@.
0000c3d0: 00 00 00 00 00 00 00 00 00 00 00 00 00 00 00 00  ................
0000c3e0: 00 00 00 00 00 00 00 00 00 00 00 00 00 00 00 00  ................
0000c3f0: 08 00 c8 00 00 00 00 00 00 00 00 00 00 00 00 00  ................
0000c400: 00 00 00 00 00 00 10 00 20 00 30 00 40 00 50 00  ........ .0.@.P.
0000c410: 60 00 70 00 80 00 90 00 a0 00 b0 00 c0 00 d0 00  `.p.............
0000c420: e0 00 f0 00 00 01 10 01 20 01 30 01 40 01 50 01  ........ .0.@.P.
0000c430: 60 01 70 01 80 01 90 01 a0 01 b0 01 c0 01 d0 01  `.p.............
0000c440: e0 01 f0 01 00 02 10 02 20 02 30 02 40 02 50 02  ........ .0.@.P.
0000c450: 60 02 70 02 80 02 90 02 a0 02 b0 02 c0 02 d0 02  `.p.............
0000c460: e0 02 f0 02 00 03 10 03 20 03 30 03 40 03 50 03  ........ .0.@.P.
0000c470: 60 03 70 03 80 03 90 03 a0 03 b0 03 c0 03 d0 03  `.p.............
0000c480: e0 03 f0 03 ff 03 00 00 10 00 20 00 30 00 40 00  .......... .0.@.
0000c490: 50 00 60 00 70 00 80 00 90 00 a0 00 b0 00 c0 00  P.`.p...........
0000c4a0: d0 00 e0 00 f0 00 00 01 10 01 20 01 30 01 40 01  .......... .0.@.
0000c4b0: 50 01 60 01 70 01 80 01 90 01 a0 01 b0 01 c0 01  P.`.p...........
0000c4c0: d0 01 e0 01 f0 01 00 02 10 02 20 02 30 02 40 02  .......... .0.@.
0000c4d0: 50 02 60 02 70 02 80 02 90 02 a0 02 b0 02 c0 02  P.`.p...........
0000c4e0: d0 02 e0 02 f0 02 00 03 10 03 20 03 30 03 40 03  .......... .0.@.
0000c4f0: 50 03 60 03 70 03 80 03 90 03 a0 03 b0 03 c0 03  P.`.p...........
0000c500: d0 03 e0 03 f0 03 ff 03 00 00 10 00 20 00 30 00  ............ .0.
0000c510: 40 00 50 00 60 00 70 00 80 00 90 00 a0 00 b0 00  @.P.`.p.........
0000c520: c0 00 d0 00 e0 00 f0 00 00 01 10 01 20 01 30 01  ............ .0.
0000c530: 40 01 50 01 60 01 70 01 80 01 90 01 a0 01 b0 01  @.P.`.p.........
0000c540: c0 01 d0 01 e0 01 f0 01 00 02 10 02 20 02 30 02  ............ .0.
0000c550: 40 02 50 02 60 02 70 02 80 02 90 02 a0 02 b0 02  @.P.`.p.........
0000c560: c0 02 d0 02 e0 02 f0 02 00 03 10 03 20 03 30 03  ............ .0.
0000c570: 40 03 50 03 60 03 70 03 80 03 90 03 a0 03 b0 03  @.P.`.p.........
0000c580: c0 03 d0 03 e0 03 f0 03 ff 03 00 00 10 00 20 00  .............. .
0000c590: 30 00 40 00 50 00 60 00 70 00 80 00 90 00 a0 00  0.@.P.`.p.......
0000c5a0: b0 00 c0 00 d0 00 e0 00 f0 00 00 01 10 01 20 01  .............. .
0000c5b0: 30 01 40 01 50 01 60 01 70 01 80 01 90 01 a0 01  0.@.P.`.p.......
0000c5c0: b0 01 c0 01 d0 01 e0 01 f0 01 00 02 10 02 20 02  .............. .
0000c5d0: 30 02 40 02 50 02 60 02 70 02 80 02 90 02 a0 02  0.@.P.`.p.......
0000c5e0: b0 02 c0 02 d0 02 e0 02 f0 02 00 03 10 03 20 03  .............. .
0000c5f0: 30 03 40 03 50 03 60 03 70 03 80 03 90 03 a0 03  0.@.P.`.p.......
0000c600: b0 03 c0 03 d0 03 e0 03 f0 03 ff 03 00 00 10 00  ................
0000c610: 20 00 30 00 40 00 50 00 60 00 70 00 80 00 90 00   .0.@.P.`.p.....
0000c620: a0 00 b0 00 c0 00 d0 00 e0 00 f0 00 00 01 10 01  ................
0000c630: 20 01 30 01 40 01 50 01 60 01 70 01 80 01 90 01   .0.@.P.`.p.....
0000c640: a0 01 b0 01 c0 01 d0 01 e0 01 f0 01 00 02 10 02  ................
0000c650: 20 02 30 02 40 02 50 02 60 02 70 02 80 02 90 02   .0.@.P.`.p.....
0000c660: a0 02 b0 02 c0 02 d0 02 e0 02 f0 02 00 03 10 03  ................
0000c670: 20 03 30 03 40 03 50 03 60 03 70 03 80 03 90 03   .0.@.P.`.p.....
0000c680: a0 03 b0 03 c0 03 d0 03 e0 03 f0 03 ff 03 00 00  ................
0000c690: 10 00 20 00 30 00 40 00 50 00 60 00 70 00 80 00  .. .0.@.P.`.p...
0000c6a0: 90 00 a0 00 b0 00 c0 00 d0 00 e0 00 f0 00 00 01  ................
0000c6b0: 10 01 20 01 30 01 40 01 50 01 60 01 70 01 80 01  .. .0.@.P.`.p...
0000c6c0: 90 01 a0 01 b0 01 c0 01 d0 01 e0 01 f0 01 00 02  ................
0000c6d0: 10 02 20 02 30 02 40 02 50 02 60 02 70 02 80 02  .. .0.@.P.`.p...
0000c6e0: 90 02 a0 02 b0 02 c0 02 d0 02 e0 02 f0 02 00 03  ................
0000c6f0: 10 03 20 03 30 03 40 03 50 03 60 03 70 03 80 03  .. .0.@.P.`.p...
0000c700: 90 03 a0 03 b0 03 c0 03 d0 03 e0 03 f0 03 ff 03  ................
0000c710: 00 00 40 00 00 00 00 00 00 00 00 00 00 00 00 00  ..@.............
0000c720: 00 00 00 00 00 00 00 00 00 00 00 00 00 00 00 00  ................
0000c730: 00 00 40 00 00 00 00 00 00 00 00 00 00 00 00 00  ..@.............
0000c740: 00 00 00 00 00 00 00 00 00 00 00 00 00 00 00 00  ................
0000c750: 00 00 40 00 00 00 00 00 00 00 00 00 00 00 00 00  ..@.............
0000c760: 00 00 00 00 00 00 00 00 00 00 00 00 00 00 00 00  ................
0000c770: 00 00 02 00 06 00 0c 00 1b 00 35 00 40 00 00 00  ..........5.@...
0000c780: 00 00 00 00 00 00 00 00 00 00 00 00 00 00 00 00  ................
0000c790: 00 00 05 00 0c 00 28 00 31 00 40 00 00 00 00 00  ......(.1.@.....
0000c7a0: 00 00 00 00 00 00 00 00 00 00 00 00 00 00 00 00  ................
0000c7b0: 00 00 40 00 00 00 00 00 00 00 00 00 00 00 00 00  ..@.............
0000c7c0: 00 00 00 00 00 00 00 00 00 00 00 00 00 00 00 00  ................
0000c7d0: 00 00 00 00 01 00 00 00 0b 00 58 2b 01 00 01 00  ..........X+....
0000c7e0: 04 00 01 00 03 00 03 00 01 00 18 00 00 00 01 00  ................
0000c7f0: 82 ff 82 ff 82 ff 82 ff 80 ff 7e ff 7c ff 7a ff  ..........~.|.z.
0000c800: 78 ff 76 ff 74 ff 72 ff 70 ff 6e ff 6c ff 6a ff  x.v.t.r.p.n.l.j.
0000c810: 68 ff 66 ff 64 ff 64 ff 62 ff 60 ff 5e ff 5c ff  h.f.d.d.b.`.^.\.
0000c820: 5c ff 5a ff 58 ff 58 ff 56 ff 54 ff 54 ff 52 ff  \.Z.X.X.V.T.T.R.
0000c830: 52 ff 50 ff 50 ff 4e ff 4e ff 4c ff 4c ff 4c ff  R.P.P.N.N.L.L.L.
0000c840: 4a ff 4a ff 4a ff 4a ff 4a ff 4a ff 4a ff 4a ff  J.J.J.J.J.J.J.J.
0000c850: 4a ff 4a ff 4a ff 4a ff 4a ff 4c ff 4c ff 4c ff  J.J.J.J.J.L.L.L.
0000c860: 4e ff 4e ff 50 ff 50 ff 52 ff 54 ff 56 ff 58 ff  N.N.P.P.R.T.V.X.
0000c870: 58 ff 5a ff 5c ff 5e ff 60 ff 64 ff 66 ff 68 ff  X.Z.\.^.`.d.f.h.
0000c880: 6a ff 6c ff 70 ff 72 ff 74 ff 78 ff 7a ff 7c ff  j.l.p.r.t.x.z.|.
0000c890: 80 ff 82 ff 86 ff 88 ff 8c ff 8e ff 92 ff 96 ff  ................
0000c8a0: 98 ff 9c ff 9e ff a2 ff a4 ff a8 ff ac ff ae ff  ................
0000c8b0: b2 ff b4 ff b8 ff ba ff be ff c0 ff c4 ff c6 ff  ................
0000c8c0: ca ff cc ff d0 ff d2 ff d6 ff d8 ff da ff de ff  ................
0000c8d0: e0 ff e2 ff e4 ff e6 ff e8 ff ea ff ee ff f0 ff  ................
0000c8e0: f0 ff f2 ff f4 ff f6 ff f8 ff fa ff fc ff fe ff  ................
0000c8f0: 00 00 04 00 06 00 08 00 0c 00 0e 00 10 00 14 00  ................
0000c900: 16 00 18 00 1c 00 1e 00 22 00 24 00 26 00 28 00  ........".$.&.(.
0000c910: 2c 00 2e 00 30 00 32 00 36 00 38 00 3a 00 3c 00  ,...0.2.6.8.:.<.
0000c920: 3e 00 40 00 44 00 46 00 48 00 4a 00 4c 00 4e 00  >.@.D.F.H.J.L.N.
0000c930: 50 00 52 00 54 00 56 00 58 00 58 00 5a 00 5c 00  P.R.T.V.X.X.Z.\.
0000c940: 5e 00 60 00 62 00 64 00 64 00 66 00 68 00 68 00  ^.`.b.d.d.f.h.h.
0000c950: 6a 00 6c 00 6c 00 6e 00 70 00 70 00 72 00 72 00  j.l.l.n.p.p.r.r.
0000c960: 74 00 74 00 76 00 76 00 78 00 78 00 7a 00 7a 00  t.t.v.v.x.x.z.z.
0000c970: 7c 00 7c 00 7c 00 7c 00 7e 00 7e 00 7e 00 7e 00  |.|.|.|.~.~.~.~.
0000c980: 80 00 80 00 80 00 80 00 80 00 80 00 80 00 82 00  ................
0000c990: 82 00 82 00 82 00 82 00 82 00 82 00 80 00 80 00  ................
0000c9a0: 80 00 80 00 80 00 80 00 80 00 80 00 7e 00 7e 00  ............~.~.
0000c9b0: 7e 00 7e 00 7e 00 7c 00 7c 00 7c 00 7c 00 7a 00  ~.~.~.|.|.|.|.z.
0000c9c0: 7a 00 7a 00 7a 00 78 00 78 00 78 00 76 00 76 00  z.z.z.x.x.x.v.v.
0000c9d0: 76 00 74 00 74 00 74 00 72 00 72 00 70 00 70 00  v.t.t.t.r.r.p.p.
0000c9e0: 70 00 6e 00 6e 00 6e 00 6c 00 6c 00 6a 00 6a 00  p.n.n.n.l.l.j.j.
0000c9f0: 54 ff 54 ff 54 ff 54 ff 54 ff 54 ff 54 ff 54 ff  T.T.T.T.T.T.T.T.
0000ca00: 54 ff 52 ff 52 ff 52 ff 50 ff 50 ff 50 ff 4e ff  T.R.R.R.P.P.P.N.
0000ca10: 4e ff 4e ff 4c ff 4c ff 4c ff 4a ff 4a ff 4a ff  N.N.L.L.L.J.J.J.
0000ca20: 4a ff 48 ff 48 ff 48 ff 48 ff 48 ff 46 ff 46 ff  J.H.H.H.H.H.F.F.
0000ca30: 46 ff 46 ff 46 ff 46 ff 46 ff 46 ff 46 ff 46 ff  F.F.F.F.F.F.F.F.
0000ca40: 46 ff 46 ff 48 ff 48 ff 48 ff 48 ff 4a ff 4a ff  F.F.H.H.H.H.J.J.
0000ca50: 4a ff 4c ff 4c ff 4e ff 4e ff 50 ff 50 ff 52 ff  J.L.L.N.N.P.P.R.
0000ca60: 52 ff 54 ff 56 ff 58 ff 5a ff 5a ff 5c ff 5e ff  R.T.V.X.Z.Z.\.^.
0000ca70: 60 ff 64 ff 66 ff 68 ff 6a ff 6c ff 6e ff 72 ff  `.d.f.h.j.l.n.r.
0000ca80: 74 ff 76 ff 7a ff 7c ff 80 ff 82 ff 86 ff 88 ff  t.v.z.|.........
0000ca90: 8a ff 8e ff 92 ff 94 ff 98 ff 9a ff 9e ff a0 ff  ................
0000caa0: a4 ff a6 ff aa ff ac ff b0 ff b4 ff b6 ff ba ff  ................
0000cab0: bc ff c0 ff c2 ff c6 ff c8 ff cc ff ce ff d0 ff  ................
0000cac0: d4 ff d6 ff d8 ff dc ff de ff e0 ff e2 ff e4 ff  ................
0000cad0: e8 ff ea ff ec ff ee ff ee ff f0 ff f2 ff f4 ff  ................
0000cae0: f6 ff f8 ff f8 ff fa ff fc ff fe ff 00 00 02 00  ................
0000caf0: 02 00 06 00 08 00 0a 00 0c 00 0e 00 10 00 14 00  ................
0000cb00: 16 00 18 00 1a 00 1e 00 20 00 24 00 26 00 28 00  ........ .$.&.(.
0000cb10: 2c 00 2e 00 30 00 32 00 36 00 38 00 3a 00 3c 00  ,...0.2.6.8.:.<.
0000cb20: 40 00 42 00 44 00 46 00 48 00 4a 00 4c 00 4e 00  @.B.D.F.H.J.L.N.
0000cb30: 50 00 52 00 54 00 54 00 56 00 58 00 5a 00 5c 00  P.R.T.T.V.X.Z.\.
0000cb40: 5c 00 5e 00 60 00 60 00 62 00 64 00 64 00 66 00  \.^.`.`.b.d.d.f.
0000cb50: 66 00 68 00 6a 00 6a 00 6c 00 6c 00 6c 00 6e 00  f.h.j.j.l.l.l.n.
0000cb60: 6e 00 70 00 70 00 70 00 72 00 72 00 72 00 74 00  n.p.p.p.r.r.r.t.
0000cb70: 74 00 74 00 74 00 76 00 76 00 76 00 76 00 76 00  t.t.t.v.v.v.v.v.
0000cb80: 78 00 78 00 78 00 78 00 78 00 78 00 78 00 78 00  x.x.x.x.x.x.x.x.
0000cb90: 78 00 78 00 78 00 78 00 78 00 78 00 78 00 78 00  x.x.x.x.x.x.x.x.
0000cba0: 78 00 78 00 78 00 78 00 78 00 78 00 78 00 76 00  x.x.x.x.x.x.x.v.
0000cbb0: 76 00 76 00 76 00 76 00 76 00 76 00 74 00 74 00  v.v.v.v.v.v.t.t.
0000cbc0: 74 00 74 00 74 00 74 00 72 00 72 00 72 00 72 00  t.t.t.t.r.r.r.r.
0000cbd0: 72 00 70 00 70 00 70 00 70 00 6e 00 6e 00 6e 00  r.p.p.p.p.n.n.n.
0000cbe0: 6e 00 6c 00 6c 00 6c 00 6c 00 6a 00 6a 00 6a 00  n.l.l.l.l.j.j.j.
0000cbf0: 02 00 3a 00 74 00 80 00 88 00 c6 00 fe 00 ff 00  ..:.t...........
0000cc00: 00 00 00 00 00 00 00 00 00 00 00 00 00 00 00 00  ................
0000cc10: 06 00 3c 00 74 00 80 00 92 00 fc 00 ff 00 00 00  ..<.t...........
0000cc20: 00 00 00 00 00 00 00 00 00 00 00 00 00 00 00 00  ................
0000cc30: 01 00 04 00 01 00 03 00 00 00 01 00 18 00 00 00  ................
0000cc40: 01 00 95 ff 94 ff 93 ff 93 ff 92 ff 92 ff 91 ff  ................
0000cc50: 91 ff 90 ff 8f ff 8f ff 8e ff 8e ff 8d ff 8d ff  ................
0000cc60: 8c ff 8c ff 8b ff 8b ff 8a ff 8a ff 89 ff 89 ff  ................
0000cc70: 88 ff 88 ff 88 ff 87 ff 87 ff 86 ff 86 ff 86 ff  ................
0000cc80: 85 ff 85 ff 85 ff 84 ff 84 ff 84 ff 84 ff 84 ff  ................
0000cc90: 83 ff 83 ff 83 ff 83 ff 83 ff 83 ff 83 ff 83 ff  ................
0000cca0: 83 ff 83 ff 83 ff 83 ff 83 ff 83 ff 84 ff 84 ff  ................
0000ccb0: 84 ff 84 ff 85 ff 85 ff 86 ff 86 ff 87 ff 87 ff  ................
0000ccc0: 88 ff 88 ff 89 ff 8a ff 8b ff 8c ff 8d ff 8e ff  ................
0000ccd0: 8f ff 90 ff 91 ff 92 ff 94 ff 95 ff 97 ff 98 ff  ................
0000cce0: 9a ff 9c ff 9e ff 9f ff a1 ff a4 ff a6 ff a8 ff  ................
0000ccf0: aa ff ad ff af ff b2 ff b5 ff b7 ff ba ff bd ff  ................
0000cd00: c0 ff c2 ff c5 ff c8 ff cb ff ce ff d1 ff d4 ff  ................
0000cd10: d6 ff d9 ff dc ff de ff e1 ff e3 ff e6 ff e8 ff  ................
0000cd20: ea ff ec ff ee ff f0 ff f1 ff f3 ff f4 ff f6 ff  ................
0000cd30: f7 ff f8 ff fa ff fb ff fc ff fd ff fd ff fe ff  ................
0000cd40: ff ff 00 00 01 00 02 00 02 00 03 00 04 00 05 00  ................
0000cd50: 06 00 07 00 09 00 0a 00 0c 00 0e 00 10 00 12 00  ................
0000cd60: 14 00 17 00 1a 00 1e 00 21 00 25 00 29 00 2d 00  ........!.%.).-.
0000cd70: 31 00 36 00 3a 00 3e 00 42 00 46 00 49 00 4d 00  1.6.:.>.B.F.I.M.
0000cd80: 50 00 53 00 56 00 58 00 5b 00 5d 00 5f 00 61 00  P.S.V.X.[.]._.a.
0000cd90: 62 00 64 00 65 00 66 00 67 00 68 00 69 00 6a 00  b.d.e.f.g.h.i.j.
0000cda0: 6a 00 6b 00 6b 00 6c 00 6c 00 6c 00 6d 00 6d 00  j.k.k.l.l.l.m.m.
0000cdb0: 6d 00 6d 00 6e 00 6e 00 6e 00 6e 00 6e 00 6f 00  m.m.n.n.n.n.n.o.
0000cdc0: 6f 00 6f 00 6f 00 6f 00 6f 00 6f 00 70 00 70 00  o.o.o.o.o.o.p.p.
0000cdd0: 70 00 70 00 70 00 70 00 70 00 70 00 70 00 70 00  p.p.p.p.p.p.p.p.
0000cde0: 70 00 70 00 70 00 70 00 70 00 70 00 70 00 70 00  p.p.p.p.p.p.p.p.
0000cdf0: 70 00 70 00 70 00 70 00 70 00 70 00 70 00 70 00  p.p.p.p.p.p.p.p.
0000ce00: 70 00 70 00 70 00 6f 00 6f 00 6f 00 6f 00 6f 00  p.p.p.o.o.o.o.o.
0000ce10: 6f 00 6f 00 6f 00 6f 00 6f 00 6e 00 6e 00 6e 00  o.o.o.o.o.n.n.n.
0000ce20: 6e 00 6e 00 6e 00 6e 00 6e 00 6d 00 6d 00 6d 00  n.n.n.n.n.m.m.m.
0000ce30: 6d 00 6d 00 6d 00 6d 00 6c 00 6c 00 6c 00 6c 00  m.m.m.m.l.l.l.l.
0000ce40: 6c 00 9a ff 9a ff 9a ff 9a ff 9a ff 9a ff 9a ff  l...............
0000ce50: 9a ff 9a ff 9a ff 9a ff 9a ff 9a ff 9a ff 9a ff  ................
0000ce60: 9b ff 9b ff 9b ff 9b ff 9b ff 9b ff 9b ff 9b ff  ................
0000ce70: 9b ff 9b ff 9b ff 9b ff 9b ff 9b ff 9b ff 9a ff  ................
0000ce80: 9a ff 9a ff 9a ff 9a ff 9a ff 99 ff 99 ff 99 ff  ................
0000ce90: 99 ff 98 ff 98 ff 98 ff 97 ff 97 ff 97 ff 96 ff  ................
0000cea0: 96 ff 95 ff 95 ff 94 ff 93 ff 93 ff 92 ff 92 ff  ................
0000ceb0: 91 ff 90 ff 8f ff 8f ff 8e ff 8d ff 8c ff 8c ff  ................
0000cec0: 8b ff 8a ff 8a ff 89 ff 89 ff 88 ff 88 ff 87 ff  ................
0000ced0: 87 ff 87 ff 87 ff 87 ff 87 ff 88 ff 88 ff 89 ff  ................
0000cee0: 8a ff 8b ff 8c ff 8d ff 8e ff 90 ff 92 ff 94 ff  ................
0000cef0: 96 ff 98 ff 9b ff 9e ff a1 ff a4 ff a7 ff ab ff  ................
0000cf00: ae ff b2 ff b6 ff b9 ff bd ff c1 ff c5 ff c9 ff  ................
0000cf10: cd ff d1 ff d4 ff d8 ff db ff df ff e2 ff e5 ff  ................
0000cf20: e8 ff eb ff ee ff f0 ff f2 ff f4 ff f6 ff f7 ff  ................
0000cf30: f9 ff fa ff fb ff fc ff fd ff fe ff ff ff 00 00  ................
0000cf40: 00 00 01 00 02 00 03 00 04 00 05 00 07 00 08 00  ................
0000cf50: 09 00 0b 00 0c 00 0d 00 0f 00 11 00 12 00 14 00  ................
0000cf60: 16 00 18 00 1a 00 1c 00 1e 00 20 00 22 00 24 00  .......... .".$.
0000cf70: 26 00 28 00 2b 00 2d 00 2f 00 31 00 34 00 36 00  &.(.+.-./.1.4.6.
0000cf80: 38 00 3b 00 3d 00 3f 00 42 00 44 00 46 00 48 00  8.;.=.?.B.D.F.H.
0000cf90: 4a 00 4d 00 4f 00 51 00 53 00 55 00 57 00 59 00  J.M.O.Q.S.U.W.Y.
0000cfa0: 5b 00 5d 00 5f 00 61 00 63 00 64 00 66 00 68 00  [.]._.a.c.d.f.h.
0000cfb0: 69 00 6b 00 6d 00 6e 00 70 00 71 00 73 00 74 00  i.k.m.n.p.q.s.t.
0000cfc0: 76 00 77 00 78 00 7a 00 7b 00 7c 00 7d 00 7e 00  v.w.x.z.{.|.}.~.
0000cfd0: 7f 00 80 00 81 00 82 00 83 00 84 00 85 00 85 00  ................
0000cfe0: 86 00 87 00 87 00 88 00 88 00 88 00 89 00 89 00  ................
0000cff0: 89 00 89 00 8a 00 8a 00 8a 00 8a 00 8a 00 8a 00  ................
0000d000: 89 00 89 00 89 00 89 00 89 00 88 00 88 00 88 00  ................
0000d010: 88 00 87 00 87 00 86 00 86 00 86 00 85 00 85 00  ................
0000d020: 85 00 84 00 84 00 84 00 83 00 83 00 83 00 82 00  ................
0000d030: 82 00 82 00 82 00 81 00 81 00 81 00 81 00 81 00  ................
0000d040: 81 00 00 00 30 00 56 00 70 00 80 00 90 00 9c 00  ....0.V.p.......
0000d050: b6 00 ff 00 00 00 00 00 00 00 00 00 00 00 00 00  ................
0000d060: 00 00 04 00 36 00 58 00 72 00 80 00 8e 00 a4 00  ....6.X.r.......
0000d070: d6 00 fe 00 ff 00 00 00 00 00 00 00 00 00 00 00  ................
0000d080: 00 00 01 00 04 00 01 00 03 00 00 00 01 00 18 00  ................
0000d090: 00 00 01 00 98 ff 98 ff 98 ff 97 ff 97 ff 97 ff  ................
0000d0a0: 96 ff 96 ff 96 ff 96 ff 95 ff 95 ff 95 ff 94 ff  ................
0000d0b0: 94 ff 94 ff 93 ff 93 ff 93 ff 92 ff 92 ff 91 ff  ................
0000d0c0: 91 ff 91 ff 90 ff 90 ff 8f ff 8f ff 8f ff 8e ff  ................
0000d0d0: 8e ff 8d ff 8d ff 8c ff 8c ff 8b ff 8b ff 8a ff  ................
0000d0e0: 89 ff 89 ff 88 ff 88 ff 87 ff 86 ff 86 ff 85 ff  ................
0000d0f0: 84 ff 84 ff 83 ff 82 ff 81 ff 81 ff 80 ff 7f ff  ................
0000d100: 7e ff 7e ff 7d ff 7d ff 7c ff 7c ff 7b ff 7b ff  ~.~.}.}.|.|.{.{.
0000d110: 7a ff 7a ff 7a ff 7a ff 7a ff 7a ff 7a ff 7b ff  z.z.z.z.z.z.z.{.
0000d120: 7b ff 7c ff 7c ff 7d ff 7e ff 7f ff 80 ff 82 ff  {.|.|.}.~.......
0000d130: 83 ff 85 ff 87 ff 89 ff 8b ff 8e ff 90 ff 93 ff  ................
0000d140: 96 ff 99 ff 9c ff a0 ff a3 ff a7 ff ab ff af ff  ................
0000d150: b2 ff b6 ff ba ff be ff c2 ff c6 ff ca ff cd ff  ................
0000d160: d1 ff d4 ff d8 ff db ff de ff e1 ff e4 ff e6 ff  ................
0000d170: e9 ff eb ff ed ff ef ff f1 ff f2 ff f4 ff f5 ff  ................
0000d180: f7 ff f8 ff f9 ff fa ff fb ff fc ff fd ff fe ff  ................
0000d190: ff ff ff ff 00 00 01 00 01 00 02 00 03 00 03 00  ................
0000d1a0: 04 00 05 00 06 00 07 00 08 00 09 00 0a 00 0b 00  ................
0000d1b0: 0d 00 0e 00 10 00 12 00 14 00 16 00 19 00 1b 00  ................
0000d1c0: 1e 00 21 00 24 00 27 00 2a 00 2d 00 30 00 33 00  ..!.$.'.*.-.0.3.
0000d1d0: 36 00 39 00 3c 00 3f 00 42 00 44 00 47 00 49 00  6.9.<.?.B.D.G.I.
0000d1e0: 4c 00 4e 00 50 00 52 00 54 00 56 00 58 00 5a 00  L.N.P.R.T.V.X.Z.
0000d1f0: 5b 00 5d 00 5e 00 5f 00 61 00 62 00 63 00 64 00  [.].^._.a.b.c.d.
0000d200: 65 00 66 00 66 00 67 00 68 00 69 00 69 00 6a 00  e.f.f.g.h.i.i.j.
0000d210: 6a 00 6b 00 6b 00 6b 00 6c 00 6c 00 6c 00 6d 00  j.k.k.k.l.l.l.m.
0000d220: 6d 00 6d 00 6d 00 6d 00 6d 00 6e 00 6e 00 6e 00  m.m.m.m.m.n.n.n.
0000d230: 6e 00 6e 00 6e 00 6e 00 6e 00 6e 00 6e 00 6e 00  n.n.n.n.n.n.n.n.
0000d240: 6e 00 6e 00 6e 00 6e 00 6e 00 6e 00 6e 00 6e 00  n.n.n.n.n.n.n.n.
0000d250: 6e 00 6d 00 6d 00 6d 00 6d 00 6d 00 6d 00 6d 00  n.m.m.m.m.m.m.m.
0000d260: 6c 00 6c 00 6c 00 6c 00 6c 00 6b 00 6b 00 6b 00  l.l.l.l.l.k.k.k.
0000d270: 6b 00 6b 00 6a 00 6a 00 6a 00 6a 00 69 00 69 00  k.k.j.j.j.j.i.i.
0000d280: 69 00 69 00 68 00 68 00 68 00 68 00 67 00 67 00  i.i.h.h.h.h.g.g.
0000d290: 67 00 66 00 ab ff aa ff aa ff aa ff a9 ff a9 ff  g.f.............
0000d2a0: a9 ff a8 ff a8 ff a7 ff a7 ff a7 ff a6 ff a6 ff  ................
0000d2b0: a5 ff a5 ff a5 ff a4 ff a4 ff a3 ff a3 ff a3 ff  ................
0000d2c0: a2 ff a2 ff a1 ff a1 ff a1 ff a0 ff a0 ff 9f ff  ................
0000d2d0: 9f ff 9e ff 9e ff 9d ff 9d ff 9d ff 9c ff 9c ff  ................
0000d2e0: 9b ff 9b ff 9a ff 9a ff 99 ff 99 ff 98 ff 98 ff  ................
0000d2f0: 97 ff 97 ff 96 ff 96 ff 95 ff 95 ff 94 ff 94 ff  ................
0000d300: 93 ff 93 ff 93 ff 92 ff 92 ff 92 ff 92 ff 91 ff  ................
0000d310: 91 ff 91 ff 91 ff 91 ff 92 ff 92 ff 92 ff 92 ff  ................
0000d320: 93 ff 93 ff 94 ff 95 ff 95 ff 96 ff 97 ff 98 ff  ................
0000d330: 99 ff 9b ff 9c ff 9e ff 9f ff a1 ff a3 ff a5 ff  ................
0000d340: a7 ff a9 ff ab ff ae ff b1 ff b3 ff b6 ff b9 ff  ................
0000d350: bc ff bf ff c2 ff c5 ff c8 ff cb ff ce ff d1 ff  ................
0000d360: d4 ff d7 ff d9 ff dc ff df ff e2 ff e4 ff e7 ff  ................
0000d370: e9 ff eb ff ed ff ef ff f1 ff f3 ff f4 ff f6 ff  ................
0000d380: f7 ff f9 ff fa ff fb ff fc ff fd ff fe ff ff ff  ................
0000d390: 00 00 00 00 01 00 02 00 03 00 04 00 05 00 06 00  ................
0000d3a0: 07 00 08 00 09 00 0b 00 0c 00 0e 00 10 00 12 00  ................
0000d3b0: 14 00 16 00 19 00 1c 00 1f 00 22 00 25 00 28 00  ..........".%.(.
0000d3c0: 2b 00 2f 00 32 00 35 00 39 00 3c 00 3f 00 43 00  +./.2.5.9.<.?.C.
0000d3d0: 46 00 49 00 4b 00 4e 00 51 00 53 00 55 00 57 00  F.I.K.N.Q.S.U.W.
0000d3e0: 59 00 5a 00 5c 00 5d 00 5e 00 60 00 61 00 61 00  Y.Z.\.].^.`.a.a.
0000d3f0: 62 00 63 00 63 00 64 00 64 00 64 00 64 00 64 00  b.c.c.d.d.d.d.d.
0000d400: 64 00 64 00 63 00 63 00 63 00 62 00 62 00 61 00  d.d.c.c.c.b.b.a.
0000d410: 61 00 60 00 5f 00 5e 00 5e 00 5d 00 5c 00 5b 00  a.`._.^.^.].\.[.
0000d420: 5a 00 59 00 59 00 58 00 57 00 56 00 55 00 54 00  Z.Y.Y.X.W.V.U.T.
0000d430: 54 00 53 00 52 00 51 00 51 00 50 00 4f 00 4f 00  T.S.R.Q.Q.P.O.O.
0000d440: 4e 00 4e 00 4d 00 4d 00 4c 00 4c 00 4b 00 4b 00  N.N.M.M.L.L.K.K.
0000d450: 4b 00 4a 00 4a 00 4a 00 4a 00 49 00 49 00 49 00  K.J.J.J.J.I.I.I.
0000d460: 49 00 48 00 48 00 48 00 48 00 48 00 48 00 48 00  I.H.H.H.H.H.H.H.
0000d470: 48 00 48 00 48 00 48 00 48 00 48 00 48 00 48 00  H.H.H.H.H.H.H.H.
0000d480: 48 00 48 00 48 00 48 00 48 00 48 00 48 00 48 00  H.H.H.H.H.H.H.H.
0000d490: 48 00 48 00 00 00 2e 00 54 00 6a 00 80 00 90 00  H.H.....T.j.....
0000d4a0: a2 00 c8 00 ff 00 00 00 00 00 00 00 00 00 00 00  ................
0000d4b0: 00 00 00 00 00 00 2c 00 56 00 70 00 80 00 8e 00  ......,.V.p.....
0000d4c0: a0 00 ce 00 ff 00 00 00 00 00 00 00 00 00 00 00  ................
0000d4d0: 00 00 00 00 01 00 04 00 01 00 03 00 00 00 01 00  ................
0000d4e0: 18 00 00 00 01 00 af ff ae ff ae ff ad ff ad ff  ................
0000d4f0: ac ff ac ff ab ff ab ff aa ff aa ff a9 ff a9 ff  ................
0000d500: a8 ff a8 ff a7 ff a7 ff a6 ff a6 ff a5 ff a4 ff  ................
0000d510: a4 ff a3 ff a3 ff a2 ff a1 ff a1 ff a0 ff a0 ff  ................
0000d520: 9f ff 9e ff 9e ff 9d ff 9c ff 9b ff 9b ff 9a ff  ................
0000d530: 99 ff 98 ff 98 ff 97 ff 96 ff 95 ff 94 ff 93 ff  ................
0000d540: 92 ff 92 ff 91 ff 90 ff 8f ff 8e ff 8d ff 8c ff  ................
0000d550: 8b ff 8a ff 89 ff 88 ff 88 ff 87 ff 86 ff 85 ff  ................
0000d560: 85 ff 84 ff 84 ff 83 ff 83 ff 83 ff 83 ff 83 ff  ................
0000d570: 83 ff 83 ff 83 ff 84 ff 84 ff 85 ff 86 ff 87 ff  ................
0000d580: 88 ff 89 ff 8a ff 8c ff 8e ff 90 ff 92 ff 94 ff  ................
0000d590: 97 ff 99 ff 9c ff 9f ff a2 ff a6 ff a9 ff ac ff  ................
0000d5a0: b0 ff b3 ff b7 ff bb ff be ff c2 ff c6 ff c9 ff  ................
0000d5b0: cd ff d0 ff d4 ff d7 ff da ff dd ff e0 ff e3 ff  ................
0000d5c0: e6 ff e8 ff eb ff ed ff ef ff f1 ff f2 ff f4 ff  ................
0000d5d0: f5 ff f7 ff f8 ff f9 ff fa ff fb ff fc ff fd ff  ................
0000d5e0: fe ff fe ff ff ff 00 00 01 00 02 00 02 00 03 00  ................
0000d5f0: 04 00 05 00 06 00 07 00 09 00 0a 00 0b 00 0d 00  ................
0000d600: 0f 00 11 00 13 00 15 00 18 00 1b 00 1d 00 21 00  ..............!.
0000d610: 24 00 27 00 2a 00 2e 00 31 00 35 00 38 00 3c 00  $.'.*...1.5.8.<.
0000d620: 3f 00 42 00 45 00 49 00 4b 00 4e 00 51 00 53 00  ?.B.E.I.K.N.Q.S.
0000d630: 56 00 58 00 5a 00 5c 00 5e 00 60 00 61 00 63 00  V.X.Z.\.^.`.a.c.
0000d640: 64 00 65 00 66 00 68 00 68 00 69 00 6a 00 6b 00  d.e.f.h.h.i.j.k.
0000d650: 6c 00 6c 00 6d 00 6d 00 6d 00 6e 00 6e 00 6e 00  l.l.m.m.m.n.n.n.
0000d660: 6e 00 6e 00 6f 00 6f 00 6f 00 6f 00 6f 00 6e 00  n.n.o.o.o.o.o.n.
0000d670: 6e 00 6e 00 6e 00 6e 00 6e 00 6e 00 6e 00 6e 00  n.n.n.n.n.n.n.n.
0000d680: 6e 00 6d 00 6d 00 6d 00 6d 00 6d 00 6d 00 6c 00  n.m.m.m.m.m.m.l.
0000d690: 6c 00 6c 00 6c 00 6b 00 6b 00 6b 00 6b 00 6a 00  l.l.l.k.k.k.k.j.
0000d6a0: 6a 00 6a 00 6a 00 69 00 69 00 69 00 68 00 68 00  j.j.j.i.i.i.h.h.
0000d6b0: 68 00 67 00 67 00 67 00 66 00 66 00 66 00 65 00  h.g.g.g.f.f.f.e.
0000d6c0: 65 00 65 00 64 00 64 00 64 00 63 00 63 00 63 00  e.e.d.d.d.c.c.c.
0000d6d0: 62 00 62 00 61 00 61 00 61 00 60 00 60 00 5f 00  b.b.a.a.a.`.`._.
0000d6e0: 5f 00 5e 00 5e 00 9a ff 98 ff 97 ff 96 ff 95 ff  _.^.^...........
0000d6f0: 94 ff 93 ff 92 ff 91 ff 90 ff 8f ff 8e ff 8d ff  ................
0000d700: 8c ff 8b ff 8a ff 89 ff 88 ff 87 ff 86 ff 85 ff  ................
0000d710: 84 ff 83 ff 82 ff 81 ff 81 ff 80 ff 7f ff 7e ff  ..............~.
0000d720: 7e ff 7d ff 7c ff 7c ff 7b ff 7a ff 7a ff 79 ff  ~.}.|.|.{.z.z.y.
0000d730: 79 ff 78 ff 78 ff 78 ff 77 ff 77 ff 77 ff 77 ff  y.x.x.x.w.w.w.w.
0000d740: 76 ff 76 ff 76 ff 76 ff 76 ff 76 ff 76 ff 76 ff  v.v.v.v.v.v.v.v.
0000d750: 77 ff 77 ff 77 ff 78 ff 78 ff 78 ff 79 ff 79 ff  w.w.w.x.x.x.y.y.
0000d760: 7a ff 7b ff 7c ff 7c ff 7d ff 7e ff 7f ff 80 ff  z.{.|.|.}.~.....
0000d770: 81 ff 82 ff 84 ff 85 ff 86 ff 88 ff 89 ff 8b ff  ................
0000d780: 8c ff 8e ff 90 ff 92 ff 94 ff 96 ff 98 ff 9a ff  ................
0000d790: 9c ff 9f ff a1 ff a3 ff a6 ff a9 ff ab ff ae ff  ................
0000d7a0: b1 ff b4 ff b7 ff b9 ff bc ff bf ff c2 ff c5 ff  ................
0000d7b0: c8 ff cb ff ce ff d1 ff d3 ff d6 ff d9 ff db ff  ................
0000d7c0: de ff e1 ff e3 ff e5 ff e8 ff ea ff ec ff ee ff  ................
0000d7d0: f0 ff f2 ff f3 ff f5 ff f7 ff f8 ff fa ff fb ff  ................
0000d7e0: fc ff fe ff ff ff 00 00 01 00 02 00 03 00 04 00  ................
0000d7f0: 05 00 06 00 07 00 08 00 09 00 0a 00 0b 00 0d 00  ................
0000d800: 0e 00 10 00 12 00 14 00 16 00 18 00 1a 00 1d 00  ................
0000d810: 20 00 22 00 25 00 28 00 2b 00 2e 00 31 00 34 00   .".%.(.+...1.4.
0000d820: 37 00 3a 00 3d 00 40 00 43 00 46 00 49 00 4c 00  7.:.=.@.C.F.I.L.
0000d830: 4f 00 52 00 54 00 57 00 5a 00 5c 00 5f 00 61 00  O.R.T.W.Z.\._.a.
0000d840: 63 00 65 00 67 00 69 00 6b 00 6d 00 6e 00 70 00  c.e.g.i.k.m.n.p.
0000d850: 71 00 73 00 74 00 75 00 76 00 77 00 78 00 79 00  q.s.t.u.v.w.x.y.
0000d860: 7a 00 7b 00 7c 00 7c 00 7d 00 7d 00 7e 00 7e 00  z.{.|.|.}.}.~.~.
0000d870: 7f 00 7f 00 7f 00 80 00 80 00 80 00 80 00 80 00  ................
0000d880: 80 00 80 00 80 00 80 00 80 00 80 00 80 00 7f 00  ................
0000d890: 7f 00 7f 00 7f 00 7f 00 7e 00 7e 00 7e 00 7d 00  ........~.~.~.}.
0000d8a0: 7d 00 7d 00 7d 00 7c 00 7c 00 7c 00 7b 00 7b 00  }.}.}.|.|.|.{.{.
0000d8b0: 7b 00 7a 00 7a 00 7a 00 7a 00 79 00 79 00 79 00  {.z.z.z.z.y.y.y.
0000d8c0: 79 00 79 00 78 00 78 00 78 00 78 00 78 00 78 00  y.y.x.x.x.x.x.x.
0000d8d0: 78 00 77 00 77 00 77 00 77 00 77 00 77 00 77 00  x.w.w.w.w.w.w.w.
0000d8e0: 77 00 77 00 76 00 00 00 2e 00 54 00 6c 00 80 00  w.w.v.....T.l...
0000d8f0: 90 00 a0 00 c4 00 fe 00 ff 00 00 00 00 00 00 00  ................
0000d900: 00 00 00 00 00 00 00 00 56 00 70 00 80 00 8e 00  ........V.p.....
0000d910: a8 00 e6 00 ff 00 00 00 00 00 00 00 00 00 00 00  ................
0000d920: 00 00 00 00 00 00 01 00 04 00 01 00 03 00 00 00  ................
0000d930: 01 00 18 00 00 00 01 00 94 ff 94 ff 94 ff 94 ff  ................
0000d940: 94 ff 94 ff 94 ff 94 ff 94 ff 95 ff 95 ff 95 ff  ................
0000d950: 95 ff 95 ff 95 ff 95 ff 95 ff 95 ff 95 ff 95 ff  ................
0000d960: 94 ff 94 ff 94 ff 94 ff 94 ff 94 ff 94 ff 94 ff  ................
0000d970: 94 ff 94 ff 94 ff 94 ff 94 ff 93 ff 93 ff 93 ff  ................
0000d980: 93 ff 93 ff 92 ff 92 ff 92 ff 92 ff 92 ff 91 ff  ................
0000d990: 91 ff 91 ff 90 ff 90 ff 90 ff 8f ff 8f ff 8e ff  ................
0000d9a0: 8e ff 8e ff 8d ff 8d ff 8c ff 8c ff 8c ff 8b ff  ................
0000d9b0: 8b ff 8a ff 8a ff 8a ff 8a ff 89 ff 89 ff 89 ff  ................
0000d9c0: 89 ff 89 ff 89 ff 8a ff 8a ff 8a ff 8b ff 8b ff  ................
0000d9d0: 8c ff 8c ff 8d ff 8e ff 8f ff 90 ff 91 ff 93 ff  ................
0000d9e0: 94 ff 96 ff 97 ff 99 ff 9b ff 9e ff a0 ff a2 ff  ................
0000d9f0: a5 ff a8 ff ab ff ae ff b1 ff b5 ff b8 ff bc ff  ................
0000da00: c0 ff c3 ff c7 ff cb ff ce ff d2 ff d5 ff d8 ff  ................
0000da10: db ff de ff e1 ff e4 ff e7 ff e9 ff eb ff ed ff  ................
0000da20: ef ff f1 ff f3 ff f5 ff f6 ff f8 ff f9 ff fb ff  ................
0000da30: fc ff fd ff fe ff ff ff 00 00 01 00 02 00 03 00  ................
0000da40: 03 00 04 00 05 00 06 00 07 00 08 00 09 00 0a 00  ................
0000da50: 0b 00 0d 00 0e 00 10 00 12 00 14 00 17 00 19 00  ................
0000da60: 1c 00 1f 00 22 00 25 00 28 00 2c 00 2f 00 32 00  ....".%.(.,./.2.
0000da70: 36 00 39 00 3c 00 3f 00 42 00 44 00 47 00 49 00  6.9.<.?.B.D.G.I.
0000da80: 4b 00 4e 00 50 00 52 00 53 00 55 00 57 00 58 00  K.N.P.R.S.U.W.X.
0000da90: 5a 00 5b 00 5c 00 5e 00 5f 00 60 00 61 00 62 00  Z.[.\.^._.`.a.b.
0000daa0: 62 00 63 00 64 00 65 00 65 00 66 00 66 00 67 00  b.c.d.e.e.f.f.g.
0000dab0: 67 00 68 00 68 00 68 00 69 00 69 00 69 00 69 00  g.h.h.h.i.i.i.i.
0000dac0: 6a 00 6a 00 6a 00 6a 00 6a 00 6a 00 6a 00 6a 00  j.j.j.j.j.j.j.j.
0000dad0: 6a 00 6a 00 6a 00 6a 00 6a 00 6a 00 69 00 69 00  j.j.j.j.j.j.i.i.
0000dae0: 69 00 69 00 69 00 68 00 68 00 68 00 67 00 67 00  i.i.i.h.h.h.g.g.
0000daf0: 67 00 67 00 66 00 66 00 66 00 65 00 65 00 65 00  g.g.f.f.f.e.e.e.
0000db00: 64 00 64 00 64 00 63 00 63 00 63 00 62 00 62 00  d.d.d.c.c.c.b.b.
0000db10: 62 00 61 00 61 00 61 00 61 00 60 00 60 00 60 00  b.a.a.a.a.`.`.`.
0000db20: 60 00 5f 00 5f 00 5f 00 5f 00 5f 00 5f 00 5f 00  `._._._._._._._.
0000db30: 5f 00 5f 00 5e 00 5e 00 98 ff 98 ff 99 ff 99 ff  _._.^.^.........
0000db40: 99 ff 99 ff 99 ff 99 ff 9a ff 9a ff 9a ff 9a ff  ................
0000db50: 9a ff 9a ff 9b ff 9b ff 9b ff 9b ff 9b ff 9b ff  ................
0000db60: 9b ff 9b ff 9c ff 9c ff 9c ff 9c ff 9c ff 9c ff  ................
0000db70: 9c ff 9c ff 9c ff 9c ff 9c ff 9c ff 9c ff 9c ff  ................
0000db80: 9c ff 9c ff 9b ff 9b ff 9b ff 9b ff 9b ff 9b ff  ................
0000db90: 9a ff 9a ff 9a ff 9a ff 99 ff 99 ff 99 ff 98 ff  ................
0000dba0: 98 ff 98 ff 97 ff 97 ff 96 ff 96 ff 95 ff 95 ff  ................
0000dbb0: 94 ff 94 ff 93 ff 92 ff 92 ff 91 ff 91 ff 90 ff  ................
0000dbc0: 8f ff 8f ff 8e ff 8e ff 8e ff 8d ff 8d ff 8d ff  ................
0000dbd0: 8d ff 8d ff 8d ff 8d ff 8e ff 8e ff 8f ff 8f ff  ................
0000dbe0: 90 ff 91 ff 93 ff 94 ff 95 ff 97 ff 99 ff 9b ff  ................
0000dbf0: 9e ff a0 ff a3 ff a6 ff a9 ff ac ff b0 ff b4 ff  ................
0000dc00: b7 ff bb ff bf ff c3 ff c7 ff cb ff cf ff d3 ff  ................
0000dc10: d7 ff da ff de ff e1 ff e5 ff e8 ff eb ff ed ff  ................
0000dc20: f0 ff f2 ff f4 ff f6 ff f7 ff f9 ff fa ff fc ff  ................
0000dc30: fd ff fe ff fe ff ff ff 00 00 01 00 01 00 02 00  ................
0000dc40: 03 00 03 00 04 00 05 00 05 00 06 00 07 00 09 00  ................
0000dc50: 0a 00 0b 00 0d 00 0f 00 11 00 14 00 16 00 19 00  ................
0000dc60: 1c 00 1f 00 23 00 26 00 2a 00 2d 00 31 00 34 00  ....#.&.*.-.1.4.
0000dc70: 38 00 3b 00 3f 00 42 00 45 00 48 00 4b 00 4e 00  8.;.?.B.E.H.K.N.
0000dc80: 51 00 53 00 55 00 58 00 5a 00 5c 00 5e 00 5f 00  Q.S.U.X.Z.\.^._.
0000dc90: 61 00 62 00 64 00 65 00 66 00 67 00 68 00 69 00  a.b.d.e.f.g.h.i.
0000dca0: 6a 00 6b 00 6b 00 6c 00 6d 00 6d 00 6d 00 6e 00  j.k.k.l.m.m.m.n.
0000dcb0: 6e 00 6e 00 6e 00 6e 00 6e 00 6e 00 6e 00 6e 00  n.n.n.n.n.n.n.n.
0000dcc0: 6e 00 6d 00 6d 00 6d 00 6d 00 6c 00 6c 00 6b 00  n.m.m.m.m.l.l.k.
0000dcd0: 6b 00 6b 00 6a 00 6a 00 69 00 69 00 69 00 68 00  k.k.j.j.i.i.i.h.
0000dce0: 68 00 67 00 67 00 67 00 66 00 66 00 66 00 65 00  h.g.g.g.f.f.f.e.
0000dcf0: 65 00 65 00 65 00 64 00 64 00 64 00 64 00 63 00  e.e.e.d.d.d.d.c.
0000dd00: 63 00 63 00 63 00 63 00 62 00 62 00 62 00 62 00  c.c.c.c.b.b.b.b.
0000dd10: 62 00 62 00 62 00 61 00 61 00 61 00 61 00 61 00  b.b.b.a.a.a.a.a.
0000dd20: 61 00 61 00 61 00 61 00 60 00 60 00 60 00 60 00  a.a.a.a.`.`.`.`.
0000dd30: 60 00 60 00 60 00 60 00 00 00 32 00 5e 00 6a 00  `.`.`.`...2.^.j.
0000dd40: 80 00 92 00 9e 00 b8 00 fe 00 ff 00 00 00 00 00  ................
0000dd50: 00 00 00 00 00 00 00 00 00 00 3c 00 5e 00 72 00  ..........<.^.r.
0000dd60: 80 00 90 00 a0 00 d4 00 ff 00 00 00 00 00 00 00  ................
0000dd70: 00 00 00 00 00 00 00 00 01 00 04 00 01 00 03 00  ................
0000dd80: 00 00 01 00 18 00 00 00 01 00 64 ff 65 ff 65 ff  ..........d.e.e.
0000dd90: 66 ff 67 ff 67 ff 68 ff 68 ff 69 ff 6a ff 6a ff  f.g.g.h.h.i.j.j.
0000dda0: 6b ff 6b ff 6c ff 6d ff 6d ff 6e ff 6e ff 6f ff  k.k.l.m.m.n.n.o.
0000ddb0: 70 ff 70 ff 71 ff 71 ff 72 ff 73 ff 73 ff 74 ff  p.p.q.q.r.s.s.t.
0000ddc0: 74 ff 75 ff 76 ff 76 ff 77 ff 77 ff 78 ff 79 ff  t.u.v.v.w.w.x.y.
0000ddd0: 79 ff 7a ff 7a ff 7b ff 7c ff 7c ff 7d ff 7d ff  y.z.z.{.|.|.}.}.
0000dde0: 7e ff 7f ff 7f ff 80 ff 81 ff 81 ff 82 ff 83 ff  ~...............
0000ddf0: 83 ff 84 ff 85 ff 86 ff 86 ff 87 ff 88 ff 89 ff  ................
0000de00: 8a ff 8b ff 8c ff 8d ff 8e ff 8f ff 90 ff 91 ff  ................
0000de10: 92 ff 93 ff 94 ff 95 ff 97 ff 98 ff 99 ff 9b ff  ................
0000de20: 9c ff 9e ff 9f ff a1 ff a2 ff a4 ff a6 ff a8 ff  ................
0000de30: aa ff ab ff ad ff af ff b2 ff b4 ff b6 ff b8 ff  ................
0000de40: ba ff bd ff bf ff c2 ff c4 ff c7 ff c9 ff cc ff  ................
0000de50: cf ff d1 ff d4 ff d6 ff d9 ff db ff de ff e0 ff  ................
0000de60: e2 ff e5 ff e7 ff e9 ff eb ff ed ff ef ff f1 ff  ................
0000de70: f2 ff f4 ff f5 ff f7 ff f8 ff f9 ff fa ff fb ff  ................
0000de80: fc ff fd ff fe ff fe ff ff ff 00 00 01 00 02 00  ................
0000de90: 02 00 03 00 04 00 06 00 07 00 08 00 09 00 0b 00  ................
0000dea0: 0d 00 0e 00 10 00 12 00 14 00 16 00 18 00 1a 00  ................
0000deb0: 1d 00 1f 00 21 00 23 00 25 00 28 00 2a 00 2c 00  ....!.#.%.(.*.,.
0000dec0: 2e 00 30 00 32 00 34 00 35 00 37 00 39 00 3a 00  ..0.2.4.5.7.9.:.
0000ded0: 3c 00 3e 00 3f 00 40 00 42 00 43 00 44 00 45 00  <.>.?.@.B.C.D.E.
0000dee0: 46 00 48 00 49 00 4a 00 4a 00 4b 00 4c 00 4d 00  F.H.I.J.J.K.L.M.
0000def0: 4e 00 4f 00 4f 00 50 00 51 00 51 00 52 00 53 00  N.O.O.P.Q.Q.R.S.
0000df00: 53 00 54 00 54 00 55 00 55 00 56 00 56 00 57 00  S.T.T.U.U.V.V.W.
0000df10: 57 00 58 00 58 00 58 00 59 00 59 00 5a 00 5a 00  W.X.X.X.Y.Y.Z.Z.
0000df20: 5a 00 5b 00 5b 00 5b 00 5b 00 5c 00 5c 00 5c 00  Z.[.[.[.[.\.\.\.
0000df30: 5c 00 5c 00 5d 00 5d 00 5d 00 5d 00 5d 00 5d 00  \.\.].].].].].].
0000df40: 5d 00 5e 00 5e 00 5e 00 5e 00 5e 00 5e 00 5e 00  ].^.^.^.^.^.^.^.
0000df50: 5e 00 5e 00 5e 00 5e 00 5e 00 5e 00 5e 00 5e 00  ^.^.^.^.^.^.^.^.
0000df60: 5e 00 5e 00 5e 00 5e 00 5e 00 5e 00 5e 00 5e 00  ^.^.^.^.^.^.^.^.
0000df70: 5e 00 5e 00 5e 00 5e 00 5e 00 5e 00 5e 00 5e 00  ^.^.^.^.^.^.^.^.
0000df80: 5d 00 5d 00 5d 00 5d 00 5d 00 98 ff 98 ff 98 ff  ].].].].].......
0000df90: 98 ff 98 ff 98 ff 98 ff 98 ff 99 ff 99 ff 99 ff  ................
0000dfa0: 9a ff 9a ff 9a ff 9a ff 9b ff 9b ff 9b ff 9b ff  ................
0000dfb0: 9b ff 9c ff 9c ff 9c ff 9c ff 9c ff 9d ff 9d ff  ................
0000dfc0: 9d ff 9d ff 9d ff 9d ff 9d ff 9d ff 9d ff 9d ff  ................
0000dfd0: 9d ff 9d ff 9d ff 9d ff 9d ff 9d ff 9d ff 9d ff  ................
0000dfe0: 9c ff 9c ff 9c ff 9c ff 9b ff 9b ff 9b ff 9b ff  ................
0000dff0: 9a ff 9a ff 9a ff 99 ff 99 ff 99 ff 98 ff 98 ff  ................
0000e000: 98 ff 97 ff 97 ff 97 ff 97 ff 97 ff 97 ff 96 ff  ................
0000e010: 96 ff 96 ff 96 ff 97 ff 97 ff 97 ff 97 ff 98 ff  ................
0000e020: 98 ff 98 ff 99 ff 9a ff 9a ff 9b ff 9c ff 9d ff  ................
0000e030: 9e ff 9f ff a0 ff a2 ff a3 ff a5 ff a6 ff a8 ff  ................
0000e040: aa ff ac ff ae ff b0 ff b2 ff b5 ff b7 ff ba ff  ................
0000e050: bd ff c0 ff c3 ff c7 ff ca ff cd ff d1 ff d4 ff  ................
0000e060: d8 ff db ff df ff e2 ff e5 ff e8 ff eb ff ed ff  ................
0000e070: f0 ff f2 ff f4 ff f6 ff f7 ff f9 ff fa ff fb ff  ................
0000e080: fc ff fd ff fe ff ff ff ff ff 00 00 01 00 01 00  ................
0000e090: 02 00 02 00 03 00 04 00 04 00 05 00 06 00 07 00  ................
0000e0a0: 08 00 0a 00 0b 00 0d 00 0f 00 12 00 14 00 17 00  ................
0000e0b0: 19 00 1c 00 1f 00 22 00 25 00 28 00 2a 00 2d 00  ......".%.(.*.-.
0000e0c0: 30 00 33 00 35 00 38 00 3a 00 3c 00 3f 00 41 00  0.3.5.8.:.<.?.A.
0000e0d0: 43 00 45 00 47 00 48 00 4a 00 4c 00 4d 00 4f 00  C.E.G.H.J.L.M.O.
0000e0e0: 50 00 51 00 53 00 54 00 55 00 56 00 57 00 58 00  P.Q.S.T.U.V.W.X.
0000e0f0: 58 00 59 00 5a 00 5a 00 5b 00 5b 00 5c 00 5c 00  X.Y.Z.Z.[.[.\.\.
0000e100: 5c 00 5c 00 5d 00 5d 00 5d 00 5d 00 5d 00 5d 00  \.\.].].].].].].
0000e110: 5d 00 5d 00 5d 00 5d 00 5c 00 5c 00 5c 00 5c 00  ].].].].\.\.\.\.
0000e120: 5c 00 5b 00 5b 00 5b 00 5a 00 5a 00 5a 00 5a 00  \.[.[.[.Z.Z.Z.Z.
0000e130: 59 00 59 00 59 00 59 00 58 00 58 00 58 00 58 00  Y.Y.Y.Y.X.X.X.X.
0000e140: 58 00 57 00 57 00 57 00 57 00 57 00 57 00 56 00  X.W.W.W.W.W.W.V.
0000e150: 56 00 56 00 56 00 56 00 56 00 56 00 55 00 55 00  V.V.V.V.V.V.U.U.
0000e160: 55 00 55 00 55 00 55 00 55 00 55 00 55 00 55 00  U.U.U.U.U.U.U.U.
0000e170: 55 00 55 00 54 00 54 00 54 00 54 00 54 00 54 00  U.U.T.T.T.T.T.T.
0000e180: 54 00 54 00 54 00 54 00 54 00 00 00 26 00 5a 00  T.T.T.T.T...&.Z.
0000e190: 74 00 80 00 88 00 9c 00 bc 00 ff 00 00 00 00 00  t...............
0000e1a0: 00 00 00 00 00 00 00 00 00 00 06 00 2c 00 64 00  ............,.d.
0000e1b0: 72 00 80 00 8e 00 9a 00 ae 00 d4 00 ff 00 00 00  r...............
0000e1c0: 00 00 00 00 00 00 00 00 00 00 01 00 04 00 01 00  ................
0000e1d0: 04 00 00 00 01 00 18 00 00 00 01 00 a7 ff a6 ff  ................
0000e1e0: a5 ff a5 ff a4 ff a3 ff a2 ff a2 ff a1 ff a0 ff  ................
0000e1f0: a0 ff 9f ff 9e ff 9e ff 9d ff 9c ff 9c ff 9b ff  ................
0000e200: 9b ff 9a ff 9a ff 99 ff 98 ff 98 ff 98 ff 97 ff  ................
0000e210: 97 ff 96 ff 96 ff 96 ff 95 ff 95 ff 95 ff 95 ff  ................
0000e220: 95 ff 94 ff 94 ff 94 ff 94 ff 94 ff 94 ff 94 ff  ................
0000e230: 95 ff 95 ff 95 ff 95 ff 95 ff 96 ff 96 ff 97 ff  ................
0000e240: 97 ff 97 ff 98 ff 99 ff 99 ff 9a ff 9a ff 9b ff  ................
0000e250: 9c ff 9d ff 9d ff 9e ff 9f ff a0 ff a1 ff a2 ff  ................
0000e260: a3 ff a4 ff a5 ff a7 ff a8 ff a9 ff aa ff ac ff  ................
0000e270: ad ff ae ff b0 ff b1 ff b3 ff b4 ff b6 ff b8 ff  ................
0000e280: b9 ff bb ff bd ff be ff c0 ff c2 ff c4 ff c6 ff  ................
0000e290: c8 ff ca ff cc ff ce ff d0 ff d2 ff d4 ff d6 ff  ................
0000e2a0: d8 ff da ff dc ff de ff e0 ff e2 ff e4 ff e6 ff  ................
0000e2b0: e7 ff e9 ff eb ff ed ff ee ff f0 ff f1 ff f3 ff  ................
0000e2c0: f4 ff f5 ff f7 ff f8 ff f9 ff fa ff fb ff fc ff  ................
0000e2d0: fc ff fd ff fe ff fe ff ff ff 00 00 00 00 00 00  ................
0000e2e0: 01 00 01 00 02 00 02 00 03 00 03 00 04 00 05 00  ................
0000e2f0: 06 00 07 00 08 00 09 00 0b 00 0d 00 0f 00 11 00  ................
0000e300: 13 00 16 00 18 00 1a 00 1d 00 1f 00 22 00 25 00  ............".%.
0000e310: 27 00 2a 00 2c 00 2f 00 32 00 34 00 37 00 39 00  '.*.,./.2.4.7.9.
0000e320: 3b 00 3e 00 40 00 42 00 44 00 46 00 47 00 49 00  ;.>.@.B.D.F.G.I.
0000e330: 4b 00 4c 00 4d 00 4f 00 50 00 51 00 52 00 53 00  K.L.M.O.P.Q.R.S.
0000e340: 53 00 54 00 55 00 55 00 56 00 56 00 57 00 57 00  S.T.U.U.V.V.W.W.
0000e350: 57 00 57 00 57 00 58 00 58 00 58 00 58 00 58 00  W.W.W.X.X.X.X.X.
0000e360: 58 00 58 00 57 00 57 00 57 00 57 00 57 00 57 00  X.X.W.W.W.W.W.W.
0000e370: 57 00 57 00 56 00 56 00 56 00 56 00 56 00 56 00  W.W.V.V.V.V.V.V.
0000e380: 56 00 56 00 56 00 56 00 56 00 56 00 56 00 56 00  V.V.V.V.V.V.V.V.
0000e390: 56 00 56 00 56 00 56 00 56 00 56 00 56 00 56 00  V.V.V.V.V.V.V.V.
0000e3a0: 56 00 56 00 56 00 57 00 57 00 57 00 57 00 57 00  V.V.V.W.W.W.W.W.
0000e3b0: 57 00 57 00 57 00 58 00 58 00 58 00 58 00 58 00  W.W.W.X.X.X.X.X.
0000e3c0: 58 00 58 00 59 00 59 00 59 00 59 00 59 00 59 00  X.X.Y.Y.Y.Y.Y.Y.
0000e3d0: 5a 00 5a 00 5a 00 5a 00 5a 00 5a 00 a7 ff a7 ff  Z.Z.Z.Z.Z.Z.....
0000e3e0: a8 ff a8 ff a9 ff a9 ff aa ff aa ff ab ff ab ff  ................
0000e3f0: ab ff ac ff ac ff ad ff ad ff ad ff ae ff ae ff  ................
0000e400: ae ff af ff af ff af ff af ff af ff b0 ff b0 ff  ................
0000e410: b0 ff b0 ff b0 ff b0 ff b0 ff b0 ff b0 ff b0 ff  ................
0000e420: b0 ff b0 ff af ff af ff af ff ae ff ae ff ae ff  ................
0000e430: ad ff ad ff ac ff ab ff ab ff aa ff a9 ff a9 ff  ................
0000e440: a8 ff a7 ff a6 ff a5 ff a4 ff a3 ff a2 ff a2 ff  ................
0000e450: a1 ff a0 ff 9f ff 9e ff 9d ff 9c ff 9c ff 9b ff  ................
0000e460: 9a ff 9a ff 99 ff 99 ff 98 ff 98 ff 98 ff 98 ff  ................
0000e470: 98 ff 98 ff 98 ff 98 ff 99 ff 99 ff 9a ff 9b ff  ................
0000e480: 9c ff 9d ff 9e ff 9f ff a1 ff a3 ff a5 ff a7 ff  ................
0000e490: a9 ff ab ff ae ff b1 ff b4 ff b7 ff ba ff bd ff  ................
0000e4a0: c1 ff c4 ff c8 ff cb ff cf ff d2 ff d6 ff d9 ff  ................
0000e4b0: dd ff e0 ff e3 ff e6 ff e9 ff ec ff ee ff f1 ff  ................
0000e4c0: f3 ff f5 ff f6 ff f8 ff f9 ff fa ff fb ff fc ff  ................
0000e4d0: fd ff fd ff fe ff ff ff ff ff 00 00 00 00 00 00  ................
0000e4e0: 01 00 01 00 02 00 03 00 03 00 04 00 05 00 06 00  ................
0000e4f0: 07 00 08 00 09 00 0b 00 0c 00 0e 00 10 00 12 00  ................
0000e500: 14 00 16 00 19 00 1b 00 1d 00 20 00 22 00 24 00  .......... .".$.
0000e510: 27 00 29 00 2b 00 2d 00 30 00 32 00 34 00 36 00  '.).+.-.0.2.4.6.
0000e520: 38 00 3a 00 3c 00 3e 00 40 00 42 00 44 00 46 00  8.:.<.>.@.B.D.F.
0000e530: 48 00 4a 00 4c 00 4d 00 4f 00 51 00 52 00 54 00  H.J.L.M.O.Q.R.T.
0000e540: 55 00 57 00 58 00 5a 00 5b 00 5d 00 5e 00 5f 00  U.W.X.Z.[.].^._.
0000e550: 60 00 62 00 63 00 64 00 65 00 66 00 67 00 68 00  `.b.c.d.e.f.g.h.
0000e560: 69 00 6a 00 6a 00 6b 00 6c 00 6d 00 6d 00 6e 00  i.j.j.k.l.m.m.n.
0000e570: 6e 00 6f 00 6f 00 6f 00 70 00 70 00 70 00 71 00  n.o.o.o.p.p.p.q.
0000e580: 71 00 71 00 71 00 71 00 71 00 71 00 71 00 71 00  q.q.q.q.q.q.q.q.
0000e590: 71 00 71 00 71 00 70 00 70 00 70 00 70 00 6f 00  q.q.q.p.p.p.p.o.
0000e5a0: 6f 00 6e 00 6e 00 6e 00 6d 00 6d 00 6c 00 6c 00  o.n.n.n.m.m.l.l.
0000e5b0: 6b 00 6b 00 6a 00 6a 00 69 00 68 00 68 00 67 00  k.k.j.j.i.h.h.g.
0000e5c0: 67 00 66 00 65 00 65 00 64 00 63 00 62 00 62 00  g.f.e.e.d.c.b.b.
0000e5d0: 61 00 60 00 60 00 5f 00 5e 00 5d 00 00 00 26 00  a.`.`._.^.]...&.
0000e5e0: 56 00 72 00 80 00 8c 00 94 00 a6 00 cc 00 ff 00  V.r.............
0000e5f0: 00 00 00 00 00 00 00 00 00 00 00 00 00 00 2e 00  ................
0000e600: 5a 00 70 00 80 00 8c 00 9a 00 c8 00 ff 00 00 00  Z.p.............
0000e610: 00 00 00 00 00 00 00 00 00 00 00 00 01 00 04 00  ................
0000e620: 01 00 05 00 00 00 01 00 18 00 00 00 01 00 80 ff  ................
0000e630: 80 ff 80 ff 80 ff 80 ff 80 ff 81 ff 81 ff 81 ff  ................
0000e640: 81 ff 81 ff 81 ff 82 ff 82 ff 82 ff 82 ff 82 ff  ................
0000e650: 83 ff 83 ff 83 ff 83 ff 83 ff 84 ff 84 ff 84 ff  ................
0000e660: 84 ff 85 ff 85 ff 85 ff 85 ff 86 ff 86 ff 86 ff  ................
0000e670: 87 ff 87 ff 87 ff 88 ff 88 ff 88 ff 89 ff 89 ff  ................
0000e680: 89 ff 8a ff 8a ff 8b ff 8b ff 8c ff 8c ff 8d ff  ................
0000e690: 8d ff 8e ff 8e ff 8f ff 90 ff 90 ff 91 ff 91 ff  ................
0000e6a0: 92 ff 93 ff 93 ff 94 ff 95 ff 96 ff 97 ff 97 ff  ................
0000e6b0: 98 ff 99 ff 9a ff 9b ff 9c ff 9d ff 9e ff 9f ff  ................
0000e6c0: a0 ff a1 ff a3 ff a4 ff a5 ff a6 ff a8 ff a9 ff  ................
0000e6d0: ab ff ac ff ae ff b0 ff b1 ff b3 ff b5 ff b7 ff  ................
0000e6e0: b9 ff bb ff bd ff bf ff c2 ff c4 ff c7 ff c9 ff  ................
0000e6f0: cc ff ce ff d1 ff d3 ff d6 ff d9 ff db ff de ff  ................
0000e700: e0 ff e3 ff e5 ff e8 ff ea ff ec ff ee ff f0 ff  ................
0000e710: f2 ff f3 ff f5 ff f6 ff f8 ff f9 ff fa ff fb ff  ................
0000e720: fc ff fd ff fd ff fe ff ff ff ff ff 00 00 00 00  ................
0000e730: 01 00 01 00 02 00 02 00 03 00 03 00 04 00 04 00  ................
0000e740: 05 00 05 00 06 00 07 00 07 00 08 00 09 00 0a 00  ................
0000e750: 0b 00 0d 00 0e 00 0f 00 10 00 12 00 13 00 14 00  ................
0000e760: 16 00 17 00 19 00 1a 00 1c 00 1e 00 1f 00 21 00  ..............!.
0000e770: 22 00 24 00 26 00 27 00 29 00 2a 00 2c 00 2e 00  ".$.&.'.).*.,...
0000e780: 2f 00 31 00 32 00 34 00 35 00 37 00 38 00 3a 00  /.1.2.4.5.7.8.:.
0000e790: 3b 00 3d 00 3e 00 40 00 41 00 43 00 44 00 45 00  ;.=.>.@.A.C.D.E.
0000e7a0: 47 00 48 00 49 00 4a 00 4c 00 4d 00 4e 00 4f 00  G.H.I.J.L.M.N.O.
0000e7b0: 50 00 51 00 52 00 53 00 54 00 55 00 56 00 57 00  P.Q.R.S.T.U.V.W.
0000e7c0: 58 00 58 00 59 00 5a 00 5b 00 5b 00 5c 00 5c 00  X.X.Y.Z.[.[.\.\.
0000e7d0: 5d 00 5e 00 5e 00 5f 00 5f 00 5f 00 60 00 60 00  ].^.^._._._.`.`.
0000e7e0: 61 00 61 00 61 00 62 00 62 00 62 00 62 00 63 00  a.a.a.b.b.b.b.c.
0000e7f0: 63 00 63 00 63 00 63 00 64 00 64 00 64 00 64 00  c.c.c.c.d.d.d.d.
0000e800: 64 00 64 00 64 00 64 00 64 00 64 00 64 00 64 00  d.d.d.d.d.d.d.d.
0000e810: 64 00 64 00 64 00 64 00 64 00 64 00 64 00 64 00  d.d.d.d.d.d.d.d.
0000e820: 64 00 64 00 64 00 64 00 64 00 64 00 64 00 00 00  d.d.d.d.d.d.d...
0000e830: 00 00 00 00 00 00 00 00 00 00 00 00 00 00 00 00  ................
0000e840: 00 00 00 00 00 00 00 00 00 00 00 00 00 00 00 00  ................
0000e850: 00 00 00 00 00 00 00 00 00 00 00 00 00 00 00 00  ................
0000e860: 00 00 00 00 00 00 00 00 00 00 00 00 00 00 00 00  ................
0000e870: 00 00 00 00 00 00 00 00 00 00 00 00 00 00 00 00  ................
0000e880: 00 00 00 00 00 00 00 00 00 00 00 00 00 00 00 00  ................
0000e890: 00 00 00 00 00 00 00 00 00 00 00 00 00 00 00 00  ................
0000e8a0: 00 00 00 00 00 00 00 00 00 00 00 00 00 00 00 00  ................
0000e8b0: 00 00 00 00 00 00 00 00 00 00 00 00 00 00 00 00  ................
0000e8c0: 00 00 00 00 00 00 00 00 00 00 00 00 00 00 00 00  ................
0000e8d0: 00 00 00 00 00 00 00 00 00 00 00 00 00 00 00 00  ................
0000e8e0: 00 00 00 00 00 00 00 00 00 00 00 00 00 00 00 00  ................
0000e8f0: 00 00 00 00 00 00 00 00 00 00 00 00 00 00 00 00  ................
0000e900: 00 00 00 00 00 00 00 00 00 00 00 00 00 00 00 00  ................
0000e910: 00 00 00 00 00 00 00 00 00 00 00 00 00 00 00 00  ................
0000e920: 00 00 00 00 00 00 00 00 00 00 00 00 00 00 00 00  ................
0000e930: 00 00 00 00 00 00 00 00 00 00 00 00 00 00 00 00  ................
0000e940: 00 00 00 00 00 00 00 00 00 00 00 00 00 00 00 00  ................
0000e950: 00 00 00 00 00 00 00 00 00 00 00 00 00 00 00 00  ................
0000e960: 00 00 00 00 00 00 00 00 00 00 00 00 00 00 00 00  ................
0000e970: 00 00 00 00 00 00 00 00 00 00 00 00 00 00 00 00  ................
0000e980: 00 00 00 00 00 00 00 00 00 00 00 00 00 00 00 00  ................
0000e990: 00 00 00 00 00 00 00 00 00 00 00 00 00 00 00 00  ................
0000e9a0: 00 00 00 00 00 00 00 00 00 00 00 00 00 00 00 00  ................
0000e9b0: 00 00 00 00 00 00 00 00 00 00 00 00 00 00 00 00  ................
0000e9c0: 00 00 00 00 00 00 00 00 00 00 00 00 00 00 00 00  ................
0000e9d0: 00 00 00 00 00 00 00 00 00 00 00 00 00 00 00 00  ................
0000e9e0: 00 00 00 00 00 00 00 00 00 00 00 00 00 00 00 00  ................
0000e9f0: 00 00 00 00 00 00 00 00 00 00 00 00 00 00 00 00  ................
0000ea00: 00 00 00 00 00 00 00 00 00 00 00 00 00 00 00 00  ................
0000ea10: 00 00 00 00 00 00 00 00 00 00 00 00 00 00 00 00  ................
0000ea20: 00 00 00 00 00 00 00 00 00 00 00 00 00 00 04 00  ................
0000ea30: 3c 00 5e 00 70 00 7e 00 8c 00 a2 00 c2 00 ff 00  <.^.p.~.........
0000ea40: 00 00 00 00 00 00 00 00 00 00 00 00 00 00 00 00  ................
0000ea50: ff 00 00 00 00 00 00 00 00 00 00 00 00 00 00 00  ................
0000ea60: 00 00 00 00 00 00 00 00 00 00 00 00 00 00 01 00  ................
0000ea70: 04 00 01 00 05 00 00 00 01 00 18 00 00 00 01 00  ................
0000ea80: 97 ff 97 ff 97 ff 97 ff 97 ff 97 ff 97 ff 97 ff  ................
0000ea90: 97 ff 97 ff 97 ff 97 ff 97 ff 97 ff 97 ff 97 ff  ................
0000eaa0: 98 ff 98 ff 98 ff 98 ff 98 ff 98 ff 99 ff 99 ff  ................
0000eab0: 99 ff 9a ff 9a ff 9a ff 9b ff 9b ff 9c ff 9c ff  ................
0000eac0: 9d ff 9d ff 9e ff 9e ff 9f ff a0 ff a1 ff a1 ff  ................
0000ead0: a2 ff a3 ff a4 ff a5 ff a6 ff a7 ff a9 ff aa ff  ................
0000eae0: ab ff ac ff ae ff af ff b0 ff b2 ff b3 ff b4 ff  ................
0000eaf0: b6 ff b7 ff b9 ff ba ff bc ff bd ff bf ff c0 ff  ................
0000eb00: c2 ff c3 ff c5 ff c6 ff c8 ff c9 ff cb ff cc ff  ................
0000eb10: cd ff cf ff d0 ff d1 ff d3 ff d4 ff d5 ff d6 ff  ................
0000eb20: d8 ff d9 ff da ff db ff dc ff dd ff de ff df ff  ................
0000eb30: e0 ff e1 ff e2 ff e3 ff e4 ff e5 ff e6 ff e7 ff  ................
0000eb40: e8 ff e9 ff ea ff ea ff eb ff ec ff ed ff ee ff  ................
0000eb50: ef ff f0 ff f0 ff f1 ff f2 ff f3 ff f4 ff f5 ff  ................
0000eb60: f5 ff f6 ff f7 ff f8 ff f9 ff fa ff fa ff fb ff  ................
0000eb70: fc ff fd ff fe ff ff ff ff ff 00 00 01 00 02 00  ................
0000eb80: 03 00 03 00 04 00 05 00 06 00 07 00 08 00 08 00  ................
0000eb90: 09 00 0a 00 0b 00 0b 00 0c 00 0d 00 0d 00 0e 00  ................
0000eba0: 0f 00 10 00 10 00 11 00 12 00 12 00 13 00 14 00  ................
0000ebb0: 15 00 15 00 16 00 17 00 18 00 19 00 1a 00 1b 00  ................
0000ebc0: 1c 00 1d 00 1e 00 1f 00 20 00 21 00 23 00 24 00  ........ .!.#.$.
0000ebd0: 25 00 26 00 28 00 29 00 2a 00 2c 00 2d 00 2f 00  %.&.(.).*.,.-./.
0000ebe0: 30 00 32 00 33 00 35 00 36 00 38 00 39 00 3b 00  0.2.3.5.6.8.9.;.
0000ebf0: 3d 00 3e 00 40 00 42 00 43 00 45 00 47 00 48 00  =.>.@.B.C.E.G.H.
0000ec00: 4a 00 4c 00 4d 00 4f 00 51 00 52 00 54 00 55 00  J.L.M.O.Q.R.T.U.
0000ec10: 57 00 58 00 5a 00 5b 00 5c 00 5d 00 5e 00 5f 00  W.X.Z.[.\.].^._.
0000ec20: 60 00 61 00 62 00 63 00 63 00 64 00 64 00 65 00  `.a.b.c.c.d.d.e.
0000ec30: 65 00 65 00 66 00 66 00 66 00 66 00 66 00 66 00  e.e.f.f.f.f.f.f.
0000ec40: 66 00 66 00 65 00 65 00 65 00 64 00 64 00 64 00  f.f.e.e.e.d.d.d.
0000ec50: 63 00 63 00 62 00 61 00 61 00 60 00 5f 00 5f 00  c.c.b.a.a.`._._.
0000ec60: 5e 00 5d 00 5c 00 5c 00 5b 00 5a 00 59 00 58 00  ^.].\.\.[.Z.Y.X.
0000ec70: 57 00 56 00 56 00 55 00 54 00 53 00 51 00 51 00  W.V.V.U.T.S.Q.Q.
0000ec80: 00 00 00 00 00 00 00 00 00 00 00 00 00 00 00 00  ................
0000ec90: 00 00 00 00 00 00 00 00 00 00 00 00 00 00 00 00  ................
0000eca0: 00 00 00 00 00 00 00 00 00 00 00 00 00 00 00 00  ................
0000ecb0: 00 00 00 00 00 00 00 00 00 00 00 00 00 00 00 00  ................
0000ecc0: 00 00 00 00 00 00 00 00 00 00 00 00 00 00 00 00  ................
0000ecd0: 00 00 00 00 00 00 00 00 00 00 00 00 00 00 00 00  ................
0000ece0: 00 00 00 00 00 00 00 00 00 00 00 00 00 00 00 00  ................
0000ecf0: 00 00 00 00 00 00 00 00 00 00 00 00 00 00 00 00  ................
0000ed00: 00 00 00 00 00 00 00 00 00 00 00 00 00 00 00 00  ................
0000ed10: 00 00 00 00 00 00 00 00 00 00 00 00 00 00 00 00  ................
0000ed20: 00 00 00 00 00 00 00 00 00 00 00 00 00 00 00 00  ................
0000ed30: 00 00 00 00 00 00 00 00 00 00 00 00 00 00 00 00  ................
0000ed40: 00 00 00 00 00 00 00 00 00 00 00 00 00 00 00 00  ................
0000ed50: 00 00 00 00 00 00 00 00 00 00 00 00 00 00 00 00  ................
0000ed60: 00 00 00 00 00 00 00 00 00 00 00 00 00 00 00 00  ................
0000ed70: 00 00 00 00 00 00 00 00 00 00 00 00 00 00 00 00  ................
0000ed80: 00 00 00 00 00 00 00 00 00 00 00 00 00 00 00 00  ................
0000ed90: 00 00 00 00 00 00 00 00 00 00 00 00 00 00 00 00  ................
0000eda0: 00 00 00 00 00 00 00 00 00 00 00 00 00 00 00 00  ................
0000edb0: 00 00 00 00 00 00 00 00 00 00 00 00 00 00 00 00  ................
0000edc0: 00 00 00 00 00 00 00 00 00 00 00 00 00 00 00 00  ................
0000edd0: 00 00 00 00 00 00 00 00 00 00 00 00 00 00 00 00  ................
0000ede0: 00 00 00 00 00 00 00 00 00 00 00 00 00 00 00 00  ................
0000edf0: 00 00 00 00 00 00 00 00 00 00 00 00 00 00 00 00  ................
0000ee00: 00 00 00 00 00 00 00 00 00 00 00 00 00 00 00 00  ................
0000ee10: 00 00 00 00 00 00 00 00 00 00 00 00 00 00 00 00  ................
0000ee20: 00 00 00 00 00 00 00 00 00 00 00 00 00 00 00 00  ................
0000ee30: 00 00 00 00 00 00 00 00 00 00 00 00 00 00 00 00  ................
0000ee40: 00 00 00 00 00 00 00 00 00 00 00 00 00 00 00 00  ................
0000ee50: 00 00 00 00 00 00 00 00 00 00 00 00 00 00 00 00  ................
0000ee60: 00 00 00 00 00 00 00 00 00 00 00 00 00 00 00 00  ................
0000ee70: 00 00 00 00 00 00 00 00 00 00 00 00 00 00 00 00  ................
0000ee80: 02 00 2a 00 4a 00 68 00 80 00 8a 00 9c 00 ba 00  ..*.J.h.........
0000ee90: ce 00 fe 00 ff 00 00 00 00 00 00 00 00 00 00 00  ................
0000eea0: 00 00 ff 00 00 00 00 00 00 00 00 00 00 00 00 00  ................
0000eeb0: 00 00 00 00 00 00 00 00 00 00 00 00 00 00 00 00  ................
0000eec0: 01 00 04 00 01 00 05 00 02 00 01 00 18 00 00 00  ................
0000eed0: 01 00 a6 ff a6 ff a5 ff a5 ff a4 ff a3 ff a3 ff  ................
0000eee0: a2 ff a2 ff a1 ff a1 ff a0 ff a0 ff 9f ff 9f ff  ................
0000eef0: 9e ff 9e ff 9d ff 9d ff 9c ff 9c ff 9c ff 9b ff  ................
0000ef00: 9b ff 9b ff 9b ff 9a ff 9a ff 9a ff 9a ff 9a ff  ................
0000ef10: 9a ff 9a ff 9a ff 9a ff 9a ff 9a ff 9a ff 9b ff  ................
0000ef20: 9b ff 9b ff 9c ff 9c ff 9d ff 9d ff 9e ff 9f ff  ................
0000ef30: 9f ff a0 ff a1 ff a2 ff a3 ff a4 ff a5 ff a6 ff  ................
0000ef40: a7 ff a9 ff aa ff ab ff ad ff ae ff af ff b1 ff  ................
0000ef50: b2 ff b4 ff b5 ff b7 ff b9 ff ba ff bc ff be ff  ................
0000ef60: bf ff c1 ff c3 ff c4 ff c6 ff c8 ff ca ff cb ff  ................
0000ef70: cd ff cf ff d1 ff d2 ff d4 ff d6 ff d7 ff d9 ff  ................
0000ef80: db ff dc ff de ff e0 ff e1 ff e3 ff e4 ff e6 ff  ................
0000ef90: e7 ff e9 ff ea ff eb ff ed ff ee ff ef ff f0 ff  ................
0000efa0: f2 ff f3 ff f4 ff f5 ff f6 ff f6 ff f7 ff f8 ff  ................
0000efb0: f9 ff f9 ff fa ff fa ff fb ff fb ff fc ff fc ff  ................
0000efc0: fc ff fd ff fd ff fd ff fd ff fe ff fe ff fe ff  ................
0000efd0: fe ff ff ff ff ff ff ff 00 00 00 00 00 00 01 00  ................
0000efe0: 01 00 01 00 02 00 02 00 03 00 03 00 04 00 05 00  ................
0000eff0: 05 00 06 00 06 00 07 00 08 00 09 00 09 00 0a 00  ................
0000f000: 0b 00 0c 00 0d 00 0e 00 0e 00 0f 00 10 00 11 00  ................
0000f010: 12 00 13 00 14 00 15 00 16 00 17 00 18 00 19 00  ................
0000f020: 1b 00 1c 00 1d 00 1e 00 1f 00 20 00 21 00 22 00  .......... .!.".
0000f030: 23 00 25 00 26 00 27 00 28 00 29 00 2a 00 2b 00  #.%.&.'.(.).*.+.
0000f040: 2c 00 2d 00 2e 00 30 00 31 00 32 00 33 00 34 00  ,.-...0.1.2.3.4.
0000f050: 35 00 36 00 37 00 38 00 39 00 3a 00 3a 00 3b 00  5.6.7.8.9.:.:.;.
0000f060: 3c 00 3d 00 3e 00 3f 00 3f 00 40 00 41 00 42 00  <.=.>.?.?.@.A.B.
0000f070: 42 00 43 00 44 00 44 00 45 00 45 00 46 00 47 00  B.C.D.D.E.E.F.G.
0000f080: 47 00 48 00 48 00 49 00 49 00 49 00 4a 00 4a 00  G.H.H.I.I.I.J.J.
0000f090: 4b 00 4b 00 4b 00 4b 00 4c 00 4c 00 4c 00 4c 00  K.K.K.K.L.L.L.L.
0000f0a0: 4d 00 4d 00 4d 00 4d 00 4d 00 4d 00 4e 00 4e 00  M.M.M.M.M.M.N.N.
0000f0b0: 4e 00 4e 00 4e 00 4e 00 4e 00 4e 00 4e 00 4e 00  N.N.N.N.N.N.N.N.
0000f0c0: 4e 00 4e 00 4e 00 4e 00 4d 00 4d 00 4d 00 4d 00  N.N.N.N.M.M.M.M.
0000f0d0: 4d 00 00 00 00 00 00 00 00 00 00 00 00 00 00 00  M...............
0000f0e0: 00 00 00 00 00 00 00 00 00 00 00 00 00 00 00 00  ................
0000f0f0: 00 00 00 00 00 00 00 00 00 00 00 00 00 00 00 00  ................
0000f100: 00 00 00 00 00 00 00 00 00 00 00 00 00 00 00 00  ................
0000f110: 00 00 00 00 00 00 00 00 00 00 00 00 00 00 00 00  ................
0000f120: 00 00 00 00 00 00 00 00 00 00 00 00 00 00 00 00  ................
0000f130: 00 00 00 00 00 00 00 00 00 00 00 00 00 00 00 00  ................
0000f140: 00 00 00 00 00 00 00 00 00 00 00 00 00 00 00 00  ................
0000f150: 00 00 00 00 00 00 00 00 00 00 00 00 00 00 00 00  ................
0000f160: 00 00 00 00 00 00 00 00 00 00 00 00 00 00 00 00  ................
0000f170: 00 00 00 00 00 00 00 00 00 00 00 00 00 00 00 00  ................
0000f180: 00 00 00 00 00 00 00 00 00 00 00 00 00 00 00 00  ................
0000f190: 00 00 00 00 00 00 00 00 00 00 00 00 00 00 00 00  ................
0000f1a0: 00 00 00 00 00 00 00 00 00 00 00 00 00 00 00 00  ................
0000f1b0: 00 00 00 00 00 00 00 00 00 00 00 00 00 00 00 00  ................
0000f1c0: 00 00 00 00 00 00 00 00 00 00 00 00 00 00 00 00  ................
0000f1d0: 00 00 00 00 00 00 00 00 00 00 00 00 00 00 00 00  ................
0000f1e0: 00 00 00 00 00 00 00 00 00 00 00 00 00 00 00 00  ................
0000f1f0: 00 00 00 00 00 00 00 00 00 00 00 00 00 00 00 00  ................
0000f200: 00 00 00 00 00 00 00 00 00 00 00 00 00 00 00 00  ................
0000f210: 00 00 00 00 00 00 00 00 00 00 00 00 00 00 00 00  ................
0000f220: 00 00 00 00 00 00 00 00 00 00 00 00 00 00 00 00  ................
0000f230: 00 00 00 00 00 00 00 00 00 00 00 00 00 00 00 00  ................
0000f240: 00 00 00 00 00 00 00 00 00 00 00 00 00 00 00 00  ................
0000f250: 00 00 00 00 00 00 00 00 00 00 00 00 00 00 00 00  ................
0000f260: 00 00 00 00 00 00 00 00 00 00 00 00 00 00 00 00  ................
0000f270: 00 00 00 00 00 00 00 00 00 00 00 00 00 00 00 00  ................
0000f280: 00 00 00 00 00 00 00 00 00 00 00 00 00 00 00 00  ................
0000f290: 00 00 00 00 00 00 00 00 00 00 00 00 00 00 00 00  ................
0000f2a0: 00 00 00 00 00 00 00 00 00 00 00 00 00 00 00 00  ................
0000f2b0: 00 00 00 00 00 00 00 00 00 00 00 00 00 00 00 00  ................
0000f2c0: 00 00 00 00 00 00 00 00 00 00 00 00 00 00 00 00  ................
0000f2d0: 00 00 00 00 30 00 6e 00 80 00 90 00 c6 00 ea 00  ....0.n.........
0000f2e0: ff 00 00 00 00 00 00 00 00 00 00 00 00 00 00 00  ................
0000f2f0: 00 00 00 00 ff 00 00 00 00 00 00 00 00 00 00 00  ................
0000f300: 00 00 00 00 00 00 00 00 00 00 00 00 00 00 00 00  ................
0000f310: 00 00 04 00 02 00 01 00 fe ff ff ff 00 00 08 00  ................
0000f320: ff ff ff ff 40 00 28 00 1e 00 0a 00 b4 00 32 00  ....@.(.......2.
0000f330: 0c 00 ce 00 00 00 00 00 00 00 10 00 00 02 ff 03  ................
0000f340: 00 00 00 00 40 00 40 00 40 00 01 00 00 00 10 00  ....@.@.@.......
0000f350: 00 02 ff 03 00 00 00 00 3a 00 3a 00 3a 00 01 00  ........:.:.:...
0000f360: 00 00 10 00 00 02 ff 03 00 00 00 00 40 00 40 00  ............@.@.
0000f370: 40 00 01 00 00 00 10 00 00 02 ff 03 00 00 00 00  @...............
0000f380: 40 00 40 00 40 00 01 00 00 00 10 00 00 02 ff 03  @.@.@...........
0000f390: 00 00 00 00 40 00 40 00 40 00 01 00 00 00 10 00  ....@.@.@.......
0000f3a0: 00 02 ff 03 00 00 00 00 40 00 40 00 40 00 01 00  ........@.@.@...
0000f3b0: 00 00 2c 01 00 02 ff 03 00 00 00 00 00 00 40 00  ..,...........@.
0000f3c0: 40 00 01 00 00 00 2c 01 00 02 ff 03 00 00 00 00  @.....,.........
0000f3d0: 00 00 40 00 40 00 01 00 00 00 2c 01 00 02 ff 03  ..@.@.....,.....
0000f3e0: 00 00 00 00 00 00 40 00 40 00 01 00 00 00 2c 01  ......@.@.....,.
0000f3f0: 00 02 ff 03 00 00 00 00 00 00 40 00 40 00 0d 00  ..........@.@...
0000f400: 40 00 01 00 40 00 00 00 10 00 10 00 20 00 10 00  @...@....... ...
0000f410: 10 00 20 00 10 00 10 00 20 00 10 00 10 00 18 00  .. ..... .......
0000f420: 10 00 10 00 10 00 10 00 10 00 10 00 10 00 10 00  ................
0000f430: 18 00 08 00 10 00 20 00 04 00 01 00 20 00 0e 00  ...... ..... ...
0000f440: 06 00 00 00 0f 00 0e 00 46 00 00 00 00 00 00 00  ........F.......
0000f450: 01 00 10 00 5c 10 01 00 00 00 78 00 01 00 01 00  ....\.....x.....
0000f460: 01 00 dc 00 01 00 00 00 01 00 c8 00 01 00 00 00  ................
0000f470: 01 00 b4 00 01 00 00 00 01 00 b4 00 01 00 00 00  ................
0000f480: 01 00 96 00 01 00 01 00 01 00 64 00 01 00 01 00  ..........d.....
0000f490: 01 00 48 00 01 00 01 00 01 00 48 00 01 00 01 00  ..H.......H.....
0000f4a0: 01 00 48 00 01 00 01 00 00 00 00 00 00 00 00 00  ..H.............
0000f4b0: 00 00 00 00 00 00 00 00 00 00 00 00 00 00 00 00  ................
0000f4c0: 00 00 00 00 00 00 00 00 00 00 00 00 00 00 00 00  ................
0000f4d0: 00 00 00 00 00 00 00 00 00 00 00 00 00 00 00 00  ................
0000f4e0: 00 00 00 00 00 00 00 00 00 00 00 00 00 00 00 00  ................
0000f4f0: 00 00 00 00 00 00 00 00 00 00 00 00 00 00 00 00  ................
0000f500: 00 00 00 00 00 00 00 00 00 00 00 00 00 00 00 00  ................
0000f510: 00 00 00 00 00 00 00 00 00 00 00 00 00 00 00 00  ................
0000f520: 00 00 00 00 00 00 00 00 00 00 00 00 00 00 00 00  ................
0000f530: 00 00 00 00 00 00 00 00 00 00 00 00 00 00 00 00  ................
0000f540: 00 00 00 00 00 00 00 00 00 00 00 00 00 00 00 00  ................
0000f550: 00 00 00 00 00 00 00 00 00 00 00 00 00 00 00 00  ................
0000f560: 00 00 00 00 00 00 00 00 00 00 00 00 00 00 00 00  ................
0000f570: 00 00 00 00 00 00 00 00 00 00 00 00 00 00 00 00  ................
0000f580: 00 00 00 00 00 00 00 00 00 00 00 00 00 00 00 00  ................
0000f590: 00 00 00 00 00 00 00 00 00 00 00 00 00 00 00 00  ................
0000f5a0: 00 00 00 00 00 00 00 00 00 00 00 00 00 00 00 00  ................
0000f5b0: 00 00 00 00 00 00 00 00 00 00 00 00 00 00 00 00  ................
0000f5c0: 00 00 00 00 00 00 00 00 00 00 00 00 00 00 00 00  ................
0000f5d0: 00 00 00 00 00 00 00 00 00 00 00 00 00 00 00 00  ................
0000f5e0: 00 00 00 00 00 00 00 00 00 00 00 00 00 00 00 00  ................
0000f5f0: 00 00 00 00 00 00 00 00 00 00 00 00 00 00 00 00  ................
0000f600: 00 00 00 00 00 00 00 00 00 00 00 00 00 00 00 00  ................
0000f610: 00 00 00 00 00 00 00 00 00 00 00 00 00 00 00 00  ................
0000f620: 00 00 00 00 00 00 00 00 00 00 00 00 00 00 00 00  ................
0000f630: 00 00 00 00 00 00 00 00 00 00 00 00 00 00 00 00  ................
0000f640: 00 00 00 00 00 00 00 00 00 00 00 00 00 00 00 00  ................
0000f650: 00 00 00 00 00 00 00 00 00 00 00 00 00 00 00 00  ................
0000f660: 00 00 00 00 00 00 00 00 00 00 00 00 00 00 00 00  ................
0000f670: 00 00 00 00 00 00 00 00 00 00 00 00 00 00 00 00  ................
0000f680: 00 00 00 00 00 00 00 00 00 00 00 00 00 00 00 00  ................
0000f690: 00 00 00 00 00 00 00 00 00 00 00 00 00 00 00 00  ................
0000f6a0: 00 00 00 00 00 00 00 00 00 00 00 00 00 00 00 00  ................
0000f6b0: 00 00 00 00 00 00 00 00 00 00 00 00 00 00 00 00  ................
0000f6c0: 00 00 00 00 00 00 00 00 00 00 00 00 00 00 00 00  ................
0000f6d0: 00 00 00 00 00 00 00 00 00 00 00 00 00 00 00 00  ................
0000f6e0: 00 00 00 00 00 00 00 00 00 00 00 00 00 00 00 00  ................
0000f6f0: 00 00 00 00 00 00 00 00 00 00 00 00 00 00 00 00  ................
0000f700: 00 00 00 00 00 00 00 00 00 00 00 00 00 00 00 00  ................
0000f710: 00 00 00 00 00 00 00 00 00 00 00 00 00 00 00 00  ................
0000f720: 00 00 00 00 00 00 00 00 00 00 00 00 00 00 00 00  ................
0000f730: 00 00 00 00 00 00 00 00 00 00 00 00 00 00 00 00  ................
0000f740: 00 00 00 00 00 00 00 00 00 00 00 00 00 00 00 00  ................
0000f750: 00 00 00 00 00 00 00 00 00 00 00 00 00 00 00 00  ................
0000f760: 00 00 00 00 00 00 00 00 00 00 00 00 00 00 00 00  ................
0000f770: 00 00 00 00 00 00 00 00 00 00 00 00 00 00 00 00  ................
0000f780: 00 00 00 00 00 00 00 00 00 00 00 00 00 00 00 00  ................
0000f790: 00 00 00 00 00 00 00 00 00 00 00 00 00 00 00 00  ................
0000f7a0: 00 00 00 00 00 00 00 00 00 00 00 00 00 00 00 00  ................
0000f7b0: 00 00 00 00 00 00 00 00 00 00 00 00 00 00 00 00  ................
0000f7c0: 00 00 00 00 00 00 00 00 00 00 00 00 00 00 00 00  ................
0000f7d0: 00 00 00 00 00 00 00 00 00 00 00 00 00 00 00 00  ................
0000f7e0: 00 00 00 00 00 00 00 00 00 00 00 00 00 00 00 00  ................
0000f7f0: 00 00 00 00 00 00 00 00 00 00 00 00 00 00 00 00  ................
0000f800: 00 00 00 00 00 00 00 00 00 00 00 00 00 00 00 00  ................
0000f810: 00 00 00 00 00 00 00 00 00 00 00 00 00 00 00 00  ................
0000f820: 00 00 00 00 00 00 00 00 00 00 00 00 00 00 00 00  ................
0000f830: 00 00 00 00 00 00 00 00 00 00 00 00 00 00 00 00  ................
0000f840: 00 00 00 00 00 00 00 00 00 00 00 00 00 00 00 00  ................
0000f850: 00 00 00 00 00 00 00 00 00 00 00 00 00 00 00 00  ................
0000f860: 00 00 00 00 00 00 00 00 00 00 00 00 00 00 00 00  ................
0000f870: 00 00 00 00 00 00 00 00 00 00 00 00 00 00 00 00  ................
0000f880: 00 00 00 00 00 00 00 00 00 00 00 00 00 00 00 00  ................
0000f890: 00 00 00 00 00 00 00 00 00 00 00 00 00 00 00 00  ................
0000f8a0: 00 00 00 00 00 00 00 00 00 00 00 00 00 00 00 00  ................
0000f8b0: 00 00 00 00 00 00 00 00 00 00 00 00 00 00 00 00  ................
0000f8c0: 00 00 00 00 00 00 00 00 00 00 00 00 00 00 00 00  ................
0000f8d0: 00 00 00 00 00 00 00 00 00 00 00 00 00 00 00 00  ................
0000f8e0: 00 00 00 00 00 00 00 00 00 00 00 00 00 00 00 00  ................
0000f8f0: 00 00 00 00 00 00 00 00 00 00 00 00 00 00 00 00  ................
0000f900: 00 00 00 00 00 00 00 00 00 00 00 00 00 00 00 00  ................
0000f910: 00 00 00 00 00 00 00 00 00 00 00 00 00 00 00 00  ................
0000f920: 00 00 00 00 00 00 00 00 00 00 00 00 00 00 00 00  ................
0000f930: 00 00 00 00 00 00 00 00 00 00 00 00 00 00 00 00  ................
0000f940: 00 00 00 00 00 00 00 00 00 00 00 00 00 00 00 00  ................
0000f950: 00 00 00 00 00 00 00 00 00 00 00 00 00 00 00 00  ................
0000f960: 00 00 00 00 00 00 00 00 00 00 00 00 00 00 00 00  ................
0000f970: 00 00 00 00 00 00 00 00 00 00 00 00 00 00 00 00  ................
0000f980: 00 00 00 00 00 00 00 00 00 00 00 00 00 00 00 00  ................
0000f990: 00 00 00 00 00 00 00 00 00 00 00 00 00 00 00 00  ................
0000f9a0: 00 00 00 00 00 00 00 00 00 00 00 00 00 00 00 00  ................
0000f9b0: 00 00 00 00 00 00 00 00 00 00 00 00 00 00 00 00  ................
0000f9c0: 00 00 00 00 00 00 00 00 00 00 00 00 00 00 00 00  ................
0000f9d0: 00 00 00 00 00 00 00 00 00 00 00 00 00 00 00 00  ................
0000f9e0: 00 00 00 00 00 00 00 00 00 00 00 00 00 00 00 00  ................
0000f9f0: 00 00 00 00 00 00 00 00 00 00 00 00 00 00 00 00  ................
0000fa00: 00 00 00 00 00 00 00 00 00 00 00 00 00 00 00 00  ................
0000fa10: 00 00 00 00 00 00 00 00 00 00 00 00 00 00 00 00  ................
0000fa20: 00 00 00 00 00 00 00 00 00 00 00 00 00 00 00 00  ................
0000fa30: 00 00 00 00 00 00 00 00 00 00 00 00 00 00 00 00  ................
0000fa40: 00 00 00 00 00 00 00 00 00 00 00 00 00 00 00 00  ................
0000fa50: 00 00 00 00 00 00 00 00 00 00 00 00 00 00 00 00  ................
0000fa60: 00 00 00 00 00 00 00 00 00 00 00 00 00 00 00 00  ................
0000fa70: 00 00 00 00 00 00 00 00 00 00 00 00 00 00 00 00  ................
0000fa80: 00 00 00 00 00 00 00 00 00 00 00 00 00 00 00 00  ................
0000fa90: 00 00 00 00 00 00 00 00 00 00 00 00 00 00 00 00  ................
0000faa0: 00 00 00 00 00 00 00 00 00 00 00 00 00 00 00 00  ................
0000fab0: 00 00 00 00 00 00 00 00 00 00 00 00 00 00 00 00  ................
0000fac0: 00 00 00 00 00 00 00 00 00 00 00 00 00 00 00 00  ................
0000fad0: 00 00 00 00 00 00 00 00 00 00 00 00 00 00 00 00  ................
0000fae0: 00 00 00 00 00 00 00 00 00 00 00 00 00 00 00 00  ................
0000faf0: 00 00 00 00 00 00 00 00 00 00 00 00 00 00 00 00  ................
0000fb00: 00 00 00 00 00 00 00 00 00 00 00 00 00 00 00 00  ................
0000fb10: 00 00 00 00 00 00 00 00 00 00 00 00 00 00 00 00  ................
0000fb20: 00 00 00 00 00 00 00 00 00 00 00 00 00 00 00 00  ................
0000fb30: 00 00 00 00 00 00 00 00 00 00 00 00 00 00 00 00  ................
0000fb40: 00 00 00 00 00 00 00 00 00 00 00 00 00 00 00 00  ................
0000fb50: 00 00 00 00 00 00 00 00 00 00 00 00 00 00 00 00  ................
0000fb60: 00 00 00 00 00 00 00 00 00 00 00 00 00 00 00 00  ................
0000fb70: 00 00 00 00 00 00 00 00 00 00 00 00 00 00 00 00  ................
0000fb80: 00 00 00 00 00 00 00 00 00 00 00 00 00 00 00 00  ................
0000fb90: 00 00 00 00 00 00 00 00 00 00 00 00 00 00 00 00  ................
0000fba0: 00 00 00 00 00 00 00 00 00 00 00 00 00 00 00 00  ................
0000fbb0: 00 00 00 00 00 00 00 00 00 00 00 00 00 00 00 00  ................
0000fbc0: 00 00 00 00 00 00 00 00 00 00 00 00 00 00 00 00  ................
0000fbd0: 00 00 00 00 00 00 00 00 00 00 00 00 00 00 00 00  ................
0000fbe0: 00 00 00 00 00 00 00 00 00 00 00 00 00 00 00 00  ................
0000fbf0: 00 00 00 00 00 00 00 00 00 00 00 00 00 00 00 00  ................
0000fc00: 00 00 00 00 00 00 00 00 00 00 00 00 00 00 00 00  ................
0000fc10: 00 00 00 00 00 00 00 00 00 00 00 00 00 00 00 00  ................
0000fc20: 00 00 00 00 00 00 00 00 00 00 00 00 00 00 00 00  ................
0000fc30: 00 00 00 00 00 00 00 00 00 00 00 00 00 00 00 00  ................
0000fc40: 00 00 00 00 00 00 00 00 00 00 00 00 00 00 00 00  ................
0000fc50: 00 00 00 00 00 00 00 00 00 00 00 00 00 00 00 00  ................
0000fc60: 00 00 00 00 00 00 00 00 00 00 00 00 00 00 00 00  ................
0000fc70: 00 00 00 00 00 00 00 00 00 00 00 00 00 00 00 00  ................
0000fc80: 00 00 00 00 00 00 00 00 00 00 00 00 00 00 00 00  ................
0000fc90: 00 00 00 00 00 00 00 00 00 00 00 00 00 00 00 00  ................
0000fca0: 00 00 00 00 00 00 00 00 00 00 00 00 00 00 00 00  ................
0000fcb0: 00 00 00 00 00 00 00 00 00 00 00 00 00 00 00 00  ................
0000fcc0: 00 00 00 00 00 00 00 00 00 00 00 00 00 00 00 00  ................
0000fcd0: 00 00 00 00 00 00 00 00 00 00 00 00 00 00 00 00  ................
0000fce0: 00 00 00 00 00 00 00 00 00 00 00 00 00 00 00 00  ................
0000fcf0: 00 00 00 00 00 00 00 00 00 00 00 00 00 00 00 00  ................
0000fd00: 00 00 00 00 00 00 00 00 00 00 00 00 00 00 00 00  ................
0000fd10: 00 00 00 00 00 00 00 00 00 00 00 00 00 00 00 00  ................
0000fd20: 00 00 00 00 00 00 00 00 00 00 00 00 00 00 00 00  ................
0000fd30: 00 00 00 00 00 00 00 00 00 00 00 00 00 00 00 00  ................
0000fd40: 00 00 00 00 00 00 00 00 00 00 00 00 00 00 00 00  ................
0000fd50: 00 00 00 00 00 00 00 00 00 00 00 00 00 00 00 00  ................
0000fd60: 00 00 00 00 00 00 00 00 00 00 00 00 00 00 00 00  ................
0000fd70: 00 00 00 00 00 00 00 00 00 00 00 00 00 00 00 00  ................
0000fd80: 00 00 00 00 00 00 00 00 00 00 00 00 00 00 00 00  ................
0000fd90: 00 00 00 00 00 00 00 00 00 00 00 00 00 00 00 00  ................
0000fda0: 00 00 00 00 00 00 00 00 00 00 00 00 00 00 00 00  ................
0000fdb0: 00 00 00 00 00 00 00 00 00 00 00 00 00 00 00 00  ................
0000fdc0: 00 00 00 00 00 00 00 00 00 00 00 00 00 00 00 00  ................
0000fdd0: 00 00 00 00 00 00 00 00 00 00 00 00 00 00 00 00  ................
0000fde0: 00 00 00 00 00 00 00 00 00 00 00 00 00 00 00 00  ................
0000fdf0: 00 00 00 00 00 00 00 00 00 00 00 00 00 00 00 00  ................
0000fe00: 00 00 00 00 00 00 00 00 00 00 00 00 00 00 00 00  ................
0000fe10: 00 00 00 00 00 00 00 00 00 00 00 00 00 00 00 00  ................
0000fe20: 00 00 00 00 00 00 00 00 00 00 00 00 00 00 00 00  ................
0000fe30: 00 00 00 00 00 00 00 00 00 00 00 00 00 00 00 00  ................
0000fe40: 00 00 00 00 00 00 00 00 00 00 00 00 00 00 00 00  ................
0000fe50: 00 00 00 00 00 00 00 00 00 00 00 00 00 00 00 00  ................
0000fe60: 00 00 00 00 00 00 00 00 00 00 00 00 00 00 00 00  ................
0000fe70: 00 00 00 00 00 00 00 00 00 00 00 00 00 00 00 00  ................
0000fe80: 00 00 00 00 00 00 00 00 00 00 00 00 00 00 00 00  ................
0000fe90: 00 00 00 00 00 00 00 00 00 00 00 00 00 00 00 00  ................
0000fea0: 00 00 00 00 00 00 00 00 00 00 00 00 00 00 00 00  ................
0000feb0: 00 00 00 00 00 00 00 00 00 00 00 00 00 00 00 00  ................
0000fec0: 00 00 00 00 00 00 00 00 00 00 00 00 00 00 00 00  ................
0000fed0: 00 00 00 00 00 00 00 00 00 00 00 00 00 00 00 00  ................
0000fee0: 00 00 00 00 00 00 00 00 00 00 00 00 00 00 00 00  ................
0000fef0: 00 00 00 00 00 00 00 00 00 00 00 00 00 00 00 00  ................
0000ff00: 00 00 00 00 00 00 00 00 00 00 00 00 00 00 00 00  ................
0000ff10: 00 00 00 00 00 00 00 00 00 00 00 00 00 00 00 00  ................
0000ff20: 00 00 00 00 00 00 00 00 00 00 00 00 00 00 00 00  ................
0000ff30: 00 00 00 00 00 00 00 00 00 00 00 00 00 00 00 00  ................
0000ff40: 00 00 00 00 00 00 00 00 00 00 00 00 00 00 00 00  ................
0000ff50: 00 00 00 00 00 00 00 00 00 00 00 00 00 00 00 00  ................
0000ff60: 00 00 00 00 00 00 00 00 00 00 00 00 00 00 00 00  ................
0000ff70: 00 00 00 00 00 00 00 00 00 00 00 00 00 00 00 00  ................
0000ff80: 00 00 00 00 00 00 00 00 00 00 00 00 00 00 00 00  ................
0000ff90: 00 00 00 00 00 00 00 00 00 00 00 00 00 00 00 00  ................
0000ffa0: 00 00 00 00 00 00 00 00 00 00 00 00 00 00 00 00  ................
0000ffb0: 00 00 00 00 00 00 00 00 00 00 00 00 00 00 00 00  ................
0000ffc0: 00 00 00 00 00 00 00 00 00 00 00 00 00 00 00 00  ................
0000ffd0: 00 00 00 00 00 00 00 00 00 00 00 00 00 00 00 00  ................
0000ffe0: 00 00 00 00 00 00 00 00 00 00 00 00 00 00 00 00  ................
0000fff0: 00 00 00 00 00 00 00 00 00 00 00 00 00 00 00 00  ................
00010000: 00 00 00 00 00 00 00 00 00 00 00 00 00 00 00 00  ................
00010010: 00 00 00 00 00 00 00 00 00 00 00 00 00 00 00 00  ................
00010020: 00 00 00 00 00 00 00 00 00 00 00 00 00 00 00 00  ................
00010030: 00 00 00 00 00 00 00 00 00 00 00 00 00 00 00 00  ................
00010040: 00 00 00 00 00 00 00 00 00 00 00 00 00 00 00 00  ................
00010050: 00 00 00 00 00 00 00 00 00 00 00 00 00 00 00 00  ................
00010060: 00 00 00 00 00 00 00 00 00 00 00 00 00 00 00 00  ................
00010070: 00 00 00 00 00 00 00 00 00 00 00 00 00 00 00 00  ................
00010080: 00 00 00 00 00 00 00 00 00 00 00 00 00 00 00 00  ................
00010090: 00 00 00 00 00 00 00 00 00 00 00 00 00 00 00 00  ................
000100a0: 00 00 00 00 00 00 00 00 00 00 00 00 00 00 00 00  ................
000100b0: 00 00 00 00 00 00 00 00 00 00 00 00 00 00 00 00  ................
000100c0: 00 00 00 00 00 00 00 00 00 00 00 00 00 00 00 00  ................
000100d0: 00 00 00 00 00 00 00 00 00 00 00 00 00 00 00 00  ................
000100e0: 00 00 00 00 00 00 00 00 00 00 00 00 00 00 00 00  ................
000100f0: 00 00 00 00 00 00 00 00 00 00 00 00 00 00 00 00  ................
00010100: 00 00 00 00 00 00 00 00 00 00 00 00 00 00 00 00  ................
00010110: 00 00 00 00 00 00 00 00 00 00 00 00 00 00 00 00  ................
00010120: 00 00 00 00 00 00 00 00 00 00 00 00 00 00 00 00  ................
00010130: 00 00 00 00 00 00 00 00 00 00 00 00 00 00 00 00  ................
00010140: 00 00 00 00 00 00 00 00 00 00 00 00 00 00 00 00  ................
00010150: 00 00 00 00 00 00 00 00 00 00 00 00 00 00 00 00  ................
00010160: 00 00 00 00 00 00 00 00 00 00 00 00 00 00 00 00  ................
00010170: 00 00 00 00 00 00 00 00 00 00 00 00 00 00 00 00  ................
00010180: 00 00 00 00 00 00 00 00 00 00 00 00 00 00 00 00  ................
00010190: 00 00 00 00 00 00 00 00 00 00 00 00 00 00 00 00  ................
000101a0: 00 00 00 00 00 00 00 00 00 00 00 00 00 00 00 00  ................
000101b0: 00 00 00 00 00 00 00 00 00 00 00 00 00 00 00 00  ................
000101c0: 00 00 00 00 00 00 00 00 00 00 00 00 00 00 00 00  ................
000101d0: 00 00 00 00 00 00 00 00 00 00 00 00 00 00 00 00  ................
000101e0: 00 00 00 00 00 00 00 00 00 00 00 00 00 00 00 00  ................
000101f0: 00 00 00 00 00 00 00 00 00 00 00 00 00 00 00 00  ................
00010200: 00 00 00 00 00 00 00 00 00 00 00 00 00 00 00 00  ................
00010210: 00 00 00 00 00 00 00 00 00 00 00 00 00 00 00 00  ................
00010220: 00 00 00 00 00 00 00 00 00 00 00 00 00 00 00 00  ................
00010230: 00 00 00 00 00 00 00 00 00 00 00 00 00 00 00 00  ................
00010240: 00 00 00 00 00 00 00 00 00 00 00 00 00 00 00 00  ................
00010250: 00 00 00 00 00 00 00 00 00 00 00 00 00 00 00 00  ................
00010260: 00 00 00 00 00 00 00 00 00 00 00 00 00 00 00 00  ................
00010270: 00 00 00 00 00 00 00 00 00 00 00 00 00 00 00 00  ................
00010280: 00 00 00 00 00 00 00 00 00 00 00 00 00 00 00 00  ................
00010290: 00 00 00 00 00 00 00 00 00 00 00 00 00 00 00 00  ................
000102a0: 00 00 00 00 00 00 00 00 00 00 00 00 00 00 00 00  ................
000102b0: 00 00 00 00 00 00 00 00 00 00 00 00 00 00 00 00  ................
000102c0: 00 00 00 00 00 00 00 00 00 00 00 00 00 00 00 00  ................
000102d0: 00 00 00 00 00 00 00 00 00 00 00 00 00 00 00 00  ................
000102e0: 00 00 00 00 00 00 00 00 00 00 00 00 00 00 00 00  ................
000102f0: 00 00 00 00 00 00 00 00 00 00 00 00 00 00 00 00  ................
00010300: 00 00 00 00 00 00 00 00 00 00 00 00 00 00 00 00  ................
00010310: 00 00 00 00 00 00 00 00 00 00 00 00 00 00 00 00  ................
00010320: 00 00 00 00 00 00 00 00 00 00 00 00 00 00 00 00  ................
00010330: 00 00 00 00 00 00 00 00 00 00 00 00 00 00 00 00  ................
00010340: 00 00 00 00 00 00 00 00 00 00 00 00 00 00 00 00  ................
00010350: 00 00 00 00 00 00 00 00 00 00 00 00 00 00 00 00  ................
00010360: 00 00 00 00 00 00 00 00 00 00 00 00 00 00 00 00  ................
00010370: 00 00 00 00 00 00 00 00 00 00 00 00 00 00 00 00  ................
00010380: 00 00 00 00 00 00 00 00 00 00 00 00 00 00 00 00  ................
00010390: 00 00 00 00 00 00 00 00 00 00 00 00 00 00 00 00  ................
000103a0: 00 00 00 00 00 00 00 00 00 00 00 00 00 00 00 00  ................
000103b0: 00 00 00 00 00 00 00 00 00 00 00 00 00 00 00 00  ................
000103c0: 00 00 00 00 00 00 00 00 00 00 00 00 00 00 00 00  ................
000103d0: 00 00 00 00 00 00 00 00 00 00 00 00 00 00 00 00  ................
000103e0: 00 00 00 00 00 00 00 00 00 00 00 00 00 00 00 00  ................
000103f0: 00 00 00 00 00 00 00 00 00 00 00 00 00 00 00 00  ................
00010400: 00 00 00 00 00 00 00 00 00 00 00 00 00 00 00 00  ................
00010410: 00 00 00 00 00 00 00 00 00 00 00 00 00 00 00 00  ................
00010420: 00 00 00 00 00 00 00 00 00 00 00 00 00 00 00 00  ................
00010430: 00 00 00 00 00 00 00 00 00 00 00 00 00 00 00 00  ................
00010440: 00 00 00 00 00 00 00 00 00 00 00 00 00 00 00 00  ................
00010450: 00 00 00 00 00 00 00 00 00 00 00 00 00 00 00 00  ................
00010460: 00 00 00 00 00 00 00 00 00 00 00 00 00 00 00 00  ................
00010470: 00 00 00 00 00 00 00 00 00 00 00 00 00 00 00 00  ................
00010480: 00 00 00 00 00 00 00 00 00 00 00 00 00 00 00 00  ................
00010490: 00 00 00 00 00 00 00 00 00 00 00 00 00 00 00 00  ................
000104a0: 00 00 00 00 00 00 00 00 00 00 00 00 00 00 11 00  ................
000104b0: 04 01 01 00 01 00 01 00 01 00 01 00 01 00 01 00  ................
000104c0: 01 00 01 00 01 00 01 00 01 00 01 00 01 00 01 00  ................
000104d0: 01 00 01 00 01 00 09 00 09 00 09 00 09 00 09 00  ................
000104e0: 09 00 09 00 09 00 09 00 09 00 09 00 09 00 01 00  ................
000104f0: 01 00 01 00 01 00 09 00 09 00 0f 00 0f 00 0f 00  ................
00010500: 0f 00 0f 00 0f 00 0f 00 0f 00 09 00 09 00 01 00  ................
00010510: 01 00 01 00 01 00 09 00 09 00 0f 00 0f 00 0f 00  ................
00010520: 0f 00 0f 00 0f 00 0f 00 0f 00 09 00 09 00 01 00  ................
00010530: 01 00 01 00 01 00 09 00 09 00 0f 00 0f 00 0f 00  ................
00010540: 0f 00 0f 00 0f 00 0f 00 0f 00 09 00 09 00 01 00  ................
00010550: 01 00 01 00 01 00 09 00 09 00 0f 00 0f 00 0f 00  ................
00010560: 0f 00 0f 00 0f 00 0f 00 0f 00 09 00 09 00 01 00  ................
00010570: 01 00 01 00 01 00 09 00 09 00 09 00 09 00 09 00  ................
00010580: 09 00 09 00 09 00 09 00 09 00 09 00 09 00 01 00  ................
00010590: 01 00 01 00 01 00 01 00 01 00 01 00 01 00 01 00  ................
000105a0: 01 00 01 00 01 00 01 00 01 00 01 00 01 00 01 00  ................
000105b0: 01 00 12 00 2e 00 00 00 ff 04 00 00 cf 02 00 00  ................
000105c0: 00 00 00 00 00 00 00 00 00 00 00 00 00 00 00 00  ................
000105d0: 00 00 00 00 00 00 00 00 00 00 00 00 00 00 40 00  ..............@.
000105e0: 13 00 10 02 00 00 00 01 00 01 00 01 00 00 00 00  ................
000105f0: 00 00 0f 00 08 00 05 00 04 00 03 00 02 00 02 00  ................
00010600: 01 00 01 00 01 00 01 00 01 00 01 00 01 00 01 00  ................
00010610: 01 00 14 00 c8 00 00 00 29 00 3e 00 4c 00 6d 00  ........).>.L.m.
00010620: 88 00 32 00 32 00 32 00 32 00 32 00 4c 00 55 00  ..2.2.2.2.2.L.U.
00010630: 44 00 40 00 36 00 32 00 32 00 32 00 60 00 32 00  D.@.6.2.2.2.`.2.
00010640: 3c 00 57 00 5e 00 67 00 7a 00 28 00 28 00 28 00  <.W.^.g.z.(.(.(.
00010650: 28 00 28 00 5b 00 6d 00 5f 00 31 00 2a 00 28 00  (.(.[.m._.1.*.(.
00010660: 28 00 28 00 28 00 28 00 55 00 43 00 33 00 2b 00  (.(.(.(.U.C.3.+.
00010670: 19 00 32 00 32 00 32 00 32 00 32 00 82 00 64 00  ..2.2.2.2.2...d.
00010680: 48 00 48 00 38 00 28 00 28 00 28 00 28 00 28 00  H.H.8.(.(.(.(.(.
00010690: 0a 00 30 75 03 00 00 00 01 00 02 00 03 00 03 00  ..0u............
000106a0: 00 00 01 00 02 00 03 00 03 00 00 00 00 00 00 00  ................
000106b0: 00 00 00 00 00 00 00 00 00 00 00 00 00 00 00 00  ................
000106c0: 00 00 00 00 00 00 00 00 00 00 00 00 00 00 00 00  ................
000106d0: 00 00 00 00 00 00 00 00 00 00 00 00 00 00 00 00  ................
000106e0: 00 00 00 00 00 00 00 00 00 00 00 00 00 00 00 00  ................
000106f0: 00 00 00 00 00 00 00 00 00 00 00 00 00 00 00 00  ................
00010700: 00 00 00 00 00 00 00 00 00 00 00 00 00 00 00 00  ................
00010710: 00 00 00 00 00 00 00 00 00 00 00 00 00 00 00 00  ................
00010720: 00 00 00 00 00 00 00 00 00 00 00 00 00 00 00 00  ................
00010730: 00 00 00 00 00 00 00 00 00 00 00 00 00 00 00 00  ................
00010740: 00 00 00 00 00 00 00 00 00 00 00 00 00 00 00 00  ................
00010750: 00 00 00 00 00 00 00 00 00 00 00 00 00 00 00 00  ................
00010760: 00 00 00 00 00 00 00 00 00 00 00 00 00 00 00 00  ................
00010770: 00 00 00 00 00 00 00 00 00 00 00 00 00 00 00 00  ................
00010780: 00 00 00 00 00 00 00 00 00 00 00 00 00 00 00 00  ................
00010790: 00 00 00 00 00 00 00 00 00 00 00 00 00 00 00 00  ................
000107a0: 00 00 00 00 00 00 00 00 00 00 00 00 00 00 00 00  ................
000107b0: 00 00 00 00 00 00 00 00 00 00 00 00 00 00 00 00  ................
000107c0: 00 00 00 00 00 00 00 00 00 00 00 00 00 00 00 00  ................
000107d0: 00 00 00 00 00 00 00 00 00 00 00 00 00 00 00 00  ................
000107e0: 00 00 00 00 00 00 00 00 00 00 00 00 00 00 00 00  ................
000107f0: 14 00 f0 00 01 00 00 00 00 00 01 00 0a 00 00 00  ................
00010800: 53 07 00 00 0a 00 00 00 0a 00 00 00 53 07 00 00  S...........S...
00010810: 04 00 00 00 53 07 00 00 01 00 00 00 00 01 00 00  ....S...........
00010820: 00 01 00 00 00 01 00 00 00 01 00 00 00 1e 00 00  ................
00010830: 00 01 00 00 bb 00 00 00 08 00 00 00 38 00 00 00  ............8...
00010840: 00 00 00 00 01 00 00 00 01 00 00 00 02 00 00 00  ................
00010850: 02 00 00 00 04 00 00 00 04 00 00 00 08 00 00 00  ................
00010860: 08 00 00 00 10 00 00 00 10 00 00 00 20 00 00 00  ............ ...
00010870: 20 00 00 00 40 00 00 00 40 00 00 00 80 00 00 00   ...@...@.......
00010880: 80 00 00 00 00 04 00 00 00 00 00 00 06 00 00 00  ................
00010890: 02 00 00 00 02 00 00 00 02 00 00 00 02 00 00 00  ................
000108a0: 02 00 00 00 02 00 00 00 02 00 00 00 02 00 00 00  ................
000108b0: 02 00 00 00 03 00 00 00 04 00 00 00 04 00 00 00  ................
000108c0: 06 00 00 00 08 00 00 00 09 00 00 00 0a 00 00 00  ................
000108d0: 00 00 00 00 08 00 00 00 0a 00 00 00 05 00 00 00  ................
000108e0: 15 00 1e 00 00 00 00 00 00 00 00 00 05 00 01 00  ................
000108f0: 00 00 a4 1f 8c 0a 01 00 3c 00 00 00 00 00 16 00  ........<.......
00010900: 32 01 00 00 08 00 10 00 18 00 20 00 28 00 30 00  2......... .(.0.
00010910: 38 00 40 00 48 00 50 00 58 00 60 00 68 00 70 00  8.@.H.P.X.`.h.p.
00010920: 78 00 80 00 88 00 90 00 98 00 a0 00 a8 00 b0 00  x...............
00010930: b8 00 c0 00 c8 00 d0 00 d8 00 e0 00 e8 00 f0 00  ................
00010940: f8 00 00 01 08 01 10 01 18 01 20 01 28 01 30 01  .......... .(.0.
00010950: 38 01 40 01 48 01 50 01 58 01 60 01 68 01 70 01  8.@.H.P.X.`.h.p.
00010960: 78 01 80 01 88 01 90 01 98 01 a0 01 a8 01 b0 01  x...............
00010970: b8 01 c0 01 c8 01 d0 01 d8 01 e0 01 e8 01 f0 01  ................
00010980: f8 01 00 02 08 02 10 02 18 02 20 02 28 02 30 02  .......... .(.0.
00010990: 38 02 40 02 48 02 50 02 58 02 60 02 68 02 70 02  8.@.H.P.X.`.h.p.
000109a0: 78 02 80 02 88 02 90 02 98 02 a0 02 a8 02 b0 02  x...............
000109b0: b8 02 c0 02 c8 02 d0 02 d8 02 e0 02 e8 02 f0 02  ................
000109c0: f8 02 00 03 08 03 10 03 18 03 20 03 28 03 30 03  .......... .(.0.
000109d0: 38 03 40 03 48 03 50 03 58 03 60 03 68 03 70 03  8.@.H.P.X.`.h.p.
000109e0: 78 03 80 03 88 03 90 03 98 03 a0 03 a8 03 b0 03  x...............
000109f0: b8 03 c0 03 c8 03 d0 03 d8 03 e0 03 e8 03 f0 03  ................
00010a00: f8 03 ff 03 00 00 10 00 20 00 30 00 40 00 50 00  ........ .0.@.P.
00010a10: 60 00 70 00 00 00 00 00 00 00 00 00 00 00 00 00  `.p.............
00010a20: 00 00 00 00 00 00 00 00 00 00 00 00 00 00 00 00  ................
00010a30: 17 00 e4 03 00 00 00 00 00 00 00 00 00 00 00 00  ................
00010a40: 00 00 00 00 00 00 00 00 00 00 00 00 00 00 00 00  ................
00010a50: 00 00 00 00 00 00 00 00 00 00 00 00 00 00 00 00  ................
00010a60: 00 00 00 00 00 00 00 00 00 00 00 00 00 00 00 00  ................
00010a70: 00 00 00 00 00 00 00 00 00 00 00 00 00 00 00 00  ................
00010a80: 00 00 00 00 00 00 00 00 00 00 00 00 00 00 00 00  ................
00010a90: 00 00 00 00 00 00 00 00 00 00 00 00 00 00 00 00  ................
00010aa0: 00 00 00 00 00 00 00 00 00 00 00 00 00 00 00 00  ................
00010ab0: 00 00 00 00 00 00 00 00 00 00 00 00 00 00 00 00  ................
00010ac0: 00 00 00 00 00 00 00 00 00 00 00 00 00 00 00 00  ................
00010ad0: 00 00 00 00 00 00 00 00 00 00 00 00 00 00 00 00  ................
00010ae0: 00 00 00 00 00 00 00 00 00 00 00 00 00 00 00 00  ................
00010af0: 00 00 00 00 00 00 00 00 00 00 00 00 00 00 00 00  ................
00010b00: 00 00 00 00 00 00 00 00 00 00 00 00 00 00 00 00  ................
00010b10: 00 00 00 00 00 00 00 00 00 00 00 00 00 00 00 00  ................
00010b20: 00 00 00 00 00 00 00 00 00 00 00 00 00 00 00 00  ................
00010b30: 00 00 00 00 00 00 00 00 00 00 00 00 00 00 00 00  ................
00010b40: 00 00 00 00 00 00 00 00 00 00 00 00 00 00 00 00  ................
00010b50: 00 00 00 00 00 00 00 00 00 00 00 00 00 00 00 00  ................
00010b60: 00 00 00 00 00 00 00 00 00 00 00 00 00 00 00 00  ................
00010b70: 00 00 00 00 00 00 00 00 00 00 00 00 00 00 00 00  ................
00010b80: 00 00 00 00 00 00 00 00 00 00 00 00 00 00 00 00  ................
00010b90: 00 00 00 00 00 00 00 00 00 00 00 00 00 00 00 00  ................
00010ba0: 00 00 00 00 00 00 00 00 00 00 00 00 00 00 00 00  ................
00010bb0: 00 00 00 00 00 00 00 00 00 00 00 00 00 00 00 00  ................
00010bc0: 00 00 00 00 00 00 00 00 00 00 00 00 00 00 00 00  ................
00010bd0: 00 00 00 00 00 00 00 00 00 00 00 00 00 00 00 00  ................
00010be0: 00 00 00 00 00 00 00 00 00 00 00 00 00 00 00 00  ................
00010bf0: 00 00 00 00 00 00 00 00 00 00 00 00 00 00 00 00  ................
00010c00: 00 00 00 00 00 00 00 00 00 00 00 00 00 00 00 00  ................
00010c10: 00 00 00 00 00 00 00 00 00 00 00 00 00 00 00 00  ................
00010c20: 00 00 00 00 00 00 00 00 00 00 00 00 00 00 00 00  ................
00010c30: 00 00 00 00 00 00 00 00 00 00 00 00 00 00 00 00  ................
00010c40: 00 00 00 00 00 00 00 00 00 00 00 00 00 00 00 00  ................
00010c50: 00 00 00 00 00 00 00 00 00 00 00 00 00 00 00 00  ................
00010c60: 00 00 00 00 00 00 00 00 00 00 00 00 00 00 00 00  ................
00010c70: 00 00 00 00 00 00 00 00 00 00 00 00 00 00 00 00  ................
00010c80: 00 00 00 00 00 00 00 00 00 00 00 00 00 00 00 00  ................
00010c90: 00 00 00 00 00 00 00 00 00 00 00 00 00 00 00 00  ................
00010ca0: 00 00 00 00 00 00 00 00 00 00 00 00 00 00 00 00  ................
00010cb0: 00 00 00 00 00 00 00 00 00 00 00 00 00 00 00 00  ................
00010cc0: 00 00 00 00 00 00 00 00 00 00 00 00 00 00 00 00  ................
00010cd0: 00 00 00 00 00 00 00 00 00 00 00 00 00 00 00 00  ................
00010ce0: 00 00 00 00 00 00 00 00 00 00 00 00 00 00 00 00  ................
00010cf0: 00 00 00 00 00 00 00 00 00 00 00 00 00 00 00 00  ................
00010d00: 00 00 00 00 00 00 00 00 00 00 00 00 00 00 00 00  ................
00010d10: 00 00 00 00 00 00 00 00 00 00 00 00 00 00 00 00  ................
00010d20: 00 00 00 00 00 00 00 00 00 00 00 00 00 00 00 00  ................
00010d30: 00 00 00 00 00 00 00 00 00 00 00 00 00 00 00 00  ................
00010d40: 00 00 00 00 00 00 00 00 00 00 00 00 00 00 00 00  ................
00010d50: 00 00 00 00 00 00 00 00 00 00 00 00 00 00 00 00  ................
00010d60: 00 00 00 00 00 00 00 00 00 00 00 00 00 00 00 00  ................
00010d70: 00 00 00 00 00 00 00 00 00 00 00 00 00 00 00 00  ................
00010d80: 00 00 00 00 00 00 00 00 00 00 00 00 00 00 00 00  ................
00010d90: 00 00 00 00 00 00 00 00 00 00 00 00 00 00 00 00  ................
00010da0: 00 00 00 00 00 00 00 00 00 00 00 00 00 00 00 00  ................
00010db0: 00 00 00 00 00 00 00 00 00 00 00 00 00 00 00 00  ................
00010dc0: 00 00 00 00 00 00 00 00 00 00 00 00 00 00 00 00  ................
00010dd0: 00 00 00 00 00 00 00 00 00 00 00 00 00 00 00 00  ................
00010de0: 00 00 00 00 00 00 00 00 00 00 00 00 00 00 00 00  ................
00010df0: 00 00 00 00 00 00 00 00 00 00 00 00 00 00 00 00  ................
00010e00: 00 00 00 00 00 00 00 00 00 00 00 00 00 00 00 00  ................
00010e10: 00 00 00 00 1c 00 24 02 f2 00 00 00 f6 00 00 00  ......$.........
00010e20: fc 00 04 00 f7 00 01 00 f8 00 0a 00 f9 00 00 00  ................
00010e30: fa 00 80 00 fc 00 0e 00 fe 00 00 00 03 00 02 00  ................
00010e40: 04 00 34 00 05 00 02 00 06 00 86 00 07 00 01 00  ..4.............
00010e50: 08 00 fe 00 09 00 00 00 0a 00 04 00 0b 00 00 00  ................
00010e60: 0c 00 00 00 0d 00 02 00 0e 00 d4 00 0f 00 05 00  ................
00010e70: 10 00 08 00 17 00 c3 00 18 00 02 00 19 00 08 00  ................
00010e80: 1a 00 18 00 1d 00 12 00 1e 00 50 00 1f 00 80 00  ..........P.....
00010e90: 21 00 30 00 23 00 f8 00 25 00 10 00 28 00 20 00  !.0.#...%...(. .
00010ea0: 34 00 08 00 3c 00 10 00 3d 00 0e 00 cc 00 8e 00  4...<...=.......
00010eb0: cd 00 9a 00 cf 00 70 00 d0 00 a9 00 d1 00 c5 00  ......p.........
00010ec0: d2 00 ed 00 d8 00 3c 00 d9 00 7a 00 da 00 12 00  ......<...z.....
00010ed0: db 00 50 00 de 00 0c 00 e3 00 60 00 e4 00 78 00  ..P.......`...x.
00010ee0: fe 00 01 00 e3 00 01 00 e6 00 10 00 fe 00 01 00  ................
00010ef0: 80 00 50 00 88 00 23 00 89 00 03 00 90 00 01 00  ..P...#.........
00010f00: 92 00 03 00 94 00 04 00 95 00 02 00 96 00 d0 00  ................
00010f10: 97 00 05 00 98 00 00 00 fe 00 01 00 40 00 22 00  ............@.".
00010f20: 43 00 03 00 4e 00 3c 00 4f 00 00 00 60 00 00 00  C...N.<.O...`...
00010f30: 61 00 80 00 fe 00 01 00 b0 00 48 00 b1 00 01 00  a.........H.....
00010f40: b2 00 00 00 b6 00 00 00 fe 00 02 00 01 00 00 00  ................
00010f50: 02 00 01 00 03 00 02 00 04 00 03 00 05 00 04 00  ................
00010f60: 06 00 05 00 07 00 06 00 08 00 0e 00 09 00 16 00  ................
00010f70: 0a 00 1e 00 0b 00 36 00 0c 00 3e 00 0d 00 56 00  ......6...>...V.
00010f80: fe 00 02 00 b0 00 00 00 b1 00 00 00 b2 00 00 00  ................
00010f90: b3 00 11 00 b4 00 22 00 b5 00 54 00 b6 00 b8 00  ......"...T.....
00010fa0: b7 00 60 00 b9 00 00 00 ba 00 c0 00 c0 00 20 00  ..`........... .
00010fb0: c1 00 2d 00 c2 00 40 00 c3 00 5b 00 c4 00 80 00  ..-...@...[.....
00010fc0: c5 00 b5 00 c6 00 00 00 c7 00 6a 00 c8 00 00 00  ..........j.....
00010fd0: c9 00 d4 00 ca 00 00 00 cb 00 a8 00 cc 00 00 00  ................
00010fe0: cd 00 50 00 ce 00 00 00 cf 00 a1 00 fe 00 02 00  ..P.............
00010ff0: 54 00 f7 00 55 00 f0 00 56 00 00 00 57 00 00 00  T...U...V...W...
00011000: 58 00 00 00 5a 00 04 00 fe 00 04 00 81 00 8a 00  X...Z...........
00011010: fe 00 03 00 01 00 00 00 02 00 00 00 03 00 00 00  ................
00011020: 10 00 11 00 15 00 00 00 40 00 01 00 41 00 00 00  ........@...A...
00011030: fe 00 00 00 f2 00 0f 00 fe 00 00 00              ............
