
mtds/extracted/mtd5-usrfs/lib/libapp_rtsp.so:     file format elf32-littlearm


Disassembly of section .init:

00002964 <_init>:
    2964:	e1a0c00d 	mov	ip, sp
    2968:	e92ddff0 	push	{r4, r5, r6, r7, r8, r9, sl, fp, ip, lr, pc}
    296c:	e24cb004 	sub	fp, ip, #4
    2970:	e91baff0 	ldmdb	fp, {r4, r5, r6, r7, r8, r9, sl, fp, sp, pc}

Disassembly of section .plt:

00002974 <memcmp@plt-0x14>:
    2974:	e52de004 	push	{lr}		@ (str lr, [sp, #-4]!)
    2978:	e59fe004 	ldr	lr, [pc, #4]	@ 2984 <_init+0x20>
    297c:	e08fe00e 	add	lr, pc, lr
    2980:	e5bef008 	ldr	pc, [lr, #8]!
    2984:	00016fc4 	andeq	r6, r1, r4, asr #31

00002988 <memcmp@plt>:
    2988:	e28fc600 	add	ip, pc, #0, 12
    298c:	e28cca16 	add	ip, ip, #90112	@ 0x16000
    2990:	e5bcffc4 	ldr	pc, [ip, #4036]!	@ 0xfc4

00002994 <listen@plt>:
    2994:	e28fc600 	add	ip, pc, #0, 12
    2998:	e28cca16 	add	ip, ip, #90112	@ 0x16000
    299c:	e5bcffbc 	ldr	pc, [ip, #4028]!	@ 0xfbc

000029a0 <eq_aslc_ParamSave@plt>:
    29a0:	e28fc600 	add	ip, pc, #0, 12
    29a4:	e28cca16 	add	ip, ip, #90112	@ 0x16000
    29a8:	e5bcffb4 	ldr	pc, [ip, #4020]!	@ 0xfb4

000029ac <akae_thread_terminated@plt>:
    29ac:	e28fc600 	add	ip, pc, #0, 12
    29b0:	e28cca16 	add	ip, ip, #90112	@ 0x16000
    29b4:	e5bcffac 	ldr	pc, [ip, #4012]!	@ 0xfac

000029b8 <ak_aslc_SetMileStone@plt>:
    29b8:	e28fc600 	add	ip, pc, #0, 12
    29bc:	e28cca16 	add	ip, ip, #90112	@ 0x16000
    29c0:	e5bcffa4 	ldr	pc, [ip, #4004]!	@ 0xfa4

000029c4 <rtsp_init_client@plt>:
    29c4:	e28fc600 	add	ip, pc, #0, 12
    29c8:	e28cca16 	add	ip, ip, #90112	@ 0x16000
    29cc:	e5bcff9c 	ldr	pc, [ip, #3996]!	@ 0xf9c

000029d0 <MakeRTCP@plt>:
    29d0:	e28fc600 	add	ip, pc, #0, 12
    29d4:	e28cca16 	add	ip, ip, #90112	@ 0x16000
    29d8:	e5bcff94 	ldr	pc, [ip, #3988]!	@ 0xf94

000029dc <ak_aenc_open@plt>:
    29dc:	e28fc600 	add	ip, pc, #0, 12
    29e0:	e28cca16 	add	ip, ip, #90112	@ 0x16000
    29e4:	e5bcff8c 	ldr	pc, [ip, #3980]!	@ 0xf8c

000029e8 <snprintf@plt>:
    29e8:	e28fc600 	add	ip, pc, #0, 12
    29ec:	e28cca16 	add	ip, ip, #90112	@ 0x16000
    29f0:	e5bcff84 	ldr	pc, [ip, #3972]!	@ 0xf84

000029f4 <_SD_EQ_SetEqTimePara@plt>:
    29f4:	e28fc600 	add	ip, pc, #0, 12
    29f8:	e28cca16 	add	ip, ip, #90112	@ 0x16000
    29fc:	e5bcff7c 	ldr	pc, [ip, #3964]!	@ 0xf7c

00002a00 <ak_aslc_ParamSave@plt>:
    2a00:	e28fc600 	add	ip, pc, #0, 12
    2a04:	e28cca16 	add	ip, ip, #90112	@ 0x16000
    2a08:	e5bcff74 	ldr	pc, [ip, #3956]!	@ 0xf74

00002a0c <__deregister_frame_info@plt>:
    2a0c:	e28fc600 	add	ip, pc, #0, 12
    2a10:	e28cca16 	add	ip, ip, #90112	@ 0x16000
    2a14:	e5bcff6c 	ldr	pc, [ip, #3948]!	@ 0xf6c

00002a18 <fill_rtp_head_info@plt>:
    2a18:	e28fc600 	add	ip, pc, #0, 12
    2a1c:	e28cca16 	add	ip, ip, #90112	@ 0x16000
    2a20:	e5bcff64 	ldr	pc, [ip, #3940]!	@ 0xf64

00002a24 <ak_print@plt>:
    2a24:	e28fc600 	add	ip, pc, #0, 12
    2a28:	e28cca16 	add	ip, ip, #90112	@ 0x16000
    2a2c:	e5bcff5c 	ldr	pc, [ip, #3932]!	@ 0xf5c

00002a30 <ak_ai_open@plt>:
    2a30:	e28fc600 	add	ip, pc, #0, 12
    2a34:	e28cca16 	add	ip, ip, #90112	@ 0x16000
    2a38:	e5bcff54 	ldr	pc, [ip, #3924]!	@ 0xf54

00002a3c <ak_ai_close@plt>:
    2a3c:	e28fc600 	add	ip, pc, #0, 12
    2a40:	e28cca16 	add	ip, ip, #90112	@ 0x16000
    2a44:	e5bcff4c 	ldr	pc, [ip, #3916]!	@ 0xf4c

00002a48 <memset@plt>:
    2a48:	e28fc600 	add	ip, pc, #0, 12
    2a4c:	e28cca16 	add	ip, ip, #90112	@ 0x16000
    2a50:	e5bcff44 	ldr	pc, [ip, #3908]!	@ 0xf44

00002a54 <recvfrom@plt>:
    2a54:	e28fc600 	add	ip, pc, #0, 12
    2a58:	e28cca16 	add	ip, ip, #90112	@ 0x16000
    2a5c:	e5bcff3c 	ldr	pc, [ip, #3900]!	@ 0xf3c

00002a60 <set_rtp_header@plt>:
    2a60:	e28fc600 	add	ip, pc, #0, 12
    2a64:	e28cca16 	add	ip, ip, #90112	@ 0x16000
    2a68:	e5bcff34 	ldr	pc, [ip, #3892]!	@ 0xf34

00002a6c <ak_thread_mutex_unlock@plt>:
    2a6c:	e28fc600 	add	ip, pc, #0, 12
    2a70:	e28cca16 	add	ip, ip, #90112	@ 0x16000
    2a74:	e5bcff2c 	ldr	pc, [ip, #3884]!	@ 0xf2c

00002a78 <malloc@plt>:
    2a78:	e28fc600 	add	ip, pc, #0, 12
    2a7c:	e28cca16 	add	ip, ip, #90112	@ 0x16000
    2a80:	e5bcff24 	ldr	pc, [ip, #3876]!	@ 0xf24

00002a84 <ak_ai_release_frame@plt>:
    2a84:	e28fc600 	add	ip, pc, #0, 12
    2a88:	e28cca16 	add	ip, ip, #90112	@ 0x16000
    2a8c:	e5bcff1c 	ldr	pc, [ip, #3868]!	@ 0xf1c

00002a90 <memmove@plt>:
    2a90:	e28fc600 	add	ip, pc, #0, 12
    2a94:	e28cca16 	add	ip, ip, #90112	@ 0x16000
    2a98:	e5bcff14 	ldr	pc, [ip, #3860]!	@ 0xf14

00002a9c <ak_venc_cancel_stream@plt>:
    2a9c:	e28fc600 	add	ip, pc, #0, 12
    2aa0:	e28cca16 	add	ip, ip, #90112	@ 0x16000
    2aa4:	e5bcff0c 	ldr	pc, [ip, #3852]!	@ 0xf0c

00002aa8 <akae_rtsp_server_verbose@plt>:
    2aa8:	e28fc600 	add	ip, pc, #0, 12
    2aac:	e28cca16 	add	ip, ip, #90112	@ 0x16000
    2ab0:	e5bcff04 	ldr	pc, [ip, #3844]!	@ 0xf04

00002ab4 <recv@plt>:
    2ab4:	e28fc600 	add	ip, pc, #0, 12
    2ab8:	e28cca16 	add	ip, ip, #90112	@ 0x16000
    2abc:	e5bcfefc 	ldr	pc, [ip, #3836]!	@ 0xefc

00002ac0 <strcpy@plt>:
    2ac0:	e28fc600 	add	ip, pc, #0, 12
    2ac4:	e28cca16 	add	ip, ip, #90112	@ 0x16000
    2ac8:	e5bcfef4 	ldr	pc, [ip, #3828]!	@ 0xef4

00002acc <akae_log_verbose@plt>:
    2acc:	e28fc600 	add	ip, pc, #0, 12
    2ad0:	e28cca16 	add	ip, ip, #90112	@ 0x16000
    2ad4:	e5bcfeec 	ldr	pc, [ip, #3820]!	@ 0xeec

00002ad8 <ak_thread_mutex_destroy@plt>:
    2ad8:	e28fc600 	add	ip, pc, #0, 12
    2adc:	e28cca16 	add	ip, ip, #90112	@ 0x16000
    2ae0:	e5bcfee4 	ldr	pc, [ip, #3812]!	@ 0xee4

00002ae4 <ak_ai_set_frame_interval@plt>:
    2ae4:	e28fc600 	add	ip, pc, #0, 12
    2ae8:	e28cca16 	add	ip, ip, #90112	@ 0x16000
    2aec:	e5bcfedc 	ldr	pc, [ip, #3804]!	@ 0xedc

00002af0 <akae_rtsp_server_verbose_http@plt>:
    2af0:	e28fc600 	add	ip, pc, #0, 12
    2af4:	e28cca16 	add	ip, ip, #90112	@ 0x16000
    2af8:	e5bcfed4 	ldr	pc, [ip, #3796]!	@ 0xed4

00002afc <_AK_EQ_Freqz@plt>:
    2afc:	e28fc600 	add	ip, pc, #0, 12
    2b00:	e28cca16 	add	ip, ip, #90112	@ 0x16000
    2b04:	e5bcfecc 	ldr	pc, [ip, #3788]!	@ 0xecc

00002b08 <akae_rtsp_server_create@plt>:
    2b08:	e28fc600 	add	ip, pc, #0, 12
    2b0c:	e28cca16 	add	ip, ip, #90112	@ 0x16000
    2b10:	e5bcfec4 	ldr	pc, [ip, #3780]!	@ 0xec4

00002b14 <inet_addr@plt>:
    2b14:	e28fc600 	add	ip, pc, #0, 12
    2b18:	e28cca16 	add	ip, ip, #90112	@ 0x16000
    2b1c:	e5bcfebc 	ldr	pc, [ip, #3772]!	@ 0xebc

00002b20 <akae_thread_suspend@plt>:
    2b20:	e28fc600 	add	ip, pc, #0, 12
    2b24:	e28cca16 	add	ip, ip, #90112	@ 0x16000
    2b28:	e5bcfeb4 	ldr	pc, [ip, #3764]!	@ 0xeb4

00002b2c <ak_ai_start_capture@plt>:
    2b2c:	e28fc600 	add	ip, pc, #0, 12
    2b30:	e28cca16 	add	ip, ip, #90112	@ 0x16000
    2b34:	e5bcfeac 	ldr	pc, [ip, #3756]!	@ 0xeac

00002b38 <akae_rtp_queue_create@plt>:
    2b38:	e28fc600 	add	ip, pc, #0, 12
    2b3c:	e28cca16 	add	ip, ip, #90112	@ 0x16000
    2b40:	e5bcfea4 	ldr	pc, [ip, #3748]!	@ 0xea4

00002b44 <ak_venc_close@plt>:
    2b44:	e28fc600 	add	ip, pc, #0, 12
    2b48:	e28cca16 	add	ip, ip, #90112	@ 0x16000
    2b4c:	e5bcfe9c 	ldr	pc, [ip, #3740]!	@ 0xe9c

00002b50 <ak_venc_get_stream@plt>:
    2b50:	e28fc600 	add	ip, pc, #0, 12
    2b54:	e28cca16 	add	ip, ip, #90112	@ 0x16000
    2b58:	e5bcfe94 	ldr	pc, [ip, #3732]!	@ 0xe94

00002b5c <getsockname@plt>:
    2b5c:	e28fc600 	add	ip, pc, #0, 12
    2b60:	e28cca16 	add	ip, ip, #90112	@ 0x16000
    2b64:	e5bcfe8c 	ldr	pc, [ip, #3724]!	@ 0xe8c

00002b68 <perror@plt>:
    2b68:	e28fc600 	add	ip, pc, #0, 12
    2b6c:	e28cca16 	add	ip, ip, #90112	@ 0x16000
    2b70:	e5bcfe84 	ldr	pc, [ip, #3716]!	@ 0xe84

00002b74 <akae_thread_create@plt>:
    2b74:	e28fc600 	add	ip, pc, #0, 12
    2b78:	e28cca16 	add	ip, ip, #90112	@ 0x16000
    2b7c:	e5bcfe7c 	ldr	pc, [ip, #3708]!	@ 0xe7c

00002b80 <ak_ai_set_nr_agc@plt>:
    2b80:	e28fc600 	add	ip, pc, #0, 12
    2b84:	e28cca16 	add	ip, ip, #90112	@ 0x16000
    2b88:	e5bcfe74 	ldr	pc, [ip, #3700]!	@ 0xe74

00002b8c <bind@plt>:
    2b8c:	e28fc600 	add	ip, pc, #0, 12
    2b90:	e28cca16 	add	ip, ip, #90112	@ 0x16000
    2b94:	e5bcfe6c 	ldr	pc, [ip, #3692]!	@ 0xe6c

00002b98 <_SD_Register_Filter@plt>:
    2b98:	e28fc600 	add	ip, pc, #0, 12
    2b9c:	e28cca16 	add	ip, ip, #90112	@ 0x16000
    2ba0:	e5bcfe64 	ldr	pc, [ip, #3684]!	@ 0xe64

00002ba4 <printf@plt>:
    2ba4:	e28fc600 	add	ip, pc, #0, 12
    2ba8:	e28cca16 	add	ip, ip, #90112	@ 0x16000
    2bac:	e5bcfe5c 	ldr	pc, [ip, #3676]!	@ 0xe5c

00002bb0 <ak_thread_mutex_lock@plt>:
    2bb0:	e28fc600 	add	ip, pc, #0, 12
    2bb4:	e28cca16 	add	ip, ip, #90112	@ 0x16000
    2bb8:	e5bcfe54 	ldr	pc, [ip, #3668]!	@ 0xe54

00002bbc <akae_rtsp_server_start@plt>:
    2bbc:	e28fc600 	add	ip, pc, #0, 12
    2bc0:	e28cca16 	add	ip, ip, #90112	@ 0x16000
    2bc4:	e5bcfe4c 	ldr	pc, [ip, #3660]!	@ 0xe4c

00002bc8 <ak_aenc_close@plt>:
    2bc8:	e28fc600 	add	ip, pc, #0, 12
    2bcc:	e28cca16 	add	ip, ip, #90112	@ 0x16000
    2bd0:	e5bcfe44 	ldr	pc, [ip, #3652]!	@ 0xe44

00002bd4 <ak_ai_set_source@plt>:
    2bd4:	e28fc600 	add	ip, pc, #0, 12
    2bd8:	e28cca16 	add	ip, ip, #90112	@ 0x16000
    2bdc:	e5bcfe3c 	ldr	pc, [ip, #3644]!	@ 0xe3c

00002be0 <ak_net_get_cur_iface@plt>:
    2be0:	e28fc600 	add	ip, pc, #0, 12
    2be4:	e28cca16 	add	ip, ip, #90112	@ 0x16000
    2be8:	e5bcfe34 	ldr	pc, [ip, #3636]!	@ 0xe34

00002bec <__cxa_finalize@plt>:
    2bec:	e28fc600 	add	ip, pc, #0, 12
    2bf0:	e28cca16 	add	ip, ip, #90112	@ 0x16000
    2bf4:	e5bcfe2c 	ldr	pc, [ip, #3628]!	@ 0xe2c

00002bf8 <__register_frame_info@plt>:
    2bf8:	e28fc600 	add	ip, pc, #0, 12
    2bfc:	e28cca16 	add	ip, ip, #90112	@ 0x16000
    2c00:	e5bcfe24 	ldr	pc, [ip, #3620]!	@ 0xe24

00002c04 <ak_aenc_send_frame@plt>:
    2c04:	e28fc600 	add	ip, pc, #0, 12
    2c08:	e28cca16 	add	ip, ip, #90112	@ 0x16000
    2c0c:	e5bcfe1c 	ldr	pc, [ip, #3612]!	@ 0xe1c

00002c10 <exit@plt>:
    2c10:	e28fc600 	add	ip, pc, #0, 12
    2c14:	e28cca16 	add	ip, ip, #90112	@ 0x16000
    2c18:	e5bcfe14 	ldr	pc, [ip, #3604]!	@ 0xe14

00002c1c <raise@plt>:
    2c1c:	e28fc600 	add	ip, pc, #0, 12
    2c20:	e28cca16 	add	ip, ip, #90112	@ 0x16000
    2c24:	e5bcfe0c 	ldr	pc, [ip, #3596]!	@ 0xe0c

00002c28 <_SD_ASLC_Close@plt>:
    2c28:	e28fc600 	add	ip, pc, #0, 12
    2c2c:	e28cca16 	add	ip, ip, #90112	@ 0x16000
    2c30:	e5bcfe04 	ldr	pc, [ip, #3588]!	@ 0xe04

00002c34 <dvs_init_buffers@plt>:
    2c34:	e28fc600 	add	ip, pc, #0, 12
    2c38:	e28cca16 	add	ip, ip, #90112	@ 0x16000
    2c3c:	e5bcfdfc 	ldr	pc, [ip, #3580]!	@ 0xdfc

00002c40 <akae_rtsp_server_register_url@plt>:
    2c40:	e28fc600 	add	ip, pc, #0, 12
    2c44:	e28cca16 	add	ip, ip, #90112	@ 0x16000
    2c48:	e5bcfdf4 	ldr	pc, [ip, #3572]!	@ 0xdf4

00002c4c <send@plt>:
    2c4c:	e28fc600 	add	ip, pc, #0, 12
    2c50:	e28cca16 	add	ip, ip, #90112	@ 0x16000
    2c54:	e5bcfdec 	ldr	pc, [ip, #3564]!	@ 0xdec

00002c58 <_AK_EQ_ParamSave@plt>:
    2c58:	e28fc600 	add	ip, pc, #0, 12
    2c5c:	e28cca16 	add	ip, ip, #90112	@ 0x16000
    2c60:	e5bcfde4 	ldr	pc, [ip, #3556]!	@ 0xde4

00002c64 <_AK_EQ_OneFilter_fix@plt>:
    2c64:	e28fc600 	add	ip, pc, #0, 12
    2c68:	e28cca16 	add	ip, ip, #90112	@ 0x16000
    2c6c:	e5bcfddc 	ldr	pc, [ip, #3548]!	@ 0xddc

00002c70 <eq_aslc_init@plt>:
    2c70:	e28fc600 	add	ip, pc, #0, 12
    2c74:	e28cca16 	add	ip, ip, #90112	@ 0x16000
    2c78:	e5bcfdd4 	ldr	pc, [ip, #3540]!	@ 0xdd4

00002c7c <ak_ai_clear_frame_buffer@plt>:
    2c7c:	e28fc600 	add	ip, pc, #0, 12
    2c80:	e28cca16 	add	ip, ip, #90112	@ 0x16000
    2c84:	e5bcfdcc 	ldr	pc, [ip, #3532]!	@ 0xdcc

00002c88 <akae_malloc_release@plt>:
    2c88:	e28fc600 	add	ip, pc, #0, 12
    2c8c:	e28cca16 	add	ip, ip, #90112	@ 0x16000
    2c90:	e5bcfdc4 	ldr	pc, [ip, #3524]!	@ 0xdc4

00002c94 <socket@plt>:
    2c94:	e28fc600 	add	ip, pc, #0, 12
    2c98:	e28cca16 	add	ip, ip, #90112	@ 0x16000
    2c9c:	e5bcfdbc 	ldr	pc, [ip, #3516]!	@ 0xdbc

00002ca0 <send_rtp_tcp@plt>:
    2ca0:	e28fc600 	add	ip, pc, #0, 12
    2ca4:	e28cca16 	add	ip, ip, #90112	@ 0x16000
    2ca8:	e5bcfdb4 	ldr	pc, [ip, #3508]!	@ 0xdb4

00002cac <eq_aslc_destory@plt>:
    2cac:	e28fc600 	add	ip, pc, #0, 12
    2cb0:	e28cca16 	add	ip, ip, #90112	@ 0x16000
    2cb4:	e5bcfdac 	ldr	pc, [ip, #3500]!	@ 0xdac

00002cb8 <close@plt>:
    2cb8:	e28fc600 	add	ip, pc, #0, 12
    2cbc:	e28cca16 	add	ip, ip, #90112	@ 0x16000
    2cc0:	e5bcfda4 	ldr	pc, [ip, #3492]!	@ 0xda4

00002cc4 <bzero@plt>:
    2cc4:	e28fc600 	add	ip, pc, #0, 12
    2cc8:	e28cca16 	add	ip, ip, #90112	@ 0x16000
    2ccc:	e5bcfd9c 	ldr	pc, [ip, #3484]!	@ 0xd9c

00002cd0 <_SD_CheckAudioFilterVersion@plt>:
    2cd0:	e28fc600 	add	ip, pc, #0, 12
    2cd4:	e28cca16 	add	ip, ip, #90112	@ 0x16000
    2cd8:	e5bcfd94 	ldr	pc, [ip, #3476]!	@ 0xd94

00002cdc <ak_aslc_destory@plt>:
    2cdc:	e28fc600 	add	ip, pc, #0, 12
    2ce0:	e28cca16 	add	ip, ip, #90112	@ 0x16000
    2ce4:	e5bcfd8c 	ldr	pc, [ip, #3468]!	@ 0xd8c

00002ce8 <calloc@plt>:
    2ce8:	e28fc600 	add	ip, pc, #0, 12
    2cec:	e28cca16 	add	ip, ip, #90112	@ 0x16000
    2cf0:	e5bcfd84 	ldr	pc, [ip, #3460]!	@ 0xd84

00002cf4 <akae_rtsp_server_describe_video@plt>:
    2cf4:	e28fc600 	add	ip, pc, #0, 12
    2cf8:	e28cca16 	add	ip, ip, #90112	@ 0x16000
    2cfc:	e5bcfd7c 	ldr	pc, [ip, #3452]!	@ 0xd7c

00002d00 <ak_thread_set_name@plt>:
    2d00:	e28fc600 	add	ip, pc, #0, 12
    2d04:	e28cca16 	add	ip, ip, #90112	@ 0x16000
    2d08:	e5bcfd74 	ldr	pc, [ip, #3444]!	@ 0xd74

00002d0c <ak_thread_mutex_init@plt>:
    2d0c:	e28fc600 	add	ip, pc, #0, 12
    2d10:	e28cca16 	add	ip, ip, #90112	@ 0x16000
    2d14:	e5bcfd6c 	ldr	pc, [ip, #3436]!	@ 0xd6c

00002d18 <akae_rtp_queue_release@plt>:
    2d18:	e28fc600 	add	ip, pc, #0, 12
    2d1c:	e28cca16 	add	ip, ip, #90112	@ 0x16000
    2d20:	e5bcfd64 	ldr	pc, [ip, #3428]!	@ 0xd64

00002d24 <akae_rtsp_server_release@plt>:
    2d24:	e28fc600 	add	ip, pc, #0, 12
    2d28:	e28cca16 	add	ip, ip, #90112	@ 0x16000
    2d2c:	e5bcfd5c 	ldr	pc, [ip, #3420]!	@ 0xd5c

00002d30 <htons@plt>:
    2d30:	e28fc600 	add	ip, pc, #0, 12
    2d34:	e28cca16 	add	ip, ip, #90112	@ 0x16000
    2d38:	e5bcfd54 	ldr	pc, [ip, #3412]!	@ 0xd54

00002d3c <ak_get_ostime@plt>:
    2d3c:	e28fc600 	add	ip, pc, #0, 12
    2d40:	e28cca16 	add	ip, ip, #90112	@ 0x16000
    2d44:	e5bcfd4c 	ldr	pc, [ip, #3404]!	@ 0xd4c

00002d48 <ak_aslc_process@plt>:
    2d48:	e28fc600 	add	ip, pc, #0, 12
    2d4c:	e28cca16 	add	ip, ip, #90112	@ 0x16000
    2d50:	e5bcfd44 	ldr	pc, [ip, #3396]!	@ 0xd44

00002d54 <ak_thread_create@plt>:
    2d54:	e28fc600 	add	ip, pc, #0, 12
    2d58:	e28cca16 	add	ip, ip, #90112	@ 0x16000
    2d5c:	e5bcfd3c 	ldr	pc, [ip, #3388]!	@ 0xd3c

00002d60 <_AK_EQ_ParamUpdate@plt>:
    2d60:	e28fc600 	add	ip, pc, #0, 12
    2d64:	e28cca16 	add	ip, ip, #90112	@ 0x16000
    2d68:	e5bcfd34 	ldr	pc, [ip, #3380]!	@ 0xd34

00002d6c <_lol010@plt>:
    2d6c:	e28fc600 	add	ip, pc, #0, 12
    2d70:	e28cca16 	add	ip, ip, #90112	@ 0x16000
    2d74:	e5bcfd2c 	ldr	pc, [ip, #3372]!	@ 0xd2c

00002d78 <htonl@plt>:
    2d78:	e28fc600 	add	ip, pc, #0, 12
    2d7c:	e28cca16 	add	ip, ip, #90112	@ 0x16000
    2d80:	e5bcfd24 	ldr	pc, [ip, #3364]!	@ 0xd24

00002d84 <buffers_put_pframe_data_with_pts@plt>:
    2d84:	e28fc600 	add	ip, pc, #0, 12
    2d88:	e28cca16 	add	ip, ip, #90112	@ 0x16000
    2d8c:	e5bcfd1c 	ldr	pc, [ip, #3356]!	@ 0xd1c

00002d90 <setsockopt@plt>:
    2d90:	e28fc600 	add	ip, pc, #0, 12
    2d94:	e28cca16 	add	ip, ip, #90112	@ 0x16000
    2d98:	e5bcfd14 	ldr	pc, [ip, #3348]!	@ 0xd14

00002d9c <ak_venc_release_stream@plt>:
    2d9c:	e28fc600 	add	ip, pc, #0, 12
    2da0:	e28cca16 	add	ip, ip, #90112	@ 0x16000
    2da4:	e5bcfd0c 	ldr	pc, [ip, #3340]!	@ 0xd0c

00002da8 <akae_rtp_queue_payload_type@plt>:
    2da8:	e28fc600 	add	ip, pc, #0, 12
    2dac:	e28cca16 	add	ip, ip, #90112	@ 0x16000
    2db0:	e5bcfd04 	ldr	pc, [ip, #3332]!	@ 0xd04

00002db4 <_SD_ASLC_SetMileStone@plt>:
    2db4:	e28fc600 	add	ip, pc, #0, 12
    2db8:	e28cca16 	add	ip, ip, #90112	@ 0x16000
    2dbc:	e5bcfcfc 	ldr	pc, [ip, #3324]!	@ 0xcfc

00002dc0 <fcntl@plt>:
    2dc0:	e28fc600 	add	ip, pc, #0, 12
    2dc4:	e28cca16 	add	ip, ip, #90112	@ 0x16000
    2dc8:	e5bcfcf4 	ldr	pc, [ip, #3316]!	@ 0xcf4

00002dcc <akae_rtp_queue_add_payload@plt>:
    2dcc:	e28fc600 	add	ip, pc, #0, 12
    2dd0:	e28cca16 	add	ip, ip, #90112	@ 0x16000
    2dd4:	e5bcfcec 	ldr	pc, [ip, #3308]!	@ 0xcec

00002dd8 <ak_ai_get_frame@plt>:
    2dd8:	e28fc600 	add	ip, pc, #0, 12
    2ddc:	e28cca16 	add	ip, ip, #90112	@ 0x16000
    2de0:	e5bcfce4 	ldr	pc, [ip, #3300]!	@ 0xce4

00002de4 <_SD_ASLC_SetPara@plt>:
    2de4:	e28fc600 	add	ip, pc, #0, 12
    2de8:	e28cca16 	add	ip, ip, #90112	@ 0x16000
    2dec:	e5bcfcdc 	ldr	pc, [ip, #3292]!	@ 0xcdc

00002df0 <ak_venc_request_stream@plt>:
    2df0:	e28fc600 	add	ip, pc, #0, 12
    2df4:	e28cca16 	add	ip, ip, #90112	@ 0x16000
    2df8:	e5bcfcd4 	ldr	pc, [ip, #3284]!	@ 0xcd4

00002dfc <ak_venc_open@plt>:
    2dfc:	e28fc600 	add	ip, pc, #0, 12
    2e00:	e28cca16 	add	ip, ip, #90112	@ 0x16000
    2e04:	e5bcfccc 	ldr	pc, [ip, #3276]!	@ 0xccc

00002e08 <set_hevc_nal_header@plt>:
    2e08:	e28fc600 	add	ip, pc, #0, 12
    2e0c:	e28cca16 	add	ip, ip, #90112	@ 0x16000
    2e10:	e5bcfcc4 	ldr	pc, [ip, #3268]!	@ 0xcc4

00002e14 <sendto@plt>:
    2e14:	e28fc600 	add	ip, pc, #0, 12
    2e18:	e28cca16 	add	ip, ip, #90112	@ 0x16000
    2e1c:	e5bcfcbc 	ldr	pc, [ip, #3260]!	@ 0xcbc

00002e20 <ak_aenc_set_attr@plt>:
    2e20:	e28fc600 	add	ip, pc, #0, 12
    2e24:	e28cca16 	add	ip, ip, #90112	@ 0x16000
    2e28:	e5bcfcb4 	ldr	pc, [ip, #3252]!	@ 0xcb4

00002e2c <free@plt>:
    2e2c:	e28fc600 	add	ip, pc, #0, 12
    2e30:	e28cca16 	add	ip, ip, #90112	@ 0x16000
    2e34:	e5bcfcac 	ldr	pc, [ip, #3244]!	@ 0xcac

00002e38 <send_rtp_udp@plt>:
    2e38:	e28fc600 	add	ip, pc, #0, 12
    2e3c:	e28cca16 	add	ip, ip, #90112	@ 0x16000
    2e40:	e5bcfca4 	ldr	pc, [ip, #3236]!	@ 0xca4

00002e44 <atoi@plt>:
    2e44:	e28fc600 	add	ip, pc, #0, 12
    2e48:	e28cca16 	add	ip, ip, #90112	@ 0x16000
    2e4c:	e5bcfc9c 	ldr	pc, [ip, #3228]!	@ 0xc9c

00002e50 <accept@plt>:
    2e50:	e28fc600 	add	ip, pc, #0, 12
    2e54:	e28cca16 	add	ip, ip, #90112	@ 0x16000
    2e58:	e5bcfc94 	ldr	pc, [ip, #3220]!	@ 0xc94

00002e5c <_SD_ASLC_Open@plt>:
    2e5c:	e28fc600 	add	ip, pc, #0, 12
    2e60:	e28cca16 	add	ip, ip, #90112	@ 0x16000
    2e64:	e5bcfc8c 	ldr	pc, [ip, #3212]!	@ 0xc8c

00002e68 <inet_ntoa@plt>:
    2e68:	e28fc600 	add	ip, pc, #0, 12
    2e6c:	e28cca16 	add	ip, ip, #90112	@ 0x16000
    2e70:	e5bcfc84 	ldr	pc, [ip, #3204]!	@ 0xc84

00002e74 <ak_ai_set_aec@plt>:
    2e74:	e28fc600 	add	ip, pc, #0, 12
    2e78:	e28cca16 	add	ip, ip, #90112	@ 0x16000
    2e7c:	e5bcfc7c 	ldr	pc, [ip, #3196]!	@ 0xc7c

00002e80 <puts@plt>:
    2e80:	e28fc600 	add	ip, pc, #0, 12
    2e84:	e28cca16 	add	ip, ip, #90112	@ 0x16000
    2e88:	e5bcfc74 	ldr	pc, [ip, #3188]!	@ 0xc74

00002e8c <_lolOlO@plt>:
    2e8c:	e28fc600 	add	ip, pc, #0, 12
    2e90:	e28cca16 	add	ip, ip, #90112	@ 0x16000
    2e94:	e5bcfc6c 	ldr	pc, [ip, #3180]!	@ 0xc6c

00002e98 <select@plt>:
    2e98:	e28fc600 	add	ip, pc, #0, 12
    2e9c:	e28cca16 	add	ip, ip, #90112	@ 0x16000
    2ea0:	e5bcfc64 	ldr	pc, [ip, #3172]!	@ 0xc64

00002ea4 <ntohs@plt>:
    2ea4:	e28fc600 	add	ip, pc, #0, 12
    2ea8:	e28cca16 	add	ip, ip, #90112	@ 0x16000
    2eac:	e5bcfc5c 	ldr	pc, [ip, #3164]!	@ 0xc5c

00002eb0 <inet_ntop@plt>:
    2eb0:	e28fc600 	add	ip, pc, #0, 12
    2eb4:	e28cca16 	add	ip, ip, #90112	@ 0x16000
    2eb8:	e5bcfc54 	ldr	pc, [ip, #3156]!	@ 0xc54

00002ebc <ak_net_get_ip@plt>:
    2ebc:	e28fc600 	add	ip, pc, #0, 12
    2ec0:	e28cca16 	add	ip, ip, #90112	@ 0x16000
    2ec4:	e5bcfc4c 	ldr	pc, [ip, #3148]!	@ 0xc4c

00002ec8 <sprintf@plt>:
    2ec8:	e28fc600 	add	ip, pc, #0, 12
    2ecc:	e28cca16 	add	ip, ip, #90112	@ 0x16000
    2ed0:	e5bcfc44 	ldr	pc, [ip, #3140]!	@ 0xc44

00002ed4 <memcpy@plt>:
    2ed4:	e28fc600 	add	ip, pc, #0, 12
    2ed8:	e28cca16 	add	ip, ip, #90112	@ 0x16000
    2edc:	e5bcfc3c 	ldr	pc, [ip, #3132]!	@ 0xc3c

00002ee0 <_SD_ASLC_Control@plt>:
    2ee0:	e28fc600 	add	ip, pc, #0, 12
    2ee4:	e28cca16 	add	ip, ip, #90112	@ 0x16000
    2ee8:	e5bcfc34 	ldr	pc, [ip, #3124]!	@ 0xc34

00002eec <ak_ai_stop_capture@plt>:
    2eec:	e28fc600 	add	ip, pc, #0, 12
    2ef0:	e28cca16 	add	ip, ip, #90112	@ 0x16000
    2ef4:	e5bcfc2c 	ldr	pc, [ip, #3116]!	@ 0xc2c

00002ef8 <buffers_put_iframe_data_with_pts@plt>:
    2ef8:	e28fc600 	add	ip, pc, #0, 12
    2efc:	e28cca16 	add	ip, ip, #90112	@ 0x16000
    2f00:	e5bcfc24 	ldr	pc, [ip, #3108]!	@ 0xc24

00002f04 <buffers_get_data_with_pts@plt>:
    2f04:	e28fc600 	add	ip, pc, #0, 12
    2f08:	e28cca16 	add	ip, ip, #90112	@ 0x16000
    2f0c:	e5bcfc1c 	ldr	pc, [ip, #3100]!	@ 0xc1c

00002f10 <strlen@plt>:
    2f10:	e28fc600 	add	ip, pc, #0, 12
    2f14:	e28cca16 	add	ip, ip, #90112	@ 0x16000
    2f18:	e5bcfc14 	ldr	pc, [ip, #3092]!	@ 0xc14

00002f1c <akae_malloc_create@plt>:
    2f1c:	e28fc600 	add	ip, pc, #0, 12
    2f20:	e28cca16 	add	ip, ip, #90112	@ 0x16000
    2f24:	e5bcfc0c 	ldr	pc, [ip, #3084]!	@ 0xc0c

00002f28 <usleep@plt>:
    2f28:	e28fc600 	add	ip, pc, #0, 12
    2f2c:	e28cca16 	add	ip, ip, #90112	@ 0x16000
    2f30:	e5bcfc04 	ldr	pc, [ip, #3076]!	@ 0xc04

00002f34 <akae_rtsp_server_describe_audio@plt>:
    2f34:	e28fc600 	add	ip, pc, #0, 12
    2f38:	e28cca16 	add	ip, ip, #90112	@ 0x16000
    2f3c:	e5bcfbfc 	ldr	pc, [ip, #3068]!	@ 0xbfc

00002f40 <akae_thread_release@plt>:
    2f40:	e28fc600 	add	ip, pc, #0, 12
    2f44:	e28cca16 	add	ip, ip, #90112	@ 0x16000
    2f48:	e5bcfbf4 	ldr	pc, [ip, #3060]!	@ 0xbf4

00002f4c <ak_aslc_init@plt>:
    2f4c:	e28fc600 	add	ip, pc, #0, 12
    2f50:	e28cca16 	add	ip, ip, #90112	@ 0x16000
    2f54:	e5bcfbec 	ldr	pc, [ip, #3052]!	@ 0xbec

Disassembly of section .text:

00002f58 <buffers_clear-0x1b0>:
    2f58:	e59f203c 	ldr	r2, [pc, #60]	@ 2f9c <ak_aslc_init@plt+0x50>
    2f5c:	e59f003c 	ldr	r0, [pc, #60]	@ 2fa0 <ak_aslc_init@plt+0x54>
    2f60:	e08f2002 	add	r2, pc, r2
    2f64:	e92d4008 	push	{r3, lr}
    2f68:	e59f3034 	ldr	r3, [pc, #52]	@ 2fa4 <ak_aslc_init@plt+0x58>
    2f6c:	e08f0000 	add	r0, pc, r0
    2f70:	e2822003 	add	r2, r2, #3
    2f74:	e0602002 	rsb	r2, r0, r2
    2f78:	e3520006 	cmp	r2, #6
    2f7c:	e08f3003 	add	r3, pc, r3
    2f80:	98bd8008 	popls	{r3, pc}
    2f84:	e59f201c 	ldr	r2, [pc, #28]	@ 2fa8 <ak_aslc_init@plt+0x5c>
    2f88:	e7933002 	ldr	r3, [r3, r2]
    2f8c:	e3530000 	cmp	r3, #0
    2f90:	08bd8008 	popeq	{r3, pc}
    2f94:	e12fff33 	blx	r3
    2f98:	e8bd8008 	pop	{r3, pc}
    2f9c:	00016c20 	andeq	r6, r1, r0, lsr #24
    2fa0:	00016c14 	andeq	r6, r1, r4, lsl ip
    2fa4:	000169c4 	andeq	r6, r1, r4, asr #19
    2fa8:	00000204 	andeq	r0, r0, r4, lsl #4
    2fac:	e59f0040 	ldr	r0, [pc, #64]	@ 2ff4 <ak_aslc_init@plt+0xa8>
    2fb0:	e59f1040 	ldr	r1, [pc, #64]	@ 2ff8 <ak_aslc_init@plt+0xac>
    2fb4:	e08f0000 	add	r0, pc, r0
    2fb8:	e08f1001 	add	r1, pc, r1
    2fbc:	e0601001 	rsb	r1, r0, r1
    2fc0:	e92d4008 	push	{r3, lr}
    2fc4:	e59f3030 	ldr	r3, [pc, #48]	@ 2ffc <ak_aslc_init@plt+0xb0>
    2fc8:	e1a01141 	asr	r1, r1, #2
    2fcc:	e0811fa1 	add	r1, r1, r1, lsr #31
    2fd0:	e1b010c1 	asrs	r1, r1, #1
    2fd4:	e08f3003 	add	r3, pc, r3
    2fd8:	08bd8008 	popeq	{r3, pc}
    2fdc:	e59f201c 	ldr	r2, [pc, #28]	@ 3000 <ak_aslc_init@plt+0xb4>
    2fe0:	e7933002 	ldr	r3, [r3, r2]
    2fe4:	e3530000 	cmp	r3, #0
    2fe8:	08bd8008 	popeq	{r3, pc}
    2fec:	e12fff33 	blx	r3
    2ff0:	e8bd8008 	pop	{r3, pc}
    2ff4:	00016bcc 	andeq	r6, r1, ip, asr #23
    2ff8:	00016bc8 	andeq	r6, r1, r8, asr #23
    2ffc:	0001696c 	andeq	r6, r1, ip, ror #18
    3000:	00000210 	andeq	r0, r0, r0, lsl r2
    3004:	e59f3068 	ldr	r3, [pc, #104]	@ 3074 <ak_aslc_init@plt+0x128>
    3008:	e92d4010 	push	{r4, lr}
    300c:	e59f4064 	ldr	r4, [pc, #100]	@ 3078 <ak_aslc_init@plt+0x12c>
    3010:	e08f3003 	add	r3, pc, r3
    3014:	e5d33000 	ldrb	r3, [r3]
    3018:	e08f4004 	add	r4, pc, r4
    301c:	e3530000 	cmp	r3, #0
    3020:	18bd8010 	popne	{r4, pc}
    3024:	e59f3050 	ldr	r3, [pc, #80]	@ 307c <ak_aslc_init@plt+0x130>
    3028:	e7943003 	ldr	r3, [r4, r3]
    302c:	e3530000 	cmp	r3, #0
    3030:	0a000002 	beq	3040 <ak_aslc_init@plt+0xf4>
    3034:	e59f3044 	ldr	r3, [pc, #68]	@ 3080 <ak_aslc_init@plt+0x134>
    3038:	e79f0003 	ldr	r0, [pc, r3]
    303c:	ebfffeea 	bl	2bec <__cxa_finalize@plt>
    3040:	ebffffc4 	bl	2f58 <ak_aslc_init@plt+0xc>
    3044:	e59f3038 	ldr	r3, [pc, #56]	@ 3084 <ak_aslc_init@plt+0x138>
    3048:	e7943003 	ldr	r3, [r4, r3]
    304c:	e3530000 	cmp	r3, #0
    3050:	0a000002 	beq	3060 <ak_aslc_init@plt+0x114>
    3054:	e59f002c 	ldr	r0, [pc, #44]	@ 3088 <ak_aslc_init@plt+0x13c>
    3058:	e08f0000 	add	r0, pc, r0
    305c:	ebfffe6a 	bl	2a0c <__deregister_frame_info@plt>
    3060:	e59f3024 	ldr	r3, [pc, #36]	@ 308c <ak_aslc_init@plt+0x140>
    3064:	e3a02001 	mov	r2, #1
    3068:	e08f3003 	add	r3, pc, r3
    306c:	e5c32000 	strb	r2, [r3]
    3070:	e8bd8010 	pop	{r4, pc}
    3074:	00016b70 	andeq	r6, r1, r0, ror fp
    3078:	00016928 	andeq	r6, r1, r8, lsr #18
    307c:	00000208 	andeq	r0, r0, r8, lsl #4
    3080:	00016b1c 	andeq	r6, r1, ip, lsl fp
    3084:	000001fc 	strdeq	r0, [r0], -ip
    3088:	0000e788 	andeq	lr, r0, r8, lsl #15
    308c:	00016b18 	andeq	r6, r1, r8, lsl fp
    3090:	e92d4010 	push	{r4, lr}
    3094:	e59f4054 	ldr	r4, [pc, #84]	@ 30f0 <ak_aslc_init@plt+0x1a4>
    3098:	e59f3054 	ldr	r3, [pc, #84]	@ 30f4 <ak_aslc_init@plt+0x1a8>
    309c:	e08f4004 	add	r4, pc, r4
    30a0:	e7943003 	ldr	r3, [r4, r3]
    30a4:	e3530000 	cmp	r3, #0
    30a8:	0a000004 	beq	30c0 <ak_aslc_init@plt+0x174>
    30ac:	e59f0044 	ldr	r0, [pc, #68]	@ 30f8 <ak_aslc_init@plt+0x1ac>
    30b0:	e59f1044 	ldr	r1, [pc, #68]	@ 30fc <ak_aslc_init@plt+0x1b0>
    30b4:	e08f0000 	add	r0, pc, r0
    30b8:	e08f1001 	add	r1, pc, r1
    30bc:	ebfffecd 	bl	2bf8 <__register_frame_info@plt>
    30c0:	e59f0038 	ldr	r0, [pc, #56]	@ 3100 <ak_aslc_init@plt+0x1b4>
    30c4:	e08f0000 	add	r0, pc, r0
    30c8:	e5903000 	ldr	r3, [r0]
    30cc:	e3530000 	cmp	r3, #0
    30d0:	0a000004 	beq	30e8 <ak_aslc_init@plt+0x19c>
    30d4:	e59f3028 	ldr	r3, [pc, #40]	@ 3104 <ak_aslc_init@plt+0x1b8>
    30d8:	e7943003 	ldr	r3, [r4, r3]
    30dc:	e3530000 	cmp	r3, #0
    30e0:	0a000000 	beq	30e8 <ak_aslc_init@plt+0x19c>
    30e4:	e12fff33 	blx	r3
    30e8:	e8bd4010 	pop	{r4, lr}
    30ec:	eaffffae 	b	2fac <ak_aslc_init@plt+0x60>
    30f0:	000168a4 	andeq	r6, r1, r4, lsr #17
    30f4:	0000020c 	andeq	r0, r0, ip, lsl #4
    30f8:	0000e72c 	andeq	lr, r0, ip, lsr #14
    30fc:	00016acc 	andeq	r6, r1, ip, asr #21
    3100:	00016728 	andeq	r6, r1, r8, lsr #14
    3104:	00000200 	andeq	r0, r0, r0, lsl #4

00003108 <buffers_clear>:
    3108:	e92d4800 	push	{fp, lr}
    310c:	e28db004 	add	fp, sp, #4
    3110:	e24dd018 	sub	sp, sp, #24
    3114:	e50b0010 	str	r0, [fp, #-16]
    3118:	e50b1014 	str	r1, [fp, #-20]	@ 0xffffffec
    311c:	e50b2018 	str	r2, [fp, #-24]	@ 0xffffffe8
    3120:	e51b3014 	ldr	r3, [fp, #-20]	@ 0xffffffec
    3124:	e2833014 	add	r3, r3, #20
    3128:	e1a00003 	mov	r0, r3
    312c:	ebfffe9f 	bl	2bb0 <ak_thread_mutex_lock@plt>
    3130:	e3a03000 	mov	r3, #0
    3134:	e50b3008 	str	r3, [fp, #-8]
    3138:	ea000048 	b	3260 <buffers_clear+0x158>
    313c:	e51b0014 	ldr	r0, [fp, #-20]	@ 0xffffffec
    3140:	e51b2008 	ldr	r2, [fp, #-8]
    3144:	e3a0103c 	mov	r1, #60	@ 0x3c
    3148:	e1a03002 	mov	r3, r2
    314c:	e1a03083 	lsl	r3, r3, #1
    3150:	e0833002 	add	r3, r3, r2
    3154:	e1a03183 	lsl	r3, r3, #3
    3158:	e0803003 	add	r3, r0, r3
    315c:	e0833001 	add	r3, r3, r1
    3160:	e5932000 	ldr	r2, [r3]
    3164:	e51b3018 	ldr	r3, [fp, #-24]	@ 0xffffffe8
    3168:	e1520003 	cmp	r2, r3
    316c:	1a000038 	bne	3254 <buffers_clear+0x14c>
    3170:	e51b0014 	ldr	r0, [fp, #-20]	@ 0xffffffec
    3174:	e51b2008 	ldr	r2, [fp, #-8]
    3178:	e3a0103c 	mov	r1, #60	@ 0x3c
    317c:	e1a03002 	mov	r3, r2
    3180:	e1a03083 	lsl	r3, r3, #1
    3184:	e0833002 	add	r3, r3, r2
    3188:	e1a03183 	lsl	r3, r3, #3
    318c:	e0803003 	add	r3, r0, r3
    3190:	e0833001 	add	r3, r3, r1
    3194:	e3e02000 	mvn	r2, #0
    3198:	e5832000 	str	r2, [r3]
    319c:	e51b0014 	ldr	r0, [fp, #-20]	@ 0xffffffec
    31a0:	e51b2008 	ldr	r2, [fp, #-8]
    31a4:	e3a0102c 	mov	r1, #44	@ 0x2c
    31a8:	e1a03002 	mov	r3, r2
    31ac:	e1a03083 	lsl	r3, r3, #1
    31b0:	e0833002 	add	r3, r3, r2
    31b4:	e1a03183 	lsl	r3, r3, #3
    31b8:	e0803003 	add	r3, r0, r3
    31bc:	e0833001 	add	r3, r3, r1
    31c0:	e5933000 	ldr	r3, [r3]
    31c4:	e3530000 	cmp	r3, #0
    31c8:	0a000016 	beq	3228 <buffers_clear+0x120>
    31cc:	e51b0014 	ldr	r0, [fp, #-20]	@ 0xffffffec
    31d0:	e51b2008 	ldr	r2, [fp, #-8]
    31d4:	e3a0102c 	mov	r1, #44	@ 0x2c
    31d8:	e1a03002 	mov	r3, r2
    31dc:	e1a03083 	lsl	r3, r3, #1
    31e0:	e0833002 	add	r3, r3, r2
    31e4:	e1a03183 	lsl	r3, r3, #3
    31e8:	e0803003 	add	r3, r0, r3
    31ec:	e0833001 	add	r3, r3, r1
    31f0:	e5933000 	ldr	r3, [r3]
    31f4:	e1a00003 	mov	r0, r3
    31f8:	ebffff0b 	bl	2e2c <free@plt>
    31fc:	e51b0014 	ldr	r0, [fp, #-20]	@ 0xffffffec
    3200:	e51b2008 	ldr	r2, [fp, #-8]
    3204:	e3a0102c 	mov	r1, #44	@ 0x2c
    3208:	e1a03002 	mov	r3, r2
    320c:	e1a03083 	lsl	r3, r3, #1
    3210:	e0833002 	add	r3, r3, r2
    3214:	e1a03183 	lsl	r3, r3, #3
    3218:	e0803003 	add	r3, r0, r3
    321c:	e0833001 	add	r3, r3, r1
    3220:	e3a02000 	mov	r2, #0
    3224:	e5832000 	str	r2, [r3]
    3228:	e51b0014 	ldr	r0, [fp, #-20]	@ 0xffffffec
    322c:	e51b2008 	ldr	r2, [fp, #-8]
    3230:	e3a01030 	mov	r1, #48	@ 0x30
    3234:	e1a03002 	mov	r3, r2
    3238:	e1a03083 	lsl	r3, r3, #1
    323c:	e0833002 	add	r3, r3, r2
    3240:	e1a03183 	lsl	r3, r3, #3
    3244:	e0803003 	add	r3, r0, r3
    3248:	e0833001 	add	r3, r3, r1
    324c:	e3a02000 	mov	r2, #0
    3250:	e5832000 	str	r2, [r3]
    3254:	e51b3008 	ldr	r3, [fp, #-8]
    3258:	e2833001 	add	r3, r3, #1
    325c:	e50b3008 	str	r3, [fp, #-8]
    3260:	e51b3014 	ldr	r3, [fp, #-20]	@ 0xffffffec
    3264:	e5933008 	ldr	r3, [r3, #8]
    3268:	e2432001 	sub	r2, r3, #1
    326c:	e51b3008 	ldr	r3, [fp, #-8]
    3270:	e1520003 	cmp	r2, r3
    3274:	caffffb0 	bgt	313c <buffers_clear+0x34>
    3278:	e51b3014 	ldr	r3, [fp, #-20]	@ 0xffffffec
    327c:	e2833014 	add	r3, r3, #20
    3280:	e1a00003 	mov	r0, r3
    3284:	ebfffdf8 	bl	2a6c <ak_thread_mutex_unlock@plt>
    3288:	e24bd004 	sub	sp, fp, #4
    328c:	e8bd8800 	pop	{fp, pc}
    3290:	e52db004 	push	{fp}		@ (str fp, [sp, #-4]!)
    3294:	e28db000 	add	fp, sp, #0
    3298:	e24dd01c 	sub	sp, sp, #28
    329c:	e50b0010 	str	r0, [fp, #-16]
    32a0:	e50b1014 	str	r1, [fp, #-20]	@ 0xffffffec
    32a4:	e50b2018 	str	r2, [fp, #-24]	@ 0xffffffe8
    32a8:	e3a03000 	mov	r3, #0
    32ac:	e50b3008 	str	r3, [fp, #-8]
    32b0:	ea00003b 	b	33a4 <buffers_clear+0x29c>
    32b4:	e51b3010 	ldr	r3, [fp, #-16]
    32b8:	e5932000 	ldr	r2, [r3]
    32bc:	e51b3008 	ldr	r3, [fp, #-8]
    32c0:	e0633002 	rsb	r3, r3, r2
    32c4:	e2433001 	sub	r3, r3, #1
    32c8:	e50b300c 	str	r3, [fp, #-12]
    32cc:	e51b300c 	ldr	r3, [fp, #-12]
    32d0:	e3530000 	cmp	r3, #0
    32d4:	aa000004 	bge	32ec <buffers_clear+0x1e4>
    32d8:	e51b3010 	ldr	r3, [fp, #-16]
    32dc:	e5933008 	ldr	r3, [r3, #8]
    32e0:	e51b200c 	ldr	r2, [fp, #-12]
    32e4:	e0823003 	add	r3, r2, r3
    32e8:	e50b300c 	str	r3, [fp, #-12]
    32ec:	e51b0010 	ldr	r0, [fp, #-16]
    32f0:	e51b200c 	ldr	r2, [fp, #-12]
    32f4:	e3a0103c 	mov	r1, #60	@ 0x3c
    32f8:	e1a03002 	mov	r3, r2
    32fc:	e1a03083 	lsl	r3, r3, #1
    3300:	e0833002 	add	r3, r3, r2
    3304:	e1a03183 	lsl	r3, r3, #3
    3308:	e0803003 	add	r3, r0, r3
    330c:	e0833001 	add	r3, r3, r1
    3310:	e5932000 	ldr	r2, [r3]
    3314:	e51b3014 	ldr	r3, [fp, #-20]	@ 0xffffffec
    3318:	e1520003 	cmp	r2, r3
    331c:	1a00001d 	bne	3398 <buffers_clear+0x290>
    3320:	e51b0010 	ldr	r0, [fp, #-16]
    3324:	e51b200c 	ldr	r2, [fp, #-12]
    3328:	e3a01038 	mov	r1, #56	@ 0x38
    332c:	e1a03002 	mov	r3, r2
    3330:	e1a03083 	lsl	r3, r3, #1
    3334:	e0833002 	add	r3, r3, r2
    3338:	e1a03183 	lsl	r3, r3, #3
    333c:	e0803003 	add	r3, r0, r3
    3340:	e0833001 	add	r3, r3, r1
    3344:	e5932000 	ldr	r2, [r3]
    3348:	e51b3018 	ldr	r3, [fp, #-24]	@ 0xffffffe8
    334c:	e2433001 	sub	r3, r3, #1
    3350:	e1520003 	cmp	r2, r3
    3354:	1a000001 	bne	3360 <buffers_clear+0x258>
    3358:	e3a03001 	mov	r3, #1
    335c:	ea000017 	b	33c0 <buffers_clear+0x2b8>
    3360:	e51b0010 	ldr	r0, [fp, #-16]
    3364:	e51b200c 	ldr	r2, [fp, #-12]
    3368:	e3a01034 	mov	r1, #52	@ 0x34
    336c:	e1a03002 	mov	r3, r2
    3370:	e1a03083 	lsl	r3, r3, #1
    3374:	e0833002 	add	r3, r3, r2
    3378:	e1a03183 	lsl	r3, r3, #3
    337c:	e0803003 	add	r3, r0, r3
    3380:	e0833001 	add	r3, r3, r1
    3384:	e5933000 	ldr	r3, [r3]
    3388:	e3530002 	cmp	r3, #2
    338c:	1a000001 	bne	3398 <buffers_clear+0x290>
    3390:	e3a03000 	mov	r3, #0
    3394:	ea000009 	b	33c0 <buffers_clear+0x2b8>
    3398:	e51b3008 	ldr	r3, [fp, #-8]
    339c:	e2833001 	add	r3, r3, #1
    33a0:	e50b3008 	str	r3, [fp, #-8]
    33a4:	e51b3010 	ldr	r3, [fp, #-16]
    33a8:	e5933008 	ldr	r3, [r3, #8]
    33ac:	e2432001 	sub	r2, r3, #1
    33b0:	e51b3008 	ldr	r3, [fp, #-8]
    33b4:	e1520003 	cmp	r2, r3
    33b8:	caffffbd 	bgt	32b4 <buffers_clear+0x1ac>
    33bc:	e3a03000 	mov	r3, #0
    33c0:	e1a00003 	mov	r0, r3
    33c4:	e24bd000 	sub	sp, fp, #0
    33c8:	e49db004 	pop	{fp}		@ (ldr fp, [sp], #4)
    33cc:	e12fff1e 	bx	lr

000033d0 <buffers_put_pframe_data>:
    33d0:	e92d4810 	push	{r4, fp, lr}
    33d4:	e28db008 	add	fp, sp, #8
    33d8:	e24dd01c 	sub	sp, sp, #28
    33dc:	e50b0018 	str	r0, [fp, #-24]	@ 0xffffffe8
    33e0:	e50b101c 	str	r1, [fp, #-28]	@ 0xffffffe4
    33e4:	e50b2020 	str	r2, [fp, #-32]	@ 0xffffffe0
    33e8:	e50b3024 	str	r3, [fp, #-36]	@ 0xffffffdc
    33ec:	e3a03000 	mov	r3, #0
    33f0:	e50b3010 	str	r3, [fp, #-16]
    33f4:	e51b3020 	ldr	r3, [fp, #-32]	@ 0xffffffe0
    33f8:	e2833014 	add	r3, r3, #20
    33fc:	e1a00003 	mov	r0, r3
    3400:	ebfffdea 	bl	2bb0 <ak_thread_mutex_lock@plt>
    3404:	e51b0020 	ldr	r0, [fp, #-32]	@ 0xffffffe0
    3408:	e59b1004 	ldr	r1, [fp, #4]
    340c:	e59b2008 	ldr	r2, [fp, #8]
    3410:	ebffff9e 	bl	3290 <buffers_clear+0x188>
    3414:	e1a03000 	mov	r3, r0
    3418:	e3530000 	cmp	r3, #0
    341c:	1a000005 	bne	3438 <buffers_put_pframe_data+0x68>
    3420:	e51b3020 	ldr	r3, [fp, #-32]	@ 0xffffffe0
    3424:	e2833014 	add	r3, r3, #20
    3428:	e1a00003 	mov	r0, r3
    342c:	ebfffd8e 	bl	2a6c <ak_thread_mutex_unlock@plt>
    3430:	e3a03000 	mov	r3, #0
    3434:	ea0000af 	b	36f8 <buffers_put_pframe_data+0x328>
    3438:	e51b3020 	ldr	r3, [fp, #-32]	@ 0xffffffe0
    343c:	e5933000 	ldr	r3, [r3]
    3440:	e2832001 	add	r2, r3, #1
    3444:	e51b3020 	ldr	r3, [fp, #-32]	@ 0xffffffe0
    3448:	e5933008 	ldr	r3, [r3, #8]
    344c:	e1a00002 	mov	r0, r2
    3450:	e1a01003 	mov	r1, r3
    3454:	eb0033d1 	bl	103a0 <ak_aslc_process+0x4b0>
    3458:	e1a03001 	mov	r3, r1
    345c:	e1a02003 	mov	r2, r3
    3460:	e51b3020 	ldr	r3, [fp, #-32]	@ 0xffffffe0
    3464:	e5933004 	ldr	r3, [r3, #4]
    3468:	e1520003 	cmp	r2, r3
    346c:	1a000002 	bne	347c <buffers_put_pframe_data+0xac>
    3470:	e3a03000 	mov	r3, #0
    3474:	e50b3010 	str	r3, [fp, #-16]
    3478:	ea000099 	b	36e4 <buffers_put_pframe_data+0x314>
    347c:	e51b3020 	ldr	r3, [fp, #-32]	@ 0xffffffe0
    3480:	e5932000 	ldr	r2, [r3]
    3484:	e51b101c 	ldr	r1, [fp, #-28]	@ 0xffffffe4
    3488:	e51bc020 	ldr	ip, [fp, #-32]	@ 0xffffffe0
    348c:	e3a00030 	mov	r0, #48	@ 0x30
    3490:	e1a03002 	mov	r3, r2
    3494:	e1a03083 	lsl	r3, r3, #1
    3498:	e0833002 	add	r3, r3, r2
    349c:	e1a03183 	lsl	r3, r3, #3
    34a0:	e08c3003 	add	r3, ip, r3
    34a4:	e0833000 	add	r3, r3, r0
    34a8:	e5831000 	str	r1, [r3]
    34ac:	e51b3020 	ldr	r3, [fp, #-32]	@ 0xffffffe0
    34b0:	e5932000 	ldr	r2, [r3]
    34b4:	e51b0020 	ldr	r0, [fp, #-32]	@ 0xffffffe0
    34b8:	e3a01034 	mov	r1, #52	@ 0x34
    34bc:	e1a03002 	mov	r3, r2
    34c0:	e1a03083 	lsl	r3, r3, #1
    34c4:	e0833002 	add	r3, r3, r2
    34c8:	e1a03183 	lsl	r3, r3, #3
    34cc:	e0803003 	add	r3, r0, r3
    34d0:	e0833001 	add	r3, r3, r1
    34d4:	e51b2024 	ldr	r2, [fp, #-36]	@ 0xffffffdc
    34d8:	e5832000 	str	r2, [r3]
    34dc:	e51b3020 	ldr	r3, [fp, #-32]	@ 0xffffffe0
    34e0:	e5932000 	ldr	r2, [r3]
    34e4:	e51b0020 	ldr	r0, [fp, #-32]	@ 0xffffffe0
    34e8:	e3a0103c 	mov	r1, #60	@ 0x3c
    34ec:	e1a03002 	mov	r3, r2
    34f0:	e1a03083 	lsl	r3, r3, #1
    34f4:	e0833002 	add	r3, r3, r2
    34f8:	e1a03183 	lsl	r3, r3, #3
    34fc:	e0803003 	add	r3, r0, r3
    3500:	e0833001 	add	r3, r3, r1
    3504:	e59b2004 	ldr	r2, [fp, #4]
    3508:	e5832000 	str	r2, [r3]
    350c:	e51b3020 	ldr	r3, [fp, #-32]	@ 0xffffffe0
    3510:	e5932000 	ldr	r2, [r3]
    3514:	e51b0020 	ldr	r0, [fp, #-32]	@ 0xffffffe0
    3518:	e3a01038 	mov	r1, #56	@ 0x38
    351c:	e1a03002 	mov	r3, r2
    3520:	e1a03083 	lsl	r3, r3, #1
    3524:	e0833002 	add	r3, r3, r2
    3528:	e1a03183 	lsl	r3, r3, #3
    352c:	e0803003 	add	r3, r0, r3
    3530:	e0833001 	add	r3, r3, r1
    3534:	e59b2008 	ldr	r2, [fp, #8]
    3538:	e5832000 	str	r2, [r3]
    353c:	e51b3020 	ldr	r3, [fp, #-32]	@ 0xffffffe0
    3540:	e5932000 	ldr	r2, [r3]
    3544:	e51b0020 	ldr	r0, [fp, #-32]	@ 0xffffffe0
    3548:	e3a0102c 	mov	r1, #44	@ 0x2c
    354c:	e1a03002 	mov	r3, r2
    3550:	e1a03083 	lsl	r3, r3, #1
    3554:	e0833002 	add	r3, r3, r2
    3558:	e1a03183 	lsl	r3, r3, #3
    355c:	e0803003 	add	r3, r0, r3
    3560:	e0833001 	add	r3, r3, r1
    3564:	e5933000 	ldr	r3, [r3]
    3568:	e3530000 	cmp	r3, #0
    356c:	0a000018 	beq	35d4 <buffers_put_pframe_data+0x204>
    3570:	e51b3020 	ldr	r3, [fp, #-32]	@ 0xffffffe0
    3574:	e5932000 	ldr	r2, [r3]
    3578:	e51b0020 	ldr	r0, [fp, #-32]	@ 0xffffffe0
    357c:	e3a0102c 	mov	r1, #44	@ 0x2c
    3580:	e1a03002 	mov	r3, r2
    3584:	e1a03083 	lsl	r3, r3, #1
    3588:	e0833002 	add	r3, r3, r2
    358c:	e1a03183 	lsl	r3, r3, #3
    3590:	e0803003 	add	r3, r0, r3
    3594:	e0833001 	add	r3, r3, r1
    3598:	e5933000 	ldr	r3, [r3]
    359c:	e1a00003 	mov	r0, r3
    35a0:	ebfffe21 	bl	2e2c <free@plt>
    35a4:	e51b3020 	ldr	r3, [fp, #-32]	@ 0xffffffe0
    35a8:	e5932000 	ldr	r2, [r3]
    35ac:	e51b0020 	ldr	r0, [fp, #-32]	@ 0xffffffe0
    35b0:	e3a0102c 	mov	r1, #44	@ 0x2c
    35b4:	e1a03002 	mov	r3, r2
    35b8:	e1a03083 	lsl	r3, r3, #1
    35bc:	e0833002 	add	r3, r3, r2
    35c0:	e1a03183 	lsl	r3, r3, #3
    35c4:	e0803003 	add	r3, r0, r3
    35c8:	e0833001 	add	r3, r3, r1
    35cc:	e3a02000 	mov	r2, #0
    35d0:	e5832000 	str	r2, [r3]
    35d4:	e51b3020 	ldr	r3, [fp, #-32]	@ 0xffffffe0
    35d8:	e5934000 	ldr	r4, [r3]
    35dc:	e51b301c 	ldr	r3, [fp, #-28]	@ 0xffffffe4
    35e0:	e1a00003 	mov	r0, r3
    35e4:	ebfffd23 	bl	2a78 <malloc@plt>
    35e8:	e1a03000 	mov	r3, r0
    35ec:	e1a02003 	mov	r2, r3
    35f0:	e51b0020 	ldr	r0, [fp, #-32]	@ 0xffffffe0
    35f4:	e3a0102c 	mov	r1, #44	@ 0x2c
    35f8:	e1a03004 	mov	r3, r4
    35fc:	e1a03083 	lsl	r3, r3, #1
    3600:	e0833004 	add	r3, r3, r4
    3604:	e1a03183 	lsl	r3, r3, #3
    3608:	e0803003 	add	r3, r0, r3
    360c:	e0833001 	add	r3, r3, r1
    3610:	e5832000 	str	r2, [r3]
    3614:	e51b3020 	ldr	r3, [fp, #-32]	@ 0xffffffe0
    3618:	e5932000 	ldr	r2, [r3]
    361c:	e51b0020 	ldr	r0, [fp, #-32]	@ 0xffffffe0
    3620:	e3a0102c 	mov	r1, #44	@ 0x2c
    3624:	e1a03002 	mov	r3, r2
    3628:	e1a03083 	lsl	r3, r3, #1
    362c:	e0833002 	add	r3, r3, r2
    3630:	e1a03183 	lsl	r3, r3, #3
    3634:	e0803003 	add	r3, r0, r3
    3638:	e0833001 	add	r3, r3, r1
    363c:	e5933000 	ldr	r3, [r3]
    3640:	e3530000 	cmp	r3, #0
    3644:	1a000008 	bne	366c <buffers_put_pframe_data+0x29c>
    3648:	e59f00b4 	ldr	r0, [pc, #180]	@ 3704 <buffers_put_pframe_data+0x334>
    364c:	e3a0104e 	mov	r1, #78	@ 0x4e
    3650:	ebfffd53 	bl	2ba4 <printf@plt>
    3654:	e51b3020 	ldr	r3, [fp, #-32]	@ 0xffffffe0
    3658:	e2833014 	add	r3, r3, #20
    365c:	e1a00003 	mov	r0, r3
    3660:	ebfffd01 	bl	2a6c <ak_thread_mutex_unlock@plt>
    3664:	e3a03000 	mov	r3, #0
    3668:	ea000022 	b	36f8 <buffers_put_pframe_data+0x328>
    366c:	e51b3020 	ldr	r3, [fp, #-32]	@ 0xffffffe0
    3670:	e5932000 	ldr	r2, [r3]
    3674:	e51b0020 	ldr	r0, [fp, #-32]	@ 0xffffffe0
    3678:	e3a0102c 	mov	r1, #44	@ 0x2c
    367c:	e1a03002 	mov	r3, r2
    3680:	e1a03083 	lsl	r3, r3, #1
    3684:	e0833002 	add	r3, r3, r2
    3688:	e1a03183 	lsl	r3, r3, #3
    368c:	e0803003 	add	r3, r0, r3
    3690:	e0833001 	add	r3, r3, r1
    3694:	e5932000 	ldr	r2, [r3]
    3698:	e51b301c 	ldr	r3, [fp, #-28]	@ 0xffffffe4
    369c:	e1a00002 	mov	r0, r2
    36a0:	e51b1018 	ldr	r1, [fp, #-24]	@ 0xffffffe8
    36a4:	e1a02003 	mov	r2, r3
    36a8:	ebfffe09 	bl	2ed4 <memcpy@plt>
    36ac:	e51b3020 	ldr	r3, [fp, #-32]	@ 0xffffffe0
    36b0:	e5933000 	ldr	r3, [r3]
    36b4:	e2832001 	add	r2, r3, #1
    36b8:	e51b3020 	ldr	r3, [fp, #-32]	@ 0xffffffe0
    36bc:	e5933008 	ldr	r3, [r3, #8]
    36c0:	e1a00002 	mov	r0, r2
    36c4:	e1a01003 	mov	r1, r3
    36c8:	eb003334 	bl	103a0 <ak_aslc_process+0x4b0>
    36cc:	e1a03001 	mov	r3, r1
    36d0:	e1a02003 	mov	r2, r3
    36d4:	e51b3020 	ldr	r3, [fp, #-32]	@ 0xffffffe0
    36d8:	e5832000 	str	r2, [r3]
    36dc:	e3a03001 	mov	r3, #1
    36e0:	e50b3010 	str	r3, [fp, #-16]
    36e4:	e51b3020 	ldr	r3, [fp, #-32]	@ 0xffffffe0
    36e8:	e2833014 	add	r3, r3, #20
    36ec:	e1a00003 	mov	r0, r3
    36f0:	ebfffcdd 	bl	2a6c <ak_thread_mutex_unlock@plt>
    36f4:	e51b3010 	ldr	r3, [fp, #-16]
    36f8:	e1a00003 	mov	r0, r3
    36fc:	e24bd008 	sub	sp, fp, #8
    3700:	e8bd8810 	pop	{r4, fp, pc}
    3704:	000103e0 	andeq	r0, r1, r0, ror #7

00003708 <buffers_put_iframe_data>:
    3708:	e92d4810 	push	{r4, fp, lr}
    370c:	e28db008 	add	fp, sp, #8
    3710:	e24dd024 	sub	sp, sp, #36	@ 0x24
    3714:	e50b0020 	str	r0, [fp, #-32]	@ 0xffffffe0
    3718:	e50b1024 	str	r1, [fp, #-36]	@ 0xffffffdc
    371c:	e50b2028 	str	r2, [fp, #-40]	@ 0xffffffd8
    3720:	e50b302c 	str	r3, [fp, #-44]	@ 0xffffffd4
    3724:	e3a03000 	mov	r3, #0
    3728:	e50b3018 	str	r3, [fp, #-24]	@ 0xffffffe8
    372c:	e51b3028 	ldr	r3, [fp, #-40]	@ 0xffffffd8
    3730:	e2833014 	add	r3, r3, #20
    3734:	e1a00003 	mov	r0, r3
    3738:	ebfffd1c 	bl	2bb0 <ak_thread_mutex_lock@plt>
    373c:	e51b3028 	ldr	r3, [fp, #-40]	@ 0xffffffd8
    3740:	e5933000 	ldr	r3, [r3]
    3744:	e2832001 	add	r2, r3, #1
    3748:	e51b3028 	ldr	r3, [fp, #-40]	@ 0xffffffd8
    374c:	e5933008 	ldr	r3, [r3, #8]
    3750:	e1a00002 	mov	r0, r2
    3754:	e1a01003 	mov	r1, r3
    3758:	eb003310 	bl	103a0 <ak_aslc_process+0x4b0>
    375c:	e1a03001 	mov	r3, r1
    3760:	e1a02003 	mov	r2, r3
    3764:	e51b3028 	ldr	r3, [fp, #-40]	@ 0xffffffd8
    3768:	e5933004 	ldr	r3, [r3, #4]
    376c:	e1520003 	cmp	r2, r3
    3770:	1a000143 	bne	3c84 <buffers_put_iframe_data+0x57c>
    3774:	e3a03000 	mov	r3, #0
    3778:	e50b3010 	str	r3, [fp, #-16]
    377c:	ea000139 	b	3c68 <buffers_put_iframe_data+0x560>
    3780:	e51b3028 	ldr	r3, [fp, #-40]	@ 0xffffffd8
    3784:	e5932000 	ldr	r2, [r3]
    3788:	e51b3010 	ldr	r3, [fp, #-16]
    378c:	e0633002 	rsb	r3, r3, r2
    3790:	e2433001 	sub	r3, r3, #1
    3794:	e50b3014 	str	r3, [fp, #-20]	@ 0xffffffec
    3798:	e51b3014 	ldr	r3, [fp, #-20]	@ 0xffffffec
    379c:	e3530000 	cmp	r3, #0
    37a0:	aa000004 	bge	37b8 <buffers_put_iframe_data+0xb0>
    37a4:	e51b3028 	ldr	r3, [fp, #-40]	@ 0xffffffd8
    37a8:	e5933008 	ldr	r3, [r3, #8]
    37ac:	e51b2014 	ldr	r2, [fp, #-20]	@ 0xffffffec
    37b0:	e0823003 	add	r3, r2, r3
    37b4:	e50b3014 	str	r3, [fp, #-20]	@ 0xffffffec
    37b8:	e51b0028 	ldr	r0, [fp, #-40]	@ 0xffffffd8
    37bc:	e51b2014 	ldr	r2, [fp, #-20]	@ 0xffffffec
    37c0:	e3a01034 	mov	r1, #52	@ 0x34
    37c4:	e1a03002 	mov	r3, r2
    37c8:	e1a03083 	lsl	r3, r3, #1
    37cc:	e0833002 	add	r3, r3, r2
    37d0:	e1a03183 	lsl	r3, r3, #3
    37d4:	e0803003 	add	r3, r0, r3
    37d8:	e0833001 	add	r3, r3, r1
    37dc:	e5933000 	ldr	r3, [r3]
    37e0:	e3530002 	cmp	r3, #2
    37e4:	0a000087 	beq	3a08 <buffers_put_iframe_data+0x300>
    37e8:	e51b1024 	ldr	r1, [fp, #-36]	@ 0xffffffdc
    37ec:	e51bc028 	ldr	ip, [fp, #-40]	@ 0xffffffd8
    37f0:	e51b2014 	ldr	r2, [fp, #-20]	@ 0xffffffec
    37f4:	e3a00030 	mov	r0, #48	@ 0x30
    37f8:	e1a03002 	mov	r3, r2
    37fc:	e1a03083 	lsl	r3, r3, #1
    3800:	e0833002 	add	r3, r3, r2
    3804:	e1a03183 	lsl	r3, r3, #3
    3808:	e08c3003 	add	r3, ip, r3
    380c:	e0833000 	add	r3, r3, r0
    3810:	e5831000 	str	r1, [r3]
    3814:	e51b0028 	ldr	r0, [fp, #-40]	@ 0xffffffd8
    3818:	e51b2014 	ldr	r2, [fp, #-20]	@ 0xffffffec
    381c:	e3a01034 	mov	r1, #52	@ 0x34
    3820:	e1a03002 	mov	r3, r2
    3824:	e1a03083 	lsl	r3, r3, #1
    3828:	e0833002 	add	r3, r3, r2
    382c:	e1a03183 	lsl	r3, r3, #3
    3830:	e0803003 	add	r3, r0, r3
    3834:	e0833001 	add	r3, r3, r1
    3838:	e51b202c 	ldr	r2, [fp, #-44]	@ 0xffffffd4
    383c:	e5832000 	str	r2, [r3]
    3840:	e51b0028 	ldr	r0, [fp, #-40]	@ 0xffffffd8
    3844:	e51b2014 	ldr	r2, [fp, #-20]	@ 0xffffffec
    3848:	e3a0103c 	mov	r1, #60	@ 0x3c
    384c:	e1a03002 	mov	r3, r2
    3850:	e1a03083 	lsl	r3, r3, #1
    3854:	e0833002 	add	r3, r3, r2
    3858:	e1a03183 	lsl	r3, r3, #3
    385c:	e0803003 	add	r3, r0, r3
    3860:	e0833001 	add	r3, r3, r1
    3864:	e59b2004 	ldr	r2, [fp, #4]
    3868:	e5832000 	str	r2, [r3]
    386c:	e51b0028 	ldr	r0, [fp, #-40]	@ 0xffffffd8
    3870:	e51b2014 	ldr	r2, [fp, #-20]	@ 0xffffffec
    3874:	e3a01038 	mov	r1, #56	@ 0x38
    3878:	e1a03002 	mov	r3, r2
    387c:	e1a03083 	lsl	r3, r3, #1
    3880:	e0833002 	add	r3, r3, r2
    3884:	e1a03183 	lsl	r3, r3, #3
    3888:	e0803003 	add	r3, r0, r3
    388c:	e0833001 	add	r3, r3, r1
    3890:	e59b2008 	ldr	r2, [fp, #8]
    3894:	e5832000 	str	r2, [r3]
    3898:	e51b0028 	ldr	r0, [fp, #-40]	@ 0xffffffd8
    389c:	e51b2014 	ldr	r2, [fp, #-20]	@ 0xffffffec
    38a0:	e3a0102c 	mov	r1, #44	@ 0x2c
    38a4:	e1a03002 	mov	r3, r2
    38a8:	e1a03083 	lsl	r3, r3, #1
    38ac:	e0833002 	add	r3, r3, r2
    38b0:	e1a03183 	lsl	r3, r3, #3
    38b4:	e0803003 	add	r3, r0, r3
    38b8:	e0833001 	add	r3, r3, r1
    38bc:	e5933000 	ldr	r3, [r3]
    38c0:	e3530000 	cmp	r3, #0
    38c4:	0a000016 	beq	3924 <buffers_put_iframe_data+0x21c>
    38c8:	e51b0028 	ldr	r0, [fp, #-40]	@ 0xffffffd8
    38cc:	e51b2014 	ldr	r2, [fp, #-20]	@ 0xffffffec
    38d0:	e3a0102c 	mov	r1, #44	@ 0x2c
    38d4:	e1a03002 	mov	r3, r2
    38d8:	e1a03083 	lsl	r3, r3, #1
    38dc:	e0833002 	add	r3, r3, r2
    38e0:	e1a03183 	lsl	r3, r3, #3
    38e4:	e0803003 	add	r3, r0, r3
    38e8:	e0833001 	add	r3, r3, r1
    38ec:	e5933000 	ldr	r3, [r3]
    38f0:	e1a00003 	mov	r0, r3
    38f4:	ebfffd4c 	bl	2e2c <free@plt>
    38f8:	e51b0028 	ldr	r0, [fp, #-40]	@ 0xffffffd8
    38fc:	e51b2014 	ldr	r2, [fp, #-20]	@ 0xffffffec
    3900:	e3a0102c 	mov	r1, #44	@ 0x2c
    3904:	e1a03002 	mov	r3, r2
    3908:	e1a03083 	lsl	r3, r3, #1
    390c:	e0833002 	add	r3, r3, r2
    3910:	e1a03183 	lsl	r3, r3, #3
    3914:	e0803003 	add	r3, r0, r3
    3918:	e0833001 	add	r3, r3, r1
    391c:	e3a02000 	mov	r2, #0
    3920:	e5832000 	str	r2, [r3]
    3924:	e51b3024 	ldr	r3, [fp, #-36]	@ 0xffffffdc
    3928:	e1a00003 	mov	r0, r3
    392c:	ebfffc51 	bl	2a78 <malloc@plt>
    3930:	e1a03000 	mov	r3, r0
    3934:	e1a01003 	mov	r1, r3
    3938:	e51bc028 	ldr	ip, [fp, #-40]	@ 0xffffffd8
    393c:	e51b2014 	ldr	r2, [fp, #-20]	@ 0xffffffec
    3940:	e3a0002c 	mov	r0, #44	@ 0x2c
    3944:	e1a03002 	mov	r3, r2
    3948:	e1a03083 	lsl	r3, r3, #1
    394c:	e0833002 	add	r3, r3, r2
    3950:	e1a03183 	lsl	r3, r3, #3
    3954:	e08c3003 	add	r3, ip, r3
    3958:	e0833000 	add	r3, r3, r0
    395c:	e5831000 	str	r1, [r3]
    3960:	e51b0028 	ldr	r0, [fp, #-40]	@ 0xffffffd8
    3964:	e51b2014 	ldr	r2, [fp, #-20]	@ 0xffffffec
    3968:	e3a0102c 	mov	r1, #44	@ 0x2c
    396c:	e1a03002 	mov	r3, r2
    3970:	e1a03083 	lsl	r3, r3, #1
    3974:	e0833002 	add	r3, r3, r2
    3978:	e1a03183 	lsl	r3, r3, #3
    397c:	e0803003 	add	r3, r0, r3
    3980:	e0833001 	add	r3, r3, r1
    3984:	e5933000 	ldr	r3, [r3]
    3988:	e3530000 	cmp	r3, #0
    398c:	1a000008 	bne	39b4 <buffers_put_iframe_data+0x2ac>
    3990:	e59f0578 	ldr	r0, [pc, #1400]	@ 3f10 <buffers_put_iframe_data+0x808>
    3994:	e3a0106f 	mov	r1, #111	@ 0x6f
    3998:	ebfffc81 	bl	2ba4 <printf@plt>
    399c:	e51b3028 	ldr	r3, [fp, #-40]	@ 0xffffffd8
    39a0:	e2833014 	add	r3, r3, #20
    39a4:	e1a00003 	mov	r0, r3
    39a8:	ebfffc2f 	bl	2a6c <ak_thread_mutex_unlock@plt>
    39ac:	e3a03000 	mov	r3, #0
    39b0:	ea000153 	b	3f04 <buffers_put_iframe_data+0x7fc>
    39b4:	e51b0028 	ldr	r0, [fp, #-40]	@ 0xffffffd8
    39b8:	e51b2014 	ldr	r2, [fp, #-20]	@ 0xffffffec
    39bc:	e3a0102c 	mov	r1, #44	@ 0x2c
    39c0:	e1a03002 	mov	r3, r2
    39c4:	e1a03083 	lsl	r3, r3, #1
    39c8:	e0833002 	add	r3, r3, r2
    39cc:	e1a03183 	lsl	r3, r3, #3
    39d0:	e0803003 	add	r3, r0, r3
    39d4:	e0833001 	add	r3, r3, r1
    39d8:	e5932000 	ldr	r2, [r3]
    39dc:	e51b3024 	ldr	r3, [fp, #-36]	@ 0xffffffdc
    39e0:	e1a00002 	mov	r0, r2
    39e4:	e51b1020 	ldr	r1, [fp, #-32]	@ 0xffffffe0
    39e8:	e1a02003 	mov	r2, r3
    39ec:	ebfffd38 	bl	2ed4 <memcpy@plt>
    39f0:	e51b3028 	ldr	r3, [fp, #-40]	@ 0xffffffd8
    39f4:	e2833014 	add	r3, r3, #20
    39f8:	e1a00003 	mov	r0, r3
    39fc:	ebfffc1a 	bl	2a6c <ak_thread_mutex_unlock@plt>
    3a00:	e3a03001 	mov	r3, #1
    3a04:	ea00013e 	b	3f04 <buffers_put_iframe_data+0x7fc>
    3a08:	e51b0028 	ldr	r0, [fp, #-40]	@ 0xffffffd8
    3a0c:	e51b2014 	ldr	r2, [fp, #-20]	@ 0xffffffec
    3a10:	e3a0103c 	mov	r1, #60	@ 0x3c
    3a14:	e1a03002 	mov	r3, r2
    3a18:	e1a03083 	lsl	r3, r3, #1
    3a1c:	e0833002 	add	r3, r3, r2
    3a20:	e1a03183 	lsl	r3, r3, #3
    3a24:	e0803003 	add	r3, r0, r3
    3a28:	e0833001 	add	r3, r3, r1
    3a2c:	e5932000 	ldr	r2, [r3]
    3a30:	e59b3004 	ldr	r3, [fp, #4]
    3a34:	e1520003 	cmp	r2, r3
    3a38:	1a000087 	bne	3c5c <buffers_put_iframe_data+0x554>
    3a3c:	e51b1024 	ldr	r1, [fp, #-36]	@ 0xffffffdc
    3a40:	e51bc028 	ldr	ip, [fp, #-40]	@ 0xffffffd8
    3a44:	e51b2014 	ldr	r2, [fp, #-20]	@ 0xffffffec
    3a48:	e3a00030 	mov	r0, #48	@ 0x30
    3a4c:	e1a03002 	mov	r3, r2
    3a50:	e1a03083 	lsl	r3, r3, #1
    3a54:	e0833002 	add	r3, r3, r2
    3a58:	e1a03183 	lsl	r3, r3, #3
    3a5c:	e08c3003 	add	r3, ip, r3
    3a60:	e0833000 	add	r3, r3, r0
    3a64:	e5831000 	str	r1, [r3]
    3a68:	e51b0028 	ldr	r0, [fp, #-40]	@ 0xffffffd8
    3a6c:	e51b2014 	ldr	r2, [fp, #-20]	@ 0xffffffec
    3a70:	e3a01034 	mov	r1, #52	@ 0x34
    3a74:	e1a03002 	mov	r3, r2
    3a78:	e1a03083 	lsl	r3, r3, #1
    3a7c:	e0833002 	add	r3, r3, r2
    3a80:	e1a03183 	lsl	r3, r3, #3
    3a84:	e0803003 	add	r3, r0, r3
    3a88:	e0833001 	add	r3, r3, r1
    3a8c:	e51b202c 	ldr	r2, [fp, #-44]	@ 0xffffffd4
    3a90:	e5832000 	str	r2, [r3]
    3a94:	e51b0028 	ldr	r0, [fp, #-40]	@ 0xffffffd8
    3a98:	e51b2014 	ldr	r2, [fp, #-20]	@ 0xffffffec
    3a9c:	e3a0103c 	mov	r1, #60	@ 0x3c
    3aa0:	e1a03002 	mov	r3, r2
    3aa4:	e1a03083 	lsl	r3, r3, #1
    3aa8:	e0833002 	add	r3, r3, r2
    3aac:	e1a03183 	lsl	r3, r3, #3
    3ab0:	e0803003 	add	r3, r0, r3
    3ab4:	e0833001 	add	r3, r3, r1
    3ab8:	e59b2004 	ldr	r2, [fp, #4]
    3abc:	e5832000 	str	r2, [r3]
    3ac0:	e51b0028 	ldr	r0, [fp, #-40]	@ 0xffffffd8
    3ac4:	e51b2014 	ldr	r2, [fp, #-20]	@ 0xffffffec
    3ac8:	e3a01038 	mov	r1, #56	@ 0x38
    3acc:	e1a03002 	mov	r3, r2
    3ad0:	e1a03083 	lsl	r3, r3, #1
    3ad4:	e0833002 	add	r3, r3, r2
    3ad8:	e1a03183 	lsl	r3, r3, #3
    3adc:	e0803003 	add	r3, r0, r3
    3ae0:	e0833001 	add	r3, r3, r1
    3ae4:	e59b2008 	ldr	r2, [fp, #8]
    3ae8:	e5832000 	str	r2, [r3]
    3aec:	e51b0028 	ldr	r0, [fp, #-40]	@ 0xffffffd8
    3af0:	e51b2014 	ldr	r2, [fp, #-20]	@ 0xffffffec
    3af4:	e3a0102c 	mov	r1, #44	@ 0x2c
    3af8:	e1a03002 	mov	r3, r2
    3afc:	e1a03083 	lsl	r3, r3, #1
    3b00:	e0833002 	add	r3, r3, r2
    3b04:	e1a03183 	lsl	r3, r3, #3
    3b08:	e0803003 	add	r3, r0, r3
    3b0c:	e0833001 	add	r3, r3, r1
    3b10:	e5933000 	ldr	r3, [r3]
    3b14:	e3530000 	cmp	r3, #0
    3b18:	0a000016 	beq	3b78 <buffers_put_iframe_data+0x470>
    3b1c:	e51b0028 	ldr	r0, [fp, #-40]	@ 0xffffffd8
    3b20:	e51b2014 	ldr	r2, [fp, #-20]	@ 0xffffffec
    3b24:	e3a0102c 	mov	r1, #44	@ 0x2c
    3b28:	e1a03002 	mov	r3, r2
    3b2c:	e1a03083 	lsl	r3, r3, #1
    3b30:	e0833002 	add	r3, r3, r2
    3b34:	e1a03183 	lsl	r3, r3, #3
    3b38:	e0803003 	add	r3, r0, r3
    3b3c:	e0833001 	add	r3, r3, r1
    3b40:	e5933000 	ldr	r3, [r3]
    3b44:	e1a00003 	mov	r0, r3
    3b48:	ebfffcb7 	bl	2e2c <free@plt>
    3b4c:	e51b0028 	ldr	r0, [fp, #-40]	@ 0xffffffd8
    3b50:	e51b2014 	ldr	r2, [fp, #-20]	@ 0xffffffec
    3b54:	e3a0102c 	mov	r1, #44	@ 0x2c
    3b58:	e1a03002 	mov	r3, r2
    3b5c:	e1a03083 	lsl	r3, r3, #1
    3b60:	e0833002 	add	r3, r3, r2
    3b64:	e1a03183 	lsl	r3, r3, #3
    3b68:	e0803003 	add	r3, r0, r3
    3b6c:	e0833001 	add	r3, r3, r1
    3b70:	e3a02000 	mov	r2, #0
    3b74:	e5832000 	str	r2, [r3]
    3b78:	e51b3024 	ldr	r3, [fp, #-36]	@ 0xffffffdc
    3b7c:	e1a00003 	mov	r0, r3
    3b80:	ebfffbbc 	bl	2a78 <malloc@plt>
    3b84:	e1a03000 	mov	r3, r0
    3b88:	e1a01003 	mov	r1, r3
    3b8c:	e51bc028 	ldr	ip, [fp, #-40]	@ 0xffffffd8
    3b90:	e51b2014 	ldr	r2, [fp, #-20]	@ 0xffffffec
    3b94:	e3a0002c 	mov	r0, #44	@ 0x2c
    3b98:	e1a03002 	mov	r3, r2
    3b9c:	e1a03083 	lsl	r3, r3, #1
    3ba0:	e0833002 	add	r3, r3, r2
    3ba4:	e1a03183 	lsl	r3, r3, #3
    3ba8:	e08c3003 	add	r3, ip, r3
    3bac:	e0833000 	add	r3, r3, r0
    3bb0:	e5831000 	str	r1, [r3]
    3bb4:	e51b0028 	ldr	r0, [fp, #-40]	@ 0xffffffd8
    3bb8:	e51b2014 	ldr	r2, [fp, #-20]	@ 0xffffffec
    3bbc:	e3a0102c 	mov	r1, #44	@ 0x2c
    3bc0:	e1a03002 	mov	r3, r2
    3bc4:	e1a03083 	lsl	r3, r3, #1
    3bc8:	e0833002 	add	r3, r3, r2
    3bcc:	e1a03183 	lsl	r3, r3, #3
    3bd0:	e0803003 	add	r3, r0, r3
    3bd4:	e0833001 	add	r3, r3, r1
    3bd8:	e5933000 	ldr	r3, [r3]
    3bdc:	e3530000 	cmp	r3, #0
    3be0:	1a000008 	bne	3c08 <buffers_put_iframe_data+0x500>
    3be4:	e59f0324 	ldr	r0, [pc, #804]	@ 3f10 <buffers_put_iframe_data+0x808>
    3be8:	e3a01082 	mov	r1, #130	@ 0x82
    3bec:	ebfffbec 	bl	2ba4 <printf@plt>
    3bf0:	e51b3028 	ldr	r3, [fp, #-40]	@ 0xffffffd8
    3bf4:	e2833014 	add	r3, r3, #20
    3bf8:	e1a00003 	mov	r0, r3
    3bfc:	ebfffb9a 	bl	2a6c <ak_thread_mutex_unlock@plt>
    3c00:	e3a03000 	mov	r3, #0
    3c04:	ea0000be 	b	3f04 <buffers_put_iframe_data+0x7fc>
    3c08:	e51b0028 	ldr	r0, [fp, #-40]	@ 0xffffffd8
    3c0c:	e51b2014 	ldr	r2, [fp, #-20]	@ 0xffffffec
    3c10:	e3a0102c 	mov	r1, #44	@ 0x2c
    3c14:	e1a03002 	mov	r3, r2
    3c18:	e1a03083 	lsl	r3, r3, #1
    3c1c:	e0833002 	add	r3, r3, r2
    3c20:	e1a03183 	lsl	r3, r3, #3
    3c24:	e0803003 	add	r3, r0, r3
    3c28:	e0833001 	add	r3, r3, r1
    3c2c:	e5932000 	ldr	r2, [r3]
    3c30:	e51b3024 	ldr	r3, [fp, #-36]	@ 0xffffffdc
    3c34:	e1a00002 	mov	r0, r2
    3c38:	e51b1020 	ldr	r1, [fp, #-32]	@ 0xffffffe0
    3c3c:	e1a02003 	mov	r2, r3
    3c40:	ebfffca3 	bl	2ed4 <memcpy@plt>
    3c44:	e51b3028 	ldr	r3, [fp, #-40]	@ 0xffffffd8
    3c48:	e2833014 	add	r3, r3, #20
    3c4c:	e1a00003 	mov	r0, r3
    3c50:	ebfffb85 	bl	2a6c <ak_thread_mutex_unlock@plt>
    3c54:	e3a03001 	mov	r3, #1
    3c58:	ea0000a9 	b	3f04 <buffers_put_iframe_data+0x7fc>
    3c5c:	e51b3010 	ldr	r3, [fp, #-16]
    3c60:	e2833001 	add	r3, r3, #1
    3c64:	e50b3010 	str	r3, [fp, #-16]
    3c68:	e51b3028 	ldr	r3, [fp, #-40]	@ 0xffffffd8
    3c6c:	e5933008 	ldr	r3, [r3, #8]
    3c70:	e2432001 	sub	r2, r3, #1
    3c74:	e51b3010 	ldr	r3, [fp, #-16]
    3c78:	e1520003 	cmp	r2, r3
    3c7c:	cafffebf 	bgt	3780 <buffers_put_iframe_data+0x78>
    3c80:	ea00009a 	b	3ef0 <buffers_put_iframe_data+0x7e8>
    3c84:	e51b3028 	ldr	r3, [fp, #-40]	@ 0xffffffd8
    3c88:	e5932000 	ldr	r2, [r3]
    3c8c:	e51b1024 	ldr	r1, [fp, #-36]	@ 0xffffffdc
    3c90:	e51bc028 	ldr	ip, [fp, #-40]	@ 0xffffffd8
    3c94:	e3a00030 	mov	r0, #48	@ 0x30
    3c98:	e1a03002 	mov	r3, r2
    3c9c:	e1a03083 	lsl	r3, r3, #1
    3ca0:	e0833002 	add	r3, r3, r2
    3ca4:	e1a03183 	lsl	r3, r3, #3
    3ca8:	e08c3003 	add	r3, ip, r3
    3cac:	e0833000 	add	r3, r3, r0
    3cb0:	e5831000 	str	r1, [r3]
    3cb4:	e51b3028 	ldr	r3, [fp, #-40]	@ 0xffffffd8
    3cb8:	e5932000 	ldr	r2, [r3]
    3cbc:	e51b0028 	ldr	r0, [fp, #-40]	@ 0xffffffd8
    3cc0:	e3a01034 	mov	r1, #52	@ 0x34
    3cc4:	e1a03002 	mov	r3, r2
    3cc8:	e1a03083 	lsl	r3, r3, #1
    3ccc:	e0833002 	add	r3, r3, r2
    3cd0:	e1a03183 	lsl	r3, r3, #3
    3cd4:	e0803003 	add	r3, r0, r3
    3cd8:	e0833001 	add	r3, r3, r1
    3cdc:	e51b202c 	ldr	r2, [fp, #-44]	@ 0xffffffd4
    3ce0:	e5832000 	str	r2, [r3]
    3ce4:	e51b3028 	ldr	r3, [fp, #-40]	@ 0xffffffd8
    3ce8:	e5932000 	ldr	r2, [r3]
    3cec:	e51b0028 	ldr	r0, [fp, #-40]	@ 0xffffffd8
    3cf0:	e3a0103c 	mov	r1, #60	@ 0x3c
    3cf4:	e1a03002 	mov	r3, r2
    3cf8:	e1a03083 	lsl	r3, r3, #1
    3cfc:	e0833002 	add	r3, r3, r2
    3d00:	e1a03183 	lsl	r3, r3, #3
    3d04:	e0803003 	add	r3, r0, r3
    3d08:	e0833001 	add	r3, r3, r1
    3d0c:	e59b2004 	ldr	r2, [fp, #4]
    3d10:	e5832000 	str	r2, [r3]
    3d14:	e51b3028 	ldr	r3, [fp, #-40]	@ 0xffffffd8
    3d18:	e5932000 	ldr	r2, [r3]
    3d1c:	e51b0028 	ldr	r0, [fp, #-40]	@ 0xffffffd8
    3d20:	e3a01038 	mov	r1, #56	@ 0x38
    3d24:	e1a03002 	mov	r3, r2
    3d28:	e1a03083 	lsl	r3, r3, #1
    3d2c:	e0833002 	add	r3, r3, r2
    3d30:	e1a03183 	lsl	r3, r3, #3
    3d34:	e0803003 	add	r3, r0, r3
    3d38:	e0833001 	add	r3, r3, r1
    3d3c:	e59b2008 	ldr	r2, [fp, #8]
    3d40:	e5832000 	str	r2, [r3]
    3d44:	e51b3028 	ldr	r3, [fp, #-40]	@ 0xffffffd8
    3d48:	e5932000 	ldr	r2, [r3]
    3d4c:	e51b0028 	ldr	r0, [fp, #-40]	@ 0xffffffd8
    3d50:	e3a0102c 	mov	r1, #44	@ 0x2c
    3d54:	e1a03002 	mov	r3, r2
    3d58:	e1a03083 	lsl	r3, r3, #1
    3d5c:	e0833002 	add	r3, r3, r2
    3d60:	e1a03183 	lsl	r3, r3, #3
    3d64:	e0803003 	add	r3, r0, r3
    3d68:	e0833001 	add	r3, r3, r1
    3d6c:	e5933000 	ldr	r3, [r3]
    3d70:	e3530000 	cmp	r3, #0
    3d74:	0a000018 	beq	3ddc <buffers_put_iframe_data+0x6d4>
    3d78:	e51b3028 	ldr	r3, [fp, #-40]	@ 0xffffffd8
    3d7c:	e5932000 	ldr	r2, [r3]
    3d80:	e51b0028 	ldr	r0, [fp, #-40]	@ 0xffffffd8
    3d84:	e3a0102c 	mov	r1, #44	@ 0x2c
    3d88:	e1a03002 	mov	r3, r2
    3d8c:	e1a03083 	lsl	r3, r3, #1
    3d90:	e0833002 	add	r3, r3, r2
    3d94:	e1a03183 	lsl	r3, r3, #3
    3d98:	e0803003 	add	r3, r0, r3
    3d9c:	e0833001 	add	r3, r3, r1
    3da0:	e5933000 	ldr	r3, [r3]
    3da4:	e1a00003 	mov	r0, r3
    3da8:	ebfffc1f 	bl	2e2c <free@plt>
    3dac:	e51b3028 	ldr	r3, [fp, #-40]	@ 0xffffffd8
    3db0:	e5932000 	ldr	r2, [r3]
    3db4:	e51b0028 	ldr	r0, [fp, #-40]	@ 0xffffffd8
    3db8:	e3a0102c 	mov	r1, #44	@ 0x2c
    3dbc:	e1a03002 	mov	r3, r2
    3dc0:	e1a03083 	lsl	r3, r3, #1
    3dc4:	e0833002 	add	r3, r3, r2
    3dc8:	e1a03183 	lsl	r3, r3, #3
    3dcc:	e0803003 	add	r3, r0, r3
    3dd0:	e0833001 	add	r3, r3, r1
    3dd4:	e3a02000 	mov	r2, #0
    3dd8:	e5832000 	str	r2, [r3]
    3ddc:	e51b3028 	ldr	r3, [fp, #-40]	@ 0xffffffd8
    3de0:	e5934000 	ldr	r4, [r3]
    3de4:	e51b3024 	ldr	r3, [fp, #-36]	@ 0xffffffdc
    3de8:	e1a00003 	mov	r0, r3
    3dec:	ebfffb21 	bl	2a78 <malloc@plt>
    3df0:	e1a03000 	mov	r3, r0
    3df4:	e1a02003 	mov	r2, r3
    3df8:	e51b0028 	ldr	r0, [fp, #-40]	@ 0xffffffd8
    3dfc:	e3a0102c 	mov	r1, #44	@ 0x2c
    3e00:	e1a03004 	mov	r3, r4
    3e04:	e1a03083 	lsl	r3, r3, #1
    3e08:	e0833004 	add	r3, r3, r4
    3e0c:	e1a03183 	lsl	r3, r3, #3
    3e10:	e0803003 	add	r3, r0, r3
    3e14:	e0833001 	add	r3, r3, r1
    3e18:	e5832000 	str	r2, [r3]
    3e1c:	e51b3028 	ldr	r3, [fp, #-40]	@ 0xffffffd8
    3e20:	e5932000 	ldr	r2, [r3]
    3e24:	e51b0028 	ldr	r0, [fp, #-40]	@ 0xffffffd8
    3e28:	e3a0102c 	mov	r1, #44	@ 0x2c
    3e2c:	e1a03002 	mov	r3, r2
    3e30:	e1a03083 	lsl	r3, r3, #1
    3e34:	e0833002 	add	r3, r3, r2
    3e38:	e1a03183 	lsl	r3, r3, #3
    3e3c:	e0803003 	add	r3, r0, r3
    3e40:	e0833001 	add	r3, r3, r1
    3e44:	e5933000 	ldr	r3, [r3]
    3e48:	e3530000 	cmp	r3, #0
    3e4c:	1a000009 	bne	3e78 <buffers_put_iframe_data+0x770>
    3e50:	e59f00bc 	ldr	r0, [pc, #188]	@ 3f14 <buffers_put_iframe_data+0x80c>
    3e54:	e59f10bc 	ldr	r1, [pc, #188]	@ 3f18 <buffers_put_iframe_data+0x810>
    3e58:	e3a02096 	mov	r2, #150	@ 0x96
    3e5c:	ebfffb50 	bl	2ba4 <printf@plt>
    3e60:	e51b3028 	ldr	r3, [fp, #-40]	@ 0xffffffd8
    3e64:	e2833014 	add	r3, r3, #20
    3e68:	e1a00003 	mov	r0, r3
    3e6c:	ebfffafe 	bl	2a6c <ak_thread_mutex_unlock@plt>
    3e70:	e3a03000 	mov	r3, #0
    3e74:	ea000022 	b	3f04 <buffers_put_iframe_data+0x7fc>
    3e78:	e51b3028 	ldr	r3, [fp, #-40]	@ 0xffffffd8
    3e7c:	e5932000 	ldr	r2, [r3]
    3e80:	e51b0028 	ldr	r0, [fp, #-40]	@ 0xffffffd8
    3e84:	e3a0102c 	mov	r1, #44	@ 0x2c
    3e88:	e1a03002 	mov	r3, r2
    3e8c:	e1a03083 	lsl	r3, r3, #1
    3e90:	e0833002 	add	r3, r3, r2
    3e94:	e1a03183 	lsl	r3, r3, #3
    3e98:	e0803003 	add	r3, r0, r3
    3e9c:	e0833001 	add	r3, r3, r1
    3ea0:	e5932000 	ldr	r2, [r3]
    3ea4:	e51b3024 	ldr	r3, [fp, #-36]	@ 0xffffffdc
    3ea8:	e1a00002 	mov	r0, r2
    3eac:	e51b1020 	ldr	r1, [fp, #-32]	@ 0xffffffe0
    3eb0:	e1a02003 	mov	r2, r3
    3eb4:	ebfffc06 	bl	2ed4 <memcpy@plt>
    3eb8:	e51b3028 	ldr	r3, [fp, #-40]	@ 0xffffffd8
    3ebc:	e5933000 	ldr	r3, [r3]
    3ec0:	e2832001 	add	r2, r3, #1
    3ec4:	e51b3028 	ldr	r3, [fp, #-40]	@ 0xffffffd8
    3ec8:	e5933008 	ldr	r3, [r3, #8]
    3ecc:	e1a00002 	mov	r0, r2
    3ed0:	e1a01003 	mov	r1, r3
    3ed4:	eb003131 	bl	103a0 <ak_aslc_process+0x4b0>
    3ed8:	e1a03001 	mov	r3, r1
    3edc:	e1a02003 	mov	r2, r3
    3ee0:	e51b3028 	ldr	r3, [fp, #-40]	@ 0xffffffd8
    3ee4:	e5832000 	str	r2, [r3]
    3ee8:	e3a03001 	mov	r3, #1
    3eec:	e50b3018 	str	r3, [fp, #-24]	@ 0xffffffe8
    3ef0:	e51b3028 	ldr	r3, [fp, #-40]	@ 0xffffffd8
    3ef4:	e2833014 	add	r3, r3, #20
    3ef8:	e1a00003 	mov	r0, r3
    3efc:	ebfffada 	bl	2a6c <ak_thread_mutex_unlock@plt>
    3f00:	e51b3018 	ldr	r3, [fp, #-24]	@ 0xffffffe8
    3f04:	e1a00003 	mov	r0, r3
    3f08:	e24bd008 	sub	sp, fp, #8
    3f0c:	e8bd8810 	pop	{r4, fp, pc}
    3f10:	0001040c 	andeq	r0, r1, ip, lsl #8
    3f14:	00010438 	andeq	r0, r1, r8, lsr r4
    3f18:	00010728 	andeq	r0, r1, r8, lsr #14

00003f1c <buffers_get_data>:
    3f1c:	e92d4800 	push	{fp, lr}
    3f20:	e28db004 	add	fp, sp, #4
    3f24:	e24dd018 	sub	sp, sp, #24
    3f28:	e50b0010 	str	r0, [fp, #-16]
    3f2c:	e50b1014 	str	r1, [fp, #-20]	@ 0xffffffec
    3f30:	e50b2018 	str	r2, [fp, #-24]	@ 0xffffffe8
    3f34:	e50b301c 	str	r3, [fp, #-28]	@ 0xffffffe4
    3f38:	e3a03000 	mov	r3, #0
    3f3c:	e50b3008 	str	r3, [fp, #-8]
    3f40:	e51b3018 	ldr	r3, [fp, #-24]	@ 0xffffffe8
    3f44:	e2833014 	add	r3, r3, #20
    3f48:	e1a00003 	mov	r0, r3
    3f4c:	ebfffb17 	bl	2bb0 <ak_thread_mutex_lock@plt>
    3f50:	e51b3018 	ldr	r3, [fp, #-24]	@ 0xffffffe8
    3f54:	e5932004 	ldr	r2, [r3, #4]
    3f58:	e51b3018 	ldr	r3, [fp, #-24]	@ 0xffffffe8
    3f5c:	e5933000 	ldr	r3, [r3]
    3f60:	e1520003 	cmp	r2, r3
    3f64:	0a00006c 	beq	411c <buffers_get_data+0x200>
    3f68:	e51b3018 	ldr	r3, [fp, #-24]	@ 0xffffffe8
    3f6c:	e5932004 	ldr	r2, [r3, #4]
    3f70:	e51b0018 	ldr	r0, [fp, #-24]	@ 0xffffffe8
    3f74:	e3a01030 	mov	r1, #48	@ 0x30
    3f78:	e1a03002 	mov	r3, r2
    3f7c:	e1a03083 	lsl	r3, r3, #1
    3f80:	e0833002 	add	r3, r3, r2
    3f84:	e1a03183 	lsl	r3, r3, #3
    3f88:	e0803003 	add	r3, r0, r3
    3f8c:	e0833001 	add	r3, r3, r1
    3f90:	e5933000 	ldr	r3, [r3]
    3f94:	e1a02003 	mov	r2, r3
    3f98:	e51b3014 	ldr	r3, [fp, #-20]	@ 0xffffffec
    3f9c:	e5832000 	str	r2, [r3]
    3fa0:	e51b3018 	ldr	r3, [fp, #-24]	@ 0xffffffe8
    3fa4:	e5932004 	ldr	r2, [r3, #4]
    3fa8:	e51b0018 	ldr	r0, [fp, #-24]	@ 0xffffffe8
    3fac:	e3a0102c 	mov	r1, #44	@ 0x2c
    3fb0:	e1a03002 	mov	r3, r2
    3fb4:	e1a03083 	lsl	r3, r3, #1
    3fb8:	e0833002 	add	r3, r3, r2
    3fbc:	e1a03183 	lsl	r3, r3, #3
    3fc0:	e0803003 	add	r3, r0, r3
    3fc4:	e0833001 	add	r3, r3, r1
    3fc8:	e5932000 	ldr	r2, [r3]
    3fcc:	e51b3014 	ldr	r3, [fp, #-20]	@ 0xffffffec
    3fd0:	e5933000 	ldr	r3, [r3]
    3fd4:	e51b0010 	ldr	r0, [fp, #-16]
    3fd8:	e1a01002 	mov	r1, r2
    3fdc:	e1a02003 	mov	r2, r3
    3fe0:	ebfffbbb 	bl	2ed4 <memcpy@plt>
    3fe4:	e51b3018 	ldr	r3, [fp, #-24]	@ 0xffffffe8
    3fe8:	e5932004 	ldr	r2, [r3, #4]
    3fec:	e51b0018 	ldr	r0, [fp, #-24]	@ 0xffffffe8
    3ff0:	e3a0102c 	mov	r1, #44	@ 0x2c
    3ff4:	e1a03002 	mov	r3, r2
    3ff8:	e1a03083 	lsl	r3, r3, #1
    3ffc:	e0833002 	add	r3, r3, r2
    4000:	e1a03183 	lsl	r3, r3, #3
    4004:	e0803003 	add	r3, r0, r3
    4008:	e0833001 	add	r3, r3, r1
    400c:	e5933000 	ldr	r3, [r3]
    4010:	e1a00003 	mov	r0, r3
    4014:	ebfffb84 	bl	2e2c <free@plt>
    4018:	e51b3018 	ldr	r3, [fp, #-24]	@ 0xffffffe8
    401c:	e5932004 	ldr	r2, [r3, #4]
    4020:	e51b0018 	ldr	r0, [fp, #-24]	@ 0xffffffe8
    4024:	e3a0102c 	mov	r1, #44	@ 0x2c
    4028:	e1a03002 	mov	r3, r2
    402c:	e1a03083 	lsl	r3, r3, #1
    4030:	e0833002 	add	r3, r3, r2
    4034:	e1a03183 	lsl	r3, r3, #3
    4038:	e0803003 	add	r3, r0, r3
    403c:	e0833001 	add	r3, r3, r1
    4040:	e3a02000 	mov	r2, #0
    4044:	e5832000 	str	r2, [r3]
    4048:	e51b3018 	ldr	r3, [fp, #-24]	@ 0xffffffe8
    404c:	e5932004 	ldr	r2, [r3, #4]
    4050:	e51b0018 	ldr	r0, [fp, #-24]	@ 0xffffffe8
    4054:	e3a01034 	mov	r1, #52	@ 0x34
    4058:	e1a03002 	mov	r3, r2
    405c:	e1a03083 	lsl	r3, r3, #1
    4060:	e0833002 	add	r3, r3, r2
    4064:	e1a03183 	lsl	r3, r3, #3
    4068:	e0803003 	add	r3, r0, r3
    406c:	e0833001 	add	r3, r3, r1
    4070:	e5932000 	ldr	r2, [r3]
    4074:	e51b301c 	ldr	r3, [fp, #-28]	@ 0xffffffe4
    4078:	e5832000 	str	r2, [r3]
    407c:	e51b3018 	ldr	r3, [fp, #-24]	@ 0xffffffe8
    4080:	e5932004 	ldr	r2, [r3, #4]
    4084:	e51b0018 	ldr	r0, [fp, #-24]	@ 0xffffffe8
    4088:	e3a0103c 	mov	r1, #60	@ 0x3c
    408c:	e1a03002 	mov	r3, r2
    4090:	e1a03083 	lsl	r3, r3, #1
    4094:	e0833002 	add	r3, r3, r2
    4098:	e1a03183 	lsl	r3, r3, #3
    409c:	e0803003 	add	r3, r0, r3
    40a0:	e0833001 	add	r3, r3, r1
    40a4:	e5932000 	ldr	r2, [r3]
    40a8:	e59b3004 	ldr	r3, [fp, #4]
    40ac:	e5832000 	str	r2, [r3]
    40b0:	e51b3018 	ldr	r3, [fp, #-24]	@ 0xffffffe8
    40b4:	e5932004 	ldr	r2, [r3, #4]
    40b8:	e51b0018 	ldr	r0, [fp, #-24]	@ 0xffffffe8
    40bc:	e3a01038 	mov	r1, #56	@ 0x38
    40c0:	e1a03002 	mov	r3, r2
    40c4:	e1a03083 	lsl	r3, r3, #1
    40c8:	e0833002 	add	r3, r3, r2
    40cc:	e1a03183 	lsl	r3, r3, #3
    40d0:	e0803003 	add	r3, r0, r3
    40d4:	e0833001 	add	r3, r3, r1
    40d8:	e5932000 	ldr	r2, [r3]
    40dc:	e59b3008 	ldr	r3, [fp, #8]
    40e0:	e5832000 	str	r2, [r3]
    40e4:	e51b3018 	ldr	r3, [fp, #-24]	@ 0xffffffe8
    40e8:	e5933004 	ldr	r3, [r3, #4]
    40ec:	e2832001 	add	r2, r3, #1
    40f0:	e51b3018 	ldr	r3, [fp, #-24]	@ 0xffffffe8
    40f4:	e5933008 	ldr	r3, [r3, #8]
    40f8:	e1a00002 	mov	r0, r2
    40fc:	e1a01003 	mov	r1, r3
    4100:	eb0030a6 	bl	103a0 <ak_aslc_process+0x4b0>
    4104:	e1a03001 	mov	r3, r1
    4108:	e1a02003 	mov	r2, r3
    410c:	e51b3018 	ldr	r3, [fp, #-24]	@ 0xffffffe8
    4110:	e5832004 	str	r2, [r3, #4]
    4114:	e3a03001 	mov	r3, #1
    4118:	e50b3008 	str	r3, [fp, #-8]
    411c:	e51b3018 	ldr	r3, [fp, #-24]	@ 0xffffffe8
    4120:	e2833014 	add	r3, r3, #20
    4124:	e1a00003 	mov	r0, r3
    4128:	ebfffa4f 	bl	2a6c <ak_thread_mutex_unlock@plt>
    412c:	e51b3008 	ldr	r3, [fp, #-8]
    4130:	e1a00003 	mov	r0, r3
    4134:	e24bd004 	sub	sp, fp, #4
    4138:	e8bd8800 	pop	{fp, pc}

0000413c <buffers_put_data>:
    413c:	e92d4810 	push	{r4, fp, lr}
    4140:	e28db008 	add	fp, sp, #8
    4144:	e24dd01c 	sub	sp, sp, #28
    4148:	e50b0018 	str	r0, [fp, #-24]	@ 0xffffffe8
    414c:	e50b101c 	str	r1, [fp, #-28]	@ 0xffffffe4
    4150:	e50b2020 	str	r2, [fp, #-32]	@ 0xffffffe0
    4154:	e50b3024 	str	r3, [fp, #-36]	@ 0xffffffdc
    4158:	e3a03000 	mov	r3, #0
    415c:	e50b3010 	str	r3, [fp, #-16]
    4160:	e51b3020 	ldr	r3, [fp, #-32]	@ 0xffffffe0
    4164:	e2833014 	add	r3, r3, #20
    4168:	e1a00003 	mov	r0, r3
    416c:	ebfffa8f 	bl	2bb0 <ak_thread_mutex_lock@plt>
    4170:	e51b3020 	ldr	r3, [fp, #-32]	@ 0xffffffe0
    4174:	e5933000 	ldr	r3, [r3]
    4178:	e2832001 	add	r2, r3, #1
    417c:	e51b3020 	ldr	r3, [fp, #-32]	@ 0xffffffe0
    4180:	e5933008 	ldr	r3, [r3, #8]
    4184:	e1a00002 	mov	r0, r2
    4188:	e1a01003 	mov	r1, r3
    418c:	eb003083 	bl	103a0 <ak_aslc_process+0x4b0>
    4190:	e1a03001 	mov	r3, r1
    4194:	e1a02003 	mov	r2, r3
    4198:	e51b3020 	ldr	r3, [fp, #-32]	@ 0xffffffe0
    419c:	e5933004 	ldr	r3, [r3, #4]
    41a0:	e1520003 	cmp	r2, r3
    41a4:	1a000002 	bne	41b4 <buffers_put_data+0x78>
    41a8:	e3a03000 	mov	r3, #0
    41ac:	e50b3010 	str	r3, [fp, #-16]
    41b0:	ea00009e 	b	4430 <buffers_put_data+0x2f4>
    41b4:	e51b3020 	ldr	r3, [fp, #-32]	@ 0xffffffe0
    41b8:	e593200c 	ldr	r2, [r3, #12]
    41bc:	e51b301c 	ldr	r3, [fp, #-28]	@ 0xffffffe4
    41c0:	e1520003 	cmp	r2, r3
    41c4:	da000097 	ble	4428 <buffers_put_data+0x2ec>
    41c8:	e51b3020 	ldr	r3, [fp, #-32]	@ 0xffffffe0
    41cc:	e5932000 	ldr	r2, [r3]
    41d0:	e51b101c 	ldr	r1, [fp, #-28]	@ 0xffffffe4
    41d4:	e51bc020 	ldr	ip, [fp, #-32]	@ 0xffffffe0
    41d8:	e3a00030 	mov	r0, #48	@ 0x30
    41dc:	e1a03002 	mov	r3, r2
    41e0:	e1a03083 	lsl	r3, r3, #1
    41e4:	e0833002 	add	r3, r3, r2
    41e8:	e1a03183 	lsl	r3, r3, #3
    41ec:	e08c3003 	add	r3, ip, r3
    41f0:	e0833000 	add	r3, r3, r0
    41f4:	e5831000 	str	r1, [r3]
    41f8:	e51b3020 	ldr	r3, [fp, #-32]	@ 0xffffffe0
    41fc:	e5932000 	ldr	r2, [r3]
    4200:	e51b0020 	ldr	r0, [fp, #-32]	@ 0xffffffe0
    4204:	e3a01034 	mov	r1, #52	@ 0x34
    4208:	e1a03002 	mov	r3, r2
    420c:	e1a03083 	lsl	r3, r3, #1
    4210:	e0833002 	add	r3, r3, r2
    4214:	e1a03183 	lsl	r3, r3, #3
    4218:	e0803003 	add	r3, r0, r3
    421c:	e0833001 	add	r3, r3, r1
    4220:	e51b2024 	ldr	r2, [fp, #-36]	@ 0xffffffdc
    4224:	e5832000 	str	r2, [r3]
    4228:	e51b3020 	ldr	r3, [fp, #-32]	@ 0xffffffe0
    422c:	e5932000 	ldr	r2, [r3]
    4230:	e51b0020 	ldr	r0, [fp, #-32]	@ 0xffffffe0
    4234:	e3a0103c 	mov	r1, #60	@ 0x3c
    4238:	e1a03002 	mov	r3, r2
    423c:	e1a03083 	lsl	r3, r3, #1
    4240:	e0833002 	add	r3, r3, r2
    4244:	e1a03183 	lsl	r3, r3, #3
    4248:	e0803003 	add	r3, r0, r3
    424c:	e0833001 	add	r3, r3, r1
    4250:	e59b2004 	ldr	r2, [fp, #4]
    4254:	e5832000 	str	r2, [r3]
    4258:	e51b3020 	ldr	r3, [fp, #-32]	@ 0xffffffe0
    425c:	e5932000 	ldr	r2, [r3]
    4260:	e51b0020 	ldr	r0, [fp, #-32]	@ 0xffffffe0
    4264:	e3a01038 	mov	r1, #56	@ 0x38
    4268:	e1a03002 	mov	r3, r2
    426c:	e1a03083 	lsl	r3, r3, #1
    4270:	e0833002 	add	r3, r3, r2
    4274:	e1a03183 	lsl	r3, r3, #3
    4278:	e0803003 	add	r3, r0, r3
    427c:	e0833001 	add	r3, r3, r1
    4280:	e59b2008 	ldr	r2, [fp, #8]
    4284:	e5832000 	str	r2, [r3]
    4288:	e51b3020 	ldr	r3, [fp, #-32]	@ 0xffffffe0
    428c:	e5932000 	ldr	r2, [r3]
    4290:	e51b0020 	ldr	r0, [fp, #-32]	@ 0xffffffe0
    4294:	e3a0102c 	mov	r1, #44	@ 0x2c
    4298:	e1a03002 	mov	r3, r2
    429c:	e1a03083 	lsl	r3, r3, #1
    42a0:	e0833002 	add	r3, r3, r2
    42a4:	e1a03183 	lsl	r3, r3, #3
    42a8:	e0803003 	add	r3, r0, r3
    42ac:	e0833001 	add	r3, r3, r1
    42b0:	e5933000 	ldr	r3, [r3]
    42b4:	e3530000 	cmp	r3, #0
    42b8:	0a000018 	beq	4320 <buffers_put_data+0x1e4>
    42bc:	e51b3020 	ldr	r3, [fp, #-32]	@ 0xffffffe0
    42c0:	e5932000 	ldr	r2, [r3]
    42c4:	e51b0020 	ldr	r0, [fp, #-32]	@ 0xffffffe0
    42c8:	e3a0102c 	mov	r1, #44	@ 0x2c
    42cc:	e1a03002 	mov	r3, r2
    42d0:	e1a03083 	lsl	r3, r3, #1
    42d4:	e0833002 	add	r3, r3, r2
    42d8:	e1a03183 	lsl	r3, r3, #3
    42dc:	e0803003 	add	r3, r0, r3
    42e0:	e0833001 	add	r3, r3, r1
    42e4:	e5933000 	ldr	r3, [r3]
    42e8:	e1a00003 	mov	r0, r3
    42ec:	ebffface 	bl	2e2c <free@plt>
    42f0:	e51b3020 	ldr	r3, [fp, #-32]	@ 0xffffffe0
    42f4:	e5932000 	ldr	r2, [r3]
    42f8:	e51b0020 	ldr	r0, [fp, #-32]	@ 0xffffffe0
    42fc:	e3a0102c 	mov	r1, #44	@ 0x2c
    4300:	e1a03002 	mov	r3, r2
    4304:	e1a03083 	lsl	r3, r3, #1
    4308:	e0833002 	add	r3, r3, r2
    430c:	e1a03183 	lsl	r3, r3, #3
    4310:	e0803003 	add	r3, r0, r3
    4314:	e0833001 	add	r3, r3, r1
    4318:	e3a02000 	mov	r2, #0
    431c:	e5832000 	str	r2, [r3]
    4320:	e51b3020 	ldr	r3, [fp, #-32]	@ 0xffffffe0
    4324:	e5934000 	ldr	r4, [r3]
    4328:	e51b301c 	ldr	r3, [fp, #-28]	@ 0xffffffe4
    432c:	e1a00003 	mov	r0, r3
    4330:	ebfff9d0 	bl	2a78 <malloc@plt>
    4334:	e1a03000 	mov	r3, r0
    4338:	e1a02003 	mov	r2, r3
    433c:	e51b0020 	ldr	r0, [fp, #-32]	@ 0xffffffe0
    4340:	e3a0102c 	mov	r1, #44	@ 0x2c
    4344:	e1a03004 	mov	r3, r4
    4348:	e1a03083 	lsl	r3, r3, #1
    434c:	e0833004 	add	r3, r3, r4
    4350:	e1a03183 	lsl	r3, r3, #3
    4354:	e0803003 	add	r3, r0, r3
    4358:	e0833001 	add	r3, r3, r1
    435c:	e5832000 	str	r2, [r3]
    4360:	e51b3020 	ldr	r3, [fp, #-32]	@ 0xffffffe0
    4364:	e5932000 	ldr	r2, [r3]
    4368:	e51b0020 	ldr	r0, [fp, #-32]	@ 0xffffffe0
    436c:	e3a0102c 	mov	r1, #44	@ 0x2c
    4370:	e1a03002 	mov	r3, r2
    4374:	e1a03083 	lsl	r3, r3, #1
    4378:	e0833002 	add	r3, r3, r2
    437c:	e1a03183 	lsl	r3, r3, #3
    4380:	e0803003 	add	r3, r0, r3
    4384:	e0833001 	add	r3, r3, r1
    4388:	e5933000 	ldr	r3, [r3]
    438c:	e3530000 	cmp	r3, #0
    4390:	1a000008 	bne	43b8 <buffers_put_data+0x27c>
    4394:	e59f00b4 	ldr	r0, [pc, #180]	@ 4450 <buffers_put_data+0x314>
    4398:	e3a010c8 	mov	r1, #200	@ 0xc8
    439c:	ebfffa00 	bl	2ba4 <printf@plt>
    43a0:	e51b3020 	ldr	r3, [fp, #-32]	@ 0xffffffe0
    43a4:	e2833014 	add	r3, r3, #20
    43a8:	e1a00003 	mov	r0, r3
    43ac:	ebfff9ae 	bl	2a6c <ak_thread_mutex_unlock@plt>
    43b0:	e3a03000 	mov	r3, #0
    43b4:	ea000022 	b	4444 <buffers_put_data+0x308>
    43b8:	e51b3020 	ldr	r3, [fp, #-32]	@ 0xffffffe0
    43bc:	e5932000 	ldr	r2, [r3]
    43c0:	e51b0020 	ldr	r0, [fp, #-32]	@ 0xffffffe0
    43c4:	e3a0102c 	mov	r1, #44	@ 0x2c
    43c8:	e1a03002 	mov	r3, r2
    43cc:	e1a03083 	lsl	r3, r3, #1
    43d0:	e0833002 	add	r3, r3, r2
    43d4:	e1a03183 	lsl	r3, r3, #3
    43d8:	e0803003 	add	r3, r0, r3
    43dc:	e0833001 	add	r3, r3, r1
    43e0:	e5932000 	ldr	r2, [r3]
    43e4:	e51b301c 	ldr	r3, [fp, #-28]	@ 0xffffffe4
    43e8:	e1a00002 	mov	r0, r2
    43ec:	e51b1018 	ldr	r1, [fp, #-24]	@ 0xffffffe8
    43f0:	e1a02003 	mov	r2, r3
    43f4:	ebfffab6 	bl	2ed4 <memcpy@plt>
    43f8:	e51b3020 	ldr	r3, [fp, #-32]	@ 0xffffffe0
    43fc:	e5933000 	ldr	r3, [r3]
    4400:	e2832001 	add	r2, r3, #1
    4404:	e51b3020 	ldr	r3, [fp, #-32]	@ 0xffffffe0
    4408:	e5933008 	ldr	r3, [r3, #8]
    440c:	e1a00002 	mov	r0, r2
    4410:	e1a01003 	mov	r1, r3
    4414:	eb002fe1 	bl	103a0 <ak_aslc_process+0x4b0>
    4418:	e1a03001 	mov	r3, r1
    441c:	e1a02003 	mov	r2, r3
    4420:	e51b3020 	ldr	r3, [fp, #-32]	@ 0xffffffe0
    4424:	e5832000 	str	r2, [r3]
    4428:	e3a03001 	mov	r3, #1
    442c:	e50b3010 	str	r3, [fp, #-16]
    4430:	e51b3020 	ldr	r3, [fp, #-32]	@ 0xffffffe0
    4434:	e2833014 	add	r3, r3, #20
    4438:	e1a00003 	mov	r0, r3
    443c:	ebfff98a 	bl	2a6c <ak_thread_mutex_unlock@plt>
    4440:	e51b3010 	ldr	r3, [fp, #-16]
    4444:	e1a00003 	mov	r0, r3
    4448:	e24bd008 	sub	sp, fp, #8
    444c:	e8bd8810 	pop	{r4, fp, pc}
    4450:	00010450 	andeq	r0, r1, r0, asr r4

00004454 <buffers_get_data_with_pts>:
    4454:	e92d4800 	push	{fp, lr}
    4458:	e28db004 	add	fp, sp, #4
    445c:	e24dd018 	sub	sp, sp, #24
    4460:	e50b0010 	str	r0, [fp, #-16]
    4464:	e50b1014 	str	r1, [fp, #-20]	@ 0xffffffec
    4468:	e50b2018 	str	r2, [fp, #-24]	@ 0xffffffe8
    446c:	e50b301c 	str	r3, [fp, #-28]	@ 0xffffffe4
    4470:	e3a03000 	mov	r3, #0
    4474:	e50b3008 	str	r3, [fp, #-8]
    4478:	e51b3018 	ldr	r3, [fp, #-24]	@ 0xffffffe8
    447c:	e2833014 	add	r3, r3, #20
    4480:	e1a00003 	mov	r0, r3
    4484:	ebfff9c9 	bl	2bb0 <ak_thread_mutex_lock@plt>
    4488:	e51b3018 	ldr	r3, [fp, #-24]	@ 0xffffffe8
    448c:	e5932004 	ldr	r2, [r3, #4]
    4490:	e51b3018 	ldr	r3, [fp, #-24]	@ 0xffffffe8
    4494:	e5933000 	ldr	r3, [r3]
    4498:	e1520003 	cmp	r2, r3
    449c:	0a000079 	beq	4688 <buffers_get_data_with_pts+0x234>
    44a0:	e51b3018 	ldr	r3, [fp, #-24]	@ 0xffffffe8
    44a4:	e5932004 	ldr	r2, [r3, #4]
    44a8:	e51b0018 	ldr	r0, [fp, #-24]	@ 0xffffffe8
    44ac:	e3a01030 	mov	r1, #48	@ 0x30
    44b0:	e1a03002 	mov	r3, r2
    44b4:	e1a03083 	lsl	r3, r3, #1
    44b8:	e0833002 	add	r3, r3, r2
    44bc:	e1a03183 	lsl	r3, r3, #3
    44c0:	e0803003 	add	r3, r0, r3
    44c4:	e0833001 	add	r3, r3, r1
    44c8:	e5933000 	ldr	r3, [r3]
    44cc:	e1a02003 	mov	r2, r3
    44d0:	e51b3014 	ldr	r3, [fp, #-20]	@ 0xffffffec
    44d4:	e5832000 	str	r2, [r3]
    44d8:	e51b3018 	ldr	r3, [fp, #-24]	@ 0xffffffe8
    44dc:	e5932004 	ldr	r2, [r3, #4]
    44e0:	e51b0018 	ldr	r0, [fp, #-24]	@ 0xffffffe8
    44e4:	e3a0102c 	mov	r1, #44	@ 0x2c
    44e8:	e1a03002 	mov	r3, r2
    44ec:	e1a03083 	lsl	r3, r3, #1
    44f0:	e0833002 	add	r3, r3, r2
    44f4:	e1a03183 	lsl	r3, r3, #3
    44f8:	e0803003 	add	r3, r0, r3
    44fc:	e0833001 	add	r3, r3, r1
    4500:	e5932000 	ldr	r2, [r3]
    4504:	e51b3014 	ldr	r3, [fp, #-20]	@ 0xffffffec
    4508:	e5933000 	ldr	r3, [r3]
    450c:	e51b0010 	ldr	r0, [fp, #-16]
    4510:	e1a01002 	mov	r1, r2
    4514:	e1a02003 	mov	r2, r3
    4518:	ebfffa6d 	bl	2ed4 <memcpy@plt>
    451c:	e51b3018 	ldr	r3, [fp, #-24]	@ 0xffffffe8
    4520:	e5932004 	ldr	r2, [r3, #4]
    4524:	e51b0018 	ldr	r0, [fp, #-24]	@ 0xffffffe8
    4528:	e3a0102c 	mov	r1, #44	@ 0x2c
    452c:	e1a03002 	mov	r3, r2
    4530:	e1a03083 	lsl	r3, r3, #1
    4534:	e0833002 	add	r3, r3, r2
    4538:	e1a03183 	lsl	r3, r3, #3
    453c:	e0803003 	add	r3, r0, r3
    4540:	e0833001 	add	r3, r3, r1
    4544:	e5933000 	ldr	r3, [r3]
    4548:	e1a00003 	mov	r0, r3
    454c:	ebfffa36 	bl	2e2c <free@plt>
    4550:	e51b3018 	ldr	r3, [fp, #-24]	@ 0xffffffe8
    4554:	e5932004 	ldr	r2, [r3, #4]
    4558:	e51b0018 	ldr	r0, [fp, #-24]	@ 0xffffffe8
    455c:	e3a0102c 	mov	r1, #44	@ 0x2c
    4560:	e1a03002 	mov	r3, r2
    4564:	e1a03083 	lsl	r3, r3, #1
    4568:	e0833002 	add	r3, r3, r2
    456c:	e1a03183 	lsl	r3, r3, #3
    4570:	e0803003 	add	r3, r0, r3
    4574:	e0833001 	add	r3, r3, r1
    4578:	e3a02000 	mov	r2, #0
    457c:	e5832000 	str	r2, [r3]
    4580:	e51b3018 	ldr	r3, [fp, #-24]	@ 0xffffffe8
    4584:	e5932004 	ldr	r2, [r3, #4]
    4588:	e51b0018 	ldr	r0, [fp, #-24]	@ 0xffffffe8
    458c:	e3a01034 	mov	r1, #52	@ 0x34
    4590:	e1a03002 	mov	r3, r2
    4594:	e1a03083 	lsl	r3, r3, #1
    4598:	e0833002 	add	r3, r3, r2
    459c:	e1a03183 	lsl	r3, r3, #3
    45a0:	e0803003 	add	r3, r0, r3
    45a4:	e0833001 	add	r3, r3, r1
    45a8:	e5932000 	ldr	r2, [r3]
    45ac:	e51b301c 	ldr	r3, [fp, #-28]	@ 0xffffffe4
    45b0:	e5832000 	str	r2, [r3]
    45b4:	e51b3018 	ldr	r3, [fp, #-24]	@ 0xffffffe8
    45b8:	e5932004 	ldr	r2, [r3, #4]
    45bc:	e51b0018 	ldr	r0, [fp, #-24]	@ 0xffffffe8
    45c0:	e3a0103c 	mov	r1, #60	@ 0x3c
    45c4:	e1a03002 	mov	r3, r2
    45c8:	e1a03083 	lsl	r3, r3, #1
    45cc:	e0833002 	add	r3, r3, r2
    45d0:	e1a03183 	lsl	r3, r3, #3
    45d4:	e0803003 	add	r3, r0, r3
    45d8:	e0833001 	add	r3, r3, r1
    45dc:	e5932000 	ldr	r2, [r3]
    45e0:	e59b3004 	ldr	r3, [fp, #4]
    45e4:	e5832000 	str	r2, [r3]
    45e8:	e51b3018 	ldr	r3, [fp, #-24]	@ 0xffffffe8
    45ec:	e5932004 	ldr	r2, [r3, #4]
    45f0:	e51b0018 	ldr	r0, [fp, #-24]	@ 0xffffffe8
    45f4:	e3a01038 	mov	r1, #56	@ 0x38
    45f8:	e1a03002 	mov	r3, r2
    45fc:	e1a03083 	lsl	r3, r3, #1
    4600:	e0833002 	add	r3, r3, r2
    4604:	e1a03183 	lsl	r3, r3, #3
    4608:	e0803003 	add	r3, r0, r3
    460c:	e0833001 	add	r3, r3, r1
    4610:	e5932000 	ldr	r2, [r3]
    4614:	e59b3008 	ldr	r3, [fp, #8]
    4618:	e5832000 	str	r2, [r3]
    461c:	e51b3018 	ldr	r3, [fp, #-24]	@ 0xffffffe8
    4620:	e5932004 	ldr	r2, [r3, #4]
    4624:	e51b0018 	ldr	r0, [fp, #-24]	@ 0xffffffe8
    4628:	e3a01040 	mov	r1, #64	@ 0x40
    462c:	e1a03002 	mov	r3, r2
    4630:	e1a03083 	lsl	r3, r3, #1
    4634:	e0833002 	add	r3, r3, r2
    4638:	e1a03183 	lsl	r3, r3, #3
    463c:	e0803003 	add	r3, r0, r3
    4640:	e0833001 	add	r3, r3, r1
    4644:	e5932000 	ldr	r2, [r3]
    4648:	e59b300c 	ldr	r3, [fp, #12]
    464c:	e5832000 	str	r2, [r3]
    4650:	e51b3018 	ldr	r3, [fp, #-24]	@ 0xffffffe8
    4654:	e5933004 	ldr	r3, [r3, #4]
    4658:	e2832001 	add	r2, r3, #1
    465c:	e51b3018 	ldr	r3, [fp, #-24]	@ 0xffffffe8
    4660:	e5933008 	ldr	r3, [r3, #8]
    4664:	e1a00002 	mov	r0, r2
    4668:	e1a01003 	mov	r1, r3
    466c:	eb002f4b 	bl	103a0 <ak_aslc_process+0x4b0>
    4670:	e1a03001 	mov	r3, r1
    4674:	e1a02003 	mov	r2, r3
    4678:	e51b3018 	ldr	r3, [fp, #-24]	@ 0xffffffe8
    467c:	e5832004 	str	r2, [r3, #4]
    4680:	e3a03001 	mov	r3, #1
    4684:	e50b3008 	str	r3, [fp, #-8]
    4688:	e51b3018 	ldr	r3, [fp, #-24]	@ 0xffffffe8
    468c:	e2833014 	add	r3, r3, #20
    4690:	e1a00003 	mov	r0, r3
    4694:	ebfff8f4 	bl	2a6c <ak_thread_mutex_unlock@plt>
    4698:	e51b3008 	ldr	r3, [fp, #-8]
    469c:	e1a00003 	mov	r0, r3
    46a0:	e24bd004 	sub	sp, fp, #4
    46a4:	e8bd8800 	pop	{fp, pc}

000046a8 <buffers_put_data_with_pts>:
    46a8:	e92d4810 	push	{r4, fp, lr}
    46ac:	e28db008 	add	fp, sp, #8
    46b0:	e24dd01c 	sub	sp, sp, #28
    46b4:	e50b0018 	str	r0, [fp, #-24]	@ 0xffffffe8
    46b8:	e50b101c 	str	r1, [fp, #-28]	@ 0xffffffe4
    46bc:	e50b2020 	str	r2, [fp, #-32]	@ 0xffffffe0
    46c0:	e50b3024 	str	r3, [fp, #-36]	@ 0xffffffdc
    46c4:	e3a03000 	mov	r3, #0
    46c8:	e50b3010 	str	r3, [fp, #-16]
    46cc:	e51b3020 	ldr	r3, [fp, #-32]	@ 0xffffffe0
    46d0:	e2833014 	add	r3, r3, #20
    46d4:	e1a00003 	mov	r0, r3
    46d8:	ebfff934 	bl	2bb0 <ak_thread_mutex_lock@plt>
    46dc:	e51b3020 	ldr	r3, [fp, #-32]	@ 0xffffffe0
    46e0:	e5933000 	ldr	r3, [r3]
    46e4:	e2832001 	add	r2, r3, #1
    46e8:	e51b3020 	ldr	r3, [fp, #-32]	@ 0xffffffe0
    46ec:	e5933008 	ldr	r3, [r3, #8]
    46f0:	e1a00002 	mov	r0, r2
    46f4:	e1a01003 	mov	r1, r3
    46f8:	eb002f28 	bl	103a0 <ak_aslc_process+0x4b0>
    46fc:	e1a03001 	mov	r3, r1
    4700:	e1a02003 	mov	r2, r3
    4704:	e51b3020 	ldr	r3, [fp, #-32]	@ 0xffffffe0
    4708:	e5933004 	ldr	r3, [r3, #4]
    470c:	e1520003 	cmp	r2, r3
    4710:	1a000002 	bne	4720 <buffers_put_data_with_pts+0x78>
    4714:	e3a03000 	mov	r3, #0
    4718:	e50b3010 	str	r3, [fp, #-16]
    471c:	ea0000ab 	b	49d0 <buffers_put_data_with_pts+0x328>
    4720:	e51b3020 	ldr	r3, [fp, #-32]	@ 0xffffffe0
    4724:	e593200c 	ldr	r2, [r3, #12]
    4728:	e51b301c 	ldr	r3, [fp, #-28]	@ 0xffffffe4
    472c:	e1520003 	cmp	r2, r3
    4730:	da0000a4 	ble	49c8 <buffers_put_data_with_pts+0x320>
    4734:	e51b3020 	ldr	r3, [fp, #-32]	@ 0xffffffe0
    4738:	e5932000 	ldr	r2, [r3]
    473c:	e51b101c 	ldr	r1, [fp, #-28]	@ 0xffffffe4
    4740:	e51bc020 	ldr	ip, [fp, #-32]	@ 0xffffffe0
    4744:	e3a00030 	mov	r0, #48	@ 0x30
    4748:	e1a03002 	mov	r3, r2
    474c:	e1a03083 	lsl	r3, r3, #1
    4750:	e0833002 	add	r3, r3, r2
    4754:	e1a03183 	lsl	r3, r3, #3
    4758:	e08c3003 	add	r3, ip, r3
    475c:	e0833000 	add	r3, r3, r0
    4760:	e5831000 	str	r1, [r3]
    4764:	e51b3020 	ldr	r3, [fp, #-32]	@ 0xffffffe0
    4768:	e5932000 	ldr	r2, [r3]
    476c:	e51b0020 	ldr	r0, [fp, #-32]	@ 0xffffffe0
    4770:	e3a01034 	mov	r1, #52	@ 0x34
    4774:	e1a03002 	mov	r3, r2
    4778:	e1a03083 	lsl	r3, r3, #1
    477c:	e0833002 	add	r3, r3, r2
    4780:	e1a03183 	lsl	r3, r3, #3
    4784:	e0803003 	add	r3, r0, r3
    4788:	e0833001 	add	r3, r3, r1
    478c:	e51b2024 	ldr	r2, [fp, #-36]	@ 0xffffffdc
    4790:	e5832000 	str	r2, [r3]
    4794:	e51b3020 	ldr	r3, [fp, #-32]	@ 0xffffffe0
    4798:	e5932000 	ldr	r2, [r3]
    479c:	e51b0020 	ldr	r0, [fp, #-32]	@ 0xffffffe0
    47a0:	e3a0103c 	mov	r1, #60	@ 0x3c
    47a4:	e1a03002 	mov	r3, r2
    47a8:	e1a03083 	lsl	r3, r3, #1
    47ac:	e0833002 	add	r3, r3, r2
    47b0:	e1a03183 	lsl	r3, r3, #3
    47b4:	e0803003 	add	r3, r0, r3
    47b8:	e0833001 	add	r3, r3, r1
    47bc:	e59b2004 	ldr	r2, [fp, #4]
    47c0:	e5832000 	str	r2, [r3]
    47c4:	e51b3020 	ldr	r3, [fp, #-32]	@ 0xffffffe0
    47c8:	e5932000 	ldr	r2, [r3]
    47cc:	e51b0020 	ldr	r0, [fp, #-32]	@ 0xffffffe0
    47d0:	e3a01038 	mov	r1, #56	@ 0x38
    47d4:	e1a03002 	mov	r3, r2
    47d8:	e1a03083 	lsl	r3, r3, #1
    47dc:	e0833002 	add	r3, r3, r2
    47e0:	e1a03183 	lsl	r3, r3, #3
    47e4:	e0803003 	add	r3, r0, r3
    47e8:	e0833001 	add	r3, r3, r1
    47ec:	e59b2008 	ldr	r2, [fp, #8]
    47f0:	e5832000 	str	r2, [r3]
    47f4:	e51b3020 	ldr	r3, [fp, #-32]	@ 0xffffffe0
    47f8:	e5932000 	ldr	r2, [r3]
    47fc:	e51b0020 	ldr	r0, [fp, #-32]	@ 0xffffffe0
    4800:	e3a01040 	mov	r1, #64	@ 0x40
    4804:	e1a03002 	mov	r3, r2
    4808:	e1a03083 	lsl	r3, r3, #1
    480c:	e0833002 	add	r3, r3, r2
    4810:	e1a03183 	lsl	r3, r3, #3
    4814:	e0803003 	add	r3, r0, r3
    4818:	e0833001 	add	r3, r3, r1
    481c:	e59b200c 	ldr	r2, [fp, #12]
    4820:	e5832000 	str	r2, [r3]
    4824:	e51b3020 	ldr	r3, [fp, #-32]	@ 0xffffffe0
    4828:	e5932000 	ldr	r2, [r3]
    482c:	e51b0020 	ldr	r0, [fp, #-32]	@ 0xffffffe0
    4830:	e3a0102c 	mov	r1, #44	@ 0x2c
    4834:	e1a03002 	mov	r3, r2
    4838:	e1a03083 	lsl	r3, r3, #1
    483c:	e0833002 	add	r3, r3, r2
    4840:	e1a03183 	lsl	r3, r3, #3
    4844:	e0803003 	add	r3, r0, r3
    4848:	e0833001 	add	r3, r3, r1
    484c:	e5933000 	ldr	r3, [r3]
    4850:	e3530000 	cmp	r3, #0
    4854:	0a000018 	beq	48bc <buffers_put_data_with_pts+0x214>
    4858:	e51b3020 	ldr	r3, [fp, #-32]	@ 0xffffffe0
    485c:	e5932000 	ldr	r2, [r3]
    4860:	e51b0020 	ldr	r0, [fp, #-32]	@ 0xffffffe0
    4864:	e3a0102c 	mov	r1, #44	@ 0x2c
    4868:	e1a03002 	mov	r3, r2
    486c:	e1a03083 	lsl	r3, r3, #1
    4870:	e0833002 	add	r3, r3, r2
    4874:	e1a03183 	lsl	r3, r3, #3
    4878:	e0803003 	add	r3, r0, r3
    487c:	e0833001 	add	r3, r3, r1
    4880:	e5933000 	ldr	r3, [r3]
    4884:	e1a00003 	mov	r0, r3
    4888:	ebfff967 	bl	2e2c <free@plt>
    488c:	e51b3020 	ldr	r3, [fp, #-32]	@ 0xffffffe0
    4890:	e5932000 	ldr	r2, [r3]
    4894:	e51b0020 	ldr	r0, [fp, #-32]	@ 0xffffffe0
    4898:	e3a0102c 	mov	r1, #44	@ 0x2c
    489c:	e1a03002 	mov	r3, r2
    48a0:	e1a03083 	lsl	r3, r3, #1
    48a4:	e0833002 	add	r3, r3, r2
    48a8:	e1a03183 	lsl	r3, r3, #3
    48ac:	e0803003 	add	r3, r0, r3
    48b0:	e0833001 	add	r3, r3, r1
    48b4:	e3a02000 	mov	r2, #0
    48b8:	e5832000 	str	r2, [r3]
    48bc:	e51b3020 	ldr	r3, [fp, #-32]	@ 0xffffffe0
    48c0:	e5934000 	ldr	r4, [r3]
    48c4:	e51b301c 	ldr	r3, [fp, #-28]	@ 0xffffffe4
    48c8:	e1a00003 	mov	r0, r3
    48cc:	ebfff869 	bl	2a78 <malloc@plt>
    48d0:	e1a03000 	mov	r3, r0
    48d4:	e1a02003 	mov	r2, r3
    48d8:	e51b0020 	ldr	r0, [fp, #-32]	@ 0xffffffe0
    48dc:	e3a0102c 	mov	r1, #44	@ 0x2c
    48e0:	e1a03004 	mov	r3, r4
    48e4:	e1a03083 	lsl	r3, r3, #1
    48e8:	e0833004 	add	r3, r3, r4
    48ec:	e1a03183 	lsl	r3, r3, #3
    48f0:	e0803003 	add	r3, r0, r3
    48f4:	e0833001 	add	r3, r3, r1
    48f8:	e5832000 	str	r2, [r3]
    48fc:	e51b3020 	ldr	r3, [fp, #-32]	@ 0xffffffe0
    4900:	e5932000 	ldr	r2, [r3]
    4904:	e51b0020 	ldr	r0, [fp, #-32]	@ 0xffffffe0
    4908:	e3a0102c 	mov	r1, #44	@ 0x2c
    490c:	e1a03002 	mov	r3, r2
    4910:	e1a03083 	lsl	r3, r3, #1
    4914:	e0833002 	add	r3, r3, r2
    4918:	e1a03183 	lsl	r3, r3, #3
    491c:	e0803003 	add	r3, r0, r3
    4920:	e0833001 	add	r3, r3, r1
    4924:	e5933000 	ldr	r3, [r3]
    4928:	e3530000 	cmp	r3, #0
    492c:	1a000009 	bne	4958 <buffers_put_data_with_pts+0x2b0>
    4930:	e59f00b8 	ldr	r0, [pc, #184]	@ 49f0 <buffers_put_data_with_pts+0x348>
    4934:	e59f10b8 	ldr	r1, [pc, #184]	@ 49f4 <buffers_put_data_with_pts+0x34c>
    4938:	e59f20b8 	ldr	r2, [pc, #184]	@ 49f8 <buffers_put_data_with_pts+0x350>
    493c:	ebfff898 	bl	2ba4 <printf@plt>
    4940:	e51b3020 	ldr	r3, [fp, #-32]	@ 0xffffffe0
    4944:	e2833014 	add	r3, r3, #20
    4948:	e1a00003 	mov	r0, r3
    494c:	ebfff846 	bl	2a6c <ak_thread_mutex_unlock@plt>
    4950:	e3a03000 	mov	r3, #0
    4954:	ea000022 	b	49e4 <buffers_put_data_with_pts+0x33c>
    4958:	e51b3020 	ldr	r3, [fp, #-32]	@ 0xffffffe0
    495c:	e5932000 	ldr	r2, [r3]
    4960:	e51b0020 	ldr	r0, [fp, #-32]	@ 0xffffffe0
    4964:	e3a0102c 	mov	r1, #44	@ 0x2c
    4968:	e1a03002 	mov	r3, r2
    496c:	e1a03083 	lsl	r3, r3, #1
    4970:	e0833002 	add	r3, r3, r2
    4974:	e1a03183 	lsl	r3, r3, #3
    4978:	e0803003 	add	r3, r0, r3
    497c:	e0833001 	add	r3, r3, r1
    4980:	e5932000 	ldr	r2, [r3]
    4984:	e51b301c 	ldr	r3, [fp, #-28]	@ 0xffffffe4
    4988:	e1a00002 	mov	r0, r2
    498c:	e51b1018 	ldr	r1, [fp, #-24]	@ 0xffffffe8
    4990:	e1a02003 	mov	r2, r3
    4994:	ebfff94e 	bl	2ed4 <memcpy@plt>
    4998:	e51b3020 	ldr	r3, [fp, #-32]	@ 0xffffffe0
    499c:	e5933000 	ldr	r3, [r3]
    49a0:	e2832001 	add	r2, r3, #1
    49a4:	e51b3020 	ldr	r3, [fp, #-32]	@ 0xffffffe0
    49a8:	e5933008 	ldr	r3, [r3, #8]
    49ac:	e1a00002 	mov	r0, r2
    49b0:	e1a01003 	mov	r1, r3
    49b4:	eb002e79 	bl	103a0 <ak_aslc_process+0x4b0>
    49b8:	e1a03001 	mov	r3, r1
    49bc:	e1a02003 	mov	r2, r3
    49c0:	e51b3020 	ldr	r3, [fp, #-32]	@ 0xffffffe0
    49c4:	e5832000 	str	r2, [r3]
    49c8:	e3a03001 	mov	r3, #1
    49cc:	e50b3010 	str	r3, [fp, #-16]
    49d0:	e51b3020 	ldr	r3, [fp, #-32]	@ 0xffffffe0
    49d4:	e2833014 	add	r3, r3, #20
    49d8:	e1a00003 	mov	r0, r3
    49dc:	ebfff822 	bl	2a6c <ak_thread_mutex_unlock@plt>
    49e0:	e51b3010 	ldr	r3, [fp, #-16]
    49e4:	e1a00003 	mov	r0, r3
    49e8:	e24bd008 	sub	sp, fp, #8
    49ec:	e8bd8810 	pop	{r4, fp, pc}
    49f0:	00010438 	andeq	r0, r1, r8, lsr r4
    49f4:	00010740 	andeq	r0, r1, r0, asr #14
    49f8:	00000103 	andeq	r0, r0, r3, lsl #2

000049fc <buffers_put_pframe_data_with_pts>:
    49fc:	e92d4810 	push	{r4, fp, lr}
    4a00:	e28db008 	add	fp, sp, #8
    4a04:	e24dd01c 	sub	sp, sp, #28
    4a08:	e50b0018 	str	r0, [fp, #-24]	@ 0xffffffe8
    4a0c:	e50b101c 	str	r1, [fp, #-28]	@ 0xffffffe4
    4a10:	e50b2020 	str	r2, [fp, #-32]	@ 0xffffffe0
    4a14:	e50b3024 	str	r3, [fp, #-36]	@ 0xffffffdc
    4a18:	e3a03000 	mov	r3, #0
    4a1c:	e50b3010 	str	r3, [fp, #-16]
    4a20:	e51b3020 	ldr	r3, [fp, #-32]	@ 0xffffffe0
    4a24:	e2833014 	add	r3, r3, #20
    4a28:	e1a00003 	mov	r0, r3
    4a2c:	ebfff85f 	bl	2bb0 <ak_thread_mutex_lock@plt>
    4a30:	e51b0020 	ldr	r0, [fp, #-32]	@ 0xffffffe0
    4a34:	e59b1004 	ldr	r1, [fp, #4]
    4a38:	e59b2008 	ldr	r2, [fp, #8]
    4a3c:	ebfffa13 	bl	3290 <buffers_clear+0x188>
    4a40:	e1a03000 	mov	r3, r0
    4a44:	e3530000 	cmp	r3, #0
    4a48:	1a000005 	bne	4a64 <buffers_put_pframe_data_with_pts+0x68>
    4a4c:	e51b3020 	ldr	r3, [fp, #-32]	@ 0xffffffe0
    4a50:	e2833014 	add	r3, r3, #20
    4a54:	e1a00003 	mov	r0, r3
    4a58:	ebfff803 	bl	2a6c <ak_thread_mutex_unlock@plt>
    4a5c:	e3a03000 	mov	r3, #0
    4a60:	ea0000bc 	b	4d58 <buffers_put_pframe_data_with_pts+0x35c>
    4a64:	e51b3020 	ldr	r3, [fp, #-32]	@ 0xffffffe0
    4a68:	e5933000 	ldr	r3, [r3]
    4a6c:	e2832001 	add	r2, r3, #1
    4a70:	e51b3020 	ldr	r3, [fp, #-32]	@ 0xffffffe0
    4a74:	e5933008 	ldr	r3, [r3, #8]
    4a78:	e1a00002 	mov	r0, r2
    4a7c:	e1a01003 	mov	r1, r3
    4a80:	eb002e46 	bl	103a0 <ak_aslc_process+0x4b0>
    4a84:	e1a03001 	mov	r3, r1
    4a88:	e1a02003 	mov	r2, r3
    4a8c:	e51b3020 	ldr	r3, [fp, #-32]	@ 0xffffffe0
    4a90:	e5933004 	ldr	r3, [r3, #4]
    4a94:	e1520003 	cmp	r2, r3
    4a98:	1a000002 	bne	4aa8 <buffers_put_pframe_data_with_pts+0xac>
    4a9c:	e3a03000 	mov	r3, #0
    4aa0:	e50b3010 	str	r3, [fp, #-16]
    4aa4:	ea0000a6 	b	4d44 <buffers_put_pframe_data_with_pts+0x348>
    4aa8:	e51b3020 	ldr	r3, [fp, #-32]	@ 0xffffffe0
    4aac:	e5932000 	ldr	r2, [r3]
    4ab0:	e51b101c 	ldr	r1, [fp, #-28]	@ 0xffffffe4
    4ab4:	e51bc020 	ldr	ip, [fp, #-32]	@ 0xffffffe0
    4ab8:	e3a00030 	mov	r0, #48	@ 0x30
    4abc:	e1a03002 	mov	r3, r2
    4ac0:	e1a03083 	lsl	r3, r3, #1
    4ac4:	e0833002 	add	r3, r3, r2
    4ac8:	e1a03183 	lsl	r3, r3, #3
    4acc:	e08c3003 	add	r3, ip, r3
    4ad0:	e0833000 	add	r3, r3, r0
    4ad4:	e5831000 	str	r1, [r3]
    4ad8:	e51b3020 	ldr	r3, [fp, #-32]	@ 0xffffffe0
    4adc:	e5932000 	ldr	r2, [r3]
    4ae0:	e51b0020 	ldr	r0, [fp, #-32]	@ 0xffffffe0
    4ae4:	e3a01034 	mov	r1, #52	@ 0x34
    4ae8:	e1a03002 	mov	r3, r2
    4aec:	e1a03083 	lsl	r3, r3, #1
    4af0:	e0833002 	add	r3, r3, r2
    4af4:	e1a03183 	lsl	r3, r3, #3
    4af8:	e0803003 	add	r3, r0, r3
    4afc:	e0833001 	add	r3, r3, r1
    4b00:	e51b2024 	ldr	r2, [fp, #-36]	@ 0xffffffdc
    4b04:	e5832000 	str	r2, [r3]
    4b08:	e51b3020 	ldr	r3, [fp, #-32]	@ 0xffffffe0
    4b0c:	e5932000 	ldr	r2, [r3]
    4b10:	e51b0020 	ldr	r0, [fp, #-32]	@ 0xffffffe0
    4b14:	e3a0103c 	mov	r1, #60	@ 0x3c
    4b18:	e1a03002 	mov	r3, r2
    4b1c:	e1a03083 	lsl	r3, r3, #1
    4b20:	e0833002 	add	r3, r3, r2
    4b24:	e1a03183 	lsl	r3, r3, #3
    4b28:	e0803003 	add	r3, r0, r3
    4b2c:	e0833001 	add	r3, r3, r1
    4b30:	e59b2004 	ldr	r2, [fp, #4]
    4b34:	e5832000 	str	r2, [r3]
    4b38:	e51b3020 	ldr	r3, [fp, #-32]	@ 0xffffffe0
    4b3c:	e5932000 	ldr	r2, [r3]
    4b40:	e51b0020 	ldr	r0, [fp, #-32]	@ 0xffffffe0
    4b44:	e3a01038 	mov	r1, #56	@ 0x38
    4b48:	e1a03002 	mov	r3, r2
    4b4c:	e1a03083 	lsl	r3, r3, #1
    4b50:	e0833002 	add	r3, r3, r2
    4b54:	e1a03183 	lsl	r3, r3, #3
    4b58:	e0803003 	add	r3, r0, r3
    4b5c:	e0833001 	add	r3, r3, r1
    4b60:	e59b2008 	ldr	r2, [fp, #8]
    4b64:	e5832000 	str	r2, [r3]
    4b68:	e51b3020 	ldr	r3, [fp, #-32]	@ 0xffffffe0
    4b6c:	e5932000 	ldr	r2, [r3]
    4b70:	e51b0020 	ldr	r0, [fp, #-32]	@ 0xffffffe0
    4b74:	e3a01040 	mov	r1, #64	@ 0x40
    4b78:	e1a03002 	mov	r3, r2
    4b7c:	e1a03083 	lsl	r3, r3, #1
    4b80:	e0833002 	add	r3, r3, r2
    4b84:	e1a03183 	lsl	r3, r3, #3
    4b88:	e0803003 	add	r3, r0, r3
    4b8c:	e0833001 	add	r3, r3, r1
    4b90:	e59b200c 	ldr	r2, [fp, #12]
    4b94:	e5832000 	str	r2, [r3]
    4b98:	e51b3020 	ldr	r3, [fp, #-32]	@ 0xffffffe0
    4b9c:	e5932000 	ldr	r2, [r3]
    4ba0:	e51b0020 	ldr	r0, [fp, #-32]	@ 0xffffffe0
    4ba4:	e3a0102c 	mov	r1, #44	@ 0x2c
    4ba8:	e1a03002 	mov	r3, r2
    4bac:	e1a03083 	lsl	r3, r3, #1
    4bb0:	e0833002 	add	r3, r3, r2
    4bb4:	e1a03183 	lsl	r3, r3, #3
    4bb8:	e0803003 	add	r3, r0, r3
    4bbc:	e0833001 	add	r3, r3, r1
    4bc0:	e5933000 	ldr	r3, [r3]
    4bc4:	e3530000 	cmp	r3, #0
    4bc8:	0a000018 	beq	4c30 <buffers_put_pframe_data_with_pts+0x234>
    4bcc:	e51b3020 	ldr	r3, [fp, #-32]	@ 0xffffffe0
    4bd0:	e5932000 	ldr	r2, [r3]
    4bd4:	e51b0020 	ldr	r0, [fp, #-32]	@ 0xffffffe0
    4bd8:	e3a0102c 	mov	r1, #44	@ 0x2c
    4bdc:	e1a03002 	mov	r3, r2
    4be0:	e1a03083 	lsl	r3, r3, #1
    4be4:	e0833002 	add	r3, r3, r2
    4be8:	e1a03183 	lsl	r3, r3, #3
    4bec:	e0803003 	add	r3, r0, r3
    4bf0:	e0833001 	add	r3, r3, r1
    4bf4:	e5933000 	ldr	r3, [r3]
    4bf8:	e1a00003 	mov	r0, r3
    4bfc:	ebfff88a 	bl	2e2c <free@plt>
    4c00:	e51b3020 	ldr	r3, [fp, #-32]	@ 0xffffffe0
    4c04:	e5932000 	ldr	r2, [r3]
    4c08:	e51b0020 	ldr	r0, [fp, #-32]	@ 0xffffffe0
    4c0c:	e3a0102c 	mov	r1, #44	@ 0x2c
    4c10:	e1a03002 	mov	r3, r2
    4c14:	e1a03083 	lsl	r3, r3, #1
    4c18:	e0833002 	add	r3, r3, r2
    4c1c:	e1a03183 	lsl	r3, r3, #3
    4c20:	e0803003 	add	r3, r0, r3
    4c24:	e0833001 	add	r3, r3, r1
    4c28:	e3a02000 	mov	r2, #0
    4c2c:	e5832000 	str	r2, [r3]
    4c30:	e51b3020 	ldr	r3, [fp, #-32]	@ 0xffffffe0
    4c34:	e5934000 	ldr	r4, [r3]
    4c38:	e51b301c 	ldr	r3, [fp, #-28]	@ 0xffffffe4
    4c3c:	e1a00003 	mov	r0, r3
    4c40:	ebfff78c 	bl	2a78 <malloc@plt>
    4c44:	e1a03000 	mov	r3, r0
    4c48:	e1a02003 	mov	r2, r3
    4c4c:	e51b0020 	ldr	r0, [fp, #-32]	@ 0xffffffe0
    4c50:	e3a0102c 	mov	r1, #44	@ 0x2c
    4c54:	e1a03004 	mov	r3, r4
    4c58:	e1a03083 	lsl	r3, r3, #1
    4c5c:	e0833004 	add	r3, r3, r4
    4c60:	e1a03183 	lsl	r3, r3, #3
    4c64:	e0803003 	add	r3, r0, r3
    4c68:	e0833001 	add	r3, r3, r1
    4c6c:	e5832000 	str	r2, [r3]
    4c70:	e51b3020 	ldr	r3, [fp, #-32]	@ 0xffffffe0
    4c74:	e5932000 	ldr	r2, [r3]
    4c78:	e51b0020 	ldr	r0, [fp, #-32]	@ 0xffffffe0
    4c7c:	e3a0102c 	mov	r1, #44	@ 0x2c
    4c80:	e1a03002 	mov	r3, r2
    4c84:	e1a03083 	lsl	r3, r3, #1
    4c88:	e0833002 	add	r3, r3, r2
    4c8c:	e1a03183 	lsl	r3, r3, #3
    4c90:	e0803003 	add	r3, r0, r3
    4c94:	e0833001 	add	r3, r3, r1
    4c98:	e5933000 	ldr	r3, [r3]
    4c9c:	e3530000 	cmp	r3, #0
    4ca0:	1a000009 	bne	4ccc <buffers_put_pframe_data_with_pts+0x2d0>
    4ca4:	e59f00b8 	ldr	r0, [pc, #184]	@ 4d64 <buffers_put_pframe_data_with_pts+0x368>
    4ca8:	e59f10b8 	ldr	r1, [pc, #184]	@ 4d68 <buffers_put_pframe_data_with_pts+0x36c>
    4cac:	e3a02f4d 	mov	r2, #308	@ 0x134
    4cb0:	ebfff7bb 	bl	2ba4 <printf@plt>
    4cb4:	e51b3020 	ldr	r3, [fp, #-32]	@ 0xffffffe0
    4cb8:	e2833014 	add	r3, r3, #20
    4cbc:	e1a00003 	mov	r0, r3
    4cc0:	ebfff769 	bl	2a6c <ak_thread_mutex_unlock@plt>
    4cc4:	e3a03000 	mov	r3, #0
    4cc8:	ea000022 	b	4d58 <buffers_put_pframe_data_with_pts+0x35c>
    4ccc:	e51b3020 	ldr	r3, [fp, #-32]	@ 0xffffffe0
    4cd0:	e5932000 	ldr	r2, [r3]
    4cd4:	e51b0020 	ldr	r0, [fp, #-32]	@ 0xffffffe0
    4cd8:	e3a0102c 	mov	r1, #44	@ 0x2c
    4cdc:	e1a03002 	mov	r3, r2
    4ce0:	e1a03083 	lsl	r3, r3, #1
    4ce4:	e0833002 	add	r3, r3, r2
    4ce8:	e1a03183 	lsl	r3, r3, #3
    4cec:	e0803003 	add	r3, r0, r3
    4cf0:	e0833001 	add	r3, r3, r1
    4cf4:	e5932000 	ldr	r2, [r3]
    4cf8:	e51b301c 	ldr	r3, [fp, #-28]	@ 0xffffffe4
    4cfc:	e1a00002 	mov	r0, r2
    4d00:	e51b1018 	ldr	r1, [fp, #-24]	@ 0xffffffe8
    4d04:	e1a02003 	mov	r2, r3
    4d08:	ebfff871 	bl	2ed4 <memcpy@plt>
    4d0c:	e51b3020 	ldr	r3, [fp, #-32]	@ 0xffffffe0
    4d10:	e5933000 	ldr	r3, [r3]
    4d14:	e2832001 	add	r2, r3, #1
    4d18:	e51b3020 	ldr	r3, [fp, #-32]	@ 0xffffffe0
    4d1c:	e5933008 	ldr	r3, [r3, #8]
    4d20:	e1a00002 	mov	r0, r2
    4d24:	e1a01003 	mov	r1, r3
    4d28:	eb002d9c 	bl	103a0 <ak_aslc_process+0x4b0>
    4d2c:	e1a03001 	mov	r3, r1
    4d30:	e1a02003 	mov	r2, r3
    4d34:	e51b3020 	ldr	r3, [fp, #-32]	@ 0xffffffe0
    4d38:	e5832000 	str	r2, [r3]
    4d3c:	e3a03001 	mov	r3, #1
    4d40:	e50b3010 	str	r3, [fp, #-16]
    4d44:	e51b3020 	ldr	r3, [fp, #-32]	@ 0xffffffe0
    4d48:	e2833014 	add	r3, r3, #20
    4d4c:	e1a00003 	mov	r0, r3
    4d50:	ebfff745 	bl	2a6c <ak_thread_mutex_unlock@plt>
    4d54:	e51b3010 	ldr	r3, [fp, #-16]
    4d58:	e1a00003 	mov	r0, r3
    4d5c:	e24bd008 	sub	sp, fp, #8
    4d60:	e8bd8810 	pop	{r4, fp, pc}
    4d64:	00010438 	andeq	r0, r1, r8, lsr r4
    4d68:	0001075c 	andeq	r0, r1, ip, asr r7

00004d6c <buffers_put_iframe_data_with_pts>:
    4d6c:	e92d4810 	push	{r4, fp, lr}
    4d70:	e28db008 	add	fp, sp, #8
    4d74:	e24dd024 	sub	sp, sp, #36	@ 0x24
    4d78:	e50b0020 	str	r0, [fp, #-32]	@ 0xffffffe0
    4d7c:	e50b1024 	str	r1, [fp, #-36]	@ 0xffffffdc
    4d80:	e50b2028 	str	r2, [fp, #-40]	@ 0xffffffd8
    4d84:	e50b302c 	str	r3, [fp, #-44]	@ 0xffffffd4
    4d88:	e3a03000 	mov	r3, #0
    4d8c:	e50b3018 	str	r3, [fp, #-24]	@ 0xffffffe8
    4d90:	e51b3028 	ldr	r3, [fp, #-40]	@ 0xffffffd8
    4d94:	e2833014 	add	r3, r3, #20
    4d98:	e1a00003 	mov	r0, r3
    4d9c:	ebfff783 	bl	2bb0 <ak_thread_mutex_lock@plt>
    4da0:	e51b3028 	ldr	r3, [fp, #-40]	@ 0xffffffd8
    4da4:	e5933000 	ldr	r3, [r3]
    4da8:	e2832001 	add	r2, r3, #1
    4dac:	e51b3028 	ldr	r3, [fp, #-40]	@ 0xffffffd8
    4db0:	e5933008 	ldr	r3, [r3, #8]
    4db4:	e1a00002 	mov	r0, r2
    4db8:	e1a01003 	mov	r1, r3
    4dbc:	eb002d77 	bl	103a0 <ak_aslc_process+0x4b0>
    4dc0:	e1a03001 	mov	r3, r1
    4dc4:	e1a02003 	mov	r2, r3
    4dc8:	e51b3028 	ldr	r3, [fp, #-40]	@ 0xffffffd8
    4dcc:	e5933004 	ldr	r3, [r3, #4]
    4dd0:	e1520003 	cmp	r2, r3
    4dd4:	1a00015d 	bne	5350 <buffers_put_iframe_data_with_pts+0x5e4>
    4dd8:	e59f082c 	ldr	r0, [pc, #2092]	@ 560c <buffers_put_iframe_data_with_pts+0x8a0>
    4ddc:	ebfff827 	bl	2e80 <puts@plt>
    4de0:	e3a03000 	mov	r3, #0
    4de4:	e50b3010 	str	r3, [fp, #-16]
    4de8:	ea000151 	b	5334 <buffers_put_iframe_data_with_pts+0x5c8>
    4dec:	e51b3028 	ldr	r3, [fp, #-40]	@ 0xffffffd8
    4df0:	e5932000 	ldr	r2, [r3]
    4df4:	e51b3010 	ldr	r3, [fp, #-16]
    4df8:	e0633002 	rsb	r3, r3, r2
    4dfc:	e2433001 	sub	r3, r3, #1
    4e00:	e50b3014 	str	r3, [fp, #-20]	@ 0xffffffec
    4e04:	e51b3014 	ldr	r3, [fp, #-20]	@ 0xffffffec
    4e08:	e3530000 	cmp	r3, #0
    4e0c:	aa000004 	bge	4e24 <buffers_put_iframe_data_with_pts+0xb8>
    4e10:	e51b3028 	ldr	r3, [fp, #-40]	@ 0xffffffd8
    4e14:	e5933008 	ldr	r3, [r3, #8]
    4e18:	e51b2014 	ldr	r2, [fp, #-20]	@ 0xffffffec
    4e1c:	e0823003 	add	r3, r2, r3
    4e20:	e50b3014 	str	r3, [fp, #-20]	@ 0xffffffec
    4e24:	e51b0028 	ldr	r0, [fp, #-40]	@ 0xffffffd8
    4e28:	e51b2014 	ldr	r2, [fp, #-20]	@ 0xffffffec
    4e2c:	e3a01034 	mov	r1, #52	@ 0x34
    4e30:	e1a03002 	mov	r3, r2
    4e34:	e1a03083 	lsl	r3, r3, #1
    4e38:	e0833002 	add	r3, r3, r2
    4e3c:	e1a03183 	lsl	r3, r3, #3
    4e40:	e0803003 	add	r3, r0, r3
    4e44:	e0833001 	add	r3, r3, r1
    4e48:	e5933000 	ldr	r3, [r3]
    4e4c:	e3530002 	cmp	r3, #2
    4e50:	0a000093 	beq	50a4 <buffers_put_iframe_data_with_pts+0x338>
    4e54:	e51b1024 	ldr	r1, [fp, #-36]	@ 0xffffffdc
    4e58:	e51bc028 	ldr	ip, [fp, #-40]	@ 0xffffffd8
    4e5c:	e51b2014 	ldr	r2, [fp, #-20]	@ 0xffffffec
    4e60:	e3a00030 	mov	r0, #48	@ 0x30
    4e64:	e1a03002 	mov	r3, r2
    4e68:	e1a03083 	lsl	r3, r3, #1
    4e6c:	e0833002 	add	r3, r3, r2
    4e70:	e1a03183 	lsl	r3, r3, #3
    4e74:	e08c3003 	add	r3, ip, r3
    4e78:	e0833000 	add	r3, r3, r0
    4e7c:	e5831000 	str	r1, [r3]
    4e80:	e51b0028 	ldr	r0, [fp, #-40]	@ 0xffffffd8
    4e84:	e51b2014 	ldr	r2, [fp, #-20]	@ 0xffffffec
    4e88:	e3a01034 	mov	r1, #52	@ 0x34
    4e8c:	e1a03002 	mov	r3, r2
    4e90:	e1a03083 	lsl	r3, r3, #1
    4e94:	e0833002 	add	r3, r3, r2
    4e98:	e1a03183 	lsl	r3, r3, #3
    4e9c:	e0803003 	add	r3, r0, r3
    4ea0:	e0833001 	add	r3, r3, r1
    4ea4:	e51b202c 	ldr	r2, [fp, #-44]	@ 0xffffffd4
    4ea8:	e5832000 	str	r2, [r3]
    4eac:	e51b0028 	ldr	r0, [fp, #-40]	@ 0xffffffd8
    4eb0:	e51b2014 	ldr	r2, [fp, #-20]	@ 0xffffffec
    4eb4:	e3a0103c 	mov	r1, #60	@ 0x3c
    4eb8:	e1a03002 	mov	r3, r2
    4ebc:	e1a03083 	lsl	r3, r3, #1
    4ec0:	e0833002 	add	r3, r3, r2
    4ec4:	e1a03183 	lsl	r3, r3, #3
    4ec8:	e0803003 	add	r3, r0, r3
    4ecc:	e0833001 	add	r3, r3, r1
    4ed0:	e59b2004 	ldr	r2, [fp, #4]
    4ed4:	e5832000 	str	r2, [r3]
    4ed8:	e51b0028 	ldr	r0, [fp, #-40]	@ 0xffffffd8
    4edc:	e51b2014 	ldr	r2, [fp, #-20]	@ 0xffffffec
    4ee0:	e3a01038 	mov	r1, #56	@ 0x38
    4ee4:	e1a03002 	mov	r3, r2
    4ee8:	e1a03083 	lsl	r3, r3, #1
    4eec:	e0833002 	add	r3, r3, r2
    4ef0:	e1a03183 	lsl	r3, r3, #3
    4ef4:	e0803003 	add	r3, r0, r3
    4ef8:	e0833001 	add	r3, r3, r1
    4efc:	e59b2008 	ldr	r2, [fp, #8]
    4f00:	e5832000 	str	r2, [r3]
    4f04:	e51b0028 	ldr	r0, [fp, #-40]	@ 0xffffffd8
    4f08:	e51b2014 	ldr	r2, [fp, #-20]	@ 0xffffffec
    4f0c:	e3a01040 	mov	r1, #64	@ 0x40
    4f10:	e1a03002 	mov	r3, r2
    4f14:	e1a03083 	lsl	r3, r3, #1
    4f18:	e0833002 	add	r3, r3, r2
    4f1c:	e1a03183 	lsl	r3, r3, #3
    4f20:	e0803003 	add	r3, r0, r3
    4f24:	e0833001 	add	r3, r3, r1
    4f28:	e59b200c 	ldr	r2, [fp, #12]
    4f2c:	e5832000 	str	r2, [r3]
    4f30:	e51b0028 	ldr	r0, [fp, #-40]	@ 0xffffffd8
    4f34:	e51b2014 	ldr	r2, [fp, #-20]	@ 0xffffffec
    4f38:	e3a0102c 	mov	r1, #44	@ 0x2c
    4f3c:	e1a03002 	mov	r3, r2
    4f40:	e1a03083 	lsl	r3, r3, #1
    4f44:	e0833002 	add	r3, r3, r2
    4f48:	e1a03183 	lsl	r3, r3, #3
    4f4c:	e0803003 	add	r3, r0, r3
    4f50:	e0833001 	add	r3, r3, r1
    4f54:	e5933000 	ldr	r3, [r3]
    4f58:	e3530000 	cmp	r3, #0
    4f5c:	0a000016 	beq	4fbc <buffers_put_iframe_data_with_pts+0x250>
    4f60:	e51b0028 	ldr	r0, [fp, #-40]	@ 0xffffffd8
    4f64:	e51b2014 	ldr	r2, [fp, #-20]	@ 0xffffffec
    4f68:	e3a0102c 	mov	r1, #44	@ 0x2c
    4f6c:	e1a03002 	mov	r3, r2
    4f70:	e1a03083 	lsl	r3, r3, #1
    4f74:	e0833002 	add	r3, r3, r2
    4f78:	e1a03183 	lsl	r3, r3, #3
    4f7c:	e0803003 	add	r3, r0, r3
    4f80:	e0833001 	add	r3, r3, r1
    4f84:	e5933000 	ldr	r3, [r3]
    4f88:	e1a00003 	mov	r0, r3
    4f8c:	ebfff7a6 	bl	2e2c <free@plt>
    4f90:	e51b0028 	ldr	r0, [fp, #-40]	@ 0xffffffd8
    4f94:	e51b2014 	ldr	r2, [fp, #-20]	@ 0xffffffec
    4f98:	e3a0102c 	mov	r1, #44	@ 0x2c
    4f9c:	e1a03002 	mov	r3, r2
    4fa0:	e1a03083 	lsl	r3, r3, #1
    4fa4:	e0833002 	add	r3, r3, r2
    4fa8:	e1a03183 	lsl	r3, r3, #3
    4fac:	e0803003 	add	r3, r0, r3
    4fb0:	e0833001 	add	r3, r3, r1
    4fb4:	e3a02000 	mov	r2, #0
    4fb8:	e5832000 	str	r2, [r3]
    4fbc:	e51b3024 	ldr	r3, [fp, #-36]	@ 0xffffffdc
    4fc0:	e1a00003 	mov	r0, r3
    4fc4:	ebfff6ab 	bl	2a78 <malloc@plt>
    4fc8:	e1a03000 	mov	r3, r0
    4fcc:	e1a01003 	mov	r1, r3
    4fd0:	e51bc028 	ldr	ip, [fp, #-40]	@ 0xffffffd8
    4fd4:	e51b2014 	ldr	r2, [fp, #-20]	@ 0xffffffec
    4fd8:	e3a0002c 	mov	r0, #44	@ 0x2c
    4fdc:	e1a03002 	mov	r3, r2
    4fe0:	e1a03083 	lsl	r3, r3, #1
    4fe4:	e0833002 	add	r3, r3, r2
    4fe8:	e1a03183 	lsl	r3, r3, #3
    4fec:	e08c3003 	add	r3, ip, r3
    4ff0:	e0833000 	add	r3, r3, r0
    4ff4:	e5831000 	str	r1, [r3]
    4ff8:	e51b0028 	ldr	r0, [fp, #-40]	@ 0xffffffd8
    4ffc:	e51b2014 	ldr	r2, [fp, #-20]	@ 0xffffffec
    5000:	e3a0102c 	mov	r1, #44	@ 0x2c
    5004:	e1a03002 	mov	r3, r2
    5008:	e1a03083 	lsl	r3, r3, #1
    500c:	e0833002 	add	r3, r3, r2
    5010:	e1a03183 	lsl	r3, r3, #3
    5014:	e0803003 	add	r3, r0, r3
    5018:	e0833001 	add	r3, r3, r1
    501c:	e5933000 	ldr	r3, [r3]
    5020:	e3530000 	cmp	r3, #0
    5024:	1a000009 	bne	5050 <buffers_put_iframe_data_with_pts+0x2e4>
    5028:	e59f05e0 	ldr	r0, [pc, #1504]	@ 5610 <buffers_put_iframe_data_with_pts+0x8a4>
    502c:	e59f15e0 	ldr	r1, [pc, #1504]	@ 5614 <buffers_put_iframe_data_with_pts+0x8a8>
    5030:	e3a02f59 	mov	r2, #356	@ 0x164
    5034:	ebfff6da 	bl	2ba4 <printf@plt>
    5038:	e51b3028 	ldr	r3, [fp, #-40]	@ 0xffffffd8
    503c:	e2833014 	add	r3, r3, #20
    5040:	e1a00003 	mov	r0, r3
    5044:	ebfff688 	bl	2a6c <ak_thread_mutex_unlock@plt>
    5048:	e3a03000 	mov	r3, #0
    504c:	ea00016b 	b	5600 <buffers_put_iframe_data_with_pts+0x894>
    5050:	e51b0028 	ldr	r0, [fp, #-40]	@ 0xffffffd8
    5054:	e51b2014 	ldr	r2, [fp, #-20]	@ 0xffffffec
    5058:	e3a0102c 	mov	r1, #44	@ 0x2c
    505c:	e1a03002 	mov	r3, r2
    5060:	e1a03083 	lsl	r3, r3, #1
    5064:	e0833002 	add	r3, r3, r2
    5068:	e1a03183 	lsl	r3, r3, #3
    506c:	e0803003 	add	r3, r0, r3
    5070:	e0833001 	add	r3, r3, r1
    5074:	e5932000 	ldr	r2, [r3]
    5078:	e51b3024 	ldr	r3, [fp, #-36]	@ 0xffffffdc
    507c:	e1a00002 	mov	r0, r2
    5080:	e51b1020 	ldr	r1, [fp, #-32]	@ 0xffffffe0
    5084:	e1a02003 	mov	r2, r3
    5088:	ebfff791 	bl	2ed4 <memcpy@plt>
    508c:	e51b3028 	ldr	r3, [fp, #-40]	@ 0xffffffd8
    5090:	e2833014 	add	r3, r3, #20
    5094:	e1a00003 	mov	r0, r3
    5098:	ebfff673 	bl	2a6c <ak_thread_mutex_unlock@plt>
    509c:	e3a03001 	mov	r3, #1
    50a0:	ea000156 	b	5600 <buffers_put_iframe_data_with_pts+0x894>
    50a4:	e51b0028 	ldr	r0, [fp, #-40]	@ 0xffffffd8
    50a8:	e51b2014 	ldr	r2, [fp, #-20]	@ 0xffffffec
    50ac:	e3a0103c 	mov	r1, #60	@ 0x3c
    50b0:	e1a03002 	mov	r3, r2
    50b4:	e1a03083 	lsl	r3, r3, #1
    50b8:	e0833002 	add	r3, r3, r2
    50bc:	e1a03183 	lsl	r3, r3, #3
    50c0:	e0803003 	add	r3, r0, r3
    50c4:	e0833001 	add	r3, r3, r1
    50c8:	e5932000 	ldr	r2, [r3]
    50cc:	e59b3004 	ldr	r3, [fp, #4]
    50d0:	e1520003 	cmp	r2, r3
    50d4:	1a000093 	bne	5328 <buffers_put_iframe_data_with_pts+0x5bc>
    50d8:	e51b1024 	ldr	r1, [fp, #-36]	@ 0xffffffdc
    50dc:	e51bc028 	ldr	ip, [fp, #-40]	@ 0xffffffd8
    50e0:	e51b2014 	ldr	r2, [fp, #-20]	@ 0xffffffec
    50e4:	e3a00030 	mov	r0, #48	@ 0x30
    50e8:	e1a03002 	mov	r3, r2
    50ec:	e1a03083 	lsl	r3, r3, #1
    50f0:	e0833002 	add	r3, r3, r2
    50f4:	e1a03183 	lsl	r3, r3, #3
    50f8:	e08c3003 	add	r3, ip, r3
    50fc:	e0833000 	add	r3, r3, r0
    5100:	e5831000 	str	r1, [r3]
    5104:	e51b0028 	ldr	r0, [fp, #-40]	@ 0xffffffd8
    5108:	e51b2014 	ldr	r2, [fp, #-20]	@ 0xffffffec
    510c:	e3a01034 	mov	r1, #52	@ 0x34
    5110:	e1a03002 	mov	r3, r2
    5114:	e1a03083 	lsl	r3, r3, #1
    5118:	e0833002 	add	r3, r3, r2
    511c:	e1a03183 	lsl	r3, r3, #3
    5120:	e0803003 	add	r3, r0, r3
    5124:	e0833001 	add	r3, r3, r1
    5128:	e51b202c 	ldr	r2, [fp, #-44]	@ 0xffffffd4
    512c:	e5832000 	str	r2, [r3]
    5130:	e51b0028 	ldr	r0, [fp, #-40]	@ 0xffffffd8
    5134:	e51b2014 	ldr	r2, [fp, #-20]	@ 0xffffffec
    5138:	e3a0103c 	mov	r1, #60	@ 0x3c
    513c:	e1a03002 	mov	r3, r2
    5140:	e1a03083 	lsl	r3, r3, #1
    5144:	e0833002 	add	r3, r3, r2
    5148:	e1a03183 	lsl	r3, r3, #3
    514c:	e0803003 	add	r3, r0, r3
    5150:	e0833001 	add	r3, r3, r1
    5154:	e59b2004 	ldr	r2, [fp, #4]
    5158:	e5832000 	str	r2, [r3]
    515c:	e51b0028 	ldr	r0, [fp, #-40]	@ 0xffffffd8
    5160:	e51b2014 	ldr	r2, [fp, #-20]	@ 0xffffffec
    5164:	e3a01038 	mov	r1, #56	@ 0x38
    5168:	e1a03002 	mov	r3, r2
    516c:	e1a03083 	lsl	r3, r3, #1
    5170:	e0833002 	add	r3, r3, r2
    5174:	e1a03183 	lsl	r3, r3, #3
    5178:	e0803003 	add	r3, r0, r3
    517c:	e0833001 	add	r3, r3, r1
    5180:	e59b2008 	ldr	r2, [fp, #8]
    5184:	e5832000 	str	r2, [r3]
    5188:	e51b0028 	ldr	r0, [fp, #-40]	@ 0xffffffd8
    518c:	e51b2014 	ldr	r2, [fp, #-20]	@ 0xffffffec
    5190:	e3a01040 	mov	r1, #64	@ 0x40
    5194:	e1a03002 	mov	r3, r2
    5198:	e1a03083 	lsl	r3, r3, #1
    519c:	e0833002 	add	r3, r3, r2
    51a0:	e1a03183 	lsl	r3, r3, #3
    51a4:	e0803003 	add	r3, r0, r3
    51a8:	e0833001 	add	r3, r3, r1
    51ac:	e59b200c 	ldr	r2, [fp, #12]
    51b0:	e5832000 	str	r2, [r3]
    51b4:	e51b0028 	ldr	r0, [fp, #-40]	@ 0xffffffd8
    51b8:	e51b2014 	ldr	r2, [fp, #-20]	@ 0xffffffec
    51bc:	e3a0102c 	mov	r1, #44	@ 0x2c
    51c0:	e1a03002 	mov	r3, r2
    51c4:	e1a03083 	lsl	r3, r3, #1
    51c8:	e0833002 	add	r3, r3, r2
    51cc:	e1a03183 	lsl	r3, r3, #3
    51d0:	e0803003 	add	r3, r0, r3
    51d4:	e0833001 	add	r3, r3, r1
    51d8:	e5933000 	ldr	r3, [r3]
    51dc:	e3530000 	cmp	r3, #0
    51e0:	0a000016 	beq	5240 <buffers_put_iframe_data_with_pts+0x4d4>
    51e4:	e51b0028 	ldr	r0, [fp, #-40]	@ 0xffffffd8
    51e8:	e51b2014 	ldr	r2, [fp, #-20]	@ 0xffffffec
    51ec:	e3a0102c 	mov	r1, #44	@ 0x2c
    51f0:	e1a03002 	mov	r3, r2
    51f4:	e1a03083 	lsl	r3, r3, #1
    51f8:	e0833002 	add	r3, r3, r2
    51fc:	e1a03183 	lsl	r3, r3, #3
    5200:	e0803003 	add	r3, r0, r3
    5204:	e0833001 	add	r3, r3, r1
    5208:	e5933000 	ldr	r3, [r3]
    520c:	e1a00003 	mov	r0, r3
    5210:	ebfff705 	bl	2e2c <free@plt>
    5214:	e51b0028 	ldr	r0, [fp, #-40]	@ 0xffffffd8
    5218:	e51b2014 	ldr	r2, [fp, #-20]	@ 0xffffffec
    521c:	e3a0102c 	mov	r1, #44	@ 0x2c
    5220:	e1a03002 	mov	r3, r2
    5224:	e1a03083 	lsl	r3, r3, #1
    5228:	e0833002 	add	r3, r3, r2
    522c:	e1a03183 	lsl	r3, r3, #3
    5230:	e0803003 	add	r3, r0, r3
    5234:	e0833001 	add	r3, r3, r1
    5238:	e3a02000 	mov	r2, #0
    523c:	e5832000 	str	r2, [r3]
    5240:	e51b3024 	ldr	r3, [fp, #-36]	@ 0xffffffdc
    5244:	e1a00003 	mov	r0, r3
    5248:	ebfff60a 	bl	2a78 <malloc@plt>
    524c:	e1a03000 	mov	r3, r0
    5250:	e1a01003 	mov	r1, r3
    5254:	e51bc028 	ldr	ip, [fp, #-40]	@ 0xffffffd8
    5258:	e51b2014 	ldr	r2, [fp, #-20]	@ 0xffffffec
    525c:	e3a0002c 	mov	r0, #44	@ 0x2c
    5260:	e1a03002 	mov	r3, r2
    5264:	e1a03083 	lsl	r3, r3, #1
    5268:	e0833002 	add	r3, r3, r2
    526c:	e1a03183 	lsl	r3, r3, #3
    5270:	e08c3003 	add	r3, ip, r3
    5274:	e0833000 	add	r3, r3, r0
    5278:	e5831000 	str	r1, [r3]
    527c:	e51b0028 	ldr	r0, [fp, #-40]	@ 0xffffffd8
    5280:	e51b2014 	ldr	r2, [fp, #-20]	@ 0xffffffec
    5284:	e3a0102c 	mov	r1, #44	@ 0x2c
    5288:	e1a03002 	mov	r3, r2
    528c:	e1a03083 	lsl	r3, r3, #1
    5290:	e0833002 	add	r3, r3, r2
    5294:	e1a03183 	lsl	r3, r3, #3
    5298:	e0803003 	add	r3, r0, r3
    529c:	e0833001 	add	r3, r3, r1
    52a0:	e5933000 	ldr	r3, [r3]
    52a4:	e3530000 	cmp	r3, #0
    52a8:	1a000009 	bne	52d4 <buffers_put_iframe_data_with_pts+0x568>
    52ac:	e59f035c 	ldr	r0, [pc, #860]	@ 5610 <buffers_put_iframe_data_with_pts+0x8a4>
    52b0:	e59f135c 	ldr	r1, [pc, #860]	@ 5614 <buffers_put_iframe_data_with_pts+0x8a8>
    52b4:	e59f235c 	ldr	r2, [pc, #860]	@ 5618 <buffers_put_iframe_data_with_pts+0x8ac>
    52b8:	ebfff639 	bl	2ba4 <printf@plt>
    52bc:	e51b3028 	ldr	r3, [fp, #-40]	@ 0xffffffd8
    52c0:	e2833014 	add	r3, r3, #20
    52c4:	e1a00003 	mov	r0, r3
    52c8:	ebfff5e7 	bl	2a6c <ak_thread_mutex_unlock@plt>
    52cc:	e3a03000 	mov	r3, #0
    52d0:	ea0000ca 	b	5600 <buffers_put_iframe_data_with_pts+0x894>
    52d4:	e51b0028 	ldr	r0, [fp, #-40]	@ 0xffffffd8
    52d8:	e51b2014 	ldr	r2, [fp, #-20]	@ 0xffffffec
    52dc:	e3a0102c 	mov	r1, #44	@ 0x2c
    52e0:	e1a03002 	mov	r3, r2
    52e4:	e1a03083 	lsl	r3, r3, #1
    52e8:	e0833002 	add	r3, r3, r2
    52ec:	e1a03183 	lsl	r3, r3, #3
    52f0:	e0803003 	add	r3, r0, r3
    52f4:	e0833001 	add	r3, r3, r1
    52f8:	e5932000 	ldr	r2, [r3]
    52fc:	e51b3024 	ldr	r3, [fp, #-36]	@ 0xffffffdc
    5300:	e1a00002 	mov	r0, r2
    5304:	e51b1020 	ldr	r1, [fp, #-32]	@ 0xffffffe0
    5308:	e1a02003 	mov	r2, r3
    530c:	ebfff6f0 	bl	2ed4 <memcpy@plt>
    5310:	e51b3028 	ldr	r3, [fp, #-40]	@ 0xffffffd8
    5314:	e2833014 	add	r3, r3, #20
    5318:	e1a00003 	mov	r0, r3
    531c:	ebfff5d2 	bl	2a6c <ak_thread_mutex_unlock@plt>
    5320:	e3a03001 	mov	r3, #1
    5324:	ea0000b5 	b	5600 <buffers_put_iframe_data_with_pts+0x894>
    5328:	e51b3010 	ldr	r3, [fp, #-16]
    532c:	e2833001 	add	r3, r3, #1
    5330:	e50b3010 	str	r3, [fp, #-16]
    5334:	e51b3028 	ldr	r3, [fp, #-40]	@ 0xffffffd8
    5338:	e5933008 	ldr	r3, [r3, #8]
    533c:	e2432001 	sub	r2, r3, #1
    5340:	e51b3010 	ldr	r3, [fp, #-16]
    5344:	e1520003 	cmp	r2, r3
    5348:	cafffea7 	bgt	4dec <buffers_put_iframe_data_with_pts+0x80>
    534c:	ea0000a6 	b	55ec <buffers_put_iframe_data_with_pts+0x880>
    5350:	e51b3028 	ldr	r3, [fp, #-40]	@ 0xffffffd8
    5354:	e5932000 	ldr	r2, [r3]
    5358:	e51b1024 	ldr	r1, [fp, #-36]	@ 0xffffffdc
    535c:	e51bc028 	ldr	ip, [fp, #-40]	@ 0xffffffd8
    5360:	e3a00030 	mov	r0, #48	@ 0x30
    5364:	e1a03002 	mov	r3, r2
    5368:	e1a03083 	lsl	r3, r3, #1
    536c:	e0833002 	add	r3, r3, r2
    5370:	e1a03183 	lsl	r3, r3, #3
    5374:	e08c3003 	add	r3, ip, r3
    5378:	e0833000 	add	r3, r3, r0
    537c:	e5831000 	str	r1, [r3]
    5380:	e51b3028 	ldr	r3, [fp, #-40]	@ 0xffffffd8
    5384:	e5932000 	ldr	r2, [r3]
    5388:	e51b0028 	ldr	r0, [fp, #-40]	@ 0xffffffd8
    538c:	e3a01034 	mov	r1, #52	@ 0x34
    5390:	e1a03002 	mov	r3, r2
    5394:	e1a03083 	lsl	r3, r3, #1
    5398:	e0833002 	add	r3, r3, r2
    539c:	e1a03183 	lsl	r3, r3, #3
    53a0:	e0803003 	add	r3, r0, r3
    53a4:	e0833001 	add	r3, r3, r1
    53a8:	e51b202c 	ldr	r2, [fp, #-44]	@ 0xffffffd4
    53ac:	e5832000 	str	r2, [r3]
    53b0:	e51b3028 	ldr	r3, [fp, #-40]	@ 0xffffffd8
    53b4:	e5932000 	ldr	r2, [r3]
    53b8:	e51b0028 	ldr	r0, [fp, #-40]	@ 0xffffffd8
    53bc:	e3a0103c 	mov	r1, #60	@ 0x3c
    53c0:	e1a03002 	mov	r3, r2
    53c4:	e1a03083 	lsl	r3, r3, #1
    53c8:	e0833002 	add	r3, r3, r2
    53cc:	e1a03183 	lsl	r3, r3, #3
    53d0:	e0803003 	add	r3, r0, r3
    53d4:	e0833001 	add	r3, r3, r1
    53d8:	e59b2004 	ldr	r2, [fp, #4]
    53dc:	e5832000 	str	r2, [r3]
    53e0:	e51b3028 	ldr	r3, [fp, #-40]	@ 0xffffffd8
    53e4:	e5932000 	ldr	r2, [r3]
    53e8:	e51b0028 	ldr	r0, [fp, #-40]	@ 0xffffffd8
    53ec:	e3a01038 	mov	r1, #56	@ 0x38
    53f0:	e1a03002 	mov	r3, r2
    53f4:	e1a03083 	lsl	r3, r3, #1
    53f8:	e0833002 	add	r3, r3, r2
    53fc:	e1a03183 	lsl	r3, r3, #3
    5400:	e0803003 	add	r3, r0, r3
    5404:	e0833001 	add	r3, r3, r1
    5408:	e59b2008 	ldr	r2, [fp, #8]
    540c:	e5832000 	str	r2, [r3]
    5410:	e51b3028 	ldr	r3, [fp, #-40]	@ 0xffffffd8
    5414:	e5932000 	ldr	r2, [r3]
    5418:	e51b0028 	ldr	r0, [fp, #-40]	@ 0xffffffd8
    541c:	e3a01040 	mov	r1, #64	@ 0x40
    5420:	e1a03002 	mov	r3, r2
    5424:	e1a03083 	lsl	r3, r3, #1
    5428:	e0833002 	add	r3, r3, r2
    542c:	e1a03183 	lsl	r3, r3, #3
    5430:	e0803003 	add	r3, r0, r3
    5434:	e0833001 	add	r3, r3, r1
    5438:	e59b200c 	ldr	r2, [fp, #12]
    543c:	e5832000 	str	r2, [r3]
    5440:	e51b3028 	ldr	r3, [fp, #-40]	@ 0xffffffd8
    5444:	e5932000 	ldr	r2, [r3]
    5448:	e51b0028 	ldr	r0, [fp, #-40]	@ 0xffffffd8
    544c:	e3a0102c 	mov	r1, #44	@ 0x2c
    5450:	e1a03002 	mov	r3, r2
    5454:	e1a03083 	lsl	r3, r3, #1
    5458:	e0833002 	add	r3, r3, r2
    545c:	e1a03183 	lsl	r3, r3, #3
    5460:	e0803003 	add	r3, r0, r3
    5464:	e0833001 	add	r3, r3, r1
    5468:	e5933000 	ldr	r3, [r3]
    546c:	e3530000 	cmp	r3, #0
    5470:	0a000018 	beq	54d8 <buffers_put_iframe_data_with_pts+0x76c>
    5474:	e51b3028 	ldr	r3, [fp, #-40]	@ 0xffffffd8
    5478:	e5932000 	ldr	r2, [r3]
    547c:	e51b0028 	ldr	r0, [fp, #-40]	@ 0xffffffd8
    5480:	e3a0102c 	mov	r1, #44	@ 0x2c
    5484:	e1a03002 	mov	r3, r2
    5488:	e1a03083 	lsl	r3, r3, #1
    548c:	e0833002 	add	r3, r3, r2
    5490:	e1a03183 	lsl	r3, r3, #3
    5494:	e0803003 	add	r3, r0, r3
    5498:	e0833001 	add	r3, r3, r1
    549c:	e5933000 	ldr	r3, [r3]
    54a0:	e1a00003 	mov	r0, r3
    54a4:	ebfff660 	bl	2e2c <free@plt>
    54a8:	e51b3028 	ldr	r3, [fp, #-40]	@ 0xffffffd8
    54ac:	e5932000 	ldr	r2, [r3]
    54b0:	e51b0028 	ldr	r0, [fp, #-40]	@ 0xffffffd8
    54b4:	e3a0102c 	mov	r1, #44	@ 0x2c
    54b8:	e1a03002 	mov	r3, r2
    54bc:	e1a03083 	lsl	r3, r3, #1
    54c0:	e0833002 	add	r3, r3, r2
    54c4:	e1a03183 	lsl	r3, r3, #3
    54c8:	e0803003 	add	r3, r0, r3
    54cc:	e0833001 	add	r3, r3, r1
    54d0:	e3a02000 	mov	r2, #0
    54d4:	e5832000 	str	r2, [r3]
    54d8:	e51b3028 	ldr	r3, [fp, #-40]	@ 0xffffffd8
    54dc:	e5934000 	ldr	r4, [r3]
    54e0:	e51b3024 	ldr	r3, [fp, #-36]	@ 0xffffffdc
    54e4:	e1a00003 	mov	r0, r3
    54e8:	ebfff562 	bl	2a78 <malloc@plt>
    54ec:	e1a03000 	mov	r3, r0
    54f0:	e1a02003 	mov	r2, r3
    54f4:	e51b0028 	ldr	r0, [fp, #-40]	@ 0xffffffd8
    54f8:	e3a0102c 	mov	r1, #44	@ 0x2c
    54fc:	e1a03004 	mov	r3, r4
    5500:	e1a03083 	lsl	r3, r3, #1
    5504:	e0833004 	add	r3, r3, r4
    5508:	e1a03183 	lsl	r3, r3, #3
    550c:	e0803003 	add	r3, r0, r3
    5510:	e0833001 	add	r3, r3, r1
    5514:	e5832000 	str	r2, [r3]
    5518:	e51b3028 	ldr	r3, [fp, #-40]	@ 0xffffffd8
    551c:	e5932000 	ldr	r2, [r3]
    5520:	e51b0028 	ldr	r0, [fp, #-40]	@ 0xffffffd8
    5524:	e3a0102c 	mov	r1, #44	@ 0x2c
    5528:	e1a03002 	mov	r3, r2
    552c:	e1a03083 	lsl	r3, r3, #1
    5530:	e0833002 	add	r3, r3, r2
    5534:	e1a03183 	lsl	r3, r3, #3
    5538:	e0803003 	add	r3, r0, r3
    553c:	e0833001 	add	r3, r3, r1
    5540:	e5933000 	ldr	r3, [r3]
    5544:	e3530000 	cmp	r3, #0
    5548:	1a000009 	bne	5574 <buffers_put_iframe_data_with_pts+0x808>
    554c:	e59f00bc 	ldr	r0, [pc, #188]	@ 5610 <buffers_put_iframe_data_with_pts+0x8a4>
    5550:	e59f10bc 	ldr	r1, [pc, #188]	@ 5614 <buffers_put_iframe_data_with_pts+0x8a8>
    5554:	e59f20c0 	ldr	r2, [pc, #192]	@ 561c <buffers_put_iframe_data_with_pts+0x8b0>
    5558:	ebfff591 	bl	2ba4 <printf@plt>
    555c:	e51b3028 	ldr	r3, [fp, #-40]	@ 0xffffffd8
    5560:	e2833014 	add	r3, r3, #20
    5564:	e1a00003 	mov	r0, r3
    5568:	ebfff53f 	bl	2a6c <ak_thread_mutex_unlock@plt>
    556c:	e3a03000 	mov	r3, #0
    5570:	ea000022 	b	5600 <buffers_put_iframe_data_with_pts+0x894>
    5574:	e51b3028 	ldr	r3, [fp, #-40]	@ 0xffffffd8
    5578:	e5932000 	ldr	r2, [r3]
    557c:	e51b0028 	ldr	r0, [fp, #-40]	@ 0xffffffd8
    5580:	e3a0102c 	mov	r1, #44	@ 0x2c
    5584:	e1a03002 	mov	r3, r2
    5588:	e1a03083 	lsl	r3, r3, #1
    558c:	e0833002 	add	r3, r3, r2
    5590:	e1a03183 	lsl	r3, r3, #3
    5594:	e0803003 	add	r3, r0, r3
    5598:	e0833001 	add	r3, r3, r1
    559c:	e5932000 	ldr	r2, [r3]
    55a0:	e51b3024 	ldr	r3, [fp, #-36]	@ 0xffffffdc
    55a4:	e1a00002 	mov	r0, r2
    55a8:	e51b1020 	ldr	r1, [fp, #-32]	@ 0xffffffe0
    55ac:	e1a02003 	mov	r2, r3
    55b0:	ebfff647 	bl	2ed4 <memcpy@plt>
    55b4:	e51b3028 	ldr	r3, [fp, #-40]	@ 0xffffffd8
    55b8:	e5933000 	ldr	r3, [r3]
    55bc:	e2832001 	add	r2, r3, #1
    55c0:	e51b3028 	ldr	r3, [fp, #-40]	@ 0xffffffd8
    55c4:	e5933008 	ldr	r3, [r3, #8]
    55c8:	e1a00002 	mov	r0, r2
    55cc:	e1a01003 	mov	r1, r3
    55d0:	eb002b72 	bl	103a0 <ak_aslc_process+0x4b0>
    55d4:	e1a03001 	mov	r3, r1
    55d8:	e1a02003 	mov	r2, r3
    55dc:	e51b3028 	ldr	r3, [fp, #-40]	@ 0xffffffd8
    55e0:	e5832000 	str	r2, [r3]
    55e4:	e3a03001 	mov	r3, #1
    55e8:	e50b3018 	str	r3, [fp, #-24]	@ 0xffffffe8
    55ec:	e51b3028 	ldr	r3, [fp, #-40]	@ 0xffffffd8
    55f0:	e2833014 	add	r3, r3, #20
    55f4:	e1a00003 	mov	r0, r3
    55f8:	ebfff51b 	bl	2a6c <ak_thread_mutex_unlock@plt>
    55fc:	e51b3018 	ldr	r3, [fp, #-24]	@ 0xffffffe8
    5600:	e1a00003 	mov	r0, r3
    5604:	e24bd008 	sub	sp, fp, #8
    5608:	e8bd8810 	pop	{r4, fp, pc}
    560c:	00010478 	andeq	r0, r1, r8, ror r4
    5610:	00010438 	andeq	r0, r1, r8, lsr r4
    5614:	00010780 	andeq	r0, r1, r0, lsl #15
    5618:	00000179 	andeq	r0, r0, r9, ror r1
    561c:	0000018f 	andeq	r0, r0, pc, lsl #3

00005620 <buffers_clear_data>:
    5620:	e92d4800 	push	{fp, lr}
    5624:	e28db004 	add	fp, sp, #4
    5628:	e24dd010 	sub	sp, sp, #16
    562c:	e50b0010 	str	r0, [fp, #-16]
    5630:	e51b3010 	ldr	r3, [fp, #-16]
    5634:	e2833014 	add	r3, r3, #20
    5638:	e1a00003 	mov	r0, r3
    563c:	ebfff55b 	bl	2bb0 <ak_thread_mutex_lock@plt>
    5640:	e51b3010 	ldr	r3, [fp, #-16]
    5644:	e3a02000 	mov	r2, #0
    5648:	e5832000 	str	r2, [r3]
    564c:	e51b3010 	ldr	r3, [fp, #-16]
    5650:	e3a02000 	mov	r2, #0
    5654:	e5832004 	str	r2, [r3, #4]
    5658:	e3a03000 	mov	r3, #0
    565c:	e50b3008 	str	r3, [fp, #-8]
    5660:	ea00003b 	b	5754 <buffers_clear_data+0x134>
    5664:	e51b0010 	ldr	r0, [fp, #-16]
    5668:	e51b2008 	ldr	r2, [fp, #-8]
    566c:	e3a0103c 	mov	r1, #60	@ 0x3c
    5670:	e1a03002 	mov	r3, r2
    5674:	e1a03083 	lsl	r3, r3, #1
    5678:	e0833002 	add	r3, r3, r2
    567c:	e1a03183 	lsl	r3, r3, #3
    5680:	e0803003 	add	r3, r0, r3
    5684:	e0833001 	add	r3, r3, r1
    5688:	e3e02000 	mvn	r2, #0
    568c:	e5832000 	str	r2, [r3]
    5690:	e51b0010 	ldr	r0, [fp, #-16]
    5694:	e51b2008 	ldr	r2, [fp, #-8]
    5698:	e3a0102c 	mov	r1, #44	@ 0x2c
    569c:	e1a03002 	mov	r3, r2
    56a0:	e1a03083 	lsl	r3, r3, #1
    56a4:	e0833002 	add	r3, r3, r2
    56a8:	e1a03183 	lsl	r3, r3, #3
    56ac:	e0803003 	add	r3, r0, r3
    56b0:	e0833001 	add	r3, r3, r1
    56b4:	e5933000 	ldr	r3, [r3]
    56b8:	e3530000 	cmp	r3, #0
    56bc:	0a000016 	beq	571c <buffers_clear_data+0xfc>
    56c0:	e51b0010 	ldr	r0, [fp, #-16]
    56c4:	e51b2008 	ldr	r2, [fp, #-8]
    56c8:	e3a0102c 	mov	r1, #44	@ 0x2c
    56cc:	e1a03002 	mov	r3, r2
    56d0:	e1a03083 	lsl	r3, r3, #1
    56d4:	e0833002 	add	r3, r3, r2
    56d8:	e1a03183 	lsl	r3, r3, #3
    56dc:	e0803003 	add	r3, r0, r3
    56e0:	e0833001 	add	r3, r3, r1
    56e4:	e5933000 	ldr	r3, [r3]
    56e8:	e1a00003 	mov	r0, r3
    56ec:	ebfff5ce 	bl	2e2c <free@plt>
    56f0:	e51b0010 	ldr	r0, [fp, #-16]
    56f4:	e51b2008 	ldr	r2, [fp, #-8]
    56f8:	e3a0102c 	mov	r1, #44	@ 0x2c
    56fc:	e1a03002 	mov	r3, r2
    5700:	e1a03083 	lsl	r3, r3, #1
    5704:	e0833002 	add	r3, r3, r2
    5708:	e1a03183 	lsl	r3, r3, #3
    570c:	e0803003 	add	r3, r0, r3
    5710:	e0833001 	add	r3, r3, r1
    5714:	e3a02000 	mov	r2, #0
    5718:	e5832000 	str	r2, [r3]
    571c:	e51b0010 	ldr	r0, [fp, #-16]
    5720:	e51b2008 	ldr	r2, [fp, #-8]
    5724:	e3a01030 	mov	r1, #48	@ 0x30
    5728:	e1a03002 	mov	r3, r2
    572c:	e1a03083 	lsl	r3, r3, #1
    5730:	e0833002 	add	r3, r3, r2
    5734:	e1a03183 	lsl	r3, r3, #3
    5738:	e0803003 	add	r3, r0, r3
    573c:	e0833001 	add	r3, r3, r1
    5740:	e3a02000 	mov	r2, #0
    5744:	e5832000 	str	r2, [r3]
    5748:	e51b3008 	ldr	r3, [fp, #-8]
    574c:	e2833001 	add	r3, r3, #1
    5750:	e50b3008 	str	r3, [fp, #-8]
    5754:	e51b3010 	ldr	r3, [fp, #-16]
    5758:	e5933008 	ldr	r3, [r3, #8]
    575c:	e2432001 	sub	r2, r3, #1
    5760:	e51b3008 	ldr	r3, [fp, #-8]
    5764:	e1520003 	cmp	r2, r3
    5768:	caffffbd 	bgt	5664 <buffers_clear_data+0x44>
    576c:	e51b3010 	ldr	r3, [fp, #-16]
    5770:	e2833014 	add	r3, r3, #20
    5774:	e1a00003 	mov	r0, r3
    5778:	ebfff4bb 	bl	2a6c <ak_thread_mutex_unlock@plt>
    577c:	e24bd004 	sub	sp, fp, #4
    5780:	e8bd8800 	pop	{fp, pc}

00005784 <dvs_init_buffers>:
    5784:	e92d4800 	push	{fp, lr}
    5788:	e28db004 	add	fp, sp, #4
    578c:	e24dd018 	sub	sp, sp, #24
    5790:	e50b0010 	str	r0, [fp, #-16]
    5794:	e50b1014 	str	r1, [fp, #-20]	@ 0xffffffec
    5798:	e50b2018 	str	r2, [fp, #-24]	@ 0xffffffe8
    579c:	e51b3010 	ldr	r3, [fp, #-16]
    57a0:	e3a02000 	mov	r2, #0
    57a4:	e5832000 	str	r2, [r3]
    57a8:	e51b3010 	ldr	r3, [fp, #-16]
    57ac:	e3a02000 	mov	r2, #0
    57b0:	e5832004 	str	r2, [r3, #4]
    57b4:	e51b3010 	ldr	r3, [fp, #-16]
    57b8:	e51b2014 	ldr	r2, [fp, #-20]	@ 0xffffffec
    57bc:	e583200c 	str	r2, [r3, #12]
    57c0:	e51b3018 	ldr	r3, [fp, #-24]	@ 0xffffffe8
    57c4:	e3530064 	cmp	r3, #100	@ 0x64
    57c8:	da000003 	ble	57dc <dvs_init_buffers+0x58>
    57cc:	e51b3010 	ldr	r3, [fp, #-16]
    57d0:	e3a02064 	mov	r2, #100	@ 0x64
    57d4:	e5832008 	str	r2, [r3, #8]
    57d8:	ea000002 	b	57e8 <dvs_init_buffers+0x64>
    57dc:	e51b3010 	ldr	r3, [fp, #-16]
    57e0:	e51b2018 	ldr	r2, [fp, #-24]	@ 0xffffffe8
    57e4:	e5832008 	str	r2, [r3, #8]
    57e8:	e3a03000 	mov	r3, #0
    57ec:	e50b3008 	str	r3, [fp, #-8]
    57f0:	ea000044 	b	5908 <dvs_init_buffers+0x184>
    57f4:	e51b0010 	ldr	r0, [fp, #-16]
    57f8:	e51b2008 	ldr	r2, [fp, #-8]
    57fc:	e3a01030 	mov	r1, #48	@ 0x30
    5800:	e1a03002 	mov	r3, r2
    5804:	e1a03083 	lsl	r3, r3, #1
    5808:	e0833002 	add	r3, r3, r2
    580c:	e1a03183 	lsl	r3, r3, #3
    5810:	e0803003 	add	r3, r0, r3
    5814:	e0833001 	add	r3, r3, r1
    5818:	e3a02000 	mov	r2, #0
    581c:	e5832000 	str	r2, [r3]
    5820:	e51b0010 	ldr	r0, [fp, #-16]
    5824:	e51b2008 	ldr	r2, [fp, #-8]
    5828:	e3a0102c 	mov	r1, #44	@ 0x2c
    582c:	e1a03002 	mov	r3, r2
    5830:	e1a03083 	lsl	r3, r3, #1
    5834:	e0833002 	add	r3, r3, r2
    5838:	e1a03183 	lsl	r3, r3, #3
    583c:	e0803003 	add	r3, r0, r3
    5840:	e0833001 	add	r3, r3, r1
    5844:	e3a02000 	mov	r2, #0
    5848:	e5832000 	str	r2, [r3]
    584c:	e51b0010 	ldr	r0, [fp, #-16]
    5850:	e51b2008 	ldr	r2, [fp, #-8]
    5854:	e3a01034 	mov	r1, #52	@ 0x34
    5858:	e1a03002 	mov	r3, r2
    585c:	e1a03083 	lsl	r3, r3, #1
    5860:	e0833002 	add	r3, r3, r2
    5864:	e1a03183 	lsl	r3, r3, #3
    5868:	e0803003 	add	r3, r0, r3
    586c:	e0833001 	add	r3, r3, r1
    5870:	e3e02000 	mvn	r2, #0
    5874:	e5832000 	str	r2, [r3]
    5878:	e51b0010 	ldr	r0, [fp, #-16]
    587c:	e51b2008 	ldr	r2, [fp, #-8]
    5880:	e3a0103c 	mov	r1, #60	@ 0x3c
    5884:	e1a03002 	mov	r3, r2
    5888:	e1a03083 	lsl	r3, r3, #1
    588c:	e0833002 	add	r3, r3, r2
    5890:	e1a03183 	lsl	r3, r3, #3
    5894:	e0803003 	add	r3, r0, r3
    5898:	e0833001 	add	r3, r3, r1
    589c:	e3e02000 	mvn	r2, #0
    58a0:	e5832000 	str	r2, [r3]
    58a4:	e51b0010 	ldr	r0, [fp, #-16]
    58a8:	e51b2008 	ldr	r2, [fp, #-8]
    58ac:	e3a01040 	mov	r1, #64	@ 0x40
    58b0:	e1a03002 	mov	r3, r2
    58b4:	e1a03083 	lsl	r3, r3, #1
    58b8:	e0833002 	add	r3, r3, r2
    58bc:	e1a03183 	lsl	r3, r3, #3
    58c0:	e0803003 	add	r3, r0, r3
    58c4:	e0833001 	add	r3, r3, r1
    58c8:	e3a02000 	mov	r2, #0
    58cc:	e5832000 	str	r2, [r3]
    58d0:	e51b0010 	ldr	r0, [fp, #-16]
    58d4:	e51b2008 	ldr	r2, [fp, #-8]
    58d8:	e3a01038 	mov	r1, #56	@ 0x38
    58dc:	e1a03002 	mov	r3, r2
    58e0:	e1a03083 	lsl	r3, r3, #1
    58e4:	e0833002 	add	r3, r3, r2
    58e8:	e1a03183 	lsl	r3, r3, #3
    58ec:	e0803003 	add	r3, r0, r3
    58f0:	e0833001 	add	r3, r3, r1
    58f4:	e3a02000 	mov	r2, #0
    58f8:	e5832000 	str	r2, [r3]
    58fc:	e51b3008 	ldr	r3, [fp, #-8]
    5900:	e2833001 	add	r3, r3, #1
    5904:	e50b3008 	str	r3, [fp, #-8]
    5908:	e51b3010 	ldr	r3, [fp, #-16]
    590c:	e5932008 	ldr	r2, [r3, #8]
    5910:	e51b3008 	ldr	r3, [fp, #-8]
    5914:	e1520003 	cmp	r2, r3
    5918:	caffffb5 	bgt	57f4 <dvs_init_buffers+0x70>
    591c:	e51b3010 	ldr	r3, [fp, #-16]
    5920:	e2833014 	add	r3, r3, #20
    5924:	e1a00003 	mov	r0, r3
    5928:	e3a01000 	mov	r1, #0
    592c:	ebfff4f6 	bl	2d0c <ak_thread_mutex_init@plt>
    5930:	e1a03000 	mov	r3, r0
    5934:	e3530000 	cmp	r3, #0
    5938:	0a000001 	beq	5944 <dvs_init_buffers+0x1c0>
    593c:	e3e03000 	mvn	r3, #0
    5940:	ea000000 	b	5948 <dvs_init_buffers+0x1c4>
    5944:	e3a03000 	mov	r3, #0
    5948:	e1a00003 	mov	r0, r3
    594c:	e24bd004 	sub	sp, fp, #4
    5950:	e8bd8800 	pop	{fp, pc}
    5954:	e92d4800 	push	{fp, lr}
    5958:	e28db004 	add	fp, sp, #4
    595c:	e24dd008 	sub	sp, sp, #8
    5960:	e50b0008 	str	r0, [fp, #-8]
    5964:	e50b100c 	str	r1, [fp, #-12]
    5968:	e51b3008 	ldr	r3, [fp, #-8]
    596c:	e1a00003 	mov	r0, r3
    5970:	e3a01000 	mov	r1, #0
    5974:	e3a02080 	mov	r2, #128	@ 0x80
    5978:	ebfff432 	bl	2a48 <memset@plt>
    597c:	e51b2008 	ldr	r2, [fp, #-8]
    5980:	e51b300c 	ldr	r3, [fp, #-12]
    5984:	e2833001 	add	r3, r3, #1
    5988:	e1a00002 	mov	r0, r2
    598c:	e59f12e0 	ldr	r1, [pc, #736]	@ 5c74 <dvs_init_buffers+0x4f0>
    5990:	e1a02003 	mov	r2, r3
    5994:	ebfff54b 	bl	2ec8 <sprintf@plt>
    5998:	e51b3008 	ldr	r3, [fp, #-8]
    599c:	e2833c1d 	add	r3, r3, #7424	@ 0x1d00
    59a0:	e2833034 	add	r3, r3, #52	@ 0x34
    59a4:	e1a00003 	mov	r0, r3
    59a8:	e3a01601 	mov	r1, #1048576	@ 0x100000
    59ac:	e3a02008 	mov	r2, #8
    59b0:	ebfff49f 	bl	2c34 <dvs_init_buffers@plt>
    59b4:	e1a03000 	mov	r3, r0
    59b8:	e3730001 	cmn	r3, #1
    59bc:	1a000006 	bne	59dc <dvs_init_buffers+0x258>
    59c0:	e3a00001 	mov	r0, #1
    59c4:	e59f12ac 	ldr	r1, [pc, #684]	@ 5c78 <dvs_init_buffers+0x4f4>
    59c8:	e59f22ac 	ldr	r2, [pc, #684]	@ 5c7c <dvs_init_buffers+0x4f8>
    59cc:	e59f32ac 	ldr	r3, [pc, #684]	@ 5c80 <dvs_init_buffers+0x4fc>
    59d0:	ebfff413 	bl	2a24 <ak_print@plt>
    59d4:	e3e03000 	mvn	r3, #0
    59d8:	ea0000a2 	b	5c68 <dvs_init_buffers+0x4e4>
    59dc:	e51b3008 	ldr	r3, [fp, #-8]
    59e0:	e2833d9b 	add	r3, r3, #9920	@ 0x26c0
    59e4:	e1a00003 	mov	r0, r3
    59e8:	e3a01701 	mov	r1, #262144	@ 0x40000
    59ec:	e3a02008 	mov	r2, #8
    59f0:	ebfff48f 	bl	2c34 <dvs_init_buffers@plt>
    59f4:	e1a03000 	mov	r3, r0
    59f8:	e3730001 	cmn	r3, #1
    59fc:	1a000006 	bne	5a1c <dvs_init_buffers+0x298>
    5a00:	e3a00001 	mov	r0, #1
    5a04:	e59f1278 	ldr	r1, [pc, #632]	@ 5c84 <dvs_init_buffers+0x500>
    5a08:	e59f226c 	ldr	r2, [pc, #620]	@ 5c7c <dvs_init_buffers+0x4f8>
    5a0c:	e3a03e22 	mov	r3, #544	@ 0x220
    5a10:	ebfff403 	bl	2a24 <ak_print@plt>
    5a14:	e3e03000 	mvn	r3, #0
    5a18:	ea000092 	b	5c68 <dvs_init_buffers+0x4e4>
    5a1c:	e51b3008 	ldr	r3, [fp, #-8]
    5a20:	e2833c36 	add	r3, r3, #13824	@ 0x3600
    5a24:	e2833020 	add	r3, r3, #32
    5a28:	e1a00003 	mov	r0, r3
    5a2c:	e3a01000 	mov	r1, #0
    5a30:	ebfff4b5 	bl	2d0c <ak_thread_mutex_init@plt>
    5a34:	e1a03000 	mov	r3, r0
    5a38:	e3530000 	cmp	r3, #0
    5a3c:	0a000006 	beq	5a5c <dvs_init_buffers+0x2d8>
    5a40:	e3a00001 	mov	r0, #1
    5a44:	e59f123c 	ldr	r1, [pc, #572]	@ 5c88 <dvs_init_buffers+0x504>
    5a48:	e59f222c 	ldr	r2, [pc, #556]	@ 5c7c <dvs_init_buffers+0x4f8>
    5a4c:	e59f3238 	ldr	r3, [pc, #568]	@ 5c8c <dvs_init_buffers+0x508>
    5a50:	ebfff3f3 	bl	2a24 <ak_print@plt>
    5a54:	e3e03000 	mvn	r3, #0
    5a58:	ea000082 	b	5c68 <dvs_init_buffers+0x4e4>
    5a5c:	e51b3008 	ldr	r3, [fp, #-8]
    5a60:	e2833c36 	add	r3, r3, #13824	@ 0x3600
    5a64:	e2833038 	add	r3, r3, #56	@ 0x38
    5a68:	e1a00003 	mov	r0, r3
    5a6c:	e3a01000 	mov	r1, #0
    5a70:	ebfff4a5 	bl	2d0c <ak_thread_mutex_init@plt>
    5a74:	e1a03000 	mov	r3, r0
    5a78:	e3530000 	cmp	r3, #0
    5a7c:	0a000006 	beq	5a9c <dvs_init_buffers+0x318>
    5a80:	e3a00001 	mov	r0, #1
    5a84:	e59f11fc 	ldr	r1, [pc, #508]	@ 5c88 <dvs_init_buffers+0x504>
    5a88:	e59f21ec 	ldr	r2, [pc, #492]	@ 5c7c <dvs_init_buffers+0x4f8>
    5a8c:	e59f31fc 	ldr	r3, [pc, #508]	@ 5c90 <dvs_init_buffers+0x50c>
    5a90:	ebfff3e3 	bl	2a24 <ak_print@plt>
    5a94:	e3e03000 	mvn	r3, #0
    5a98:	ea000072 	b	5c68 <dvs_init_buffers+0x4e4>
    5a9c:	e51b2008 	ldr	r2, [fp, #-8]
    5aa0:	e59f31ec 	ldr	r3, [pc, #492]	@ 5c94 <dvs_init_buffers+0x510>
    5aa4:	e3a01000 	mov	r1, #0
    5aa8:	e7821003 	str	r1, [r2, r3]
    5aac:	e51b2008 	ldr	r2, [fp, #-8]
    5ab0:	e59f31e0 	ldr	r3, [pc, #480]	@ 5c98 <dvs_init_buffers+0x514>
    5ab4:	e3a01000 	mov	r1, #0
    5ab8:	e7821003 	str	r1, [r2, r3]
    5abc:	e51b2008 	ldr	r2, [fp, #-8]
    5ac0:	e59f31d4 	ldr	r3, [pc, #468]	@ 5c9c <dvs_init_buffers+0x518>
    5ac4:	e3a01000 	mov	r1, #0
    5ac8:	e7821003 	str	r1, [r2, r3]
    5acc:	e51b2008 	ldr	r2, [fp, #-8]
    5ad0:	e59f31c8 	ldr	r3, [pc, #456]	@ 5ca0 <dvs_init_buffers+0x51c>
    5ad4:	e3a01000 	mov	r1, #0
    5ad8:	e7821003 	str	r1, [r2, r3]
    5adc:	e51b2008 	ldr	r2, [fp, #-8]
    5ae0:	e59f31bc 	ldr	r3, [pc, #444]	@ 5ca4 <dvs_init_buffers+0x520>
    5ae4:	e3a01000 	mov	r1, #0
    5ae8:	e7821003 	str	r1, [r2, r3]
    5aec:	e51b2008 	ldr	r2, [fp, #-8]
    5af0:	e59f31b0 	ldr	r3, [pc, #432]	@ 5ca8 <dvs_init_buffers+0x524>
    5af4:	e3a01000 	mov	r1, #0
    5af8:	e7821003 	str	r1, [r2, r3]
    5afc:	e51b2008 	ldr	r2, [fp, #-8]
    5b00:	e59f31a4 	ldr	r3, [pc, #420]	@ 5cac <dvs_init_buffers+0x528>
    5b04:	e3a01000 	mov	r1, #0
    5b08:	e7821003 	str	r1, [r2, r3]
    5b0c:	e51b2008 	ldr	r2, [fp, #-8]
    5b10:	e59f3198 	ldr	r3, [pc, #408]	@ 5cb0 <dvs_init_buffers+0x52c>
    5b14:	e3a01000 	mov	r1, #0
    5b18:	e7821003 	str	r1, [r2, r3]
    5b1c:	e51b2008 	ldr	r2, [fp, #-8]
    5b20:	e59f318c 	ldr	r3, [pc, #396]	@ 5cb4 <dvs_init_buffers+0x530>
    5b24:	e3a01000 	mov	r1, #0
    5b28:	e7821003 	str	r1, [r2, r3]
    5b2c:	e51b2008 	ldr	r2, [fp, #-8]
    5b30:	e59f3180 	ldr	r3, [pc, #384]	@ 5cb8 <dvs_init_buffers+0x534>
    5b34:	e3a01000 	mov	r1, #0
    5b38:	e7821003 	str	r1, [r2, r3]
    5b3c:	e51b2008 	ldr	r2, [fp, #-8]
    5b40:	e3a03dd3 	mov	r3, #13504	@ 0x34c0
    5b44:	e3a01000 	mov	r1, #0
    5b48:	e7821003 	str	r1, [r2, r3]
    5b4c:	e51b2008 	ldr	r2, [fp, #-8]
    5b50:	e59f3164 	ldr	r3, [pc, #356]	@ 5cbc <dvs_init_buffers+0x538>
    5b54:	e3a01000 	mov	r1, #0
    5b58:	e7821003 	str	r1, [r2, r3]
    5b5c:	e51b2008 	ldr	r2, [fp, #-8]
    5b60:	e59f3158 	ldr	r3, [pc, #344]	@ 5cc0 <dvs_init_buffers+0x53c>
    5b64:	e3a01000 	mov	r1, #0
    5b68:	e7821003 	str	r1, [r2, r3]
    5b6c:	e51b2008 	ldr	r2, [fp, #-8]
    5b70:	e59f314c 	ldr	r3, [pc, #332]	@ 5cc4 <dvs_init_buffers+0x540>
    5b74:	e3a01000 	mov	r1, #0
    5b78:	e7821003 	str	r1, [r2, r3]
    5b7c:	e51b2008 	ldr	r2, [fp, #-8]
    5b80:	e59f3140 	ldr	r3, [pc, #320]	@ 5cc8 <dvs_init_buffers+0x544>
    5b84:	e3a0100a 	mov	r1, #10
    5b88:	e7821003 	str	r1, [r2, r3]
    5b8c:	e51b2008 	ldr	r2, [fp, #-8]
    5b90:	e59f3134 	ldr	r3, [pc, #308]	@ 5ccc <dvs_init_buffers+0x548>
    5b94:	e3e01000 	mvn	r1, #0
    5b98:	e7821003 	str	r1, [r2, r3]
    5b9c:	e51b2008 	ldr	r2, [fp, #-8]
    5ba0:	e59f3128 	ldr	r3, [pc, #296]	@ 5cd0 <dvs_init_buffers+0x54c>
    5ba4:	e3e01000 	mvn	r1, #0
    5ba8:	e7821003 	str	r1, [r2, r3]
    5bac:	e51b2008 	ldr	r2, [fp, #-8]
    5bb0:	e59f311c 	ldr	r3, [pc, #284]	@ 5cd4 <dvs_init_buffers+0x550>
    5bb4:	e3e01000 	mvn	r1, #0
    5bb8:	e7821003 	str	r1, [r2, r3]
    5bbc:	e51b2008 	ldr	r2, [fp, #-8]
    5bc0:	e59f3110 	ldr	r3, [pc, #272]	@ 5cd8 <dvs_init_buffers+0x554>
    5bc4:	e3e01000 	mvn	r1, #0
    5bc8:	e7821003 	str	r1, [r2, r3]
    5bcc:	e51b2008 	ldr	r2, [fp, #-8]
    5bd0:	e59f3104 	ldr	r3, [pc, #260]	@ 5cdc <dvs_init_buffers+0x558>
    5bd4:	e3a01001 	mov	r1, #1
    5bd8:	e7821003 	str	r1, [r2, r3]
    5bdc:	e51b2008 	ldr	r2, [fp, #-8]
    5be0:	e59f30f8 	ldr	r3, [pc, #248]	@ 5ce0 <dvs_init_buffers+0x55c>
    5be4:	e3a01001 	mov	r1, #1
    5be8:	e7821003 	str	r1, [r2, r3]
    5bec:	e3a00001 	mov	r0, #1
    5bf0:	e3a01601 	mov	r1, #1048576	@ 0x100000
    5bf4:	ebfff43b 	bl	2ce8 <calloc@plt>
    5bf8:	e1a03000 	mov	r3, r0
    5bfc:	e1a01003 	mov	r1, r3
    5c00:	e51b2008 	ldr	r2, [fp, #-8]
    5c04:	e59f30d8 	ldr	r3, [pc, #216]	@ 5ce4 <dvs_init_buffers+0x560>
    5c08:	e7821003 	str	r1, [r2, r3]
    5c0c:	e51b2008 	ldr	r2, [fp, #-8]
    5c10:	e59f30cc 	ldr	r3, [pc, #204]	@ 5ce4 <dvs_init_buffers+0x560>
    5c14:	e7923003 	ldr	r3, [r2, r3]
    5c18:	e3530000 	cmp	r3, #0
    5c1c:	1a000001 	bne	5c28 <dvs_init_buffers+0x4a4>
    5c20:	e3e03000 	mvn	r3, #0
    5c24:	ea00000f 	b	5c68 <dvs_init_buffers+0x4e4>
    5c28:	e3a00001 	mov	r0, #1
    5c2c:	e3a01701 	mov	r1, #262144	@ 0x40000
    5c30:	ebfff42c 	bl	2ce8 <calloc@plt>
    5c34:	e1a03000 	mov	r3, r0
    5c38:	e1a01003 	mov	r1, r3
    5c3c:	e51b2008 	ldr	r2, [fp, #-8]
    5c40:	e59f30a0 	ldr	r3, [pc, #160]	@ 5ce8 <dvs_init_buffers+0x564>
    5c44:	e7821003 	str	r1, [r2, r3]
    5c48:	e51b2008 	ldr	r2, [fp, #-8]
    5c4c:	e59f3094 	ldr	r3, [pc, #148]	@ 5ce8 <dvs_init_buffers+0x564>
    5c50:	e7923003 	ldr	r3, [r2, r3]
    5c54:	e3530000 	cmp	r3, #0
    5c58:	1a000001 	bne	5c64 <dvs_init_buffers+0x4e0>
    5c5c:	e3e03000 	mvn	r3, #0
    5c60:	ea000000 	b	5c68 <dvs_init_buffers+0x4e4>
    5c64:	e3a03000 	mov	r3, #0
    5c68:	e1a00003 	mov	r0, r3
    5c6c:	e24bd004 	sub	sp, fp, #4
    5c70:	e8bd8800 	pop	{fp, pc}
    5c74:	00010484 	andeq	r0, r1, r4, lsl #9
    5c78:	00010490 	muleq	r1, r0, r4
    5c7c:	000107a4 	andeq	r0, r1, r4, lsr #15
    5c80:	00000219 	andeq	r0, r0, r9, lsl r2
    5c84:	000104b8 			@ <UNDEFINED> instruction: 0x000104b8
    5c88:	000104e8 	andeq	r0, r1, r8, ror #9
    5c8c:	00000226 	andeq	r0, r0, r6, lsr #4
    5c90:	0000022b 	andeq	r0, r0, fp, lsr #4
    5c94:	00003090 	muleq	r0, r0, r0
    5c98:	000030a4 	andeq	r3, r0, r4, lsr #1
    5c9c:	000030a8 	andeq	r3, r0, r8, lsr #1
    5ca0:	0000309c 	muleq	r0, ip, r0
    5ca4:	000030a0 	andeq	r3, r0, r0, lsr #1
    5ca8:	00003094 	muleq	r0, r4, r0
    5cac:	00003098 	muleq	r0, r8, r0
    5cb0:	000033b4 			@ <UNDEFINED> instruction: 0x000033b4
    5cb4:	000034b8 			@ <UNDEFINED> instruction: 0x000034b8
    5cb8:	000034bc 			@ <UNDEFINED> instruction: 0x000034bc
    5cbc:	000034c4 	andeq	r3, r0, r4, asr #9
    5cc0:	000034c8 	andeq	r3, r0, r8, asr #9
    5cc4:	000034cc 	andeq	r3, r0, ip, asr #9
    5cc8:	000034d0 	ldrdeq	r3, [r0], -r0
    5ccc:	000034e0 	andeq	r3, r0, r0, ror #9
    5cd0:	000034e4 	andeq	r3, r0, r4, ror #9
    5cd4:	000034e8 	andeq	r3, r0, r8, ror #9
    5cd8:	000034ec 	andeq	r3, r0, ip, ror #9
    5cdc:	000034f0 	strdeq	r3, [r0], -r0
    5ce0:	000034f4 	strdeq	r3, [r0], -r4
    5ce4:	00003050 	andeq	r3, r0, r0, asr r0
    5ce8:	00003054 	andeq	r3, r0, r4, asr r0
    5cec:	e92d4800 	push	{fp, lr}
    5cf0:	e28db004 	add	fp, sp, #4
    5cf4:	e24dd008 	sub	sp, sp, #8
    5cf8:	e50b0008 	str	r0, [fp, #-8]
    5cfc:	e51b2008 	ldr	r2, [fp, #-8]
    5d00:	e59f3074 	ldr	r3, [pc, #116]	@ 5d7c <dvs_init_buffers+0x5f8>
    5d04:	e7923003 	ldr	r3, [r2, r3]
    5d08:	e3530000 	cmp	r3, #0
    5d0c:	0a000004 	beq	5d24 <dvs_init_buffers+0x5a0>
    5d10:	e51b2008 	ldr	r2, [fp, #-8]
    5d14:	e59f3060 	ldr	r3, [pc, #96]	@ 5d7c <dvs_init_buffers+0x5f8>
    5d18:	e7923003 	ldr	r3, [r2, r3]
    5d1c:	e1a00003 	mov	r0, r3
    5d20:	ebfff441 	bl	2e2c <free@plt>
    5d24:	e51b2008 	ldr	r2, [fp, #-8]
    5d28:	e59f3050 	ldr	r3, [pc, #80]	@ 5d80 <dvs_init_buffers+0x5fc>
    5d2c:	e7923003 	ldr	r3, [r2, r3]
    5d30:	e3530000 	cmp	r3, #0
    5d34:	0a000004 	beq	5d4c <dvs_init_buffers+0x5c8>
    5d38:	e51b2008 	ldr	r2, [fp, #-8]
    5d3c:	e59f303c 	ldr	r3, [pc, #60]	@ 5d80 <dvs_init_buffers+0x5fc>
    5d40:	e7923003 	ldr	r3, [r2, r3]
    5d44:	e1a00003 	mov	r0, r3
    5d48:	ebfff437 	bl	2e2c <free@plt>
    5d4c:	e51b3008 	ldr	r3, [fp, #-8]
    5d50:	e2833c36 	add	r3, r3, #13824	@ 0x3600
    5d54:	e2833038 	add	r3, r3, #56	@ 0x38
    5d58:	e1a00003 	mov	r0, r3
    5d5c:	ebfff35d 	bl	2ad8 <ak_thread_mutex_destroy@plt>
    5d60:	e51b3008 	ldr	r3, [fp, #-8]
    5d64:	e2833c36 	add	r3, r3, #13824	@ 0x3600
    5d68:	e2833020 	add	r3, r3, #32
    5d6c:	e1a00003 	mov	r0, r3
    5d70:	ebfff358 	bl	2ad8 <ak_thread_mutex_destroy@plt>
    5d74:	e24bd004 	sub	sp, fp, #4
    5d78:	e8bd8800 	pop	{fp, pc}
    5d7c:	00003050 	andeq	r3, r0, r0, asr r0
    5d80:	00003054 	andeq	r3, r0, r4, asr r0
    5d84:	e92d4810 	push	{r4, fp, lr}
    5d88:	e28db008 	add	fp, sp, #8
    5d8c:	e24dd06c 	sub	sp, sp, #108	@ 0x6c
    5d90:	e50b0060 	str	r0, [fp, #-96]	@ 0xffffffa0
    5d94:	e3a0300c 	mov	r3, #12
    5d98:	e50b3014 	str	r3, [fp, #-20]	@ 0xffffffec
    5d9c:	e3a03000 	mov	r3, #0
    5da0:	e50b304c 	str	r3, [fp, #-76]	@ 0xffffffb4
    5da4:	e3a03000 	mov	r3, #0
    5da8:	e50b3050 	str	r3, [fp, #-80]	@ 0xffffffb0
    5dac:	e3a03000 	mov	r3, #0
    5db0:	e50b3054 	str	r3, [fp, #-84]	@ 0xffffffac
    5db4:	e51b3060 	ldr	r3, [fp, #-96]	@ 0xffffffa0
    5db8:	e50b3018 	str	r3, [fp, #-24]	@ 0xffffffe8
    5dbc:	e51b3018 	ldr	r3, [fp, #-24]	@ 0xffffffe8
    5dc0:	e593301c 	ldr	r3, [r3, #28]
    5dc4:	e50b301c 	str	r3, [fp, #-28]	@ 0xffffffe4
    5dc8:	e51b3018 	ldr	r3, [fp, #-24]	@ 0xffffffe8
    5dcc:	e5933000 	ldr	r3, [r3]
    5dd0:	e50b3020 	str	r3, [fp, #-32]	@ 0xffffffe0
    5dd4:	e51b3018 	ldr	r3, [fp, #-24]	@ 0xffffffe8
    5dd8:	e2833004 	add	r3, r3, #4
    5ddc:	e1a00003 	mov	r0, r3
    5de0:	ebfff321 	bl	2a6c <ak_thread_mutex_unlock@plt>
    5de4:	e51b101c 	ldr	r1, [fp, #-28]	@ 0xffffffe4
    5de8:	e51b2020 	ldr	r2, [fp, #-32]	@ 0xffffffe0
    5dec:	e59f32e4 	ldr	r3, [pc, #740]	@ 60d8 <dvs_init_buffers+0x954>
    5df0:	e59f02e4 	ldr	r0, [pc, #740]	@ 60dc <dvs_init_buffers+0x958>
    5df4:	e0020290 	mul	r2, r0, r2
    5df8:	e0812002 	add	r2, r1, r2
    5dfc:	e0823003 	add	r3, r2, r3
    5e00:	e5933000 	ldr	r3, [r3]
    5e04:	e50b3024 	str	r3, [fp, #-36]	@ 0xffffffdc
    5e08:	e51b3020 	ldr	r3, [fp, #-32]	@ 0xffffffe0
    5e0c:	e59f22c8 	ldr	r2, [pc, #712]	@ 60dc <dvs_init_buffers+0x958>
    5e10:	e0030392 	mul	r3, r2, r3
    5e14:	e2833cc5 	add	r3, r3, #50432	@ 0xc500
    5e18:	e2833018 	add	r3, r3, #24
    5e1c:	e51b201c 	ldr	r2, [fp, #-28]	@ 0xffffffe4
    5e20:	e0823003 	add	r3, r2, r3
    5e24:	e2833008 	add	r3, r3, #8
    5e28:	e50b3028 	str	r3, [fp, #-40]	@ 0xffffffd8
    5e2c:	e24b3038 	sub	r3, fp, #56	@ 0x38
    5e30:	e1a00003 	mov	r0, r3
    5e34:	e3a01000 	mov	r1, #0
    5e38:	e3a0200a 	mov	r2, #10
    5e3c:	ebfff301 	bl	2a48 <memset@plt>
    5e40:	e24b3038 	sub	r3, fp, #56	@ 0x38
    5e44:	e1a00003 	mov	r0, r3
    5e48:	e59f1290 	ldr	r1, [pc, #656]	@ 60e0 <dvs_init_buffers+0x95c>
    5e4c:	e51b2020 	ldr	r2, [fp, #-32]	@ 0xffffffe0
    5e50:	ebfff41c 	bl	2ec8 <sprintf@plt>
    5e54:	e24b3044 	sub	r3, fp, #68	@ 0x44
    5e58:	e1a00003 	mov	r0, r3
    5e5c:	e3a01000 	mov	r1, #0
    5e60:	e3a0200a 	mov	r2, #10
    5e64:	ebfff2f7 	bl	2a48 <memset@plt>
    5e68:	e24b3044 	sub	r3, fp, #68	@ 0x44
    5e6c:	e1a00003 	mov	r0, r3
    5e70:	e59f126c 	ldr	r1, [pc, #620]	@ 60e4 <dvs_init_buffers+0x960>
    5e74:	e51b2020 	ldr	r2, [fp, #-32]	@ 0xffffffe0
    5e78:	ebfff412 	bl	2ec8 <sprintf@plt>
    5e7c:	e24b3038 	sub	r3, fp, #56	@ 0x38
    5e80:	e1a00003 	mov	r0, r3
    5e84:	ebfff421 	bl	2f10 <strlen@plt>
    5e88:	e1a03000 	mov	r3, r0
    5e8c:	e50b302c 	str	r3, [fp, #-44]	@ 0xffffffd4
    5e90:	e59f0250 	ldr	r0, [pc, #592]	@ 60e8 <dvs_init_buffers+0x964>
    5e94:	ebfff399 	bl	2d00 <ak_thread_set_name@plt>
    5e98:	e3a03000 	mov	r3, #0
    5e9c:	e50b3048 	str	r3, [fp, #-72]	@ 0xffffffb8
    5ea0:	e51b302c 	ldr	r3, [fp, #-44]	@ 0xffffffd4
    5ea4:	e2833004 	add	r3, r3, #4
    5ea8:	e51b2024 	ldr	r2, [fp, #-36]	@ 0xffffffdc
    5eac:	e0821003 	add	r1, r2, r3
    5eb0:	e24b2048 	sub	r2, fp, #72	@ 0x48
    5eb4:	e24b304c 	sub	r3, fp, #76	@ 0x4c
    5eb8:	e24b0050 	sub	r0, fp, #80	@ 0x50
    5ebc:	e58d0000 	str	r0, [sp]
    5ec0:	e24b0054 	sub	r0, fp, #84	@ 0x54
    5ec4:	e58d0004 	str	r0, [sp, #4]
    5ec8:	e24b0058 	sub	r0, fp, #88	@ 0x58
    5ecc:	e58d0008 	str	r0, [sp, #8]
    5ed0:	e1a00001 	mov	r0, r1
    5ed4:	e1a01002 	mov	r1, r2
    5ed8:	e51b2028 	ldr	r2, [fp, #-40]	@ 0xffffffd8
    5edc:	ebfff408 	bl	2f04 <buffers_get_data_with_pts@plt>
    5ee0:	e51b3048 	ldr	r3, [fp, #-72]	@ 0xffffffb8
    5ee4:	e3530001 	cmp	r3, #1
    5ee8:	da000077 	ble	60cc <dvs_init_buffers+0x948>
    5eec:	e51b302c 	ldr	r3, [fp, #-44]	@ 0xffffffd4
    5ef0:	e24b2038 	sub	r2, fp, #56	@ 0x38
    5ef4:	e51b0024 	ldr	r0, [fp, #-36]	@ 0xffffffdc
    5ef8:	e1a01002 	mov	r1, r2
    5efc:	e1a02003 	mov	r2, r3
    5f00:	ebfff3f3 	bl	2ed4 <memcpy@plt>
    5f04:	e51b302c 	ldr	r3, [fp, #-44]	@ 0xffffffd4
    5f08:	e51b2024 	ldr	r2, [fp, #-36]	@ 0xffffffdc
    5f0c:	e0822003 	add	r2, r2, r3
    5f10:	e24b3048 	sub	r3, fp, #72	@ 0x48
    5f14:	e1a00002 	mov	r0, r2
    5f18:	e1a01003 	mov	r1, r3
    5f1c:	e3a02004 	mov	r2, #4
    5f20:	ebfff3eb 	bl	2ed4 <memcpy@plt>
    5f24:	e51b3048 	ldr	r3, [fp, #-72]	@ 0xffffffb8
    5f28:	e1a02003 	mov	r2, r3
    5f2c:	e51b302c 	ldr	r3, [fp, #-44]	@ 0xffffffd4
    5f30:	e0823003 	add	r3, r2, r3
    5f34:	e2833004 	add	r3, r3, #4
    5f38:	e51b2024 	ldr	r2, [fp, #-36]	@ 0xffffffdc
    5f3c:	e0822003 	add	r2, r2, r3
    5f40:	e51b3014 	ldr	r3, [fp, #-20]	@ 0xffffffec
    5f44:	e1a00002 	mov	r0, r2
    5f48:	e59f119c 	ldr	r1, [pc, #412]	@ 60ec <dvs_init_buffers+0x968>
    5f4c:	e1a02003 	mov	r2, r3
    5f50:	ebfff3df 	bl	2ed4 <memcpy@plt>
    5f54:	e51b2014 	ldr	r2, [fp, #-20]	@ 0xffffffec
    5f58:	e51b302c 	ldr	r3, [fp, #-44]	@ 0xffffffd4
    5f5c:	e0823003 	add	r3, r2, r3
    5f60:	e2832004 	add	r2, r3, #4
    5f64:	e51b3048 	ldr	r3, [fp, #-72]	@ 0xffffffb8
    5f68:	e0823003 	add	r3, r2, r3
    5f6c:	e50b3048 	str	r3, [fp, #-72]	@ 0xffffffb8
    5f70:	e3a03000 	mov	r3, #0
    5f74:	e50b3010 	str	r3, [fp, #-16]
    5f78:	ea00004f 	b	60bc <dvs_init_buffers+0x938>
    5f7c:	e51b101c 	ldr	r1, [fp, #-28]	@ 0xffffffe4
    5f80:	e51b2010 	ldr	r2, [fp, #-16]
    5f84:	e59f3164 	ldr	r3, [pc, #356]	@ 60f0 <dvs_init_buffers+0x96c>
    5f88:	e59f0164 	ldr	r0, [pc, #356]	@ 60f4 <dvs_init_buffers+0x970>
    5f8c:	e0020290 	mul	r2, r0, r2
    5f90:	e0812002 	add	r2, r1, r2
    5f94:	e0823003 	add	r3, r2, r3
    5f98:	e5933000 	ldr	r3, [r3]
    5f9c:	e3530001 	cmp	r3, #1
    5fa0:	1a000042 	bne	60b0 <dvs_init_buffers+0x92c>
    5fa4:	e51b101c 	ldr	r1, [fp, #-28]	@ 0xffffffe4
    5fa8:	e51b2010 	ldr	r2, [fp, #-16]
    5fac:	e59f3144 	ldr	r3, [pc, #324]	@ 60f8 <dvs_init_buffers+0x974>
    5fb0:	e59f013c 	ldr	r0, [pc, #316]	@ 60f4 <dvs_init_buffers+0x970>
    5fb4:	e0020290 	mul	r2, r0, r2
    5fb8:	e0812002 	add	r2, r1, r2
    5fbc:	e0823003 	add	r3, r2, r3
    5fc0:	e5932000 	ldr	r2, [r3]
    5fc4:	e51b3050 	ldr	r3, [fp, #-80]	@ 0xffffffb0
    5fc8:	e1520003 	cmp	r2, r3
    5fcc:	1a000037 	bne	60b0 <dvs_init_buffers+0x92c>
    5fd0:	e51b304c 	ldr	r3, [fp, #-76]	@ 0xffffffb4
    5fd4:	e3530002 	cmp	r3, #2
    5fd8:	1a00001a 	bne	6048 <dvs_init_buffers+0x8c4>
    5fdc:	e51b302c 	ldr	r3, [fp, #-44]	@ 0xffffffd4
    5fe0:	e2833004 	add	r3, r3, #4
    5fe4:	e51b2024 	ldr	r2, [fp, #-36]	@ 0xffffffdc
    5fe8:	e0820003 	add	r0, r2, r3
    5fec:	e51b2048 	ldr	r2, [fp, #-72]	@ 0xffffffb8
    5ff0:	e51b302c 	ldr	r3, [fp, #-44]	@ 0xffffffd4
    5ff4:	e0633002 	rsb	r3, r3, r2
    5ff8:	e2432004 	sub	r2, r3, #4
    5ffc:	e51b3014 	ldr	r3, [fp, #-20]	@ 0xffffffec
    6000:	e0631002 	rsb	r1, r3, r2
    6004:	e51b3010 	ldr	r3, [fp, #-16]
    6008:	e59f20e4 	ldr	r2, [pc, #228]	@ 60f4 <dvs_init_buffers+0x970>
    600c:	e0030392 	mul	r3, r2, r3
    6010:	e2833bb5 	add	r3, r3, #185344	@ 0x2d400
    6014:	e2833e15 	add	r3, r3, #336	@ 0x150
    6018:	e51b201c 	ldr	r2, [fp, #-28]	@ 0xffffffe4
    601c:	e0823003 	add	r3, r2, r3
    6020:	e2832004 	add	r2, r3, #4
    6024:	e51b304c 	ldr	r3, [fp, #-76]	@ 0xffffffb4
    6028:	e51b4050 	ldr	r4, [fp, #-80]	@ 0xffffffb0
    602c:	e51be054 	ldr	lr, [fp, #-84]	@ 0xffffffac
    6030:	e51bc058 	ldr	ip, [fp, #-88]	@ 0xffffffa8
    6034:	e58d4000 	str	r4, [sp]
    6038:	e58de004 	str	lr, [sp, #4]
    603c:	e58dc008 	str	ip, [sp, #8]
    6040:	ebfff3ac 	bl	2ef8 <buffers_put_iframe_data_with_pts@plt>
    6044:	ea000019 	b	60b0 <dvs_init_buffers+0x92c>
    6048:	e51b302c 	ldr	r3, [fp, #-44]	@ 0xffffffd4
    604c:	e2833004 	add	r3, r3, #4
    6050:	e51b2024 	ldr	r2, [fp, #-36]	@ 0xffffffdc
    6054:	e0820003 	add	r0, r2, r3
    6058:	e51b2048 	ldr	r2, [fp, #-72]	@ 0xffffffb8
    605c:	e51b302c 	ldr	r3, [fp, #-44]	@ 0xffffffd4
    6060:	e0633002 	rsb	r3, r3, r2
    6064:	e2432004 	sub	r2, r3, #4
    6068:	e51b3014 	ldr	r3, [fp, #-20]	@ 0xffffffec
    606c:	e0631002 	rsb	r1, r3, r2
    6070:	e51b3010 	ldr	r3, [fp, #-16]
    6074:	e59f2078 	ldr	r2, [pc, #120]	@ 60f4 <dvs_init_buffers+0x970>
    6078:	e0030392 	mul	r3, r2, r3
    607c:	e2833bb5 	add	r3, r3, #185344	@ 0x2d400
    6080:	e2833e15 	add	r3, r3, #336	@ 0x150
    6084:	e51b201c 	ldr	r2, [fp, #-28]	@ 0xffffffe4
    6088:	e0823003 	add	r3, r2, r3
    608c:	e2832004 	add	r2, r3, #4
    6090:	e51b304c 	ldr	r3, [fp, #-76]	@ 0xffffffb4
    6094:	e51b4050 	ldr	r4, [fp, #-80]	@ 0xffffffb0
    6098:	e51be054 	ldr	lr, [fp, #-84]	@ 0xffffffac
    609c:	e51bc058 	ldr	ip, [fp, #-88]	@ 0xffffffa8
    60a0:	e58d4000 	str	r4, [sp]
    60a4:	e58de004 	str	lr, [sp, #4]
    60a8:	e58dc008 	str	ip, [sp, #8]
    60ac:	ebfff334 	bl	2d84 <buffers_put_pframe_data_with_pts@plt>
    60b0:	e51b3010 	ldr	r3, [fp, #-16]
    60b4:	e2833001 	add	r3, r3, #1
    60b8:	e50b3010 	str	r3, [fp, #-16]
    60bc:	e51b3010 	ldr	r3, [fp, #-16]
    60c0:	e3530001 	cmp	r3, #1
    60c4:	daffffac 	ble	5f7c <dvs_init_buffers+0x7f8>
    60c8:	eaffff72 	b	5e98 <dvs_init_buffers+0x714>
    60cc:	e59f0028 	ldr	r0, [pc, #40]	@ 60fc <dvs_init_buffers+0x978>
    60d0:	ebfff394 	bl	2f28 <usleep@plt>
    60d4:	eaffff6f 	b	5e98 <dvs_init_buffers+0x714>
    60d8:	0000d83c 	andeq	sp, r0, ip, lsr r8
    60dc:	0000366c 	andeq	r3, r0, ip, ror #12
    60e0:	00010504 	andeq	r0, r1, r4, lsl #10
    60e4:	0001050c 	andeq	r0, r1, ip, lsl #10
    60e8:	00010514 	andeq	r0, r1, r4, lsl r5
    60ec:	00010524 	andeq	r0, r1, r4, lsr #10
    60f0:	0002d4e8 	andeq	sp, r2, r8, ror #9
    60f4:	000013b8 			@ <UNDEFINED> instruction: 0x000013b8
    60f8:	0002d540 	andeq	sp, r2, r0, asr #10
    60fc:	00002710 	andeq	r2, r0, r0, lsl r7

00006100 <dvs_video_dispense_small>:
    6100:	e92d4810 	push	{r4, fp, lr}
    6104:	e28db008 	add	fp, sp, #8
    6108:	e24dd06c 	sub	sp, sp, #108	@ 0x6c
    610c:	e50b0060 	str	r0, [fp, #-96]	@ 0xffffffa0
    6110:	e3a0300c 	mov	r3, #12
    6114:	e50b3014 	str	r3, [fp, #-20]	@ 0xffffffec
    6118:	e3a03000 	mov	r3, #0
    611c:	e50b304c 	str	r3, [fp, #-76]	@ 0xffffffb4
    6120:	e3a03000 	mov	r3, #0
    6124:	e50b3050 	str	r3, [fp, #-80]	@ 0xffffffb0
    6128:	e3a03000 	mov	r3, #0
    612c:	e50b3054 	str	r3, [fp, #-84]	@ 0xffffffac
    6130:	e51b3060 	ldr	r3, [fp, #-96]	@ 0xffffffa0
    6134:	e50b3018 	str	r3, [fp, #-24]	@ 0xffffffe8
    6138:	e51b3018 	ldr	r3, [fp, #-24]	@ 0xffffffe8
    613c:	e593301c 	ldr	r3, [r3, #28]
    6140:	e50b301c 	str	r3, [fp, #-28]	@ 0xffffffe4
    6144:	e51b3018 	ldr	r3, [fp, #-24]	@ 0xffffffe8
    6148:	e5933000 	ldr	r3, [r3]
    614c:	e50b3020 	str	r3, [fp, #-32]	@ 0xffffffe0
    6150:	e51b3018 	ldr	r3, [fp, #-24]	@ 0xffffffe8
    6154:	e2833004 	add	r3, r3, #4
    6158:	e1a00003 	mov	r0, r3
    615c:	ebfff242 	bl	2a6c <ak_thread_mutex_unlock@plt>
    6160:	e51b101c 	ldr	r1, [fp, #-28]	@ 0xffffffe4
    6164:	e51b2020 	ldr	r2, [fp, #-32]	@ 0xffffffe0
    6168:	e59f32e0 	ldr	r3, [pc, #736]	@ 6450 <dvs_video_dispense_small+0x350>
    616c:	e59f02e0 	ldr	r0, [pc, #736]	@ 6454 <dvs_video_dispense_small+0x354>
    6170:	e0020290 	mul	r2, r0, r2
    6174:	e0812002 	add	r2, r1, r2
    6178:	e0823003 	add	r3, r2, r3
    617c:	e5933000 	ldr	r3, [r3]
    6180:	e50b3024 	str	r3, [fp, #-36]	@ 0xffffffdc
    6184:	e51b3020 	ldr	r3, [fp, #-32]	@ 0xffffffe0
    6188:	e59f22c4 	ldr	r2, [pc, #708]	@ 6454 <dvs_video_dispense_small+0x354>
    618c:	e0030392 	mul	r3, r2, r3
    6190:	e2833cce 	add	r3, r3, #52736	@ 0xce00
    6194:	e28330a8 	add	r3, r3, #168	@ 0xa8
    6198:	e51b201c 	ldr	r2, [fp, #-28]	@ 0xffffffe4
    619c:	e0823003 	add	r3, r2, r3
    61a0:	e2833004 	add	r3, r3, #4
    61a4:	e50b3028 	str	r3, [fp, #-40]	@ 0xffffffd8
    61a8:	e24b3038 	sub	r3, fp, #56	@ 0x38
    61ac:	e1a00003 	mov	r0, r3
    61b0:	e3a01000 	mov	r1, #0
    61b4:	e3a0200a 	mov	r2, #10
    61b8:	ebfff222 	bl	2a48 <memset@plt>
    61bc:	e24b3038 	sub	r3, fp, #56	@ 0x38
    61c0:	e1a00003 	mov	r0, r3
    61c4:	e59f128c 	ldr	r1, [pc, #652]	@ 6458 <dvs_video_dispense_small+0x358>
    61c8:	e51b2020 	ldr	r2, [fp, #-32]	@ 0xffffffe0
    61cc:	ebfff33d 	bl	2ec8 <sprintf@plt>
    61d0:	e24b3044 	sub	r3, fp, #68	@ 0x44
    61d4:	e1a00003 	mov	r0, r3
    61d8:	e3a01000 	mov	r1, #0
    61dc:	e3a0200a 	mov	r2, #10
    61e0:	ebfff218 	bl	2a48 <memset@plt>
    61e4:	e24b3044 	sub	r3, fp, #68	@ 0x44
    61e8:	e1a00003 	mov	r0, r3
    61ec:	e59f1268 	ldr	r1, [pc, #616]	@ 645c <dvs_video_dispense_small+0x35c>
    61f0:	e51b2020 	ldr	r2, [fp, #-32]	@ 0xffffffe0
    61f4:	ebfff333 	bl	2ec8 <sprintf@plt>
    61f8:	e24b3038 	sub	r3, fp, #56	@ 0x38
    61fc:	e1a00003 	mov	r0, r3
    6200:	ebfff342 	bl	2f10 <strlen@plt>
    6204:	e1a03000 	mov	r3, r0
    6208:	e50b302c 	str	r3, [fp, #-44]	@ 0xffffffd4
    620c:	e3a03000 	mov	r3, #0
    6210:	e50b3048 	str	r3, [fp, #-72]	@ 0xffffffb8
    6214:	e51b302c 	ldr	r3, [fp, #-44]	@ 0xffffffd4
    6218:	e2833004 	add	r3, r3, #4
    621c:	e51b2024 	ldr	r2, [fp, #-36]	@ 0xffffffdc
    6220:	e0821003 	add	r1, r2, r3
    6224:	e24b2048 	sub	r2, fp, #72	@ 0x48
    6228:	e24b304c 	sub	r3, fp, #76	@ 0x4c
    622c:	e24b0050 	sub	r0, fp, #80	@ 0x50
    6230:	e58d0000 	str	r0, [sp]
    6234:	e24b0054 	sub	r0, fp, #84	@ 0x54
    6238:	e58d0004 	str	r0, [sp, #4]
    623c:	e24b0058 	sub	r0, fp, #88	@ 0x58
    6240:	e58d0008 	str	r0, [sp, #8]
    6244:	e1a00001 	mov	r0, r1
    6248:	e1a01002 	mov	r1, r2
    624c:	e51b2028 	ldr	r2, [fp, #-40]	@ 0xffffffd8
    6250:	ebfff32b 	bl	2f04 <buffers_get_data_with_pts@plt>
    6254:	e51b3048 	ldr	r3, [fp, #-72]	@ 0xffffffb8
    6258:	e3530001 	cmp	r3, #1
    625c:	da000078 	ble	6444 <dvs_video_dispense_small+0x344>
    6260:	e51b302c 	ldr	r3, [fp, #-44]	@ 0xffffffd4
    6264:	e24b2044 	sub	r2, fp, #68	@ 0x44
    6268:	e51b0024 	ldr	r0, [fp, #-36]	@ 0xffffffdc
    626c:	e1a01002 	mov	r1, r2
    6270:	e1a02003 	mov	r2, r3
    6274:	ebfff316 	bl	2ed4 <memcpy@plt>
    6278:	e51b3048 	ldr	r3, [fp, #-72]	@ 0xffffffb8
    627c:	e1a02003 	mov	r2, r3
    6280:	e51b302c 	ldr	r3, [fp, #-44]	@ 0xffffffd4
    6284:	e0823003 	add	r3, r2, r3
    6288:	e2833004 	add	r3, r3, #4
    628c:	e51b2024 	ldr	r2, [fp, #-36]	@ 0xffffffdc
    6290:	e0822003 	add	r2, r2, r3
    6294:	e51b3014 	ldr	r3, [fp, #-20]	@ 0xffffffec
    6298:	e1a00002 	mov	r0, r2
    629c:	e59f11bc 	ldr	r1, [pc, #444]	@ 6460 <dvs_video_dispense_small+0x360>
    62a0:	e1a02003 	mov	r2, r3
    62a4:	ebfff30a 	bl	2ed4 <memcpy@plt>
    62a8:	e51b302c 	ldr	r3, [fp, #-44]	@ 0xffffffd4
    62ac:	e51b2024 	ldr	r2, [fp, #-36]	@ 0xffffffdc
    62b0:	e0822003 	add	r2, r2, r3
    62b4:	e24b3048 	sub	r3, fp, #72	@ 0x48
    62b8:	e1a00002 	mov	r0, r2
    62bc:	e1a01003 	mov	r1, r3
    62c0:	e3a02004 	mov	r2, #4
    62c4:	ebfff302 	bl	2ed4 <memcpy@plt>
    62c8:	e51b2014 	ldr	r2, [fp, #-20]	@ 0xffffffec
    62cc:	e51b302c 	ldr	r3, [fp, #-44]	@ 0xffffffd4
    62d0:	e0823003 	add	r3, r2, r3
    62d4:	e2832004 	add	r2, r3, #4
    62d8:	e51b3048 	ldr	r3, [fp, #-72]	@ 0xffffffb8
    62dc:	e0823003 	add	r3, r2, r3
    62e0:	e50b3048 	str	r3, [fp, #-72]	@ 0xffffffb8
    62e4:	e3a03000 	mov	r3, #0
    62e8:	e50b3010 	str	r3, [fp, #-16]
    62ec:	ea000050 	b	6434 <dvs_video_dispense_small+0x334>
    62f0:	e51b101c 	ldr	r1, [fp, #-28]	@ 0xffffffe4
    62f4:	e51b2010 	ldr	r2, [fp, #-16]
    62f8:	e59f3164 	ldr	r3, [pc, #356]	@ 6464 <dvs_video_dispense_small+0x364>
    62fc:	e59f0164 	ldr	r0, [pc, #356]	@ 6468 <dvs_video_dispense_small+0x368>
    6300:	e0020290 	mul	r2, r0, r2
    6304:	e0812002 	add	r2, r1, r2
    6308:	e0823003 	add	r3, r2, r3
    630c:	e5933000 	ldr	r3, [r3]
    6310:	e3530001 	cmp	r3, #1
    6314:	1a000043 	bne	6428 <dvs_video_dispense_small+0x328>
    6318:	e51b101c 	ldr	r1, [fp, #-28]	@ 0xffffffe4
    631c:	e51b2010 	ldr	r2, [fp, #-16]
    6320:	e59f3144 	ldr	r3, [pc, #324]	@ 646c <dvs_video_dispense_small+0x36c>
    6324:	e59f013c 	ldr	r0, [pc, #316]	@ 6468 <dvs_video_dispense_small+0x368>
    6328:	e0020290 	mul	r2, r0, r2
    632c:	e0812002 	add	r2, r1, r2
    6330:	e0823003 	add	r3, r2, r3
    6334:	e5933000 	ldr	r3, [r3]
    6338:	e3530001 	cmp	r3, #1
    633c:	1a000039 	bne	6428 <dvs_video_dispense_small+0x328>
    6340:	e51b304c 	ldr	r3, [fp, #-76]	@ 0xffffffb4
    6344:	e3530002 	cmp	r3, #2
    6348:	1a00001b 	bne	63bc <dvs_video_dispense_small+0x2bc>
    634c:	e51b302c 	ldr	r3, [fp, #-44]	@ 0xffffffd4
    6350:	e2833004 	add	r3, r3, #4
    6354:	e51b2024 	ldr	r2, [fp, #-36]	@ 0xffffffdc
    6358:	e0820003 	add	r0, r2, r3
    635c:	e51b2048 	ldr	r2, [fp, #-72]	@ 0xffffffb8
    6360:	e51b302c 	ldr	r3, [fp, #-44]	@ 0xffffffd4
    6364:	e0633002 	rsb	r3, r3, r2
    6368:	e2432004 	sub	r2, r3, #4
    636c:	e51b3014 	ldr	r3, [fp, #-20]	@ 0xffffffec
    6370:	e0631002 	rsb	r1, r3, r2
    6374:	e51b3010 	ldr	r3, [fp, #-16]
    6378:	e59f20e8 	ldr	r2, [pc, #232]	@ 6468 <dvs_video_dispense_small+0x368>
    637c:	e0030392 	mul	r3, r2, r3
    6380:	e2833bb5 	add	r3, r3, #185344	@ 0x2d400
    6384:	e2833e15 	add	r3, r3, #336	@ 0x150
    6388:	e51b201c 	ldr	r2, [fp, #-28]	@ 0xffffffe4
    638c:	e0823003 	add	r3, r2, r3
    6390:	e2832004 	add	r2, r3, #4
    6394:	e51b304c 	ldr	r3, [fp, #-76]	@ 0xffffffb4
    6398:	e51bc050 	ldr	ip, [fp, #-80]	@ 0xffffffb0
    639c:	e28c4002 	add	r4, ip, #2
    63a0:	e51be054 	ldr	lr, [fp, #-84]	@ 0xffffffac
    63a4:	e51bc058 	ldr	ip, [fp, #-88]	@ 0xffffffa8
    63a8:	e58d4000 	str	r4, [sp]
    63ac:	e58de004 	str	lr, [sp, #4]
    63b0:	e58dc008 	str	ip, [sp, #8]
    63b4:	ebfff2cf 	bl	2ef8 <buffers_put_iframe_data_with_pts@plt>
    63b8:	ea00001a 	b	6428 <dvs_video_dispense_small+0x328>
    63bc:	e51b302c 	ldr	r3, [fp, #-44]	@ 0xffffffd4
    63c0:	e2833004 	add	r3, r3, #4
    63c4:	e51b2024 	ldr	r2, [fp, #-36]	@ 0xffffffdc
    63c8:	e0820003 	add	r0, r2, r3
    63cc:	e51b2048 	ldr	r2, [fp, #-72]	@ 0xffffffb8
    63d0:	e51b302c 	ldr	r3, [fp, #-44]	@ 0xffffffd4
    63d4:	e0633002 	rsb	r3, r3, r2
    63d8:	e2432004 	sub	r2, r3, #4
    63dc:	e51b3014 	ldr	r3, [fp, #-20]	@ 0xffffffec
    63e0:	e0631002 	rsb	r1, r3, r2
    63e4:	e51b3010 	ldr	r3, [fp, #-16]
    63e8:	e59f2078 	ldr	r2, [pc, #120]	@ 6468 <dvs_video_dispense_small+0x368>
    63ec:	e0030392 	mul	r3, r2, r3
    63f0:	e2833bb5 	add	r3, r3, #185344	@ 0x2d400
    63f4:	e2833e15 	add	r3, r3, #336	@ 0x150
    63f8:	e51b201c 	ldr	r2, [fp, #-28]	@ 0xffffffe4
    63fc:	e0823003 	add	r3, r2, r3
    6400:	e2832004 	add	r2, r3, #4
    6404:	e51b304c 	ldr	r3, [fp, #-76]	@ 0xffffffb4
    6408:	e51bc050 	ldr	ip, [fp, #-80]	@ 0xffffffb0
    640c:	e28c4002 	add	r4, ip, #2
    6410:	e51be054 	ldr	lr, [fp, #-84]	@ 0xffffffac
    6414:	e51bc058 	ldr	ip, [fp, #-88]	@ 0xffffffa8
    6418:	e58d4000 	str	r4, [sp]
    641c:	e58de004 	str	lr, [sp, #4]
    6420:	e58dc008 	str	ip, [sp, #8]
    6424:	ebfff256 	bl	2d84 <buffers_put_pframe_data_with_pts@plt>
    6428:	e51b3010 	ldr	r3, [fp, #-16]
    642c:	e2833001 	add	r3, r3, #1
    6430:	e50b3010 	str	r3, [fp, #-16]
    6434:	e51b3010 	ldr	r3, [fp, #-16]
    6438:	e3530001 	cmp	r3, #1
    643c:	daffffab 	ble	62f0 <dvs_video_dispense_small+0x1f0>
    6440:	eaffff71 	b	620c <dvs_video_dispense_small+0x10c>
    6444:	e59f0024 	ldr	r0, [pc, #36]	@ 6470 <dvs_video_dispense_small+0x370>
    6448:	ebfff2b6 	bl	2f28 <usleep@plt>
    644c:	eaffff6e 	b	620c <dvs_video_dispense_small+0x10c>
    6450:	0000d840 	andeq	sp, r0, r0, asr #16
    6454:	0000366c 	andeq	r3, r0, ip, ror #12
    6458:	00010504 	andeq	r0, r1, r4, lsl #10
    645c:	0001050c 	andeq	r0, r1, ip, lsl #10
    6460:	00010524 	andeq	r0, r1, r4, lsr #10
    6464:	0002d4e8 	andeq	sp, r2, r8, ror #9
    6468:	000013b8 			@ <UNDEFINED> instruction: 0x000013b8
    646c:	0002d540 	andeq	sp, r2, r0, asr #10
    6470:	00002710 	andeq	r2, r0, r0, lsl r7
    6474:	e92d4800 	push	{fp, lr}
    6478:	e28db004 	add	fp, sp, #4
    647c:	e24dd010 	sub	sp, sp, #16
    6480:	e3a00004 	mov	r0, #4
    6484:	e59f111c 	ldr	r1, [pc, #284]	@ 65a8 <dvs_video_dispense_small+0x4a8>
    6488:	e59f211c 	ldr	r2, [pc, #284]	@ 65ac <dvs_video_dispense_small+0x4ac>
    648c:	e3a03e37 	mov	r3, #880	@ 0x370
    6490:	ebfff163 	bl	2a24 <ak_print@plt>
    6494:	e3a03000 	mov	r3, #0
    6498:	e50b3008 	str	r3, [fp, #-8]
    649c:	ea00003a 	b	658c <dvs_video_dispense_small+0x48c>
    64a0:	e59f0108 	ldr	r0, [pc, #264]	@ 65b0 <dvs_video_dispense_small+0x4b0>
    64a4:	ebfff1c1 	bl	2bb0 <ak_thread_mutex_lock@plt>
    64a8:	e59f3104 	ldr	r3, [pc, #260]	@ 65b4 <dvs_video_dispense_small+0x4b4>
    64ac:	e51b2008 	ldr	r2, [fp, #-8]
    64b0:	e5832000 	str	r2, [r3]
    64b4:	e59f30f8 	ldr	r3, [pc, #248]	@ 65b4 <dvs_video_dispense_small+0x4b4>
    64b8:	e59f20f8 	ldr	r2, [pc, #248]	@ 65b8 <dvs_video_dispense_small+0x4b8>
    64bc:	e583201c 	str	r2, [r3, #28]
    64c0:	e24b300c 	sub	r3, fp, #12
    64c4:	e3a02050 	mov	r2, #80	@ 0x50
    64c8:	e58d2000 	str	r2, [sp]
    64cc:	e1a00003 	mov	r0, r3
    64d0:	e59f10e4 	ldr	r1, [pc, #228]	@ 65bc <dvs_video_dispense_small+0x4bc>
    64d4:	e59f20d8 	ldr	r2, [pc, #216]	@ 65b4 <dvs_video_dispense_small+0x4b4>
    64d8:	e3a03a19 	mov	r3, #102400	@ 0x19000
    64dc:	ebfff21c 	bl	2d54 <ak_thread_create@plt>
    64e0:	e1a03000 	mov	r3, r0
    64e4:	e3530000 	cmp	r3, #0
    64e8:	0a000008 	beq	6510 <dvs_video_dispense_small+0x410>
    64ec:	e51b3008 	ldr	r3, [fp, #-8]
    64f0:	e58d3000 	str	r3, [sp]
    64f4:	e3a00001 	mov	r0, #1
    64f8:	e59f10c0 	ldr	r1, [pc, #192]	@ 65c0 <dvs_video_dispense_small+0x4c0>
    64fc:	e59f20a8 	ldr	r2, [pc, #168]	@ 65ac <dvs_video_dispense_small+0x4ac>
    6500:	e59f30bc 	ldr	r3, [pc, #188]	@ 65c4 <dvs_video_dispense_small+0x4c4>
    6504:	ebfff146 	bl	2a24 <ak_print@plt>
    6508:	e3e03000 	mvn	r3, #0
    650c:	ea000022 	b	659c <dvs_video_dispense_small+0x49c>
    6510:	e59f0098 	ldr	r0, [pc, #152]	@ 65b0 <dvs_video_dispense_small+0x4b0>
    6514:	ebfff1a5 	bl	2bb0 <ak_thread_mutex_lock@plt>
    6518:	e59f3094 	ldr	r3, [pc, #148]	@ 65b4 <dvs_video_dispense_small+0x4b4>
    651c:	e51b2008 	ldr	r2, [fp, #-8]
    6520:	e5832000 	str	r2, [r3]
    6524:	e59f3088 	ldr	r3, [pc, #136]	@ 65b4 <dvs_video_dispense_small+0x4b4>
    6528:	e59f2088 	ldr	r2, [pc, #136]	@ 65b8 <dvs_video_dispense_small+0x4b8>
    652c:	e583201c 	str	r2, [r3, #28]
    6530:	e24b300c 	sub	r3, fp, #12
    6534:	e3a02050 	mov	r2, #80	@ 0x50
    6538:	e58d2000 	str	r2, [sp]
    653c:	e1a00003 	mov	r0, r3
    6540:	e59f1080 	ldr	r1, [pc, #128]	@ 65c8 <dvs_video_dispense_small+0x4c8>
    6544:	e59f2068 	ldr	r2, [pc, #104]	@ 65b4 <dvs_video_dispense_small+0x4b4>
    6548:	e3a03a19 	mov	r3, #102400	@ 0x19000
    654c:	ebfff200 	bl	2d54 <ak_thread_create@plt>
    6550:	e1a03000 	mov	r3, r0
    6554:	e3530000 	cmp	r3, #0
    6558:	0a000008 	beq	6580 <dvs_video_dispense_small+0x480>
    655c:	e51b3008 	ldr	r3, [fp, #-8]
    6560:	e58d3000 	str	r3, [sp]
    6564:	e3a00001 	mov	r0, #1
    6568:	e59f105c 	ldr	r1, [pc, #92]	@ 65cc <dvs_video_dispense_small+0x4cc>
    656c:	e59f2038 	ldr	r2, [pc, #56]	@ 65ac <dvs_video_dispense_small+0x4ac>
    6570:	e59f3058 	ldr	r3, [pc, #88]	@ 65d0 <dvs_video_dispense_small+0x4d0>
    6574:	ebfff12a 	bl	2a24 <ak_print@plt>
    6578:	e3e03000 	mvn	r3, #0
    657c:	ea000006 	b	659c <dvs_video_dispense_small+0x49c>
    6580:	e51b3008 	ldr	r3, [fp, #-8]
    6584:	e2833001 	add	r3, r3, #1
    6588:	e50b3008 	str	r3, [fp, #-8]
    658c:	e51b3008 	ldr	r3, [fp, #-8]
    6590:	e3530001 	cmp	r3, #1
    6594:	daffffc1 	ble	64a0 <dvs_video_dispense_small+0x3a0>
    6598:	e3a03000 	mov	r3, #0
    659c:	e1a00003 	mov	r0, r3
    65a0:	e24bd004 	sub	sp, fp, #4
    65a4:	e8bd8800 	pop	{fp, pc}
    65a8:	00010534 	andeq	r0, r1, r4, lsr r5
    65ac:	000107b8 			@ <UNDEFINED> instruction: 0x000107b8
    65b0:	00000004 	andeq	r0, r0, r4
	...
    65bc:	00005d84 	andeq	r5, r0, r4, lsl #27
    65c0:	00010554 	andeq	r0, r1, r4, asr r5
    65c4:	00000377 	andeq	r0, r0, r7, ror r3
    65c8:	00000000 	andeq	r0, r0, r0
    65cc:	00010584 	andeq	r0, r1, r4, lsl #11
    65d0:	00000381 	andeq	r0, r0, r1, lsl #7
    65d4:	e52db004 	push	{fp}		@ (str fp, [sp, #-4]!)
    65d8:	e28db000 	add	fp, sp, #0
    65dc:	e3a03000 	mov	r3, #0
    65e0:	e1a00003 	mov	r0, r3
    65e4:	e24bd000 	sub	sp, fp, #0
    65e8:	e49db004 	pop	{fp}		@ (ldr fp, [sp], #4)
    65ec:	e12fff1e 	bx	lr
    65f0:	e92d4800 	push	{fp, lr}
    65f4:	e28db004 	add	fp, sp, #4
    65f8:	e24dd010 	sub	sp, sp, #16
    65fc:	e3a00004 	mov	r0, #4
    6600:	e59f11d4 	ldr	r1, [pc, #468]	@ 67dc <dvs_video_dispense_small+0x6dc>
    6604:	e59f21d4 	ldr	r2, [pc, #468]	@ 67e0 <dvs_video_dispense_small+0x6e0>
    6608:	e59f31d4 	ldr	r3, [pc, #468]	@ 67e4 <dvs_video_dispense_small+0x6e4>
    660c:	ebfff104 	bl	2a24 <ak_print@plt>
    6610:	e3a03000 	mov	r3, #0
    6614:	e50b3008 	str	r3, [fp, #-8]
    6618:	ea000056 	b	6778 <dvs_video_dispense_small+0x678>
    661c:	e51b3008 	ldr	r3, [fp, #-8]
    6620:	e59f21c0 	ldr	r2, [pc, #448]	@ 67e8 <dvs_video_dispense_small+0x6e8>
    6624:	e0030392 	mul	r3, r2, r3
    6628:	e2833bb5 	add	r3, r3, #185344	@ 0x2d400
    662c:	e28330e8 	add	r3, r3, #232	@ 0xe8
    6630:	e59f21b4 	ldr	r2, [pc, #436]	@ 67ec <dvs_video_dispense_small+0x6ec>
    6634:	e0833002 	add	r3, r3, r2
    6638:	e1a00003 	mov	r0, r3
    663c:	ebfff0e0 	bl	29c4 <rtsp_init_client@plt>
    6640:	e1a03000 	mov	r3, r0
    6644:	e3530000 	cmp	r3, #0
    6648:	aa000008 	bge	6670 <dvs_video_dispense_small+0x570>
    664c:	e51b3008 	ldr	r3, [fp, #-8]
    6650:	e58d3000 	str	r3, [sp]
    6654:	e3a00001 	mov	r0, #1
    6658:	e59f1190 	ldr	r1, [pc, #400]	@ 67f0 <dvs_video_dispense_small+0x6f0>
    665c:	e59f217c 	ldr	r2, [pc, #380]	@ 67e0 <dvs_video_dispense_small+0x6e0>
    6660:	e59f318c 	ldr	r3, [pc, #396]	@ 67f4 <dvs_video_dispense_small+0x6f4>
    6664:	ebfff0ee 	bl	2a24 <ak_print@plt>
    6668:	e3e03000 	mvn	r3, #0
    666c:	ea000057 	b	67d0 <dvs_video_dispense_small+0x6d0>
    6670:	e59f1174 	ldr	r1, [pc, #372]	@ 67ec <dvs_video_dispense_small+0x6ec>
    6674:	e51b2008 	ldr	r2, [fp, #-8]
    6678:	e59f3178 	ldr	r3, [pc, #376]	@ 67f8 <dvs_video_dispense_small+0x6f8>
    667c:	e59f0164 	ldr	r0, [pc, #356]	@ 67e8 <dvs_video_dispense_small+0x6e8>
    6680:	e0020290 	mul	r2, r0, r2
    6684:	e0812002 	add	r2, r1, r2
    6688:	e0823003 	add	r3, r2, r3
    668c:	e51b2008 	ldr	r2, [fp, #-8]
    6690:	e5832000 	str	r2, [r3]
    6694:	e59f0160 	ldr	r0, [pc, #352]	@ 67fc <dvs_video_dispense_small+0x6fc>
    6698:	ebfff144 	bl	2bb0 <ak_thread_mutex_lock@plt>
    669c:	e59f315c 	ldr	r3, [pc, #348]	@ 6800 <dvs_video_dispense_small+0x700>
    66a0:	e51b2008 	ldr	r2, [fp, #-8]
    66a4:	e5832000 	str	r2, [r3]
    66a8:	e59f3150 	ldr	r3, [pc, #336]	@ 6800 <dvs_video_dispense_small+0x700>
    66ac:	e59f2138 	ldr	r2, [pc, #312]	@ 67ec <dvs_video_dispense_small+0x6ec>
    66b0:	e583201c 	str	r2, [r3, #28]
    66b4:	e24b300c 	sub	r3, fp, #12
    66b8:	e3e02000 	mvn	r2, #0
    66bc:	e58d2000 	str	r2, [sp]
    66c0:	e1a00003 	mov	r0, r3
    66c4:	e59f1138 	ldr	r1, [pc, #312]	@ 6804 <dvs_video_dispense_small+0x704>
    66c8:	e59f2130 	ldr	r2, [pc, #304]	@ 6800 <dvs_video_dispense_small+0x700>
    66cc:	e3a03a19 	mov	r3, #102400	@ 0x19000
    66d0:	ebfff19f 	bl	2d54 <ak_thread_create@plt>
    66d4:	e1a03000 	mov	r3, r0
    66d8:	e3530000 	cmp	r3, #0
    66dc:	0a00000a 	beq	670c <dvs_video_dispense_small+0x60c>
    66e0:	e51b3008 	ldr	r3, [fp, #-8]
    66e4:	e58d3000 	str	r3, [sp]
    66e8:	e3a00001 	mov	r0, #1
    66ec:	e59f1114 	ldr	r1, [pc, #276]	@ 6808 <dvs_video_dispense_small+0x708>
    66f0:	e59f20e8 	ldr	r2, [pc, #232]	@ 67e0 <dvs_video_dispense_small+0x6e0>
    66f4:	e59f3110 	ldr	r3, [pc, #272]	@ 680c <dvs_video_dispense_small+0x70c>
    66f8:	ebfff0c9 	bl	2a24 <ak_print@plt>
    66fc:	e59f00f8 	ldr	r0, [pc, #248]	@ 67fc <dvs_video_dispense_small+0x6fc>
    6700:	ebfff0d9 	bl	2a6c <ak_thread_mutex_unlock@plt>
    6704:	e3e03000 	mvn	r3, #0
    6708:	ea000030 	b	67d0 <dvs_video_dispense_small+0x6d0>
    670c:	e59f00e8 	ldr	r0, [pc, #232]	@ 67fc <dvs_video_dispense_small+0x6fc>
    6710:	ebfff126 	bl	2bb0 <ak_thread_mutex_lock@plt>
    6714:	e24b300c 	sub	r3, fp, #12
    6718:	e3a02050 	mov	r2, #80	@ 0x50
    671c:	e58d2000 	str	r2, [sp]
    6720:	e1a00003 	mov	r0, r3
    6724:	e59f10e4 	ldr	r1, [pc, #228]	@ 6810 <dvs_video_dispense_small+0x710>
    6728:	e59f20d0 	ldr	r2, [pc, #208]	@ 6800 <dvs_video_dispense_small+0x700>
    672c:	e3a03a19 	mov	r3, #102400	@ 0x19000
    6730:	ebfff187 	bl	2d54 <ak_thread_create@plt>
    6734:	e1a03000 	mov	r3, r0
    6738:	e3530000 	cmp	r3, #0
    673c:	0a00000a 	beq	676c <dvs_video_dispense_small+0x66c>
    6740:	e51b3008 	ldr	r3, [fp, #-8]
    6744:	e58d3000 	str	r3, [sp]
    6748:	e3a00001 	mov	r0, #1
    674c:	e59f10c0 	ldr	r1, [pc, #192]	@ 6814 <dvs_video_dispense_small+0x714>
    6750:	e59f2088 	ldr	r2, [pc, #136]	@ 67e0 <dvs_video_dispense_small+0x6e0>
    6754:	e3a03d0f 	mov	r3, #960	@ 0x3c0
    6758:	ebfff0b1 	bl	2a24 <ak_print@plt>
    675c:	e59f0098 	ldr	r0, [pc, #152]	@ 67fc <dvs_video_dispense_small+0x6fc>
    6760:	ebfff0c1 	bl	2a6c <ak_thread_mutex_unlock@plt>
    6764:	e3e03000 	mvn	r3, #0
    6768:	ea000018 	b	67d0 <dvs_video_dispense_small+0x6d0>
    676c:	e51b3008 	ldr	r3, [fp, #-8]
    6770:	e2833001 	add	r3, r3, #1
    6774:	e50b3008 	str	r3, [fp, #-8]
    6778:	e51b3008 	ldr	r3, [fp, #-8]
    677c:	e3530001 	cmp	r3, #1
    6780:	daffffa5 	ble	661c <dvs_video_dispense_small+0x51c>
    6784:	e24b300c 	sub	r3, fp, #12
    6788:	e3a02046 	mov	r2, #70	@ 0x46
    678c:	e58d2000 	str	r2, [sp]
    6790:	e1a00003 	mov	r0, r3
    6794:	e59f107c 	ldr	r1, [pc, #124]	@ 6818 <dvs_video_dispense_small+0x718>
    6798:	e59f204c 	ldr	r2, [pc, #76]	@ 67ec <dvs_video_dispense_small+0x6ec>
    679c:	e3a03901 	mov	r3, #16384	@ 0x4000
    67a0:	ebfff16b 	bl	2d54 <ak_thread_create@plt>
    67a4:	e1a03000 	mov	r3, r0
    67a8:	e3530000 	cmp	r3, #0
    67ac:	0a000006 	beq	67cc <dvs_video_dispense_small+0x6cc>
    67b0:	e3a00001 	mov	r0, #1
    67b4:	e59f1060 	ldr	r1, [pc, #96]	@ 681c <dvs_video_dispense_small+0x71c>
    67b8:	e59f2020 	ldr	r2, [pc, #32]	@ 67e0 <dvs_video_dispense_small+0x6e0>
    67bc:	e3a03ff5 	mov	r3, #980	@ 0x3d4
    67c0:	ebfff097 	bl	2a24 <ak_print@plt>
    67c4:	e3e03000 	mvn	r3, #0
    67c8:	ea000000 	b	67d0 <dvs_video_dispense_small+0x6d0>
    67cc:	e3a03000 	mov	r3, #0
    67d0:	e1a00003 	mov	r0, r3
    67d4:	e24bd004 	sub	sp, fp, #4
    67d8:	e8bd8800 	pop	{fp, pc}
    67dc:	000105bc 			@ <UNDEFINED> instruction: 0x000105bc
    67e0:	000107dc 	ldrdeq	r0, [r1], -ip
    67e4:	000003a9 	andeq	r0, r0, r9, lsr #7
    67e8:	000013b8 			@ <UNDEFINED> instruction: 0x000013b8
    67ec:	00000000 	andeq	r0, r0, r0
    67f0:	000105d8 	ldrdeq	r0, [r1], -r8
    67f4:	000003ad 	andeq	r0, r0, sp, lsr #7
    67f8:	0002d524 	andeq	sp, r2, r4, lsr #10
    67fc:	00000004 	andeq	r0, r0, r4
	...
    6808:	00010600 	andeq	r0, r1, r0, lsl #12
    680c:	000003b7 			@ <UNDEFINED> instruction: 0x000003b7
    6810:	00000000 	andeq	r0, r0, r0
    6814:	00010630 	andeq	r0, r1, r0, lsr r6
    6818:	00000000 	andeq	r0, r0, r0
    681c:	00010660 	andeq	r0, r1, r0, ror #12

00006820 <rtsp_init>:
    6820:	e92d4800 	push	{fp, lr}
    6824:	e28db004 	add	fp, sp, #4
    6828:	e24dd010 	sub	sp, sp, #16
    682c:	e3a03000 	mov	r3, #0
    6830:	e50b3008 	str	r3, [fp, #-8]
    6834:	ea000023 	b	68c8 <rtsp_init+0xa8>
    6838:	e51b3008 	ldr	r3, [fp, #-8]
    683c:	e59f20ac 	ldr	r2, [pc, #172]	@ 68f0 <rtsp_init+0xd0>
    6840:	e0030392 	mul	r3, r2, r3
    6844:	e2833ca7 	add	r3, r3, #42752	@ 0xa700
    6848:	e28330e8 	add	r3, r3, #232	@ 0xe8
    684c:	e59f20a0 	ldr	r2, [pc, #160]	@ 68f4 <rtsp_init+0xd4>
    6850:	e0833002 	add	r3, r3, r2
    6854:	e2833004 	add	r3, r3, #4
    6858:	e1a00003 	mov	r0, r3
    685c:	e51b1008 	ldr	r1, [fp, #-8]
    6860:	ebfffc3b 	bl	5954 <dvs_init_buffers+0x1d0>
    6864:	e1a03000 	mov	r3, r0
    6868:	e3730001 	cmn	r3, #1
    686c:	1a000012 	bne	68bc <rtsp_init+0x9c>
    6870:	e51b3008 	ldr	r3, [fp, #-8]
    6874:	e58d3000 	str	r3, [sp]
    6878:	e3a00001 	mov	r0, #1
    687c:	e59f1074 	ldr	r1, [pc, #116]	@ 68f8 <rtsp_init+0xd8>
    6880:	e59f2074 	ldr	r2, [pc, #116]	@ 68fc <rtsp_init+0xdc>
    6884:	e59f3074 	ldr	r3, [pc, #116]	@ 6900 <rtsp_init+0xe0>
    6888:	ebfff065 	bl	2a24 <ak_print@plt>
    688c:	e51b3008 	ldr	r3, [fp, #-8]
    6890:	e59f2058 	ldr	r2, [pc, #88]	@ 68f0 <rtsp_init+0xd0>
    6894:	e0030392 	mul	r3, r2, r3
    6898:	e2833ca7 	add	r3, r3, #42752	@ 0xa700
    689c:	e28330e8 	add	r3, r3, #232	@ 0xe8
    68a0:	e59f204c 	ldr	r2, [pc, #76]	@ 68f4 <rtsp_init+0xd4>
    68a4:	e0833002 	add	r3, r3, r2
    68a8:	e2833004 	add	r3, r3, #4
    68ac:	e1a00003 	mov	r0, r3
    68b0:	ebfffd0d 	bl	5cec <dvs_init_buffers+0x568>
    68b4:	e3e03000 	mvn	r3, #0
    68b8:	ea000009 	b	68e4 <rtsp_init+0xc4>
    68bc:	e51b3008 	ldr	r3, [fp, #-8]
    68c0:	e2833001 	add	r3, r3, #1
    68c4:	e50b3008 	str	r3, [fp, #-8]
    68c8:	e51b3008 	ldr	r3, [fp, #-8]
    68cc:	e3530001 	cmp	r3, #1
    68d0:	daffffd8 	ble	6838 <rtsp_init+0x18>
    68d4:	ebfffee6 	bl	6474 <dvs_video_dispense_small+0x374>
    68d8:	ebffff3d 	bl	65d4 <dvs_video_dispense_small+0x4d4>
    68dc:	ebffff43 	bl	65f0 <dvs_video_dispense_small+0x4f0>
    68e0:	e3a03000 	mov	r3, #0
    68e4:	e1a00003 	mov	r0, r3
    68e8:	e24bd004 	sub	sp, fp, #4
    68ec:	e8bd8800 	pop	{fp, pc}
    68f0:	0000366c 	andeq	r3, r0, ip, ror #12
    68f4:	00000000 	andeq	r0, r0, r0
    68f8:	00010690 	muleq	r1, r0, r6
    68fc:	000107f8 	strdeq	r0, [r1], -r8
    6900:	000003e5 	andeq	r0, r0, r5, ror #7

00006904 <rtsp_set_chunnel_name>:
    6904:	e92d4810 	push	{r4, fp, lr}
    6908:	e28db008 	add	fp, sp, #8
    690c:	e24dd014 	sub	sp, sp, #20
    6910:	e50b0018 	str	r0, [fp, #-24]	@ 0xffffffe8
    6914:	e50b101c 	str	r1, [fp, #-28]	@ 0xffffffe4
    6918:	e51b3018 	ldr	r3, [fp, #-24]	@ 0xffffffe8
    691c:	e3530001 	cmp	r3, #1
    6920:	da000005 	ble	693c <rtsp_set_chunnel_name+0x38>
    6924:	e59f008c 	ldr	r0, [pc, #140]	@ 69b8 <rtsp_set_chunnel_name+0xb4>
    6928:	e3a01002 	mov	r1, #2
    692c:	e51b2018 	ldr	r2, [fp, #-24]	@ 0xffffffe8
    6930:	ebfff09b 	bl	2ba4 <printf@plt>
    6934:	e3e03000 	mvn	r3, #0
    6938:	ea00001b 	b	69ac <rtsp_set_chunnel_name+0xa8>
    693c:	e51b001c 	ldr	r0, [fp, #-28]	@ 0xffffffe4
    6940:	ebfff172 	bl	2f10 <strlen@plt>
    6944:	e1a03000 	mov	r3, r0
    6948:	e50b3010 	str	r3, [fp, #-16]
    694c:	e51b3010 	ldr	r3, [fp, #-16]
    6950:	e353007f 	cmp	r3, #127	@ 0x7f
    6954:	da000003 	ble	6968 <rtsp_set_chunnel_name+0x64>
    6958:	e59f005c 	ldr	r0, [pc, #92]	@ 69bc <rtsp_set_chunnel_name+0xb8>
    695c:	ebfff090 	bl	2ba4 <printf@plt>
    6960:	e3e03000 	mvn	r3, #0
    6964:	ea000010 	b	69ac <rtsp_set_chunnel_name+0xa8>
    6968:	e51b3018 	ldr	r3, [fp, #-24]	@ 0xffffffe8
    696c:	e59f204c 	ldr	r2, [pc, #76]	@ 69c0 <rtsp_set_chunnel_name+0xbc>
    6970:	e0030392 	mul	r3, r2, r3
    6974:	e2833ca7 	add	r3, r3, #42752	@ 0xa700
    6978:	e28330e8 	add	r3, r3, #232	@ 0xe8
    697c:	e59f2040 	ldr	r2, [pc, #64]	@ 69c4 <rtsp_set_chunnel_name+0xc0>
    6980:	e0833002 	add	r3, r3, r2
    6984:	e2834004 	add	r4, r3, #4
    6988:	e51b001c 	ldr	r0, [fp, #-28]	@ 0xffffffe4
    698c:	ebfff15f 	bl	2f10 <strlen@plt>
    6990:	e1a03000 	mov	r3, r0
    6994:	e2833001 	add	r3, r3, #1
    6998:	e1a00004 	mov	r0, r4
    699c:	e51b101c 	ldr	r1, [fp, #-28]	@ 0xffffffe4
    69a0:	e1a02003 	mov	r2, r3
    69a4:	ebfff14a 	bl	2ed4 <memcpy@plt>
    69a8:	e3a03000 	mov	r3, #0
    69ac:	e1a00003 	mov	r0, r3
    69b0:	e24bd008 	sub	sp, fp, #8
    69b4:	e8bd8810 	pop	{r4, fp, pc}
    69b8:	000106b0 			@ <UNDEFINED> instruction: 0x000106b0
    69bc:	000106cc 	andeq	r0, r1, ip, asr #13
    69c0:	0000366c 	andeq	r3, r0, ip, ror #12
    69c4:	00000000 	andeq	r0, r0, r0

000069c8 <rtsp_set_media_type>:
    69c8:	e92d4800 	push	{fp, lr}
    69cc:	e28db004 	add	fp, sp, #4
    69d0:	e24dd010 	sub	sp, sp, #16
    69d4:	e50b0008 	str	r0, [fp, #-8]
    69d8:	e50b100c 	str	r1, [fp, #-12]
    69dc:	e51b3008 	ldr	r3, [fp, #-8]
    69e0:	e3530001 	cmp	r3, #1
    69e4:	da000005 	ble	6a00 <rtsp_set_media_type+0x38>
    69e8:	e59f0094 	ldr	r0, [pc, #148]	@ 6a84 <rtsp_set_media_type+0xbc>
    69ec:	e3a01002 	mov	r1, #2
    69f0:	e51b2008 	ldr	r2, [fp, #-8]
    69f4:	ebfff06a 	bl	2ba4 <printf@plt>
    69f8:	e3e03000 	mvn	r3, #0
    69fc:	ea00001d 	b	6a78 <rtsp_set_media_type+0xb0>
    6a00:	e51b300c 	ldr	r3, [fp, #-12]
    6a04:	e3530002 	cmp	r3, #2
    6a08:	ca000002 	bgt	6a18 <rtsp_set_media_type+0x50>
    6a0c:	e51b300c 	ldr	r3, [fp, #-12]
    6a10:	e3530000 	cmp	r3, #0
    6a14:	aa000004 	bge	6a2c <rtsp_set_media_type+0x64>
    6a18:	e59f0068 	ldr	r0, [pc, #104]	@ 6a88 <rtsp_set_media_type+0xc0>
    6a1c:	e51b100c 	ldr	r1, [fp, #-12]
    6a20:	ebfff05f 	bl	2ba4 <printf@plt>
    6a24:	e3e03000 	mvn	r3, #0
    6a28:	ea000012 	b	6a78 <rtsp_set_media_type+0xb0>
    6a2c:	e59f1058 	ldr	r1, [pc, #88]	@ 6a8c <rtsp_set_media_type+0xc4>
    6a30:	e51b2008 	ldr	r2, [fp, #-8]
    6a34:	e59f3054 	ldr	r3, [pc, #84]	@ 6a90 <rtsp_set_media_type+0xc8>
    6a38:	e59f0054 	ldr	r0, [pc, #84]	@ 6a94 <rtsp_set_media_type+0xcc>
    6a3c:	e0020290 	mul	r2, r0, r2
    6a40:	e0812002 	add	r2, r1, r2
    6a44:	e0823003 	add	r3, r2, r3
    6a48:	e51b200c 	ldr	r2, [fp, #-12]
    6a4c:	e5832000 	str	r2, [r3]
    6a50:	e51b3008 	ldr	r3, [fp, #-8]
    6a54:	e58d3000 	str	r3, [sp]
    6a58:	e51b300c 	ldr	r3, [fp, #-12]
    6a5c:	e58d3004 	str	r3, [sp, #4]
    6a60:	e3a00003 	mov	r0, #3
    6a64:	e59f102c 	ldr	r1, [pc, #44]	@ 6a98 <rtsp_set_media_type+0xd0>
    6a68:	e59f202c 	ldr	r2, [pc, #44]	@ 6a9c <rtsp_set_media_type+0xd4>
    6a6c:	e59f302c 	ldr	r3, [pc, #44]	@ 6aa0 <rtsp_set_media_type+0xd8>
    6a70:	ebffefeb 	bl	2a24 <ak_print@plt>
    6a74:	e3a03000 	mov	r3, #0
    6a78:	e1a00003 	mov	r0, r3
    6a7c:	e24bd004 	sub	sp, fp, #4
    6a80:	e8bd8800 	pop	{fp, pc}
    6a84:	000106b0 			@ <UNDEFINED> instruction: 0x000106b0
    6a88:	000106ec 	andeq	r0, r1, ip, ror #13
    6a8c:	00000000 	andeq	r0, r0, r0
    6a90:	0000de54 	andeq	sp, r0, r4, asr lr
    6a94:	0000366c 	andeq	r3, r0, ip, ror #12
    6a98:	00010704 	andeq	r0, r1, r4, lsl #14
    6a9c:	00010804 	andeq	r0, r1, r4, lsl #16
    6aa0:	0000041f 	andeq	r0, r0, pc, lsl r4
    6aa4:	e52db004 	push	{fp}		@ (str fp, [sp, #-4]!)
    6aa8:	e28db000 	add	fp, sp, #0
    6aac:	e24dd00c 	sub	sp, sp, #12
    6ab0:	e50b0008 	str	r0, [fp, #-8]
    6ab4:	e50b100c 	str	r1, [fp, #-12]
    6ab8:	e51b300c 	ldr	r3, [fp, #-12]
    6abc:	e5933024 	ldr	r3, [r3, #36]	@ 0x24
    6ac0:	e3530000 	cmp	r3, #0
    6ac4:	e24bd000 	sub	sp, fp, #0
    6ac8:	e49db004 	pop	{fp}		@ (ldr fp, [sp], #4)
    6acc:	e12fff1e 	bx	lr
    6ad0:	e92d4800 	push	{fp, lr}
    6ad4:	e28db004 	add	fp, sp, #4
    6ad8:	e24dd038 	sub	sp, sp, #56	@ 0x38
    6adc:	e50b0038 	str	r0, [fp, #-56]	@ 0xffffffc8
    6ae0:	e24b3034 	sub	r3, fp, #52	@ 0x34
    6ae4:	e3a02000 	mov	r2, #0
    6ae8:	e5832000 	str	r2, [r3]
    6aec:	e2833004 	add	r3, r3, #4
    6af0:	e3a02000 	mov	r2, #0
    6af4:	e5832000 	str	r2, [r3]
    6af8:	e2833004 	add	r3, r3, #4
    6afc:	e3a02000 	mov	r2, #0
    6b00:	e5832000 	str	r2, [r3]
    6b04:	e2833004 	add	r3, r3, #4
    6b08:	e3a02000 	mov	r2, #0
    6b0c:	e5832000 	str	r2, [r3]
    6b10:	e2833004 	add	r3, r3, #4
    6b14:	e3a02000 	mov	r2, #0
    6b18:	e5832000 	str	r2, [r3]
    6b1c:	e2833004 	add	r3, r3, #4
    6b20:	e3a02000 	mov	r2, #0
    6b24:	e5832000 	str	r2, [r3]
    6b28:	e2833004 	add	r3, r3, #4
    6b2c:	e3a02000 	mov	r2, #0
    6b30:	e5832000 	str	r2, [r3]
    6b34:	e2833004 	add	r3, r3, #4
    6b38:	e3a02000 	mov	r2, #0
    6b3c:	e5832000 	str	r2, [r3]
    6b40:	e2833004 	add	r3, r3, #4
    6b44:	e3a02000 	mov	r2, #0
    6b48:	e5832000 	str	r2, [r3]
    6b4c:	e2833004 	add	r3, r3, #4
    6b50:	e3a02000 	mov	r2, #0
    6b54:	e5832000 	str	r2, [r3]
    6b58:	e2833004 	add	r3, r3, #4
    6b5c:	e3a02000 	mov	r2, #0
    6b60:	e5832000 	str	r2, [r3]
    6b64:	e2833004 	add	r3, r3, #4
    6b68:	e3a02000 	mov	r2, #0
    6b6c:	e5832000 	str	r2, [r3]
    6b70:	e2833004 	add	r3, r3, #4
    6b74:	e59f1240 	ldr	r1, [pc, #576]	@ 6dbc <rtsp_set_media_type+0x3f4>
    6b78:	e51b2038 	ldr	r2, [fp, #-56]	@ 0xffffffc8
    6b7c:	e3a03004 	mov	r3, #4
    6b80:	e3a0004c 	mov	r0, #76	@ 0x4c
    6b84:	e0020290 	mul	r2, r0, r2
    6b88:	e0812002 	add	r2, r1, r2
    6b8c:	e0823003 	add	r3, r2, r3
    6b90:	e5933000 	ldr	r3, [r3]
    6b94:	e50b3034 	str	r3, [fp, #-52]	@ 0xffffffcc
    6b98:	e59f121c 	ldr	r1, [pc, #540]	@ 6dbc <rtsp_set_media_type+0x3f4>
    6b9c:	e51b2038 	ldr	r2, [fp, #-56]	@ 0xffffffc8
    6ba0:	e3a03008 	mov	r3, #8
    6ba4:	e3a0004c 	mov	r0, #76	@ 0x4c
    6ba8:	e0020290 	mul	r2, r0, r2
    6bac:	e0812002 	add	r2, r1, r2
    6bb0:	e0823003 	add	r3, r2, r3
    6bb4:	e5933000 	ldr	r3, [r3]
    6bb8:	e50b3030 	str	r3, [fp, #-48]	@ 0xffffffd0
    6bbc:	e59f11f8 	ldr	r1, [pc, #504]	@ 6dbc <rtsp_set_media_type+0x3f4>
    6bc0:	e51b2038 	ldr	r2, [fp, #-56]	@ 0xffffffc8
    6bc4:	e3a03014 	mov	r3, #20
    6bc8:	e3a0004c 	mov	r0, #76	@ 0x4c
    6bcc:	e0020290 	mul	r2, r0, r2
    6bd0:	e0812002 	add	r2, r1, r2
    6bd4:	e0823003 	add	r3, r2, r3
    6bd8:	e5933000 	ldr	r3, [r3]
    6bdc:	e50b302c 	str	r3, [fp, #-44]	@ 0xffffffd4
    6be0:	e59f11d4 	ldr	r1, [pc, #468]	@ 6dbc <rtsp_set_media_type+0x3f4>
    6be4:	e51b2038 	ldr	r2, [fp, #-56]	@ 0xffffffc8
    6be8:	e3a03018 	mov	r3, #24
    6bec:	e3a0004c 	mov	r0, #76	@ 0x4c
    6bf0:	e0020290 	mul	r2, r0, r2
    6bf4:	e0812002 	add	r2, r1, r2
    6bf8:	e0823003 	add	r3, r2, r3
    6bfc:	e5933000 	ldr	r3, [r3]
    6c00:	e50b3028 	str	r3, [fp, #-40]	@ 0xffffffd8
    6c04:	e59f11b0 	ldr	r1, [pc, #432]	@ 6dbc <rtsp_set_media_type+0x3f4>
    6c08:	e51b2038 	ldr	r2, [fp, #-56]	@ 0xffffffc8
    6c0c:	e3a0300c 	mov	r3, #12
    6c10:	e3a0004c 	mov	r0, #76	@ 0x4c
    6c14:	e0020290 	mul	r2, r0, r2
    6c18:	e0812002 	add	r2, r1, r2
    6c1c:	e0823003 	add	r3, r2, r3
    6c20:	e5933000 	ldr	r3, [r3]
    6c24:	e50b3024 	str	r3, [fp, #-36]	@ 0xffffffdc
    6c28:	e51b3024 	ldr	r3, [fp, #-36]	@ 0xffffffdc
    6c2c:	e59f0188 	ldr	r0, [pc, #392]	@ 6dbc <rtsp_set_media_type+0x3f4>
    6c30:	e51b1038 	ldr	r1, [fp, #-56]	@ 0xffffffc8
    6c34:	e3a0201c 	mov	r2, #28
    6c38:	e3a0c04c 	mov	ip, #76	@ 0x4c
    6c3c:	e001019c 	mul	r1, ip, r1
    6c40:	e0801001 	add	r1, r0, r1
    6c44:	e0812002 	add	r2, r1, r2
    6c48:	e5922000 	ldr	r2, [r2]
    6c4c:	e0030392 	mul	r3, r2, r3
    6c50:	e50b3020 	str	r3, [fp, #-32]	@ 0xffffffe0
    6c54:	e59f1160 	ldr	r1, [pc, #352]	@ 6dbc <rtsp_set_media_type+0x3f4>
    6c58:	e51b2038 	ldr	r2, [fp, #-56]	@ 0xffffffc8
    6c5c:	e3a03010 	mov	r3, #16
    6c60:	e3a0004c 	mov	r0, #76	@ 0x4c
    6c64:	e0020290 	mul	r2, r0, r2
    6c68:	e0812002 	add	r2, r1, r2
    6c6c:	e0823003 	add	r3, r2, r3
    6c70:	e5933000 	ldr	r3, [r3]
    6c74:	e50b301c 	str	r3, [fp, #-28]	@ 0xffffffe4
    6c78:	e59f113c 	ldr	r1, [pc, #316]	@ 6dbc <rtsp_set_media_type+0x3f4>
    6c7c:	e51b2038 	ldr	r2, [fp, #-56]	@ 0xffffffc8
    6c80:	e3a03028 	mov	r3, #40	@ 0x28
    6c84:	e3a0004c 	mov	r0, #76	@ 0x4c
    6c88:	e0020290 	mul	r2, r0, r2
    6c8c:	e0812002 	add	r2, r1, r2
    6c90:	e0823003 	add	r3, r2, r3
    6c94:	e5933000 	ldr	r3, [r3]
    6c98:	e50b300c 	str	r3, [fp, #-12]
    6c9c:	e59f1118 	ldr	r1, [pc, #280]	@ 6dbc <rtsp_set_media_type+0x3f4>
    6ca0:	e51b2038 	ldr	r2, [fp, #-56]	@ 0xffffffc8
    6ca4:	e3a03020 	mov	r3, #32
    6ca8:	e3a0004c 	mov	r0, #76	@ 0x4c
    6cac:	e0020290 	mul	r2, r0, r2
    6cb0:	e0812002 	add	r2, r1, r2
    6cb4:	e0823003 	add	r3, r2, r3
    6cb8:	e5933000 	ldr	r3, [r3]
    6cbc:	e50b3008 	str	r3, [fp, #-8]
    6cc0:	e51b3038 	ldr	r3, [fp, #-56]	@ 0xffffffc8
    6cc4:	e3530000 	cmp	r3, #0
    6cc8:	0a000002 	beq	6cd8 <rtsp_set_media_type+0x310>
    6ccc:	e3530001 	cmp	r3, #1
    6cd0:	0a000018 	beq	6d38 <rtsp_set_media_type+0x370>
    6cd4:	ea00002f 	b	6d98 <rtsp_set_media_type+0x3d0>
    6cd8:	e3a03000 	mov	r3, #0
    6cdc:	e50b3014 	str	r3, [fp, #-20]	@ 0xffffffec
    6ce0:	e3a03001 	mov	r3, #1
    6ce4:	e50b3010 	str	r3, [fp, #-16]
    6ce8:	e59f10cc 	ldr	r1, [pc, #204]	@ 6dbc <rtsp_set_media_type+0x3f4>
    6cec:	e51b2038 	ldr	r2, [fp, #-56]	@ 0xffffffc8
    6cf0:	e3a03020 	mov	r3, #32
    6cf4:	e3a0004c 	mov	r0, #76	@ 0x4c
    6cf8:	e0020290 	mul	r2, r0, r2
    6cfc:	e0812002 	add	r2, r1, r2
    6d00:	e0823003 	add	r3, r2, r3
    6d04:	e5933000 	ldr	r3, [r3]
    6d08:	e3530000 	cmp	r3, #0
    6d0c:	0a000002 	beq	6d1c <rtsp_set_media_type+0x354>
    6d10:	e3530002 	cmp	r3, #2
    6d14:	0a000003 	beq	6d28 <rtsp_set_media_type+0x360>
    6d18:	ea000005 	b	6d34 <rtsp_set_media_type+0x36c>
    6d1c:	e3a03000 	mov	r3, #0
    6d20:	e50b3018 	str	r3, [fp, #-24]	@ 0xffffffe8
    6d24:	ea000002 	b	6d34 <rtsp_set_media_type+0x36c>
    6d28:	e3a03003 	mov	r3, #3
    6d2c:	e50b3018 	str	r3, [fp, #-24]	@ 0xffffffe8
    6d30:	e1a00000 	nop			@ (mov r0, r0)
    6d34:	ea000019 	b	6da0 <rtsp_set_media_type+0x3d8>
    6d38:	e3a03001 	mov	r3, #1
    6d3c:	e50b3014 	str	r3, [fp, #-20]	@ 0xffffffec
    6d40:	e3a03002 	mov	r3, #2
    6d44:	e50b3010 	str	r3, [fp, #-16]
    6d48:	e59f106c 	ldr	r1, [pc, #108]	@ 6dbc <rtsp_set_media_type+0x3f4>
    6d4c:	e51b2038 	ldr	r2, [fp, #-56]	@ 0xffffffc8
    6d50:	e3a03020 	mov	r3, #32
    6d54:	e3a0004c 	mov	r0, #76	@ 0x4c
    6d58:	e0020290 	mul	r2, r0, r2
    6d5c:	e0812002 	add	r2, r1, r2
    6d60:	e0823003 	add	r3, r2, r3
    6d64:	e5933000 	ldr	r3, [r3]
    6d68:	e3530000 	cmp	r3, #0
    6d6c:	0a000002 	beq	6d7c <rtsp_set_media_type+0x3b4>
    6d70:	e3530002 	cmp	r3, #2
    6d74:	0a000003 	beq	6d88 <rtsp_set_media_type+0x3c0>
    6d78:	ea000005 	b	6d94 <rtsp_set_media_type+0x3cc>
    6d7c:	e3a03000 	mov	r3, #0
    6d80:	e50b3018 	str	r3, [fp, #-24]	@ 0xffffffe8
    6d84:	ea000002 	b	6d94 <rtsp_set_media_type+0x3cc>
    6d88:	e3a03003 	mov	r3, #3
    6d8c:	e50b3018 	str	r3, [fp, #-24]	@ 0xffffffe8
    6d90:	e1a00000 	nop			@ (mov r0, r0)
    6d94:	ea000001 	b	6da0 <rtsp_set_media_type+0x3d8>
    6d98:	e3a03000 	mov	r3, #0
    6d9c:	ea000003 	b	6db0 <rtsp_set_media_type+0x3e8>
    6da0:	e24b3034 	sub	r3, fp, #52	@ 0x34
    6da4:	e1a00003 	mov	r0, r3
    6da8:	ebfff013 	bl	2dfc <ak_venc_open@plt>
    6dac:	e1a03000 	mov	r3, r0
    6db0:	e1a00003 	mov	r0, r3
    6db4:	e24bd004 	sub	sp, fp, #4
    6db8:	e8bd8800 	pop	{fp, pc}
    6dbc:	00419bc4 	subeq	r9, r1, r4, asr #23

00006dc0 <ak_rtsp_get_version>:
    6dc0:	e52db004 	push	{fp}		@ (str fp, [sp, #-4]!)
    6dc4:	e28db000 	add	fp, sp, #0
    6dc8:	e59f300c 	ldr	r3, [pc, #12]	@ 6ddc <ak_rtsp_get_version+0x1c>
    6dcc:	e1a00003 	mov	r0, r3
    6dd0:	e24bd000 	sub	sp, fp, #0
    6dd4:	e49db004 	pop	{fp}		@ (ldr fp, [sp], #4)
    6dd8:	e12fff1e 	bx	lr
    6ddc:	00010818 	andeq	r0, r1, r8, lsl r8
    6de0:	e92d4800 	push	{fp, lr}
    6de4:	e28db004 	add	fp, sp, #4
    6de8:	e24dde47 	sub	sp, sp, #1136	@ 0x470
    6dec:	e50b0460 	str	r0, [fp, #-1120]	@ 0xfffffba0
    6df0:	e50b1464 	str	r1, [fp, #-1124]	@ 0xfffffb9c
    6df4:	e50b2468 	str	r2, [fp, #-1128]	@ 0xfffffb98
    6df8:	e3a03000 	mov	r3, #0
    6dfc:	e50b3008 	str	r3, [fp, #-8]
    6e00:	e3a03000 	mov	r3, #0
    6e04:	e50b300c 	str	r3, [fp, #-12]
    6e08:	e3a03010 	mov	r3, #16
    6e0c:	e50b3014 	str	r3, [fp, #-20]	@ 0xffffffec
    6e10:	e3a03001 	mov	r3, #1
    6e14:	e50b3010 	str	r3, [fp, #-16]
    6e18:	e3a03d7d 	mov	r3, #8000	@ 0x1f40
    6e1c:	e50b3018 	str	r3, [fp, #-24]	@ 0xffffffe8
    6e20:	e24b3018 	sub	r3, fp, #24
    6e24:	e1a00003 	mov	r0, r3
    6e28:	ebffef00 	bl	2a30 <ak_ai_open@plt>
    6e2c:	e50b0008 	str	r0, [fp, #-8]
    6e30:	e51b3008 	ldr	r3, [fp, #-8]
    6e34:	e3530000 	cmp	r3, #0
    6e38:	1a00000a 	bne	6e68 <ak_rtsp_get_version+0xa8>
    6e3c:	e59f3288 	ldr	r3, [pc, #648]	@ 70cc <ak_rtsp_get_version+0x30c>
    6e40:	e58d3000 	str	r3, [sp]
    6e44:	e3a0309c 	mov	r3, #156	@ 0x9c
    6e48:	e58d3004 	str	r3, [sp, #4]
    6e4c:	e3a00006 	mov	r0, #6
    6e50:	e3a01000 	mov	r1, #0
    6e54:	e59f2274 	ldr	r2, [pc, #628]	@ 70d0 <ak_rtsp_get_version+0x310>
    6e58:	e59f3274 	ldr	r3, [pc, #628]	@ 70d4 <ak_rtsp_get_version+0x314>
    6e5c:	ebffef1a 	bl	2acc <akae_log_verbose@plt>
    6e60:	e3a00001 	mov	r0, #1
    6e64:	ebffef69 	bl	2c10 <exit@plt>
    6e68:	e51b0008 	ldr	r0, [fp, #-8]
    6e6c:	e3a01001 	mov	r1, #1
    6e70:	ebffef42 	bl	2b80 <ak_ai_set_nr_agc@plt>
    6e74:	e51b0008 	ldr	r0, [fp, #-8]
    6e78:	e3a01001 	mov	r1, #1
    6e7c:	ebffeffc 	bl	2e74 <ak_ai_set_aec@plt>
    6e80:	e51b0008 	ldr	r0, [fp, #-8]
    6e84:	e3a01001 	mov	r1, #1
    6e88:	ebffef51 	bl	2bd4 <ak_ai_set_source@plt>
    6e8c:	e51b0008 	ldr	r0, [fp, #-8]
    6e90:	ebffef79 	bl	2c7c <ak_ai_clear_frame_buffer@plt>
    6e94:	e51b0008 	ldr	r0, [fp, #-8]
    6e98:	e3a01028 	mov	r1, #40	@ 0x28
    6e9c:	ebffef10 	bl	2ae4 <ak_ai_set_frame_interval@plt>
    6ea0:	e3a03011 	mov	r3, #17
    6ea4:	e50b3028 	str	r3, [fp, #-40]	@ 0xffffffd8
    6ea8:	e3a03010 	mov	r3, #16
    6eac:	e50b3020 	str	r3, [fp, #-32]	@ 0xffffffe0
    6eb0:	e3a03001 	mov	r3, #1
    6eb4:	e50b301c 	str	r3, [fp, #-28]	@ 0xffffffe4
    6eb8:	e3a03d7d 	mov	r3, #8000	@ 0x1f40
    6ebc:	e50b3024 	str	r3, [fp, #-36]	@ 0xffffffdc
    6ec0:	e24b3028 	sub	r3, fp, #40	@ 0x28
    6ec4:	e1a00003 	mov	r0, r3
    6ec8:	ebffeec3 	bl	29dc <ak_aenc_open@plt>
    6ecc:	e50b000c 	str	r0, [fp, #-12]
    6ed0:	e51b300c 	ldr	r3, [fp, #-12]
    6ed4:	e3530000 	cmp	r3, #0
    6ed8:	1a00000a 	bne	6f08 <ak_rtsp_get_version+0x148>
    6edc:	e59f31f4 	ldr	r3, [pc, #500]	@ 70d8 <ak_rtsp_get_version+0x318>
    6ee0:	e58d3000 	str	r3, [sp]
    6ee4:	e3a030ac 	mov	r3, #172	@ 0xac
    6ee8:	e58d3004 	str	r3, [sp, #4]
    6eec:	e3a00006 	mov	r0, #6
    6ef0:	e3a01000 	mov	r1, #0
    6ef4:	e59f21d4 	ldr	r2, [pc, #468]	@ 70d0 <ak_rtsp_get_version+0x310>
    6ef8:	e59f31d4 	ldr	r3, [pc, #468]	@ 70d4 <ak_rtsp_get_version+0x314>
    6efc:	ebffeef2 	bl	2acc <akae_log_verbose@plt>
    6f00:	e3a00001 	mov	r0, #1
    6f04:	ebffef41 	bl	2c10 <exit@plt>
    6f08:	e3a00004 	mov	r0, #4
    6f0c:	e59f11c8 	ldr	r1, [pc, #456]	@ 70dc <ak_rtsp_get_version+0x31c>
    6f10:	ebffeec3 	bl	2a24 <ak_print@plt>
    6f14:	e51b3028 	ldr	r3, [fp, #-40]	@ 0xffffffd8
    6f18:	e3530004 	cmp	r3, #4
    6f1c:	1a000005 	bne	6f38 <ak_rtsp_get_version+0x178>
    6f20:	e3a03001 	mov	r3, #1
    6f24:	e50b302c 	str	r3, [fp, #-44]	@ 0xffffffd4
    6f28:	e24b302c 	sub	r3, fp, #44	@ 0x2c
    6f2c:	e51b000c 	ldr	r0, [fp, #-12]
    6f30:	e1a01003 	mov	r1, r3
    6f34:	ebffefb9 	bl	2e20 <ak_aenc_set_attr@plt>
    6f38:	e51b0008 	ldr	r0, [fp, #-8]
    6f3c:	ebffeefa 	bl	2b2c <ak_ai_start_capture@plt>
    6f40:	ea000052 	b	7090 <ak_rtsp_get_version+0x2d0>
    6f44:	e24b3044 	sub	r3, fp, #68	@ 0x44
    6f48:	e3a02000 	mov	r2, #0
    6f4c:	e5832000 	str	r2, [r3]
    6f50:	e2833004 	add	r3, r3, #4
    6f54:	e3a02000 	mov	r2, #0
    6f58:	e5832000 	str	r2, [r3]
    6f5c:	e2833004 	add	r3, r3, #4
    6f60:	e3a02000 	mov	r2, #0
    6f64:	e5832000 	str	r2, [r3]
    6f68:	e2833004 	add	r3, r3, #4
    6f6c:	e3a02000 	mov	r2, #0
    6f70:	e5832000 	str	r2, [r3]
    6f74:	e2833004 	add	r3, r3, #4
    6f78:	e3a02000 	mov	r2, #0
    6f7c:	e5832000 	str	r2, [r3]
    6f80:	e2833004 	add	r3, r3, #4
    6f84:	e3a02000 	mov	r2, #0
    6f88:	e5832000 	str	r2, [r3]
    6f8c:	e2833004 	add	r3, r3, #4
    6f90:	e24b305c 	sub	r3, fp, #92	@ 0x5c
    6f94:	e3a02000 	mov	r2, #0
    6f98:	e5832000 	str	r2, [r3]
    6f9c:	e2833004 	add	r3, r3, #4
    6fa0:	e3a02000 	mov	r2, #0
    6fa4:	e5832000 	str	r2, [r3]
    6fa8:	e2833004 	add	r3, r3, #4
    6fac:	e3a02000 	mov	r2, #0
    6fb0:	e5832000 	str	r2, [r3]
    6fb4:	e2833004 	add	r3, r3, #4
    6fb8:	e3a02000 	mov	r2, #0
    6fbc:	e5832000 	str	r2, [r3]
    6fc0:	e2833004 	add	r3, r3, #4
    6fc4:	e3a02000 	mov	r2, #0
    6fc8:	e5832000 	str	r2, [r3]
    6fcc:	e2833004 	add	r3, r3, #4
    6fd0:	e3a02000 	mov	r2, #0
    6fd4:	e5832000 	str	r2, [r3]
    6fd8:	e2833004 	add	r3, r3, #4
    6fdc:	ea00001e 	b	705c <ak_rtsp_get_version+0x29c>
    6fe0:	e24b305c 	sub	r3, fp, #92	@ 0x5c
    6fe4:	e1a00003 	mov	r0, r3
    6fe8:	e3a01000 	mov	r1, #0
    6fec:	e3a02018 	mov	r2, #24
    6ff0:	ebffee94 	bl	2a48 <memset@plt>
    6ff4:	e24b3e45 	sub	r3, fp, #1104	@ 0x450
    6ff8:	e2433004 	sub	r3, r3, #4
    6ffc:	e2433008 	sub	r3, r3, #8
    7000:	e50b305c 	str	r3, [fp, #-92]	@ 0xffffffa4
    7004:	e3a03b01 	mov	r3, #1024	@ 0x400
    7008:	e50b3058 	str	r3, [fp, #-88]	@ 0xffffffa8
    700c:	e24b2044 	sub	r2, fp, #68	@ 0x44
    7010:	e24b305c 	sub	r3, fp, #92	@ 0x5c
    7014:	e51b000c 	ldr	r0, [fp, #-12]
    7018:	e1a01002 	mov	r1, r2
    701c:	e1a02003 	mov	r2, r3
    7020:	ebffeef7 	bl	2c04 <ak_aenc_send_frame@plt>
    7024:	e1a03000 	mov	r3, r0
    7028:	e3530000 	cmp	r3, #0
    702c:	da000006 	ble	704c <ak_rtsp_get_version+0x28c>
    7030:	e59f30a8 	ldr	r3, [pc, #168]	@ 70e0 <ak_rtsp_get_version+0x320>
    7034:	e5930000 	ldr	r0, [r3]
    7038:	e14b23dc 	ldrd	r2, [fp, #-60]	@ 0xffffffc4
    703c:	e1a01002 	mov	r1, r2
    7040:	e51b205c 	ldr	r2, [fp, #-92]	@ 0xffffffa4
    7044:	e51b3058 	ldr	r3, [fp, #-88]	@ 0xffffffa8
    7048:	ebffef5f 	bl	2dcc <akae_rtp_queue_add_payload@plt>
    704c:	e24b3044 	sub	r3, fp, #68	@ 0x44
    7050:	e51b0008 	ldr	r0, [fp, #-8]
    7054:	e1a01003 	mov	r1, r3
    7058:	ebffee89 	bl	2a84 <ak_ai_release_frame@plt>
    705c:	e24b3044 	sub	r3, fp, #68	@ 0x44
    7060:	e51b0008 	ldr	r0, [fp, #-8]
    7064:	e1a01003 	mov	r1, r3
    7068:	e3a02000 	mov	r2, #0
    706c:	ebffef59 	bl	2dd8 <ak_ai_get_frame@plt>
    7070:	e1a03000 	mov	r3, r0
    7074:	e3530000 	cmp	r3, #0
    7078:	0affffd8 	beq	6fe0 <ak_rtsp_get_version+0x220>
    707c:	e51b0460 	ldr	r0, [fp, #-1120]	@ 0xfffffba0
    7080:	e3a01000 	mov	r1, #0
    7084:	e3a02014 	mov	r2, #20
    7088:	e3a03000 	mov	r3, #0
    708c:	ebffeea3 	bl	2b20 <akae_thread_suspend@plt>
    7090:	e51b0460 	ldr	r0, [fp, #-1120]	@ 0xfffffba0
    7094:	ebffee44 	bl	29ac <akae_thread_terminated@plt>
    7098:	e1a03000 	mov	r3, r0
    709c:	e3530000 	cmp	r3, #0
    70a0:	0affffa7 	beq	6f44 <ak_rtsp_get_version+0x184>
    70a4:	e51b000c 	ldr	r0, [fp, #-12]
    70a8:	ebffeec6 	bl	2bc8 <ak_aenc_close@plt>
    70ac:	e3a03000 	mov	r3, #0
    70b0:	e50b300c 	str	r3, [fp, #-12]
    70b4:	e51b0008 	ldr	r0, [fp, #-8]
    70b8:	ebffef8b 	bl	2eec <ak_ai_stop_capture@plt>
    70bc:	e51b0008 	ldr	r0, [fp, #-8]
    70c0:	ebffee5d 	bl	2a3c <ak_ai_close@plt>
    70c4:	e24bd004 	sub	sp, fp, #4
    70c8:	e8bd8800 	pop	{fp, pc}
    70cc:	00010858 	andeq	r0, r1, r8, asr r8
    70d0:	0001082c 	andeq	r0, r1, ip, lsr #16
    70d4:	00010a94 	muleq	r1, r4, sl
    70d8:	00010868 	andeq	r0, r1, r8, ror #16
    70dc:	00010878 	andeq	r0, r1, r8, ror r8
    70e0:	00419bc0 	subeq	r9, r1, r0, asr #23
    70e4:	e92d4800 	push	{fp, lr}
    70e8:	e28db004 	add	fp, sp, #4
    70ec:	e24dd040 	sub	sp, sp, #64	@ 0x40
    70f0:	e50b0030 	str	r0, [fp, #-48]	@ 0xffffffd0
    70f4:	e50b1034 	str	r1, [fp, #-52]	@ 0xffffffcc
    70f8:	e50b2038 	str	r2, [fp, #-56]	@ 0xffffffc8
    70fc:	e3a03000 	mov	r3, #0
    7100:	e50b3008 	str	r3, [fp, #-8]
    7104:	e3a03000 	mov	r3, #0
    7108:	e50b300c 	str	r3, [fp, #-12]
    710c:	e51b3038 	ldr	r3, [fp, #-56]	@ 0xffffffc8
    7110:	e5933000 	ldr	r3, [r3]
    7114:	e50b3010 	str	r3, [fp, #-16]
    7118:	e51b3010 	ldr	r3, [fp, #-16]
    711c:	e1a00003 	mov	r0, r3
    7120:	ebfffe6a 	bl	6ad0 <rtsp_set_media_type+0x108>
    7124:	e50b0008 	str	r0, [fp, #-8]
    7128:	e51b3008 	ldr	r3, [fp, #-8]
    712c:	e3530000 	cmp	r3, #0
    7130:	1a00000a 	bne	7160 <ak_rtsp_get_version+0x3a0>
    7134:	e59f318c 	ldr	r3, [pc, #396]	@ 72c8 <ak_rtsp_get_version+0x508>
    7138:	e58d3000 	str	r3, [sp]
    713c:	e3a030de 	mov	r3, #222	@ 0xde
    7140:	e58d3004 	str	r3, [sp, #4]
    7144:	e3a00006 	mov	r0, #6
    7148:	e3a01000 	mov	r1, #0
    714c:	e59f2178 	ldr	r2, [pc, #376]	@ 72cc <ak_rtsp_get_version+0x50c>
    7150:	e59f3178 	ldr	r3, [pc, #376]	@ 72d0 <ak_rtsp_get_version+0x510>
    7154:	ebffee5c 	bl	2acc <akae_log_verbose@plt>
    7158:	e3a00001 	mov	r0, #1
    715c:	ebffeeab 	bl	2c10 <exit@plt>
    7160:	e51b3010 	ldr	r3, [fp, #-16]
    7164:	e3a0204c 	mov	r2, #76	@ 0x4c
    7168:	e0020293 	mul	r2, r3, r2
    716c:	e59f3160 	ldr	r3, [pc, #352]	@ 72d4 <ak_rtsp_get_version+0x514>
    7170:	e0823003 	add	r3, r2, r3
    7174:	e51b0008 	ldr	r0, [fp, #-8]
    7178:	e1a01003 	mov	r1, r3
    717c:	ebfffe48 	bl	6aa4 <rtsp_set_media_type+0xdc>
    7180:	e59f114c 	ldr	r1, [pc, #332]	@ 72d4 <ak_rtsp_get_version+0x514>
    7184:	e51b2010 	ldr	r2, [fp, #-16]
    7188:	e3a0302c 	mov	r3, #44	@ 0x2c
    718c:	e3a0004c 	mov	r0, #76	@ 0x4c
    7190:	e0020290 	mul	r2, r0, r2
    7194:	e0812002 	add	r2, r1, r2
    7198:	e0823003 	add	r3, r2, r3
    719c:	e5933000 	ldr	r3, [r3]
    71a0:	e1a00003 	mov	r0, r3
    71a4:	e51b1008 	ldr	r1, [fp, #-8]
    71a8:	ebffef10 	bl	2df0 <ak_venc_request_stream@plt>
    71ac:	e50b000c 	str	r0, [fp, #-12]
    71b0:	e51b300c 	ldr	r3, [fp, #-12]
    71b4:	e3530000 	cmp	r3, #0
    71b8:	1a00000a 	bne	71e8 <ak_rtsp_get_version+0x428>
    71bc:	e59f3114 	ldr	r3, [pc, #276]	@ 72d8 <ak_rtsp_get_version+0x518>
    71c0:	e58d3000 	str	r3, [sp]
    71c4:	e3a030e5 	mov	r3, #229	@ 0xe5
    71c8:	e58d3004 	str	r3, [sp, #4]
    71cc:	e3a00006 	mov	r0, #6
    71d0:	e3a01000 	mov	r1, #0
    71d4:	e59f20f0 	ldr	r2, [pc, #240]	@ 72cc <ak_rtsp_get_version+0x50c>
    71d8:	e59f30f0 	ldr	r3, [pc, #240]	@ 72d0 <ak_rtsp_get_version+0x510>
    71dc:	ebffee3a 	bl	2acc <akae_log_verbose@plt>
    71e0:	e3a00001 	mov	r0, #1
    71e4:	ebffee89 	bl	2c10 <exit@plt>
    71e8:	ea00002b 	b	729c <ak_rtsp_get_version+0x4dc>
    71ec:	e24b302c 	sub	r3, fp, #44	@ 0x2c
    71f0:	e3a02000 	mov	r2, #0
    71f4:	e5832000 	str	r2, [r3]
    71f8:	e2833004 	add	r3, r3, #4
    71fc:	e3a02000 	mov	r2, #0
    7200:	e5832000 	str	r2, [r3]
    7204:	e2833004 	add	r3, r3, #4
    7208:	e3a02000 	mov	r2, #0
    720c:	e5832000 	str	r2, [r3]
    7210:	e2833004 	add	r3, r3, #4
    7214:	e3a02000 	mov	r2, #0
    7218:	e5832000 	str	r2, [r3]
    721c:	e2833004 	add	r3, r3, #4
    7220:	e3a02000 	mov	r2, #0
    7224:	e5832000 	str	r2, [r3]
    7228:	e2833004 	add	r3, r3, #4
    722c:	e3a02000 	mov	r2, #0
    7230:	e5832000 	str	r2, [r3]
    7234:	e2833004 	add	r3, r3, #4
    7238:	ea00000b 	b	726c <ak_rtsp_get_version+0x4ac>
    723c:	e59f3098 	ldr	r3, [pc, #152]	@ 72dc <ak_rtsp_get_version+0x51c>
    7240:	e51b2010 	ldr	r2, [fp, #-16]
    7244:	e7930102 	ldr	r0, [r3, r2, lsl #2]
    7248:	e14b22d4 	ldrd	r2, [fp, #-36]	@ 0xffffffdc
    724c:	e1a01002 	mov	r1, r2
    7250:	e51b202c 	ldr	r2, [fp, #-44]	@ 0xffffffd4
    7254:	e51b3028 	ldr	r3, [fp, #-40]	@ 0xffffffd8
    7258:	ebffeedb 	bl	2dcc <akae_rtp_queue_add_payload@plt>
    725c:	e24b302c 	sub	r3, fp, #44	@ 0x2c
    7260:	e51b000c 	ldr	r0, [fp, #-12]
    7264:	e1a01003 	mov	r1, r3
    7268:	ebffeecb 	bl	2d9c <ak_venc_release_stream@plt>
    726c:	e24b302c 	sub	r3, fp, #44	@ 0x2c
    7270:	e51b000c 	ldr	r0, [fp, #-12]
    7274:	e1a01003 	mov	r1, r3
    7278:	ebffee34 	bl	2b50 <ak_venc_get_stream@plt>
    727c:	e1a03000 	mov	r3, r0
    7280:	e3530000 	cmp	r3, #0
    7284:	0affffec 	beq	723c <ak_rtsp_get_version+0x47c>
    7288:	e51b0030 	ldr	r0, [fp, #-48]	@ 0xffffffd0
    728c:	e3a01000 	mov	r1, #0
    7290:	e3a0201e 	mov	r2, #30
    7294:	e3a03000 	mov	r3, #0
    7298:	ebffee20 	bl	2b20 <akae_thread_suspend@plt>
    729c:	e51b0030 	ldr	r0, [fp, #-48]	@ 0xffffffd0
    72a0:	ebffedc1 	bl	29ac <akae_thread_terminated@plt>
    72a4:	e1a03000 	mov	r3, r0
    72a8:	e3530000 	cmp	r3, #0
    72ac:	0affffce 	beq	71ec <ak_rtsp_get_version+0x42c>
    72b0:	e51b000c 	ldr	r0, [fp, #-12]
    72b4:	ebffedf8 	bl	2a9c <ak_venc_cancel_stream@plt>
    72b8:	e51b0008 	ldr	r0, [fp, #-8]
    72bc:	ebffee20 	bl	2b44 <ak_venc_close@plt>
    72c0:	e24bd004 	sub	sp, fp, #4
    72c4:	e8bd8800 	pop	{fp, pc}
    72c8:	0001088c 	andeq	r0, r1, ip, lsl #17
    72cc:	0001082c 	andeq	r0, r1, ip, lsr #16
    72d0:	00010aa4 	andeq	r0, r1, r4, lsr #21
    72d4:	00419bc4 	subeq	r9, r1, r4, asr #23
    72d8:	0001089c 	muleq	r1, ip, r8
    72dc:	00419bb8 	strheq	r9, [r1], #-184	@ 0xffffff48

000072e0 <ak_rtsp_init>:
    72e0:	e92d4810 	push	{r4, fp, lr}
    72e4:	e28db008 	add	fp, sp, #8
    72e8:	e24ddf59 	sub	sp, sp, #356	@ 0x164
    72ec:	e50b0160 	str	r0, [fp, #-352]	@ 0xfffffea0
    72f0:	e3a03000 	mov	r3, #0
    72f4:	e50b3018 	str	r3, [fp, #-24]	@ 0xffffffe8
    72f8:	e3a03000 	mov	r3, #0
    72fc:	e50b3010 	str	r3, [fp, #-16]
    7300:	e3a03000 	mov	r3, #0
    7304:	e50b301c 	str	r3, [fp, #-28]	@ 0xffffffe4
    7308:	e59f3828 	ldr	r3, [pc, #2088]	@ 7b38 <ak_rtsp_init+0x858>
    730c:	e50b3014 	str	r3, [fp, #-20]	@ 0xffffffec
    7310:	e59f3824 	ldr	r3, [pc, #2084]	@ 7b3c <ak_rtsp_init+0x85c>
    7314:	e5933000 	ldr	r3, [r3]
    7318:	e3530000 	cmp	r3, #0
    731c:	0a000001 	beq	7328 <ak_rtsp_init+0x48>
    7320:	e3e03000 	mvn	r3, #0
    7324:	ea000200 	b	7b2c <ak_rtsp_init+0x84c>
    7328:	e51b3160 	ldr	r3, [fp, #-352]	@ 0xfffffea0
    732c:	e3530000 	cmp	r3, #0
    7330:	1a000006 	bne	7350 <ak_rtsp_init+0x70>
    7334:	e3a00001 	mov	r0, #1
    7338:	e59f1800 	ldr	r1, [pc, #2048]	@ 7b40 <ak_rtsp_init+0x860>
    733c:	e59f2800 	ldr	r2, [pc, #2048]	@ 7b44 <ak_rtsp_init+0x864>
    7340:	e59f3800 	ldr	r3, [pc, #2048]	@ 7b48 <ak_rtsp_init+0x868>
    7344:	ebffedb6 	bl	2a24 <ak_print@plt>
    7348:	e3e03000 	mvn	r3, #0
    734c:	ea0001f6 	b	7b2c <ak_rtsp_init+0x84c>
    7350:	e3a00001 	mov	r0, #1
    7354:	e59f17f0 	ldr	r1, [pc, #2032]	@ 7b4c <ak_rtsp_init+0x86c>
    7358:	e3a02501 	mov	r2, #4194304	@ 0x400000
    735c:	ebffeeee 	bl	2f1c <akae_malloc_create@plt>
    7360:	e1a02000 	mov	r2, r0
    7364:	e59f37d0 	ldr	r3, [pc, #2000]	@ 7b3c <ak_rtsp_init+0x85c>
    7368:	e5832000 	str	r2, [r3]
    736c:	e59f37c8 	ldr	r3, [pc, #1992]	@ 7b3c <ak_rtsp_init+0x85c>
    7370:	e5933000 	ldr	r3, [r3]
    7374:	e3530000 	cmp	r3, #0
    7378:	1a000001 	bne	7384 <ak_rtsp_init+0xa4>
    737c:	e3e03000 	mvn	r3, #0
    7380:	ea0001e9 	b	7b2c <ak_rtsp_init+0x84c>
    7384:	e59f07c4 	ldr	r0, [pc, #1988]	@ 7b50 <ak_rtsp_init+0x870>
    7388:	e51b1160 	ldr	r1, [fp, #-352]	@ 0xfffffea0
    738c:	e3a02098 	mov	r2, #152	@ 0x98
    7390:	ebffeecf 	bl	2ed4 <memcpy@plt>
    7394:	e59f37a0 	ldr	r3, [pc, #1952]	@ 7b3c <ak_rtsp_init+0x85c>
    7398:	e5933000 	ldr	r3, [r3]
    739c:	e1a00003 	mov	r0, r3
    73a0:	ebffedd8 	bl	2b08 <akae_rtsp_server_create@plt>
    73a4:	e1a02000 	mov	r2, r0
    73a8:	e59f37a4 	ldr	r3, [pc, #1956]	@ 7b54 <ak_rtsp_init+0x874>
    73ac:	e5832000 	str	r2, [r3]
    73b0:	e59f379c 	ldr	r3, [pc, #1948]	@ 7b54 <ak_rtsp_init+0x874>
    73b4:	e5933000 	ldr	r3, [r3]
    73b8:	e3530000 	cmp	r3, #0
    73bc:	1a00000a 	bne	73ec <ak_rtsp_init+0x10c>
    73c0:	e59f3790 	ldr	r3, [pc, #1936]	@ 7b58 <ak_rtsp_init+0x878>
    73c4:	e58d3000 	str	r3, [sp]
    73c8:	e3a03f47 	mov	r3, #284	@ 0x11c
    73cc:	e58d3004 	str	r3, [sp, #4]
    73d0:	e3a00006 	mov	r0, #6
    73d4:	e3a01000 	mov	r1, #0
    73d8:	e59f277c 	ldr	r2, [pc, #1916]	@ 7b5c <ak_rtsp_init+0x87c>
    73dc:	e59f377c 	ldr	r3, [pc, #1916]	@ 7b60 <ak_rtsp_init+0x880>
    73e0:	ebffedb9 	bl	2acc <akae_log_verbose@plt>
    73e4:	e3a00001 	mov	r0, #1
    73e8:	ebffee08 	bl	2c10 <exit@plt>
    73ec:	e59f3760 	ldr	r3, [pc, #1888]	@ 7b54 <ak_rtsp_init+0x874>
    73f0:	e5933000 	ldr	r3, [r3]
    73f4:	e1a00003 	mov	r0, r3
    73f8:	e3a01001 	mov	r1, #1
    73fc:	ebffeda9 	bl	2aa8 <akae_rtsp_server_verbose@plt>
    7400:	e59f374c 	ldr	r3, [pc, #1868]	@ 7b54 <ak_rtsp_init+0x874>
    7404:	e5933000 	ldr	r3, [r3]
    7408:	e1a00003 	mov	r0, r3
    740c:	e3a01001 	mov	r1, #1
    7410:	ebffedb6 	bl	2af0 <akae_rtsp_server_verbose_http@plt>
    7414:	e59f3720 	ldr	r3, [pc, #1824]	@ 7b3c <ak_rtsp_init+0x85c>
    7418:	e5933000 	ldr	r3, [r3]
    741c:	e1a00003 	mov	r0, r3
    7420:	e3a01008 	mov	r1, #8
    7424:	ebffedc3 	bl	2b38 <akae_rtp_queue_create@plt>
    7428:	e1a02000 	mov	r2, r0
    742c:	e59f3730 	ldr	r3, [pc, #1840]	@ 7b64 <ak_rtsp_init+0x884>
    7430:	e5832000 	str	r2, [r3]
    7434:	e59f3728 	ldr	r3, [pc, #1832]	@ 7b64 <ak_rtsp_init+0x884>
    7438:	e5933000 	ldr	r3, [r3]
    743c:	e3530000 	cmp	r3, #0
    7440:	1a00000a 	bne	7470 <ak_rtsp_init+0x190>
    7444:	e59f371c 	ldr	r3, [pc, #1820]	@ 7b68 <ak_rtsp_init+0x888>
    7448:	e58d3000 	str	r3, [sp]
    744c:	e59f3718 	ldr	r3, [pc, #1816]	@ 7b6c <ak_rtsp_init+0x88c>
    7450:	e58d3004 	str	r3, [sp, #4]
    7454:	e3a00006 	mov	r0, #6
    7458:	e3a01000 	mov	r1, #0
    745c:	e59f26f8 	ldr	r2, [pc, #1784]	@ 7b5c <ak_rtsp_init+0x87c>
    7460:	e59f36f8 	ldr	r3, [pc, #1784]	@ 7b60 <ak_rtsp_init+0x880>
    7464:	ebffed98 	bl	2acc <akae_log_verbose@plt>
    7468:	e3a00001 	mov	r0, #1
    746c:	ebffede7 	bl	2c10 <exit@plt>
    7470:	e3a03000 	mov	r3, #0
    7474:	e58d3000 	str	r3, [sp]
    7478:	e3a03000 	mov	r3, #0
    747c:	e58d3004 	str	r3, [sp, #4]
    7480:	e59f06e8 	ldr	r0, [pc, #1768]	@ 7b70 <ak_rtsp_init+0x890>
    7484:	e3a01000 	mov	r1, #0
    7488:	e3a02000 	mov	r2, #0
    748c:	e59f36e0 	ldr	r3, [pc, #1760]	@ 7b74 <ak_rtsp_init+0x894>
    7490:	ebffedb7 	bl	2b74 <akae_thread_create@plt>
    7494:	e1a02000 	mov	r2, r0
    7498:	e59f36d8 	ldr	r3, [pc, #1752]	@ 7b78 <ak_rtsp_init+0x898>
    749c:	e5832000 	str	r2, [r3]
    74a0:	e59f36d0 	ldr	r3, [pc, #1744]	@ 7b78 <ak_rtsp_init+0x898>
    74a4:	e5933000 	ldr	r3, [r3]
    74a8:	e3530000 	cmp	r3, #0
    74ac:	ca00000a 	bgt	74dc <ak_rtsp_init+0x1fc>
    74b0:	e59f36c4 	ldr	r3, [pc, #1732]	@ 7b7c <ak_rtsp_init+0x89c>
    74b4:	e58d3000 	str	r3, [sp]
    74b8:	e3a03f49 	mov	r3, #292	@ 0x124
    74bc:	e58d3004 	str	r3, [sp, #4]
    74c0:	e3a00006 	mov	r0, #6
    74c4:	e3a01000 	mov	r1, #0
    74c8:	e59f268c 	ldr	r2, [pc, #1676]	@ 7b5c <ak_rtsp_init+0x87c>
    74cc:	e59f368c 	ldr	r3, [pc, #1676]	@ 7b60 <ak_rtsp_init+0x880>
    74d0:	ebffed7d 	bl	2acc <akae_log_verbose@plt>
    74d4:	e3a00001 	mov	r0, #1
    74d8:	ebffedcc 	bl	2c10 <exit@plt>
    74dc:	e3a03000 	mov	r3, #0
    74e0:	e50b3010 	str	r3, [fp, #-16]
    74e4:	ea00008a 	b	7714 <ak_rtsp_init+0x434>
    74e8:	e59f364c 	ldr	r3, [pc, #1612]	@ 7b3c <ak_rtsp_init+0x85c>
    74ec:	e5932000 	ldr	r2, [r3]
    74f0:	e51b0160 	ldr	r0, [fp, #-352]	@ 0xfffffea0
    74f4:	e51b1010 	ldr	r1, [fp, #-16]
    74f8:	e3a03020 	mov	r3, #32
    74fc:	e3a0c04c 	mov	ip, #76	@ 0x4c
    7500:	e001019c 	mul	r1, ip, r1
    7504:	e0801001 	add	r1, r0, r1
    7508:	e0813003 	add	r3, r1, r3
    750c:	e5933000 	ldr	r3, [r3]
    7510:	e3530002 	cmp	r3, #2
    7514:	1a000001 	bne	7520 <ak_rtsp_init+0x240>
    7518:	e59f3660 	ldr	r3, [pc, #1632]	@ 7b80 <ak_rtsp_init+0x8a0>
    751c:	ea000000 	b	7524 <ak_rtsp_init+0x244>
    7520:	e3a03060 	mov	r3, #96	@ 0x60
    7524:	e1a00002 	mov	r0, r2
    7528:	e1a01003 	mov	r1, r3
    752c:	ebffed81 	bl	2b38 <akae_rtp_queue_create@plt>
    7530:	e1a01000 	mov	r1, r0
    7534:	e59f3648 	ldr	r3, [pc, #1608]	@ 7b84 <ak_rtsp_init+0x8a4>
    7538:	e51b2010 	ldr	r2, [fp, #-16]
    753c:	e7831102 	str	r1, [r3, r2, lsl #2]
    7540:	e59f363c 	ldr	r3, [pc, #1596]	@ 7b84 <ak_rtsp_init+0x8a4>
    7544:	e51b2010 	ldr	r2, [fp, #-16]
    7548:	e7933102 	ldr	r3, [r3, r2, lsl #2]
    754c:	e3530000 	cmp	r3, #0
    7550:	1a00000a 	bne	7580 <ak_rtsp_init+0x2a0>
    7554:	e59f362c 	ldr	r3, [pc, #1580]	@ 7b88 <ak_rtsp_init+0x8a8>
    7558:	e58d3000 	str	r3, [sp]
    755c:	e59f3628 	ldr	r3, [pc, #1576]	@ 7b8c <ak_rtsp_init+0x8ac>
    7560:	e58d3004 	str	r3, [sp, #4]
    7564:	e3a00006 	mov	r0, #6
    7568:	e3a01000 	mov	r1, #0
    756c:	e59f25e8 	ldr	r2, [pc, #1512]	@ 7b5c <ak_rtsp_init+0x87c>
    7570:	e59f35e8 	ldr	r3, [pc, #1512]	@ 7b60 <ak_rtsp_init+0x880>
    7574:	ebffed54 	bl	2acc <akae_log_verbose@plt>
    7578:	e3a00001 	mov	r0, #1
    757c:	ebffeda3 	bl	2c10 <exit@plt>
    7580:	e59f35cc 	ldr	r3, [pc, #1484]	@ 7b54 <ak_rtsp_init+0x874>
    7584:	e5932000 	ldr	r2, [r3]
    7588:	e51b3010 	ldr	r3, [fp, #-16]
    758c:	e3a0104c 	mov	r1, #76	@ 0x4c
    7590:	e0030391 	mul	r3, r1, r3
    7594:	e2833030 	add	r3, r3, #48	@ 0x30
    7598:	e51b1160 	ldr	r1, [fp, #-352]	@ 0xfffffea0
    759c:	e0813003 	add	r3, r1, r3
    75a0:	e1a00002 	mov	r0, r2
    75a4:	e1a01003 	mov	r1, r3
    75a8:	e3a02000 	mov	r2, #0
    75ac:	e3a03000 	mov	r3, #0
    75b0:	ebffeda2 	bl	2c40 <akae_rtsp_server_register_url@plt>
    75b4:	e50b001c 	str	r0, [fp, #-28]	@ 0xffffffe4
    75b8:	e51b301c 	ldr	r3, [fp, #-28]	@ 0xffffffe4
    75bc:	e3530000 	cmp	r3, #0
    75c0:	ca00000a 	bgt	75f0 <ak_rtsp_init+0x310>
    75c4:	e59f35c4 	ldr	r3, [pc, #1476]	@ 7b90 <ak_rtsp_init+0x8b0>
    75c8:	e58d3000 	str	r3, [sp]
    75cc:	e59f35c0 	ldr	r3, [pc, #1472]	@ 7b94 <ak_rtsp_init+0x8b4>
    75d0:	e58d3004 	str	r3, [sp, #4]
    75d4:	e3a00006 	mov	r0, #6
    75d8:	e3a01000 	mov	r1, #0
    75dc:	e59f2578 	ldr	r2, [pc, #1400]	@ 7b5c <ak_rtsp_init+0x87c>
    75e0:	e59f3578 	ldr	r3, [pc, #1400]	@ 7b60 <ak_rtsp_init+0x880>
    75e4:	ebffed38 	bl	2acc <akae_log_verbose@plt>
    75e8:	e3a00001 	mov	r0, #1
    75ec:	ebffed87 	bl	2c10 <exit@plt>
    75f0:	e59f355c 	ldr	r3, [pc, #1372]	@ 7b54 <ak_rtsp_init+0x874>
    75f4:	e5934000 	ldr	r4, [r3]
    75f8:	e59f3584 	ldr	r3, [pc, #1412]	@ 7b84 <ak_rtsp_init+0x8a4>
    75fc:	e51b2010 	ldr	r2, [fp, #-16]
    7600:	e7933102 	ldr	r3, [r3, r2, lsl #2]
    7604:	e1a00003 	mov	r0, r3
    7608:	ebffede6 	bl	2da8 <akae_rtp_queue_payload_type@plt>
    760c:	e1a03000 	mov	r3, r0
    7610:	e59f256c 	ldr	r2, [pc, #1388]	@ 7b84 <ak_rtsp_init+0x8a4>
    7614:	e51b1010 	ldr	r1, [fp, #-16]
    7618:	e7922101 	ldr	r2, [r2, r1, lsl #2]
    761c:	e58d2000 	str	r2, [sp]
    7620:	e1a00004 	mov	r0, r4
    7624:	e51b101c 	ldr	r1, [fp, #-28]	@ 0xffffffe4
    7628:	e1a02003 	mov	r2, r3
    762c:	e59f3564 	ldr	r3, [pc, #1380]	@ 7b98 <ak_rtsp_init+0x8b8>
    7630:	ebffedaf 	bl	2cf4 <akae_rtsp_server_describe_video@plt>
    7634:	e59f3518 	ldr	r3, [pc, #1304]	@ 7b54 <ak_rtsp_init+0x874>
    7638:	e5933000 	ldr	r3, [r3]
    763c:	e59f2520 	ldr	r2, [pc, #1312]	@ 7b64 <ak_rtsp_init+0x884>
    7640:	e5922000 	ldr	r2, [r2]
    7644:	e3a01d7d 	mov	r1, #8000	@ 0x1f40
    7648:	e58d1000 	str	r1, [sp]
    764c:	e58d2004 	str	r2, [sp, #4]
    7650:	e1a00003 	mov	r0, r3
    7654:	e51b101c 	ldr	r1, [fp, #-28]	@ 0xffffffe4
    7658:	e3a02008 	mov	r2, #8
    765c:	e3a03001 	mov	r3, #1
    7660:	ebffee33 	bl	2f34 <akae_rtsp_server_describe_audio@plt>
    7664:	e3a03000 	mov	r3, #0
    7668:	e50b3018 	str	r3, [fp, #-24]	@ 0xffffffe8
    766c:	e51b3018 	ldr	r3, [fp, #-24]	@ 0xffffffe8
    7670:	e2832001 	add	r2, r3, #1
    7674:	e50b2018 	str	r2, [fp, #-24]	@ 0xffffffe8
    7678:	e51b2010 	ldr	r2, [fp, #-16]
    767c:	e59f1518 	ldr	r1, [pc, #1304]	@ 7b9c <ak_rtsp_init+0x8bc>
    7680:	e1a03103 	lsl	r3, r3, #2
    7684:	e24b000c 	sub	r0, fp, #12
    7688:	e0803003 	add	r3, r0, r3
    768c:	e0833001 	add	r3, r3, r1
    7690:	e5832000 	str	r2, [r3]
    7694:	e51b3018 	ldr	r3, [fp, #-24]	@ 0xffffffe8
    7698:	e58d3000 	str	r3, [sp]
    769c:	e24b3f57 	sub	r3, fp, #348	@ 0x15c
    76a0:	e58d3004 	str	r3, [sp, #4]
    76a4:	e59f04f4 	ldr	r0, [pc, #1268]	@ 7ba0 <ak_rtsp_init+0x8c0>
    76a8:	e3a01000 	mov	r1, #0
    76ac:	e3a02000 	mov	r2, #0
    76b0:	e59f34ec 	ldr	r3, [pc, #1260]	@ 7ba4 <ak_rtsp_init+0x8c4>
    76b4:	ebffed2e 	bl	2b74 <akae_thread_create@plt>
    76b8:	e1a01000 	mov	r1, r0
    76bc:	e59f34e4 	ldr	r3, [pc, #1252]	@ 7ba8 <ak_rtsp_init+0x8c8>
    76c0:	e51b2010 	ldr	r2, [fp, #-16]
    76c4:	e7831102 	str	r1, [r3, r2, lsl #2]
    76c8:	e59f34d8 	ldr	r3, [pc, #1240]	@ 7ba8 <ak_rtsp_init+0x8c8>
    76cc:	e51b2010 	ldr	r2, [fp, #-16]
    76d0:	e7933102 	ldr	r3, [r3, r2, lsl #2]
    76d4:	e3530000 	cmp	r3, #0
    76d8:	ca00000a 	bgt	7708 <ak_rtsp_init+0x428>
    76dc:	e59f34c8 	ldr	r3, [pc, #1224]	@ 7bac <ak_rtsp_init+0x8cc>
    76e0:	e58d3000 	str	r3, [sp]
    76e4:	e59f34c4 	ldr	r3, [pc, #1220]	@ 7bb0 <ak_rtsp_init+0x8d0>
    76e8:	e58d3004 	str	r3, [sp, #4]
    76ec:	e3a00006 	mov	r0, #6
    76f0:	e3a01000 	mov	r1, #0
    76f4:	e59f2460 	ldr	r2, [pc, #1120]	@ 7b5c <ak_rtsp_init+0x87c>
    76f8:	e59f3460 	ldr	r3, [pc, #1120]	@ 7b60 <ak_rtsp_init+0x880>
    76fc:	ebffecf2 	bl	2acc <akae_log_verbose@plt>
    7700:	e3a00001 	mov	r0, #1
    7704:	ebffed41 	bl	2c10 <exit@plt>
    7708:	e51b3010 	ldr	r3, [fp, #-16]
    770c:	e2833001 	add	r3, r3, #1
    7710:	e50b3010 	str	r3, [fp, #-16]
    7714:	e51b3010 	ldr	r3, [fp, #-16]
    7718:	e3530001 	cmp	r3, #1
    771c:	daffff71 	ble	74e8 <ak_rtsp_init+0x208>
    7720:	e59f342c 	ldr	r3, [pc, #1068]	@ 7b54 <ak_rtsp_init+0x874>
    7724:	e5932000 	ldr	r2, [r3]
    7728:	e51b3014 	ldr	r3, [fp, #-20]	@ 0xffffffec
    772c:	e1a03803 	lsl	r3, r3, #16
    7730:	e1a03823 	lsr	r3, r3, #16
    7734:	e1a00002 	mov	r0, r2
    7738:	e1a01003 	mov	r1, r3
    773c:	ebffed1e 	bl	2bbc <akae_rtsp_server_start@plt>
    7740:	e1a03000 	mov	r3, r0
    7744:	e3530000 	cmp	r3, #0
    7748:	0a000009 	beq	7774 <ak_rtsp_init+0x494>
    774c:	e59f3460 	ldr	r3, [pc, #1120]	@ 7bb4 <ak_rtsp_init+0x8d4>
    7750:	e50b3014 	str	r3, [fp, #-20]	@ 0xffffffec
    7754:	e59f33f8 	ldr	r3, [pc, #1016]	@ 7b54 <ak_rtsp_init+0x874>
    7758:	e5932000 	ldr	r2, [r3]
    775c:	e51b3014 	ldr	r3, [fp, #-20]	@ 0xffffffec
    7760:	e1a03803 	lsl	r3, r3, #16
    7764:	e1a03823 	lsr	r3, r3, #16
    7768:	e1a00002 	mov	r0, r2
    776c:	e1a01003 	mov	r1, r3
    7770:	ebffed11 	bl	2bbc <akae_rtsp_server_start@plt>
    7774:	e24b303c 	sub	r3, fp, #60	@ 0x3c
    7778:	e1a00003 	mov	r0, r3
    777c:	ebffed17 	bl	2be0 <ak_net_get_cur_iface@plt>
    7780:	e24b203c 	sub	r2, fp, #60	@ 0x3c
    7784:	e24b305c 	sub	r3, fp, #92	@ 0x5c
    7788:	e1a00002 	mov	r0, r2
    778c:	e1a01003 	mov	r1, r3
    7790:	ebffedc9 	bl	2ebc <ak_net_get_ip@plt>
    7794:	e24b20dc 	sub	r2, fp, #220	@ 0xdc
    7798:	e59f3418 	ldr	r3, [pc, #1048]	@ 7bb8 <ak_rtsp_init+0x8d8>
    779c:	e1a0c002 	mov	ip, r2
    77a0:	e1a0e003 	mov	lr, r3
    77a4:	e8be000f 	ldm	lr!, {r0, r1, r2, r3}
    77a8:	e8ac000f 	stmia	ip!, {r0, r1, r2, r3}
    77ac:	e8be000f 	ldm	lr!, {r0, r1, r2, r3}
    77b0:	e8ac000f 	stmia	ip!, {r0, r1, r2, r3}
    77b4:	e8be000f 	ldm	lr!, {r0, r1, r2, r3}
    77b8:	e8ac000f 	stmia	ip!, {r0, r1, r2, r3}
    77bc:	e59e3000 	ldr	r3, [lr]
    77c0:	e5cc3000 	strb	r3, [ip]
    77c4:	e24b30dc 	sub	r3, fp, #220	@ 0xdc
    77c8:	e58d3000 	str	r3, [sp]
    77cc:	e59f33e8 	ldr	r3, [pc, #1000]	@ 7bbc <ak_rtsp_init+0x8dc>
    77d0:	e58d3004 	str	r3, [sp, #4]
    77d4:	e59f03e4 	ldr	r0, [pc, #996]	@ 7bc0 <ak_rtsp_init+0x8e0>
    77d8:	e3a01001 	mov	r1, #1
    77dc:	e3a02028 	mov	r2, #40	@ 0x28
    77e0:	e3a03020 	mov	r3, #32
    77e4:	ebffecee 	bl	2ba4 <printf@plt>
    77e8:	e24b20dc 	sub	r2, fp, #220	@ 0xdc
    77ec:	e59f33d0 	ldr	r3, [pc, #976]	@ 7bc4 <ak_rtsp_init+0x8e4>
    77f0:	e1a0c002 	mov	ip, r2
    77f4:	e1a0e003 	mov	lr, r3
    77f8:	e8be000f 	ldm	lr!, {r0, r1, r2, r3}
    77fc:	e8ac000f 	stmia	ip!, {r0, r1, r2, r3}
    7800:	e8be000f 	ldm	lr!, {r0, r1, r2, r3}
    7804:	e8ac000f 	stmia	ip!, {r0, r1, r2, r3}
    7808:	e8be000f 	ldm	lr!, {r0, r1, r2, r3}
    780c:	e8ac000f 	stmia	ip!, {r0, r1, r2, r3}
    7810:	e59e3000 	ldr	r3, [lr]
    7814:	e5cc3000 	strb	r3, [ip]
    7818:	e24b30dc 	sub	r3, fp, #220	@ 0xdc
    781c:	e58d3000 	str	r3, [sp]
    7820:	e59f3394 	ldr	r3, [pc, #916]	@ 7bbc <ak_rtsp_init+0x8dc>
    7824:	e58d3004 	str	r3, [sp, #4]
    7828:	e59f0390 	ldr	r0, [pc, #912]	@ 7bc0 <ak_rtsp_init+0x8e0>
    782c:	e3a01001 	mov	r1, #1
    7830:	e3a02028 	mov	r2, #40	@ 0x28
    7834:	e3a03020 	mov	r3, #32
    7838:	ebffecd9 	bl	2ba4 <printf@plt>
    783c:	e24b20dc 	sub	r2, fp, #220	@ 0xdc
    7840:	e59f3370 	ldr	r3, [pc, #880]	@ 7bb8 <ak_rtsp_init+0x8d8>
    7844:	e1a0c002 	mov	ip, r2
    7848:	e1a0e003 	mov	lr, r3
    784c:	e8be000f 	ldm	lr!, {r0, r1, r2, r3}
    7850:	e8ac000f 	stmia	ip!, {r0, r1, r2, r3}
    7854:	e8be000f 	ldm	lr!, {r0, r1, r2, r3}
    7858:	e8ac000f 	stmia	ip!, {r0, r1, r2, r3}
    785c:	e8be000f 	ldm	lr!, {r0, r1, r2, r3}
    7860:	e8ac000f 	stmia	ip!, {r0, r1, r2, r3}
    7864:	e59e3000 	ldr	r3, [lr]
    7868:	e5cc3000 	strb	r3, [ip]
    786c:	e24b30dc 	sub	r3, fp, #220	@ 0xdc
    7870:	e58d3000 	str	r3, [sp]
    7874:	e59f3340 	ldr	r3, [pc, #832]	@ 7bbc <ak_rtsp_init+0x8dc>
    7878:	e58d3004 	str	r3, [sp, #4]
    787c:	e59f033c 	ldr	r0, [pc, #828]	@ 7bc0 <ak_rtsp_init+0x8e0>
    7880:	e3a01001 	mov	r1, #1
    7884:	e3a02028 	mov	r2, #40	@ 0x28
    7888:	e3a03020 	mov	r3, #32
    788c:	ebffecc4 	bl	2ba4 <printf@plt>
    7890:	e51b3160 	ldr	r3, [fp, #-352]	@ 0xfffffea0
    7894:	e2831030 	add	r1, r3, #48	@ 0x30
    7898:	e24b20dc 	sub	r2, fp, #220	@ 0xdc
    789c:	e24b305c 	sub	r3, fp, #92	@ 0x5c
    78a0:	e51b0014 	ldr	r0, [fp, #-20]	@ 0xffffffec
    78a4:	e58d0000 	str	r0, [sp]
    78a8:	e58d1004 	str	r1, [sp, #4]
    78ac:	e1a00002 	mov	r0, r2
    78b0:	e3a01080 	mov	r1, #128	@ 0x80
    78b4:	e59f230c 	ldr	r2, [pc, #780]	@ 7bc8 <ak_rtsp_init+0x8e8>
    78b8:	ebffec4a 	bl	29e8 <snprintf@plt>
    78bc:	e24b30dc 	sub	r3, fp, #220	@ 0xdc
    78c0:	e58d3000 	str	r3, [sp]
    78c4:	e59f32f0 	ldr	r3, [pc, #752]	@ 7bbc <ak_rtsp_init+0x8dc>
    78c8:	e58d3004 	str	r3, [sp, #4]
    78cc:	e59f02ec 	ldr	r0, [pc, #748]	@ 7bc0 <ak_rtsp_init+0x8e0>
    78d0:	e3a01001 	mov	r1, #1
    78d4:	e3a02028 	mov	r2, #40	@ 0x28
    78d8:	e3a03020 	mov	r3, #32
    78dc:	ebffecb0 	bl	2ba4 <printf@plt>
    78e0:	e51b3160 	ldr	r3, [fp, #-352]	@ 0xfffffea0
    78e4:	e283107c 	add	r1, r3, #124	@ 0x7c
    78e8:	e24b20dc 	sub	r2, fp, #220	@ 0xdc
    78ec:	e24b305c 	sub	r3, fp, #92	@ 0x5c
    78f0:	e51b0014 	ldr	r0, [fp, #-20]	@ 0xffffffec
    78f4:	e58d0000 	str	r0, [sp]
    78f8:	e58d1004 	str	r1, [sp, #4]
    78fc:	e1a00002 	mov	r0, r2
    7900:	e3a01080 	mov	r1, #128	@ 0x80
    7904:	e59f22c0 	ldr	r2, [pc, #704]	@ 7bcc <ak_rtsp_init+0x8ec>
    7908:	ebffec36 	bl	29e8 <snprintf@plt>
    790c:	e24b30dc 	sub	r3, fp, #220	@ 0xdc
    7910:	e58d3000 	str	r3, [sp]
    7914:	e59f32a0 	ldr	r3, [pc, #672]	@ 7bbc <ak_rtsp_init+0x8dc>
    7918:	e58d3004 	str	r3, [sp, #4]
    791c:	e59f029c 	ldr	r0, [pc, #668]	@ 7bc0 <ak_rtsp_init+0x8e0>
    7920:	e3a01001 	mov	r1, #1
    7924:	e3a02028 	mov	r2, #40	@ 0x28
    7928:	e3a03020 	mov	r3, #32
    792c:	ebffec9c 	bl	2ba4 <printf@plt>
    7930:	e24b20dc 	sub	r2, fp, #220	@ 0xdc
    7934:	e59f327c 	ldr	r3, [pc, #636]	@ 7bb8 <ak_rtsp_init+0x8d8>
    7938:	e1a0c002 	mov	ip, r2
    793c:	e1a0e003 	mov	lr, r3
    7940:	e8be000f 	ldm	lr!, {r0, r1, r2, r3}
    7944:	e8ac000f 	stmia	ip!, {r0, r1, r2, r3}
    7948:	e8be000f 	ldm	lr!, {r0, r1, r2, r3}
    794c:	e8ac000f 	stmia	ip!, {r0, r1, r2, r3}
    7950:	e8be000f 	ldm	lr!, {r0, r1, r2, r3}
    7954:	e8ac000f 	stmia	ip!, {r0, r1, r2, r3}
    7958:	e59e3000 	ldr	r3, [lr]
    795c:	e5cc3000 	strb	r3, [ip]
    7960:	e24b30dc 	sub	r3, fp, #220	@ 0xdc
    7964:	e58d3000 	str	r3, [sp]
    7968:	e59f324c 	ldr	r3, [pc, #588]	@ 7bbc <ak_rtsp_init+0x8dc>
    796c:	e58d3004 	str	r3, [sp, #4]
    7970:	e59f0248 	ldr	r0, [pc, #584]	@ 7bc0 <ak_rtsp_init+0x8e0>
    7974:	e3a01001 	mov	r1, #1
    7978:	e3a02028 	mov	r2, #40	@ 0x28
    797c:	e3a03020 	mov	r3, #32
    7980:	ebffec87 	bl	2ba4 <printf@plt>
    7984:	e24b20dc 	sub	r2, fp, #220	@ 0xdc
    7988:	e59f3228 	ldr	r3, [pc, #552]	@ 7bb8 <ak_rtsp_init+0x8d8>
    798c:	e1a0c002 	mov	ip, r2
    7990:	e1a0e003 	mov	lr, r3
    7994:	e8be000f 	ldm	lr!, {r0, r1, r2, r3}
    7998:	e8ac000f 	stmia	ip!, {r0, r1, r2, r3}
    799c:	e8be000f 	ldm	lr!, {r0, r1, r2, r3}
    79a0:	e8ac000f 	stmia	ip!, {r0, r1, r2, r3}
    79a4:	e8be000f 	ldm	lr!, {r0, r1, r2, r3}
    79a8:	e8ac000f 	stmia	ip!, {r0, r1, r2, r3}
    79ac:	e59e3000 	ldr	r3, [lr]
    79b0:	e5cc3000 	strb	r3, [ip]
    79b4:	e24b30dc 	sub	r3, fp, #220	@ 0xdc
    79b8:	e58d3000 	str	r3, [sp]
    79bc:	e59f31f8 	ldr	r3, [pc, #504]	@ 7bbc <ak_rtsp_init+0x8dc>
    79c0:	e58d3004 	str	r3, [sp, #4]
    79c4:	e59f01f4 	ldr	r0, [pc, #500]	@ 7bc0 <ak_rtsp_init+0x8e0>
    79c8:	e3a01001 	mov	r1, #1
    79cc:	e3a02028 	mov	r2, #40	@ 0x28
    79d0:	e3a03020 	mov	r3, #32
    79d4:	ebffec72 	bl	2ba4 <printf@plt>
    79d8:	e24b20dc 	sub	r2, fp, #220	@ 0xdc
    79dc:	e59f31ec 	ldr	r3, [pc, #492]	@ 7bd0 <ak_rtsp_init+0x8f0>
    79e0:	e1a0c002 	mov	ip, r2
    79e4:	e1a0e003 	mov	lr, r3
    79e8:	e8be000f 	ldm	lr!, {r0, r1, r2, r3}
    79ec:	e8ac000f 	stmia	ip!, {r0, r1, r2, r3}
    79f0:	e8be000f 	ldm	lr!, {r0, r1, r2, r3}
    79f4:	e8ac000f 	stmia	ip!, {r0, r1, r2, r3}
    79f8:	e8be000f 	ldm	lr!, {r0, r1, r2, r3}
    79fc:	e8ac000f 	stmia	ip!, {r0, r1, r2, r3}
    7a00:	e59e3000 	ldr	r3, [lr]
    7a04:	e5cc3000 	strb	r3, [ip]
    7a08:	e24b30dc 	sub	r3, fp, #220	@ 0xdc
    7a0c:	e58d3000 	str	r3, [sp]
    7a10:	e59f31a4 	ldr	r3, [pc, #420]	@ 7bbc <ak_rtsp_init+0x8dc>
    7a14:	e58d3004 	str	r3, [sp, #4]
    7a18:	e59f01a0 	ldr	r0, [pc, #416]	@ 7bc0 <ak_rtsp_init+0x8e0>
    7a1c:	e3a01001 	mov	r1, #1
    7a20:	e3a02028 	mov	r2, #40	@ 0x28
    7a24:	e3a03020 	mov	r3, #32
    7a28:	ebffec5d 	bl	2ba4 <printf@plt>
    7a2c:	e24b20dc 	sub	r2, fp, #220	@ 0xdc
    7a30:	e59f3180 	ldr	r3, [pc, #384]	@ 7bb8 <ak_rtsp_init+0x8d8>
    7a34:	e1a0c002 	mov	ip, r2
    7a38:	e1a0e003 	mov	lr, r3
    7a3c:	e8be000f 	ldm	lr!, {r0, r1, r2, r3}
    7a40:	e8ac000f 	stmia	ip!, {r0, r1, r2, r3}
    7a44:	e8be000f 	ldm	lr!, {r0, r1, r2, r3}
    7a48:	e8ac000f 	stmia	ip!, {r0, r1, r2, r3}
    7a4c:	e8be000f 	ldm	lr!, {r0, r1, r2, r3}
    7a50:	e8ac000f 	stmia	ip!, {r0, r1, r2, r3}
    7a54:	e59e3000 	ldr	r3, [lr]
    7a58:	e5cc3000 	strb	r3, [ip]
    7a5c:	e24b30dc 	sub	r3, fp, #220	@ 0xdc
    7a60:	e58d3000 	str	r3, [sp]
    7a64:	e59f3150 	ldr	r3, [pc, #336]	@ 7bbc <ak_rtsp_init+0x8dc>
    7a68:	e58d3004 	str	r3, [sp, #4]
    7a6c:	e59f014c 	ldr	r0, [pc, #332]	@ 7bc0 <ak_rtsp_init+0x8e0>
    7a70:	e3a01001 	mov	r1, #1
    7a74:	e3a02028 	mov	r2, #40	@ 0x28
    7a78:	e3a03020 	mov	r3, #32
    7a7c:	ebffec48 	bl	2ba4 <printf@plt>
    7a80:	e24b20dc 	sub	r2, fp, #220	@ 0xdc
    7a84:	e59f3148 	ldr	r3, [pc, #328]	@ 7bd4 <ak_rtsp_init+0x8f4>
    7a88:	e1a0c002 	mov	ip, r2
    7a8c:	e1a0e003 	mov	lr, r3
    7a90:	e8be000f 	ldm	lr!, {r0, r1, r2, r3}
    7a94:	e8ac000f 	stmia	ip!, {r0, r1, r2, r3}
    7a98:	e8be000f 	ldm	lr!, {r0, r1, r2, r3}
    7a9c:	e8ac000f 	stmia	ip!, {r0, r1, r2, r3}
    7aa0:	e8be000f 	ldm	lr!, {r0, r1, r2, r3}
    7aa4:	e8ac000f 	stmia	ip!, {r0, r1, r2, r3}
    7aa8:	e59e3000 	ldr	r3, [lr]
    7aac:	e5cc3000 	strb	r3, [ip]
    7ab0:	e24b30dc 	sub	r3, fp, #220	@ 0xdc
    7ab4:	e58d3000 	str	r3, [sp]
    7ab8:	e59f30fc 	ldr	r3, [pc, #252]	@ 7bbc <ak_rtsp_init+0x8dc>
    7abc:	e58d3004 	str	r3, [sp, #4]
    7ac0:	e59f00f8 	ldr	r0, [pc, #248]	@ 7bc0 <ak_rtsp_init+0x8e0>
    7ac4:	e3a01001 	mov	r1, #1
    7ac8:	e3a02028 	mov	r2, #40	@ 0x28
    7acc:	e3a03020 	mov	r3, #32
    7ad0:	ebffec33 	bl	2ba4 <printf@plt>
    7ad4:	e24b20dc 	sub	r2, fp, #220	@ 0xdc
    7ad8:	e59f30d8 	ldr	r3, [pc, #216]	@ 7bb8 <ak_rtsp_init+0x8d8>
    7adc:	e1a0c002 	mov	ip, r2
    7ae0:	e1a0e003 	mov	lr, r3
    7ae4:	e8be000f 	ldm	lr!, {r0, r1, r2, r3}
    7ae8:	e8ac000f 	stmia	ip!, {r0, r1, r2, r3}
    7aec:	e8be000f 	ldm	lr!, {r0, r1, r2, r3}
    7af0:	e8ac000f 	stmia	ip!, {r0, r1, r2, r3}
    7af4:	e8be000f 	ldm	lr!, {r0, r1, r2, r3}
    7af8:	e8ac000f 	stmia	ip!, {r0, r1, r2, r3}
    7afc:	e59e3000 	ldr	r3, [lr]
    7b00:	e5cc3000 	strb	r3, [ip]
    7b04:	e24b30dc 	sub	r3, fp, #220	@ 0xdc
    7b08:	e58d3000 	str	r3, [sp]
    7b0c:	e59f30a8 	ldr	r3, [pc, #168]	@ 7bbc <ak_rtsp_init+0x8dc>
    7b10:	e58d3004 	str	r3, [sp, #4]
    7b14:	e59f00a4 	ldr	r0, [pc, #164]	@ 7bc0 <ak_rtsp_init+0x8e0>
    7b18:	e3a01001 	mov	r1, #1
    7b1c:	e3a02028 	mov	r2, #40	@ 0x28
    7b20:	e3a03020 	mov	r3, #32
    7b24:	ebffec1e 	bl	2ba4 <printf@plt>
    7b28:	e3a03000 	mov	r3, #0
    7b2c:	e1a00003 	mov	r0, r3
    7b30:	e24bd008 	sub	sp, fp, #8
    7b34:	e8bd8810 	pop	{r4, fp, pc}
    7b38:	0000022a 	andeq	r0, r0, sl, lsr #4
    7b3c:	00019ba4 	andeq	r9, r1, r4, lsr #23
    7b40:	000108b0 			@ <UNDEFINED> instruction: 0x000108b0
    7b44:	00010ab4 			@ <UNDEFINED> instruction: 0x00010ab4
    7b48:	00000111 	andeq	r0, r0, r1, lsl r1
    7b4c:	00019ba8 	andeq	r9, r1, r8, lsr #23
    7b50:	00419bc4 	subeq	r9, r1, r4, asr #23
    7b54:	00419ba8 	subeq	r9, r1, r8, lsr #23
    7b58:	000108cc 	andeq	r0, r1, ip, asr #17
    7b5c:	0001082c 	andeq	r0, r1, ip, lsr #16
    7b60:	00010ac4 	andeq	r0, r1, r4, asr #21
    7b64:	00419bc0 	subeq	r9, r1, r0, asr #23
    7b68:	000108e0 	andeq	r0, r1, r0, ror #17
    7b6c:	00000122 	andeq	r0, r0, r2, lsr #2
    7b70:	000108f8 	strdeq	r0, [r1], -r8
    7b74:	00006de0 	andeq	r6, r0, r0, ror #27
    7b78:	00419bb4 	strheq	r9, [r1], #-180	@ 0xffffff4c
    7b7c:	00010908 	andeq	r0, r1, r8, lsl #18
    7b80:	00010060 	andeq	r0, r1, r0, rrx
    7b84:	00419bb8 	strheq	r9, [r1], #-184	@ 0xffffff48
    7b88:	00010918 	andeq	r0, r1, r8, lsl r9
    7b8c:	00000129 	andeq	r0, r0, r9, lsr #2
    7b90:	00010930 	andeq	r0, r1, r0, lsr r9
    7b94:	0000012d 	andeq	r0, r0, sp, lsr #2
    7b98:	00015f90 	muleq	r1, r0, pc	@ <UNPREDICTABLE>
    7b9c:	fffffeb0 			@ <UNDEFINED> instruction: 0xfffffeb0
    7ba0:	00010940 	andeq	r0, r1, r0, asr #18
    7ba4:	000070e4 	andeq	r7, r0, r4, ror #1
    7ba8:	00419bac 	subeq	r9, r1, ip, lsr #23
    7bac:	00010950 	andeq	r0, r1, r0, asr r9
    7bb0:	00000136 	andeq	r0, r0, r6, lsr r1
    7bb4:	0000216a 	andeq	r2, r0, sl, ror #2
    7bb8:	00010964 	andeq	r0, r1, r4, ror #18
    7bbc:	000109a8 	andeq	r0, r1, r8, lsr #19
    7bc0:	00010998 	muleq	r1, r8, r9
    7bc4:	000109b0 			@ <UNDEFINED> instruction: 0x000109b0
    7bc8:	000109e4 	andeq	r0, r1, r4, ror #19
    7bcc:	00010a08 	andeq	r0, r1, r8, lsl #20
    7bd0:	00010a2c 	andeq	r0, r1, ip, lsr #20
    7bd4:	00010a60 	andeq	r0, r1, r0, ror #20

00007bd8 <ak_rtsp_start>:
    7bd8:	e52db004 	push	{fp}		@ (str fp, [sp, #-4]!)
    7bdc:	e28db000 	add	fp, sp, #0
    7be0:	e24dd00c 	sub	sp, sp, #12
    7be4:	e50b0008 	str	r0, [fp, #-8]
    7be8:	e3a03000 	mov	r3, #0
    7bec:	e1a00003 	mov	r0, r3
    7bf0:	e24bd000 	sub	sp, fp, #0
    7bf4:	e49db004 	pop	{fp}		@ (ldr fp, [sp], #4)
    7bf8:	e12fff1e 	bx	lr

00007bfc <ak_rtsp_stop>:
    7bfc:	e52db004 	push	{fp}		@ (str fp, [sp, #-4]!)
    7c00:	e28db000 	add	fp, sp, #0
    7c04:	e24dd00c 	sub	sp, sp, #12
    7c08:	e50b0008 	str	r0, [fp, #-8]
    7c0c:	e3a03000 	mov	r3, #0
    7c10:	e1a00003 	mov	r0, r3
    7c14:	e24bd000 	sub	sp, fp, #0
    7c18:	e49db004 	pop	{fp}		@ (ldr fp, [sp], #4)
    7c1c:	e12fff1e 	bx	lr

00007c20 <ak_rtsp_exit>:
    7c20:	e92d4800 	push	{fp, lr}
    7c24:	e28db004 	add	fp, sp, #4
    7c28:	e24dd010 	sub	sp, sp, #16
    7c2c:	e3a03000 	mov	r3, #0
    7c30:	e50b3008 	str	r3, [fp, #-8]
    7c34:	e59f314c 	ldr	r3, [pc, #332]	@ 7d88 <ak_rtsp_exit+0x168>
    7c38:	e5933000 	ldr	r3, [r3]
    7c3c:	e3530000 	cmp	r3, #0
    7c40:	1a000000 	bne	7c48 <ak_rtsp_exit+0x28>
    7c44:	ea00004d 	b	7d80 <ak_rtsp_exit+0x160>
    7c48:	e59f313c 	ldr	r3, [pc, #316]	@ 7d8c <ak_rtsp_exit+0x16c>
    7c4c:	e5933000 	ldr	r3, [r3]
    7c50:	e1a00003 	mov	r0, r3
    7c54:	e3a01001 	mov	r1, #1
    7c58:	ebffecb8 	bl	2f40 <akae_thread_release@plt>
    7c5c:	e59f3128 	ldr	r3, [pc, #296]	@ 7d8c <ak_rtsp_exit+0x16c>
    7c60:	e3a02000 	mov	r2, #0
    7c64:	e5832000 	str	r2, [r3]
    7c68:	e59f3120 	ldr	r3, [pc, #288]	@ 7d90 <ak_rtsp_exit+0x170>
    7c6c:	e5933000 	ldr	r3, [r3]
    7c70:	e1a00003 	mov	r0, r3
    7c74:	ebffec27 	bl	2d18 <akae_rtp_queue_release@plt>
    7c78:	e50b000c 	str	r0, [fp, #-12]
    7c7c:	e51b300c 	ldr	r3, [fp, #-12]
    7c80:	e3530000 	cmp	r3, #0
    7c84:	1a000002 	bne	7c94 <ak_rtsp_exit+0x74>
    7c88:	e59f3100 	ldr	r3, [pc, #256]	@ 7d90 <ak_rtsp_exit+0x170>
    7c8c:	e3a02000 	mov	r2, #0
    7c90:	e5832000 	str	r2, [r3]
    7c94:	e59f30f4 	ldr	r3, [pc, #244]	@ 7d90 <ak_rtsp_exit+0x170>
    7c98:	e3a02000 	mov	r2, #0
    7c9c:	e5832000 	str	r2, [r3]
    7ca0:	e3a03000 	mov	r3, #0
    7ca4:	e50b3008 	str	r3, [fp, #-8]
    7ca8:	ea00001d 	b	7d24 <ak_rtsp_exit+0x104>
    7cac:	e59f30e0 	ldr	r3, [pc, #224]	@ 7d94 <ak_rtsp_exit+0x174>
    7cb0:	e51b2008 	ldr	r2, [fp, #-8]
    7cb4:	e7933102 	ldr	r3, [r3, r2, lsl #2]
    7cb8:	e1a00003 	mov	r0, r3
    7cbc:	e3a01001 	mov	r1, #1
    7cc0:	ebffec9e 	bl	2f40 <akae_thread_release@plt>
    7cc4:	e59f30c8 	ldr	r3, [pc, #200]	@ 7d94 <ak_rtsp_exit+0x174>
    7cc8:	e51b2008 	ldr	r2, [fp, #-8]
    7ccc:	e3a01000 	mov	r1, #0
    7cd0:	e7831102 	str	r1, [r3, r2, lsl #2]
    7cd4:	e59f30bc 	ldr	r3, [pc, #188]	@ 7d98 <ak_rtsp_exit+0x178>
    7cd8:	e51b2008 	ldr	r2, [fp, #-8]
    7cdc:	e7933102 	ldr	r3, [r3, r2, lsl #2]
    7ce0:	e1a00003 	mov	r0, r3
    7ce4:	ebffec0b 	bl	2d18 <akae_rtp_queue_release@plt>
    7ce8:	e50b0010 	str	r0, [fp, #-16]
    7cec:	e51b3010 	ldr	r3, [fp, #-16]
    7cf0:	e3530000 	cmp	r3, #0
    7cf4:	1a000003 	bne	7d08 <ak_rtsp_exit+0xe8>
    7cf8:	e59f3098 	ldr	r3, [pc, #152]	@ 7d98 <ak_rtsp_exit+0x178>
    7cfc:	e51b2008 	ldr	r2, [fp, #-8]
    7d00:	e3a01000 	mov	r1, #0
    7d04:	e7831102 	str	r1, [r3, r2, lsl #2]
    7d08:	e59f3088 	ldr	r3, [pc, #136]	@ 7d98 <ak_rtsp_exit+0x178>
    7d0c:	e51b2008 	ldr	r2, [fp, #-8]
    7d10:	e3a01000 	mov	r1, #0
    7d14:	e7831102 	str	r1, [r3, r2, lsl #2]
    7d18:	e51b3008 	ldr	r3, [fp, #-8]
    7d1c:	e2833001 	add	r3, r3, #1
    7d20:	e50b3008 	str	r3, [fp, #-8]
    7d24:	e51b3008 	ldr	r3, [fp, #-8]
    7d28:	e3530001 	cmp	r3, #1
    7d2c:	daffffde 	ble	7cac <ak_rtsp_exit+0x8c>
    7d30:	e59f3064 	ldr	r3, [pc, #100]	@ 7d9c <ak_rtsp_exit+0x17c>
    7d34:	e5933000 	ldr	r3, [r3]
    7d38:	e3530000 	cmp	r3, #0
    7d3c:	0a000006 	beq	7d5c <ak_rtsp_exit+0x13c>
    7d40:	e59f3054 	ldr	r3, [pc, #84]	@ 7d9c <ak_rtsp_exit+0x17c>
    7d44:	e5933000 	ldr	r3, [r3]
    7d48:	e1a00003 	mov	r0, r3
    7d4c:	ebffebf4 	bl	2d24 <akae_rtsp_server_release@plt>
    7d50:	e59f3044 	ldr	r3, [pc, #68]	@ 7d9c <ak_rtsp_exit+0x17c>
    7d54:	e3a02000 	mov	r2, #0
    7d58:	e5832000 	str	r2, [r3]
    7d5c:	e59f3024 	ldr	r3, [pc, #36]	@ 7d88 <ak_rtsp_exit+0x168>
    7d60:	e5933000 	ldr	r3, [r3]
    7d64:	e1a00003 	mov	r0, r3
    7d68:	e3a01000 	mov	r1, #0
    7d6c:	e3a02000 	mov	r2, #0
    7d70:	ebffebc4 	bl	2c88 <akae_malloc_release@plt>
    7d74:	e59f300c 	ldr	r3, [pc, #12]	@ 7d88 <ak_rtsp_exit+0x168>
    7d78:	e3a02000 	mov	r2, #0
    7d7c:	e5832000 	str	r2, [r3]
    7d80:	e24bd004 	sub	sp, fp, #4
    7d84:	e8bd8800 	pop	{fp, pc}
    7d88:	00019ba4 	andeq	r9, r1, r4, lsr #23
    7d8c:	00419bb4 	strheq	r9, [r1], #-180	@ 0xffffff4c
    7d90:	00419bc0 	subeq	r9, r1, r0, asr #23
    7d94:	00419bac 	subeq	r9, r1, ip, lsr #23
    7d98:	00419bb8 	strheq	r9, [r1], #-184	@ 0xffffff48
    7d9c:	00419ba8 	subeq	r9, r1, r8, lsr #23
    7da0:	e52db004 	push	{fp}		@ (str fp, [sp, #-4]!)
    7da4:	e28db000 	add	fp, sp, #0
    7da8:	e24dd01c 	sub	sp, sp, #28
    7dac:	e50b0010 	str	r0, [fp, #-16]
    7db0:	e50b1014 	str	r1, [fp, #-20]	@ 0xffffffec
    7db4:	e50b2018 	str	r2, [fp, #-24]	@ 0xffffffe8
    7db8:	e50b301c 	str	r3, [fp, #-28]	@ 0xffffffe4
    7dbc:	e59b3004 	ldr	r3, [fp, #4]
    7dc0:	e3530000 	cmp	r3, #0
    7dc4:	1a00002b 	bne	7e78 <ak_rtsp_exit+0x258>
    7dc8:	e3a03000 	mov	r3, #0
    7dcc:	e50b3008 	str	r3, [fp, #-8]
    7dd0:	ea000020 	b	7e58 <ak_rtsp_exit+0x238>
    7dd4:	e3a03000 	mov	r3, #0
    7dd8:	e50b300c 	str	r3, [fp, #-12]
    7ddc:	ea000016 	b	7e3c <ak_rtsp_exit+0x21c>
    7de0:	e51b2008 	ldr	r2, [fp, #-8]
    7de4:	e51b300c 	ldr	r3, [fp, #-12]
    7de8:	e0823003 	add	r3, r2, r3
    7dec:	e51b2010 	ldr	r2, [fp, #-16]
    7df0:	e0823003 	add	r3, r2, r3
    7df4:	e5d32000 	ldrb	r2, [r3]
    7df8:	e51b300c 	ldr	r3, [fp, #-12]
    7dfc:	e51b1018 	ldr	r1, [fp, #-24]	@ 0xffffffe8
    7e00:	e0813003 	add	r3, r1, r3
    7e04:	e5d33000 	ldrb	r3, [r3]
    7e08:	e1520003 	cmp	r2, r3
    7e0c:	0a000000 	beq	7e14 <ak_rtsp_exit+0x1f4>
    7e10:	ea00000d 	b	7e4c <ak_rtsp_exit+0x22c>
    7e14:	e51b301c 	ldr	r3, [fp, #-28]	@ 0xffffffe4
    7e18:	e2432001 	sub	r2, r3, #1
    7e1c:	e51b300c 	ldr	r3, [fp, #-12]
    7e20:	e1520003 	cmp	r2, r3
    7e24:	1a000001 	bne	7e30 <ak_rtsp_exit+0x210>
    7e28:	e51b3008 	ldr	r3, [fp, #-8]
    7e2c:	ea00003b 	b	7f20 <ak_rtsp_exit+0x300>
    7e30:	e51b300c 	ldr	r3, [fp, #-12]
    7e34:	e2833001 	add	r3, r3, #1
    7e38:	e50b300c 	str	r3, [fp, #-12]
    7e3c:	e51b200c 	ldr	r2, [fp, #-12]
    7e40:	e51b301c 	ldr	r3, [fp, #-28]	@ 0xffffffe4
    7e44:	e1520003 	cmp	r2, r3
    7e48:	baffffe4 	blt	7de0 <ak_rtsp_exit+0x1c0>
    7e4c:	e51b3008 	ldr	r3, [fp, #-8]
    7e50:	e2833001 	add	r3, r3, #1
    7e54:	e50b3008 	str	r3, [fp, #-8]
    7e58:	e51b2014 	ldr	r2, [fp, #-20]	@ 0xffffffec
    7e5c:	e51b301c 	ldr	r3, [fp, #-28]	@ 0xffffffe4
    7e60:	e0633002 	rsb	r3, r3, r2
    7e64:	e2832001 	add	r2, r3, #1
    7e68:	e51b3008 	ldr	r3, [fp, #-8]
    7e6c:	e1520003 	cmp	r2, r3
    7e70:	caffffd7 	bgt	7dd4 <ak_rtsp_exit+0x1b4>
    7e74:	ea000028 	b	7f1c <ak_rtsp_exit+0x2fc>
    7e78:	e51b2014 	ldr	r2, [fp, #-20]	@ 0xffffffec
    7e7c:	e51b301c 	ldr	r3, [fp, #-28]	@ 0xffffffe4
    7e80:	e0633002 	rsb	r3, r3, r2
    7e84:	e50b3008 	str	r3, [fp, #-8]
    7e88:	ea000020 	b	7f10 <ak_rtsp_exit+0x2f0>
    7e8c:	e3a03000 	mov	r3, #0
    7e90:	e50b300c 	str	r3, [fp, #-12]
    7e94:	ea000016 	b	7ef4 <ak_rtsp_exit+0x2d4>
    7e98:	e51b2008 	ldr	r2, [fp, #-8]
    7e9c:	e51b300c 	ldr	r3, [fp, #-12]
    7ea0:	e0823003 	add	r3, r2, r3
    7ea4:	e51b2010 	ldr	r2, [fp, #-16]
    7ea8:	e0823003 	add	r3, r2, r3
    7eac:	e5d32000 	ldrb	r2, [r3]
    7eb0:	e51b300c 	ldr	r3, [fp, #-12]
    7eb4:	e51b1018 	ldr	r1, [fp, #-24]	@ 0xffffffe8
    7eb8:	e0813003 	add	r3, r1, r3
    7ebc:	e5d33000 	ldrb	r3, [r3]
    7ec0:	e1520003 	cmp	r2, r3
    7ec4:	0a000000 	beq	7ecc <ak_rtsp_exit+0x2ac>
    7ec8:	ea00000d 	b	7f04 <ak_rtsp_exit+0x2e4>
    7ecc:	e51b301c 	ldr	r3, [fp, #-28]	@ 0xffffffe4
    7ed0:	e2432001 	sub	r2, r3, #1
    7ed4:	e51b300c 	ldr	r3, [fp, #-12]
    7ed8:	e1520003 	cmp	r2, r3
    7edc:	1a000001 	bne	7ee8 <ak_rtsp_exit+0x2c8>
    7ee0:	e51b3008 	ldr	r3, [fp, #-8]
    7ee4:	ea00000d 	b	7f20 <ak_rtsp_exit+0x300>
    7ee8:	e51b300c 	ldr	r3, [fp, #-12]
    7eec:	e2833001 	add	r3, r3, #1
    7ef0:	e50b300c 	str	r3, [fp, #-12]
    7ef4:	e51b200c 	ldr	r2, [fp, #-12]
    7ef8:	e51b301c 	ldr	r3, [fp, #-28]	@ 0xffffffe4
    7efc:	e1520003 	cmp	r2, r3
    7f00:	baffffe4 	blt	7e98 <ak_rtsp_exit+0x278>
    7f04:	e51b3008 	ldr	r3, [fp, #-8]
    7f08:	e2433001 	sub	r3, r3, #1
    7f0c:	e50b3008 	str	r3, [fp, #-8]
    7f10:	e51b3008 	ldr	r3, [fp, #-8]
    7f14:	e3530000 	cmp	r3, #0
    7f18:	aaffffdb 	bge	7e8c <ak_rtsp_exit+0x26c>
    7f1c:	e3e03000 	mvn	r3, #0
    7f20:	e1a00003 	mov	r0, r3
    7f24:	e24bd000 	sub	sp, fp, #0
    7f28:	e49db004 	pop	{fp}		@ (ldr fp, [sp], #4)
    7f2c:	e12fff1e 	bx	lr
    7f30:	e52db004 	push	{fp}		@ (str fp, [sp, #-4]!)
    7f34:	e28db000 	add	fp, sp, #0
    7f38:	e24dd00c 	sub	sp, sp, #12
    7f3c:	e50b0008 	str	r0, [fp, #-8]
    7f40:	e51b3008 	ldr	r3, [fp, #-8]
    7f44:	e3a02002 	mov	r2, #2
    7f48:	e5832000 	str	r2, [r3]
    7f4c:	e51b3008 	ldr	r3, [fp, #-8]
    7f50:	e3a02000 	mov	r2, #0
    7f54:	e5832004 	str	r2, [r3, #4]
    7f58:	e51b3008 	ldr	r3, [fp, #-8]
    7f5c:	e3a02000 	mov	r2, #0
    7f60:	e5832008 	str	r2, [r3, #8]
    7f64:	e51b3008 	ldr	r3, [fp, #-8]
    7f68:	e3a02000 	mov	r2, #0
    7f6c:	e583200c 	str	r2, [r3, #12]
    7f70:	e51b3008 	ldr	r3, [fp, #-8]
    7f74:	e3a02000 	mov	r2, #0
    7f78:	e5832010 	str	r2, [r3, #16]
    7f7c:	e51b3008 	ldr	r3, [fp, #-8]
    7f80:	e3a02060 	mov	r2, #96	@ 0x60
    7f84:	e5832014 	str	r2, [r3, #20]
    7f88:	e51b3008 	ldr	r3, [fp, #-8]
    7f8c:	e3a02000 	mov	r2, #0
    7f90:	e5832018 	str	r2, [r3, #24]
    7f94:	e51b3008 	ldr	r3, [fp, #-8]
    7f98:	e3a02000 	mov	r2, #0
    7f9c:	e583201c 	str	r2, [r3, #28]
    7fa0:	e51b3008 	ldr	r3, [fp, #-8]
    7fa4:	e59f2010 	ldr	r2, [pc, #16]	@ 7fbc <ak_rtsp_exit+0x39c>
    7fa8:	e5832020 	str	r2, [r3, #32]
    7fac:	e1a00000 	nop			@ (mov r0, r0)
    7fb0:	e24bd000 	sub	sp, fp, #0
    7fb4:	e49db004 	pop	{fp}		@ (ldr fp, [sp], #4)
    7fb8:	e12fff1e 	bx	lr
    7fbc:	4873dc01 	ldmdami	r3!, {r0, sl, fp, ip, lr, pc}^
    7fc0:	e52db004 	push	{fp}		@ (str fp, [sp, #-4]!)
    7fc4:	e28db000 	add	fp, sp, #0
    7fc8:	e24dd00c 	sub	sp, sp, #12
    7fcc:	e50b0008 	str	r0, [fp, #-8]
    7fd0:	e50b100c 	str	r1, [fp, #-12]
    7fd4:	e51b300c 	ldr	r3, [fp, #-12]
    7fd8:	e5933000 	ldr	r3, [r3]
    7fdc:	e20330ff 	and	r3, r3, #255	@ 0xff
    7fe0:	e1a03303 	lsl	r3, r3, #6
    7fe4:	e20320ff 	and	r2, r3, #255	@ 0xff
    7fe8:	e51b300c 	ldr	r3, [fp, #-12]
    7fec:	e5933004 	ldr	r3, [r3, #4]
    7ff0:	e20330ff 	and	r3, r3, #255	@ 0xff
    7ff4:	e1a03283 	lsl	r3, r3, #5
    7ff8:	e20330ff 	and	r3, r3, #255	@ 0xff
    7ffc:	e1823003 	orr	r3, r2, r3
    8000:	e20320ff 	and	r2, r3, #255	@ 0xff
    8004:	e51b300c 	ldr	r3, [fp, #-12]
    8008:	e5933008 	ldr	r3, [r3, #8]
    800c:	e20330ff 	and	r3, r3, #255	@ 0xff
    8010:	e1a03203 	lsl	r3, r3, #4
    8014:	e20330ff 	and	r3, r3, #255	@ 0xff
    8018:	e1823003 	orr	r3, r2, r3
    801c:	e20320ff 	and	r2, r3, #255	@ 0xff
    8020:	e51b300c 	ldr	r3, [fp, #-12]
    8024:	e593300c 	ldr	r3, [r3, #12]
    8028:	e20330ff 	and	r3, r3, #255	@ 0xff
    802c:	e1823003 	orr	r3, r2, r3
    8030:	e20320ff 	and	r2, r3, #255	@ 0xff
    8034:	e51b3008 	ldr	r3, [fp, #-8]
    8038:	e5c32000 	strb	r2, [r3]
    803c:	e51b3008 	ldr	r3, [fp, #-8]
    8040:	e2833001 	add	r3, r3, #1
    8044:	e51b200c 	ldr	r2, [fp, #-12]
    8048:	e5922010 	ldr	r2, [r2, #16]
    804c:	e20220ff 	and	r2, r2, #255	@ 0xff
    8050:	e1a02382 	lsl	r2, r2, #7
    8054:	e20210ff 	and	r1, r2, #255	@ 0xff
    8058:	e51b200c 	ldr	r2, [fp, #-12]
    805c:	e5922014 	ldr	r2, [r2, #20]
    8060:	e20220ff 	and	r2, r2, #255	@ 0xff
    8064:	e1812002 	orr	r2, r1, r2
    8068:	e20220ff 	and	r2, r2, #255	@ 0xff
    806c:	e5c32000 	strb	r2, [r3]
    8070:	e51b3008 	ldr	r3, [fp, #-8]
    8074:	e2833002 	add	r3, r3, #2
    8078:	e51b200c 	ldr	r2, [fp, #-12]
    807c:	e5922018 	ldr	r2, [r2, #24]
    8080:	e1a02422 	lsr	r2, r2, #8
    8084:	e20220ff 	and	r2, r2, #255	@ 0xff
    8088:	e5c32000 	strb	r2, [r3]
    808c:	e51b3008 	ldr	r3, [fp, #-8]
    8090:	e2833003 	add	r3, r3, #3
    8094:	e51b200c 	ldr	r2, [fp, #-12]
    8098:	e5922018 	ldr	r2, [r2, #24]
    809c:	e20220ff 	and	r2, r2, #255	@ 0xff
    80a0:	e5c32000 	strb	r2, [r3]
    80a4:	e51b3008 	ldr	r3, [fp, #-8]
    80a8:	e2833004 	add	r3, r3, #4
    80ac:	e51b200c 	ldr	r2, [fp, #-12]
    80b0:	e592201c 	ldr	r2, [r2, #28]
    80b4:	e1a02c22 	lsr	r2, r2, #24
    80b8:	e20220ff 	and	r2, r2, #255	@ 0xff
    80bc:	e5c32000 	strb	r2, [r3]
    80c0:	e51b3008 	ldr	r3, [fp, #-8]
    80c4:	e2833005 	add	r3, r3, #5
    80c8:	e51b200c 	ldr	r2, [fp, #-12]
    80cc:	e592201c 	ldr	r2, [r2, #28]
    80d0:	e1a02822 	lsr	r2, r2, #16
    80d4:	e20220ff 	and	r2, r2, #255	@ 0xff
    80d8:	e5c32000 	strb	r2, [r3]
    80dc:	e51b3008 	ldr	r3, [fp, #-8]
    80e0:	e2833006 	add	r3, r3, #6
    80e4:	e51b200c 	ldr	r2, [fp, #-12]
    80e8:	e592201c 	ldr	r2, [r2, #28]
    80ec:	e1a02422 	lsr	r2, r2, #8
    80f0:	e20220ff 	and	r2, r2, #255	@ 0xff
    80f4:	e5c32000 	strb	r2, [r3]
    80f8:	e51b3008 	ldr	r3, [fp, #-8]
    80fc:	e2833007 	add	r3, r3, #7
    8100:	e51b200c 	ldr	r2, [fp, #-12]
    8104:	e592201c 	ldr	r2, [r2, #28]
    8108:	e20220ff 	and	r2, r2, #255	@ 0xff
    810c:	e5c32000 	strb	r2, [r3]
    8110:	e51b3008 	ldr	r3, [fp, #-8]
    8114:	e2833008 	add	r3, r3, #8
    8118:	e51b200c 	ldr	r2, [fp, #-12]
    811c:	e5922020 	ldr	r2, [r2, #32]
    8120:	e1a02c22 	lsr	r2, r2, #24
    8124:	e20220ff 	and	r2, r2, #255	@ 0xff
    8128:	e5c32000 	strb	r2, [r3]
    812c:	e51b3008 	ldr	r3, [fp, #-8]
    8130:	e2833009 	add	r3, r3, #9
    8134:	e51b200c 	ldr	r2, [fp, #-12]
    8138:	e5922020 	ldr	r2, [r2, #32]
    813c:	e1a02822 	lsr	r2, r2, #16
    8140:	e20220ff 	and	r2, r2, #255	@ 0xff
    8144:	e5c32000 	strb	r2, [r3]
    8148:	e51b3008 	ldr	r3, [fp, #-8]
    814c:	e283300a 	add	r3, r3, #10
    8150:	e51b200c 	ldr	r2, [fp, #-12]
    8154:	e5922020 	ldr	r2, [r2, #32]
    8158:	e1a02422 	lsr	r2, r2, #8
    815c:	e20220ff 	and	r2, r2, #255	@ 0xff
    8160:	e5c32000 	strb	r2, [r3]
    8164:	e51b3008 	ldr	r3, [fp, #-8]
    8168:	e283300b 	add	r3, r3, #11
    816c:	e51b200c 	ldr	r2, [fp, #-12]
    8170:	e5922020 	ldr	r2, [r2, #32]
    8174:	e20220ff 	and	r2, r2, #255	@ 0xff
    8178:	e5c32000 	strb	r2, [r3]
    817c:	e3a0300c 	mov	r3, #12
    8180:	e1a00003 	mov	r0, r3
    8184:	e24bd000 	sub	sp, fp, #0
    8188:	e49db004 	pop	{fp}		@ (ldr fp, [sp], #4)
    818c:	e12fff1e 	bx	lr

00008190 <MakeRTCP>:
    8190:	e92d4800 	push	{fp, lr}
    8194:	e28db004 	add	fp, sp, #4
    8198:	e24dd020 	sub	sp, sp, #32
    819c:	e50b0018 	str	r0, [fp, #-24]	@ 0xffffffe8
    81a0:	e50b101c 	str	r1, [fp, #-28]	@ 0xffffffe4
    81a4:	e50b2020 	str	r2, [fp, #-32]	@ 0xffffffe0
    81a8:	e3a03000 	mov	r3, #0
    81ac:	e50b3008 	str	r3, [fp, #-8]
    81b0:	e24b3010 	sub	r3, fp, #16
    81b4:	e1a00003 	mov	r0, r3
    81b8:	ebffeadf 	bl	2d3c <ak_get_ostime@plt>
    81bc:	e51b001c 	ldr	r0, [fp, #-28]	@ 0xffffffe4
    81c0:	e3a01000 	mov	r1, #0
    81c4:	e3a02044 	mov	r2, #68	@ 0x44
    81c8:	ebffea1e 	bl	2a48 <memset@plt>
    81cc:	e51b301c 	ldr	r3, [fp, #-28]	@ 0xffffffe4
    81d0:	e3e0207f 	mvn	r2, #127	@ 0x7f
    81d4:	e5c32000 	strb	r2, [r3]
    81d8:	e51b301c 	ldr	r3, [fp, #-28]	@ 0xffffffe4
    81dc:	e2833001 	add	r3, r3, #1
    81e0:	e3e02037 	mvn	r2, #55	@ 0x37
    81e4:	e5c32000 	strb	r2, [r3]
    81e8:	e51b301c 	ldr	r3, [fp, #-28]	@ 0xffffffe4
    81ec:	e2833002 	add	r3, r3, #2
    81f0:	e3a02000 	mov	r2, #0
    81f4:	e5c32000 	strb	r2, [r3]
    81f8:	e51b301c 	ldr	r3, [fp, #-28]	@ 0xffffffe4
    81fc:	e2833003 	add	r3, r3, #3
    8200:	e3a02006 	mov	r2, #6
    8204:	e5c32000 	strb	r2, [r3]
    8208:	e51b301c 	ldr	r3, [fp, #-28]	@ 0xffffffe4
    820c:	e2833004 	add	r3, r3, #4
    8210:	e3a02048 	mov	r2, #72	@ 0x48
    8214:	e5c32000 	strb	r2, [r3]
    8218:	e51b301c 	ldr	r3, [fp, #-28]	@ 0xffffffe4
    821c:	e2833005 	add	r3, r3, #5
    8220:	e3a02073 	mov	r2, #115	@ 0x73
    8224:	e5c32000 	strb	r2, [r3]
    8228:	e51b301c 	ldr	r3, [fp, #-28]	@ 0xffffffe4
    822c:	e2833006 	add	r3, r3, #6
    8230:	e3e02023 	mvn	r2, #35	@ 0x23
    8234:	e5c32000 	strb	r2, [r3]
    8238:	e51b301c 	ldr	r3, [fp, #-28]	@ 0xffffffe4
    823c:	e2833007 	add	r3, r3, #7
    8240:	e3a02001 	mov	r2, #1
    8244:	e5c32000 	strb	r2, [r3]
    8248:	e51b301c 	ldr	r3, [fp, #-28]	@ 0xffffffe4
    824c:	e2833008 	add	r3, r3, #8
    8250:	e51b1010 	ldr	r1, [fp, #-16]
    8254:	e51b2008 	ldr	r2, [fp, #-8]
    8258:	e0812002 	add	r2, r1, r2
    825c:	e1a02c22 	lsr	r2, r2, #24
    8260:	e20220ff 	and	r2, r2, #255	@ 0xff
    8264:	e5c32000 	strb	r2, [r3]
    8268:	e51b301c 	ldr	r3, [fp, #-28]	@ 0xffffffe4
    826c:	e2833009 	add	r3, r3, #9
    8270:	e51b1010 	ldr	r1, [fp, #-16]
    8274:	e51b2008 	ldr	r2, [fp, #-8]
    8278:	e0812002 	add	r2, r1, r2
    827c:	e20228ff 	and	r2, r2, #16711680	@ 0xff0000
    8280:	e1a02822 	lsr	r2, r2, #16
    8284:	e20220ff 	and	r2, r2, #255	@ 0xff
    8288:	e5c32000 	strb	r2, [r3]
    828c:	e51b301c 	ldr	r3, [fp, #-28]	@ 0xffffffe4
    8290:	e283300a 	add	r3, r3, #10
    8294:	e51b1010 	ldr	r1, [fp, #-16]
    8298:	e51b2008 	ldr	r2, [fp, #-8]
    829c:	e0812002 	add	r2, r1, r2
    82a0:	e2022cff 	and	r2, r2, #65280	@ 0xff00
    82a4:	e1a02422 	lsr	r2, r2, #8
    82a8:	e20220ff 	and	r2, r2, #255	@ 0xff
    82ac:	e5c32000 	strb	r2, [r3]
    82b0:	e51b301c 	ldr	r3, [fp, #-28]	@ 0xffffffe4
    82b4:	e283300b 	add	r3, r3, #11
    82b8:	e51b2010 	ldr	r2, [fp, #-16]
    82bc:	e20210ff 	and	r1, r2, #255	@ 0xff
    82c0:	e51b2008 	ldr	r2, [fp, #-8]
    82c4:	e20220ff 	and	r2, r2, #255	@ 0xff
    82c8:	e0812002 	add	r2, r1, r2
    82cc:	e20220ff 	and	r2, r2, #255	@ 0xff
    82d0:	e5c32000 	strb	r2, [r3]
    82d4:	e51b301c 	ldr	r3, [fp, #-28]	@ 0xffffffe4
    82d8:	e283300c 	add	r3, r3, #12
    82dc:	e3a02000 	mov	r2, #0
    82e0:	e5c32000 	strb	r2, [r3]
    82e4:	e51b301c 	ldr	r3, [fp, #-28]	@ 0xffffffe4
    82e8:	e283300d 	add	r3, r3, #13
    82ec:	e3a02000 	mov	r2, #0
    82f0:	e5c32000 	strb	r2, [r3]
    82f4:	e51b301c 	ldr	r3, [fp, #-28]	@ 0xffffffe4
    82f8:	e283300e 	add	r3, r3, #14
    82fc:	e3a02000 	mov	r2, #0
    8300:	e5c32000 	strb	r2, [r3]
    8304:	e51b301c 	ldr	r3, [fp, #-28]	@ 0xffffffe4
    8308:	e283300f 	add	r3, r3, #15
    830c:	e3a02000 	mov	r2, #0
    8310:	e5c32000 	strb	r2, [r3]
    8314:	e51b301c 	ldr	r3, [fp, #-28]	@ 0xffffffe4
    8318:	e2833010 	add	r3, r3, #16
    831c:	e51b2020 	ldr	r2, [fp, #-32]	@ 0xffffffe0
    8320:	e1a02c22 	lsr	r2, r2, #24
    8324:	e20220ff 	and	r2, r2, #255	@ 0xff
    8328:	e5c32000 	strb	r2, [r3]
    832c:	e51b301c 	ldr	r3, [fp, #-28]	@ 0xffffffe4
    8330:	e2833011 	add	r3, r3, #17
    8334:	e51b2020 	ldr	r2, [fp, #-32]	@ 0xffffffe0
    8338:	e20228ff 	and	r2, r2, #16711680	@ 0xff0000
    833c:	e1a02842 	asr	r2, r2, #16
    8340:	e20220ff 	and	r2, r2, #255	@ 0xff
    8344:	e5c32000 	strb	r2, [r3]
    8348:	e51b301c 	ldr	r3, [fp, #-28]	@ 0xffffffe4
    834c:	e2833012 	add	r3, r3, #18
    8350:	e51b2020 	ldr	r2, [fp, #-32]	@ 0xffffffe0
    8354:	e2022cff 	and	r2, r2, #65280	@ 0xff00
    8358:	e1a02442 	asr	r2, r2, #8
    835c:	e20220ff 	and	r2, r2, #255	@ 0xff
    8360:	e5c32000 	strb	r2, [r3]
    8364:	e51b301c 	ldr	r3, [fp, #-28]	@ 0xffffffe4
    8368:	e2833013 	add	r3, r3, #19
    836c:	e51b2020 	ldr	r2, [fp, #-32]	@ 0xffffffe0
    8370:	e20220ff 	and	r2, r2, #255	@ 0xff
    8374:	e5c32000 	strb	r2, [r3]
    8378:	e51b301c 	ldr	r3, [fp, #-28]	@ 0xffffffe4
    837c:	e2833014 	add	r3, r3, #20
    8380:	e51b2018 	ldr	r2, [fp, #-24]	@ 0xffffffe8
    8384:	e5922048 	ldr	r2, [r2, #72]	@ 0x48
    8388:	e1a02c22 	lsr	r2, r2, #24
    838c:	e20220ff 	and	r2, r2, #255	@ 0xff
    8390:	e5c32000 	strb	r2, [r3]
    8394:	e51b301c 	ldr	r3, [fp, #-28]	@ 0xffffffe4
    8398:	e2833015 	add	r3, r3, #21
    839c:	e51b2018 	ldr	r2, [fp, #-24]	@ 0xffffffe8
    83a0:	e5922048 	ldr	r2, [r2, #72]	@ 0x48
    83a4:	e20228ff 	and	r2, r2, #16711680	@ 0xff0000
    83a8:	e1a02822 	lsr	r2, r2, #16
    83ac:	e20220ff 	and	r2, r2, #255	@ 0xff
    83b0:	e5c32000 	strb	r2, [r3]
    83b4:	e51b301c 	ldr	r3, [fp, #-28]	@ 0xffffffe4
    83b8:	e2833016 	add	r3, r3, #22
    83bc:	e51b2018 	ldr	r2, [fp, #-24]	@ 0xffffffe8
    83c0:	e5922048 	ldr	r2, [r2, #72]	@ 0x48
    83c4:	e2022cff 	and	r2, r2, #65280	@ 0xff00
    83c8:	e1a02422 	lsr	r2, r2, #8
    83cc:	e20220ff 	and	r2, r2, #255	@ 0xff
    83d0:	e5c32000 	strb	r2, [r3]
    83d4:	e51b301c 	ldr	r3, [fp, #-28]	@ 0xffffffe4
    83d8:	e2833017 	add	r3, r3, #23
    83dc:	e51b2018 	ldr	r2, [fp, #-24]	@ 0xffffffe8
    83e0:	e5922048 	ldr	r2, [r2, #72]	@ 0x48
    83e4:	e20220ff 	and	r2, r2, #255	@ 0xff
    83e8:	e5c32000 	strb	r2, [r3]
    83ec:	e51b301c 	ldr	r3, [fp, #-28]	@ 0xffffffe4
    83f0:	e2833018 	add	r3, r3, #24
    83f4:	e51b2018 	ldr	r2, [fp, #-24]	@ 0xffffffe8
    83f8:	e5922044 	ldr	r2, [r2, #68]	@ 0x44
    83fc:	e1a02c22 	lsr	r2, r2, #24
    8400:	e20220ff 	and	r2, r2, #255	@ 0xff
    8404:	e5c32000 	strb	r2, [r3]
    8408:	e51b301c 	ldr	r3, [fp, #-28]	@ 0xffffffe4
    840c:	e2833019 	add	r3, r3, #25
    8410:	e51b2018 	ldr	r2, [fp, #-24]	@ 0xffffffe8
    8414:	e5922044 	ldr	r2, [r2, #68]	@ 0x44
    8418:	e20228ff 	and	r2, r2, #16711680	@ 0xff0000
    841c:	e1a02822 	lsr	r2, r2, #16
    8420:	e20220ff 	and	r2, r2, #255	@ 0xff
    8424:	e5c32000 	strb	r2, [r3]
    8428:	e51b301c 	ldr	r3, [fp, #-28]	@ 0xffffffe4
    842c:	e283301a 	add	r3, r3, #26
    8430:	e51b2018 	ldr	r2, [fp, #-24]	@ 0xffffffe8
    8434:	e5922044 	ldr	r2, [r2, #68]	@ 0x44
    8438:	e2022cff 	and	r2, r2, #65280	@ 0xff00
    843c:	e1a02422 	lsr	r2, r2, #8
    8440:	e20220ff 	and	r2, r2, #255	@ 0xff
    8444:	e5c32000 	strb	r2, [r3]
    8448:	e51b301c 	ldr	r3, [fp, #-28]	@ 0xffffffe4
    844c:	e283301b 	add	r3, r3, #27
    8450:	e51b2018 	ldr	r2, [fp, #-24]	@ 0xffffffe8
    8454:	e5922044 	ldr	r2, [r2, #68]	@ 0x44
    8458:	e20220ff 	and	r2, r2, #255	@ 0xff
    845c:	e5c32000 	strb	r2, [r3]
    8460:	e51b301c 	ldr	r3, [fp, #-28]	@ 0xffffffe4
    8464:	e283301c 	add	r3, r3, #28
    8468:	e3e0207e 	mvn	r2, #126	@ 0x7e
    846c:	e5c32000 	strb	r2, [r3]
    8470:	e51b301c 	ldr	r3, [fp, #-28]	@ 0xffffffe4
    8474:	e283301d 	add	r3, r3, #29
    8478:	e3e02035 	mvn	r2, #53	@ 0x35
    847c:	e5c32000 	strb	r2, [r3]
    8480:	e51b301c 	ldr	r3, [fp, #-28]	@ 0xffffffe4
    8484:	e283301e 	add	r3, r3, #30
    8488:	e3a02000 	mov	r2, #0
    848c:	e5c32000 	strb	r2, [r3]
    8490:	e51b301c 	ldr	r3, [fp, #-28]	@ 0xffffffe4
    8494:	e283301f 	add	r3, r3, #31
    8498:	e3a02004 	mov	r2, #4
    849c:	e5c32000 	strb	r2, [r3]
    84a0:	e51b301c 	ldr	r3, [fp, #-28]	@ 0xffffffe4
    84a4:	e2833020 	add	r3, r3, #32
    84a8:	e3a02048 	mov	r2, #72	@ 0x48
    84ac:	e5c32000 	strb	r2, [r3]
    84b0:	e51b301c 	ldr	r3, [fp, #-28]	@ 0xffffffe4
    84b4:	e2833021 	add	r3, r3, #33	@ 0x21
    84b8:	e3a02073 	mov	r2, #115	@ 0x73
    84bc:	e5c32000 	strb	r2, [r3]
    84c0:	e51b301c 	ldr	r3, [fp, #-28]	@ 0xffffffe4
    84c4:	e2833022 	add	r3, r3, #34	@ 0x22
    84c8:	e3e02023 	mvn	r2, #35	@ 0x23
    84cc:	e5c32000 	strb	r2, [r3]
    84d0:	e51b301c 	ldr	r3, [fp, #-28]	@ 0xffffffe4
    84d4:	e2833023 	add	r3, r3, #35	@ 0x23
    84d8:	e3a02001 	mov	r2, #1
    84dc:	e5c32000 	strb	r2, [r3]
    84e0:	e51b301c 	ldr	r3, [fp, #-28]	@ 0xffffffe4
    84e4:	e2833024 	add	r3, r3, #36	@ 0x24
    84e8:	e3a02001 	mov	r2, #1
    84ec:	e5c32000 	strb	r2, [r3]
    84f0:	e51b301c 	ldr	r3, [fp, #-28]	@ 0xffffffe4
    84f4:	e2833025 	add	r3, r3, #37	@ 0x25
    84f8:	e3a0200e 	mov	r2, #14
    84fc:	e5c32000 	strb	r2, [r3]
    8500:	e51b301c 	ldr	r3, [fp, #-28]	@ 0xffffffe4
    8504:	e2833026 	add	r3, r3, #38	@ 0x26
    8508:	e3a02055 	mov	r2, #85	@ 0x55
    850c:	e5c32000 	strb	r2, [r3]
    8510:	e51b301c 	ldr	r3, [fp, #-28]	@ 0xffffffe4
    8514:	e2833027 	add	r3, r3, #39	@ 0x27
    8518:	e3a0206e 	mov	r2, #110	@ 0x6e
    851c:	e5c32000 	strb	r2, [r3]
    8520:	e51b301c 	ldr	r3, [fp, #-28]	@ 0xffffffe4
    8524:	e2833028 	add	r3, r3, #40	@ 0x28
    8528:	e3a0206e 	mov	r2, #110	@ 0x6e
    852c:	e5c32000 	strb	r2, [r3]
    8530:	e51b301c 	ldr	r3, [fp, #-28]	@ 0xffffffe4
    8534:	e2833029 	add	r3, r3, #41	@ 0x29
    8538:	e3a02061 	mov	r2, #97	@ 0x61
    853c:	e5c32000 	strb	r2, [r3]
    8540:	e51b301c 	ldr	r3, [fp, #-28]	@ 0xffffffe4
    8544:	e283302a 	add	r3, r3, #42	@ 0x2a
    8548:	e3a0206d 	mov	r2, #109	@ 0x6d
    854c:	e5c32000 	strb	r2, [r3]
    8550:	e51b301c 	ldr	r3, [fp, #-28]	@ 0xffffffe4
    8554:	e283302b 	add	r3, r3, #43	@ 0x2b
    8558:	e3a02065 	mov	r2, #101	@ 0x65
    855c:	e5c32000 	strb	r2, [r3]
    8560:	e51b301c 	ldr	r3, [fp, #-28]	@ 0xffffffe4
    8564:	e283302c 	add	r3, r3, #44	@ 0x2c
    8568:	e3a02064 	mov	r2, #100	@ 0x64
    856c:	e5c32000 	strb	r2, [r3]
    8570:	e51b301c 	ldr	r3, [fp, #-28]	@ 0xffffffe4
    8574:	e283302d 	add	r3, r3, #45	@ 0x2d
    8578:	e3a02020 	mov	r2, #32
    857c:	e5c32000 	strb	r2, [r3]
    8580:	e51b301c 	ldr	r3, [fp, #-28]	@ 0xffffffe4
    8584:	e283302e 	add	r3, r3, #46	@ 0x2e
    8588:	e3a02073 	mov	r2, #115	@ 0x73
    858c:	e5c32000 	strb	r2, [r3]
    8590:	e51b301c 	ldr	r3, [fp, #-28]	@ 0xffffffe4
    8594:	e283302f 	add	r3, r3, #47	@ 0x2f
    8598:	e3a02074 	mov	r2, #116	@ 0x74
    859c:	e5c32000 	strb	r2, [r3]
    85a0:	e51b301c 	ldr	r3, [fp, #-28]	@ 0xffffffe4
    85a4:	e2833030 	add	r3, r3, #48	@ 0x30
    85a8:	e3a02072 	mov	r2, #114	@ 0x72
    85ac:	e5c32000 	strb	r2, [r3]
    85b0:	e51b301c 	ldr	r3, [fp, #-28]	@ 0xffffffe4
    85b4:	e2833031 	add	r3, r3, #49	@ 0x31
    85b8:	e3a02065 	mov	r2, #101	@ 0x65
    85bc:	e5c32000 	strb	r2, [r3]
    85c0:	e51b301c 	ldr	r3, [fp, #-28]	@ 0xffffffe4
    85c4:	e2833032 	add	r3, r3, #50	@ 0x32
    85c8:	e3a02061 	mov	r2, #97	@ 0x61
    85cc:	e5c32000 	strb	r2, [r3]
    85d0:	e51b301c 	ldr	r3, [fp, #-28]	@ 0xffffffe4
    85d4:	e2833033 	add	r3, r3, #51	@ 0x33
    85d8:	e3a0206d 	mov	r2, #109	@ 0x6d
    85dc:	e5c32000 	strb	r2, [r3]
    85e0:	e3a03000 	mov	r3, #0
    85e4:	e1a00003 	mov	r0, r3
    85e8:	e24bd004 	sub	sp, fp, #4
    85ec:	e8bd8800 	pop	{fp, pc}

000085f0 <rtsp_init_client>:
    85f0:	e92d4800 	push	{fp, lr}
    85f4:	e28db004 	add	fp, sp, #4
    85f8:	e24dd008 	sub	sp, sp, #8
    85fc:	e50b0008 	str	r0, [fp, #-8]
    8600:	e51b3008 	ldr	r3, [fp, #-8]
    8604:	e3a02000 	mov	r2, #0
    8608:	e5832000 	str	r2, [r3]
    860c:	e51b3008 	ldr	r3, [fp, #-8]
    8610:	e3e02000 	mvn	r2, #0
    8614:	e5832004 	str	r2, [r3, #4]
    8618:	e51b3008 	ldr	r3, [fp, #-8]
    861c:	e3a02000 	mov	r2, #0
    8620:	e5832008 	str	r2, [r3, #8]
    8624:	e51b3008 	ldr	r3, [fp, #-8]
    8628:	e3a02000 	mov	r2, #0
    862c:	e5832018 	str	r2, [r3, #24]
    8630:	e51b3008 	ldr	r3, [fp, #-8]
    8634:	e3a02000 	mov	r2, #0
    8638:	e5832040 	str	r2, [r3, #64]	@ 0x40
    863c:	e51b3008 	ldr	r3, [fp, #-8]
    8640:	e3a02000 	mov	r2, #0
    8644:	e5832050 	str	r2, [r3, #80]	@ 0x50
    8648:	e51b3008 	ldr	r3, [fp, #-8]
    864c:	e3a02000 	mov	r2, #0
    8650:	e5832044 	str	r2, [r3, #68]	@ 0x44
    8654:	e51b3008 	ldr	r3, [fp, #-8]
    8658:	e3a02000 	mov	r2, #0
    865c:	e5832048 	str	r2, [r3, #72]	@ 0x48
    8660:	e51b3008 	ldr	r3, [fp, #-8]
    8664:	e3a02000 	mov	r2, #0
    8668:	e583204c 	str	r2, [r3, #76]	@ 0x4c
    866c:	e51b3008 	ldr	r3, [fp, #-8]
    8670:	e59f21e4 	ldr	r2, [pc, #484]	@ 885c <rtsp_init_client+0x26c>
    8674:	e5832054 	str	r2, [r3, #84]	@ 0x54
    8678:	e51b3008 	ldr	r3, [fp, #-8]
    867c:	e3a02000 	mov	r2, #0
    8680:	e5832034 	str	r2, [r3, #52]	@ 0x34
    8684:	e51b3008 	ldr	r3, [fp, #-8]
    8688:	e3a02000 	mov	r2, #0
    868c:	e5832058 	str	r2, [r3, #88]	@ 0x58
    8690:	e51b3008 	ldr	r3, [fp, #-8]
    8694:	e283301c 	add	r3, r3, #28
    8698:	e1a00003 	mov	r0, r3
    869c:	e3a01000 	mov	r1, #0
    86a0:	e3a02010 	mov	r2, #16
    86a4:	ebffe8e7 	bl	2a48 <memset@plt>
    86a8:	e51b3008 	ldr	r3, [fp, #-8]
    86ac:	e2833d4e 	add	r3, r3, #4992	@ 0x1380
    86b0:	e2833004 	add	r3, r3, #4
    86b4:	e1a00003 	mov	r0, r3
    86b8:	e3a01000 	mov	r1, #0
    86bc:	ebffe992 	bl	2d0c <ak_thread_mutex_init@plt>
    86c0:	e1a03000 	mov	r3, r0
    86c4:	e3530000 	cmp	r3, #0
    86c8:	0a000001 	beq	86d4 <rtsp_init_client+0xe4>
    86cc:	e3e03000 	mvn	r3, #0
    86d0:	ea00005e 	b	8850 <rtsp_init_client+0x260>
    86d4:	e51b3008 	ldr	r3, [fp, #-8]
    86d8:	e2833d4e 	add	r3, r3, #4992	@ 0x1380
    86dc:	e283301c 	add	r3, r3, #28
    86e0:	e1a00003 	mov	r0, r3
    86e4:	e3a01000 	mov	r1, #0
    86e8:	ebffe987 	bl	2d0c <ak_thread_mutex_init@plt>
    86ec:	e1a03000 	mov	r3, r0
    86f0:	e3530000 	cmp	r3, #0
    86f4:	0a000001 	beq	8700 <rtsp_init_client+0x110>
    86f8:	e3e03000 	mvn	r3, #0
    86fc:	ea000053 	b	8850 <rtsp_init_client+0x260>
    8700:	e59f0158 	ldr	r0, [pc, #344]	@ 8860 <rtsp_init_client+0x270>
    8704:	ebffe8db 	bl	2a78 <malloc@plt>
    8708:	e1a03000 	mov	r3, r0
    870c:	e1a02003 	mov	r2, r3
    8710:	e51b3008 	ldr	r3, [fp, #-8]
    8714:	e5832064 	str	r2, [r3, #100]	@ 0x64
    8718:	e51b3008 	ldr	r3, [fp, #-8]
    871c:	e5933064 	ldr	r3, [r3, #100]	@ 0x64
    8720:	e3530000 	cmp	r3, #0
    8724:	1a000001 	bne	8730 <rtsp_init_client+0x140>
    8728:	e3e03000 	mvn	r3, #0
    872c:	ea000047 	b	8850 <rtsp_init_client+0x260>
    8730:	e51b3008 	ldr	r3, [fp, #-8]
    8734:	e5933064 	ldr	r3, [r3, #100]	@ 0x64
    8738:	e1a00003 	mov	r0, r3
    873c:	e3a01000 	mov	r1, #0
    8740:	e59f2118 	ldr	r2, [pc, #280]	@ 8860 <rtsp_init_client+0x270>
    8744:	ebffe8bf 	bl	2a48 <memset@plt>
    8748:	e3a00702 	mov	r0, #524288	@ 0x80000
    874c:	ebffe8c9 	bl	2a78 <malloc@plt>
    8750:	e1a03000 	mov	r3, r0
    8754:	e1a02003 	mov	r2, r3
    8758:	e51b3008 	ldr	r3, [fp, #-8]
    875c:	e583205c 	str	r2, [r3, #92]	@ 0x5c
    8760:	e51b3008 	ldr	r3, [fp, #-8]
    8764:	e593305c 	ldr	r3, [r3, #92]	@ 0x5c
    8768:	e3530000 	cmp	r3, #0
    876c:	1a000001 	bne	8778 <rtsp_init_client+0x188>
    8770:	e3e03000 	mvn	r3, #0
    8774:	ea000035 	b	8850 <rtsp_init_client+0x260>
    8778:	e51b3008 	ldr	r3, [fp, #-8]
    877c:	e593305c 	ldr	r3, [r3, #92]	@ 0x5c
    8780:	e1a00003 	mov	r0, r3
    8784:	e3a01000 	mov	r1, #0
    8788:	e3a02702 	mov	r2, #524288	@ 0x80000
    878c:	ebffe8ad 	bl	2a48 <memset@plt>
    8790:	e3a00702 	mov	r0, #524288	@ 0x80000
    8794:	ebffe8b7 	bl	2a78 <malloc@plt>
    8798:	e1a03000 	mov	r3, r0
    879c:	e1a02003 	mov	r2, r3
    87a0:	e51b3008 	ldr	r3, [fp, #-8]
    87a4:	e5832068 	str	r2, [r3, #104]	@ 0x68
    87a8:	e51b3008 	ldr	r3, [fp, #-8]
    87ac:	e5933068 	ldr	r3, [r3, #104]	@ 0x68
    87b0:	e3530000 	cmp	r3, #0
    87b4:	1a000001 	bne	87c0 <rtsp_init_client+0x1d0>
    87b8:	e3e03000 	mvn	r3, #0
    87bc:	ea000023 	b	8850 <rtsp_init_client+0x260>
    87c0:	e51b3008 	ldr	r3, [fp, #-8]
    87c4:	e5933068 	ldr	r3, [r3, #104]	@ 0x68
    87c8:	e1a00003 	mov	r0, r3
    87cc:	e3a01000 	mov	r1, #0
    87d0:	e3a02702 	mov	r2, #524288	@ 0x80000
    87d4:	ebffe89b 	bl	2a48 <memset@plt>
    87d8:	e3a00b02 	mov	r0, #2048	@ 0x800
    87dc:	ebffe8a5 	bl	2a78 <malloc@plt>
    87e0:	e1a03000 	mov	r3, r0
    87e4:	e1a02003 	mov	r2, r3
    87e8:	e51b3008 	ldr	r3, [fp, #-8]
    87ec:	e5832060 	str	r2, [r3, #96]	@ 0x60
    87f0:	e51b3008 	ldr	r3, [fp, #-8]
    87f4:	e5933060 	ldr	r3, [r3, #96]	@ 0x60
    87f8:	e3530000 	cmp	r3, #0
    87fc:	1a000001 	bne	8808 <rtsp_init_client+0x218>
    8800:	e3e03000 	mvn	r3, #0
    8804:	ea000011 	b	8850 <rtsp_init_client+0x260>
    8808:	e51b3008 	ldr	r3, [fp, #-8]
    880c:	e5933060 	ldr	r3, [r3, #96]	@ 0x60
    8810:	e1a00003 	mov	r0, r3
    8814:	e3a01000 	mov	r1, #0
    8818:	e3a02b02 	mov	r2, #2048	@ 0x800
    881c:	ebffe889 	bl	2a48 <memset@plt>
    8820:	e51b3008 	ldr	r3, [fp, #-8]
    8824:	e283306c 	add	r3, r3, #108	@ 0x6c
    8828:	e1a00003 	mov	r0, r3
    882c:	e3a01601 	mov	r1, #1048576	@ 0x100000
    8830:	e3a02014 	mov	r2, #20
    8834:	ebffe8fe 	bl	2c34 <dvs_init_buffers@plt>
    8838:	e1a03000 	mov	r3, r0
    883c:	e3730001 	cmn	r3, #1
    8840:	1a000001 	bne	884c <rtsp_init_client+0x25c>
    8844:	e3e03000 	mvn	r3, #0
    8848:	ea000000 	b	8850 <rtsp_init_client+0x260>
    884c:	e3a03000 	mov	r3, #0
    8850:	e1a00003 	mov	r0, r3
    8854:	e24bd004 	sub	sp, fp, #4
    8858:	e8bd8800 	pop	{fp, pc}
    885c:	0012d687 	andseq	sp, r2, r7, lsl #13
    8860:	000005dc 	ldrdeq	r0, [r0], -ip
    8864:	e92d4800 	push	{fp, lr}
    8868:	e28db004 	add	fp, sp, #4
    886c:	e24dd0b0 	sub	sp, sp, #176	@ 0xb0
    8870:	e50b00a0 	str	r0, [fp, #-160]	@ 0xffffff60
    8874:	e50b10a4 	str	r1, [fp, #-164]	@ 0xffffff5c
    8878:	e50b20a8 	str	r2, [fp, #-168]	@ 0xffffff58
    887c:	e51b30a0 	ldr	r3, [fp, #-160]	@ 0xffffff60
    8880:	e2833d4e 	add	r3, r3, #4992	@ 0x1380
    8884:	e283301c 	add	r3, r3, #28
    8888:	e1a00003 	mov	r0, r3
    888c:	ebffe8c7 	bl	2bb0 <ak_thread_mutex_lock@plt>
    8890:	e51b30a0 	ldr	r3, [fp, #-160]	@ 0xffffff60
    8894:	e5933000 	ldr	r3, [r3]
    8898:	e3530001 	cmp	r3, #1
    889c:	1a00006a 	bne	8a4c <rtsp_init_client+0x45c>
    88a0:	e51b30a0 	ldr	r3, [fp, #-160]	@ 0xffffff60
    88a4:	e5933004 	ldr	r3, [r3, #4]
    88a8:	e3730001 	cmn	r3, #1
    88ac:	0a000066 	beq	8a4c <rtsp_init_client+0x45c>
    88b0:	e24b3094 	sub	r3, fp, #148	@ 0x94
    88b4:	e50b300c 	str	r3, [fp, #-12]
    88b8:	e3a03000 	mov	r3, #0
    88bc:	e50b3008 	str	r3, [fp, #-8]
    88c0:	ea000006 	b	88e0 <rtsp_init_client+0x2f0>
    88c4:	e51b300c 	ldr	r3, [fp, #-12]
    88c8:	e51b2008 	ldr	r2, [fp, #-8]
    88cc:	e3a01000 	mov	r1, #0
    88d0:	e7831102 	str	r1, [r3, r2, lsl #2]
    88d4:	e51b3008 	ldr	r3, [fp, #-8]
    88d8:	e2833001 	add	r3, r3, #1
    88dc:	e50b3008 	str	r3, [fp, #-8]
    88e0:	e51b3008 	ldr	r3, [fp, #-8]
    88e4:	e353001f 	cmp	r3, #31
    88e8:	9afffff5 	bls	88c4 <rtsp_init_client+0x2d4>
    88ec:	e51b30a0 	ldr	r3, [fp, #-160]	@ 0xffffff60
    88f0:	e5933004 	ldr	r3, [r3, #4]
    88f4:	e1a032a3 	lsr	r3, r3, #5
    88f8:	e3e0208f 	mvn	r2, #143	@ 0x8f
    88fc:	e1a01103 	lsl	r1, r3, #2
    8900:	e24b0004 	sub	r0, fp, #4
    8904:	e0801001 	add	r1, r0, r1
    8908:	e0812002 	add	r2, r1, r2
    890c:	e5921000 	ldr	r1, [r2]
    8910:	e51b20a0 	ldr	r2, [fp, #-160]	@ 0xffffff60
    8914:	e5922004 	ldr	r2, [r2, #4]
    8918:	e202201f 	and	r2, r2, #31
    891c:	e3a00001 	mov	r0, #1
    8920:	e1a02210 	lsl	r2, r0, r2
    8924:	e1812002 	orr	r2, r1, r2
    8928:	e3e0108f 	mvn	r1, #143	@ 0x8f
    892c:	e1a03103 	lsl	r3, r3, #2
    8930:	e24b0004 	sub	r0, fp, #4
    8934:	e0803003 	add	r3, r0, r3
    8938:	e0833001 	add	r3, r3, r1
    893c:	e5832000 	str	r2, [r3]
    8940:	e3a03000 	mov	r3, #0
    8944:	e50b309c 	str	r3, [fp, #-156]	@ 0xffffff64
    8948:	e3a03ffa 	mov	r3, #1000	@ 0x3e8
    894c:	e50b3098 	str	r3, [fp, #-152]	@ 0xffffff68
    8950:	e51b30a0 	ldr	r3, [fp, #-160]	@ 0xffffff60
    8954:	e5933004 	ldr	r3, [r3, #4]
    8958:	e2832001 	add	r2, r3, #1
    895c:	e24b3094 	sub	r3, fp, #148	@ 0x94
    8960:	e24b109c 	sub	r1, fp, #156	@ 0x9c
    8964:	e58d1000 	str	r1, [sp]
    8968:	e1a00002 	mov	r0, r2
    896c:	e3a01000 	mov	r1, #0
    8970:	e1a02003 	mov	r2, r3
    8974:	e3a03000 	mov	r3, #0
    8978:	ebffe946 	bl	2e98 <select@plt>
    897c:	e50b0010 	str	r0, [fp, #-16]
    8980:	e3a03001 	mov	r3, #1
    8984:	e50b3010 	str	r3, [fp, #-16]
    8988:	e51b3010 	ldr	r3, [fp, #-16]
    898c:	e3530001 	cmp	r3, #1
    8990:	1a000016 	bne	89f0 <rtsp_init_client+0x400>
    8994:	e51b30a0 	ldr	r3, [fp, #-160]	@ 0xffffff60
    8998:	e5932004 	ldr	r2, [r3, #4]
    899c:	e51b30a8 	ldr	r3, [fp, #-168]	@ 0xffffff58
    89a0:	e1a00002 	mov	r0, r2
    89a4:	e51b10a4 	ldr	r1, [fp, #-164]	@ 0xffffff5c
    89a8:	e1a02003 	mov	r2, r3
    89ac:	e3a03000 	mov	r3, #0
    89b0:	ebffe8a5 	bl	2c4c <send@plt>
    89b4:	e50b0014 	str	r0, [fp, #-20]	@ 0xffffffec
    89b8:	e51b3014 	ldr	r3, [fp, #-20]	@ 0xffffffec
    89bc:	e3530000 	cmp	r3, #0
    89c0:	ca000020 	bgt	8a48 <rtsp_init_client+0x458>
    89c4:	e51b30a0 	ldr	r3, [fp, #-160]	@ 0xffffff60
    89c8:	e2833d4e 	add	r3, r3, #4992	@ 0x1380
    89cc:	e283301c 	add	r3, r3, #28
    89d0:	e1a00003 	mov	r0, r3
    89d4:	ebffe824 	bl	2a6c <ak_thread_mutex_unlock@plt>
    89d8:	e59f00c4 	ldr	r0, [pc, #196]	@ 8aa4 <rtsp_init_client+0x4b4>
    89dc:	ebffe951 	bl	2f28 <usleep@plt>
    89e0:	e59f00c0 	ldr	r0, [pc, #192]	@ 8aa8 <rtsp_init_client+0x4b8>
    89e4:	ebffe925 	bl	2e80 <puts@plt>
    89e8:	e3e03000 	mvn	r3, #0
    89ec:	ea000029 	b	8a98 <rtsp_init_client+0x4a8>
    89f0:	e51b3010 	ldr	r3, [fp, #-16]
    89f4:	e3530000 	cmp	r3, #0
    89f8:	aa000012 	bge	8a48 <rtsp_init_client+0x458>
    89fc:	e59f00a8 	ldr	r0, [pc, #168]	@ 8aac <rtsp_init_client+0x4bc>
    8a00:	ebffe91e 	bl	2e80 <puts@plt>
    8a04:	e51b30a0 	ldr	r3, [fp, #-160]	@ 0xffffff60
    8a08:	e3e02001 	mvn	r2, #1
    8a0c:	e5832000 	str	r2, [r3]
    8a10:	e51b30a0 	ldr	r3, [fp, #-160]	@ 0xffffff60
    8a14:	e5933004 	ldr	r3, [r3, #4]
    8a18:	e1a00003 	mov	r0, r3
    8a1c:	ebffe8a5 	bl	2cb8 <close@plt>
    8a20:	e51b30a0 	ldr	r3, [fp, #-160]	@ 0xffffff60
    8a24:	e3e02000 	mvn	r2, #0
    8a28:	e5832004 	str	r2, [r3, #4]
    8a2c:	e51b30a0 	ldr	r3, [fp, #-160]	@ 0xffffff60
    8a30:	e2833d4e 	add	r3, r3, #4992	@ 0x1380
    8a34:	e283301c 	add	r3, r3, #28
    8a38:	e1a00003 	mov	r0, r3
    8a3c:	ebffe80a 	bl	2a6c <ak_thread_mutex_unlock@plt>
    8a40:	e3e03000 	mvn	r3, #0
    8a44:	ea000013 	b	8a98 <rtsp_init_client+0x4a8>
    8a48:	ea00000c 	b	8a80 <rtsp_init_client+0x490>
    8a4c:	e51b30a0 	ldr	r3, [fp, #-160]	@ 0xffffff60
    8a50:	e5933004 	ldr	r3, [r3, #4]
    8a54:	e3730001 	cmn	r3, #1
    8a58:	0a000008 	beq	8a80 <rtsp_init_client+0x490>
    8a5c:	e51b30a0 	ldr	r3, [fp, #-160]	@ 0xffffff60
    8a60:	e5933004 	ldr	r3, [r3, #4]
    8a64:	e1a00003 	mov	r0, r3
    8a68:	ebffe892 	bl	2cb8 <close@plt>
    8a6c:	e51b30a0 	ldr	r3, [fp, #-160]	@ 0xffffff60
    8a70:	e3e02000 	mvn	r2, #0
    8a74:	e5832004 	str	r2, [r3, #4]
    8a78:	e59f0030 	ldr	r0, [pc, #48]	@ 8ab0 <rtsp_init_client+0x4c0>
    8a7c:	ebffe8ff 	bl	2e80 <puts@plt>
    8a80:	e51b30a0 	ldr	r3, [fp, #-160]	@ 0xffffff60
    8a84:	e2833d4e 	add	r3, r3, #4992	@ 0x1380
    8a88:	e283301c 	add	r3, r3, #28
    8a8c:	e1a00003 	mov	r0, r3
    8a90:	ebffe7f5 	bl	2a6c <ak_thread_mutex_unlock@plt>
    8a94:	e3a03000 	mov	r3, #0
    8a98:	e1a00003 	mov	r0, r3
    8a9c:	e24bd004 	sub	sp, fp, #4
    8aa0:	e8bd8800 	pop	{fp, pc}
    8aa4:	00002710 	andeq	r2, r0, r0, lsl r7
    8aa8:	00010c14 	andeq	r0, r1, r4, lsl ip
    8aac:	00010c28 	andeq	r0, r1, r8, lsr #24
    8ab0:	00010c38 	andeq	r0, r1, r8, lsr ip
    8ab4:	e92d4800 	push	{fp, lr}
    8ab8:	e28db004 	add	fp, sp, #4
    8abc:	e24dd030 	sub	sp, sp, #48	@ 0x30
    8ac0:	e50b0020 	str	r0, [fp, #-32]	@ 0xffffffe0
    8ac4:	e50b1024 	str	r1, [fp, #-36]	@ 0xffffffdc
    8ac8:	e50b2028 	str	r2, [fp, #-40]	@ 0xffffffd8
    8acc:	e50b302c 	str	r3, [fp, #-44]	@ 0xffffffd4
    8ad0:	e51b0028 	ldr	r0, [fp, #-40]	@ 0xffffffd8
    8ad4:	ebffe90d 	bl	2f10 <strlen@plt>
    8ad8:	e1a03000 	mov	r3, r0
    8adc:	e50b3008 	str	r3, [fp, #-8]
    8ae0:	e51b002c 	ldr	r0, [fp, #-44]	@ 0xffffffd4
    8ae4:	ebffe909 	bl	2f10 <strlen@plt>
    8ae8:	e1a03000 	mov	r3, r0
    8aec:	e50b300c 	str	r3, [fp, #-12]
    8af0:	e51b0020 	ldr	r0, [fp, #-32]	@ 0xffffffe0
    8af4:	ebffe905 	bl	2f10 <strlen@plt>
    8af8:	e1a03000 	mov	r3, r0
    8afc:	e50b3010 	str	r3, [fp, #-16]
    8b00:	e3a03000 	mov	r3, #0
    8b04:	e58d3000 	str	r3, [sp]
    8b08:	e51b0020 	ldr	r0, [fp, #-32]	@ 0xffffffe0
    8b0c:	e51b1010 	ldr	r1, [fp, #-16]
    8b10:	e51b2028 	ldr	r2, [fp, #-40]	@ 0xffffffd8
    8b14:	e51b3008 	ldr	r3, [fp, #-8]
    8b18:	ebfffca0 	bl	7da0 <ak_rtsp_exit+0x180>
    8b1c:	e50b0014 	str	r0, [fp, #-20]	@ 0xffffffec
    8b20:	e51b3014 	ldr	r3, [fp, #-20]	@ 0xffffffec
    8b24:	e3530000 	cmp	r3, #0
    8b28:	aa000001 	bge	8b34 <rtsp_init_client+0x544>
    8b2c:	e3e03000 	mvn	r3, #0
    8b30:	ea00001f 	b	8bb4 <rtsp_init_client+0x5c4>
    8b34:	e51b3014 	ldr	r3, [fp, #-20]	@ 0xffffffec
    8b38:	e51b2020 	ldr	r2, [fp, #-32]	@ 0xffffffe0
    8b3c:	e0822003 	add	r2, r2, r3
    8b40:	e51b1010 	ldr	r1, [fp, #-16]
    8b44:	e51b3014 	ldr	r3, [fp, #-20]	@ 0xffffffec
    8b48:	e0633001 	rsb	r3, r3, r1
    8b4c:	e3a01000 	mov	r1, #0
    8b50:	e58d1000 	str	r1, [sp]
    8b54:	e1a00002 	mov	r0, r2
    8b58:	e1a01003 	mov	r1, r3
    8b5c:	e51b202c 	ldr	r2, [fp, #-44]	@ 0xffffffd4
    8b60:	e51b300c 	ldr	r3, [fp, #-12]
    8b64:	ebfffc8d 	bl	7da0 <ak_rtsp_exit+0x180>
    8b68:	e50b0018 	str	r0, [fp, #-24]	@ 0xffffffe8
    8b6c:	e51b3018 	ldr	r3, [fp, #-24]	@ 0xffffffe8
    8b70:	e3530000 	cmp	r3, #0
    8b74:	aa000001 	bge	8b80 <rtsp_init_client+0x590>
    8b78:	e3e03000 	mvn	r3, #0
    8b7c:	ea00000c 	b	8bb4 <rtsp_init_client+0x5c4>
    8b80:	e51b2014 	ldr	r2, [fp, #-20]	@ 0xffffffec
    8b84:	e51b3008 	ldr	r3, [fp, #-8]
    8b88:	e0823003 	add	r3, r2, r3
    8b8c:	e51b2020 	ldr	r2, [fp, #-32]	@ 0xffffffe0
    8b90:	e0822003 	add	r2, r2, r3
    8b94:	e51b1018 	ldr	r1, [fp, #-24]	@ 0xffffffe8
    8b98:	e51b3008 	ldr	r3, [fp, #-8]
    8b9c:	e0633001 	rsb	r3, r3, r1
    8ba0:	e51b0024 	ldr	r0, [fp, #-36]	@ 0xffffffdc
    8ba4:	e1a01002 	mov	r1, r2
    8ba8:	e1a02003 	mov	r2, r3
    8bac:	ebffe8c8 	bl	2ed4 <memcpy@plt>
    8bb0:	e3a03000 	mov	r3, #0
    8bb4:	e1a00003 	mov	r0, r3
    8bb8:	e24bd004 	sub	sp, fp, #4
    8bbc:	e8bd8800 	pop	{fp, pc}

00008bc0 <fill_rtp_head_info>:
    8bc0:	e52db004 	push	{fp}		@ (str fp, [sp, #-4]!)
    8bc4:	e28db000 	add	fp, sp, #0
    8bc8:	e24dd00c 	sub	sp, sp, #12
    8bcc:	e50b0008 	str	r0, [fp, #-8]
    8bd0:	e50b100c 	str	r1, [fp, #-12]
    8bd4:	e51b3008 	ldr	r3, [fp, #-8]
    8bd8:	e3a02024 	mov	r2, #36	@ 0x24
    8bdc:	e5c32000 	strb	r2, [r3]
    8be0:	e51b3008 	ldr	r3, [fp, #-8]
    8be4:	e2833001 	add	r3, r3, #1
    8be8:	e3a02000 	mov	r2, #0
    8bec:	e5c32000 	strb	r2, [r3]
    8bf0:	e51b3008 	ldr	r3, [fp, #-8]
    8bf4:	e2832002 	add	r2, r3, #2
    8bf8:	e51b300c 	ldr	r3, [fp, #-12]
    8bfc:	e28310ff 	add	r1, r3, #255	@ 0xff
    8c00:	e3530000 	cmp	r3, #0
    8c04:	b1a03001 	movlt	r3, r1
    8c08:	e1a03443 	asr	r3, r3, #8
    8c0c:	e20330ff 	and	r3, r3, #255	@ 0xff
    8c10:	e5c23000 	strb	r3, [r2]
    8c14:	e51b3008 	ldr	r3, [fp, #-8]
    8c18:	e2831003 	add	r1, r3, #3
    8c1c:	e51b200c 	ldr	r2, [fp, #-12]
    8c20:	e1a03fc2 	asr	r3, r2, #31
    8c24:	e1a03c23 	lsr	r3, r3, #24
    8c28:	e0822003 	add	r2, r2, r3
    8c2c:	e20220ff 	and	r2, r2, #255	@ 0xff
    8c30:	e0633002 	rsb	r3, r3, r2
    8c34:	e20330ff 	and	r3, r3, #255	@ 0xff
    8c38:	e5c13000 	strb	r3, [r1]
    8c3c:	e24bd000 	sub	sp, fp, #0
    8c40:	e49db004 	pop	{fp}		@ (ldr fp, [sp], #4)
    8c44:	e12fff1e 	bx	lr

00008c48 <set_rtp_header>:
    8c48:	e92d4800 	push	{fp, lr}
    8c4c:	e28db004 	add	fp, sp, #4
    8c50:	e24dd020 	sub	sp, sp, #32
    8c54:	e50b0018 	str	r0, [fp, #-24]	@ 0xffffffe8
    8c58:	e50b101c 	str	r1, [fp, #-28]	@ 0xffffffe4
    8c5c:	e50b2020 	str	r2, [fp, #-32]	@ 0xffffffe0
    8c60:	e50b3024 	str	r3, [fp, #-36]	@ 0xffffffdc
    8c64:	e51b0018 	ldr	r0, [fp, #-24]	@ 0xffffffe8
    8c68:	ebfffcb0 	bl	7f30 <ak_rtsp_exit+0x310>
    8c6c:	e51b2024 	ldr	r2, [fp, #-36]	@ 0xffffffdc
    8c70:	e51b3018 	ldr	r3, [fp, #-24]	@ 0xffffffe8
    8c74:	e5832010 	str	r2, [r3, #16]
    8c78:	e51b301c 	ldr	r3, [fp, #-28]	@ 0xffffffe4
    8c7c:	e5932040 	ldr	r2, [r3, #64]	@ 0x40
    8c80:	e51b3018 	ldr	r3, [fp, #-24]	@ 0xffffffe8
    8c84:	e5832018 	str	r2, [r3, #24]
    8c88:	e51b301c 	ldr	r3, [fp, #-28]	@ 0xffffffe4
    8c8c:	e5933040 	ldr	r3, [r3, #64]	@ 0x40
    8c90:	e2832001 	add	r2, r3, #1
    8c94:	e51b301c 	ldr	r3, [fp, #-28]	@ 0xffffffe4
    8c98:	e5832040 	str	r2, [r3, #64]	@ 0x40
    8c9c:	e51b3018 	ldr	r3, [fp, #-24]	@ 0xffffffe8
    8ca0:	e51b2020 	ldr	r2, [fp, #-32]	@ 0xffffffe0
    8ca4:	e583201c 	str	r2, [r3, #28]
    8ca8:	e24b3010 	sub	r3, fp, #16
    8cac:	e1a00003 	mov	r0, r3
    8cb0:	e51b1018 	ldr	r1, [fp, #-24]	@ 0xffffffe8
    8cb4:	ebfffcc1 	bl	7fc0 <ak_rtsp_exit+0x3a0>
    8cb8:	e51b301c 	ldr	r3, [fp, #-28]	@ 0xffffffe4
    8cbc:	e5933064 	ldr	r3, [r3, #100]	@ 0x64
    8cc0:	e2833004 	add	r3, r3, #4
    8cc4:	e1a01003 	mov	r1, r3
    8cc8:	e24b2010 	sub	r2, fp, #16
    8ccc:	e3a0300c 	mov	r3, #12
    8cd0:	e1a00001 	mov	r0, r1
    8cd4:	e1a01002 	mov	r1, r2
    8cd8:	e1a02003 	mov	r2, r3
    8cdc:	ebffe87c 	bl	2ed4 <memcpy@plt>
    8ce0:	e24bd004 	sub	sp, fp, #4
    8ce4:	e8bd8800 	pop	{fp, pc}

00008ce8 <set_hevc_nal_header>:
    8ce8:	e52db004 	push	{fp}		@ (str fp, [sp, #-4]!)
    8cec:	e28db000 	add	fp, sp, #0
    8cf0:	e24dd00c 	sub	sp, sp, #12
    8cf4:	e50b0008 	str	r0, [fp, #-8]
    8cf8:	e50b100c 	str	r1, [fp, #-12]
    8cfc:	e51b300c 	ldr	r3, [fp, #-12]
    8d00:	e20330ff 	and	r3, r3, #255	@ 0xff
    8d04:	e1a03083 	lsl	r3, r3, #1
    8d08:	e20320ff 	and	r2, r3, #255	@ 0xff
    8d0c:	e51b3008 	ldr	r3, [fp, #-8]
    8d10:	e5c32000 	strb	r2, [r3]
    8d14:	e51b3008 	ldr	r3, [fp, #-8]
    8d18:	e3a02001 	mov	r2, #1
    8d1c:	e5c32001 	strb	r2, [r3, #1]
    8d20:	e24bd000 	sub	sp, fp, #0
    8d24:	e49db004 	pop	{fp}		@ (ldr fp, [sp], #4)
    8d28:	e12fff1e 	bx	lr

00008d2c <send_rtp_udp>:
    8d2c:	e92d4800 	push	{fp, lr}
    8d30:	e28db004 	add	fp, sp, #4
    8d34:	e24dd0c8 	sub	sp, sp, #200	@ 0xc8
    8d38:	e50b00b8 	str	r0, [fp, #-184]	@ 0xffffff48
    8d3c:	e50b10bc 	str	r1, [fp, #-188]	@ 0xffffff44
    8d40:	e50b20c0 	str	r2, [fp, #-192]	@ 0xffffff40
    8d44:	e50b30c4 	str	r3, [fp, #-196]	@ 0xffffff3c
    8d48:	e3a03000 	mov	r3, #0
    8d4c:	e54b3030 	strb	r3, [fp, #-48]	@ 0xffffffd0
    8d50:	e3a03000 	mov	r3, #0
    8d54:	e54b302f 	strb	r3, [fp, #-47]	@ 0xffffffd1
    8d58:	e3a03000 	mov	r3, #0
    8d5c:	e54b302e 	strb	r3, [fp, #-46]	@ 0xffffffd2
    8d60:	e3a03001 	mov	r3, #1
    8d64:	e54b302d 	strb	r3, [fp, #-45]	@ 0xffffffd3
    8d68:	e3a03010 	mov	r3, #16
    8d6c:	e50b3018 	str	r3, [fp, #-24]	@ 0xffffffe8
    8d70:	e24b30b0 	sub	r3, fp, #176	@ 0xb0
    8d74:	e1a00003 	mov	r0, r3
    8d78:	ebfffc6c 	bl	7f30 <ak_rtsp_exit+0x310>
    8d7c:	e59b3008 	ldr	r3, [fp, #8]
    8d80:	e3530002 	cmp	r3, #2
    8d84:	1a00020c 	bne	95bc <send_rtp_udp+0x890>
    8d88:	e24b3030 	sub	r3, fp, #48	@ 0x30
    8d8c:	e3a02000 	mov	r2, #0
    8d90:	e58d2000 	str	r2, [sp]
    8d94:	e51b00c4 	ldr	r0, [fp, #-196]	@ 0xffffff3c
    8d98:	e59b1004 	ldr	r1, [fp, #4]
    8d9c:	e1a02003 	mov	r2, r3
    8da0:	e3a03004 	mov	r3, #4
    8da4:	ebfffbfd 	bl	7da0 <ak_rtsp_exit+0x180>
    8da8:	e50b001c 	str	r0, [fp, #-28]	@ 0xffffffe4
    8dac:	e51b301c 	ldr	r3, [fp, #-28]	@ 0xffffffe4
    8db0:	e2833004 	add	r3, r3, #4
    8db4:	e51b20c4 	ldr	r2, [fp, #-196]	@ 0xffffff3c
    8db8:	e0821003 	add	r1, r2, r3
    8dbc:	e59b2004 	ldr	r2, [fp, #4]
    8dc0:	e51b301c 	ldr	r3, [fp, #-28]	@ 0xffffffe4
    8dc4:	e0633002 	rsb	r3, r3, r2
    8dc8:	e2432004 	sub	r2, r3, #4
    8dcc:	e24b3030 	sub	r3, fp, #48	@ 0x30
    8dd0:	e3a00000 	mov	r0, #0
    8dd4:	e58d0000 	str	r0, [sp]
    8dd8:	e1a00001 	mov	r0, r1
    8ddc:	e1a01002 	mov	r1, r2
    8de0:	e1a02003 	mov	r2, r3
    8de4:	e3a03004 	mov	r3, #4
    8de8:	ebfffbec 	bl	7da0 <ak_rtsp_exit+0x180>
    8dec:	e1a02000 	mov	r2, r0
    8df0:	e51b301c 	ldr	r3, [fp, #-28]	@ 0xffffffe4
    8df4:	e0823003 	add	r3, r2, r3
    8df8:	e2833004 	add	r3, r3, #4
    8dfc:	e50b3020 	str	r3, [fp, #-32]	@ 0xffffffe0
    8e00:	e51b3020 	ldr	r3, [fp, #-32]	@ 0xffffffe0
    8e04:	e2833004 	add	r3, r3, #4
    8e08:	e51b20c4 	ldr	r2, [fp, #-196]	@ 0xffffff3c
    8e0c:	e0821003 	add	r1, r2, r3
    8e10:	e59b2004 	ldr	r2, [fp, #4]
    8e14:	e51b3020 	ldr	r3, [fp, #-32]	@ 0xffffffe0
    8e18:	e0633002 	rsb	r3, r3, r2
    8e1c:	e2432004 	sub	r2, r3, #4
    8e20:	e24b3030 	sub	r3, fp, #48	@ 0x30
    8e24:	e3a00000 	mov	r0, #0
    8e28:	e58d0000 	str	r0, [sp]
    8e2c:	e1a00001 	mov	r0, r1
    8e30:	e1a01002 	mov	r1, r2
    8e34:	e1a02003 	mov	r2, r3
    8e38:	e3a03004 	mov	r3, #4
    8e3c:	ebfffbd7 	bl	7da0 <ak_rtsp_exit+0x180>
    8e40:	e1a02000 	mov	r2, r0
    8e44:	e51b3020 	ldr	r3, [fp, #-32]	@ 0xffffffe0
    8e48:	e0823003 	add	r3, r2, r3
    8e4c:	e2833004 	add	r3, r3, #4
    8e50:	e50b3024 	str	r3, [fp, #-36]	@ 0xffffffdc
    8e54:	e51b30b8 	ldr	r3, [fp, #-184]	@ 0xffffff48
    8e58:	e5933050 	ldr	r3, [r3, #80]	@ 0x50
    8e5c:	e2832001 	add	r2, r3, #1
    8e60:	e51b30b8 	ldr	r3, [fp, #-184]	@ 0xffffff48
    8e64:	e5832050 	str	r2, [r3, #80]	@ 0x50
    8e68:	e51b30b8 	ldr	r3, [fp, #-184]	@ 0xffffff48
    8e6c:	e5933050 	ldr	r3, [r3, #80]	@ 0x50
    8e70:	e3530013 	cmp	r3, #19
    8e74:	da00001c 	ble	8eec <send_rtp_udp+0x1c0>
    8e78:	e51b30b8 	ldr	r3, [fp, #-184]	@ 0xffffff48
    8e7c:	e3a02000 	mov	r2, #0
    8e80:	e5832050 	str	r2, [r3, #80]	@ 0x50
    8e84:	e59b300c 	ldr	r3, [fp, #12]
    8e88:	e24b2080 	sub	r2, fp, #128	@ 0x80
    8e8c:	e51b00b8 	ldr	r0, [fp, #-184]	@ 0xffffff48
    8e90:	e1a01002 	mov	r1, r2
    8e94:	e1a02003 	mov	r2, r3
    8e98:	ebffe6cc 	bl	29d0 <MakeRTCP@plt>
    8e9c:	e51b30b8 	ldr	r3, [fp, #-184]	@ 0xffffff48
    8ea0:	e5932030 	ldr	r2, [r3, #48]	@ 0x30
    8ea4:	e51b1018 	ldr	r1, [fp, #-24]	@ 0xffffffe8
    8ea8:	e24b3080 	sub	r3, fp, #128	@ 0x80
    8eac:	e51b00c0 	ldr	r0, [fp, #-192]	@ 0xffffff40
    8eb0:	e58d0000 	str	r0, [sp]
    8eb4:	e58d1004 	str	r1, [sp, #4]
    8eb8:	e1a00002 	mov	r0, r2
    8ebc:	e1a01003 	mov	r1, r3
    8ec0:	e3a02034 	mov	r2, #52	@ 0x34
    8ec4:	e3a03000 	mov	r3, #0
    8ec8:	ebffe7d1 	bl	2e14 <sendto@plt>
    8ecc:	e50b0028 	str	r0, [fp, #-40]	@ 0xffffffd8
    8ed0:	e51b3028 	ldr	r3, [fp, #-40]	@ 0xffffffd8
    8ed4:	e58d3000 	str	r3, [sp]
    8ed8:	e3a00005 	mov	r0, #5
    8edc:	e59f1b18 	ldr	r1, [pc, #2840]	@ 99fc <send_rtp_udp+0xcd0>
    8ee0:	e59f2b18 	ldr	r2, [pc, #2840]	@ 9a00 <send_rtp_udp+0xcd4>
    8ee4:	e59f3b18 	ldr	r3, [pc, #2840]	@ 9a04 <send_rtp_udp+0xcd8>
    8ee8:	ebffe6cd 	bl	2a24 <ak_print@plt>
    8eec:	e24b30b0 	sub	r3, fp, #176	@ 0xb0
    8ef0:	e1a00003 	mov	r0, r3
    8ef4:	ebfffc0d 	bl	7f30 <ak_rtsp_exit+0x310>
    8ef8:	e3a03001 	mov	r3, #1
    8efc:	e50b30a0 	str	r3, [fp, #-160]	@ 0xffffff60
    8f00:	e51b30b8 	ldr	r3, [fp, #-184]	@ 0xffffff48
    8f04:	e5933040 	ldr	r3, [r3, #64]	@ 0x40
    8f08:	e50b3098 	str	r3, [fp, #-152]	@ 0xffffff68
    8f0c:	e51b30b8 	ldr	r3, [fp, #-184]	@ 0xffffff48
    8f10:	e5933040 	ldr	r3, [r3, #64]	@ 0x40
    8f14:	e2832001 	add	r2, r3, #1
    8f18:	e51b30b8 	ldr	r3, [fp, #-184]	@ 0xffffff48
    8f1c:	e5832040 	str	r2, [r3, #64]	@ 0x40
    8f20:	e59b300c 	ldr	r3, [fp, #12]
    8f24:	e50b3094 	str	r3, [fp, #-148]	@ 0xffffff6c
    8f28:	e24b203c 	sub	r2, fp, #60	@ 0x3c
    8f2c:	e24b30b0 	sub	r3, fp, #176	@ 0xb0
    8f30:	e1a00002 	mov	r0, r2
    8f34:	e1a01003 	mov	r1, r3
    8f38:	ebfffc20 	bl	7fc0 <ak_rtsp_exit+0x3a0>
    8f3c:	e51b30b8 	ldr	r3, [fp, #-184]	@ 0xffffff48
    8f40:	e5933064 	ldr	r3, [r3, #100]	@ 0x64
    8f44:	e1a01003 	mov	r1, r3
    8f48:	e24b203c 	sub	r2, fp, #60	@ 0x3c
    8f4c:	e3a0300c 	mov	r3, #12
    8f50:	e1a00001 	mov	r0, r1
    8f54:	e1a01002 	mov	r1, r2
    8f58:	e1a02003 	mov	r2, r3
    8f5c:	ebffe7dc 	bl	2ed4 <memcpy@plt>
    8f60:	e55b3084 	ldrb	r3, [fp, #-132]	@ 0xffffff7c
    8f64:	e3c33080 	bic	r3, r3, #128	@ 0x80
    8f68:	e54b3084 	strb	r3, [fp, #-132]	@ 0xffffff7c
    8f6c:	e55b3084 	ldrb	r3, [fp, #-132]	@ 0xffffff7c
    8f70:	e3833060 	orr	r3, r3, #96	@ 0x60
    8f74:	e54b3084 	strb	r3, [fp, #-132]	@ 0xffffff7c
    8f78:	e55b3084 	ldrb	r3, [fp, #-132]	@ 0xffffff7c
    8f7c:	e3c33018 	bic	r3, r3, #24
    8f80:	e3833007 	orr	r3, r3, #7
    8f84:	e54b3084 	strb	r3, [fp, #-132]	@ 0xffffff7c
    8f88:	e51b30b8 	ldr	r3, [fp, #-184]	@ 0xffffff48
    8f8c:	e5933064 	ldr	r3, [r3, #100]	@ 0x64
    8f90:	e283300c 	add	r3, r3, #12
    8f94:	e55b2084 	ldrb	r2, [fp, #-132]	@ 0xffffff7c
    8f98:	e5c32000 	strb	r2, [r3]
    8f9c:	e51b30b8 	ldr	r3, [fp, #-184]	@ 0xffffff48
    8fa0:	e5933064 	ldr	r3, [r3, #100]	@ 0x64
    8fa4:	e283100d 	add	r1, r3, #13
    8fa8:	e51b301c 	ldr	r3, [fp, #-28]	@ 0xffffffe4
    8fac:	e2833005 	add	r3, r3, #5
    8fb0:	e51b20c4 	ldr	r2, [fp, #-196]	@ 0xffffff3c
    8fb4:	e0822003 	add	r2, r2, r3
    8fb8:	e51b0020 	ldr	r0, [fp, #-32]	@ 0xffffffe0
    8fbc:	e51b301c 	ldr	r3, [fp, #-28]	@ 0xffffffe4
    8fc0:	e0633000 	rsb	r3, r3, r0
    8fc4:	e2433005 	sub	r3, r3, #5
    8fc8:	e1a00001 	mov	r0, r1
    8fcc:	e1a01002 	mov	r1, r2
    8fd0:	e1a02003 	mov	r2, r3
    8fd4:	ebffe7be 	bl	2ed4 <memcpy@plt>
    8fd8:	e51b2020 	ldr	r2, [fp, #-32]	@ 0xffffffe0
    8fdc:	e51b301c 	ldr	r3, [fp, #-28]	@ 0xffffffe4
    8fe0:	e0633002 	rsb	r3, r3, r2
    8fe4:	e2833008 	add	r3, r3, #8
    8fe8:	e50b3010 	str	r3, [fp, #-16]
    8fec:	e51b30b8 	ldr	r3, [fp, #-184]	@ 0xffffff48
    8ff0:	e593102c 	ldr	r1, [r3, #44]	@ 0x2c
    8ff4:	e51b30b8 	ldr	r3, [fp, #-184]	@ 0xffffff48
    8ff8:	e5932064 	ldr	r2, [r3, #100]	@ 0x64
    8ffc:	e51b3010 	ldr	r3, [fp, #-16]
    9000:	e51b0018 	ldr	r0, [fp, #-24]	@ 0xffffffe8
    9004:	e51bc0bc 	ldr	ip, [fp, #-188]	@ 0xffffff44
    9008:	e58dc000 	str	ip, [sp]
    900c:	e58d0004 	str	r0, [sp, #4]
    9010:	e1a00001 	mov	r0, r1
    9014:	e1a01002 	mov	r1, r2
    9018:	e1a02003 	mov	r2, r3
    901c:	e3a03000 	mov	r3, #0
    9020:	ebffe77b 	bl	2e14 <sendto@plt>
    9024:	e51b30b8 	ldr	r3, [fp, #-184]	@ 0xffffff48
    9028:	e5932044 	ldr	r2, [r3, #68]	@ 0x44
    902c:	e51b3010 	ldr	r3, [fp, #-16]
    9030:	e0823003 	add	r3, r2, r3
    9034:	e243200d 	sub	r2, r3, #13
    9038:	e51b30b8 	ldr	r3, [fp, #-184]	@ 0xffffff48
    903c:	e5832044 	str	r2, [r3, #68]	@ 0x44
    9040:	e51b30b8 	ldr	r3, [fp, #-184]	@ 0xffffff48
    9044:	e5933048 	ldr	r3, [r3, #72]	@ 0x48
    9048:	e2832001 	add	r2, r3, #1
    904c:	e51b30b8 	ldr	r3, [fp, #-184]	@ 0xffffff48
    9050:	e5832048 	str	r2, [r3, #72]	@ 0x48
    9054:	e24b30b0 	sub	r3, fp, #176	@ 0xb0
    9058:	e1a00003 	mov	r0, r3
    905c:	ebfffbb3 	bl	7f30 <ak_rtsp_exit+0x310>
    9060:	e3a03001 	mov	r3, #1
    9064:	e50b30a0 	str	r3, [fp, #-160]	@ 0xffffff60
    9068:	e51b30b8 	ldr	r3, [fp, #-184]	@ 0xffffff48
    906c:	e5933040 	ldr	r3, [r3, #64]	@ 0x40
    9070:	e50b3098 	str	r3, [fp, #-152]	@ 0xffffff68
    9074:	e51b30b8 	ldr	r3, [fp, #-184]	@ 0xffffff48
    9078:	e5933040 	ldr	r3, [r3, #64]	@ 0x40
    907c:	e2832001 	add	r2, r3, #1
    9080:	e51b30b8 	ldr	r3, [fp, #-184]	@ 0xffffff48
    9084:	e5832040 	str	r2, [r3, #64]	@ 0x40
    9088:	e59b300c 	ldr	r3, [fp, #12]
    908c:	e50b3094 	str	r3, [fp, #-148]	@ 0xffffff6c
    9090:	e24b203c 	sub	r2, fp, #60	@ 0x3c
    9094:	e24b30b0 	sub	r3, fp, #176	@ 0xb0
    9098:	e1a00002 	mov	r0, r2
    909c:	e1a01003 	mov	r1, r3
    90a0:	ebfffbc6 	bl	7fc0 <ak_rtsp_exit+0x3a0>
    90a4:	e51b30b8 	ldr	r3, [fp, #-184]	@ 0xffffff48
    90a8:	e5933064 	ldr	r3, [r3, #100]	@ 0x64
    90ac:	e1a01003 	mov	r1, r3
    90b0:	e24b203c 	sub	r2, fp, #60	@ 0x3c
    90b4:	e3a0300c 	mov	r3, #12
    90b8:	e1a00001 	mov	r0, r1
    90bc:	e1a01002 	mov	r1, r2
    90c0:	e1a02003 	mov	r2, r3
    90c4:	ebffe782 	bl	2ed4 <memcpy@plt>
    90c8:	e55b3084 	ldrb	r3, [fp, #-132]	@ 0xffffff7c
    90cc:	e3c33080 	bic	r3, r3, #128	@ 0x80
    90d0:	e54b3084 	strb	r3, [fp, #-132]	@ 0xffffff7c
    90d4:	e55b3084 	ldrb	r3, [fp, #-132]	@ 0xffffff7c
    90d8:	e3833060 	orr	r3, r3, #96	@ 0x60
    90dc:	e54b3084 	strb	r3, [fp, #-132]	@ 0xffffff7c
    90e0:	e55b3084 	ldrb	r3, [fp, #-132]	@ 0xffffff7c
    90e4:	e3c33017 	bic	r3, r3, #23
    90e8:	e3833008 	orr	r3, r3, #8
    90ec:	e54b3084 	strb	r3, [fp, #-132]	@ 0xffffff7c
    90f0:	e51b30b8 	ldr	r3, [fp, #-184]	@ 0xffffff48
    90f4:	e5933064 	ldr	r3, [r3, #100]	@ 0x64
    90f8:	e283300c 	add	r3, r3, #12
    90fc:	e55b2084 	ldrb	r2, [fp, #-132]	@ 0xffffff7c
    9100:	e5c32000 	strb	r2, [r3]
    9104:	e51b30b8 	ldr	r3, [fp, #-184]	@ 0xffffff48
    9108:	e5933064 	ldr	r3, [r3, #100]	@ 0x64
    910c:	e283100d 	add	r1, r3, #13
    9110:	e51b3020 	ldr	r3, [fp, #-32]	@ 0xffffffe0
    9114:	e2833005 	add	r3, r3, #5
    9118:	e51b20c4 	ldr	r2, [fp, #-196]	@ 0xffffff3c
    911c:	e0822003 	add	r2, r2, r3
    9120:	e51b0024 	ldr	r0, [fp, #-36]	@ 0xffffffdc
    9124:	e51b3020 	ldr	r3, [fp, #-32]	@ 0xffffffe0
    9128:	e0633000 	rsb	r3, r3, r0
    912c:	e2433005 	sub	r3, r3, #5
    9130:	e1a00001 	mov	r0, r1
    9134:	e1a01002 	mov	r1, r2
    9138:	e1a02003 	mov	r2, r3
    913c:	ebffe764 	bl	2ed4 <memcpy@plt>
    9140:	e51b2024 	ldr	r2, [fp, #-36]	@ 0xffffffdc
    9144:	e51b3020 	ldr	r3, [fp, #-32]	@ 0xffffffe0
    9148:	e0633002 	rsb	r3, r3, r2
    914c:	e2833008 	add	r3, r3, #8
    9150:	e50b3010 	str	r3, [fp, #-16]
    9154:	e51b30b8 	ldr	r3, [fp, #-184]	@ 0xffffff48
    9158:	e593102c 	ldr	r1, [r3, #44]	@ 0x2c
    915c:	e51b30b8 	ldr	r3, [fp, #-184]	@ 0xffffff48
    9160:	e5932064 	ldr	r2, [r3, #100]	@ 0x64
    9164:	e51b3010 	ldr	r3, [fp, #-16]
    9168:	e51b0018 	ldr	r0, [fp, #-24]	@ 0xffffffe8
    916c:	e51bc0bc 	ldr	ip, [fp, #-188]	@ 0xffffff44
    9170:	e58dc000 	str	ip, [sp]
    9174:	e58d0004 	str	r0, [sp, #4]
    9178:	e1a00001 	mov	r0, r1
    917c:	e1a01002 	mov	r1, r2
    9180:	e1a02003 	mov	r2, r3
    9184:	e3a03000 	mov	r3, #0
    9188:	ebffe721 	bl	2e14 <sendto@plt>
    918c:	e51b30b8 	ldr	r3, [fp, #-184]	@ 0xffffff48
    9190:	e5932044 	ldr	r2, [r3, #68]	@ 0x44
    9194:	e51b3010 	ldr	r3, [fp, #-16]
    9198:	e0823003 	add	r3, r2, r3
    919c:	e243200d 	sub	r2, r3, #13
    91a0:	e51b30b8 	ldr	r3, [fp, #-184]	@ 0xffffff48
    91a4:	e5832044 	str	r2, [r3, #68]	@ 0x44
    91a8:	e51b30b8 	ldr	r3, [fp, #-184]	@ 0xffffff48
    91ac:	e5933048 	ldr	r3, [r3, #72]	@ 0x48
    91b0:	e2832001 	add	r2, r3, #1
    91b4:	e51b30b8 	ldr	r3, [fp, #-184]	@ 0xffffff48
    91b8:	e5832048 	str	r2, [r3, #72]	@ 0x48
    91bc:	e59b2004 	ldr	r2, [fp, #4]
    91c0:	e51b3024 	ldr	r3, [fp, #-36]	@ 0xffffffdc
    91c4:	e0633002 	rsb	r3, r3, r2
    91c8:	e2433005 	sub	r3, r3, #5
    91cc:	e50b3008 	str	r3, [fp, #-8]
    91d0:	e51b3008 	ldr	r3, [fp, #-8]
    91d4:	e3530e5a 	cmp	r3, #1440	@ 0x5a0
    91d8:	da00009c 	ble	9450 <send_rtp_udp+0x724>
    91dc:	e3a03001 	mov	r3, #1
    91e0:	e50b300c 	str	r3, [fp, #-12]
    91e4:	e51b3008 	ldr	r3, [fp, #-8]
    91e8:	e59f2818 	ldr	r2, [pc, #2072]	@ 9a08 <send_rtp_udp+0xcdc>
    91ec:	e0c21293 	smull	r1, r2, r3, r2
    91f0:	e0822003 	add	r2, r2, r3
    91f4:	e1a02542 	asr	r2, r2, #10
    91f8:	e1a03fc3 	asr	r3, r3, #31
    91fc:	e0633002 	rsb	r3, r3, r2
    9200:	e50b302c 	str	r3, [fp, #-44]	@ 0xffffffd4
    9204:	e51b302c 	ldr	r3, [fp, #-44]	@ 0xffffffd4
    9208:	e58d3000 	str	r3, [sp]
    920c:	e3a00005 	mov	r0, #5
    9210:	e59f17f4 	ldr	r1, [pc, #2036]	@ 9a0c <send_rtp_udp+0xce0>
    9214:	e59f27e4 	ldr	r2, [pc, #2020]	@ 9a00 <send_rtp_udp+0xcd4>
    9218:	e3a03f66 	mov	r3, #408	@ 0x198
    921c:	ebffe600 	bl	2a24 <ak_print@plt>
    9220:	e51b3024 	ldr	r3, [fp, #-36]	@ 0xffffffdc
    9224:	e2833005 	add	r3, r3, #5
    9228:	e51b20c4 	ldr	r2, [fp, #-196]	@ 0xffffff3c
    922c:	e0823003 	add	r3, r2, r3
    9230:	e50b3014 	str	r3, [fp, #-20]	@ 0xffffffec
    9234:	ea000081 	b	9440 <send_rtp_udp+0x714>
    9238:	e24b30b0 	sub	r3, fp, #176	@ 0xb0
    923c:	e1a00003 	mov	r0, r3
    9240:	ebfffb3a 	bl	7f30 <ak_rtsp_exit+0x310>
    9244:	e51b3008 	ldr	r3, [fp, #-8]
    9248:	e3530e5a 	cmp	r3, #1440	@ 0x5a0
    924c:	da000002 	ble	925c <send_rtp_udp+0x530>
    9250:	e3a03000 	mov	r3, #0
    9254:	e50b30a0 	str	r3, [fp, #-160]	@ 0xffffff60
    9258:	ea000001 	b	9264 <send_rtp_udp+0x538>
    925c:	e3a03001 	mov	r3, #1
    9260:	e50b30a0 	str	r3, [fp, #-160]	@ 0xffffff60
    9264:	e51b30b8 	ldr	r3, [fp, #-184]	@ 0xffffff48
    9268:	e5933040 	ldr	r3, [r3, #64]	@ 0x40
    926c:	e50b3098 	str	r3, [fp, #-152]	@ 0xffffff68
    9270:	e51b30b8 	ldr	r3, [fp, #-184]	@ 0xffffff48
    9274:	e5933040 	ldr	r3, [r3, #64]	@ 0x40
    9278:	e2832001 	add	r2, r3, #1
    927c:	e51b30b8 	ldr	r3, [fp, #-184]	@ 0xffffff48
    9280:	e5832040 	str	r2, [r3, #64]	@ 0x40
    9284:	e59b300c 	ldr	r3, [fp, #12]
    9288:	e50b3094 	str	r3, [fp, #-148]	@ 0xffffff6c
    928c:	e24b203c 	sub	r2, fp, #60	@ 0x3c
    9290:	e24b30b0 	sub	r3, fp, #176	@ 0xb0
    9294:	e1a00002 	mov	r0, r2
    9298:	e1a01003 	mov	r1, r3
    929c:	ebfffb47 	bl	7fc0 <ak_rtsp_exit+0x3a0>
    92a0:	e51b30b8 	ldr	r3, [fp, #-184]	@ 0xffffff48
    92a4:	e5933064 	ldr	r3, [r3, #100]	@ 0x64
    92a8:	e1a01003 	mov	r1, r3
    92ac:	e24b203c 	sub	r2, fp, #60	@ 0x3c
    92b0:	e3a0300c 	mov	r3, #12
    92b4:	e1a00001 	mov	r0, r1
    92b8:	e1a01002 	mov	r1, r2
    92bc:	e1a02003 	mov	r2, r3
    92c0:	ebffe703 	bl	2ed4 <memcpy@plt>
    92c4:	e55b3088 	ldrb	r3, [fp, #-136]	@ 0xffffff78
    92c8:	e3c33080 	bic	r3, r3, #128	@ 0x80
    92cc:	e54b3088 	strb	r3, [fp, #-136]	@ 0xffffff78
    92d0:	e55b3088 	ldrb	r3, [fp, #-136]	@ 0xffffff78
    92d4:	e3833060 	orr	r3, r3, #96	@ 0x60
    92d8:	e54b3088 	strb	r3, [fp, #-136]	@ 0xffffff78
    92dc:	e55b3088 	ldrb	r3, [fp, #-136]	@ 0xffffff78
    92e0:	e3c33003 	bic	r3, r3, #3
    92e4:	e383301c 	orr	r3, r3, #28
    92e8:	e54b3088 	strb	r3, [fp, #-136]	@ 0xffffff78
    92ec:	e51b30b8 	ldr	r3, [fp, #-184]	@ 0xffffff48
    92f0:	e5933064 	ldr	r3, [r3, #100]	@ 0x64
    92f4:	e283300c 	add	r3, r3, #12
    92f8:	e55b2088 	ldrb	r2, [fp, #-136]	@ 0xffffff78
    92fc:	e5c32000 	strb	r2, [r3]
    9300:	e55b308c 	ldrb	r3, [fp, #-140]	@ 0xffffff74
    9304:	e3c3301a 	bic	r3, r3, #26
    9308:	e3833005 	orr	r3, r3, #5
    930c:	e54b308c 	strb	r3, [fp, #-140]	@ 0xffffff74
    9310:	e55b308c 	ldrb	r3, [fp, #-140]	@ 0xffffff74
    9314:	e3c33080 	bic	r3, r3, #128	@ 0x80
    9318:	e54b308c 	strb	r3, [fp, #-140]	@ 0xffffff74
    931c:	e55b308c 	ldrb	r3, [fp, #-140]	@ 0xffffff74
    9320:	e3c33040 	bic	r3, r3, #64	@ 0x40
    9324:	e54b308c 	strb	r3, [fp, #-140]	@ 0xffffff74
    9328:	e55b308c 	ldrb	r3, [fp, #-140]	@ 0xffffff74
    932c:	e3c33020 	bic	r3, r3, #32
    9330:	e54b308c 	strb	r3, [fp, #-140]	@ 0xffffff74
    9334:	e51b300c 	ldr	r3, [fp, #-12]
    9338:	e3530001 	cmp	r3, #1
    933c:	1a000004 	bne	9354 <send_rtp_udp+0x628>
    9340:	e55b308c 	ldrb	r3, [fp, #-140]	@ 0xffffff74
    9344:	e3833080 	orr	r3, r3, #128	@ 0x80
    9348:	e54b308c 	strb	r3, [fp, #-140]	@ 0xffffff74
    934c:	e3a03000 	mov	r3, #0
    9350:	e50b300c 	str	r3, [fp, #-12]
    9354:	e51b3008 	ldr	r3, [fp, #-8]
    9358:	e3530e5a 	cmp	r3, #1440	@ 0x5a0
    935c:	ca000002 	bgt	936c <send_rtp_udp+0x640>
    9360:	e55b308c 	ldrb	r3, [fp, #-140]	@ 0xffffff74
    9364:	e3833040 	orr	r3, r3, #64	@ 0x40
    9368:	e54b308c 	strb	r3, [fp, #-140]	@ 0xffffff74
    936c:	e51b30b8 	ldr	r3, [fp, #-184]	@ 0xffffff48
    9370:	e5933064 	ldr	r3, [r3, #100]	@ 0x64
    9374:	e283300d 	add	r3, r3, #13
    9378:	e55b208c 	ldrb	r2, [fp, #-140]	@ 0xffffff74
    937c:	e5c32000 	strb	r2, [r3]
    9380:	e51b30b8 	ldr	r3, [fp, #-184]	@ 0xffffff48
    9384:	e5933064 	ldr	r3, [r3, #100]	@ 0x64
    9388:	e283300e 	add	r3, r3, #14
    938c:	e1a00003 	mov	r0, r3
    9390:	e51b1014 	ldr	r1, [fp, #-20]	@ 0xffffffec
    9394:	e3a02e5a 	mov	r2, #1440	@ 0x5a0
    9398:	ebffe6cd 	bl	2ed4 <memcpy@plt>
    939c:	e51b3008 	ldr	r3, [fp, #-8]
    93a0:	e3530e5a 	cmp	r3, #1440	@ 0x5a0
    93a4:	da000002 	ble	93b4 <send_rtp_udp+0x688>
    93a8:	e59f3660 	ldr	r3, [pc, #1632]	@ 9a10 <send_rtp_udp+0xce4>
    93ac:	e50b3010 	str	r3, [fp, #-16]
    93b0:	ea000002 	b	93c0 <send_rtp_udp+0x694>
    93b4:	e51b3008 	ldr	r3, [fp, #-8]
    93b8:	e283300e 	add	r3, r3, #14
    93bc:	e50b3010 	str	r3, [fp, #-16]
    93c0:	e51b30b8 	ldr	r3, [fp, #-184]	@ 0xffffff48
    93c4:	e593102c 	ldr	r1, [r3, #44]	@ 0x2c
    93c8:	e51b30b8 	ldr	r3, [fp, #-184]	@ 0xffffff48
    93cc:	e5932064 	ldr	r2, [r3, #100]	@ 0x64
    93d0:	e51b3010 	ldr	r3, [fp, #-16]
    93d4:	e51b0018 	ldr	r0, [fp, #-24]	@ 0xffffffe8
    93d8:	e51bc0bc 	ldr	ip, [fp, #-188]	@ 0xffffff44
    93dc:	e58dc000 	str	ip, [sp]
    93e0:	e58d0004 	str	r0, [sp, #4]
    93e4:	e1a00001 	mov	r0, r1
    93e8:	e1a01002 	mov	r1, r2
    93ec:	e1a02003 	mov	r2, r3
    93f0:	e3a03000 	mov	r3, #0
    93f4:	ebffe686 	bl	2e14 <sendto@plt>
    93f8:	e51b30b8 	ldr	r3, [fp, #-184]	@ 0xffffff48
    93fc:	e5932044 	ldr	r2, [r3, #68]	@ 0x44
    9400:	e51b3010 	ldr	r3, [fp, #-16]
    9404:	e0823003 	add	r3, r2, r3
    9408:	e243200e 	sub	r2, r3, #14
    940c:	e51b30b8 	ldr	r3, [fp, #-184]	@ 0xffffff48
    9410:	e5832044 	str	r2, [r3, #68]	@ 0x44
    9414:	e51b30b8 	ldr	r3, [fp, #-184]	@ 0xffffff48
    9418:	e5933048 	ldr	r3, [r3, #72]	@ 0x48
    941c:	e2832001 	add	r2, r3, #1
    9420:	e51b30b8 	ldr	r3, [fp, #-184]	@ 0xffffff48
    9424:	e5832048 	str	r2, [r3, #72]	@ 0x48
    9428:	e51b3014 	ldr	r3, [fp, #-20]	@ 0xffffffec
    942c:	e2833e5a 	add	r3, r3, #1440	@ 0x5a0
    9430:	e50b3014 	str	r3, [fp, #-20]	@ 0xffffffec
    9434:	e51b3008 	ldr	r3, [fp, #-8]
    9438:	e2433e5a 	sub	r3, r3, #1440	@ 0x5a0
    943c:	e50b3008 	str	r3, [fp, #-8]
    9440:	e51b3008 	ldr	r3, [fp, #-8]
    9444:	e3530000 	cmp	r3, #0
    9448:	caffff7a 	bgt	9238 <send_rtp_udp+0x50c>
    944c:	ea000166 	b	99ec <send_rtp_udp+0xcc0>
    9450:	e24b30b0 	sub	r3, fp, #176	@ 0xb0
    9454:	e1a00003 	mov	r0, r3
    9458:	ebfffab4 	bl	7f30 <ak_rtsp_exit+0x310>
    945c:	e3a03001 	mov	r3, #1
    9460:	e50b30a0 	str	r3, [fp, #-160]	@ 0xffffff60
    9464:	e51b30b8 	ldr	r3, [fp, #-184]	@ 0xffffff48
    9468:	e5933040 	ldr	r3, [r3, #64]	@ 0x40
    946c:	e50b3098 	str	r3, [fp, #-152]	@ 0xffffff68
    9470:	e51b30b8 	ldr	r3, [fp, #-184]	@ 0xffffff48
    9474:	e5933040 	ldr	r3, [r3, #64]	@ 0x40
    9478:	e2832001 	add	r2, r3, #1
    947c:	e51b30b8 	ldr	r3, [fp, #-184]	@ 0xffffff48
    9480:	e5832040 	str	r2, [r3, #64]	@ 0x40
    9484:	e59b300c 	ldr	r3, [fp, #12]
    9488:	e50b3094 	str	r3, [fp, #-148]	@ 0xffffff6c
    948c:	e24b203c 	sub	r2, fp, #60	@ 0x3c
    9490:	e24b30b0 	sub	r3, fp, #176	@ 0xb0
    9494:	e1a00002 	mov	r0, r2
    9498:	e1a01003 	mov	r1, r3
    949c:	ebfffac7 	bl	7fc0 <ak_rtsp_exit+0x3a0>
    94a0:	e51b30b8 	ldr	r3, [fp, #-184]	@ 0xffffff48
    94a4:	e5933064 	ldr	r3, [r3, #100]	@ 0x64
    94a8:	e1a01003 	mov	r1, r3
    94ac:	e24b203c 	sub	r2, fp, #60	@ 0x3c
    94b0:	e3a0300c 	mov	r3, #12
    94b4:	e1a00001 	mov	r0, r1
    94b8:	e1a01002 	mov	r1, r2
    94bc:	e1a02003 	mov	r2, r3
    94c0:	ebffe683 	bl	2ed4 <memcpy@plt>
    94c4:	e55b3084 	ldrb	r3, [fp, #-132]	@ 0xffffff7c
    94c8:	e3c33080 	bic	r3, r3, #128	@ 0x80
    94cc:	e54b3084 	strb	r3, [fp, #-132]	@ 0xffffff7c
    94d0:	e55b3084 	ldrb	r3, [fp, #-132]	@ 0xffffff7c
    94d4:	e3833060 	orr	r3, r3, #96	@ 0x60
    94d8:	e54b3084 	strb	r3, [fp, #-132]	@ 0xffffff7c
    94dc:	e55b3084 	ldrb	r3, [fp, #-132]	@ 0xffffff7c
    94e0:	e3c3301a 	bic	r3, r3, #26
    94e4:	e3833005 	orr	r3, r3, #5
    94e8:	e54b3084 	strb	r3, [fp, #-132]	@ 0xffffff7c
    94ec:	e51b30b8 	ldr	r3, [fp, #-184]	@ 0xffffff48
    94f0:	e5933064 	ldr	r3, [r3, #100]	@ 0x64
    94f4:	e283300c 	add	r3, r3, #12
    94f8:	e55b2084 	ldrb	r2, [fp, #-132]	@ 0xffffff7c
    94fc:	e5c32000 	strb	r2, [r3]
    9500:	e51b30b8 	ldr	r3, [fp, #-184]	@ 0xffffff48
    9504:	e5933064 	ldr	r3, [r3, #100]	@ 0x64
    9508:	e283100d 	add	r1, r3, #13
    950c:	e51b3024 	ldr	r3, [fp, #-36]	@ 0xffffffdc
    9510:	e2833005 	add	r3, r3, #5
    9514:	e51b20c4 	ldr	r2, [fp, #-196]	@ 0xffffff3c
    9518:	e0822003 	add	r2, r2, r3
    951c:	e59b0004 	ldr	r0, [fp, #4]
    9520:	e51b3024 	ldr	r3, [fp, #-36]	@ 0xffffffdc
    9524:	e0633000 	rsb	r3, r3, r0
    9528:	e2433005 	sub	r3, r3, #5
    952c:	e1a00001 	mov	r0, r1
    9530:	e1a01002 	mov	r1, r2
    9534:	e1a02003 	mov	r2, r3
    9538:	ebffe665 	bl	2ed4 <memcpy@plt>
    953c:	e59b2004 	ldr	r2, [fp, #4]
    9540:	e51b3024 	ldr	r3, [fp, #-36]	@ 0xffffffdc
    9544:	e0633002 	rsb	r3, r3, r2
    9548:	e2833008 	add	r3, r3, #8
    954c:	e50b3010 	str	r3, [fp, #-16]
    9550:	e51b30b8 	ldr	r3, [fp, #-184]	@ 0xffffff48
    9554:	e593102c 	ldr	r1, [r3, #44]	@ 0x2c
    9558:	e51b30b8 	ldr	r3, [fp, #-184]	@ 0xffffff48
    955c:	e5932064 	ldr	r2, [r3, #100]	@ 0x64
    9560:	e51b3010 	ldr	r3, [fp, #-16]
    9564:	e51b0018 	ldr	r0, [fp, #-24]	@ 0xffffffe8
    9568:	e51bc0bc 	ldr	ip, [fp, #-188]	@ 0xffffff44
    956c:	e58dc000 	str	ip, [sp]
    9570:	e58d0004 	str	r0, [sp, #4]
    9574:	e1a00001 	mov	r0, r1
    9578:	e1a01002 	mov	r1, r2
    957c:	e1a02003 	mov	r2, r3
    9580:	e3a03000 	mov	r3, #0
    9584:	ebffe622 	bl	2e14 <sendto@plt>
    9588:	e51b30b8 	ldr	r3, [fp, #-184]	@ 0xffffff48
    958c:	e5932044 	ldr	r2, [r3, #68]	@ 0x44
    9590:	e51b3010 	ldr	r3, [fp, #-16]
    9594:	e0823003 	add	r3, r2, r3
    9598:	e243200d 	sub	r2, r3, #13
    959c:	e51b30b8 	ldr	r3, [fp, #-184]	@ 0xffffff48
    95a0:	e5832044 	str	r2, [r3, #68]	@ 0x44
    95a4:	e51b30b8 	ldr	r3, [fp, #-184]	@ 0xffffff48
    95a8:	e5933048 	ldr	r3, [r3, #72]	@ 0x48
    95ac:	e2832001 	add	r2, r3, #1
    95b0:	e51b30b8 	ldr	r3, [fp, #-184]	@ 0xffffff48
    95b4:	e5832048 	str	r2, [r3, #72]	@ 0x48
    95b8:	ea00010b 	b	99ec <send_rtp_udp+0xcc0>
    95bc:	e24b3030 	sub	r3, fp, #48	@ 0x30
    95c0:	e3a02000 	mov	r2, #0
    95c4:	e58d2000 	str	r2, [sp]
    95c8:	e51b00c4 	ldr	r0, [fp, #-196]	@ 0xffffff3c
    95cc:	e59b1004 	ldr	r1, [fp, #4]
    95d0:	e1a02003 	mov	r2, r3
    95d4:	e3a03004 	mov	r3, #4
    95d8:	ebfff9f0 	bl	7da0 <ak_rtsp_exit+0x180>
    95dc:	e50b001c 	str	r0, [fp, #-28]	@ 0xffffffe4
    95e0:	e59b2004 	ldr	r2, [fp, #4]
    95e4:	e51b301c 	ldr	r3, [fp, #-28]	@ 0xffffffe4
    95e8:	e0633002 	rsb	r3, r3, r2
    95ec:	e2433005 	sub	r3, r3, #5
    95f0:	e50b3008 	str	r3, [fp, #-8]
    95f4:	e51b3008 	ldr	r3, [fp, #-8]
    95f8:	e59f2408 	ldr	r2, [pc, #1032]	@ 9a08 <send_rtp_udp+0xcdc>
    95fc:	e0c21293 	smull	r1, r2, r3, r2
    9600:	e0822003 	add	r2, r2, r3
    9604:	e1a02542 	asr	r2, r2, #10
    9608:	e1a03fc3 	asr	r3, r3, #31
    960c:	e0633002 	rsb	r3, r3, r2
    9610:	e50b302c 	str	r3, [fp, #-44]	@ 0xffffffd4
    9614:	e51b3008 	ldr	r3, [fp, #-8]
    9618:	e58d3000 	str	r3, [sp]
    961c:	e51b302c 	ldr	r3, [fp, #-44]	@ 0xffffffd4
    9620:	e58d3004 	str	r3, [sp, #4]
    9624:	e3a00005 	mov	r0, #5
    9628:	e59f13e4 	ldr	r1, [pc, #996]	@ 9a14 <send_rtp_udp+0xce8>
    962c:	e59f23cc 	ldr	r2, [pc, #972]	@ 9a00 <send_rtp_udp+0xcd4>
    9630:	e59f33e0 	ldr	r3, [pc, #992]	@ 9a18 <send_rtp_udp+0xcec>
    9634:	ebffe4fa 	bl	2a24 <ak_print@plt>
    9638:	e51b3008 	ldr	r3, [fp, #-8]
    963c:	e3530e5a 	cmp	r3, #1440	@ 0x5a0
    9640:	da00008e 	ble	9880 <send_rtp_udp+0xb54>
    9644:	e3a03001 	mov	r3, #1
    9648:	e50b300c 	str	r3, [fp, #-12]
    964c:	e51b301c 	ldr	r3, [fp, #-28]	@ 0xffffffe4
    9650:	e2833005 	add	r3, r3, #5
    9654:	e51b20c4 	ldr	r2, [fp, #-196]	@ 0xffffff3c
    9658:	e0823003 	add	r3, r2, r3
    965c:	e50b3014 	str	r3, [fp, #-20]	@ 0xffffffec
    9660:	ea000082 	b	9870 <send_rtp_udp+0xb44>
    9664:	e24b30b0 	sub	r3, fp, #176	@ 0xb0
    9668:	e1a00003 	mov	r0, r3
    966c:	ebfffa2f 	bl	7f30 <ak_rtsp_exit+0x310>
    9670:	e51b3008 	ldr	r3, [fp, #-8]
    9674:	e3530e5a 	cmp	r3, #1440	@ 0x5a0
    9678:	da000002 	ble	9688 <send_rtp_udp+0x95c>
    967c:	e3a03000 	mov	r3, #0
    9680:	e50b30a0 	str	r3, [fp, #-160]	@ 0xffffff60
    9684:	ea000001 	b	9690 <send_rtp_udp+0x964>
    9688:	e3a03001 	mov	r3, #1
    968c:	e50b30a0 	str	r3, [fp, #-160]	@ 0xffffff60
    9690:	e51b30b8 	ldr	r3, [fp, #-184]	@ 0xffffff48
    9694:	e5933040 	ldr	r3, [r3, #64]	@ 0x40
    9698:	e50b3098 	str	r3, [fp, #-152]	@ 0xffffff68
    969c:	e51b30b8 	ldr	r3, [fp, #-184]	@ 0xffffff48
    96a0:	e5933040 	ldr	r3, [r3, #64]	@ 0x40
    96a4:	e2832001 	add	r2, r3, #1
    96a8:	e51b30b8 	ldr	r3, [fp, #-184]	@ 0xffffff48
    96ac:	e5832040 	str	r2, [r3, #64]	@ 0x40
    96b0:	e59b300c 	ldr	r3, [fp, #12]
    96b4:	e50b3094 	str	r3, [fp, #-148]	@ 0xffffff6c
    96b8:	e24b203c 	sub	r2, fp, #60	@ 0x3c
    96bc:	e24b30b0 	sub	r3, fp, #176	@ 0xb0
    96c0:	e1a00002 	mov	r0, r2
    96c4:	e1a01003 	mov	r1, r3
    96c8:	ebfffa3c 	bl	7fc0 <ak_rtsp_exit+0x3a0>
    96cc:	e51b30b8 	ldr	r3, [fp, #-184]	@ 0xffffff48
    96d0:	e5933064 	ldr	r3, [r3, #100]	@ 0x64
    96d4:	e1a01003 	mov	r1, r3
    96d8:	e24b203c 	sub	r2, fp, #60	@ 0x3c
    96dc:	e3a0300c 	mov	r3, #12
    96e0:	e1a00001 	mov	r0, r1
    96e4:	e1a01002 	mov	r1, r2
    96e8:	e1a02003 	mov	r2, r3
    96ec:	ebffe5f8 	bl	2ed4 <memcpy@plt>
    96f0:	e55b3088 	ldrb	r3, [fp, #-136]	@ 0xffffff78
    96f4:	e3c33080 	bic	r3, r3, #128	@ 0x80
    96f8:	e54b3088 	strb	r3, [fp, #-136]	@ 0xffffff78
    96fc:	e55b3088 	ldrb	r3, [fp, #-136]	@ 0xffffff78
    9700:	e3c33020 	bic	r3, r3, #32
    9704:	e3833040 	orr	r3, r3, #64	@ 0x40
    9708:	e54b3088 	strb	r3, [fp, #-136]	@ 0xffffff78
    970c:	e55b3088 	ldrb	r3, [fp, #-136]	@ 0xffffff78
    9710:	e3c33003 	bic	r3, r3, #3
    9714:	e383301c 	orr	r3, r3, #28
    9718:	e54b3088 	strb	r3, [fp, #-136]	@ 0xffffff78
    971c:	e51b30b8 	ldr	r3, [fp, #-184]	@ 0xffffff48
    9720:	e5933064 	ldr	r3, [r3, #100]	@ 0x64
    9724:	e283300c 	add	r3, r3, #12
    9728:	e55b2088 	ldrb	r2, [fp, #-136]	@ 0xffffff78
    972c:	e5c32000 	strb	r2, [r3]
    9730:	e55b308c 	ldrb	r3, [fp, #-140]	@ 0xffffff74
    9734:	e3c3301e 	bic	r3, r3, #30
    9738:	e3833001 	orr	r3, r3, #1
    973c:	e54b308c 	strb	r3, [fp, #-140]	@ 0xffffff74
    9740:	e55b308c 	ldrb	r3, [fp, #-140]	@ 0xffffff74
    9744:	e3c33080 	bic	r3, r3, #128	@ 0x80
    9748:	e54b308c 	strb	r3, [fp, #-140]	@ 0xffffff74
    974c:	e55b308c 	ldrb	r3, [fp, #-140]	@ 0xffffff74
    9750:	e3c33040 	bic	r3, r3, #64	@ 0x40
    9754:	e54b308c 	strb	r3, [fp, #-140]	@ 0xffffff74
    9758:	e55b308c 	ldrb	r3, [fp, #-140]	@ 0xffffff74
    975c:	e3c33020 	bic	r3, r3, #32
    9760:	e54b308c 	strb	r3, [fp, #-140]	@ 0xffffff74
    9764:	e51b300c 	ldr	r3, [fp, #-12]
    9768:	e3530001 	cmp	r3, #1
    976c:	1a000004 	bne	9784 <send_rtp_udp+0xa58>
    9770:	e55b308c 	ldrb	r3, [fp, #-140]	@ 0xffffff74
    9774:	e3833080 	orr	r3, r3, #128	@ 0x80
    9778:	e54b308c 	strb	r3, [fp, #-140]	@ 0xffffff74
    977c:	e3a03000 	mov	r3, #0
    9780:	e50b300c 	str	r3, [fp, #-12]
    9784:	e51b3008 	ldr	r3, [fp, #-8]
    9788:	e3530e5a 	cmp	r3, #1440	@ 0x5a0
    978c:	ca000002 	bgt	979c <send_rtp_udp+0xa70>
    9790:	e55b308c 	ldrb	r3, [fp, #-140]	@ 0xffffff74
    9794:	e3833040 	orr	r3, r3, #64	@ 0x40
    9798:	e54b308c 	strb	r3, [fp, #-140]	@ 0xffffff74
    979c:	e51b30b8 	ldr	r3, [fp, #-184]	@ 0xffffff48
    97a0:	e5933064 	ldr	r3, [r3, #100]	@ 0x64
    97a4:	e283300d 	add	r3, r3, #13
    97a8:	e55b208c 	ldrb	r2, [fp, #-140]	@ 0xffffff74
    97ac:	e5c32000 	strb	r2, [r3]
    97b0:	e51b30b8 	ldr	r3, [fp, #-184]	@ 0xffffff48
    97b4:	e5933064 	ldr	r3, [r3, #100]	@ 0x64
    97b8:	e283300e 	add	r3, r3, #14
    97bc:	e1a00003 	mov	r0, r3
    97c0:	e51b1014 	ldr	r1, [fp, #-20]	@ 0xffffffec
    97c4:	e3a02e5a 	mov	r2, #1440	@ 0x5a0
    97c8:	ebffe5c1 	bl	2ed4 <memcpy@plt>
    97cc:	e51b3008 	ldr	r3, [fp, #-8]
    97d0:	e3530e5a 	cmp	r3, #1440	@ 0x5a0
    97d4:	da000002 	ble	97e4 <send_rtp_udp+0xab8>
    97d8:	e59f3230 	ldr	r3, [pc, #560]	@ 9a10 <send_rtp_udp+0xce4>
    97dc:	e50b3010 	str	r3, [fp, #-16]
    97e0:	ea000002 	b	97f0 <send_rtp_udp+0xac4>
    97e4:	e51b3008 	ldr	r3, [fp, #-8]
    97e8:	e283300e 	add	r3, r3, #14
    97ec:	e50b3010 	str	r3, [fp, #-16]
    97f0:	e51b30b8 	ldr	r3, [fp, #-184]	@ 0xffffff48
    97f4:	e593102c 	ldr	r1, [r3, #44]	@ 0x2c
    97f8:	e51b30b8 	ldr	r3, [fp, #-184]	@ 0xffffff48
    97fc:	e5932064 	ldr	r2, [r3, #100]	@ 0x64
    9800:	e51b3010 	ldr	r3, [fp, #-16]
    9804:	e51b0018 	ldr	r0, [fp, #-24]	@ 0xffffffe8
    9808:	e51bc0bc 	ldr	ip, [fp, #-188]	@ 0xffffff44
    980c:	e58dc000 	str	ip, [sp]
    9810:	e58d0004 	str	r0, [sp, #4]
    9814:	e1a00001 	mov	r0, r1
    9818:	e1a01002 	mov	r1, r2
    981c:	e1a02003 	mov	r2, r3
    9820:	e3a03000 	mov	r3, #0
    9824:	ebffe57a 	bl	2e14 <sendto@plt>
    9828:	e51b30b8 	ldr	r3, [fp, #-184]	@ 0xffffff48
    982c:	e5932044 	ldr	r2, [r3, #68]	@ 0x44
    9830:	e51b3010 	ldr	r3, [fp, #-16]
    9834:	e0823003 	add	r3, r2, r3
    9838:	e243200e 	sub	r2, r3, #14
    983c:	e51b30b8 	ldr	r3, [fp, #-184]	@ 0xffffff48
    9840:	e5832044 	str	r2, [r3, #68]	@ 0x44
    9844:	e51b30b8 	ldr	r3, [fp, #-184]	@ 0xffffff48
    9848:	e5933048 	ldr	r3, [r3, #72]	@ 0x48
    984c:	e2832001 	add	r2, r3, #1
    9850:	e51b30b8 	ldr	r3, [fp, #-184]	@ 0xffffff48
    9854:	e5832048 	str	r2, [r3, #72]	@ 0x48
    9858:	e51b3014 	ldr	r3, [fp, #-20]	@ 0xffffffec
    985c:	e2833e5a 	add	r3, r3, #1440	@ 0x5a0
    9860:	e50b3014 	str	r3, [fp, #-20]	@ 0xffffffec
    9864:	e51b3008 	ldr	r3, [fp, #-8]
    9868:	e2433e5a 	sub	r3, r3, #1440	@ 0x5a0
    986c:	e50b3008 	str	r3, [fp, #-8]
    9870:	e51b3008 	ldr	r3, [fp, #-8]
    9874:	e3530000 	cmp	r3, #0
    9878:	caffff79 	bgt	9664 <send_rtp_udp+0x938>
    987c:	ea00005a 	b	99ec <send_rtp_udp+0xcc0>
    9880:	e24b30b0 	sub	r3, fp, #176	@ 0xb0
    9884:	e1a00003 	mov	r0, r3
    9888:	ebfff9a8 	bl	7f30 <ak_rtsp_exit+0x310>
    988c:	e3a03001 	mov	r3, #1
    9890:	e50b30a0 	str	r3, [fp, #-160]	@ 0xffffff60
    9894:	e51b30b8 	ldr	r3, [fp, #-184]	@ 0xffffff48
    9898:	e5933040 	ldr	r3, [r3, #64]	@ 0x40
    989c:	e50b3098 	str	r3, [fp, #-152]	@ 0xffffff68
    98a0:	e51b30b8 	ldr	r3, [fp, #-184]	@ 0xffffff48
    98a4:	e5933040 	ldr	r3, [r3, #64]	@ 0x40
    98a8:	e2832001 	add	r2, r3, #1
    98ac:	e51b30b8 	ldr	r3, [fp, #-184]	@ 0xffffff48
    98b0:	e5832040 	str	r2, [r3, #64]	@ 0x40
    98b4:	e59b300c 	ldr	r3, [fp, #12]
    98b8:	e50b3094 	str	r3, [fp, #-148]	@ 0xffffff6c
    98bc:	e24b203c 	sub	r2, fp, #60	@ 0x3c
    98c0:	e24b30b0 	sub	r3, fp, #176	@ 0xb0
    98c4:	e1a00002 	mov	r0, r2
    98c8:	e1a01003 	mov	r1, r3
    98cc:	ebfff9bb 	bl	7fc0 <ak_rtsp_exit+0x3a0>
    98d0:	e51b30b8 	ldr	r3, [fp, #-184]	@ 0xffffff48
    98d4:	e5933064 	ldr	r3, [r3, #100]	@ 0x64
    98d8:	e1a01003 	mov	r1, r3
    98dc:	e24b203c 	sub	r2, fp, #60	@ 0x3c
    98e0:	e3a0300c 	mov	r3, #12
    98e4:	e1a00001 	mov	r0, r1
    98e8:	e1a01002 	mov	r1, r2
    98ec:	e1a02003 	mov	r2, r3
    98f0:	ebffe577 	bl	2ed4 <memcpy@plt>
    98f4:	e55b3084 	ldrb	r3, [fp, #-132]	@ 0xffffff7c
    98f8:	e3c33080 	bic	r3, r3, #128	@ 0x80
    98fc:	e54b3084 	strb	r3, [fp, #-132]	@ 0xffffff7c
    9900:	e55b3084 	ldrb	r3, [fp, #-132]	@ 0xffffff7c
    9904:	e3c33020 	bic	r3, r3, #32
    9908:	e3833040 	orr	r3, r3, #64	@ 0x40
    990c:	e54b3084 	strb	r3, [fp, #-132]	@ 0xffffff7c
    9910:	e55b3084 	ldrb	r3, [fp, #-132]	@ 0xffffff7c
    9914:	e3c3301e 	bic	r3, r3, #30
    9918:	e3833001 	orr	r3, r3, #1
    991c:	e54b3084 	strb	r3, [fp, #-132]	@ 0xffffff7c
    9920:	e51b30b8 	ldr	r3, [fp, #-184]	@ 0xffffff48
    9924:	e5933064 	ldr	r3, [r3, #100]	@ 0x64
    9928:	e283300c 	add	r3, r3, #12
    992c:	e55b2084 	ldrb	r2, [fp, #-132]	@ 0xffffff7c
    9930:	e5c32000 	strb	r2, [r3]
    9934:	e51b30b8 	ldr	r3, [fp, #-184]	@ 0xffffff48
    9938:	e5933064 	ldr	r3, [r3, #100]	@ 0x64
    993c:	e283100d 	add	r1, r3, #13
    9940:	e51b301c 	ldr	r3, [fp, #-28]	@ 0xffffffe4
    9944:	e2833005 	add	r3, r3, #5
    9948:	e51b20c4 	ldr	r2, [fp, #-196]	@ 0xffffff3c
    994c:	e0822003 	add	r2, r2, r3
    9950:	e59b0004 	ldr	r0, [fp, #4]
    9954:	e51b301c 	ldr	r3, [fp, #-28]	@ 0xffffffe4
    9958:	e0633000 	rsb	r3, r3, r0
    995c:	e2433005 	sub	r3, r3, #5
    9960:	e1a00001 	mov	r0, r1
    9964:	e1a01002 	mov	r1, r2
    9968:	e1a02003 	mov	r2, r3
    996c:	ebffe558 	bl	2ed4 <memcpy@plt>
    9970:	e59b2004 	ldr	r2, [fp, #4]
    9974:	e51b301c 	ldr	r3, [fp, #-28]	@ 0xffffffe4
    9978:	e0633002 	rsb	r3, r3, r2
    997c:	e2833008 	add	r3, r3, #8
    9980:	e50b3010 	str	r3, [fp, #-16]
    9984:	e51b30b8 	ldr	r3, [fp, #-184]	@ 0xffffff48
    9988:	e593102c 	ldr	r1, [r3, #44]	@ 0x2c
    998c:	e51b30b8 	ldr	r3, [fp, #-184]	@ 0xffffff48
    9990:	e5932064 	ldr	r2, [r3, #100]	@ 0x64
    9994:	e51b3010 	ldr	r3, [fp, #-16]
    9998:	e51b0018 	ldr	r0, [fp, #-24]	@ 0xffffffe8
    999c:	e51bc0bc 	ldr	ip, [fp, #-188]	@ 0xffffff44
    99a0:	e58dc000 	str	ip, [sp]
    99a4:	e58d0004 	str	r0, [sp, #4]
    99a8:	e1a00001 	mov	r0, r1
    99ac:	e1a01002 	mov	r1, r2
    99b0:	e1a02003 	mov	r2, r3
    99b4:	e3a03000 	mov	r3, #0
    99b8:	ebffe515 	bl	2e14 <sendto@plt>
    99bc:	e51b30b8 	ldr	r3, [fp, #-184]	@ 0xffffff48
    99c0:	e5932044 	ldr	r2, [r3, #68]	@ 0x44
    99c4:	e51b3010 	ldr	r3, [fp, #-16]
    99c8:	e0823003 	add	r3, r2, r3
    99cc:	e243200d 	sub	r2, r3, #13
    99d0:	e51b30b8 	ldr	r3, [fp, #-184]	@ 0xffffff48
    99d4:	e5832044 	str	r2, [r3, #68]	@ 0x44
    99d8:	e51b30b8 	ldr	r3, [fp, #-184]	@ 0xffffff48
    99dc:	e5933048 	ldr	r3, [r3, #72]	@ 0x48
    99e0:	e2832001 	add	r2, r3, #1
    99e4:	e51b30b8 	ldr	r3, [fp, #-184]	@ 0xffffff48
    99e8:	e5832048 	str	r2, [r3, #72]	@ 0x48
    99ec:	e3a03000 	mov	r3, #0
    99f0:	e1a00003 	mov	r0, r3
    99f4:	e24bd004 	sub	sp, fp, #4
    99f8:	e8bd8800 	pop	{fp, pc}
    99fc:	00010c48 	andeq	r0, r1, r8, asr #24
    9a00:	00011240 	andeq	r1, r1, r0, asr #4
    9a04:	00000166 	andeq	r0, r0, r6, ror #2
    9a08:	b60b60b7 			@ <UNDEFINED> instruction: 0xb60b60b7
    9a0c:	00010c68 	andeq	r0, r1, r8, ror #24
    9a10:	000005ae 	andeq	r0, r0, lr, lsr #11
    9a14:	00010c80 	andeq	r0, r1, r0, lsl #25
    9a18:	000001f5 	strdeq	r0, [r0], -r5
    9a1c:	e92d4800 	push	{fp, lr}
    9a20:	e28db004 	add	fp, sp, #4
    9a24:	e24dd0c8 	sub	sp, sp, #200	@ 0xc8
    9a28:	e50b00b8 	str	r0, [fp, #-184]	@ 0xffffff48
    9a2c:	e50b10bc 	str	r1, [fp, #-188]	@ 0xffffff44
    9a30:	e50b20c0 	str	r2, [fp, #-192]	@ 0xffffff40
    9a34:	e50b30c4 	str	r3, [fp, #-196]	@ 0xffffff3c
    9a38:	e3a03000 	mov	r3, #0
    9a3c:	e54b3040 	strb	r3, [fp, #-64]	@ 0xffffffc0
    9a40:	e3a03000 	mov	r3, #0
    9a44:	e54b303f 	strb	r3, [fp, #-63]	@ 0xffffffc1
    9a48:	e3a03000 	mov	r3, #0
    9a4c:	e54b303e 	strb	r3, [fp, #-62]	@ 0xffffffc2
    9a50:	e3a03001 	mov	r3, #1
    9a54:	e54b303d 	strb	r3, [fp, #-61]	@ 0xffffffc3
    9a58:	e3a03000 	mov	r3, #0
    9a5c:	e50b3014 	str	r3, [fp, #-20]	@ 0xffffffec
    9a60:	e3a03000 	mov	r3, #0
    9a64:	e50b3018 	str	r3, [fp, #-24]	@ 0xffffffe8
    9a68:	e3a03004 	mov	r3, #4
    9a6c:	e50b301c 	str	r3, [fp, #-28]	@ 0xffffffe4
    9a70:	e3a03002 	mov	r3, #2
    9a74:	e50b3020 	str	r3, [fp, #-32]	@ 0xffffffe0
    9a78:	e3a03004 	mov	r3, #4
    9a7c:	e50b3024 	str	r3, [fp, #-36]	@ 0xffffffdc
    9a80:	e3a0300c 	mov	r3, #12
    9a84:	e50b3028 	str	r3, [fp, #-40]	@ 0xffffffd8
    9a88:	e51b30c4 	ldr	r3, [fp, #-196]	@ 0xffffff3c
    9a8c:	e3530002 	cmp	r3, #2
    9a90:	1a000258 	bne	a3f8 <send_rtp_udp+0x16cc>
    9a94:	e3a03000 	mov	r3, #0
    9a98:	e50b302c 	str	r3, [fp, #-44]	@ 0xffffffd4
    9a9c:	e3a03000 	mov	r3, #0
    9aa0:	e50b3030 	str	r3, [fp, #-48]	@ 0xffffffd0
    9aa4:	e3a03000 	mov	r3, #0
    9aa8:	e50b3034 	str	r3, [fp, #-52]	@ 0xffffffcc
    9aac:	e3a03000 	mov	r3, #0
    9ab0:	e50b3038 	str	r3, [fp, #-56]	@ 0xffffffc8
    9ab4:	e24b3040 	sub	r3, fp, #64	@ 0x40
    9ab8:	e3a02000 	mov	r2, #0
    9abc:	e58d2000 	str	r2, [sp]
    9ac0:	e51b00bc 	ldr	r0, [fp, #-188]	@ 0xffffff44
    9ac4:	e51b10c0 	ldr	r1, [fp, #-192]	@ 0xffffff40
    9ac8:	e1a02003 	mov	r2, r3
    9acc:	e51b301c 	ldr	r3, [fp, #-28]	@ 0xffffffe4
    9ad0:	ebfff8b2 	bl	7da0 <ak_rtsp_exit+0x180>
    9ad4:	e50b002c 	str	r0, [fp, #-44]	@ 0xffffffd4
    9ad8:	e51b202c 	ldr	r2, [fp, #-44]	@ 0xffffffd4
    9adc:	e51b301c 	ldr	r3, [fp, #-28]	@ 0xffffffe4
    9ae0:	e0823003 	add	r3, r2, r3
    9ae4:	e51b20bc 	ldr	r2, [fp, #-188]	@ 0xffffff44
    9ae8:	e0821003 	add	r1, r2, r3
    9aec:	e51b20c0 	ldr	r2, [fp, #-192]	@ 0xffffff40
    9af0:	e51b302c 	ldr	r3, [fp, #-44]	@ 0xffffffd4
    9af4:	e0632002 	rsb	r2, r3, r2
    9af8:	e51b301c 	ldr	r3, [fp, #-28]	@ 0xffffffe4
    9afc:	e0632002 	rsb	r2, r3, r2
    9b00:	e24b3040 	sub	r3, fp, #64	@ 0x40
    9b04:	e3a00000 	mov	r0, #0
    9b08:	e58d0000 	str	r0, [sp]
    9b0c:	e1a00001 	mov	r0, r1
    9b10:	e1a01002 	mov	r1, r2
    9b14:	e1a02003 	mov	r2, r3
    9b18:	e51b301c 	ldr	r3, [fp, #-28]	@ 0xffffffe4
    9b1c:	ebfff89f 	bl	7da0 <ak_rtsp_exit+0x180>
    9b20:	e1a02000 	mov	r2, r0
    9b24:	e51b302c 	ldr	r3, [fp, #-44]	@ 0xffffffd4
    9b28:	e0822003 	add	r2, r2, r3
    9b2c:	e51b301c 	ldr	r3, [fp, #-28]	@ 0xffffffe4
    9b30:	e0823003 	add	r3, r2, r3
    9b34:	e50b3030 	str	r3, [fp, #-48]	@ 0xffffffd0
    9b38:	e51b2030 	ldr	r2, [fp, #-48]	@ 0xffffffd0
    9b3c:	e51b301c 	ldr	r3, [fp, #-28]	@ 0xffffffe4
    9b40:	e0823003 	add	r3, r2, r3
    9b44:	e51b20bc 	ldr	r2, [fp, #-188]	@ 0xffffff44
    9b48:	e0821003 	add	r1, r2, r3
    9b4c:	e51b20c0 	ldr	r2, [fp, #-192]	@ 0xffffff40
    9b50:	e51b3030 	ldr	r3, [fp, #-48]	@ 0xffffffd0
    9b54:	e0632002 	rsb	r2, r3, r2
    9b58:	e51b301c 	ldr	r3, [fp, #-28]	@ 0xffffffe4
    9b5c:	e0632002 	rsb	r2, r3, r2
    9b60:	e24b3040 	sub	r3, fp, #64	@ 0x40
    9b64:	e3a00000 	mov	r0, #0
    9b68:	e58d0000 	str	r0, [sp]
    9b6c:	e1a00001 	mov	r0, r1
    9b70:	e1a01002 	mov	r1, r2
    9b74:	e1a02003 	mov	r2, r3
    9b78:	e51b301c 	ldr	r3, [fp, #-28]	@ 0xffffffe4
    9b7c:	ebfff887 	bl	7da0 <ak_rtsp_exit+0x180>
    9b80:	e1a02000 	mov	r2, r0
    9b84:	e51b3030 	ldr	r3, [fp, #-48]	@ 0xffffffd0
    9b88:	e0822003 	add	r2, r2, r3
    9b8c:	e51b301c 	ldr	r3, [fp, #-28]	@ 0xffffffe4
    9b90:	e0823003 	add	r3, r2, r3
    9b94:	e50b3034 	str	r3, [fp, #-52]	@ 0xffffffcc
    9b98:	e51b2034 	ldr	r2, [fp, #-52]	@ 0xffffffcc
    9b9c:	e51b301c 	ldr	r3, [fp, #-28]	@ 0xffffffe4
    9ba0:	e0823003 	add	r3, r2, r3
    9ba4:	e51b20bc 	ldr	r2, [fp, #-188]	@ 0xffffff44
    9ba8:	e0821003 	add	r1, r2, r3
    9bac:	e51b20c0 	ldr	r2, [fp, #-192]	@ 0xffffff40
    9bb0:	e51b3034 	ldr	r3, [fp, #-52]	@ 0xffffffcc
    9bb4:	e0632002 	rsb	r2, r3, r2
    9bb8:	e51b301c 	ldr	r3, [fp, #-28]	@ 0xffffffe4
    9bbc:	e0632002 	rsb	r2, r3, r2
    9bc0:	e24b3040 	sub	r3, fp, #64	@ 0x40
    9bc4:	e3a00000 	mov	r0, #0
    9bc8:	e58d0000 	str	r0, [sp]
    9bcc:	e1a00001 	mov	r0, r1
    9bd0:	e1a01002 	mov	r1, r2
    9bd4:	e1a02003 	mov	r2, r3
    9bd8:	e51b301c 	ldr	r3, [fp, #-28]	@ 0xffffffe4
    9bdc:	ebfff86f 	bl	7da0 <ak_rtsp_exit+0x180>
    9be0:	e1a02000 	mov	r2, r0
    9be4:	e51b3034 	ldr	r3, [fp, #-52]	@ 0xffffffcc
    9be8:	e0822003 	add	r2, r2, r3
    9bec:	e51b301c 	ldr	r3, [fp, #-28]	@ 0xffffffe4
    9bf0:	e0823003 	add	r3, r2, r3
    9bf4:	e50b3038 	str	r3, [fp, #-56]	@ 0xffffffc8
    9bf8:	e51b30b8 	ldr	r3, [fp, #-184]	@ 0xffffff48
    9bfc:	e5933050 	ldr	r3, [r3, #80]	@ 0x50
    9c00:	e2832001 	add	r2, r3, #1
    9c04:	e51b30b8 	ldr	r3, [fp, #-184]	@ 0xffffff48
    9c08:	e5832050 	str	r2, [r3, #80]	@ 0x50
    9c0c:	e51b30b8 	ldr	r3, [fp, #-184]	@ 0xffffff48
    9c10:	e5933050 	ldr	r3, [r3, #80]	@ 0x50
    9c14:	e3530013 	cmp	r3, #19
    9c18:	da000016 	ble	9c78 <send_rtp_udp+0xf4c>
    9c1c:	e51b30b8 	ldr	r3, [fp, #-184]	@ 0xffffff48
    9c20:	e3a02000 	mov	r2, #0
    9c24:	e5832050 	str	r2, [r3, #80]	@ 0x50
    9c28:	e59b3004 	ldr	r3, [fp, #4]
    9c2c:	e24b20b0 	sub	r2, fp, #176	@ 0xb0
    9c30:	e2822004 	add	r2, r2, #4
    9c34:	e51b00b8 	ldr	r0, [fp, #-184]	@ 0xffffff48
    9c38:	e1a01002 	mov	r1, r2
    9c3c:	e1a02003 	mov	r2, r3
    9c40:	ebffe362 	bl	29d0 <MakeRTCP@plt>
    9c44:	e3a03024 	mov	r3, #36	@ 0x24
    9c48:	e54b30b0 	strb	r3, [fp, #-176]	@ 0xffffff50
    9c4c:	e3a03003 	mov	r3, #3
    9c50:	e54b30af 	strb	r3, [fp, #-175]	@ 0xffffff51
    9c54:	e3a03000 	mov	r3, #0
    9c58:	e54b30ae 	strb	r3, [fp, #-174]	@ 0xffffff52
    9c5c:	e3a03034 	mov	r3, #52	@ 0x34
    9c60:	e54b30ad 	strb	r3, [fp, #-173]	@ 0xffffff53
    9c64:	e24b30b0 	sub	r3, fp, #176	@ 0xb0
    9c68:	e51b00b8 	ldr	r0, [fp, #-184]	@ 0xffffff48
    9c6c:	e1a01003 	mov	r1, r3
    9c70:	e3a02038 	mov	r2, #56	@ 0x38
    9c74:	ebfffafa 	bl	8864 <rtsp_init_client+0x274>
    9c78:	e3a03001 	mov	r3, #1
    9c7c:	e50b3018 	str	r3, [fp, #-24]	@ 0xffffffe8
    9c80:	e24b306c 	sub	r3, fp, #108	@ 0x6c
    9c84:	e1a00003 	mov	r0, r3
    9c88:	e51b10b8 	ldr	r1, [fp, #-184]	@ 0xffffff48
    9c8c:	e59b2004 	ldr	r2, [fp, #4]
    9c90:	e51b3018 	ldr	r3, [fp, #-24]	@ 0xffffffe8
    9c94:	ebffe371 	bl	2a60 <set_rtp_header@plt>
    9c98:	e24b3044 	sub	r3, fp, #68	@ 0x44
    9c9c:	e1a00003 	mov	r0, r3
    9ca0:	e3a01020 	mov	r1, #32
    9ca4:	ebffe457 	bl	2e08 <set_hevc_nal_header@plt>
    9ca8:	e51b30b8 	ldr	r3, [fp, #-184]	@ 0xffffff48
    9cac:	e5932064 	ldr	r2, [r3, #100]	@ 0x64
    9cb0:	e51b3028 	ldr	r3, [fp, #-40]	@ 0xffffffd8
    9cb4:	e2833004 	add	r3, r3, #4
    9cb8:	e0821003 	add	r1, r2, r3
    9cbc:	e51b3020 	ldr	r3, [fp, #-32]	@ 0xffffffe0
    9cc0:	e24b2044 	sub	r2, fp, #68	@ 0x44
    9cc4:	e1a00001 	mov	r0, r1
    9cc8:	e1a01002 	mov	r1, r2
    9ccc:	e1a02003 	mov	r2, r3
    9cd0:	ebffe47f 	bl	2ed4 <memcpy@plt>
    9cd4:	e51b30b8 	ldr	r3, [fp, #-184]	@ 0xffffff48
    9cd8:	e5932064 	ldr	r2, [r3, #100]	@ 0x64
    9cdc:	e51b3028 	ldr	r3, [fp, #-40]	@ 0xffffffd8
    9ce0:	e2831004 	add	r1, r3, #4
    9ce4:	e51b3020 	ldr	r3, [fp, #-32]	@ 0xffffffe0
    9ce8:	e0813003 	add	r3, r1, r3
    9cec:	e0821003 	add	r1, r2, r3
    9cf0:	e51b202c 	ldr	r2, [fp, #-44]	@ 0xffffffd4
    9cf4:	e51b301c 	ldr	r3, [fp, #-28]	@ 0xffffffe4
    9cf8:	e0822003 	add	r2, r2, r3
    9cfc:	e51b3020 	ldr	r3, [fp, #-32]	@ 0xffffffe0
    9d00:	e0823003 	add	r3, r2, r3
    9d04:	e51b20bc 	ldr	r2, [fp, #-188]	@ 0xffffff44
    9d08:	e0822003 	add	r2, r2, r3
    9d0c:	e51b0030 	ldr	r0, [fp, #-48]	@ 0xffffffd0
    9d10:	e51b302c 	ldr	r3, [fp, #-44]	@ 0xffffffd4
    9d14:	e0630000 	rsb	r0, r3, r0
    9d18:	e51b301c 	ldr	r3, [fp, #-28]	@ 0xffffffe4
    9d1c:	e0630000 	rsb	r0, r3, r0
    9d20:	e51b3020 	ldr	r3, [fp, #-32]	@ 0xffffffe0
    9d24:	e0633000 	rsb	r3, r3, r0
    9d28:	e1a00001 	mov	r0, r1
    9d2c:	e1a01002 	mov	r1, r2
    9d30:	e1a02003 	mov	r2, r3
    9d34:	ebffe466 	bl	2ed4 <memcpy@plt>
    9d38:	e51b2030 	ldr	r2, [fp, #-48]	@ 0xffffffd0
    9d3c:	e51b302c 	ldr	r3, [fp, #-44]	@ 0xffffffd4
    9d40:	e0632002 	rsb	r2, r3, r2
    9d44:	e51b301c 	ldr	r3, [fp, #-28]	@ 0xffffffe4
    9d48:	e0632002 	rsb	r2, r3, r2
    9d4c:	e51b3028 	ldr	r3, [fp, #-40]	@ 0xffffffd8
    9d50:	e0823003 	add	r3, r2, r3
    9d54:	e50b3014 	str	r3, [fp, #-20]	@ 0xffffffec
    9d58:	e51b30b8 	ldr	r3, [fp, #-184]	@ 0xffffff48
    9d5c:	e5933064 	ldr	r3, [r3, #100]	@ 0x64
    9d60:	e1a00003 	mov	r0, r3
    9d64:	e51b1014 	ldr	r1, [fp, #-20]	@ 0xffffffec
    9d68:	ebffe32a 	bl	2a18 <fill_rtp_head_info@plt>
    9d6c:	e51b30b8 	ldr	r3, [fp, #-184]	@ 0xffffff48
    9d70:	e5932064 	ldr	r2, [r3, #100]	@ 0x64
    9d74:	e51b1014 	ldr	r1, [fp, #-20]	@ 0xffffffec
    9d78:	e51b3024 	ldr	r3, [fp, #-36]	@ 0xffffffdc
    9d7c:	e0813003 	add	r3, r1, r3
    9d80:	e51b00b8 	ldr	r0, [fp, #-184]	@ 0xffffff48
    9d84:	e1a01002 	mov	r1, r2
    9d88:	e1a02003 	mov	r2, r3
    9d8c:	ebfffab4 	bl	8864 <rtsp_init_client+0x274>
    9d90:	e51b30b8 	ldr	r3, [fp, #-184]	@ 0xffffff48
    9d94:	e5932044 	ldr	r2, [r3, #68]	@ 0x44
    9d98:	e51b1014 	ldr	r1, [fp, #-20]	@ 0xffffffec
    9d9c:	e51b3028 	ldr	r3, [fp, #-40]	@ 0xffffffd8
    9da0:	e0631001 	rsb	r1, r3, r1
    9da4:	e51b3020 	ldr	r3, [fp, #-32]	@ 0xffffffe0
    9da8:	e0633001 	rsb	r3, r3, r1
    9dac:	e0822003 	add	r2, r2, r3
    9db0:	e51b30b8 	ldr	r3, [fp, #-184]	@ 0xffffff48
    9db4:	e5832044 	str	r2, [r3, #68]	@ 0x44
    9db8:	e51b30b8 	ldr	r3, [fp, #-184]	@ 0xffffff48
    9dbc:	e5933048 	ldr	r3, [r3, #72]	@ 0x48
    9dc0:	e2832001 	add	r2, r3, #1
    9dc4:	e51b30b8 	ldr	r3, [fp, #-184]	@ 0xffffff48
    9dc8:	e5832048 	str	r2, [r3, #72]	@ 0x48
    9dcc:	e3a03001 	mov	r3, #1
    9dd0:	e50b3018 	str	r3, [fp, #-24]	@ 0xffffffe8
    9dd4:	e24b306c 	sub	r3, fp, #108	@ 0x6c
    9dd8:	e1a00003 	mov	r0, r3
    9ddc:	e51b10b8 	ldr	r1, [fp, #-184]	@ 0xffffff48
    9de0:	e59b2004 	ldr	r2, [fp, #4]
    9de4:	e51b3018 	ldr	r3, [fp, #-24]	@ 0xffffffe8
    9de8:	ebffe31c 	bl	2a60 <set_rtp_header@plt>
    9dec:	e24b3044 	sub	r3, fp, #68	@ 0x44
    9df0:	e1a00003 	mov	r0, r3
    9df4:	e3a01021 	mov	r1, #33	@ 0x21
    9df8:	ebffe402 	bl	2e08 <set_hevc_nal_header@plt>
    9dfc:	e51b30b8 	ldr	r3, [fp, #-184]	@ 0xffffff48
    9e00:	e5932064 	ldr	r2, [r3, #100]	@ 0x64
    9e04:	e51b3028 	ldr	r3, [fp, #-40]	@ 0xffffffd8
    9e08:	e2833004 	add	r3, r3, #4
    9e0c:	e0821003 	add	r1, r2, r3
    9e10:	e51b3020 	ldr	r3, [fp, #-32]	@ 0xffffffe0
    9e14:	e24b2044 	sub	r2, fp, #68	@ 0x44
    9e18:	e1a00001 	mov	r0, r1
    9e1c:	e1a01002 	mov	r1, r2
    9e20:	e1a02003 	mov	r2, r3
    9e24:	ebffe42a 	bl	2ed4 <memcpy@plt>
    9e28:	e51b30b8 	ldr	r3, [fp, #-184]	@ 0xffffff48
    9e2c:	e5932064 	ldr	r2, [r3, #100]	@ 0x64
    9e30:	e51b3028 	ldr	r3, [fp, #-40]	@ 0xffffffd8
    9e34:	e2831004 	add	r1, r3, #4
    9e38:	e51b3020 	ldr	r3, [fp, #-32]	@ 0xffffffe0
    9e3c:	e0813003 	add	r3, r1, r3
    9e40:	e0821003 	add	r1, r2, r3
    9e44:	e51b2030 	ldr	r2, [fp, #-48]	@ 0xffffffd0
    9e48:	e51b301c 	ldr	r3, [fp, #-28]	@ 0xffffffe4
    9e4c:	e0822003 	add	r2, r2, r3
    9e50:	e51b3020 	ldr	r3, [fp, #-32]	@ 0xffffffe0
    9e54:	e0823003 	add	r3, r2, r3
    9e58:	e51b20bc 	ldr	r2, [fp, #-188]	@ 0xffffff44
    9e5c:	e0822003 	add	r2, r2, r3
    9e60:	e51b0034 	ldr	r0, [fp, #-52]	@ 0xffffffcc
    9e64:	e51b3030 	ldr	r3, [fp, #-48]	@ 0xffffffd0
    9e68:	e0630000 	rsb	r0, r3, r0
    9e6c:	e51b301c 	ldr	r3, [fp, #-28]	@ 0xffffffe4
    9e70:	e0630000 	rsb	r0, r3, r0
    9e74:	e51b3020 	ldr	r3, [fp, #-32]	@ 0xffffffe0
    9e78:	e0633000 	rsb	r3, r3, r0
    9e7c:	e1a00001 	mov	r0, r1
    9e80:	e1a01002 	mov	r1, r2
    9e84:	e1a02003 	mov	r2, r3
    9e88:	ebffe411 	bl	2ed4 <memcpy@plt>
    9e8c:	e51b2034 	ldr	r2, [fp, #-52]	@ 0xffffffcc
    9e90:	e51b3030 	ldr	r3, [fp, #-48]	@ 0xffffffd0
    9e94:	e0632002 	rsb	r2, r3, r2
    9e98:	e51b301c 	ldr	r3, [fp, #-28]	@ 0xffffffe4
    9e9c:	e0632002 	rsb	r2, r3, r2
    9ea0:	e51b3028 	ldr	r3, [fp, #-40]	@ 0xffffffd8
    9ea4:	e0823003 	add	r3, r2, r3
    9ea8:	e50b3014 	str	r3, [fp, #-20]	@ 0xffffffec
    9eac:	e51b30b8 	ldr	r3, [fp, #-184]	@ 0xffffff48
    9eb0:	e5933064 	ldr	r3, [r3, #100]	@ 0x64
    9eb4:	e1a00003 	mov	r0, r3
    9eb8:	e51b1014 	ldr	r1, [fp, #-20]	@ 0xffffffec
    9ebc:	ebffe2d5 	bl	2a18 <fill_rtp_head_info@plt>
    9ec0:	e51b30b8 	ldr	r3, [fp, #-184]	@ 0xffffff48
    9ec4:	e5932064 	ldr	r2, [r3, #100]	@ 0x64
    9ec8:	e51b1014 	ldr	r1, [fp, #-20]	@ 0xffffffec
    9ecc:	e51b3024 	ldr	r3, [fp, #-36]	@ 0xffffffdc
    9ed0:	e0813003 	add	r3, r1, r3
    9ed4:	e51b00b8 	ldr	r0, [fp, #-184]	@ 0xffffff48
    9ed8:	e1a01002 	mov	r1, r2
    9edc:	e1a02003 	mov	r2, r3
    9ee0:	ebfffa5f 	bl	8864 <rtsp_init_client+0x274>
    9ee4:	e51b30b8 	ldr	r3, [fp, #-184]	@ 0xffffff48
    9ee8:	e5932044 	ldr	r2, [r3, #68]	@ 0x44
    9eec:	e51b1014 	ldr	r1, [fp, #-20]	@ 0xffffffec
    9ef0:	e51b3028 	ldr	r3, [fp, #-40]	@ 0xffffffd8
    9ef4:	e0631001 	rsb	r1, r3, r1
    9ef8:	e51b3020 	ldr	r3, [fp, #-32]	@ 0xffffffe0
    9efc:	e0633001 	rsb	r3, r3, r1
    9f00:	e0822003 	add	r2, r2, r3
    9f04:	e51b30b8 	ldr	r3, [fp, #-184]	@ 0xffffff48
    9f08:	e5832044 	str	r2, [r3, #68]	@ 0x44
    9f0c:	e51b30b8 	ldr	r3, [fp, #-184]	@ 0xffffff48
    9f10:	e5933048 	ldr	r3, [r3, #72]	@ 0x48
    9f14:	e2832001 	add	r2, r3, #1
    9f18:	e51b30b8 	ldr	r3, [fp, #-184]	@ 0xffffff48
    9f1c:	e5832048 	str	r2, [r3, #72]	@ 0x48
    9f20:	e3a03001 	mov	r3, #1
    9f24:	e50b3018 	str	r3, [fp, #-24]	@ 0xffffffe8
    9f28:	e24b306c 	sub	r3, fp, #108	@ 0x6c
    9f2c:	e1a00003 	mov	r0, r3
    9f30:	e51b10b8 	ldr	r1, [fp, #-184]	@ 0xffffff48
    9f34:	e59b2004 	ldr	r2, [fp, #4]
    9f38:	e51b3018 	ldr	r3, [fp, #-24]	@ 0xffffffe8
    9f3c:	ebffe2c7 	bl	2a60 <set_rtp_header@plt>
    9f40:	e24b3044 	sub	r3, fp, #68	@ 0x44
    9f44:	e1a00003 	mov	r0, r3
    9f48:	e3a01022 	mov	r1, #34	@ 0x22
    9f4c:	ebffe3ad 	bl	2e08 <set_hevc_nal_header@plt>
    9f50:	e51b30b8 	ldr	r3, [fp, #-184]	@ 0xffffff48
    9f54:	e5932064 	ldr	r2, [r3, #100]	@ 0x64
    9f58:	e51b3028 	ldr	r3, [fp, #-40]	@ 0xffffffd8
    9f5c:	e2833004 	add	r3, r3, #4
    9f60:	e0821003 	add	r1, r2, r3
    9f64:	e51b3020 	ldr	r3, [fp, #-32]	@ 0xffffffe0
    9f68:	e24b2044 	sub	r2, fp, #68	@ 0x44
    9f6c:	e1a00001 	mov	r0, r1
    9f70:	e1a01002 	mov	r1, r2
    9f74:	e1a02003 	mov	r2, r3
    9f78:	ebffe3d5 	bl	2ed4 <memcpy@plt>
    9f7c:	e51b30b8 	ldr	r3, [fp, #-184]	@ 0xffffff48
    9f80:	e5932064 	ldr	r2, [r3, #100]	@ 0x64
    9f84:	e51b3028 	ldr	r3, [fp, #-40]	@ 0xffffffd8
    9f88:	e2831004 	add	r1, r3, #4
    9f8c:	e51b3020 	ldr	r3, [fp, #-32]	@ 0xffffffe0
    9f90:	e0813003 	add	r3, r1, r3
    9f94:	e0821003 	add	r1, r2, r3
    9f98:	e51b2034 	ldr	r2, [fp, #-52]	@ 0xffffffcc
    9f9c:	e51b301c 	ldr	r3, [fp, #-28]	@ 0xffffffe4
    9fa0:	e0822003 	add	r2, r2, r3
    9fa4:	e51b3020 	ldr	r3, [fp, #-32]	@ 0xffffffe0
    9fa8:	e0823003 	add	r3, r2, r3
    9fac:	e51b20bc 	ldr	r2, [fp, #-188]	@ 0xffffff44
    9fb0:	e0822003 	add	r2, r2, r3
    9fb4:	e51b0038 	ldr	r0, [fp, #-56]	@ 0xffffffc8
    9fb8:	e51b3034 	ldr	r3, [fp, #-52]	@ 0xffffffcc
    9fbc:	e0630000 	rsb	r0, r3, r0
    9fc0:	e51b301c 	ldr	r3, [fp, #-28]	@ 0xffffffe4
    9fc4:	e0630000 	rsb	r0, r3, r0
    9fc8:	e51b3020 	ldr	r3, [fp, #-32]	@ 0xffffffe0
    9fcc:	e0633000 	rsb	r3, r3, r0
    9fd0:	e1a00001 	mov	r0, r1
    9fd4:	e1a01002 	mov	r1, r2
    9fd8:	e1a02003 	mov	r2, r3
    9fdc:	ebffe3bc 	bl	2ed4 <memcpy@plt>
    9fe0:	e51b2038 	ldr	r2, [fp, #-56]	@ 0xffffffc8
    9fe4:	e51b3034 	ldr	r3, [fp, #-52]	@ 0xffffffcc
    9fe8:	e0632002 	rsb	r2, r3, r2
    9fec:	e51b301c 	ldr	r3, [fp, #-28]	@ 0xffffffe4
    9ff0:	e0632002 	rsb	r2, r3, r2
    9ff4:	e51b3028 	ldr	r3, [fp, #-40]	@ 0xffffffd8
    9ff8:	e0823003 	add	r3, r2, r3
    9ffc:	e50b3014 	str	r3, [fp, #-20]	@ 0xffffffec
    a000:	e51b30b8 	ldr	r3, [fp, #-184]	@ 0xffffff48
    a004:	e5933064 	ldr	r3, [r3, #100]	@ 0x64
    a008:	e1a00003 	mov	r0, r3
    a00c:	e51b1014 	ldr	r1, [fp, #-20]	@ 0xffffffec
    a010:	ebffe280 	bl	2a18 <fill_rtp_head_info@plt>
    a014:	e51b30b8 	ldr	r3, [fp, #-184]	@ 0xffffff48
    a018:	e5932064 	ldr	r2, [r3, #100]	@ 0x64
    a01c:	e51b1014 	ldr	r1, [fp, #-20]	@ 0xffffffec
    a020:	e51b3024 	ldr	r3, [fp, #-36]	@ 0xffffffdc
    a024:	e0813003 	add	r3, r1, r3
    a028:	e51b00b8 	ldr	r0, [fp, #-184]	@ 0xffffff48
    a02c:	e1a01002 	mov	r1, r2
    a030:	e1a02003 	mov	r2, r3
    a034:	ebfffa0a 	bl	8864 <rtsp_init_client+0x274>
    a038:	e51b30b8 	ldr	r3, [fp, #-184]	@ 0xffffff48
    a03c:	e5932044 	ldr	r2, [r3, #68]	@ 0x44
    a040:	e51b1014 	ldr	r1, [fp, #-20]	@ 0xffffffec
    a044:	e51b3028 	ldr	r3, [fp, #-40]	@ 0xffffffd8
    a048:	e0631001 	rsb	r1, r3, r1
    a04c:	e51b3020 	ldr	r3, [fp, #-32]	@ 0xffffffe0
    a050:	e0633001 	rsb	r3, r3, r1
    a054:	e0822003 	add	r2, r2, r3
    a058:	e51b30b8 	ldr	r3, [fp, #-184]	@ 0xffffff48
    a05c:	e5832044 	str	r2, [r3, #68]	@ 0x44
    a060:	e51b30b8 	ldr	r3, [fp, #-184]	@ 0xffffff48
    a064:	e5933048 	ldr	r3, [r3, #72]	@ 0x48
    a068:	e2832001 	add	r2, r3, #1
    a06c:	e51b30b8 	ldr	r3, [fp, #-184]	@ 0xffffff48
    a070:	e5832048 	str	r2, [r3, #72]	@ 0x48
    a074:	e51b20c0 	ldr	r2, [fp, #-192]	@ 0xffffff40
    a078:	e51b3038 	ldr	r3, [fp, #-56]	@ 0xffffffc8
    a07c:	e0632002 	rsb	r2, r3, r2
    a080:	e51b301c 	ldr	r3, [fp, #-28]	@ 0xffffffe4
    a084:	e0632002 	rsb	r2, r3, r2
    a088:	e51b3020 	ldr	r3, [fp, #-32]	@ 0xffffffe0
    a08c:	e0633002 	rsb	r3, r3, r2
    a090:	e50b300c 	str	r3, [fp, #-12]
    a094:	e51b300c 	ldr	r3, [fp, #-12]
    a098:	e3530e5a 	cmp	r3, #1440	@ 0x5a0
    a09c:	da00007e 	ble	a29c <send_rtp_udp+0x1570>
    a0a0:	e3a03001 	mov	r3, #1
    a0a4:	e50b3010 	str	r3, [fp, #-16]
    a0a8:	e51b2038 	ldr	r2, [fp, #-56]	@ 0xffffffc8
    a0ac:	e51b301c 	ldr	r3, [fp, #-28]	@ 0xffffffe4
    a0b0:	e0822003 	add	r2, r2, r3
    a0b4:	e51b3020 	ldr	r3, [fp, #-32]	@ 0xffffffe0
    a0b8:	e0823003 	add	r3, r2, r3
    a0bc:	e51b20bc 	ldr	r2, [fp, #-188]	@ 0xffffff44
    a0c0:	e0823003 	add	r3, r2, r3
    a0c4:	e50b3008 	str	r3, [fp, #-8]
    a0c8:	ea00006f 	b	a28c <send_rtp_udp+0x1560>
    a0cc:	e3a03001 	mov	r3, #1
    a0d0:	e50b3018 	str	r3, [fp, #-24]	@ 0xffffffe8
    a0d4:	e51b300c 	ldr	r3, [fp, #-12]
    a0d8:	e3530e5a 	cmp	r3, #1440	@ 0x5a0
    a0dc:	da000002 	ble	a0ec <send_rtp_udp+0x13c0>
    a0e0:	e3a03000 	mov	r3, #0
    a0e4:	e50b3018 	str	r3, [fp, #-24]	@ 0xffffffe8
    a0e8:	ea000001 	b	a0f4 <send_rtp_udp+0x13c8>
    a0ec:	e3a03001 	mov	r3, #1
    a0f0:	e50b3018 	str	r3, [fp, #-24]	@ 0xffffffe8
    a0f4:	e24b306c 	sub	r3, fp, #108	@ 0x6c
    a0f8:	e1a00003 	mov	r0, r3
    a0fc:	e51b10b8 	ldr	r1, [fp, #-184]	@ 0xffffff48
    a100:	e59b2004 	ldr	r2, [fp, #4]
    a104:	e51b3018 	ldr	r3, [fp, #-24]	@ 0xffffffe8
    a108:	ebffe254 	bl	2a60 <set_rtp_header@plt>
    a10c:	e24b3044 	sub	r3, fp, #68	@ 0x44
    a110:	e1a00003 	mov	r0, r3
    a114:	e3a01031 	mov	r1, #49	@ 0x31
    a118:	ebffe33a 	bl	2e08 <set_hevc_nal_header@plt>
    a11c:	e51b30b8 	ldr	r3, [fp, #-184]	@ 0xffffff48
    a120:	e5933064 	ldr	r3, [r3, #100]	@ 0x64
    a124:	e2833010 	add	r3, r3, #16
    a128:	e1a01003 	mov	r1, r3
    a12c:	e24b2044 	sub	r2, fp, #68	@ 0x44
    a130:	e3a03002 	mov	r3, #2
    a134:	e1a00001 	mov	r0, r1
    a138:	e1a01002 	mov	r1, r2
    a13c:	e1a02003 	mov	r2, r3
    a140:	ebffe363 	bl	2ed4 <memcpy@plt>
    a144:	e55b3048 	ldrb	r3, [fp, #-72]	@ 0xffffffb8
    a148:	e3c33080 	bic	r3, r3, #128	@ 0x80
    a14c:	e54b3048 	strb	r3, [fp, #-72]	@ 0xffffffb8
    a150:	e55b3048 	ldrb	r3, [fp, #-72]	@ 0xffffffb8
    a154:	e3c33040 	bic	r3, r3, #64	@ 0x40
    a158:	e54b3048 	strb	r3, [fp, #-72]	@ 0xffffffb8
    a15c:	e51b3010 	ldr	r3, [fp, #-16]
    a160:	e3530001 	cmp	r3, #1
    a164:	1a000009 	bne	a190 <send_rtp_udp+0x1464>
    a168:	e55b3048 	ldrb	r3, [fp, #-72]	@ 0xffffffb8
    a16c:	e3833080 	orr	r3, r3, #128	@ 0x80
    a170:	e54b3048 	strb	r3, [fp, #-72]	@ 0xffffffb8
    a174:	e55b3048 	ldrb	r3, [fp, #-72]	@ 0xffffffb8
    a178:	e3c3302c 	bic	r3, r3, #44	@ 0x2c
    a17c:	e3833013 	orr	r3, r3, #19
    a180:	e54b3048 	strb	r3, [fp, #-72]	@ 0xffffffb8
    a184:	e3a03000 	mov	r3, #0
    a188:	e50b3010 	str	r3, [fp, #-16]
    a18c:	ea000003 	b	a1a0 <send_rtp_udp+0x1474>
    a190:	e55b3048 	ldrb	r3, [fp, #-72]	@ 0xffffffb8
    a194:	e3c33019 	bic	r3, r3, #25
    a198:	e3833026 	orr	r3, r3, #38	@ 0x26
    a19c:	e54b3048 	strb	r3, [fp, #-72]	@ 0xffffffb8
    a1a0:	e51b300c 	ldr	r3, [fp, #-12]
    a1a4:	e3530e5a 	cmp	r3, #1440	@ 0x5a0
    a1a8:	ca000002 	bgt	a1b8 <send_rtp_udp+0x148c>
    a1ac:	e55b3048 	ldrb	r3, [fp, #-72]	@ 0xffffffb8
    a1b0:	e3833040 	orr	r3, r3, #64	@ 0x40
    a1b4:	e54b3048 	strb	r3, [fp, #-72]	@ 0xffffffb8
    a1b8:	e51b30b8 	ldr	r3, [fp, #-184]	@ 0xffffff48
    a1bc:	e5933064 	ldr	r3, [r3, #100]	@ 0x64
    a1c0:	e2833012 	add	r3, r3, #18
    a1c4:	e55b2048 	ldrb	r2, [fp, #-72]	@ 0xffffffb8
    a1c8:	e5c32000 	strb	r2, [r3]
    a1cc:	e51b30b8 	ldr	r3, [fp, #-184]	@ 0xffffff48
    a1d0:	e5933064 	ldr	r3, [r3, #100]	@ 0x64
    a1d4:	e2833013 	add	r3, r3, #19
    a1d8:	e1a00003 	mov	r0, r3
    a1dc:	e51b1008 	ldr	r1, [fp, #-8]
    a1e0:	e3a02e5a 	mov	r2, #1440	@ 0x5a0
    a1e4:	ebffe33a 	bl	2ed4 <memcpy@plt>
    a1e8:	e51b300c 	ldr	r3, [fp, #-12]
    a1ec:	e3530e5a 	cmp	r3, #1440	@ 0x5a0
    a1f0:	da000002 	ble	a200 <send_rtp_udp+0x14d4>
    a1f4:	e59f35a0 	ldr	r3, [pc, #1440]	@ a79c <send_rtp_udp+0x1a70>
    a1f8:	e50b3014 	str	r3, [fp, #-20]	@ 0xffffffec
    a1fc:	ea000002 	b	a20c <send_rtp_udp+0x14e0>
    a200:	e51b300c 	ldr	r3, [fp, #-12]
    a204:	e283300f 	add	r3, r3, #15
    a208:	e50b3014 	str	r3, [fp, #-20]	@ 0xffffffec
    a20c:	e51b30b8 	ldr	r3, [fp, #-184]	@ 0xffffff48
    a210:	e5933064 	ldr	r3, [r3, #100]	@ 0x64
    a214:	e1a00003 	mov	r0, r3
    a218:	e51b1014 	ldr	r1, [fp, #-20]	@ 0xffffffec
    a21c:	ebffe1fd 	bl	2a18 <fill_rtp_head_info@plt>
    a220:	e51b30b8 	ldr	r3, [fp, #-184]	@ 0xffffff48
    a224:	e5932064 	ldr	r2, [r3, #100]	@ 0x64
    a228:	e51b1014 	ldr	r1, [fp, #-20]	@ 0xffffffec
    a22c:	e51b3024 	ldr	r3, [fp, #-36]	@ 0xffffffdc
    a230:	e0813003 	add	r3, r1, r3
    a234:	e51b00b8 	ldr	r0, [fp, #-184]	@ 0xffffff48
    a238:	e1a01002 	mov	r1, r2
    a23c:	e1a02003 	mov	r2, r3
    a240:	ebfff987 	bl	8864 <rtsp_init_client+0x274>
    a244:	e51b30b8 	ldr	r3, [fp, #-184]	@ 0xffffff48
    a248:	e5932044 	ldr	r2, [r3, #68]	@ 0x44
    a24c:	e51b3014 	ldr	r3, [fp, #-20]	@ 0xffffffec
    a250:	e0823003 	add	r3, r2, r3
    a254:	e243200f 	sub	r2, r3, #15
    a258:	e51b30b8 	ldr	r3, [fp, #-184]	@ 0xffffff48
    a25c:	e5832044 	str	r2, [r3, #68]	@ 0x44
    a260:	e51b30b8 	ldr	r3, [fp, #-184]	@ 0xffffff48
    a264:	e5933048 	ldr	r3, [r3, #72]	@ 0x48
    a268:	e2832001 	add	r2, r3, #1
    a26c:	e51b30b8 	ldr	r3, [fp, #-184]	@ 0xffffff48
    a270:	e5832048 	str	r2, [r3, #72]	@ 0x48
    a274:	e51b3008 	ldr	r3, [fp, #-8]
    a278:	e2833e5a 	add	r3, r3, #1440	@ 0x5a0
    a27c:	e50b3008 	str	r3, [fp, #-8]
    a280:	e51b300c 	ldr	r3, [fp, #-12]
    a284:	e2433e5a 	sub	r3, r3, #1440	@ 0x5a0
    a288:	e50b300c 	str	r3, [fp, #-12]
    a28c:	e51b300c 	ldr	r3, [fp, #-12]
    a290:	e3530000 	cmp	r3, #0
    a294:	caffff8c 	bgt	a0cc <send_rtp_udp+0x13a0>
    a298:	ea00013b 	b	a78c <send_rtp_udp+0x1a60>
    a29c:	e3a03001 	mov	r3, #1
    a2a0:	e50b3018 	str	r3, [fp, #-24]	@ 0xffffffe8
    a2a4:	e24b306c 	sub	r3, fp, #108	@ 0x6c
    a2a8:	e1a00003 	mov	r0, r3
    a2ac:	e51b10b8 	ldr	r1, [fp, #-184]	@ 0xffffff48
    a2b0:	e59b2004 	ldr	r2, [fp, #4]
    a2b4:	e51b3018 	ldr	r3, [fp, #-24]	@ 0xffffffe8
    a2b8:	ebffe1e8 	bl	2a60 <set_rtp_header@plt>
    a2bc:	e24b3044 	sub	r3, fp, #68	@ 0x44
    a2c0:	e1a00003 	mov	r0, r3
    a2c4:	e3a01013 	mov	r1, #19
    a2c8:	ebffe2ce 	bl	2e08 <set_hevc_nal_header@plt>
    a2cc:	e51b30b8 	ldr	r3, [fp, #-184]	@ 0xffffff48
    a2d0:	e5932064 	ldr	r2, [r3, #100]	@ 0x64
    a2d4:	e51b3028 	ldr	r3, [fp, #-40]	@ 0xffffffd8
    a2d8:	e2833004 	add	r3, r3, #4
    a2dc:	e0821003 	add	r1, r2, r3
    a2e0:	e51b3020 	ldr	r3, [fp, #-32]	@ 0xffffffe0
    a2e4:	e24b2044 	sub	r2, fp, #68	@ 0x44
    a2e8:	e1a00001 	mov	r0, r1
    a2ec:	e1a01002 	mov	r1, r2
    a2f0:	e1a02003 	mov	r2, r3
    a2f4:	ebffe2f6 	bl	2ed4 <memcpy@plt>
    a2f8:	e51b30b8 	ldr	r3, [fp, #-184]	@ 0xffffff48
    a2fc:	e5932064 	ldr	r2, [r3, #100]	@ 0x64
    a300:	e51b3028 	ldr	r3, [fp, #-40]	@ 0xffffffd8
    a304:	e2831004 	add	r1, r3, #4
    a308:	e51b3020 	ldr	r3, [fp, #-32]	@ 0xffffffe0
    a30c:	e0813003 	add	r3, r1, r3
    a310:	e0821003 	add	r1, r2, r3
    a314:	e51b2038 	ldr	r2, [fp, #-56]	@ 0xffffffc8
    a318:	e51b301c 	ldr	r3, [fp, #-28]	@ 0xffffffe4
    a31c:	e0822003 	add	r2, r2, r3
    a320:	e51b3020 	ldr	r3, [fp, #-32]	@ 0xffffffe0
    a324:	e0823003 	add	r3, r2, r3
    a328:	e51b20bc 	ldr	r2, [fp, #-188]	@ 0xffffff44
    a32c:	e0822003 	add	r2, r2, r3
    a330:	e51b00c0 	ldr	r0, [fp, #-192]	@ 0xffffff40
    a334:	e51b3038 	ldr	r3, [fp, #-56]	@ 0xffffffc8
    a338:	e0630000 	rsb	r0, r3, r0
    a33c:	e51b301c 	ldr	r3, [fp, #-28]	@ 0xffffffe4
    a340:	e0630000 	rsb	r0, r3, r0
    a344:	e51b3020 	ldr	r3, [fp, #-32]	@ 0xffffffe0
    a348:	e0633000 	rsb	r3, r3, r0
    a34c:	e1a00001 	mov	r0, r1
    a350:	e1a01002 	mov	r1, r2
    a354:	e1a02003 	mov	r2, r3
    a358:	ebffe2dd 	bl	2ed4 <memcpy@plt>
    a35c:	e51b20c0 	ldr	r2, [fp, #-192]	@ 0xffffff40
    a360:	e51b3038 	ldr	r3, [fp, #-56]	@ 0xffffffc8
    a364:	e0632002 	rsb	r2, r3, r2
    a368:	e51b301c 	ldr	r3, [fp, #-28]	@ 0xffffffe4
    a36c:	e0632002 	rsb	r2, r3, r2
    a370:	e51b3020 	ldr	r3, [fp, #-32]	@ 0xffffffe0
    a374:	e0632002 	rsb	r2, r3, r2
    a378:	e51b3028 	ldr	r3, [fp, #-40]	@ 0xffffffd8
    a37c:	e0823003 	add	r3, r2, r3
    a380:	e50b3014 	str	r3, [fp, #-20]	@ 0xffffffec
    a384:	e51b30b8 	ldr	r3, [fp, #-184]	@ 0xffffff48
    a388:	e5933064 	ldr	r3, [r3, #100]	@ 0x64
    a38c:	e1a00003 	mov	r0, r3
    a390:	e51b1014 	ldr	r1, [fp, #-20]	@ 0xffffffec
    a394:	ebffe19f 	bl	2a18 <fill_rtp_head_info@plt>
    a398:	e51b30b8 	ldr	r3, [fp, #-184]	@ 0xffffff48
    a39c:	e5932064 	ldr	r2, [r3, #100]	@ 0x64
    a3a0:	e51b3014 	ldr	r3, [fp, #-20]	@ 0xffffffec
    a3a4:	e2833004 	add	r3, r3, #4
    a3a8:	e51b00b8 	ldr	r0, [fp, #-184]	@ 0xffffff48
    a3ac:	e1a01002 	mov	r1, r2
    a3b0:	e1a02003 	mov	r2, r3
    a3b4:	ebfff92a 	bl	8864 <rtsp_init_client+0x274>
    a3b8:	e51b30b8 	ldr	r3, [fp, #-184]	@ 0xffffff48
    a3bc:	e5932044 	ldr	r2, [r3, #68]	@ 0x44
    a3c0:	e51b1014 	ldr	r1, [fp, #-20]	@ 0xffffffec
    a3c4:	e51b3020 	ldr	r3, [fp, #-32]	@ 0xffffffe0
    a3c8:	e0631001 	rsb	r1, r3, r1
    a3cc:	e51b3028 	ldr	r3, [fp, #-40]	@ 0xffffffd8
    a3d0:	e0633001 	rsb	r3, r3, r1
    a3d4:	e0822003 	add	r2, r2, r3
    a3d8:	e51b30b8 	ldr	r3, [fp, #-184]	@ 0xffffff48
    a3dc:	e5832044 	str	r2, [r3, #68]	@ 0x44
    a3e0:	e51b30b8 	ldr	r3, [fp, #-184]	@ 0xffffff48
    a3e4:	e5933048 	ldr	r3, [r3, #72]	@ 0x48
    a3e8:	e2832001 	add	r2, r3, #1
    a3ec:	e51b30b8 	ldr	r3, [fp, #-184]	@ 0xffffff48
    a3f0:	e5832048 	str	r2, [r3, #72]	@ 0x48
    a3f4:	ea0000e4 	b	a78c <send_rtp_udp+0x1a60>
    a3f8:	e24b3040 	sub	r3, fp, #64	@ 0x40
    a3fc:	e3a02000 	mov	r2, #0
    a400:	e58d2000 	str	r2, [sp]
    a404:	e51b00bc 	ldr	r0, [fp, #-188]	@ 0xffffff44
    a408:	e51b10c0 	ldr	r1, [fp, #-192]	@ 0xffffff40
    a40c:	e1a02003 	mov	r2, r3
    a410:	e3a03004 	mov	r3, #4
    a414:	ebfff661 	bl	7da0 <ak_rtsp_exit+0x180>
    a418:	e50b003c 	str	r0, [fp, #-60]	@ 0xffffffc4
    a41c:	e51b20c0 	ldr	r2, [fp, #-192]	@ 0xffffff40
    a420:	e51b303c 	ldr	r3, [fp, #-60]	@ 0xffffffc4
    a424:	e0632002 	rsb	r2, r3, r2
    a428:	e51b301c 	ldr	r3, [fp, #-28]	@ 0xffffffe4
    a42c:	e0632002 	rsb	r2, r3, r2
    a430:	e51b3020 	ldr	r3, [fp, #-32]	@ 0xffffffe0
    a434:	e0633002 	rsb	r3, r3, r2
    a438:	e50b300c 	str	r3, [fp, #-12]
    a43c:	e51b300c 	ldr	r3, [fp, #-12]
    a440:	e3530e5a 	cmp	r3, #1440	@ 0x5a0
    a444:	da00007a 	ble	a634 <send_rtp_udp+0x1908>
    a448:	e3a03001 	mov	r3, #1
    a44c:	e50b3010 	str	r3, [fp, #-16]
    a450:	e51b203c 	ldr	r2, [fp, #-60]	@ 0xffffffc4
    a454:	e51b301c 	ldr	r3, [fp, #-28]	@ 0xffffffe4
    a458:	e0822003 	add	r2, r2, r3
    a45c:	e51b3020 	ldr	r3, [fp, #-32]	@ 0xffffffe0
    a460:	e0823003 	add	r3, r2, r3
    a464:	e51b20bc 	ldr	r2, [fp, #-188]	@ 0xffffff44
    a468:	e0823003 	add	r3, r2, r3
    a46c:	e50b3008 	str	r3, [fp, #-8]
    a470:	ea00006b 	b	a624 <send_rtp_udp+0x18f8>
    a474:	e51b300c 	ldr	r3, [fp, #-12]
    a478:	e3530e5a 	cmp	r3, #1440	@ 0x5a0
    a47c:	da000002 	ble	a48c <send_rtp_udp+0x1760>
    a480:	e3a03000 	mov	r3, #0
    a484:	e50b3018 	str	r3, [fp, #-24]	@ 0xffffffe8
    a488:	ea000001 	b	a494 <send_rtp_udp+0x1768>
    a48c:	e3a03001 	mov	r3, #1
    a490:	e50b3018 	str	r3, [fp, #-24]	@ 0xffffffe8
    a494:	e24b306c 	sub	r3, fp, #108	@ 0x6c
    a498:	e1a00003 	mov	r0, r3
    a49c:	e51b10b8 	ldr	r1, [fp, #-184]	@ 0xffffff48
    a4a0:	e59b2004 	ldr	r2, [fp, #4]
    a4a4:	e51b3018 	ldr	r3, [fp, #-24]	@ 0xffffffe8
    a4a8:	ebffe16c 	bl	2a60 <set_rtp_header@plt>
    a4ac:	e24b3044 	sub	r3, fp, #68	@ 0x44
    a4b0:	e1a00003 	mov	r0, r3
    a4b4:	e3a01031 	mov	r1, #49	@ 0x31
    a4b8:	ebffe252 	bl	2e08 <set_hevc_nal_header@plt>
    a4bc:	e51b30b8 	ldr	r3, [fp, #-184]	@ 0xffffff48
    a4c0:	e5933064 	ldr	r3, [r3, #100]	@ 0x64
    a4c4:	e2833010 	add	r3, r3, #16
    a4c8:	e1a01003 	mov	r1, r3
    a4cc:	e24b2044 	sub	r2, fp, #68	@ 0x44
    a4d0:	e3a03002 	mov	r3, #2
    a4d4:	e1a00001 	mov	r0, r1
    a4d8:	e1a01002 	mov	r1, r2
    a4dc:	e1a02003 	mov	r2, r3
    a4e0:	ebffe27b 	bl	2ed4 <memcpy@plt>
    a4e4:	e55b3048 	ldrb	r3, [fp, #-72]	@ 0xffffffb8
    a4e8:	e3c3303e 	bic	r3, r3, #62	@ 0x3e
    a4ec:	e3833001 	orr	r3, r3, #1
    a4f0:	e54b3048 	strb	r3, [fp, #-72]	@ 0xffffffb8
    a4f4:	e55b3048 	ldrb	r3, [fp, #-72]	@ 0xffffffb8
    a4f8:	e3c33080 	bic	r3, r3, #128	@ 0x80
    a4fc:	e54b3048 	strb	r3, [fp, #-72]	@ 0xffffffb8
    a500:	e55b3048 	ldrb	r3, [fp, #-72]	@ 0xffffffb8
    a504:	e3c33040 	bic	r3, r3, #64	@ 0x40
    a508:	e54b3048 	strb	r3, [fp, #-72]	@ 0xffffffb8
    a50c:	e51b3010 	ldr	r3, [fp, #-16]
    a510:	e3530001 	cmp	r3, #1
    a514:	1a000004 	bne	a52c <send_rtp_udp+0x1800>
    a518:	e55b3048 	ldrb	r3, [fp, #-72]	@ 0xffffffb8
    a51c:	e3833080 	orr	r3, r3, #128	@ 0x80
    a520:	e54b3048 	strb	r3, [fp, #-72]	@ 0xffffffb8
    a524:	e3a03000 	mov	r3, #0
    a528:	e50b3010 	str	r3, [fp, #-16]
    a52c:	e51b300c 	ldr	r3, [fp, #-12]
    a530:	e3530e5a 	cmp	r3, #1440	@ 0x5a0
    a534:	ca000002 	bgt	a544 <send_rtp_udp+0x1818>
    a538:	e55b3048 	ldrb	r3, [fp, #-72]	@ 0xffffffb8
    a53c:	e3833040 	orr	r3, r3, #64	@ 0x40
    a540:	e54b3048 	strb	r3, [fp, #-72]	@ 0xffffffb8
    a544:	e51b30b8 	ldr	r3, [fp, #-184]	@ 0xffffff48
    a548:	e5933064 	ldr	r3, [r3, #100]	@ 0x64
    a54c:	e2833012 	add	r3, r3, #18
    a550:	e55b2048 	ldrb	r2, [fp, #-72]	@ 0xffffffb8
    a554:	e5c32000 	strb	r2, [r3]
    a558:	e51b30b8 	ldr	r3, [fp, #-184]	@ 0xffffff48
    a55c:	e5933064 	ldr	r3, [r3, #100]	@ 0x64
    a560:	e2833013 	add	r3, r3, #19
    a564:	e1a00003 	mov	r0, r3
    a568:	e51b1008 	ldr	r1, [fp, #-8]
    a56c:	e3a02e5a 	mov	r2, #1440	@ 0x5a0
    a570:	ebffe257 	bl	2ed4 <memcpy@plt>
    a574:	e51b300c 	ldr	r3, [fp, #-12]
    a578:	e3530e5a 	cmp	r3, #1440	@ 0x5a0
    a57c:	da000002 	ble	a58c <send_rtp_udp+0x1860>
    a580:	e59f3214 	ldr	r3, [pc, #532]	@ a79c <send_rtp_udp+0x1a70>
    a584:	e50b3014 	str	r3, [fp, #-20]	@ 0xffffffec
    a588:	ea000002 	b	a598 <send_rtp_udp+0x186c>
    a58c:	e51b300c 	ldr	r3, [fp, #-12]
    a590:	e283300f 	add	r3, r3, #15
    a594:	e50b3014 	str	r3, [fp, #-20]	@ 0xffffffec
    a598:	e51b30b8 	ldr	r3, [fp, #-184]	@ 0xffffff48
    a59c:	e5933064 	ldr	r3, [r3, #100]	@ 0x64
    a5a0:	e1a00003 	mov	r0, r3
    a5a4:	e51b1014 	ldr	r1, [fp, #-20]	@ 0xffffffec
    a5a8:	ebffe11a 	bl	2a18 <fill_rtp_head_info@plt>
    a5ac:	e51b30b8 	ldr	r3, [fp, #-184]	@ 0xffffff48
    a5b0:	e5932064 	ldr	r2, [r3, #100]	@ 0x64
    a5b4:	e51b3014 	ldr	r3, [fp, #-20]	@ 0xffffffec
    a5b8:	e2833004 	add	r3, r3, #4
    a5bc:	e51b00b8 	ldr	r0, [fp, #-184]	@ 0xffffff48
    a5c0:	e1a01002 	mov	r1, r2
    a5c4:	e1a02003 	mov	r2, r3
    a5c8:	ebfff8a5 	bl	8864 <rtsp_init_client+0x274>
    a5cc:	e51b30b8 	ldr	r3, [fp, #-184]	@ 0xffffff48
    a5d0:	e5932044 	ldr	r2, [r3, #68]	@ 0x44
    a5d4:	e51b1014 	ldr	r1, [fp, #-20]	@ 0xffffffec
    a5d8:	e51b3028 	ldr	r3, [fp, #-40]	@ 0xffffffd8
    a5dc:	e0633001 	rsb	r3, r3, r1
    a5e0:	e2431001 	sub	r1, r3, #1
    a5e4:	e51b3020 	ldr	r3, [fp, #-32]	@ 0xffffffe0
    a5e8:	e0633001 	rsb	r3, r3, r1
    a5ec:	e0822003 	add	r2, r2, r3
    a5f0:	e51b30b8 	ldr	r3, [fp, #-184]	@ 0xffffff48
    a5f4:	e5832044 	str	r2, [r3, #68]	@ 0x44
    a5f8:	e51b30b8 	ldr	r3, [fp, #-184]	@ 0xffffff48
    a5fc:	e5933048 	ldr	r3, [r3, #72]	@ 0x48
    a600:	e2832001 	add	r2, r3, #1
    a604:	e51b30b8 	ldr	r3, [fp, #-184]	@ 0xffffff48
    a608:	e5832048 	str	r2, [r3, #72]	@ 0x48
    a60c:	e51b3008 	ldr	r3, [fp, #-8]
    a610:	e2833e5a 	add	r3, r3, #1440	@ 0x5a0
    a614:	e50b3008 	str	r3, [fp, #-8]
    a618:	e51b300c 	ldr	r3, [fp, #-12]
    a61c:	e2433e5a 	sub	r3, r3, #1440	@ 0x5a0
    a620:	e50b300c 	str	r3, [fp, #-12]
    a624:	e51b300c 	ldr	r3, [fp, #-12]
    a628:	e3530000 	cmp	r3, #0
    a62c:	caffff90 	bgt	a474 <send_rtp_udp+0x1748>
    a630:	ea000055 	b	a78c <send_rtp_udp+0x1a60>
    a634:	e3a03001 	mov	r3, #1
    a638:	e50b3018 	str	r3, [fp, #-24]	@ 0xffffffe8
    a63c:	e24b306c 	sub	r3, fp, #108	@ 0x6c
    a640:	e1a00003 	mov	r0, r3
    a644:	e51b10b8 	ldr	r1, [fp, #-184]	@ 0xffffff48
    a648:	e59b2004 	ldr	r2, [fp, #4]
    a64c:	e51b3018 	ldr	r3, [fp, #-24]	@ 0xffffffe8
    a650:	ebffe102 	bl	2a60 <set_rtp_header@plt>
    a654:	e24b3044 	sub	r3, fp, #68	@ 0x44
    a658:	e1a00003 	mov	r0, r3
    a65c:	e3a01001 	mov	r1, #1
    a660:	ebffe1e8 	bl	2e08 <set_hevc_nal_header@plt>
    a664:	e51b30b8 	ldr	r3, [fp, #-184]	@ 0xffffff48
    a668:	e5932064 	ldr	r2, [r3, #100]	@ 0x64
    a66c:	e51b3028 	ldr	r3, [fp, #-40]	@ 0xffffffd8
    a670:	e2833004 	add	r3, r3, #4
    a674:	e0821003 	add	r1, r2, r3
    a678:	e51b3020 	ldr	r3, [fp, #-32]	@ 0xffffffe0
    a67c:	e24b2044 	sub	r2, fp, #68	@ 0x44
    a680:	e1a00001 	mov	r0, r1
    a684:	e1a01002 	mov	r1, r2
    a688:	e1a02003 	mov	r2, r3
    a68c:	ebffe210 	bl	2ed4 <memcpy@plt>
    a690:	e51b30b8 	ldr	r3, [fp, #-184]	@ 0xffffff48
    a694:	e5932064 	ldr	r2, [r3, #100]	@ 0x64
    a698:	e51b3028 	ldr	r3, [fp, #-40]	@ 0xffffffd8
    a69c:	e2831004 	add	r1, r3, #4
    a6a0:	e51b3020 	ldr	r3, [fp, #-32]	@ 0xffffffe0
    a6a4:	e0813003 	add	r3, r1, r3
    a6a8:	e0821003 	add	r1, r2, r3
    a6ac:	e51b203c 	ldr	r2, [fp, #-60]	@ 0xffffffc4
    a6b0:	e51b301c 	ldr	r3, [fp, #-28]	@ 0xffffffe4
    a6b4:	e0822003 	add	r2, r2, r3
    a6b8:	e51b3020 	ldr	r3, [fp, #-32]	@ 0xffffffe0
    a6bc:	e0823003 	add	r3, r2, r3
    a6c0:	e51b20bc 	ldr	r2, [fp, #-188]	@ 0xffffff44
    a6c4:	e0822003 	add	r2, r2, r3
    a6c8:	e51b00c0 	ldr	r0, [fp, #-192]	@ 0xffffff40
    a6cc:	e51b303c 	ldr	r3, [fp, #-60]	@ 0xffffffc4
    a6d0:	e0630000 	rsb	r0, r3, r0
    a6d4:	e51b301c 	ldr	r3, [fp, #-28]	@ 0xffffffe4
    a6d8:	e0630000 	rsb	r0, r3, r0
    a6dc:	e51b3020 	ldr	r3, [fp, #-32]	@ 0xffffffe0
    a6e0:	e0633000 	rsb	r3, r3, r0
    a6e4:	e1a00001 	mov	r0, r1
    a6e8:	e1a01002 	mov	r1, r2
    a6ec:	e1a02003 	mov	r2, r3
    a6f0:	ebffe1f7 	bl	2ed4 <memcpy@plt>
    a6f4:	e51b20c0 	ldr	r2, [fp, #-192]	@ 0xffffff40
    a6f8:	e51b303c 	ldr	r3, [fp, #-60]	@ 0xffffffc4
    a6fc:	e0632002 	rsb	r2, r3, r2
    a700:	e51b301c 	ldr	r3, [fp, #-28]	@ 0xffffffe4
    a704:	e0632002 	rsb	r2, r3, r2
    a708:	e51b3020 	ldr	r3, [fp, #-32]	@ 0xffffffe0
    a70c:	e0632002 	rsb	r2, r3, r2
    a710:	e51b3028 	ldr	r3, [fp, #-40]	@ 0xffffffd8
    a714:	e0823003 	add	r3, r2, r3
    a718:	e50b3014 	str	r3, [fp, #-20]	@ 0xffffffec
    a71c:	e51b30b8 	ldr	r3, [fp, #-184]	@ 0xffffff48
    a720:	e5933064 	ldr	r3, [r3, #100]	@ 0x64
    a724:	e1a00003 	mov	r0, r3
    a728:	e51b1014 	ldr	r1, [fp, #-20]	@ 0xffffffec
    a72c:	ebffe0b9 	bl	2a18 <fill_rtp_head_info@plt>
    a730:	e51b30b8 	ldr	r3, [fp, #-184]	@ 0xffffff48
    a734:	e5932064 	ldr	r2, [r3, #100]	@ 0x64
    a738:	e51b3014 	ldr	r3, [fp, #-20]	@ 0xffffffec
    a73c:	e2833004 	add	r3, r3, #4
    a740:	e51b00b8 	ldr	r0, [fp, #-184]	@ 0xffffff48
    a744:	e1a01002 	mov	r1, r2
    a748:	e1a02003 	mov	r2, r3
    a74c:	ebfff844 	bl	8864 <rtsp_init_client+0x274>
    a750:	e51b30b8 	ldr	r3, [fp, #-184]	@ 0xffffff48
    a754:	e5932044 	ldr	r2, [r3, #68]	@ 0x44
    a758:	e51b1014 	ldr	r1, [fp, #-20]	@ 0xffffffec
    a75c:	e51b3028 	ldr	r3, [fp, #-40]	@ 0xffffffd8
    a760:	e0631001 	rsb	r1, r3, r1
    a764:	e51b3020 	ldr	r3, [fp, #-32]	@ 0xffffffe0
    a768:	e0633001 	rsb	r3, r3, r1
    a76c:	e0822003 	add	r2, r2, r3
    a770:	e51b30b8 	ldr	r3, [fp, #-184]	@ 0xffffff48
    a774:	e5832044 	str	r2, [r3, #68]	@ 0x44
    a778:	e51b30b8 	ldr	r3, [fp, #-184]	@ 0xffffff48
    a77c:	e5933048 	ldr	r3, [r3, #72]	@ 0x48
    a780:	e2832001 	add	r2, r3, #1
    a784:	e51b30b8 	ldr	r3, [fp, #-184]	@ 0xffffff48
    a788:	e5832048 	str	r2, [r3, #72]	@ 0x48
    a78c:	e3a03000 	mov	r3, #0
    a790:	e1a00003 	mov	r0, r3
    a794:	e24bd004 	sub	sp, fp, #4
    a798:	e8bd8800 	pop	{fp, pc}
    a79c:	000005af 	andeq	r0, r0, pc, lsr #11
    a7a0:	e92d4800 	push	{fp, lr}
    a7a4:	e28db004 	add	fp, sp, #4
    a7a8:	e24dd0c8 	sub	sp, sp, #200	@ 0xc8
    a7ac:	e50b00b8 	str	r0, [fp, #-184]	@ 0xffffff48
    a7b0:	e50b10bc 	str	r1, [fp, #-188]	@ 0xffffff44
    a7b4:	e50b20c0 	str	r2, [fp, #-192]	@ 0xffffff40
    a7b8:	e50b30c4 	str	r3, [fp, #-196]	@ 0xffffff3c
    a7bc:	e3a03000 	mov	r3, #0
    a7c0:	e54b303c 	strb	r3, [fp, #-60]	@ 0xffffffc4
    a7c4:	e3a03000 	mov	r3, #0
    a7c8:	e54b303b 	strb	r3, [fp, #-59]	@ 0xffffffc5
    a7cc:	e3a03000 	mov	r3, #0
    a7d0:	e54b303a 	strb	r3, [fp, #-58]	@ 0xffffffc6
    a7d4:	e3a03001 	mov	r3, #1
    a7d8:	e54b3039 	strb	r3, [fp, #-57]	@ 0xffffffc7
    a7dc:	e3a03000 	mov	r3, #0
    a7e0:	e50b3014 	str	r3, [fp, #-20]	@ 0xffffffec
    a7e4:	e3a03000 	mov	r3, #0
    a7e8:	e50b3018 	str	r3, [fp, #-24]	@ 0xffffffe8
    a7ec:	e3a03004 	mov	r3, #4
    a7f0:	e50b301c 	str	r3, [fp, #-28]	@ 0xffffffe4
    a7f4:	e3a03001 	mov	r3, #1
    a7f8:	e50b3020 	str	r3, [fp, #-32]	@ 0xffffffe0
    a7fc:	e3a03004 	mov	r3, #4
    a800:	e50b3024 	str	r3, [fp, #-36]	@ 0xffffffdc
    a804:	e3a0300c 	mov	r3, #12
    a808:	e50b3028 	str	r3, [fp, #-40]	@ 0xffffffd8
    a80c:	e51b30c4 	ldr	r3, [fp, #-196]	@ 0xffffff3c
    a810:	e3530002 	cmp	r3, #2
    a814:	1a0001e3 	bne	afa8 <send_rtp_udp+0x227c>
    a818:	e3a03000 	mov	r3, #0
    a81c:	e50b302c 	str	r3, [fp, #-44]	@ 0xffffffd4
    a820:	e3a03000 	mov	r3, #0
    a824:	e50b3030 	str	r3, [fp, #-48]	@ 0xffffffd0
    a828:	e3a03000 	mov	r3, #0
    a82c:	e50b3034 	str	r3, [fp, #-52]	@ 0xffffffcc
    a830:	e24b303c 	sub	r3, fp, #60	@ 0x3c
    a834:	e3a02000 	mov	r2, #0
    a838:	e58d2000 	str	r2, [sp]
    a83c:	e51b00bc 	ldr	r0, [fp, #-188]	@ 0xffffff44
    a840:	e51b10c0 	ldr	r1, [fp, #-192]	@ 0xffffff40
    a844:	e1a02003 	mov	r2, r3
    a848:	e51b301c 	ldr	r3, [fp, #-28]	@ 0xffffffe4
    a84c:	ebfff553 	bl	7da0 <ak_rtsp_exit+0x180>
    a850:	e50b002c 	str	r0, [fp, #-44]	@ 0xffffffd4
    a854:	e51b202c 	ldr	r2, [fp, #-44]	@ 0xffffffd4
    a858:	e51b301c 	ldr	r3, [fp, #-28]	@ 0xffffffe4
    a85c:	e0823003 	add	r3, r2, r3
    a860:	e51b20bc 	ldr	r2, [fp, #-188]	@ 0xffffff44
    a864:	e0821003 	add	r1, r2, r3
    a868:	e51b20c0 	ldr	r2, [fp, #-192]	@ 0xffffff40
    a86c:	e51b302c 	ldr	r3, [fp, #-44]	@ 0xffffffd4
    a870:	e0632002 	rsb	r2, r3, r2
    a874:	e51b301c 	ldr	r3, [fp, #-28]	@ 0xffffffe4
    a878:	e0632002 	rsb	r2, r3, r2
    a87c:	e24b303c 	sub	r3, fp, #60	@ 0x3c
    a880:	e3a00000 	mov	r0, #0
    a884:	e58d0000 	str	r0, [sp]
    a888:	e1a00001 	mov	r0, r1
    a88c:	e1a01002 	mov	r1, r2
    a890:	e1a02003 	mov	r2, r3
    a894:	e51b301c 	ldr	r3, [fp, #-28]	@ 0xffffffe4
    a898:	ebfff540 	bl	7da0 <ak_rtsp_exit+0x180>
    a89c:	e1a02000 	mov	r2, r0
    a8a0:	e51b302c 	ldr	r3, [fp, #-44]	@ 0xffffffd4
    a8a4:	e0822003 	add	r2, r2, r3
    a8a8:	e51b301c 	ldr	r3, [fp, #-28]	@ 0xffffffe4
    a8ac:	e0823003 	add	r3, r2, r3
    a8b0:	e50b3030 	str	r3, [fp, #-48]	@ 0xffffffd0
    a8b4:	e51b2030 	ldr	r2, [fp, #-48]	@ 0xffffffd0
    a8b8:	e51b301c 	ldr	r3, [fp, #-28]	@ 0xffffffe4
    a8bc:	e0823003 	add	r3, r2, r3
    a8c0:	e51b20bc 	ldr	r2, [fp, #-188]	@ 0xffffff44
    a8c4:	e0821003 	add	r1, r2, r3
    a8c8:	e51b20c0 	ldr	r2, [fp, #-192]	@ 0xffffff40
    a8cc:	e51b3030 	ldr	r3, [fp, #-48]	@ 0xffffffd0
    a8d0:	e0632002 	rsb	r2, r3, r2
    a8d4:	e51b301c 	ldr	r3, [fp, #-28]	@ 0xffffffe4
    a8d8:	e0632002 	rsb	r2, r3, r2
    a8dc:	e24b303c 	sub	r3, fp, #60	@ 0x3c
    a8e0:	e3a00000 	mov	r0, #0
    a8e4:	e58d0000 	str	r0, [sp]
    a8e8:	e1a00001 	mov	r0, r1
    a8ec:	e1a01002 	mov	r1, r2
    a8f0:	e1a02003 	mov	r2, r3
    a8f4:	e51b301c 	ldr	r3, [fp, #-28]	@ 0xffffffe4
    a8f8:	ebfff528 	bl	7da0 <ak_rtsp_exit+0x180>
    a8fc:	e1a02000 	mov	r2, r0
    a900:	e51b3030 	ldr	r3, [fp, #-48]	@ 0xffffffd0
    a904:	e0822003 	add	r2, r2, r3
    a908:	e51b301c 	ldr	r3, [fp, #-28]	@ 0xffffffe4
    a90c:	e0823003 	add	r3, r2, r3
    a910:	e50b3034 	str	r3, [fp, #-52]	@ 0xffffffcc
    a914:	e51b30b8 	ldr	r3, [fp, #-184]	@ 0xffffff48
    a918:	e5933050 	ldr	r3, [r3, #80]	@ 0x50
    a91c:	e2832001 	add	r2, r3, #1
    a920:	e51b30b8 	ldr	r3, [fp, #-184]	@ 0xffffff48
    a924:	e5832050 	str	r2, [r3, #80]	@ 0x50
    a928:	e51b30b8 	ldr	r3, [fp, #-184]	@ 0xffffff48
    a92c:	e5933050 	ldr	r3, [r3, #80]	@ 0x50
    a930:	e3530013 	cmp	r3, #19
    a934:	da000016 	ble	a994 <send_rtp_udp+0x1c68>
    a938:	e51b30b8 	ldr	r3, [fp, #-184]	@ 0xffffff48
    a93c:	e3a02000 	mov	r2, #0
    a940:	e5832050 	str	r2, [r3, #80]	@ 0x50
    a944:	e59b3004 	ldr	r3, [fp, #4]
    a948:	e24b20b0 	sub	r2, fp, #176	@ 0xb0
    a94c:	e2822004 	add	r2, r2, #4
    a950:	e51b00b8 	ldr	r0, [fp, #-184]	@ 0xffffff48
    a954:	e1a01002 	mov	r1, r2
    a958:	e1a02003 	mov	r2, r3
    a95c:	ebffe01b 	bl	29d0 <MakeRTCP@plt>
    a960:	e3a03024 	mov	r3, #36	@ 0x24
    a964:	e54b30b0 	strb	r3, [fp, #-176]	@ 0xffffff50
    a968:	e3a03003 	mov	r3, #3
    a96c:	e54b30af 	strb	r3, [fp, #-175]	@ 0xffffff51
    a970:	e3a03000 	mov	r3, #0
    a974:	e54b30ae 	strb	r3, [fp, #-174]	@ 0xffffff52
    a978:	e3a03034 	mov	r3, #52	@ 0x34
    a97c:	e54b30ad 	strb	r3, [fp, #-173]	@ 0xffffff53
    a980:	e24b30b0 	sub	r3, fp, #176	@ 0xb0
    a984:	e51b00b8 	ldr	r0, [fp, #-184]	@ 0xffffff48
    a988:	e1a01003 	mov	r1, r3
    a98c:	e3a02038 	mov	r2, #56	@ 0x38
    a990:	ebfff7b3 	bl	8864 <rtsp_init_client+0x274>
    a994:	e3a03001 	mov	r3, #1
    a998:	e50b3018 	str	r3, [fp, #-24]	@ 0xffffffe8
    a99c:	e24b306c 	sub	r3, fp, #108	@ 0x6c
    a9a0:	e1a00003 	mov	r0, r3
    a9a4:	e51b10b8 	ldr	r1, [fp, #-184]	@ 0xffffff48
    a9a8:	e59b2004 	ldr	r2, [fp, #4]
    a9ac:	e51b3018 	ldr	r3, [fp, #-24]	@ 0xffffffe8
    a9b0:	ebffe02a 	bl	2a60 <set_rtp_header@plt>
    a9b4:	e55b3040 	ldrb	r3, [fp, #-64]	@ 0xffffffc0
    a9b8:	e3c33080 	bic	r3, r3, #128	@ 0x80
    a9bc:	e54b3040 	strb	r3, [fp, #-64]	@ 0xffffffc0
    a9c0:	e55b3040 	ldrb	r3, [fp, #-64]	@ 0xffffffc0
    a9c4:	e3833060 	orr	r3, r3, #96	@ 0x60
    a9c8:	e54b3040 	strb	r3, [fp, #-64]	@ 0xffffffc0
    a9cc:	e55b3040 	ldrb	r3, [fp, #-64]	@ 0xffffffc0
    a9d0:	e3c33018 	bic	r3, r3, #24
    a9d4:	e3833007 	orr	r3, r3, #7
    a9d8:	e54b3040 	strb	r3, [fp, #-64]	@ 0xffffffc0
    a9dc:	e51b30b8 	ldr	r3, [fp, #-184]	@ 0xffffff48
    a9e0:	e5932064 	ldr	r2, [r3, #100]	@ 0x64
    a9e4:	e51b3028 	ldr	r3, [fp, #-40]	@ 0xffffffd8
    a9e8:	e2833004 	add	r3, r3, #4
    a9ec:	e0821003 	add	r1, r2, r3
    a9f0:	e51b3020 	ldr	r3, [fp, #-32]	@ 0xffffffe0
    a9f4:	e24b2040 	sub	r2, fp, #64	@ 0x40
    a9f8:	e1a00001 	mov	r0, r1
    a9fc:	e1a01002 	mov	r1, r2
    aa00:	e1a02003 	mov	r2, r3
    aa04:	ebffe132 	bl	2ed4 <memcpy@plt>
    aa08:	e51b30b8 	ldr	r3, [fp, #-184]	@ 0xffffff48
    aa0c:	e5932064 	ldr	r2, [r3, #100]	@ 0x64
    aa10:	e51b3028 	ldr	r3, [fp, #-40]	@ 0xffffffd8
    aa14:	e2831004 	add	r1, r3, #4
    aa18:	e51b3020 	ldr	r3, [fp, #-32]	@ 0xffffffe0
    aa1c:	e0813003 	add	r3, r1, r3
    aa20:	e0821003 	add	r1, r2, r3
    aa24:	e51b202c 	ldr	r2, [fp, #-44]	@ 0xffffffd4
    aa28:	e51b301c 	ldr	r3, [fp, #-28]	@ 0xffffffe4
    aa2c:	e0822003 	add	r2, r2, r3
    aa30:	e51b3020 	ldr	r3, [fp, #-32]	@ 0xffffffe0
    aa34:	e0823003 	add	r3, r2, r3
    aa38:	e51b20bc 	ldr	r2, [fp, #-188]	@ 0xffffff44
    aa3c:	e0822003 	add	r2, r2, r3
    aa40:	e51b0030 	ldr	r0, [fp, #-48]	@ 0xffffffd0
    aa44:	e51b302c 	ldr	r3, [fp, #-44]	@ 0xffffffd4
    aa48:	e0630000 	rsb	r0, r3, r0
    aa4c:	e51b301c 	ldr	r3, [fp, #-28]	@ 0xffffffe4
    aa50:	e0630000 	rsb	r0, r3, r0
    aa54:	e51b3020 	ldr	r3, [fp, #-32]	@ 0xffffffe0
    aa58:	e0633000 	rsb	r3, r3, r0
    aa5c:	e1a00001 	mov	r0, r1
    aa60:	e1a01002 	mov	r1, r2
    aa64:	e1a02003 	mov	r2, r3
    aa68:	ebffe119 	bl	2ed4 <memcpy@plt>
    aa6c:	e51b2030 	ldr	r2, [fp, #-48]	@ 0xffffffd0
    aa70:	e51b302c 	ldr	r3, [fp, #-44]	@ 0xffffffd4
    aa74:	e0632002 	rsb	r2, r3, r2
    aa78:	e51b301c 	ldr	r3, [fp, #-28]	@ 0xffffffe4
    aa7c:	e0632002 	rsb	r2, r3, r2
    aa80:	e51b3028 	ldr	r3, [fp, #-40]	@ 0xffffffd8
    aa84:	e0823003 	add	r3, r2, r3
    aa88:	e50b3014 	str	r3, [fp, #-20]	@ 0xffffffec
    aa8c:	e51b30b8 	ldr	r3, [fp, #-184]	@ 0xffffff48
    aa90:	e5933064 	ldr	r3, [r3, #100]	@ 0x64
    aa94:	e1a00003 	mov	r0, r3
    aa98:	e51b1014 	ldr	r1, [fp, #-20]	@ 0xffffffec
    aa9c:	ebffdfdd 	bl	2a18 <fill_rtp_head_info@plt>
    aaa0:	e51b30b8 	ldr	r3, [fp, #-184]	@ 0xffffff48
    aaa4:	e5932064 	ldr	r2, [r3, #100]	@ 0x64
    aaa8:	e51b1014 	ldr	r1, [fp, #-20]	@ 0xffffffec
    aaac:	e51b3024 	ldr	r3, [fp, #-36]	@ 0xffffffdc
    aab0:	e0813003 	add	r3, r1, r3
    aab4:	e51b00b8 	ldr	r0, [fp, #-184]	@ 0xffffff48
    aab8:	e1a01002 	mov	r1, r2
    aabc:	e1a02003 	mov	r2, r3
    aac0:	ebfff767 	bl	8864 <rtsp_init_client+0x274>
    aac4:	e51b30b8 	ldr	r3, [fp, #-184]	@ 0xffffff48
    aac8:	e5932044 	ldr	r2, [r3, #68]	@ 0x44
    aacc:	e51b1014 	ldr	r1, [fp, #-20]	@ 0xffffffec
    aad0:	e51b3028 	ldr	r3, [fp, #-40]	@ 0xffffffd8
    aad4:	e0631001 	rsb	r1, r3, r1
    aad8:	e51b3020 	ldr	r3, [fp, #-32]	@ 0xffffffe0
    aadc:	e0633001 	rsb	r3, r3, r1
    aae0:	e0822003 	add	r2, r2, r3
    aae4:	e51b30b8 	ldr	r3, [fp, #-184]	@ 0xffffff48
    aae8:	e5832044 	str	r2, [r3, #68]	@ 0x44
    aaec:	e51b30b8 	ldr	r3, [fp, #-184]	@ 0xffffff48
    aaf0:	e5933048 	ldr	r3, [r3, #72]	@ 0x48
    aaf4:	e2832001 	add	r2, r3, #1
    aaf8:	e51b30b8 	ldr	r3, [fp, #-184]	@ 0xffffff48
    aafc:	e5832048 	str	r2, [r3, #72]	@ 0x48
    ab00:	e3a03001 	mov	r3, #1
    ab04:	e50b3018 	str	r3, [fp, #-24]	@ 0xffffffe8
    ab08:	e24b306c 	sub	r3, fp, #108	@ 0x6c
    ab0c:	e1a00003 	mov	r0, r3
    ab10:	e51b10b8 	ldr	r1, [fp, #-184]	@ 0xffffff48
    ab14:	e59b2004 	ldr	r2, [fp, #4]
    ab18:	e51b3018 	ldr	r3, [fp, #-24]	@ 0xffffffe8
    ab1c:	ebffdfcf 	bl	2a60 <set_rtp_header@plt>
    ab20:	e55b3040 	ldrb	r3, [fp, #-64]	@ 0xffffffc0
    ab24:	e3c33080 	bic	r3, r3, #128	@ 0x80
    ab28:	e54b3040 	strb	r3, [fp, #-64]	@ 0xffffffc0
    ab2c:	e55b3040 	ldrb	r3, [fp, #-64]	@ 0xffffffc0
    ab30:	e3833060 	orr	r3, r3, #96	@ 0x60
    ab34:	e54b3040 	strb	r3, [fp, #-64]	@ 0xffffffc0
    ab38:	e55b3040 	ldrb	r3, [fp, #-64]	@ 0xffffffc0
    ab3c:	e3c33017 	bic	r3, r3, #23
    ab40:	e3833008 	orr	r3, r3, #8
    ab44:	e54b3040 	strb	r3, [fp, #-64]	@ 0xffffffc0
    ab48:	e51b30b8 	ldr	r3, [fp, #-184]	@ 0xffffff48
    ab4c:	e5932064 	ldr	r2, [r3, #100]	@ 0x64
    ab50:	e51b3028 	ldr	r3, [fp, #-40]	@ 0xffffffd8
    ab54:	e2833004 	add	r3, r3, #4
    ab58:	e0821003 	add	r1, r2, r3
    ab5c:	e51b3020 	ldr	r3, [fp, #-32]	@ 0xffffffe0
    ab60:	e24b2040 	sub	r2, fp, #64	@ 0x40
    ab64:	e1a00001 	mov	r0, r1
    ab68:	e1a01002 	mov	r1, r2
    ab6c:	e1a02003 	mov	r2, r3
    ab70:	ebffe0d7 	bl	2ed4 <memcpy@plt>
    ab74:	e51b30b8 	ldr	r3, [fp, #-184]	@ 0xffffff48
    ab78:	e5932064 	ldr	r2, [r3, #100]	@ 0x64
    ab7c:	e51b3028 	ldr	r3, [fp, #-40]	@ 0xffffffd8
    ab80:	e2831004 	add	r1, r3, #4
    ab84:	e51b3020 	ldr	r3, [fp, #-32]	@ 0xffffffe0
    ab88:	e0813003 	add	r3, r1, r3
    ab8c:	e0821003 	add	r1, r2, r3
    ab90:	e51b2030 	ldr	r2, [fp, #-48]	@ 0xffffffd0
    ab94:	e51b301c 	ldr	r3, [fp, #-28]	@ 0xffffffe4
    ab98:	e0822003 	add	r2, r2, r3
    ab9c:	e51b3020 	ldr	r3, [fp, #-32]	@ 0xffffffe0
    aba0:	e0823003 	add	r3, r2, r3
    aba4:	e51b20bc 	ldr	r2, [fp, #-188]	@ 0xffffff44
    aba8:	e0822003 	add	r2, r2, r3
    abac:	e51b0034 	ldr	r0, [fp, #-52]	@ 0xffffffcc
    abb0:	e51b3030 	ldr	r3, [fp, #-48]	@ 0xffffffd0
    abb4:	e0630000 	rsb	r0, r3, r0
    abb8:	e51b301c 	ldr	r3, [fp, #-28]	@ 0xffffffe4
    abbc:	e0630000 	rsb	r0, r3, r0
    abc0:	e51b3020 	ldr	r3, [fp, #-32]	@ 0xffffffe0
    abc4:	e0633000 	rsb	r3, r3, r0
    abc8:	e1a00001 	mov	r0, r1
    abcc:	e1a01002 	mov	r1, r2
    abd0:	e1a02003 	mov	r2, r3
    abd4:	ebffe0be 	bl	2ed4 <memcpy@plt>
    abd8:	e51b2034 	ldr	r2, [fp, #-52]	@ 0xffffffcc
    abdc:	e51b3030 	ldr	r3, [fp, #-48]	@ 0xffffffd0
    abe0:	e0632002 	rsb	r2, r3, r2
    abe4:	e51b301c 	ldr	r3, [fp, #-28]	@ 0xffffffe4
    abe8:	e0632002 	rsb	r2, r3, r2
    abec:	e51b3028 	ldr	r3, [fp, #-40]	@ 0xffffffd8
    abf0:	e0823003 	add	r3, r2, r3
    abf4:	e50b3014 	str	r3, [fp, #-20]	@ 0xffffffec
    abf8:	e51b30b8 	ldr	r3, [fp, #-184]	@ 0xffffff48
    abfc:	e5933064 	ldr	r3, [r3, #100]	@ 0x64
    ac00:	e1a00003 	mov	r0, r3
    ac04:	e51b1014 	ldr	r1, [fp, #-20]	@ 0xffffffec
    ac08:	ebffdf82 	bl	2a18 <fill_rtp_head_info@plt>
    ac0c:	e51b30b8 	ldr	r3, [fp, #-184]	@ 0xffffff48
    ac10:	e5932064 	ldr	r2, [r3, #100]	@ 0x64
    ac14:	e51b1014 	ldr	r1, [fp, #-20]	@ 0xffffffec
    ac18:	e51b3024 	ldr	r3, [fp, #-36]	@ 0xffffffdc
    ac1c:	e0813003 	add	r3, r1, r3
    ac20:	e51b00b8 	ldr	r0, [fp, #-184]	@ 0xffffff48
    ac24:	e1a01002 	mov	r1, r2
    ac28:	e1a02003 	mov	r2, r3
    ac2c:	ebfff70c 	bl	8864 <rtsp_init_client+0x274>
    ac30:	e51b30b8 	ldr	r3, [fp, #-184]	@ 0xffffff48
    ac34:	e5932044 	ldr	r2, [r3, #68]	@ 0x44
    ac38:	e51b1014 	ldr	r1, [fp, #-20]	@ 0xffffffec
    ac3c:	e51b3028 	ldr	r3, [fp, #-40]	@ 0xffffffd8
    ac40:	e0631001 	rsb	r1, r3, r1
    ac44:	e51b3020 	ldr	r3, [fp, #-32]	@ 0xffffffe0
    ac48:	e0633001 	rsb	r3, r3, r1
    ac4c:	e0822003 	add	r2, r2, r3
    ac50:	e51b30b8 	ldr	r3, [fp, #-184]	@ 0xffffff48
    ac54:	e5832044 	str	r2, [r3, #68]	@ 0x44
    ac58:	e51b30b8 	ldr	r3, [fp, #-184]	@ 0xffffff48
    ac5c:	e5933048 	ldr	r3, [r3, #72]	@ 0x48
    ac60:	e2832001 	add	r2, r3, #1
    ac64:	e51b30b8 	ldr	r3, [fp, #-184]	@ 0xffffff48
    ac68:	e5832048 	str	r2, [r3, #72]	@ 0x48
    ac6c:	e51b20c0 	ldr	r2, [fp, #-192]	@ 0xffffff40
    ac70:	e51b3034 	ldr	r3, [fp, #-52]	@ 0xffffffcc
    ac74:	e0632002 	rsb	r2, r3, r2
    ac78:	e51b301c 	ldr	r3, [fp, #-28]	@ 0xffffffe4
    ac7c:	e0632002 	rsb	r2, r3, r2
    ac80:	e51b3020 	ldr	r3, [fp, #-32]	@ 0xffffffe0
    ac84:	e0633002 	rsb	r3, r3, r2
    ac88:	e50b300c 	str	r3, [fp, #-12]
    ac8c:	e51b300c 	ldr	r3, [fp, #-12]
    ac90:	e3530e5a 	cmp	r3, #1440	@ 0x5a0
    ac94:	da00007b 	ble	ae88 <send_rtp_udp+0x215c>
    ac98:	e3a03001 	mov	r3, #1
    ac9c:	e50b3010 	str	r3, [fp, #-16]
    aca0:	e51b2034 	ldr	r2, [fp, #-52]	@ 0xffffffcc
    aca4:	e51b301c 	ldr	r3, [fp, #-28]	@ 0xffffffe4
    aca8:	e0822003 	add	r2, r2, r3
    acac:	e51b3020 	ldr	r3, [fp, #-32]	@ 0xffffffe0
    acb0:	e0823003 	add	r3, r2, r3
    acb4:	e51b20bc 	ldr	r2, [fp, #-188]	@ 0xffffff44
    acb8:	e0823003 	add	r3, r2, r3
    acbc:	e50b3008 	str	r3, [fp, #-8]
    acc0:	ea00006c 	b	ae78 <send_rtp_udp+0x214c>
    acc4:	e51b300c 	ldr	r3, [fp, #-12]
    acc8:	e3530e5a 	cmp	r3, #1440	@ 0x5a0
    accc:	da000002 	ble	acdc <send_rtp_udp+0x1fb0>
    acd0:	e3a03000 	mov	r3, #0
    acd4:	e50b3018 	str	r3, [fp, #-24]	@ 0xffffffe8
    acd8:	ea000001 	b	ace4 <send_rtp_udp+0x1fb8>
    acdc:	e3a03001 	mov	r3, #1
    ace0:	e50b3018 	str	r3, [fp, #-24]	@ 0xffffffe8
    ace4:	e24b306c 	sub	r3, fp, #108	@ 0x6c
    ace8:	e1a00003 	mov	r0, r3
    acec:	e51b10b8 	ldr	r1, [fp, #-184]	@ 0xffffff48
    acf0:	e59b2004 	ldr	r2, [fp, #4]
    acf4:	e51b3018 	ldr	r3, [fp, #-24]	@ 0xffffffe8
    acf8:	ebffdf58 	bl	2a60 <set_rtp_header@plt>
    acfc:	e55b3044 	ldrb	r3, [fp, #-68]	@ 0xffffffbc
    ad00:	e3c33080 	bic	r3, r3, #128	@ 0x80
    ad04:	e54b3044 	strb	r3, [fp, #-68]	@ 0xffffffbc
    ad08:	e55b3044 	ldrb	r3, [fp, #-68]	@ 0xffffffbc
    ad0c:	e3833060 	orr	r3, r3, #96	@ 0x60
    ad10:	e54b3044 	strb	r3, [fp, #-68]	@ 0xffffffbc
    ad14:	e55b3044 	ldrb	r3, [fp, #-68]	@ 0xffffffbc
    ad18:	e3c33003 	bic	r3, r3, #3
    ad1c:	e383301c 	orr	r3, r3, #28
    ad20:	e54b3044 	strb	r3, [fp, #-68]	@ 0xffffffbc
    ad24:	e51b30b8 	ldr	r3, [fp, #-184]	@ 0xffffff48
    ad28:	e5933064 	ldr	r3, [r3, #100]	@ 0x64
    ad2c:	e2833010 	add	r3, r3, #16
    ad30:	e55b2044 	ldrb	r2, [fp, #-68]	@ 0xffffffbc
    ad34:	e5c32000 	strb	r2, [r3]
    ad38:	e55b3048 	ldrb	r3, [fp, #-72]	@ 0xffffffb8
    ad3c:	e3c3301a 	bic	r3, r3, #26
    ad40:	e3833005 	orr	r3, r3, #5
    ad44:	e54b3048 	strb	r3, [fp, #-72]	@ 0xffffffb8
    ad48:	e55b3048 	ldrb	r3, [fp, #-72]	@ 0xffffffb8
    ad4c:	e3c33080 	bic	r3, r3, #128	@ 0x80
    ad50:	e54b3048 	strb	r3, [fp, #-72]	@ 0xffffffb8
    ad54:	e55b3048 	ldrb	r3, [fp, #-72]	@ 0xffffffb8
    ad58:	e3c33040 	bic	r3, r3, #64	@ 0x40
    ad5c:	e54b3048 	strb	r3, [fp, #-72]	@ 0xffffffb8
    ad60:	e55b3048 	ldrb	r3, [fp, #-72]	@ 0xffffffb8
    ad64:	e3c33020 	bic	r3, r3, #32
    ad68:	e54b3048 	strb	r3, [fp, #-72]	@ 0xffffffb8
    ad6c:	e51b3010 	ldr	r3, [fp, #-16]
    ad70:	e3530001 	cmp	r3, #1
    ad74:	1a000004 	bne	ad8c <send_rtp_udp+0x2060>
    ad78:	e55b3048 	ldrb	r3, [fp, #-72]	@ 0xffffffb8
    ad7c:	e3833080 	orr	r3, r3, #128	@ 0x80
    ad80:	e54b3048 	strb	r3, [fp, #-72]	@ 0xffffffb8
    ad84:	e3a03000 	mov	r3, #0
    ad88:	e50b3010 	str	r3, [fp, #-16]
    ad8c:	e51b300c 	ldr	r3, [fp, #-12]
    ad90:	e3530e5a 	cmp	r3, #1440	@ 0x5a0
    ad94:	ca000002 	bgt	ada4 <send_rtp_udp+0x2078>
    ad98:	e55b3048 	ldrb	r3, [fp, #-72]	@ 0xffffffb8
    ad9c:	e3833040 	orr	r3, r3, #64	@ 0x40
    ada0:	e54b3048 	strb	r3, [fp, #-72]	@ 0xffffffb8
    ada4:	e51b30b8 	ldr	r3, [fp, #-184]	@ 0xffffff48
    ada8:	e5933064 	ldr	r3, [r3, #100]	@ 0x64
    adac:	e2833011 	add	r3, r3, #17
    adb0:	e55b2048 	ldrb	r2, [fp, #-72]	@ 0xffffffb8
    adb4:	e5c32000 	strb	r2, [r3]
    adb8:	e51b30b8 	ldr	r3, [fp, #-184]	@ 0xffffff48
    adbc:	e5933064 	ldr	r3, [r3, #100]	@ 0x64
    adc0:	e2833012 	add	r3, r3, #18
    adc4:	e1a00003 	mov	r0, r3
    adc8:	e51b1008 	ldr	r1, [fp, #-8]
    adcc:	e3a02e5a 	mov	r2, #1440	@ 0x5a0
    add0:	ebffe03f 	bl	2ed4 <memcpy@plt>
    add4:	e51b300c 	ldr	r3, [fp, #-12]
    add8:	e3530e5a 	cmp	r3, #1440	@ 0x5a0
    addc:	da000002 	ble	adec <send_rtp_udp+0x20c0>
    ade0:	e59f3540 	ldr	r3, [pc, #1344]	@ b328 <send_rtp_udp+0x25fc>
    ade4:	e50b3014 	str	r3, [fp, #-20]	@ 0xffffffec
    ade8:	ea000002 	b	adf8 <send_rtp_udp+0x20cc>
    adec:	e51b300c 	ldr	r3, [fp, #-12]
    adf0:	e283300e 	add	r3, r3, #14
    adf4:	e50b3014 	str	r3, [fp, #-20]	@ 0xffffffec
    adf8:	e51b30b8 	ldr	r3, [fp, #-184]	@ 0xffffff48
    adfc:	e5933064 	ldr	r3, [r3, #100]	@ 0x64
    ae00:	e1a00003 	mov	r0, r3
    ae04:	e51b1014 	ldr	r1, [fp, #-20]	@ 0xffffffec
    ae08:	ebffdf02 	bl	2a18 <fill_rtp_head_info@plt>
    ae0c:	e51b30b8 	ldr	r3, [fp, #-184]	@ 0xffffff48
    ae10:	e5932064 	ldr	r2, [r3, #100]	@ 0x64
    ae14:	e51b1014 	ldr	r1, [fp, #-20]	@ 0xffffffec
    ae18:	e51b3024 	ldr	r3, [fp, #-36]	@ 0xffffffdc
    ae1c:	e0813003 	add	r3, r1, r3
    ae20:	e51b00b8 	ldr	r0, [fp, #-184]	@ 0xffffff48
    ae24:	e1a01002 	mov	r1, r2
    ae28:	e1a02003 	mov	r2, r3
    ae2c:	ebfff68c 	bl	8864 <rtsp_init_client+0x274>
    ae30:	e51b30b8 	ldr	r3, [fp, #-184]	@ 0xffffff48
    ae34:	e5932044 	ldr	r2, [r3, #68]	@ 0x44
    ae38:	e51b3014 	ldr	r3, [fp, #-20]	@ 0xffffffec
    ae3c:	e0823003 	add	r3, r2, r3
    ae40:	e243200f 	sub	r2, r3, #15
    ae44:	e51b30b8 	ldr	r3, [fp, #-184]	@ 0xffffff48
    ae48:	e5832044 	str	r2, [r3, #68]	@ 0x44
    ae4c:	e51b30b8 	ldr	r3, [fp, #-184]	@ 0xffffff48
    ae50:	e5933048 	ldr	r3, [r3, #72]	@ 0x48
    ae54:	e2832001 	add	r2, r3, #1
    ae58:	e51b30b8 	ldr	r3, [fp, #-184]	@ 0xffffff48
    ae5c:	e5832048 	str	r2, [r3, #72]	@ 0x48
    ae60:	e51b3008 	ldr	r3, [fp, #-8]
    ae64:	e2833e5a 	add	r3, r3, #1440	@ 0x5a0
    ae68:	e50b3008 	str	r3, [fp, #-8]
    ae6c:	e51b300c 	ldr	r3, [fp, #-12]
    ae70:	e2433e5a 	sub	r3, r3, #1440	@ 0x5a0
    ae74:	e50b300c 	str	r3, [fp, #-12]
    ae78:	e51b300c 	ldr	r3, [fp, #-12]
    ae7c:	e3530000 	cmp	r3, #0
    ae80:	caffff8f 	bgt	acc4 <send_rtp_udp+0x1f98>
    ae84:	ea000123 	b	b318 <send_rtp_udp+0x25ec>
    ae88:	e3a03001 	mov	r3, #1
    ae8c:	e50b3018 	str	r3, [fp, #-24]	@ 0xffffffe8
    ae90:	e24b306c 	sub	r3, fp, #108	@ 0x6c
    ae94:	e1a00003 	mov	r0, r3
    ae98:	e51b10b8 	ldr	r1, [fp, #-184]	@ 0xffffff48
    ae9c:	e59b2004 	ldr	r2, [fp, #4]
    aea0:	e51b3018 	ldr	r3, [fp, #-24]	@ 0xffffffe8
    aea4:	ebffdeed 	bl	2a60 <set_rtp_header@plt>
    aea8:	e55b3040 	ldrb	r3, [fp, #-64]	@ 0xffffffc0
    aeac:	e3c33080 	bic	r3, r3, #128	@ 0x80
    aeb0:	e54b3040 	strb	r3, [fp, #-64]	@ 0xffffffc0
    aeb4:	e55b3040 	ldrb	r3, [fp, #-64]	@ 0xffffffc0
    aeb8:	e3833060 	orr	r3, r3, #96	@ 0x60
    aebc:	e54b3040 	strb	r3, [fp, #-64]	@ 0xffffffc0
    aec0:	e55b3040 	ldrb	r3, [fp, #-64]	@ 0xffffffc0
    aec4:	e3c3301a 	bic	r3, r3, #26
    aec8:	e3833005 	orr	r3, r3, #5
    aecc:	e54b3040 	strb	r3, [fp, #-64]	@ 0xffffffc0
    aed0:	e51b30b8 	ldr	r3, [fp, #-184]	@ 0xffffff48
    aed4:	e5933064 	ldr	r3, [r3, #100]	@ 0x64
    aed8:	e2833010 	add	r3, r3, #16
    aedc:	e55b2040 	ldrb	r2, [fp, #-64]	@ 0xffffffc0
    aee0:	e5c32000 	strb	r2, [r3]
    aee4:	e51b30b8 	ldr	r3, [fp, #-184]	@ 0xffffff48
    aee8:	e5933064 	ldr	r3, [r3, #100]	@ 0x64
    aeec:	e2831011 	add	r1, r3, #17
    aef0:	e51b3034 	ldr	r3, [fp, #-52]	@ 0xffffffcc
    aef4:	e2833005 	add	r3, r3, #5
    aef8:	e51b20bc 	ldr	r2, [fp, #-188]	@ 0xffffff44
    aefc:	e0822003 	add	r2, r2, r3
    af00:	e51b00c0 	ldr	r0, [fp, #-192]	@ 0xffffff40
    af04:	e51b3034 	ldr	r3, [fp, #-52]	@ 0xffffffcc
    af08:	e0633000 	rsb	r3, r3, r0
    af0c:	e2433005 	sub	r3, r3, #5
    af10:	e1a00001 	mov	r0, r1
    af14:	e1a01002 	mov	r1, r2
    af18:	e1a02003 	mov	r2, r3
    af1c:	ebffdfec 	bl	2ed4 <memcpy@plt>
    af20:	e51b20c0 	ldr	r2, [fp, #-192]	@ 0xffffff40
    af24:	e51b3034 	ldr	r3, [fp, #-52]	@ 0xffffffcc
    af28:	e0633002 	rsb	r3, r3, r2
    af2c:	e2833008 	add	r3, r3, #8
    af30:	e50b3014 	str	r3, [fp, #-20]	@ 0xffffffec
    af34:	e51b30b8 	ldr	r3, [fp, #-184]	@ 0xffffff48
    af38:	e5933064 	ldr	r3, [r3, #100]	@ 0x64
    af3c:	e1a00003 	mov	r0, r3
    af40:	e51b1014 	ldr	r1, [fp, #-20]	@ 0xffffffec
    af44:	ebffdeb3 	bl	2a18 <fill_rtp_head_info@plt>
    af48:	e51b30b8 	ldr	r3, [fp, #-184]	@ 0xffffff48
    af4c:	e5932064 	ldr	r2, [r3, #100]	@ 0x64
    af50:	e51b3014 	ldr	r3, [fp, #-20]	@ 0xffffffec
    af54:	e2833004 	add	r3, r3, #4
    af58:	e51b00b8 	ldr	r0, [fp, #-184]	@ 0xffffff48
    af5c:	e1a01002 	mov	r1, r2
    af60:	e1a02003 	mov	r2, r3
    af64:	ebfff63e 	bl	8864 <rtsp_init_client+0x274>
    af68:	e51b30b8 	ldr	r3, [fp, #-184]	@ 0xffffff48
    af6c:	e5932044 	ldr	r2, [r3, #68]	@ 0x44
    af70:	e51b1014 	ldr	r1, [fp, #-20]	@ 0xffffffec
    af74:	e51b3020 	ldr	r3, [fp, #-32]	@ 0xffffffe0
    af78:	e0631001 	rsb	r1, r3, r1
    af7c:	e51b3028 	ldr	r3, [fp, #-40]	@ 0xffffffd8
    af80:	e0633001 	rsb	r3, r3, r1
    af84:	e0822003 	add	r2, r2, r3
    af88:	e51b30b8 	ldr	r3, [fp, #-184]	@ 0xffffff48
    af8c:	e5832044 	str	r2, [r3, #68]	@ 0x44
    af90:	e51b30b8 	ldr	r3, [fp, #-184]	@ 0xffffff48
    af94:	e5933048 	ldr	r3, [r3, #72]	@ 0x48
    af98:	e2832001 	add	r2, r3, #1
    af9c:	e51b30b8 	ldr	r3, [fp, #-184]	@ 0xffffff48
    afa0:	e5832048 	str	r2, [r3, #72]	@ 0x48
    afa4:	ea0000db 	b	b318 <send_rtp_udp+0x25ec>
    afa8:	e24b303c 	sub	r3, fp, #60	@ 0x3c
    afac:	e3a02000 	mov	r2, #0
    afb0:	e58d2000 	str	r2, [sp]
    afb4:	e51b00bc 	ldr	r0, [fp, #-188]	@ 0xffffff44
    afb8:	e51b10c0 	ldr	r1, [fp, #-192]	@ 0xffffff40
    afbc:	e1a02003 	mov	r2, r3
    afc0:	e3a03004 	mov	r3, #4
    afc4:	ebfff375 	bl	7da0 <ak_rtsp_exit+0x180>
    afc8:	e50b0038 	str	r0, [fp, #-56]	@ 0xffffffc8
    afcc:	e51b20c0 	ldr	r2, [fp, #-192]	@ 0xffffff40
    afd0:	e51b3038 	ldr	r3, [fp, #-56]	@ 0xffffffc8
    afd4:	e0632002 	rsb	r2, r3, r2
    afd8:	e51b301c 	ldr	r3, [fp, #-28]	@ 0xffffffe4
    afdc:	e0632002 	rsb	r2, r3, r2
    afe0:	e51b3020 	ldr	r3, [fp, #-32]	@ 0xffffffe0
    afe4:	e0633002 	rsb	r3, r3, r2
    afe8:	e50b300c 	str	r3, [fp, #-12]
    afec:	e51b300c 	ldr	r3, [fp, #-12]
    aff0:	e3530e5a 	cmp	r3, #1440	@ 0x5a0
    aff4:	da00007f 	ble	b1f8 <send_rtp_udp+0x24cc>
    aff8:	e3a03001 	mov	r3, #1
    affc:	e50b3010 	str	r3, [fp, #-16]
    b000:	e51b2038 	ldr	r2, [fp, #-56]	@ 0xffffffc8
    b004:	e51b301c 	ldr	r3, [fp, #-28]	@ 0xffffffe4
    b008:	e0822003 	add	r2, r2, r3
    b00c:	e51b3020 	ldr	r3, [fp, #-32]	@ 0xffffffe0
    b010:	e0823003 	add	r3, r2, r3
    b014:	e51b20bc 	ldr	r2, [fp, #-188]	@ 0xffffff44
    b018:	e0823003 	add	r3, r2, r3
    b01c:	e50b3008 	str	r3, [fp, #-8]
    b020:	ea000070 	b	b1e8 <send_rtp_udp+0x24bc>
    b024:	e51b300c 	ldr	r3, [fp, #-12]
    b028:	e3530e5a 	cmp	r3, #1440	@ 0x5a0
    b02c:	da000002 	ble	b03c <send_rtp_udp+0x2310>
    b030:	e3a03000 	mov	r3, #0
    b034:	e50b3018 	str	r3, [fp, #-24]	@ 0xffffffe8
    b038:	ea000001 	b	b044 <send_rtp_udp+0x2318>
    b03c:	e3a03001 	mov	r3, #1
    b040:	e50b3018 	str	r3, [fp, #-24]	@ 0xffffffe8
    b044:	e24b306c 	sub	r3, fp, #108	@ 0x6c
    b048:	e1a00003 	mov	r0, r3
    b04c:	e51b10b8 	ldr	r1, [fp, #-184]	@ 0xffffff48
    b050:	e59b2004 	ldr	r2, [fp, #4]
    b054:	e51b3018 	ldr	r3, [fp, #-24]	@ 0xffffffe8
    b058:	ebffde80 	bl	2a60 <set_rtp_header@plt>
    b05c:	e55b3044 	ldrb	r3, [fp, #-68]	@ 0xffffffbc
    b060:	e3c33080 	bic	r3, r3, #128	@ 0x80
    b064:	e54b3044 	strb	r3, [fp, #-68]	@ 0xffffffbc
    b068:	e55b3044 	ldrb	r3, [fp, #-68]	@ 0xffffffbc
    b06c:	e3c33020 	bic	r3, r3, #32
    b070:	e3833040 	orr	r3, r3, #64	@ 0x40
    b074:	e54b3044 	strb	r3, [fp, #-68]	@ 0xffffffbc
    b078:	e55b3044 	ldrb	r3, [fp, #-68]	@ 0xffffffbc
    b07c:	e3c33003 	bic	r3, r3, #3
    b080:	e383301c 	orr	r3, r3, #28
    b084:	e54b3044 	strb	r3, [fp, #-68]	@ 0xffffffbc
    b088:	e51b30b8 	ldr	r3, [fp, #-184]	@ 0xffffff48
    b08c:	e5933064 	ldr	r3, [r3, #100]	@ 0x64
    b090:	e2833010 	add	r3, r3, #16
    b094:	e55b2044 	ldrb	r2, [fp, #-68]	@ 0xffffffbc
    b098:	e5c32000 	strb	r2, [r3]
    b09c:	e55b3048 	ldrb	r3, [fp, #-72]	@ 0xffffffb8
    b0a0:	e3c3301e 	bic	r3, r3, #30
    b0a4:	e3833001 	orr	r3, r3, #1
    b0a8:	e54b3048 	strb	r3, [fp, #-72]	@ 0xffffffb8
    b0ac:	e55b3048 	ldrb	r3, [fp, #-72]	@ 0xffffffb8
    b0b0:	e3c33080 	bic	r3, r3, #128	@ 0x80
    b0b4:	e54b3048 	strb	r3, [fp, #-72]	@ 0xffffffb8
    b0b8:	e55b3048 	ldrb	r3, [fp, #-72]	@ 0xffffffb8
    b0bc:	e3c33040 	bic	r3, r3, #64	@ 0x40
    b0c0:	e54b3048 	strb	r3, [fp, #-72]	@ 0xffffffb8
    b0c4:	e55b3048 	ldrb	r3, [fp, #-72]	@ 0xffffffb8
    b0c8:	e3c33020 	bic	r3, r3, #32
    b0cc:	e54b3048 	strb	r3, [fp, #-72]	@ 0xffffffb8
    b0d0:	e51b3010 	ldr	r3, [fp, #-16]
    b0d4:	e3530001 	cmp	r3, #1
    b0d8:	1a000004 	bne	b0f0 <send_rtp_udp+0x23c4>
    b0dc:	e55b3048 	ldrb	r3, [fp, #-72]	@ 0xffffffb8
    b0e0:	e3833080 	orr	r3, r3, #128	@ 0x80
    b0e4:	e54b3048 	strb	r3, [fp, #-72]	@ 0xffffffb8
    b0e8:	e3a03000 	mov	r3, #0
    b0ec:	e50b3010 	str	r3, [fp, #-16]
    b0f0:	e51b300c 	ldr	r3, [fp, #-12]
    b0f4:	e3530e5a 	cmp	r3, #1440	@ 0x5a0
    b0f8:	ca000002 	bgt	b108 <send_rtp_udp+0x23dc>
    b0fc:	e55b3048 	ldrb	r3, [fp, #-72]	@ 0xffffffb8
    b100:	e3833040 	orr	r3, r3, #64	@ 0x40
    b104:	e54b3048 	strb	r3, [fp, #-72]	@ 0xffffffb8
    b108:	e51b30b8 	ldr	r3, [fp, #-184]	@ 0xffffff48
    b10c:	e5933064 	ldr	r3, [r3, #100]	@ 0x64
    b110:	e2833011 	add	r3, r3, #17
    b114:	e55b2048 	ldrb	r2, [fp, #-72]	@ 0xffffffb8
    b118:	e5c32000 	strb	r2, [r3]
    b11c:	e51b30b8 	ldr	r3, [fp, #-184]	@ 0xffffff48
    b120:	e5933064 	ldr	r3, [r3, #100]	@ 0x64
    b124:	e2833012 	add	r3, r3, #18
    b128:	e1a00003 	mov	r0, r3
    b12c:	e51b1008 	ldr	r1, [fp, #-8]
    b130:	e3a02e5a 	mov	r2, #1440	@ 0x5a0
    b134:	ebffdf66 	bl	2ed4 <memcpy@plt>
    b138:	e51b300c 	ldr	r3, [fp, #-12]
    b13c:	e3530e5a 	cmp	r3, #1440	@ 0x5a0
    b140:	da000002 	ble	b150 <send_rtp_udp+0x2424>
    b144:	e59f31dc 	ldr	r3, [pc, #476]	@ b328 <send_rtp_udp+0x25fc>
    b148:	e50b3014 	str	r3, [fp, #-20]	@ 0xffffffec
    b14c:	ea000002 	b	b15c <send_rtp_udp+0x2430>
    b150:	e51b300c 	ldr	r3, [fp, #-12]
    b154:	e283300e 	add	r3, r3, #14
    b158:	e50b3014 	str	r3, [fp, #-20]	@ 0xffffffec
    b15c:	e51b30b8 	ldr	r3, [fp, #-184]	@ 0xffffff48
    b160:	e5933064 	ldr	r3, [r3, #100]	@ 0x64
    b164:	e1a00003 	mov	r0, r3
    b168:	e51b1014 	ldr	r1, [fp, #-20]	@ 0xffffffec
    b16c:	ebffde29 	bl	2a18 <fill_rtp_head_info@plt>
    b170:	e51b30b8 	ldr	r3, [fp, #-184]	@ 0xffffff48
    b174:	e5932064 	ldr	r2, [r3, #100]	@ 0x64
    b178:	e51b3014 	ldr	r3, [fp, #-20]	@ 0xffffffec
    b17c:	e2833004 	add	r3, r3, #4
    b180:	e51b00b8 	ldr	r0, [fp, #-184]	@ 0xffffff48
    b184:	e1a01002 	mov	r1, r2
    b188:	e1a02003 	mov	r2, r3
    b18c:	ebfff5b4 	bl	8864 <rtsp_init_client+0x274>
    b190:	e51b30b8 	ldr	r3, [fp, #-184]	@ 0xffffff48
    b194:	e5932044 	ldr	r2, [r3, #68]	@ 0x44
    b198:	e51b1014 	ldr	r1, [fp, #-20]	@ 0xffffffec
    b19c:	e51b3028 	ldr	r3, [fp, #-40]	@ 0xffffffd8
    b1a0:	e0633001 	rsb	r3, r3, r1
    b1a4:	e2431001 	sub	r1, r3, #1
    b1a8:	e51b3020 	ldr	r3, [fp, #-32]	@ 0xffffffe0
    b1ac:	e0633001 	rsb	r3, r3, r1
    b1b0:	e0822003 	add	r2, r2, r3
    b1b4:	e51b30b8 	ldr	r3, [fp, #-184]	@ 0xffffff48
    b1b8:	e5832044 	str	r2, [r3, #68]	@ 0x44
    b1bc:	e51b30b8 	ldr	r3, [fp, #-184]	@ 0xffffff48
    b1c0:	e5933048 	ldr	r3, [r3, #72]	@ 0x48
    b1c4:	e2832001 	add	r2, r3, #1
    b1c8:	e51b30b8 	ldr	r3, [fp, #-184]	@ 0xffffff48
    b1cc:	e5832048 	str	r2, [r3, #72]	@ 0x48
    b1d0:	e51b3008 	ldr	r3, [fp, #-8]
    b1d4:	e2833e5a 	add	r3, r3, #1440	@ 0x5a0
    b1d8:	e50b3008 	str	r3, [fp, #-8]
    b1dc:	e51b300c 	ldr	r3, [fp, #-12]
    b1e0:	e2433e5a 	sub	r3, r3, #1440	@ 0x5a0
    b1e4:	e50b300c 	str	r3, [fp, #-12]
    b1e8:	e51b300c 	ldr	r3, [fp, #-12]
    b1ec:	e3530000 	cmp	r3, #0
    b1f0:	caffff8b 	bgt	b024 <send_rtp_udp+0x22f8>
    b1f4:	ea000047 	b	b318 <send_rtp_udp+0x25ec>
    b1f8:	e3a03001 	mov	r3, #1
    b1fc:	e50b3018 	str	r3, [fp, #-24]	@ 0xffffffe8
    b200:	e24b306c 	sub	r3, fp, #108	@ 0x6c
    b204:	e1a00003 	mov	r0, r3
    b208:	e51b10b8 	ldr	r1, [fp, #-184]	@ 0xffffff48
    b20c:	e59b2004 	ldr	r2, [fp, #4]
    b210:	e51b3018 	ldr	r3, [fp, #-24]	@ 0xffffffe8
    b214:	ebffde11 	bl	2a60 <set_rtp_header@plt>
    b218:	e55b3040 	ldrb	r3, [fp, #-64]	@ 0xffffffc0
    b21c:	e3c33080 	bic	r3, r3, #128	@ 0x80
    b220:	e54b3040 	strb	r3, [fp, #-64]	@ 0xffffffc0
    b224:	e55b3040 	ldrb	r3, [fp, #-64]	@ 0xffffffc0
    b228:	e3c33020 	bic	r3, r3, #32
    b22c:	e3833040 	orr	r3, r3, #64	@ 0x40
    b230:	e54b3040 	strb	r3, [fp, #-64]	@ 0xffffffc0
    b234:	e55b3040 	ldrb	r3, [fp, #-64]	@ 0xffffffc0
    b238:	e3c3301e 	bic	r3, r3, #30
    b23c:	e3833001 	orr	r3, r3, #1
    b240:	e54b3040 	strb	r3, [fp, #-64]	@ 0xffffffc0
    b244:	e51b30b8 	ldr	r3, [fp, #-184]	@ 0xffffff48
    b248:	e5933064 	ldr	r3, [r3, #100]	@ 0x64
    b24c:	e2833010 	add	r3, r3, #16
    b250:	e55b2040 	ldrb	r2, [fp, #-64]	@ 0xffffffc0
    b254:	e5c32000 	strb	r2, [r3]
    b258:	e51b30b8 	ldr	r3, [fp, #-184]	@ 0xffffff48
    b25c:	e5933064 	ldr	r3, [r3, #100]	@ 0x64
    b260:	e2831011 	add	r1, r3, #17
    b264:	e51b3038 	ldr	r3, [fp, #-56]	@ 0xffffffc8
    b268:	e2833005 	add	r3, r3, #5
    b26c:	e51b20bc 	ldr	r2, [fp, #-188]	@ 0xffffff44
    b270:	e0822003 	add	r2, r2, r3
    b274:	e51b00c0 	ldr	r0, [fp, #-192]	@ 0xffffff40
    b278:	e51b3038 	ldr	r3, [fp, #-56]	@ 0xffffffc8
    b27c:	e0633000 	rsb	r3, r3, r0
    b280:	e2433005 	sub	r3, r3, #5
    b284:	e1a00001 	mov	r0, r1
    b288:	e1a01002 	mov	r1, r2
    b28c:	e1a02003 	mov	r2, r3
    b290:	ebffdf0f 	bl	2ed4 <memcpy@plt>
    b294:	e51b20c0 	ldr	r2, [fp, #-192]	@ 0xffffff40
    b298:	e51b3038 	ldr	r3, [fp, #-56]	@ 0xffffffc8
    b29c:	e0633002 	rsb	r3, r3, r2
    b2a0:	e2833008 	add	r3, r3, #8
    b2a4:	e50b3014 	str	r3, [fp, #-20]	@ 0xffffffec
    b2a8:	e51b30b8 	ldr	r3, [fp, #-184]	@ 0xffffff48
    b2ac:	e5933064 	ldr	r3, [r3, #100]	@ 0x64
    b2b0:	e1a00003 	mov	r0, r3
    b2b4:	e51b1014 	ldr	r1, [fp, #-20]	@ 0xffffffec
    b2b8:	ebffddd6 	bl	2a18 <fill_rtp_head_info@plt>
    b2bc:	e51b30b8 	ldr	r3, [fp, #-184]	@ 0xffffff48
    b2c0:	e5932064 	ldr	r2, [r3, #100]	@ 0x64
    b2c4:	e51b3014 	ldr	r3, [fp, #-20]	@ 0xffffffec
    b2c8:	e2833004 	add	r3, r3, #4
    b2cc:	e51b00b8 	ldr	r0, [fp, #-184]	@ 0xffffff48
    b2d0:	e1a01002 	mov	r1, r2
    b2d4:	e1a02003 	mov	r2, r3
    b2d8:	ebfff561 	bl	8864 <rtsp_init_client+0x274>
    b2dc:	e51b30b8 	ldr	r3, [fp, #-184]	@ 0xffffff48
    b2e0:	e5932044 	ldr	r2, [r3, #68]	@ 0x44
    b2e4:	e51b1014 	ldr	r1, [fp, #-20]	@ 0xffffffec
    b2e8:	e51b3028 	ldr	r3, [fp, #-40]	@ 0xffffffd8
    b2ec:	e0631001 	rsb	r1, r3, r1
    b2f0:	e51b3020 	ldr	r3, [fp, #-32]	@ 0xffffffe0
    b2f4:	e0633001 	rsb	r3, r3, r1
    b2f8:	e0822003 	add	r2, r2, r3
    b2fc:	e51b30b8 	ldr	r3, [fp, #-184]	@ 0xffffff48
    b300:	e5832044 	str	r2, [r3, #68]	@ 0x44
    b304:	e51b30b8 	ldr	r3, [fp, #-184]	@ 0xffffff48
    b308:	e5933048 	ldr	r3, [r3, #72]	@ 0x48
    b30c:	e2832001 	add	r2, r3, #1
    b310:	e51b30b8 	ldr	r3, [fp, #-184]	@ 0xffffff48
    b314:	e5832048 	str	r2, [r3, #72]	@ 0x48
    b318:	e3a03000 	mov	r3, #0
    b31c:	e1a00003 	mov	r0, r3
    b320:	e24bd004 	sub	sp, fp, #4
    b324:	e8bd8800 	pop	{fp, pc}
    b328:	000005ae 	andeq	r0, r0, lr, lsr #11

0000b32c <send_rtp_tcp>:
    b32c:	e92d4800 	push	{fp, lr}
    b330:	e28db004 	add	fp, sp, #4
    b334:	e24dd018 	sub	sp, sp, #24
    b338:	e50b0008 	str	r0, [fp, #-8]
    b33c:	e50b100c 	str	r1, [fp, #-12]
    b340:	e50b2010 	str	r2, [fp, #-16]
    b344:	e50b3014 	str	r3, [fp, #-20]	@ 0xffffffec
    b348:	e51b2008 	ldr	r2, [fp, #-8]
    b34c:	e59f3098 	ldr	r3, [pc, #152]	@ b3ec <send_rtp_tcp+0xc0>
    b350:	e7923003 	ldr	r3, [r2, r3]
    b354:	e3530000 	cmp	r3, #0
    b358:	1a000008 	bne	b380 <send_rtp_tcp+0x54>
    b35c:	e59b3004 	ldr	r3, [fp, #4]
    b360:	e58d3000 	str	r3, [sp]
    b364:	e51b0008 	ldr	r0, [fp, #-8]
    b368:	e51b100c 	ldr	r1, [fp, #-12]
    b36c:	e51b2010 	ldr	r2, [fp, #-16]
    b370:	e51b3014 	ldr	r3, [fp, #-20]	@ 0xffffffec
    b374:	ebfffd09 	bl	a7a0 <send_rtp_udp+0x1a74>
    b378:	e1a03000 	mov	r3, r0
    b37c:	ea000017 	b	b3e0 <send_rtp_tcp+0xb4>
    b380:	e51b2008 	ldr	r2, [fp, #-8]
    b384:	e59f3060 	ldr	r3, [pc, #96]	@ b3ec <send_rtp_tcp+0xc0>
    b388:	e7923003 	ldr	r3, [r2, r3]
    b38c:	e3530002 	cmp	r3, #2
    b390:	1a000008 	bne	b3b8 <send_rtp_tcp+0x8c>
    b394:	e59b3004 	ldr	r3, [fp, #4]
    b398:	e58d3000 	str	r3, [sp]
    b39c:	e51b0008 	ldr	r0, [fp, #-8]
    b3a0:	e51b100c 	ldr	r1, [fp, #-12]
    b3a4:	e51b2010 	ldr	r2, [fp, #-16]
    b3a8:	e51b3014 	ldr	r3, [fp, #-20]	@ 0xffffffec
    b3ac:	ebfff99a 	bl	9a1c <send_rtp_udp+0xcf0>
    b3b0:	e1a03000 	mov	r3, r0
    b3b4:	ea000009 	b	b3e0 <send_rtp_tcp+0xb4>
    b3b8:	e51b2008 	ldr	r2, [fp, #-8]
    b3bc:	e59f3028 	ldr	r3, [pc, #40]	@ b3ec <send_rtp_tcp+0xc0>
    b3c0:	e7923003 	ldr	r3, [r2, r3]
    b3c4:	e58d3000 	str	r3, [sp]
    b3c8:	e3a00001 	mov	r0, #1
    b3cc:	e59f101c 	ldr	r1, [pc, #28]	@ b3f0 <send_rtp_tcp+0xc4>
    b3d0:	e59f201c 	ldr	r2, [pc, #28]	@ b3f4 <send_rtp_tcp+0xc8>
    b3d4:	e59f301c 	ldr	r3, [pc, #28]	@ b3f8 <send_rtp_tcp+0xcc>
    b3d8:	ebffdd91 	bl	2a24 <ak_print@plt>
    b3dc:	e3e03000 	mvn	r3, #0
    b3e0:	e1a00003 	mov	r0, r3
    b3e4:	e24bd004 	sub	sp, fp, #4
    b3e8:	e8bd8800 	pop	{fp, pc}
    b3ec:	000013b4 			@ <UNDEFINED> instruction: 0x000013b4
    b3f0:	00010cac 	andeq	r0, r1, ip, lsr #25
    b3f4:	00011250 	andeq	r1, r1, r0, asr r2
    b3f8:	00000432 	andeq	r0, r0, r2, lsr r4
    b3fc:	e92d4800 	push	{fp, lr}
    b400:	e28db004 	add	fp, sp, #4
    b404:	e24dd010 	sub	sp, sp, #16
    b408:	e50b0010 	str	r0, [fp, #-16]
    b40c:	e51b0010 	ldr	r0, [fp, #-16]
    b410:	e3a01003 	mov	r1, #3
    b414:	e3a02000 	mov	r2, #0
    b418:	ebffde68 	bl	2dc0 <fcntl@plt>
    b41c:	e50b0008 	str	r0, [fp, #-8]
    b420:	e51b3008 	ldr	r3, [fp, #-8]
    b424:	e3530000 	cmp	r3, #0
    b428:	aa000002 	bge	b438 <send_rtp_tcp+0x10c>
    b42c:	e59f0040 	ldr	r0, [pc, #64]	@ b474 <send_rtp_tcp+0x148>
    b430:	ebffddcc 	bl	2b68 <perror@plt>
    b434:	ea00000c 	b	b46c <send_rtp_tcp+0x140>
    b438:	e51b3008 	ldr	r3, [fp, #-8]
    b43c:	e3833b02 	orr	r3, r3, #2048	@ 0x800
    b440:	e50b3008 	str	r3, [fp, #-8]
    b444:	e51b0010 	ldr	r0, [fp, #-16]
    b448:	e3a01004 	mov	r1, #4
    b44c:	e51b2008 	ldr	r2, [fp, #-8]
    b450:	ebffde5a 	bl	2dc0 <fcntl@plt>
    b454:	e1a03000 	mov	r3, r0
    b458:	e3530000 	cmp	r3, #0
    b45c:	aa000002 	bge	b46c <send_rtp_tcp+0x140>
    b460:	e59f0010 	ldr	r0, [pc, #16]	@ b478 <send_rtp_tcp+0x14c>
    b464:	ebffddbf 	bl	2b68 <perror@plt>
    b468:	e1a00000 	nop			@ (mov r0, r0)
    b46c:	e24bd004 	sub	sp, fp, #4
    b470:	e8bd8800 	pop	{fp, pc}
    b474:	00010ccc 	andeq	r0, r1, ip, asr #25
    b478:	00010ce0 	andeq	r0, r1, r0, ror #25

0000b47c <rtsp_client_send>:
    b47c:	e92d4800 	push	{fp, lr}
    b480:	e28db004 	add	fp, sp, #4
    b484:	e24dde49 	sub	sp, sp, #1168	@ 0x490
    b488:	e50b0480 	str	r0, [fp, #-1152]	@ 0xfffffb80
    b48c:	e51b3480 	ldr	r3, [fp, #-1152]	@ 0xfffffb80
    b490:	e50b3008 	str	r3, [fp, #-8]
    b494:	e51b3008 	ldr	r3, [fp, #-8]
    b498:	e593301c 	ldr	r3, [r3, #28]
    b49c:	e50b300c 	str	r3, [fp, #-12]
    b4a0:	e51b3008 	ldr	r3, [fp, #-8]
    b4a4:	e5933000 	ldr	r3, [r3]
    b4a8:	e50b3010 	str	r3, [fp, #-16]
    b4ac:	e51b3008 	ldr	r3, [fp, #-8]
    b4b0:	e2833004 	add	r3, r3, #4
    b4b4:	e1a00003 	mov	r0, r3
    b4b8:	ebffdd6b 	bl	2a6c <ak_thread_mutex_unlock@plt>
    b4bc:	e51b3010 	ldr	r3, [fp, #-16]
    b4c0:	e59f2638 	ldr	r2, [pc, #1592]	@ bb00 <rtsp_client_send+0x684>
    b4c4:	e0030392 	mul	r3, r2, r3
    b4c8:	e2833bb5 	add	r3, r3, #185344	@ 0x2d400
    b4cc:	e28330e8 	add	r3, r3, #232	@ 0xe8
    b4d0:	e51b200c 	ldr	r2, [fp, #-12]
    b4d4:	e0823003 	add	r3, r2, r3
    b4d8:	e50b3014 	str	r3, [fp, #-20]	@ 0xffffffec
    b4dc:	e3a03001 	mov	r3, #1
    b4e0:	e50b3430 	str	r3, [fp, #-1072]	@ 0xfffffbd0
    b4e4:	e3a03010 	mov	r3, #16
    b4e8:	e50b3434 	str	r3, [fp, #-1076]	@ 0xfffffbcc
    b4ec:	e59f0610 	ldr	r0, [pc, #1552]	@ bb04 <rtsp_client_send+0x688>
    b4f0:	ebffde02 	bl	2d00 <ak_thread_set_name@plt>
    b4f4:	e3a00002 	mov	r0, #2
    b4f8:	e3a01002 	mov	r1, #2
    b4fc:	e3a02000 	mov	r2, #0
    b500:	ebffdde3 	bl	2c94 <socket@plt>
    b504:	e1a02000 	mov	r2, r0
    b508:	e51b3014 	ldr	r3, [fp, #-20]	@ 0xffffffec
    b50c:	e583202c 	str	r2, [r3, #44]	@ 0x2c
    b510:	e51b3014 	ldr	r3, [fp, #-20]	@ 0xffffffec
    b514:	e593302c 	ldr	r3, [r3, #44]	@ 0x2c
    b518:	e3730001 	cmn	r3, #1
    b51c:	1a000003 	bne	b530 <rtsp_client_send+0xb4>
    b520:	e59f05e0 	ldr	r0, [pc, #1504]	@ bb08 <rtsp_client_send+0x68c>
    b524:	ebffde55 	bl	2e80 <puts@plt>
    b528:	e3a03000 	mov	r3, #0
    b52c:	ea000170 	b	baf4 <rtsp_client_send+0x678>
    b530:	e51b3014 	ldr	r3, [fp, #-20]	@ 0xffffffec
    b534:	e593202c 	ldr	r2, [r3, #44]	@ 0x2c
    b538:	e24b3e42 	sub	r3, fp, #1056	@ 0x420
    b53c:	e2433004 	sub	r3, r3, #4
    b540:	e243300c 	sub	r3, r3, #12
    b544:	e3a01004 	mov	r1, #4
    b548:	e58d1000 	str	r1, [sp]
    b54c:	e1a00002 	mov	r0, r2
    b550:	e3a01001 	mov	r1, #1
    b554:	e3a02002 	mov	r2, #2
    b558:	ebffde0c 	bl	2d90 <setsockopt@plt>
    b55c:	e24b3d11 	sub	r3, fp, #1088	@ 0x440
    b560:	e2433004 	sub	r3, r3, #4
    b564:	e1a00003 	mov	r0, r3
    b568:	e3a01010 	mov	r1, #16
    b56c:	ebffddd4 	bl	2cc4 <bzero@plt>
    b570:	e59f3594 	ldr	r3, [pc, #1428]	@ bb0c <rtsp_client_send+0x690>
    b574:	e3a02002 	mov	r2, #2
    b578:	e24b1004 	sub	r1, fp, #4
    b57c:	e18120b3 	strh	r2, [r1, r3]
    b580:	e51b3010 	ldr	r3, [fp, #-16]
    b584:	e2833b1d 	add	r3, r3, #29696	@ 0x7400
    b588:	e2833097 	add	r3, r3, #151	@ 0x97
    b58c:	e1a03803 	lsl	r3, r3, #16
    b590:	e1a03823 	lsr	r3, r3, #16
    b594:	e1a03083 	lsl	r3, r3, #1
    b598:	e1a03803 	lsl	r3, r3, #16
    b59c:	e1a03823 	lsr	r3, r3, #16
    b5a0:	e1a00003 	mov	r0, r3
    b5a4:	ebffdde1 	bl	2d30 <htons@plt>
    b5a8:	e1a03000 	mov	r3, r0
    b5ac:	e1a02003 	mov	r2, r3
    b5b0:	e59f3558 	ldr	r3, [pc, #1368]	@ bb10 <rtsp_client_send+0x694>
    b5b4:	e24b1004 	sub	r1, fp, #4
    b5b8:	e18120b3 	strh	r2, [r1, r3]
    b5bc:	e3a00000 	mov	r0, #0
    b5c0:	ebffddec 	bl	2d78 <htonl@plt>
    b5c4:	e1a03000 	mov	r3, r0
    b5c8:	e50b3440 	str	r3, [fp, #-1088]	@ 0xfffffbc0
    b5cc:	e24b3d11 	sub	r3, fp, #1088	@ 0x440
    b5d0:	e2433004 	sub	r3, r3, #4
    b5d4:	e2833008 	add	r3, r3, #8
    b5d8:	e1a00003 	mov	r0, r3
    b5dc:	e3a01008 	mov	r1, #8
    b5e0:	ebffddb7 	bl	2cc4 <bzero@plt>
    b5e4:	e51b3014 	ldr	r3, [fp, #-20]	@ 0xffffffec
    b5e8:	e593202c 	ldr	r2, [r3, #44]	@ 0x2c
    b5ec:	e24b3d11 	sub	r3, fp, #1088	@ 0x440
    b5f0:	e2433004 	sub	r3, r3, #4
    b5f4:	e1a00002 	mov	r0, r2
    b5f8:	e1a01003 	mov	r1, r3
    b5fc:	e3a02010 	mov	r2, #16
    b600:	ebffdd61 	bl	2b8c <bind@plt>
    b604:	e1a03000 	mov	r3, r0
    b608:	e3530000 	cmp	r3, #0
    b60c:	aa000003 	bge	b620 <rtsp_client_send+0x1a4>
    b610:	e59f04fc 	ldr	r0, [pc, #1276]	@ bb14 <rtsp_client_send+0x698>
    b614:	ebffde19 	bl	2e80 <puts@plt>
    b618:	e3a03000 	mov	r3, #0
    b61c:	ea000134 	b	baf4 <rtsp_client_send+0x678>
    b620:	e3a00002 	mov	r0, #2
    b624:	e3a01002 	mov	r1, #2
    b628:	e3a02000 	mov	r2, #0
    b62c:	ebffdd98 	bl	2c94 <socket@plt>
    b630:	e1a02000 	mov	r2, r0
    b634:	e51b3014 	ldr	r3, [fp, #-20]	@ 0xffffffec
    b638:	e5832030 	str	r2, [r3, #48]	@ 0x30
    b63c:	e51b3014 	ldr	r3, [fp, #-20]	@ 0xffffffec
    b640:	e5933030 	ldr	r3, [r3, #48]	@ 0x30
    b644:	e3730001 	cmn	r3, #1
    b648:	1a000003 	bne	b65c <rtsp_client_send+0x1e0>
    b64c:	e59f04b4 	ldr	r0, [pc, #1204]	@ bb08 <rtsp_client_send+0x68c>
    b650:	ebffde0a 	bl	2e80 <puts@plt>
    b654:	e3a03000 	mov	r3, #0
    b658:	ea000125 	b	baf4 <rtsp_client_send+0x678>
    b65c:	e51b3014 	ldr	r3, [fp, #-20]	@ 0xffffffec
    b660:	e5932030 	ldr	r2, [r3, #48]	@ 0x30
    b664:	e24b3e42 	sub	r3, fp, #1056	@ 0x420
    b668:	e2433004 	sub	r3, r3, #4
    b66c:	e243300c 	sub	r3, r3, #12
    b670:	e3a01004 	mov	r1, #4
    b674:	e58d1000 	str	r1, [sp]
    b678:	e1a00002 	mov	r0, r2
    b67c:	e3a01001 	mov	r1, #1
    b680:	e3a02002 	mov	r2, #2
    b684:	ebffddc1 	bl	2d90 <setsockopt@plt>
    b688:	e51b3014 	ldr	r3, [fp, #-20]	@ 0xffffffec
    b68c:	e5933030 	ldr	r3, [r3, #48]	@ 0x30
    b690:	e1a00003 	mov	r0, r3
    b694:	ebffff58 	bl	b3fc <send_rtp_tcp+0xd0>
    b698:	e24b3e45 	sub	r3, fp, #1104	@ 0x450
    b69c:	e2433004 	sub	r3, r3, #4
    b6a0:	e1a00003 	mov	r0, r3
    b6a4:	e3a01010 	mov	r1, #16
    b6a8:	ebffdd85 	bl	2cc4 <bzero@plt>
    b6ac:	e59f3464 	ldr	r3, [pc, #1124]	@ bb18 <rtsp_client_send+0x69c>
    b6b0:	e3a02002 	mov	r2, #2
    b6b4:	e24b1004 	sub	r1, fp, #4
    b6b8:	e18120b3 	strh	r2, [r1, r3]
    b6bc:	e51b3010 	ldr	r3, [fp, #-16]
    b6c0:	e2833b1d 	add	r3, r3, #29696	@ 0x7400
    b6c4:	e2833097 	add	r3, r3, #151	@ 0x97
    b6c8:	e1a03803 	lsl	r3, r3, #16
    b6cc:	e1a03823 	lsr	r3, r3, #16
    b6d0:	e1a03083 	lsl	r3, r3, #1
    b6d4:	e1a03803 	lsl	r3, r3, #16
    b6d8:	e1a03823 	lsr	r3, r3, #16
    b6dc:	e2833001 	add	r3, r3, #1
    b6e0:	e1a03803 	lsl	r3, r3, #16
    b6e4:	e1a03823 	lsr	r3, r3, #16
    b6e8:	e1a00003 	mov	r0, r3
    b6ec:	ebffdd8f 	bl	2d30 <htons@plt>
    b6f0:	e1a03000 	mov	r3, r0
    b6f4:	e1a02003 	mov	r2, r3
    b6f8:	e59f341c 	ldr	r3, [pc, #1052]	@ bb1c <rtsp_client_send+0x6a0>
    b6fc:	e24b1004 	sub	r1, fp, #4
    b700:	e18120b3 	strh	r2, [r1, r3]
    b704:	e3a00000 	mov	r0, #0
    b708:	ebffdd9a 	bl	2d78 <htonl@plt>
    b70c:	e1a03000 	mov	r3, r0
    b710:	e50b3450 	str	r3, [fp, #-1104]	@ 0xfffffbb0
    b714:	e24b3e45 	sub	r3, fp, #1104	@ 0x450
    b718:	e2433004 	sub	r3, r3, #4
    b71c:	e2833008 	add	r3, r3, #8
    b720:	e1a00003 	mov	r0, r3
    b724:	e3a01008 	mov	r1, #8
    b728:	ebffdd65 	bl	2cc4 <bzero@plt>
    b72c:	e51b3014 	ldr	r3, [fp, #-20]	@ 0xffffffec
    b730:	e5932030 	ldr	r2, [r3, #48]	@ 0x30
    b734:	e24b3e45 	sub	r3, fp, #1104	@ 0x450
    b738:	e2433004 	sub	r3, r3, #4
    b73c:	e1a00002 	mov	r0, r2
    b740:	e1a01003 	mov	r1, r3
    b744:	e3a02010 	mov	r2, #16
    b748:	ebffdd0f 	bl	2b8c <bind@plt>
    b74c:	e1a03000 	mov	r3, r0
    b750:	e3530000 	cmp	r3, #0
    b754:	aa000003 	bge	b768 <rtsp_client_send+0x2ec>
    b758:	e59f03c0 	ldr	r0, [pc, #960]	@ bb20 <rtsp_client_send+0x6a4>
    b75c:	ebffddc7 	bl	2e80 <puts@plt>
    b760:	e3a03000 	mov	r3, #0
    b764:	ea0000e2 	b	baf4 <rtsp_client_send+0x678>
    b768:	e51b3014 	ldr	r3, [fp, #-20]	@ 0xffffffec
    b76c:	e5933000 	ldr	r3, [r3]
    b770:	e3530001 	cmp	r3, #1
    b774:	1a0000da 	bne	bae4 <rtsp_client_send+0x668>
    b778:	e51b3014 	ldr	r3, [fp, #-20]	@ 0xffffffec
    b77c:	e593300c 	ldr	r3, [r3, #12]
    b780:	e3530001 	cmp	r3, #1
    b784:	1a0000d6 	bne	bae4 <rtsp_client_send+0x668>
    b788:	e3a03000 	mov	r3, #0
    b78c:	e50b3020 	str	r3, [fp, #-32]	@ 0xffffffe0
    b790:	e51b3014 	ldr	r3, [fp, #-20]	@ 0xffffffec
    b794:	e593005c 	ldr	r0, [r3, #92]	@ 0x5c
    b798:	e51b3014 	ldr	r3, [fp, #-20]	@ 0xffffffec
    b79c:	e283206c 	add	r2, r3, #108	@ 0x6c
    b7a0:	e24b1020 	sub	r1, fp, #32
    b7a4:	e24bce42 	sub	ip, fp, #1056	@ 0x420
    b7a8:	e24cc004 	sub	ip, ip, #4
    b7ac:	e24b3e42 	sub	r3, fp, #1056	@ 0x420
    b7b0:	e2433004 	sub	r3, r3, #4
    b7b4:	e2433004 	sub	r3, r3, #4
    b7b8:	e58d3000 	str	r3, [sp]
    b7bc:	e24b3e42 	sub	r3, fp, #1056	@ 0x420
    b7c0:	e2433004 	sub	r3, r3, #4
    b7c4:	e2433008 	sub	r3, r3, #8
    b7c8:	e58d3004 	str	r3, [sp, #4]
    b7cc:	e24b3e47 	sub	r3, fp, #1136	@ 0x470
    b7d0:	e2433004 	sub	r3, r3, #4
    b7d4:	e2433004 	sub	r3, r3, #4
    b7d8:	e58d3008 	str	r3, [sp, #8]
    b7dc:	e1a0300c 	mov	r3, ip
    b7e0:	ebffddc7 	bl	2f04 <buffers_get_data_with_pts@plt>
    b7e4:	e50b0018 	str	r0, [fp, #-24]	@ 0xffffffe8
    b7e8:	e51b2428 	ldr	r2, [fp, #-1064]	@ 0xfffffbd8
    b7ec:	e51b100c 	ldr	r1, [fp, #-12]
    b7f0:	e59f332c 	ldr	r3, [pc, #812]	@ bb24 <rtsp_client_send+0x6a8>
    b7f4:	e59f032c 	ldr	r0, [pc, #812]	@ bb28 <rtsp_client_send+0x6ac>
    b7f8:	e0020290 	mul	r2, r0, r2
    b7fc:	e0812002 	add	r2, r1, r2
    b800:	e0823003 	add	r3, r2, r3
    b804:	e5931000 	ldr	r1, [r3]
    b808:	e51b2014 	ldr	r2, [fp, #-20]	@ 0xffffffec
    b80c:	e59f3318 	ldr	r3, [pc, #792]	@ bb2c <rtsp_client_send+0x6b0>
    b810:	e7821003 	str	r1, [r2, r3]
    b814:	e51b3018 	ldr	r3, [fp, #-24]	@ 0xffffffe8
    b818:	e3530001 	cmp	r3, #1
    b81c:	1a0000ac 	bne	bad4 <rtsp_client_send+0x658>
    b820:	e51b3014 	ldr	r3, [fp, #-20]	@ 0xffffffec
    b824:	e5933010 	ldr	r3, [r3, #16]
    b828:	e3530001 	cmp	r3, #1
    b82c:	1a00001c 	bne	b8a4 <rtsp_client_send+0x428>
    b830:	e51b3014 	ldr	r3, [fp, #-20]	@ 0xffffffec
    b834:	e5933038 	ldr	r3, [r3, #56]	@ 0x38
    b838:	e3530001 	cmp	r3, #1
    b83c:	1a00000f 	bne	b880 <rtsp_client_send+0x404>
    b840:	e51b3424 	ldr	r3, [fp, #-1060]	@ 0xfffffbdc
    b844:	e3530002 	cmp	r3, #2
    b848:	0a000000 	beq	b850 <rtsp_client_send+0x3d4>
    b84c:	eaffffc5 	b	b768 <rtsp_client_send+0x2ec>
    b850:	e51b3014 	ldr	r3, [fp, #-20]	@ 0xffffffec
    b854:	e3a02000 	mov	r2, #0
    b858:	e5832038 	str	r2, [r3, #56]	@ 0x38
    b85c:	e51b3014 	ldr	r3, [fp, #-20]	@ 0xffffffec
    b860:	e593105c 	ldr	r1, [r3, #92]	@ 0x5c
    b864:	e51b2020 	ldr	r2, [fp, #-32]	@ 0xffffffe0
    b868:	e51b3424 	ldr	r3, [fp, #-1060]	@ 0xfffffbdc
    b86c:	e51b0478 	ldr	r0, [fp, #-1144]	@ 0xfffffb88
    b870:	e58d0000 	str	r0, [sp]
    b874:	e51b0014 	ldr	r0, [fp, #-20]	@ 0xffffffec
    b878:	ebffdd08 	bl	2ca0 <send_rtp_tcp@plt>
    b87c:	ea000097 	b	bae0 <rtsp_client_send+0x664>
    b880:	e51b3014 	ldr	r3, [fp, #-20]	@ 0xffffffec
    b884:	e593105c 	ldr	r1, [r3, #92]	@ 0x5c
    b888:	e51b2020 	ldr	r2, [fp, #-32]	@ 0xffffffe0
    b88c:	e51b3424 	ldr	r3, [fp, #-1060]	@ 0xfffffbdc
    b890:	e51b0478 	ldr	r0, [fp, #-1144]	@ 0xfffffb88
    b894:	e58d0000 	str	r0, [sp]
    b898:	e51b0014 	ldr	r0, [fp, #-20]	@ 0xffffffec
    b89c:	ebffdcff 	bl	2ca0 <send_rtp_tcp@plt>
    b8a0:	ea00008e 	b	bae0 <rtsp_client_send+0x664>
    b8a4:	e51b3014 	ldr	r3, [fp, #-20]	@ 0xffffffec
    b8a8:	e5933034 	ldr	r3, [r3, #52]	@ 0x34
    b8ac:	e3530001 	cmp	r3, #1
    b8b0:	1a000045 	bne	b9cc <rtsp_client_send+0x550>
    b8b4:	e24b3e46 	sub	r3, fp, #1120	@ 0x460
    b8b8:	e2433004 	sub	r3, r3, #4
    b8bc:	e1a00003 	mov	r0, r3
    b8c0:	e3a01010 	mov	r1, #16
    b8c4:	ebffdcfe 	bl	2cc4 <bzero@plt>
    b8c8:	e59f3260 	ldr	r3, [pc, #608]	@ bb30 <rtsp_client_send+0x6b4>
    b8cc:	e3a02002 	mov	r2, #2
    b8d0:	e24b1004 	sub	r1, fp, #4
    b8d4:	e18120b3 	strh	r2, [r1, r3]
    b8d8:	e51b3014 	ldr	r3, [fp, #-20]	@ 0xffffffec
    b8dc:	e5933018 	ldr	r3, [r3, #24]
    b8e0:	e1a03803 	lsl	r3, r3, #16
    b8e4:	e1a03823 	lsr	r3, r3, #16
    b8e8:	e1a00003 	mov	r0, r3
    b8ec:	ebffdd0f 	bl	2d30 <htons@plt>
    b8f0:	e1a03000 	mov	r3, r0
    b8f4:	e1a02003 	mov	r2, r3
    b8f8:	e59f3234 	ldr	r3, [pc, #564]	@ bb34 <rtsp_client_send+0x6b8>
    b8fc:	e24b1004 	sub	r1, fp, #4
    b900:	e18120b3 	strh	r2, [r1, r3]
    b904:	e51b3014 	ldr	r3, [fp, #-20]	@ 0xffffffec
    b908:	e283301c 	add	r3, r3, #28
    b90c:	e1a00003 	mov	r0, r3
    b910:	ebffdc7f 	bl	2b14 <inet_addr@plt>
    b914:	e1a03000 	mov	r3, r0
    b918:	e50b3460 	str	r3, [fp, #-1120]	@ 0xfffffba0
    b91c:	e24b3e46 	sub	r3, fp, #1120	@ 0x460
    b920:	e2433004 	sub	r3, r3, #4
    b924:	e2833008 	add	r3, r3, #8
    b928:	e1a00003 	mov	r0, r3
    b92c:	e3a01008 	mov	r1, #8
    b930:	ebffdce3 	bl	2cc4 <bzero@plt>
    b934:	e24b3e47 	sub	r3, fp, #1136	@ 0x470
    b938:	e2433004 	sub	r3, r3, #4
    b93c:	e1a00003 	mov	r0, r3
    b940:	e3a01010 	mov	r1, #16
    b944:	ebffdcde 	bl	2cc4 <bzero@plt>
    b948:	e59f31e8 	ldr	r3, [pc, #488]	@ bb38 <rtsp_client_send+0x6bc>
    b94c:	e3a02002 	mov	r2, #2
    b950:	e24b1004 	sub	r1, fp, #4
    b954:	e18120b3 	strh	r2, [r1, r3]
    b958:	e51b3014 	ldr	r3, [fp, #-20]	@ 0xffffffec
    b95c:	e5933018 	ldr	r3, [r3, #24]
    b960:	e1a03803 	lsl	r3, r3, #16
    b964:	e1a03823 	lsr	r3, r3, #16
    b968:	e2833001 	add	r3, r3, #1
    b96c:	e1a03803 	lsl	r3, r3, #16
    b970:	e1a03823 	lsr	r3, r3, #16
    b974:	e1a00003 	mov	r0, r3
    b978:	ebffdcec 	bl	2d30 <htons@plt>
    b97c:	e1a03000 	mov	r3, r0
    b980:	e1a02003 	mov	r2, r3
    b984:	e59f31b0 	ldr	r3, [pc, #432]	@ bb3c <rtsp_client_send+0x6c0>
    b988:	e24b1004 	sub	r1, fp, #4
    b98c:	e18120b3 	strh	r2, [r1, r3]
    b990:	e51b3014 	ldr	r3, [fp, #-20]	@ 0xffffffec
    b994:	e283301c 	add	r3, r3, #28
    b998:	e1a00003 	mov	r0, r3
    b99c:	ebffdc5c 	bl	2b14 <inet_addr@plt>
    b9a0:	e1a03000 	mov	r3, r0
    b9a4:	e50b3470 	str	r3, [fp, #-1136]	@ 0xfffffb90
    b9a8:	e24b3e47 	sub	r3, fp, #1136	@ 0x470
    b9ac:	e2433004 	sub	r3, r3, #4
    b9b0:	e2833008 	add	r3, r3, #8
    b9b4:	e1a00003 	mov	r0, r3
    b9b8:	e3a01008 	mov	r1, #8
    b9bc:	ebffdcc0 	bl	2cc4 <bzero@plt>
    b9c0:	e51b3014 	ldr	r3, [fp, #-20]	@ 0xffffffec
    b9c4:	e3a02000 	mov	r2, #0
    b9c8:	e5832034 	str	r2, [r3, #52]	@ 0x34
    b9cc:	e51b3014 	ldr	r3, [fp, #-20]	@ 0xffffffec
    b9d0:	e5933038 	ldr	r3, [r3, #56]	@ 0x38
    b9d4:	e3530001 	cmp	r3, #1
    b9d8:	1a000015 	bne	ba34 <rtsp_client_send+0x5b8>
    b9dc:	e51b3424 	ldr	r3, [fp, #-1060]	@ 0xfffffbdc
    b9e0:	e3530002 	cmp	r3, #2
    b9e4:	0a000000 	beq	b9ec <rtsp_client_send+0x570>
    b9e8:	eaffff5e 	b	b768 <rtsp_client_send+0x2ec>
    b9ec:	e51b3014 	ldr	r3, [fp, #-20]	@ 0xffffffec
    b9f0:	e3a02000 	mov	r2, #0
    b9f4:	e5832038 	str	r2, [r3, #56]	@ 0x38
    b9f8:	e51b3014 	ldr	r3, [fp, #-20]	@ 0xffffffec
    b9fc:	e593305c 	ldr	r3, [r3, #92]	@ 0x5c
    ba00:	e51be020 	ldr	lr, [fp, #-32]	@ 0xffffffe0
    ba04:	e51bc424 	ldr	ip, [fp, #-1060]	@ 0xfffffbdc
    ba08:	e51b0478 	ldr	r0, [fp, #-1144]	@ 0xfffffb88
    ba0c:	e24b1e46 	sub	r1, fp, #1120	@ 0x460
    ba10:	e2411004 	sub	r1, r1, #4
    ba14:	e24b2e47 	sub	r2, fp, #1136	@ 0x470
    ba18:	e2422004 	sub	r2, r2, #4
    ba1c:	e58de000 	str	lr, [sp]
    ba20:	e58dc004 	str	ip, [sp, #4]
    ba24:	e58d0008 	str	r0, [sp, #8]
    ba28:	e51b0014 	ldr	r0, [fp, #-20]	@ 0xffffffec
    ba2c:	ebffdd01 	bl	2e38 <send_rtp_udp@plt>
    ba30:	ea00000d 	b	ba6c <rtsp_client_send+0x5f0>
    ba34:	e51b3014 	ldr	r3, [fp, #-20]	@ 0xffffffec
    ba38:	e593305c 	ldr	r3, [r3, #92]	@ 0x5c
    ba3c:	e51be020 	ldr	lr, [fp, #-32]	@ 0xffffffe0
    ba40:	e51bc424 	ldr	ip, [fp, #-1060]	@ 0xfffffbdc
    ba44:	e51b0478 	ldr	r0, [fp, #-1144]	@ 0xfffffb88
    ba48:	e24b1e46 	sub	r1, fp, #1120	@ 0x460
    ba4c:	e2411004 	sub	r1, r1, #4
    ba50:	e24b2e47 	sub	r2, fp, #1136	@ 0x470
    ba54:	e2422004 	sub	r2, r2, #4
    ba58:	e58de000 	str	lr, [sp]
    ba5c:	e58dc004 	str	ip, [sp, #4]
    ba60:	e58d0008 	str	r0, [sp, #8]
    ba64:	e51b0014 	ldr	r0, [fp, #-20]	@ 0xffffffec
    ba68:	ebffdcf2 	bl	2e38 <send_rtp_udp@plt>
    ba6c:	e51b3014 	ldr	r3, [fp, #-20]	@ 0xffffffec
    ba70:	e5932030 	ldr	r2, [r3, #48]	@ 0x30
    ba74:	e24b3e41 	sub	r3, fp, #1040	@ 0x410
    ba78:	e2433004 	sub	r3, r3, #4
    ba7c:	e243300c 	sub	r3, r3, #12
    ba80:	e24b1e47 	sub	r1, fp, #1136	@ 0x470
    ba84:	e2411004 	sub	r1, r1, #4
    ba88:	e58d1000 	str	r1, [sp]
    ba8c:	e24b1e43 	sub	r1, fp, #1072	@ 0x430
    ba90:	e2411004 	sub	r1, r1, #4
    ba94:	e58d1004 	str	r1, [sp, #4]
    ba98:	e1a00002 	mov	r0, r2
    ba9c:	e1a01003 	mov	r1, r3
    baa0:	e3a02b01 	mov	r2, #1024	@ 0x400
    baa4:	e3a03000 	mov	r3, #0
    baa8:	ebffdbe9 	bl	2a54 <recvfrom@plt>
    baac:	e50b001c 	str	r0, [fp, #-28]	@ 0xffffffe4
    bab0:	e51b301c 	ldr	r3, [fp, #-28]	@ 0xffffffe4
    bab4:	e3530000 	cmp	r3, #0
    bab8:	aa000008 	bge	bae0 <rtsp_client_send+0x664>
    babc:	e3a00005 	mov	r0, #5
    bac0:	e59f1078 	ldr	r1, [pc, #120]	@ bb40 <rtsp_client_send+0x6c4>
    bac4:	e59f2078 	ldr	r2, [pc, #120]	@ bb44 <rtsp_client_send+0x6c8>
    bac8:	e59f3078 	ldr	r3, [pc, #120]	@ bb48 <rtsp_client_send+0x6cc>
    bacc:	ebffdbd4 	bl	2a24 <ak_print@plt>
    bad0:	ea000006 	b	baf0 <rtsp_client_send+0x674>
    bad4:	e3a00e7d 	mov	r0, #2000	@ 0x7d0
    bad8:	ebffdd12 	bl	2f28 <usleep@plt>
    badc:	ea000003 	b	baf0 <rtsp_client_send+0x674>
    bae0:	ea000002 	b	baf0 <rtsp_client_send+0x674>
    bae4:	e59f0060 	ldr	r0, [pc, #96]	@ bb4c <rtsp_client_send+0x6d0>
    bae8:	ebffdd0e 	bl	2f28 <usleep@plt>
    baec:	eaffff1d 	b	b768 <rtsp_client_send+0x2ec>
    baf0:	eaffff1c 	b	b768 <rtsp_client_send+0x2ec>
    baf4:	e1a00003 	mov	r0, r3
    baf8:	e24bd004 	sub	sp, fp, #4
    bafc:	e8bd8800 	pop	{fp, pc}
    bb00:	000013b8 			@ <UNDEFINED> instruction: 0x000013b8
    bb04:	00010cfc 	strdeq	r0, [r1], -ip
    bb08:	00010d10 	andeq	r0, r1, r0, lsl sp
    bb0c:	fffffbc0 			@ <UNDEFINED> instruction: 0xfffffbc0
    bb10:	fffffbc2 			@ <UNDEFINED> instruction: 0xfffffbc2
    bb14:	00010d20 	andeq	r0, r1, r0, lsr #26
    bb18:	fffffbb0 			@ <UNDEFINED> instruction: 0xfffffbb0
    bb1c:	fffffbb2 			@ <UNDEFINED> instruction: 0xfffffbb2
    bb20:	00010d34 	andeq	r0, r1, r4, lsr sp
    bb24:	0000de54 	andeq	sp, r0, r4, asr lr
    bb28:	0000366c 	andeq	r3, r0, ip, ror #12
    bb2c:	000013b4 			@ <UNDEFINED> instruction: 0x000013b4
    bb30:	fffffba0 			@ <UNDEFINED> instruction: 0xfffffba0
    bb34:	fffffba2 			@ <UNDEFINED> instruction: 0xfffffba2
    bb38:	fffffb90 			@ <UNDEFINED> instruction: 0xfffffb90
    bb3c:	fffffb92 			@ <UNDEFINED> instruction: 0xfffffb92
    bb40:	00010d48 	andeq	r0, r1, r8, asr #26
    bb44:	00011260 	andeq	r1, r1, r0, ror #4
    bb48:	000004bc 			@ <UNDEFINED> instruction: 0x000004bc
    bb4c:	000186a0 	andeq	r8, r1, r0, lsr #13
    bb50:	e92d4800 	push	{fp, lr}
    bb54:	e28db004 	add	fp, sp, #4
    bb58:	e24dde81 	sub	sp, sp, #2064	@ 0x810
    bb5c:	e24dd008 	sub	sp, sp, #8
    bb60:	e50b0810 	str	r0, [fp, #-2064]	@ 0xfffff7f0
    bb64:	e50b1814 	str	r1, [fp, #-2068]	@ 0xfffff7ec
    bb68:	e50b2818 	str	r2, [fp, #-2072]	@ 0xfffff7e8
    bb6c:	e24b3b01 	sub	r3, fp, #1024	@ 0x400
    bb70:	e2433004 	sub	r3, r3, #4
    bb74:	e2433008 	sub	r3, r3, #8
    bb78:	e1a00003 	mov	r0, r3
    bb7c:	e3a01000 	mov	r1, #0
    bb80:	e3a02b01 	mov	r2, #1024	@ 0x400
    bb84:	ebffdbaf 	bl	2a48 <memset@plt>
    bb88:	e24b3b02 	sub	r3, fp, #2048	@ 0x800
    bb8c:	e2433004 	sub	r3, r3, #4
    bb90:	e2433008 	sub	r3, r3, #8
    bb94:	e51b0810 	ldr	r0, [fp, #-2064]	@ 0xfffff7f0
    bb98:	e1a01003 	mov	r1, r3
    bb9c:	e59f20ac 	ldr	r2, [pc, #172]	@ bc50 <rtsp_client_send+0x7d4>
    bba0:	e59f30ac 	ldr	r3, [pc, #172]	@ bc54 <rtsp_client_send+0x7d8>
    bba4:	ebfff3c2 	bl	8ab4 <rtsp_init_client+0x4c4>
    bba8:	e50b000c 	str	r0, [fp, #-12]
    bbac:	e51b300c 	ldr	r3, [fp, #-12]
    bbb0:	e3530000 	cmp	r3, #0
    bbb4:	1a000006 	bne	bbd4 <rtsp_client_send+0x758>
    bbb8:	e24b3b02 	sub	r3, fp, #2048	@ 0x800
    bbbc:	e2433004 	sub	r3, r3, #4
    bbc0:	e2433008 	sub	r3, r3, #8
    bbc4:	e1a00003 	mov	r0, r3
    bbc8:	ebffdc9d 	bl	2e44 <atoi@plt>
    bbcc:	e50b0008 	str	r0, [fp, #-8]
    bbd0:	ea000001 	b	bbdc <rtsp_client_send+0x760>
    bbd4:	e3a03000 	mov	r3, #0
    bbd8:	e50b3008 	str	r3, [fp, #-8]
    bbdc:	e24b3b01 	sub	r3, fp, #1024	@ 0x400
    bbe0:	e2433004 	sub	r3, r3, #4
    bbe4:	e2433008 	sub	r3, r3, #8
    bbe8:	e1a00003 	mov	r0, r3
    bbec:	e3a01000 	mov	r1, #0
    bbf0:	e3a02b01 	mov	r2, #1024	@ 0x400
    bbf4:	ebffdb93 	bl	2a48 <memset@plt>
    bbf8:	e24b3b01 	sub	r3, fp, #1024	@ 0x400
    bbfc:	e2433004 	sub	r3, r3, #4
    bc00:	e2433008 	sub	r3, r3, #8
    bc04:	e1a00003 	mov	r0, r3
    bc08:	e59f1048 	ldr	r1, [pc, #72]	@ bc58 <rtsp_client_send+0x7dc>
    bc0c:	e51b2008 	ldr	r2, [fp, #-8]
    bc10:	ebffdcac 	bl	2ec8 <sprintf@plt>
    bc14:	e24b3b01 	sub	r3, fp, #1024	@ 0x400
    bc18:	e2433004 	sub	r3, r3, #4
    bc1c:	e2433008 	sub	r3, r3, #8
    bc20:	e1a00003 	mov	r0, r3
    bc24:	ebffdcb9 	bl	2f10 <strlen@plt>
    bc28:	e1a03000 	mov	r3, r0
    bc2c:	e1a02003 	mov	r2, r3
    bc30:	e24b3b01 	sub	r3, fp, #1024	@ 0x400
    bc34:	e2433004 	sub	r3, r3, #4
    bc38:	e2433008 	sub	r3, r3, #8
    bc3c:	e51b0818 	ldr	r0, [fp, #-2072]	@ 0xfffff7e8
    bc40:	e1a01003 	mov	r1, r3
    bc44:	ebfff306 	bl	8864 <rtsp_init_client+0x274>
    bc48:	e24bd004 	sub	sp, fp, #4
    bc4c:	e8bd8800 	pop	{fp, pc}
    bc50:	00010d5c 	andeq	r0, r1, ip, asr sp
    bc54:	00010d64 	andeq	r0, r1, r4, ror #26
    bc58:	00010d68 	andeq	r0, r1, r8, ror #26
    bc5c:	e92d4800 	push	{fp, lr}
    bc60:	e28db004 	add	fp, sp, #4
    bc64:	e24dd020 	sub	sp, sp, #32
    bc68:	e50b0018 	str	r0, [fp, #-24]	@ 0xffffffe8
    bc6c:	e3e03000 	mvn	r3, #0
    bc70:	e50b3008 	str	r3, [fp, #-8]
    bc74:	e3a03000 	mov	r3, #0
    bc78:	e50b3010 	str	r3, [fp, #-16]
    bc7c:	e3a03000 	mov	r3, #0
    bc80:	e50b300c 	str	r3, [fp, #-12]
    bc84:	ea00002f 	b	bd48 <rtsp_client_send+0x8cc>
    bc88:	e51b300c 	ldr	r3, [fp, #-12]
    bc8c:	e59f20d0 	ldr	r2, [pc, #208]	@ bd64 <rtsp_client_send+0x8e8>
    bc90:	e0030392 	mul	r3, r2, r3
    bc94:	e2833ca7 	add	r3, r3, #42752	@ 0xa700
    bc98:	e28330e8 	add	r3, r3, #232	@ 0xe8
    bc9c:	e59f20c4 	ldr	r2, [pc, #196]	@ bd68 <rtsp_client_send+0x8ec>
    bca0:	e0833002 	add	r3, r3, r2
    bca4:	e2833004 	add	r3, r3, #4
    bca8:	e1a00003 	mov	r0, r3
    bcac:	ebffdc97 	bl	2f10 <strlen@plt>
    bcb0:	e1a03000 	mov	r3, r0
    bcb4:	e50b3010 	str	r3, [fp, #-16]
    bcb8:	e51b3010 	ldr	r3, [fp, #-16]
    bcbc:	e3530000 	cmp	r3, #0
    bcc0:	ca000004 	bgt	bcd8 <rtsp_client_send+0x85c>
    bcc4:	e59f00a0 	ldr	r0, [pc, #160]	@ bd6c <rtsp_client_send+0x8f0>
    bcc8:	e51b100c 	ldr	r1, [fp, #-12]
    bccc:	ebffdbb4 	bl	2ba4 <printf@plt>
    bcd0:	e3e03000 	mvn	r3, #0
    bcd4:	ea00001f 	b	bd58 <rtsp_client_send+0x8dc>
    bcd8:	e51b0018 	ldr	r0, [fp, #-24]	@ 0xffffffe8
    bcdc:	ebffdc8b 	bl	2f10 <strlen@plt>
    bce0:	e1a03000 	mov	r3, r0
    bce4:	e1a02003 	mov	r2, r3
    bce8:	e51b300c 	ldr	r3, [fp, #-12]
    bcec:	e59f1070 	ldr	r1, [pc, #112]	@ bd64 <rtsp_client_send+0x8e8>
    bcf0:	e0030391 	mul	r3, r1, r3
    bcf4:	e2833ca7 	add	r3, r3, #42752	@ 0xa700
    bcf8:	e28330e8 	add	r3, r3, #232	@ 0xe8
    bcfc:	e59f1064 	ldr	r1, [pc, #100]	@ bd68 <rtsp_client_send+0x8ec>
    bd00:	e0833001 	add	r3, r3, r1
    bd04:	e2833004 	add	r3, r3, #4
    bd08:	e3a01000 	mov	r1, #0
    bd0c:	e58d1000 	str	r1, [sp]
    bd10:	e51b0018 	ldr	r0, [fp, #-24]	@ 0xffffffe8
    bd14:	e1a01002 	mov	r1, r2
    bd18:	e1a02003 	mov	r2, r3
    bd1c:	e51b3010 	ldr	r3, [fp, #-16]
    bd20:	ebfff01e 	bl	7da0 <ak_rtsp_exit+0x180>
    bd24:	e1a03000 	mov	r3, r0
    bd28:	e3530000 	cmp	r3, #0
    bd2c:	ba000002 	blt	bd3c <rtsp_client_send+0x8c0>
    bd30:	e51b300c 	ldr	r3, [fp, #-12]
    bd34:	e50b3008 	str	r3, [fp, #-8]
    bd38:	ea000005 	b	bd54 <rtsp_client_send+0x8d8>
    bd3c:	e51b300c 	ldr	r3, [fp, #-12]
    bd40:	e2833001 	add	r3, r3, #1
    bd44:	e50b300c 	str	r3, [fp, #-12]
    bd48:	e51b300c 	ldr	r3, [fp, #-12]
    bd4c:	e3530001 	cmp	r3, #1
    bd50:	daffffcc 	ble	bc88 <rtsp_client_send+0x80c>
    bd54:	e51b3008 	ldr	r3, [fp, #-8]
    bd58:	e1a00003 	mov	r0, r3
    bd5c:	e24bd004 	sub	sp, fp, #4
    bd60:	e8bd8800 	pop	{fp, pc}
    bd64:	0000366c 	andeq	r3, r0, ip, ror #12
    bd68:	00000000 	andeq	r0, r0, r0
    bd6c:	00010d8c 	andeq	r0, r1, ip, lsl #27
    bd70:	e92d4800 	push	{fp, lr}
    bd74:	e28db004 	add	fp, sp, #4
    bd78:	e24dde41 	sub	sp, sp, #1040	@ 0x410
    bd7c:	e50b0410 	str	r0, [fp, #-1040]	@ 0xfffffbf0
    bd80:	e24b3b01 	sub	r3, fp, #1024	@ 0x400
    bd84:	e2433004 	sub	r3, r3, #4
    bd88:	e2433008 	sub	r3, r3, #8
    bd8c:	e1a00003 	mov	r0, r3
    bd90:	e3a01000 	mov	r1, #0
    bd94:	e3a02b01 	mov	r2, #1024	@ 0x400
    bd98:	ebffdb2a 	bl	2a48 <memset@plt>
    bd9c:	e51b0410 	ldr	r0, [fp, #-1040]	@ 0xfffffbf0
    bda0:	ebffdc5a 	bl	2f10 <strlen@plt>
    bda4:	e1a03000 	mov	r3, r0
    bda8:	e50b300c 	str	r3, [fp, #-12]
    bdac:	e3a03000 	mov	r3, #0
    bdb0:	e50b3008 	str	r3, [fp, #-8]
    bdb4:	ea000014 	b	be0c <rtsp_client_send+0x990>
    bdb8:	e51b3008 	ldr	r3, [fp, #-8]
    bdbc:	e51b2410 	ldr	r2, [fp, #-1040]	@ 0xfffffbf0
    bdc0:	e0823003 	add	r3, r2, r3
    bdc4:	e5d33000 	ldrb	r3, [r3]
    bdc8:	e353002d 	cmp	r3, #45	@ 0x2d
    bdcc:	0a00000d 	beq	be08 <rtsp_client_send+0x98c>
    bdd0:	e51b3008 	ldr	r3, [fp, #-8]
    bdd4:	e51b2410 	ldr	r2, [fp, #-1040]	@ 0xfffffbf0
    bdd8:	e0823003 	add	r3, r2, r3
    bddc:	e5d32000 	ldrb	r2, [r3]
    bde0:	e59f3058 	ldr	r3, [pc, #88]	@ be40 <rtsp_client_send+0x9c4>
    bde4:	e51b1008 	ldr	r1, [fp, #-8]
    bde8:	e24b0004 	sub	r0, fp, #4
    bdec:	e0801001 	add	r1, r0, r1
    bdf0:	e0813003 	add	r3, r1, r3
    bdf4:	e5c32000 	strb	r2, [r3]
    bdf8:	e51b3008 	ldr	r3, [fp, #-8]
    bdfc:	e2833001 	add	r3, r3, #1
    be00:	e50b3008 	str	r3, [fp, #-8]
    be04:	ea000000 	b	be0c <rtsp_client_send+0x990>
    be08:	ea000003 	b	be1c <rtsp_client_send+0x9a0>
    be0c:	e51b2008 	ldr	r2, [fp, #-8]
    be10:	e51b300c 	ldr	r3, [fp, #-12]
    be14:	e1520003 	cmp	r2, r3
    be18:	baffffe6 	blt	bdb8 <rtsp_client_send+0x93c>
    be1c:	e24b3b01 	sub	r3, fp, #1024	@ 0x400
    be20:	e2433004 	sub	r3, r3, #4
    be24:	e2433008 	sub	r3, r3, #8
    be28:	e1a00003 	mov	r0, r3
    be2c:	ebffdc04 	bl	2e44 <atoi@plt>
    be30:	e1a03000 	mov	r3, r0
    be34:	e1a00003 	mov	r0, r3
    be38:	e24bd004 	sub	sp, fp, #4
    be3c:	e8bd8800 	pop	{fp, pc}
    be40:	fffffbf8 			@ <UNDEFINED> instruction: 0xfffffbf8
    be44:	e92d4800 	push	{fp, lr}
    be48:	e28db004 	add	fp, sp, #4
    be4c:	e24dde81 	sub	sp, sp, #2064	@ 0x810
    be50:	e24dd008 	sub	sp, sp, #8
    be54:	e50b0810 	str	r0, [fp, #-2064]	@ 0xfffff7f0
    be58:	e50b1814 	str	r1, [fp, #-2068]	@ 0xfffff7ec
    be5c:	e50b2818 	str	r2, [fp, #-2072]	@ 0xfffff7e8
    be60:	e24b3b02 	sub	r3, fp, #2048	@ 0x800
    be64:	e2433004 	sub	r3, r3, #4
    be68:	e2433008 	sub	r3, r3, #8
    be6c:	e1a00003 	mov	r0, r3
    be70:	e3a01000 	mov	r1, #0
    be74:	e3a02b01 	mov	r2, #1024	@ 0x400
    be78:	ebffdaf2 	bl	2a48 <memset@plt>
    be7c:	e24b3b02 	sub	r3, fp, #2048	@ 0x800
    be80:	e2433004 	sub	r3, r3, #4
    be84:	e2433008 	sub	r3, r3, #8
    be88:	e51b0810 	ldr	r0, [fp, #-2064]	@ 0xfffff7f0
    be8c:	e1a01003 	mov	r1, r3
    be90:	e59f20ac 	ldr	r2, [pc, #172]	@ bf44 <rtsp_client_send+0xac8>
    be94:	e59f30ac 	ldr	r3, [pc, #172]	@ bf48 <rtsp_client_send+0xacc>
    be98:	ebfff305 	bl	8ab4 <rtsp_init_client+0x4c4>
    be9c:	e50b000c 	str	r0, [fp, #-12]
    bea0:	e51b300c 	ldr	r3, [fp, #-12]
    bea4:	e3530000 	cmp	r3, #0
    bea8:	1a000006 	bne	bec8 <rtsp_client_send+0xa4c>
    beac:	e24b3b02 	sub	r3, fp, #2048	@ 0x800
    beb0:	e2433004 	sub	r3, r3, #4
    beb4:	e2433008 	sub	r3, r3, #8
    beb8:	e1a00003 	mov	r0, r3
    bebc:	ebffdbe0 	bl	2e44 <atoi@plt>
    bec0:	e50b0008 	str	r0, [fp, #-8]
    bec4:	ea000001 	b	bed0 <rtsp_client_send+0xa54>
    bec8:	e3a03000 	mov	r3, #0
    becc:	e50b3008 	str	r3, [fp, #-8]
    bed0:	e24b3b01 	sub	r3, fp, #1024	@ 0x400
    bed4:	e2433004 	sub	r3, r3, #4
    bed8:	e2433008 	sub	r3, r3, #8
    bedc:	e1a00003 	mov	r0, r3
    bee0:	e3a01000 	mov	r1, #0
    bee4:	e3a02b01 	mov	r2, #1024	@ 0x400
    bee8:	ebffdad6 	bl	2a48 <memset@plt>
    beec:	e24b3b01 	sub	r3, fp, #1024	@ 0x400
    bef0:	e2433004 	sub	r3, r3, #4
    bef4:	e2433008 	sub	r3, r3, #8
    bef8:	e1a00003 	mov	r0, r3
    befc:	e59f1048 	ldr	r1, [pc, #72]	@ bf4c <rtsp_client_send+0xad0>
    bf00:	e51b2008 	ldr	r2, [fp, #-8]
    bf04:	ebffdbef 	bl	2ec8 <sprintf@plt>
    bf08:	e24b3b01 	sub	r3, fp, #1024	@ 0x400
    bf0c:	e2433004 	sub	r3, r3, #4
    bf10:	e2433008 	sub	r3, r3, #8
    bf14:	e1a00003 	mov	r0, r3
    bf18:	ebffdbfc 	bl	2f10 <strlen@plt>
    bf1c:	e1a03000 	mov	r3, r0
    bf20:	e1a02003 	mov	r2, r3
    bf24:	e24b3b01 	sub	r3, fp, #1024	@ 0x400
    bf28:	e2433004 	sub	r3, r3, #4
    bf2c:	e2433008 	sub	r3, r3, #8
    bf30:	e51b0818 	ldr	r0, [fp, #-2072]	@ 0xfffff7e8
    bf34:	e1a01003 	mov	r1, r3
    bf38:	ebfff249 	bl	8864 <rtsp_init_client+0x274>
    bf3c:	e24bd004 	sub	sp, fp, #4
    bf40:	e8bd8800 	pop	{fp, pc}
    bf44:	00010d5c 	andeq	r0, r1, ip, asr sp
    bf48:	00010d64 	andeq	r0, r1, r4, ror #26
    bf4c:	00010db0 			@ <UNDEFINED> instruction: 0x00010db0
    bf50:	e92d4800 	push	{fp, lr}
    bf54:	e28db004 	add	fp, sp, #4
    bf58:	e24ddec6 	sub	sp, sp, #3168	@ 0xc60
    bf5c:	e50b0c48 	str	r0, [fp, #-3144]	@ 0xfffff3b8
    bf60:	e50b1c4c 	str	r1, [fp, #-3148]	@ 0xfffff3b4
    bf64:	e50b2c50 	str	r2, [fp, #-3152]	@ 0xfffff3b0
    bf68:	e51b0c48 	ldr	r0, [fp, #-3144]	@ 0xfffff3b8
    bf6c:	ebffff3a 	bl	bc5c <rtsp_client_send+0x7e0>
    bf70:	e50b0010 	str	r0, [fp, #-16]
    bf74:	e24b3ec2 	sub	r3, fp, #3104	@ 0xc20
    bf78:	e2433004 	sub	r3, r3, #4
    bf7c:	e2433008 	sub	r3, r3, #8
    bf80:	e3a02000 	mov	r2, #0
    bf84:	e5832000 	str	r2, [r3]
    bf88:	e2833004 	add	r3, r3, #4
    bf8c:	e3a02000 	mov	r2, #0
    bf90:	e5832000 	str	r2, [r3]
    bf94:	e2833004 	add	r3, r3, #4
    bf98:	e3a02000 	mov	r2, #0
    bf9c:	e5832000 	str	r2, [r3]
    bfa0:	e2833004 	add	r3, r3, #4
    bfa4:	e3a02000 	mov	r2, #0
    bfa8:	e5832000 	str	r2, [r3]
    bfac:	e2833004 	add	r3, r3, #4
    bfb0:	e59f32d0 	ldr	r3, [pc, #720]	@ c288 <rtsp_client_send+0xe0c>
    bfb4:	e50b300c 	str	r3, [fp, #-12]
    bfb8:	e3a03000 	mov	r3, #0
    bfbc:	e50b3014 	str	r3, [fp, #-20]	@ 0xffffffec
    bfc0:	e3a03010 	mov	r3, #16
    bfc4:	e50b3c40 	str	r3, [fp, #-3136]	@ 0xfffff3c0
    bfc8:	e3a03000 	mov	r3, #0
    bfcc:	e50b3018 	str	r3, [fp, #-24]	@ 0xffffffe8
    bfd0:	e51b3c50 	ldr	r3, [fp, #-3152]	@ 0xfffff3b0
    bfd4:	e5931004 	ldr	r1, [r3, #4]
    bfd8:	e24b2ec3 	sub	r2, fp, #3120	@ 0xc30
    bfdc:	e2422004 	sub	r2, r2, #4
    bfe0:	e2422008 	sub	r2, r2, #8
    bfe4:	e24b3ec3 	sub	r3, fp, #3120	@ 0xc30
    bfe8:	e2433004 	sub	r3, r3, #4
    bfec:	e243300c 	sub	r3, r3, #12
    bff0:	e1a00001 	mov	r0, r1
    bff4:	e1a01002 	mov	r1, r2
    bff8:	e1a02003 	mov	r2, r3
    bffc:	ebffdad6 	bl	2b5c <getsockname@plt>
    c000:	e51bcc40 	ldr	ip, [fp, #-3136]	@ 0xfffff3c0
    c004:	e24b3ec3 	sub	r3, fp, #3120	@ 0xc30
    c008:	e2433004 	sub	r3, r3, #4
    c00c:	e2433008 	sub	r3, r3, #8
    c010:	e2832004 	add	r2, r3, #4
    c014:	e24b3ec2 	sub	r3, fp, #3104	@ 0xc20
    c018:	e2433004 	sub	r3, r3, #4
    c01c:	e2433008 	sub	r3, r3, #8
    c020:	e3a00002 	mov	r0, #2
    c024:	e1a01002 	mov	r1, r2
    c028:	e1a02003 	mov	r2, r3
    c02c:	e1a0300c 	mov	r3, ip
    c030:	ebffdb9e 	bl	2eb0 <inet_ntop@plt>
    c034:	e59f3250 	ldr	r3, [pc, #592]	@ c28c <rtsp_client_send+0xe10>
    c038:	e24b2004 	sub	r2, fp, #4
    c03c:	e19230b3 	ldrh	r3, [r2, r3]
    c040:	e1a00003 	mov	r0, r3
    c044:	ebffdb96 	bl	2ea4 <ntohs@plt>
    c048:	e1a03000 	mov	r3, r0
    c04c:	e50b3018 	str	r3, [fp, #-24]	@ 0xffffffe8
    c050:	e51b3010 	ldr	r3, [fp, #-16]
    c054:	e3730001 	cmn	r3, #1
    c058:	1a000005 	bne	c074 <rtsp_client_send+0xbf8>
    c05c:	e3a00001 	mov	r0, #1
    c060:	e59f1228 	ldr	r1, [pc, #552]	@ c290 <rtsp_client_send+0xe14>
    c064:	e59f2228 	ldr	r2, [pc, #552]	@ c294 <rtsp_client_send+0xe18>
    c068:	e59f3228 	ldr	r3, [pc, #552]	@ c298 <rtsp_client_send+0xe1c>
    c06c:	ebffda6c 	bl	2a24 <ak_print@plt>
    c070:	ea000082 	b	c280 <rtsp_client_send+0xe04>
    c074:	e24b3ec1 	sub	r3, fp, #3088	@ 0xc10
    c078:	e2433004 	sub	r3, r3, #4
    c07c:	e2433008 	sub	r3, r3, #8
    c080:	e1a00003 	mov	r0, r3
    c084:	e3a01000 	mov	r1, #0
    c088:	e3a02b01 	mov	r2, #1024	@ 0x400
    c08c:	ebffda6d 	bl	2a48 <memset@plt>
    c090:	e24b3ec1 	sub	r3, fp, #3088	@ 0xc10
    c094:	e2433004 	sub	r3, r3, #4
    c098:	e2433008 	sub	r3, r3, #8
    c09c:	e51b0c48 	ldr	r0, [fp, #-3144]	@ 0xfffff3b8
    c0a0:	e1a01003 	mov	r1, r3
    c0a4:	e59f21f0 	ldr	r2, [pc, #496]	@ c29c <rtsp_client_send+0xe20>
    c0a8:	e59f31f0 	ldr	r3, [pc, #496]	@ c2a0 <rtsp_client_send+0xe24>
    c0ac:	ebfff280 	bl	8ab4 <rtsp_init_client+0x4c4>
    c0b0:	e50b001c 	str	r0, [fp, #-28]	@ 0xffffffe4
    c0b4:	e51b301c 	ldr	r3, [fp, #-28]	@ 0xffffffe4
    c0b8:	e3530000 	cmp	r3, #0
    c0bc:	1a000006 	bne	c0dc <rtsp_client_send+0xc60>
    c0c0:	e24b3ec1 	sub	r3, fp, #3088	@ 0xc10
    c0c4:	e2433004 	sub	r3, r3, #4
    c0c8:	e2433008 	sub	r3, r3, #8
    c0cc:	e1a00003 	mov	r0, r3
    c0d0:	ebffdb5b 	bl	2e44 <atoi@plt>
    c0d4:	e50b0008 	str	r0, [fp, #-8]
    c0d8:	ea000001 	b	c0e4 <rtsp_client_send+0xc68>
    c0dc:	e3a03000 	mov	r3, #0
    c0e0:	e50b3008 	str	r3, [fp, #-8]
    c0e4:	e51b3010 	ldr	r3, [fp, #-16]
    c0e8:	e58d3000 	str	r3, [sp]
    c0ec:	e3a00003 	mov	r0, #3
    c0f0:	e59f11ac 	ldr	r1, [pc, #428]	@ c2a4 <rtsp_client_send+0xe28>
    c0f4:	e59f2198 	ldr	r2, [pc, #408]	@ c294 <rtsp_client_send+0xe18>
    c0f8:	e59f31a8 	ldr	r3, [pc, #424]	@ c2a8 <rtsp_client_send+0xe2c>
    c0fc:	ebffda48 	bl	2a24 <ak_print@plt>
    c100:	e51b1c4c 	ldr	r1, [fp, #-3148]	@ 0xfffff3b4
    c104:	e51b2010 	ldr	r2, [fp, #-16]
    c108:	e59f319c 	ldr	r3, [pc, #412]	@ c2ac <rtsp_client_send+0xe30>
    c10c:	e59f019c 	ldr	r0, [pc, #412]	@ c2b0 <rtsp_client_send+0xe34>
    c110:	e0020290 	mul	r2, r0, r2
    c114:	e0812002 	add	r2, r1, r2
    c118:	e0823003 	add	r3, r2, r3
    c11c:	e5931000 	ldr	r1, [r3]
    c120:	e51b2c50 	ldr	r2, [fp, #-3152]	@ 0xfffff3b0
    c124:	e59f3188 	ldr	r3, [pc, #392]	@ c2b4 <rtsp_client_send+0xe38>
    c128:	e7821003 	str	r1, [r2, r3]
    c12c:	e51b2c50 	ldr	r2, [fp, #-3152]	@ 0xfffff3b0
    c130:	e59f317c 	ldr	r3, [pc, #380]	@ c2b4 <rtsp_client_send+0xe38>
    c134:	e7923003 	ldr	r3, [r2, r3]
    c138:	e3530000 	cmp	r3, #0
    c13c:	1a00000c 	bne	c174 <rtsp_client_send+0xcf8>
    c140:	e59f3170 	ldr	r3, [pc, #368]	@ c2b8 <rtsp_client_send+0xe3c>
    c144:	e50b300c 	str	r3, [fp, #-12]
    c148:	e51b3c50 	ldr	r3, [fp, #-3152]	@ 0xfffff3b0
    c14c:	e593303c 	ldr	r3, [r3, #60]	@ 0x3c
    c150:	e58d3000 	str	r3, [sp]
    c154:	e51b300c 	ldr	r3, [fp, #-12]
    c158:	e58d3004 	str	r3, [sp, #4]
    c15c:	e3a00004 	mov	r0, #4
    c160:	e59f1154 	ldr	r1, [pc, #340]	@ c2bc <rtsp_client_send+0xe40>
    c164:	e59f2128 	ldr	r2, [pc, #296]	@ c294 <rtsp_client_send+0xe18>
    c168:	e59f3150 	ldr	r3, [pc, #336]	@ c2c0 <rtsp_client_send+0xe44>
    c16c:	ebffda2c 	bl	2a24 <ak_print@plt>
    c170:	ea000010 	b	c1b8 <rtsp_client_send+0xd3c>
    c174:	e51b2c50 	ldr	r2, [fp, #-3152]	@ 0xfffff3b0
    c178:	e59f3134 	ldr	r3, [pc, #308]	@ c2b4 <rtsp_client_send+0xe38>
    c17c:	e7923003 	ldr	r3, [r2, r3]
    c180:	e3530002 	cmp	r3, #2
    c184:	1a00000b 	bne	c1b8 <rtsp_client_send+0xd3c>
    c188:	e59f3134 	ldr	r3, [pc, #308]	@ c2c4 <rtsp_client_send+0xe48>
    c18c:	e50b300c 	str	r3, [fp, #-12]
    c190:	e51b3c50 	ldr	r3, [fp, #-3152]	@ 0xfffff3b0
    c194:	e593303c 	ldr	r3, [r3, #60]	@ 0x3c
    c198:	e58d3000 	str	r3, [sp]
    c19c:	e51b300c 	ldr	r3, [fp, #-12]
    c1a0:	e58d3004 	str	r3, [sp, #4]
    c1a4:	e3a00004 	mov	r0, #4
    c1a8:	e59f1118 	ldr	r1, [pc, #280]	@ c2c8 <rtsp_client_send+0xe4c>
    c1ac:	e59f20e0 	ldr	r2, [pc, #224]	@ c294 <rtsp_client_send+0xe18>
    c1b0:	e59f3114 	ldr	r3, [pc, #276]	@ c2cc <rtsp_client_send+0xe50>
    c1b4:	ebffda1a 	bl	2a24 <ak_print@plt>
    c1b8:	e24b1e81 	sub	r1, fp, #2064	@ 0x810
    c1bc:	e2411004 	sub	r1, r1, #4
    c1c0:	e2411008 	sub	r1, r1, #8
    c1c4:	e24b2ec2 	sub	r2, fp, #3104	@ 0xc20
    c1c8:	e2422004 	sub	r2, r2, #4
    c1cc:	e2422008 	sub	r2, r2, #8
    c1d0:	e24b3ec2 	sub	r3, fp, #3104	@ 0xc20
    c1d4:	e2433004 	sub	r3, r3, #4
    c1d8:	e2433008 	sub	r3, r3, #8
    c1dc:	e51b000c 	ldr	r0, [fp, #-12]
    c1e0:	e58d0000 	str	r0, [sp]
    c1e4:	e1a00001 	mov	r0, r1
    c1e8:	e59f10e0 	ldr	r1, [pc, #224]	@ c2d0 <rtsp_client_send+0xe54>
    c1ec:	ebffdb35 	bl	2ec8 <sprintf@plt>
    c1f0:	e50b0014 	str	r0, [fp, #-20]	@ 0xffffffec
    c1f4:	e51b3010 	ldr	r3, [fp, #-16]
    c1f8:	e59f20b0 	ldr	r2, [pc, #176]	@ c2b0 <rtsp_client_send+0xe34>
    c1fc:	e0030392 	mul	r3, r2, r3
    c200:	e2833ca7 	add	r3, r3, #42752	@ 0xa700
    c204:	e28330e8 	add	r3, r3, #232	@ 0xe8
    c208:	e59f20c4 	ldr	r2, [pc, #196]	@ c2d4 <rtsp_client_send+0xe58>
    c20c:	e0833002 	add	r3, r3, r2
    c210:	e2831004 	add	r1, r3, #4
    c214:	e24b2e41 	sub	r2, fp, #1040	@ 0x410
    c218:	e2422004 	sub	r2, r2, #4
    c21c:	e2422008 	sub	r2, r2, #8
    c220:	e24b3ec2 	sub	r3, fp, #3104	@ 0xc20
    c224:	e2433004 	sub	r3, r3, #4
    c228:	e2433008 	sub	r3, r3, #8
    c22c:	e51b0018 	ldr	r0, [fp, #-24]	@ 0xffffffe8
    c230:	e58d0000 	str	r0, [sp]
    c234:	e58d1004 	str	r1, [sp, #4]
    c238:	e51b1014 	ldr	r1, [fp, #-20]	@ 0xffffffec
    c23c:	e58d1008 	str	r1, [sp, #8]
    c240:	e24b1e81 	sub	r1, fp, #2064	@ 0x810
    c244:	e2411004 	sub	r1, r1, #4
    c248:	e2411008 	sub	r1, r1, #8
    c24c:	e58d100c 	str	r1, [sp, #12]
    c250:	e1a00002 	mov	r0, r2
    c254:	e59f107c 	ldr	r1, [pc, #124]	@ c2d8 <rtsp_client_send+0xe5c>
    c258:	e51b2008 	ldr	r2, [fp, #-8]
    c25c:	ebffdb19 	bl	2ec8 <sprintf@plt>
    c260:	e50b0014 	str	r0, [fp, #-20]	@ 0xffffffec
    c264:	e24b3e41 	sub	r3, fp, #1040	@ 0x410
    c268:	e2433004 	sub	r3, r3, #4
    c26c:	e2433008 	sub	r3, r3, #8
    c270:	e51b0c50 	ldr	r0, [fp, #-3152]	@ 0xfffff3b0
    c274:	e1a01003 	mov	r1, r3
    c278:	e51b2014 	ldr	r2, [fp, #-20]	@ 0xffffffec
    c27c:	ebfff178 	bl	8864 <rtsp_init_client+0x274>
    c280:	e24bd004 	sub	sp, fp, #4
    c284:	e8bd8800 	pop	{fp, pc}
    c288:	00010e00 	andeq	r0, r1, r0, lsl #28
    c28c:	fffff3ca 			@ <UNDEFINED> instruction: 0xfffff3ca
    c290:	00010e08 	andeq	r0, r1, r8, lsl #28
    c294:	00011274 	andeq	r1, r1, r4, ror r2
    c298:	00000534 	andeq	r0, r0, r4, lsr r5
    c29c:	00010d5c 	andeq	r0, r1, ip, asr sp
    c2a0:	00010d64 	andeq	r0, r1, r4, ror #26
    c2a4:	00010e20 	andeq	r0, r1, r0, lsr #28
    c2a8:	00000542 	andeq	r0, r0, r2, asr #10
    c2ac:	0000de54 	andeq	sp, r0, r4, asr lr
    c2b0:	0000366c 	andeq	r3, r0, ip, ror #12
    c2b4:	000013b4 			@ <UNDEFINED> instruction: 0x000013b4
    c2b8:	00010e3c 	andeq	r0, r1, ip, lsr lr
    c2bc:	00010e44 	andeq	r0, r1, r4, asr #28
    c2c0:	00000547 	andeq	r0, r0, r7, asr #10
    c2c4:	00010e6c 	andeq	r0, r1, ip, ror #28
    c2c8:	00010e74 	andeq	r0, r1, r4, ror lr
    c2cc:	0000054a 	andeq	r0, r0, sl, asr #10
    c2d0:	00010e9c 	muleq	r1, ip, lr
    c2d4:	00000000 	andeq	r0, r0, r0
    c2d8:	00010f40 	andeq	r0, r1, r0, asr #30
    c2dc:	e92d4800 	push	{fp, lr}
    c2e0:	e28db004 	add	fp, sp, #4
    c2e4:	e24dda01 	sub	sp, sp, #4096	@ 0x1000
    c2e8:	e24dd030 	sub	sp, sp, #48	@ 0x30
    c2ec:	e59f3468 	ldr	r3, [pc, #1128]	@ c75c <rtsp_client_send+0x12e0>
    c2f0:	e24bc004 	sub	ip, fp, #4
    c2f4:	e78c0003 	str	r0, [ip, r3]
    c2f8:	e59f3460 	ldr	r3, [pc, #1120]	@ c760 <rtsp_client_send+0x12e4>
    c2fc:	e24b0004 	sub	r0, fp, #4
    c300:	e7801003 	str	r1, [r0, r3]
    c304:	e59f3458 	ldr	r3, [pc, #1112]	@ c764 <rtsp_client_send+0x12e8>
    c308:	e24b1004 	sub	r1, fp, #4
    c30c:	e7812003 	str	r2, [r1, r3]
    c310:	e59f3444 	ldr	r3, [pc, #1092]	@ c75c <rtsp_client_send+0x12e0>
    c314:	e24b2004 	sub	r2, fp, #4
    c318:	e7920003 	ldr	r0, [r2, r3]
    c31c:	ebffdafb 	bl	2f10 <strlen@plt>
    c320:	e1a03000 	mov	r3, r0
    c324:	e50b300c 	str	r3, [fp, #-12]
    c328:	e24b3b02 	sub	r3, fp, #2048	@ 0x800
    c32c:	e2433004 	sub	r3, r3, #4
    c330:	e243300c 	sub	r3, r3, #12
    c334:	e1a00003 	mov	r0, r3
    c338:	e3a01000 	mov	r1, #0
    c33c:	e3a02b01 	mov	r2, #1024	@ 0x400
    c340:	ebffd9c0 	bl	2a48 <memset@plt>
    c344:	e59f2410 	ldr	r2, [pc, #1040]	@ c75c <rtsp_client_send+0x12e0>
    c348:	e24b3b02 	sub	r3, fp, #2048	@ 0x800
    c34c:	e2433004 	sub	r3, r3, #4
    c350:	e243300c 	sub	r3, r3, #12
    c354:	e24bc004 	sub	ip, fp, #4
    c358:	e79c0002 	ldr	r0, [ip, r2]
    c35c:	e1a01003 	mov	r1, r3
    c360:	e59f2400 	ldr	r2, [pc, #1024]	@ c768 <rtsp_client_send+0x12ec>
    c364:	e59f3400 	ldr	r3, [pc, #1024]	@ c76c <rtsp_client_send+0x12f0>
    c368:	ebfff1d1 	bl	8ab4 <rtsp_init_client+0x4c4>
    c36c:	e50b0010 	str	r0, [fp, #-16]
    c370:	e51b3010 	ldr	r3, [fp, #-16]
    c374:	e3530000 	cmp	r3, #0
    c378:	1a000006 	bne	c398 <rtsp_client_send+0xf1c>
    c37c:	e24b3b02 	sub	r3, fp, #2048	@ 0x800
    c380:	e2433004 	sub	r3, r3, #4
    c384:	e243300c 	sub	r3, r3, #12
    c388:	e1a00003 	mov	r0, r3
    c38c:	ebffdaac 	bl	2e44 <atoi@plt>
    c390:	e50b0008 	str	r0, [fp, #-8]
    c394:	ea000001 	b	c3a0 <rtsp_client_send+0xf24>
    c398:	e3a03000 	mov	r3, #0
    c39c:	e50b3008 	str	r3, [fp, #-8]
    c3a0:	e24b3b03 	sub	r3, fp, #3072	@ 0xc00
    c3a4:	e2433004 	sub	r3, r3, #4
    c3a8:	e243300c 	sub	r3, r3, #12
    c3ac:	e1a00003 	mov	r0, r3
    c3b0:	e3a01000 	mov	r1, #0
    c3b4:	e3a02b01 	mov	r2, #1024	@ 0x400
    c3b8:	ebffd9a2 	bl	2a48 <memset@plt>
    c3bc:	e59f2398 	ldr	r2, [pc, #920]	@ c75c <rtsp_client_send+0x12e0>
    c3c0:	e24b3b03 	sub	r3, fp, #3072	@ 0xc00
    c3c4:	e2433004 	sub	r3, r3, #4
    c3c8:	e243300c 	sub	r3, r3, #12
    c3cc:	e24b1004 	sub	r1, fp, #4
    c3d0:	e7910002 	ldr	r0, [r1, r2]
    c3d4:	e1a01003 	mov	r1, r3
    c3d8:	e59f2390 	ldr	r2, [pc, #912]	@ c770 <rtsp_client_send+0x12f4>
    c3dc:	e59f3388 	ldr	r3, [pc, #904]	@ c76c <rtsp_client_send+0x12f0>
    c3e0:	ebfff1b3 	bl	8ab4 <rtsp_init_client+0x4c4>
    c3e4:	e50b0010 	str	r0, [fp, #-16]
    c3e8:	e51b3010 	ldr	r3, [fp, #-16]
    c3ec:	e3530000 	cmp	r3, #0
    c3f0:	0a000005 	beq	c40c <rtsp_client_send+0xf90>
    c3f4:	e24b3b03 	sub	r3, fp, #3072	@ 0xc00
    c3f8:	e2433004 	sub	r3, r3, #4
    c3fc:	e243300c 	sub	r3, r3, #12
    c400:	e59f236c 	ldr	r2, [pc, #876]	@ c774 <rtsp_client_send+0x12f8>
    c404:	e8920007 	ldm	r2, {r0, r1, r2}
    c408:	e8830007 	stm	r3, {r0, r1, r2}
    c40c:	e24b3b03 	sub	r3, fp, #3072	@ 0xc00
    c410:	e2433004 	sub	r3, r3, #4
    c414:	e243300c 	sub	r3, r3, #12
    c418:	e1a00003 	mov	r0, r3
    c41c:	ebfffe53 	bl	bd70 <rtsp_client_send+0x8f4>
    c420:	e1a02000 	mov	r2, r0
    c424:	e59f3338 	ldr	r3, [pc, #824]	@ c764 <rtsp_client_send+0x12e8>
    c428:	e24bc004 	sub	ip, fp, #4
    c42c:	e79c3003 	ldr	r3, [ip, r3]
    c430:	e5832018 	str	r2, [r3, #24]
    c434:	e59f3328 	ldr	r3, [pc, #808]	@ c764 <rtsp_client_send+0x12e8>
    c438:	e24b0004 	sub	r0, fp, #4
    c43c:	e7903003 	ldr	r3, [r0, r3]
    c440:	e5933018 	ldr	r3, [r3, #24]
    c444:	e59f032c 	ldr	r0, [pc, #812]	@ c778 <rtsp_client_send+0x12fc>
    c448:	e1a01003 	mov	r1, r3
    c44c:	ebffd9d4 	bl	2ba4 <printf@plt>
    c450:	e24b3a01 	sub	r3, fp, #4096	@ 0x1000
    c454:	e2433004 	sub	r3, r3, #4
    c458:	e243300c 	sub	r3, r3, #12
    c45c:	e1a00003 	mov	r0, r3
    c460:	e3a01000 	mov	r1, #0
    c464:	e3a02b01 	mov	r2, #1024	@ 0x400
    c468:	ebffd976 	bl	2a48 <memset@plt>
    c46c:	e59f22e8 	ldr	r2, [pc, #744]	@ c75c <rtsp_client_send+0x12e0>
    c470:	e24b3a01 	sub	r3, fp, #4096	@ 0x1000
    c474:	e2433004 	sub	r3, r3, #4
    c478:	e243300c 	sub	r3, r3, #12
    c47c:	e24b1004 	sub	r1, fp, #4
    c480:	e7910002 	ldr	r0, [r1, r2]
    c484:	e1a01003 	mov	r1, r3
    c488:	e59f22ec 	ldr	r2, [pc, #748]	@ c77c <rtsp_client_send+0x1300>
    c48c:	e59f32ec 	ldr	r3, [pc, #748]	@ c780 <rtsp_client_send+0x1304>
    c490:	ebfff187 	bl	8ab4 <rtsp_init_client+0x4c4>
    c494:	e50b0010 	str	r0, [fp, #-16]
    c498:	e51b3010 	ldr	r3, [fp, #-16]
    c49c:	e3530000 	cmp	r3, #0
    c4a0:	0a000005 	beq	c4bc <rtsp_client_send+0x1040>
    c4a4:	e24b3a01 	sub	r3, fp, #4096	@ 0x1000
    c4a8:	e2433004 	sub	r3, r3, #4
    c4ac:	e243300c 	sub	r3, r3, #12
    c4b0:	e59f22cc 	ldr	r2, [pc, #716]	@ c784 <rtsp_client_send+0x1308>
    c4b4:	e8920003 	ldm	r2, {r0, r1}
    c4b8:	e8830003 	stm	r3, {r0, r1}
    c4bc:	e24b3a01 	sub	r3, fp, #4096	@ 0x1000
    c4c0:	e2433004 	sub	r3, r3, #4
    c4c4:	e243300c 	sub	r3, r3, #12
    c4c8:	e1a00003 	mov	r0, r3
    c4cc:	ebffda8f 	bl	2f10 <strlen@plt>
    c4d0:	e1a03000 	mov	r3, r0
    c4d4:	e1a02003 	mov	r2, r3
    c4d8:	e24b3a01 	sub	r3, fp, #4096	@ 0x1000
    c4dc:	e2433004 	sub	r3, r3, #4
    c4e0:	e243300c 	sub	r3, r3, #12
    c4e4:	e3a01000 	mov	r1, #0
    c4e8:	e58d1000 	str	r1, [sp]
    c4ec:	e1a00003 	mov	r0, r3
    c4f0:	e1a01002 	mov	r1, r2
    c4f4:	e59f228c 	ldr	r2, [pc, #652]	@ c788 <rtsp_client_send+0x130c>
    c4f8:	e3a03003 	mov	r3, #3
    c4fc:	ebffee27 	bl	7da0 <ak_rtsp_exit+0x180>
    c500:	e1a03000 	mov	r3, r0
    c504:	e3530000 	cmp	r3, #0
    c508:	ba000005 	blt	c524 <rtsp_client_send+0x10a8>
    c50c:	e59f3250 	ldr	r3, [pc, #592]	@ c764 <rtsp_client_send+0x12e8>
    c510:	e24b2004 	sub	r2, fp, #4
    c514:	e7923003 	ldr	r3, [r2, r3]
    c518:	e3a02001 	mov	r2, #1
    c51c:	e5832010 	str	r2, [r3, #16]
    c520:	ea000004 	b	c538 <rtsp_client_send+0x10bc>
    c524:	e59f3238 	ldr	r3, [pc, #568]	@ c764 <rtsp_client_send+0x12e8>
    c528:	e24bc004 	sub	ip, fp, #4
    c52c:	e79c3003 	ldr	r3, [ip, r3]
    c530:	e3a02000 	mov	r2, #0
    c534:	e5832010 	str	r2, [r3, #16]
    c538:	e59f3224 	ldr	r3, [pc, #548]	@ c764 <rtsp_client_send+0x12e8>
    c53c:	e24b0004 	sub	r0, fp, #4
    c540:	e7903003 	ldr	r3, [r0, r3]
    c544:	e5933010 	ldr	r3, [r3, #16]
    c548:	e3530000 	cmp	r3, #0
    c54c:	1a000060 	bne	c6d4 <rtsp_client_send+0x1258>
    c550:	e24b3b01 	sub	r3, fp, #1024	@ 0x400
    c554:	e2433004 	sub	r3, r3, #4
    c558:	e243300c 	sub	r3, r3, #12
    c55c:	e1a00003 	mov	r0, r3
    c560:	e3a01000 	mov	r1, #0
    c564:	e3a02b01 	mov	r2, #1024	@ 0x400
    c568:	ebffd936 	bl	2a48 <memset@plt>
    c56c:	e59f31e8 	ldr	r3, [pc, #488]	@ c75c <rtsp_client_send+0x12e0>
    c570:	e3a02000 	mov	r2, #0
    c574:	e58d2000 	str	r2, [sp]
    c578:	e24b1004 	sub	r1, fp, #4
    c57c:	e7910003 	ldr	r0, [r1, r3]
    c580:	e51b100c 	ldr	r1, [fp, #-12]
    c584:	e59f2200 	ldr	r2, [pc, #512]	@ c78c <rtsp_client_send+0x1310>
    c588:	e3a03007 	mov	r3, #7
    c58c:	ebffee03 	bl	7da0 <ak_rtsp_exit+0x180>
    c590:	e1a03000 	mov	r3, r0
    c594:	e3530000 	cmp	r3, #0
    c598:	ba000026 	blt	c638 <rtsp_client_send+0x11bc>
    c59c:	e59f31c0 	ldr	r3, [pc, #448]	@ c764 <rtsp_client_send+0x12e8>
    c5a0:	e24b2004 	sub	r2, fp, #4
    c5a4:	e7923003 	ldr	r3, [r2, r3]
    c5a8:	e593303c 	ldr	r3, [r3, #60]	@ 0x3c
    c5ac:	e2833b1d 	add	r3, r3, #29696	@ 0x7400
    c5b0:	e2833097 	add	r3, r3, #151	@ 0x97
    c5b4:	e1a0e083 	lsl	lr, r3, #1
    c5b8:	e59f31a4 	ldr	r3, [pc, #420]	@ c764 <rtsp_client_send+0x12e8>
    c5bc:	e24bc004 	sub	ip, fp, #4
    c5c0:	e79c3003 	ldr	r3, [ip, r3]
    c5c4:	e593303c 	ldr	r3, [r3, #60]	@ 0x3c
    c5c8:	e2833b1d 	add	r3, r3, #29696	@ 0x7400
    c5cc:	e2833097 	add	r3, r3, #151	@ 0x97
    c5d0:	e1a03083 	lsl	r3, r3, #1
    c5d4:	e283c001 	add	ip, r3, #1
    c5d8:	e59f3184 	ldr	r3, [pc, #388]	@ c764 <rtsp_client_send+0x12e8>
    c5dc:	e24b0004 	sub	r0, fp, #4
    c5e0:	e7903003 	ldr	r3, [r0, r3]
    c5e4:	e593203c 	ldr	r2, [r3, #60]	@ 0x3c
    c5e8:	e59f31a0 	ldr	r3, [pc, #416]	@ c790 <rtsp_client_send+0x1314>
    c5ec:	e7930102 	ldr	r0, [r3, r2, lsl #2]
    c5f0:	e24b2b01 	sub	r2, fp, #1024	@ 0x400
    c5f4:	e2422004 	sub	r2, r2, #4
    c5f8:	e242200c 	sub	r2, r2, #12
    c5fc:	e24b3a01 	sub	r3, fp, #4096	@ 0x1000
    c600:	e2433004 	sub	r3, r3, #4
    c604:	e243300c 	sub	r3, r3, #12
    c608:	e24b1b03 	sub	r1, fp, #3072	@ 0xc00
    c60c:	e2411004 	sub	r1, r1, #4
    c610:	e241100c 	sub	r1, r1, #12
    c614:	e58d1000 	str	r1, [sp]
    c618:	e58de004 	str	lr, [sp, #4]
    c61c:	e58dc008 	str	ip, [sp, #8]
    c620:	e58d000c 	str	r0, [sp, #12]
    c624:	e1a00002 	mov	r0, r2
    c628:	e59f1164 	ldr	r1, [pc, #356]	@ c794 <rtsp_client_send+0x1318>
    c62c:	e51b2008 	ldr	r2, [fp, #-8]
    c630:	ebffda24 	bl	2ec8 <sprintf@plt>
    c634:	ea000037 	b	c718 <rtsp_client_send+0x129c>
    c638:	e59f3124 	ldr	r3, [pc, #292]	@ c764 <rtsp_client_send+0x12e8>
    c63c:	e24b1004 	sub	r1, fp, #4
    c640:	e7913003 	ldr	r3, [r1, r3]
    c644:	e593303c 	ldr	r3, [r3, #60]	@ 0x3c
    c648:	e2833b1d 	add	r3, r3, #29696	@ 0x7400
    c64c:	e2833097 	add	r3, r3, #151	@ 0x97
    c650:	e1a0e083 	lsl	lr, r3, #1
    c654:	e59f3108 	ldr	r3, [pc, #264]	@ c764 <rtsp_client_send+0x12e8>
    c658:	e24b2004 	sub	r2, fp, #4
    c65c:	e7923003 	ldr	r3, [r2, r3]
    c660:	e593303c 	ldr	r3, [r3, #60]	@ 0x3c
    c664:	e2833b1d 	add	r3, r3, #29696	@ 0x7400
    c668:	e2833097 	add	r3, r3, #151	@ 0x97
    c66c:	e1a03083 	lsl	r3, r3, #1
    c670:	e283c001 	add	ip, r3, #1
    c674:	e59f30e8 	ldr	r3, [pc, #232]	@ c764 <rtsp_client_send+0x12e8>
    c678:	e24b0004 	sub	r0, fp, #4
    c67c:	e7903003 	ldr	r3, [r0, r3]
    c680:	e593203c 	ldr	r2, [r3, #60]	@ 0x3c
    c684:	e59f3104 	ldr	r3, [pc, #260]	@ c790 <rtsp_client_send+0x1314>
    c688:	e7930102 	ldr	r0, [r3, r2, lsl #2]
    c68c:	e24b2b01 	sub	r2, fp, #1024	@ 0x400
    c690:	e2422004 	sub	r2, r2, #4
    c694:	e242200c 	sub	r2, r2, #12
    c698:	e24b3a01 	sub	r3, fp, #4096	@ 0x1000
    c69c:	e2433004 	sub	r3, r3, #4
    c6a0:	e243300c 	sub	r3, r3, #12
    c6a4:	e24b1b03 	sub	r1, fp, #3072	@ 0xc00
    c6a8:	e2411004 	sub	r1, r1, #4
    c6ac:	e241100c 	sub	r1, r1, #12
    c6b0:	e58d1000 	str	r1, [sp]
    c6b4:	e58de004 	str	lr, [sp, #4]
    c6b8:	e58dc008 	str	ip, [sp, #8]
    c6bc:	e58d000c 	str	r0, [sp, #12]
    c6c0:	e1a00002 	mov	r0, r2
    c6c4:	e59f10c8 	ldr	r1, [pc, #200]	@ c794 <rtsp_client_send+0x1318>
    c6c8:	e51b2008 	ldr	r2, [fp, #-8]
    c6cc:	ebffd9fd 	bl	2ec8 <sprintf@plt>
    c6d0:	ea000010 	b	c718 <rtsp_client_send+0x129c>
    c6d4:	e59f3088 	ldr	r3, [pc, #136]	@ c764 <rtsp_client_send+0x12e8>
    c6d8:	e24b1004 	sub	r1, fp, #4
    c6dc:	e7913003 	ldr	r3, [r1, r3]
    c6e0:	e593203c 	ldr	r2, [r3, #60]	@ 0x3c
    c6e4:	e59f30a4 	ldr	r3, [pc, #164]	@ c790 <rtsp_client_send+0x1314>
    c6e8:	e7931102 	ldr	r1, [r3, r2, lsl #2]
    c6ec:	e24b2b01 	sub	r2, fp, #1024	@ 0x400
    c6f0:	e2422004 	sub	r2, r2, #4
    c6f4:	e242200c 	sub	r2, r2, #12
    c6f8:	e24b3a01 	sub	r3, fp, #4096	@ 0x1000
    c6fc:	e2433004 	sub	r3, r3, #4
    c700:	e243300c 	sub	r3, r3, #12
    c704:	e58d1000 	str	r1, [sp]
    c708:	e1a00002 	mov	r0, r2
    c70c:	e59f1084 	ldr	r1, [pc, #132]	@ c798 <rtsp_client_send+0x131c>
    c710:	e51b2008 	ldr	r2, [fp, #-8]
    c714:	ebffd9eb 	bl	2ec8 <sprintf@plt>
    c718:	e24b3b01 	sub	r3, fp, #1024	@ 0x400
    c71c:	e2433004 	sub	r3, r3, #4
    c720:	e243300c 	sub	r3, r3, #12
    c724:	e1a00003 	mov	r0, r3
    c728:	ebffd9f8 	bl	2f10 <strlen@plt>
    c72c:	e1a03000 	mov	r3, r0
    c730:	e1a02003 	mov	r2, r3
    c734:	e59f1028 	ldr	r1, [pc, #40]	@ c764 <rtsp_client_send+0x12e8>
    c738:	e24b3b01 	sub	r3, fp, #1024	@ 0x400
    c73c:	e2433004 	sub	r3, r3, #4
    c740:	e243300c 	sub	r3, r3, #12
    c744:	e24bc004 	sub	ip, fp, #4
    c748:	e79c0001 	ldr	r0, [ip, r1]
    c74c:	e1a01003 	mov	r1, r3
    c750:	ebfff043 	bl	8864 <rtsp_init_client+0x274>
    c754:	e24bd004 	sub	sp, fp, #4
    c758:	e8bd8800 	pop	{fp, pc}
    c75c:	ffffefec 			@ <UNDEFINED> instruction: 0xffffefec
    c760:	ffffefe8 			@ <UNDEFINED> instruction: 0xffffefe8
    c764:	ffffefe4 			@ <UNDEFINED> instruction: 0xffffefe4
    c768:	00010d5c 	andeq	r0, r1, ip, asr sp
    c76c:	00010d64 	andeq	r0, r1, r4, ror #26
    c770:	00010fb4 			@ <UNDEFINED> instruction: 0x00010fb4
    c774:	00010fc4 	andeq	r0, r1, r4, asr #31
    c778:	00010fd0 	ldrdeq	r0, [r1], -r0	@ <UNPREDICTABLE>
    c77c:	00010fe0 	andeq	r0, r1, r0, ror #31
    c780:	00010fec 	andeq	r0, r1, ip, ror #31
    c784:	00010ff0 	strdeq	r0, [r1], -r0	@ <UNPREDICTABLE>
    c788:	00010ff8 	strdeq	r0, [r1], -r8
    c78c:	00010ffc 	strdeq	r0, [r1], -ip
    c790:	00019b60 	andeq	r9, r1, r0, ror #22
    c794:	00011004 	andeq	r1, r1, r4
    c798:	00011068 	andeq	r1, r1, r8, rrx
    c79c:	e92d4800 	push	{fp, lr}
    c7a0:	e28db004 	add	fp, sp, #4
    c7a4:	e24dde82 	sub	sp, sp, #2080	@ 0x820
    c7a8:	e50b0818 	str	r0, [fp, #-2072]	@ 0xfffff7e8
    c7ac:	e50b181c 	str	r1, [fp, #-2076]	@ 0xfffff7e4
    c7b0:	e50b2820 	str	r2, [fp, #-2080]	@ 0xfffff7e0
    c7b4:	e51b0818 	ldr	r0, [fp, #-2072]	@ 0xfffff7e8
    c7b8:	ebfffd27 	bl	bc5c <rtsp_client_send+0x7e0>
    c7bc:	e50b000c 	str	r0, [fp, #-12]
    c7c0:	e51b300c 	ldr	r3, [fp, #-12]
    c7c4:	e3730001 	cmn	r3, #1
    c7c8:	1a000005 	bne	c7e4 <rtsp_client_send+0x1368>
    c7cc:	e3a00001 	mov	r0, #1
    c7d0:	e59f1158 	ldr	r1, [pc, #344]	@ c930 <rtsp_client_send+0x14b4>
    c7d4:	e59f2158 	ldr	r2, [pc, #344]	@ c934 <rtsp_client_send+0x14b8>
    c7d8:	e59f3158 	ldr	r3, [pc, #344]	@ c938 <rtsp_client_send+0x14bc>
    c7dc:	ebffd890 	bl	2a24 <ak_print@plt>
    c7e0:	ea000050 	b	c928 <rtsp_client_send+0x14ac>
    c7e4:	e24b3b02 	sub	r3, fp, #2048	@ 0x800
    c7e8:	e2433004 	sub	r3, r3, #4
    c7ec:	e243300c 	sub	r3, r3, #12
    c7f0:	e1a00003 	mov	r0, r3
    c7f4:	e3a01000 	mov	r1, #0
    c7f8:	e3a02b01 	mov	r2, #1024	@ 0x400
    c7fc:	ebffd891 	bl	2a48 <memset@plt>
    c800:	e24b3b02 	sub	r3, fp, #2048	@ 0x800
    c804:	e2433004 	sub	r3, r3, #4
    c808:	e243300c 	sub	r3, r3, #12
    c80c:	e51b0818 	ldr	r0, [fp, #-2072]	@ 0xfffff7e8
    c810:	e1a01003 	mov	r1, r3
    c814:	e59f2120 	ldr	r2, [pc, #288]	@ c93c <rtsp_client_send+0x14c0>
    c818:	e59f3120 	ldr	r3, [pc, #288]	@ c940 <rtsp_client_send+0x14c4>
    c81c:	ebfff0a4 	bl	8ab4 <rtsp_init_client+0x4c4>
    c820:	e50b0010 	str	r0, [fp, #-16]
    c824:	e51b3010 	ldr	r3, [fp, #-16]
    c828:	e3530000 	cmp	r3, #0
    c82c:	1a000006 	bne	c84c <rtsp_client_send+0x13d0>
    c830:	e24b3b02 	sub	r3, fp, #2048	@ 0x800
    c834:	e2433004 	sub	r3, r3, #4
    c838:	e243300c 	sub	r3, r3, #12
    c83c:	e1a00003 	mov	r0, r3
    c840:	ebffd97f 	bl	2e44 <atoi@plt>
    c844:	e50b0008 	str	r0, [fp, #-8]
    c848:	ea000001 	b	c854 <rtsp_client_send+0x13d8>
    c84c:	e3a03000 	mov	r3, #0
    c850:	e50b3008 	str	r3, [fp, #-8]
    c854:	e51b300c 	ldr	r3, [fp, #-12]
    c858:	e59f20e4 	ldr	r2, [pc, #228]	@ c944 <rtsp_client_send+0x14c8>
    c85c:	e0030392 	mul	r3, r2, r3
    c860:	e2833ca7 	add	r3, r3, #42752	@ 0xa700
    c864:	e28330e8 	add	r3, r3, #232	@ 0xe8
    c868:	e59f20d8 	ldr	r2, [pc, #216]	@ c948 <rtsp_client_send+0x14cc>
    c86c:	e0833002 	add	r3, r3, r2
    c870:	e2833004 	add	r3, r3, #4
    c874:	e59f00d0 	ldr	r0, [pc, #208]	@ c94c <rtsp_client_send+0x14d0>
    c878:	e51b100c 	ldr	r1, [fp, #-12]
    c87c:	e1a02003 	mov	r2, r3
    c880:	ebffd8c7 	bl	2ba4 <printf@plt>
    c884:	e51b3820 	ldr	r3, [fp, #-2080]	@ 0xfffff7e0
    c888:	e51b200c 	ldr	r2, [fp, #-12]
    c88c:	e5832058 	str	r2, [r3, #88]	@ 0x58
    c890:	e51b3820 	ldr	r3, [fp, #-2080]	@ 0xfffff7e0
    c894:	e3a02001 	mov	r2, #1
    c898:	e5832034 	str	r2, [r3, #52]	@ 0x34
    c89c:	e51b3820 	ldr	r3, [fp, #-2080]	@ 0xfffff7e0
    c8a0:	e3a02001 	mov	r2, #1
    c8a4:	e583200c 	str	r2, [r3, #12]
    c8a8:	e24b3b01 	sub	r3, fp, #1024	@ 0x400
    c8ac:	e2433004 	sub	r3, r3, #4
    c8b0:	e243300c 	sub	r3, r3, #12
    c8b4:	e1a00003 	mov	r0, r3
    c8b8:	e3a01000 	mov	r1, #0
    c8bc:	e3a02b01 	mov	r2, #1024	@ 0x400
    c8c0:	ebffd860 	bl	2a48 <memset@plt>
    c8c4:	e51b3820 	ldr	r3, [fp, #-2080]	@ 0xfffff7e0
    c8c8:	e593203c 	ldr	r2, [r3, #60]	@ 0x3c
    c8cc:	e59f307c 	ldr	r3, [pc, #124]	@ c950 <rtsp_client_send+0x14d4>
    c8d0:	e793c102 	ldr	ip, [r3, r2, lsl #2]
    c8d4:	e24b3b01 	sub	r3, fp, #1024	@ 0x400
    c8d8:	e2433004 	sub	r3, r3, #4
    c8dc:	e243300c 	sub	r3, r3, #12
    c8e0:	e1a00003 	mov	r0, r3
    c8e4:	e59f1068 	ldr	r1, [pc, #104]	@ c954 <rtsp_client_send+0x14d8>
    c8e8:	e51b2008 	ldr	r2, [fp, #-8]
    c8ec:	e1a0300c 	mov	r3, ip
    c8f0:	ebffd974 	bl	2ec8 <sprintf@plt>
    c8f4:	e24b3b01 	sub	r3, fp, #1024	@ 0x400
    c8f8:	e2433004 	sub	r3, r3, #4
    c8fc:	e243300c 	sub	r3, r3, #12
    c900:	e1a00003 	mov	r0, r3
    c904:	ebffd981 	bl	2f10 <strlen@plt>
    c908:	e1a03000 	mov	r3, r0
    c90c:	e1a02003 	mov	r2, r3
    c910:	e24b3b01 	sub	r3, fp, #1024	@ 0x400
    c914:	e2433004 	sub	r3, r3, #4
    c918:	e243300c 	sub	r3, r3, #12
    c91c:	e51b0820 	ldr	r0, [fp, #-2080]	@ 0xfffff7e0
    c920:	e1a01003 	mov	r1, r3
    c924:	ebffefce 	bl	8864 <rtsp_init_client+0x274>
    c928:	e24bd004 	sub	sp, fp, #4
    c92c:	e8bd8800 	pop	{fp, pc}
    c930:	00010e08 	andeq	r0, r1, r8, lsl #28
    c934:	00011280 	andeq	r1, r1, r0, lsl #5
    c938:	000005bb 			@ <UNDEFINED> instruction: 0x000005bb
    c93c:	00010d5c 	andeq	r0, r1, ip, asr sp
    c940:	00010d64 	andeq	r0, r1, r4, ror #26
    c944:	0000366c 	andeq	r3, r0, ip, ror #12
    c948:	00000000 	andeq	r0, r0, r0
    c94c:	000110bc 	strheq	r1, [r1], -ip
    c950:	00019b60 	andeq	r9, r1, r0, ror #22
    c954:	000110d8 	ldrdeq	r1, [r1], -r8
    c958:	e92d4800 	push	{fp, lr}
    c95c:	e28db004 	add	fp, sp, #4
    c960:	e24dde81 	sub	sp, sp, #2064	@ 0x810
    c964:	e24dd008 	sub	sp, sp, #8
    c968:	e50b0810 	str	r0, [fp, #-2064]	@ 0xfffff7f0
    c96c:	e50b1814 	str	r1, [fp, #-2068]	@ 0xfffff7ec
    c970:	e50b2818 	str	r2, [fp, #-2072]	@ 0xfffff7e8
    c974:	e24b3b02 	sub	r3, fp, #2048	@ 0x800
    c978:	e2433004 	sub	r3, r3, #4
    c97c:	e2433008 	sub	r3, r3, #8
    c980:	e1a00003 	mov	r0, r3
    c984:	e3a01000 	mov	r1, #0
    c988:	e3a02b01 	mov	r2, #1024	@ 0x400
    c98c:	ebffd82d 	bl	2a48 <memset@plt>
    c990:	e24b3b02 	sub	r3, fp, #2048	@ 0x800
    c994:	e2433004 	sub	r3, r3, #4
    c998:	e2433008 	sub	r3, r3, #8
    c99c:	e51b0810 	ldr	r0, [fp, #-2064]	@ 0xfffff7f0
    c9a0:	e1a01003 	mov	r1, r3
    c9a4:	e59f20cc 	ldr	r2, [pc, #204]	@ ca78 <rtsp_client_send+0x15fc>
    c9a8:	e59f30cc 	ldr	r3, [pc, #204]	@ ca7c <rtsp_client_send+0x1600>
    c9ac:	ebfff040 	bl	8ab4 <rtsp_init_client+0x4c4>
    c9b0:	e50b000c 	str	r0, [fp, #-12]
    c9b4:	e51b300c 	ldr	r3, [fp, #-12]
    c9b8:	e3530000 	cmp	r3, #0
    c9bc:	1a000006 	bne	c9dc <rtsp_client_send+0x1560>
    c9c0:	e24b3b02 	sub	r3, fp, #2048	@ 0x800
    c9c4:	e2433004 	sub	r3, r3, #4
    c9c8:	e2433008 	sub	r3, r3, #8
    c9cc:	e1a00003 	mov	r0, r3
    c9d0:	ebffd91b 	bl	2e44 <atoi@plt>
    c9d4:	e50b0008 	str	r0, [fp, #-8]
    c9d8:	ea000001 	b	c9e4 <rtsp_client_send+0x1568>
    c9dc:	e3a03000 	mov	r3, #0
    c9e0:	e50b3008 	str	r3, [fp, #-8]
    c9e4:	e51b3818 	ldr	r3, [fp, #-2072]	@ 0xfffff7e8
    c9e8:	e3a02000 	mov	r2, #0
    c9ec:	e583200c 	str	r2, [r3, #12]
    c9f0:	e24b3b01 	sub	r3, fp, #1024	@ 0x400
    c9f4:	e2433004 	sub	r3, r3, #4
    c9f8:	e2433008 	sub	r3, r3, #8
    c9fc:	e1a00003 	mov	r0, r3
    ca00:	e3a01000 	mov	r1, #0
    ca04:	e3a02b01 	mov	r2, #1024	@ 0x400
    ca08:	ebffd80e 	bl	2a48 <memset@plt>
    ca0c:	e51b3818 	ldr	r3, [fp, #-2072]	@ 0xfffff7e8
    ca10:	e593203c 	ldr	r2, [r3, #60]	@ 0x3c
    ca14:	e59f3064 	ldr	r3, [pc, #100]	@ ca80 <rtsp_client_send+0x1604>
    ca18:	e793c102 	ldr	ip, [r3, r2, lsl #2]
    ca1c:	e24b3b01 	sub	r3, fp, #1024	@ 0x400
    ca20:	e2433004 	sub	r3, r3, #4
    ca24:	e2433008 	sub	r3, r3, #8
    ca28:	e1a00003 	mov	r0, r3
    ca2c:	e59f1050 	ldr	r1, [pc, #80]	@ ca84 <rtsp_client_send+0x1608>
    ca30:	e51b2008 	ldr	r2, [fp, #-8]
    ca34:	e1a0300c 	mov	r3, ip
    ca38:	ebffd922 	bl	2ec8 <sprintf@plt>
    ca3c:	e24b3b01 	sub	r3, fp, #1024	@ 0x400
    ca40:	e2433004 	sub	r3, r3, #4
    ca44:	e2433008 	sub	r3, r3, #8
    ca48:	e1a00003 	mov	r0, r3
    ca4c:	ebffd92f 	bl	2f10 <strlen@plt>
    ca50:	e1a03000 	mov	r3, r0
    ca54:	e1a02003 	mov	r2, r3
    ca58:	e24b3b01 	sub	r3, fp, #1024	@ 0x400
    ca5c:	e2433004 	sub	r3, r3, #4
    ca60:	e2433008 	sub	r3, r3, #8
    ca64:	e51b0818 	ldr	r0, [fp, #-2072]	@ 0xfffff7e8
    ca68:	e1a01003 	mov	r1, r3
    ca6c:	ebffef7c 	bl	8864 <rtsp_init_client+0x274>
    ca70:	e24bd004 	sub	sp, fp, #4
    ca74:	e8bd8800 	pop	{fp, pc}
    ca78:	00010d5c 	andeq	r0, r1, ip, asr sp
    ca7c:	00010d64 	andeq	r0, r1, r4, ror #26
    ca80:	00019b60 	andeq	r9, r1, r0, ror #22
    ca84:	000110d8 	ldrdeq	r1, [r1], -r8
    ca88:	e92d4800 	push	{fp, lr}
    ca8c:	e28db004 	add	fp, sp, #4
    ca90:	e24dde42 	sub	sp, sp, #1056	@ 0x420
    ca94:	e50b0410 	str	r0, [fp, #-1040]	@ 0xfffffbf0
    ca98:	e50b1414 	str	r1, [fp, #-1044]	@ 0xfffffbec
    ca9c:	e50b2418 	str	r2, [fp, #-1048]	@ 0xfffffbe8
    caa0:	e50b341c 	str	r3, [fp, #-1052]	@ 0xfffffbe4
    caa4:	e24b3b01 	sub	r3, fp, #1024	@ 0x400
    caa8:	e2433004 	sub	r3, r3, #4
    caac:	e2433004 	sub	r3, r3, #4
    cab0:	e1a00003 	mov	r0, r3
    cab4:	e3a01000 	mov	r1, #0
    cab8:	e3a02b01 	mov	r2, #1024	@ 0x400
    cabc:	ebffd7e1 	bl	2a48 <memset@plt>
    cac0:	e51b0410 	ldr	r0, [fp, #-1040]	@ 0xfffffbf0
    cac4:	ebfffc64 	bl	bc5c <rtsp_client_send+0x7e0>
    cac8:	e50b0008 	str	r0, [fp, #-8]
    cacc:	e51b3008 	ldr	r3, [fp, #-8]
    cad0:	e3730001 	cmn	r3, #1
    cad4:	1a000003 	bne	cae8 <rtsp_client_send+0x166c>
    cad8:	e51b0410 	ldr	r0, [fp, #-1040]	@ 0xfffffbf0
    cadc:	e51b1418 	ldr	r1, [fp, #-1048]	@ 0xfffffbe8
    cae0:	e51b241c 	ldr	r2, [fp, #-1052]	@ 0xfffffbe4
    cae4:	ebfffc19 	bl	bb50 <rtsp_client_send+0x6d4>
    cae8:	e59f0164 	ldr	r0, [pc, #356]	@ cc54 <rtsp_client_send+0x17d8>
    caec:	e51b1410 	ldr	r1, [fp, #-1040]	@ 0xfffffbf0
    caf0:	ebffd82b 	bl	2ba4 <printf@plt>
    caf4:	e3a03000 	mov	r3, #0
    caf8:	e58d3000 	str	r3, [sp]
    cafc:	e51b0410 	ldr	r0, [fp, #-1040]	@ 0xfffffbf0
    cb00:	e51b1414 	ldr	r1, [fp, #-1044]	@ 0xfffffbec
    cb04:	e59f214c 	ldr	r2, [pc, #332]	@ cc58 <rtsp_client_send+0x17dc>
    cb08:	e3a03007 	mov	r3, #7
    cb0c:	ebffeca3 	bl	7da0 <ak_rtsp_exit+0x180>
    cb10:	e1a03000 	mov	r3, r0
    cb14:	e3530000 	cmp	r3, #0
    cb18:	ba000004 	blt	cb30 <rtsp_client_send+0x16b4>
    cb1c:	e51b0410 	ldr	r0, [fp, #-1040]	@ 0xfffffbf0
    cb20:	e51b1418 	ldr	r1, [fp, #-1048]	@ 0xfffffbe8
    cb24:	e51b241c 	ldr	r2, [fp, #-1052]	@ 0xfffffbe4
    cb28:	ebfffcc5 	bl	be44 <rtsp_client_send+0x9c8>
    cb2c:	ea000044 	b	cc44 <rtsp_client_send+0x17c8>
    cb30:	e3a03000 	mov	r3, #0
    cb34:	e58d3000 	str	r3, [sp]
    cb38:	e51b0410 	ldr	r0, [fp, #-1040]	@ 0xfffffbf0
    cb3c:	e51b1414 	ldr	r1, [fp, #-1044]	@ 0xfffffbec
    cb40:	e59f2114 	ldr	r2, [pc, #276]	@ cc5c <rtsp_client_send+0x17e0>
    cb44:	e3a03008 	mov	r3, #8
    cb48:	ebffec94 	bl	7da0 <ak_rtsp_exit+0x180>
    cb4c:	e1a03000 	mov	r3, r0
    cb50:	e3530000 	cmp	r3, #0
    cb54:	ba000004 	blt	cb6c <rtsp_client_send+0x16f0>
    cb58:	e51b0410 	ldr	r0, [fp, #-1040]	@ 0xfffffbf0
    cb5c:	e51b1418 	ldr	r1, [fp, #-1048]	@ 0xfffffbe8
    cb60:	e51b241c 	ldr	r2, [fp, #-1052]	@ 0xfffffbe4
    cb64:	ebfffcf9 	bl	bf50 <rtsp_client_send+0xad4>
    cb68:	ea000035 	b	cc44 <rtsp_client_send+0x17c8>
    cb6c:	e3a03000 	mov	r3, #0
    cb70:	e58d3000 	str	r3, [sp]
    cb74:	e51b0410 	ldr	r0, [fp, #-1040]	@ 0xfffffbf0
    cb78:	e51b1414 	ldr	r1, [fp, #-1044]	@ 0xfffffbec
    cb7c:	e59f20dc 	ldr	r2, [pc, #220]	@ cc60 <rtsp_client_send+0x17e4>
    cb80:	e3a03005 	mov	r3, #5
    cb84:	ebffec85 	bl	7da0 <ak_rtsp_exit+0x180>
    cb88:	e1a03000 	mov	r3, r0
    cb8c:	e3530000 	cmp	r3, #0
    cb90:	ba000004 	blt	cba8 <rtsp_client_send+0x172c>
    cb94:	e51b0410 	ldr	r0, [fp, #-1040]	@ 0xfffffbf0
    cb98:	e51b1418 	ldr	r1, [fp, #-1048]	@ 0xfffffbe8
    cb9c:	e51b241c 	ldr	r2, [fp, #-1052]	@ 0xfffffbe4
    cba0:	ebfffdcd 	bl	c2dc <rtsp_client_send+0xe60>
    cba4:	ea000026 	b	cc44 <rtsp_client_send+0x17c8>
    cba8:	e3a03000 	mov	r3, #0
    cbac:	e58d3000 	str	r3, [sp]
    cbb0:	e51b0410 	ldr	r0, [fp, #-1040]	@ 0xfffffbf0
    cbb4:	e51b1414 	ldr	r1, [fp, #-1044]	@ 0xfffffbec
    cbb8:	e59f20a4 	ldr	r2, [pc, #164]	@ cc64 <rtsp_client_send+0x17e8>
    cbbc:	e3a03004 	mov	r3, #4
    cbc0:	ebffec76 	bl	7da0 <ak_rtsp_exit+0x180>
    cbc4:	e1a03000 	mov	r3, r0
    cbc8:	e3530000 	cmp	r3, #0
    cbcc:	ba000006 	blt	cbec <rtsp_client_send+0x1770>
    cbd0:	e51b0410 	ldr	r0, [fp, #-1040]	@ 0xfffffbf0
    cbd4:	e51b1418 	ldr	r1, [fp, #-1048]	@ 0xfffffbe8
    cbd8:	e51b241c 	ldr	r2, [fp, #-1052]	@ 0xfffffbe4
    cbdc:	ebfffeee 	bl	c79c <rtsp_client_send+0x1320>
    cbe0:	e59f0080 	ldr	r0, [pc, #128]	@ cc68 <rtsp_client_send+0x17ec>
    cbe4:	ebffd8cf 	bl	2f28 <usleep@plt>
    cbe8:	ea000015 	b	cc44 <rtsp_client_send+0x17c8>
    cbec:	e3a03000 	mov	r3, #0
    cbf0:	e58d3000 	str	r3, [sp]
    cbf4:	e51b0410 	ldr	r0, [fp, #-1040]	@ 0xfffffbf0
    cbf8:	e51b1414 	ldr	r1, [fp, #-1044]	@ 0xfffffbec
    cbfc:	e59f2068 	ldr	r2, [pc, #104]	@ cc6c <rtsp_client_send+0x17f0>
    cc00:	e3a03008 	mov	r3, #8
    cc04:	ebffec65 	bl	7da0 <ak_rtsp_exit+0x180>
    cc08:	e1a03000 	mov	r3, r0
    cc0c:	e3530000 	cmp	r3, #0
    cc10:	ba000004 	blt	cc28 <rtsp_client_send+0x17ac>
    cc14:	e51b0410 	ldr	r0, [fp, #-1040]	@ 0xfffffbf0
    cc18:	e51b1418 	ldr	r1, [fp, #-1048]	@ 0xfffffbe8
    cc1c:	e51b241c 	ldr	r2, [fp, #-1052]	@ 0xfffffbe4
    cc20:	ebffff4c 	bl	c958 <rtsp_client_send+0x14dc>
    cc24:	ea000006 	b	cc44 <rtsp_client_send+0x17c8>
    cc28:	e51b0410 	ldr	r0, [fp, #-1040]	@ 0xfffffbf0
    cc2c:	e51b1418 	ldr	r1, [fp, #-1048]	@ 0xfffffbe8
    cc30:	e51b241c 	ldr	r2, [fp, #-1052]	@ 0xfffffbe4
    cc34:	ebfffbc5 	bl	bb50 <rtsp_client_send+0x6d4>
    cc38:	e59f0030 	ldr	r0, [pc, #48]	@ cc70 <rtsp_client_send+0x17f4>
    cc3c:	e51b1410 	ldr	r1, [fp, #-1040]	@ 0xfffffbf0
    cc40:	ebffd7d7 	bl	2ba4 <printf@plt>
    cc44:	e3a03000 	mov	r3, #0
    cc48:	e1a00003 	mov	r0, r3
    cc4c:	e24bd004 	sub	sp, fp, #4
    cc50:	e8bd8800 	pop	{fp, pc}
    cc54:	00011104 	andeq	r1, r1, r4, lsl #2
    cc58:	0001110c 	andeq	r1, r1, ip, lsl #2
    cc5c:	00011114 	andeq	r1, r1, r4, lsl r1
    cc60:	00011120 	andeq	r1, r1, r0, lsr #2
    cc64:	00011128 	andeq	r1, r1, r8, lsr #2
    cc68:	00002710 	andeq	r2, r0, r0, lsl r7
    cc6c:	00011130 	andeq	r1, r1, r0, lsr r1
    cc70:	0001113c 	andeq	r1, r1, ip, lsr r1
    cc74:	e92d4800 	push	{fp, lr}
    cc78:	e28db004 	add	fp, sp, #4
    cc7c:	e24dd0b8 	sub	sp, sp, #184	@ 0xb8
    cc80:	e50b00b0 	str	r0, [fp, #-176]	@ 0xffffff50
    cc84:	e50b10b4 	str	r1, [fp, #-180]	@ 0xffffff4c
    cc88:	e3a03004 	mov	r3, #4
    cc8c:	e50b300c 	str	r3, [fp, #-12]
    cc90:	e3a00b02 	mov	r0, #2048	@ 0x800
    cc94:	ebffd777 	bl	2a78 <malloc@plt>
    cc98:	e1a03000 	mov	r3, r0
    cc9c:	e50b3010 	str	r3, [fp, #-16]
    cca0:	e51b3010 	ldr	r3, [fp, #-16]
    cca4:	e3530000 	cmp	r3, #0
    cca8:	1a000004 	bne	ccc0 <rtsp_client_send+0x1844>
    ccac:	e59f0300 	ldr	r0, [pc, #768]	@ cfb4 <rtsp_client_send+0x1b38>
    ccb0:	e59f1300 	ldr	r1, [pc, #768]	@ cfb8 <rtsp_client_send+0x1b3c>
    ccb4:	e59f2300 	ldr	r2, [pc, #768]	@ cfbc <rtsp_client_send+0x1b40>
    ccb8:	ebffd7b9 	bl	2ba4 <printf@plt>
    ccbc:	ea0000ba 	b	cfac <rtsp_client_send+0x1b30>
    ccc0:	e51b30b4 	ldr	r3, [fp, #-180]	@ 0xffffff4c
    ccc4:	e5933000 	ldr	r3, [r3]
    ccc8:	e3530001 	cmp	r3, #1
    cccc:	1a0000af 	bne	cf90 <rtsp_client_send+0x1b14>
    ccd0:	e51b30b4 	ldr	r3, [fp, #-180]	@ 0xffffff4c
    ccd4:	e5933004 	ldr	r3, [r3, #4]
    ccd8:	e3730001 	cmn	r3, #1
    ccdc:	0a0000ab 	beq	cf90 <rtsp_client_send+0x1b14>
    cce0:	e24b30a4 	sub	r3, fp, #164	@ 0xa4
    cce4:	e50b3014 	str	r3, [fp, #-20]	@ 0xffffffec
    cce8:	e3a03000 	mov	r3, #0
    ccec:	e50b3008 	str	r3, [fp, #-8]
    ccf0:	ea000006 	b	cd10 <rtsp_client_send+0x1894>
    ccf4:	e51b3014 	ldr	r3, [fp, #-20]	@ 0xffffffec
    ccf8:	e51b2008 	ldr	r2, [fp, #-8]
    ccfc:	e3a01000 	mov	r1, #0
    cd00:	e7831102 	str	r1, [r3, r2, lsl #2]
    cd04:	e51b3008 	ldr	r3, [fp, #-8]
    cd08:	e2833001 	add	r3, r3, #1
    cd0c:	e50b3008 	str	r3, [fp, #-8]
    cd10:	e51b3008 	ldr	r3, [fp, #-8]
    cd14:	e353001f 	cmp	r3, #31
    cd18:	9afffff5 	bls	ccf4 <rtsp_client_send+0x1878>
    cd1c:	e51b30b4 	ldr	r3, [fp, #-180]	@ 0xffffff4c
    cd20:	e5933004 	ldr	r3, [r3, #4]
    cd24:	e1a032a3 	lsr	r3, r3, #5
    cd28:	e3e0209f 	mvn	r2, #159	@ 0x9f
    cd2c:	e1a01103 	lsl	r1, r3, #2
    cd30:	e24b0004 	sub	r0, fp, #4
    cd34:	e0801001 	add	r1, r0, r1
    cd38:	e0812002 	add	r2, r1, r2
    cd3c:	e5921000 	ldr	r1, [r2]
    cd40:	e51b20b4 	ldr	r2, [fp, #-180]	@ 0xffffff4c
    cd44:	e5922004 	ldr	r2, [r2, #4]
    cd48:	e202201f 	and	r2, r2, #31
    cd4c:	e3a00001 	mov	r0, #1
    cd50:	e1a02210 	lsl	r2, r0, r2
    cd54:	e1812002 	orr	r2, r1, r2
    cd58:	e3e0109f 	mvn	r1, #159	@ 0x9f
    cd5c:	e1a03103 	lsl	r3, r3, #2
    cd60:	e24b0004 	sub	r0, fp, #4
    cd64:	e0803003 	add	r3, r0, r3
    cd68:	e0833001 	add	r3, r3, r1
    cd6c:	e5832000 	str	r2, [r3]
    cd70:	e3a03002 	mov	r3, #2
    cd74:	e50b30ac 	str	r3, [fp, #-172]	@ 0xffffff54
    cd78:	e3a03000 	mov	r3, #0
    cd7c:	e50b30a8 	str	r3, [fp, #-168]	@ 0xffffff58
    cd80:	e51b30b4 	ldr	r3, [fp, #-180]	@ 0xffffff4c
    cd84:	e5933004 	ldr	r3, [r3, #4]
    cd88:	e2832001 	add	r2, r3, #1
    cd8c:	e24b30a4 	sub	r3, fp, #164	@ 0xa4
    cd90:	e24b10ac 	sub	r1, fp, #172	@ 0xac
    cd94:	e58d1000 	str	r1, [sp]
    cd98:	e1a00002 	mov	r0, r2
    cd9c:	e1a01003 	mov	r1, r3
    cda0:	e3a02000 	mov	r2, #0
    cda4:	e3a03000 	mov	r3, #0
    cda8:	ebffd83a 	bl	2e98 <select@plt>
    cdac:	e50b0018 	str	r0, [fp, #-24]	@ 0xffffffe8
    cdb0:	e51b3018 	ldr	r3, [fp, #-24]	@ 0xffffffe8
    cdb4:	e3530001 	cmp	r3, #1
    cdb8:	1a000062 	bne	cf48 <rtsp_client_send+0x1acc>
    cdbc:	e51b30b4 	ldr	r3, [fp, #-180]	@ 0xffffff4c
    cdc0:	e5931004 	ldr	r1, [r3, #4]
    cdc4:	e51b30b4 	ldr	r3, [fp, #-180]	@ 0xffffff4c
    cdc8:	e5932060 	ldr	r2, [r3, #96]	@ 0x60
    cdcc:	e51b30b4 	ldr	r3, [fp, #-180]	@ 0xffffff4c
    cdd0:	e5933008 	ldr	r3, [r3, #8]
    cdd4:	e0822003 	add	r2, r2, r3
    cdd8:	e51b30b4 	ldr	r3, [fp, #-180]	@ 0xffffff4c
    cddc:	e5933008 	ldr	r3, [r3, #8]
    cde0:	e2633b02 	rsb	r3, r3, #2048	@ 0x800
    cde4:	e1a00001 	mov	r0, r1
    cde8:	e1a01002 	mov	r1, r2
    cdec:	e1a02003 	mov	r2, r3
    cdf0:	e3a03000 	mov	r3, #0
    cdf4:	ebffd72e 	bl	2ab4 <recv@plt>
    cdf8:	e50b001c 	str	r0, [fp, #-28]	@ 0xffffffe4
    cdfc:	e51b30b4 	ldr	r3, [fp, #-180]	@ 0xffffff4c
    ce00:	e5933008 	ldr	r3, [r3, #8]
    ce04:	e3530c07 	cmp	r3, #1792	@ 0x700
    ce08:	da000002 	ble	ce18 <rtsp_client_send+0x199c>
    ce0c:	e51b30b4 	ldr	r3, [fp, #-180]	@ 0xffffff4c
    ce10:	e3a02000 	mov	r2, #0
    ce14:	e5832008 	str	r2, [r3, #8]
    ce18:	e51b301c 	ldr	r3, [fp, #-28]	@ 0xffffffe4
    ce1c:	e3530000 	cmp	r3, #0
    ce20:	ca000016 	bgt	ce80 <rtsp_client_send+0x1a04>
    ce24:	e51b30b4 	ldr	r3, [fp, #-180]	@ 0xffffff4c
    ce28:	e2833d4e 	add	r3, r3, #4992	@ 0x1380
    ce2c:	e283301c 	add	r3, r3, #28
    ce30:	e1a00003 	mov	r0, r3
    ce34:	ebffd75d 	bl	2bb0 <ak_thread_mutex_lock@plt>
    ce38:	e51b30b4 	ldr	r3, [fp, #-180]	@ 0xffffff4c
    ce3c:	e3e02000 	mvn	r2, #0
    ce40:	e5832000 	str	r2, [r3]
    ce44:	e51b30b4 	ldr	r3, [fp, #-180]	@ 0xffffff4c
    ce48:	e5933004 	ldr	r3, [r3, #4]
    ce4c:	e1a00003 	mov	r0, r3
    ce50:	ebffd798 	bl	2cb8 <close@plt>
    ce54:	e51b30b4 	ldr	r3, [fp, #-180]	@ 0xffffff4c
    ce58:	e3e02000 	mvn	r2, #0
    ce5c:	e5832004 	str	r2, [r3, #4]
    ce60:	e59f0158 	ldr	r0, [pc, #344]	@ cfc0 <rtsp_client_send+0x1b44>
    ce64:	ebffd805 	bl	2e80 <puts@plt>
    ce68:	e51b30b4 	ldr	r3, [fp, #-180]	@ 0xffffff4c
    ce6c:	e2833d4e 	add	r3, r3, #4992	@ 0x1380
    ce70:	e283301c 	add	r3, r3, #28
    ce74:	e1a00003 	mov	r0, r3
    ce78:	ebffd6fb 	bl	2a6c <ak_thread_mutex_unlock@plt>
    ce7c:	ea000042 	b	cf8c <rtsp_client_send+0x1b10>
    ce80:	e51b30b4 	ldr	r3, [fp, #-180]	@ 0xffffff4c
    ce84:	e5932008 	ldr	r2, [r3, #8]
    ce88:	e51b301c 	ldr	r3, [fp, #-28]	@ 0xffffffe4
    ce8c:	e0822003 	add	r2, r2, r3
    ce90:	e51b30b4 	ldr	r3, [fp, #-180]	@ 0xffffff4c
    ce94:	e5832008 	str	r2, [r3, #8]
    ce98:	ea00001a 	b	cf08 <rtsp_client_send+0x1a8c>
    ce9c:	e51b0010 	ldr	r0, [fp, #-16]
    cea0:	e3a01000 	mov	r1, #0
    cea4:	e3a02b02 	mov	r2, #2048	@ 0x800
    cea8:	ebffd6e6 	bl	2a48 <memset@plt>
    ceac:	e51b30b4 	ldr	r3, [fp, #-180]	@ 0xffffff4c
    ceb0:	e5932060 	ldr	r2, [r3, #96]	@ 0x60
    ceb4:	e51b3020 	ldr	r3, [fp, #-32]	@ 0xffffffe0
    ceb8:	e2833004 	add	r3, r3, #4
    cebc:	e51b0010 	ldr	r0, [fp, #-16]
    cec0:	e1a01002 	mov	r1, r2
    cec4:	e1a02003 	mov	r2, r3
    cec8:	ebffd801 	bl	2ed4 <memcpy@plt>
    cecc:	e51b0010 	ldr	r0, [fp, #-16]
    ced0:	e51b1020 	ldr	r1, [fp, #-32]	@ 0xffffffe0
    ced4:	e51b20b0 	ldr	r2, [fp, #-176]	@ 0xffffff50
    ced8:	e51b30b4 	ldr	r3, [fp, #-180]	@ 0xffffff4c
    cedc:	ebfffee9 	bl	ca88 <rtsp_client_send+0x160c>
    cee0:	e50b0024 	str	r0, [fp, #-36]	@ 0xffffffdc
    cee4:	e51b3024 	ldr	r3, [fp, #-36]	@ 0xffffffdc
    cee8:	e3530000 	cmp	r3, #0
    ceec:	1a000003 	bne	cf00 <rtsp_client_send+0x1a84>
    cef0:	e51b30b4 	ldr	r3, [fp, #-180]	@ 0xffffff4c
    cef4:	e3a02000 	mov	r2, #0
    cef8:	e5832008 	str	r2, [r3, #8]
    cefc:	ea000001 	b	cf08 <rtsp_client_send+0x1a8c>
    cf00:	e1a00000 	nop			@ (mov r0, r0)
    cf04:	ea000020 	b	cf8c <rtsp_client_send+0x1b10>
    cf08:	e51b30b4 	ldr	r3, [fp, #-180]	@ 0xffffff4c
    cf0c:	e5932060 	ldr	r2, [r3, #96]	@ 0x60
    cf10:	e51b30b4 	ldr	r3, [fp, #-180]	@ 0xffffff4c
    cf14:	e5933008 	ldr	r3, [r3, #8]
    cf18:	e3a01000 	mov	r1, #0
    cf1c:	e58d1000 	str	r1, [sp]
    cf20:	e1a00002 	mov	r0, r2
    cf24:	e1a01003 	mov	r1, r3
    cf28:	e59f2094 	ldr	r2, [pc, #148]	@ cfc4 <rtsp_client_send+0x1b48>
    cf2c:	e51b300c 	ldr	r3, [fp, #-12]
    cf30:	ebffeb9a 	bl	7da0 <ak_rtsp_exit+0x180>
    cf34:	e50b0020 	str	r0, [fp, #-32]	@ 0xffffffe0
    cf38:	e51b3020 	ldr	r3, [fp, #-32]	@ 0xffffffe0
    cf3c:	e3530000 	cmp	r3, #0
    cf40:	caffffd5 	bgt	ce9c <rtsp_client_send+0x1a20>
    cf44:	ea000010 	b	cf8c <rtsp_client_send+0x1b10>
    cf48:	e51b3018 	ldr	r3, [fp, #-24]	@ 0xffffffe8
    cf4c:	e3530000 	cmp	r3, #0
    cf50:	aa00000d 	bge	cf8c <rtsp_client_send+0x1b10>
    cf54:	e51b30b4 	ldr	r3, [fp, #-180]	@ 0xffffff4c
    cf58:	e2833d4e 	add	r3, r3, #4992	@ 0x1380
    cf5c:	e283301c 	add	r3, r3, #28
    cf60:	e1a00003 	mov	r0, r3
    cf64:	ebffd711 	bl	2bb0 <ak_thread_mutex_lock@plt>
    cf68:	e51b30b4 	ldr	r3, [fp, #-180]	@ 0xffffff4c
    cf6c:	e3e02000 	mvn	r2, #0
    cf70:	e5832000 	str	r2, [r3]
    cf74:	e51b30b4 	ldr	r3, [fp, #-180]	@ 0xffffff4c
    cf78:	e2833d4e 	add	r3, r3, #4992	@ 0x1380
    cf7c:	e283301c 	add	r3, r3, #28
    cf80:	e1a00003 	mov	r0, r3
    cf84:	ebffd6b8 	bl	2a6c <ak_thread_mutex_unlock@plt>
    cf88:	ea000002 	b	cf98 <rtsp_client_send+0x1b1c>
    cf8c:	ea000001 	b	cf98 <rtsp_client_send+0x1b1c>
    cf90:	e59f0030 	ldr	r0, [pc, #48]	@ cfc8 <rtsp_client_send+0x1b4c>
    cf94:	ebffd7e3 	bl	2f28 <usleep@plt>
    cf98:	e51b3010 	ldr	r3, [fp, #-16]
    cf9c:	e3530000 	cmp	r3, #0
    cfa0:	0a000001 	beq	cfac <rtsp_client_send+0x1b30>
    cfa4:	e51b0010 	ldr	r0, [fp, #-16]
    cfa8:	ebffd79f 	bl	2e2c <free@plt>
    cfac:	e24bd004 	sub	sp, fp, #4
    cfb0:	e8bd8800 	pop	{fp, pc}
    cfb4:	00011140 	andeq	r1, r1, r0, asr #2
    cfb8:	00011288 	andeq	r1, r1, r8, lsl #5
    cfbc:	00000625 	andeq	r0, r0, r5, lsr #12
    cfc0:	0001115c 	andeq	r1, r1, ip, asr r1
    cfc4:	00011174 	andeq	r1, r1, r4, ror r1
    cfc8:	000186a0 	andeq	r8, r1, r0, lsr #13

0000cfcc <rtsp_client_recv>:
    cfcc:	e92d4800 	push	{fp, lr}
    cfd0:	e28db004 	add	fp, sp, #4
    cfd4:	e24dd018 	sub	sp, sp, #24
    cfd8:	e50b0018 	str	r0, [fp, #-24]	@ 0xffffffe8
    cfdc:	e51b3018 	ldr	r3, [fp, #-24]	@ 0xffffffe8
    cfe0:	e50b3008 	str	r3, [fp, #-8]
    cfe4:	e51b3008 	ldr	r3, [fp, #-8]
    cfe8:	e593301c 	ldr	r3, [r3, #28]
    cfec:	e50b300c 	str	r3, [fp, #-12]
    cff0:	e51b3008 	ldr	r3, [fp, #-8]
    cff4:	e5933000 	ldr	r3, [r3]
    cff8:	e50b3010 	str	r3, [fp, #-16]
    cffc:	e51b3008 	ldr	r3, [fp, #-8]
    d000:	e2833004 	add	r3, r3, #4
    d004:	e1a00003 	mov	r0, r3
    d008:	ebffd697 	bl	2a6c <ak_thread_mutex_unlock@plt>
    d00c:	e59f003c 	ldr	r0, [pc, #60]	@ d050 <rtsp_client_recv+0x84>
    d010:	ebffd73a 	bl	2d00 <ak_thread_set_name@plt>
    d014:	e51b3010 	ldr	r3, [fp, #-16]
    d018:	e59f2034 	ldr	r2, [pc, #52]	@ d054 <rtsp_client_recv+0x88>
    d01c:	e0030392 	mul	r3, r2, r3
    d020:	e2833bb5 	add	r3, r3, #185344	@ 0x2d400
    d024:	e28330e8 	add	r3, r3, #232	@ 0xe8
    d028:	e51b200c 	ldr	r2, [fp, #-12]
    d02c:	e0823003 	add	r3, r2, r3
    d030:	e50b3014 	str	r3, [fp, #-20]	@ 0xffffffec
    d034:	e51b3014 	ldr	r3, [fp, #-20]	@ 0xffffffec
    d038:	e3a02000 	mov	r2, #0
    d03c:	e5832008 	str	r2, [r3, #8]
    d040:	e51b000c 	ldr	r0, [fp, #-12]
    d044:	e51b1014 	ldr	r1, [fp, #-20]	@ 0xffffffec
    d048:	ebffff09 	bl	cc74 <rtsp_client_send+0x17f8>
    d04c:	eafffffb 	b	d040 <rtsp_client_recv+0x74>
    d050:	0001117c 	andeq	r1, r1, ip, ror r1
    d054:	000013b8 			@ <UNDEFINED> instruction: 0x000013b8

0000d058 <rtsp_client_listen>:
    d058:	e92d4810 	push	{r4, fp, lr}
    d05c:	e28db008 	add	fp, sp, #8
    d060:	e24dd04c 	sub	sp, sp, #76	@ 0x4c
    d064:	e50b0048 	str	r0, [fp, #-72]	@ 0xffffffb8
    d068:	e3a03001 	mov	r3, #1
    d06c:	e50b3024 	str	r3, [fp, #-36]	@ 0xffffffdc
    d070:	e51b3048 	ldr	r3, [fp, #-72]	@ 0xffffffb8
    d074:	e50b3014 	str	r3, [fp, #-20]	@ 0xffffffec
    d078:	e3a00002 	mov	r0, #2
    d07c:	e3a01001 	mov	r1, #1
    d080:	e3a02000 	mov	r2, #0
    d084:	ebffd702 	bl	2c94 <socket@plt>
    d088:	e50b0018 	str	r0, [fp, #-24]	@ 0xffffffe8
    d08c:	e51b3018 	ldr	r3, [fp, #-24]	@ 0xffffffe8
    d090:	e3530000 	cmp	r3, #0
    d094:	aa000003 	bge	d0a8 <rtsp_client_listen+0x50>
    d098:	e59f0428 	ldr	r0, [pc, #1064]	@ d4c8 <rtsp_client_listen+0x470>
    d09c:	ebffd777 	bl	2e80 <puts@plt>
    d0a0:	e3a03000 	mov	r3, #0
    d0a4:	ea000104 	b	d4bc <rtsp_client_listen+0x464>
    d0a8:	e24b3024 	sub	r3, fp, #36	@ 0x24
    d0ac:	e3a02004 	mov	r2, #4
    d0b0:	e58d2000 	str	r2, [sp]
    d0b4:	e51b0018 	ldr	r0, [fp, #-24]	@ 0xffffffe8
    d0b8:	e3a01001 	mov	r1, #1
    d0bc:	e3a02002 	mov	r2, #2
    d0c0:	ebffd732 	bl	2d90 <setsockopt@plt>
    d0c4:	e3a03002 	mov	r3, #2
    d0c8:	e14b33b4 	strh	r3, [fp, #-52]	@ 0xffffffcc
    d0cc:	e59f03f8 	ldr	r0, [pc, #1016]	@ d4cc <rtsp_client_listen+0x474>
    d0d0:	ebffd716 	bl	2d30 <htons@plt>
    d0d4:	e1a03000 	mov	r3, r0
    d0d8:	e14b33b2 	strh	r3, [fp, #-50]	@ 0xffffffce
    d0dc:	e3a00000 	mov	r0, #0
    d0e0:	ebffd724 	bl	2d78 <htonl@plt>
    d0e4:	e1a03000 	mov	r3, r0
    d0e8:	e50b3030 	str	r3, [fp, #-48]	@ 0xffffffd0
    d0ec:	e24b3034 	sub	r3, fp, #52	@ 0x34
    d0f0:	e2833008 	add	r3, r3, #8
    d0f4:	e1a00003 	mov	r0, r3
    d0f8:	e3a01000 	mov	r1, #0
    d0fc:	e3a02008 	mov	r2, #8
    d100:	ebffd650 	bl	2a48 <memset@plt>
    d104:	e24b3034 	sub	r3, fp, #52	@ 0x34
    d108:	e51b0018 	ldr	r0, [fp, #-24]	@ 0xffffffe8
    d10c:	e1a01003 	mov	r1, r3
    d110:	e3a02010 	mov	r2, #16
    d114:	ebffd69c 	bl	2b8c <bind@plt>
    d118:	e1a03000 	mov	r3, r0
    d11c:	e3530000 	cmp	r3, #0
    d120:	0a000005 	beq	d13c <rtsp_client_listen+0xe4>
    d124:	e59f03a4 	ldr	r0, [pc, #932]	@ d4d0 <rtsp_client_listen+0x478>
    d128:	ebffd754 	bl	2e80 <puts@plt>
    d12c:	e51b0018 	ldr	r0, [fp, #-24]	@ 0xffffffe8
    d130:	ebffd6e0 	bl	2cb8 <close@plt>
    d134:	e3a03000 	mov	r3, #0
    d138:	ea0000df 	b	d4bc <rtsp_client_listen+0x464>
    d13c:	e51b0018 	ldr	r0, [fp, #-24]	@ 0xffffffe8
    d140:	e3a01064 	mov	r1, #100	@ 0x64
    d144:	ebffd612 	bl	2994 <listen@plt>
    d148:	e1a03000 	mov	r3, r0
    d14c:	e3530000 	cmp	r3, #0
    d150:	0a000001 	beq	d15c <rtsp_client_listen+0x104>
    d154:	e59f0378 	ldr	r0, [pc, #888]	@ d4d4 <rtsp_client_listen+0x47c>
    d158:	ebffd748 	bl	2e80 <puts@plt>
    d15c:	e59f0374 	ldr	r0, [pc, #884]	@ d4d8 <rtsp_client_listen+0x480>
    d160:	e59f1364 	ldr	r1, [pc, #868]	@ d4cc <rtsp_client_listen+0x474>
    d164:	ebffd68e 	bl	2ba4 <printf@plt>
    d168:	e3a03010 	mov	r3, #16
    d16c:	e50b3020 	str	r3, [fp, #-32]	@ 0xffffffe0
    d170:	e24b2044 	sub	r2, fp, #68	@ 0x44
    d174:	e24b3020 	sub	r3, fp, #32
    d178:	e51b0018 	ldr	r0, [fp, #-24]	@ 0xffffffe8
    d17c:	e1a01002 	mov	r1, r2
    d180:	e1a02003 	mov	r2, r3
    d184:	ebffd731 	bl	2e50 <accept@plt>
    d188:	e50b001c 	str	r0, [fp, #-28]	@ 0xffffffe4
    d18c:	e51b301c 	ldr	r3, [fp, #-28]	@ 0xffffffe4
    d190:	e3730001 	cmn	r3, #1
    d194:	0a0000c7 	beq	d4b8 <rtsp_client_listen+0x460>
    d198:	e51b0040 	ldr	r0, [fp, #-64]	@ 0xffffffc0
    d19c:	ebffd731 	bl	2e68 <inet_ntoa@plt>
    d1a0:	e1a03000 	mov	r3, r0
    d1a4:	e59f0330 	ldr	r0, [pc, #816]	@ d4dc <rtsp_client_listen+0x484>
    d1a8:	e1a01003 	mov	r1, r3
    d1ac:	ebffd67c 	bl	2ba4 <printf@plt>
    d1b0:	e3a03000 	mov	r3, #0
    d1b4:	e50b3010 	str	r3, [fp, #-16]
    d1b8:	ea00001d 	b	d234 <rtsp_client_listen+0x1dc>
    d1bc:	e51b1014 	ldr	r1, [fp, #-20]	@ 0xffffffec
    d1c0:	e51b2010 	ldr	r2, [fp, #-16]
    d1c4:	e59f3314 	ldr	r3, [pc, #788]	@ d4e0 <rtsp_client_listen+0x488>
    d1c8:	e59f0314 	ldr	r0, [pc, #788]	@ d4e4 <rtsp_client_listen+0x48c>
    d1cc:	e0020290 	mul	r2, r0, r2
    d1d0:	e0812002 	add	r2, r1, r2
    d1d4:	e0823003 	add	r3, r2, r3
    d1d8:	e5933000 	ldr	r3, [r3]
    d1dc:	e3530000 	cmp	r3, #0
    d1e0:	aa000010 	bge	d228 <rtsp_client_listen+0x1d0>
    d1e4:	e51b1014 	ldr	r1, [fp, #-20]	@ 0xffffffec
    d1e8:	e51b2010 	ldr	r2, [fp, #-16]
    d1ec:	e59f32ec 	ldr	r3, [pc, #748]	@ d4e0 <rtsp_client_listen+0x488>
    d1f0:	e59f02ec 	ldr	r0, [pc, #748]	@ d4e4 <rtsp_client_listen+0x48c>
    d1f4:	e0020290 	mul	r2, r0, r2
    d1f8:	e0812002 	add	r2, r1, r2
    d1fc:	e0823003 	add	r3, r2, r3
    d200:	e5933000 	ldr	r3, [r3]
    d204:	e2832001 	add	r2, r3, #1
    d208:	e51b0014 	ldr	r0, [fp, #-20]	@ 0xffffffec
    d20c:	e51b1010 	ldr	r1, [fp, #-16]
    d210:	e59f32c8 	ldr	r3, [pc, #712]	@ d4e0 <rtsp_client_listen+0x488>
    d214:	e59fc2c8 	ldr	ip, [pc, #712]	@ d4e4 <rtsp_client_listen+0x48c>
    d218:	e001019c 	mul	r1, ip, r1
    d21c:	e0801001 	add	r1, r0, r1
    d220:	e0813003 	add	r3, r1, r3
    d224:	e5832000 	str	r2, [r3]
    d228:	e51b3010 	ldr	r3, [fp, #-16]
    d22c:	e2833001 	add	r3, r3, #1
    d230:	e50b3010 	str	r3, [fp, #-16]
    d234:	e51b3010 	ldr	r3, [fp, #-16]
    d238:	e3530001 	cmp	r3, #1
    d23c:	daffffde 	ble	d1bc <rtsp_client_listen+0x164>
    d240:	e3a03000 	mov	r3, #0
    d244:	e50b3010 	str	r3, [fp, #-16]
    d248:	ea000097 	b	d4ac <rtsp_client_listen+0x454>
    d24c:	e51b1014 	ldr	r1, [fp, #-20]	@ 0xffffffec
    d250:	e51b2010 	ldr	r2, [fp, #-16]
    d254:	e59f3284 	ldr	r3, [pc, #644]	@ d4e0 <rtsp_client_listen+0x488>
    d258:	e59f0284 	ldr	r0, [pc, #644]	@ d4e4 <rtsp_client_listen+0x48c>
    d25c:	e0020290 	mul	r2, r0, r2
    d260:	e0812002 	add	r2, r1, r2
    d264:	e0823003 	add	r3, r2, r3
    d268:	e5933000 	ldr	r3, [r3]
    d26c:	e3530000 	cmp	r3, #0
    d270:	1a00008a 	bne	d4a0 <rtsp_client_listen+0x448>
    d274:	e59f026c 	ldr	r0, [pc, #620]	@ d4e8 <rtsp_client_listen+0x490>
    d278:	e51b1010 	ldr	r1, [fp, #-16]
    d27c:	e51b201c 	ldr	r2, [fp, #-28]	@ 0xffffffe4
    d280:	ebffd647 	bl	2ba4 <printf@plt>
    d284:	e51b1014 	ldr	r1, [fp, #-20]	@ 0xffffffec
    d288:	e51b2010 	ldr	r2, [fp, #-16]
    d28c:	e59f324c 	ldr	r3, [pc, #588]	@ d4e0 <rtsp_client_listen+0x488>
    d290:	e59f024c 	ldr	r0, [pc, #588]	@ d4e4 <rtsp_client_listen+0x48c>
    d294:	e0020290 	mul	r2, r0, r2
    d298:	e0812002 	add	r2, r1, r2
    d29c:	e0823003 	add	r3, r2, r3
    d2a0:	e3a02001 	mov	r2, #1
    d2a4:	e5832000 	str	r2, [r3]
    d2a8:	e51b1014 	ldr	r1, [fp, #-20]	@ 0xffffffec
    d2ac:	e51b2010 	ldr	r2, [fp, #-16]
    d2b0:	e59f3234 	ldr	r3, [pc, #564]	@ d4ec <rtsp_client_listen+0x494>
    d2b4:	e59f0228 	ldr	r0, [pc, #552]	@ d4e4 <rtsp_client_listen+0x48c>
    d2b8:	e0020290 	mul	r2, r0, r2
    d2bc:	e0812002 	add	r2, r1, r2
    d2c0:	e0823003 	add	r3, r2, r3
    d2c4:	e51b201c 	ldr	r2, [fp, #-28]	@ 0xffffffe4
    d2c8:	e5832000 	str	r2, [r3]
    d2cc:	e51b1014 	ldr	r1, [fp, #-20]	@ 0xffffffec
    d2d0:	e51b2010 	ldr	r2, [fp, #-16]
    d2d4:	e59f3214 	ldr	r3, [pc, #532]	@ d4f0 <rtsp_client_listen+0x498>
    d2d8:	e59f0204 	ldr	r0, [pc, #516]	@ d4e4 <rtsp_client_listen+0x48c>
    d2dc:	e0020290 	mul	r2, r0, r2
    d2e0:	e0812002 	add	r2, r1, r2
    d2e4:	e0823003 	add	r3, r2, r3
    d2e8:	e3a02000 	mov	r2, #0
    d2ec:	e5832000 	str	r2, [r3]
    d2f0:	e51b1014 	ldr	r1, [fp, #-20]	@ 0xffffffec
    d2f4:	e51b2010 	ldr	r2, [fp, #-16]
    d2f8:	e59f31f4 	ldr	r3, [pc, #500]	@ d4f4 <rtsp_client_listen+0x49c>
    d2fc:	e59f01e0 	ldr	r0, [pc, #480]	@ d4e4 <rtsp_client_listen+0x48c>
    d300:	e0020290 	mul	r2, r0, r2
    d304:	e0812002 	add	r2, r1, r2
    d308:	e0823003 	add	r3, r2, r3
    d30c:	e3a02000 	mov	r2, #0
    d310:	e5832000 	str	r2, [r3]
    d314:	e51b1014 	ldr	r1, [fp, #-20]	@ 0xffffffec
    d318:	e51b2010 	ldr	r2, [fp, #-16]
    d31c:	e59f31d4 	ldr	r3, [pc, #468]	@ d4f8 <rtsp_client_listen+0x4a0>
    d320:	e59f01bc 	ldr	r0, [pc, #444]	@ d4e4 <rtsp_client_listen+0x48c>
    d324:	e0020290 	mul	r2, r0, r2
    d328:	e0812002 	add	r2, r1, r2
    d32c:	e0823003 	add	r3, r2, r3
    d330:	e3a02000 	mov	r2, #0
    d334:	e5832000 	str	r2, [r3]
    d338:	e51b1014 	ldr	r1, [fp, #-20]	@ 0xffffffec
    d33c:	e51b2010 	ldr	r2, [fp, #-16]
    d340:	e59f31b0 	ldr	r3, [pc, #432]	@ d4f8 <rtsp_client_listen+0x4a0>
    d344:	e59f0198 	ldr	r0, [pc, #408]	@ d4e4 <rtsp_client_listen+0x48c>
    d348:	e0020290 	mul	r2, r0, r2
    d34c:	e0812002 	add	r2, r1, r2
    d350:	e0823003 	add	r3, r2, r3
    d354:	e3a02000 	mov	r2, #0
    d358:	e1c320b4 	strh	r2, [r3, #4]
    d35c:	e51b1014 	ldr	r1, [fp, #-20]	@ 0xffffffec
    d360:	e51b2010 	ldr	r2, [fp, #-16]
    d364:	e59f3190 	ldr	r3, [pc, #400]	@ d4fc <rtsp_client_listen+0x4a4>
    d368:	e59f0174 	ldr	r0, [pc, #372]	@ d4e4 <rtsp_client_listen+0x48c>
    d36c:	e0020290 	mul	r2, r0, r2
    d370:	e0812002 	add	r2, r1, r2
    d374:	e0823003 	add	r3, r2, r3
    d378:	e3a02000 	mov	r2, #0
    d37c:	e5832000 	str	r2, [r3]
    d380:	e51b1014 	ldr	r1, [fp, #-20]	@ 0xffffffec
    d384:	e51b2010 	ldr	r2, [fp, #-16]
    d388:	e59f3170 	ldr	r3, [pc, #368]	@ d500 <rtsp_client_listen+0x4a8>
    d38c:	e59f0150 	ldr	r0, [pc, #336]	@ d4e4 <rtsp_client_listen+0x48c>
    d390:	e0020290 	mul	r2, r0, r2
    d394:	e0812002 	add	r2, r1, r2
    d398:	e0823003 	add	r3, r2, r3
    d39c:	e3a02000 	mov	r2, #0
    d3a0:	e5832000 	str	r2, [r3]
    d3a4:	e51b1014 	ldr	r1, [fp, #-20]	@ 0xffffffec
    d3a8:	e51b2010 	ldr	r2, [fp, #-16]
    d3ac:	e59f3150 	ldr	r3, [pc, #336]	@ d504 <rtsp_client_listen+0x4ac>
    d3b0:	e59f012c 	ldr	r0, [pc, #300]	@ d4e4 <rtsp_client_listen+0x48c>
    d3b4:	e0020290 	mul	r2, r0, r2
    d3b8:	e0812002 	add	r2, r1, r2
    d3bc:	e0823003 	add	r3, r2, r3
    d3c0:	e3a02000 	mov	r2, #0
    d3c4:	e5832000 	str	r2, [r3]
    d3c8:	e51b1014 	ldr	r1, [fp, #-20]	@ 0xffffffec
    d3cc:	e51b2010 	ldr	r2, [fp, #-16]
    d3d0:	e59f3130 	ldr	r3, [pc, #304]	@ d508 <rtsp_client_listen+0x4b0>
    d3d4:	e59f0108 	ldr	r0, [pc, #264]	@ d4e4 <rtsp_client_listen+0x48c>
    d3d8:	e0020290 	mul	r2, r0, r2
    d3dc:	e0812002 	add	r2, r1, r2
    d3e0:	e0823003 	add	r3, r2, r3
    d3e4:	e3a02001 	mov	r2, #1
    d3e8:	e5832000 	str	r2, [r3]
    d3ec:	e51b1014 	ldr	r1, [fp, #-20]	@ 0xffffffec
    d3f0:	e51b2010 	ldr	r2, [fp, #-16]
    d3f4:	e59f3110 	ldr	r3, [pc, #272]	@ d50c <rtsp_client_listen+0x4b4>
    d3f8:	e59f00e4 	ldr	r0, [pc, #228]	@ d4e4 <rtsp_client_listen+0x48c>
    d3fc:	e0020290 	mul	r2, r0, r2
    d400:	e0812002 	add	r2, r1, r2
    d404:	e0823003 	add	r3, r2, r3
    d408:	e51b2010 	ldr	r2, [fp, #-16]
    d40c:	e5832000 	str	r2, [r3]
    d410:	e51b1014 	ldr	r1, [fp, #-20]	@ 0xffffffec
    d414:	e51b2010 	ldr	r2, [fp, #-16]
    d418:	e59f30f0 	ldr	r3, [pc, #240]	@ d510 <rtsp_client_listen+0x4b8>
    d41c:	e59f00c0 	ldr	r0, [pc, #192]	@ d4e4 <rtsp_client_listen+0x48c>
    d420:	e0020290 	mul	r2, r0, r2
    d424:	e0812002 	add	r2, r1, r2
    d428:	e0823003 	add	r3, r2, r3
    d42c:	e3a02014 	mov	r2, #20
    d430:	e5832000 	str	r2, [r3]
    d434:	e51b3010 	ldr	r3, [fp, #-16]
    d438:	e59f20a4 	ldr	r2, [pc, #164]	@ d4e4 <rtsp_client_listen+0x48c>
    d43c:	e0030392 	mul	r3, r2, r3
    d440:	e2833bb5 	add	r3, r3, #185344	@ 0x2d400
    d444:	e2833c01 	add	r3, r3, #256	@ 0x100
    d448:	e51b2014 	ldr	r2, [fp, #-20]	@ 0xffffffec
    d44c:	e0823003 	add	r3, r2, r3
    d450:	e2833004 	add	r3, r3, #4
    d454:	e1a00003 	mov	r0, r3
    d458:	e3a01000 	mov	r1, #0
    d45c:	e3a02010 	mov	r2, #16
    d460:	ebffd578 	bl	2a48 <memset@plt>
    d464:	e51b3010 	ldr	r3, [fp, #-16]
    d468:	e59f2074 	ldr	r2, [pc, #116]	@ d4e4 <rtsp_client_listen+0x48c>
    d46c:	e0030392 	mul	r3, r2, r3
    d470:	e2833bb5 	add	r3, r3, #185344	@ 0x2d400
    d474:	e2833c01 	add	r3, r3, #256	@ 0x100
    d478:	e51b2014 	ldr	r2, [fp, #-20]	@ 0xffffffec
    d47c:	e0823003 	add	r3, r2, r3
    d480:	e2834004 	add	r4, r3, #4
    d484:	e51b0040 	ldr	r0, [fp, #-64]	@ 0xffffffc0
    d488:	ebffd676 	bl	2e68 <inet_ntoa@plt>
    d48c:	e1a03000 	mov	r3, r0
    d490:	e1a00004 	mov	r0, r4
    d494:	e1a01003 	mov	r1, r3
    d498:	ebffd588 	bl	2ac0 <strcpy@plt>
    d49c:	ea000005 	b	d4b8 <rtsp_client_listen+0x460>
    d4a0:	e51b3010 	ldr	r3, [fp, #-16]
    d4a4:	e2833001 	add	r3, r3, #1
    d4a8:	e50b3010 	str	r3, [fp, #-16]
    d4ac:	e51b3010 	ldr	r3, [fp, #-16]
    d4b0:	e3530001 	cmp	r3, #1
    d4b4:	daffff64 	ble	d24c <rtsp_client_listen+0x1f4>
    d4b8:	eaffff2a 	b	d168 <rtsp_client_listen+0x110>
    d4bc:	e1a00003 	mov	r0, r3
    d4c0:	e24bd008 	sub	sp, fp, #8
    d4c4:	e8bd8810 	pop	{r4, fp, pc}
    d4c8:	00011190 	muleq	r1, r0, r1
    d4cc:	0000022a 	andeq	r0, r0, sl, lsr #4
    d4d0:	000111b0 			@ <UNDEFINED> instruction: 0x000111b0
    d4d4:	000111d0 	ldrdeq	r1, [r1], -r0
    d4d8:	000111f0 	strdeq	r1, [r1], -r0
    d4dc:	00011210 	andeq	r1, r1, r0, lsl r2
    d4e0:	0002d4e8 	andeq	sp, r2, r8, ror #9
    d4e4:	000013b8 			@ <UNDEFINED> instruction: 0x000013b8
    d4e8:	0001122c 	andeq	r1, r1, ip, lsr #4
    d4ec:	0002d4ec 	andeq	sp, r2, ip, ror #9
    d4f0:	0002d4f0 	strdeq	sp, [r2], -r0
    d4f4:	0002d4f4 	strdeq	sp, [r2], -r4
    d4f8:	0002d4f8 	strdeq	sp, [r2], -r8
    d4fc:	0002d52c 	andeq	sp, r2, ip, lsr #10
    d500:	0002d530 	andeq	sp, r2, r0, lsr r5
    d504:	0002d534 	andeq	sp, r2, r4, lsr r5
    d508:	0002d520 	andeq	sp, r2, r0, lsr #10
    d50c:	0002d524 	andeq	sp, r2, r4, lsr #10
    d510:	0002d538 	andeq	sp, r2, r8, lsr r5
    d514:	e92d4070 	push	{r4, r5, r6, lr}
    d518:	e24dd018 	sub	sp, sp, #24
    d51c:	e1a04000 	mov	r4, r0
    d520:	e1a05001 	mov	r5, r1
    d524:	e28d0004 	add	r0, sp, #4
    d528:	e59f10bc 	ldr	r1, [pc, #188]	@ d5ec <rtsp_client_listen+0x594>
    d52c:	e3a02012 	mov	r2, #18
    d530:	ebffd667 	bl	2ed4 <memcpy@plt>
    d534:	e5953000 	ldr	r3, [r5]
    d538:	e5843018 	str	r3, [r4, #24]
    d53c:	e5953004 	ldr	r3, [r5, #4]
    d540:	e584301c 	str	r3, [r4, #28]
    d544:	e1d530b8 	ldrh	r3, [r5, #8]
    d548:	e1c432b0 	strh	r3, [r4, #32]
    d54c:	e1d530ba 	ldrh	r3, [r5, #10]
    d550:	e1c432b2 	strh	r3, [r4, #34]	@ 0x22
    d554:	e5953000 	ldr	r3, [r5]
    d558:	e28d2018 	add	r2, sp, #24
    d55c:	e0823003 	add	r3, r2, r3
    d560:	e5536014 	ldrb	r6, [r3, #-20]	@ 0xffffffec
    d564:	e3560000 	cmp	r6, #0
    d568:	03a00001 	moveq	r0, #1
    d56c:	0a00001c 	beq	d5e4 <rtsp_client_listen+0x58c>
    d570:	e59430a8 	ldr	r3, [r4, #168]	@ 0xa8
    d574:	e3530000 	cmp	r3, #0
    d578:	1a00000b 	bne	d5ac <rtsp_client_listen+0x554>
    d57c:	e5943000 	ldr	r3, [r4]
    d580:	e1a00006 	mov	r0, r6
    d584:	e12fff33 	blx	r3
    d588:	e58400a8 	str	r0, [r4, #168]	@ 0xa8
    d58c:	e3500000 	cmp	r0, #0
    d590:	158460ac 	strne	r6, [r4, #172]	@ 0xac
    d594:	1a000004 	bne	d5ac <rtsp_client_listen+0x554>
    d598:	e5943008 	ldr	r3, [r4, #8]
    d59c:	e59f004c 	ldr	r0, [pc, #76]	@ d5f0 <rtsp_client_listen+0x598>
    d5a0:	e12fff33 	blx	r3
    d5a4:	e3a00000 	mov	r0, #0
    d5a8:	ea00000d 	b	d5e4 <rtsp_client_listen+0x58c>
    d5ac:	e285500c 	add	r5, r5, #12
    d5b0:	e59400a8 	ldr	r0, [r4, #168]	@ 0xa8
    d5b4:	e1a01005 	mov	r1, r5
    d5b8:	e1a02006 	mov	r2, r6
    d5bc:	ebffd644 	bl	2ed4 <memcpy@plt>
    d5c0:	e3560084 	cmp	r6, #132	@ 0x84
    d5c4:	83a00001 	movhi	r0, #1
    d5c8:	8a000005 	bhi	d5e4 <rtsp_client_listen+0x58c>
    d5cc:	e2840024 	add	r0, r4, #36	@ 0x24
    d5d0:	e1a01005 	mov	r1, r5
    d5d4:	e1a02006 	mov	r2, r6
    d5d8:	ebffd63d 	bl	2ed4 <memcpy@plt>
    d5dc:	e3a00001 	mov	r0, #1
    d5e0:	eaffffff 	b	d5e4 <rtsp_client_listen+0x58c>
    d5e4:	e28dd018 	add	sp, sp, #24
    d5e8:	e8bd8070 	pop	{r4, r5, r6, pc}
    d5ec:	00011298 	muleq	r1, r8, r2
    d5f0:	000112ac 	andeq	r1, r1, ip, lsr #5

0000d5f4 <_SD_GetAudioFilterVersionInfo>:
    d5f4:	e59f0000 	ldr	r0, [pc]	@ d5fc <_SD_GetAudioFilterVersionInfo+0x8>
    d5f8:	e12fff1e 	bx	lr
    d5fc:	000112d0 	ldrdeq	r1, [r1], -r0

0000d600 <_SD_GetAudioFilterVersions>:
    d600:	e92d4038 	push	{r3, r4, r5, lr}
    d604:	e1a04000 	mov	r4, r0
    d608:	e59f5038 	ldr	r5, [pc, #56]	@ d648 <_SD_GetAudioFilterVersions+0x48>
    d60c:	e5903008 	ldr	r3, [r0, #8]
    d610:	e59f0034 	ldr	r0, [pc, #52]	@ d64c <_SD_GetAudioFilterVersions+0x4c>
    d614:	e1a01005 	mov	r1, r5
    d618:	e12fff33 	blx	r3
    d61c:	e5943008 	ldr	r3, [r4, #8]
    d620:	e59f0028 	ldr	r0, [pc, #40]	@ d650 <_SD_GetAudioFilterVersions+0x50>
    d624:	e12fff33 	blx	r3
    d628:	e5943008 	ldr	r3, [r4, #8]
    d62c:	e59f0020 	ldr	r0, [pc, #32]	@ d654 <_SD_GetAudioFilterVersions+0x54>
    d630:	e12fff33 	blx	r3
    d634:	e5943008 	ldr	r3, [r4, #8]
    d638:	e59f0018 	ldr	r0, [pc, #24]	@ d658 <_SD_GetAudioFilterVersions+0x58>
    d63c:	e12fff33 	blx	r3
    d640:	e1a00005 	mov	r0, r5
    d644:	e8bd8038 	pop	{r3, r4, r5, pc}
    d648:	000112d0 	ldrdeq	r1, [r1], -r0
    d64c:	000112f0 	strdeq	r1, [r1], -r0
    d650:	00011308 	andeq	r1, r1, r8, lsl #6
    d654:	00011310 	andeq	r1, r1, r0, lsl r3
    d658:	00011484 	andeq	r1, r1, r4, lsl #9

0000d65c <_SD_Register_Filter>:
    d65c:	e92d4008 	push	{r3, lr}
    d660:	e5901018 	ldr	r1, [r0, #24]
    d664:	e3510001 	cmp	r1, #1
    d668:	0a000002 	beq	d678 <_SD_Register_Filter+0x1c>
    d66c:	e351000b 	cmp	r1, #11
    d670:	0a00000a 	beq	d6a0 <_SD_Register_Filter+0x44>
    d674:	ea000015 	b	d6d0 <_SD_Register_Filter+0x74>
    d678:	e59f3064 	ldr	r3, [pc, #100]	@ d6e4 <_SD_Register_Filter+0x88>
    d67c:	e58030b0 	str	r3, [r0, #176]	@ 0xb0
    d680:	e59f3060 	ldr	r3, [pc, #96]	@ d6e8 <_SD_Register_Filter+0x8c>
    d684:	e58030b4 	str	r3, [r0, #180]	@ 0xb4
    d688:	e59f305c 	ldr	r3, [pc, #92]	@ d6ec <_SD_Register_Filter+0x90>
    d68c:	e58030b8 	str	r3, [r0, #184]	@ 0xb8
    d690:	e59f3058 	ldr	r3, [pc, #88]	@ d6f0 <_SD_Register_Filter+0x94>
    d694:	e58030bc 	str	r3, [r0, #188]	@ 0xbc
    d698:	e3a00001 	mov	r0, #1
    d69c:	e8bd8008 	pop	{r3, pc}
    d6a0:	e59f304c 	ldr	r3, [pc, #76]	@ d6f4 <_SD_Register_Filter+0x98>
    d6a4:	e58030b0 	str	r3, [r0, #176]	@ 0xb0
    d6a8:	e59f3048 	ldr	r3, [pc, #72]	@ d6f8 <_SD_Register_Filter+0x9c>
    d6ac:	e58030b4 	str	r3, [r0, #180]	@ 0xb4
    d6b0:	e59f3044 	ldr	r3, [pc, #68]	@ d6fc <_SD_Register_Filter+0xa0>
    d6b4:	e58030b8 	str	r3, [r0, #184]	@ 0xb8
    d6b8:	e59f3040 	ldr	r3, [pc, #64]	@ d700 <_SD_Register_Filter+0xa4>
    d6bc:	e58030bc 	str	r3, [r0, #188]	@ 0xbc
    d6c0:	e59f303c 	ldr	r3, [pc, #60]	@ d704 <_SD_Register_Filter+0xa8>
    d6c4:	e58030c0 	str	r3, [r0, #192]	@ 0xc0
    d6c8:	e3a00001 	mov	r0, #1
    d6cc:	e8bd8008 	pop	{r3, pc}
    d6d0:	e5903008 	ldr	r3, [r0, #8]
    d6d4:	e59f002c 	ldr	r0, [pc, #44]	@ d708 <_SD_Register_Filter+0xac>
    d6d8:	e12fff33 	blx	r3
    d6dc:	e3a00000 	mov	r0, #0
    d6e0:	e8bd8008 	pop	{r3, pc}
	...
    d708:	00011318 	andeq	r1, r1, r8, lsl r3

0000d70c <_SD_CheckAudioFilterVersion>:
    d70c:	e92d4038 	push	{r3, r4, r5, lr}
    d710:	e1a05000 	mov	r5, r0
    d714:	e5904000 	ldr	r4, [r0]
    d718:	e3540000 	cmp	r4, #0
    d71c:	0a00000f 	beq	d760 <_SD_CheckAudioFilterVersion+0x54>
    d720:	e1a00004 	mov	r0, r4
    d724:	e59f1040 	ldr	r1, [pc, #64]	@ d76c <_SD_CheckAudioFilterVersion+0x60>
    d728:	e3a0201a 	mov	r2, #26
    d72c:	ebffd495 	bl	2988 <memcmp@plt>
    d730:	e3500000 	cmp	r0, #0
    d734:	1a000006 	bne	d754 <_SD_CheckAudioFilterVersion+0x48>
    d738:	e3a00001 	mov	r0, #1
    d73c:	e8bd8038 	pop	{r3, r4, r5, pc}
    d740:	e59f0028 	ldr	r0, [pc, #40]	@ d770 <_SD_CheckAudioFilterVersion+0x64>
    d744:	e59f2020 	ldr	r2, [pc, #32]	@ d76c <_SD_CheckAudioFilterVersion+0x60>
    d748:	e12fff33 	blx	r3
    d74c:	e3a00000 	mov	r0, #0
    d750:	e8bd8038 	pop	{r3, r4, r5, pc}
    d754:	e5953010 	ldr	r3, [r5, #16]
    d758:	e1a01004 	mov	r1, r4
    d75c:	eafffff7 	b	d740 <_SD_CheckAudioFilterVersion+0x34>
    d760:	e5903010 	ldr	r3, [r0, #16]
    d764:	e59f1008 	ldr	r1, [pc, #8]	@ d774 <_SD_CheckAudioFilterVersion+0x68>
    d768:	eafffff4 	b	d740 <_SD_CheckAudioFilterVersion+0x34>
    d76c:	000112d0 	ldrdeq	r1, [r1], -r0
    d770:	0001133c 	andeq	r1, r1, ip, lsr r3
    d774:	00011334 	andeq	r1, r1, r4, lsr r3

0000d778 <_lol010>:
    d778:	e92d4038 	push	{r3, r4, r5, lr}
    d77c:	e1a05000 	mov	r5, r0
    d780:	e5903008 	ldr	r3, [r0, #8]
    d784:	e3a000cc 	mov	r0, #204	@ 0xcc
    d788:	e12fff33 	blx	r3
    d78c:	e2504000 	subs	r4, r0, #0
    d790:	0a00000c 	beq	d7c8 <_lol010+0x50>
    d794:	e1a00004 	mov	r0, r4
    d798:	e3a01000 	mov	r1, #0
    d79c:	e3a020cc 	mov	r2, #204	@ 0xcc
    d7a0:	ebffd4a8 	bl	2a48 <memset@plt>
    d7a4:	e1a0c004 	mov	ip, r4
    d7a8:	e285e008 	add	lr, r5, #8
    d7ac:	e8be000f 	ldm	lr!, {r0, r1, r2, r3}
    d7b0:	e8ac000f 	stmia	ip!, {r0, r1, r2, r3}
    d7b4:	e89e0003 	ldm	lr, {r0, r1}
    d7b8:	e88c0003 	stm	ip, {r0, r1}
    d7bc:	e1a00004 	mov	r0, r4
    d7c0:	e2851020 	add	r1, r5, #32
    d7c4:	ebffff52 	bl	d514 <rtsp_client_listen+0x4bc>
    d7c8:	e1a00004 	mov	r0, r4
    d7cc:	e8bd8038 	pop	{r3, r4, r5, pc}

0000d7d0 <_SD_Filter_Open>:
    d7d0:	e92d4010 	push	{r4, lr}
    d7d4:	e2504000 	subs	r4, r0, #0
    d7d8:	0a000060 	beq	d960 <_SD_Filter_Open+0x190>
    d7dc:	e5943010 	ldr	r3, [r4, #16]
    d7e0:	e59f01a0 	ldr	r0, [pc, #416]	@ d988 <_SD_Filter_Open+0x1b8>
    d7e4:	e59f11a0 	ldr	r1, [pc, #416]	@ d98c <_SD_Filter_Open+0x1bc>
    d7e8:	e5942020 	ldr	r2, [r4, #32]
    d7ec:	e12fff33 	blx	r3
    d7f0:	e1a00004 	mov	r0, r4
    d7f4:	ebffd535 	bl	2cd0 <_SD_CheckAudioFilterVersion@plt>
    d7f8:	e3500000 	cmp	r0, #0
    d7fc:	0a000059 	beq	d968 <_SD_Filter_Open+0x198>
    d800:	e5941004 	ldr	r1, [r4, #4]
    d804:	e2413006 	sub	r3, r1, #6
    d808:	e353000b 	cmp	r3, #11
    d80c:	979ff103 	ldrls	pc, [pc, r3, lsl #2]
    d810:	ea00002b 	b	d8c4 <_SD_Filter_Open+0xf4>
    d814:	0000d844 	andeq	sp, r0, r4, asr #16
    d818:	0000d8a4 	andeq	sp, r0, r4, lsr #17
    d81c:	0000d850 	andeq	sp, r0, r0, asr r8
    d820:	0000d85c 	andeq	sp, r0, ip, asr r8
    d824:	0000d868 	andeq	sp, r0, r8, ror #16
    d828:	0000d874 	andeq	sp, r0, r4, ror r8
    d82c:	0000d8c4 	andeq	sp, r0, r4, asr #17
    d830:	0000d880 	andeq	sp, r0, r0, lsl #17
    d834:	0000d88c 	andeq	sp, r0, ip, lsl #17
    d838:	0000d8c4 	andeq	sp, r0, r4, asr #17
    d83c:	0000d898 	muleq	r0, r8, r8
    d840:	0000d898 	muleq	r0, r8, r8
    d844:	e59f2144 	ldr	r2, [pc, #324]	@ d990 <_SD_Filter_Open+0x1c0>
    d848:	e3a03302 	mov	r3, #134217728	@ 0x8000000
    d84c:	ea000016 	b	d8ac <_SD_Filter_Open+0xdc>
    d850:	e59f213c 	ldr	r2, [pc, #316]	@ d994 <_SD_Filter_Open+0x1c4>
    d854:	e3a03302 	mov	r3, #134217728	@ 0x8000000
    d858:	ea000013 	b	d8ac <_SD_Filter_Open+0xdc>
    d85c:	e59f2134 	ldr	r2, [pc, #308]	@ d998 <_SD_Filter_Open+0x1c8>
    d860:	e3a03302 	mov	r3, #134217728	@ 0x8000000
    d864:	ea000010 	b	d8ac <_SD_Filter_Open+0xdc>
    d868:	e59f212c 	ldr	r2, [pc, #300]	@ d99c <_SD_Filter_Open+0x1cc>
    d86c:	e3a03302 	mov	r3, #134217728	@ 0x8000000
    d870:	ea00000d 	b	d8ac <_SD_Filter_Open+0xdc>
    d874:	e59f2124 	ldr	r2, [pc, #292]	@ d9a0 <_SD_Filter_Open+0x1d0>
    d878:	e3a03302 	mov	r3, #134217728	@ 0x8000000
    d87c:	ea00000a 	b	d8ac <_SD_Filter_Open+0xdc>
    d880:	e59f211c 	ldr	r2, [pc, #284]	@ d9a4 <_SD_Filter_Open+0x1d4>
    d884:	e59f311c 	ldr	r3, [pc, #284]	@ d9a8 <_SD_Filter_Open+0x1d8>
    d888:	ea000007 	b	d8ac <_SD_Filter_Open+0xdc>
    d88c:	e59f2118 	ldr	r2, [pc, #280]	@ d9ac <_SD_Filter_Open+0x1dc>
    d890:	e59f3110 	ldr	r3, [pc, #272]	@ d9a8 <_SD_Filter_Open+0x1d8>
    d894:	ea000004 	b	d8ac <_SD_Filter_Open+0xdc>
    d898:	e59f2110 	ldr	r2, [pc, #272]	@ d9b0 <_SD_Filter_Open+0x1e0>
    d89c:	e59f3104 	ldr	r3, [pc, #260]	@ d9a8 <_SD_Filter_Open+0x1d8>
    d8a0:	ea000001 	b	d8ac <_SD_Filter_Open+0xdc>
    d8a4:	e59f2108 	ldr	r2, [pc, #264]	@ d9b4 <_SD_Filter_Open+0x1e4>
    d8a8:	e3a03302 	mov	r3, #134217728	@ 0x8000000
    d8ac:	e5933000 	ldr	r3, [r3]
    d8b0:	e3c330ff 	bic	r3, r3, #255	@ 0xff
    d8b4:	e1530002 	cmp	r3, r2
    d8b8:	13a03000 	movne	r3, #0
    d8bc:	03a03001 	moveq	r3, #1
    d8c0:	ea000000 	b	d8c8 <_SD_Filter_Open+0xf8>
    d8c4:	e3a03000 	mov	r3, #0
    d8c8:	e3530001 	cmp	r3, #1
    d8cc:	0a000004 	beq	d8e4 <_SD_Filter_Open+0x114>
    d8d0:	e5943010 	ldr	r3, [r4, #16]
    d8d4:	e59f00dc 	ldr	r0, [pc, #220]	@ d9b8 <_SD_Filter_Open+0x1e8>
    d8d8:	e12fff33 	blx	r3
    d8dc:	e3a00000 	mov	r0, #0
    d8e0:	e8bd8010 	pop	{r4, pc}
    d8e4:	e1a00004 	mov	r0, r4
    d8e8:	ebffd51f 	bl	2d6c <_lol010@plt>
    d8ec:	e2504000 	subs	r4, r0, #0
    d8f0:	0a00001e 	beq	d970 <_SD_Filter_Open+0x1a0>
    d8f4:	e1a00004 	mov	r0, r4
    d8f8:	ebffd4a6 	bl	2b98 <_SD_Register_Filter@plt>
    d8fc:	e3500000 	cmp	r0, #0
    d900:	1a000007 	bne	d924 <_SD_Filter_Open+0x154>
    d904:	e5943008 	ldr	r3, [r4, #8]
    d908:	e59f00ac 	ldr	r0, [pc, #172]	@ d9bc <_SD_Filter_Open+0x1ec>
    d90c:	e12fff33 	blx	r3
    d910:	e5943004 	ldr	r3, [r4, #4]
    d914:	e1a00004 	mov	r0, r4
    d918:	e12fff33 	blx	r3
    d91c:	e3a00000 	mov	r0, #0
    d920:	e8bd8010 	pop	{r4, pc}
    d924:	e59430b0 	ldr	r3, [r4, #176]	@ 0xb0
    d928:	e3530000 	cmp	r3, #0
    d92c:	0a000011 	beq	d978 <_SD_Filter_Open+0x1a8>
    d930:	e1a00004 	mov	r0, r4
    d934:	e12fff33 	blx	r3
    d938:	e3500000 	cmp	r0, #0
    d93c:	1a00000f 	bne	d980 <_SD_Filter_Open+0x1b0>
    d940:	e5943008 	ldr	r3, [r4, #8]
    d944:	e59f0074 	ldr	r0, [pc, #116]	@ d9c0 <_SD_Filter_Open+0x1f0>
    d948:	e12fff33 	blx	r3
    d94c:	e5943004 	ldr	r3, [r4, #4]
    d950:	e1a00004 	mov	r0, r4
    d954:	e12fff33 	blx	r3
    d958:	e3a00000 	mov	r0, #0
    d95c:	e8bd8010 	pop	{r4, pc}
    d960:	e3a00000 	mov	r0, #0
    d964:	e8bd8010 	pop	{r4, pc}
    d968:	e3a00000 	mov	r0, #0
    d96c:	e8bd8010 	pop	{r4, pc}
    d970:	e3a00000 	mov	r0, #0
    d974:	e8bd8010 	pop	{r4, pc}
    d978:	e1a00004 	mov	r0, r4
    d97c:	e8bd8010 	pop	{r4, pc}
    d980:	e1a00004 	mov	r0, r4
    d984:	e8bd8010 	pop	{r4, pc}
    d988:	00011368 	andeq	r1, r1, r8, ror #6
    d98c:	000112d0 	ldrdeq	r1, [r1], -r0
    d990:	20100100 	andscs	r0, r0, r0, lsl #2
    d994:	20130200 	andscs	r0, r3, r0, lsl #4
    d998:	20120100 	andscs	r0, r2, r0, lsl #2
    d99c:	20090c00 	andcs	r0, r9, r0, lsl #24
    d9a0:	20140100 	andscs	r0, r4, r0, lsl #2
    d9a4:	20150200 	andscs	r0, r5, r0, lsl #4
    d9a8:	f0008000 			@ <UNDEFINED> instruction: 0xf0008000
    d9ac:	20160100 	andscs	r0, r6, r0, lsl #2
    d9b0:	20170200 	andscs	r0, r7, r0, lsl #4
    d9b4:	20130100 	andscs	r0, r3, r0, lsl #2
    d9b8:	0001137c 	andeq	r1, r1, ip, ror r3
    d9bc:	0001139c 	muleq	r1, ip, r3
    d9c0:	000113b4 			@ <UNDEFINED> instruction: 0x000113b4

0000d9c4 <_SD_Filter_Control>:
    d9c4:	e92d4008 	push	{r3, lr}
    d9c8:	e1a03000 	mov	r3, r0
    d9cc:	e3510000 	cmp	r1, #0
    d9d0:	13500000 	cmpne	r0, #0
    d9d4:	0a000005 	beq	d9f0 <_SD_Filter_Control+0x2c>
    d9d8:	e58310c4 	str	r1, [r3, #196]	@ 0xc4
    d9dc:	e59020b4 	ldr	r2, [r0, #180]	@ 0xb4
    d9e0:	e3520000 	cmp	r2, #0
    d9e4:	0a000003 	beq	d9f8 <_SD_Filter_Control+0x34>
    d9e8:	e12fff32 	blx	r2
    d9ec:	e8bd8008 	pop	{r3, pc}
    d9f0:	e3a00000 	mov	r0, #0
    d9f4:	e8bd8008 	pop	{r3, pc}
    d9f8:	e3a00000 	mov	r0, #0
    d9fc:	e8bd8008 	pop	{r3, pc}

0000da00 <_lolOlO>:
    da00:	e92d4010 	push	{r4, lr}
    da04:	e1a04000 	mov	r4, r0
    da08:	e59000a8 	ldr	r0, [r0, #168]	@ 0xa8
    da0c:	e3500000 	cmp	r0, #0
    da10:	0a000001 	beq	da1c <_lolOlO+0x1c>
    da14:	e5943004 	ldr	r3, [r4, #4]
    da18:	e12fff33 	blx	r3
    da1c:	e5943004 	ldr	r3, [r4, #4]
    da20:	e1a00004 	mov	r0, r4
    da24:	e12fff33 	blx	r3
    da28:	e3a00001 	mov	r0, #1
    da2c:	e8bd8010 	pop	{r4, pc}

0000da30 <_SD_Filter_Close>:
    da30:	e92d4010 	push	{r4, lr}
    da34:	e2504000 	subs	r4, r0, #0
    da38:	0a00000d 	beq	da74 <_SD_Filter_Close+0x44>
    da3c:	e5943008 	ldr	r3, [r4, #8]
    da40:	e59f0034 	ldr	r0, [pc, #52]	@ da7c <_SD_Filter_Close+0x4c>
    da44:	e59f1034 	ldr	r1, [pc, #52]	@ da80 <_SD_Filter_Close+0x50>
    da48:	e5942018 	ldr	r2, [r4, #24]
    da4c:	e12fff33 	blx	r3
    da50:	e59430b8 	ldr	r3, [r4, #184]	@ 0xb8
    da54:	e3530000 	cmp	r3, #0
    da58:	0a000001 	beq	da64 <_SD_Filter_Close+0x34>
    da5c:	e1a00004 	mov	r0, r4
    da60:	e12fff33 	blx	r3
    da64:	e1a00004 	mov	r0, r4
    da68:	ebffd507 	bl	2e8c <_lolOlO@plt>
    da6c:	e3a00001 	mov	r0, #1
    da70:	e8bd8010 	pop	{r4, pc}
    da74:	e3a00000 	mov	r0, #0
    da78:	e8bd8010 	pop	{r4, pc}
    da7c:	000113cc 	andeq	r1, r1, ip, asr #7
    da80:	000112d0 	ldrdeq	r1, [r1], -r0

0000da84 <_SD_Filter_SetParam>:
    da84:	e92d4038 	push	{r3, r4, r5, lr}
    da88:	e1a04000 	mov	r4, r0
    da8c:	e1a05001 	mov	r5, r1
    da90:	e3510000 	cmp	r1, #0
    da94:	13500000 	cmpne	r0, #0
    da98:	0a000020 	beq	db20 <_SD_Filter_SetParam+0x9c>
    da9c:	e5903008 	ldr	r3, [r0, #8]
    daa0:	e59f0080 	ldr	r0, [pc, #128]	@ db28 <_SD_Filter_SetParam+0xa4>
    daa4:	e5941018 	ldr	r1, [r4, #24]
    daa8:	e12fff33 	blx	r3
    daac:	e59430bc 	ldr	r3, [r4, #188]	@ 0xbc
    dab0:	e3530000 	cmp	r3, #0
    dab4:	0a000014 	beq	db0c <_SD_Filter_SetParam+0x88>
    dab8:	e3a03010 	mov	r3, #16
    dabc:	e1c530ba 	strh	r3, [r5, #10]
    dac0:	e1d520b8 	ldrh	r2, [r5, #8]
    dac4:	e3520000 	cmp	r2, #0
    dac8:	0a000002 	beq	dad8 <_SD_Filter_SetParam+0x54>
    dacc:	e5953004 	ldr	r3, [r5, #4]
    dad0:	e3530000 	cmp	r3, #0
    dad4:	1a000005 	bne	daf0 <_SD_Filter_SetParam+0x6c>
    dad8:	e5943008 	ldr	r3, [r4, #8]
    dadc:	e59f0048 	ldr	r0, [pc, #72]	@ db2c <_SD_Filter_SetParam+0xa8>
    dae0:	e5951004 	ldr	r1, [r5, #4]
    dae4:	e12fff33 	blx	r3
    dae8:	e3a00000 	mov	r0, #0
    daec:	e8bd8038 	pop	{r3, r4, r5, pc}
    daf0:	e1a00004 	mov	r0, r4
    daf4:	e1a01005 	mov	r1, r5
    daf8:	ebfffe85 	bl	d514 <rtsp_client_listen+0x4bc>
    dafc:	e59430bc 	ldr	r3, [r4, #188]	@ 0xbc
    db00:	e1a00004 	mov	r0, r4
    db04:	e12fff33 	blx	r3
    db08:	e8bd8038 	pop	{r3, r4, r5, pc}
    db0c:	e5943008 	ldr	r3, [r4, #8]
    db10:	e59f0018 	ldr	r0, [pc, #24]	@ db30 <_SD_Filter_SetParam+0xac>
    db14:	e12fff33 	blx	r3
    db18:	e3a00000 	mov	r0, #0
    db1c:	e8bd8038 	pop	{r3, r4, r5, pc}
    db20:	e3a00000 	mov	r0, #0
    db24:	e8bd8038 	pop	{r3, r4, r5, pc}
    db28:	000113e8 	andeq	r1, r1, r8, ror #7
    db2c:	0001140c 	andeq	r1, r1, ip, lsl #8
    db30:	00011424 	andeq	r1, r1, r4, lsr #8

0000db34 <_SD_Filter_SetAslcMileStones>:
    db34:	e52de004 	push	{lr}		@ (str lr, [sp, #-4]!)
    db38:	e24dd00c 	sub	sp, sp, #12
    db3c:	e3500000 	cmp	r0, #0
    db40:	0a000009 	beq	db6c <_SD_Filter_SetAslcMileStones+0x38>
    db44:	e59030c0 	ldr	r3, [r0, #192]	@ 0xc0
    db48:	e3530000 	cmp	r3, #0
    db4c:	03a00000 	moveq	r0, #0
    db50:	0a000007 	beq	db74 <_SD_Filter_SetAslcMileStones+0x40>
    db54:	e3a02003 	mov	r2, #3
    db58:	e58d2000 	str	r2, [sp]
    db5c:	e58d1004 	str	r1, [sp, #4]
    db60:	e1a0100d 	mov	r1, sp
    db64:	e12fff33 	blx	r3
    db68:	ea000001 	b	db74 <_SD_Filter_SetAslcMileStones+0x40>
    db6c:	e3a00000 	mov	r0, #0
    db70:	eaffffff 	b	db74 <_SD_Filter_SetAslcMileStones+0x40>
    db74:	e28dd00c 	add	sp, sp, #12
    db78:	e49df004 	pop	{pc}		@ (ldr pc, [sp], #4)

0000db7c <_SD_Filter_SetAslcSilenceLevel>:
    db7c:	e52de004 	push	{lr}		@ (str lr, [sp, #-4]!)
    db80:	e24dd014 	sub	sp, sp, #20
    db84:	e3500000 	cmp	r0, #0
    db88:	0a00000b 	beq	dbbc <_SD_Filter_SetAslcSilenceLevel+0x40>
    db8c:	e59030c0 	ldr	r3, [r0, #192]	@ 0xc0
    db90:	e3530000 	cmp	r3, #0
    db94:	03a00000 	moveq	r0, #0
    db98:	0a000009 	beq	dbc4 <_SD_Filter_SetAslcSilenceLevel+0x48>
    db9c:	e58d1004 	str	r1, [sp, #4]
    dba0:	e3a02001 	mov	r2, #1
    dba4:	e58d2008 	str	r2, [sp, #8]
    dba8:	e28d2004 	add	r2, sp, #4
    dbac:	e58d200c 	str	r2, [sp, #12]
    dbb0:	e28d1008 	add	r1, sp, #8
    dbb4:	e12fff33 	blx	r3
    dbb8:	ea000001 	b	dbc4 <_SD_Filter_SetAslcSilenceLevel+0x48>
    dbbc:	e3a00000 	mov	r0, #0
    dbc0:	eaffffff 	b	dbc4 <_SD_Filter_SetAslcSilenceLevel+0x48>
    dbc4:	e28dd014 	add	sp, sp, #20
    dbc8:	e49df004 	pop	{pc}		@ (ldr pc, [sp], #4)

0000dbcc <_SD_Filter_SetAslcSilenceTime>:
    dbcc:	e52de004 	push	{lr}		@ (str lr, [sp, #-4]!)
    dbd0:	e24dd014 	sub	sp, sp, #20
    dbd4:	e3500000 	cmp	r0, #0
    dbd8:	0a00000b 	beq	dc0c <_SD_Filter_SetAslcSilenceTime+0x40>
    dbdc:	e59030c0 	ldr	r3, [r0, #192]	@ 0xc0
    dbe0:	e3530000 	cmp	r3, #0
    dbe4:	03a00000 	moveq	r0, #0
    dbe8:	0a000009 	beq	dc14 <_SD_Filter_SetAslcSilenceTime+0x48>
    dbec:	e58d1004 	str	r1, [sp, #4]
    dbf0:	e3a02002 	mov	r2, #2
    dbf4:	e58d2008 	str	r2, [sp, #8]
    dbf8:	e28d2004 	add	r2, sp, #4
    dbfc:	e58d200c 	str	r2, [sp, #12]
    dc00:	e28d1008 	add	r1, sp, #8
    dc04:	e12fff33 	blx	r3
    dc08:	ea000001 	b	dc14 <_SD_Filter_SetAslcSilenceTime+0x48>
    dc0c:	e3a00000 	mov	r0, #0
    dc10:	eaffffff 	b	dc14 <_SD_Filter_SetAslcSilenceTime+0x48>
    dc14:	e28dd014 	add	sp, sp, #20
    dc18:	e49df004 	pop	{pc}		@ (ldr pc, [sp], #4)

0000dc1c <_SD_EQ_Open>:
    dc1c:	e92d4038 	push	{r3, r4, r5, lr}
    dc20:	e1a05000 	mov	r5, r0
    dc24:	e5903000 	ldr	r3, [r0]
    dc28:	e3a00fba 	mov	r0, #744	@ 0x2e8
    dc2c:	e12fff33 	blx	r3
    dc30:	e1a04000 	mov	r4, r0
    dc34:	e58500c8 	str	r0, [r5, #200]	@ 0xc8
    dc38:	e3500000 	cmp	r0, #0
    dc3c:	0a000024 	beq	dcd4 <_SD_EQ_Open+0xb8>
    dc40:	e3a01000 	mov	r1, #0
    dc44:	e3a02fba 	mov	r2, #744	@ 0x2e8
    dc48:	ebffd37e 	bl	2a48 <memset@plt>
    dc4c:	e3a03010 	mov	r3, #16
    dc50:	e5c432e4 	strb	r3, [r4, #740]	@ 0x2e4
    dc54:	e5c432e5 	strb	r3, [r4, #741]	@ 0x2e5
    dc58:	e5953000 	ldr	r3, [r5]
    dc5c:	e3a000d8 	mov	r0, #216	@ 0xd8
    dc60:	e12fff33 	blx	r3
    dc64:	e58402e0 	str	r0, [r4, #736]	@ 0x2e0
    dc68:	e3500000 	cmp	r0, #0
    dc6c:	0a00001a 	beq	dcdc <_SD_EQ_Open+0xc0>
    dc70:	e3a01000 	mov	r1, #0
    dc74:	e3a020d8 	mov	r2, #216	@ 0xd8
    dc78:	ebffd372 	bl	2a48 <memset@plt>
    dc7c:	e2850018 	add	r0, r5, #24
    dc80:	e1a01004 	mov	r1, r4
    dc84:	e1a02005 	mov	r2, r5
    dc88:	ebffd3f2 	bl	2c58 <_AK_EQ_ParamSave@plt>
    dc8c:	e5d530a0 	ldrb	r3, [r5, #160]	@ 0xa0
    dc90:	e58432d8 	str	r3, [r4, #728]	@ 0x2d8
    dc94:	e3530001 	cmp	r3, #1
    dc98:	1a000003 	bne	dcac <_SD_EQ_Open+0x90>
    dc9c:	e1a00005 	mov	r0, r5
    dca0:	e1a01004 	mov	r1, r4
    dca4:	ebffd3f1 	bl	2c70 <eq_aslc_init@plt>
    dca8:	e58402dc 	str	r0, [r4, #732]	@ 0x2dc
    dcac:	e3a03000 	mov	r3, #0
    dcb0:	e584321c 	str	r3, [r4, #540]	@ 0x21c
    dcb4:	e5843210 	str	r3, [r4, #528]	@ 0x210
    dcb8:	e5843220 	str	r3, [r4, #544]	@ 0x220
    dcbc:	e5843214 	str	r3, [r4, #532]	@ 0x214
    dcc0:	e5953008 	ldr	r3, [r5, #8]
    dcc4:	e59f0018 	ldr	r0, [pc, #24]	@ dce4 <_SD_EQ_Open+0xc8>
    dcc8:	e12fff33 	blx	r3
    dccc:	e3a00001 	mov	r0, #1
    dcd0:	e8bd8038 	pop	{r3, r4, r5, pc}
    dcd4:	e3a00000 	mov	r0, #0
    dcd8:	e8bd8038 	pop	{r3, r4, r5, pc}
    dcdc:	e3a00000 	mov	r0, #0
    dce0:	e8bd8038 	pop	{r3, r4, r5, pc}
    dce4:	0001143c 	andeq	r1, r1, ip, lsr r4

0000dce8 <_SD_EQ_SetOsmpBitwidth>:
    dce8:	e92d4038 	push	{r3, r4, r5, lr}
    dcec:	e2505000 	subs	r5, r0, #0
    dcf0:	0a000015 	beq	dd4c <_SD_EQ_SetOsmpBitwidth+0x64>
    dcf4:	e3510020 	cmp	r1, #32
    dcf8:	13510010 	cmpne	r1, #16
    dcfc:	1a000014 	bne	dd54 <_SD_EQ_SetOsmpBitwidth+0x6c>
    dd00:	e59540c8 	ldr	r4, [r5, #200]	@ 0xc8
    dd04:	e20110ff 	and	r1, r1, #255	@ 0xff
    dd08:	e5c412e4 	strb	r1, [r4, #740]	@ 0x2e4
    dd0c:	e3510010 	cmp	r1, #16
    dd10:	9a000011 	bls	dd5c <_SD_EQ_SetOsmpBitwidth+0x74>
    dd14:	e3a03000 	mov	r3, #0
    dd18:	e58432d8 	str	r3, [r4, #728]	@ 0x2d8
    dd1c:	e1a00004 	mov	r0, r4
    dd20:	e1a01005 	mov	r1, r5
    dd24:	ebffd3e0 	bl	2cac <eq_aslc_destory@plt>
    dd28:	e594020c 	ldr	r0, [r4, #524]	@ 0x20c
    dd2c:	e3500000 	cmp	r0, #0
    dd30:	0a000001 	beq	dd3c <_SD_EQ_SetOsmpBitwidth+0x54>
    dd34:	e5953004 	ldr	r3, [r5, #4]
    dd38:	e12fff33 	blx	r3
    dd3c:	e3a03000 	mov	r3, #0
    dd40:	e584320c 	str	r3, [r4, #524]	@ 0x20c
    dd44:	e3a00001 	mov	r0, #1
    dd48:	e8bd8038 	pop	{r3, r4, r5, pc}
    dd4c:	e3a00000 	mov	r0, #0
    dd50:	e8bd8038 	pop	{r3, r4, r5, pc}
    dd54:	e3a00000 	mov	r0, #0
    dd58:	e8bd8038 	pop	{r3, r4, r5, pc}
    dd5c:	e3a00001 	mov	r0, #1
    dd60:	e8bd8038 	pop	{r3, r4, r5, pc}

0000dd64 <_SD_EQ_SetIsmpBitwidth>:
    dd64:	e3500000 	cmp	r0, #0
    dd68:	0a000006 	beq	dd88 <_SD_EQ_SetIsmpBitwidth+0x24>
    dd6c:	e3510020 	cmp	r1, #32
    dd70:	13510010 	cmpne	r1, #16
    dd74:	1a000005 	bne	dd90 <_SD_EQ_SetIsmpBitwidth+0x2c>
    dd78:	e59030c8 	ldr	r3, [r0, #200]	@ 0xc8
    dd7c:	e5c312e5 	strb	r1, [r3, #741]	@ 0x2e5
    dd80:	e3a00001 	mov	r0, #1
    dd84:	e12fff1e 	bx	lr
    dd88:	e3a00000 	mov	r0, #0
    dd8c:	e12fff1e 	bx	lr
    dd90:	e3a00000 	mov	r0, #0
    dd94:	e12fff1e 	bx	lr

0000dd98 <_SD_EQ_SetPara>:
    dd98:	e92d4070 	push	{r4, r5, r6, lr}
    dd9c:	e2505000 	subs	r5, r0, #0
    dda0:	0a00002f 	beq	de64 <_SD_EQ_SetPara+0xcc>
    dda4:	e59540c8 	ldr	r4, [r5, #200]	@ 0xc8
    dda8:	e3540000 	cmp	r4, #0
    ddac:	0a00002e 	beq	de6c <_SD_EQ_SetPara+0xd4>
    ddb0:	e2856018 	add	r6, r5, #24
    ddb4:	e1a00006 	mov	r0, r6
    ddb8:	e1a01004 	mov	r1, r4
    ddbc:	e1a02005 	mov	r2, r5
    ddc0:	ebffd3a4 	bl	2c58 <_AK_EQ_ParamSave@plt>
    ddc4:	e5d530a0 	ldrb	r3, [r5, #160]	@ 0xa0
    ddc8:	e58432d8 	str	r3, [r4, #728]	@ 0x2d8
    ddcc:	e3530000 	cmp	r3, #0
    ddd0:	1a00000e 	bne	de10 <_SD_EQ_SetPara+0x78>
    ddd4:	e1a00004 	mov	r0, r4
    ddd8:	e1a01005 	mov	r1, r5
    dddc:	ebffd3b2 	bl	2cac <eq_aslc_destory@plt>
    dde0:	e594020c 	ldr	r0, [r4, #524]	@ 0x20c
    dde4:	e3a03000 	mov	r3, #0
    dde8:	e584320c 	str	r3, [r4, #524]	@ 0x20c
    ddec:	e5843210 	str	r3, [r4, #528]	@ 0x210
    ddf0:	e1500003 	cmp	r0, r3
    ddf4:	0a000015 	beq	de50 <_SD_EQ_SetPara+0xb8>
    ddf8:	e5943214 	ldr	r3, [r4, #532]	@ 0x214
    ddfc:	e3530001 	cmp	r3, #1
    de00:	1a000012 	bne	de50 <_SD_EQ_SetPara+0xb8>
    de04:	e5953004 	ldr	r3, [r5, #4]
    de08:	e12fff33 	blx	r3
    de0c:	ea00000f 	b	de50 <_SD_EQ_SetPara+0xb8>
    de10:	e3530001 	cmp	r3, #1
    de14:	1a000007 	bne	de38 <_SD_EQ_SetPara+0xa0>
    de18:	e59432dc 	ldr	r3, [r4, #732]	@ 0x2dc
    de1c:	e3530000 	cmp	r3, #0
    de20:	1a000007 	bne	de44 <_SD_EQ_SetPara+0xac>
    de24:	e1a00005 	mov	r0, r5
    de28:	e1a01004 	mov	r1, r4
    de2c:	ebffd38f 	bl	2c70 <eq_aslc_init@plt>
    de30:	e58402dc 	str	r0, [r4, #732]	@ 0x2dc
    de34:	ea000005 	b	de50 <_SD_EQ_SetPara+0xb8>
    de38:	e59432dc 	ldr	r3, [r4, #732]	@ 0x2dc
    de3c:	e3530000 	cmp	r3, #0
    de40:	0a000002 	beq	de50 <_SD_EQ_SetPara+0xb8>
    de44:	e1a00004 	mov	r0, r4
    de48:	e1a01006 	mov	r1, r6
    de4c:	ebffd2d3 	bl	29a0 <eq_aslc_ParamSave@plt>
    de50:	e5953008 	ldr	r3, [r5, #8]
    de54:	e59f0018 	ldr	r0, [pc, #24]	@ de74 <_SD_EQ_SetPara+0xdc>
    de58:	e12fff33 	blx	r3
    de5c:	e3a00001 	mov	r0, #1
    de60:	e8bd8070 	pop	{r4, r5, r6, pc}
    de64:	e3e00000 	mvn	r0, #0
    de68:	e8bd8070 	pop	{r4, r5, r6, pc}
    de6c:	e3e00000 	mvn	r0, #0
    de70:	e8bd8070 	pop	{r4, r5, r6, pc}
    de74:	0001144c 	andeq	r1, r1, ip, asr #8

0000de78 <_SD_EQ_SetEqTimePara>:
    de78:	e92d4008 	push	{r3, lr}
    de7c:	e59030c8 	ldr	r3, [r0, #200]	@ 0xc8
    de80:	e3530000 	cmp	r3, #0
    de84:	0a000006 	beq	dea4 <_SD_EQ_SetEqTimePara+0x2c>
    de88:	e3a02002 	mov	r2, #2
    de8c:	e5832228 	str	r2, [r3, #552]	@ 0x228
    de90:	e59302e0 	ldr	r0, [r3, #736]	@ 0x2e0
    de94:	e3a020d8 	mov	r2, #216	@ 0xd8
    de98:	ebffd40d 	bl	2ed4 <memcpy@plt>
    de9c:	e3a00001 	mov	r0, #1
    dea0:	e8bd8008 	pop	{r3, pc}
    dea4:	e3a00000 	mov	r0, #0
    dea8:	e8bd8008 	pop	{r3, pc}

0000deac <_SD_EQ_Control>:
    deac:	e92d40f8 	push	{r3, r4, r5, r6, r7, lr}
    deb0:	e2504000 	subs	r4, r0, #0
    deb4:	0a0000b2 	beq	e184 <_SD_EQ_Control+0x2d8>
    deb8:	e59430c4 	ldr	r3, [r4, #196]	@ 0xc4
    debc:	e5933004 	ldr	r3, [r3, #4]
    dec0:	e3530000 	cmp	r3, #0
    dec4:	0a0000b0 	beq	e18c <_SD_EQ_Control+0x2e0>
    dec8:	e59450c8 	ldr	r5, [r4, #200]	@ 0xc8
    decc:	e3550000 	cmp	r5, #0
    ded0:	0a0000af 	beq	e194 <_SD_EQ_Control+0x2e8>
    ded4:	e5953228 	ldr	r3, [r5, #552]	@ 0x228
    ded8:	e3530000 	cmp	r3, #0
    dedc:	0a000002 	beq	deec <_SD_EQ_Control+0x40>
    dee0:	e1a00004 	mov	r0, r4
    dee4:	e1a01005 	mov	r1, r5
    dee8:	ebffd39c 	bl	2d60 <_AK_EQ_ParamUpdate@plt>
    deec:	e5d53000 	ldrb	r3, [r5]
    def0:	e3530000 	cmp	r3, #0
    def4:	0a000002 	beq	df04 <_SD_EQ_Control+0x58>
    def8:	e5953224 	ldr	r3, [r5, #548]	@ 0x224
    defc:	e3530000 	cmp	r3, #0
    df00:	1a000021 	bne	df8c <_SD_EQ_Control+0xe0>
    df04:	e1d432f8 	ldrsh	r3, [r4, #40]	@ 0x28
    df08:	e3530000 	cmp	r3, #0
    df0c:	0a000016 	beq	df6c <_SD_EQ_Control+0xc0>
    df10:	e59430c4 	ldr	r3, [r4, #196]	@ 0xc4
    df14:	e593100c 	ldr	r1, [r3, #12]
    df18:	e5930000 	ldr	r0, [r3]
    df1c:	e595c22c 	ldr	ip, [r5, #556]	@ 0x22c
    df20:	e5937004 	ldr	r7, [r3, #4]
    df24:	e1b070a7 	lsrs	r7, r7, #1
    df28:	0a000014 	beq	df80 <_SD_EQ_Control+0xd4>
    df2c:	e1a07087 	lsl	r7, r7, #1
    df30:	e3a03000 	mov	r3, #0
    df34:	e59f6260 	ldr	r6, [pc, #608]	@ e19c <_SD_EQ_Control+0x2f0>
    df38:	e59f5260 	ldr	r5, [pc, #608]	@ e1a0 <_SD_EQ_Control+0x2f4>
    df3c:	e19020f3 	ldrsh	r2, [r0, r3]
    df40:	e002029c 	mul	r2, ip, r2
    df44:	e1a02542 	asr	r2, r2, #10
    df48:	e1520006 	cmp	r2, r6
    df4c:	b1a02006 	movlt	r2, r6
    df50:	e1520005 	cmp	r2, r5
    df54:	a1a02005 	movge	r2, r5
    df58:	e18120b3 	strh	r2, [r1, r3]
    df5c:	e2833002 	add	r3, r3, #2
    df60:	e1530007 	cmp	r3, r7
    df64:	1afffff4 	bne	df3c <_SD_EQ_Control+0x90>
    df68:	ea000004 	b	df80 <_SD_EQ_Control+0xd4>
    df6c:	e59430c4 	ldr	r3, [r4, #196]	@ 0xc4
    df70:	e593000c 	ldr	r0, [r3, #12]
    df74:	e5931000 	ldr	r1, [r3]
    df78:	e5932004 	ldr	r2, [r3, #4]
    df7c:	ebffd3d4 	bl	2ed4 <memcpy@plt>
    df80:	e59430c4 	ldr	r3, [r4, #196]	@ 0xc4
    df84:	e5930004 	ldr	r0, [r3, #4]
    df88:	e8bd80f8 	pop	{r3, r4, r5, r6, r7, pc}
    df8c:	e59430c4 	ldr	r3, [r4, #196]	@ 0xc4
    df90:	e5d512e5 	ldrb	r1, [r5, #741]	@ 0x2e5
    df94:	e5930004 	ldr	r0, [r3, #4]
    df98:	e1a011a1 	lsr	r1, r1, #3
    df9c:	eb000896 	bl	101fc <ak_aslc_process+0x30c>
    dfa0:	e59f31fc 	ldr	r3, [pc, #508]	@ e1a4 <_SD_EQ_Control+0x2f8>
    dfa4:	e18500b3 	strh	r0, [r5, r3]
    dfa8:	e59532d8 	ldr	r3, [r5, #728]	@ 0x2d8
    dfac:	e3530001 	cmp	r3, #1
    dfb0:	1a000023 	bne	e044 <_SD_EQ_Control+0x198>
    dfb4:	e1a00800 	lsl	r0, r0, #16
    dfb8:	e1a06820 	lsr	r6, r0, #16
    dfbc:	e5953210 	ldr	r3, [r5, #528]	@ 0x210
    dfc0:	e1560003 	cmp	r6, r3
    dfc4:	9a00001e 	bls	e044 <_SD_EQ_Control+0x198>
    dfc8:	e59430c8 	ldr	r3, [r4, #200]	@ 0xc8
    dfcc:	e59322d8 	ldr	r2, [r3, #728]	@ 0x2d8
    dfd0:	e3520001 	cmp	r2, #1
    dfd4:	1a00001a 	bne	e044 <_SD_EQ_Control+0x198>
    dfd8:	e59332dc 	ldr	r3, [r3, #732]	@ 0x2dc
    dfdc:	e3530000 	cmp	r3, #0
    dfe0:	0a000017 	beq	e044 <_SD_EQ_Control+0x198>
    dfe4:	e595020c 	ldr	r0, [r5, #524]	@ 0x20c
    dfe8:	e3500000 	cmp	r0, #0
    dfec:	0a000006 	beq	e00c <_SD_EQ_Control+0x160>
    dff0:	e5953214 	ldr	r3, [r5, #532]	@ 0x214
    dff4:	e3530001 	cmp	r3, #1
    dff8:	1a000003 	bne	e00c <_SD_EQ_Control+0x160>
    dffc:	e5943004 	ldr	r3, [r4, #4]
    e000:	e12fff33 	blx	r3
    e004:	e3a03000 	mov	r3, #0
    e008:	e585320c 	str	r3, [r5, #524]	@ 0x20c
    e00c:	e5943000 	ldr	r3, [r4]
    e010:	e1a00186 	lsl	r0, r6, #3
    e014:	e12fff33 	blx	r3
    e018:	e585020c 	str	r0, [r5, #524]	@ 0x20c
    e01c:	e3500000 	cmp	r0, #0
    e020:	15856210 	strne	r6, [r5, #528]	@ 0x210
    e024:	13a03001 	movne	r3, #1
    e028:	15853214 	strne	r3, [r5, #532]	@ 0x214
    e02c:	1a000004 	bne	e044 <_SD_EQ_Control+0x198>
    e030:	e5943008 	ldr	r3, [r4, #8]
    e034:	e59f016c 	ldr	r0, [pc, #364]	@ e1a8 <_SD_EQ_Control+0x2fc>
    e038:	e12fff33 	blx	r3
    e03c:	e3e00000 	mvn	r0, #0
    e040:	e8bd80f8 	pop	{r3, r4, r5, r6, r7, pc}
    e044:	e59f3158 	ldr	r3, [pc, #344]	@ e1a4 <_SD_EQ_Control+0x2f8>
    e048:	e19560b3 	ldrh	r6, [r5, r3]
    e04c:	e595321c 	ldr	r3, [r5, #540]	@ 0x21c
    e050:	e1560003 	cmp	r6, r3
    e054:	9a000018 	bls	e0bc <_SD_EQ_Control+0x210>
    e058:	e1a07106 	lsl	r7, r6, #2
    e05c:	e5950218 	ldr	r0, [r5, #536]	@ 0x218
    e060:	e3500000 	cmp	r0, #0
    e064:	0a000006 	beq	e084 <_SD_EQ_Control+0x1d8>
    e068:	e5952220 	ldr	r2, [r5, #544]	@ 0x220
    e06c:	e3520001 	cmp	r2, #1
    e070:	1a000003 	bne	e084 <_SD_EQ_Control+0x1d8>
    e074:	e5942004 	ldr	r2, [r4, #4]
    e078:	e12fff32 	blx	r2
    e07c:	e3a03000 	mov	r3, #0
    e080:	e5853218 	str	r3, [r5, #536]	@ 0x218
    e084:	e5943000 	ldr	r3, [r4]
    e088:	e1a00007 	mov	r0, r7
    e08c:	e12fff33 	blx	r3
    e090:	e5850218 	str	r0, [r5, #536]	@ 0x218
    e094:	e3500000 	cmp	r0, #0
    e098:	1585621c 	strne	r6, [r5, #540]	@ 0x21c
    e09c:	13a03001 	movne	r3, #1
    e0a0:	15853220 	strne	r3, [r5, #544]	@ 0x220
    e0a4:	1a000004 	bne	e0bc <_SD_EQ_Control+0x210>
    e0a8:	e5943008 	ldr	r3, [r4, #8]
    e0ac:	e59f00f4 	ldr	r0, [pc, #244]	@ e1a8 <_SD_EQ_Control+0x2fc>
    e0b0:	e12fff33 	blx	r3
    e0b4:	e3e00000 	mvn	r0, #0
    e0b8:	e8bd80f8 	pop	{r3, r4, r5, r6, r7, pc}
    e0bc:	e1d432b0 	ldrh	r3, [r4, #32]
    e0c0:	e3530002 	cmp	r3, #2
    e0c4:	1a000008 	bne	e0ec <_SD_EQ_Control+0x240>
    e0c8:	e1a00004 	mov	r0, r4
    e0cc:	e3a01000 	mov	r1, #0
    e0d0:	ebffd289 	bl	2afc <_AK_EQ_Freqz@plt>
    e0d4:	e1a06000 	mov	r6, r0
    e0d8:	e1a00004 	mov	r0, r4
    e0dc:	e3a01001 	mov	r1, #1
    e0e0:	ebffd285 	bl	2afc <_AK_EQ_Freqz@plt>
    e0e4:	e0800006 	add	r0, r0, r6
    e0e8:	ea000004 	b	e100 <_SD_EQ_Control+0x254>
    e0ec:	e3a03001 	mov	r3, #1
    e0f0:	e1c432b0 	strh	r3, [r4, #32]
    e0f4:	e1a00004 	mov	r0, r4
    e0f8:	e3a01000 	mov	r1, #0
    e0fc:	ebffd27e 	bl	2afc <_AK_EQ_Freqz@plt>
    e100:	e59532dc 	ldr	r3, [r5, #732]	@ 0x2dc
    e104:	e3530000 	cmp	r3, #0
    e108:	0a000014 	beq	e160 <_SD_EQ_Control+0x2b4>
    e10c:	e59522d8 	ldr	r2, [r5, #728]	@ 0x2d8
    e110:	e3520001 	cmp	r2, #1
    e114:	1a000011 	bne	e160 <_SD_EQ_Control+0x2b4>
    e118:	e59320c4 	ldr	r2, [r3, #196]	@ 0xc4
    e11c:	e595120c 	ldr	r1, [r5, #524]	@ 0x20c
    e120:	e5821000 	str	r1, [r2]
    e124:	e59320c4 	ldr	r2, [r3, #196]	@ 0xc4
    e128:	e1a00100 	lsl	r0, r0, #2
    e12c:	e5820004 	str	r0, [r2, #4]
    e130:	e59320c4 	ldr	r2, [r3, #196]	@ 0xc4
    e134:	e59410c4 	ldr	r1, [r4, #196]	@ 0xc4
    e138:	e591100c 	ldr	r1, [r1, #12]
    e13c:	e582100c 	str	r1, [r2, #12]
    e140:	e59320c4 	ldr	r2, [r3, #196]	@ 0xc4
    e144:	e59410c4 	ldr	r1, [r4, #196]	@ 0xc4
    e148:	e5911010 	ldr	r1, [r1, #16]
    e14c:	e5821010 	str	r1, [r2, #16]
    e150:	e1a00003 	mov	r0, r3
    e154:	ebffd361 	bl	2ee0 <_SD_ASLC_Control@plt>
    e158:	e0800fa0 	add	r0, r0, r0, lsr #31
    e15c:	e1a000c0 	asr	r0, r0, #1
    e160:	e59430c4 	ldr	r3, [r4, #196]	@ 0xc4
    e164:	e5d522e4 	ldrb	r2, [r5, #740]	@ 0x2e4
    e168:	e1a021a2 	lsr	r2, r2, #3
    e16c:	e0020290 	mul	r2, r0, r2
    e170:	e5832010 	str	r2, [r3, #16]
    e174:	e5d532e4 	ldrb	r3, [r5, #740]	@ 0x2e4
    e178:	e1a031a3 	lsr	r3, r3, #3
    e17c:	e0000093 	mul	r0, r3, r0
    e180:	e8bd80f8 	pop	{r3, r4, r5, r6, r7, pc}
    e184:	e3e00000 	mvn	r0, #0
    e188:	e8bd80f8 	pop	{r3, r4, r5, r6, r7, pc}
    e18c:	e3a00000 	mov	r0, #0
    e190:	e8bd80f8 	pop	{r3, r4, r5, r6, r7, pc}
    e194:	e3e00000 	mvn	r0, #0
    e198:	e8bd80f8 	pop	{r3, r4, r5, r6, r7, pc}
    e19c:	ffff8000 			@ <UNDEFINED> instruction: 0xffff8000
    e1a0:	00007fff 	strdeq	r7, [r0], -pc	@ <UNPREDICTABLE>
    e1a4:	000002e6 	andeq	r0, r0, r6, ror #5
    e1a8:	00011464 	andeq	r1, r1, r4, ror #8

0000e1ac <_SD_EQ_Close>:
    e1ac:	e92d4038 	push	{r3, r4, r5, lr}
    e1b0:	e2504000 	subs	r4, r0, #0
    e1b4:	0a000022 	beq	e244 <_SD_EQ_Close+0x98>
    e1b8:	e59450c8 	ldr	r5, [r4, #200]	@ 0xc8
    e1bc:	e5943008 	ldr	r3, [r4, #8]
    e1c0:	e59f00a0 	ldr	r0, [pc, #160]	@ e268 <_SD_EQ_Close+0xbc>
    e1c4:	e12fff33 	blx	r3
    e1c8:	e59502e0 	ldr	r0, [r5, #736]	@ 0x2e0
    e1cc:	e3500000 	cmp	r0, #0
    e1d0:	0a000003 	beq	e1e4 <_SD_EQ_Close+0x38>
    e1d4:	e5943004 	ldr	r3, [r4, #4]
    e1d8:	e12fff33 	blx	r3
    e1dc:	e3a03000 	mov	r3, #0
    e1e0:	e58532e0 	str	r3, [r5, #736]	@ 0x2e0
    e1e4:	e595020c 	ldr	r0, [r5, #524]	@ 0x20c
    e1e8:	e3500000 	cmp	r0, #0
    e1ec:	0a000006 	beq	e20c <_SD_EQ_Close+0x60>
    e1f0:	e5953214 	ldr	r3, [r5, #532]	@ 0x214
    e1f4:	e3530001 	cmp	r3, #1
    e1f8:	1a000003 	bne	e20c <_SD_EQ_Close+0x60>
    e1fc:	e5943004 	ldr	r3, [r4, #4]
    e200:	e12fff33 	blx	r3
    e204:	e3a03000 	mov	r3, #0
    e208:	e585320c 	str	r3, [r5, #524]	@ 0x20c
    e20c:	e1a00005 	mov	r0, r5
    e210:	e1a01004 	mov	r1, r4
    e214:	ebffd2a4 	bl	2cac <eq_aslc_destory@plt>
    e218:	e5950218 	ldr	r0, [r5, #536]	@ 0x218
    e21c:	e3500000 	cmp	r0, #0
    e220:	0a000009 	beq	e24c <_SD_EQ_Close+0xa0>
    e224:	e5953220 	ldr	r3, [r5, #544]	@ 0x220
    e228:	e3530001 	cmp	r3, #1
    e22c:	1a000006 	bne	e24c <_SD_EQ_Close+0xa0>
    e230:	e5943004 	ldr	r3, [r4, #4]
    e234:	e12fff33 	blx	r3
    e238:	e3a03000 	mov	r3, #0
    e23c:	e5853218 	str	r3, [r5, #536]	@ 0x218
    e240:	ea000001 	b	e24c <_SD_EQ_Close+0xa0>
    e244:	e3a00000 	mov	r0, #0
    e248:	e8bd8038 	pop	{r3, r4, r5, pc}
    e24c:	e5943004 	ldr	r3, [r4, #4]
    e250:	e59400c8 	ldr	r0, [r4, #200]	@ 0xc8
    e254:	e12fff33 	blx	r3
    e258:	e3a03000 	mov	r3, #0
    e25c:	e58430c8 	str	r3, [r4, #200]	@ 0xc8
    e260:	e3a00001 	mov	r0, #1
    e264:	e8bd8038 	pop	{r3, r4, r5, pc}
    e268:	00011488 	andeq	r1, r1, r8, lsl #9

0000e26c <_SD_EQ_GetEdit>:
    e26c:	e3a00001 	mov	r0, #1
    e270:	e12fff1e 	bx	lr

0000e274 <_SD_EQ_SetTmpbuf1>:
    e274:	e92d4070 	push	{r4, r5, r6, lr}
    e278:	e1a06001 	mov	r6, r1
    e27c:	e1a05002 	mov	r5, r2
    e280:	e59040c8 	ldr	r4, [r0, #200]	@ 0xc8
    e284:	e5943220 	ldr	r3, [r4, #544]	@ 0x220
    e288:	e3530001 	cmp	r3, #1
    e28c:	1a000005 	bne	e2a8 <_SD_EQ_SetTmpbuf1+0x34>
    e290:	e5943218 	ldr	r3, [r4, #536]	@ 0x218
    e294:	e3530000 	cmp	r3, #0
    e298:	0a000002 	beq	e2a8 <_SD_EQ_SetTmpbuf1+0x34>
    e29c:	e5902004 	ldr	r2, [r0, #4]
    e2a0:	e1a00003 	mov	r0, r3
    e2a4:	e12fff32 	blx	r2
    e2a8:	e2853003 	add	r3, r5, #3
    e2ac:	e3550000 	cmp	r5, #0
    e2b0:	b1a05003 	movlt	r5, r3
    e2b4:	e1a05145 	asr	r5, r5, #2
    e2b8:	e584521c 	str	r5, [r4, #540]	@ 0x21c
    e2bc:	e5846218 	str	r6, [r4, #536]	@ 0x218
    e2c0:	e3a00000 	mov	r0, #0
    e2c4:	e5840220 	str	r0, [r4, #544]	@ 0x220
    e2c8:	e8bd8070 	pop	{r4, r5, r6, pc}

0000e2cc <_SD_Filter_SetEqTimePara>:
    e2cc:	e92d4008 	push	{r3, lr}
    e2d0:	e3510000 	cmp	r1, #0
    e2d4:	13500000 	cmpne	r0, #0
    e2d8:	0a000002 	beq	e2e8 <_SD_Filter_SetEqTimePara+0x1c>
    e2dc:	ebffd1c4 	bl	29f4 <_SD_EQ_SetEqTimePara@plt>
    e2e0:	e3a00001 	mov	r0, #1
    e2e4:	e8bd8008 	pop	{r3, pc}
    e2e8:	e3a00000 	mov	r0, #0
    e2ec:	e8bd8008 	pop	{r3, pc}

0000e2f0 <_SD_ASLC_Open>:
    e2f0:	e92d4030 	push	{r4, r5, lr}
    e2f4:	e24dd06c 	sub	sp, sp, #108	@ 0x6c
    e2f8:	e1a05000 	mov	r5, r0
    e2fc:	e28d0008 	add	r0, sp, #8
    e300:	e3a01000 	mov	r1, #0
    e304:	e3a02060 	mov	r2, #96	@ 0x60
    e308:	ebffd1ce 	bl	2a48 <memset@plt>
    e30c:	e5953000 	ldr	r3, [r5]
    e310:	e3a000c0 	mov	r0, #192	@ 0xc0
    e314:	e12fff33 	blx	r3
    e318:	e1a04000 	mov	r4, r0
    e31c:	e58500c8 	str	r0, [r5, #200]	@ 0xc8
    e320:	e3500000 	cmp	r0, #0
    e324:	03a00000 	moveq	r0, #0
    e328:	0a000025 	beq	e3c4 <_SD_ASLC_Open+0xd4>
    e32c:	e1a00004 	mov	r0, r4
    e330:	e3a01000 	mov	r1, #0
    e334:	e3a020c0 	mov	r2, #192	@ 0xc0
    e338:	ebffd1c2 	bl	2a48 <memset@plt>
    e33c:	e58450bc 	str	r5, [r4, #188]	@ 0xbc
    e340:	e59530a8 	ldr	r3, [r5, #168]	@ 0xa8
    e344:	e5843000 	str	r3, [r4]
    e348:	e1a00004 	mov	r0, r4
    e34c:	e2851018 	add	r1, r5, #24
    e350:	e1a02005 	mov	r2, r5
    e354:	e28d3008 	add	r3, sp, #8
    e358:	ebffd1a8 	bl	2a00 <ak_aslc_ParamSave@plt>
    e35c:	e1a00004 	mov	r0, r4
    e360:	e28d1008 	add	r1, sp, #8
    e364:	ebffd2f8 	bl	2f4c <ak_aslc_init@plt>
    e368:	e3500000 	cmp	r0, #0
    e36c:	b3a00000 	movlt	r0, #0
    e370:	ba000013 	blt	e3c4 <_SD_ASLC_Open+0xd4>
    e374:	e3a03002 	mov	r3, #2
    e378:	e58430a0 	str	r3, [r4, #160]	@ 0xa0
    e37c:	e5941028 	ldr	r1, [r4, #40]	@ 0x28
    e380:	e594202c 	ldr	r2, [r4, #44]	@ 0x2c
    e384:	e1d532b2 	ldrh	r3, [r5, #34]	@ 0x22
    e388:	e5940000 	ldr	r0, [r4]
    e38c:	e1d000b8 	ldrh	r0, [r0, #8]
    e390:	e58d0000 	str	r0, [sp]
    e394:	e5940008 	ldr	r0, [r4, #8]
    e398:	e58d0004 	str	r0, [sp, #4]
    e39c:	e595c008 	ldr	ip, [r5, #8]
    e3a0:	e59f0024 	ldr	r0, [pc, #36]	@ e3cc <_SD_ASLC_Open+0xdc>
    e3a4:	e12fff3c 	blx	ip
    e3a8:	e5953008 	ldr	r3, [r5, #8]
    e3ac:	e59f001c 	ldr	r0, [pc, #28]	@ e3d0 <_SD_ASLC_Open+0xe0>
    e3b0:	e5941004 	ldr	r1, [r4, #4]
    e3b4:	e5942020 	ldr	r2, [r4, #32]
    e3b8:	e12fff33 	blx	r3
    e3bc:	e3a00001 	mov	r0, #1
    e3c0:	eaffffff 	b	e3c4 <_SD_ASLC_Open+0xd4>
    e3c4:	e28dd06c 	add	sp, sp, #108	@ 0x6c
    e3c8:	e8bd8030 	pop	{r4, r5, pc}
    e3cc:	00011498 	muleq	r1, r8, r4
    e3d0:	000114d4 	ldrdeq	r1, [r1], -r4

0000e3d4 <_SD_ASLC_SetMileStone>:
    e3d4:	e92d4010 	push	{r4, lr}
    e3d8:	e1a04000 	mov	r4, r0
    e3dc:	e3510000 	cmp	r1, #0
    e3e0:	13500000 	cmpne	r0, #0
    e3e4:	0a00000b 	beq	e418 <_SD_ASLC_SetMileStone+0x44>
    e3e8:	e59000c8 	ldr	r0, [r0, #200]	@ 0xc8
    e3ec:	ebffd171 	bl	29b8 <ak_aslc_SetMileStone@plt>
    e3f0:	e3500000 	cmp	r0, #0
    e3f4:	ba000009 	blt	e420 <_SD_ASLC_SetMileStone+0x4c>
    e3f8:	e59430c8 	ldr	r3, [r4, #200]	@ 0xc8
    e3fc:	e594c008 	ldr	ip, [r4, #8]
    e400:	e59f0020 	ldr	r0, [pc, #32]	@ e428 <_SD_ASLC_SetMileStone+0x54>
    e404:	e5931004 	ldr	r1, [r3, #4]
    e408:	e5932020 	ldr	r2, [r3, #32]
    e40c:	e12fff3c 	blx	ip
    e410:	e3a00001 	mov	r0, #1
    e414:	e8bd8010 	pop	{r4, pc}
    e418:	e3a00000 	mov	r0, #0
    e41c:	e8bd8010 	pop	{r4, pc}
    e420:	e3a00000 	mov	r0, #0
    e424:	e8bd8010 	pop	{r4, pc}
    e428:	00011500 	andeq	r1, r1, r0, lsl #10

0000e42c <_SD_ASLC_SetPara>:
    e42c:	e92d4008 	push	{r3, lr}
    e430:	e3500000 	cmp	r0, #0
    e434:	0a00000b 	beq	e468 <_SD_ASLC_SetPara+0x3c>
    e438:	e59030c8 	ldr	r3, [r0, #200]	@ 0xc8
    e43c:	e3530000 	cmp	r3, #0
    e440:	0a00000a 	beq	e470 <_SD_ASLC_SetPara+0x44>
    e444:	e5932000 	ldr	r2, [r3]
    e448:	e5d21000 	ldrb	r1, [r2]
    e44c:	e5831004 	str	r1, [r3, #4]
    e450:	e5903008 	ldr	r3, [r0, #8]
    e454:	e59f001c 	ldr	r0, [pc, #28]	@ e478 <_SD_ASLC_SetPara+0x4c>
    e458:	e5d21000 	ldrb	r1, [r2]
    e45c:	e12fff33 	blx	r3
    e460:	e3a00001 	mov	r0, #1
    e464:	e8bd8008 	pop	{r3, pc}
    e468:	e3e00000 	mvn	r0, #0
    e46c:	e8bd8008 	pop	{r3, pc}
    e470:	e3e00000 	mvn	r0, #0
    e474:	e8bd8008 	pop	{r3, pc}
    e478:	0001152c 	andeq	r1, r1, ip, lsr #10

0000e47c <_SD_ASLC_Close>:
    e47c:	e92d4038 	push	{r3, r4, r5, lr}
    e480:	e1a04000 	mov	r4, r0
    e484:	e59050c8 	ldr	r5, [r0, #200]	@ 0xc8
    e488:	e5903008 	ldr	r3, [r0, #8]
    e48c:	e59f0048 	ldr	r0, [pc, #72]	@ e4dc <_SD_ASLC_Close+0x60>
    e490:	e12fff33 	blx	r3
    e494:	e1a00005 	mov	r0, r5
    e498:	ebffd20f 	bl	2cdc <ak_aslc_destory@plt>
    e49c:	e59500a4 	ldr	r0, [r5, #164]	@ 0xa4
    e4a0:	e3500000 	cmp	r0, #0
    e4a4:	0a000003 	beq	e4b8 <_SD_ASLC_Close+0x3c>
    e4a8:	e5943004 	ldr	r3, [r4, #4]
    e4ac:	e12fff33 	blx	r3
    e4b0:	e3a03000 	mov	r3, #0
    e4b4:	e58530a4 	str	r3, [r5, #164]	@ 0xa4
    e4b8:	e3540000 	cmp	r4, #0
    e4bc:	0a000004 	beq	e4d4 <_SD_ASLC_Close+0x58>
    e4c0:	e5943004 	ldr	r3, [r4, #4]
    e4c4:	e59400c8 	ldr	r0, [r4, #200]	@ 0xc8
    e4c8:	e12fff33 	blx	r3
    e4cc:	e3a03000 	mov	r3, #0
    e4d0:	e58430c8 	str	r3, [r4, #200]	@ 0xc8
    e4d4:	e3a00001 	mov	r0, #1
    e4d8:	e8bd8038 	pop	{r3, r4, r5, pc}
    e4dc:	00011544 	andeq	r1, r1, r4, asr #10

0000e4e0 <_SD_ASLC_SetOsmpBitwidth>:
    e4e0:	e92d4008 	push	{r3, lr}
    e4e4:	e59030c8 	ldr	r3, [r0, #200]	@ 0xc8
    e4e8:	e3510020 	cmp	r1, #32
    e4ec:	13510010 	cmpne	r1, #16
    e4f0:	0a000004 	beq	e508 <_SD_ASLC_SetOsmpBitwidth+0x28>
    e4f4:	e5903008 	ldr	r3, [r0, #8]
    e4f8:	e59f0018 	ldr	r0, [pc, #24]	@ e518 <_SD_ASLC_SetOsmpBitwidth+0x38>
    e4fc:	e12fff33 	blx	r3
    e500:	e3a00000 	mov	r0, #0
    e504:	e8bd8008 	pop	{r3, pc}
    e508:	e1a011a1 	lsr	r1, r1, #3
    e50c:	e58310a0 	str	r1, [r3, #160]	@ 0xa0
    e510:	e3a00001 	mov	r0, #1
    e514:	e8bd8008 	pop	{r3, pc}
    e518:	00011554 	andeq	r1, r1, r4, asr r5

0000e51c <_SD_ASLC_SetIfo>:
    e51c:	e92d4008 	push	{r3, lr}
    e520:	e1a03000 	mov	r3, r0
    e524:	e1a02001 	mov	r2, r1
    e528:	e3510000 	cmp	r1, #0
    e52c:	13500000 	cmpne	r0, #0
    e530:	0a000024 	beq	e5c8 <_SD_ASLC_SetIfo+0xac>
    e534:	e59000c8 	ldr	r0, [r0, #200]	@ 0xc8
    e538:	e3500000 	cmp	r0, #0
    e53c:	0a000023 	beq	e5d0 <_SD_ASLC_SetIfo+0xb4>
    e540:	e5911000 	ldr	r1, [r1]
    e544:	e3510002 	cmp	r1, #2
    e548:	0a000011 	beq	e594 <_SD_ASLC_SetIfo+0x78>
    e54c:	e3510003 	cmp	r1, #3
    e550:	0a000002 	beq	e560 <_SD_ASLC_SetIfo+0x44>
    e554:	e3510001 	cmp	r1, #1
    e558:	1a00001e 	bne	e5d8 <_SD_ASLC_SetIfo+0xbc>
    e55c:	ea000004 	b	e574 <_SD_ASLC_SetIfo+0x58>
    e560:	e1a00003 	mov	r0, r3
    e564:	e5921004 	ldr	r1, [r2, #4]
    e568:	ebffd211 	bl	2db4 <_SD_ASLC_SetMileStone@plt>
    e56c:	e3a00001 	mov	r0, #1
    e570:	e8bd8008 	pop	{r3, pc}
    e574:	e5922004 	ldr	r2, [r2, #4]
    e578:	e1d210b0 	ldrh	r1, [r2]
    e57c:	e5801030 	str	r1, [r0, #48]	@ 0x30
    e580:	e5933008 	ldr	r3, [r3, #8]
    e584:	e59f0054 	ldr	r0, [pc, #84]	@ e5e0 <_SD_ASLC_SetIfo+0xc4>
    e588:	e12fff33 	blx	r3
    e58c:	e3a00001 	mov	r0, #1
    e590:	e8bd8008 	pop	{r3, pc}
    e594:	e5922004 	ldr	r2, [r2, #4]
    e598:	e1d210b0 	ldrh	r1, [r2]
    e59c:	e5902028 	ldr	r2, [r0, #40]	@ 0x28
    e5a0:	e0020291 	mul	r2, r1, r2
    e5a4:	e59fc038 	ldr	ip, [pc, #56]	@ e5e4 <_SD_ASLC_SetIfo+0xc8>
    e5a8:	e082e29c 	umull	lr, r2, ip, r2
    e5ac:	e1a02322 	lsr	r2, r2, #6
    e5b0:	e5802034 	str	r2, [r0, #52]	@ 0x34
    e5b4:	e5933008 	ldr	r3, [r3, #8]
    e5b8:	e59f0028 	ldr	r0, [pc, #40]	@ e5e8 <_SD_ASLC_SetIfo+0xcc>
    e5bc:	e12fff33 	blx	r3
    e5c0:	e3a00001 	mov	r0, #1
    e5c4:	e8bd8008 	pop	{r3, pc}
    e5c8:	e3a00000 	mov	r0, #0
    e5cc:	e8bd8008 	pop	{r3, pc}
    e5d0:	e3a00000 	mov	r0, #0
    e5d4:	e8bd8008 	pop	{r3, pc}
    e5d8:	e3a00001 	mov	r0, #1
    e5dc:	e8bd8008 	pop	{r3, pc}
    e5e0:	00011570 	andeq	r1, r1, r0, ror r5
    e5e4:	10624dd3 	ldrdne	r4, [r2], #-211	@ 0xffffff2d	@ <UNPREDICTABLE>
    e5e8:	00011590 	muleq	r1, r0, r5

0000e5ec <_SD_ASLC_Control>:
    e5ec:	e92d4ff0 	push	{r4, r5, r6, r7, r8, r9, sl, fp, lr}
    e5f0:	e24dd01c 	sub	sp, sp, #28
    e5f4:	e2505000 	subs	r5, r0, #0
    e5f8:	0a0000f5 	beq	e9d4 <_SD_ASLC_Control+0x3e8>
    e5fc:	e59540c8 	ldr	r4, [r5, #200]	@ 0xc8
    e600:	e3540000 	cmp	r4, #0
    e604:	0a0000f4 	beq	e9dc <_SD_ASLC_Control+0x3f0>
    e608:	e5943004 	ldr	r3, [r4, #4]
    e60c:	e3530000 	cmp	r3, #0
    e610:	1a000007 	bne	e634 <_SD_ASLC_Control+0x48>
    e614:	e59530c4 	ldr	r3, [r5, #196]	@ 0xc4
    e618:	e593000c 	ldr	r0, [r3, #12]
    e61c:	e5931000 	ldr	r1, [r3]
    e620:	e5932004 	ldr	r2, [r3, #4]
    e624:	ebffd22a 	bl	2ed4 <memcpy@plt>
    e628:	e59530c4 	ldr	r3, [r5, #196]	@ 0xc4
    e62c:	e5930004 	ldr	r0, [r3, #4]
    e630:	ea0000eb 	b	e9e4 <_SD_ASLC_Control+0x3f8>
    e634:	e594802c 	ldr	r8, [r4, #44]	@ 0x2c
    e638:	e59530c4 	ldr	r3, [r5, #196]	@ 0xc4
    e63c:	e593a004 	ldr	sl, [r3, #4]
    e640:	e1d5b2b2 	ldrh	fp, [r5, #34]	@ 0x22
    e644:	e1a0000a 	mov	r0, sl
    e648:	e1a011ab 	lsr	r1, fp, #3
    e64c:	eb0006ea 	bl	101fc <ak_aslc_process+0x30c>
    e650:	e1a01008 	mov	r1, r8
    e654:	eb0006e8 	bl	101fc <ak_aslc_process+0x30c>
    e658:	e1a06000 	mov	r6, r0
    e65c:	e1a07000 	mov	r7, r0
    e660:	e59430b4 	ldr	r3, [r4, #180]	@ 0xb4
    e664:	e0802003 	add	r2, r0, r3
    e668:	e59410ac 	ldr	r1, [r4, #172]	@ 0xac
    e66c:	e1520001 	cmp	r2, r1
    e670:	9a000045 	bls	e78c <_SD_ASLC_Control+0x1a0>
    e674:	e5941020 	ldr	r1, [r4, #32]
    e678:	e0809001 	add	r9, r0, r1
    e67c:	e1520009 	cmp	r2, r9
    e680:	21a09002 	movcs	r9, r2
    e684:	e58d3000 	str	r3, [sp]
    e688:	e58d1004 	str	r1, [sp, #4]
    e68c:	e58d9008 	str	r9, [sp, #8]
    e690:	e595c008 	ldr	ip, [r5, #8]
    e694:	e59f0350 	ldr	r0, [pc, #848]	@ e9ec <_SD_ASLC_Control+0x400>
    e698:	e1a0100a 	mov	r1, sl
    e69c:	e1a0200b 	mov	r2, fp
    e6a0:	e1a03008 	mov	r3, r8
    e6a4:	e12fff3c 	blx	ip
    e6a8:	e59430b4 	ldr	r3, [r4, #180]	@ 0xb4
    e6ac:	e58d3014 	str	r3, [sp, #20]
    e6b0:	e1a0b009 	mov	fp, r9
    e6b4:	e594a02c 	ldr	sl, [r4, #44]	@ 0x2c
    e6b8:	e1a0a10a 	lsl	sl, sl, #2
    e6bc:	e00a0a99 	mul	sl, r9, sl
    e6c0:	e59430bc 	ldr	r3, [r4, #188]	@ 0xbc
    e6c4:	e5933000 	ldr	r3, [r3]
    e6c8:	e1a0000a 	mov	r0, sl
    e6cc:	e12fff33 	blx	r3
    e6d0:	e2509000 	subs	r9, r0, #0
    e6d4:	1a000006 	bne	e6f4 <_SD_ASLC_Control+0x108>
    e6d8:	e59430bc 	ldr	r3, [r4, #188]	@ 0xbc
    e6dc:	e5933008 	ldr	r3, [r3, #8]
    e6e0:	e59f0308 	ldr	r0, [pc, #776]	@ e9f0 <_SD_ASLC_Control+0x404>
    e6e4:	e1a0100a 	mov	r1, sl
    e6e8:	e12fff33 	blx	r3
    e6ec:	e3e00000 	mvn	r0, #0
    e6f0:	ea0000bb 	b	e9e4 <_SD_ASLC_Control+0x3f8>
    e6f4:	e59410a4 	ldr	r1, [r4, #164]	@ 0xa4
    e6f8:	e3510000 	cmp	r1, #0
    e6fc:	0a000019 	beq	e768 <_SD_ASLC_Control+0x17c>
    e700:	e594200c 	ldr	r2, [r4, #12]
    e704:	e59d3014 	ldr	r3, [sp, #20]
    e708:	e0020293 	mul	r2, r3, r2
    e70c:	e1a00009 	mov	r0, r9
    e710:	e1a02102 	lsl	r2, r2, #2
    e714:	ebffd1ee 	bl	2ed4 <memcpy@plt>
    e718:	e594302c 	ldr	r3, [r4, #44]	@ 0x2c
    e71c:	e3530002 	cmp	r3, #2
    e720:	1a000007 	bne	e744 <_SD_ASLC_Control+0x158>
    e724:	e5943008 	ldr	r3, [r4, #8]
    e728:	e3530000 	cmp	r3, #0
    e72c:	1a000004 	bne	e744 <_SD_ASLC_Control+0x158>
    e730:	e089010b 	add	r0, r9, fp, lsl #2
    e734:	e59410a8 	ldr	r1, [r4, #168]	@ 0xa8
    e738:	e59d3014 	ldr	r3, [sp, #20]
    e73c:	e1a02103 	lsl	r2, r3, #2
    e740:	ebffd1e3 	bl	2ed4 <memcpy@plt>
    e744:	e59430bc 	ldr	r3, [r4, #188]	@ 0xbc
    e748:	e5933008 	ldr	r3, [r3, #8]
    e74c:	e59f02a0 	ldr	r0, [pc, #672]	@ e9f4 <_SD_ASLC_Control+0x408>
    e750:	e1a0100a 	mov	r1, sl
    e754:	e12fff33 	blx	r3
    e758:	e59430bc 	ldr	r3, [r4, #188]	@ 0xbc
    e75c:	e5933004 	ldr	r3, [r3, #4]
    e760:	e59400a4 	ldr	r0, [r4, #164]	@ 0xa4
    e764:	e12fff33 	blx	r3
    e768:	e58490a4 	str	r9, [r4, #164]	@ 0xa4
    e76c:	e594302c 	ldr	r3, [r4, #44]	@ 0x2c
    e770:	e3530002 	cmp	r3, #2
    e774:	1a000003 	bne	e788 <_SD_ASLC_Control+0x19c>
    e778:	e5943008 	ldr	r3, [r4, #8]
    e77c:	e3530000 	cmp	r3, #0
    e780:	0089910b 	addeq	r9, r9, fp, lsl #2
    e784:	058490a8 	streq	r9, [r4, #168]	@ 0xa8
    e788:	e584b0ac 	str	fp, [r4, #172]	@ 0xac
    e78c:	e59430b4 	ldr	r3, [r4, #180]	@ 0xb4
    e790:	e594100c 	ldr	r1, [r4, #12]
    e794:	e0010193 	mul	r1, r3, r1
    e798:	e59420a4 	ldr	r2, [r4, #164]	@ 0xa4
    e79c:	e0821101 	add	r1, r2, r1, lsl #2
    e7a0:	e594c0a8 	ldr	ip, [r4, #168]	@ 0xa8
    e7a4:	e08cc103 	add	ip, ip, r3, lsl #2
    e7a8:	e59530c4 	ldr	r3, [r5, #196]	@ 0xc4
    e7ac:	e5932000 	ldr	r2, [r3]
    e7b0:	e1d532b2 	ldrh	r3, [r5, #34]	@ 0x22
    e7b4:	e3530010 	cmp	r3, #16
    e7b8:	1a00003b 	bne	e8ac <_SD_ASLC_Control+0x2c0>
    e7bc:	e5943008 	ldr	r3, [r4, #8]
    e7c0:	e3580001 	cmp	r8, #1
    e7c4:	1a00000a 	bne	e7f4 <_SD_ASLC_Control+0x208>
    e7c8:	e3560000 	cmp	r6, #0
    e7cc:	da000078 	ble	e9b4 <_SD_ASLC_Control+0x3c8>
    e7d0:	e2411004 	sub	r1, r1, #4
    e7d4:	e1a0c086 	lsl	ip, r6, #1
    e7d8:	e3a03000 	mov	r3, #0
    e7dc:	e19200f3 	ldrsh	r0, [r2, r3]
    e7e0:	e5a10004 	str	r0, [r1, #4]!
    e7e4:	e2833002 	add	r3, r3, #2
    e7e8:	e153000c 	cmp	r3, ip
    e7ec:	1afffffa 	bne	e7dc <_SD_ASLC_Control+0x1f0>
    e7f0:	ea00006f 	b	e9b4 <_SD_ASLC_Control+0x3c8>
    e7f4:	e3530000 	cmp	r3, #0
    e7f8:	1a00000b 	bne	e82c <_SD_ASLC_Control+0x240>
    e7fc:	e3560000 	cmp	r6, #0
    e800:	da00006b 	ble	e9b4 <_SD_ASLC_Control+0x3c8>
    e804:	e1a07106 	lsl	r7, r6, #2
    e808:	e1a00002 	mov	r0, r2
    e80c:	e1b0e0f3 	ldrsh	lr, [r0, r3]!
    e810:	e781e003 	str	lr, [r1, r3]
    e814:	e1d000f2 	ldrsh	r0, [r0, #2]
    e818:	e78c0003 	str	r0, [ip, r3]
    e81c:	e2833004 	add	r3, r3, #4
    e820:	e1530007 	cmp	r3, r7
    e824:	1afffff7 	bne	e808 <_SD_ASLC_Control+0x21c>
    e828:	ea000061 	b	e9b4 <_SD_ASLC_Control+0x3c8>
    e82c:	e3530001 	cmp	r3, #1
    e830:	0a000003 	beq	e844 <_SD_ASLC_Control+0x258>
    e834:	e3560000 	cmp	r6, #0
    e838:	c3a03000 	movgt	r3, #0
    e83c:	ca000010 	bgt	e884 <_SD_ASLC_Control+0x298>
    e840:	ea00005b 	b	e9b4 <_SD_ASLC_Control+0x3c8>
    e844:	e3560000 	cmp	r6, #0
    e848:	da000059 	ble	e9b4 <_SD_ASLC_Control+0x3c8>
    e84c:	e3a03000 	mov	r3, #0
    e850:	e1d2c0f0 	ldrsh	ip, [r2]
    e854:	e1d200f2 	ldrsh	r0, [r2, #2]
    e858:	e08c0000 	add	r0, ip, r0
    e85c:	e0800fa0 	add	r0, r0, r0, lsr #31
    e860:	e1a000c0 	asr	r0, r0, #1
    e864:	e5810000 	str	r0, [r1]
    e868:	e5810004 	str	r0, [r1, #4]
    e86c:	e2833001 	add	r3, r3, #1
    e870:	e2822004 	add	r2, r2, #4
    e874:	e2811008 	add	r1, r1, #8
    e878:	e1570003 	cmp	r7, r3
    e87c:	1afffff3 	bne	e850 <_SD_ASLC_Control+0x264>
    e880:	ea00004b 	b	e9b4 <_SD_ASLC_Control+0x3c8>
    e884:	e1d200f0 	ldrsh	r0, [r2]
    e888:	e5810000 	str	r0, [r1]
    e88c:	e1d200f2 	ldrsh	r0, [r2, #2]
    e890:	e5810004 	str	r0, [r1, #4]
    e894:	e2833001 	add	r3, r3, #1
    e898:	e2822004 	add	r2, r2, #4
    e89c:	e2811008 	add	r1, r1, #8
    e8a0:	e1570003 	cmp	r7, r3
    e8a4:	1afffff6 	bne	e884 <_SD_ASLC_Control+0x298>
    e8a8:	ea000041 	b	e9b4 <_SD_ASLC_Control+0x3c8>
    e8ac:	e3530020 	cmp	r3, #32
    e8b0:	13e00000 	mvnne	r0, #0
    e8b4:	1a00004a 	bne	e9e4 <_SD_ASLC_Control+0x3f8>
    e8b8:	e5943008 	ldr	r3, [r4, #8]
    e8bc:	e3580001 	cmp	r8, #1
    e8c0:	1a000009 	bne	e8ec <_SD_ASLC_Control+0x300>
    e8c4:	e3560000 	cmp	r6, #0
    e8c8:	da000039 	ble	e9b4 <_SD_ASLC_Control+0x3c8>
    e8cc:	e1a0c106 	lsl	ip, r6, #2
    e8d0:	e3a03000 	mov	r3, #0
    e8d4:	e7920003 	ldr	r0, [r2, r3]
    e8d8:	e7810003 	str	r0, [r1, r3]
    e8dc:	e2833004 	add	r3, r3, #4
    e8e0:	e153000c 	cmp	r3, ip
    e8e4:	1afffffa 	bne	e8d4 <_SD_ASLC_Control+0x2e8>
    e8e8:	ea000031 	b	e9b4 <_SD_ASLC_Control+0x3c8>
    e8ec:	e3530000 	cmp	r3, #0
    e8f0:	1a00000b 	bne	e924 <_SD_ASLC_Control+0x338>
    e8f4:	e3560000 	cmp	r6, #0
    e8f8:	da00002d 	ble	e9b4 <_SD_ASLC_Control+0x3c8>
    e8fc:	e1a0e106 	lsl	lr, r6, #2
    e900:	e5920000 	ldr	r0, [r2]
    e904:	e7810003 	str	r0, [r1, r3]
    e908:	e5920004 	ldr	r0, [r2, #4]
    e90c:	e78c0003 	str	r0, [ip, r3]
    e910:	e2822008 	add	r2, r2, #8
    e914:	e2833004 	add	r3, r3, #4
    e918:	e153000e 	cmp	r3, lr
    e91c:	1afffff7 	bne	e900 <_SD_ASLC_Control+0x314>
    e920:	ea000023 	b	e9b4 <_SD_ASLC_Control+0x3c8>
    e924:	e3530001 	cmp	r3, #1
    e928:	0a000004 	beq	e940 <_SD_ASLC_Control+0x354>
    e92c:	e3560000 	cmp	r6, #0
    e930:	c3a0e000 	movgt	lr, #0
    e934:	c1a0c00e 	movgt	ip, lr
    e938:	ca000013 	bgt	e98c <_SD_ASLC_Control+0x3a0>
    e93c:	ea00001c 	b	e9b4 <_SD_ASLC_Control+0x3c8>
    e940:	e3560000 	cmp	r6, #0
    e944:	da00001a 	ble	e9b4 <_SD_ASLC_Control+0x3c8>
    e948:	e3a0e000 	mov	lr, #0
    e94c:	e1a0000e 	mov	r0, lr
    e950:	e1a03002 	mov	r3, r2
    e954:	e7b3c00e 	ldr	ip, [r3, lr]!
    e958:	e08ccfac 	add	ip, ip, ip, lsr #31
    e95c:	e5933004 	ldr	r3, [r3, #4]
    e960:	e0833fa3 	add	r3, r3, r3, lsr #31
    e964:	e1a030c3 	asr	r3, r3, #1
    e968:	e083c0cc 	add	ip, r3, ip, asr #1
    e96c:	e1a03001 	mov	r3, r1
    e970:	e7a3c00e 	str	ip, [r3, lr]!
    e974:	e583c004 	str	ip, [r3, #4]
    e978:	e2800001 	add	r0, r0, #1
    e97c:	e28ee008 	add	lr, lr, #8
    e980:	e1570000 	cmp	r7, r0
    e984:	1afffff1 	bne	e950 <_SD_ASLC_Control+0x364>
    e988:	ea000009 	b	e9b4 <_SD_ASLC_Control+0x3c8>
    e98c:	e1a00002 	mov	r0, r2
    e990:	e7b0800e 	ldr	r8, [r0, lr]!
    e994:	e1a03001 	mov	r3, r1
    e998:	e7a3800e 	str	r8, [r3, lr]!
    e99c:	e5900004 	ldr	r0, [r0, #4]
    e9a0:	e5830004 	str	r0, [r3, #4]
    e9a4:	e28cc001 	add	ip, ip, #1
    e9a8:	e28ee008 	add	lr, lr, #8
    e9ac:	e157000c 	cmp	r7, ip
    e9b0:	1afffff5 	bne	e98c <_SD_ASLC_Control+0x3a0>
    e9b4:	e59430b4 	ldr	r3, [r4, #180]	@ 0xb4
    e9b8:	e0836006 	add	r6, r3, r6
    e9bc:	e58460b4 	str	r6, [r4, #180]	@ 0xb4
    e9c0:	e1a00005 	mov	r0, r5
    e9c4:	ebffd0df 	bl	2d48 <ak_aslc_process@plt>
    e9c8:	e59430a0 	ldr	r3, [r4, #160]	@ 0xa0
    e9cc:	e0000093 	mul	r0, r3, r0
    e9d0:	ea000003 	b	e9e4 <_SD_ASLC_Control+0x3f8>
    e9d4:	e3e00000 	mvn	r0, #0
    e9d8:	ea000001 	b	e9e4 <_SD_ASLC_Control+0x3f8>
    e9dc:	e3e00000 	mvn	r0, #0
    e9e0:	eaffffff 	b	e9e4 <_SD_ASLC_Control+0x3f8>
    e9e4:	e28dd01c 	add	sp, sp, #28
    e9e8:	e8bd8ff0 	pop	{r4, r5, r6, r7, r8, r9, sl, fp, pc}
    e9ec:	000115b8 			@ <UNDEFINED> instruction: 0x000115b8
    e9f0:	000115fc 	strdeq	r1, [r1], -ip
    e9f4:	00011618 	andeq	r1, r1, r8, lsl r6

0000e9f8 <eq_aslc_init>:
    e9f8:	e92d4038 	push	{r3, r4, r5, lr}
    e9fc:	e1a05000 	mov	r5, r0
    ea00:	e5d030a0 	ldrb	r3, [r0, #160]	@ 0xa0
    ea04:	e58132d8 	str	r3, [r1, #728]	@ 0x2d8
    ea08:	e5903000 	ldr	r3, [r0]
    ea0c:	e3a000cc 	mov	r0, #204	@ 0xcc
    ea10:	e12fff33 	blx	r3
    ea14:	e2504000 	subs	r4, r0, #0
    ea18:	0a000022 	beq	eaa8 <eq_aslc_init+0xb0>
    ea1c:	e1a00004 	mov	r0, r4
    ea20:	e1a01005 	mov	r1, r5
    ea24:	e3a020cc 	mov	r2, #204	@ 0xcc
    ea28:	ebffd129 	bl	2ed4 <memcpy@plt>
    ea2c:	e2840024 	add	r0, r4, #36	@ 0x24
    ea30:	e3a01000 	mov	r1, #0
    ea34:	e3a02084 	mov	r2, #132	@ 0x84
    ea38:	ebffd002 	bl	2a48 <memset@plt>
    ea3c:	e3a0300b 	mov	r3, #11
    ea40:	e5843018 	str	r3, [r4, #24]
    ea44:	e3a03020 	mov	r3, #32
    ea48:	e1c432b2 	strh	r3, [r4, #34]	@ 0x22
    ea4c:	e5d530a0 	ldrb	r3, [r5, #160]	@ 0xa0
    ea50:	e5c43024 	strb	r3, [r4, #36]	@ 0x24
    ea54:	e1d53ab2 	ldrh	r3, [r5, #162]	@ 0xa2
    ea58:	e1c432b6 	strh	r3, [r4, #38]	@ 0x26
    ea5c:	e1d53ab2 	ldrh	r3, [r5, #162]	@ 0xa2
    ea60:	e1c432b8 	strh	r3, [r4, #40]	@ 0x28
    ea64:	e3a03002 	mov	r3, #2
    ea68:	e1c432ba 	strh	r3, [r4, #42]	@ 0x2a
    ea6c:	e1a00004 	mov	r0, r4
    ea70:	ebffd0f9 	bl	2e5c <_SD_ASLC_Open@plt>
    ea74:	e3500000 	cmp	r0, #0
    ea78:	0a00000c 	beq	eab0 <eq_aslc_init+0xb8>
    ea7c:	e5943000 	ldr	r3, [r4]
    ea80:	e3a00020 	mov	r0, #32
    ea84:	e12fff33 	blx	r3
    ea88:	e58400c4 	str	r0, [r4, #196]	@ 0xc4
    ea8c:	e3500000 	cmp	r0, #0
    ea90:	0a000008 	beq	eab8 <eq_aslc_init+0xc0>
    ea94:	e3a01000 	mov	r1, #0
    ea98:	e3a02020 	mov	r2, #32
    ea9c:	ebffcfe9 	bl	2a48 <memset@plt>
    eaa0:	e1a00004 	mov	r0, r4
    eaa4:	e8bd8038 	pop	{r3, r4, r5, pc}
    eaa8:	e3a00000 	mov	r0, #0
    eaac:	e8bd8038 	pop	{r3, r4, r5, pc}
    eab0:	e3a00000 	mov	r0, #0
    eab4:	e8bd8038 	pop	{r3, r4, r5, pc}
    eab8:	e3a00000 	mov	r0, #0
    eabc:	e8bd8038 	pop	{r3, r4, r5, pc}

0000eac0 <eq_aslc_destory>:
    eac0:	e92d4070 	push	{r4, r5, r6, lr}
    eac4:	e1a05000 	mov	r5, r0
    eac8:	e1a06001 	mov	r6, r1
    eacc:	e59042dc 	ldr	r4, [r0, #732]	@ 0x2dc
    ead0:	e3540000 	cmp	r4, #0
    ead4:	08bd8070 	popeq	{r4, r5, r6, pc}
    ead8:	e59400c4 	ldr	r0, [r4, #196]	@ 0xc4
    eadc:	e3500000 	cmp	r0, #0
    eae0:	0a000003 	beq	eaf4 <eq_aslc_destory+0x34>
    eae4:	e5913004 	ldr	r3, [r1, #4]
    eae8:	e12fff33 	blx	r3
    eaec:	e3a03000 	mov	r3, #0
    eaf0:	e58430c4 	str	r3, [r4, #196]	@ 0xc4
    eaf4:	e3a03000 	mov	r3, #0
    eaf8:	e58532dc 	str	r3, [r5, #732]	@ 0x2dc
    eafc:	e1a00004 	mov	r0, r4
    eb00:	ebffd048 	bl	2c28 <_SD_ASLC_Close@plt>
    eb04:	e5963004 	ldr	r3, [r6, #4]
    eb08:	e1a00004 	mov	r0, r4
    eb0c:	e12fff33 	blx	r3
    eb10:	e8bd8070 	pop	{r4, r5, r6, pc}

0000eb14 <eq_aslc_ParamSave>:
    eb14:	e92d4030 	push	{r4, r5, lr}
    eb18:	e24dd064 	sub	sp, sp, #100	@ 0x64
    eb1c:	e1a05001 	mov	r5, r1
    eb20:	e5d13088 	ldrb	r3, [r1, #136]	@ 0x88
    eb24:	e58032d8 	str	r3, [r0, #728]	@ 0x2d8
    eb28:	e59042dc 	ldr	r4, [r0, #732]	@ 0x2dc
    eb2c:	e1a0000d 	mov	r0, sp
    eb30:	e3a01000 	mov	r1, #0
    eb34:	e3a02060 	mov	r2, #96	@ 0x60
    eb38:	ebffcfc2 	bl	2a48 <memset@plt>
    eb3c:	e5d53088 	ldrb	r3, [r5, #136]	@ 0x88
    eb40:	e5c43024 	strb	r3, [r4, #36]	@ 0x24
    eb44:	e1d538ba 	ldrh	r3, [r5, #138]	@ 0x8a
    eb48:	e1c432b8 	strh	r3, [r4, #40]	@ 0x28
    eb4c:	e3a03003 	mov	r3, #3
    eb50:	e58d3000 	str	r3, [sp]
    eb54:	e1d538ba 	ldrh	r3, [r5, #138]	@ 0x8a
    eb58:	e58d300c 	str	r3, [sp, #12]
    eb5c:	e58d3010 	str	r3, [sp, #16]
    eb60:	e3a02902 	mov	r2, #32768	@ 0x8000
    eb64:	e58d2014 	str	r2, [sp, #20]
    eb68:	e58d3018 	str	r3, [sp, #24]
    eb6c:	e1a00004 	mov	r0, r4
    eb70:	ebffd09b 	bl	2de4 <_SD_ASLC_SetPara@plt>
    eb74:	e1a00004 	mov	r0, r4
    eb78:	e1a0100d 	mov	r1, sp
    eb7c:	ebffd08c 	bl	2db4 <_SD_ASLC_SetMileStone@plt>
    eb80:	e28dd064 	add	sp, sp, #100	@ 0x64
    eb84:	e8bd8030 	pop	{r4, r5, pc}

0000eb88 <_AK_EQ_ParamUpdate>:
    eb88:	e92d4070 	push	{r4, r5, r6, lr}
    eb8c:	e1a05000 	mov	r5, r0
    eb90:	e1a04001 	mov	r4, r1
    eb94:	e5916228 	ldr	r6, [r1, #552]	@ 0x228
    eb98:	e3a03000 	mov	r3, #0
    eb9c:	e5813228 	str	r3, [r1, #552]	@ 0x228
    eba0:	e5913224 	ldr	r3, [r1, #548]	@ 0x224
    eba4:	e3530000 	cmp	r3, #0
    eba8:	1a000007 	bne	ebcc <_AK_EQ_ParamUpdate+0x44>
    ebac:	e2810004 	add	r0, r1, #4
    ebb0:	e3a01000 	mov	r1, #0
    ebb4:	e3a020a0 	mov	r2, #160	@ 0xa0
    ebb8:	ebffcfa2 	bl	2a48 <memset@plt>
    ebbc:	e28400a4 	add	r0, r4, #164	@ 0xa4
    ebc0:	e3a01000 	mov	r1, #0
    ebc4:	e3a020a0 	mov	r2, #160	@ 0xa0
    ebc8:	ebffcf9e 	bl	2a48 <memset@plt>
    ebcc:	e3560002 	cmp	r6, #2
    ebd0:	1a00000f 	bne	ec14 <_AK_EQ_ParamUpdate+0x8c>
    ebd4:	e59412e0 	ldr	r1, [r4, #736]	@ 0x2e0
    ebd8:	e5913000 	ldr	r3, [r1]
    ebdc:	e5c43000 	strb	r3, [r4]
    ebe0:	e5913008 	ldr	r3, [r1, #8]
    ebe4:	e584322c 	str	r3, [r4, #556]	@ 0x22c
    ebe8:	e591300c 	ldr	r3, [r1, #12]
    ebec:	e5843224 	str	r3, [r4, #548]	@ 0x224
    ebf0:	e5913004 	ldr	r3, [r1, #4]
    ebf4:	e1c532b8 	strh	r3, [r5, #40]	@ 0x28
    ebf8:	e591200c 	ldr	r2, [r1, #12]
    ebfc:	e0822102 	add	r2, r2, r2, lsl #2
    ec00:	e2840f51 	add	r0, r4, #324	@ 0x144
    ec04:	e2811010 	add	r1, r1, #16
    ec08:	e1a02102 	lsl	r2, r2, #2
    ec0c:	ebffd0b0 	bl	2ed4 <memcpy@plt>
    ec10:	ea000003 	b	ec24 <_AK_EQ_ParamUpdate+0x9c>
    ec14:	e5953008 	ldr	r3, [r5, #8]
    ec18:	e59f0020 	ldr	r0, [pc, #32]	@ ec40 <_AK_EQ_ParamUpdate+0xb8>
    ec1c:	e1a01006 	mov	r1, r6
    ec20:	e12fff33 	blx	r3
    ec24:	e595c008 	ldr	ip, [r5, #8]
    ec28:	e59f0014 	ldr	r0, [pc, #20]	@ ec44 <_AK_EQ_ParamUpdate+0xbc>
    ec2c:	e5d41000 	ldrb	r1, [r4]
    ec30:	e5942224 	ldr	r2, [r4, #548]	@ 0x224
    ec34:	e594322c 	ldr	r3, [r4, #556]	@ 0x22c
    ec38:	e12fff3c 	blx	ip
    ec3c:	e8bd8070 	pop	{r4, r5, r6, pc}
    ec40:	00011628 	andeq	r1, r1, r8, lsr #12
    ec44:	00011640 	andeq	r1, r1, r0, asr #12

0000ec48 <_AK_EQ_ParamSave>:
    ec48:	e92d4070 	push	{r4, r5, r6, lr}
    ec4c:	e1a05000 	mov	r5, r0
    ec50:	e1a04001 	mov	r4, r1
    ec54:	e1a06002 	mov	r6, r2
    ec58:	e1d031f0 	ldrsh	r3, [r0, #16]
    ec5c:	e3530000 	cmp	r3, #0
    ec60:	1a000002 	bne	ec70 <_AK_EQ_ParamSave+0x28>
    ec64:	e590300c 	ldr	r3, [r0, #12]
    ec68:	e3530000 	cmp	r3, #0
    ec6c:	0a00000a 	beq	ec9c <_AK_EQ_ParamSave+0x54>
    ec70:	e5963008 	ldr	r3, [r6, #8]
    ec74:	e59f0048 	ldr	r0, [pc, #72]	@ ecc4 <_AK_EQ_ParamSave+0x7c>
    ec78:	e12fff33 	blx	r3
    ec7c:	e5963008 	ldr	r3, [r6, #8]
    ec80:	e59f0040 	ldr	r0, [pc, #64]	@ ecc8 <_AK_EQ_ParamSave+0x80>
    ec84:	e595100c 	ldr	r1, [r5, #12]
    ec88:	e1d521f0 	ldrsh	r2, [r5, #16]
    ec8c:	e12fff33 	blx	r3
    ec90:	e5963008 	ldr	r3, [r6, #8]
    ec94:	e59f0030 	ldr	r0, [pc, #48]	@ eccc <_AK_EQ_ParamSave+0x84>
    ec98:	e12fff33 	blx	r3
    ec9c:	e3a03b01 	mov	r3, #1024	@ 0x400
    eca0:	e584322c 	str	r3, [r4, #556]	@ 0x22c
    eca4:	e3a03000 	mov	r3, #0
    eca8:	e3a02e23 	mov	r2, #560	@ 0x230
    ecac:	e18430b2 	strh	r3, [r4, r2]
    ecb0:	e58432d4 	str	r3, [r4, #724]	@ 0x2d4
    ecb4:	e5c43000 	strb	r3, [r4]
    ecb8:	e3a00001 	mov	r0, #1
    ecbc:	e5840228 	str	r0, [r4, #552]	@ 0x228
    ecc0:	e8bd8070 	pop	{r4, r5, r6, pc}
    ecc4:	0001166c 	andeq	r1, r1, ip, ror #12
    ecc8:	00011694 	muleq	r1, r4, r6
    eccc:	000116bc 			@ <UNDEFINED> instruction: 0x000116bc

0000ecd0 <_AK_EQ_OneFilter_fix>:
    ecd0:	e92d0ff0 	push	{r4, r5, r6, r7, r8, r9, sl, fp}
    ecd4:	e24dd028 	sub	sp, sp, #40	@ 0x28
    ecd8:	e58d0020 	str	r0, [sp, #32]
    ecdc:	e58d101c 	str	r1, [sp, #28]
    ece0:	e58d3024 	str	r3, [sp, #36]	@ 0x24
    ece4:	e5929000 	ldr	r9, [r2]
    ece8:	e5923004 	ldr	r3, [r2, #4]
    ecec:	e58d3004 	str	r3, [sp, #4]
    ecf0:	e5924008 	ldr	r4, [r2, #8]
    ecf4:	e58d4008 	str	r4, [sp, #8]
    ecf8:	e592300c 	ldr	r3, [r2, #12]
    ecfc:	e58d300c 	str	r3, [sp, #12]
    ed00:	e5922010 	ldr	r2, [r2, #16]
    ed04:	e58d2018 	str	r2, [sp, #24]
    ed08:	e5916008 	ldr	r6, [r1, #8]
    ed0c:	e591800c 	ldr	r8, [r1, #12]
    ed10:	e5911000 	ldr	r1, [r1]
    ed14:	e59d401c 	ldr	r4, [sp, #28]
    ed18:	e5940004 	ldr	r0, [r4, #4]
    ed1c:	e59d2048 	ldr	r2, [sp, #72]	@ 0x48
    ed20:	e3520001 	cmp	r2, #1
    ed24:	da000048 	ble	ee4c <_AK_EQ_OneFilter_fix+0x17c>
    ed28:	e59d4020 	ldr	r4, [sp, #32]
    ed2c:	e59dc024 	ldr	ip, [sp, #36]	@ 0x24
    ed30:	e1a05002 	mov	r5, r2
    ed34:	e1a02009 	mov	r2, r9
    ed38:	e1a03fc9 	asr	r3, r9, #31
    ed3c:	e1cd21f0 	strd	r2, [sp, #16]
    ed40:	e1a07004 	mov	r7, r4
    ed44:	e594a000 	ldr	sl, [r4]
    ed48:	e1a03fca 	asr	r3, sl, #31
    ed4c:	e00b0399 	mul	fp, r9, r3
    ed50:	e59d3014 	ldr	r3, [sp, #20]
    ed54:	e02bb39a 	mla	fp, sl, r3, fp
    ed58:	e0832a99 	umull	r2, r3, r9, sl
    ed5c:	e08bb003 	add	fp, fp, r3
    ed60:	e59d3004 	ldr	r3, [sp, #4]
    ed64:	e0eb2693 	smlal	r2, fp, r3, r6
    ed68:	e59d3008 	ldr	r3, [sp, #8]
    ed6c:	e0eb2893 	smlal	r2, fp, r3, r8
    ed70:	e59d300c 	ldr	r3, [sp, #12]
    ed74:	e0eb2193 	smlal	r2, fp, r3, r1
    ed78:	e59d3018 	ldr	r3, [sp, #24]
    ed7c:	e0eb2093 	smlal	r2, fp, r3, r0
    ed80:	e37b037e 	cmn	fp, #-134217727	@ 0xf8000001
    ed84:	c3e00102 	mvngt	r0, #-2147483648	@ 0x80000000
    ed88:	ca000002 	bgt	ed98 <_AK_EQ_OneFilter_fix+0xc8>
    ed8c:	e35b033e 	cmp	fp, #-134217728	@ 0xf8000000
    ed90:	a1a0020b 	lslge	r0, fp, #4
    ed94:	b3a00102 	movlt	r0, #-2147483648	@ 0x80000000
    ed98:	e1a0800c 	mov	r8, ip
    ed9c:	e58c0000 	str	r0, [ip]
    eda0:	e5977004 	ldr	r7, [r7, #4]
    eda4:	e1a03fc7 	asr	r3, r7, #31
    eda8:	e00b0399 	mul	fp, r9, r3
    edac:	e59d2014 	ldr	r2, [sp, #20]
    edb0:	e02bb297 	mla	fp, r7, r2, fp
    edb4:	e0832799 	umull	r2, r3, r9, r7
    edb8:	e08bb003 	add	fp, fp, r3
    edbc:	e59d3004 	ldr	r3, [sp, #4]
    edc0:	e0eb2a93 	smlal	r2, fp, r3, sl
    edc4:	e59d3008 	ldr	r3, [sp, #8]
    edc8:	e0eb2693 	smlal	r2, fp, r3, r6
    edcc:	e59d300c 	ldr	r3, [sp, #12]
    edd0:	e0eb2093 	smlal	r2, fp, r3, r0
    edd4:	e59d3018 	ldr	r3, [sp, #24]
    edd8:	e0eb2193 	smlal	r2, fp, r3, r1
    eddc:	e37b037e 	cmn	fp, #-134217727	@ 0xf8000001
    ede0:	c3e01102 	mvngt	r1, #-2147483648	@ 0x80000000
    ede4:	ca000002 	bgt	edf4 <_AK_EQ_OneFilter_fix+0x124>
    ede8:	e35b033e 	cmp	fp, #-134217728	@ 0xf8000000
    edec:	a1a0120b 	lslge	r1, fp, #4
    edf0:	b3a01102 	movlt	r1, #-2147483648	@ 0x80000000
    edf4:	e5881004 	str	r1, [r8, #4]
    edf8:	e2455002 	sub	r5, r5, #2
    edfc:	e2844008 	add	r4, r4, #8
    ee00:	e28cc008 	add	ip, ip, #8
    ee04:	e3550001 	cmp	r5, #1
    ee08:	c1a0800a 	movgt	r8, sl
    ee0c:	c1a06007 	movgt	r6, r7
    ee10:	caffffca 	bgt	ed40 <_AK_EQ_OneFilter_fix+0x70>
    ee14:	e59d4048 	ldr	r4, [sp, #72]	@ 0x48
    ee18:	e2442002 	sub	r2, r4, #2
    ee1c:	e1a030a2 	lsr	r3, r2, #1
    ee20:	e283c001 	add	ip, r3, #1
    ee24:	e1a0c18c 	lsl	ip, ip, #3
    ee28:	e59d4020 	ldr	r4, [sp, #32]
    ee2c:	e084400c 	add	r4, r4, ip
    ee30:	e58d4020 	str	r4, [sp, #32]
    ee34:	e59d4024 	ldr	r4, [sp, #36]	@ 0x24
    ee38:	e084400c 	add	r4, r4, ip
    ee3c:	e58d4024 	str	r4, [sp, #36]	@ 0x24
    ee40:	e0422083 	sub	r2, r2, r3, lsl #1
    ee44:	e58d2048 	str	r2, [sp, #72]	@ 0x48
    ee48:	ea000001 	b	ee54 <_AK_EQ_OneFilter_fix+0x184>
    ee4c:	e1a0a008 	mov	sl, r8
    ee50:	e1a07006 	mov	r7, r6
    ee54:	e59d2048 	ldr	r2, [sp, #72]	@ 0x48
    ee58:	e3520000 	cmp	r2, #0
    ee5c:	da000018 	ble	eec4 <_AK_EQ_OneFilter_fix+0x1f4>
    ee60:	e59d4020 	ldr	r4, [sp, #32]
    ee64:	e594c000 	ldr	ip, [r4]
    ee68:	e1a03fc9 	asr	r3, r9, #31
    ee6c:	e1a05fcc 	asr	r5, ip, #31
    ee70:	e0040599 	mul	r4, r9, r5
    ee74:	e024439c 	mla	r4, ip, r3, r4
    ee78:	e0832c99 	umull	r2, r3, r9, ip
    ee7c:	e0843003 	add	r3, r4, r3
    ee80:	e59d4004 	ldr	r4, [sp, #4]
    ee84:	e0e32794 	smlal	r2, r3, r4, r7
    ee88:	e59d4008 	ldr	r4, [sp, #8]
    ee8c:	e0e32a94 	smlal	r2, r3, r4, sl
    ee90:	e59d400c 	ldr	r4, [sp, #12]
    ee94:	e0e32194 	smlal	r2, r3, r4, r1
    ee98:	e59d4018 	ldr	r4, [sp, #24]
    ee9c:	e0e32094 	smlal	r2, r3, r4, r0
    eea0:	e373037e 	cmn	r3, #-134217727	@ 0xf8000001
    eea4:	c3e03102 	mvngt	r3, #-2147483648	@ 0x80000000
    eea8:	ca000002 	bgt	eeb8 <_AK_EQ_OneFilter_fix+0x1e8>
    eeac:	e353033e 	cmp	r3, #-134217728	@ 0xf8000000
    eeb0:	a1a03203 	lslge	r3, r3, #4
    eeb4:	b3a03102 	movlt	r3, #-2147483648	@ 0x80000000
    eeb8:	e59d2024 	ldr	r2, [sp, #36]	@ 0x24
    eebc:	e5823000 	str	r3, [r2]
    eec0:	ea000003 	b	eed4 <_AK_EQ_OneFilter_fix+0x204>
    eec4:	e1a03001 	mov	r3, r1
    eec8:	e1a01000 	mov	r1, r0
    eecc:	e1a0c007 	mov	ip, r7
    eed0:	e1a0700a 	mov	r7, sl
    eed4:	e59d401c 	ldr	r4, [sp, #28]
    eed8:	e584700c 	str	r7, [r4, #12]
    eedc:	e584c008 	str	ip, [r4, #8]
    eee0:	e5841004 	str	r1, [r4, #4]
    eee4:	e5843000 	str	r3, [r4]
    eee8:	e3a00000 	mov	r0, #0
    eeec:	e28dd028 	add	sp, sp, #40	@ 0x28
    eef0:	e8bd0ff0 	pop	{r4, r5, r6, r7, r8, r9, sl, fp}
    eef4:	e12fff1e 	bx	lr

0000eef8 <_AK_EQ_Freqz>:
    eef8:	e92d4ff0 	push	{r4, r5, r6, r7, r8, r9, sl, fp, lr}
    eefc:	e24dd01c 	sub	sp, sp, #28
    ef00:	e1a08000 	mov	r8, r0
    ef04:	e58d100c 	str	r1, [sp, #12]
    ef08:	e590a0c8 	ldr	sl, [r0, #200]	@ 0xc8
    ef0c:	e1d052b0 	ldrh	r5, [r0, #32]
    ef10:	e59f32dc 	ldr	r3, [pc, #732]	@ f1f4 <_AK_EQ_Freqz+0x2fc>
    ef14:	e19a00b3 	ldrh	r0, [sl, r3]
    ef18:	e1a01005 	mov	r1, r5
    ef1c:	eb0004b6 	bl	101fc <ak_aslc_process+0x30c>
    ef20:	e1a00800 	lsl	r0, r0, #16
    ef24:	e1a00820 	lsr	r0, r0, #16
    ef28:	e58d0008 	str	r0, [sp, #8]
    ef2c:	e1a09000 	mov	r9, r0
    ef30:	e59a4218 	ldr	r4, [sl, #536]	@ 0x218
    ef34:	e59830c4 	ldr	r3, [r8, #196]	@ 0xc4
    ef38:	e5933000 	ldr	r3, [r3]
    ef3c:	e59a222c 	ldr	r2, [sl, #556]	@ 0x22c
    ef40:	e5da12e5 	ldrb	r1, [sl, #741]	@ 0x2e5
    ef44:	e3510020 	cmp	r1, #32
    ef48:	1a00001f 	bne	efcc <_AK_EQ_Freqz+0xd4>
    ef4c:	e3550002 	cmp	r5, #2
    ef50:	0a000004 	beq	ef68 <_AK_EQ_Freqz+0x70>
    ef54:	e3500000 	cmp	r0, #0
    ef58:	c1a01004 	movgt	r1, r4
    ef5c:	c3a00000 	movgt	r0, #0
    ef60:	ca000011 	bgt	efac <_AK_EQ_Freqz+0xb4>
    ef64:	ea000039 	b	f050 <_AK_EQ_Freqz+0x158>
    ef68:	e59d100c 	ldr	r1, [sp, #12]
    ef6c:	e0833101 	add	r3, r3, r1, lsl #2
    ef70:	e59d1008 	ldr	r1, [sp, #8]
    ef74:	e3510000 	cmp	r1, #0
    ef78:	da000034 	ble	f050 <_AK_EQ_Freqz+0x158>
    ef7c:	e2831008 	add	r1, r3, #8
    ef80:	e1a00004 	mov	r0, r4
    ef84:	e3a03000 	mov	r3, #0
    ef88:	e511c008 	ldr	ip, [r1, #-8]
    ef8c:	e00c0c92 	mul	ip, r2, ip
    ef90:	e1a0c18c 	lsl	ip, ip, #3
    ef94:	e480c004 	str	ip, [r0], #4
    ef98:	e2833001 	add	r3, r3, #1
    ef9c:	e2811008 	add	r1, r1, #8
    efa0:	e1590003 	cmp	r9, r3
    efa4:	cafffff7 	bgt	ef88 <_AK_EQ_Freqz+0x90>
    efa8:	ea000028 	b	f050 <_AK_EQ_Freqz+0x158>
    efac:	e493c004 	ldr	ip, [r3], #4
    efb0:	e00c0c92 	mul	ip, r2, ip
    efb4:	e1a0c18c 	lsl	ip, ip, #3
    efb8:	e481c004 	str	ip, [r1], #4
    efbc:	e2800001 	add	r0, r0, #1
    efc0:	e1590000 	cmp	r9, r0
    efc4:	cafffff8 	bgt	efac <_AK_EQ_Freqz+0xb4>
    efc8:	ea000020 	b	f050 <_AK_EQ_Freqz+0x158>
    efcc:	e3550002 	cmp	r5, #2
    efd0:	0a000003 	beq	efe4 <_AK_EQ_Freqz+0xec>
    efd4:	e59d1008 	ldr	r1, [sp, #8]
    efd8:	e3510000 	cmp	r1, #0
    efdc:	ca000011 	bgt	f028 <_AK_EQ_Freqz+0x130>
    efe0:	ea00001a 	b	f050 <_AK_EQ_Freqz+0x158>
    efe4:	e59d100c 	ldr	r1, [sp, #12]
    efe8:	e0833081 	add	r3, r3, r1, lsl #1
    efec:	e59d1008 	ldr	r1, [sp, #8]
    eff0:	e3510000 	cmp	r1, #0
    eff4:	da000015 	ble	f050 <_AK_EQ_Freqz+0x158>
    eff8:	e2831004 	add	r1, r3, #4
    effc:	e1a00004 	mov	r0, r4
    f000:	e3a03000 	mov	r3, #0
    f004:	e151c0f4 	ldrsh	ip, [r1, #-4]
    f008:	e00c0c92 	mul	ip, r2, ip
    f00c:	e1a0c18c 	lsl	ip, ip, #3
    f010:	e480c004 	str	ip, [r0], #4
    f014:	e2833001 	add	r3, r3, #1
    f018:	e2811004 	add	r1, r1, #4
    f01c:	e1590003 	cmp	r9, r3
    f020:	cafffff7 	bgt	f004 <_AK_EQ_Freqz+0x10c>
    f024:	ea000009 	b	f050 <_AK_EQ_Freqz+0x158>
    f028:	e2433002 	sub	r3, r3, #2
    f02c:	e59d1008 	ldr	r1, [sp, #8]
    f030:	e083c081 	add	ip, r3, r1, lsl #1
    f034:	e1a01004 	mov	r1, r4
    f038:	e1f300f2 	ldrsh	r0, [r3, #2]!
    f03c:	e0000092 	mul	r0, r2, r0
    f040:	e1a00180 	lsl	r0, r0, #3
    f044:	e4810004 	str	r0, [r1], #4
    f048:	e153000c 	cmp	r3, ip
    f04c:	1afffff9 	bne	f038 <_AK_EQ_Freqz+0x140>
    f050:	e59ab224 	ldr	fp, [sl, #548]	@ 0x224
    f054:	e35b0000 	cmp	fp, #0
    f058:	0a00001d 	beq	f0d4 <_AK_EQ_Freqz+0x1dc>
    f05c:	e59d200c 	ldr	r2, [sp, #12]
    f060:	e3520000 	cmp	r2, #0
    f064:	128a70a4 	addne	r7, sl, #164	@ 0xa4
    f068:	028a7004 	addeq	r7, sl, #4
    f06c:	e28a6f51 	add	r6, sl, #324	@ 0x144
    f070:	e58db010 	str	fp, [sp, #16]
    f074:	e35b0000 	cmp	fp, #0
    f078:	da000015 	ble	f0d4 <_AK_EQ_Freqz+0x1dc>
    f07c:	e24bb001 	sub	fp, fp, #1
    f080:	e3a05000 	mov	r5, #0
    f084:	e58da014 	str	sl, [sp, #20]
    f088:	e59da010 	ldr	sl, [sp, #16]
    f08c:	e58d9000 	str	r9, [sp]
    f090:	e1a00004 	mov	r0, r4
    f094:	e1a01007 	mov	r1, r7
    f098:	e1a02006 	mov	r2, r6
    f09c:	e1a03004 	mov	r3, r4
    f0a0:	ebffceef 	bl	2c64 <_AK_EQ_OneFilter_fix@plt>
    f0a4:	e3500000 	cmp	r0, #0
    f0a8:	1a000042 	bne	f1b8 <_AK_EQ_Freqz+0x2c0>
    f0ac:	e155000b 	cmp	r5, fp
    f0b0:	0a000006 	beq	f0d0 <_AK_EQ_Freqz+0x1d8>
    f0b4:	e2855001 	add	r5, r5, #1
    f0b8:	e2877010 	add	r7, r7, #16
    f0bc:	e2866014 	add	r6, r6, #20
    f0c0:	e15a0005 	cmp	sl, r5
    f0c4:	1afffff0 	bne	f08c <_AK_EQ_Freqz+0x194>
    f0c8:	e59da014 	ldr	sl, [sp, #20]
    f0cc:	ea000000 	b	f0d4 <_AK_EQ_Freqz+0x1dc>
    f0d0:	e59da014 	ldr	sl, [sp, #20]
    f0d4:	e59a32dc 	ldr	r3, [sl, #732]	@ 0x2dc
    f0d8:	e3530000 	cmp	r3, #0
    f0dc:	0a000010 	beq	f124 <_AK_EQ_Freqz+0x22c>
    f0e0:	e59a32d8 	ldr	r3, [sl, #728]	@ 0x2d8
    f0e4:	e3530001 	cmp	r3, #1
    f0e8:	1a00000d 	bne	f124 <_AK_EQ_Freqz+0x22c>
    f0ec:	e59a320c 	ldr	r3, [sl, #524]	@ 0x20c
    f0f0:	e59d100c 	ldr	r1, [sp, #12]
    f0f4:	e0833101 	add	r3, r3, r1, lsl #2
    f0f8:	e59d2008 	ldr	r2, [sp, #8]
    f0fc:	e3520000 	cmp	r2, #0
    f100:	da00002e 	ble	f1c0 <_AK_EQ_Freqz+0x2c8>
    f104:	e4941004 	ldr	r1, [r4], #4
    f108:	e1a016c1 	asr	r1, r1, #13
    f10c:	e5831000 	str	r1, [r3]
    f110:	e1d812b0 	ldrh	r1, [r8, #32]
    f114:	e0833101 	add	r3, r3, r1, lsl #2
    f118:	e2522001 	subs	r2, r2, #1
    f11c:	1afffff8 	bne	f104 <_AK_EQ_Freqz+0x20c>
    f120:	ea000028 	b	f1c8 <_AK_EQ_Freqz+0x2d0>
    f124:	e5da32e4 	ldrb	r3, [sl, #740]	@ 0x2e4
    f128:	e3530020 	cmp	r3, #32
    f12c:	1a00000e 	bne	f16c <_AK_EQ_Freqz+0x274>
    f130:	e59830c4 	ldr	r3, [r8, #196]	@ 0xc4
    f134:	e593300c 	ldr	r3, [r3, #12]
    f138:	e59d100c 	ldr	r1, [sp, #12]
    f13c:	e0833101 	add	r3, r3, r1, lsl #2
    f140:	e59d2008 	ldr	r2, [sp, #8]
    f144:	e3520000 	cmp	r2, #0
    f148:	da000020 	ble	f1d0 <_AK_EQ_Freqz+0x2d8>
    f14c:	e4941004 	ldr	r1, [r4], #4
    f150:	e1a016c1 	asr	r1, r1, #13
    f154:	e5831000 	str	r1, [r3]
    f158:	e1d812b0 	ldrh	r1, [r8, #32]
    f15c:	e0833101 	add	r3, r3, r1, lsl #2
    f160:	e2522001 	subs	r2, r2, #1
    f164:	1afffff8 	bne	f14c <_AK_EQ_Freqz+0x254>
    f168:	ea00001a 	b	f1d8 <_AK_EQ_Freqz+0x2e0>
    f16c:	e59830c4 	ldr	r3, [r8, #196]	@ 0xc4
    f170:	e593200c 	ldr	r2, [r3, #12]
    f174:	e59d300c 	ldr	r3, [sp, #12]
    f178:	e0822083 	add	r2, r2, r3, lsl #1
    f17c:	e59d1008 	ldr	r1, [sp, #8]
    f180:	e3510000 	cmp	r1, #0
    f184:	da000015 	ble	f1e0 <_AK_EQ_Freqz+0x2e8>
    f188:	e4943004 	ldr	r3, [r4], #4
    f18c:	e1a006c3 	asr	r0, r3, #13
    f190:	e1a0cfc3 	asr	ip, r3, #31
    f194:	e15c0e43 	cmp	ip, r3, asr #28
    f198:	122c0c7f 	eorne	r0, ip, #32512	@ 0x7f00
    f19c:	122000ff 	eorne	r0, r0, #255	@ 0xff
    f1a0:	e1c200b0 	strh	r0, [r2]
    f1a4:	e1d832b0 	ldrh	r3, [r8, #32]
    f1a8:	e0822083 	add	r2, r2, r3, lsl #1
    f1ac:	e2511001 	subs	r1, r1, #1
    f1b0:	1afffff4 	bne	f188 <_AK_EQ_Freqz+0x290>
    f1b4:	ea00000b 	b	f1e8 <_AK_EQ_Freqz+0x2f0>
    f1b8:	e3e00000 	mvn	r0, #0
    f1bc:	ea00000a 	b	f1ec <_AK_EQ_Freqz+0x2f4>
    f1c0:	e59d0008 	ldr	r0, [sp, #8]
    f1c4:	ea000008 	b	f1ec <_AK_EQ_Freqz+0x2f4>
    f1c8:	e59d0008 	ldr	r0, [sp, #8]
    f1cc:	ea000006 	b	f1ec <_AK_EQ_Freqz+0x2f4>
    f1d0:	e59d0008 	ldr	r0, [sp, #8]
    f1d4:	ea000004 	b	f1ec <_AK_EQ_Freqz+0x2f4>
    f1d8:	e59d0008 	ldr	r0, [sp, #8]
    f1dc:	ea000002 	b	f1ec <_AK_EQ_Freqz+0x2f4>
    f1e0:	e59d0008 	ldr	r0, [sp, #8]
    f1e4:	ea000000 	b	f1ec <_AK_EQ_Freqz+0x2f4>
    f1e8:	e59d0008 	ldr	r0, [sp, #8]
    f1ec:	e28dd01c 	add	sp, sp, #28
    f1f0:	e8bd8ff0 	pop	{r4, r5, r6, r7, r8, r9, sl, fp, pc}
    f1f4:	000002e6 	andeq	r0, r0, r6, ror #5
    f1f8:	e92d4038 	push	{r3, r4, r5, lr}
    f1fc:	e1a04001 	mov	r4, r1
    f200:	e1a05002 	mov	r5, r2
    f204:	e5903030 	ldr	r3, [r0, #48]	@ 0x30
    f208:	e1520003 	cmp	r2, r3
    f20c:	2a000008 	bcs	f234 <_AK_EQ_Freqz+0x33c>
    f210:	e5902024 	ldr	r2, [r0, #36]	@ 0x24
    f214:	e5913018 	ldr	r3, [r1, #24]
    f218:	e0823003 	add	r3, r2, r3
    f21c:	e5813018 	str	r3, [r1, #24]
    f220:	e5901034 	ldr	r1, [r0, #52]	@ 0x34
    f224:	e59f204c 	ldr	r2, [pc, #76]	@ f278 <_AK_EQ_Freqz+0x380>
    f228:	e1530001 	cmp	r3, r1
    f22c:	81a05002 	movhi	r5, r2
    f230:	ea00000c 	b	f268 <_AK_EQ_Freqz+0x370>
    f234:	e5911018 	ldr	r1, [r1, #24]
    f238:	e3510000 	cmp	r1, #0
    f23c:	0a000007 	beq	f260 <_AK_EQ_Freqz+0x368>
    f240:	e5942014 	ldr	r2, [r4, #20]
    f244:	e59f302c 	ldr	r3, [pc, #44]	@ f278 <_AK_EQ_Freqz+0x380>
    f248:	e1520003 	cmp	r2, r3
    f24c:	1a000003 	bne	f260 <_AK_EQ_Freqz+0x368>
    f250:	e59030bc 	ldr	r3, [r0, #188]	@ 0xbc
    f254:	e5933008 	ldr	r3, [r3, #8]
    f258:	e59f001c 	ldr	r0, [pc, #28]	@ f27c <_AK_EQ_Freqz+0x384>
    f25c:	e12fff33 	blx	r3
    f260:	e3a03000 	mov	r3, #0
    f264:	e5843018 	str	r3, [r4, #24]
    f268:	e5845014 	str	r5, [r4, #20]
    f26c:	e3a03001 	mov	r3, #1
    f270:	e5843028 	str	r3, [r4, #40]	@ 0x28
    f274:	e8bd8038 	pop	{r3, r4, r5, pc}
    f278:	0007ffff 	strdeq	pc, [r7], -pc	@ <UNPREDICTABLE>
    f27c:	000116e4 	andeq	r1, r1, r4, ror #13
    f280:	e92d41f0 	push	{r4, r5, r6, r7, r8, lr}
    f284:	e1a06000 	mov	r6, r0
    f288:	e1a04001 	mov	r4, r1
    f28c:	e590c090 	ldr	ip, [r0, #144]	@ 0x90
    f290:	e5913028 	ldr	r3, [r1, #40]	@ 0x28
    f294:	e3530000 	cmp	r3, #0
    f298:	08bd81f0 	popeq	{r4, r5, r6, r7, r8, pc}
    f29c:	e1d009b4 	ldrh	r0, [r0, #148]	@ 0x94
    f2a0:	e3a03000 	mov	r3, #0
    f2a4:	e5813028 	str	r3, [r1, #40]	@ 0x28
    f2a8:	e5915014 	ldr	r5, [r1, #20]
    f2ac:	e1550003 	cmp	r5, r3
    f2b0:	03a00a01 	moveq	r0, #4096	@ 0x1000
    f2b4:	0a000034 	beq	f38c <_AK_EQ_Freqz+0x494>
    f2b8:	e59c1000 	ldr	r1, [ip]
    f2bc:	e1550001 	cmp	r5, r1
    f2c0:	8a000003 	bhi	f2d4 <_AK_EQ_Freqz+0x3dc>
    f2c4:	e59c0004 	ldr	r0, [ip, #4]
    f2c8:	e1a00600 	lsl	r0, r0, #12
    f2cc:	eb0003ca 	bl	101fc <ak_aslc_process+0x30c>
    f2d0:	ea00002d 	b	f38c <_AK_EQ_Freqz+0x494>
    f2d4:	e240321e 	sub	r3, r0, #-536870911	@ 0xe0000001
    f2d8:	e08c2183 	add	r2, ip, r3, lsl #3
    f2dc:	e79c3183 	ldr	r3, [ip, r3, lsl #3]
    f2e0:	e1550003 	cmp	r5, r3
    f2e4:	8a000004 	bhi	f2fc <_AK_EQ_Freqz+0x404>
    f2e8:	e2400001 	sub	r0, r0, #1
    f2ec:	e3500000 	cmp	r0, #0
    f2f0:	d3a02000 	movle	r2, #0
    f2f4:	da000011 	ble	f340 <_AK_EQ_Freqz+0x448>
    f2f8:	ea000004 	b	f310 <_AK_EQ_Freqz+0x418>
    f2fc:	e5920004 	ldr	r0, [r2, #4]
    f300:	e1a00600 	lsl	r0, r0, #12
    f304:	e1a01005 	mov	r1, r5
    f308:	eb0003ed 	bl	102c4 <ak_aslc_process+0x3d4>
    f30c:	ea00001e 	b	f38c <_AK_EQ_Freqz+0x494>
    f310:	e1a0300c 	mov	r3, ip
    f314:	e3a02000 	mov	r2, #0
    f318:	e5931000 	ldr	r1, [r3]
    f31c:	e1550001 	cmp	r5, r1
    f320:	3a000002 	bcc	f330 <_AK_EQ_Freqz+0x438>
    f324:	e5931008 	ldr	r1, [r3, #8]
    f328:	e1550001 	cmp	r5, r1
    f32c:	9a000003 	bls	f340 <_AK_EQ_Freqz+0x448>
    f330:	e2822001 	add	r2, r2, #1
    f334:	e2833008 	add	r3, r3, #8
    f338:	e1520000 	cmp	r2, r0
    f33c:	bafffff5 	blt	f318 <_AK_EQ_Freqz+0x420>
    f340:	e2822001 	add	r2, r2, #1
    f344:	e1a03182 	lsl	r3, r2, #3
    f348:	e08c1003 	add	r1, ip, r3
    f34c:	e2433008 	sub	r3, r3, #8
    f350:	e08c0003 	add	r0, ip, r3
    f354:	e5907004 	ldr	r7, [r0, #4]
    f358:	e79c8003 	ldr	r8, [ip, r3]
    f35c:	e5910004 	ldr	r0, [r1, #4]
    f360:	e0670000 	rsb	r0, r7, r0
    f364:	e79c1182 	ldr	r1, [ip, r2, lsl #3]
    f368:	e1a00600 	lsl	r0, r0, #12
    f36c:	e0681001 	rsb	r1, r8, r1
    f370:	eb0003a1 	bl	101fc <ak_aslc_process+0x30c>
    f374:	e0688005 	rsb	r8, r8, r5
    f378:	e1a07607 	lsl	r7, r7, #12
    f37c:	e0207098 	mla	r0, r8, r0, r7
    f380:	e1a01005 	mov	r1, r5
    f384:	eb00039c 	bl	101fc <ak_aslc_process+0x30c>
    f388:	eaffffff 	b	f38c <_AK_EQ_Freqz+0x494>
    f38c:	e5840008 	str	r0, [r4, #8]
    f390:	e5943004 	ldr	r3, [r4, #4]
    f394:	e1500003 	cmp	r0, r3
    f398:	30600003 	rsbcc	r0, r0, r3
    f39c:	35963018 	ldrcc	r3, [r6, #24]
    f3a0:	30030390 	mulcc	r3, r0, r3
    f3a4:	31a03123 	lsrcc	r3, r3, #2
    f3a8:	20630000 	rsbcs	r0, r3, r0
    f3ac:	2596301c 	ldrcs	r3, [r6, #28]
    f3b0:	20030390 	mulcs	r3, r0, r3
    f3b4:	21a03223 	lsrcs	r3, r3, #4
    f3b8:	e3530000 	cmp	r3, #0
    f3bc:	03a03001 	moveq	r3, #1
    f3c0:	e584300c 	str	r3, [r4, #12]
    f3c4:	e8bd81f0 	pop	{r4, r5, r6, r7, r8, pc}
    f3c8:	e92d0070 	push	{r4, r5, r6}
    f3cc:	e5902004 	ldr	r2, [r0, #4]
    f3d0:	e590c000 	ldr	ip, [r0]
    f3d4:	e5903008 	ldr	r3, [r0, #8]
    f3d8:	e1520003 	cmp	r2, r3
    f3dc:	9a000023 	bls	f470 <_AK_EQ_Freqz+0x578>
    f3e0:	e3510000 	cmp	r1, #0
    f3e4:	da00004b 	ble	f518 <_AK_EQ_Freqz+0x620>
    f3e8:	e3a03000 	mov	r3, #0
    f3ec:	e1a06003 	mov	r6, r3
    f3f0:	e590500c 	ldr	r5, [r0, #12]
    f3f4:	e5904010 	ldr	r4, [r0, #16]
    f3f8:	e0854004 	add	r4, r5, r4
    f3fc:	e1b05924 	lsrs	r5, r4, #18
    f400:	0a000014 	beq	f458 <_AK_EQ_Freqz+0x560>
    f404:	e5806010 	str	r6, [r0, #16]
    f408:	e1550002 	cmp	r5, r2
    f40c:	2a000004 	bcs	f424 <_AK_EQ_Freqz+0x52c>
    f410:	e0652002 	rsb	r2, r5, r2
    f414:	e5904008 	ldr	r4, [r0, #8]
    f418:	e1520004 	cmp	r2, r4
    f41c:	8a00000e 	bhi	f45c <_AK_EQ_Freqz+0x564>
    f420:	ea000002 	b	f430 <_AK_EQ_Freqz+0x538>
    f424:	e5902008 	ldr	r2, [r0, #8]
    f428:	e1a05003 	mov	r5, r3
    f42c:	ea000001 	b	f438 <_AK_EQ_Freqz+0x540>
    f430:	e1a05003 	mov	r5, r3
    f434:	e1a02004 	mov	r2, r4
    f438:	e1510005 	cmp	r1, r5
    f43c:	da00003c 	ble	f534 <_AK_EQ_Freqz+0x63c>
    f440:	e48c2004 	str	r2, [ip], #4
    f444:	e2833001 	add	r3, r3, #1
    f448:	e1530001 	cmp	r3, r1
    f44c:	1afffffb 	bne	f440 <_AK_EQ_Freqz+0x548>
    f450:	e1a03001 	mov	r3, r1
    f454:	ea000036 	b	f534 <_AK_EQ_Freqz+0x63c>
    f458:	e5804010 	str	r4, [r0, #16]
    f45c:	e48c2004 	str	r2, [ip], #4
    f460:	e2833001 	add	r3, r3, #1
    f464:	e1530001 	cmp	r3, r1
    f468:	1affffe0 	bne	f3f0 <_AK_EQ_Freqz+0x4f8>
    f46c:	ea000030 	b	f534 <_AK_EQ_Freqz+0x63c>
    f470:	e1520003 	cmp	r2, r3
    f474:	3a000003 	bcc	f488 <_AK_EQ_Freqz+0x590>
    f478:	e3510000 	cmp	r1, #0
    f47c:	d3a03000 	movle	r3, #0
    f480:	da00002b 	ble	f534 <_AK_EQ_Freqz+0x63c>
    f484:	ea00001d 	b	f500 <_AK_EQ_Freqz+0x608>
    f488:	e3510000 	cmp	r1, #0
    f48c:	da000023 	ble	f520 <_AK_EQ_Freqz+0x628>
    f490:	e3a03000 	mov	r3, #0
    f494:	e1a06003 	mov	r6, r3
    f498:	e590500c 	ldr	r5, [r0, #12]
    f49c:	e5904010 	ldr	r4, [r0, #16]
    f4a0:	e0854004 	add	r4, r5, r4
    f4a4:	e1b05924 	lsrs	r5, r4, #18
    f4a8:	0a00000e 	beq	f4e8 <_AK_EQ_Freqz+0x5f0>
    f4ac:	e0822005 	add	r2, r2, r5
    f4b0:	e5806010 	str	r6, [r0, #16]
    f4b4:	e5904008 	ldr	r4, [r0, #8]
    f4b8:	e1520004 	cmp	r2, r4
    f4bc:	3a00000a 	bcc	f4ec <_AK_EQ_Freqz+0x5f4>
    f4c0:	e1a02004 	mov	r2, r4
    f4c4:	e1510003 	cmp	r1, r3
    f4c8:	da000016 	ble	f528 <_AK_EQ_Freqz+0x630>
    f4cc:	e48c2004 	str	r2, [ip], #4
    f4d0:	e2833001 	add	r3, r3, #1
    f4d4:	e1530001 	cmp	r3, r1
    f4d8:	1afffffb 	bne	f4cc <_AK_EQ_Freqz+0x5d4>
    f4dc:	e1a03001 	mov	r3, r1
    f4e0:	e1a02004 	mov	r2, r4
    f4e4:	ea000012 	b	f534 <_AK_EQ_Freqz+0x63c>
    f4e8:	e5804010 	str	r4, [r0, #16]
    f4ec:	e48c2004 	str	r2, [ip], #4
    f4f0:	e2833001 	add	r3, r3, #1
    f4f4:	e1530001 	cmp	r3, r1
    f4f8:	1affffe6 	bne	f498 <_AK_EQ_Freqz+0x5a0>
    f4fc:	ea00000c 	b	f534 <_AK_EQ_Freqz+0x63c>
    f500:	e3a03000 	mov	r3, #0
    f504:	e48c2004 	str	r2, [ip], #4
    f508:	e2833001 	add	r3, r3, #1
    f50c:	e1530001 	cmp	r3, r1
    f510:	1afffffb 	bne	f504 <_AK_EQ_Freqz+0x60c>
    f514:	ea000005 	b	f530 <_AK_EQ_Freqz+0x638>
    f518:	e3a03000 	mov	r3, #0
    f51c:	ea000004 	b	f534 <_AK_EQ_Freqz+0x63c>
    f520:	e3a03000 	mov	r3, #0
    f524:	ea000002 	b	f534 <_AK_EQ_Freqz+0x63c>
    f528:	e1a02004 	mov	r2, r4
    f52c:	ea000000 	b	f534 <_AK_EQ_Freqz+0x63c>
    f530:	e1a03001 	mov	r3, r1
    f534:	e5802004 	str	r2, [r0, #4]
    f538:	e1a00003 	mov	r0, r3
    f53c:	e8bd0070 	pop	{r4, r5, r6}
    f540:	e12fff1e 	bx	lr
    f544:	e92d0ff0 	push	{r4, r5, r6, r7, r8, r9, sl, fp}
    f548:	e24dd008 	sub	sp, sp, #8
    f54c:	e2539000 	subs	r9, r3, #0
    f550:	d3a00000 	movle	r0, #0
    f554:	da000079 	ble	f740 <_AK_EQ_Freqz+0x848>
    f558:	e1a01101 	lsl	r1, r1, #2
    f55c:	e590a0a4 	ldr	sl, [r0, #164]	@ 0xa4
    f560:	e08aa001 	add	sl, sl, r1
    f564:	e590c0a8 	ldr	ip, [r0, #168]	@ 0xa8
    f568:	e590b09c 	ldr	fp, [r0, #156]	@ 0x9c
    f56c:	e1a0b10b 	lsl	fp, fp, #2
    f570:	e5905038 	ldr	r5, [r0, #56]	@ 0x38
    f574:	e085500b 	add	r5, r5, fp
    f578:	e5903008 	ldr	r3, [r0, #8]
    f57c:	e3530002 	cmp	r3, #2
    f580:	1a00001c 	bne	f5f8 <_AK_EQ_Freqz+0x700>
    f584:	e590302c 	ldr	r3, [r0, #44]	@ 0x2c
    f588:	e3530002 	cmp	r3, #2
    f58c:	1a000034 	bne	f664 <_AK_EQ_Freqz+0x76c>
    f590:	e3a03000 	mov	r3, #0
    f594:	e59f41b0 	ldr	r4, [pc, #432]	@ f74c <_AK_EQ_Freqz+0x854>
    f598:	e59fc1b0 	ldr	ip, [pc, #432]	@ f750 <_AK_EQ_Freqz+0x858>
    f59c:	e4951004 	ldr	r1, [r5], #4
    f5a0:	e59a6000 	ldr	r6, [sl]
    f5a4:	e0060691 	mul	r6, r1, r6
    f5a8:	e1a06646 	asr	r6, r6, #12
    f5ac:	e1560004 	cmp	r6, r4
    f5b0:	b1a06004 	movlt	r6, r4
    f5b4:	e156000c 	cmp	r6, ip
    f5b8:	a1a0600c 	movge	r6, ip
    f5bc:	e1c260b0 	strh	r6, [r2]
    f5c0:	e59a6004 	ldr	r6, [sl, #4]
    f5c4:	e0010196 	mul	r1, r6, r1
    f5c8:	e1a01641 	asr	r1, r1, #12
    f5cc:	e1510004 	cmp	r1, r4
    f5d0:	b1a01004 	movlt	r1, r4
    f5d4:	e151000c 	cmp	r1, ip
    f5d8:	a1a0100c 	movge	r1, ip
    f5dc:	e1c210b2 	strh	r1, [r2, #2]
    f5e0:	e2833001 	add	r3, r3, #1
    f5e4:	e2822004 	add	r2, r2, #4
    f5e8:	e28aa008 	add	sl, sl, #8
    f5ec:	e1530009 	cmp	r3, r9
    f5f0:	1affffe9 	bne	f59c <_AK_EQ_Freqz+0x6a4>
    f5f4:	ea00004c 	b	f72c <_AK_EQ_Freqz+0x834>
    f5f8:	e3530001 	cmp	r3, #1
    f5fc:	1a000018 	bne	f664 <_AK_EQ_Freqz+0x76c>
    f600:	e590302c 	ldr	r3, [r0, #44]	@ 0x2c
    f604:	e3530002 	cmp	r3, #2
    f608:	1a000015 	bne	f664 <_AK_EQ_Freqz+0x76c>
    f60c:	e28aa008 	add	sl, sl, #8
    f610:	e3a03000 	mov	r3, #0
    f614:	e59f4130 	ldr	r4, [pc, #304]	@ f74c <_AK_EQ_Freqz+0x854>
    f618:	e59fc130 	ldr	ip, [pc, #304]	@ f750 <_AK_EQ_Freqz+0x858>
    f61c:	e51a1008 	ldr	r1, [sl, #-8]
    f620:	e4956004 	ldr	r6, [r5], #4
    f624:	e0010196 	mul	r1, r6, r1
    f628:	e1a01641 	asr	r1, r1, #12
    f62c:	e1510004 	cmp	r1, r4
    f630:	b1a01004 	movlt	r1, r4
    f634:	e151000c 	cmp	r1, ip
    f638:	a1a0100c 	movge	r1, ip
    f63c:	e1a01801 	lsl	r1, r1, #16
    f640:	e1a01821 	lsr	r1, r1, #16
    f644:	e1c210b0 	strh	r1, [r2]
    f648:	e1c210b2 	strh	r1, [r2, #2]
    f64c:	e2833001 	add	r3, r3, #1
    f650:	e28aa008 	add	sl, sl, #8
    f654:	e2822004 	add	r2, r2, #4
    f658:	e1530009 	cmp	r3, r9
    f65c:	1affffee 	bne	f61c <_AK_EQ_Freqz+0x724>
    f660:	ea000031 	b	f72c <_AK_EQ_Freqz+0x834>
    f664:	e590302c 	ldr	r3, [r0, #44]	@ 0x2c
    f668:	e3530001 	cmp	r3, #1
    f66c:	1a00000e 	bne	f6ac <_AK_EQ_Freqz+0x7b4>
    f670:	e0824089 	add	r4, r2, r9, lsl #1
    f674:	e59fc0d0 	ldr	ip, [pc, #208]	@ f74c <_AK_EQ_Freqz+0x854>
    f678:	e59f10d0 	ldr	r1, [pc, #208]	@ f750 <_AK_EQ_Freqz+0x858>
    f67c:	e49a3004 	ldr	r3, [sl], #4
    f680:	e4956004 	ldr	r6, [r5], #4
    f684:	e0030396 	mul	r3, r6, r3
    f688:	e1a03643 	asr	r3, r3, #12
    f68c:	e153000c 	cmp	r3, ip
    f690:	b1a0300c 	movlt	r3, ip
    f694:	e1530001 	cmp	r3, r1
    f698:	a1a03001 	movge	r3, r1
    f69c:	e0c230b2 	strh	r3, [r2], #2
    f6a0:	e1520004 	cmp	r2, r4
    f6a4:	1afffff4 	bne	f67c <_AK_EQ_Freqz+0x784>
    f6a8:	ea00001f 	b	f72c <_AK_EQ_Freqz+0x834>
    f6ac:	e08c1001 	add	r1, ip, r1
    f6b0:	e5903064 	ldr	r3, [r0, #100]	@ 0x64
    f6b4:	e083b00b 	add	fp, r3, fp
    f6b8:	e3a03000 	mov	r3, #0
    f6bc:	e1a04003 	mov	r4, r3
    f6c0:	e59f7084 	ldr	r7, [pc, #132]	@ f74c <_AK_EQ_Freqz+0x854>
    f6c4:	e59f6084 	ldr	r6, [pc, #132]	@ f750 <_AK_EQ_Freqz+0x858>
    f6c8:	e58d0004 	str	r0, [sp, #4]
    f6cc:	e79a0003 	ldr	r0, [sl, r3]
    f6d0:	e795c003 	ldr	ip, [r5, r3]
    f6d4:	e00c0c90 	mul	ip, r0, ip
    f6d8:	e1a0c64c 	asr	ip, ip, #12
    f6dc:	e15c0007 	cmp	ip, r7
    f6e0:	b1a0c007 	movlt	ip, r7
    f6e4:	e15c0006 	cmp	ip, r6
    f6e8:	a1a0c006 	movge	ip, r6
    f6ec:	e1a00002 	mov	r0, r2
    f6f0:	e1a0c0b3 	strh	ip, [r0, r3]!
    f6f4:	e791c003 	ldr	ip, [r1, r3]
    f6f8:	e79b8003 	ldr	r8, [fp, r3]
    f6fc:	e00c0c98 	mul	ip, r8, ip
    f700:	e1a0c64c 	asr	ip, ip, #12
    f704:	e15c0007 	cmp	ip, r7
    f708:	b1a0c007 	movlt	ip, r7
    f70c:	e15c0006 	cmp	ip, r6
    f710:	a1a0c006 	movge	ip, r6
    f714:	e1c0c0b2 	strh	ip, [r0, #2]
    f718:	e2844001 	add	r4, r4, #1
    f71c:	e2833004 	add	r3, r3, #4
    f720:	e1540009 	cmp	r4, r9
    f724:	1affffe8 	bne	f6cc <_AK_EQ_Freqz+0x7d4>
    f728:	e59d0004 	ldr	r0, [sp, #4]
    f72c:	e590309c 	ldr	r3, [r0, #156]	@ 0x9c
    f730:	e0833009 	add	r3, r3, r9
    f734:	e580309c 	str	r3, [r0, #156]	@ 0x9c
    f738:	e1a00009 	mov	r0, r9
    f73c:	eaffffff 	b	f740 <_AK_EQ_Freqz+0x848>
    f740:	e28dd008 	add	sp, sp, #8
    f744:	e8bd0ff0 	pop	{r4, r5, r6, r7, r8, r9, sl, fp}
    f748:	e12fff1e 	bx	lr
    f74c:	ffff8000 			@ <UNDEFINED> instruction: 0xffff8000
    f750:	00007fff 	strdeq	r7, [r0], -pc	@ <UNPREDICTABLE>
    f754:	e92d03f0 	push	{r4, r5, r6, r7, r8, r9}
    f758:	e3530000 	cmp	r3, #0
    f75c:	d3a00000 	movle	r0, #0
    f760:	da000058 	ble	f8c8 <_AK_EQ_Freqz+0x9d0>
    f764:	e1a01101 	lsl	r1, r1, #2
    f768:	e59060a4 	ldr	r6, [r0, #164]	@ 0xa4
    f76c:	e0866001 	add	r6, r6, r1
    f770:	e59040a8 	ldr	r4, [r0, #168]	@ 0xa8
    f774:	e590909c 	ldr	r9, [r0, #156]	@ 0x9c
    f778:	e1a09109 	lsl	r9, r9, #2
    f77c:	e5905038 	ldr	r5, [r0, #56]	@ 0x38
    f780:	e0855009 	add	r5, r5, r9
    f784:	e590c008 	ldr	ip, [r0, #8]
    f788:	e35c0002 	cmp	ip, #2
    f78c:	1a000014 	bne	f7e4 <_AK_EQ_Freqz+0x8ec>
    f790:	e590c02c 	ldr	ip, [r0, #44]	@ 0x2c
    f794:	e35c0002 	cmp	ip, #2
    f798:	1a000024 	bne	f830 <_AK_EQ_Freqz+0x938>
    f79c:	e3a08000 	mov	r8, #0
    f7a0:	e1a04008 	mov	r4, r8
    f7a4:	e4957004 	ldr	r7, [r5], #4
    f7a8:	e1a0c006 	mov	ip, r6
    f7ac:	e7bc9008 	ldr	r9, [ip, r8]!
    f7b0:	e0090997 	mul	r9, r7, r9
    f7b4:	e1a09649 	asr	r9, r9, #12
    f7b8:	e1a01002 	mov	r1, r2
    f7bc:	e7a19008 	str	r9, [r1, r8]!
    f7c0:	e59cc004 	ldr	ip, [ip, #4]
    f7c4:	e007079c 	mul	r7, ip, r7
    f7c8:	e1a07647 	asr	r7, r7, #12
    f7cc:	e5817004 	str	r7, [r1, #4]
    f7d0:	e2844001 	add	r4, r4, #1
    f7d4:	e2888008 	add	r8, r8, #8
    f7d8:	e1540003 	cmp	r4, r3
    f7dc:	1afffff0 	bne	f7a4 <_AK_EQ_Freqz+0x8ac>
    f7e0:	ea000033 	b	f8b4 <_AK_EQ_Freqz+0x9bc>
    f7e4:	e35c0001 	cmp	ip, #1
    f7e8:	1a000010 	bne	f830 <_AK_EQ_Freqz+0x938>
    f7ec:	e590c02c 	ldr	ip, [r0, #44]	@ 0x2c
    f7f0:	e35c0002 	cmp	ip, #2
    f7f4:	1a00000d 	bne	f830 <_AK_EQ_Freqz+0x938>
    f7f8:	e2866008 	add	r6, r6, #8
    f7fc:	e3a01000 	mov	r1, #0
    f800:	e516c008 	ldr	ip, [r6, #-8]
    f804:	e4954004 	ldr	r4, [r5], #4
    f808:	e00c0c94 	mul	ip, r4, ip
    f80c:	e1a0c64c 	asr	ip, ip, #12
    f810:	e582c000 	str	ip, [r2]
    f814:	e582c004 	str	ip, [r2, #4]
    f818:	e2811001 	add	r1, r1, #1
    f81c:	e2866008 	add	r6, r6, #8
    f820:	e2822008 	add	r2, r2, #8
    f824:	e1510003 	cmp	r1, r3
    f828:	1afffff4 	bne	f800 <_AK_EQ_Freqz+0x908>
    f82c:	ea000020 	b	f8b4 <_AK_EQ_Freqz+0x9bc>
    f830:	e590c02c 	ldr	ip, [r0, #44]	@ 0x2c
    f834:	e35c0001 	cmp	ip, #1
    f838:	1a000009 	bne	f864 <_AK_EQ_Freqz+0x96c>
    f83c:	e3a01000 	mov	r1, #0
    f840:	e496c004 	ldr	ip, [r6], #4
    f844:	e4954004 	ldr	r4, [r5], #4
    f848:	e00c0c94 	mul	ip, r4, ip
    f84c:	e1a0c64c 	asr	ip, ip, #12
    f850:	e482c004 	str	ip, [r2], #4
    f854:	e2811001 	add	r1, r1, #1
    f858:	e1510003 	cmp	r1, r3
    f85c:	1afffff7 	bne	f840 <_AK_EQ_Freqz+0x948>
    f860:	ea000013 	b	f8b4 <_AK_EQ_Freqz+0x9bc>
    f864:	e0841001 	add	r1, r4, r1
    f868:	e590c064 	ldr	ip, [r0, #100]	@ 0x64
    f86c:	e08c9009 	add	r9, ip, r9
    f870:	e3a0c000 	mov	ip, #0
    f874:	e1a0400c 	mov	r4, ip
    f878:	e796700c 	ldr	r7, [r6, ip]
    f87c:	e795800c 	ldr	r8, [r5, ip]
    f880:	e0070798 	mul	r7, r8, r7
    f884:	e1a07647 	asr	r7, r7, #12
    f888:	e5827000 	str	r7, [r2]
    f88c:	e791700c 	ldr	r7, [r1, ip]
    f890:	e799800c 	ldr	r8, [r9, ip]
    f894:	e0070798 	mul	r7, r8, r7
    f898:	e1a07647 	asr	r7, r7, #12
    f89c:	e5827004 	str	r7, [r2, #4]
    f8a0:	e2844001 	add	r4, r4, #1
    f8a4:	e28cc004 	add	ip, ip, #4
    f8a8:	e2822008 	add	r2, r2, #8
    f8ac:	e1540003 	cmp	r4, r3
    f8b0:	1afffff0 	bne	f878 <_AK_EQ_Freqz+0x980>
    f8b4:	e590209c 	ldr	r2, [r0, #156]	@ 0x9c
    f8b8:	e0822003 	add	r2, r2, r3
    f8bc:	e580209c 	str	r2, [r0, #156]	@ 0x9c
    f8c0:	e1a00003 	mov	r0, r3
    f8c4:	eaffffff 	b	f8c8 <_AK_EQ_Freqz+0x9d0>
    f8c8:	e8bd03f0 	pop	{r4, r5, r6, r7, r8, r9}
    f8cc:	e12fff1e 	bx	lr

0000f8d0 <ak_aslc_destory>:
    f8d0:	e92d4010 	push	{r4, lr}
    f8d4:	e1a04000 	mov	r4, r0
    f8d8:	e5900090 	ldr	r0, [r0, #144]	@ 0x90
    f8dc:	e3500000 	cmp	r0, #0
    f8e0:	0a000004 	beq	f8f8 <ak_aslc_destory+0x28>
    f8e4:	e59430bc 	ldr	r3, [r4, #188]	@ 0xbc
    f8e8:	e5933004 	ldr	r3, [r3, #4]
    f8ec:	e12fff33 	blx	r3
    f8f0:	e3a03000 	mov	r3, #0
    f8f4:	e5843090 	str	r3, [r4, #144]	@ 0x90
    f8f8:	e5940038 	ldr	r0, [r4, #56]	@ 0x38
    f8fc:	e3500000 	cmp	r0, #0
    f900:	0a000004 	beq	f918 <ak_aslc_destory+0x48>
    f904:	e59430bc 	ldr	r3, [r4, #188]	@ 0xbc
    f908:	e5933004 	ldr	r3, [r3, #4]
    f90c:	e12fff33 	blx	r3
    f910:	e3a03000 	mov	r3, #0
    f914:	e5843038 	str	r3, [r4, #56]	@ 0x38
    f918:	e5940064 	ldr	r0, [r4, #100]	@ 0x64
    f91c:	e3500000 	cmp	r0, #0
    f920:	08bd8010 	popeq	{r4, pc}
    f924:	e59430bc 	ldr	r3, [r4, #188]	@ 0xbc
    f928:	e5933004 	ldr	r3, [r3, #4]
    f92c:	e12fff33 	blx	r3
    f930:	e3a03000 	mov	r3, #0
    f934:	e5843064 	str	r3, [r4, #100]	@ 0x64
    f938:	e8bd8010 	pop	{r4, pc}

0000f93c <ak_aslc_ParamSave>:
    f93c:	e92d40f8 	push	{r3, r4, r5, r6, r7, lr}
    f940:	e1a05000 	mov	r5, r0
    f944:	e1a04003 	mov	r4, r3
    f948:	e5906000 	ldr	r6, [r0]
    f94c:	e5d63000 	ldrb	r3, [r6]
    f950:	e5803004 	str	r3, [r0, #4]
    f954:	e5913004 	ldr	r3, [r1, #4]
    f958:	e5803028 	str	r3, [r0, #40]	@ 0x28
    f95c:	e1d170b8 	ldrh	r7, [r1, #8]
    f960:	e580702c 	str	r7, [r0, #44]	@ 0x2c
    f964:	e1d630b6 	ldrh	r3, [r6, #6]
    f968:	e5803008 	str	r3, [r0, #8]
    f96c:	e1d110ba 	ldrh	r1, [r1, #10]
    f970:	e1d600b8 	ldrh	r0, [r6, #8]
    f974:	e1a011a1 	lsr	r1, r1, #3
    f978:	eb00021f 	bl	101fc <ak_aslc_process+0x30c>
    f97c:	e1a00800 	lsl	r0, r0, #16
    f980:	e1a00820 	lsr	r0, r0, #16
    f984:	e1a01007 	mov	r1, r7
    f988:	eb00021b 	bl	101fc <ak_aslc_process+0x30c>
    f98c:	e1c509b6 	strh	r0, [r5, #150]	@ 0x96
    f990:	e3a03000 	mov	r3, #0
    f994:	e1c539b4 	strh	r3, [r5, #148]	@ 0x94
    f998:	e3a02001 	mov	r2, #1
    f99c:	e5842058 	str	r2, [r4, #88]	@ 0x58
    f9a0:	e59f203c 	ldr	r2, [pc, #60]	@ f9e4 <ak_aslc_ParamSave+0xa8>
    f9a4:	e584205c 	str	r2, [r4, #92]	@ 0x5c
    f9a8:	e3a02002 	mov	r2, #2
    f9ac:	e5842054 	str	r2, [r4, #84]	@ 0x54
    f9b0:	e3a02003 	mov	r2, #3
    f9b4:	e5842000 	str	r2, [r4]
    f9b8:	e5843004 	str	r3, [r4, #4]
    f9bc:	e5843008 	str	r3, [r4, #8]
    f9c0:	e1d630b4 	ldrh	r3, [r6, #4]
    f9c4:	e584300c 	str	r3, [r4, #12]
    f9c8:	e1d630b4 	ldrh	r3, [r6, #4]
    f9cc:	e5843010 	str	r3, [r4, #16]
    f9d0:	e59f3010 	ldr	r3, [pc, #16]	@ f9e8 <ak_aslc_ParamSave+0xac>
    f9d4:	e5843014 	str	r3, [r4, #20]
    f9d8:	e1d630b2 	ldrh	r3, [r6, #2]
    f9dc:	e5843018 	str	r3, [r4, #24]
    f9e0:	e8bd80f8 	pop	{r3, r4, r5, r6, r7, pc}
    f9e4:	00000514 	andeq	r0, r0, r4, lsl r5
    f9e8:	00007fff 	strdeq	r7, [r0], -pc	@ <UNPREDICTABLE>

0000f9ec <ak_aslc_SetMileStone>:
    f9ec:	e92d47f0 	push	{r4, r5, r6, r7, r8, r9, sl, lr}
    f9f0:	e1a07000 	mov	r7, r0
    f9f4:	e1a05001 	mov	r5, r1
    f9f8:	e59080bc 	ldr	r8, [r0, #188]	@ 0xbc
    f9fc:	e5983008 	ldr	r3, [r8, #8]
    fa00:	e59f03f8 	ldr	r0, [pc, #1016]	@ fe00 <ak_aslc_SetMileStone+0x414>
    fa04:	e12fff33 	blx	r3
    fa08:	e5953000 	ldr	r3, [r5]
    fa0c:	e3530000 	cmp	r3, #0
    fa10:	da00000d 	ble	fa4c <ak_aslc_SetMileStone+0x60>
    fa14:	e3a04000 	mov	r4, #0
    fa18:	e1a06004 	mov	r6, r4
    fa1c:	e59f93e0 	ldr	r9, [pc, #992]	@ fe04 <ak_aslc_SetMileStone+0x418>
    fa20:	e0853004 	add	r3, r5, r4
    fa24:	e598c008 	ldr	ip, [r8, #8]
    fa28:	e1a00009 	mov	r0, r9
    fa2c:	e5931004 	ldr	r1, [r3, #4]
    fa30:	e5932008 	ldr	r2, [r3, #8]
    fa34:	e12fff3c 	blx	ip
    fa38:	e2866001 	add	r6, r6, #1
    fa3c:	e2844008 	add	r4, r4, #8
    fa40:	e5953000 	ldr	r3, [r5]
    fa44:	e1530006 	cmp	r3, r6
    fa48:	cafffff4 	bgt	fa20 <ak_aslc_SetMileStone+0x34>
    fa4c:	e598c008 	ldr	ip, [r8, #8]
    fa50:	e59f03b0 	ldr	r0, [pc, #944]	@ fe08 <ak_aslc_SetMileStone+0x41c>
    fa54:	e5951054 	ldr	r1, [r5, #84]	@ 0x54
    fa58:	e5952058 	ldr	r2, [r5, #88]	@ 0x58
    fa5c:	e595305c 	ldr	r3, [r5, #92]	@ 0x5c
    fa60:	e12fff3c 	blx	ip
    fa64:	e5974004 	ldr	r4, [r7, #4]
    fa68:	e3540000 	cmp	r4, #0
    fa6c:	0a0000c8 	beq	fd94 <ak_aslc_SetMileStone+0x3a8>
    fa70:	e1d729b4 	ldrh	r2, [r7, #148]	@ 0x94
    fa74:	e5956000 	ldr	r6, [r5]
    fa78:	e3a03000 	mov	r3, #0
    fa7c:	e5873004 	str	r3, [r7, #4]
    fa80:	e5979024 	ldr	r9, [r7, #36]	@ 0x24
    fa84:	e597a020 	ldr	sl, [r7, #32]
    fa88:	e1c739b4 	strh	r3, [r7, #148]	@ 0x94
    fa8c:	e1520006 	cmp	r2, r6
    fa90:	a5974090 	ldrge	r4, [r7, #144]	@ 0x90
    fa94:	aa000009 	bge	fac0 <ak_aslc_SetMileStone+0xd4>
    fa98:	e5950000 	ldr	r0, [r5]
    fa9c:	e5983000 	ldr	r3, [r8]
    faa0:	e1a00180 	lsl	r0, r0, #3
    faa4:	e12fff33 	blx	r3
    faa8:	e1a04000 	mov	r4, r0
    faac:	e5952000 	ldr	r2, [r5]
    fab0:	e3a01000 	mov	r1, #0
    fab4:	e1a02182 	lsl	r2, r2, #3
    fab8:	ebffcbe2 	bl	2a48 <memset@plt>
    fabc:	eaffffff 	b	fac0 <ak_aslc_SetMileStone+0xd4>
    fac0:	e3560000 	cmp	r6, #0
    fac4:	d3a06000 	movle	r6, #0
    fac8:	da000016 	ble	fb28 <ak_aslc_SetMileStone+0x13c>
    facc:	e5953004 	ldr	r3, [r5, #4]
    fad0:	e5843000 	str	r3, [r4]
    fad4:	e5953008 	ldr	r3, [r5, #8]
    fad8:	e5843004 	str	r3, [r4, #4]
    fadc:	e1a0c186 	lsl	ip, r6, #3
    fae0:	e3a03000 	mov	r3, #0
    fae4:	e3a06001 	mov	r6, #1
    fae8:	e0852003 	add	r2, r5, r3
    faec:	e5920008 	ldr	r0, [r2, #8]
    faf0:	e5921004 	ldr	r1, [r2, #4]
    faf4:	e246221e 	sub	r2, r6, #-536870911	@ 0xe0000001
    faf8:	e1a0e182 	lsl	lr, r2, #3
    fafc:	e7942182 	ldr	r2, [r4, r2, lsl #3]
    fb00:	e1510002 	cmp	r1, r2
    fb04:	828ee008 	addhi	lr, lr, #8
    fb08:	8084200e 	addhi	r2, r4, lr
    fb0c:	8784100e 	strhi	r1, [r4, lr]
    fb10:	85820004 	strhi	r0, [r2, #4]
    fb14:	82866001 	addhi	r6, r6, #1
    fb18:	e2833008 	add	r3, r3, #8
    fb1c:	e153000c 	cmp	r3, ip
    fb20:	1afffff0 	bne	fae8 <ak_aslc_SetMileStone+0xfc>
    fb24:	eaffffff 	b	fb28 <ak_aslc_SetMileStone+0x13c>
    fb28:	e5970090 	ldr	r0, [r7, #144]	@ 0x90
    fb2c:	e1500004 	cmp	r0, r4
    fb30:	0a000004 	beq	fb48 <ak_aslc_SetMileStone+0x15c>
    fb34:	e5874090 	str	r4, [r7, #144]	@ 0x90
    fb38:	e3500000 	cmp	r0, #0
    fb3c:	0a000001 	beq	fb48 <ak_aslc_SetMileStone+0x15c>
    fb40:	e5983004 	ldr	r3, [r8, #4]
    fb44:	e12fff33 	blx	r3
    fb48:	e1c769b4 	strh	r6, [r7, #148]	@ 0x94
    fb4c:	e5953054 	ldr	r3, [r5, #84]	@ 0x54
    fb50:	e3530000 	cmp	r3, #0
    fb54:	03a03002 	moveq	r3, #2
    fb58:	e5976028 	ldr	r6, [r7, #40]	@ 0x28
    fb5c:	e0030396 	mul	r3, r6, r3
    fb60:	e59f22a4 	ldr	r2, [pc, #676]	@ fe0c <ak_aslc_SetMileStone+0x420>
    fb64:	e0831392 	umull	r1, r3, r2, r3
    fb68:	e1b03323 	lsrs	r3, r3, #6
    fb6c:	0a00009e 	beq	fdec <ak_aslc_SetMileStone+0x400>
    fb70:	e5873020 	str	r3, [r7, #32]
    fb74:	e2834001 	add	r4, r3, #1
    fb78:	e1a040a4 	lsr	r4, r4, #1
    fb7c:	e3540000 	cmp	r4, #0
    fb80:	03a04001 	moveq	r4, #1
    fb84:	e5874024 	str	r4, [r7, #36]	@ 0x24
    fb88:	e5952058 	ldr	r2, [r5, #88]	@ 0x58
    fb8c:	e3520000 	cmp	r2, #0
    fb90:	03a02001 	moveq	r2, #1
    fb94:	e0010296 	mul	r1, r6, r2
    fb98:	e59f326c 	ldr	r3, [pc, #620]	@ fe0c <ak_aslc_SetMileStone+0x420>
    fb9c:	e0812193 	umull	r2, r1, r3, r1
    fba0:	e1a01321 	lsr	r1, r1, #6
    fba4:	e3510001 	cmp	r1, #1
    fba8:	b3a01001 	movlt	r1, #1
    fbac:	e59f025c 	ldr	r0, [pc, #604]	@ fe10 <ak_aslc_SetMileStone+0x424>
    fbb0:	e1a010c1 	asr	r1, r1, #1
    fbb4:	eb0001c2 	bl	102c4 <ak_aslc_process+0x3d4>
    fbb8:	e5870018 	str	r0, [r7, #24]
    fbbc:	e595305c 	ldr	r3, [r5, #92]	@ 0x5c
    fbc0:	e59f224c 	ldr	r2, [pc, #588]	@ fe14 <ak_aslc_SetMileStone+0x428>
    fbc4:	e3530000 	cmp	r3, #0
    fbc8:	01a03002 	moveq	r3, r2
    fbcc:	e0010396 	mul	r1, r6, r3
    fbd0:	e59f2234 	ldr	r2, [pc, #564]	@ fe0c <ak_aslc_SetMileStone+0x420>
    fbd4:	e0813192 	umull	r3, r1, r2, r1
    fbd8:	e1a01321 	lsr	r1, r1, #6
    fbdc:	e3510001 	cmp	r1, #1
    fbe0:	b3a01001 	movlt	r1, #1
    fbe4:	e59f022c 	ldr	r0, [pc, #556]	@ fe18 <ak_aslc_SetMileStone+0x42c>
    fbe8:	e1a010c1 	asr	r1, r1, #1
    fbec:	eb0001b4 	bl	102c4 <ak_aslc_process+0x3d4>
    fbf0:	e587001c 	str	r0, [r7, #28]
    fbf4:	e1540009 	cmp	r4, r9
    fbf8:	0a000032 	beq	fcc8 <ak_aslc_SetMileStone+0x2dc>
    fbfc:	e59730bc 	ldr	r3, [r7, #188]	@ 0xbc
    fc00:	e5933004 	ldr	r3, [r3, #4]
    fc04:	e5970038 	ldr	r0, [r7, #56]	@ 0x38
    fc08:	e12fff33 	blx	r3
    fc0c:	e1a04104 	lsl	r4, r4, #2
    fc10:	e59730bc 	ldr	r3, [r7, #188]	@ 0xbc
    fc14:	e5933000 	ldr	r3, [r3]
    fc18:	e1a00004 	mov	r0, r4
    fc1c:	e12fff33 	blx	r3
    fc20:	e5870038 	str	r0, [r7, #56]	@ 0x38
    fc24:	e3500000 	cmp	r0, #0
    fc28:	1a000006 	bne	fc48 <ak_aslc_SetMileStone+0x25c>
    fc2c:	e59730bc 	ldr	r3, [r7, #188]	@ 0xbc
    fc30:	e5933008 	ldr	r3, [r3, #8]
    fc34:	e59f01e0 	ldr	r0, [pc, #480]	@ fe1c <ak_aslc_SetMileStone+0x430>
    fc38:	e1a01004 	mov	r1, r4
    fc3c:	e12fff33 	blx	r3
    fc40:	e3e04000 	mvn	r4, #0
    fc44:	ea00006b 	b	fdf8 <ak_aslc_SetMileStone+0x40c>
    fc48:	e3a01000 	mov	r1, #0
    fc4c:	e1a02004 	mov	r2, r4
    fc50:	ebffcb7c 	bl	2a48 <memset@plt>
    fc54:	e5970064 	ldr	r0, [r7, #100]	@ 0x64
    fc58:	e3500000 	cmp	r0, #0
    fc5c:	0a000002 	beq	fc6c <ak_aslc_SetMileStone+0x280>
    fc60:	e59730bc 	ldr	r3, [r7, #188]	@ 0xbc
    fc64:	e5933004 	ldr	r3, [r3, #4]
    fc68:	e12fff33 	blx	r3
    fc6c:	e597302c 	ldr	r3, [r7, #44]	@ 0x2c
    fc70:	e3530002 	cmp	r3, #2
    fc74:	1a000013 	bne	fcc8 <ak_aslc_SetMileStone+0x2dc>
    fc78:	e5973008 	ldr	r3, [r7, #8]
    fc7c:	e3530000 	cmp	r3, #0
    fc80:	1a000010 	bne	fcc8 <ak_aslc_SetMileStone+0x2dc>
    fc84:	e59730bc 	ldr	r3, [r7, #188]	@ 0xbc
    fc88:	e5933000 	ldr	r3, [r3]
    fc8c:	e1a00004 	mov	r0, r4
    fc90:	e12fff33 	blx	r3
    fc94:	e5870064 	str	r0, [r7, #100]	@ 0x64
    fc98:	e3500000 	cmp	r0, #0
    fc9c:	1a000006 	bne	fcbc <ak_aslc_SetMileStone+0x2d0>
    fca0:	e59730bc 	ldr	r3, [r7, #188]	@ 0xbc
    fca4:	e5933008 	ldr	r3, [r3, #8]
    fca8:	e59f0170 	ldr	r0, [pc, #368]	@ fe20 <ak_aslc_SetMileStone+0x434>
    fcac:	e1a01004 	mov	r1, r4
    fcb0:	e12fff33 	blx	r3
    fcb4:	e3e04000 	mvn	r4, #0
    fcb8:	ea00004e 	b	fdf8 <ak_aslc_SetMileStone+0x40c>
    fcbc:	e3a01000 	mov	r1, #0
    fcc0:	e1a02004 	mov	r2, r4
    fcc4:	ebffcb5f 	bl	2a48 <memset@plt>
    fcc8:	e5973020 	ldr	r3, [r7, #32]
    fccc:	e15a0003 	cmp	sl, r3
    fcd0:	0a00002b 	beq	fd84 <ak_aslc_SetMileStone+0x398>
    fcd4:	e1d739b6 	ldrh	r3, [r7, #150]	@ 0x96
    fcd8:	e3530000 	cmp	r3, #0
    fcdc:	0a000028 	beq	fd84 <ak_aslc_SetMileStone+0x398>
    fce0:	e59700a4 	ldr	r0, [r7, #164]	@ 0xa4
    fce4:	e3500000 	cmp	r0, #0
    fce8:	0a000002 	beq	fcf8 <ak_aslc_SetMileStone+0x30c>
    fcec:	e59730bc 	ldr	r3, [r7, #188]	@ 0xbc
    fcf0:	e5933004 	ldr	r3, [r3, #4]
    fcf4:	e12fff33 	blx	r3
    fcf8:	e1d719b6 	ldrh	r1, [r7, #150]	@ 0x96
    fcfc:	e5972020 	ldr	r2, [r7, #32]
    fd00:	e0814002 	add	r4, r1, r2
    fd04:	e597502c 	ldr	r5, [r7, #44]	@ 0x2c
    fd08:	e1a05105 	lsl	r5, r5, #2
    fd0c:	e0050594 	mul	r5, r4, r5
    fd10:	e59730bc 	ldr	r3, [r7, #188]	@ 0xbc
    fd14:	e593c008 	ldr	ip, [r3, #8]
    fd18:	e59f0104 	ldr	r0, [pc, #260]	@ fe24 <ak_aslc_SetMileStone+0x438>
    fd1c:	e1a03005 	mov	r3, r5
    fd20:	e12fff3c 	blx	ip
    fd24:	e59730bc 	ldr	r3, [r7, #188]	@ 0xbc
    fd28:	e5933000 	ldr	r3, [r3]
    fd2c:	e1a00005 	mov	r0, r5
    fd30:	e12fff33 	blx	r3
    fd34:	e3500000 	cmp	r0, #0
    fd38:	1a000008 	bne	fd60 <ak_aslc_SetMileStone+0x374>
    fd3c:	e59730bc 	ldr	r3, [r7, #188]	@ 0xbc
    fd40:	e593c008 	ldr	ip, [r3, #8]
    fd44:	e59f00dc 	ldr	r0, [pc, #220]	@ fe28 <ak_aslc_SetMileStone+0x43c>
    fd48:	e1d719b6 	ldrh	r1, [r7, #150]	@ 0x96
    fd4c:	e5972020 	ldr	r2, [r7, #32]
    fd50:	e1a03005 	mov	r3, r5
    fd54:	e12fff3c 	blx	ip
    fd58:	e3e04000 	mvn	r4, #0
    fd5c:	ea000025 	b	fdf8 <ak_aslc_SetMileStone+0x40c>
    fd60:	e58700a4 	str	r0, [r7, #164]	@ 0xa4
    fd64:	e597302c 	ldr	r3, [r7, #44]	@ 0x2c
    fd68:	e3530002 	cmp	r3, #2
    fd6c:	1a000003 	bne	fd80 <ak_aslc_SetMileStone+0x394>
    fd70:	e5973008 	ldr	r3, [r7, #8]
    fd74:	e3530000 	cmp	r3, #0
    fd78:	00800104 	addeq	r0, r0, r4, lsl #2
    fd7c:	058700a8 	streq	r0, [r7, #168]	@ 0xa8
    fd80:	e58740ac 	str	r4, [r7, #172]	@ 0xac
    fd84:	e3a03001 	mov	r3, #1
    fd88:	e5873004 	str	r3, [r7, #4]
    fd8c:	e3a04000 	mov	r4, #0
    fd90:	ea000018 	b	fdf8 <ak_aslc_SetMileStone+0x40c>
    fd94:	e59700a4 	ldr	r0, [r7, #164]	@ 0xa4
    fd98:	e3500000 	cmp	r0, #0
    fd9c:	0a000005 	beq	fdb8 <ak_aslc_SetMileStone+0x3cc>
    fda0:	e59730bc 	ldr	r3, [r7, #188]	@ 0xbc
    fda4:	e5933004 	ldr	r3, [r3, #4]
    fda8:	e12fff33 	blx	r3
    fdac:	e3a03000 	mov	r3, #0
    fdb0:	e58730a4 	str	r3, [r7, #164]	@ 0xa4
    fdb4:	e58730ac 	str	r3, [r7, #172]	@ 0xac
    fdb8:	e5970038 	ldr	r0, [r7, #56]	@ 0x38
    fdbc:	e3500000 	cmp	r0, #0
    fdc0:	0a000002 	beq	fdd0 <ak_aslc_SetMileStone+0x3e4>
    fdc4:	e59730bc 	ldr	r3, [r7, #188]	@ 0xbc
    fdc8:	e5933004 	ldr	r3, [r3, #4]
    fdcc:	e12fff33 	blx	r3
    fdd0:	e5970064 	ldr	r0, [r7, #100]	@ 0x64
    fdd4:	e3500000 	cmp	r0, #0
    fdd8:	0a000006 	beq	fdf8 <ak_aslc_SetMileStone+0x40c>
    fddc:	e59730bc 	ldr	r3, [r7, #188]	@ 0xbc
    fde0:	e5933004 	ldr	r3, [r3, #4]
    fde4:	e12fff33 	blx	r3
    fde8:	ea000002 	b	fdf8 <ak_aslc_SetMileStone+0x40c>
    fdec:	e3a04001 	mov	r4, #1
    fdf0:	e5874020 	str	r4, [r7, #32]
    fdf4:	eaffff62 	b	fb84 <ak_aslc_SetMileStone+0x198>
    fdf8:	e1a00004 	mov	r0, r4
    fdfc:	e8bd87f0 	pop	{r4, r5, r6, r7, r8, r9, sl, pc}
    fe00:	000116fc 	strdeq	r1, [r1], -ip
    fe04:	00011714 	andeq	r1, r1, r4, lsl r7
    fe08:	00011720 	andeq	r1, r1, r0, lsr #14
    fe0c:	10624dd3 	ldrdne	r4, [r2], #-211	@ 0xffffff2d	@ <UNPREDICTABLE>
    fe10:	000fffff 	strdeq	pc, [pc], -pc	@ <UNPREDICTABLE>
    fe14:	00000514 	andeq	r0, r0, r4, lsl r5
    fe18:	003fffff 	ldrshteq	pc, [pc], -pc	@ <UNPREDICTABLE>
    fe1c:	00011738 	andeq	r1, r1, r8, lsr r7
    fe20:	00011748 	andeq	r1, r1, r8, asr #14
    fe24:	00011758 	andeq	r1, r1, r8, asr r7
    fe28:	0001177c 	andeq	r1, r1, ip, ror r7

0000fe2c <ak_aslc_init>:
    fe2c:	e92d4038 	push	{r3, r4, r5, lr}
    fe30:	e1a04000 	mov	r4, r0
    fe34:	e590302c 	ldr	r3, [r0, #44]	@ 0x2c
    fe38:	e3530001 	cmp	r3, #1
    fe3c:	03a03000 	moveq	r3, #0
    fe40:	05803008 	streq	r3, [r0, #8]
    fe44:	0a000007 	beq	fe68 <ak_aslc_init+0x3c>
    fe48:	e5903008 	ldr	r3, [r0, #8]
    fe4c:	e2432001 	sub	r2, r3, #1
    fe50:	e3520001 	cmp	r2, #1
    fe54:	93a03002 	movls	r3, #2
    fe58:	9580300c 	strls	r3, [r0, #12]
    fe5c:	9a00000b 	bls	fe90 <ak_aslc_init+0x64>
    fe60:	e3530000 	cmp	r3, #0
    fe64:	1a000002 	bne	fe74 <ak_aslc_init+0x48>
    fe68:	e3a03001 	mov	r3, #1
    fe6c:	e584300c 	str	r3, [r4, #12]
    fe70:	ea000006 	b	fe90 <ak_aslc_init+0x64>
    fe74:	e59020bc 	ldr	r2, [r0, #188]	@ 0xbc
    fe78:	e5922008 	ldr	r2, [r2, #8]
    fe7c:	e59f0060 	ldr	r0, [pc, #96]	@ fee4 <ak_aslc_init+0xb8>
    fe80:	e1a01003 	mov	r1, r3
    fe84:	e12fff32 	blx	r2
    fe88:	e3e00000 	mvn	r0, #0
    fe8c:	e8bd8038 	pop	{r3, r4, r5, pc}
    fe90:	e1a00004 	mov	r0, r4
    fe94:	ebffcac7 	bl	29b8 <ak_aslc_SetMileStone@plt>
    fe98:	e3a05000 	mov	r5, #0
    fe9c:	e5845030 	str	r5, [r4, #48]	@ 0x30
    fea0:	e5943028 	ldr	r3, [r4, #40]	@ 0x28
    fea4:	e3a02032 	mov	r2, #50	@ 0x32
    fea8:	e0020293 	mul	r2, r3, r2
    feac:	e59f3034 	ldr	r3, [pc, #52]	@ fee8 <ak_aslc_init+0xbc>
    feb0:	e0821293 	umull	r1, r2, r3, r2
    feb4:	e1a02322 	lsr	r2, r2, #6
    feb8:	e5842034 	str	r2, [r4, #52]	@ 0x34
    febc:	e59430bc 	ldr	r3, [r4, #188]	@ 0xbc
    fec0:	e5933008 	ldr	r3, [r3, #8]
    fec4:	e59f0020 	ldr	r0, [pc, #32]	@ feec <ak_aslc_init+0xc0>
    fec8:	e1a01005 	mov	r1, r5
    fecc:	e12fff33 	blx	r3
    fed0:	e3a03a01 	mov	r3, #4096	@ 0x1000
    fed4:	e584303c 	str	r3, [r4, #60]	@ 0x3c
    fed8:	e5843068 	str	r3, [r4, #104]	@ 0x68
    fedc:	e1a00005 	mov	r0, r5
    fee0:	e8bd8038 	pop	{r3, r4, r5, pc}
    fee4:	000117a4 	andeq	r1, r1, r4, lsr #15
    fee8:	10624dd3 	ldrdne	r4, [r2], #-211	@ 0xffffff2d	@ <UNPREDICTABLE>
    feec:	000117c0 	andeq	r1, r1, r0, asr #15

0000fef0 <ak_aslc_process>:
    fef0:	e92d4ff0 	push	{r4, r5, r6, r7, r8, r9, sl, fp, lr}
    fef4:	e24dd014 	sub	sp, sp, #20
    fef8:	e59040c8 	ldr	r4, [r0, #200]	@ 0xc8
    fefc:	e59460b4 	ldr	r6, [r4, #180]	@ 0xb4
    ff00:	e59030c4 	ldr	r3, [r0, #196]	@ 0xc4
    ff04:	e593100c 	ldr	r1, [r3, #12]
    ff08:	e58d1004 	str	r1, [sp, #4]
    ff0c:	e59470a0 	ldr	r7, [r4, #160]	@ 0xa0
    ff10:	e5930010 	ldr	r0, [r3, #16]
    ff14:	e1a01007 	mov	r1, r7
    ff18:	eb0000b7 	bl	101fc <ak_aslc_process+0x30c>
    ff1c:	e594102c 	ldr	r1, [r4, #44]	@ 0x2c
    ff20:	eb0000b5 	bl	101fc <ak_aslc_process+0x30c>
    ff24:	e1a0b000 	mov	fp, r0
    ff28:	e59480b0 	ldr	r8, [r4, #176]	@ 0xb0
    ff2c:	e1a05008 	mov	r5, r8
    ff30:	e5943098 	ldr	r3, [r4, #152]	@ 0x98
    ff34:	e3530000 	cmp	r3, #0
    ff38:	ca00000a 	bgt	ff68 <ak_aslc_process+0x78>
    ff3c:	e3a07000 	mov	r7, #0
    ff40:	e58d6008 	str	r6, [sp, #8]
    ff44:	e5943020 	ldr	r3, [r4, #32]
    ff48:	e0656006 	rsb	r6, r5, r6
    ff4c:	e1560003 	cmp	r6, r3
    ff50:	a2849038 	addge	r9, r4, #56	@ 0x38
    ff54:	a3a08000 	movge	r8, #0
    ff58:	a2842064 	addge	r2, r4, #100	@ 0x64
    ff5c:	a58d200c 	strge	r2, [sp, #12]
    ff60:	aa000019 	bge	ffcc <ak_aslc_process+0xdc>
    ff64:	ea00007d 	b	10160 <ak_aslc_process+0x270>
    ff68:	e1500003 	cmp	r0, r3
    ff6c:	b0603003 	rsblt	r3, r0, r3
    ff70:	b5843098 	strlt	r3, [r4, #152]	@ 0x98
    ff74:	b1a03000 	movlt	r3, r0
    ff78:	a3a02000 	movge	r2, #0
    ff7c:	a5842098 	strge	r2, [r4, #152]	@ 0x98
    ff80:	e3570002 	cmp	r7, #2
    ff84:	1a000006 	bne	ffa4 <ak_aslc_process+0xb4>
    ff88:	e594100c 	ldr	r1, [r4, #12]
    ff8c:	e1a00004 	mov	r0, r4
    ff90:	e0010198 	mul	r1, r8, r1
    ff94:	e59d2004 	ldr	r2, [sp, #4]
    ff98:	ebfffd69 	bl	f544 <_AK_EQ_Freqz+0x64c>
    ff9c:	e1a07000 	mov	r7, r0
    ffa0:	ea000005 	b	ffbc <ak_aslc_process+0xcc>
    ffa4:	e594100c 	ldr	r1, [r4, #12]
    ffa8:	e1a00004 	mov	r0, r4
    ffac:	e0010198 	mul	r1, r8, r1
    ffb0:	e59d2004 	ldr	r2, [sp, #4]
    ffb4:	ebfffde6 	bl	f754 <_AK_EQ_Freqz+0x85c>
    ffb8:	e1a07000 	mov	r7, r0
    ffbc:	e0885007 	add	r5, r8, r7
    ffc0:	e157000b 	cmp	r7, fp
    ffc4:	aa000065 	bge	10160 <ak_aslc_process+0x270>
    ffc8:	eaffffdc 	b	ff40 <ak_aslc_process+0x50>
    ffcc:	e594200c 	ldr	r2, [r4, #12]
    ffd0:	e1a0a005 	mov	sl, r5
    ffd4:	e1a00102 	lsl	r0, r2, #2
    ffd8:	e59410a4 	ldr	r1, [r4, #164]	@ 0xa4
    ffdc:	e0201095 	mla	r0, r5, r0, r1
    ffe0:	e0020293 	mul	r2, r3, r2
    ffe4:	e3520000 	cmp	r2, #0
    ffe8:	da00000b 	ble	1001c <ak_aslc_process+0x12c>
    ffec:	e1a0c102 	lsl	ip, r2, #2
    fff0:	e1a03008 	mov	r3, r8
    fff4:	e1a02008 	mov	r2, r8
    fff8:	e7901003 	ldr	r1, [r0, r3]
    fffc:	e3510000 	cmp	r1, #0
   10000:	b2611000 	rsblt	r1, r1, #0
   10004:	e1520001 	cmp	r2, r1
   10008:	31a02001 	movcc	r2, r1
   1000c:	e2833004 	add	r3, r3, #4
   10010:	e153000c 	cmp	r3, ip
   10014:	1afffff7 	bne	fff8 <ak_aslc_process+0x108>
   10018:	ea000000 	b	10020 <ak_aslc_process+0x130>
   1001c:	e1a02008 	mov	r2, r8
   10020:	e1a00004 	mov	r0, r4
   10024:	e1a01009 	mov	r1, r9
   10028:	ebfffc72 	bl	f1f8 <_AK_EQ_Freqz+0x300>
   1002c:	e1a00004 	mov	r0, r4
   10030:	e1a01009 	mov	r1, r9
   10034:	ebfffc91 	bl	f280 <_AK_EQ_Freqz+0x388>
   10038:	e5946024 	ldr	r6, [r4, #36]	@ 0x24
   1003c:	e1a00009 	mov	r0, r9
   10040:	e1a01006 	mov	r1, r6
   10044:	ebfffcdf 	bl	f3c8 <_AK_EQ_Freqz+0x4d0>
   10048:	e594302c 	ldr	r3, [r4, #44]	@ 0x2c
   1004c:	e3530002 	cmp	r3, #2
   10050:	1a00001d 	bne	100cc <ak_aslc_process+0x1dc>
   10054:	e5943008 	ldr	r3, [r4, #8]
   10058:	e3530000 	cmp	r3, #0
   1005c:	1a00001a 	bne	100cc <ak_aslc_process+0x1dc>
   10060:	e59400a8 	ldr	r0, [r4, #168]	@ 0xa8
   10064:	e080010a 	add	r0, r0, sl, lsl #2
   10068:	e594c020 	ldr	ip, [r4, #32]
   1006c:	e35c0000 	cmp	ip, #0
   10070:	da00000b 	ble	100a4 <ak_aslc_process+0x1b4>
   10074:	e1a0c10c 	lsl	ip, ip, #2
   10078:	e1a03008 	mov	r3, r8
   1007c:	e1a02008 	mov	r2, r8
   10080:	e7901003 	ldr	r1, [r0, r3]
   10084:	e3510000 	cmp	r1, #0
   10088:	b2611000 	rsblt	r1, r1, #0
   1008c:	e1520001 	cmp	r2, r1
   10090:	31a02001 	movcc	r2, r1
   10094:	e2833004 	add	r3, r3, #4
   10098:	e153000c 	cmp	r3, ip
   1009c:	1afffff7 	bne	10080 <ak_aslc_process+0x190>
   100a0:	ea000000 	b	100a8 <ak_aslc_process+0x1b8>
   100a4:	e1a02008 	mov	r2, r8
   100a8:	e1a00004 	mov	r0, r4
   100ac:	e59d100c 	ldr	r1, [sp, #12]
   100b0:	ebfffc50 	bl	f1f8 <_AK_EQ_Freqz+0x300>
   100b4:	e1a00004 	mov	r0, r4
   100b8:	e59d100c 	ldr	r1, [sp, #12]
   100bc:	ebfffc6f 	bl	f280 <_AK_EQ_Freqz+0x388>
   100c0:	e59d000c 	ldr	r0, [sp, #12]
   100c4:	e1a01006 	mov	r1, r6
   100c8:	ebfffcbe 	bl	f3c8 <_AK_EQ_Freqz+0x4d0>
   100cc:	e584809c 	str	r8, [r4, #156]	@ 0x9c
   100d0:	e067300b 	rsb	r3, r7, fp
   100d4:	e1560003 	cmp	r6, r3
   100d8:	c0636006 	rsbgt	r6, r3, r6
   100dc:	c5846098 	strgt	r6, [r4, #152]	@ 0x98
   100e0:	c1a06003 	movgt	r6, r3
   100e4:	e3530000 	cmp	r3, #0
   100e8:	da00001c 	ble	10160 <ak_aslc_process+0x270>
   100ec:	e59430a0 	ldr	r3, [r4, #160]	@ 0xa0
   100f0:	e3530002 	cmp	r3, #2
   100f4:	1a000009 	bne	10120 <ak_aslc_process+0x230>
   100f8:	e594100c 	ldr	r1, [r4, #12]
   100fc:	e594202c 	ldr	r2, [r4, #44]	@ 0x2c
   10100:	e1a02082 	lsl	r2, r2, #1
   10104:	e1a00004 	mov	r0, r4
   10108:	e001019a 	mul	r1, sl, r1
   1010c:	e59d3004 	ldr	r3, [sp, #4]
   10110:	e0223297 	mla	r2, r7, r2, r3
   10114:	e1a03006 	mov	r3, r6
   10118:	ebfffd09 	bl	f544 <_AK_EQ_Freqz+0x64c>
   1011c:	ea000008 	b	10144 <ak_aslc_process+0x254>
   10120:	e594100c 	ldr	r1, [r4, #12]
   10124:	e594202c 	ldr	r2, [r4, #44]	@ 0x2c
   10128:	e1a02102 	lsl	r2, r2, #2
   1012c:	e1a00004 	mov	r0, r4
   10130:	e001019a 	mul	r1, sl, r1
   10134:	e59d3004 	ldr	r3, [sp, #4]
   10138:	e0223297 	mla	r2, r7, r2, r3
   1013c:	e1a03006 	mov	r3, r6
   10140:	ebfffd83 	bl	f754 <_AK_EQ_Freqz+0x85c>
   10144:	e0855000 	add	r5, r5, r0
   10148:	e0877000 	add	r7, r7, r0
   1014c:	e5943020 	ldr	r3, [r4, #32]
   10150:	e59d1008 	ldr	r1, [sp, #8]
   10154:	e0652001 	rsb	r2, r5, r1
   10158:	e1520003 	cmp	r2, r3
   1015c:	aaffff9a 	bge	ffcc <ak_aslc_process+0xdc>
   10160:	e59430b4 	ldr	r3, [r4, #180]	@ 0xb4
   10164:	e1a06005 	mov	r6, r5
   10168:	e1530005 	cmp	r3, r5
   1016c:	0a00001b 	beq	101e0 <ak_aslc_process+0x2f0>
   10170:	e3550000 	cmp	r5, #0
   10174:	da00001b 	ble	101e8 <ak_aslc_process+0x2f8>
   10178:	e59410a4 	ldr	r1, [r4, #164]	@ 0xa4
   1017c:	e594200c 	ldr	r2, [r4, #12]
   10180:	e1a02102 	lsl	r2, r2, #2
   10184:	e0653003 	rsb	r3, r5, r3
   10188:	e1a00001 	mov	r0, r1
   1018c:	e0211295 	mla	r1, r5, r2, r1
   10190:	e0020293 	mul	r2, r3, r2
   10194:	ebffca3d 	bl	2a90 <memmove@plt>
   10198:	e594302c 	ldr	r3, [r4, #44]	@ 0x2c
   1019c:	e3530002 	cmp	r3, #2
   101a0:	1a000009 	bne	101cc <ak_aslc_process+0x2dc>
   101a4:	e5943008 	ldr	r3, [r4, #8]
   101a8:	e3530000 	cmp	r3, #0
   101ac:	1a000006 	bne	101cc <ak_aslc_process+0x2dc>
   101b0:	e59410a8 	ldr	r1, [r4, #168]	@ 0xa8
   101b4:	e59420b4 	ldr	r2, [r4, #180]	@ 0xb4
   101b8:	e0652002 	rsb	r2, r5, r2
   101bc:	e1a00001 	mov	r0, r1
   101c0:	e0811105 	add	r1, r1, r5, lsl #2
   101c4:	e1a02102 	lsl	r2, r2, #2
   101c8:	ebffca30 	bl	2a90 <memmove@plt>
   101cc:	e59430b4 	ldr	r3, [r4, #180]	@ 0xb4
   101d0:	e0666003 	rsb	r6, r6, r3
   101d4:	e58460b4 	str	r6, [r4, #180]	@ 0xb4
   101d8:	e3a05000 	mov	r5, #0
   101dc:	ea000001 	b	101e8 <ak_aslc_process+0x2f8>
   101e0:	e3a03000 	mov	r3, #0
   101e4:	e58430b4 	str	r3, [r4, #180]	@ 0xb4
   101e8:	e58450b0 	str	r5, [r4, #176]	@ 0xb0
   101ec:	e594002c 	ldr	r0, [r4, #44]	@ 0x2c
   101f0:	e0000097 	mul	r0, r7, r0
   101f4:	e28dd014 	add	sp, sp, #20
   101f8:	e8bd8ff0 	pop	{r4, r5, r6, r7, r8, r9, sl, fp, pc}
   101fc:	e2512001 	subs	r2, r1, #1
   10200:	012fff1e 	bxeq	lr
   10204:	3a000023 	bcc	10298 <ak_aslc_process+0x3a8>
   10208:	e1500001 	cmp	r0, r1
   1020c:	9a00001a 	bls	1027c <ak_aslc_process+0x38c>
   10210:	e1110002 	tst	r1, r2
   10214:	0a00001b 	beq	10288 <ak_aslc_process+0x398>
   10218:	e16f3f11 	clz	r3, r1
   1021c:	e16f2f10 	clz	r2, r0
   10220:	e0432002 	sub	r2, r3, r2
   10224:	e3a03001 	mov	r3, #1
   10228:	e1a01211 	lsl	r1, r1, r2
   1022c:	e1a03213 	lsl	r3, r3, r2
   10230:	e3a02000 	mov	r2, #0
   10234:	e1500001 	cmp	r0, r1
   10238:	20400001 	subcs	r0, r0, r1
   1023c:	21822003 	orrcs	r2, r2, r3
   10240:	e15000a1 	cmp	r0, r1, lsr #1
   10244:	204000a1 	subcs	r0, r0, r1, lsr #1
   10248:	218220a3 	orrcs	r2, r2, r3, lsr #1
   1024c:	e1500121 	cmp	r0, r1, lsr #2
   10250:	20400121 	subcs	r0, r0, r1, lsr #2
   10254:	21822123 	orrcs	r2, r2, r3, lsr #2
   10258:	e15001a1 	cmp	r0, r1, lsr #3
   1025c:	204001a1 	subcs	r0, r0, r1, lsr #3
   10260:	218221a3 	orrcs	r2, r2, r3, lsr #3
   10264:	e3500000 	cmp	r0, #0
   10268:	11b03223 	lsrsne	r3, r3, #4
   1026c:	11a01221 	lsrne	r1, r1, #4
   10270:	1affffef 	bne	10234 <ak_aslc_process+0x344>
   10274:	e1a00002 	mov	r0, r2
   10278:	e12fff1e 	bx	lr
   1027c:	03a00001 	moveq	r0, #1
   10280:	13a00000 	movne	r0, #0
   10284:	e12fff1e 	bx	lr
   10288:	e16f2f11 	clz	r2, r1
   1028c:	e262201f 	rsb	r2, r2, #31
   10290:	e1a00230 	lsr	r0, r0, r2
   10294:	e12fff1e 	bx	lr
   10298:	e3500000 	cmp	r0, #0
   1029c:	13e00000 	mvnne	r0, #0
   102a0:	ea000046 	b	103c0 <ak_aslc_process+0x4d0>
   102a4:	e3510000 	cmp	r1, #0
   102a8:	0afffffa 	beq	10298 <ak_aslc_process+0x3a8>
   102ac:	e92d4003 	push	{r0, r1, lr}
   102b0:	ebffffd1 	bl	101fc <ak_aslc_process+0x30c>
   102b4:	e8bd4006 	pop	{r1, r2, lr}
   102b8:	e0030092 	mul	r3, r2, r0
   102bc:	e0411003 	sub	r1, r1, r3
   102c0:	e12fff1e 	bx	lr
   102c4:	e3510000 	cmp	r1, #0
   102c8:	0a000030 	beq	10390 <ak_aslc_process+0x4a0>
   102cc:	e020c001 	eor	ip, r0, r1
   102d0:	42611000 	rsbmi	r1, r1, #0
   102d4:	e2512001 	subs	r2, r1, #1
   102d8:	0a00001f 	beq	1035c <ak_aslc_process+0x46c>
   102dc:	e1b03000 	movs	r3, r0
   102e0:	42603000 	rsbmi	r3, r0, #0
   102e4:	e1530001 	cmp	r3, r1
   102e8:	9a00001e 	bls	10368 <ak_aslc_process+0x478>
   102ec:	e1110002 	tst	r1, r2
   102f0:	0a000020 	beq	10378 <ak_aslc_process+0x488>
   102f4:	e16f2f11 	clz	r2, r1
   102f8:	e16f0f13 	clz	r0, r3
   102fc:	e0420000 	sub	r0, r2, r0
   10300:	e3a02001 	mov	r2, #1
   10304:	e1a01011 	lsl	r1, r1, r0
   10308:	e1a02012 	lsl	r2, r2, r0
   1030c:	e3a00000 	mov	r0, #0
   10310:	e1530001 	cmp	r3, r1
   10314:	20433001 	subcs	r3, r3, r1
   10318:	21800002 	orrcs	r0, r0, r2
   1031c:	e15300a1 	cmp	r3, r1, lsr #1
   10320:	204330a1 	subcs	r3, r3, r1, lsr #1
   10324:	218000a2 	orrcs	r0, r0, r2, lsr #1
   10328:	e1530121 	cmp	r3, r1, lsr #2
   1032c:	20433121 	subcs	r3, r3, r1, lsr #2
   10330:	21800122 	orrcs	r0, r0, r2, lsr #2
   10334:	e15301a1 	cmp	r3, r1, lsr #3
   10338:	204331a1 	subcs	r3, r3, r1, lsr #3
   1033c:	218001a2 	orrcs	r0, r0, r2, lsr #3
   10340:	e3530000 	cmp	r3, #0
   10344:	11b02222 	lsrsne	r2, r2, #4
   10348:	11a01221 	lsrne	r1, r1, #4
   1034c:	1affffef 	bne	10310 <ak_aslc_process+0x420>
   10350:	e35c0000 	cmp	ip, #0
   10354:	42600000 	rsbmi	r0, r0, #0
   10358:	e12fff1e 	bx	lr
   1035c:	e13c0000 	teq	ip, r0
   10360:	42600000 	rsbmi	r0, r0, #0
   10364:	e12fff1e 	bx	lr
   10368:	33a00000 	movcc	r0, #0
   1036c:	01a00fcc 	asreq	r0, ip, #31
   10370:	03800001 	orreq	r0, r0, #1
   10374:	e12fff1e 	bx	lr
   10378:	e16f2f11 	clz	r2, r1
   1037c:	e262201f 	rsb	r2, r2, #31
   10380:	e35c0000 	cmp	ip, #0
   10384:	e1a00233 	lsr	r0, r3, r2
   10388:	42600000 	rsbmi	r0, r0, #0
   1038c:	e12fff1e 	bx	lr
   10390:	e3500000 	cmp	r0, #0
   10394:	c3e00102 	mvngt	r0, #-2147483648	@ 0x80000000
   10398:	b3a00102 	movlt	r0, #-2147483648	@ 0x80000000
   1039c:	ea000007 	b	103c0 <ak_aslc_process+0x4d0>
   103a0:	e3510000 	cmp	r1, #0
   103a4:	0afffff9 	beq	10390 <ak_aslc_process+0x4a0>
   103a8:	e92d4003 	push	{r0, r1, lr}
   103ac:	ebffffc6 	bl	102cc <ak_aslc_process+0x3dc>
   103b0:	e8bd4006 	pop	{r1, r2, lr}
   103b4:	e0030092 	mul	r3, r2, r0
   103b8:	e0411003 	sub	r1, r1, r3
   103bc:	e12fff1e 	bx	lr
   103c0:	e92d4002 	push	{r1, lr}
   103c4:	e3a00008 	mov	r0, #8
   103c8:	ebffca13 	bl	2c1c <raise@plt>
   103cc:	e8bd8002 	pop	{r1, pc}

Disassembly of section .fini:

000103d0 <_fini>:
   103d0:	e1a0c00d 	mov	ip, sp
   103d4:	e92ddff0 	push	{r4, r5, r6, r7, r8, r9, sl, fp, ip, lr, pc}
   103d8:	e24cb004 	sub	fp, ip, #4
   103dc:	e91baff0 	ldmdb	fp, {r4, r5, r6, r7, r8, r9, sl, fp, sp, pc}
