
mtds/extracted/mtd5-usrfs/lib/libplat_vi.so:     file format elf32-littlearm


Disassembly of section .init:

0000401c <_init>:
    401c:	e1a0c00d 	mov	ip, sp
    4020:	e92ddff0 	push	{r4, r5, r6, r7, r8, r9, sl, fp, ip, lr, pc}
    4024:	e24cb004 	sub	fp, ip, #4
    4028:	e91baff0 	ldmdb	fp, {r4, r5, r6, r7, r8, r9, sl, fp, sp, pc}

Disassembly of section .plt:

0000402c <AK_ISP_get_ccm_attr@plt-0x14>:
    402c:	e52de004 	push	{lr}		@ (str lr, [sp, #-4]!)
    4030:	e59fe004 	ldr	lr, [pc, #4]	@ 403c <_init+0x20>
    4034:	e08fe00e 	add	lr, pc, lr
    4038:	e5bef008 	ldr	pc, [lr, #8]!
    403c:	00011b98 	muleq	r1, r8, fp

00004040 <AK_ISP_get_ccm_attr@plt>:
    4040:	e28fc600 	add	ip, pc, #0, 12
    4044:	e28cca11 	add	ip, ip, #69632	@ 0x11000
    4048:	e5bcfb98 	ldr	pc, [ip, #2968]!	@ 0xb98

0000404c <strcpy@plt>:
    404c:	e28fc600 	add	ip, pc, #0, 12
    4050:	e28cca11 	add	ip, ip, #69632	@ 0x11000
    4054:	e5bcfb90 	ldr	pc, [ip, #2960]!	@ 0xb90

00004058 <isp_get_sensor_fps@plt>:
    4058:	e28fc600 	add	ip, pc, #0, 12
    405c:	e28cca11 	add	ip, ip, #69632	@ 0x11000
    4060:	e5bcfb88 	ldr	pc, [ip, #2952]!	@ 0xb88

00004064 <AK_ISP_get_raw_hist_stat_info@plt>:
    4064:	e28fc600 	add	ip, pc, #0, 12
    4068:	e28cca11 	add	ip, ip, #69632	@ 0x11000
    406c:	e5bcfb80 	ldr	pc, [ip, #2944]!	@ 0xb80

00004070 <Ak_ISP_Set_Flip_Mirror@plt>:
    4070:	e28fc600 	add	ip, pc, #0, 12
    4074:	e28cca11 	add	ip, ip, #69632	@ 0x11000
    4078:	e5bcfb78 	ldr	pc, [ip, #2936]!	@ 0xb78

0000407c <ioctl@plt>:
    407c:	e28fc600 	add	ip, pc, #0, 12
    4080:	e28cca11 	add	ip, ip, #69632	@ 0x11000
    4084:	e5bcfb70 	ldr	pc, [ip, #2928]!	@ 0xb70

00004088 <AK_ISP_set_awb_ex_attr@plt>:
    4088:	e28fc600 	add	ip, pc, #0, 12
    408c:	e28cca11 	add	ip, ip, #69632	@ 0x11000
    4090:	e5bcfb68 	ldr	pc, [ip, #2920]!	@ 0xb68

00004094 <isp_vi_capture_on@plt>:
    4094:	e28fc600 	add	ip, pc, #0, 12
    4098:	e28cca11 	add	ip, ip, #69632	@ 0x11000
    409c:	e5bcfb60 	ldr	pc, [ip, #2912]!	@ 0xb60

000040a0 <AK_ISP_set_sub_chan_mask_area@plt>:
    40a0:	e28fc600 	add	ip, pc, #0, 12
    40a4:	e28cca11 	add	ip, ip, #69632	@ 0x11000
    40a8:	e5bcfb58 	ldr	pc, [ip, #2904]!	@ 0xb58

000040ac <AK_ISP_set_Y_gamma_attr@plt>:
    40ac:	e28fc600 	add	ip, pc, #0, 12
    40b0:	e28cca11 	add	ip, ip, #69632	@ 0x11000
    40b4:	e5bcfb50 	ldr	pc, [ip, #2896]!	@ 0xb50

000040b8 <AK_ISP_set_exp_type@plt>:
    40b8:	e28fc600 	add	ip, pc, #0, 12
    40bc:	e28cca11 	add	ip, ip, #69632	@ 0x11000
    40c0:	e5bcfb48 	ldr	pc, [ip, #2888]!	@ 0xb48

000040c4 <isp_vi_get_sensor_attr@plt>:
    40c4:	e28fc600 	add	ip, pc, #0, 12
    40c8:	e28cca11 	add	ip, ip, #69632	@ 0x11000
    40cc:	e5bcfb40 	ldr	pc, [ip, #2880]!	@ 0xb40

000040d0 <isp_main_match_sensor_cfgfile@plt>:
    40d0:	e28fc600 	add	ip, pc, #0, 12
    40d4:	e28cca11 	add	ip, ip, #69632	@ 0x11000
    40d8:	e5bcfb38 	ldr	pc, [ip, #2872]!	@ 0xb38

000040dc <ak_check_file_exist@plt>:
    40dc:	e28fc600 	add	ip, pc, #0, 12
    40e0:	e28cca11 	add	ip, ip, #69632	@ 0x11000
    40e4:	e5bcfb30 	ldr	pc, [ip, #2864]!	@ 0xb30

000040e8 <AK_ISP_set_nr2_attr@plt>:
    40e8:	e28fc600 	add	ip, pc, #0, 12
    40ec:	e28cca11 	add	ip, ip, #69632	@ 0x11000
    40f0:	e5bcfb28 	ldr	pc, [ip, #2856]!	@ 0xb28

000040f4 <strerror@plt>:
    40f4:	e28fc600 	add	ip, pc, #0, 12
    40f8:	e28cca11 	add	ip, ip, #69632	@ 0x11000
    40fc:	e5bcfb20 	ldr	pc, [ip, #2848]!	@ 0xb20

00004100 <AK_ISP_set_demo_attr@plt>:
    4100:	e28fc600 	add	ip, pc, #0, 12
    4104:	e28cca11 	add	ip, ip, #69632	@ 0x11000
    4108:	e5bcfb18 	ldr	pc, [ip, #2840]!	@ 0xb18

0000410c <AK_ISP_set_contrast_attr@plt>:
    410c:	e28fc600 	add	ip, pc, #0, 12
    4110:	e28cca11 	add	ip, ip, #69632	@ 0x11000
    4114:	e5bcfb10 	ldr	pc, [ip, #2832]!	@ 0xb10

00004118 <AK_ISP_get_dpc_attr@plt>:
    4118:	e28fc600 	add	ip, pc, #0, 12
    411c:	e28cca11 	add	ip, ip, #69632	@ 0x11000
    4120:	e5bcfb08 	ldr	pc, [ip, #2824]!	@ 0xb08

00004124 <AK_ISP_set_rgb_hist_attr@plt>:
    4124:	e28fc600 	add	ip, pc, #0, 12
    4128:	e28cca11 	add	ip, ip, #69632	@ 0x11000
    412c:	e5bcfb00 	ldr	pc, [ip, #2816]!	@ 0xb00

00004130 <isp_module_check_cfg@plt>:
    4130:	e28fc600 	add	ip, pc, #0, 12
    4134:	e28cca11 	add	ip, ip, #69632	@ 0x11000
    4138:	e5bcfaf8 	ldr	pc, [ip, #2808]!	@ 0xaf8

0000413c <ak_thread_mutex_init@plt>:
    413c:	e28fc600 	add	ip, pc, #0, 12
    4140:	e28cca11 	add	ip, ip, #69632	@ 0x11000
    4144:	e5bcfaf0 	ldr	pc, [ip, #2800]!	@ 0xaf0

00004148 <isp_vi_set_main_attr@plt>:
    4148:	e28fc600 	add	ip, pc, #0, 12
    414c:	e28cca11 	add	ip, ip, #69632	@ 0x11000
    4150:	e5bcfae8 	ldr	pc, [ip, #2792]!	@ 0xae8

00004154 <AK_ISP_get_awb_attr@plt>:
    4154:	e28fc600 	add	ip, pc, #0, 12
    4158:	e28cca11 	add	ip, ip, #69632	@ 0x11000
    415c:	e5bcfae0 	ldr	pc, [ip, #2784]!	@ 0xae0

00004160 <ak_thread_mutex_unlock@plt>:
    4160:	e28fc600 	add	ip, pc, #0, 12
    4164:	e28cca11 	add	ip, ip, #69632	@ 0x11000
    4168:	e5bcfad8 	ldr	pc, [ip, #2776]!	@ 0xad8

0000416c <AK_ISP_set_rgb2yuv_attr@plt>:
    416c:	e28fc600 	add	ip, pc, #0, 12
    4170:	e28cca11 	add	ip, ip, #69632	@ 0x11000
    4174:	e5bcfad0 	ldr	pc, [ip, #2768]!	@ 0xad0

00004178 <AK_ISP_set_gb_attr@plt>:
    4178:	e28fc600 	add	ip, pc, #0, 12
    417c:	e28cca11 	add	ip, ip, #69632	@ 0x11000
    4180:	e5bcfac8 	ldr	pc, [ip, #2760]!	@ 0xac8

00004184 <Ak_ISP_Get_Sensor_Fps@plt>:
    4184:	e28fc600 	add	ip, pc, #0, 12
    4188:	e28cca11 	add	ip, ip, #69632	@ 0x11000
    418c:	e5bcfac0 	ldr	pc, [ip, #2752]!	@ 0xac0

00004190 <AK_ISP_get_Y_gamma_attr@plt>:
    4190:	e28fc600 	add	ip, pc, #0, 12
    4194:	e28cca11 	add	ip, ip, #69632	@ 0x11000
    4198:	e5bcfab8 	ldr	pc, [ip, #2744]!	@ 0xab8

0000419c <ak_thread_sem_init@plt>:
    419c:	e28fc600 	add	ip, pc, #0, 12
    41a0:	e28cca11 	add	ip, ip, #69632	@ 0x11000
    41a4:	e5bcfab0 	ldr	pc, [ip, #2736]!	@ 0xab0

000041a8 <usleep@plt>:
    41a8:	e28fc600 	add	ip, pc, #0, 12
    41ac:	e28cca11 	add	ip, ip, #69632	@ 0x11000
    41b0:	e5bcfaa8 	ldr	pc, [ip, #2728]!	@ 0xaa8

000041b4 <Ak_ISP_Sensor_Get_Id@plt>:
    41b4:	e28fc600 	add	ip, pc, #0, 12
    41b8:	e28cca11 	add	ip, ip, #69632	@ 0x11000
    41bc:	e5bcfaa0 	ldr	pc, [ip, #2720]!	@ 0xaa0

000041c0 <Ak_ISP_Sensor_Set_Reg@plt>:
    41c0:	e28fc600 	add	ip, pc, #0, 12
    41c4:	e28cca11 	add	ip, ip, #69632	@ 0x11000
    41c8:	e5bcfa98 	ldr	pc, [ip, #2712]!	@ 0xa98

000041cc <isp_vi_reset_drop_frame@plt>:
    41cc:	e28fc600 	add	ip, pc, #0, 12
    41d0:	e28cca11 	add	ip, ip, #69632	@ 0x11000
    41d4:	e5bcfa90 	ldr	pc, [ip, #2704]!	@ 0xa90

000041d8 <isp_set_effect@plt>:
    41d8:	e28fc600 	add	ip, pc, #0, 12
    41dc:	e28cca11 	add	ip, ip, #69632	@ 0x11000
    41e0:	e5bcfa88 	ldr	pc, [ip, #2696]!	@ 0xa88

000041e4 <memcpy@plt>:
    41e4:	e28fc600 	add	ip, pc, #0, 12
    41e8:	e28cca11 	add	ip, ip, #69632	@ 0x11000
    41ec:	e5bcfa80 	ldr	pc, [ip, #2688]!	@ 0xa80

000041f0 <AK_ISP_set_fcs_attr@plt>:
    41f0:	e28fc600 	add	ip, pc, #0, 12
    41f4:	e28cca11 	add	ip, ip, #69632	@ 0x11000
    41f8:	e5bcfa78 	ldr	pc, [ip, #2680]!	@ 0xa78

000041fc <AK_ISP_sdk_init@plt>:
    41fc:	e28fc600 	add	ip, pc, #0, 12
    4200:	e28cca11 	add	ip, ip, #69632	@ 0x11000
    4204:	e5bcfa70 	ldr	pc, [ip, #2672]!	@ 0xa70

00004208 <isp_vi_stream_ctrl_on@plt>:
    4208:	e28fc600 	add	ip, pc, #0, 12
    420c:	e28cca11 	add	ip, ip, #69632	@ 0x11000
    4210:	e5bcfa68 	ldr	pc, [ip, #2664]!	@ 0xa68

00004214 <isp_fps_main@plt>:
    4214:	e28fc600 	add	ip, pc, #0, 12
    4218:	e28cca11 	add	ip, ip, #69632	@ 0x11000
    421c:	e5bcfa60 	ldr	pc, [ip, #2656]!	@ 0xa60

00004220 <__cxa_finalize@plt>:
    4220:	e28fc600 	add	ip, pc, #0, 12
    4224:	e28cca11 	add	ip, ip, #69632	@ 0x11000
    4228:	e5bcfa58 	ldr	pc, [ip, #2648]!	@ 0xa58

0000422c <isp_get_attr@plt>:
    422c:	e28fc600 	add	ip, pc, #0, 12
    4230:	e28cca11 	add	ip, ip, #69632	@ 0x11000
    4234:	e5bcfa50 	ldr	pc, [ip, #2640]!	@ 0xa50

00004238 <isp_vi_close@plt>:
    4238:	e28fc600 	add	ip, pc, #0, 12
    423c:	e28cca11 	add	ip, ip, #69632	@ 0x11000
    4240:	e5bcfa48 	ldr	pc, [ip, #2632]!	@ 0xa48

00004244 <AK_ISP_get_effect_attr@plt>:
    4244:	e28fc600 	add	ip, pc, #0, 12
    4248:	e28cca11 	add	ip, ip, #69632	@ 0x11000
    424c:	e5bcfa40 	ldr	pc, [ip, #2624]!	@ 0xa40

00004250 <AK_ISP_get_weight_attr@plt>:
    4250:	e28fc600 	add	ip, pc, #0, 12
    4254:	e28cca11 	add	ip, ip, #69632	@ 0x11000
    4258:	e5bcfa38 	ldr	pc, [ip, #2616]!	@ 0xa38

0000425c <sleep@plt>:
    425c:	e28fc600 	add	ip, pc, #0, 12
    4260:	e28cca11 	add	ip, ip, #69632	@ 0x11000
    4264:	e5bcfa30 	ldr	pc, [ip, #2608]!	@ 0xa30

00004268 <AK_ISP_set_blc_attr@plt>:
    4268:	e28fc600 	add	ip, pc, #0, 12
    426c:	e28cca11 	add	ip, ip, #69632	@ 0x11000
    4270:	e5bcfa28 	ldr	pc, [ip, #2600]!	@ 0xa28

00004274 <isp_vi_release_frame@plt>:
    4274:	e28fc600 	add	ip, pc, #0, 12
    4278:	e28cca11 	add	ip, ip, #69632	@ 0x11000
    427c:	e5bcfa20 	ldr	pc, [ip, #2592]!	@ 0xa20

00004280 <ak_thread_get_tid@plt>:
    4280:	e28fc600 	add	ip, pc, #0, 12
    4284:	e28cca11 	add	ip, ip, #69632	@ 0x11000
    4288:	e5bcfa18 	ldr	pc, [ip, #2584]!	@ 0xa18

0000428c <AK_ISP_set_lsc_attr@plt>:
    428c:	e28fc600 	add	ip, pc, #0, 12
    4290:	e28cca11 	add	ip, ip, #69632	@ 0x11000
    4294:	e5bcfa10 	ldr	pc, [ip, #2576]!	@ 0xa10

00004298 <AK_ISP_get_ae_run_info@plt>:
    4298:	e28fc600 	add	ip, pc, #0, 12
    429c:	e28cca11 	add	ip, ip, #69632	@ 0x11000
    42a0:	e5bcfa08 	ldr	pc, [ip, #2568]!	@ 0xa08

000042a4 <AK_ISP_get_sdpc_attr@plt>:
    42a4:	e28fc600 	add	ip, pc, #0, 12
    42a8:	e28cca11 	add	ip, ip, #69632	@ 0x11000
    42ac:	e5bcfa00 	ldr	pc, [ip, #2560]!	@ 0xa00

000042b0 <akuio_alloc_pmem@plt>:
    42b0:	e28fc600 	add	ip, pc, #0, 12
    42b4:	e28cca11 	add	ip, ip, #69632	@ 0x11000
    42b8:	e5bcf9f8 	ldr	pc, [ip, #2552]!	@ 0x9f8

000042bc <AK_ISP_get_rgb2yuv_attr@plt>:
    42bc:	e28fc600 	add	ip, pc, #0, 12
    42c0:	e28cca11 	add	ip, ip, #69632	@ 0x11000
    42c4:	e5bcf9f0 	ldr	pc, [ip, #2544]!	@ 0x9f0

000042c8 <isp_dev_open@plt>:
    42c8:	e28fc600 	add	ip, pc, #0, 12
    42cc:	e28cca11 	add	ip, ip, #69632	@ 0x11000
    42d0:	e5bcf9e8 	ldr	pc, [ip, #2536]!	@ 0x9e8

000042d4 <select@plt>:
    42d4:	e28fc600 	add	ip, pc, #0, 12
    42d8:	e28cca11 	add	ip, ip, #69632	@ 0x11000
    42dc:	e5bcf9e0 	ldr	pc, [ip, #2528]!	@ 0x9e0

000042e0 <readdir@plt>:
    42e0:	e28fc600 	add	ip, pc, #0, 12
    42e4:	e28cca11 	add	ip, ip, #69632	@ 0x11000
    42e8:	e5bcf9d8 	ldr	pc, [ip, #2520]!	@ 0x9d8

000042ec <AK_ISP_get_sharp_ex_attr@plt>:
    42ec:	e28fc600 	add	ip, pc, #0, 12
    42f0:	e28cca11 	add	ip, ip, #69632	@ 0x11000
    42f4:	e5bcf9d0 	ldr	pc, [ip, #2512]!	@ 0x9d0

000042f8 <ak_vpss_osd_get_param@plt>:
    42f8:	e28fc600 	add	ip, pc, #0, 12
    42fc:	e28cca11 	add	ip, ip, #69632	@ 0x11000
    4300:	e5bcf9c8 	ldr	pc, [ip, #2504]!	@ 0x9c8

00004304 <AK_ISP_get_blc_attr@plt>:
    4304:	e28fc600 	add	ip, pc, #0, 12
    4308:	e28cca11 	add	ip, ip, #69632	@ 0x11000
    430c:	e5bcf9c0 	ldr	pc, [ip, #2496]!	@ 0x9c0

00004310 <ak_thread_create@plt>:
    4310:	e28fc600 	add	ip, pc, #0, 12
    4314:	e28cca11 	add	ip, ip, #69632	@ 0x11000
    4318:	e5bcf9b8 	ldr	pc, [ip, #2488]!	@ 0x9b8

0000431c <Ak_ISP_Set_Sensor_Fps@plt>:
    431c:	e28fc600 	add	ip, pc, #0, 12
    4320:	e28cca11 	add	ip, ip, #69632	@ 0x11000
    4324:	e5bcf9b0 	ldr	pc, [ip, #2480]!	@ 0x9b0

00004328 <fflush@plt>:
    4328:	e28fc600 	add	ip, pc, #0, 12
    432c:	e28cca11 	add	ip, ip, #69632	@ 0x11000
    4330:	e5bcf9a8 	ldr	pc, [ip, #2472]!	@ 0x9a8

00004334 <AK_ISP_set_effect_attr@plt>:
    4334:	e28fc600 	add	ip, pc, #0, 12
    4338:	e28cca11 	add	ip, ip, #69632	@ 0x11000
    433c:	e5bcf9a0 	ldr	pc, [ip, #2464]!	@ 0x9a0

00004340 <AK_ISP_get_awb_ex_attr@plt>:
    4340:	e28fc600 	add	ip, pc, #0, 12
    4344:	e28cca11 	add	ip, ip, #69632	@ 0x11000
    4348:	e5bcf998 	ldr	pc, [ip, #2456]!	@ 0x998

0000434c <AK_ISP_set_sharp_attr@plt>:
    434c:	e28fc600 	add	ip, pc, #0, 12
    4350:	e28cca11 	add	ip, ip, #69632	@ 0x11000
    4354:	e5bcf990 	ldr	pc, [ip, #2448]!	@ 0x990

00004358 <AK_ISP_get_wb_type@plt>:
    4358:	e28fc600 	add	ip, pc, #0, 12
    435c:	e28cca11 	add	ip, ip, #69632	@ 0x11000
    4360:	e5bcf988 	ldr	pc, [ip, #2440]!	@ 0x988

00004364 <AK_ISP_get_mask_color@plt>:
    4364:	e28fc600 	add	ip, pc, #0, 12
    4368:	e28cca11 	add	ip, ip, #69632	@ 0x11000
    436c:	e5bcf980 	ldr	pc, [ip, #2432]!	@ 0x980

00004370 <ak_vi_get_handle@plt>:
    4370:	e28fc600 	add	ip, pc, #0, 12
    4374:	e28cca11 	add	ip, ip, #69632	@ 0x11000
    4378:	e5bcf978 	ldr	pc, [ip, #2424]!	@ 0x978

0000437c <bzero@plt>:
    437c:	e28fc600 	add	ip, pc, #0, 12
    4380:	e28cca11 	add	ip, ip, #69632	@ 0x11000
    4384:	e5bcf970 	ldr	pc, [ip, #2416]!	@ 0x970

00004388 <AK_ISP_get_nr1_attr@plt>:
    4388:	e28fc600 	add	ip, pc, #0, 12
    438c:	e28cca11 	add	ip, ip, #69632	@ 0x11000
    4390:	e5bcf968 	ldr	pc, [ip, #2408]!	@ 0x968

00004394 <isp_3D_NR_create@plt>:
    4394:	e28fc600 	add	ip, pc, #0, 12
    4398:	e28cca11 	add	ip, ip, #69632	@ 0x11000
    439c:	e5bcf960 	ldr	pc, [ip, #2400]!	@ 0x960

000043a0 <AK_ISP_set_frame_rate@plt>:
    43a0:	e28fc600 	add	ip, pc, #0, 12
    43a4:	e28cca11 	add	ip, ip, #69632	@ 0x11000
    43a8:	e5bcf958 	ldr	pc, [ip, #2392]!	@ 0x958

000043ac <AK_ISP_set_saturation_attr@plt>:
    43ac:	e28fc600 	add	ip, pc, #0, 12
    43b0:	e28cca11 	add	ip, ip, #69632	@ 0x11000
    43b4:	e5bcf950 	ldr	pc, [ip, #2384]!	@ 0x950

000043b8 <isp_cfg_file_clear_path@plt>:
    43b8:	e28fc600 	add	ip, pc, #0, 12
    43bc:	e28cca11 	add	ip, ip, #69632	@ 0x11000
    43c0:	e5bcf948 	ldr	pc, [ip, #2376]!	@ 0x948

000043c4 <ak_thread_join@plt>:
    43c4:	e28fc600 	add	ip, pc, #0, 12
    43c8:	e28cca11 	add	ip, ip, #69632	@ 0x11000
    43cc:	e5bcf940 	ldr	pc, [ip, #2368]!	@ 0x940

000043d0 <isp_module_deinit@plt>:
    43d0:	e28fc600 	add	ip, pc, #0, 12
    43d4:	e28cca11 	add	ip, ip, #69632	@ 0x11000
    43d8:	e5bcf938 	ldr	pc, [ip, #2360]!	@ 0x938

000043dc <AK_ISP_set_rgb_gamma_attr@plt>:
    43dc:	e28fc600 	add	ip, pc, #0, 12
    43e0:	e28cca11 	add	ip, ip, #69632	@ 0x11000
    43e4:	e5bcf930 	ldr	pc, [ip, #2352]!	@ 0x930

000043e8 <strtol@plt>:
    43e8:	e28fc600 	add	ip, pc, #0, 12
    43ec:	e28cca11 	add	ip, ip, #69632	@ 0x11000
    43f0:	e5bcf928 	ldr	pc, [ip, #2344]!	@ 0x928

000043f4 <isp_get_work_scene@plt>:
    43f4:	e28fc600 	add	ip, pc, #0, 12
    43f8:	e28cca11 	add	ip, ip, #69632	@ 0x11000
    43fc:	e5bcf920 	ldr	pc, [ip, #2336]!	@ 0x920

00004400 <AK_ISP_set_hue_attr@plt>:
    4400:	e28fc600 	add	ip, pc, #0, 12
    4404:	e28cca11 	add	ip, ip, #69632	@ 0x11000
    4408:	e5bcf918 	ldr	pc, [ip, #2328]!	@ 0x918

0000440c <Ak_ISP_Sensor_Load_Conf@plt>:
    440c:	e28fc600 	add	ip, pc, #0, 12
    4410:	e28cca11 	add	ip, ip, #69632	@ 0x11000
    4414:	e5bcf910 	ldr	pc, [ip, #2320]!	@ 0x910

00004418 <isp_vi_open@plt>:
    4418:	e28fc600 	add	ip, pc, #0, 12
    441c:	e28cca11 	add	ip, ip, #69632	@ 0x11000
    4420:	e5bcf908 	ldr	pc, [ip, #2312]!	@ 0x908

00004424 <strrchr@plt>:
    4424:	e28fc600 	add	ip, pc, #0, 12
    4428:	e28cca11 	add	ip, ip, #69632	@ 0x11000
    442c:	e5bcf900 	ldr	pc, [ip, #2304]!	@ 0x900

00004430 <isp_device_open@plt>:
    4430:	e28fc600 	add	ip, pc, #0, 12
    4434:	e28cca11 	add	ip, ip, #69632	@ 0x11000
    4438:	e5bcf8f8 	ldr	pc, [ip, #2296]!	@ 0x8f8

0000443c <AK_ISP_set_main_chan_mask_area@plt>:
    443c:	e28fc600 	add	ip, pc, #0, 12
    4440:	e28cca11 	add	ip, ip, #69632	@ 0x11000
    4444:	e5bcf8f0 	ldr	pc, [ip, #2288]!	@ 0x8f0

00004448 <AK_ISP_get_hue_attr@plt>:
    4448:	e28fc600 	add	ip, pc, #0, 12
    444c:	e28cca11 	add	ip, ip, #69632	@ 0x11000
    4450:	e5bcf8e8 	ldr	pc, [ip, #2280]!	@ 0x8e8

00004454 <calloc@plt>:
    4454:	e28fc600 	add	ip, pc, #0, 12
    4458:	e28cca11 	add	ip, ip, #69632	@ 0x11000
    445c:	e5bcf8e0 	ldr	pc, [ip, #2272]!	@ 0x8e0

00004460 <akuio_pmem_init@plt>:
    4460:	e28fc600 	add	ip, pc, #0, 12
    4464:	e28cca11 	add	ip, ip, #69632	@ 0x11000
    4468:	e5bcf8d8 	ldr	pc, [ip, #2264]!	@ 0x8d8

0000446c <ak_vpss_isp_get_ae_run_info@plt>:
    446c:	e28fc600 	add	ip, pc, #0, 12
    4470:	e28cca11 	add	ip, ip, #69632	@ 0x11000
    4474:	e5bcf8d0 	ldr	pc, [ip, #2256]!	@ 0x8d0

00004478 <isp_dev_close@plt>:
    4478:	e28fc600 	add	ip, pc, #0, 12
    447c:	e28cca11 	add	ip, ip, #69632	@ 0x11000
    4480:	e5bcf8c8 	ldr	pc, [ip, #2248]!	@ 0x8c8

00004484 <AK_ISP_set_ae_attr@plt>:
    4484:	e28fc600 	add	ip, pc, #0, 12
    4488:	e28cca11 	add	ip, ip, #69632	@ 0x11000
    448c:	e5bcf8c0 	ldr	pc, [ip, #2240]!	@ 0x8c0

00004490 <isp_switch_mode@plt>:
    4490:	e28fc600 	add	ip, pc, #0, 12
    4494:	e28cca11 	add	ip, ip, #69632	@ 0x11000
    4498:	e5bcf8b8 	ldr	pc, [ip, #2232]!	@ 0x8b8

0000449c <AK_ISP_set_dpc_attr@plt>:
    449c:	e28fc600 	add	ip, pc, #0, 12
    44a0:	e28cca11 	add	ip, ip, #69632	@ 0x11000
    44a4:	e5bcf8b0 	ldr	pc, [ip, #2224]!	@ 0x8b0

000044a8 <AK_ISP_get_3d_nr_attr@plt>:
    44a8:	e28fc600 	add	ip, pc, #0, 12
    44ac:	e28cca11 	add	ip, ip, #69632	@ 0x11000
    44b0:	e5bcf8a8 	ldr	pc, [ip, #2216]!	@ 0x8a8

000044b4 <__deregister_frame_info@plt>:
    44b4:	e28fc600 	add	ip, pc, #0, 12
    44b8:	e28cca11 	add	ip, ip, #69632	@ 0x11000
    44bc:	e5bcf8a0 	ldr	pc, [ip, #2208]!	@ 0x8a0

000044c0 <AK_ISP_set_raw_hist_attr@plt>:
    44c0:	e28fc600 	add	ip, pc, #0, 12
    44c4:	e28cca11 	add	ip, ip, #69632	@ 0x11000
    44c8:	e5bcf898 	ldr	pc, [ip, #2200]!	@ 0x898

000044cc <fseek@plt>:
    44cc:	e28fc600 	add	ip, pc, #0, 12
    44d0:	e28cca11 	add	ip, ip, #69632	@ 0x11000
    44d4:	e5bcf890 	ldr	pc, [ip, #2192]!	@ 0x890

000044d8 <ak_vi_get_flip_mirror@plt>:
    44d8:	e28fc600 	add	ip, pc, #0, 12
    44dc:	e28cca11 	add	ip, ip, #69632	@ 0x11000
    44e0:	e5bcf888 	ldr	pc, [ip, #2184]!	@ 0x888

000044e4 <AK_ISP_get_3d_nr_stat_info@plt>:
    44e4:	e28fc600 	add	ip, pc, #0, 12
    44e8:	e28cca11 	add	ip, ip, #69632	@ 0x11000
    44ec:	e5bcf880 	ldr	pc, [ip, #2176]!	@ 0x880

000044f0 <ak_thread_mutex_lock@plt>:
    44f0:	e28fc600 	add	ip, pc, #0, 12
    44f4:	e28cca11 	add	ip, ip, #69632	@ 0x11000
    44f8:	e5bcf878 	ldr	pc, [ip, #2168]!	@ 0x878

000044fc <AK_ISP_set_yuv_hist_attr@plt>:
    44fc:	e28fc600 	add	ip, pc, #0, 12
    4500:	e28cca11 	add	ip, ip, #69632	@ 0x11000
    4504:	e5bcf870 	ldr	pc, [ip, #2160]!	@ 0x870

00004508 <AK_ISP_get_sharp_attr@plt>:
    4508:	e28fc600 	add	ip, pc, #0, 12
    450c:	e28cca11 	add	ip, ip, #69632	@ 0x11000
    4510:	e5bcf868 	ldr	pc, [ip, #2152]!	@ 0x868

00004514 <isp_vi_stream_ctrl_off@plt>:
    4514:	e28fc600 	add	ip, pc, #0, 12
    4518:	e28cca11 	add	ip, ip, #69632	@ 0x11000
    451c:	e5bcf860 	ldr	pc, [ip, #2144]!	@ 0x860

00004520 <AK_ISP_get_sub_chan_mask_area@plt>:
    4520:	e28fc600 	add	ip, pc, #0, 12
    4524:	e28cca11 	add	ip, ip, #69632	@ 0x11000
    4528:	e5bcf858 	ldr	pc, [ip, #2136]!	@ 0x858

0000452c <AK_ISP_get_yuv_hist_attr@plt>:
    452c:	e28fc600 	add	ip, pc, #0, 12
    4530:	e28cca11 	add	ip, ip, #69632	@ 0x11000
    4534:	e5bcf850 	ldr	pc, [ip, #2128]!	@ 0x850

00004538 <strstr@plt>:
    4538:	e28fc600 	add	ip, pc, #0, 12
    453c:	e28cca11 	add	ip, ip, #69632	@ 0x11000
    4540:	e5bcf848 	ldr	pc, [ip, #2120]!	@ 0x848

00004544 <AK_ISP_get_af_attr@plt>:
    4544:	e28fc600 	add	ip, pc, #0, 12
    4548:	e28cca11 	add	ip, ip, #69632	@ 0x11000
    454c:	e5bcf840 	ldr	pc, [ip, #2112]!	@ 0x840

00004550 <ak_vi_set_channel_attr@plt>:
    4550:	e28fc600 	add	ip, pc, #0, 12
    4554:	e28cca11 	add	ip, ip, #69632	@ 0x11000
    4558:	e5bcf838 	ldr	pc, [ip, #2104]!	@ 0x838

0000455c <Ak_ISP_get_awb_stat_info@plt>:
    455c:	e28fc600 	add	ip, pc, #0, 12
    4560:	e28cca11 	add	ip, ip, #69632	@ 0x11000
    4564:	e5bcf830 	ldr	pc, [ip, #2096]!	@ 0x830

00004568 <ak_sleep_ms@plt>:
    4568:	e28fc600 	add	ip, pc, #0, 12
    456c:	e28cca11 	add	ip, ip, #69632	@ 0x11000
    4570:	e5bcf828 	ldr	pc, [ip, #2088]!	@ 0x828

00004574 <AK_ISP_set_weight_attr@plt>:
    4574:	e28fc600 	add	ip, pc, #0, 12
    4578:	e28cca11 	add	ip, ip, #69632	@ 0x11000
    457c:	e5bcf820 	ldr	pc, [ip, #2080]!	@ 0x820

00004580 <Ak_ISP_Sensor_Get_Reg@plt>:
    4580:	e28fc600 	add	ip, pc, #0, 12
    4584:	e28cca11 	add	ip, ip, #69632	@ 0x11000
    4588:	e5bcf818 	ldr	pc, [ip, #2072]!	@ 0x818

0000458c <AK_ISP_get_rgb_hist_stat_info@plt>:
    458c:	e28fc600 	add	ip, pc, #0, 12
    4590:	e28cca11 	add	ip, ip, #69632	@ 0x11000
    4594:	e5bcf810 	ldr	pc, [ip, #2064]!	@ 0x810

00004598 <isp_device_close@plt>:
    4598:	e28fc600 	add	ip, pc, #0, 12
    459c:	e28cca11 	add	ip, ip, #69632	@ 0x11000
    45a0:	e5bcf808 	ldr	pc, [ip, #2056]!	@ 0x808

000045a4 <strncpy@plt>:
    45a4:	e28fc600 	add	ip, pc, #0, 12
    45a8:	e28cca11 	add	ip, ip, #69632	@ 0x11000
    45ac:	e5bcf800 	ldr	pc, [ip, #2048]!	@ 0x800

000045b0 <set_error_no@plt>:
    45b0:	e28fc600 	add	ip, pc, #0, 12
    45b4:	e28cca11 	add	ip, ip, #69632	@ 0x11000
    45b8:	e5bcf7f8 	ldr	pc, [ip, #2040]!	@ 0x7f8

000045bc <AK_ISP_set_ccm_attr@plt>:
    45bc:	e28fc600 	add	ip, pc, #0, 12
    45c0:	e28cca11 	add	ip, ip, #69632	@ 0x11000
    45c4:	e5bcf7f0 	ldr	pc, [ip, #2032]!	@ 0x7f0

000045c8 <AK_ISP_set_3d_nr_ref_attr@plt>:
    45c8:	e28fc600 	add	ip, pc, #0, 12
    45cc:	e28cca11 	add	ip, ip, #69632	@ 0x11000
    45d0:	e5bcf7e8 	ldr	pc, [ip, #2024]!	@ 0x7e8

000045d4 <AK_ISP_set_misc_attr@plt>:
    45d4:	e28fc600 	add	ip, pc, #0, 12
    45d8:	e28cca11 	add	ip, ip, #69632	@ 0x11000
    45dc:	e5bcf7e0 	ldr	pc, [ip, #2016]!	@ 0x7e0

000045e0 <AK_ISP_get_ae_attr@plt>:
    45e0:	e28fc600 	add	ip, pc, #0, 12
    45e4:	e28cca11 	add	ip, ip, #69632	@ 0x11000
    45e8:	e5bcf7d8 	ldr	pc, [ip, #2008]!	@ 0x7d8

000045ec <AK_ISP_set_af_attr@plt>:
    45ec:	e28fc600 	add	ip, pc, #0, 12
    45f0:	e28cca11 	add	ip, ip, #69632	@ 0x11000
    45f4:	e5bcf7d0 	ldr	pc, [ip, #2000]!	@ 0x7d0

000045f8 <AK_ISP_get_gb_attr@plt>:
    45f8:	e28fc600 	add	ip, pc, #0, 12
    45fc:	e28cca11 	add	ip, ip, #69632	@ 0x11000
    4600:	e5bcf7c8 	ldr	pc, [ip, #1992]!	@ 0x7c8

00004604 <fread@plt>:
    4604:	e28fc600 	add	ip, pc, #0, 12
    4608:	e28cca11 	add	ip, ip, #69632	@ 0x11000
    460c:	e5bcf7c0 	ldr	pc, [ip, #1984]!	@ 0x7c0

00004610 <AK_ISP_set_wb_type@plt>:
    4610:	e28fc600 	add	ip, pc, #0, 12
    4614:	e28cca11 	add	ip, ip, #69632	@ 0x11000
    4618:	e5bcf7b8 	ldr	pc, [ip, #1976]!	@ 0x7b8

0000461c <ak_print@plt>:
    461c:	e28fc600 	add	ip, pc, #0, 12
    4620:	e28cca11 	add	ip, ip, #69632	@ 0x11000
    4624:	e5bcf7b0 	ldr	pc, [ip, #1968]!	@ 0x7b0

00004628 <AK_ISP_get_exp_type@plt>:
    4628:	e28fc600 	add	ip, pc, #0, 12
    462c:	e28cca11 	add	ip, ip, #69632	@ 0x11000
    4630:	e5bcf7a8 	ldr	pc, [ip, #1960]!	@ 0x7a8

00004634 <isp_switch@plt>:
    4634:	e28fc600 	add	ip, pc, #0, 12
    4638:	e28cca11 	add	ip, ip, #69632	@ 0x11000
    463c:	e5bcf7a0 	ldr	pc, [ip, #1952]!	@ 0x7a0

00004640 <AK_ISP_get_wdr_attr@plt>:
    4640:	e28fc600 	add	ip, pc, #0, 12
    4644:	e28cca11 	add	ip, ip, #69632	@ 0x11000
    4648:	e5bcf798 	ldr	pc, [ip, #1944]!	@ 0x798

0000464c <fopen@plt>:
    464c:	e28fc600 	add	ip, pc, #0, 12
    4650:	e28cca11 	add	ip, ip, #69632	@ 0x11000
    4654:	e5bcf790 	ldr	pc, [ip, #1936]!	@ 0x790

00004658 <memset@plt>:
    4658:	e28fc600 	add	ip, pc, #0, 12
    465c:	e28cca11 	add	ip, ip, #69632	@ 0x11000
    4660:	e5bcf788 	ldr	pc, [ip, #1928]!	@ 0x788

00004664 <isp_vi_set_crop_attr@plt>:
    4664:	e28fc600 	add	ip, pc, #0, 12
    4668:	e28cca11 	add	ip, ip, #69632	@ 0x11000
    466c:	e5bcf780 	ldr	pc, [ip, #1920]!	@ 0x780

00004670 <ftell@plt>:
    4670:	e28fc600 	add	ip, pc, #0, 12
    4674:	e28cca11 	add	ip, ip, #69632	@ 0x11000
    4678:	e5bcf778 	ldr	pc, [ip, #1912]!	@ 0x778

0000467c <AK_ISP_get_rgb_hist_attr@plt>:
    467c:	e28fc600 	add	ip, pc, #0, 12
    4680:	e28cca11 	add	ip, ip, #69632	@ 0x11000
    4684:	e5bcf770 	ldr	pc, [ip, #1904]!	@ 0x770

00004688 <AK_ISP_get_rgb_gamma_attr@plt>:
    4688:	e28fc600 	add	ip, pc, #0, 12
    468c:	e28cca11 	add	ip, ip, #69632	@ 0x11000
    4690:	e5bcf768 	ldr	pc, [ip, #1896]!	@ 0x768

00004694 <fclose@plt>:
    4694:	e28fc600 	add	ip, pc, #0, 12
    4698:	e28cca11 	add	ip, ip, #69632	@ 0x11000
    469c:	e5bcf760 	ldr	pc, [ip, #1888]!	@ 0x760

000046a0 <AK_ISP_get_contrast_attr@plt>:
    46a0:	e28fc600 	add	ip, pc, #0, 12
    46a4:	e28cca11 	add	ip, ip, #69632	@ 0x11000
    46a8:	e5bcf758 	ldr	pc, [ip, #1880]!	@ 0x758

000046ac <AK_ISP_get_lsc_attr@plt>:
    46ac:	e28fc600 	add	ip, pc, #0, 12
    46b0:	e28cca11 	add	ip, ip, #69632	@ 0x11000
    46b4:	e5bcf750 	ldr	pc, [ip, #1872]!	@ 0x750

000046b8 <isp_set_flip_mirror@plt>:
    46b8:	e28fc600 	add	ip, pc, #0, 12
    46bc:	e28cca11 	add	ip, ip, #69632	@ 0x11000
    46c0:	e5bcf748 	ldr	pc, [ip, #1864]!	@ 0x748

000046c4 <opendir@plt>:
    46c4:	e28fc600 	add	ip, pc, #0, 12
    46c8:	e28cca11 	add	ip, ip, #69632	@ 0x11000
    46cc:	e5bcf740 	ldr	pc, [ip, #1856]!	@ 0x740

000046d0 <ak_vi_switch_mode@plt>:
    46d0:	e28fc600 	add	ip, pc, #0, 12
    46d4:	e28cca11 	add	ip, ip, #69632	@ 0x11000
    46d8:	e5bcf738 	ldr	pc, [ip, #1848]!	@ 0x738

000046dc <isp_vi_set_sub_attr@plt>:
    46dc:	e28fc600 	add	ip, pc, #0, 12
    46e0:	e28cca11 	add	ip, ip, #69632	@ 0x11000
    46e4:	e5bcf730 	ldr	pc, [ip, #1840]!	@ 0x730

000046e8 <AK_ISP_get_misc_attr@plt>:
    46e8:	e28fc600 	add	ip, pc, #0, 12
    46ec:	e28cca11 	add	ip, ip, #69632	@ 0x11000
    46f0:	e5bcf728 	ldr	pc, [ip, #1832]!	@ 0x728

000046f4 <AK_ISP_get_saturation_attr@plt>:
    46f4:	e28fc600 	add	ip, pc, #0, 12
    46f8:	e28cca11 	add	ip, ip, #69632	@ 0x11000
    46fc:	e5bcf720 	ldr	pc, [ip, #1824]!	@ 0x720

00004700 <sprintf@plt>:
    4700:	e28fc600 	add	ip, pc, #0, 12
    4704:	e28cca11 	add	ip, ip, #69632	@ 0x11000
    4708:	e5bcf718 	ldr	pc, [ip, #1816]!	@ 0x718

0000470c <AK_ISP_get_nr2_attr@plt>:
    470c:	e28fc600 	add	ip, pc, #0, 12
    4710:	e28cca11 	add	ip, ip, #69632	@ 0x11000
    4714:	e5bcf710 	ldr	pc, [ip, #1808]!	@ 0x710

00004718 <isp_cfg_file_set_path@plt>:
    4718:	e28fc600 	add	ip, pc, #0, 12
    471c:	e28cca11 	add	ip, ip, #69632	@ 0x11000
    4720:	e5bcf708 	ldr	pc, [ip, #1800]!	@ 0x708

00004724 <AK_ISP_get_demo_attr@plt>:
    4724:	e28fc600 	add	ip, pc, #0, 12
    4728:	e28cca11 	add	ip, ip, #69632	@ 0x11000
    472c:	e5bcf700 	ldr	pc, [ip, #1792]!	@ 0x700

00004730 <akuio_vaddr2paddr@plt>:
    4730:	e28fc600 	add	ip, pc, #0, 12
    4734:	e28cca11 	add	ip, ip, #69632	@ 0x11000
    4738:	e5bcf6f8 	ldr	pc, [ip, #1784]!	@ 0x6f8

0000473c <isp_module_init@plt>:
    473c:	e28fc600 	add	ip, pc, #0, 12
    4740:	e28cca11 	add	ip, ip, #69632	@ 0x11000
    4744:	e5bcf6f0 	ldr	pc, [ip, #1776]!	@ 0x6f0

00004748 <ak_get_ostime@plt>:
    4748:	e28fc600 	add	ip, pc, #0, 12
    474c:	e28cca11 	add	ip, ip, #69632	@ 0x11000
    4750:	e5bcf6e8 	ldr	pc, [ip, #1768]!	@ 0x6e8

00004754 <isp_set_switch_fps_enable@plt>:
    4754:	e28fc600 	add	ip, pc, #0, 12
    4758:	e28cca11 	add	ip, ip, #69632	@ 0x11000
    475c:	e5bcf6e0 	ldr	pc, [ip, #1760]!	@ 0x6e0

00004760 <ak_thread_sem_wait@plt>:
    4760:	e28fc600 	add	ip, pc, #0, 12
    4764:	e28cca11 	add	ip, ip, #69632	@ 0x11000
    4768:	e5bcf6d8 	ldr	pc, [ip, #1752]!	@ 0x6d8

0000476c <ak_diff_ms_time@plt>:
    476c:	e28fc600 	add	ip, pc, #0, 12
    4770:	e28cca11 	add	ip, ip, #69632	@ 0x11000
    4774:	e5bcf6d0 	ldr	pc, [ip, #1744]!	@ 0x6d0

00004778 <AK_ISP_set_sdpc_attr@plt>:
    4778:	e28fc600 	add	ip, pc, #0, 12
    477c:	e28cca11 	add	ip, ip, #69632	@ 0x11000
    4780:	e5bcf6c8 	ldr	pc, [ip, #1736]!	@ 0x6c8

00004784 <isp_vi_get_frame@plt>:
    4784:	e28fc600 	add	ip, pc, #0, 12
    4788:	e28cca11 	add	ip, ip, #69632	@ 0x11000
    478c:	e5bcf6c0 	ldr	pc, [ip, #1728]!	@ 0x6c0

00004790 <AK_ISP_get_mwb_attr@plt>:
    4790:	e28fc600 	add	ip, pc, #0, 12
    4794:	e28cca11 	add	ip, ip, #69632	@ 0x11000
    4798:	e5bcf6b8 	ldr	pc, [ip, #1720]!	@ 0x6b8

0000479c <stat@plt>:
    479c:	e28fc600 	add	ip, pc, #0, 12
    47a0:	e28cca11 	add	ip, ip, #69632	@ 0x11000
    47a4:	e5bcf6b0 	ldr	pc, [ip, #1712]!	@ 0x6b0

000047a8 <fwrite@plt>:
    47a8:	e28fc600 	add	ip, pc, #0, 12
    47ac:	e28cca11 	add	ip, ip, #69632	@ 0x11000
    47b0:	e5bcf6a8 	ldr	pc, [ip, #1704]!	@ 0x6a8

000047b4 <isp_set_sensor_fps@plt>:
    47b4:	e28fc600 	add	ip, pc, #0, 12
    47b8:	e28cca11 	add	ip, ip, #69632	@ 0x11000
    47bc:	e5bcf6a0 	ldr	pc, [ip, #1696]!	@ 0x6a0

000047c0 <AK_ISP_set_3d_nr_attr@plt>:
    47c0:	e28fc600 	add	ip, pc, #0, 12
    47c4:	e28cca11 	add	ip, ip, #69632	@ 0x11000
    47c8:	e5bcf698 	ldr	pc, [ip, #1688]!	@ 0x698

000047cc <rewind@plt>:
    47cc:	e28fc600 	add	ip, pc, #0, 12
    47d0:	e28cca11 	add	ip, ip, #69632	@ 0x11000
    47d4:	e5bcf690 	ldr	pc, [ip, #1680]!	@ 0x690

000047d8 <ak_thread_sem_post@plt>:
    47d8:	e28fc600 	add	ip, pc, #0, 12
    47dc:	e28cca11 	add	ip, ip, #69632	@ 0x11000
    47e0:	e5bcf688 	ldr	pc, [ip, #1672]!	@ 0x688

000047e4 <__errno_location@plt>:
    47e4:	e28fc600 	add	ip, pc, #0, 12
    47e8:	e28cca11 	add	ip, ip, #69632	@ 0x11000
    47ec:	e5bcf680 	ldr	pc, [ip, #1664]!	@ 0x680

000047f0 <isp_cfg_file_get_style_id@plt>:
    47f0:	e28fc600 	add	ip, pc, #0, 12
    47f4:	e28cca11 	add	ip, ip, #69632	@ 0x11000
    47f8:	e5bcf678 	ldr	pc, [ip, #1656]!	@ 0x678

000047fc <AK_ISP_set_mwb_attr@plt>:
    47fc:	e28fc600 	add	ip, pc, #0, 12
    4800:	e28cca11 	add	ip, ip, #69632	@ 0x11000
    4804:	e5bcf670 	ldr	pc, [ip, #1648]!	@ 0x670

00004808 <AK_ISP_get_frame_rate@plt>:
    4808:	e28fc600 	add	ip, pc, #0, 12
    480c:	e28cca11 	add	ip, ip, #69632	@ 0x11000
    4810:	e5bcf668 	ldr	pc, [ip, #1640]!	@ 0x668

00004814 <ak_thread_exit@plt>:
    4814:	e28fc600 	add	ip, pc, #0, 12
    4818:	e28cca11 	add	ip, ip, #69632	@ 0x11000
    481c:	e5bcf660 	ldr	pc, [ip, #1632]!	@ 0x660

00004820 <akuio_free_pmem@plt>:
    4820:	e28fc600 	add	ip, pc, #0, 12
    4824:	e28cca11 	add	ip, ip, #69632	@ 0x11000
    4828:	e5bcf658 	ldr	pc, [ip, #1624]!	@ 0x658

0000482c <isp_vi_capture_off@plt>:
    482c:	e28fc600 	add	ip, pc, #0, 12
    4830:	e28cca11 	add	ip, ip, #69632	@ 0x11000
    4834:	e5bcf650 	ldr	pc, [ip, #1616]!	@ 0x650

00004838 <AK_ISP_get_main_chan_mask_area@plt>:
    4838:	e28fc600 	add	ip, pc, #0, 12
    483c:	e28cca11 	add	ip, ip, #69632	@ 0x11000
    4840:	e5bcf648 	ldr	pc, [ip, #1608]!	@ 0x648

00004844 <isp_cfg_file_load@plt>:
    4844:	e28fc600 	add	ip, pc, #0, 12
    4848:	e28cca11 	add	ip, ip, #69632	@ 0x11000
    484c:	e5bcf640 	ldr	pc, [ip, #1600]!	@ 0x640

00004850 <AK_ISP_set_mask_color@plt>:
    4850:	e28fc600 	add	ip, pc, #0, 12
    4854:	e28cca11 	add	ip, ip, #69632	@ 0x11000
    4858:	e5bcf638 	ldr	pc, [ip, #1592]!	@ 0x638

0000485c <AK_ISP_set_wdr_attr@plt>:
    485c:	e28fc600 	add	ip, pc, #0, 12
    4860:	e28cca11 	add	ip, ip, #69632	@ 0x11000
    4864:	e5bcf630 	ldr	pc, [ip, #1584]!	@ 0x630

00004868 <isp_get_flip_mirror@plt>:
    4868:	e28fc600 	add	ip, pc, #0, 12
    486c:	e28cca11 	add	ip, ip, #69632	@ 0x11000
    4870:	e5bcf628 	ldr	pc, [ip, #1576]!	@ 0x628

00004874 <AK_ISP_set_sharp_ex_attr@plt>:
    4874:	e28fc600 	add	ip, pc, #0, 12
    4878:	e28cca11 	add	ip, ip, #69632	@ 0x11000
    487c:	e5bcf620 	ldr	pc, [ip, #1568]!	@ 0x620

00004880 <strlen@plt>:
    4880:	e28fc600 	add	ip, pc, #0, 12
    4884:	e28cca11 	add	ip, ip, #69632	@ 0x11000
    4888:	e5bcf618 	ldr	pc, [ip, #1560]!	@ 0x618

0000488c <open@plt>:
    488c:	e28fc600 	add	ip, pc, #0, 12
    4890:	e28cca11 	add	ip, ip, #69632	@ 0x11000
    4894:	e5bcf610 	ldr	pc, [ip, #1552]!	@ 0x610

00004898 <AK_ISP_get_yuv_hist_stat_info@plt>:
    4898:	e28fc600 	add	ip, pc, #0, 12
    489c:	e28cca11 	add	ip, ip, #69632	@ 0x11000
    48a0:	e5bcf608 	ldr	pc, [ip, #1544]!	@ 0x608

000048a4 <isp_set_attr@plt>:
    48a4:	e28fc600 	add	ip, pc, #0, 12
    48a8:	e28cca11 	add	ip, ip, #69632	@ 0x11000
    48ac:	e5bcf600 	ldr	pc, [ip, #1536]!	@ 0x600

000048b0 <isp_init@plt>:
    48b0:	e28fc600 	add	ip, pc, #0, 12
    48b4:	e28cca11 	add	ip, ip, #69632	@ 0x11000
    48b8:	e5bcf5f8 	ldr	pc, [ip, #1528]!	@ 0x5f8

000048bc <AK_ISP_get_af_stat_info@plt>:
    48bc:	e28fc600 	add	ip, pc, #0, 12
    48c0:	e28cca11 	add	ip, ip, #69632	@ 0x11000
    48c4:	e5bcf5f0 	ldr	pc, [ip, #1520]!	@ 0x5f0

000048c8 <AK_ISP_set_nr1_attr@plt>:
    48c8:	e28fc600 	add	ip, pc, #0, 12
    48cc:	e28cca11 	add	ip, ip, #69632	@ 0x11000
    48d0:	e5bcf5e8 	ldr	pc, [ip, #1512]!	@ 0x5e8

000048d4 <AK_ISP_get_raw_hist_attr@plt>:
    48d4:	e28fc600 	add	ip, pc, #0, 12
    48d8:	e28cca11 	add	ip, ip, #69632	@ 0x11000
    48dc:	e5bcf5e0 	ldr	pc, [ip, #1504]!	@ 0x5e0

000048e0 <closedir@plt>:
    48e0:	e28fc600 	add	ip, pc, #0, 12
    48e4:	e28cca11 	add	ip, ip, #69632	@ 0x11000
    48e8:	e5bcf5d8 	ldr	pc, [ip, #1496]!	@ 0x5d8

000048ec <ak_thread_set_name@plt>:
    48ec:	e28fc600 	add	ip, pc, #0, 12
    48f0:	e28cca11 	add	ip, ip, #69632	@ 0x11000
    48f4:	e5bcf5d0 	ldr	pc, [ip, #1488]!	@ 0x5d0

000048f8 <fcntl@plt>:
    48f8:	e28fc600 	add	ip, pc, #0, 12
    48fc:	e28cca11 	add	ip, ip, #69632	@ 0x11000
    4900:	e5bcf5c8 	ldr	pc, [ip, #1480]!	@ 0x5c8

00004904 <AK_ISP_sdk_exit@plt>:
    4904:	e28fc600 	add	ip, pc, #0, 12
    4908:	e28cca11 	add	ip, ip, #69632	@ 0x11000
    490c:	e5bcf5c0 	ldr	pc, [ip, #1472]!	@ 0x5c0

00004910 <__register_frame_info@plt>:
    4910:	e28fc600 	add	ip, pc, #0, 12
    4914:	e28cca11 	add	ip, ip, #69632	@ 0x11000
    4918:	e5bcf5b8 	ldr	pc, [ip, #1464]!	@ 0x5b8

0000491c <ak_vpss_osd_close@plt>:
    491c:	e28fc600 	add	ip, pc, #0, 12
    4920:	e28cca11 	add	ip, ip, #69632	@ 0x11000
    4924:	e5bcf5b0 	ldr	pc, [ip, #1456]!	@ 0x5b0

00004928 <close@plt>:
    4928:	e28fc600 	add	ip, pc, #0, 12
    492c:	e28cca11 	add	ip, ip, #69632	@ 0x11000
    4930:	e5bcf5a8 	ldr	pc, [ip, #1448]!	@ 0x5a8

00004934 <AK_ISP_get_raw_lut_attr@plt>:
    4934:	e28fc600 	add	ip, pc, #0, 12
    4938:	e28cca11 	add	ip, ip, #69632	@ 0x11000
    493c:	e5bcf5a0 	ldr	pc, [ip, #1440]!	@ 0x5a0

00004940 <Ak_ISP_Get_Work_Scene@plt>:
    4940:	e28fc600 	add	ip, pc, #0, 12
    4944:	e28cca11 	add	ip, ip, #69632	@ 0x11000
    4948:	e5bcf598 	ldr	pc, [ip, #1432]!	@ 0x598

0000494c <AK_ISP_set_awb_attr@plt>:
    494c:	e28fc600 	add	ip, pc, #0, 12
    4950:	e28cca11 	add	ip, ip, #69632	@ 0x11000
    4954:	e5bcf590 	ldr	pc, [ip, #1424]!	@ 0x590

00004958 <ak_thread_mutex_destroy@plt>:
    4958:	e28fc600 	add	ip, pc, #0, 12
    495c:	e28cca11 	add	ip, ip, #69632	@ 0x11000
    4960:	e5bcf588 	ldr	pc, [ip, #1416]!	@ 0x588

00004964 <raise@plt>:
    4964:	e28fc600 	add	ip, pc, #0, 12
    4968:	e28cca11 	add	ip, ip, #69632	@ 0x11000
    496c:	e5bcf580 	ldr	pc, [ip, #1408]!	@ 0x580

00004970 <free@plt>:
    4970:	e28fc600 	add	ip, pc, #0, 12
    4974:	e28cca11 	add	ip, ip, #69632	@ 0x11000
    4978:	e5bcf578 	ldr	pc, [ip, #1400]!	@ 0x578

0000497c <AK_ISP_set_raw_lut_attr@plt>:
    497c:	e28fc600 	add	ip, pc, #0, 12
    4980:	e28cca11 	add	ip, ip, #69632	@ 0x11000
    4984:	e5bcf570 	ldr	pc, [ip, #1392]!	@ 0x570

00004988 <AK_ISP_get_fcs_attr@plt>:
    4988:	e28fc600 	add	ip, pc, #0, 12
    498c:	e28cca11 	add	ip, ip, #69632	@ 0x11000
    4990:	e5bcf568 	ldr	pc, [ip, #1384]!	@ 0x568

Disassembly of section .text:

00004994 <ak_vi_get_version-0x570>:
    4994:	e59f203c 	ldr	r2, [pc, #60]	@ 49d8 <AK_ISP_get_fcs_attr@plt+0x50>
    4998:	e59f003c 	ldr	r0, [pc, #60]	@ 49dc <AK_ISP_get_fcs_attr@plt+0x54>
    499c:	e08f2002 	add	r2, pc, r2
    49a0:	e92d4008 	push	{r3, lr}
    49a4:	e59f3034 	ldr	r3, [pc, #52]	@ 49e0 <AK_ISP_get_fcs_attr@plt+0x58>
    49a8:	e08f0000 	add	r0, pc, r0
    49ac:	e2822003 	add	r2, r2, #3
    49b0:	e0602002 	rsb	r2, r0, r2
    49b4:	e3520006 	cmp	r2, #6
    49b8:	e08f3003 	add	r3, pc, r3
    49bc:	98bd8008 	popls	{r3, pc}
    49c0:	e59f201c 	ldr	r2, [pc, #28]	@ 49e4 <AK_ISP_get_fcs_attr@plt+0x5c>
    49c4:	e7933002 	ldr	r3, [r3, r2]
    49c8:	e3530000 	cmp	r3, #0
    49cc:	08bd8008 	popeq	{r3, pc}
    49d0:	e12fff33 	blx	r3
    49d4:	e8bd8008 	pop	{r3, pc}
    49d8:	000115f4 	strdeq	r1, [r1], -r4
    49dc:	000115e8 	andeq	r1, r1, r8, ror #11
    49e0:	00011214 	andeq	r1, r1, r4, lsl r2
    49e4:	00000334 	andeq	r0, r0, r4, lsr r3
    49e8:	e59f0040 	ldr	r0, [pc, #64]	@ 4a30 <AK_ISP_get_fcs_attr@plt+0xa8>
    49ec:	e59f1040 	ldr	r1, [pc, #64]	@ 4a34 <AK_ISP_get_fcs_attr@plt+0xac>
    49f0:	e08f0000 	add	r0, pc, r0
    49f4:	e08f1001 	add	r1, pc, r1
    49f8:	e0601001 	rsb	r1, r0, r1
    49fc:	e92d4008 	push	{r3, lr}
    4a00:	e59f3030 	ldr	r3, [pc, #48]	@ 4a38 <AK_ISP_get_fcs_attr@plt+0xb0>
    4a04:	e1a01141 	asr	r1, r1, #2
    4a08:	e0811fa1 	add	r1, r1, r1, lsr #31
    4a0c:	e1b010c1 	asrs	r1, r1, #1
    4a10:	e08f3003 	add	r3, pc, r3
    4a14:	08bd8008 	popeq	{r3, pc}
    4a18:	e59f201c 	ldr	r2, [pc, #28]	@ 4a3c <AK_ISP_get_fcs_attr@plt+0xb4>
    4a1c:	e7933002 	ldr	r3, [r3, r2]
    4a20:	e3530000 	cmp	r3, #0
    4a24:	08bd8008 	popeq	{r3, pc}
    4a28:	e12fff33 	blx	r3
    4a2c:	e8bd8008 	pop	{r3, pc}
    4a30:	000115a0 	andeq	r1, r1, r0, lsr #11
    4a34:	0001159c 	muleq	r1, ip, r5
    4a38:	000111bc 			@ <UNDEFINED> instruction: 0x000111bc
    4a3c:	00000330 	andeq	r0, r0, r0, lsr r3
    4a40:	e59f3068 	ldr	r3, [pc, #104]	@ 4ab0 <AK_ISP_get_fcs_attr@plt+0x128>
    4a44:	e92d4010 	push	{r4, lr}
    4a48:	e59f4064 	ldr	r4, [pc, #100]	@ 4ab4 <AK_ISP_get_fcs_attr@plt+0x12c>
    4a4c:	e08f3003 	add	r3, pc, r3
    4a50:	e5d33000 	ldrb	r3, [r3]
    4a54:	e08f4004 	add	r4, pc, r4
    4a58:	e3530000 	cmp	r3, #0
    4a5c:	18bd8010 	popne	{r4, pc}
    4a60:	e59f3050 	ldr	r3, [pc, #80]	@ 4ab8 <AK_ISP_get_fcs_attr@plt+0x130>
    4a64:	e7943003 	ldr	r3, [r4, r3]
    4a68:	e3530000 	cmp	r3, #0
    4a6c:	0a000002 	beq	4a7c <AK_ISP_get_fcs_attr@plt+0xf4>
    4a70:	e59f3044 	ldr	r3, [pc, #68]	@ 4abc <AK_ISP_get_fcs_attr@plt+0x134>
    4a74:	e79f0003 	ldr	r0, [pc, r3]
    4a78:	ebfffde8 	bl	4220 <__cxa_finalize@plt>
    4a7c:	ebffffc4 	bl	4994 <AK_ISP_get_fcs_attr@plt+0xc>
    4a80:	e59f3038 	ldr	r3, [pc, #56]	@ 4ac0 <AK_ISP_get_fcs_attr@plt+0x138>
    4a84:	e7943003 	ldr	r3, [r4, r3]
    4a88:	e3530000 	cmp	r3, #0
    4a8c:	0a000002 	beq	4a9c <AK_ISP_get_fcs_attr@plt+0x114>
    4a90:	e59f002c 	ldr	r0, [pc, #44]	@ 4ac4 <AK_ISP_get_fcs_attr@plt+0x13c>
    4a94:	e08f0000 	add	r0, pc, r0
    4a98:	ebfffe85 	bl	44b4 <__deregister_frame_info@plt>
    4a9c:	e59f3024 	ldr	r3, [pc, #36]	@ 4ac8 <AK_ISP_get_fcs_attr@plt+0x140>
    4aa0:	e3a02001 	mov	r2, #1
    4aa4:	e08f3003 	add	r3, pc, r3
    4aa8:	e5c32000 	strb	r2, [r3]
    4aac:	e8bd8010 	pop	{r4, pc}
    4ab0:	00011544 	andeq	r1, r1, r4, asr #10
    4ab4:	00011178 	andeq	r1, r1, r8, ror r1
    4ab8:	00000328 	andeq	r0, r0, r8, lsr #6
    4abc:	00011498 	muleq	r1, r8, r4
    4ac0:	0000032c 	andeq	r0, r0, ip, lsr #6
    4ac4:	00009058 	andeq	r9, r0, r8, asr r0
    4ac8:	000114ec 	andeq	r1, r1, ip, ror #9
    4acc:	e92d4010 	push	{r4, lr}
    4ad0:	e59f4054 	ldr	r4, [pc, #84]	@ 4b2c <AK_ISP_get_fcs_attr@plt+0x1a4>
    4ad4:	e59f3054 	ldr	r3, [pc, #84]	@ 4b30 <AK_ISP_get_fcs_attr@plt+0x1a8>
    4ad8:	e08f4004 	add	r4, pc, r4
    4adc:	e7943003 	ldr	r3, [r4, r3]
    4ae0:	e3530000 	cmp	r3, #0
    4ae4:	0a000004 	beq	4afc <AK_ISP_get_fcs_attr@plt+0x174>
    4ae8:	e59f0044 	ldr	r0, [pc, #68]	@ 4b34 <AK_ISP_get_fcs_attr@plt+0x1ac>
    4aec:	e59f1044 	ldr	r1, [pc, #68]	@ 4b38 <AK_ISP_get_fcs_attr@plt+0x1b0>
    4af0:	e08f0000 	add	r0, pc, r0
    4af4:	e08f1001 	add	r1, pc, r1
    4af8:	ebffff84 	bl	4910 <__register_frame_info@plt>
    4afc:	e59f0038 	ldr	r0, [pc, #56]	@ 4b3c <AK_ISP_get_fcs_attr@plt+0x1b4>
    4b00:	e08f0000 	add	r0, pc, r0
    4b04:	e5903000 	ldr	r3, [r0]
    4b08:	e3530000 	cmp	r3, #0
    4b0c:	0a000004 	beq	4b24 <AK_ISP_get_fcs_attr@plt+0x19c>
    4b10:	e59f3028 	ldr	r3, [pc, #40]	@ 4b40 <AK_ISP_get_fcs_attr@plt+0x1b8>
    4b14:	e7943003 	ldr	r3, [r4, r3]
    4b18:	e3530000 	cmp	r3, #0
    4b1c:	0a000000 	beq	4b24 <AK_ISP_get_fcs_attr@plt+0x19c>
    4b20:	e12fff33 	blx	r3
    4b24:	e8bd4010 	pop	{r4, lr}
    4b28:	eaffffae 	b	49e8 <AK_ISP_get_fcs_attr@plt+0x60>
    4b2c:	000110f4 	strdeq	r1, [r1], -r4
    4b30:	0000033c 	andeq	r0, r0, ip, lsr r3
    4b34:	00008ffc 	strdeq	r8, [r0], -ip
    4b38:	000114a0 	andeq	r1, r1, r0, lsr #9
    4b3c:	00010ff8 	strdeq	r0, [r1], -r8
    4b40:	00000338 	andeq	r0, r0, r8, lsr r3
    4b44:	e59f2034 	ldr	r2, [pc, #52]	@ 4b80 <AK_ISP_get_fcs_attr@plt+0x1f8>
    4b48:	e5b23020 	ldr	r3, [r2, #32]!
    4b4c:	e243302c 	sub	r3, r3, #44	@ 0x2c
    4b50:	e283102c 	add	r1, r3, #44	@ 0x2c
    4b54:	e1510002 	cmp	r1, r2
    4b58:	0a000004 	beq	4b70 <AK_ISP_get_fcs_attr@plt+0x1e8>
    4b5c:	e5931010 	ldr	r1, [r3, #16]
    4b60:	e1510000 	cmp	r1, r0
    4b64:	0a000003 	beq	4b78 <AK_ISP_get_fcs_attr@plt+0x1f0>
    4b68:	e593302c 	ldr	r3, [r3, #44]	@ 0x2c
    4b6c:	eafffff6 	b	4b4c <AK_ISP_get_fcs_attr@plt+0x1c4>
    4b70:	e3a00000 	mov	r0, #0
    4b74:	e12fff1e 	bx	lr
    4b78:	e1a00003 	mov	r0, r3
    4b7c:	e12fff1e 	bx	lr
    4b80:	00015f18 	andeq	r5, r1, r8, lsl pc
    4b84:	e92d4037 	push	{r0, r1, r2, r4, r5, lr}
    4b88:	e5905010 	ldr	r5, [r0, #16]
    4b8c:	e1a04001 	mov	r4, r1
    4b90:	e5953008 	ldr	r3, [r5, #8]
    4b94:	e3a00005 	mov	r0, #5
    4b98:	e58d3000 	str	r3, [sp]
    4b9c:	e59f1068 	ldr	r1, [pc, #104]	@ 4c0c <AK_ISP_get_fcs_attr@plt+0x284>
    4ba0:	e59f3068 	ldr	r3, [pc, #104]	@ 4c10 <AK_ISP_get_fcs_attr@plt+0x288>
    4ba4:	e59f2068 	ldr	r2, [pc, #104]	@ 4c14 <AK_ISP_get_fcs_attr@plt+0x28c>
    4ba8:	ebfffe9b 	bl	461c <ak_print@plt>
    4bac:	e5953008 	ldr	r3, [r5, #8]
    4bb0:	e3530000 	cmp	r3, #0
    4bb4:	13a00000 	movne	r0, #0
    4bb8:	1a000011 	bne	4c04 <AK_ISP_get_fcs_attr@plt+0x27c>
    4bbc:	e59f0054 	ldr	r0, [pc, #84]	@ 4c18 <AK_ISP_get_fcs_attr@plt+0x290>
    4bc0:	ebfffe4a 	bl	44f0 <ak_thread_mutex_lock@plt>
    4bc4:	e59f1050 	ldr	r1, [pc, #80]	@ 4c1c <AK_ISP_get_fcs_attr@plt+0x294>
    4bc8:	e1a00004 	mov	r0, r4
    4bcc:	ebfffd30 	bl	4094 <isp_vi_capture_on@plt>
    4bd0:	e1a04000 	mov	r4, r0
    4bd4:	e59f003c 	ldr	r0, [pc, #60]	@ 4c18 <AK_ISP_get_fcs_attr@plt+0x290>
    4bd8:	ebfffd60 	bl	4160 <ak_thread_mutex_unlock@plt>
    4bdc:	e3540000 	cmp	r4, #0
    4be0:	03a03001 	moveq	r3, #1
    4be4:	e3a00005 	mov	r0, #5
    4be8:	e59f1030 	ldr	r1, [pc, #48]	@ 4c20 <AK_ISP_get_fcs_attr@plt+0x298>
    4bec:	e59f2020 	ldr	r2, [pc, #32]	@ 4c14 <AK_ISP_get_fcs_attr@plt+0x28c>
    4bf0:	05853008 	streq	r3, [r5, #8]
    4bf4:	e58d4000 	str	r4, [sp]
    4bf8:	e3a03fc9 	mov	r3, #804	@ 0x324
    4bfc:	ebfffe86 	bl	461c <ak_print@plt>
    4c00:	e1a00004 	mov	r0, r4
    4c04:	e28dd00c 	add	sp, sp, #12
    4c08:	e8bd8030 	pop	{r4, r5, pc}
    4c0c:	0000bef0 	strdeq	fp, [r0], -r0
    4c10:	00000315 	andeq	r0, r0, r5, lsl r3
    4c14:	0000bc8c 	andeq	fp, r0, ip, lsl #25
    4c18:	00015f20 	andeq	r5, r1, r0, lsr #30
    4c1c:	00232c00 	eoreq	r2, r3, r0, lsl #24
    4c20:	0000bf11 	andeq	fp, r0, r1, lsl pc
    4c24:	e92d4073 	push	{r0, r1, r4, r5, r6, lr}
    4c28:	e59f2088 	ldr	r2, [pc, #136]	@ 4cb8 <AK_ISP_get_fcs_attr@plt+0x330>
    4c2c:	e1a04000 	mov	r4, r0
    4c30:	e1a06001 	mov	r6, r1
    4c34:	e3a00005 	mov	r0, #5
    4c38:	e59f107c 	ldr	r1, [pc, #124]	@ 4cbc <AK_ISP_get_fcs_attr@plt+0x334>
    4c3c:	e59f307c 	ldr	r3, [pc, #124]	@ 4cc0 <AK_ISP_get_fcs_attr@plt+0x338>
    4c40:	ebfffe75 	bl	461c <ak_print@plt>
    4c44:	e5945010 	ldr	r5, [r4, #16]
    4c48:	e3550000 	cmp	r5, #0
    4c4c:	1a000003 	bne	4c60 <AK_ISP_get_fcs_attr@plt+0x2d8>
    4c50:	e3a00013 	mov	r0, #19
    4c54:	ebfffe55 	bl	45b0 <set_error_no@plt>
    4c58:	e3e00000 	mvn	r0, #0
    4c5c:	ea000013 	b	4cb0 <AK_ISP_get_fcs_attr@plt+0x328>
    4c60:	e5954008 	ldr	r4, [r5, #8]
    4c64:	e3540000 	cmp	r4, #0
    4c68:	0a000009 	beq	4c94 <AK_ISP_get_fcs_attr@plt+0x30c>
    4c6c:	e59f1050 	ldr	r1, [pc, #80]	@ 4cc4 <AK_ISP_get_fcs_attr@plt+0x33c>
    4c70:	e59f2040 	ldr	r2, [pc, #64]	@ 4cb8 <AK_ISP_get_fcs_attr@plt+0x330>
    4c74:	e59f304c 	ldr	r3, [pc, #76]	@ 4cc8 <AK_ISP_get_fcs_attr@plt+0x340>
    4c78:	e3a00003 	mov	r0, #3
    4c7c:	ebfffe66 	bl	461c <ak_print@plt>
    4c80:	e3a03000 	mov	r3, #0
    4c84:	e5853008 	str	r3, [r5, #8]
    4c88:	e1a00006 	mov	r0, r6
    4c8c:	ebfffee6 	bl	482c <isp_vi_capture_off@plt>
    4c90:	e1a04000 	mov	r4, r0
    4c94:	e58d4000 	str	r4, [sp]
    4c98:	e3a00005 	mov	r0, #5
    4c9c:	e59f1028 	ldr	r1, [pc, #40]	@ 4ccc <AK_ISP_get_fcs_attr@plt+0x344>
    4ca0:	e59f2010 	ldr	r2, [pc, #16]	@ 4cb8 <AK_ISP_get_fcs_attr@plt+0x330>
    4ca4:	e59f3024 	ldr	r3, [pc, #36]	@ 4cd0 <AK_ISP_get_fcs_attr@plt+0x348>
    4ca8:	ebfffe5b 	bl	461c <ak_print@plt>
    4cac:	e1a00004 	mov	r0, r4
    4cb0:	e28dd008 	add	sp, sp, #8
    4cb4:	e8bd8070 	pop	{r4, r5, r6, pc}
    4cb8:	0000bc9e 	muleq	r0, lr, ip
    4cbc:	0000bf2b 	andeq	fp, r0, fp, lsr #30
    4cc0:	0000032a 	andeq	r0, r0, sl, lsr #6
    4cc4:	0000bf3d 	andeq	fp, r0, sp, lsr pc
    4cc8:	00000337 	andeq	r0, r0, r7, lsr r3
    4ccc:	0000bf11 	andeq	fp, r0, r1, lsl pc
    4cd0:	0000033b 	andeq	r0, r0, fp, lsr r3
    4cd4:	e92d41f0 	push	{r4, r5, r6, r7, r8, lr}
    4cd8:	e5913004 	ldr	r3, [r1, #4]
    4cdc:	e1a06001 	mov	r6, r1
    4ce0:	e20000ff 	and	r0, r0, #255	@ 0xff
    4ce4:	e3a01001 	mov	r1, #1
    4ce8:	e1c30011 	bic	r0, r3, r1, lsl r0
    4cec:	e2527000 	subs	r7, r2, #0
    4cf0:	e24dd018 	sub	sp, sp, #24
    4cf4:	e5860004 	str	r0, [r6, #4]
    4cf8:	0a00003b 	beq	4dec <AK_ISP_get_fcs_attr@plt+0x464>
    4cfc:	e1c621d8 	ldrd	r2, [r6, #24]
    4d00:	e1921003 	orrs	r1, r2, r3
    4d04:	0a000002 	beq	4d14 <AK_ISP_get_fcs_attr@plt+0x38c>
    4d08:	e5961010 	ldr	r1, [r6, #16]
    4d0c:	e3510000 	cmp	r1, #0
    4d10:	1a000007 	bne	4d34 <AK_ISP_get_fcs_attr@plt+0x3ac>
    4d14:	e1cd20f0 	strd	r2, [sp]
    4d18:	e5963010 	ldr	r3, [r6, #16]
    4d1c:	e3a00002 	mov	r0, #2
    4d20:	e58d3008 	str	r3, [sp, #8]
    4d24:	e59f10cc 	ldr	r1, [pc, #204]	@ 4df8 <AK_ISP_get_fcs_attr@plt+0x470>
    4d28:	e59f20cc 	ldr	r2, [pc, #204]	@ 4dfc <AK_ISP_get_fcs_attr@plt+0x474>
    4d2c:	e59f30cc 	ldr	r3, [pc, #204]	@ 4e00 <AK_ISP_get_fcs_attr@plt+0x478>
    4d30:	ebfffe39 	bl	461c <ak_print@plt>
    4d34:	e596300c 	ldr	r3, [r6, #12]
    4d38:	e59f80c4 	ldr	r8, [pc, #196]	@ 4e04 <AK_ISP_get_fcs_attr@plt+0x47c>
    4d3c:	e5873000 	str	r3, [r7]
    4d40:	e5963010 	ldr	r3, [r6, #16]
    4d44:	e1c800d0 	ldrd	r0, [r8]
    4d48:	e5873004 	str	r3, [r7, #4]
    4d4c:	e1c621d8 	ldrd	r2, [r6, #24]
    4d50:	e1c720f8 	strd	r2, [r7, #8]
    4d54:	e5963020 	ldr	r3, [r6, #32]
    4d58:	e5873010 	str	r3, [r7, #16]
    4d5c:	e596200c 	ldr	r2, [r6, #12]
    4d60:	e5963010 	ldr	r3, [r6, #16]
    4d64:	e0823003 	add	r3, r2, r3
    4d68:	e5873018 	str	r3, [r7, #24]
    4d6c:	e5963014 	ldr	r3, [r6, #20]
    4d70:	e587301c 	str	r3, [r7, #28]
    4d74:	e1c621d8 	ldrd	r2, [r6, #24]
    4d78:	e1c722f0 	strd	r2, [r7, #32]
    4d7c:	e5963020 	ldr	r3, [r6, #32]
    4d80:	e5873028 	str	r3, [r7, #40]	@ 0x28
    4d84:	e1903001 	orrs	r3, r0, r1
    4d88:	0a00000d 	beq	4dc4 <AK_ISP_get_fcs_attr@plt+0x43c>
    4d8c:	e1c641d8 	ldrd	r4, [r6, #24]
    4d90:	e1510005 	cmp	r1, r5
    4d94:	01500004 	cmpeq	r0, r4
    4d98:	9a000009 	bls	4dc4 <AK_ISP_get_fcs_attr@plt+0x43c>
    4d9c:	e1cd00f0 	strd	r0, [sp]
    4da0:	e59f2054 	ldr	r2, [pc, #84]	@ 4dfc <AK_ISP_get_fcs_attr@plt+0x474>
    4da4:	e0500004 	subs	r0, r0, r4
    4da8:	e0c11005 	sbc	r1, r1, r5
    4dac:	e1cd01f0 	strd	r0, [sp, #16]
    4db0:	e59f3050 	ldr	r3, [pc, #80]	@ 4e08 <AK_ISP_get_fcs_attr@plt+0x480>
    4db4:	e1cd40f8 	strd	r4, [sp, #8]
    4db8:	e59f104c 	ldr	r1, [pc, #76]	@ 4e0c <AK_ISP_get_fcs_attr@plt+0x484>
    4dbc:	e3a00001 	mov	r0, #1
    4dc0:	ebfffe15 	bl	461c <ak_print@plt>
    4dc4:	e1c621d8 	ldrd	r2, [r6, #24]
    4dc8:	e3a00000 	mov	r0, #0
    4dcc:	e1c820f0 	strd	r2, [r8]
    4dd0:	e5962014 	ldr	r2, [r6, #20]
    4dd4:	e5963010 	ldr	r3, [r6, #16]
    4dd8:	e0823003 	add	r3, r2, r3
    4ddc:	e596200c 	ldr	r2, [r6, #12]
    4de0:	e0823003 	add	r3, r2, r3
    4de4:	e5873030 	str	r3, [r7, #48]	@ 0x30
    4de8:	ea000000 	b	4df0 <AK_ISP_get_fcs_attr@plt+0x468>
    4dec:	e3e00000 	mvn	r0, #0
    4df0:	e28dd018 	add	sp, sp, #24
    4df4:	e8bd81f0 	pop	{r4, r5, r6, r7, r8, pc}
    4df8:	0000bf52 	andeq	fp, r0, r2, asr pc
    4dfc:	0000bcb1 			@ <UNDEFINED> instruction: 0x0000bcb1
    4e00:	00000103 	andeq	r0, r0, r3, lsl #2
    4e04:	00015fb8 			@ <UNDEFINED> instruction: 0x00015fb8
    4e08:	00000116 	andeq	r0, r0, r6, lsl r1
    4e0c:	0000bf7f 	andeq	fp, r0, pc, ror pc
    4e10:	e92d4013 	push	{r0, r1, r4, lr}
    4e14:	e1a04000 	mov	r4, r0
    4e18:	ebfffcaf 	bl	40dc <ak_check_file_exist@plt>
    4e1c:	e3500000 	cmp	r0, #0
    4e20:	0a000007 	beq	4e44 <AK_ISP_get_fcs_attr@plt+0x4bc>
    4e24:	e58d4000 	str	r4, [sp]
    4e28:	e3a00001 	mov	r0, #1
    4e2c:	e59f1038 	ldr	r1, [pc, #56]	@ 4e6c <AK_ISP_get_fcs_attr@plt+0x4e4>
    4e30:	e59f2038 	ldr	r2, [pc, #56]	@ 4e70 <AK_ISP_get_fcs_attr@plt+0x4e8>
    4e34:	e3a03092 	mov	r3, #146	@ 0x92
    4e38:	ebfffdf7 	bl	461c <ak_print@plt>
    4e3c:	e3e00000 	mvn	r0, #0
    4e40:	ea000007 	b	4e64 <AK_ISP_get_fcs_attr@plt+0x4dc>
    4e44:	e59f0028 	ldr	r0, [pc, #40]	@ 4e74 <AK_ISP_get_fcs_attr@plt+0x4ec>
    4e48:	ebfffda8 	bl	44f0 <ak_thread_mutex_lock@plt>
    4e4c:	e1a00004 	mov	r0, r4
    4e50:	ebfffc9e 	bl	40d0 <isp_main_match_sensor_cfgfile@plt>
    4e54:	e1a04000 	mov	r4, r0
    4e58:	e59f0014 	ldr	r0, [pc, #20]	@ 4e74 <AK_ISP_get_fcs_attr@plt+0x4ec>
    4e5c:	ebfffcbf 	bl	4160 <ak_thread_mutex_unlock@plt>
    4e60:	e1a00004 	mov	r0, r4
    4e64:	e28dd008 	add	sp, sp, #8
    4e68:	e8bd8010 	pop	{r4, pc}
    4e6c:	0000bfc0 	andeq	fp, r0, r0, asr #31
    4e70:	0000bcc0 	andeq	fp, r0, r0, asr #25
    4e74:	00015f20 	andeq	r5, r1, r0, lsr #30
    4e78:	e92d41f0 	push	{r4, r5, r6, r7, r8, lr}
    4e7c:	e5903024 	ldr	r3, [r0, #36]	@ 0x24
    4e80:	e59f7068 	ldr	r7, [pc, #104]	@ 4ef0 <AK_ISP_get_fcs_attr@plt+0x568>
    4e84:	e5935000 	ldr	r5, [r3]
    4e88:	e59f8064 	ldr	r8, [pc, #100]	@ 4ef4 <AK_ISP_get_fcs_attr@plt+0x56c>
    4e8c:	e1a06000 	mov	r6, r0
    4e90:	e2434024 	sub	r4, r3, #36	@ 0x24
    4e94:	e2455024 	sub	r5, r5, #36	@ 0x24
    4e98:	e1540006 	cmp	r4, r6
    4e9c:	0a000012 	beq	4eec <AK_ISP_get_fcs_attr@plt+0x564>
    4ea0:	e59f1050 	ldr	r1, [pc, #80]	@ 4ef8 <AK_ISP_get_fcs_attr@plt+0x570>
    4ea4:	e59f2050 	ldr	r2, [pc, #80]	@ 4efc <AK_ISP_get_fcs_attr@plt+0x574>
    4ea8:	e59f3050 	ldr	r3, [pc, #80]	@ 4f00 <AK_ISP_get_fcs_attr@plt+0x578>
    4eac:	e3a00004 	mov	r0, #4
    4eb0:	ebfffdd9 	bl	461c <ak_print@plt>
    4eb4:	e5940008 	ldr	r0, [r4, #8]
    4eb8:	ebfffced 	bl	4274 <isp_vi_release_frame@plt>
    4ebc:	e5943028 	ldr	r3, [r4, #40]	@ 0x28
    4ec0:	e5942024 	ldr	r2, [r4, #36]	@ 0x24
    4ec4:	e1a00004 	mov	r0, r4
    4ec8:	e5823004 	str	r3, [r2, #4]
    4ecc:	e5832000 	str	r2, [r3]
    4ed0:	e5847024 	str	r7, [r4, #36]	@ 0x24
    4ed4:	e5848028 	str	r8, [r4, #40]	@ 0x28
    4ed8:	ebfffea4 	bl	4970 <free@plt>
    4edc:	e5953024 	ldr	r3, [r5, #36]	@ 0x24
    4ee0:	e1a04005 	mov	r4, r5
    4ee4:	e2435024 	sub	r5, r3, #36	@ 0x24
    4ee8:	eaffffea 	b	4e98 <AK_ISP_get_fcs_attr@plt+0x510>
    4eec:	e8bd81f0 	pop	{r4, r5, r6, r7, r8, pc}
    4ef0:	00100100 	andseq	r0, r0, r0, lsl #2
    4ef4:	00200200 	eoreq	r0, r0, r0, lsl #4
    4ef8:	0000bfdd 	ldrdeq	fp, [r0], -sp
    4efc:	0000bcc9 	andeq	fp, r0, r9, asr #25
    4f00:	0000019e 	muleq	r0, lr, r1

00004f04 <ak_vi_get_version>:
    4f04:	e59f0000 	ldr	r0, [pc]	@ 4f0c <ak_vi_get_version+0x8>
    4f08:	e12fff1e 	bx	lr
    4f0c:	0000bcdf 	ldrdeq	fp, [r0], -pc	@ <UNPREDICTABLE>

00004f10 <ak_vi_match_sensor>:
    4f10:	e92d40f0 	push	{r4, r5, r6, r7, lr}
    4f14:	e59f11a8 	ldr	r1, [pc, #424]	@ 50c4 <ak_vi_match_sensor+0x1b4>
    4f18:	e24ddf4b 	sub	sp, sp, #300	@ 0x12c
    4f1c:	e1a04000 	mov	r4, r0
    4f20:	e58d0000 	str	r0, [sp]
    4f24:	e59f219c 	ldr	r2, [pc, #412]	@ 50c8 <ak_vi_match_sensor+0x1b8>
    4f28:	e3a00004 	mov	r0, #4
    4f2c:	e59f3198 	ldr	r3, [pc, #408]	@ 50cc <ak_vi_match_sensor+0x1bc>
    4f30:	ebfffdb9 	bl	461c <ak_print@plt>
    4f34:	e3540000 	cmp	r4, #0
    4f38:	1a000008 	bne	4f60 <ak_vi_match_sensor+0x50>
    4f3c:	e59f118c 	ldr	r1, [pc, #396]	@ 50d0 <ak_vi_match_sensor+0x1c0>
    4f40:	e59f2180 	ldr	r2, [pc, #384]	@ 50c8 <ak_vi_match_sensor+0x1b8>
    4f44:	e59f3188 	ldr	r3, [pc, #392]	@ 50d4 <ak_vi_match_sensor+0x1c4>
    4f48:	e3a00001 	mov	r0, #1
    4f4c:	ebfffdb2 	bl	461c <ak_print@plt>
    4f50:	e3a00001 	mov	r0, #1
    4f54:	ebfffd95 	bl	45b0 <set_error_no@plt>
    4f58:	e3e00000 	mvn	r0, #0
    4f5c:	ea000056 	b	50bc <ak_vi_match_sensor+0x1ac>
    4f60:	e1a00004 	mov	r0, r4
    4f64:	e28d1008 	add	r1, sp, #8
    4f68:	ebfffe0b 	bl	479c <stat@plt>
    4f6c:	e59d3018 	ldr	r3, [sp, #24]
    4f70:	e1a00004 	mov	r0, r4
    4f74:	e2033a0f 	and	r3, r3, #61440	@ 0xf000
    4f78:	e3530901 	cmp	r3, #16384	@ 0x4000
    4f7c:	1a00004d 	bne	50b8 <ak_vi_match_sensor+0x1a8>
    4f80:	ebfffdcf 	bl	46c4 <opendir@plt>
    4f84:	e2505000 	subs	r5, r0, #0
    4f88:	1a00000a 	bne	4fb8 <ak_vi_match_sensor+0xa8>
    4f8c:	ebfffe14 	bl	47e4 <__errno_location@plt>
    4f90:	e3e04000 	mvn	r4, #0
    4f94:	e5900000 	ldr	r0, [r0]
    4f98:	ebfffc55 	bl	40f4 <strerror@plt>
    4f9c:	e59f1134 	ldr	r1, [pc, #308]	@ 50d8 <ak_vi_match_sensor+0x1c8>
    4fa0:	e59f2134 	ldr	r2, [pc, #308]	@ 50dc <ak_vi_match_sensor+0x1cc>
    4fa4:	e3a030a9 	mov	r3, #169	@ 0xa9
    4fa8:	e58d0000 	str	r0, [sp]
    4fac:	e3a00001 	mov	r0, #1
    4fb0:	ebfffd99 	bl	461c <ak_print@plt>
    4fb4:	ea00003d 	b	50b0 <ak_vi_match_sensor+0x1a0>
    4fb8:	e3a01000 	mov	r1, #0
    4fbc:	e3a02064 	mov	r2, #100	@ 0x64
    4fc0:	e28d0060 	add	r0, sp, #96	@ 0x60
    4fc4:	ebfffda3 	bl	4658 <memset@plt>
    4fc8:	e1a00004 	mov	r0, r4
    4fcc:	ebfffe2b 	bl	4880 <strlen@plt>
    4fd0:	e3a0102f 	mov	r1, #47	@ 0x2f
    4fd4:	e1a06000 	mov	r6, r0
    4fd8:	e1a00004 	mov	r0, r4
    4fdc:	ebfffd10 	bl	4424 <strrchr@plt>
    4fe0:	e2466001 	sub	r6, r6, #1
    4fe4:	e0846006 	add	r6, r4, r6
    4fe8:	e1500006 	cmp	r0, r6
    4fec:	e28d0060 	add	r0, sp, #96	@ 0x60
    4ff0:	0a000003 	beq	5004 <ak_vi_match_sensor+0xf4>
    4ff4:	e59f10e4 	ldr	r1, [pc, #228]	@ 50e0 <ak_vi_match_sensor+0x1d0>
    4ff8:	e1a02004 	mov	r2, r4
    4ffc:	ebfffdbf 	bl	4700 <sprintf@plt>
    5000:	ea000001 	b	500c <ak_vi_match_sensor+0xfc>
    5004:	e1a01004 	mov	r1, r4
    5008:	ebfffc0f 	bl	404c <strcpy@plt>
    500c:	e28d40c4 	add	r4, sp, #196	@ 0xc4
    5010:	e1a00005 	mov	r0, r5
    5014:	ebfffcb1 	bl	42e0 <readdir@plt>
    5018:	e3500000 	cmp	r0, #0
    501c:	03e04000 	mvneq	r4, #0
    5020:	0a000020 	beq	50a8 <ak_vi_match_sensor+0x198>
    5024:	e5d0100a 	ldrb	r1, [r0, #10]
    5028:	e2117004 	ands	r7, r1, #4
    502c:	1afffff7 	bne	5010 <ak_vi_match_sensor+0x100>
    5030:	e280600b 	add	r6, r0, #11
    5034:	e1a00006 	mov	r0, r6
    5038:	e59f10a4 	ldr	r1, [pc, #164]	@ 50e4 <ak_vi_match_sensor+0x1d4>
    503c:	ebfffd3d 	bl	4538 <strstr@plt>
    5040:	e3500000 	cmp	r0, #0
    5044:	0afffff1 	beq	5010 <ak_vi_match_sensor+0x100>
    5048:	e59f1098 	ldr	r1, [pc, #152]	@ 50e8 <ak_vi_match_sensor+0x1d8>
    504c:	ebfffd39 	bl	4538 <strstr@plt>
    5050:	e3500000 	cmp	r0, #0
    5054:	0affffed 	beq	5010 <ak_vi_match_sensor+0x100>
    5058:	e1a01007 	mov	r1, r7
    505c:	e3a02064 	mov	r2, #100	@ 0x64
    5060:	e1a00004 	mov	r0, r4
    5064:	ebfffd7b 	bl	4658 <memset@plt>
    5068:	e1a03006 	mov	r3, r6
    506c:	e59f1078 	ldr	r1, [pc, #120]	@ 50ec <ak_vi_match_sensor+0x1dc>
    5070:	e28d2060 	add	r2, sp, #96	@ 0x60
    5074:	e1a00004 	mov	r0, r4
    5078:	ebfffda0 	bl	4700 <sprintf@plt>
    507c:	e1a00004 	mov	r0, r4
    5080:	ebffff62 	bl	4e10 <AK_ISP_get_fcs_attr@plt+0x488>
    5084:	e2506000 	subs	r6, r0, #0
    5088:	1affffe0 	bne	5010 <ak_vi_match_sensor+0x100>
    508c:	e58d4000 	str	r4, [sp]
    5090:	e3a00003 	mov	r0, #3
    5094:	e59f1054 	ldr	r1, [pc, #84]	@ 50f0 <ak_vi_match_sensor+0x1e0>
    5098:	e59f203c 	ldr	r2, [pc, #60]	@ 50dc <ak_vi_match_sensor+0x1cc>
    509c:	e3a030cc 	mov	r3, #204	@ 0xcc
    50a0:	ebfffd5d 	bl	461c <ak_print@plt>
    50a4:	e1a04006 	mov	r4, r6
    50a8:	e1a00005 	mov	r0, r5
    50ac:	ebfffe0b 	bl	48e0 <closedir@plt>
    50b0:	e1a00004 	mov	r0, r4
    50b4:	ea000000 	b	50bc <ak_vi_match_sensor+0x1ac>
    50b8:	ebffff54 	bl	4e10 <AK_ISP_get_fcs_attr@plt+0x488>
    50bc:	e28ddf4b 	add	sp, sp, #300	@ 0x12c
    50c0:	e8bd80f0 	pop	{r4, r5, r6, r7, pc}
    50c4:	0000c007 	andeq	ip, r0, r7
    50c8:	0000bcf2 	strdeq	fp, [r0], -r2
    50cc:	00000351 	andeq	r0, r0, r1, asr r3
    50d0:	0000c020 	andeq	ip, r0, r0, lsr #32
    50d4:	00000353 	andeq	r0, r0, r3, asr r3
    50d8:	0000c03b 	andeq	ip, r0, fp, lsr r0
    50dc:	0000bd05 	andeq	fp, r0, r5, lsl #26
    50e0:	0000c051 	andeq	ip, r0, r1, asr r0
    50e4:	0000c055 	andeq	ip, r0, r5, asr r0
    50e8:	0000c05a 	andeq	ip, r0, sl, asr r0
    50ec:	0000c060 	andeq	ip, r0, r0, rrx
    50f0:	0000c065 	andeq	ip, r0, r5, rrx

000050f4 <ak_vi_open>:
    50f4:	e92d40f7 	push	{r0, r1, r2, r4, r5, r6, r7, lr}
    50f8:	e2504000 	subs	r4, r0, #0
    50fc:	e58d4000 	str	r4, [sp]
    5100:	0a000006 	beq	5120 <ak_vi_open+0x2c>
    5104:	e3a00004 	mov	r0, #4
    5108:	e59f12b8 	ldr	r1, [pc, #696]	@ 53c8 <ak_vi_open+0x2d4>
    510c:	e59f22b8 	ldr	r2, [pc, #696]	@ 53cc <ak_vi_open+0x2d8>
    5110:	e59f32b8 	ldr	r3, [pc, #696]	@ 53d0 <ak_vi_open+0x2dc>
    5114:	ebfffd40 	bl	461c <ak_print@plt>
    5118:	e3a00002 	mov	r0, #2
    511c:	ea000064 	b	52b4 <ak_vi_open+0x1c0>
    5120:	e59f52ac 	ldr	r5, [pc, #684]	@ 53d4 <ak_vi_open+0x2e0>
    5124:	e59f32ac 	ldr	r3, [pc, #684]	@ 53d8 <ak_vi_open+0x2e4>
    5128:	e59f12ac 	ldr	r1, [pc, #684]	@ 53dc <ak_vi_open+0x2e8>
    512c:	e59f2298 	ldr	r2, [pc, #664]	@ 53cc <ak_vi_open+0x2d8>
    5130:	e3a00003 	mov	r0, #3
    5134:	ebfffd38 	bl	461c <ak_print@plt>
    5138:	e2850008 	add	r0, r5, #8
    513c:	ebfffceb 	bl	44f0 <ak_thread_mutex_lock@plt>
    5140:	e5953020 	ldr	r3, [r5, #32]
    5144:	e2856020 	add	r6, r5, #32
    5148:	e1530006 	cmp	r3, r6
    514c:	0a000007 	beq	5170 <ak_vi_open+0x7c>
    5150:	e1a00004 	mov	r0, r4
    5154:	ebfffe7a 	bl	4b44 <AK_ISP_get_fcs_attr@plt+0x1bc>
    5158:	e2504000 	subs	r4, r0, #0
    515c:	0a000003 	beq	5170 <ak_vi_open+0x7c>
    5160:	e59f1278 	ldr	r1, [pc, #632]	@ 53e0 <ak_vi_open+0x2ec>
    5164:	e3a00004 	mov	r0, #4
    5168:	ebfffd2b 	bl	461c <ak_print@plt>
    516c:	ea000053 	b	52c0 <ak_vi_open+0x1cc>
    5170:	e59f126c 	ldr	r1, [pc, #620]	@ 53e4 <ak_vi_open+0x2f0>
    5174:	e3a00004 	mov	r0, #4
    5178:	ebfffd27 	bl	461c <ak_print@plt>
    517c:	e3a00001 	mov	r0, #1
    5180:	e3a01074 	mov	r1, #116	@ 0x74
    5184:	ebfffcb2 	bl	4454 <calloc@plt>
    5188:	e2504000 	subs	r4, r0, #0
    518c:	03a00001 	moveq	r0, #1
    5190:	059f1250 	ldreq	r1, [pc, #592]	@ 53e8 <ak_vi_open+0x2f4>
    5194:	059f2250 	ldreq	r2, [pc, #592]	@ 53ec <ak_vi_open+0x2f8>
    5198:	059f3250 	ldreq	r3, [pc, #592]	@ 53f0 <ak_vi_open+0x2fc>
    519c:	0a000015 	beq	51f8 <ak_vi_open+0x104>
    51a0:	e59f324c 	ldr	r3, [pc, #588]	@ 53f4 <ak_vi_open+0x300>
    51a4:	e58d4000 	str	r4, [sp]
    51a8:	e3a00004 	mov	r0, #4
    51ac:	e59f1244 	ldr	r1, [pc, #580]	@ 53f8 <ak_vi_open+0x304>
    51b0:	e59f2234 	ldr	r2, [pc, #564]	@ 53ec <ak_vi_open+0x2f8>
    51b4:	ebfffd18 	bl	461c <ak_print@plt>
    51b8:	e5d53000 	ldrb	r3, [r5]
    51bc:	e3530000 	cmp	r3, #0
    51c0:	1a000003 	bne	51d4 <ak_vi_open+0xe0>
    51c4:	ebfffca5 	bl	4460 <akuio_pmem_init@plt>
    51c8:	e59f3204 	ldr	r3, [pc, #516]	@ 53d4 <ak_vi_open+0x2e0>
    51cc:	e3a02001 	mov	r2, #1
    51d0:	e5c32000 	strb	r2, [r3]
    51d4:	ebfffc95 	bl	4430 <isp_device_open@plt>
    51d8:	e3500000 	cmp	r0, #0
    51dc:	0a000007 	beq	5200 <ak_vi_open+0x10c>
    51e0:	e1a00004 	mov	r0, r4
    51e4:	ebfffde1 	bl	4970 <free@plt>
    51e8:	e59f120c 	ldr	r1, [pc, #524]	@ 53fc <ak_vi_open+0x308>
    51ec:	e59f21f8 	ldr	r2, [pc, #504]	@ 53ec <ak_vi_open+0x2f8>
    51f0:	e59f3208 	ldr	r3, [pc, #520]	@ 5400 <ak_vi_open+0x30c>
    51f4:	e3a00001 	mov	r0, #1
    51f8:	ebfffd07 	bl	461c <ak_print@plt>
    51fc:	ea000024 	b	5294 <ak_vi_open+0x1a0>
    5200:	ebfffdaa 	bl	48b0 <isp_init@plt>
    5204:	e3500000 	cmp	r0, #0
    5208:	0a000008 	beq	5230 <ak_vi_open+0x13c>
    520c:	e59f11f0 	ldr	r1, [pc, #496]	@ 5404 <ak_vi_open+0x310>
    5210:	e59f21d4 	ldr	r2, [pc, #468]	@ 53ec <ak_vi_open+0x2f8>
    5214:	e3a03faf 	mov	r3, #700	@ 0x2bc
    5218:	e3a00001 	mov	r0, #1
    521c:	ebfffcfe 	bl	461c <ak_print@plt>
    5220:	ebfffcdc 	bl	4598 <isp_device_close@plt>
    5224:	e1a00004 	mov	r0, r4
    5228:	ebfffdd0 	bl	4970 <free@plt>
    522c:	ea000018 	b	5294 <ak_vi_open+0x1a0>
    5230:	e2843024 	add	r3, r4, #36	@ 0x24
    5234:	e5843024 	str	r3, [r4, #36]	@ 0x24
    5238:	e5843028 	str	r3, [r4, #40]	@ 0x28
    523c:	e2843034 	add	r3, r4, #52	@ 0x34
    5240:	e5843034 	str	r3, [r4, #52]	@ 0x34
    5244:	e5843038 	str	r3, [r4, #56]	@ 0x38
    5248:	e5840010 	str	r0, [r4, #16]
    524c:	e584000c 	str	r0, [r4, #12]
    5250:	e2840044 	add	r0, r4, #68	@ 0x44
    5254:	ebfffbb8 	bl	413c <ak_thread_mutex_init@plt>
    5258:	e284005c 	add	r0, r4, #92	@ 0x5c
    525c:	ebfffbb6 	bl	413c <ak_thread_mutex_init@plt>
    5260:	e5953024 	ldr	r3, [r5, #36]	@ 0x24
    5264:	e284202c 	add	r2, r4, #44	@ 0x2c
    5268:	e5852024 	str	r2, [r5, #36]	@ 0x24
    526c:	e584602c 	str	r6, [r4, #44]	@ 0x2c
    5270:	e5843030 	str	r3, [r4, #48]	@ 0x30
    5274:	e5832000 	str	r2, [r3]
    5278:	e5952004 	ldr	r2, [r5, #4]
    527c:	e59f1184 	ldr	r1, [pc, #388]	@ 5408 <ak_vi_open+0x314>
    5280:	e2822001 	add	r2, r2, #1
    5284:	e3a00004 	mov	r0, #4
    5288:	e5852004 	str	r2, [r5, #4]
    528c:	ebfffce2 	bl	461c <ak_print@plt>
    5290:	ea00000a 	b	52c0 <ak_vi_open+0x1cc>
    5294:	e59f1170 	ldr	r1, [pc, #368]	@ 540c <ak_vi_open+0x318>
    5298:	e59f212c 	ldr	r2, [pc, #300]	@ 53cc <ak_vi_open+0x2d8>
    529c:	e59f316c 	ldr	r3, [pc, #364]	@ 5410 <ak_vi_open+0x31c>
    52a0:	e3a00001 	mov	r0, #1
    52a4:	ebfffcdc 	bl	461c <ak_print@plt>
    52a8:	e59f0164 	ldr	r0, [pc, #356]	@ 5414 <ak_vi_open+0x320>
    52ac:	ebfffbab 	bl	4160 <ak_thread_mutex_unlock@plt>
    52b0:	e3a00008 	mov	r0, #8
    52b4:	ebfffcbd 	bl	45b0 <set_error_no@plt>
    52b8:	e3a00000 	mov	r0, #0
    52bc:	ea00003f 	b	53c0 <ak_vi_open+0x2cc>
    52c0:	e59f014c 	ldr	r0, [pc, #332]	@ 5414 <ak_vi_open+0x320>
    52c4:	ebfffba5 	bl	4160 <ak_thread_mutex_unlock@plt>
    52c8:	e59f1148 	ldr	r1, [pc, #328]	@ 5418 <ak_vi_open+0x324>
    52cc:	e59f20f8 	ldr	r2, [pc, #248]	@ 53cc <ak_vi_open+0x2d8>
    52d0:	e3a03fe1 	mov	r3, #900	@ 0x384
    52d4:	e58d4000 	str	r4, [sp]
    52d8:	e3a00003 	mov	r0, #3
    52dc:	ebfffcce 	bl	461c <ak_print@plt>
    52e0:	e3a00001 	mov	r0, #1
    52e4:	e3a01014 	mov	r1, #20
    52e8:	ebfffc59 	bl	4454 <calloc@plt>
    52ec:	e2505000 	subs	r5, r0, #0
    52f0:	1a000005 	bne	530c <ak_vi_open+0x218>
    52f4:	e59f10ec 	ldr	r1, [pc, #236]	@ 53e8 <ak_vi_open+0x2f4>
    52f8:	e59f211c 	ldr	r2, [pc, #284]	@ 541c <ak_vi_open+0x328>
    52fc:	e59f311c 	ldr	r3, [pc, #284]	@ 5420 <ak_vi_open+0x32c>
    5300:	e3a00001 	mov	r0, #1
    5304:	ebfffcc4 	bl	461c <ak_print@plt>
    5308:	ea000024 	b	53a0 <ak_vi_open+0x2ac>
    530c:	e3a03000 	mov	r3, #0
    5310:	e5942004 	ldr	r2, [r4, #4]
    5314:	e1a02352 	asr	r2, r2, r3
    5318:	e2127001 	ands	r7, r2, #1
    531c:	1a000021 	bne	53a8 <ak_vi_open+0x2b4>
    5320:	e2846044 	add	r6, r4, #68	@ 0x44
    5324:	e5853004 	str	r3, [r5, #4]
    5328:	e1a00006 	mov	r0, r6
    532c:	ebfffc6f 	bl	44f0 <ak_thread_mutex_lock@plt>
    5330:	e5854010 	str	r4, [r5, #16]
    5334:	e5857000 	str	r7, [r5]
    5338:	e5d53004 	ldrb	r3, [r5, #4]
    533c:	e5942004 	ldr	r2, [r4, #4]
    5340:	e3a01001 	mov	r1, #1
    5344:	e1823311 	orr	r3, r2, r1, lsl r3
    5348:	e5843004 	str	r3, [r4, #4]
    534c:	e5943000 	ldr	r3, [r4]
    5350:	e2852008 	add	r2, r5, #8
    5354:	e0833001 	add	r3, r3, r1
    5358:	e5843000 	str	r3, [r4]
    535c:	e5943038 	ldr	r3, [r4, #56]	@ 0x38
    5360:	e2841034 	add	r1, r4, #52	@ 0x34
    5364:	e5842038 	str	r2, [r4, #56]	@ 0x38
    5368:	e1a00006 	mov	r0, r6
    536c:	e5851008 	str	r1, [r5, #8]
    5370:	e585300c 	str	r3, [r5, #12]
    5374:	e5832000 	str	r2, [r3]
    5378:	ebfffb78 	bl	4160 <ak_thread_mutex_unlock@plt>
    537c:	e5953004 	ldr	r3, [r5, #4]
    5380:	e3a00003 	mov	r0, #3
    5384:	e58d3000 	str	r3, [sp]
    5388:	e5943000 	ldr	r3, [r4]
    538c:	e59f1090 	ldr	r1, [pc, #144]	@ 5424 <ak_vi_open+0x330>
    5390:	e58d3004 	str	r3, [sp, #4]
    5394:	e59f2080 	ldr	r2, [pc, #128]	@ 541c <ak_vi_open+0x328>
    5398:	e59f3088 	ldr	r3, [pc, #136]	@ 5428 <ak_vi_open+0x334>
    539c:	ebfffc9e 	bl	461c <ak_print@plt>
    53a0:	e1a00005 	mov	r0, r5
    53a4:	ea000005 	b	53c0 <ak_vi_open+0x2cc>
    53a8:	e2833001 	add	r3, r3, #1
    53ac:	e3530020 	cmp	r3, #32
    53b0:	1affffd6 	bne	5310 <ak_vi_open+0x21c>
    53b4:	e1a00005 	mov	r0, r5
    53b8:	ebfffd6c 	bl	4970 <free@plt>
    53bc:	eaffffbd 	b	52b8 <ak_vi_open+0x1c4>
    53c0:	e28dd00c 	add	sp, sp, #12
    53c4:	e8bd80f0 	pop	{r4, r5, r6, r7, pc}
    53c8:	0000c07a 	andeq	ip, r0, sl, ror r0
    53cc:	0000bd16 	andeq	fp, r0, r6, lsl sp
    53d0:	00000375 	andeq	r0, r0, r5, ror r3
    53d4:	00015f18 	andeq	r5, r1, r8, lsl pc
    53d8:	0000037a 	andeq	r0, r0, sl, ror r3
    53dc:	0000c09d 	muleq	r0, sp, r0
    53e0:	0000c0c4 	andeq	ip, r0, r4, asr #1
    53e4:	0000c0d0 	ldrdeq	ip, [r0], -r0
    53e8:	0000c0dc 	ldrdeq	ip, [r0], -ip	@ <UNPREDICTABLE>
    53ec:	0000bd21 	andeq	fp, r0, r1, lsr #26
    53f0:	000002aa 	andeq	r0, r0, sl, lsr #5
    53f4:	000002ad 	andeq	r0, r0, sp, lsr #5
    53f8:	0000c0f0 	strdeq	ip, [r0], -r0
    53fc:	0000c104 	andeq	ip, r0, r4, lsl #2
    5400:	000002b5 			@ <UNDEFINED> instruction: 0x000002b5
    5404:	0000c126 	andeq	ip, r0, r6, lsr #2
    5408:	0000c153 	andeq	ip, r0, r3, asr r1
    540c:	0000c19e 	muleq	r0, lr, r1
    5410:	0000037e 	andeq	r0, r0, lr, ror r3
    5414:	00015f20 	andeq	r5, r1, r0, lsr #30
    5418:	0000c1c5 	andeq	ip, r0, r5, asr #3
    541c:	0000bd34 	andeq	fp, r0, r4, lsr sp
    5420:	000001ca 	andeq	r0, r0, sl, asr #3
    5424:	0000c178 	andeq	ip, r0, r8, ror r1
    5428:	000001ea 	andeq	r0, r0, sl, ror #3

0000542c <ak_vi_get_channel_attr>:
    542c:	e3500000 	cmp	r0, #0
    5430:	e92d4008 	push	{r3, lr}
    5434:	1a000006 	bne	5454 <ak_vi_get_channel_attr+0x28>
    5438:	e3a00001 	mov	r0, #1
    543c:	e59f10cc 	ldr	r1, [pc, #204]	@ 5510 <ak_vi_get_channel_attr+0xe4>
    5440:	e59f20cc 	ldr	r2, [pc, #204]	@ 5514 <ak_vi_get_channel_attr+0xe8>
    5444:	e59f30cc 	ldr	r3, [pc, #204]	@ 5518 <ak_vi_get_channel_attr+0xec>
    5448:	ebfffc73 	bl	461c <ak_print@plt>
    544c:	e3a00001 	mov	r0, #1
    5450:	ea000007 	b	5474 <ak_vi_get_channel_attr+0x48>
    5454:	e3510000 	cmp	r1, #0
    5458:	1a000008 	bne	5480 <ak_vi_get_channel_attr+0x54>
    545c:	e3a00001 	mov	r0, #1
    5460:	e59f10b4 	ldr	r1, [pc, #180]	@ 551c <ak_vi_get_channel_attr+0xf0>
    5464:	e59f20a8 	ldr	r2, [pc, #168]	@ 5514 <ak_vi_get_channel_attr+0xe8>
    5468:	e59f30b0 	ldr	r3, [pc, #176]	@ 5520 <ak_vi_get_channel_attr+0xf4>
    546c:	ebfffc6a 	bl	461c <ak_print@plt>
    5470:	e3a00002 	mov	r0, #2
    5474:	ebfffc4d 	bl	45b0 <set_error_no@plt>
    5478:	e3e00000 	mvn	r0, #0
    547c:	e8bd8008 	pop	{r3, pc}
    5480:	e5903010 	ldr	r3, [r0, #16]
    5484:	e3530000 	cmp	r3, #0
    5488:	1a000006 	bne	54a8 <ak_vi_get_channel_attr+0x7c>
    548c:	e3a00001 	mov	r0, #1
    5490:	e59f108c 	ldr	r1, [pc, #140]	@ 5524 <ak_vi_get_channel_attr+0xf8>
    5494:	e59f2078 	ldr	r2, [pc, #120]	@ 5514 <ak_vi_get_channel_attr+0xe8>
    5498:	e3a03fe9 	mov	r3, #932	@ 0x3a4
    549c:	ebfffc5e 	bl	461c <ak_print@plt>
    54a0:	e3a00013 	mov	r0, #19
    54a4:	eafffff2 	b	5474 <ak_vi_get_channel_attr+0x48>
    54a8:	e5932018 	ldr	r2, [r3, #24]
    54ac:	e3a00000 	mov	r0, #0
    54b0:	e5922000 	ldr	r2, [r2]
    54b4:	e5812010 	str	r2, [r1, #16]
    54b8:	e5932018 	ldr	r2, [r3, #24]
    54bc:	e5922004 	ldr	r2, [r2, #4]
    54c0:	e5812014 	str	r2, [r1, #20]
    54c4:	e593201c 	ldr	r2, [r3, #28]
    54c8:	e5922000 	ldr	r2, [r2]
    54cc:	e5812018 	str	r2, [r1, #24]
    54d0:	e593201c 	ldr	r2, [r3, #28]
    54d4:	e5922004 	ldr	r2, [r2, #4]
    54d8:	e581201c 	str	r2, [r1, #28]
    54dc:	e5932020 	ldr	r2, [r3, #32]
    54e0:	e5922000 	ldr	r2, [r2]
    54e4:	e5812000 	str	r2, [r1]
    54e8:	e5932020 	ldr	r2, [r3, #32]
    54ec:	e5922004 	ldr	r2, [r2, #4]
    54f0:	e5812004 	str	r2, [r1, #4]
    54f4:	e5932020 	ldr	r2, [r3, #32]
    54f8:	e5922008 	ldr	r2, [r2, #8]
    54fc:	e5812008 	str	r2, [r1, #8]
    5500:	e5933020 	ldr	r3, [r3, #32]
    5504:	e593300c 	ldr	r3, [r3, #12]
    5508:	e581300c 	str	r3, [r1, #12]
    550c:	e8bd8008 	pop	{r3, pc}
    5510:	0000c1eb 	andeq	ip, r0, fp, ror #3
    5514:	0000bd40 	andeq	fp, r0, r0, asr #26
    5518:	00000396 	muleq	r0, r6, r3
    551c:	0000c204 	andeq	ip, r0, r4, lsl #4
    5520:	0000039b 	muleq	r0, fp, r3
    5524:	0000c220 	andeq	ip, r0, r0, lsr #4

00005528 <ak_vi_set_channel_attr>:
    5528:	e92d40f7 	push	{r0, r1, r2, r4, r5, r6, r7, lr}
    552c:	e3500000 	cmp	r0, #0
    5530:	e1a04001 	mov	r4, r1
    5534:	1a000006 	bne	5554 <ak_vi_set_channel_attr+0x2c>
    5538:	e3a00001 	mov	r0, #1
    553c:	e59f122c 	ldr	r1, [pc, #556]	@ 5770 <ak_vi_set_channel_attr+0x248>
    5540:	e59f222c 	ldr	r2, [pc, #556]	@ 5774 <ak_vi_set_channel_attr+0x24c>
    5544:	e3a03d0f 	mov	r3, #960	@ 0x3c0
    5548:	ebfffc33 	bl	461c <ak_print@plt>
    554c:	e3a00001 	mov	r0, #1
    5550:	ea00002d 	b	560c <ak_vi_set_channel_attr+0xe4>
    5554:	e3510000 	cmp	r1, #0
    5558:	1a000006 	bne	5578 <ak_vi_set_channel_attr+0x50>
    555c:	e3a00001 	mov	r0, #1
    5560:	e59f1210 	ldr	r1, [pc, #528]	@ 5778 <ak_vi_set_channel_attr+0x250>
    5564:	e59f2208 	ldr	r2, [pc, #520]	@ 5774 <ak_vi_set_channel_attr+0x24c>
    5568:	e59f320c 	ldr	r3, [pc, #524]	@ 577c <ak_vi_set_channel_attr+0x254>
    556c:	ebfffc2a 	bl	461c <ak_print@plt>
    5570:	e3a00002 	mov	r0, #2
    5574:	ea000024 	b	560c <ak_vi_set_channel_attr+0xe4>
    5578:	e5913014 	ldr	r3, [r1, #20]
    557c:	e5912010 	ldr	r2, [r1, #16]
    5580:	e243ce1e 	sub	ip, r3, #480	@ 0x1e0
    5584:	e2421d0a 	sub	r1, r2, #640	@ 0x280
    5588:	e3510d0a 	cmp	r1, #640	@ 0x280
    558c:	935c0e1e 	cmpls	ip, #480	@ 0x1e0
    5590:	9a000005 	bls	55ac <ak_vi_set_channel_attr+0x84>
    5594:	e88d000c 	stm	sp, {r2, r3}
    5598:	e59f11e0 	ldr	r1, [pc, #480]	@ 5780 <ak_vi_set_channel_attr+0x258>
    559c:	e3a00001 	mov	r0, #1
    55a0:	e59f21dc 	ldr	r2, [pc, #476]	@ 5784 <ak_vi_set_channel_attr+0x25c>
    55a4:	e3a03e16 	mov	r3, #352	@ 0x160
    55a8:	ea000026 	b	5648 <ak_vi_set_channel_attr+0x120>
    55ac:	e5942018 	ldr	r2, [r4, #24]
    55b0:	e594301c 	ldr	r3, [r4, #28]
    55b4:	e59f11cc 	ldr	r1, [pc, #460]	@ 5788 <ak_vi_set_channel_attr+0x260>
    55b8:	e59fe1cc 	ldr	lr, [pc, #460]	@ 578c <ak_vi_set_channel_attr+0x264>
    55bc:	e2425012 	sub	r5, r2, #18
    55c0:	e243c012 	sub	ip, r3, #18
    55c4:	e15c0001 	cmp	ip, r1
    55c8:	9155000e 	cmpls	r5, lr
    55cc:	8a000018 	bhi	5634 <ak_vi_set_channel_attr+0x10c>
    55d0:	e5943008 	ldr	r3, [r4, #8]
    55d4:	e3530000 	cmp	r3, #0
    55d8:	da00000d 	ble	5614 <ak_vi_set_channel_attr+0xec>
    55dc:	e594200c 	ldr	r2, [r4, #12]
    55e0:	e3520000 	cmp	r2, #0
    55e4:	da00000a 	ble	5614 <ak_vi_set_channel_attr+0xec>
    55e8:	e5905010 	ldr	r5, [r0, #16]
    55ec:	e3550000 	cmp	r5, #0
    55f0:	1a00001c 	bne	5668 <ak_vi_set_channel_attr+0x140>
    55f4:	e3a00001 	mov	r0, #1
    55f8:	e59f1190 	ldr	r1, [pc, #400]	@ 5790 <ak_vi_set_channel_attr+0x268>
    55fc:	e59f2170 	ldr	r2, [pc, #368]	@ 5774 <ak_vi_set_channel_attr+0x24c>
    5600:	e59f318c 	ldr	r3, [pc, #396]	@ 5794 <ak_vi_set_channel_attr+0x26c>
    5604:	ebfffc04 	bl	461c <ak_print@plt>
    5608:	e3a00013 	mov	r0, #19
    560c:	ebfffbe7 	bl	45b0 <set_error_no@plt>
    5610:	ea000012 	b	5660 <ak_vi_set_channel_attr+0x138>
    5614:	e58d3000 	str	r3, [sp]
    5618:	e594300c 	ldr	r3, [r4, #12]
    561c:	e3a00001 	mov	r0, #1
    5620:	e58d3004 	str	r3, [sp, #4]
    5624:	e59f116c 	ldr	r1, [pc, #364]	@ 5798 <ak_vi_set_channel_attr+0x270>
    5628:	e59f2154 	ldr	r2, [pc, #340]	@ 5784 <ak_vi_set_channel_attr+0x25c>
    562c:	e59f3168 	ldr	r3, [pc, #360]	@ 579c <ak_vi_set_channel_attr+0x274>
    5630:	ea000004 	b	5648 <ak_vi_set_channel_attr+0x120>
    5634:	e88d000c 	stm	sp, {r2, r3}
    5638:	e59f1160 	ldr	r1, [pc, #352]	@ 57a0 <ak_vi_set_channel_attr+0x278>
    563c:	e59f2140 	ldr	r2, [pc, #320]	@ 5784 <ak_vi_set_channel_attr+0x25c>
    5640:	e3a00001 	mov	r0, #1
    5644:	e3a03f5a 	mov	r3, #360	@ 0x168
    5648:	ebfffbf3 	bl	461c <ak_print@plt>
    564c:	e3a00001 	mov	r0, #1
    5650:	e59f114c 	ldr	r1, [pc, #332]	@ 57a4 <ak_vi_set_channel_attr+0x27c>
    5654:	e59f2118 	ldr	r2, [pc, #280]	@ 5774 <ak_vi_set_channel_attr+0x24c>
    5658:	e59f3148 	ldr	r3, [pc, #328]	@ 57a8 <ak_vi_set_channel_attr+0x280>
    565c:	ebfffbee 	bl	461c <ak_print@plt>
    5660:	e3e00000 	mvn	r0, #0
    5664:	ea00003f 	b	5768 <ak_vi_set_channel_attr+0x240>
    5668:	e2856044 	add	r6, r5, #68	@ 0x44
    566c:	e1a00006 	mov	r0, r6
    5670:	ebfffb9e 	bl	44f0 <ak_thread_mutex_lock@plt>
    5674:	e5953014 	ldr	r3, [r5, #20]
    5678:	e3530000 	cmp	r3, #0
    567c:	1a000004 	bne	5694 <ak_vi_set_channel_attr+0x16c>
    5680:	e3a00c05 	mov	r0, #1280	@ 0x500
    5684:	e3a01d0f 	mov	r1, #960	@ 0x3c0
    5688:	ebfffb41 	bl	4394 <isp_3D_NR_create@plt>
    568c:	e5850014 	str	r0, [r5, #20]
    5690:	ebfffadf 	bl	4214 <isp_fps_main@plt>
    5694:	e894000f 	ldm	r4, {r0, r1, r2, r3}
    5698:	ebfffbf1 	bl	4664 <isp_vi_set_crop_attr@plt>
    569c:	e5941014 	ldr	r1, [r4, #20]
    56a0:	e1a07000 	mov	r7, r0
    56a4:	e5940010 	ldr	r0, [r4, #16]
    56a8:	ebfffaa6 	bl	4148 <isp_vi_set_main_attr@plt>
    56ac:	e594101c 	ldr	r1, [r4, #28]
    56b0:	e0877000 	add	r7, r7, r0
    56b4:	e5940018 	ldr	r0, [r4, #24]
    56b8:	ebfffc07 	bl	46dc <isp_vi_set_sub_attr@plt>
    56bc:	e5953018 	ldr	r3, [r5, #24]
    56c0:	e3530000 	cmp	r3, #0
    56c4:	e0877000 	add	r7, r7, r0
    56c8:	1a00000b 	bne	56fc <ak_vi_set_channel_attr+0x1d4>
    56cc:	e3a01008 	mov	r1, #8
    56d0:	e3a00001 	mov	r0, #1
    56d4:	ebfffb5e 	bl	4454 <calloc@plt>
    56d8:	e3a01008 	mov	r1, #8
    56dc:	e5850018 	str	r0, [r5, #24]
    56e0:	e3a00001 	mov	r0, #1
    56e4:	ebfffb5a 	bl	4454 <calloc@plt>
    56e8:	e3a01010 	mov	r1, #16
    56ec:	e585001c 	str	r0, [r5, #28]
    56f0:	e3a00001 	mov	r0, #1
    56f4:	ebfffb56 	bl	4454 <calloc@plt>
    56f8:	e5850020 	str	r0, [r5, #32]
    56fc:	e5953018 	ldr	r3, [r5, #24]
    5700:	e5942010 	ldr	r2, [r4, #16]
    5704:	e1a00006 	mov	r0, r6
    5708:	e5832000 	str	r2, [r3]
    570c:	e5953018 	ldr	r3, [r5, #24]
    5710:	e5942014 	ldr	r2, [r4, #20]
    5714:	e5832004 	str	r2, [r3, #4]
    5718:	e595301c 	ldr	r3, [r5, #28]
    571c:	e5942018 	ldr	r2, [r4, #24]
    5720:	e5832000 	str	r2, [r3]
    5724:	e595301c 	ldr	r3, [r5, #28]
    5728:	e594201c 	ldr	r2, [r4, #28]
    572c:	e5832004 	str	r2, [r3, #4]
    5730:	e5953020 	ldr	r3, [r5, #32]
    5734:	e5942000 	ldr	r2, [r4]
    5738:	e5832000 	str	r2, [r3]
    573c:	e5953020 	ldr	r3, [r5, #32]
    5740:	e5942004 	ldr	r2, [r4, #4]
    5744:	e5832004 	str	r2, [r3, #4]
    5748:	e5953020 	ldr	r3, [r5, #32]
    574c:	e5942008 	ldr	r2, [r4, #8]
    5750:	e5832008 	str	r2, [r3, #8]
    5754:	e5953020 	ldr	r3, [r5, #32]
    5758:	e594200c 	ldr	r2, [r4, #12]
    575c:	e583200c 	str	r2, [r3, #12]
    5760:	ebfffa7e 	bl	4160 <ak_thread_mutex_unlock@plt>
    5764:	e1a00007 	mov	r0, r7
    5768:	e28dd00c 	add	sp, sp, #12
    576c:	e8bd80f0 	pop	{r4, r5, r6, r7, pc}
    5770:	0000c1eb 	andeq	ip, r0, fp, ror #3
    5774:	0000bd57 	andeq	fp, r0, r7, asr sp
    5778:	0000c204 	andeq	ip, r0, r4, lsl #4
    577c:	000003c6 	andeq	r0, r0, r6, asr #7
    5780:	0000c263 	andeq	ip, r0, r3, ror #4
    5784:	0000bd6e 	andeq	fp, r0, lr, ror #26
    5788:	000001ce 	andeq	r0, r0, lr, asr #3
    578c:	0000026e 	andeq	r0, r0, lr, ror #4
    5790:	0000c220 	andeq	ip, r0, r0, lsr #4
    5794:	000003d5 	ldrdeq	r0, [r0], -r5
    5798:	0000c237 	andeq	ip, r0, r7, lsr r2
    579c:	00000179 	andeq	r0, r0, r9, ror r1
    57a0:	0000c297 	muleq	r0, r7, r2
    57a4:	0000c2ca 	andeq	ip, r0, sl, asr #5
    57a8:	000003cd 	andeq	r0, r0, sp, asr #7

000057ac <ak_vi_get_flip_mirror>:
    57ac:	e3500000 	cmp	r0, #0
    57b0:	e92d4030 	push	{r4, r5, lr}
    57b4:	e1a04001 	mov	r4, r1
    57b8:	e24dd014 	sub	sp, sp, #20
    57bc:	e1a05002 	mov	r5, r2
    57c0:	1a000009 	bne	57ec <ak_vi_get_flip_mirror+0x40>
    57c4:	e58d0000 	str	r0, [sp]
    57c8:	e59f1050 	ldr	r1, [pc, #80]	@ 5820 <ak_vi_get_flip_mirror+0x74>
    57cc:	e59f2050 	ldr	r2, [pc, #80]	@ 5824 <ak_vi_get_flip_mirror+0x78>
    57d0:	e59f3050 	ldr	r3, [pc, #80]	@ 5828 <ak_vi_get_flip_mirror+0x7c>
    57d4:	e3a00001 	mov	r0, #1
    57d8:	ebfffb8f 	bl	461c <ak_print@plt>
    57dc:	e3a00001 	mov	r0, #1
    57e0:	ebfffb72 	bl	45b0 <set_error_no@plt>
    57e4:	e3e00000 	mvn	r0, #0
    57e8:	ea00000a 	b	5818 <ak_vi_get_flip_mirror+0x6c>
    57ec:	e3a03000 	mov	r3, #0
    57f0:	e28d0008 	add	r0, sp, #8
    57f4:	e58d3008 	str	r3, [sp, #8]
    57f8:	e58d300c 	str	r3, [sp, #12]
    57fc:	ebfffc19 	bl	4868 <isp_get_flip_mirror@plt>
    5800:	e3540000 	cmp	r4, #0
    5804:	159d3008 	ldrne	r3, [sp, #8]
    5808:	15843000 	strne	r3, [r4]
    580c:	e3550000 	cmp	r5, #0
    5810:	159d300c 	ldrne	r3, [sp, #12]
    5814:	15853000 	strne	r3, [r5]
    5818:	e28dd014 	add	sp, sp, #20
    581c:	e8bd8030 	pop	{r4, r5, pc}
    5820:	0000c2f4 	strdeq	ip, [r0], -r4
    5824:	0000bd84 	andeq	fp, r0, r4, lsl #27
    5828:	0000048c 	andeq	r0, r0, ip, lsl #9

0000582c <ak_vi_change_channel_attr>:
    582c:	e92d41f0 	push	{r4, r5, r6, r7, r8, lr}
    5830:	e2506000 	subs	r6, r0, #0
    5834:	e24dd098 	sub	sp, sp, #152	@ 0x98
    5838:	e1a04001 	mov	r4, r1
    583c:	1a000007 	bne	5860 <ak_vi_change_channel_attr+0x34>
    5840:	e58d6000 	str	r6, [sp]
    5844:	e3a00001 	mov	r0, #1
    5848:	e59f12c0 	ldr	r1, [pc, #704]	@ 5b10 <ak_vi_change_channel_attr+0x2e4>
    584c:	e59f22c0 	ldr	r2, [pc, #704]	@ 5b14 <ak_vi_change_channel_attr+0x2e8>
    5850:	e59f32c0 	ldr	r3, [pc, #704]	@ 5b18 <ak_vi_change_channel_attr+0x2ec>
    5854:	ebfffb70 	bl	461c <ak_print@plt>
    5858:	e3a00001 	mov	r0, #1
    585c:	ea000008 	b	5884 <ak_vi_change_channel_attr+0x58>
    5860:	e5965010 	ldr	r5, [r6, #16]
    5864:	e3550000 	cmp	r5, #0
    5868:	1a000008 	bne	5890 <ak_vi_change_channel_attr+0x64>
    586c:	e3a00001 	mov	r0, #1
    5870:	e59f12a4 	ldr	r1, [pc, #676]	@ 5b1c <ak_vi_change_channel_attr+0x2f0>
    5874:	e59f2298 	ldr	r2, [pc, #664]	@ 5b14 <ak_vi_change_channel_attr+0x2e8>
    5878:	e59f32a0 	ldr	r3, [pc, #672]	@ 5b20 <ak_vi_change_channel_attr+0x2f4>
    587c:	ebfffb66 	bl	461c <ak_print@plt>
    5880:	e3a00013 	mov	r0, #19
    5884:	ebfffb49 	bl	45b0 <set_error_no@plt>
    5888:	e3e00000 	mvn	r0, #0
    588c:	ea00009d 	b	5b08 <ak_vi_change_channel_attr+0x2dc>
    5890:	e2857044 	add	r7, r5, #68	@ 0x44
    5894:	e1a00007 	mov	r0, r7
    5898:	ebfffb14 	bl	44f0 <ak_thread_mutex_lock@plt>
    589c:	e1a00006 	mov	r0, r6
    58a0:	e28d1008 	add	r1, sp, #8
    58a4:	e28d200c 	add	r2, sp, #12
    58a8:	ebfffb0a 	bl	44d8 <ak_vi_get_flip_mirror@plt>
    58ac:	e59d3008 	ldr	r3, [sp, #8]
    58b0:	e3530001 	cmp	r3, #1
    58b4:	1a00002e 	bne	5974 <ak_vi_change_channel_attr+0x148>
    58b8:	e59f3264 	ldr	r3, [pc, #612]	@ 5b24 <ak_vi_change_channel_attr+0x2f8>
    58bc:	e59f1264 	ldr	r1, [pc, #612]	@ 5b28 <ak_vi_change_channel_attr+0x2fc>
    58c0:	e59f224c 	ldr	r2, [pc, #588]	@ 5b14 <ak_vi_change_channel_attr+0x2e8>
    58c4:	e3a00003 	mov	r0, #3
    58c8:	ebfffb53 	bl	461c <ak_print@plt>
    58cc:	e3a02084 	mov	r2, #132	@ 0x84
    58d0:	e3a01000 	mov	r1, #0
    58d4:	e28d0010 	add	r0, sp, #16
    58d8:	ebfffb5e 	bl	4658 <memset@plt>
    58dc:	e3a08002 	mov	r8, #2
    58e0:	e28d1010 	add	r1, sp, #16
    58e4:	e1a00006 	mov	r0, r6
    58e8:	e58d8010 	str	r8, [sp, #16]
    58ec:	ebfffa81 	bl	42f8 <ak_vpss_osd_get_param@plt>
    58f0:	e5943010 	ldr	r3, [r4, #16]
    58f4:	e59d1018 	ldr	r1, [sp, #24]
    58f8:	e59d201c 	ldr	r2, [sp, #28]
    58fc:	e1510003 	cmp	r1, r3
    5900:	ca000002 	bgt	5910 <ak_vi_change_channel_attr+0xe4>
    5904:	e5943014 	ldr	r3, [r4, #20]
    5908:	e1520003 	cmp	r2, r3
    590c:	da000003 	ble	5920 <ak_vi_change_channel_attr+0xf4>
    5910:	e1a00006 	mov	r0, r6
    5914:	e28d1010 	add	r1, sp, #16
    5918:	e58d8010 	str	r8, [sp, #16]
    591c:	ebfffbfe 	bl	491c <ak_vpss_osd_close@plt>
    5920:	e3a02084 	mov	r2, #132	@ 0x84
    5924:	e3a01000 	mov	r1, #0
    5928:	e28d0010 	add	r0, sp, #16
    592c:	ebfffb49 	bl	4658 <memset@plt>
    5930:	e3a08003 	mov	r8, #3
    5934:	e28d1010 	add	r1, sp, #16
    5938:	e1a00006 	mov	r0, r6
    593c:	e58d8010 	str	r8, [sp, #16]
    5940:	ebfffa6c 	bl	42f8 <ak_vpss_osd_get_param@plt>
    5944:	e5943018 	ldr	r3, [r4, #24]
    5948:	e59d1018 	ldr	r1, [sp, #24]
    594c:	e59d201c 	ldr	r2, [sp, #28]
    5950:	e1510003 	cmp	r1, r3
    5954:	ca000002 	bgt	5964 <ak_vi_change_channel_attr+0x138>
    5958:	e594301c 	ldr	r3, [r4, #28]
    595c:	e1520003 	cmp	r2, r3
    5960:	da000003 	ble	5974 <ak_vi_change_channel_attr+0x148>
    5964:	e1a00006 	mov	r0, r6
    5968:	e28d1010 	add	r1, sp, #16
    596c:	e58d8010 	str	r8, [sp, #16]
    5970:	ebfffbe9 	bl	491c <ak_vpss_osd_close@plt>
    5974:	ebfffae6 	bl	4514 <isp_vi_stream_ctrl_off@plt>
    5978:	e3500000 	cmp	r0, #0
    597c:	13a00001 	movne	r0, #1
    5980:	159f11a4 	ldrne	r1, [pc, #420]	@ 5b2c <ak_vi_change_channel_attr+0x300>
    5984:	159f2188 	ldrne	r2, [pc, #392]	@ 5b14 <ak_vi_change_channel_attr+0x2e8>
    5988:	159f31a0 	ldrne	r3, [pc, #416]	@ 5b30 <ak_vi_change_channel_attr+0x304>
    598c:	1a000048 	bne	5ab4 <ak_vi_change_channel_attr+0x288>
    5990:	e894000f 	ldm	r4, {r0, r1, r2, r3}
    5994:	ebfffb32 	bl	4664 <isp_vi_set_crop_attr@plt>
    5998:	e5941014 	ldr	r1, [r4, #20]
    599c:	e5940010 	ldr	r0, [r4, #16]
    59a0:	ebfff9e8 	bl	4148 <isp_vi_set_main_attr@plt>
    59a4:	e594101c 	ldr	r1, [r4, #28]
    59a8:	e5940018 	ldr	r0, [r4, #24]
    59ac:	ebfffb4a 	bl	46dc <isp_vi_set_sub_attr@plt>
    59b0:	e5943010 	ldr	r3, [r4, #16]
    59b4:	e59f1178 	ldr	r1, [pc, #376]	@ 5b34 <ak_vi_change_channel_attr+0x308>
    59b8:	e58d3000 	str	r3, [sp]
    59bc:	e5943014 	ldr	r3, [r4, #20]
    59c0:	e59f214c 	ldr	r2, [pc, #332]	@ 5b14 <ak_vi_change_channel_attr+0x2e8>
    59c4:	e58d3004 	str	r3, [sp, #4]
    59c8:	e3a00003 	mov	r0, #3
    59cc:	e59f3164 	ldr	r3, [pc, #356]	@ 5b38 <ak_vi_change_channel_attr+0x30c>
    59d0:	ebfffb11 	bl	461c <ak_print@plt>
    59d4:	e5943018 	ldr	r3, [r4, #24]
    59d8:	e3a00003 	mov	r0, #3
    59dc:	e58d3000 	str	r3, [sp]
    59e0:	e594301c 	ldr	r3, [r4, #28]
    59e4:	e59f1150 	ldr	r1, [pc, #336]	@ 5b3c <ak_vi_change_channel_attr+0x310>
    59e8:	e58d3004 	str	r3, [sp, #4]
    59ec:	e59f2120 	ldr	r2, [pc, #288]	@ 5b14 <ak_vi_change_channel_attr+0x2e8>
    59f0:	e3a03e46 	mov	r3, #1120	@ 0x460
    59f4:	ebfffb08 	bl	461c <ak_print@plt>
    59f8:	e5953018 	ldr	r3, [r5, #24]
    59fc:	e3530000 	cmp	r3, #0
    5a00:	1a00000b 	bne	5a34 <ak_vi_change_channel_attr+0x208>
    5a04:	e3a01008 	mov	r1, #8
    5a08:	e3a00001 	mov	r0, #1
    5a0c:	ebfffa90 	bl	4454 <calloc@plt>
    5a10:	e3a01008 	mov	r1, #8
    5a14:	e5850018 	str	r0, [r5, #24]
    5a18:	e3a00001 	mov	r0, #1
    5a1c:	ebfffa8c 	bl	4454 <calloc@plt>
    5a20:	e3a01010 	mov	r1, #16
    5a24:	e585001c 	str	r0, [r5, #28]
    5a28:	e3a00001 	mov	r0, #1
    5a2c:	ebfffa88 	bl	4454 <calloc@plt>
    5a30:	e5850020 	str	r0, [r5, #32]
    5a34:	e5953018 	ldr	r3, [r5, #24]
    5a38:	e5942010 	ldr	r2, [r4, #16]
    5a3c:	e5832000 	str	r2, [r3]
    5a40:	e5953018 	ldr	r3, [r5, #24]
    5a44:	e5942014 	ldr	r2, [r4, #20]
    5a48:	e5832004 	str	r2, [r3, #4]
    5a4c:	e595301c 	ldr	r3, [r5, #28]
    5a50:	e5942018 	ldr	r2, [r4, #24]
    5a54:	e5832000 	str	r2, [r3]
    5a58:	e595301c 	ldr	r3, [r5, #28]
    5a5c:	e594201c 	ldr	r2, [r4, #28]
    5a60:	e5832004 	str	r2, [r3, #4]
    5a64:	e5953020 	ldr	r3, [r5, #32]
    5a68:	e5942000 	ldr	r2, [r4]
    5a6c:	e5832000 	str	r2, [r3]
    5a70:	e5953020 	ldr	r3, [r5, #32]
    5a74:	e5942004 	ldr	r2, [r4, #4]
    5a78:	e5832004 	str	r2, [r3, #4]
    5a7c:	e5953020 	ldr	r3, [r5, #32]
    5a80:	e5942008 	ldr	r2, [r4, #8]
    5a84:	e5832008 	str	r2, [r3, #8]
    5a88:	e5953020 	ldr	r3, [r5, #32]
    5a8c:	e594200c 	ldr	r2, [r4, #12]
    5a90:	e583200c 	str	r2, [r3, #12]
    5a94:	ebfff9db 	bl	4208 <isp_vi_stream_ctrl_on@plt>
    5a98:	e3500000 	cmp	r0, #0
    5a9c:	03a04004 	moveq	r4, #4
    5aa0:	0a000013 	beq	5af4 <ak_vi_change_channel_attr+0x2c8>
    5aa4:	e59f1094 	ldr	r1, [pc, #148]	@ 5b40 <ak_vi_change_channel_attr+0x314>
    5aa8:	e59f2064 	ldr	r2, [pc, #100]	@ 5b14 <ak_vi_change_channel_attr+0x2e8>
    5aac:	e59f3090 	ldr	r3, [pc, #144]	@ 5b44 <ak_vi_change_channel_attr+0x318>
    5ab0:	e3a00001 	mov	r0, #1
    5ab4:	ebfffad8 	bl	461c <ak_print@plt>
    5ab8:	e1a00007 	mov	r0, r7
    5abc:	ebfff9a7 	bl	4160 <ak_thread_mutex_unlock@plt>
    5ac0:	e3a00011 	mov	r0, #17
    5ac4:	eaffff6e 	b	5884 <ak_vi_change_channel_attr+0x58>
    5ac8:	e28d0010 	add	r0, sp, #16
    5acc:	ebfffb2c 	bl	4784 <isp_vi_get_frame@plt>
    5ad0:	e3500000 	cmp	r0, #0
    5ad4:	1afffffb 	bne	5ac8 <ak_vi_change_channel_attr+0x29c>
    5ad8:	e3a00004 	mov	r0, #4
    5adc:	e59f1064 	ldr	r1, [pc, #100]	@ 5b48 <ak_vi_change_channel_attr+0x31c>
    5ae0:	e59f202c 	ldr	r2, [pc, #44]	@ 5b14 <ak_vi_change_channel_attr+0x2e8>
    5ae4:	e3a03d12 	mov	r3, #1152	@ 0x480
    5ae8:	ebfffacb 	bl	461c <ak_print@plt>
    5aec:	e59d0010 	ldr	r0, [sp, #16]
    5af0:	ebfff9df 	bl	4274 <isp_vi_release_frame@plt>
    5af4:	e2544001 	subs	r4, r4, #1
    5af8:	1afffff2 	bne	5ac8 <ak_vi_change_channel_attr+0x29c>
    5afc:	e1a00007 	mov	r0, r7
    5b00:	ebfff996 	bl	4160 <ak_thread_mutex_unlock@plt>
    5b04:	e1a00004 	mov	r0, r4
    5b08:	e28dd098 	add	sp, sp, #152	@ 0x98
    5b0c:	e8bd81f0 	pop	{r4, r5, r6, r7, r8, pc}
    5b10:	0000c2f4 	strdeq	ip, [r0], -r4
    5b14:	0000bd9a 	muleq	r0, sl, sp
    5b18:	00000409 	andeq	r0, r0, r9, lsl #8
    5b1c:	0000c220 	andeq	ip, r0, r0, lsr #4
    5b20:	00000417 	andeq	r0, r0, r7, lsl r4
    5b24:	0000042b 	andeq	r0, r0, fp, lsr #8
    5b28:	0000c311 	andeq	ip, r0, r1, lsl r3
    5b2c:	0000c330 	andeq	ip, r0, r0, lsr r3
    5b30:	0000044f 	andeq	r0, r0, pc, asr #8
    5b34:	0000c351 	andeq	ip, r0, r1, asr r3
    5b38:	0000045e 	andeq	r0, r0, lr, asr r4
    5b3c:	0000c382 	andeq	ip, r0, r2, lsl #7
    5b40:	0000c3b2 			@ <UNDEFINED> instruction: 0x0000c3b2
    5b44:	00000476 	andeq	r0, r0, r6, ror r4
    5b48:	0000bfdd 	ldrdeq	fp, [r0], -sp

00005b4c <ak_vi_set_flip_mirror>:
    5b4c:	e92d401f 	push	{r0, r1, r2, r3, r4, lr}
    5b50:	e3500000 	cmp	r0, #0
    5b54:	1a000009 	bne	5b80 <ak_vi_set_flip_mirror+0x34>
    5b58:	e58d0000 	str	r0, [sp]
    5b5c:	e59f1034 	ldr	r1, [pc, #52]	@ 5b98 <ak_vi_set_flip_mirror+0x4c>
    5b60:	e59f2034 	ldr	r2, [pc, #52]	@ 5b9c <ak_vi_set_flip_mirror+0x50>
    5b64:	e59f3034 	ldr	r3, [pc, #52]	@ 5ba0 <ak_vi_set_flip_mirror+0x54>
    5b68:	e3a00001 	mov	r0, #1
    5b6c:	ebfffaaa 	bl	461c <ak_print@plt>
    5b70:	e3a00001 	mov	r0, #1
    5b74:	ebfffa8d 	bl	45b0 <set_error_no@plt>
    5b78:	e3e00000 	mvn	r0, #0
    5b7c:	ea000003 	b	5b90 <ak_vi_set_flip_mirror+0x44>
    5b80:	e28d0008 	add	r0, sp, #8
    5b84:	e58d1008 	str	r1, [sp, #8]
    5b88:	e58d200c 	str	r2, [sp, #12]
    5b8c:	ebfffac9 	bl	46b8 <isp_set_flip_mirror@plt>
    5b90:	e28dd014 	add	sp, sp, #20
    5b94:	e49df004 	pop	{pc}		@ (ldr pc, [sp], #4)
    5b98:	0000c2f4 	strdeq	ip, [r0], -r4
    5b9c:	0000bdb4 			@ <UNDEFINED> instruction: 0x0000bdb4
    5ba0:	000004a1 	andeq	r0, r0, r1, lsr #9

00005ba4 <ak_vi_capture_on>:
    5ba4:	e2503000 	subs	r3, r0, #0
    5ba8:	e92d4007 	push	{r0, r1, r2, lr}
    5bac:	0a000003 	beq	5bc0 <ak_vi_capture_on+0x1c>
    5bb0:	e3a01001 	mov	r1, #1
    5bb4:	e28dd00c 	add	sp, sp, #12
    5bb8:	e49de004 	pop	{lr}		@ (ldr lr, [sp], #4)
    5bbc:	eafffbf0 	b	4b84 <AK_ISP_get_fcs_attr@plt+0x1fc>
    5bc0:	e58d3000 	str	r3, [sp]
    5bc4:	e59f1020 	ldr	r1, [pc, #32]	@ 5bec <ak_vi_capture_on+0x48>
    5bc8:	e59f2020 	ldr	r2, [pc, #32]	@ 5bf0 <ak_vi_capture_on+0x4c>
    5bcc:	e59f3020 	ldr	r3, [pc, #32]	@ 5bf4 <ak_vi_capture_on+0x50>
    5bd0:	e3a00001 	mov	r0, #1
    5bd4:	ebfffa90 	bl	461c <ak_print@plt>
    5bd8:	e3a00001 	mov	r0, #1
    5bdc:	ebfffa73 	bl	45b0 <set_error_no@plt>
    5be0:	e3e00000 	mvn	r0, #0
    5be4:	e28dd00c 	add	sp, sp, #12
    5be8:	e49df004 	pop	{pc}		@ (ldr pc, [sp], #4)
    5bec:	0000c2f4 	strdeq	ip, [r0], -r4
    5bf0:	0000bdca 	andeq	fp, r0, sl, asr #27
    5bf4:	000004b7 			@ <UNDEFINED> instruction: 0x000004b7

00005bf8 <ak_vi_capture_off>:
    5bf8:	e2503000 	subs	r3, r0, #0
    5bfc:	e92d4007 	push	{r0, r1, r2, lr}
    5c00:	0a000003 	beq	5c14 <ak_vi_capture_off+0x1c>
    5c04:	e3a01003 	mov	r1, #3
    5c08:	e28dd00c 	add	sp, sp, #12
    5c0c:	e49de004 	pop	{lr}		@ (ldr lr, [sp], #4)
    5c10:	eafffc03 	b	4c24 <AK_ISP_get_fcs_attr@plt+0x29c>
    5c14:	e58d3000 	str	r3, [sp]
    5c18:	e59f1020 	ldr	r1, [pc, #32]	@ 5c40 <ak_vi_capture_off+0x48>
    5c1c:	e59f2020 	ldr	r2, [pc, #32]	@ 5c44 <ak_vi_capture_off+0x4c>
    5c20:	e59f3020 	ldr	r3, [pc, #32]	@ 5c48 <ak_vi_capture_off+0x50>
    5c24:	e3a00001 	mov	r0, #1
    5c28:	ebfffa7b 	bl	461c <ak_print@plt>
    5c2c:	e3a00001 	mov	r0, #1
    5c30:	ebfffa5e 	bl	45b0 <set_error_no@plt>
    5c34:	e3e00000 	mvn	r0, #0
    5c38:	e28dd00c 	add	sp, sp, #12
    5c3c:	e49df004 	pop	{pc}		@ (ldr pc, [sp], #4)
    5c40:	0000c2f4 	strdeq	ip, [r0], -r4
    5c44:	0000bddb 	ldrdeq	fp, [r0], -fp	@ <UNPREDICTABLE>
    5c48:	000004c8 	andeq	r0, r0, r8, asr #9

00005c4c <ak_vi_reset>:
    5c4c:	e92d4070 	push	{r4, r5, r6, lr}
    5c50:	e59f119c 	ldr	r1, [pc, #412]	@ 5df4 <ak_vi_reset+0x1a8>
    5c54:	e1a04000 	mov	r4, r0
    5c58:	e24dd028 	sub	sp, sp, #40	@ 0x28
    5c5c:	e3a00005 	mov	r0, #5
    5c60:	e59f2190 	ldr	r2, [pc, #400]	@ 5df8 <ak_vi_reset+0x1ac>
    5c64:	e59f3190 	ldr	r3, [pc, #400]	@ 5dfc <ak_vi_reset+0x1b0>
    5c68:	ebfffa6b 	bl	461c <ak_print@plt>
    5c6c:	e3540000 	cmp	r4, #0
    5c70:	03a00001 	moveq	r0, #1
    5c74:	059f1184 	ldreq	r1, [pc, #388]	@ 5e00 <ak_vi_reset+0x1b4>
    5c78:	059f2178 	ldreq	r2, [pc, #376]	@ 5df8 <ak_vi_reset+0x1ac>
    5c7c:	059f3180 	ldreq	r3, [pc, #384]	@ 5e04 <ak_vi_reset+0x1b8>
    5c80:	0a00001f 	beq	5d04 <ak_vi_reset+0xb8>
    5c84:	e1a00004 	mov	r0, r4
    5c88:	e3a01002 	mov	r1, #2
    5c8c:	ebfffbe4 	bl	4c24 <AK_ISP_get_fcs_attr@plt+0x29c>
    5c90:	e3500000 	cmp	r0, #0
    5c94:	1a000053 	bne	5de8 <ak_vi_reset+0x19c>
    5c98:	e5945010 	ldr	r5, [r4, #16]
    5c9c:	e2856044 	add	r6, r5, #68	@ 0x44
    5ca0:	e1a00006 	mov	r0, r6
    5ca4:	ebfffa11 	bl	44f0 <ak_thread_mutex_lock@plt>
    5ca8:	e1a00005 	mov	r0, r5
    5cac:	ebfffc71 	bl	4e78 <AK_ISP_get_fcs_attr@plt+0x4f0>
    5cb0:	ebfff9c6 	bl	43d0 <isp_module_deinit@plt>
    5cb4:	ebfffa37 	bl	4598 <isp_device_close@plt>
    5cb8:	e3500000 	cmp	r0, #0
    5cbc:	e1a00006 	mov	r0, r6
    5cc0:	0a000005 	beq	5cdc <ak_vi_reset+0x90>
    5cc4:	ebfff925 	bl	4160 <ak_thread_mutex_unlock@plt>
    5cc8:	e3a00001 	mov	r0, #1
    5ccc:	e59f1134 	ldr	r1, [pc, #308]	@ 5e08 <ak_vi_reset+0x1bc>
    5cd0:	e59f2120 	ldr	r2, [pc, #288]	@ 5df8 <ak_vi_reset+0x1ac>
    5cd4:	e59f3130 	ldr	r3, [pc, #304]	@ 5e0c <ak_vi_reset+0x1c0>
    5cd8:	ea000009 	b	5d04 <ak_vi_reset+0xb8>
    5cdc:	ebfff91f 	bl	4160 <ak_thread_mutex_unlock@plt>
    5ce0:	e3a0000a 	mov	r0, #10
    5ce4:	ebfffa1f 	bl	4568 <ak_sleep_ms@plt>
    5ce8:	ebfff9d0 	bl	4430 <isp_device_open@plt>
    5cec:	e3500000 	cmp	r0, #0
    5cf0:	0a000005 	beq	5d0c <ak_vi_reset+0xc0>
    5cf4:	e59f1114 	ldr	r1, [pc, #276]	@ 5e10 <ak_vi_reset+0x1c4>
    5cf8:	e59f20f8 	ldr	r2, [pc, #248]	@ 5df8 <ak_vi_reset+0x1ac>
    5cfc:	e59f3110 	ldr	r3, [pc, #272]	@ 5e14 <ak_vi_reset+0x1c8>
    5d00:	e3a00001 	mov	r0, #1
    5d04:	ebfffa44 	bl	461c <ak_print@plt>
    5d08:	ea000036 	b	5de8 <ak_vi_reset+0x19c>
    5d0c:	ebfffae7 	bl	48b0 <isp_init@plt>
    5d10:	e2501000 	subs	r1, r0, #0
    5d14:	0a000006 	beq	5d34 <ak_vi_reset+0xe8>
    5d18:	e59f10f8 	ldr	r1, [pc, #248]	@ 5e18 <ak_vi_reset+0x1cc>
    5d1c:	e59f20d4 	ldr	r2, [pc, #212]	@ 5df8 <ak_vi_reset+0x1ac>
    5d20:	e59f30f4 	ldr	r3, [pc, #244]	@ 5e1c <ak_vi_reset+0x1d0>
    5d24:	e3a00001 	mov	r0, #1
    5d28:	ebfffa3b 	bl	461c <ak_print@plt>
    5d2c:	ebfffa19 	bl	4598 <isp_device_close@plt>
    5d30:	ea00002c 	b	5de8 <ak_vi_reset+0x19c>
    5d34:	e3a02020 	mov	r2, #32
    5d38:	e28d0008 	add	r0, sp, #8
    5d3c:	ebfffa45 	bl	4658 <memset@plt>
    5d40:	e5953018 	ldr	r3, [r5, #24]
    5d44:	e1a00004 	mov	r0, r4
    5d48:	e5932000 	ldr	r2, [r3]
    5d4c:	e28d1008 	add	r1, sp, #8
    5d50:	e58d2018 	str	r2, [sp, #24]
    5d54:	e5933004 	ldr	r3, [r3, #4]
    5d58:	e58d301c 	str	r3, [sp, #28]
    5d5c:	e595301c 	ldr	r3, [r5, #28]
    5d60:	e5932000 	ldr	r2, [r3]
    5d64:	e58d2020 	str	r2, [sp, #32]
    5d68:	e5933004 	ldr	r3, [r3, #4]
    5d6c:	e58d3024 	str	r3, [sp, #36]	@ 0x24
    5d70:	e5953020 	ldr	r3, [r5, #32]
    5d74:	e5932000 	ldr	r2, [r3]
    5d78:	e58d2008 	str	r2, [sp, #8]
    5d7c:	e5932004 	ldr	r2, [r3, #4]
    5d80:	e58d200c 	str	r2, [sp, #12]
    5d84:	e5932008 	ldr	r2, [r3, #8]
    5d88:	e593300c 	ldr	r3, [r3, #12]
    5d8c:	e58d2010 	str	r2, [sp, #16]
    5d90:	e58d3014 	str	r3, [sp, #20]
    5d94:	ebfff9ed 	bl	4550 <ak_vi_set_channel_attr@plt>
    5d98:	e3500000 	cmp	r0, #0
    5d9c:	0a000004 	beq	5db4 <ak_vi_reset+0x168>
    5da0:	e3a00001 	mov	r0, #1
    5da4:	e59f1074 	ldr	r1, [pc, #116]	@ 5e20 <ak_vi_reset+0x1d4>
    5da8:	e59f2048 	ldr	r2, [pc, #72]	@ 5df8 <ak_vi_reset+0x1ac>
    5dac:	e59f3070 	ldr	r3, [pc, #112]	@ 5e24 <ak_vi_reset+0x1d8>
    5db0:	ebfffa19 	bl	461c <ak_print@plt>
    5db4:	ebfff904 	bl	41cc <isp_vi_reset_drop_frame@plt>
    5db8:	e1a00004 	mov	r0, r4
    5dbc:	e3a01002 	mov	r1, #2
    5dc0:	ebfffb6f 	bl	4b84 <AK_ISP_get_fcs_attr@plt+0x1fc>
    5dc4:	e59f105c 	ldr	r1, [pc, #92]	@ 5e28 <ak_vi_reset+0x1dc>
    5dc8:	e59f2028 	ldr	r2, [pc, #40]	@ 5df8 <ak_vi_reset+0x1ac>
    5dcc:	e59f3058 	ldr	r3, [pc, #88]	@ 5e2c <ak_vi_reset+0x1e0>
    5dd0:	e1a04000 	mov	r4, r0
    5dd4:	e58d0000 	str	r0, [sp]
    5dd8:	e3a00005 	mov	r0, #5
    5ddc:	ebfffa0e 	bl	461c <ak_print@plt>
    5de0:	e1a00004 	mov	r0, r4
    5de4:	ea000000 	b	5dec <ak_vi_reset+0x1a0>
    5de8:	e3e00000 	mvn	r0, #0
    5dec:	e28dd028 	add	sp, sp, #40	@ 0x28
    5df0:	e8bd8070 	pop	{r4, r5, r6, pc}
    5df4:	0000bf2b 	andeq	fp, r0, fp, lsr #30
    5df8:	0000bded 	andeq	fp, r0, sp, ror #27
    5dfc:	000004d7 	ldrdeq	r0, [r0], -r7
    5e00:	0000c3d1 	ldrdeq	ip, [r0], -r1
    5e04:	000004d9 	ldrdeq	r0, [r0], -r9
    5e08:	0000c3ea 	andeq	ip, r0, sl, ror #7
    5e0c:	000004ec 	andeq	r0, r0, ip, ror #9
    5e10:	0000c40c 	andeq	ip, r0, ip, lsl #8
    5e14:	000004f3 	strdeq	r0, [r0], -r3
    5e18:	0000c126 	andeq	ip, r0, r6, lsr #2
    5e1c:	000004f9 	strdeq	r0, [r0], -r9
    5e20:	0000c42d 	andeq	ip, r0, sp, lsr #8
    5e24:	0000050c 	andeq	r0, r0, ip, lsl #10
    5e28:	0000bf11 	andeq	fp, r0, r1, lsl pc
    5e2c:	00000511 	andeq	r0, r0, r1, lsl r5

00005e30 <ak_vi_get_frame>:
    5e30:	e92d4ff0 	push	{r4, r5, r6, r7, r8, r9, sl, fp, lr}
    5e34:	e2509000 	subs	r9, r0, #0
    5e38:	e24dd02c 	sub	sp, sp, #44	@ 0x2c
    5e3c:	e1a0a001 	mov	sl, r1
    5e40:	1a000006 	bne	5e60 <ak_vi_get_frame+0x30>
    5e44:	e3a00001 	mov	r0, #1
    5e48:	e59f1288 	ldr	r1, [pc, #648]	@ 60d8 <ak_vi_get_frame+0x2a8>
    5e4c:	e59f2288 	ldr	r2, [pc, #648]	@ 60dc <ak_vi_get_frame+0x2ac>
    5e50:	e59f3288 	ldr	r3, [pc, #648]	@ 60e0 <ak_vi_get_frame+0x2b0>
    5e54:	ebfff9f0 	bl	461c <ak_print@plt>
    5e58:	e3a00001 	mov	r0, #1
    5e5c:	ea000099 	b	60c8 <ak_vi_get_frame+0x298>
    5e60:	e3510000 	cmp	r1, #0
    5e64:	1a000006 	bne	5e84 <ak_vi_get_frame+0x54>
    5e68:	e3a00001 	mov	r0, #1
    5e6c:	e59f1270 	ldr	r1, [pc, #624]	@ 60e4 <ak_vi_get_frame+0x2b4>
    5e70:	e59f2264 	ldr	r2, [pc, #612]	@ 60dc <ak_vi_get_frame+0x2ac>
    5e74:	e59f326c 	ldr	r3, [pc, #620]	@ 60e8 <ak_vi_get_frame+0x2b8>
    5e78:	ebfff9e7 	bl	461c <ak_print@plt>
    5e7c:	e3a00002 	mov	r0, #2
    5e80:	ea000090 	b	60c8 <ak_vi_get_frame+0x298>
    5e84:	e5996010 	ldr	r6, [r9, #16]
    5e88:	e3560000 	cmp	r6, #0
    5e8c:	1a000007 	bne	5eb0 <ak_vi_get_frame+0x80>
    5e90:	e58d9000 	str	r9, [sp]
    5e94:	e3a00001 	mov	r0, #1
    5e98:	e59f124c 	ldr	r1, [pc, #588]	@ 60ec <ak_vi_get_frame+0x2bc>
    5e9c:	e59f2238 	ldr	r2, [pc, #568]	@ 60dc <ak_vi_get_frame+0x2ac>
    5ea0:	e59f3248 	ldr	r3, [pc, #584]	@ 60f0 <ak_vi_get_frame+0x2c0>
    5ea4:	ebfff9dc 	bl	461c <ak_print@plt>
    5ea8:	e3a00013 	mov	r0, #19
    5eac:	ea000085 	b	60c8 <ak_vi_get_frame+0x298>
    5eb0:	e5963008 	ldr	r3, [r6, #8]
    5eb4:	e3530000 	cmp	r3, #0
    5eb8:	03a00001 	moveq	r0, #1
    5ebc:	059f1230 	ldreq	r1, [pc, #560]	@ 60f4 <ak_vi_get_frame+0x2c4>
    5ec0:	059f2214 	ldreq	r2, [pc, #532]	@ 60dc <ak_vi_get_frame+0x2ac>
    5ec4:	059f322c 	ldreq	r3, [pc, #556]	@ 60f8 <ak_vi_get_frame+0x2c8>
    5ec8:	0a000029 	beq	5f74 <ak_vi_get_frame+0x144>
    5ecc:	e286805c 	add	r8, r6, #92	@ 0x5c
    5ed0:	e1a00008 	mov	r0, r8
    5ed4:	ebfff985 	bl	44f0 <ak_thread_mutex_lock@plt>
    5ed8:	e5961024 	ldr	r1, [r6, #36]	@ 0x24
    5edc:	e2411024 	sub	r1, r1, #36	@ 0x24
    5ee0:	e1510006 	cmp	r1, r6
    5ee4:	0a000010 	beq	5f2c <ak_vi_get_frame+0xfc>
    5ee8:	e5990004 	ldr	r0, [r9, #4]
    5eec:	e1a022c0 	asr	r2, r0, #5
    5ef0:	e0812102 	add	r2, r1, r2, lsl #2
    5ef4:	e5922004 	ldr	r2, [r2, #4]
    5ef8:	e200301f 	and	r3, r0, #31
    5efc:	e1a03352 	asr	r3, r2, r3
    5f00:	e3130001 	tst	r3, #1
    5f04:	0a000006 	beq	5f24 <ak_vi_get_frame+0xf4>
    5f08:	e1a0200a 	mov	r2, sl
    5f0c:	ebfffb70 	bl	4cd4 <AK_ISP_get_fcs_attr@plt+0x34c>
    5f10:	e1a04000 	mov	r4, r0
    5f14:	e1a00008 	mov	r0, r8
    5f18:	ebfff890 	bl	4160 <ak_thread_mutex_unlock@plt>
    5f1c:	e1a00004 	mov	r0, r4
    5f20:	ea00006a 	b	60d0 <ak_vi_get_frame+0x2a0>
    5f24:	e5911024 	ldr	r1, [r1, #36]	@ 0x24
    5f28:	eaffffeb 	b	5edc <ak_vi_get_frame+0xac>
    5f2c:	e1a00008 	mov	r0, r8
    5f30:	ebfff88a 	bl	4160 <ak_thread_mutex_unlock@plt>
    5f34:	e286b024 	add	fp, r6, #36	@ 0x24
    5f38:	e5963024 	ldr	r3, [r6, #36]	@ 0x24
    5f3c:	e153000b 	cmp	r3, fp
    5f40:	0a00000e 	beq	5f80 <ak_vi_get_frame+0x150>
    5f44:	e596300c 	ldr	r3, [r6, #12]
    5f48:	e3530001 	cmp	r3, #1
    5f4c:	da00000b 	ble	5f80 <ak_vi_get_frame+0x150>
    5f50:	e3a0000a 	mov	r0, #10
    5f54:	ebfff983 	bl	4568 <ak_sleep_ms@plt>
    5f58:	e5963000 	ldr	r3, [r6]
    5f5c:	e3530000 	cmp	r3, #0
    5f60:	cafffff4 	bgt	5f38 <ak_vi_get_frame+0x108>
    5f64:	e59f1190 	ldr	r1, [pc, #400]	@ 60fc <ak_vi_get_frame+0x2cc>
    5f68:	e59f216c 	ldr	r2, [pc, #364]	@ 60dc <ak_vi_get_frame+0x2ac>
    5f6c:	e59f318c 	ldr	r3, [pc, #396]	@ 6100 <ak_vi_get_frame+0x2d0>
    5f70:	e3a00005 	mov	r0, #5
    5f74:	ebfff9a8 	bl	461c <ak_print@plt>
    5f78:	e3a00006 	mov	r0, #6
    5f7c:	ea000051 	b	60c8 <ak_vi_get_frame+0x298>
    5f80:	e3a01000 	mov	r1, #0
    5f84:	e3a02020 	mov	r2, #32
    5f88:	e28d0008 	add	r0, sp, #8
    5f8c:	ebfff9b1 	bl	4658 <memset@plt>
    5f90:	e1a00008 	mov	r0, r8
    5f94:	ebfff955 	bl	44f0 <ak_thread_mutex_lock@plt>
    5f98:	e28d0008 	add	r0, sp, #8
    5f9c:	ebfff9f8 	bl	4784 <isp_vi_get_frame@plt>
    5fa0:	e3500000 	cmp	r0, #0
    5fa4:	0a000002 	beq	5fb4 <ak_vi_get_frame+0x184>
    5fa8:	e1a00008 	mov	r0, r8
    5fac:	ebfff86b 	bl	4160 <ak_thread_mutex_unlock@plt>
    5fb0:	ea00003e 	b	60b0 <ak_vi_get_frame+0x280>
    5fb4:	e1a00008 	mov	r0, r8
    5fb8:	ebfff868 	bl	4160 <ak_thread_mutex_unlock@plt>
    5fbc:	e3a00001 	mov	r0, #1
    5fc0:	e3a01030 	mov	r1, #48	@ 0x30
    5fc4:	ebfff922 	bl	4454 <calloc@plt>
    5fc8:	e2507000 	subs	r7, r0, #0
    5fcc:	1a000009 	bne	5ff8 <ak_vi_get_frame+0x1c8>
    5fd0:	e3a00001 	mov	r0, #1
    5fd4:	e59f1128 	ldr	r1, [pc, #296]	@ 6104 <ak_vi_get_frame+0x2d4>
    5fd8:	e59f2128 	ldr	r2, [pc, #296]	@ 6108 <ak_vi_get_frame+0x2d8>
    5fdc:	e59f3128 	ldr	r3, [pc, #296]	@ 610c <ak_vi_get_frame+0x2dc>
    5fe0:	ebfff98d 	bl	461c <ak_print@plt>
    5fe4:	e59d0008 	ldr	r0, [sp, #8]
    5fe8:	e3500000 	cmp	r0, #0
    5fec:	0a00002f 	beq	60b0 <ak_vi_get_frame+0x280>
    5ff0:	ebfff89f 	bl	4274 <isp_vi_release_frame@plt>
    5ff4:	ea00002d 	b	60b0 <ak_vi_get_frame+0x280>
    5ff8:	e59d301c 	ldr	r3, [sp, #28]
    5ffc:	e1cd41d0 	ldrd	r4, [sp, #16]
    6000:	e5873020 	str	r3, [r7, #32]
    6004:	e59d3008 	ldr	r3, [sp, #8]
    6008:	e1c741f8 	strd	r4, [r7, #24]
    600c:	e5873008 	str	r3, [r7, #8]
    6010:	e59d3018 	ldr	r3, [sp, #24]
    6014:	e1a00008 	mov	r0, r8
    6018:	e587300c 	str	r3, [r7, #12]
    601c:	e5962018 	ldr	r2, [r6, #24]
    6020:	e5923000 	ldr	r3, [r2]
    6024:	e5922004 	ldr	r2, [r2, #4]
    6028:	e0030392 	mul	r3, r2, r3
    602c:	e0833083 	add	r3, r3, r3, lsl #1
    6030:	e0833fa3 	add	r3, r3, r3, lsr #31
    6034:	e1a030c3 	asr	r3, r3, #1
    6038:	e5873010 	str	r3, [r7, #16]
    603c:	e596201c 	ldr	r2, [r6, #28]
    6040:	e5923000 	ldr	r3, [r2]
    6044:	e5922004 	ldr	r2, [r2, #4]
    6048:	e0030392 	mul	r3, r2, r3
    604c:	e0833083 	add	r3, r3, r3, lsl #1
    6050:	e0833fa3 	add	r3, r3, r3, lsr #31
    6054:	e1a030c3 	asr	r3, r3, #1
    6058:	e5873014 	str	r3, [r7, #20]
    605c:	ebfff923 	bl	44f0 <ak_thread_mutex_lock@plt>
    6060:	e596300c 	ldr	r3, [r6, #12]
    6064:	e2872024 	add	r2, r7, #36	@ 0x24
    6068:	e2833001 	add	r3, r3, #1
    606c:	e586300c 	str	r3, [r6, #12]
    6070:	e5963000 	ldr	r3, [r6]
    6074:	e1a00008 	mov	r0, r8
    6078:	e5873000 	str	r3, [r7]
    607c:	e5963004 	ldr	r3, [r6, #4]
    6080:	e5873004 	str	r3, [r7, #4]
    6084:	e5963028 	ldr	r3, [r6, #40]	@ 0x28
    6088:	e5862028 	str	r2, [r6, #40]	@ 0x28
    608c:	e587b024 	str	fp, [r7, #36]	@ 0x24
    6090:	e5873028 	str	r3, [r7, #40]	@ 0x28
    6094:	e5832000 	str	r2, [r3]
    6098:	ebfff830 	bl	4160 <ak_thread_mutex_unlock@plt>
    609c:	e5990004 	ldr	r0, [r9, #4]
    60a0:	e1a01007 	mov	r1, r7
    60a4:	e1a0200a 	mov	r2, sl
    60a8:	ebfffb09 	bl	4cd4 <AK_ISP_get_fcs_attr@plt+0x34c>
    60ac:	ea000007 	b	60d0 <ak_vi_get_frame+0x2a0>
    60b0:	e3a00001 	mov	r0, #1
    60b4:	e59f1054 	ldr	r1, [pc, #84]	@ 6110 <ak_vi_get_frame+0x2e0>
    60b8:	e59f201c 	ldr	r2, [pc, #28]	@ 60dc <ak_vi_get_frame+0x2ac>
    60bc:	e59f3050 	ldr	r3, [pc, #80]	@ 6114 <ak_vi_get_frame+0x2e4>
    60c0:	ebfff955 	bl	461c <ak_print@plt>
    60c4:	e3a00017 	mov	r0, #23
    60c8:	ebfff938 	bl	45b0 <set_error_no@plt>
    60cc:	e3e00000 	mvn	r0, #0
    60d0:	e28dd02c 	add	sp, sp, #44	@ 0x2c
    60d4:	e8bd8ff0 	pop	{r4, r5, r6, r7, r8, r9, sl, fp, pc}
    60d8:	0000c1eb 	andeq	ip, r0, fp, ror #3
    60dc:	0000bdf9 	strdeq	fp, [r0], -r9
    60e0:	0000051f 	andeq	r0, r0, pc, lsl r5
    60e4:	0000c204 	andeq	ip, r0, r4, lsl #4
    60e8:	00000524 	andeq	r0, r0, r4, lsr #10
    60ec:	0000c455 	andeq	ip, r0, r5, asr r4
    60f0:	00000534 	andeq	r0, r0, r4, lsr r5
    60f4:	0000c476 	andeq	ip, r0, r6, ror r4
    60f8:	0000053b 	andeq	r0, r0, fp, lsr r5
    60fc:	0000c49b 	muleq	r0, fp, r4
    6100:	00000552 	andeq	r0, r0, r2, asr r5
    6104:	0000c4ba 			@ <UNDEFINED> instruction: 0x0000c4ba
    6108:	0000be09 	andeq	fp, r0, r9, lsl #28
    610c:	0000024d 	andeq	r0, r0, sp, asr #4
    6110:	0000c4e5 	andeq	ip, r0, r5, ror #9
    6114:	0000055d 	andeq	r0, r0, sp, asr r5

00006118 <ak_vi_release_frame>:
    6118:	e3500000 	cmp	r0, #0
    611c:	e92d47f0 	push	{r4, r5, r6, r7, r8, r9, sl, lr}
    6120:	e1a09001 	mov	r9, r1
    6124:	1a000006 	bne	6144 <ak_vi_release_frame+0x2c>
    6128:	e3a00001 	mov	r0, #1
    612c:	e59f113c 	ldr	r1, [pc, #316]	@ 6270 <ak_vi_release_frame+0x158>
    6130:	e59f213c 	ldr	r2, [pc, #316]	@ 6274 <ak_vi_release_frame+0x15c>
    6134:	e59f313c 	ldr	r3, [pc, #316]	@ 6278 <ak_vi_release_frame+0x160>
    6138:	ebfff937 	bl	461c <ak_print@plt>
    613c:	e3a00001 	mov	r0, #1
    6140:	ea000007 	b	6164 <ak_vi_release_frame+0x4c>
    6144:	e3510000 	cmp	r1, #0
    6148:	1a000008 	bne	6170 <ak_vi_release_frame+0x58>
    614c:	e3a00001 	mov	r0, #1
    6150:	e59f1124 	ldr	r1, [pc, #292]	@ 627c <ak_vi_release_frame+0x164>
    6154:	e59f2118 	ldr	r2, [pc, #280]	@ 6274 <ak_vi_release_frame+0x15c>
    6158:	e59f3120 	ldr	r3, [pc, #288]	@ 6280 <ak_vi_release_frame+0x168>
    615c:	ebfff92e 	bl	461c <ak_print@plt>
    6160:	e3a00002 	mov	r0, #2
    6164:	ebfff911 	bl	45b0 <set_error_no@plt>
    6168:	e3e00000 	mvn	r0, #0
    616c:	e8bd87f0 	pop	{r4, r5, r6, r7, r8, r9, sl, pc}
    6170:	e5906010 	ldr	r6, [r0, #16]
    6174:	e286805c 	add	r8, r6, #92	@ 0x5c
    6178:	e1a00008 	mov	r0, r8
    617c:	ebfff8db 	bl	44f0 <ak_thread_mutex_lock@plt>
    6180:	e5967024 	ldr	r7, [r6, #36]	@ 0x24
    6184:	e2477024 	sub	r7, r7, #36	@ 0x24
    6188:	e1570006 	cmp	r7, r6
    618c:	0a000006 	beq	61ac <ak_vi_release_frame+0x94>
    6190:	e1c741d8 	ldrd	r4, [r7, #24]
    6194:	e1c920d8 	ldrd	r2, [r9, #8]
    6198:	e1550003 	cmp	r5, r3
    619c:	01540002 	cmpeq	r4, r2
    61a0:	0a000004 	beq	61b8 <ak_vi_release_frame+0xa0>
    61a4:	e5977024 	ldr	r7, [r7, #36]	@ 0x24
    61a8:	eafffff5 	b	6184 <ak_vi_release_frame+0x6c>
    61ac:	e3a04000 	mov	r4, #0
    61b0:	e3e05000 	mvn	r5, #0
    61b4:	ea000001 	b	61c0 <ak_vi_release_frame+0xa8>
    61b8:	e3a04001 	mov	r4, #1
    61bc:	e3a05000 	mov	r5, #0
    61c0:	e1a00008 	mov	r0, r8
    61c4:	ebfff7e5 	bl	4160 <ak_thread_mutex_unlock@plt>
    61c8:	e3540000 	cmp	r4, #0
    61cc:	0a000023 	beq	6260 <ak_vi_release_frame+0x148>
    61d0:	e1a00008 	mov	r0, r8
    61d4:	ebfff8c5 	bl	44f0 <ak_thread_mutex_lock@plt>
    61d8:	e5973000 	ldr	r3, [r7]
    61dc:	e59f90a0 	ldr	r9, [pc, #160]	@ 6284 <ak_vi_release_frame+0x16c>
    61e0:	e2433001 	sub	r3, r3, #1
    61e4:	e5873000 	str	r3, [r7]
    61e8:	e5963024 	ldr	r3, [r6, #36]	@ 0x24
    61ec:	e59fa094 	ldr	sl, [pc, #148]	@ 6288 <ak_vi_release_frame+0x170>
    61f0:	e5937000 	ldr	r7, [r3]
    61f4:	e2434024 	sub	r4, r3, #36	@ 0x24
    61f8:	e2477024 	sub	r7, r7, #36	@ 0x24
    61fc:	e1540006 	cmp	r4, r6
    6200:	0a000013 	beq	6254 <ak_vi_release_frame+0x13c>
    6204:	e5943000 	ldr	r3, [r4]
    6208:	e3530000 	cmp	r3, #0
    620c:	ca000010 	bgt	6254 <ak_vi_release_frame+0x13c>
    6210:	e5940008 	ldr	r0, [r4, #8]
    6214:	ebfff816 	bl	4274 <isp_vi_release_frame@plt>
    6218:	e596300c 	ldr	r3, [r6, #12]
    621c:	e1a00004 	mov	r0, r4
    6220:	e2433001 	sub	r3, r3, #1
    6224:	e586300c 	str	r3, [r6, #12]
    6228:	e5943028 	ldr	r3, [r4, #40]	@ 0x28
    622c:	e5942024 	ldr	r2, [r4, #36]	@ 0x24
    6230:	e5823004 	str	r3, [r2, #4]
    6234:	e5832000 	str	r2, [r3]
    6238:	e5849024 	str	r9, [r4, #36]	@ 0x24
    623c:	e584a028 	str	sl, [r4, #40]	@ 0x28
    6240:	ebfff9ca 	bl	4970 <free@plt>
    6244:	e5973024 	ldr	r3, [r7, #36]	@ 0x24
    6248:	e1a04007 	mov	r4, r7
    624c:	e2437024 	sub	r7, r3, #36	@ 0x24
    6250:	eaffffe9 	b	61fc <ak_vi_release_frame+0xe4>
    6254:	e1a00008 	mov	r0, r8
    6258:	ebfff7c0 	bl	4160 <ak_thread_mutex_unlock@plt>
    625c:	ea000001 	b	6268 <ak_vi_release_frame+0x150>
    6260:	e3a00002 	mov	r0, #2
    6264:	ebfff8d1 	bl	45b0 <set_error_no@plt>
    6268:	e1a00005 	mov	r0, r5
    626c:	e8bd87f0 	pop	{r4, r5, r6, r7, r8, r9, sl, pc}
    6270:	0000c1eb 	andeq	ip, r0, fp, ror #3
    6274:	0000be1a 	andeq	fp, r0, sl, lsl lr
    6278:	00000573 	andeq	r0, r0, r3, ror r5
    627c:	0000c204 	andeq	ip, r0, r4, lsl #4
    6280:	00000578 	andeq	r0, r0, r8, ror r5
    6284:	00100100 	andseq	r0, r0, r0, lsl #2
    6288:	00200200 	eoreq	r0, r0, r0, lsl #4

0000628c <ak_vi_get_fps>:
    628c:	e92d4007 	push	{r0, r1, r2, lr}
    6290:	e3500000 	cmp	r0, #0
    6294:	0a000002 	beq	62a4 <ak_vi_get_fps+0x18>
    6298:	e28dd00c 	add	sp, sp, #12
    629c:	e49de004 	pop	{lr}		@ (ldr lr, [sp], #4)
    62a0:	eafff76c 	b	4058 <isp_get_sensor_fps@plt>
    62a4:	e58d0000 	str	r0, [sp]
    62a8:	e59f1020 	ldr	r1, [pc, #32]	@ 62d0 <ak_vi_get_fps+0x44>
    62ac:	e59f2020 	ldr	r2, [pc, #32]	@ 62d4 <ak_vi_get_fps+0x48>
    62b0:	e59f3020 	ldr	r3, [pc, #32]	@ 62d8 <ak_vi_get_fps+0x4c>
    62b4:	e3a00001 	mov	r0, #1
    62b8:	ebfff8d7 	bl	461c <ak_print@plt>
    62bc:	e3a00001 	mov	r0, #1
    62c0:	ebfff8ba 	bl	45b0 <set_error_no@plt>
    62c4:	e3e00000 	mvn	r0, #0
    62c8:	e28dd00c 	add	sp, sp, #12
    62cc:	e49df004 	pop	{pc}		@ (ldr pc, [sp], #4)
    62d0:	0000c2f4 	strdeq	ip, [r0], -r4
    62d4:	0000be2e 	andeq	fp, r0, lr, lsr #28
    62d8:	000005d4 	ldrdeq	r0, [r0], -r4

000062dc <ak_vi_set_fps>:
    62dc:	e92d4007 	push	{r0, r1, r2, lr}
    62e0:	e3500000 	cmp	r0, #0
    62e4:	0a000003 	beq	62f8 <ak_vi_set_fps+0x1c>
    62e8:	e1a00001 	mov	r0, r1
    62ec:	e28dd00c 	add	sp, sp, #12
    62f0:	e49de004 	pop	{lr}		@ (ldr lr, [sp], #4)
    62f4:	eafff92e 	b	47b4 <isp_set_sensor_fps@plt>
    62f8:	e58d0000 	str	r0, [sp]
    62fc:	e59f1020 	ldr	r1, [pc, #32]	@ 6324 <ak_vi_set_fps+0x48>
    6300:	e59f2020 	ldr	r2, [pc, #32]	@ 6328 <ak_vi_set_fps+0x4c>
    6304:	e59f3020 	ldr	r3, [pc, #32]	@ 632c <ak_vi_set_fps+0x50>
    6308:	e3a00001 	mov	r0, #1
    630c:	ebfff8c2 	bl	461c <ak_print@plt>
    6310:	e3a00001 	mov	r0, #1
    6314:	ebfff8a5 	bl	45b0 <set_error_no@plt>
    6318:	e3e00000 	mvn	r0, #0
    631c:	e28dd00c 	add	sp, sp, #12
    6320:	e49df004 	pop	{pc}		@ (ldr pc, [sp], #4)
    6324:	0000c2f4 	strdeq	ip, [r0], -r4
    6328:	0000be3c 	andeq	fp, r0, ip, lsr lr
    632c:	000005e9 	andeq	r0, r0, r9, ror #11

00006330 <ak_vi_switch_mode>:
    6330:	e92d4013 	push	{r0, r1, r4, lr}
    6334:	e3500000 	cmp	r0, #0
    6338:	e1a04001 	mov	r4, r1
    633c:	1a000007 	bne	6360 <ak_vi_switch_mode+0x30>
    6340:	e58d0000 	str	r0, [sp]
    6344:	e59f1030 	ldr	r1, [pc, #48]	@ 637c <ak_vi_switch_mode+0x4c>
    6348:	e3a00001 	mov	r0, #1
    634c:	e59f202c 	ldr	r2, [pc, #44]	@ 6380 <ak_vi_switch_mode+0x50>
    6350:	e59f302c 	ldr	r3, [pc, #44]	@ 6384 <ak_vi_switch_mode+0x54>
    6354:	ebfff8b0 	bl	461c <ak_print@plt>
    6358:	e3e00000 	mvn	r0, #0
    635c:	ea000004 	b	6374 <ak_vi_switch_mode+0x44>
    6360:	e1a00001 	mov	r0, r1
    6364:	ebfff8b2 	bl	4634 <isp_switch@plt>
    6368:	e3500000 	cmp	r0, #0
    636c:	059f3014 	ldreq	r3, [pc, #20]	@ 6388 <ak_vi_switch_mode+0x58>
    6370:	05834008 	streq	r4, [r3, #8]
    6374:	e28dd008 	add	sp, sp, #8
    6378:	e8bd8010 	pop	{r4, pc}
    637c:	0000c2f4 	strdeq	ip, [r0], -r4
    6380:	0000be4a 	andeq	fp, r0, sl, asr #28
    6384:	000005fe 	strdeq	r0, [r0], -lr
    6388:	00015fb8 			@ <UNDEFINED> instruction: 0x00015fb8

0000638c <ak_vi_get_sensor_resolution>:
    638c:	e3500000 	cmp	r0, #0
    6390:	e92d4008 	push	{r3, lr}
    6394:	03a00001 	moveq	r0, #1
    6398:	0a000002 	beq	63a8 <ak_vi_get_sensor_resolution+0x1c>
    639c:	e3510000 	cmp	r1, #0
    63a0:	1a000003 	bne	63b4 <ak_vi_get_sensor_resolution+0x28>
    63a4:	e3a00002 	mov	r0, #2
    63a8:	ebfff880 	bl	45b0 <set_error_no@plt>
    63ac:	e3e00000 	mvn	r0, #0
    63b0:	e8bd8008 	pop	{r3, pc}
    63b4:	e1a00001 	mov	r0, r1
    63b8:	e8bd4008 	pop	{r3, lr}
    63bc:	e2811004 	add	r1, r1, #4
    63c0:	eafff73f 	b	40c4 <isp_vi_get_sensor_attr@plt>

000063c4 <ak_vi_set_switch_fps_enable>:
    63c4:	e92d4007 	push	{r0, r1, r2, lr}
    63c8:	e3500000 	cmp	r0, #0
    63cc:	0a000003 	beq	63e0 <ak_vi_set_switch_fps_enable+0x1c>
    63d0:	e1a00001 	mov	r0, r1
    63d4:	e28dd00c 	add	sp, sp, #12
    63d8:	e49de004 	pop	{lr}		@ (ldr lr, [sp], #4)
    63dc:	eafff8dc 	b	4754 <isp_set_switch_fps_enable@plt>
    63e0:	e58d0000 	str	r0, [sp]
    63e4:	e59f1020 	ldr	r1, [pc, #32]	@ 640c <ak_vi_set_switch_fps_enable+0x48>
    63e8:	e59f2020 	ldr	r2, [pc, #32]	@ 6410 <ak_vi_set_switch_fps_enable+0x4c>
    63ec:	e59f3020 	ldr	r3, [pc, #32]	@ 6414 <ak_vi_set_switch_fps_enable+0x50>
    63f0:	e3a00001 	mov	r0, #1
    63f4:	ebfff888 	bl	461c <ak_print@plt>
    63f8:	e3a00001 	mov	r0, #1
    63fc:	ebfff86b 	bl	45b0 <set_error_no@plt>
    6400:	e3e00000 	mvn	r0, #0
    6404:	e28dd00c 	add	sp, sp, #12
    6408:	e49df004 	pop	{pc}		@ (ldr pc, [sp], #4)
    640c:	0000c2f4 	strdeq	ip, [r0], -r4
    6410:	0000be5c 	andeq	fp, r0, ip, asr lr
    6414:	00000622 	andeq	r0, r0, r2, lsr #12

00006418 <ak_vi_get_handle>:
    6418:	e92d4038 	push	{r3, r4, r5, lr}
    641c:	e1a04000 	mov	r4, r0
    6420:	ebfff9c7 	bl	4b44 <AK_ISP_get_fcs_attr@plt+0x1bc>
    6424:	e2505000 	subs	r5, r0, #0
    6428:	11a01005 	movne	r1, r5
    642c:	15b13034 	ldrne	r3, [r1, #52]!	@ 0x34
    6430:	1a00000a 	bne	6460 <ak_vi_get_handle+0x48>
    6434:	e3a00002 	mov	r0, #2
    6438:	ebfff85c 	bl	45b0 <set_error_no@plt>
    643c:	e59f103c 	ldr	r1, [pc, #60]	@ 6480 <ak_vi_get_handle+0x68>
    6440:	e1a02004 	mov	r2, r4
    6444:	e3a00004 	mov	r0, #4
    6448:	ebfff873 	bl	461c <ak_print@plt>
    644c:	ea000007 	b	6470 <ak_vi_get_handle+0x58>
    6450:	e5932000 	ldr	r2, [r3]
    6454:	e1520004 	cmp	r2, r4
    6458:	0a000006 	beq	6478 <ak_vi_get_handle+0x60>
    645c:	e5933008 	ldr	r3, [r3, #8]
    6460:	e2433008 	sub	r3, r3, #8
    6464:	e2832008 	add	r2, r3, #8
    6468:	e1520001 	cmp	r2, r1
    646c:	1afffff7 	bne	6450 <ak_vi_get_handle+0x38>
    6470:	e3a00000 	mov	r0, #0
    6474:	e8bd8038 	pop	{r3, r4, r5, pc}
    6478:	e1a00003 	mov	r0, r3
    647c:	e8bd8038 	pop	{r3, r4, r5, pc}
    6480:	0000c500 	andeq	ip, r0, r0, lsl #10
    6484:	e92d41f0 	push	{r4, r5, r6, r7, r8, lr}
    6488:	e59f5218 	ldr	r5, [pc, #536]	@ 66a8 <ak_vi_get_handle+0x290>
    648c:	e24dd038 	sub	sp, sp, #56	@ 0x38
    6490:	ebfff77a 	bl	4280 <ak_thread_get_tid@plt>
    6494:	e3a01000 	mov	r1, #0
    6498:	e3a02024 	mov	r2, #36	@ 0x24
    649c:	e1a04005 	mov	r4, r5
    64a0:	e1a07000 	mov	r7, r0
    64a4:	e28d0014 	add	r0, sp, #20
    64a8:	ebfff86a 	bl	4658 <memset@plt>
    64ac:	e3a00000 	mov	r0, #0
    64b0:	ebfff7ae 	bl	4370 <ak_vi_get_handle@plt>
    64b4:	e3a03000 	mov	r3, #0
    64b8:	e58d300c 	str	r3, [sp, #12]
    64bc:	e59f11e8 	ldr	r1, [pc, #488]	@ 66ac <ak_vi_get_handle+0x294>
    64c0:	e3a03fb7 	mov	r3, #732	@ 0x2dc
    64c4:	e59f21e4 	ldr	r2, [pc, #484]	@ 66b0 <ak_vi_get_handle+0x298>
    64c8:	e58d7000 	str	r7, [sp]
    64cc:	e1a06000 	mov	r6, r0
    64d0:	e3a00004 	mov	r0, #4
    64d4:	e58d0010 	str	r0, [sp, #16]
    64d8:	ebfff84f 	bl	461c <ak_print@plt>
    64dc:	e59f01d0 	ldr	r0, [pc, #464]	@ 66b4 <ak_vi_get_handle+0x29c>
    64e0:	ebfff901 	bl	48ec <ak_thread_set_name@plt>
    64e4:	e3a03001 	mov	r3, #1
    64e8:	e585300c 	str	r3, [r5, #12]
    64ec:	e5958018 	ldr	r8, [r5, #24]
    64f0:	e3580000 	cmp	r8, #0
    64f4:	0a000061 	beq	6680 <ak_vi_get_handle+0x268>
    64f8:	e594300c 	ldr	r3, [r4, #12]
    64fc:	e3530000 	cmp	r3, #0
    6500:	0a00005b 	beq	6674 <ak_vi_get_handle+0x25c>
    6504:	e28d1014 	add	r1, sp, #20
    6508:	e1a00006 	mov	r0, r6
    650c:	ebfff7d6 	bl	446c <ak_vpss_isp_get_ae_run_info@plt>
    6510:	e59d2020 	ldr	r2, [sp, #32]
    6514:	e59d3024 	ldr	r3, [sp, #36]	@ 0x24
    6518:	e3a0001f 	mov	r0, #31
    651c:	e0030392 	mul	r3, r2, r3
    6520:	e28d100c 	add	r1, sp, #12
    6524:	e28320ff 	add	r2, r3, #255	@ 0xff
    6528:	e3530000 	cmp	r3, #0
    652c:	b1a03002 	movlt	r3, r2
    6530:	e59d2018 	ldr	r2, [sp, #24]
    6534:	e1a03443 	asr	r3, r3, #8
    6538:	e0030392 	mul	r3, r2, r3
    653c:	e28320ff 	add	r2, r3, #255	@ 0xff
    6540:	e3530000 	cmp	r3, #0
    6544:	b1a03002 	movlt	r3, r2
    6548:	e59d201c 	ldr	r2, [sp, #28]
    654c:	e1a03443 	asr	r3, r3, #8
    6550:	e0030392 	mul	r3, r2, r3
    6554:	e28d2010 	add	r2, sp, #16
    6558:	e28380ff 	add	r8, r3, #255	@ 0xff
    655c:	e3530000 	cmp	r3, #0
    6560:	b1a03008 	movlt	r3, r8
    6564:	e1a08443 	asr	r8, r3, #8
    6568:	ebfff72f 	bl	422c <isp_get_attr@plt>
    656c:	e59d300c 	ldr	r3, [sp, #12]
    6570:	e59f2140 	ldr	r2, [pc, #320]	@ 66b8 <ak_vi_get_handle+0x2a0>
    6574:	e3530000 	cmp	r3, #0
    6578:	0a000013 	beq	65cc <ak_vi_get_handle+0x1b4>
    657c:	e5941008 	ldr	r1, [r4, #8]
    6580:	e3510000 	cmp	r1, #0
    6584:	1a000007 	bne	65a8 <ak_vi_get_handle+0x190>
    6588:	e5941010 	ldr	r1, [r4, #16]
    658c:	e3510000 	cmp	r1, #0
    6590:	05843010 	streq	r3, [r4, #16]
    6594:	0a000001 	beq	65a0 <ak_vi_get_handle+0x188>
    6598:	e1510003 	cmp	r1, r3
    659c:	0a00000a 	beq	65cc <ak_vi_get_handle+0x1b4>
    65a0:	e5823028 	str	r3, [r2, #40]	@ 0x28
    65a4:	ea000008 	b	65cc <ak_vi_get_handle+0x1b4>
    65a8:	e3510002 	cmp	r1, #2
    65ac:	1a000006 	bne	65cc <ak_vi_get_handle+0x1b4>
    65b0:	e5941014 	ldr	r1, [r4, #20]
    65b4:	e3510000 	cmp	r1, #0
    65b8:	05843014 	streq	r3, [r4, #20]
    65bc:	0a000001 	beq	65c8 <ak_vi_get_handle+0x1b0>
    65c0:	e1510003 	cmp	r1, r3
    65c4:	0a000000 	beq	65cc <ak_vi_get_handle+0x1b4>
    65c8:	e582302c 	str	r3, [r2, #44]	@ 0x2c
    65cc:	e5923028 	ldr	r3, [r2, #40]	@ 0x28
    65d0:	e1580003 	cmp	r8, r3
    65d4:	9a000011 	bls	6620 <ak_vi_get_handle+0x208>
    65d8:	e5953008 	ldr	r3, [r5, #8]
    65dc:	e3530000 	cmp	r3, #0
    65e0:	1a00000e 	bne	6620 <ak_vi_get_handle+0x208>
    65e4:	e59f10d0 	ldr	r1, [pc, #208]	@ 66bc <ak_vi_get_handle+0x2a4>
    65e8:	e59f20c0 	ldr	r2, [pc, #192]	@ 66b0 <ak_vi_get_handle+0x298>
    65ec:	e59f30cc 	ldr	r3, [pc, #204]	@ 66c0 <ak_vi_get_handle+0x2a8>
    65f0:	e3a00004 	mov	r0, #4
    65f4:	ebfff808 	bl	461c <ak_print@plt>
    65f8:	e1a00006 	mov	r0, r6
    65fc:	e3a01002 	mov	r1, #2
    6600:	ebfff832 	bl	46d0 <ak_vi_switch_mode@plt>
    6604:	e3500000 	cmp	r0, #0
    6608:	1a000019 	bne	6674 <ak_vi_get_handle+0x25c>
    660c:	e3a00004 	mov	r0, #4
    6610:	e59f10ac 	ldr	r1, [pc, #172]	@ 66c4 <ak_vi_get_handle+0x2ac>
    6614:	e59f2094 	ldr	r2, [pc, #148]	@ 66b0 <ak_vi_get_handle+0x298>
    6618:	e59f30a8 	ldr	r3, [pc, #168]	@ 66c8 <ak_vi_get_handle+0x2b0>
    661c:	ea000013 	b	6670 <ak_vi_get_handle+0x258>
    6620:	e592302c 	ldr	r3, [r2, #44]	@ 0x2c
    6624:	e1580003 	cmp	r8, r3
    6628:	2a000011 	bcs	6674 <ak_vi_get_handle+0x25c>
    662c:	e5953008 	ldr	r3, [r5, #8]
    6630:	e3530002 	cmp	r3, #2
    6634:	1a00000e 	bne	6674 <ak_vi_get_handle+0x25c>
    6638:	e59f108c 	ldr	r1, [pc, #140]	@ 66cc <ak_vi_get_handle+0x2b4>
    663c:	e59f206c 	ldr	r2, [pc, #108]	@ 66b0 <ak_vi_get_handle+0x298>
    6640:	e2833c03 	add	r3, r3, #768	@ 0x300
    6644:	e3a00004 	mov	r0, #4
    6648:	ebfff7f3 	bl	461c <ak_print@plt>
    664c:	e1a00006 	mov	r0, r6
    6650:	e3a01000 	mov	r1, #0
    6654:	ebfff81d 	bl	46d0 <ak_vi_switch_mode@plt>
    6658:	e3500000 	cmp	r0, #0
    665c:	1a000004 	bne	6674 <ak_vi_get_handle+0x25c>
    6660:	e59f1068 	ldr	r1, [pc, #104]	@ 66d0 <ak_vi_get_handle+0x2b8>
    6664:	e59f2044 	ldr	r2, [pc, #68]	@ 66b0 <ak_vi_get_handle+0x298>
    6668:	e3a00004 	mov	r0, #4
    666c:	e3a03fc1 	mov	r3, #772	@ 0x304
    6670:	ebfff7e9 	bl	461c <ak_print@plt>
    6674:	e59f0058 	ldr	r0, [pc, #88]	@ 66d4 <ak_vi_get_handle+0x2bc>
    6678:	ebfff7ba 	bl	4568 <ak_sleep_ms@plt>
    667c:	eaffff9a 	b	64ec <ak_vi_get_handle+0xd4>
    6680:	e59f1050 	ldr	r1, [pc, #80]	@ 66d8 <ak_vi_get_handle+0x2c0>
    6684:	e59f2024 	ldr	r2, [pc, #36]	@ 66b0 <ak_vi_get_handle+0x298>
    6688:	e59f304c 	ldr	r3, [pc, #76]	@ 66dc <ak_vi_get_handle+0x2c4>
    668c:	e58d7000 	str	r7, [sp]
    6690:	e3a00004 	mov	r0, #4
    6694:	ebfff7e0 	bl	461c <ak_print@plt>
    6698:	ebfff85d 	bl	4814 <ak_thread_exit@plt>
    669c:	e1a00008 	mov	r0, r8
    66a0:	e28dd038 	add	sp, sp, #56	@ 0x38
    66a4:	e8bd81f0 	pop	{r4, r5, r6, r7, r8, pc}
    66a8:	00015fb8 			@ <UNDEFINED> instruction: 0x00015fb8
    66ac:	0000c51b 	andeq	ip, r0, fp, lsl r5
    66b0:	0000be78 	andeq	fp, r0, r8, ror lr
    66b4:	0000c53a 	andeq	ip, r0, sl, lsr r5
    66b8:	00015f18 	andeq	r5, r1, r8, lsl pc
    66bc:	0000c543 	andeq	ip, r0, r3, asr #10
    66c0:	000002fd 	strdeq	r0, [r0], -sp
    66c4:	0000c562 	andeq	ip, r0, r2, ror #10
    66c8:	000002ff 	strdeq	r0, [r0], -pc	@ <UNPREDICTABLE>
    66cc:	0000c589 	andeq	ip, r0, r9, lsl #11
    66d0:	0000c5a9 	andeq	ip, r0, r9, lsr #11
    66d4:	00001388 	andeq	r1, r0, r8, lsl #7
    66d8:	0000c5d1 	ldrdeq	ip, [r0], -r1
    66dc:	0000030b 	andeq	r0, r0, fp, lsl #6

000066e0 <ak_vi_get_work_scene>:
    66e0:	e92d4010 	push	{r4, lr}
    66e4:	e1a04000 	mov	r4, r0
    66e8:	ebfff915 	bl	4b44 <AK_ISP_get_fcs_attr@plt+0x1bc>
    66ec:	e3500000 	cmp	r0, #0
    66f0:	1a000005 	bne	670c <ak_vi_get_work_scene+0x2c>
    66f4:	e59f1020 	ldr	r1, [pc, #32]	@ 671c <ak_vi_get_work_scene+0x3c>
    66f8:	e1a02004 	mov	r2, r4
    66fc:	e3a00004 	mov	r0, #4
    6700:	ebfff7c5 	bl	461c <ak_print@plt>
    6704:	e3e00000 	mvn	r0, #0
    6708:	e8bd8010 	pop	{r4, pc}
    670c:	ebfff738 	bl	43f4 <isp_get_work_scene@plt>
    6710:	e3500001 	cmp	r0, #1
    6714:	83a00000 	movhi	r0, #0
    6718:	e8bd8010 	pop	{r4, pc}
    671c:	0000c500 	andeq	ip, r0, r0, lsl #10

00006720 <ak_vi_start_scene_switch>:
    6720:	e3500000 	cmp	r0, #0
    6724:	e92d401f 	push	{r0, r1, r2, r3, r4, lr}
    6728:	1a000008 	bne	6750 <ak_vi_start_scene_switch+0x30>
    672c:	e3a00001 	mov	r0, #1
    6730:	ebfff79e 	bl	45b0 <set_error_no@plt>
    6734:	e3a00001 	mov	r0, #1
    6738:	e59f104c 	ldr	r1, [pc, #76]	@ 678c <ak_vi_start_scene_switch+0x6c>
    673c:	e59f204c 	ldr	r2, [pc, #76]	@ 6790 <ak_vi_start_scene_switch+0x70>
    6740:	e59f304c 	ldr	r3, [pc, #76]	@ 6794 <ak_vi_start_scene_switch+0x74>
    6744:	ebfff7b4 	bl	461c <ak_print@plt>
    6748:	e3e00000 	mvn	r0, #0
    674c:	ea00000c 	b	6784 <ak_vi_start_scene_switch+0x64>
    6750:	e59f3040 	ldr	r3, [pc, #64]	@ 6798 <ak_vi_start_scene_switch+0x78>
    6754:	e5932018 	ldr	r2, [r3, #24]
    6758:	e3520000 	cmp	r2, #0
    675c:	13a00000 	movne	r0, #0
    6760:	1a000007 	bne	6784 <ak_vi_start_scene_switch+0x64>
    6764:	e3a02001 	mov	r2, #1
    6768:	e5832018 	str	r2, [r3, #24]
    676c:	e3e03000 	mvn	r3, #0
    6770:	e58d3000 	str	r3, [sp]
    6774:	e28d000c 	add	r0, sp, #12
    6778:	e59f101c 	ldr	r1, [pc, #28]	@ 679c <ak_vi_start_scene_switch+0x7c>
    677c:	e3a03a19 	mov	r3, #102400	@ 0x19000
    6780:	ebfff6e2 	bl	4310 <ak_thread_create@plt>
    6784:	e28dd014 	add	sp, sp, #20
    6788:	e49df004 	pop	{pc}		@ (ldr pc, [sp], #4)
    678c:	0000c5ef 	andeq	ip, r0, pc, ror #11
    6790:	0000be8b 	andeq	fp, r0, fp, lsl #29
    6794:	0000065a 	andeq	r0, r0, sl, asr r6
    6798:	00015fb8 			@ <UNDEFINED> instruction: 0x00015fb8
    679c:	00006484 	andeq	r6, r0, r4, lsl #9

000067a0 <ak_vi_stop_scene_switch>:
    67a0:	e3500000 	cmp	r0, #0
    67a4:	e92d4008 	push	{r3, lr}
    67a8:	1a000008 	bne	67d0 <ak_vi_stop_scene_switch+0x30>
    67ac:	e3a00001 	mov	r0, #1
    67b0:	ebfff77e 	bl	45b0 <set_error_no@plt>
    67b4:	e59f1024 	ldr	r1, [pc, #36]	@ 67e0 <ak_vi_stop_scene_switch+0x40>
    67b8:	e59f2024 	ldr	r2, [pc, #36]	@ 67e4 <ak_vi_stop_scene_switch+0x44>
    67bc:	e59f3024 	ldr	r3, [pc, #36]	@ 67e8 <ak_vi_stop_scene_switch+0x48>
    67c0:	e3a00001 	mov	r0, #1
    67c4:	ebfff794 	bl	461c <ak_print@plt>
    67c8:	e3e00000 	mvn	r0, #0
    67cc:	e8bd8008 	pop	{r3, pc}
    67d0:	e59f3014 	ldr	r3, [pc, #20]	@ 67ec <ak_vi_stop_scene_switch+0x4c>
    67d4:	e3a00000 	mov	r0, #0
    67d8:	e5830018 	str	r0, [r3, #24]
    67dc:	e8bd8008 	pop	{r3, pc}
    67e0:	0000c5ef 	andeq	ip, r0, pc, ror #11
    67e4:	0000bea4 	andeq	fp, r0, r4, lsr #29
    67e8:	00000672 	andeq	r0, r0, r2, ror r6
    67ec:	00015fb8 			@ <UNDEFINED> instruction: 0x00015fb8

000067f0 <ak_vi_get_scene_mode>:
    67f0:	e59f3004 	ldr	r3, [pc, #4]	@ 67fc <ak_vi_get_scene_mode+0xc>
    67f4:	e5930008 	ldr	r0, [r3, #8]
    67f8:	e12fff1e 	bx	lr
    67fc:	00015fb8 			@ <UNDEFINED> instruction: 0x00015fb8

00006800 <ak_vi_clear_buffer>:
    6800:	e3500000 	cmp	r0, #0
    6804:	e92d4008 	push	{r3, lr}
    6808:	1a000008 	bne	6830 <ak_vi_clear_buffer+0x30>
    680c:	e3a00001 	mov	r0, #1
    6810:	ebfff766 	bl	45b0 <set_error_no@plt>
    6814:	e59f1020 	ldr	r1, [pc, #32]	@ 683c <ak_vi_clear_buffer+0x3c>
    6818:	e59f2020 	ldr	r2, [pc, #32]	@ 6840 <ak_vi_clear_buffer+0x40>
    681c:	e59f3020 	ldr	r3, [pc, #32]	@ 6844 <ak_vi_clear_buffer+0x44>
    6820:	e3a00001 	mov	r0, #1
    6824:	ebfff77c 	bl	461c <ak_print@plt>
    6828:	e3e00000 	mvn	r0, #0
    682c:	e8bd8008 	pop	{r3, pc}
    6830:	ebfff665 	bl	41cc <isp_vi_reset_drop_frame@plt>
    6834:	e3a00000 	mov	r0, #0
    6838:	e8bd8008 	pop	{r3, pc}
    683c:	0000c5ef 	andeq	ip, r0, pc, ror #11
    6840:	0000bebc 			@ <UNDEFINED> instruction: 0x0000bebc
    6844:	0000068f 	andeq	r0, r0, pc, lsl #13

00006848 <ak_vi_close>:
    6848:	e92d4073 	push	{r0, r1, r4, r5, r6, lr}
    684c:	e59f21dc 	ldr	r2, [pc, #476]	@ 6a30 <ak_vi_close+0x1e8>
    6850:	e1a05000 	mov	r5, r0
    6854:	e59f11d8 	ldr	r1, [pc, #472]	@ 6a34 <ak_vi_close+0x1ec>
    6858:	e3a00003 	mov	r0, #3
    685c:	e3a03e6a 	mov	r3, #1696	@ 0x6a0
    6860:	ebfff76d 	bl	461c <ak_print@plt>
    6864:	e3550000 	cmp	r5, #0
    6868:	1a000007 	bne	688c <ak_vi_close+0x44>
    686c:	e3a00001 	mov	r0, #1
    6870:	ebfff74e 	bl	45b0 <set_error_no@plt>
    6874:	e59f11bc 	ldr	r1, [pc, #444]	@ 6a38 <ak_vi_close+0x1f0>
    6878:	e59f21b0 	ldr	r2, [pc, #432]	@ 6a30 <ak_vi_close+0x1e8>
    687c:	e59f31b8 	ldr	r3, [pc, #440]	@ 6a3c <ak_vi_close+0x1f4>
    6880:	e3a00001 	mov	r0, #1
    6884:	ebfff764 	bl	461c <ak_print@plt>
    6888:	ea00000a 	b	68b8 <ak_vi_close+0x70>
    688c:	e5954010 	ldr	r4, [r5, #16]
    6890:	e3540000 	cmp	r4, #0
    6894:	1a000009 	bne	68c0 <ak_vi_close+0x78>
    6898:	e3a00013 	mov	r0, #19
    689c:	ebfff743 	bl	45b0 <set_error_no@plt>
    68a0:	e58d5000 	str	r5, [sp]
    68a4:	e3a00001 	mov	r0, #1
    68a8:	e59f1190 	ldr	r1, [pc, #400]	@ 6a40 <ak_vi_close+0x1f8>
    68ac:	e59f217c 	ldr	r2, [pc, #380]	@ 6a30 <ak_vi_close+0x1e8>
    68b0:	e59f318c 	ldr	r3, [pc, #396]	@ 6a44 <ak_vi_close+0x1fc>
    68b4:	ebfff758 	bl	461c <ak_print@plt>
    68b8:	e3e00000 	mvn	r0, #0
    68bc:	ea000059 	b	6a28 <ak_vi_close+0x1e0>
    68c0:	e59f0180 	ldr	r0, [pc, #384]	@ 6a48 <ak_vi_close+0x200>
    68c4:	ebfff709 	bl	44f0 <ak_thread_mutex_lock@plt>
    68c8:	e5943000 	ldr	r3, [r4]
    68cc:	e3a00003 	mov	r0, #3
    68d0:	e2433001 	sub	r3, r3, #1
    68d4:	e5843000 	str	r3, [r4]
    68d8:	e59f116c 	ldr	r1, [pc, #364]	@ 6a4c <ak_vi_close+0x204>
    68dc:	e58d3000 	str	r3, [sp]
    68e0:	e59f2148 	ldr	r2, [pc, #328]	@ 6a30 <ak_vi_close+0x1e8>
    68e4:	e59f3164 	ldr	r3, [pc, #356]	@ 6a50 <ak_vi_close+0x208>
    68e8:	ebfff74b 	bl	461c <ak_print@plt>
    68ec:	e5943000 	ldr	r3, [r4]
    68f0:	e3530000 	cmp	r3, #0
    68f4:	ca00003a 	bgt	69e4 <ak_vi_close+0x19c>
    68f8:	e3a01003 	mov	r1, #3
    68fc:	e1a00005 	mov	r0, r5
    6900:	e2846044 	add	r6, r4, #68	@ 0x44
    6904:	ebfff8c6 	bl	4c24 <AK_ISP_get_fcs_attr@plt+0x29c>
    6908:	e1a00006 	mov	r0, r6
    690c:	ebfff6f7 	bl	44f0 <ak_thread_mutex_lock@plt>
    6910:	e1a00004 	mov	r0, r4
    6914:	ebfff957 	bl	4e78 <AK_ISP_get_fcs_attr@plt+0x4f0>
    6918:	e5940018 	ldr	r0, [r4, #24]
    691c:	e3500000 	cmp	r0, #0
    6920:	0a000002 	beq	6930 <ak_vi_close+0xe8>
    6924:	ebfff811 	bl	4970 <free@plt>
    6928:	e3a03000 	mov	r3, #0
    692c:	e5843018 	str	r3, [r4, #24]
    6930:	e594001c 	ldr	r0, [r4, #28]
    6934:	e3500000 	cmp	r0, #0
    6938:	0a000002 	beq	6948 <ak_vi_close+0x100>
    693c:	ebfff80b 	bl	4970 <free@plt>
    6940:	e3a03000 	mov	r3, #0
    6944:	e584301c 	str	r3, [r4, #28]
    6948:	e5940020 	ldr	r0, [r4, #32]
    694c:	e3500000 	cmp	r0, #0
    6950:	0a000002 	beq	6960 <ak_vi_close+0x118>
    6954:	ebfff805 	bl	4970 <free@plt>
    6958:	e3a03000 	mov	r3, #0
    695c:	e5843020 	str	r3, [r4, #32]
    6960:	ebfff69a 	bl	43d0 <isp_module_deinit@plt>
    6964:	ebfff618 	bl	41cc <isp_vi_reset_drop_frame@plt>
    6968:	ebfff70a 	bl	4598 <isp_device_close@plt>
    696c:	e5940014 	ldr	r0, [r4, #20]
    6970:	e3500000 	cmp	r0, #0
    6974:	0a000002 	beq	6984 <ak_vi_close+0x13c>
    6978:	ebfff7a8 	bl	4820 <akuio_free_pmem@plt>
    697c:	e3a03000 	mov	r3, #0
    6980:	e5843014 	str	r3, [r4, #20]
    6984:	e1a00006 	mov	r0, r6
    6988:	ebfff5f4 	bl	4160 <ak_thread_mutex_unlock@plt>
    698c:	e1a00006 	mov	r0, r6
    6990:	ebfff7f0 	bl	4958 <ak_thread_mutex_destroy@plt>
    6994:	e284005c 	add	r0, r4, #92	@ 0x5c
    6998:	ebfff7ee 	bl	4958 <ak_thread_mutex_destroy@plt>
    699c:	e59f30b0 	ldr	r3, [pc, #176]	@ 6a54 <ak_vi_close+0x20c>
    69a0:	e594102c 	ldr	r1, [r4, #44]	@ 0x2c
    69a4:	e5932004 	ldr	r2, [r3, #4]
    69a8:	e1a00004 	mov	r0, r4
    69ac:	e2422001 	sub	r2, r2, #1
    69b0:	e5832004 	str	r2, [r3, #4]
    69b4:	e5942030 	ldr	r2, [r4, #48]	@ 0x30
    69b8:	e284302c 	add	r3, r4, #44	@ 0x2c
    69bc:	e5812004 	str	r2, [r1, #4]
    69c0:	e5821000 	str	r1, [r2]
    69c4:	e584302c 	str	r3, [r4, #44]	@ 0x2c
    69c8:	e5843030 	str	r3, [r4, #48]	@ 0x30
    69cc:	ebfff7e7 	bl	4970 <free@plt>
    69d0:	e3a00004 	mov	r0, #4
    69d4:	e59f107c 	ldr	r1, [pc, #124]	@ 6a58 <ak_vi_close+0x210>
    69d8:	e59f207c 	ldr	r2, [pc, #124]	@ 6a5c <ak_vi_close+0x214>
    69dc:	e59f307c 	ldr	r3, [pc, #124]	@ 6a60 <ak_vi_close+0x218>
    69e0:	ebfff70d 	bl	461c <ak_print@plt>
    69e4:	e595200c 	ldr	r2, [r5, #12]
    69e8:	e5951008 	ldr	r1, [r5, #8]
    69ec:	e2853008 	add	r3, r5, #8
    69f0:	e5812004 	str	r2, [r1, #4]
    69f4:	e1a00005 	mov	r0, r5
    69f8:	e5821000 	str	r1, [r2]
    69fc:	e5853008 	str	r3, [r5, #8]
    6a00:	e585300c 	str	r3, [r5, #12]
    6a04:	ebfff7d9 	bl	4970 <free@plt>
    6a08:	e59f0038 	ldr	r0, [pc, #56]	@ 6a48 <ak_vi_close+0x200>
    6a0c:	ebfff5d3 	bl	4160 <ak_thread_mutex_unlock@plt>
    6a10:	e3a00004 	mov	r0, #4
    6a14:	e59f1048 	ldr	r1, [pc, #72]	@ 6a64 <ak_vi_close+0x21c>
    6a18:	e59f2010 	ldr	r2, [pc, #16]	@ 6a30 <ak_vi_close+0x1e8>
    6a1c:	e59f3044 	ldr	r3, [pc, #68]	@ 6a68 <ak_vi_close+0x220>
    6a20:	ebfff6fd 	bl	461c <ak_print@plt>
    6a24:	e3a00000 	mov	r0, #0
    6a28:	e28dd008 	add	sp, sp, #8
    6a2c:	e8bd8070 	pop	{r4, r5, r6, pc}
    6a30:	0000becf 	andeq	fp, r0, pc, asr #29
    6a34:	0000c60b 	andeq	ip, r0, fp, lsl #12
    6a38:	0000c5ef 	andeq	ip, r0, pc, ror #11
    6a3c:	000006a4 	andeq	r0, r0, r4, lsr #13
    6a40:	0000c623 	andeq	ip, r0, r3, lsr #12
    6a44:	000006af 	andeq	r0, r0, pc, lsr #13
    6a48:	00015f20 	andeq	r5, r1, r0, lsr #30
    6a4c:	0000c63e 	andeq	ip, r0, lr, lsr r6
    6a50:	000006b6 			@ <UNDEFINED> instruction: 0x000006b6
    6a54:	00015f18 	andeq	r5, r1, r8, lsl pc
    6a58:	0000c653 	andeq	ip, r0, r3, asr r6
    6a5c:	0000bedb 	ldrdeq	fp, [r0], -fp	@ <UNPREDICTABLE>
    6a60:	00000293 	muleq	r0, r3, r2
    6a64:	0000c66c 	andeq	ip, r0, ip, ror #12
    6a68:	000006c2 	andeq	r0, r0, r2, asr #13
    6a6c:	e59f32dc 	ldr	r3, [pc, #732]	@ 6d50 <ak_vi_close+0x508>
    6a70:	e92d4013 	push	{r0, r1, r4, lr}
    6a74:	e5933030 	ldr	r3, [r3, #48]	@ 0x30
    6a78:	e1a04000 	mov	r4, r0
    6a7c:	e3530003 	cmp	r3, #3
    6a80:	1a000065 	bne	6c1c <ak_vi_close+0x3d4>
    6a84:	e5d01002 	ldrb	r1, [r0, #2]
    6a88:	e5d02000 	ldrb	r2, [r0]
    6a8c:	e1d030b4 	ldrh	r3, [r0, #4]
    6a90:	e58d1000 	str	r1, [sp]
    6a94:	e3a00004 	mov	r0, #4
    6a98:	e59f12b4 	ldr	r1, [pc, #692]	@ 6d54 <ak_vi_close+0x50c>
    6a9c:	ebfff6de 	bl	461c <ak_print@plt>
    6aa0:	e5d4100d 	ldrb	r1, [r4, #13]
    6aa4:	e5d4200c 	ldrb	r2, [r4, #12]
    6aa8:	e1d431b0 	ldrh	r3, [r4, #16]
    6aac:	e3a00004 	mov	r0, #4
    6ab0:	e58d1000 	str	r1, [sp]
    6ab4:	e59f129c 	ldr	r1, [pc, #668]	@ 6d58 <ak_vi_close+0x510>
    6ab8:	ebfff6d7 	bl	461c <ak_print@plt>
    6abc:	e5d41007 	ldrb	r1, [r4, #7]
    6ac0:	e5d42006 	ldrb	r2, [r4, #6]
    6ac4:	e1d430ba 	ldrh	r3, [r4, #10]
    6ac8:	e58d1000 	str	r1, [sp]
    6acc:	e5d41008 	ldrb	r1, [r4, #8]
    6ad0:	e3a00004 	mov	r0, #4
    6ad4:	e58d1004 	str	r1, [sp, #4]
    6ad8:	e59f127c 	ldr	r1, [pc, #636]	@ 6d5c <ak_vi_close+0x514>
    6adc:	ebfff6ce 	bl	461c <ak_print@plt>
    6ae0:	e5d43000 	ldrb	r3, [r4]
    6ae4:	e2432005 	sub	r2, r3, #5
    6ae8:	e3520019 	cmp	r2, #25
    6aec:	9a000005 	bls	6b08 <ak_vi_close+0x2c0>
    6af0:	e58d3000 	str	r3, [sp]
    6af4:	e3a00001 	mov	r0, #1
    6af8:	e59f1260 	ldr	r1, [pc, #608]	@ 6d60 <ak_vi_close+0x518>
    6afc:	e59f2260 	ldr	r2, [pc, #608]	@ 6d64 <ak_vi_close+0x51c>
    6b00:	e59f3260 	ldr	r3, [pc, #608]	@ 6d68 <ak_vi_close+0x520>
    6b04:	ea00008d 	b	6d40 <ak_vi_close+0x4f8>
    6b08:	e1d430b4 	ldrh	r3, [r4, #4]
    6b0c:	e3530063 	cmp	r3, #99	@ 0x63
    6b10:	8a000005 	bhi	6b2c <ak_vi_close+0x2e4>
    6b14:	e58d3000 	str	r3, [sp]
    6b18:	e3a00001 	mov	r0, #1
    6b1c:	e59f1248 	ldr	r1, [pc, #584]	@ 6d6c <ak_vi_close+0x524>
    6b20:	e59f223c 	ldr	r2, [pc, #572]	@ 6d64 <ak_vi_close+0x51c>
    6b24:	e59f3244 	ldr	r3, [pc, #580]	@ 6d70 <ak_vi_close+0x528>
    6b28:	ea000084 	b	6d40 <ak_vi_close+0x4f8>
    6b2c:	e5d43002 	ldrb	r3, [r4, #2]
    6b30:	e2432001 	sub	r2, r3, #1
    6b34:	e3520063 	cmp	r2, #99	@ 0x63
    6b38:	9a000005 	bls	6b54 <ak_vi_close+0x30c>
    6b3c:	e58d3000 	str	r3, [sp]
    6b40:	e3a00001 	mov	r0, #1
    6b44:	e59f1228 	ldr	r1, [pc, #552]	@ 6d74 <ak_vi_close+0x52c>
    6b48:	e59f2214 	ldr	r2, [pc, #532]	@ 6d64 <ak_vi_close+0x51c>
    6b4c:	e59f3224 	ldr	r3, [pc, #548]	@ 6d78 <ak_vi_close+0x530>
    6b50:	ea00007a 	b	6d40 <ak_vi_close+0x4f8>
    6b54:	e5d4300c 	ldrb	r3, [r4, #12]
    6b58:	e2432005 	sub	r2, r3, #5
    6b5c:	e3520019 	cmp	r2, #25
    6b60:	9a000005 	bls	6b7c <ak_vi_close+0x334>
    6b64:	e58d3000 	str	r3, [sp]
    6b68:	e3a00001 	mov	r0, #1
    6b6c:	e59f1208 	ldr	r1, [pc, #520]	@ 6d7c <ak_vi_close+0x534>
    6b70:	e59f21ec 	ldr	r2, [pc, #492]	@ 6d64 <ak_vi_close+0x51c>
    6b74:	e59f3204 	ldr	r3, [pc, #516]	@ 6d80 <ak_vi_close+0x538>
    6b78:	ea000070 	b	6d40 <ak_vi_close+0x4f8>
    6b7c:	e1d431b0 	ldrh	r3, [r4, #16]
    6b80:	e3530063 	cmp	r3, #99	@ 0x63
    6b84:	8a000005 	bhi	6ba0 <ak_vi_close+0x358>
    6b88:	e58d3000 	str	r3, [sp]
    6b8c:	e3a00001 	mov	r0, #1
    6b90:	e59f11ec 	ldr	r1, [pc, #492]	@ 6d84 <ak_vi_close+0x53c>
    6b94:	e59f21c8 	ldr	r2, [pc, #456]	@ 6d64 <ak_vi_close+0x51c>
    6b98:	e3a03d05 	mov	r3, #320	@ 0x140
    6b9c:	ea000067 	b	6d40 <ak_vi_close+0x4f8>
    6ba0:	e5d43006 	ldrb	r3, [r4, #6]
    6ba4:	e2432005 	sub	r2, r3, #5
    6ba8:	e3520019 	cmp	r2, #25
    6bac:	9a000005 	bls	6bc8 <ak_vi_close+0x380>
    6bb0:	e58d3000 	str	r3, [sp]
    6bb4:	e3a00001 	mov	r0, #1
    6bb8:	e59f11c8 	ldr	r1, [pc, #456]	@ 6d88 <ak_vi_close+0x540>
    6bbc:	e59f21a0 	ldr	r2, [pc, #416]	@ 6d64 <ak_vi_close+0x51c>
    6bc0:	e59f31c4 	ldr	r3, [pc, #452]	@ 6d8c <ak_vi_close+0x544>
    6bc4:	ea00005d 	b	6d40 <ak_vi_close+0x4f8>
    6bc8:	e1d430ba 	ldrh	r3, [r4, #10]
    6bcc:	e3530063 	cmp	r3, #99	@ 0x63
    6bd0:	8a000005 	bhi	6bec <ak_vi_close+0x3a4>
    6bd4:	e58d3000 	str	r3, [sp]
    6bd8:	e3a00001 	mov	r0, #1
    6bdc:	e59f11ac 	ldr	r1, [pc, #428]	@ 6d90 <ak_vi_close+0x548>
    6be0:	e59f217c 	ldr	r2, [pc, #380]	@ 6d64 <ak_vi_close+0x51c>
    6be4:	e3a03f55 	mov	r3, #340	@ 0x154
    6be8:	ea000054 	b	6d40 <ak_vi_close+0x4f8>
    6bec:	e5d43008 	ldrb	r3, [r4, #8]
    6bf0:	e2432001 	sub	r2, r3, #1
    6bf4:	e3520063 	cmp	r2, #99	@ 0x63
    6bf8:	8a000001 	bhi	6c04 <ak_vi_close+0x3bc>
    6bfc:	e3a00000 	mov	r0, #0
    6c00:	ea000050 	b	6d48 <ak_vi_close+0x500>
    6c04:	e58d3000 	str	r3, [sp]
    6c08:	e3a00001 	mov	r0, #1
    6c0c:	e59f1180 	ldr	r1, [pc, #384]	@ 6d94 <ak_vi_close+0x54c>
    6c10:	e59f214c 	ldr	r2, [pc, #332]	@ 6d64 <ak_vi_close+0x51c>
    6c14:	e3a03e16 	mov	r3, #352	@ 0x160
    6c18:	ea000048 	b	6d40 <ak_vi_close+0x4f8>
    6c1c:	e5903008 	ldr	r3, [r0, #8]
    6c20:	e59f1170 	ldr	r1, [pc, #368]	@ 6d98 <ak_vi_close+0x550>
    6c24:	e58d3000 	str	r3, [sp]
    6c28:	e3a00004 	mov	r0, #4
    6c2c:	e894000c 	ldm	r4, {r2, r3}
    6c30:	ebfff679 	bl	461c <ak_print@plt>
    6c34:	e5943014 	ldr	r3, [r4, #20]
    6c38:	e3a00004 	mov	r0, #4
    6c3c:	e58d3000 	str	r3, [sp]
    6c40:	e59f1154 	ldr	r1, [pc, #340]	@ 6d9c <ak_vi_close+0x554>
    6c44:	e594200c 	ldr	r2, [r4, #12]
    6c48:	e5943010 	ldr	r3, [r4, #16]
    6c4c:	ebfff672 	bl	461c <ak_print@plt>
    6c50:	e5943000 	ldr	r3, [r4]
    6c54:	e2432005 	sub	r2, r3, #5
    6c58:	e3520019 	cmp	r2, #25
    6c5c:	9a000005 	bls	6c78 <ak_vi_close+0x430>
    6c60:	e58d3000 	str	r3, [sp]
    6c64:	e3a00001 	mov	r0, #1
    6c68:	e59f1130 	ldr	r1, [pc, #304]	@ 6da0 <ak_vi_close+0x558>
    6c6c:	e59f20f0 	ldr	r2, [pc, #240]	@ 6d64 <ak_vi_close+0x51c>
    6c70:	e3a03f5d 	mov	r3, #372	@ 0x174
    6c74:	ea000031 	b	6d40 <ak_vi_close+0x4f8>
    6c78:	e5943004 	ldr	r3, [r4, #4]
    6c7c:	e59f2120 	ldr	r2, [pc, #288]	@ 6da4 <ak_vi_close+0x55c>
    6c80:	e2431064 	sub	r1, r3, #100	@ 0x64
    6c84:	e1510002 	cmp	r1, r2
    6c88:	9a000005 	bls	6ca4 <ak_vi_close+0x45c>
    6c8c:	e58d3000 	str	r3, [sp]
    6c90:	e3a00001 	mov	r0, #1
    6c94:	e59f110c 	ldr	r1, [pc, #268]	@ 6da8 <ak_vi_close+0x560>
    6c98:	e59f20c4 	ldr	r2, [pc, #196]	@ 6d64 <ak_vi_close+0x51c>
    6c9c:	e59f3108 	ldr	r3, [pc, #264]	@ 6dac <ak_vi_close+0x564>
    6ca0:	ea000026 	b	6d40 <ak_vi_close+0x4f8>
    6ca4:	e5943008 	ldr	r3, [r4, #8]
    6ca8:	e2431001 	sub	r1, r3, #1
    6cac:	e3510063 	cmp	r1, #99	@ 0x63
    6cb0:	9a000005 	bls	6ccc <ak_vi_close+0x484>
    6cb4:	e58d3000 	str	r3, [sp]
    6cb8:	e3a00001 	mov	r0, #1
    6cbc:	e59f10ec 	ldr	r1, [pc, #236]	@ 6db0 <ak_vi_close+0x568>
    6cc0:	e59f209c 	ldr	r2, [pc, #156]	@ 6d64 <ak_vi_close+0x51c>
    6cc4:	e59f30e8 	ldr	r3, [pc, #232]	@ 6db4 <ak_vi_close+0x56c>
    6cc8:	ea00001c 	b	6d40 <ak_vi_close+0x4f8>
    6ccc:	e594300c 	ldr	r3, [r4, #12]
    6cd0:	e2431005 	sub	r1, r3, #5
    6cd4:	e3510019 	cmp	r1, #25
    6cd8:	9a000005 	bls	6cf4 <ak_vi_close+0x4ac>
    6cdc:	e58d3000 	str	r3, [sp]
    6ce0:	e3a00001 	mov	r0, #1
    6ce4:	e59f10cc 	ldr	r1, [pc, #204]	@ 6db8 <ak_vi_close+0x570>
    6ce8:	e59f2074 	ldr	r2, [pc, #116]	@ 6d64 <ak_vi_close+0x51c>
    6cec:	e59f30c8 	ldr	r3, [pc, #200]	@ 6dbc <ak_vi_close+0x574>
    6cf0:	ea000012 	b	6d40 <ak_vi_close+0x4f8>
    6cf4:	e5943010 	ldr	r3, [r4, #16]
    6cf8:	e2431064 	sub	r1, r3, #100	@ 0x64
    6cfc:	e1510002 	cmp	r1, r2
    6d00:	9a000005 	bls	6d1c <ak_vi_close+0x4d4>
    6d04:	e58d3000 	str	r3, [sp]
    6d08:	e3a00001 	mov	r0, #1
    6d0c:	e59f10ac 	ldr	r1, [pc, #172]	@ 6dc0 <ak_vi_close+0x578>
    6d10:	e59f204c 	ldr	r2, [pc, #76]	@ 6d64 <ak_vi_close+0x51c>
    6d14:	e3a03e19 	mov	r3, #400	@ 0x190
    6d18:	ea000008 	b	6d40 <ak_vi_close+0x4f8>
    6d1c:	e5943014 	ldr	r3, [r4, #20]
    6d20:	e2432001 	sub	r2, r3, #1
    6d24:	e3520063 	cmp	r2, #99	@ 0x63
    6d28:	9affffb3 	bls	6bfc <ak_vi_close+0x3b4>
    6d2c:	e58d3000 	str	r3, [sp]
    6d30:	e59f108c 	ldr	r1, [pc, #140]	@ 6dc4 <ak_vi_close+0x57c>
    6d34:	e59f2028 	ldr	r2, [pc, #40]	@ 6d64 <ak_vi_close+0x51c>
    6d38:	e59f3088 	ldr	r3, [pc, #136]	@ 6dc8 <ak_vi_close+0x580>
    6d3c:	e3a00001 	mov	r0, #1
    6d40:	ebfff635 	bl	461c <ak_print@plt>
    6d44:	e3e00000 	mvn	r0, #0
    6d48:	e28dd008 	add	sp, sp, #8
    6d4c:	e8bd8010 	pop	{r4, pc}
    6d50:	00015fd8 	ldrdeq	r5, [r1], -r8
    6d54:	0000c7a3 	andeq	ip, r0, r3, lsr #15
    6d58:	0000c7e7 	andeq	ip, r0, r7, ror #15
    6d5c:	0000c829 	andeq	ip, r0, r9, lsr #16
    6d60:	0000c882 	andeq	ip, r0, r2, lsl #17
    6d64:	0000c67b 	andeq	ip, r0, fp, ror r6
    6d68:	00000126 	andeq	r0, r0, r6, lsr #2
    6d6c:	0000c8ad 	andeq	ip, r0, sp, lsr #17
    6d70:	0000012d 	andeq	r0, r0, sp, lsr #2
    6d74:	0000c8dc 	ldrdeq	ip, [r0], -ip	@ <UNPREDICTABLE>
    6d78:	00000133 	andeq	r0, r0, r3, lsr r1
    6d7c:	0000c910 	andeq	ip, r0, r0, lsl r9
    6d80:	00000139 	andeq	r0, r0, r9, lsr r1
    6d84:	0000c939 	andeq	ip, r0, r9, lsr r9
    6d88:	0000c966 	andeq	ip, r0, r6, ror #18
    6d8c:	0000014d 	andeq	r0, r0, sp, asr #2
    6d90:	0000c98f 	andeq	ip, r0, pc, lsl #19
    6d94:	0000c9bc 			@ <UNDEFINED> instruction: 0x0000c9bc
    6d98:	0000c9ee 	andeq	ip, r0, lr, ror #19
    6d9c:	0000ca30 	andeq	ip, r0, r0, lsr sl
    6da0:	0000ca6c 	andeq	ip, r0, ip, ror #20
    6da4:	0000ff9b 	muleq	r0, fp, pc	@ <UNPREDICTABLE>
    6da8:	0000ca98 	muleq	r0, r8, sl
    6dac:	0000017b 	andeq	r0, r0, fp, ror r1
    6db0:	0000cac8 	andeq	ip, r0, r8, asr #21
    6db4:	00000182 	andeq	r0, r0, r2, lsl #3
    6db8:	0000cafd 	strdeq	ip, [r0], -sp
    6dbc:	00000189 	andeq	r0, r0, r9, lsl #3
    6dc0:	0000cb29 	andeq	ip, r0, r9, lsr #22
    6dc4:	0000cb57 	andeq	ip, r0, r7, asr fp
    6dc8:	00000197 	muleq	r0, r7, r1
    6dcc:	e92d4010 	push	{r4, lr}
    6dd0:	e24dd0d0 	sub	sp, sp, #208	@ 0xd0
    6dd4:	e1a04000 	mov	r4, r0
    6dd8:	e28d0004 	add	r0, sp, #4
    6ddc:	ebfff5ff 	bl	45e0 <AK_ISP_get_ae_attr@plt>
    6de0:	e3500000 	cmp	r0, #0
    6de4:	1a00001b 	bne	6e58 <ak_vi_close+0x610>
    6de8:	e59f3074 	ldr	r3, [pc, #116]	@ 6e64 <ak_vi_close+0x61c>
    6dec:	e58d4004 	str	r4, [sp, #4]
    6df0:	e5933000 	ldr	r3, [r3]
    6df4:	e353003c 	cmp	r3, #60	@ 0x3c
    6df8:	e59f3068 	ldr	r3, [pc, #104]	@ 6e68 <ak_vi_close+0x620>
    6dfc:	e5930004 	ldr	r0, [r3, #4]
    6e00:	e240300c 	sub	r3, r0, #12
    6e04:	1a000006 	bne	6e24 <ak_vi_close+0x5dc>
    6e08:	e3530001 	cmp	r3, #1
    6e0c:	93a0007d 	movls	r0, #125	@ 0x7d
    6e10:	90000094 	mulls	r0, r4, r0
    6e14:	93a01e4b 	movls	r1, #1200	@ 0x4b0
    6e18:	80000094 	mulhi	r0, r4, r0
    6e1c:	83a01078 	movhi	r1, #120	@ 0x78
    6e20:	ea000005 	b	6e3c <ak_vi_close+0x5f4>
    6e24:	e3530001 	cmp	r3, #1
    6e28:	93a0007d 	movls	r0, #125	@ 0x7d
    6e2c:	90000094 	mulls	r0, r4, r0
    6e30:	80000094 	mulhi	r0, r4, r0
    6e34:	93a01ffa 	movls	r1, #1000	@ 0x3e8
    6e38:	83a01064 	movhi	r1, #100	@ 0x64
    6e3c:	eb000ea4 	bl	a8d4 <isp_vi_stream_ctrl_off+0x80>
    6e40:	e58d0024 	str	r0, [sp, #36]	@ 0x24
    6e44:	e28d0004 	add	r0, sp, #4
    6e48:	ebfff58d 	bl	4484 <AK_ISP_set_ae_attr@plt>
    6e4c:	e2500000 	subs	r0, r0, #0
    6e50:	13e00000 	mvnne	r0, #0
    6e54:	ea000000 	b	6e5c <ak_vi_close+0x614>
    6e58:	e3e00000 	mvn	r0, #0
    6e5c:	e28dd0d0 	add	sp, sp, #208	@ 0xd0
    6e60:	e8bd8010 	pop	{r4, pc}
    6e64:	00015f48 	andeq	r5, r1, r8, asr #30
    6e68:	00015fd8 	ldrdeq	r5, [r1], -r8
    6e6c:	e92d41f0 	push	{r4, r5, r6, r7, r8, lr}
    6e70:	e59f619c 	ldr	r6, [pc, #412]	@ 7014 <ak_vi_close+0x7cc>
    6e74:	e24ddc2b 	sub	sp, sp, #11008	@ 0x2b00
    6e78:	e1a05000 	mov	r5, r0
    6e7c:	e2800032 	add	r0, r0, #50	@ 0x32
    6e80:	e24dd038 	sub	sp, sp, #56	@ 0x38
    6e84:	e1a00500 	lsl	r0, r0, #10
    6e88:	eb000fb9 	bl	ad74 <isp_vi_stream_ctrl_off+0x520>
    6e8c:	e59f3184 	ldr	r3, [pc, #388]	@ 7018 <ak_vi_close+0x7d0>
    6e90:	e3a02000 	mov	r2, #0
    6e94:	eb001088 	bl	b0bc <isp_vi_stream_ctrl_off+0x868>
    6e98:	eb001108 	bl	b2c0 <isp_vi_stream_ctrl_off+0xa6c>
    6e9c:	e3a01000 	mov	r1, #0
    6ea0:	e59f2174 	ldr	r2, [pc, #372]	@ 701c <ak_vi_close+0x7d4>
    6ea4:	e1a04000 	mov	r4, r0
    6ea8:	e1a0000d 	mov	r0, sp
    6eac:	ebfff5e9 	bl	4658 <memset@plt>
    6eb0:	e5963038 	ldr	r3, [r6, #56]	@ 0x38
    6eb4:	e3530000 	cmp	r3, #0
    6eb8:	1a000003 	bne	6ecc <ak_vi_close+0x684>
    6ebc:	e286003c 	add	r0, r6, #60	@ 0x3c
    6ec0:	ebfff590 	bl	4508 <AK_ISP_get_sharp_attr@plt>
    6ec4:	e3a03001 	mov	r3, #1
    6ec8:	e5863038 	str	r3, [r6, #56]	@ 0x38
    6ecc:	e59f114c 	ldr	r1, [pc, #332]	@ 7020 <ak_vi_close+0x7d8>
    6ed0:	e28d0000 	add	r0, sp, #0
    6ed4:	e59f2140 	ldr	r2, [pc, #320]	@ 701c <ak_vi_close+0x7d4>
    6ed8:	ebfff4c1 	bl	41e4 <memcpy@plt>
    6edc:	e1a0300d 	mov	r3, sp
    6ee0:	e3a01000 	mov	r1, #0
    6ee4:	e3a000ff 	mov	r0, #255	@ 0xff
    6ee8:	e3a0ccff 	mov	ip, #65280	@ 0xff00
    6eec:	e1d361f4 	ldrsh	r6, [r3, #20]
    6ef0:	e28de000 	add	lr, sp, #0
    6ef4:	e0060694 	mul	r6, r4, r6
    6ef8:	e08e2001 	add	r2, lr, r1
    6efc:	e1a06306 	lsl	r6, r6, #6
    6f00:	e2822f85 	add	r2, r2, #532	@ 0x214
    6f04:	e1a06826 	lsr	r6, r6, #16
    6f08:	e1c361b4 	strh	r6, [r3, #20]
    6f0c:	e1d2e0f0 	ldrsh	lr, [r2]
    6f10:	e1a06806 	lsl	r6, r6, #16
    6f14:	e00e0e94 	mul	lr, r4, lr
    6f18:	e35608ff 	cmp	r6, #16711680	@ 0xff0000
    6f1c:	e1a0e30e 	lsl	lr, lr, #6
    6f20:	e1a0e82e 	lsr	lr, lr, #16
    6f24:	e1c2e0b0 	strh	lr, [r2]
    6f28:	c1c301b4 	strhgt	r0, [r3, #20]
    6f2c:	e1d361f4 	ldrsh	r6, [r3, #20]
    6f30:	e1a0e80e 	lsl	lr, lr, #16
    6f34:	e3760c01 	cmn	r6, #256	@ 0x100
    6f38:	b1c3c1b4 	strhlt	ip, [r3, #20]
    6f3c:	e35e08ff 	cmp	lr, #16711680	@ 0xff0000
    6f40:	c1c200b0 	strhgt	r0, [r2]
    6f44:	e1d2e0f0 	ldrsh	lr, [r2]
    6f48:	e2811002 	add	r1, r1, #2
    6f4c:	e37e0c01 	cmn	lr, #256	@ 0x100
    6f50:	b1c2c0b0 	strhlt	ip, [r2]
    6f54:	e3510c02 	cmp	r1, #512	@ 0x200
    6f58:	e2833002 	add	r3, r3, #2
    6f5c:	1affffe2 	bne	6eec <ak_vi_close+0x6a4>
    6f60:	e28d3000 	add	r3, sp, #0
    6f64:	e28d7d9b 	add	r7, sp, #9920	@ 0x26c0
    6f68:	e2877022 	add	r7, r7, #34	@ 0x22
    6f6c:	e1a0c003 	mov	ip, r3
    6f70:	e3a0e0ff 	mov	lr, #255	@ 0xff
    6f74:	e3a06cff 	mov	r6, #65280	@ 0xff00
    6f78:	e28c0e45 	add	r0, ip, #1104	@ 0x450
    6f7c:	e2803004 	add	r3, r0, #4
    6f80:	e3a01000 	mov	r1, #0
    6f84:	e1d321f2 	ldrsh	r2, [r3, #18]
    6f88:	e2833002 	add	r3, r3, #2
    6f8c:	e0020294 	mul	r2, r4, r2
    6f90:	e1a02542 	asr	r2, r2, #10
    6f94:	e1c321b0 	strh	r2, [r3, #16]
    6f98:	e08c2001 	add	r2, ip, r1
    6f9c:	e2822e66 	add	r2, r2, #1632	@ 0x660
    6fa0:	e1d280f6 	ldrsh	r8, [r2, #6]
    6fa4:	e2811002 	add	r1, r1, #2
    6fa8:	e0080894 	mul	r8, r4, r8
    6fac:	e1a08548 	asr	r8, r8, #10
    6fb0:	e1c280b6 	strh	r8, [r2, #6]
    6fb4:	e1d381f0 	ldrsh	r8, [r3, #16]
    6fb8:	e35800ff 	cmp	r8, #255	@ 0xff
    6fbc:	c1c3e1b0 	strhgt	lr, [r3, #16]
    6fc0:	e1d381f0 	ldrsh	r8, [r3, #16]
    6fc4:	e3780c01 	cmn	r8, #256	@ 0x100
    6fc8:	b1c361b0 	strhlt	r6, [r3, #16]
    6fcc:	e1d280f6 	ldrsh	r8, [r2, #6]
    6fd0:	e35800ff 	cmp	r8, #255	@ 0xff
    6fd4:	c1c2e0b6 	strhgt	lr, [r2, #6]
    6fd8:	e1d280f6 	ldrsh	r8, [r2, #6]
    6fdc:	e3780c01 	cmn	r8, #256	@ 0x100
    6fe0:	b1c260b6 	strhlt	r6, [r2, #6]
    6fe4:	e3510c02 	cmp	r1, #512	@ 0x200
    6fe8:	1affffe5 	bne	6f84 <ak_vi_close+0x73c>
    6fec:	e280c002 	add	ip, r0, #2
    6ff0:	e15c0007 	cmp	ip, r7
    6ff4:	1affffdf 	bne	6f78 <ak_vi_close+0x730>
    6ff8:	e59f3024 	ldr	r3, [pc, #36]	@ 7024 <ak_vi_close+0x7dc>
    6ffc:	e1a0000d 	mov	r0, sp
    7000:	e5835b8c 	str	r5, [r3, #2956]	@ 0xb8c
    7004:	ebfff4d0 	bl	434c <AK_ISP_set_sharp_attr@plt>
    7008:	e28ddc2b 	add	sp, sp, #11008	@ 0x2b00
    700c:	e28dd038 	add	sp, sp, #56	@ 0x38
    7010:	e8bd81f0 	pop	{r4, r5, r6, r7, r8, pc}
    7014:	00015fd8 	ldrdeq	r5, [r1], -r8
    7018:	40490000 	submi	r0, r9, r0
    701c:	00002b36 	andeq	r2, r0, r6, lsr fp
    7020:	00016014 	andeq	r6, r1, r4, lsl r0
    7024:	00017fd0 	ldrdeq	r7, [r1], -r0
    7028:	e52de004 	push	{lr}		@ (str lr, [sp, #-4]!)
    702c:	e24dd0c4 	sub	sp, sp, #196	@ 0xc4
    7030:	e28d0008 	add	r0, sp, #8
    7034:	ebfff446 	bl	4154 <AK_ISP_get_awb_attr@plt>
    7038:	e3500000 	cmp	r0, #0
    703c:	0a000006 	beq	705c <ak_vi_close+0x814>
    7040:	e3a00001 	mov	r0, #1
    7044:	e59f104c 	ldr	r1, [pc, #76]	@ 7098 <ak_vi_close+0x850>
    7048:	e59f204c 	ldr	r2, [pc, #76]	@ 709c <ak_vi_close+0x854>
    704c:	e3a030c8 	mov	r3, #200	@ 0xc8
    7050:	ebfff571 	bl	461c <ak_print@plt>
    7054:	e3e00000 	mvn	r0, #0
    7058:	ea00000c 	b	7090 <ak_vi_close+0x848>
    705c:	e1dd3ab6 	ldrh	r3, [sp, #166]	@ 0xa6
    7060:	e59f2038 	ldr	r2, [pc, #56]	@ 70a0 <ak_vi_close+0x858>
    7064:	e3a00004 	mov	r0, #4
    7068:	e5823004 	str	r3, [r2, #4]
    706c:	e59f1030 	ldr	r1, [pc, #48]	@ 70a4 <ak_vi_close+0x85c>
    7070:	e58d3000 	str	r3, [sp]
    7074:	e59f2020 	ldr	r2, [pc, #32]	@ 709c <ak_vi_close+0x854>
    7078:	e3a030cd 	mov	r3, #205	@ 0xcd
    707c:	ebfff566 	bl	461c <ak_print@plt>
    7080:	e3a0300a 	mov	r3, #10
    7084:	e28d0008 	add	r0, sp, #8
    7088:	e1cd3ab6 	strh	r3, [sp, #166]	@ 0xa6
    708c:	ebfff62e 	bl	494c <AK_ISP_set_awb_attr@plt>
    7090:	e28dd0c4 	add	sp, sp, #196	@ 0xc4
    7094:	e49df004 	pop	{pc}		@ (ldr pc, [sp], #4)
    7098:	0000cb8c 	andeq	ip, r0, ip, lsl #23
    709c:	0000c68a 	andeq	ip, r0, sl, lsl #13
    70a0:	00015f48 	andeq	r5, r1, r8, asr #30
    70a4:	0000cbaa 	andeq	ip, r0, sl, lsr #23
    70a8:	e59f3030 	ldr	r3, [pc, #48]	@ 70e0 <ak_vi_close+0x898>
    70ac:	e5932034 	ldr	r2, [r3, #52]	@ 0x34
    70b0:	e3520000 	cmp	r2, #0
    70b4:	012fff1e 	bxeq	lr
    70b8:	e5932004 	ldr	r2, [r3, #4]
    70bc:	e5931010 	ldr	r1, [r3, #16]
    70c0:	e1520001 	cmp	r2, r1
    70c4:	0593001c 	ldreq	r0, [r3, #28]
    70c8:	0a000003 	beq	70dc <ak_vi_close+0x894>
    70cc:	e5931008 	ldr	r1, [r3, #8]
    70d0:	e1520001 	cmp	r2, r1
    70d4:	05930014 	ldreq	r0, [r3, #20]
    70d8:	15930018 	ldrne	r0, [r3, #24]
    70dc:	eaffff3a 	b	6dcc <ak_vi_close+0x584>
    70e0:	00015fd8 	ldrdeq	r5, [r1], -r8

000070e4 <isp_module_check_cfg>:
    70e4:	e92d47ff 	push	{r0, r1, r2, r3, r4, r5, r6, r7, r8, r9, sl, lr}
    70e8:	e5915000 	ldr	r5, [r1]
    70ec:	e3a04000 	mov	r4, #0
    70f0:	e2507000 	subs	r7, r0, #0
    70f4:	e1a09001 	mov	r9, r1
    70f8:	e1cd40bc 	strh	r4, [sp, #12]
    70fc:	e1cd40be 	strh	r4, [sp, #14]
    7100:	0a000004 	beq	7118 <isp_module_check_cfg+0x34>
    7104:	e1550004 	cmp	r5, r4
    7108:	11a08004 	movne	r8, r4
    710c:	11a06004 	movne	r6, r4
    7110:	159fa13c 	ldrne	sl, [pc, #316]	@ 7254 <isp_module_check_cfg+0x170>
    7114:	1a00000a 	bne	7144 <isp_module_check_cfg+0x60>
    7118:	e58d5000 	str	r5, [sp]
    711c:	e3a00001 	mov	r0, #1
    7120:	e59f1130 	ldr	r1, [pc, #304]	@ 7258 <isp_module_check_cfg+0x174>
    7124:	e59f2130 	ldr	r2, [pc, #304]	@ 725c <isp_module_check_cfg+0x178>
    7128:	e59f3130 	ldr	r3, [pc, #304]	@ 7260 <isp_module_check_cfg+0x17c>
    712c:	ea000044 	b	7244 <isp_module_check_cfg+0x160>
    7130:	e2866001 	add	r6, r6, #1
    7134:	e1a06806 	lsl	r6, r6, #16
    7138:	e1a06826 	lsr	r6, r6, #16
    713c:	e3560018 	cmp	r6, #24
    7140:	0a000021 	beq	71cc <isp_module_check_cfg+0xe8>
    7144:	e0871004 	add	r1, r7, r4
    7148:	e3a02002 	mov	r2, #2
    714c:	e28d000c 	add	r0, sp, #12
    7150:	ebfff423 	bl	41e4 <memcpy@plt>
    7154:	e2841002 	add	r1, r4, #2
    7158:	e28d000e 	add	r0, sp, #14
    715c:	e0871001 	add	r1, r7, r1
    7160:	e3a02002 	mov	r2, #2
    7164:	ebfff41e 	bl	41e4 <memcpy@plt>
    7168:	e1dd30bc 	ldrh	r3, [sp, #12]
    716c:	e1530006 	cmp	r3, r6
    7170:	1a000004 	bne	7188 <isp_module_check_cfg+0xa4>
    7174:	e08a3086 	add	r3, sl, r6, lsl #1
    7178:	e1dd20be 	ldrh	r2, [sp, #14]
    717c:	e1d330b8 	ldrh	r3, [r3, #8]
    7180:	e1530002 	cmp	r3, r2
    7184:	0a000006 	beq	71a4 <isp_module_check_cfg+0xc0>
    7188:	e59f10d4 	ldr	r1, [pc, #212]	@ 7264 <isp_module_check_cfg+0x180>
    718c:	e59f20c8 	ldr	r2, [pc, #200]	@ 725c <isp_module_check_cfg+0x178>
    7190:	e59f30d0 	ldr	r3, [pc, #208]	@ 7268 <isp_module_check_cfg+0x184>
    7194:	e3a00001 	mov	r0, #1
    7198:	ebfff51f 	bl	461c <ak_print@plt>
    719c:	e3e00000 	mvn	r0, #0
    71a0:	ea000029 	b	724c <isp_module_check_cfg+0x168>
    71a4:	e0844003 	add	r4, r4, r3
    71a8:	e1540005 	cmp	r4, r5
    71ac:	e0888003 	add	r8, r8, r3
    71b0:	9affffde 	bls	7130 <isp_module_check_cfg+0x4c>
    71b4:	e58d5000 	str	r5, [sp]
    71b8:	e3a00001 	mov	r0, #1
    71bc:	e59f10a8 	ldr	r1, [pc, #168]	@ 726c <isp_module_check_cfg+0x188>
    71c0:	e59f2094 	ldr	r2, [pc, #148]	@ 725c <isp_module_check_cfg+0x178>
    71c4:	e59f30a4 	ldr	r3, [pc, #164]	@ 7270 <isp_module_check_cfg+0x18c>
    71c8:	ea00001d 	b	7244 <isp_module_check_cfg+0x160>
    71cc:	e28d000c 	add	r0, sp, #12
    71d0:	e0871004 	add	r1, r7, r4
    71d4:	e3a02002 	mov	r2, #2
    71d8:	ebfff401 	bl	41e4 <memcpy@plt>
    71dc:	e1dd30bc 	ldrh	r3, [sp, #12]
    71e0:	e353001c 	cmp	r3, #28
    71e4:	13a00001 	movne	r0, #1
    71e8:	159f1084 	ldrne	r1, [pc, #132]	@ 7274 <isp_module_check_cfg+0x190>
    71ec:	159f2068 	ldrne	r2, [pc, #104]	@ 725c <isp_module_check_cfg+0x178>
    71f0:	159f3080 	ldrne	r3, [pc, #128]	@ 7278 <isp_module_check_cfg+0x194>
    71f4:	1affffe7 	bne	7198 <isp_module_check_cfg+0xb4>
    71f8:	e2844002 	add	r4, r4, #2
    71fc:	e0871004 	add	r1, r7, r4
    7200:	e3a02002 	mov	r2, #2
    7204:	e28d000e 	add	r0, sp, #14
    7208:	ebfff3f5 	bl	41e4 <memcpy@plt>
    720c:	e1dd30be 	ldrh	r3, [sp, #14]
    7210:	e2832004 	add	r2, r3, #4
    7214:	e2833002 	add	r3, r3, #2
    7218:	e0834004 	add	r4, r3, r4
    721c:	e1540005 	cmp	r4, r5
    7220:	e0828008 	add	r8, r2, r8
    7224:	95898000 	strls	r8, [r9]
    7228:	93a00000 	movls	r0, #0
    722c:	9a000006 	bls	724c <isp_module_check_cfg+0x168>
    7230:	e59f1034 	ldr	r1, [pc, #52]	@ 726c <isp_module_check_cfg+0x188>
    7234:	e59f2020 	ldr	r2, [pc, #32]	@ 725c <isp_module_check_cfg+0x178>
    7238:	e3a00001 	mov	r0, #1
    723c:	e3a03e3e 	mov	r3, #992	@ 0x3e0
    7240:	e58d5000 	str	r5, [sp]
    7244:	ebfff4f4 	bl	461c <ak_print@plt>
    7248:	eaffffd3 	b	719c <isp_module_check_cfg+0xb8>
    724c:	e28dd010 	add	sp, sp, #16
    7250:	e8bd87f0 	pop	{r4, r5, r6, r7, r8, r9, sl, pc}
    7254:	00015f48 	andeq	r5, r1, r8, asr #30
    7258:	0000cbd5 	ldrdeq	ip, [r0], -r5
    725c:	0000c69c 	muleq	r0, ip, r6
    7260:	000003ba 			@ <UNDEFINED> instruction: 0x000003ba
    7264:	0000cc05 	andeq	ip, r0, r5, lsl #24
    7268:	000003c3 	andeq	r0, r0, r3, asr #7
    726c:	0000cc19 	andeq	ip, r0, r9, lsl ip
    7270:	000003ca 	andeq	r0, r0, sl, asr #7
    7274:	0000cc30 	andeq	ip, r0, r0, lsr ip
    7278:	000003d2 	ldrdeq	r0, [r0], -r2

0000727c <isp_dev_open>:
    727c:	e92d4008 	push	{r3, lr}
    7280:	ebfff3dd 	bl	41fc <AK_ISP_sdk_init@plt>
    7284:	e3500000 	cmp	r0, #0
    7288:	08bd8008 	popeq	{r3, pc}
    728c:	e59f1014 	ldr	r1, [pc, #20]	@ 72a8 <isp_dev_open+0x2c>
    7290:	e59f2014 	ldr	r2, [pc, #20]	@ 72ac <isp_dev_open+0x30>
    7294:	e59f3014 	ldr	r3, [pc, #20]	@ 72b0 <isp_dev_open+0x34>
    7298:	e3a00001 	mov	r0, #1
    729c:	ebfff4de 	bl	461c <ak_print@plt>
    72a0:	e3e00000 	mvn	r0, #0
    72a4:	e8bd8008 	pop	{r3, pc}
    72a8:	0000cc49 	andeq	ip, r0, r9, asr #24
    72ac:	0000c6b1 			@ <UNDEFINED> instruction: 0x0000c6b1
    72b0:	000003f1 	strdeq	r0, [r0], -r1

000072b4 <isp_dev_close>:
    72b4:	e92d4008 	push	{r3, lr}
    72b8:	ebfff591 	bl	4904 <AK_ISP_sdk_exit@plt>
    72bc:	e3a00000 	mov	r0, #0
    72c0:	e8bd8008 	pop	{r3, pc}

000072c4 <isp_3D_NR_create>:
    72c4:	e92d4070 	push	{r4, r5, r6, lr}
    72c8:	e0040091 	mul	r4, r1, r0
    72cc:	e24dd018 	sub	sp, sp, #24
    72d0:	e1a05084 	lsl	r5, r4, #1
    72d4:	e0850004 	add	r0, r5, r4
    72d8:	e0800fa0 	add	r0, r0, r0, lsr #31
    72dc:	e3c00001 	bic	r0, r0, #1
    72e0:	ebfff3f2 	bl	42b0 <akuio_alloc_pmem@plt>
    72e4:	e1a06000 	mov	r6, r0
    72e8:	ebfff510 	bl	4730 <akuio_vaddr2paddr@plt>
    72ec:	e3500000 	cmp	r0, #0
    72f0:	0a00000e 	beq	7330 <isp_3D_NR_create+0x6c>
    72f4:	e2843003 	add	r3, r4, #3
    72f8:	e3540000 	cmp	r4, #0
    72fc:	b1a04003 	movlt	r4, r3
    7300:	e1a04144 	asr	r4, r4, #2
    7304:	e88d0021 	stm	sp, {r0, r5}
    7308:	e1a04084 	lsl	r4, r4, #1
    730c:	e0805005 	add	r5, r0, r5
    7310:	e58d5008 	str	r5, [sp, #8]
    7314:	e1a0000d 	mov	r0, sp
    7318:	e0855004 	add	r5, r5, r4
    731c:	e58d400c 	str	r4, [sp, #12]
    7320:	e58d5010 	str	r5, [sp, #16]
    7324:	e58d4014 	str	r4, [sp, #20]
    7328:	ebfff4a6 	bl	45c8 <AK_ISP_set_3d_nr_ref_attr@plt>
    732c:	e1a00006 	mov	r0, r6
    7330:	e28dd018 	add	sp, sp, #24
    7334:	e8bd8070 	pop	{r4, r5, r6, pc}

00007338 <isp_module_deinit>:
    7338:	e92d4070 	push	{r4, r5, r6, lr}
    733c:	e59f6048 	ldr	r6, [pc, #72]	@ 738c <isp_module_deinit+0x54>
    7340:	e59f5048 	ldr	r5, [pc, #72]	@ 7390 <isp_module_deinit+0x58>
    7344:	e3a04000 	mov	r4, #0
    7348:	e59f0044 	ldr	r0, [pc, #68]	@ 7394 <isp_module_deinit+0x5c>
    734c:	e5c64b91 	strb	r4, [r6, #2961]	@ 0xb91
    7350:	ebfff520 	bl	47d8 <ak_thread_sem_post@plt>
    7354:	e1a02005 	mov	r2, r5
    7358:	e59f1038 	ldr	r1, [pc, #56]	@ 7398 <isp_module_deinit+0x60>
    735c:	e59f3038 	ldr	r3, [pc, #56]	@ 739c <isp_module_deinit+0x64>
    7360:	e3a00004 	mov	r0, #4
    7364:	ebfff4ac 	bl	461c <ak_print@plt>
    7368:	e5960ba4 	ldr	r0, [r6, #2980]	@ 0xba4
    736c:	ebfff414 	bl	43c4 <ak_thread_join@plt>
    7370:	e59f1028 	ldr	r1, [pc, #40]	@ 73a0 <isp_module_deinit+0x68>
    7374:	e1a02005 	mov	r2, r5
    7378:	e59f3024 	ldr	r3, [pc, #36]	@ 73a4 <isp_module_deinit+0x6c>
    737c:	e3a00003 	mov	r0, #3
    7380:	ebfff4a5 	bl	461c <ak_print@plt>
    7384:	e1a00004 	mov	r0, r4
    7388:	e8bd8070 	pop	{r4, r5, r6, pc}
    738c:	00017fd0 	ldrdeq	r7, [r1], -r0
    7390:	0000c6be 			@ <UNDEFINED> instruction: 0x0000c6be
    7394:	00018b64 	andeq	r8, r1, r4, ror #22
    7398:	0000cc6b 	andeq	ip, r0, fp, ror #24
    739c:	00000479 	andeq	r0, r0, r9, ror r4
    73a0:	0000cc8e 	andeq	ip, r0, lr, lsl #25
    73a4:	0000047b 	andeq	r0, r0, fp, ror r4

000073a8 <isp_get_attr>:
    73a8:	e92d40f0 	push	{r4, r5, r6, r7, lr}
    73ac:	e3520000 	cmp	r2, #0
    73b0:	13510000 	cmpne	r1, #0
    73b4:	e24dd0dc 	sub	sp, sp, #220	@ 0xdc
    73b8:	e58d0004 	str	r0, [sp, #4]
    73bc:	e1a04001 	mov	r4, r1
    73c0:	e1a05002 	mov	r5, r2
    73c4:	03a00001 	moveq	r0, #1
    73c8:	059f1394 	ldreq	r1, [pc, #916]	@ 7764 <isp_get_attr+0x3bc>
    73cc:	059f2394 	ldreq	r2, [pc, #916]	@ 7768 <isp_get_attr+0x3c0>
    73d0:	059f3394 	ldreq	r3, [pc, #916]	@ 776c <isp_get_attr+0x3c4>
    73d4:	0a0000dc 	beq	774c <isp_get_attr+0x3a4>
    73d8:	e350001f 	cmp	r0, #31
    73dc:	979ff100 	ldrls	pc, [pc, r0, lsl #2]
    73e0:	ea0000d5 	b	773c <isp_get_attr+0x394>
    73e4:	00007464 	andeq	r7, r0, r4, ror #8
    73e8:	00007478 	andeq	r7, r0, r8, ror r4
    73ec:	0000748c 	andeq	r7, r0, ip, lsl #9
    73f0:	00007498 	muleq	r0, r8, r4
    73f4:	000074bc 			@ <UNDEFINED> instruction: 0x000074bc
    73f8:	000074d0 	ldrdeq	r7, [r0], -r0
    73fc:	000074e4 	andeq	r7, r0, r4, ror #9
    7400:	000074f8 	strdeq	r7, [r0], -r8
    7404:	0000750c 	andeq	r7, r0, ip, lsl #10
    7408:	00007520 	andeq	r7, r0, r0, lsr #10
    740c:	00007534 	andeq	r7, r0, r4, lsr r5
    7410:	00007548 	andeq	r7, r0, r8, asr #10
    7414:	0000756c 	andeq	r7, r0, ip, ror #10
    7418:	00007580 	andeq	r7, r0, r0, lsl #11
    741c:	00007594 	muleq	r0, r4, r5
    7420:	000075a8 	andeq	r7, r0, r8, lsr #11
    7424:	000075bc 			@ <UNDEFINED> instruction: 0x000075bc
    7428:	000075dc 	ldrdeq	r7, [r0], -ip
    742c:	000075f0 	strdeq	r7, [r0], -r0
    7430:	00007604 	andeq	r7, r0, r4, lsl #12
    7434:	0000763c 	andeq	r7, r0, ip, lsr r6
    7438:	0000768c 	andeq	r7, r0, ip, lsl #13
    743c:	000076a0 	andeq	r7, r0, r0, lsr #13
    7440:	000076b4 			@ <UNDEFINED> instruction: 0x000076b4
    7444:	0000773c 	andeq	r7, r0, ip, lsr r7
    7448:	0000773c 	andeq	r7, r0, ip, lsr r7
    744c:	0000773c 	andeq	r7, r0, ip, lsr r7
    7450:	0000773c 	andeq	r7, r0, ip, lsr r7
    7454:	0000773c 	andeq	r7, r0, ip, lsr r7
    7458:	000076ec 	andeq	r7, r0, ip, ror #13
    745c:	0000773c 	andeq	r7, r0, ip, lsr r7
    7460:	00007704 	andeq	r7, r0, r4, lsl #14
    7464:	e2810004 	add	r0, r1, #4
    7468:	ebfff3a5 	bl	4304 <AK_ISP_get_blc_attr@plt>
    746c:	e3a030ba 	mov	r3, #186	@ 0xba
    7470:	e1a06000 	mov	r6, r0
    7474:	ea000092 	b	76c4 <isp_get_attr+0x31c>
    7478:	e2810004 	add	r0, r1, #4
    747c:	ebfff48a 	bl	46ac <AK_ISP_get_lsc_attr@plt>
    7480:	e3a030c0 	mov	r3, #192	@ 0xc0
    7484:	e1a06000 	mov	r6, r0
    7488:	ea00008d 	b	76c4 <isp_get_attr+0x31c>
    748c:	e2810004 	add	r0, r1, #4
    7490:	ebfff527 	bl	4934 <AK_ISP_get_raw_lut_attr@plt>
    7494:	ea000019 	b	7500 <isp_get_attr+0x158>
    7498:	e2810004 	add	r0, r1, #4
    749c:	ebfff3b9 	bl	4388 <AK_ISP_get_nr1_attr@plt>
    74a0:	e1a06000 	mov	r6, r0
    74a4:	e2840e6f 	add	r0, r4, #1776	@ 0x6f0
    74a8:	e280000a 	add	r0, r0, #10
    74ac:	ebfff496 	bl	470c <AK_ISP_get_nr2_attr@plt>
    74b0:	e59f32b8 	ldr	r3, [pc, #696]	@ 7770 <isp_get_attr+0x3c8>
    74b4:	e1806006 	orr	r6, r0, r6
    74b8:	ea000081 	b	76c4 <isp_get_attr+0x31c>
    74bc:	e2810004 	add	r0, r1, #4
    74c0:	ebfff3f8 	bl	44a8 <AK_ISP_get_3d_nr_attr@plt>
    74c4:	e3a03d11 	mov	r3, #1088	@ 0x440
    74c8:	e1a06000 	mov	r6, r0
    74cc:	ea00007c 	b	76c4 <isp_get_attr+0x31c>
    74d0:	e2810004 	add	r0, r1, #4
    74d4:	ebfff447 	bl	45f8 <AK_ISP_get_gb_attr@plt>
    74d8:	e3a03056 	mov	r3, #86	@ 0x56
    74dc:	e1a06000 	mov	r6, r0
    74e0:	ea000077 	b	76c4 <isp_get_attr+0x31c>
    74e4:	e2810004 	add	r0, r1, #4
    74e8:	ebfff48d 	bl	4724 <AK_ISP_get_demo_attr@plt>
    74ec:	e3a03016 	mov	r3, #22
    74f0:	e1a06000 	mov	r6, r0
    74f4:	ea000072 	b	76c4 <isp_get_attr+0x31c>
    74f8:	e2810004 	add	r0, r1, #4
    74fc:	ebfff461 	bl	4688 <AK_ISP_get_rgb_gamma_attr@plt>
    7500:	e1a06000 	mov	r6, r0
    7504:	e3a03fdb 	mov	r3, #876	@ 0x36c
    7508:	ea00006d 	b	76c4 <isp_get_attr+0x31c>
    750c:	e2810004 	add	r0, r1, #4
    7510:	ebfff2ca 	bl	4040 <AK_ISP_get_ccm_attr@plt>
    7514:	e3a03088 	mov	r3, #136	@ 0x88
    7518:	e1a06000 	mov	r6, r0
    751c:	ea000068 	b	76c4 <isp_get_attr+0x31c>
    7520:	e2810004 	add	r0, r1, #4
    7524:	ebfff517 	bl	4988 <AK_ISP_get_fcs_attr@plt>
    7528:	e3a0306a 	mov	r3, #106	@ 0x6a
    752c:	e1a06000 	mov	r6, r0
    7530:	ea000063 	b	76c4 <isp_get_attr+0x31c>
    7534:	e2810004 	add	r0, r1, #4
    7538:	ebfff440 	bl	4640 <AK_ISP_get_wdr_attr@plt>
    753c:	e59f3230 	ldr	r3, [pc, #560]	@ 7774 <isp_get_attr+0x3cc>
    7540:	e1a06000 	mov	r6, r0
    7544:	ea00005e 	b	76c4 <isp_get_attr+0x31c>
    7548:	e2810004 	add	r0, r1, #4
    754c:	ebfff3ed 	bl	4508 <AK_ISP_get_sharp_attr@plt>
    7550:	e1a06000 	mov	r6, r0
    7554:	e2840c2b 	add	r0, r4, #11008	@ 0x2b00
    7558:	e280003a 	add	r0, r0, #58	@ 0x3a
    755c:	ebfff362 	bl	42ec <AK_ISP_get_sharp_ex_attr@plt>
    7560:	e59f3210 	ldr	r3, [pc, #528]	@ 7778 <isp_get_attr+0x3d0>
    7564:	e1806006 	orr	r6, r0, r6
    7568:	ea000055 	b	76c4 <isp_get_attr+0x31c>
    756c:	e2810004 	add	r0, r1, #4
    7570:	ebfff45f 	bl	46f4 <AK_ISP_get_saturation_attr@plt>
    7574:	e3a030ce 	mov	r3, #206	@ 0xce
    7578:	e1a06000 	mov	r6, r0
    757c:	ea000050 	b	76c4 <isp_get_attr+0x31c>
    7580:	e2810004 	add	r0, r1, #4
    7584:	ebfff445 	bl	46a0 <AK_ISP_get_contrast_attr@plt>
    7588:	e3a03040 	mov	r3, #64	@ 0x40
    758c:	e1a06000 	mov	r6, r0
    7590:	ea00004b 	b	76c4 <isp_get_attr+0x31c>
    7594:	e2810004 	add	r0, r1, #4
    7598:	ebfff347 	bl	42bc <AK_ISP_get_rgb2yuv_attr@plt>
    759c:	e3a03006 	mov	r3, #6
    75a0:	e1a06000 	mov	r6, r0
    75a4:	ea000046 	b	76c4 <isp_get_attr+0x31c>
    75a8:	e2810004 	add	r0, r1, #4
    75ac:	ebfff324 	bl	4244 <AK_ISP_get_effect_attr@plt>
    75b0:	e3a0300e 	mov	r3, #14
    75b4:	e1a06000 	mov	r6, r0
    75b8:	ea000041 	b	76c4 <isp_get_attr+0x31c>
    75bc:	e2810004 	add	r0, r1, #4
    75c0:	ebfff2d4 	bl	4118 <AK_ISP_get_dpc_attr@plt>
    75c4:	e1a06000 	mov	r6, r0
    75c8:	e2840058 	add	r0, r4, #88	@ 0x58
    75cc:	ebfff334 	bl	42a4 <AK_ISP_get_sdpc_attr@plt>
    75d0:	e59f31a4 	ldr	r3, [pc, #420]	@ 777c <isp_get_attr+0x3d4>
    75d4:	e1806006 	orr	r6, r0, r6
    75d8:	ea000039 	b	76c4 <isp_get_attr+0x31c>
    75dc:	e2810004 	add	r0, r1, #4
    75e0:	ebfff31a 	bl	4250 <AK_ISP_get_weight_attr@plt>
    75e4:	e3a03f41 	mov	r3, #260	@ 0x104
    75e8:	e1a06000 	mov	r6, r0
    75ec:	ea000034 	b	76c4 <isp_get_attr+0x31c>
    75f0:	e2810004 	add	r0, r1, #4
    75f4:	ebfff3d2 	bl	4544 <AK_ISP_get_af_attr@plt>
    75f8:	e3a0302e 	mov	r3, #46	@ 0x2e
    75fc:	e1a06000 	mov	r6, r0
    7600:	ea00002f 	b	76c4 <isp_get_attr+0x31c>
    7604:	e2810004 	add	r0, r1, #4
    7608:	ebfff352 	bl	4358 <AK_ISP_get_wb_type@plt>
    760c:	e1a06000 	mov	r6, r0
    7610:	e2840006 	add	r0, r4, #6
    7614:	ebfff45d 	bl	4790 <AK_ISP_get_mwb_attr@plt>
    7618:	e1806006 	orr	r6, r0, r6
    761c:	e2840012 	add	r0, r4, #18
    7620:	ebfff2cb 	bl	4154 <AK_ISP_get_awb_attr@plt>
    7624:	e1866000 	orr	r6, r6, r0
    7628:	e28400cc 	add	r0, r4, #204	@ 0xcc
    762c:	ebfff343 	bl	4340 <AK_ISP_get_awb_ex_attr@plt>
    7630:	e3a03e21 	mov	r3, #528	@ 0x210
    7634:	e1866000 	orr	r6, r6, r0
    7638:	ea000021 	b	76c4 <isp_get_attr+0x31c>
    763c:	e2810004 	add	r0, r1, #4
    7640:	ebfff4a3 	bl	48d4 <AK_ISP_get_raw_hist_attr@plt>
    7644:	e1a06000 	mov	r6, r0
    7648:	e2840006 	add	r0, r4, #6
    764c:	ebfff40a 	bl	467c <AK_ISP_get_rgb_hist_attr@plt>
    7650:	e1806006 	orr	r6, r0, r6
    7654:	e2840008 	add	r0, r4, #8
    7658:	ebfff3b3 	bl	452c <AK_ISP_get_yuv_hist_attr@plt>
    765c:	e1866000 	orr	r6, r6, r0
    7660:	e284000a 	add	r0, r4, #10
    7664:	ebfff3ef 	bl	4628 <AK_ISP_get_exp_type@plt>
    7668:	e1866000 	orr	r6, r6, r0
    766c:	e284000c 	add	r0, r4, #12
    7670:	ebfff464 	bl	4808 <AK_ISP_get_frame_rate@plt>
    7674:	e1866000 	orr	r6, r6, r0
    7678:	e2840024 	add	r0, r4, #36	@ 0x24
    767c:	ebfff3d7 	bl	45e0 <AK_ISP_get_ae_attr@plt>
    7680:	e3a030f0 	mov	r3, #240	@ 0xf0
    7684:	e1866000 	orr	r6, r6, r0
    7688:	ea00000d 	b	76c4 <isp_get_attr+0x31c>
    768c:	e2810004 	add	r0, r1, #4
    7690:	ebfff414 	bl	46e8 <AK_ISP_get_misc_attr@plt>
    7694:	e3a0301e 	mov	r3, #30
    7698:	e1a06000 	mov	r6, r0
    769c:	ea000008 	b	76c4 <isp_get_attr+0x31c>
    76a0:	e2810004 	add	r0, r1, #4
    76a4:	ebfff2b9 	bl	4190 <AK_ISP_get_Y_gamma_attr@plt>
    76a8:	e59f30d0 	ldr	r3, [pc, #208]	@ 7780 <isp_get_attr+0x3d8>
    76ac:	e1a06000 	mov	r6, r0
    76b0:	ea000003 	b	76c4 <isp_get_attr+0x31c>
    76b4:	e2810004 	add	r0, r1, #4
    76b8:	ebfff362 	bl	4448 <AK_ISP_get_hue_attr@plt>
    76bc:	e3a03ff9 	mov	r3, #996	@ 0x3e4
    76c0:	e1a06000 	mov	r6, r0
    76c4:	e28d1004 	add	r1, sp, #4
    76c8:	e5853000 	str	r3, [r5]
    76cc:	e1a00004 	mov	r0, r4
    76d0:	e3a02002 	mov	r2, #2
    76d4:	ebfff2c2 	bl	41e4 <memcpy@plt>
    76d8:	e2840002 	add	r0, r4, #2
    76dc:	e1a01005 	mov	r1, r5
    76e0:	e3a02002 	mov	r2, #2
    76e4:	ebfff2be 	bl	41e4 <memcpy@plt>
    76e8:	ea00001a 	b	7758 <isp_get_attr+0x3b0>
    76ec:	e1a00001 	mov	r0, r1
    76f0:	ebfff444 	bl	4808 <AK_ISP_get_frame_rate@plt>
    76f4:	e3a03018 	mov	r3, #24
    76f8:	e5853000 	str	r3, [r5]
    76fc:	e1a06000 	mov	r6, r0
    7700:	ea000014 	b	7758 <isp_get_attr+0x3b0>
    7704:	e3a01000 	mov	r1, #0
    7708:	e3a020cc 	mov	r2, #204	@ 0xcc
    770c:	e28d000c 	add	r0, sp, #12
    7710:	ebfff3d0 	bl	4658 <memset@plt>
    7714:	e28d000c 	add	r0, sp, #12
    7718:	ebfff3b0 	bl	45e0 <AK_ISP_get_ae_attr@plt>
    771c:	e3a07004 	mov	r7, #4
    7720:	e28d1038 	add	r1, sp, #56	@ 0x38
    7724:	e1a02007 	mov	r2, r7
    7728:	e1a06000 	mov	r6, r0
    772c:	e1a00004 	mov	r0, r4
    7730:	ebfff2ab 	bl	41e4 <memcpy@plt>
    7734:	e5857000 	str	r7, [r5]
    7738:	ea000006 	b	7758 <isp_get_attr+0x3b0>
    773c:	e59f1020 	ldr	r1, [pc, #32]	@ 7764 <isp_get_attr+0x3bc>
    7740:	e59f2020 	ldr	r2, [pc, #32]	@ 7768 <isp_get_attr+0x3c0>
    7744:	e59f3038 	ldr	r3, [pc, #56]	@ 7784 <isp_get_attr+0x3dc>
    7748:	e3a00001 	mov	r0, #1
    774c:	ebfff3b2 	bl	461c <ak_print@plt>
    7750:	e3e00000 	mvn	r0, #0
    7754:	ea000000 	b	775c <isp_get_attr+0x3b4>
    7758:	e1a00006 	mov	r0, r6
    775c:	e28dd0dc 	add	sp, sp, #220	@ 0xdc
    7760:	e8bd80f0 	pop	{r4, r5, r6, r7, pc}
    7764:	0000ccb1 			@ <UNDEFINED> instruction: 0x0000ccb1
    7768:	0000c6d0 	ldrdeq	ip, [r0], -r0
    776c:	0000048b 	andeq	r0, r0, fp, lsl #9
    7770:	000008dc 	ldrdeq	r0, [r0], -ip
    7774:	000026ee 	andeq	r2, r0, lr, ror #13
    7778:	00002b58 	andeq	r2, r0, r8, asr fp
    777c:	0000105c 	andeq	r1, r0, ip, asr r0
    7780:	00000132 	andeq	r0, r0, r2, lsr r1
    7784:	00000557 	andeq	r0, r0, r7, asr r5

00007788 <isp_get_statinfo>:
    7788:	e3520000 	cmp	r2, #0
    778c:	13510000 	cmpne	r1, #0
    7790:	e92d4038 	push	{r3, r4, r5, lr}
    7794:	e1a05001 	mov	r5, r1
    7798:	e1a04002 	mov	r4, r2
    779c:	1a000005 	bne	77b8 <isp_get_statinfo+0x30>
    77a0:	e59f10e0 	ldr	r1, [pc, #224]	@ 7888 <isp_get_statinfo+0x100>
    77a4:	e59f20e0 	ldr	r2, [pc, #224]	@ 788c <isp_get_statinfo+0x104>
    77a8:	e59f30e0 	ldr	r3, [pc, #224]	@ 7890 <isp_get_statinfo+0x108>
    77ac:	e3a00001 	mov	r0, #1
    77b0:	ebfff399 	bl	461c <ak_print@plt>
    77b4:	ea000031 	b	7880 <isp_get_statinfo+0xf8>
    77b8:	e2400018 	sub	r0, r0, #24
    77bc:	e3500006 	cmp	r0, #6
    77c0:	979ff100 	ldrls	pc, [pc, r0, lsl #2]
    77c4:	ea00002d 	b	7880 <isp_get_statinfo+0xf8>
    77c8:	000077e4 	andeq	r7, r0, r4, ror #15
    77cc:	000077f4 	strdeq	r7, [r0], -r4
    77d0:	0000784c 	andeq	r7, r0, ip, asr #16
    77d4:	0000785c 	andeq	r7, r0, ip, asr r8
    77d8:	00007880 	andeq	r7, r0, r0, lsl #17
    77dc:	00007880 	andeq	r7, r0, r0, lsl #17
    77e0:	00007870 	andeq	r7, r0, r0, ror r8
    77e4:	e1a00001 	mov	r0, r1
    77e8:	ebfff33d 	bl	44e4 <AK_ISP_get_3d_nr_stat_info@plt>
    77ec:	e59f30a0 	ldr	r3, [pc, #160]	@ 7894 <isp_get_statinfo+0x10c>
    77f0:	ea00001c 	b	7868 <isp_get_statinfo+0xe0>
    77f4:	e1a00001 	mov	r0, r1
    77f8:	ebfff2a6 	bl	4298 <AK_ISP_get_ae_run_info@plt>
    77fc:	e3a03024 	mov	r3, #36	@ 0x24
    7800:	e5843000 	str	r3, [r4]
    7804:	e0850003 	add	r0, r5, r3
    7808:	ebfff215 	bl	4064 <AK_ISP_get_raw_hist_stat_info@plt>
    780c:	e5940000 	ldr	r0, [r4]
    7810:	e2800b01 	add	r0, r0, #1024	@ 0x400
    7814:	e2800004 	add	r0, r0, #4
    7818:	e5840000 	str	r0, [r4]
    781c:	e0850000 	add	r0, r5, r0
    7820:	ebfff359 	bl	458c <AK_ISP_get_rgb_hist_stat_info@plt>
    7824:	e5940000 	ldr	r0, [r4]
    7828:	e2800b01 	add	r0, r0, #1024	@ 0x400
    782c:	e2800004 	add	r0, r0, #4
    7830:	e5840000 	str	r0, [r4]
    7834:	e0850000 	add	r0, r5, r0
    7838:	ebfff416 	bl	4898 <AK_ISP_get_yuv_hist_stat_info@plt>
    783c:	e5943000 	ldr	r3, [r4]
    7840:	e2833b01 	add	r3, r3, #1024	@ 0x400
    7844:	e2833004 	add	r3, r3, #4
    7848:	ea000006 	b	7868 <isp_get_statinfo+0xe0>
    784c:	e1a00001 	mov	r0, r1
    7850:	ebfff419 	bl	48bc <AK_ISP_get_af_stat_info@plt>
    7854:	e3a03014 	mov	r3, #20
    7858:	ea000002 	b	7868 <isp_get_statinfo+0xe0>
    785c:	e1a00001 	mov	r0, r1
    7860:	ebfff33d 	bl	455c <Ak_ISP_get_awb_stat_info@plt>
    7864:	e3a030c4 	mov	r3, #196	@ 0xc4
    7868:	e5843000 	str	r3, [r4]
    786c:	ea000001 	b	7878 <isp_get_statinfo+0xf0>
    7870:	e1a00001 	mov	r0, r1
    7874:	ebfff344 	bl	458c <AK_ISP_get_rgb_hist_stat_info@plt>
    7878:	e3a00000 	mov	r0, #0
    787c:	e8bd8038 	pop	{r3, r4, r5, pc}
    7880:	e3e00000 	mvn	r0, #0
    7884:	e8bd8038 	pop	{r3, r4, r5, pc}
    7888:	0000ccb1 			@ <UNDEFINED> instruction: 0x0000ccb1
    788c:	0000c6dd 	ldrdeq	ip, [r0], -sp
    7890:	0000061f 	andeq	r0, r0, pc, lsl r6
    7894:	00000408 	andeq	r0, r0, r8, lsl #8

00007898 <isp_set_sensor_value>:
    7898:	e92d4007 	push	{r0, r1, r2, lr}
    789c:	e1cd00b4 	strh	r0, [sp, #4]
    78a0:	e28d0004 	add	r0, sp, #4
    78a4:	e1cd10b6 	strh	r1, [sp, #6]
    78a8:	ebfff244 	bl	41c0 <Ak_ISP_Sensor_Set_Reg@plt>
    78ac:	e28dd00c 	add	sp, sp, #12
    78b0:	e49df004 	pop	{pc}		@ (ldr pc, [sp], #4)

000078b4 <isp_get_sensor_value>:
    78b4:	e92d4013 	push	{r0, r1, r4, lr}
    78b8:	e3a03000 	mov	r3, #0
    78bc:	e1cd00b4 	strh	r0, [sp, #4]
    78c0:	e28d0004 	add	r0, sp, #4
    78c4:	e1a04001 	mov	r4, r1
    78c8:	e1cd30b6 	strh	r3, [sp, #6]
    78cc:	ebfff32b 	bl	4580 <Ak_ISP_Sensor_Get_Reg@plt>
    78d0:	e1dd30b6 	ldrh	r3, [sp, #6]
    78d4:	e1c430b0 	strh	r3, [r4]
    78d8:	e28dd008 	add	sp, sp, #8
    78dc:	e8bd8010 	pop	{r4, pc}

000078e0 <isp_get_sensor_id>:
    78e0:	eafff233 	b	41b4 <Ak_ISP_Sensor_Get_Id@plt>

000078e4 <isp_get_effect>:
    78e4:	e92d4007 	push	{r0, r1, r2, lr}
    78e8:	e3510000 	cmp	r1, #0
    78ec:	0a00001e 	beq	796c <isp_get_effect+0x88>
    78f0:	e3500004 	cmp	r0, #4
    78f4:	979ff100 	ldrls	pc, [pc, r0, lsl #2]
    78f8:	ea000015 	b	7954 <isp_get_effect+0x70>
    78fc:	00007910 	andeq	r7, r0, r0, lsl r9
    7900:	0000791c 	andeq	r7, r0, ip, lsl r9
    7904:	00007928 	andeq	r7, r0, r8, lsr #18
    7908:	00007934 	andeq	r7, r0, r4, lsr r9
    790c:	00007940 	andeq	r7, r0, r0, asr #18
    7910:	e59f3060 	ldr	r3, [pc, #96]	@ 7978 <isp_get_effect+0x94>
    7914:	e5933b7c 	ldr	r3, [r3, #2940]	@ 0xb7c
    7918:	ea00000a 	b	7948 <isp_get_effect+0x64>
    791c:	e59f3054 	ldr	r3, [pc, #84]	@ 7978 <isp_get_effect+0x94>
    7920:	e5933b80 	ldr	r3, [r3, #2944]	@ 0xb80
    7924:	ea000007 	b	7948 <isp_get_effect+0x64>
    7928:	e59f3048 	ldr	r3, [pc, #72]	@ 7978 <isp_get_effect+0x94>
    792c:	e5933b84 	ldr	r3, [r3, #2948]	@ 0xb84
    7930:	ea000004 	b	7948 <isp_get_effect+0x64>
    7934:	e59f303c 	ldr	r3, [pc, #60]	@ 7978 <isp_get_effect+0x94>
    7938:	e5933b88 	ldr	r3, [r3, #2952]	@ 0xb88
    793c:	ea000001 	b	7948 <isp_get_effect+0x64>
    7940:	e59f3030 	ldr	r3, [pc, #48]	@ 7978 <isp_get_effect+0x94>
    7944:	e5933b8c 	ldr	r3, [r3, #2956]	@ 0xb8c
    7948:	e5813000 	str	r3, [r1]
    794c:	e3a00000 	mov	r0, #0
    7950:	ea000006 	b	7970 <isp_get_effect+0x8c>
    7954:	e58d0000 	str	r0, [sp]
    7958:	e59f101c 	ldr	r1, [pc, #28]	@ 797c <isp_get_effect+0x98>
    795c:	e3a00001 	mov	r0, #1
    7960:	e59f2018 	ldr	r2, [pc, #24]	@ 7980 <isp_get_effect+0x9c>
    7964:	e59f3018 	ldr	r3, [pc, #24]	@ 7984 <isp_get_effect+0xa0>
    7968:	ebfff32b 	bl	461c <ak_print@plt>
    796c:	e3e00000 	mvn	r0, #0
    7970:	e28dd00c 	add	sp, sp, #12
    7974:	e49df004 	pop	{pc}		@ (ldr pc, [sp], #4)
    7978:	00017fd0 	ldrdeq	r7, [r1], -r0
    797c:	0000ccc5 	andeq	ip, r0, r5, asr #25
    7980:	0000c6ee 	andeq	ip, r0, lr, ror #13
    7984:	000006c8 	andeq	r0, r0, r8, asr #13

00007988 <isp_set_effect>:
    7988:	e2813032 	add	r3, r1, #50	@ 0x32
    798c:	e3530064 	cmp	r3, #100	@ 0x64
    7990:	e92d4010 	push	{r4, lr}
    7994:	e1a04001 	mov	r4, r1
    7998:	e24dd0d8 	sub	sp, sp, #216	@ 0xd8
    799c:	9a000005 	bls	79b8 <isp_set_effect+0x30>
    79a0:	e58d1000 	str	r1, [sp]
    79a4:	e3a00001 	mov	r0, #1
    79a8:	e59f11d4 	ldr	r1, [pc, #468]	@ 7b84 <isp_set_effect+0x1fc>
    79ac:	e59f21d4 	ldr	r2, [pc, #468]	@ 7b88 <isp_set_effect+0x200>
    79b0:	e59f31d4 	ldr	r3, [pc, #468]	@ 7b8c <isp_set_effect+0x204>
    79b4:	ea00006e 	b	7b74 <isp_set_effect+0x1ec>
    79b8:	e3500004 	cmp	r0, #4
    79bc:	979ff100 	ldrls	pc, [pc, r0, lsl #2]
    79c0:	ea000066 	b	7b60 <isp_set_effect+0x1d8>
    79c4:	000079d8 	ldrdeq	r7, [r0], -r8
    79c8:	00007a2c 	andeq	r7, r0, ip, lsr #20
    79cc:	00007a74 	andeq	r7, r0, r4, ror sl
    79d0:	00007ac4 	andeq	r7, r0, r4, asr #21
    79d4:	00007b54 	andeq	r7, r0, r4, asr fp
    79d8:	e3a01000 	mov	r1, #0
    79dc:	e3a0200a 	mov	r2, #10
    79e0:	e28d000c 	add	r0, sp, #12
    79e4:	ebfff31b 	bl	4658 <memset@plt>
    79e8:	e28d000c 	add	r0, sp, #12
    79ec:	ebfff214 	bl	4244 <AK_ISP_get_effect_attr@plt>
    79f0:	e59f1198 	ldr	r1, [pc, #408]	@ 7b90 <isp_set_effect+0x208>
    79f4:	e1dd21f2 	ldrsh	r2, [sp, #18]
    79f8:	e5913b7c 	ldr	r3, [r1, #2940]	@ 0xb7c
    79fc:	e0633002 	rsb	r3, r3, r2
    7a00:	e0832004 	add	r2, r3, r4
    7a04:	e35200ff 	cmp	r2, #255	@ 0xff
    7a08:	c26340ff 	rsbgt	r4, r3, #255	@ 0xff
    7a0c:	ca000002 	bgt	7a1c <isp_set_effect+0x94>
    7a10:	e3720c01 	cmn	r2, #256	@ 0x100
    7a14:	b3e040ff 	mvnlt	r4, #255	@ 0xff
    7a18:	b0634004 	rsblt	r4, r3, r4
    7a1c:	e0843003 	add	r3, r4, r3
    7a20:	e1cd31b2 	strh	r3, [sp, #18]
    7a24:	e5814b7c 	str	r4, [r1, #2940]	@ 0xb7c
    7a28:	ea000045 	b	7b44 <isp_set_effect+0x1bc>
    7a2c:	e3a01000 	mov	r1, #0
    7a30:	e3a020cc 	mov	r2, #204	@ 0xcc
    7a34:	e28d000c 	add	r0, sp, #12
    7a38:	ebfff306 	bl	4658 <memset@plt>
    7a3c:	e28d000c 	add	r0, sp, #12
    7a40:	ebfff2e6 	bl	45e0 <AK_ISP_get_ae_attr@plt>
    7a44:	e59f2144 	ldr	r2, [pc, #324]	@ 7b90 <isp_set_effect+0x208>
    7a48:	e59d1034 	ldr	r1, [sp, #52]	@ 0x34
    7a4c:	e5923b80 	ldr	r3, [r2, #2944]	@ 0xb80
    7a50:	e28d000c 	add	r0, sp, #12
    7a54:	e0633001 	rsb	r3, r3, r1
    7a58:	e1730004 	cmn	r3, r4
    7a5c:	42634000 	rsbmi	r4, r3, #0
    7a60:	e0833004 	add	r3, r3, r4
    7a64:	e58d3034 	str	r3, [sp, #52]	@ 0x34
    7a68:	e5824b80 	str	r4, [r2, #2944]	@ 0xb80
    7a6c:	ebfff284 	bl	4484 <AK_ISP_set_ae_attr@plt>
    7a70:	ea000035 	b	7b4c <isp_set_effect+0x1c4>
    7a74:	e3a01000 	mov	r1, #0
    7a78:	e3a0200a 	mov	r2, #10
    7a7c:	e28d000c 	add	r0, sp, #12
    7a80:	ebfff2f4 	bl	4658 <memset@plt>
    7a84:	e28d000c 	add	r0, sp, #12
    7a88:	ebfff1ed 	bl	4244 <AK_ISP_get_effect_attr@plt>
    7a8c:	e59f10fc 	ldr	r1, [pc, #252]	@ 7b90 <isp_set_effect+0x208>
    7a90:	e1dd21f0 	ldrsh	r2, [sp, #16]
    7a94:	e5913b84 	ldr	r3, [r1, #2948]	@ 0xb84
    7a98:	e0633002 	rsb	r3, r3, r2
    7a9c:	e0832004 	add	r2, r3, r4
    7aa0:	e35200ff 	cmp	r2, #255	@ 0xff
    7aa4:	c26340ff 	rsbgt	r4, r3, #255	@ 0xff
    7aa8:	ca000001 	bgt	7ab4 <isp_set_effect+0x12c>
    7aac:	e3520000 	cmp	r2, #0
    7ab0:	b2634000 	rsblt	r4, r3, #0
    7ab4:	e0843003 	add	r3, r4, r3
    7ab8:	e1cd31b0 	strh	r3, [sp, #16]
    7abc:	e5814b84 	str	r4, [r1, #2948]	@ 0xb84
    7ac0:	ea00001f 	b	7b44 <isp_set_effect+0x1bc>
    7ac4:	e3a01000 	mov	r1, #0
    7ac8:	e3a0200a 	mov	r2, #10
    7acc:	e28d000c 	add	r0, sp, #12
    7ad0:	ebfff2e0 	bl	4658 <memset@plt>
    7ad4:	e28d000c 	add	r0, sp, #12
    7ad8:	ebfff1d9 	bl	4244 <AK_ISP_get_effect_attr@plt>
    7adc:	e59f00ac 	ldr	r0, [pc, #172]	@ 7b90 <isp_set_effect+0x208>
    7ae0:	e1dd20bc 	ldrh	r2, [sp, #12]
    7ae4:	e5903b88 	ldr	r3, [r0, #2952]	@ 0xb88
    7ae8:	e1dd10fe 	ldrsh	r1, [sp, #14]
    7aec:	e0632002 	rsb	r2, r3, r2
    7af0:	e0813083 	add	r3, r1, r3, lsl #1
    7af4:	e0821004 	add	r1, r2, r4
    7af8:	e35100ff 	cmp	r1, #255	@ 0xff
    7afc:	c26240ff 	rsbgt	r4, r2, #255	@ 0xff
    7b00:	ca000001 	bgt	7b0c <isp_set_effect+0x184>
    7b04:	e3510000 	cmp	r1, #0
    7b08:	b2624000 	rsblt	r4, r2, #0
    7b0c:	e0431084 	sub	r1, r3, r4, lsl #1
    7b10:	e3710080 	cmn	r1, #128	@ 0x80
    7b14:	b2834080 	addlt	r4, r3, #128	@ 0x80
    7b18:	ba000002 	blt	7b28 <isp_set_effect+0x1a0>
    7b1c:	e351007f 	cmp	r1, #127	@ 0x7f
    7b20:	da000002 	ble	7b30 <isp_set_effect+0x1a8>
    7b24:	e243407f 	sub	r4, r3, #127	@ 0x7f
    7b28:	e0844fa4 	add	r4, r4, r4, lsr #31
    7b2c:	e1a040c4 	asr	r4, r4, #1
    7b30:	e0842002 	add	r2, r4, r2
    7b34:	e0433084 	sub	r3, r3, r4, lsl #1
    7b38:	e1cd20bc 	strh	r2, [sp, #12]
    7b3c:	e1cd30be 	strh	r3, [sp, #14]
    7b40:	e5804b88 	str	r4, [r0, #2952]	@ 0xb88
    7b44:	e28d000c 	add	r0, sp, #12
    7b48:	ebfff1f9 	bl	4334 <AK_ISP_set_effect_attr@plt>
    7b4c:	e3a00000 	mov	r0, #0
    7b50:	ea000009 	b	7b7c <isp_set_effect+0x1f4>
    7b54:	e1a00001 	mov	r0, r1
    7b58:	ebfffcc3 	bl	6e6c <ak_vi_close+0x624>
    7b5c:	eafffffa 	b	7b4c <isp_set_effect+0x1c4>
    7b60:	e59f102c 	ldr	r1, [pc, #44]	@ 7b94 <isp_set_effect+0x20c>
    7b64:	e59f201c 	ldr	r2, [pc, #28]	@ 7b88 <isp_set_effect+0x200>
    7b68:	e59f3028 	ldr	r3, [pc, #40]	@ 7b98 <isp_set_effect+0x210>
    7b6c:	e58d0000 	str	r0, [sp]
    7b70:	e3a00001 	mov	r0, #1
    7b74:	ebfff2a8 	bl	461c <ak_print@plt>
    7b78:	e3e00000 	mvn	r0, #0
    7b7c:	e28dd0d8 	add	sp, sp, #216	@ 0xd8
    7b80:	e8bd8010 	pop	{r4, pc}
    7b84:	0000ccde 	ldrdeq	ip, [r0], -lr
    7b88:	0000c6fd 	strdeq	ip, [r0], -sp
    7b8c:	000006d9 	ldrdeq	r0, [r0], -r9
    7b90:	00017fd0 	ldrdeq	r7, [r1], -r0
    7b94:	0000ccc5 	andeq	ip, r0, r5, asr #25
    7b98:	000006ef 	andeq	r0, r0, pc, ror #13

00007b9c <isp_get_hz>:
    7b9c:	e59f3004 	ldr	r3, [pc, #4]	@ 7ba8 <isp_get_hz+0xc>
    7ba0:	e5930000 	ldr	r0, [r3]
    7ba4:	e12fff1e 	bx	lr
    7ba8:	00015f48 	andeq	r5, r1, r8, asr #30

00007bac <isp_set_hz>:
    7bac:	e92d4030 	push	{r4, r5, lr}
    7bb0:	e24dd0d4 	sub	sp, sp, #212	@ 0xd4
    7bb4:	e1a05000 	mov	r5, r0
    7bb8:	ebfff171 	bl	4184 <Ak_ISP_Get_Sensor_Fps@plt>
    7bbc:	e1a04000 	mov	r4, r0
    7bc0:	e28d0004 	add	r0, sp, #4
    7bc4:	ebfff285 	bl	45e0 <AK_ISP_get_ae_attr@plt>
    7bc8:	e3500000 	cmp	r0, #0
    7bcc:	1a000019 	bne	7c38 <isp_set_hz+0x8c>
    7bd0:	e59f306c 	ldr	r3, [pc, #108]	@ 7c44 <isp_set_hz+0x98>
    7bd4:	e355003c 	cmp	r5, #60	@ 0x3c
    7bd8:	e5835000 	str	r5, [r3]
    7bdc:	e244200c 	sub	r2, r4, #12
    7be0:	e59d3004 	ldr	r3, [sp, #4]
    7be4:	1a000006 	bne	7c04 <isp_set_hz+0x58>
    7be8:	e3520001 	cmp	r2, #1
    7bec:	93a0007d 	movls	r0, #125	@ 0x7d
    7bf0:	90000093 	mulls	r0, r3, r0
    7bf4:	93a01e4b 	movls	r1, #1200	@ 0x4b0
    7bf8:	80000493 	mulhi	r0, r3, r4
    7bfc:	83a01078 	movhi	r1, #120	@ 0x78
    7c00:	ea000005 	b	7c1c <isp_set_hz+0x70>
    7c04:	e3520001 	cmp	r2, #1
    7c08:	93a0007d 	movls	r0, #125	@ 0x7d
    7c0c:	90000093 	mulls	r0, r3, r0
    7c10:	80000493 	mulhi	r0, r3, r4
    7c14:	93a01ffa 	movls	r1, #1000	@ 0x3e8
    7c18:	83a01064 	movhi	r1, #100	@ 0x64
    7c1c:	eb000b2c 	bl	a8d4 <isp_vi_stream_ctrl_off+0x80>
    7c20:	e58d0024 	str	r0, [sp, #36]	@ 0x24
    7c24:	e28d0004 	add	r0, sp, #4
    7c28:	ebfff215 	bl	4484 <AK_ISP_set_ae_attr@plt>
    7c2c:	e2500000 	subs	r0, r0, #0
    7c30:	13e00000 	mvnne	r0, #0
    7c34:	ea000000 	b	7c3c <isp_set_hz+0x90>
    7c38:	e3e00000 	mvn	r0, #0
    7c3c:	e28dd0d4 	add	sp, sp, #212	@ 0xd4
    7c40:	e8bd8030 	pop	{r4, r5, pc}
    7c44:	00015f48 	andeq	r5, r1, r8, asr #30

00007c48 <isp_set_flip_mirror>:
    7c48:	e2502000 	subs	r2, r0, #0
    7c4c:	0a000005 	beq	7c68 <isp_set_flip_mirror+0x20>
    7c50:	e59f3018 	ldr	r3, [pc, #24]	@ 7c70 <isp_set_flip_mirror+0x28>
    7c54:	e5921000 	ldr	r1, [r2]
    7c58:	e5922004 	ldr	r2, [r2, #4]
    7c5c:	e5831ba8 	str	r1, [r3, #2984]	@ 0xba8
    7c60:	e5832bac 	str	r2, [r3, #2988]	@ 0xbac
    7c64:	eafff101 	b	4070 <Ak_ISP_Set_Flip_Mirror@plt>
    7c68:	e3e00000 	mvn	r0, #0
    7c6c:	e12fff1e 	bx	lr
    7c70:	00017fd0 	ldrdeq	r7, [r1], -r0

00007c74 <isp_set_sensor_fps>:
    7c74:	e92d401f 	push	{r0, r1, r2, r3, r4, lr}
    7c78:	e59f1028 	ldr	r1, [pc, #40]	@ 7ca8 <isp_set_sensor_fps+0x34>
    7c7c:	e28d4010 	add	r4, sp, #16
    7c80:	e5240004 	str	r0, [r4, #-4]!
    7c84:	e59f2020 	ldr	r2, [pc, #32]	@ 7cac <isp_set_sensor_fps+0x38>
    7c88:	e58d0000 	str	r0, [sp]
    7c8c:	e59f301c 	ldr	r3, [pc, #28]	@ 7cb0 <isp_set_sensor_fps+0x3c>
    7c90:	e3a00003 	mov	r0, #3
    7c94:	ebfff260 	bl	461c <ak_print@plt>
    7c98:	e1a00004 	mov	r0, r4
    7c9c:	ebfff19e 	bl	431c <Ak_ISP_Set_Sensor_Fps@plt>
    7ca0:	e28dd010 	add	sp, sp, #16
    7ca4:	e8bd8010 	pop	{r4, pc}
    7ca8:	0000cd0d 	andeq	ip, r0, sp, lsl #26
    7cac:	0000c70c 	andeq	ip, r0, ip, lsl #14
    7cb0:	00000743 	andeq	r0, r0, r3, asr #14
    7cb4:	e92d4037 	push	{r0, r1, r2, r4, r5, lr}
    7cb8:	e1a05000 	mov	r5, r0
    7cbc:	ebfff2bc 	bl	47b4 <isp_set_sensor_fps@plt>
    7cc0:	e59f2034 	ldr	r2, [pc, #52]	@ 7cfc <isp_set_sensor_fps+0x88>
    7cc4:	e59f3034 	ldr	r3, [pc, #52]	@ 7d00 <isp_set_sensor_fps+0x8c>
    7cc8:	e58d5000 	str	r5, [sp]
    7ccc:	e59f1030 	ldr	r1, [pc, #48]	@ 7d04 <isp_set_sensor_fps+0x90>
    7cd0:	e3500000 	cmp	r0, #0
    7cd4:	01a03002 	moveq	r3, r2
    7cd8:	e1a04000 	mov	r4, r0
    7cdc:	e58d3004 	str	r3, [sp, #4]
    7ce0:	e59f2020 	ldr	r2, [pc, #32]	@ 7d08 <isp_set_sensor_fps+0x94>
    7ce4:	e3a030b9 	mov	r3, #185	@ 0xb9
    7ce8:	e3a00003 	mov	r0, #3
    7cec:	ebfff24a 	bl	461c <ak_print@plt>
    7cf0:	e1a00004 	mov	r0, r4
    7cf4:	e28dd00c 	add	sp, sp, #12
    7cf8:	e8bd8030 	pop	{r4, r5, pc}
    7cfc:	0000cd30 	andeq	ip, r0, r0, lsr sp
    7d00:	0000cd29 	andeq	ip, r0, r9, lsr #26
    7d04:	0000cd33 	andeq	ip, r0, r3, lsr sp
    7d08:	0000c71f 	andeq	ip, r0, pc, lsl r7
    7d0c:	e92d4ff0 	push	{r4, r5, r6, r7, r8, r9, sl, fp, lr}
    7d10:	e24dd0cc 	sub	sp, sp, #204	@ 0xcc
    7d14:	ebfff159 	bl	4280 <ak_thread_get_tid@plt>
    7d18:	e59f132c 	ldr	r1, [pc, #812]	@ 804c <isp_set_sensor_fps+0x3d8>
    7d1c:	e59f232c 	ldr	r2, [pc, #812]	@ 8050 <isp_set_sensor_fps+0x3dc>
    7d20:	e59f332c 	ldr	r3, [pc, #812]	@ 8054 <isp_set_sensor_fps+0x3e0>
    7d24:	e58d0000 	str	r0, [sp]
    7d28:	e1a08000 	mov	r8, r0
    7d2c:	e3a00003 	mov	r0, #3
    7d30:	ebfff239 	bl	461c <ak_print@plt>
    7d34:	e59f031c 	ldr	r0, [pc, #796]	@ 8058 <isp_set_sensor_fps+0x3e4>
    7d38:	ebfff2eb 	bl	48ec <ak_thread_set_name@plt>
    7d3c:	e3a00003 	mov	r0, #3
    7d40:	ebfff145 	bl	425c <sleep@plt>
    7d44:	e28d0010 	add	r0, sp, #16
    7d48:	ebfff101 	bl	4154 <AK_ISP_get_awb_attr@plt>
    7d4c:	e2505000 	subs	r5, r0, #0
    7d50:	0a000005 	beq	7d6c <isp_set_sensor_fps+0xf8>
    7d54:	e59f1300 	ldr	r1, [pc, #768]	@ 805c <isp_set_sensor_fps+0x3e8>
    7d58:	e59f2300 	ldr	r2, [pc, #768]	@ 8060 <isp_set_sensor_fps+0x3ec>
    7d5c:	e3a030dc 	mov	r3, #220	@ 0xdc
    7d60:	e3a00001 	mov	r0, #1
    7d64:	ebfff22c 	bl	461c <ak_print@plt>
    7d68:	ea00000e 	b	7da8 <isp_set_sensor_fps+0x134>
    7d6c:	e1dd3abe 	ldrh	r3, [sp, #174]	@ 0xae
    7d70:	e59f42ec 	ldr	r4, [pc, #748]	@ 8064 <isp_set_sensor_fps+0x3f0>
    7d74:	e58d3000 	str	r3, [sp]
    7d78:	e5943004 	ldr	r3, [r4, #4]
    7d7c:	e3a00004 	mov	r0, #4
    7d80:	e58d3004 	str	r3, [sp, #4]
    7d84:	e59f12dc 	ldr	r1, [pc, #732]	@ 8068 <isp_set_sensor_fps+0x3f4>
    7d88:	e3a030e1 	mov	r3, #225	@ 0xe1
    7d8c:	e59f22cc 	ldr	r2, [pc, #716]	@ 8060 <isp_set_sensor_fps+0x3ec>
    7d90:	ebfff221 	bl	461c <ak_print@plt>
    7d94:	e5943004 	ldr	r3, [r4, #4]
    7d98:	e28d0010 	add	r0, sp, #16
    7d9c:	e1cd3abe 	strh	r3, [sp, #174]	@ 0xae
    7da0:	e5845004 	str	r5, [r4, #4]
    7da4:	ebfff2e8 	bl	494c <AK_ISP_set_awb_attr@plt>
    7da8:	e59f42bc 	ldr	r4, [pc, #700]	@ 806c <isp_set_sensor_fps+0x3f8>
    7dac:	e1a06004 	mov	r6, r4
    7db0:	e59f72b8 	ldr	r7, [pc, #696]	@ 8070 <isp_set_sensor_fps+0x3fc>
    7db4:	e5d75b91 	ldrb	r5, [r7, #2961]	@ 0xb91
    7db8:	e3550000 	cmp	r5, #0
    7dbc:	0a000098 	beq	8024 <isp_set_sensor_fps+0x3b0>
    7dc0:	e59f02ac 	ldr	r0, [pc, #684]	@ 8074 <isp_set_sensor_fps+0x400>
    7dc4:	ebfff265 	bl	4760 <ak_thread_sem_wait@plt>
    7dc8:	e1a09007 	mov	r9, r7
    7dcc:	e5d73b91 	ldrb	r3, [r7, #2961]	@ 0xb91
    7dd0:	e3530000 	cmp	r3, #0
    7dd4:	0afffff5 	beq	7db0 <isp_set_sensor_fps+0x13c>
    7dd8:	e5d93b90 	ldrb	r3, [r9, #2960]	@ 0xb90
    7ddc:	e3530000 	cmp	r3, #0
    7de0:	0afffff2 	beq	7db0 <isp_set_sensor_fps+0x13c>
    7de4:	e59f028c 	ldr	r0, [pc, #652]	@ 8078 <isp_set_sensor_fps+0x404>
    7de8:	ebfff1c0 	bl	44f0 <ak_thread_mutex_lock@plt>
    7dec:	e28d0010 	add	r0, sp, #16
    7df0:	e594a004 	ldr	sl, [r4, #4]
    7df4:	ebfff127 	bl	4298 <AK_ISP_get_ae_run_info@plt>
    7df8:	e3500000 	cmp	r0, #0
    7dfc:	1a000079 	bne	7fe8 <isp_set_sensor_fps+0x374>
    7e00:	e59d3014 	ldr	r3, [sp, #20]
    7e04:	e59db018 	ldr	fp, [sp, #24]
    7e08:	e59d5020 	ldr	r5, [sp, #32]
    7e0c:	e00b0b93 	mul	fp, r3, fp
    7e10:	e59d301c 	ldr	r3, [sp, #28]
    7e14:	e1a0b44b 	asr	fp, fp, #8
    7e18:	e00b0b93 	mul	fp, r3, fp
    7e1c:	e5963030 	ldr	r3, [r6, #48]	@ 0x30
    7e20:	e1a0b84b 	asr	fp, fp, #16
    7e24:	e3530003 	cmp	r3, #3
    7e28:	1a000026 	bne	7ec8 <isp_set_sensor_fps+0x254>
    7e2c:	e5942004 	ldr	r2, [r4, #4]
    7e30:	e5943010 	ldr	r3, [r4, #16]
    7e34:	e005059b 	mul	r5, fp, r5
    7e38:	e1520003 	cmp	r2, r3
    7e3c:	1a000005 	bne	7e58 <isp_set_sensor_fps+0x1e4>
    7e40:	e5943020 	ldr	r3, [r4, #32]
    7e44:	e594201c 	ldr	r2, [r4, #28]
    7e48:	e0030392 	mul	r3, r2, r3
    7e4c:	e1550003 	cmp	r5, r3
    7e50:	83a00003 	movhi	r0, #3
    7e54:	ea000019 	b	7ec0 <isp_set_sensor_fps+0x24c>
    7e58:	e5943008 	ldr	r3, [r4, #8]
    7e5c:	e1520003 	cmp	r2, r3
    7e60:	1a000009 	bne	7e8c <isp_set_sensor_fps+0x218>
    7e64:	e5943028 	ldr	r3, [r4, #40]	@ 0x28
    7e68:	e5940018 	ldr	r0, [r4, #24]
    7e6c:	e3a0100a 	mov	r1, #10
    7e70:	e0000093 	mul	r0, r3, r0
    7e74:	e0800180 	add	r0, r0, r0, lsl #3
    7e78:	eb000ac7 	bl	a99c <isp_vi_stream_ctrl_off+0x148>
    7e7c:	e1550000 	cmp	r5, r0
    7e80:	33a00003 	movcc	r0, #3
    7e84:	23a00000 	movcs	r0, #0
    7e88:	ea000015 	b	7ee4 <isp_set_sensor_fps+0x270>
    7e8c:	e5943020 	ldr	r3, [r4, #32]
    7e90:	e594001c 	ldr	r0, [r4, #28]
    7e94:	e3a0100a 	mov	r1, #10
    7e98:	e0000093 	mul	r0, r3, r0
    7e9c:	e0800180 	add	r0, r0, r0, lsl #3
    7ea0:	eb000abd 	bl	a99c <isp_vi_stream_ctrl_off+0x148>
    7ea4:	e1550000 	cmp	r5, r0
    7ea8:	3a000013 	bcc	7efc <isp_set_sensor_fps+0x288>
    7eac:	e5943028 	ldr	r3, [r4, #40]	@ 0x28
    7eb0:	e5942018 	ldr	r2, [r4, #24]
    7eb4:	e0030392 	mul	r3, r2, r3
    7eb8:	e1550003 	cmp	r5, r3
    7ebc:	83a00002 	movhi	r0, #2
    7ec0:	93a00000 	movls	r0, #0
    7ec4:	ea000006 	b	7ee4 <isp_set_sensor_fps+0x270>
    7ec8:	e5943020 	ldr	r3, [r4, #32]
    7ecc:	e15b0003 	cmp	fp, r3
    7ed0:	ca00000b 	bgt	7f04 <isp_set_sensor_fps+0x290>
    7ed4:	e5943024 	ldr	r3, [r4, #36]	@ 0x24
    7ed8:	e15b0003 	cmp	fp, r3
    7edc:	a3a00000 	movge	r0, #0
    7ee0:	b3a00001 	movlt	r0, #1
    7ee4:	e3500002 	cmp	r0, #2
    7ee8:	0a000005 	beq	7f04 <isp_set_sensor_fps+0x290>
    7eec:	e3500003 	cmp	r0, #3
    7ef0:	0a000005 	beq	7f0c <isp_set_sensor_fps+0x298>
    7ef4:	e3500001 	cmp	r0, #1
    7ef8:	1a00003a 	bne	7fe8 <isp_set_sensor_fps+0x374>
    7efc:	e5965010 	ldr	r5, [r6, #16]
    7f00:	ea000002 	b	7f10 <isp_set_sensor_fps+0x29c>
    7f04:	e5965008 	ldr	r5, [r6, #8]
    7f08:	ea000000 	b	7f10 <isp_set_sensor_fps+0x29c>
    7f0c:	e596500c 	ldr	r5, [r6, #12]
    7f10:	e5963004 	ldr	r3, [r6, #4]
    7f14:	e1550003 	cmp	r5, r3
    7f18:	0a000032 	beq	7fe8 <isp_set_sensor_fps+0x374>
    7f1c:	e5845004 	str	r5, [r4, #4]
    7f20:	e3a00003 	mov	r0, #3
    7f24:	e88d0820 	stm	sp, {r5, fp}
    7f28:	e59f114c 	ldr	r1, [pc, #332]	@ 807c <isp_set_sensor_fps+0x408>
    7f2c:	e59f214c 	ldr	r2, [pc, #332]	@ 8080 <isp_set_sensor_fps+0x40c>
    7f30:	e3a03d0a 	mov	r3, #640	@ 0x280
    7f34:	ebfff1b8 	bl	461c <ak_print@plt>
    7f38:	e3550000 	cmp	r5, #0
    7f3c:	da000029 	ble	7fe8 <isp_set_sensor_fps+0x374>
    7f40:	e597bbc8 	ldr	fp, [r7, #3016]	@ 0xbc8
    7f44:	e35b0000 	cmp	fp, #0
    7f48:	1a000003 	bne	7f5c <isp_set_sensor_fps+0x2e8>
    7f4c:	e59f0130 	ldr	r0, [pc, #304]	@ 8084 <isp_set_sensor_fps+0x410>
    7f50:	ebfff097 	bl	41b4 <Ak_ISP_Sensor_Get_Id@plt>
    7f54:	e3500000 	cmp	r0, #0
    7f58:	1589bbc8 	strne	fp, [r9, #3016]	@ 0xbc8
    7f5c:	e15a0005 	cmp	sl, r5
    7f60:	da000005 	ble	7f7c <isp_set_sensor_fps+0x308>
    7f64:	e1a00005 	mov	r0, r5
    7f68:	ebffff51 	bl	7cb4 <isp_set_sensor_fps+0x40>
    7f6c:	e3500000 	cmp	r0, #0
    7f70:	1a00001c 	bne	7fe8 <isp_set_sensor_fps+0x374>
    7f74:	ebfffc4b 	bl	70a8 <ak_vi_close+0x860>
    7f78:	ea00001c 	b	7ff0 <isp_set_sensor_fps+0x37c>
    7f7c:	ebfffc49 	bl	70a8 <ak_vi_close+0x860>
    7f80:	e5972bc8 	ldr	r2, [r7, #3016]	@ 0xbc8
    7f84:	e59f30fc 	ldr	r3, [pc, #252]	@ 8088 <isp_set_sensor_fps+0x414>
    7f88:	e1520003 	cmp	r2, r3
    7f8c:	1a00000f 	bne	7fd0 <isp_set_sensor_fps+0x35c>
    7f90:	e59f00f4 	ldr	r0, [pc, #244]	@ 808c <isp_set_sensor_fps+0x418>
    7f94:	e1a0100a 	mov	r1, sl
    7f98:	eb000a7f 	bl	a99c <isp_vi_stream_ctrl_off+0x148>
    7f9c:	e59f30ec 	ldr	r3, [pc, #236]	@ 8090 <isp_set_sensor_fps+0x41c>
    7fa0:	e080b080 	add	fp, r0, r0, lsl #1
    7fa4:	e15b0003 	cmp	fp, r3
    7fa8:	da00001b 	ble	801c <isp_set_sensor_fps+0x3a8>
    7fac:	e59f10d8 	ldr	r1, [pc, #216]	@ 808c <isp_set_sensor_fps+0x418>
    7fb0:	e1a0000b 	mov	r0, fp
    7fb4:	eb000a78 	bl	a99c <isp_vi_stream_ctrl_off+0x148>
    7fb8:	e58d000c 	str	r0, [sp, #12]
    7fbc:	ebfff0a6 	bl	425c <sleep@plt>
    7fc0:	e59f00cc 	ldr	r0, [pc, #204]	@ 8094 <isp_set_sensor_fps+0x420>
    7fc4:	e59d300c 	ldr	r3, [sp, #12]
    7fc8:	e020b093 	mla	r0, r3, r0, fp
    7fcc:	ebfff075 	bl	41a8 <usleep@plt>
    7fd0:	e1a00005 	mov	r0, r5
    7fd4:	ebffff36 	bl	7cb4 <isp_set_sensor_fps+0x40>
    7fd8:	e3500000 	cmp	r0, #0
    7fdc:	0a000003 	beq	7ff0 <isp_set_sensor_fps+0x37c>
    7fe0:	e586a004 	str	sl, [r6, #4]
    7fe4:	ebfffc2f 	bl	70a8 <ak_vi_close+0x860>
    7fe8:	e3a05000 	mov	r5, #0
    7fec:	ea000000 	b	7ff4 <isp_set_sensor_fps+0x380>
    7ff0:	e3a05001 	mov	r5, #1
    7ff4:	e59f007c 	ldr	r0, [pc, #124]	@ 8078 <isp_set_sensor_fps+0x404>
    7ff8:	ebfff058 	bl	4160 <ak_thread_mutex_unlock@plt>
    7ffc:	e3550000 	cmp	r5, #0
    8000:	0a000002 	beq	8010 <isp_set_sensor_fps+0x39c>
    8004:	e3a00005 	mov	r0, #5
    8008:	ebfff093 	bl	425c <sleep@plt>
    800c:	eaffff6e 	b	7dcc <isp_set_sensor_fps+0x158>
    8010:	e3a00064 	mov	r0, #100	@ 0x64
    8014:	ebfff153 	bl	4568 <ak_sleep_ms@plt>
    8018:	eaffff6b 	b	7dcc <isp_set_sensor_fps+0x158>
    801c:	e1a0000b 	mov	r0, fp
    8020:	eaffffe9 	b	7fcc <isp_set_sensor_fps+0x358>
    8024:	e59f106c 	ldr	r1, [pc, #108]	@ 8098 <isp_set_sensor_fps+0x424>
    8028:	e59f2020 	ldr	r2, [pc, #32]	@ 8050 <isp_set_sensor_fps+0x3dc>
    802c:	e59f3068 	ldr	r3, [pc, #104]	@ 809c <isp_set_sensor_fps+0x428>
    8030:	e58d8000 	str	r8, [sp]
    8034:	e3a00003 	mov	r0, #3
    8038:	ebfff177 	bl	461c <ak_print@plt>
    803c:	ebfff1f4 	bl	4814 <ak_thread_exit@plt>
    8040:	e1a00005 	mov	r0, r5
    8044:	e28dd0cc 	add	sp, sp, #204	@ 0xcc
    8048:	e8bd8ff0 	pop	{r4, r5, r6, r7, r8, r9, sl, fp, pc}
    804c:	0000cd4a 	andeq	ip, r0, sl, asr #26
    8050:	0000c727 	andeq	ip, r0, r7, lsr #14
    8054:	000002ca 	andeq	r0, r0, sl, asr #5
    8058:	0000cd62 	andeq	ip, r0, r2, ror #26
    805c:	0000cb8c 	andeq	ip, r0, ip, lsl #23
    8060:	0000c73a 	andeq	ip, r0, sl, lsr r7
    8064:	00015f48 	andeq	r5, r1, r8, asr #30
    8068:	0000cd70 	andeq	ip, r0, r0, ror sp
    806c:	00015fd8 	ldrdeq	r5, [r1], -r8
    8070:	00017fd0 	ldrdeq	r7, [r1], -r0
    8074:	00018b64 	andeq	r8, r1, r4, ror #22
    8078:	00018b80 	andeq	r8, r1, r0, lsl #23
    807c:	0000cdaf 	andeq	ip, r0, pc, lsr #27
    8080:	0000c751 	andeq	ip, r0, r1, asr r7
    8084:	00018b98 	muleq	r1, r8, fp
    8088:	00001235 	andeq	r1, r0, r5, lsr r2
    808c:	000f4240 	andeq	r4, pc, r0, asr #4
    8090:	000f423f 	andeq	r4, pc, pc, lsr r2	@ <UNPREDICTABLE>
    8094:	fff0bdc0 			@ <UNDEFINED> instruction: 0xfff0bdc0
    8098:	0000cde7 	andeq	ip, r0, r7, ror #27
    809c:	000002e5 	andeq	r0, r0, r5, ror #5
    80a0:	e92d4030 	push	{r4, r5, lr}
    80a4:	e24dd03c 	sub	sp, sp, #60	@ 0x3c
    80a8:	e3a01000 	mov	r1, #0
    80ac:	e3a02018 	mov	r2, #24
    80b0:	e28d0008 	add	r0, sp, #8
    80b4:	ebfff167 	bl	4658 <memset@plt>
    80b8:	e3a01000 	mov	r1, #0
    80bc:	e3a02018 	mov	r2, #24
    80c0:	e28d0020 	add	r0, sp, #32
    80c4:	e58d1004 	str	r1, [sp, #4]
    80c8:	ebfff162 	bl	4658 <memset@plt>
    80cc:	e59f01d0 	ldr	r0, [pc, #464]	@ 82a4 <isp_set_sensor_fps+0x630>
    80d0:	ebfff106 	bl	44f0 <ak_thread_mutex_lock@plt>
    80d4:	e28d1008 	add	r1, sp, #8
    80d8:	e3a0001d 	mov	r0, #29
    80dc:	e28d2004 	add	r2, sp, #4
    80e0:	ebfff051 	bl	422c <isp_get_attr@plt>
    80e4:	e2501000 	subs	r1, r0, #0
    80e8:	13a00001 	movne	r0, #1
    80ec:	159f11b4 	ldrne	r1, [pc, #436]	@ 82a8 <isp_set_sensor_fps+0x634>
    80f0:	159f21b4 	ldrne	r2, [pc, #436]	@ 82ac <isp_set_sensor_fps+0x638>
    80f4:	159f31b4 	ldrne	r3, [pc, #436]	@ 82b0 <isp_set_sensor_fps+0x63c>
    80f8:	1a000017 	bne	815c <isp_set_sensor_fps+0x4e8>
    80fc:	e59f51b0 	ldr	r5, [pc, #432]	@ 82b4 <isp_set_sensor_fps+0x640>
    8100:	e3a02038 	mov	r2, #56	@ 0x38
    8104:	e1a00005 	mov	r0, r5
    8108:	ebfff152 	bl	4658 <memset@plt>
    810c:	e59d3008 	ldr	r3, [sp, #8]
    8110:	e1a04005 	mov	r4, r5
    8114:	e3d320ff 	bics	r2, r3, #255	@ 0xff
    8118:	0a000032 	beq	81e8 <isp_set_sensor_fps+0x574>
    811c:	e3a03003 	mov	r3, #3
    8120:	e28de008 	add	lr, sp, #8
    8124:	e5853030 	str	r3, [r5, #48]	@ 0x30
    8128:	e8be000f 	ldm	lr!, {r0, r1, r2, r3}
    812c:	e28dc020 	add	ip, sp, #32
    8130:	e8ac000f 	stmia	ip!, {r0, r1, r2, r3}
    8134:	e89e0003 	ldm	lr, {r0, r1}
    8138:	e88c0003 	stm	ip, {r0, r1}
    813c:	e28d0020 	add	r0, sp, #32
    8140:	ebfffa49 	bl	6a6c <ak_vi_close+0x224>
    8144:	e3500000 	cmp	r0, #0
    8148:	0a000006 	beq	8168 <isp_set_sensor_fps+0x4f4>
    814c:	e59f1164 	ldr	r1, [pc, #356]	@ 82b8 <isp_set_sensor_fps+0x644>
    8150:	e59f2154 	ldr	r2, [pc, #340]	@ 82ac <isp_set_sensor_fps+0x638>
    8154:	e3a00001 	mov	r0, #1
    8158:	e3a03f6f 	mov	r3, #444	@ 0x1bc
    815c:	ebfff12e 	bl	461c <ak_print@plt>
    8160:	e3e04000 	mvn	r4, #0
    8164:	ea000049 	b	8290 <isp_set_sensor_fps+0x61c>
    8168:	e59f114c 	ldr	r1, [pc, #332]	@ 82bc <isp_set_sensor_fps+0x648>
    816c:	e5dd2020 	ldrb	r2, [sp, #32]
    8170:	e3a00004 	mov	r0, #4
    8174:	ebfff128 	bl	461c <ak_print@plt>
    8178:	e5dd0020 	ldrb	r0, [sp, #32]
    817c:	ebfffecc 	bl	7cb4 <isp_set_sensor_fps+0x40>
    8180:	e3500000 	cmp	r0, #0
    8184:	1afffff5 	bne	8160 <isp_set_sensor_fps+0x4ec>
    8188:	e3a03001 	mov	r3, #1
    818c:	e5853000 	str	r3, [r5]
    8190:	e5dd3020 	ldrb	r3, [sp, #32]
    8194:	e5dd202c 	ldrb	r2, [sp, #44]	@ 0x2c
    8198:	e5853004 	str	r3, [r5, #4]
    819c:	e5853010 	str	r3, [r5, #16]
    81a0:	e5dd3026 	ldrb	r3, [sp, #38]	@ 0x26
    81a4:	e5852008 	str	r2, [r5, #8]
    81a8:	e585300c 	str	r3, [r5, #12]
    81ac:	e1dd33b0 	ldrh	r3, [sp, #48]	@ 0x30
    81b0:	e5853014 	str	r3, [r5, #20]
    81b4:	e1dd32b4 	ldrh	r3, [sp, #36]	@ 0x24
    81b8:	e585301c 	str	r3, [r5, #28]
    81bc:	e1dd32ba 	ldrh	r3, [sp, #42]	@ 0x2a
    81c0:	e5853018 	str	r3, [r5, #24]
    81c4:	e5dd3022 	ldrb	r3, [sp, #34]	@ 0x22
    81c8:	e5853020 	str	r3, [r5, #32]
    81cc:	e5dd302d 	ldrb	r3, [sp, #45]	@ 0x2d
    81d0:	e5853024 	str	r3, [r5, #36]	@ 0x24
    81d4:	e5dd3027 	ldrb	r3, [sp, #39]	@ 0x27
    81d8:	e585302c 	str	r3, [r5, #44]	@ 0x2c
    81dc:	e5dd3028 	ldrb	r3, [sp, #40]	@ 0x28
    81e0:	e5853028 	str	r3, [r5, #40]	@ 0x28
    81e4:	ea000020 	b	826c <isp_set_sensor_fps+0x5f8>
    81e8:	e3a03002 	mov	r3, #2
    81ec:	e28d0008 	add	r0, sp, #8
    81f0:	e5853030 	str	r3, [r5, #48]	@ 0x30
    81f4:	ebfffa1c 	bl	6a6c <ak_vi_close+0x224>
    81f8:	e3500000 	cmp	r0, #0
    81fc:	13a00001 	movne	r0, #1
    8200:	159f10b0 	ldrne	r1, [pc, #176]	@ 82b8 <isp_set_sensor_fps+0x644>
    8204:	159f20a0 	ldrne	r2, [pc, #160]	@ 82ac <isp_set_sensor_fps+0x638>
    8208:	13a03f76 	movne	r3, #472	@ 0x1d8
    820c:	1affffd2 	bne	815c <isp_set_sensor_fps+0x4e8>
    8210:	e59f10a8 	ldr	r1, [pc, #168]	@ 82c0 <isp_set_sensor_fps+0x64c>
    8214:	e59d2008 	ldr	r2, [sp, #8]
    8218:	e3a00004 	mov	r0, #4
    821c:	ebfff0fe 	bl	461c <ak_print@plt>
    8220:	e59d0008 	ldr	r0, [sp, #8]
    8224:	ebfffea2 	bl	7cb4 <isp_set_sensor_fps+0x40>
    8228:	e3500000 	cmp	r0, #0
    822c:	1affffcb 	bne	8160 <isp_set_sensor_fps+0x4ec>
    8230:	e3a03001 	mov	r3, #1
    8234:	e5853000 	str	r3, [r5]
    8238:	e59d3008 	ldr	r3, [sp, #8]
    823c:	e59d2014 	ldr	r2, [sp, #20]
    8240:	e5853004 	str	r3, [r5, #4]
    8244:	e5853010 	str	r3, [r5, #16]
    8248:	e59d3018 	ldr	r3, [sp, #24]
    824c:	e5852008 	str	r2, [r5, #8]
    8250:	e5853014 	str	r3, [r5, #20]
    8254:	e59d300c 	ldr	r3, [sp, #12]
    8258:	e585301c 	str	r3, [r5, #28]
    825c:	e59d3010 	ldr	r3, [sp, #16]
    8260:	e5853020 	str	r3, [r5, #32]
    8264:	e59d301c 	ldr	r3, [sp, #28]
    8268:	e5853024 	str	r3, [r5, #36]	@ 0x24
    826c:	e59f3050 	ldr	r3, [pc, #80]	@ 82c4 <isp_set_sensor_fps+0x650>
    8270:	e5d33b90 	ldrb	r3, [r3, #2960]	@ 0xb90
    8274:	e3530000 	cmp	r3, #0
    8278:	0a000001 	beq	8284 <isp_set_sensor_fps+0x610>
    827c:	e59f0044 	ldr	r0, [pc, #68]	@ 82c8 <isp_set_sensor_fps+0x654>
    8280:	ebfff154 	bl	47d8 <ak_thread_sem_post@plt>
    8284:	e3a03001 	mov	r3, #1
    8288:	e5843034 	str	r3, [r4, #52]	@ 0x34
    828c:	e3a04000 	mov	r4, #0
    8290:	e59f000c 	ldr	r0, [pc, #12]	@ 82a4 <isp_set_sensor_fps+0x630>
    8294:	ebffefb1 	bl	4160 <ak_thread_mutex_unlock@plt>
    8298:	e1a00004 	mov	r0, r4
    829c:	e28dd03c 	add	sp, sp, #60	@ 0x3c
    82a0:	e8bd8030 	pop	{r4, r5, pc}
    82a4:	00018b80 	andeq	r8, r1, r0, lsl #23
    82a8:	0000ce06 	andeq	ip, r0, r6, lsl #28
    82ac:	0000c75e 	andeq	ip, r0, lr, asr r7
    82b0:	000001ae 	andeq	r0, r0, lr, lsr #3
    82b4:	00015fd8 	ldrdeq	r5, [r1], -r8
    82b8:	0000ce20 	andeq	ip, r0, r0, lsr #28
    82bc:	0000ce31 	andeq	ip, r0, r1, lsr lr
    82c0:	0000ce46 	andeq	ip, r0, r6, asr #28
    82c4:	00017fd0 	ldrdeq	r7, [r1], -r0
    82c8:	00018b64 	andeq	r8, r1, r4, ror #22

000082cc <isp_fps_main>:
    82cc:	e92d4013 	push	{r0, r1, r4, lr}
    82d0:	e59f406c 	ldr	r4, [pc, #108]	@ 8344 <isp_fps_main+0x78>
    82d4:	e3a02014 	mov	r2, #20
    82d8:	e3a01000 	mov	r1, #0
    82dc:	e59f0064 	ldr	r0, [pc, #100]	@ 8348 <isp_fps_main+0x7c>
    82e0:	ebfff0dc 	bl	4658 <memset@plt>
    82e4:	ebfffb4f 	bl	7028 <ak_vi_close+0x7e0>
    82e8:	e3a03001 	mov	r3, #1
    82ec:	e3a01000 	mov	r1, #0
    82f0:	e59f0054 	ldr	r0, [pc, #84]	@ 834c <isp_fps_main+0x80>
    82f4:	e5c43b90 	strb	r3, [r4, #2960]	@ 0xb90
    82f8:	e5c43b91 	strb	r3, [r4, #2961]	@ 0xb91
    82fc:	ebffefa6 	bl	419c <ak_thread_sem_init@plt>
    8300:	e2840ebb 	add	r0, r4, #2992	@ 0xbb0
    8304:	e3e04000 	mvn	r4, #0
    8308:	ebffef8b 	bl	413c <ak_thread_mutex_init@plt>
    830c:	e58d4000 	str	r4, [sp]
    8310:	e59f0038 	ldr	r0, [pc, #56]	@ 8350 <isp_fps_main+0x84>
    8314:	e59f1038 	ldr	r1, [pc, #56]	@ 8354 <isp_fps_main+0x88>
    8318:	e3a02000 	mov	r2, #0
    831c:	e3a03a19 	mov	r3, #102400	@ 0x19000
    8320:	ebffeffa 	bl	4310 <ak_thread_create@plt>
    8324:	e3500000 	cmp	r0, #0
    8328:	1a000002 	bne	8338 <isp_fps_main+0x6c>
    832c:	e28dd008 	add	sp, sp, #8
    8330:	e8bd4010 	pop	{r4, lr}
    8334:	eaffff59 	b	80a0 <isp_set_sensor_fps+0x42c>
    8338:	e1a00004 	mov	r0, r4
    833c:	e28dd008 	add	sp, sp, #8
    8340:	e8bd8010 	pop	{r4, pc}
    8344:	00017fd0 	ldrdeq	r7, [r1], -r0
    8348:	00018b4c 	andeq	r8, r1, ip, asr #22
    834c:	00018b64 	andeq	r8, r1, r4, ror #22
    8350:	00018b74 	andeq	r8, r1, r4, ror fp
    8354:	00007d0c 	andeq	r7, r0, ip, lsl #26

00008358 <isp_set_attr>:
    8358:	e92d4038 	push	{r3, r4, r5, lr}
    835c:	e2514000 	subs	r4, r1, #0
    8360:	03a00001 	moveq	r0, #1
    8364:	059f129c 	ldreq	r1, [pc, #668]	@ 8608 <isp_set_attr+0x2b0>
    8368:	059f229c 	ldreq	r2, [pc, #668]	@ 860c <isp_set_attr+0x2b4>
    836c:	059f329c 	ldreq	r3, [pc, #668]	@ 8610 <isp_set_attr+0x2b8>
    8370:	0a0000a1 	beq	85fc <isp_set_attr+0x2a4>
    8374:	e3500017 	cmp	r0, #23
    8378:	8a000008 	bhi	83a0 <isp_set_attr+0x48>
    837c:	e59f3290 	ldr	r3, [pc, #656]	@ 8614 <isp_set_attr+0x2bc>
    8380:	e0833080 	add	r3, r3, r0, lsl #1
    8384:	e1d330b8 	ldrh	r3, [r3, #8]
    8388:	e1520003 	cmp	r2, r3
    838c:	13a00001 	movne	r0, #1
    8390:	159f1280 	ldrne	r1, [pc, #640]	@ 8618 <isp_set_attr+0x2c0>
    8394:	159f2270 	ldrne	r2, [pc, #624]	@ 860c <isp_set_attr+0x2b4>
    8398:	159f327c 	ldrne	r3, [pc, #636]	@ 861c <isp_set_attr+0x2c4>
    839c:	1a000096 	bne	85fc <isp_set_attr+0x2a4>
    83a0:	e350001d 	cmp	r0, #29
    83a4:	979ff100 	ldrls	pc, [pc, r0, lsl #2]
    83a8:	ea00008f 	b	85ec <isp_set_attr+0x294>
    83ac:	00008424 	andeq	r8, r0, r4, lsr #8
    83b0:	00008430 	andeq	r8, r0, r0, lsr r4
    83b4:	0000843c 	andeq	r8, r0, ip, lsr r4
    83b8:	00008448 	andeq	r8, r0, r8, asr #8
    83bc:	00008464 	andeq	r8, r0, r4, ror #8
    83c0:	00008470 	andeq	r8, r0, r0, ror r4
    83c4:	0000847c 	andeq	r8, r0, ip, ror r4
    83c8:	00008488 	andeq	r8, r0, r8, lsl #9
    83cc:	00008494 	muleq	r0, r4, r4
    83d0:	000084a0 	andeq	r8, r0, r0, lsr #9
    83d4:	000084ac 	andeq	r8, r0, ip, lsr #9
    83d8:	000084b8 			@ <UNDEFINED> instruction: 0x000084b8
    83dc:	000084d4 	ldrdeq	r8, [r0], -r4
    83e0:	000084e0 	andeq	r8, r0, r0, ror #9
    83e4:	000084f8 	strdeq	r8, [r0], -r8	@ <UNPREDICTABLE>
    83e8:	000084ec 	andeq	r8, r0, ip, ror #9
    83ec:	00008504 	andeq	r8, r0, r4, lsl #10
    83f0:	0000851c 	andeq	r8, r0, ip, lsl r5
    83f4:	00008528 	andeq	r8, r0, r8, lsr #10
    83f8:	00008534 	andeq	r8, r0, r4, lsr r5
    83fc:	00008568 	andeq	r8, r0, r8, ror #10
    8400:	000085bc 			@ <UNDEFINED> instruction: 0x000085bc
    8404:	000085c8 	andeq	r8, r0, r8, asr #11
    8408:	000085d4 	ldrdeq	r8, [r0], -r4
    840c:	000085ec 	andeq	r8, r0, ip, ror #11
    8410:	000085ec 	andeq	r8, r0, ip, ror #11
    8414:	000085ec 	andeq	r8, r0, ip, ror #11
    8418:	000085ec 	andeq	r8, r0, ip, ror #11
    841c:	000085ec 	andeq	r8, r0, ip, ror #11
    8420:	000085e0 	andeq	r8, r0, r0, ror #11
    8424:	e2840004 	add	r0, r4, #4
    8428:	e8bd4038 	pop	{r3, r4, r5, lr}
    842c:	eaffef8d 	b	4268 <AK_ISP_set_blc_attr@plt>
    8430:	e2840004 	add	r0, r4, #4
    8434:	e8bd4038 	pop	{r3, r4, r5, lr}
    8438:	eaffef93 	b	428c <AK_ISP_set_lsc_attr@plt>
    843c:	e2840004 	add	r0, r4, #4
    8440:	e8bd4038 	pop	{r3, r4, r5, lr}
    8444:	eafff14c 	b	497c <AK_ISP_set_raw_lut_attr@plt>
    8448:	e2840004 	add	r0, r4, #4
    844c:	ebfff11d 	bl	48c8 <AK_ISP_set_nr1_attr@plt>
    8450:	e1a05000 	mov	r5, r0
    8454:	e2840e6f 	add	r0, r4, #1776	@ 0x6f0
    8458:	e280000a 	add	r0, r0, #10
    845c:	ebffef21 	bl	40e8 <AK_ISP_set_nr2_attr@plt>
    8460:	ea00003e 	b	8560 <isp_set_attr+0x208>
    8464:	e2840004 	add	r0, r4, #4
    8468:	e8bd4038 	pop	{r3, r4, r5, lr}
    846c:	eafff0d3 	b	47c0 <AK_ISP_set_3d_nr_attr@plt>
    8470:	e2840004 	add	r0, r4, #4
    8474:	e8bd4038 	pop	{r3, r4, r5, lr}
    8478:	eaffef3e 	b	4178 <AK_ISP_set_gb_attr@plt>
    847c:	e2840004 	add	r0, r4, #4
    8480:	e8bd4038 	pop	{r3, r4, r5, lr}
    8484:	eaffef1d 	b	4100 <AK_ISP_set_demo_attr@plt>
    8488:	e2840004 	add	r0, r4, #4
    848c:	e8bd4038 	pop	{r3, r4, r5, lr}
    8490:	eaffefd1 	b	43dc <AK_ISP_set_rgb_gamma_attr@plt>
    8494:	e2840004 	add	r0, r4, #4
    8498:	e8bd4038 	pop	{r3, r4, r5, lr}
    849c:	eafff046 	b	45bc <AK_ISP_set_ccm_attr@plt>
    84a0:	e2840004 	add	r0, r4, #4
    84a4:	e8bd4038 	pop	{r3, r4, r5, lr}
    84a8:	eaffef50 	b	41f0 <AK_ISP_set_fcs_attr@plt>
    84ac:	e2840004 	add	r0, r4, #4
    84b0:	e8bd4038 	pop	{r3, r4, r5, lr}
    84b4:	eafff0e8 	b	485c <AK_ISP_set_wdr_attr@plt>
    84b8:	e2840004 	add	r0, r4, #4
    84bc:	ebffefa2 	bl	434c <AK_ISP_set_sharp_attr@plt>
    84c0:	e1a05000 	mov	r5, r0
    84c4:	e2840c2b 	add	r0, r4, #11008	@ 0x2b00
    84c8:	e280003a 	add	r0, r0, #58	@ 0x3a
    84cc:	ebfff0e8 	bl	4874 <AK_ISP_set_sharp_ex_attr@plt>
    84d0:	ea000022 	b	8560 <isp_set_attr+0x208>
    84d4:	e2840004 	add	r0, r4, #4
    84d8:	e8bd4038 	pop	{r3, r4, r5, lr}
    84dc:	eaffefb2 	b	43ac <AK_ISP_set_saturation_attr@plt>
    84e0:	e2840004 	add	r0, r4, #4
    84e4:	e8bd4038 	pop	{r3, r4, r5, lr}
    84e8:	eaffef07 	b	410c <AK_ISP_set_contrast_attr@plt>
    84ec:	e2840004 	add	r0, r4, #4
    84f0:	e8bd4038 	pop	{r3, r4, r5, lr}
    84f4:	eaffef8e 	b	4334 <AK_ISP_set_effect_attr@plt>
    84f8:	e2840004 	add	r0, r4, #4
    84fc:	e8bd4038 	pop	{r3, r4, r5, lr}
    8500:	eaffef19 	b	416c <AK_ISP_set_rgb2yuv_attr@plt>
    8504:	e2840004 	add	r0, r4, #4
    8508:	ebffefe3 	bl	449c <AK_ISP_set_dpc_attr@plt>
    850c:	e1a05000 	mov	r5, r0
    8510:	e2840058 	add	r0, r4, #88	@ 0x58
    8514:	ebfff097 	bl	4778 <AK_ISP_set_sdpc_attr@plt>
    8518:	ea000010 	b	8560 <isp_set_attr+0x208>
    851c:	e2840004 	add	r0, r4, #4
    8520:	e8bd4038 	pop	{r3, r4, r5, lr}
    8524:	eafff012 	b	4574 <AK_ISP_set_weight_attr@plt>
    8528:	e2840004 	add	r0, r4, #4
    852c:	e8bd4038 	pop	{r3, r4, r5, lr}
    8530:	eafff02d 	b	45ec <AK_ISP_set_af_attr@plt>
    8534:	e2840004 	add	r0, r4, #4
    8538:	ebfff034 	bl	4610 <AK_ISP_set_wb_type@plt>
    853c:	e1a05000 	mov	r5, r0
    8540:	e2840006 	add	r0, r4, #6
    8544:	ebfff0ac 	bl	47fc <AK_ISP_set_mwb_attr@plt>
    8548:	e1805005 	orr	r5, r0, r5
    854c:	e2840012 	add	r0, r4, #18
    8550:	ebfff0fd 	bl	494c <AK_ISP_set_awb_attr@plt>
    8554:	e1855000 	orr	r5, r5, r0
    8558:	e28400cc 	add	r0, r4, #204	@ 0xcc
    855c:	ebffeec9 	bl	4088 <AK_ISP_set_awb_ex_attr@plt>
    8560:	e1850000 	orr	r0, r5, r0
    8564:	e8bd8038 	pop	{r3, r4, r5, pc}
    8568:	e2840004 	add	r0, r4, #4
    856c:	ebffefd3 	bl	44c0 <AK_ISP_set_raw_hist_attr@plt>
    8570:	e1a05000 	mov	r5, r0
    8574:	e2840006 	add	r0, r4, #6
    8578:	ebffeee9 	bl	4124 <AK_ISP_set_rgb_hist_attr@plt>
    857c:	e1805005 	orr	r5, r0, r5
    8580:	e2840008 	add	r0, r4, #8
    8584:	ebffefdc 	bl	44fc <AK_ISP_set_yuv_hist_attr@plt>
    8588:	e1855000 	orr	r5, r5, r0
    858c:	e284000a 	add	r0, r4, #10
    8590:	ebffeec8 	bl	40b8 <AK_ISP_set_exp_type@plt>
    8594:	e1855000 	orr	r5, r5, r0
    8598:	e284000c 	add	r0, r4, #12
    859c:	ebffef7f 	bl	43a0 <AK_ISP_set_frame_rate@plt>
    85a0:	e1855000 	orr	r5, r5, r0
    85a4:	e2840024 	add	r0, r4, #36	@ 0x24
    85a8:	ebffefb5 	bl	4484 <AK_ISP_set_ae_attr@plt>
    85ac:	e1854000 	orr	r4, r5, r0
    85b0:	ebfffeba 	bl	80a0 <isp_set_sensor_fps+0x42c>
    85b4:	e1a00004 	mov	r0, r4
    85b8:	e8bd8038 	pop	{r3, r4, r5, pc}
    85bc:	e2840004 	add	r0, r4, #4
    85c0:	e8bd4038 	pop	{r3, r4, r5, lr}
    85c4:	eafff002 	b	45d4 <AK_ISP_set_misc_attr@plt>
    85c8:	e2840004 	add	r0, r4, #4
    85cc:	e8bd4038 	pop	{r3, r4, r5, lr}
    85d0:	eaffeeb5 	b	40ac <AK_ISP_set_Y_gamma_attr@plt>
    85d4:	e2840004 	add	r0, r4, #4
    85d8:	e8bd4038 	pop	{r3, r4, r5, lr}
    85dc:	eaffef87 	b	4400 <AK_ISP_set_hue_attr@plt>
    85e0:	e1a00004 	mov	r0, r4
    85e4:	ebffef6d 	bl	43a0 <AK_ISP_set_frame_rate@plt>
    85e8:	ea000004 	b	8600 <isp_set_attr+0x2a8>
    85ec:	e59f1014 	ldr	r1, [pc, #20]	@ 8608 <isp_set_attr+0x2b0>
    85f0:	e59f2014 	ldr	r2, [pc, #20]	@ 860c <isp_set_attr+0x2b4>
    85f4:	e59f3024 	ldr	r3, [pc, #36]	@ 8620 <isp_set_attr+0x2c8>
    85f8:	e3a00001 	mov	r0, #1
    85fc:	ebfff006 	bl	461c <ak_print@plt>
    8600:	e3e00000 	mvn	r0, #0
    8604:	e8bd8038 	pop	{r3, r4, r5, pc}
    8608:	0000ccb1 			@ <UNDEFINED> instruction: 0x0000ccb1
    860c:	0000c76c 	andeq	ip, r0, ip, ror #14
    8610:	0000056f 	andeq	r0, r0, pc, ror #10
    8614:	00015f48 	andeq	r5, r1, r8, asr #30
    8618:	0000ce5c 	andeq	ip, r0, ip, asr lr
    861c:	00000575 	andeq	r0, r0, r5, ror r5
    8620:	0000060c 	andeq	r0, r0, ip, lsl #12

00008624 <isp_module_init>:
    8624:	e92d43f0 	push	{r4, r5, r6, r7, r8, r9, lr}
    8628:	e24dd014 	sub	sp, sp, #20
    862c:	e58d1004 	str	r1, [sp, #4]
    8630:	e3a05000 	mov	r5, #0
    8634:	e28d1004 	add	r1, sp, #4
    8638:	e1a06000 	mov	r6, r0
    863c:	e1cd50b2 	strh	r5, [sp, #2]
    8640:	ebffeeba 	bl	4130 <isp_module_check_cfg@plt>
    8644:	e2508000 	subs	r8, r0, #0
    8648:	ba000023 	blt	86dc <isp_module_init+0xb8>
    864c:	e59f7094 	ldr	r7, [pc, #148]	@ 86e8 <isp_module_init+0xc4>
    8650:	e59f9094 	ldr	r9, [pc, #148]	@ 86ec <isp_module_init+0xc8>
    8654:	e1a04005 	mov	r4, r5
    8658:	e0861004 	add	r1, r6, r4
    865c:	e1d720b2 	ldrh	r2, [r7, #2]
    8660:	e1a00005 	mov	r0, r5
    8664:	ebfff08e 	bl	48a4 <isp_set_attr@plt>
    8668:	e1f730b2 	ldrh	r3, [r7, #2]!
    866c:	e3550017 	cmp	r5, #23
    8670:	e0844003 	add	r4, r4, r3
    8674:	0a00000b 	beq	86a8 <isp_module_init+0x84>
    8678:	e1a03805 	lsl	r3, r5, #16
    867c:	e353080a 	cmp	r3, #655360	@ 0xa0000
    8680:	1a000006 	bne	86a0 <isp_module_init+0x7c>
    8684:	e2841004 	add	r1, r4, #4
    8688:	e59f0060 	ldr	r0, [pc, #96]	@ 86f0 <isp_module_init+0xcc>
    868c:	e0861001 	add	r1, r6, r1
    8690:	e59f205c 	ldr	r2, [pc, #92]	@ 86f4 <isp_module_init+0xd0>
    8694:	ebffeed2 	bl	41e4 <memcpy@plt>
    8698:	e3a03001 	mov	r3, #1
    869c:	e5893038 	str	r3, [r9, #56]	@ 0x38
    86a0:	e2855001 	add	r5, r5, #1
    86a4:	eaffffeb 	b	8658 <isp_module_init+0x34>
    86a8:	e2841002 	add	r1, r4, #2
    86ac:	e0861001 	add	r1, r6, r1
    86b0:	e28d0002 	add	r0, sp, #2
    86b4:	e3a02002 	mov	r2, #2
    86b8:	ebffeec9 	bl	41e4 <memcpy@plt>
    86bc:	e1dd30b2 	ldrh	r3, [sp, #2]
    86c0:	e2844004 	add	r4, r4, #4
    86c4:	e1a03123 	lsr	r3, r3, #2
    86c8:	e0866004 	add	r6, r6, r4
    86cc:	e28d0008 	add	r0, sp, #8
    86d0:	e1cd30b8 	strh	r3, [sp, #8]
    86d4:	e58d600c 	str	r6, [sp, #12]
    86d8:	ebffef4b 	bl	440c <Ak_ISP_Sensor_Load_Conf@plt>
    86dc:	e1a00008 	mov	r0, r8
    86e0:	e28dd014 	add	sp, sp, #20
    86e4:	e8bd83f0 	pop	{r4, r5, r6, r7, r8, r9, pc}
    86e8:	00015f4e 	andeq	r5, r1, lr, asr #30
    86ec:	00015fd8 	ldrdeq	r5, [r1], -r8
    86f0:	00016014 	andeq	r6, r1, r4, lsl r0
    86f4:	00002b36 	andeq	r2, r0, r6, lsr fp

000086f8 <isp_switch_mode>:
    86f8:	e92d43f7 	push	{r0, r1, r2, r4, r5, r6, r7, r8, r9, lr}
    86fc:	e28d3008 	add	r3, sp, #8
    8700:	e5231004 	str	r1, [r3, #-4]!
    8704:	e1a01003 	mov	r1, r3
    8708:	e1a07000 	mov	r7, r0
    870c:	ebffee87 	bl	4130 <isp_module_check_cfg@plt>
    8710:	e3500000 	cmp	r0, #0
    8714:	ba00003c 	blt	880c <isp_switch_mode+0x114>
    8718:	e59f60f4 	ldr	r6, [pc, #244]	@ 8814 <isp_switch_mode+0x11c>
    871c:	e59f80f4 	ldr	r8, [pc, #244]	@ 8818 <isp_switch_mode+0x120>
    8720:	e3a04000 	mov	r4, #0
    8724:	e1a05004 	mov	r5, r4
    8728:	e0871005 	add	r1, r7, r5
    872c:	e1d620b2 	ldrh	r2, [r6, #2]
    8730:	e1a00004 	mov	r0, r4
    8734:	ebfff05a 	bl	48a4 <isp_set_attr@plt>
    8738:	e1f630b2 	ldrh	r3, [r6, #2]!
    873c:	e3540017 	cmp	r4, #23
    8740:	e0855003 	add	r5, r5, r3
    8744:	0a00000b 	beq	8778 <isp_switch_mode+0x80>
    8748:	e1a03804 	lsl	r3, r4, #16
    874c:	e353080a 	cmp	r3, #655360	@ 0xa0000
    8750:	1a000006 	bne	8770 <isp_switch_mode+0x78>
    8754:	e2851004 	add	r1, r5, #4
    8758:	e59f00bc 	ldr	r0, [pc, #188]	@ 881c <isp_switch_mode+0x124>
    875c:	e0871001 	add	r1, r7, r1
    8760:	e59f20b8 	ldr	r2, [pc, #184]	@ 8820 <isp_switch_mode+0x128>
    8764:	ebffee9e 	bl	41e4 <memcpy@plt>
    8768:	e3a03001 	mov	r3, #1
    876c:	e5883038 	str	r3, [r8, #56]	@ 0x38
    8770:	e2844001 	add	r4, r4, #1
    8774:	eaffffeb 	b	8728 <isp_switch_mode+0x30>
    8778:	e59f40a4 	ldr	r4, [pc, #164]	@ 8824 <isp_switch_mode+0x12c>
    877c:	e3a02014 	mov	r2, #20
    8780:	e5949b7c 	ldr	r9, [r4, #2940]	@ 0xb7c
    8784:	e5948b80 	ldr	r8, [r4, #2944]	@ 0xb80
    8788:	e5947b84 	ldr	r7, [r4, #2948]	@ 0xb84
    878c:	e3a01000 	mov	r1, #0
    8790:	e59f0090 	ldr	r0, [pc, #144]	@ 8828 <isp_switch_mode+0x130>
    8794:	e5946b88 	ldr	r6, [r4, #2952]	@ 0xb88
    8798:	e5945b8c 	ldr	r5, [r4, #2956]	@ 0xb8c
    879c:	ebffefad 	bl	4658 <memset@plt>
    87a0:	e1a01009 	mov	r1, r9
    87a4:	e3a00000 	mov	r0, #0
    87a8:	ebffee8a 	bl	41d8 <isp_set_effect@plt>
    87ac:	e1a01008 	mov	r1, r8
    87b0:	e3a00001 	mov	r0, #1
    87b4:	ebffee87 	bl	41d8 <isp_set_effect@plt>
    87b8:	e1a01007 	mov	r1, r7
    87bc:	e3a00002 	mov	r0, #2
    87c0:	ebffee84 	bl	41d8 <isp_set_effect@plt>
    87c4:	e1a01006 	mov	r1, r6
    87c8:	e3a00003 	mov	r0, #3
    87cc:	ebffee81 	bl	41d8 <isp_set_effect@plt>
    87d0:	e1a01005 	mov	r1, r5
    87d4:	e3a00004 	mov	r0, #4
    87d8:	ebffee7e 	bl	41d8 <isp_set_effect@plt>
    87dc:	ebfffe2f 	bl	80a0 <isp_set_sensor_fps+0x42c>
    87e0:	e2840ebb 	add	r0, r4, #2992	@ 0xbb0
    87e4:	ebffef41 	bl	44f0 <ak_thread_mutex_lock@plt>
    87e8:	ebfffa2e 	bl	70a8 <ak_vi_close+0x860>
    87ec:	e59f3038 	ldr	r3, [pc, #56]	@ 882c <isp_switch_mode+0x134>
    87f0:	e5933004 	ldr	r3, [r3, #4]
    87f4:	e3530000 	cmp	r3, #0
    87f8:	0a000000 	beq	8800 <isp_switch_mode+0x108>
    87fc:	ebfffa09 	bl	7028 <ak_vi_close+0x7e0>
    8800:	e59f0028 	ldr	r0, [pc, #40]	@ 8830 <isp_switch_mode+0x138>
    8804:	ebffee55 	bl	4160 <ak_thread_mutex_unlock@plt>
    8808:	e3a00000 	mov	r0, #0
    880c:	e28dd00c 	add	sp, sp, #12
    8810:	e8bd83f0 	pop	{r4, r5, r6, r7, r8, r9, pc}
    8814:	00015f4e 	andeq	r5, r1, lr, asr #30
    8818:	00015fd8 	ldrdeq	r5, [r1], -r8
    881c:	00016014 	andeq	r6, r1, r4, lsl r0
    8820:	00002b36 	andeq	r2, r0, r6, lsr fp
    8824:	00017fd0 	ldrdeq	r7, [r1], -r0
    8828:	00018b4c 	andeq	r8, r1, ip, asr #22
    882c:	00015f48 	andeq	r5, r1, r8, asr #30
    8830:	00018b80 	andeq	r8, r1, r0, lsl #23

00008834 <isp_get_work_scene>:
    8834:	eafff041 	b	4940 <Ak_ISP_Get_Work_Scene@plt>

00008838 <isp_get_flip_mirror>:
    8838:	e3500000 	cmp	r0, #0
    883c:	159f3018 	ldrne	r3, [pc, #24]	@ 885c <isp_get_flip_mirror+0x24>
    8840:	15932ba8 	ldrne	r2, [r3, #2984]	@ 0xba8
    8844:	15933bac 	ldrne	r3, [r3, #2988]	@ 0xbac
    8848:	15802000 	strne	r2, [r0]
    884c:	15803004 	strne	r3, [r0, #4]
    8850:	13a00000 	movne	r0, #0
    8854:	03e00000 	mvneq	r0, #0
    8858:	e12fff1e 	bx	lr
    885c:	00017fd0 	ldrdeq	r7, [r1], -r0

00008860 <isp_set_main_mask_area>:
    8860:	e3500000 	cmp	r0, #0
    8864:	e92d4008 	push	{r3, lr}
    8868:	0a000003 	beq	887c <isp_set_main_mask_area+0x1c>
    886c:	ebffeef2 	bl	443c <AK_ISP_set_main_chan_mask_area@plt>
    8870:	e2500000 	subs	r0, r0, #0
    8874:	13e00000 	mvnne	r0, #0
    8878:	e8bd8008 	pop	{r3, pc}
    887c:	e3e00000 	mvn	r0, #0
    8880:	e8bd8008 	pop	{r3, pc}

00008884 <isp_get_main_mask_area>:
    8884:	e3500000 	cmp	r0, #0
    8888:	e92d4008 	push	{r3, lr}
    888c:	0a000003 	beq	88a0 <isp_get_main_mask_area+0x1c>
    8890:	ebffefe8 	bl	4838 <AK_ISP_get_main_chan_mask_area@plt>
    8894:	e2500000 	subs	r0, r0, #0
    8898:	13e00000 	mvnne	r0, #0
    889c:	e8bd8008 	pop	{r3, pc}
    88a0:	e3e00000 	mvn	r0, #0
    88a4:	e8bd8008 	pop	{r3, pc}

000088a8 <isp_set_sub_mask_area>:
    88a8:	e3500000 	cmp	r0, #0
    88ac:	e92d4008 	push	{r3, lr}
    88b0:	0a000003 	beq	88c4 <isp_set_sub_mask_area+0x1c>
    88b4:	ebffedf9 	bl	40a0 <AK_ISP_set_sub_chan_mask_area@plt>
    88b8:	e2500000 	subs	r0, r0, #0
    88bc:	13e00000 	mvnne	r0, #0
    88c0:	e8bd8008 	pop	{r3, pc}
    88c4:	e3e00000 	mvn	r0, #0
    88c8:	e8bd8008 	pop	{r3, pc}

000088cc <isp_get_sub_mask_area>:
    88cc:	e3500000 	cmp	r0, #0
    88d0:	e92d4008 	push	{r3, lr}
    88d4:	0a000003 	beq	88e8 <isp_get_sub_mask_area+0x1c>
    88d8:	ebffef10 	bl	4520 <AK_ISP_get_sub_chan_mask_area@plt>
    88dc:	e2500000 	subs	r0, r0, #0
    88e0:	13e00000 	mvnne	r0, #0
    88e4:	e8bd8008 	pop	{r3, pc}
    88e8:	e3e00000 	mvn	r0, #0
    88ec:	e8bd8008 	pop	{r3, pc}

000088f0 <isp_set_mask_color>:
    88f0:	e3500000 	cmp	r0, #0
    88f4:	e92d4008 	push	{r3, lr}
    88f8:	0a000003 	beq	890c <isp_set_mask_color+0x1c>
    88fc:	ebffefd3 	bl	4850 <AK_ISP_set_mask_color@plt>
    8900:	e2500000 	subs	r0, r0, #0
    8904:	13e00000 	mvnne	r0, #0
    8908:	e8bd8008 	pop	{r3, pc}
    890c:	e3e00000 	mvn	r0, #0
    8910:	e8bd8008 	pop	{r3, pc}

00008914 <isp_get_mask_color>:
    8914:	e3500000 	cmp	r0, #0
    8918:	e92d4008 	push	{r3, lr}
    891c:	0a000003 	beq	8930 <isp_get_mask_color+0x1c>
    8920:	ebffee8f 	bl	4364 <AK_ISP_get_mask_color@plt>
    8924:	e2500000 	subs	r0, r0, #0
    8928:	13e00000 	mvnne	r0, #0
    892c:	e8bd8008 	pop	{r3, pc}
    8930:	e3e00000 	mvn	r0, #0
    8934:	e8bd8008 	pop	{r3, pc}

00008938 <isp_get_sensor_fps>:
    8938:	e92d4008 	push	{r3, lr}
    893c:	ebffee10 	bl	4184 <Ak_ISP_Get_Sensor_Fps@plt>
    8940:	e3500000 	cmp	r0, #0
    8944:	18bd8008 	popne	{r3, pc}
    8948:	e59f1014 	ldr	r1, [pc, #20]	@ 8964 <isp_get_sensor_fps+0x2c>
    894c:	e59f2014 	ldr	r2, [pc, #20]	@ 8968 <isp_get_sensor_fps+0x30>
    8950:	e59f3014 	ldr	r3, [pc, #20]	@ 896c <isp_get_sensor_fps+0x34>
    8954:	e3a00001 	mov	r0, #1
    8958:	ebffef2f 	bl	461c <ak_print@plt>
    895c:	e3a00019 	mov	r0, #25
    8960:	e8bd8008 	pop	{r3, pc}
    8964:	0000ce6f 	andeq	ip, r0, pc, ror #28
    8968:	0000c779 	andeq	ip, r0, r9, ror r7
    896c:	000007d4 	ldrdeq	r0, [r0], -r4

00008970 <isp_set_switch_fps_enable>:
    8970:	e92d4008 	push	{r3, lr}
    8974:	e59f301c 	ldr	r3, [pc, #28]	@ 8998 <isp_set_switch_fps_enable+0x28>
    8978:	e20000ff 	and	r0, r0, #255	@ 0xff
    897c:	e3500000 	cmp	r0, #0
    8980:	e5c30b90 	strb	r0, [r3, #2960]	@ 0xb90
    8984:	0a000001 	beq	8990 <isp_set_switch_fps_enable+0x20>
    8988:	e59f000c 	ldr	r0, [pc, #12]	@ 899c <isp_set_switch_fps_enable+0x2c>
    898c:	ebffef91 	bl	47d8 <ak_thread_sem_post@plt>
    8990:	e3a00000 	mov	r0, #0
    8994:	e8bd8008 	pop	{r3, pc}
    8998:	00017fd0 	ldrdeq	r7, [r1], -r0
    899c:	00018b64 	andeq	r8, r1, r4, ror #22

000089a0 <isp_get_cur_lum_factor>:
    89a0:	e92d4030 	push	{r4, r5, lr}
    89a4:	e59f40dc 	ldr	r4, [pc, #220]	@ 8a88 <isp_get_cur_lum_factor+0xe8>
    89a8:	e24dd02c 	sub	sp, sp, #44	@ 0x2c
    89ac:	e5945034 	ldr	r5, [r4, #52]	@ 0x34
    89b0:	e3550001 	cmp	r5, #1
    89b4:	13a00001 	movne	r0, #1
    89b8:	159f10cc 	ldrne	r1, [pc, #204]	@ 8a8c <isp_get_cur_lum_factor+0xec>
    89bc:	159f20cc 	ldrne	r2, [pc, #204]	@ 8a90 <isp_get_cur_lum_factor+0xf0>
    89c0:	159f30cc 	ldrne	r3, [pc, #204]	@ 8a94 <isp_get_cur_lum_factor+0xf4>
    89c4:	1a000006 	bne	89e4 <isp_get_cur_lum_factor+0x44>
    89c8:	e594301c 	ldr	r3, [r4, #28]
    89cc:	e3530000 	cmp	r3, #0
    89d0:	ca000006 	bgt	89f0 <isp_get_cur_lum_factor+0x50>
    89d4:	e59f10bc 	ldr	r1, [pc, #188]	@ 8a98 <isp_get_cur_lum_factor+0xf8>
    89d8:	e59f20b0 	ldr	r2, [pc, #176]	@ 8a90 <isp_get_cur_lum_factor+0xf0>
    89dc:	e59f30b8 	ldr	r3, [pc, #184]	@ 8a9c <isp_get_cur_lum_factor+0xfc>
    89e0:	e1a00005 	mov	r0, r5
    89e4:	ebffef0c 	bl	461c <ak_print@plt>
    89e8:	e3e00000 	mvn	r0, #0
    89ec:	ea000023 	b	8a80 <isp_get_cur_lum_factor+0xe0>
    89f0:	e28d0004 	add	r0, sp, #4
    89f4:	ebffee27 	bl	4298 <AK_ISP_get_ae_run_info@plt>
    89f8:	e3500000 	cmp	r0, #0
    89fc:	1a00000e 	bne	8a3c <isp_get_cur_lum_factor+0x9c>
    8a00:	e59d3008 	ldr	r3, [sp, #8]
    8a04:	e59d000c 	ldr	r0, [sp, #12]
    8a08:	e5942010 	ldr	r2, [r4, #16]
    8a0c:	e0000093 	mul	r0, r3, r0
    8a10:	e59d3010 	ldr	r3, [sp, #16]
    8a14:	e1a00440 	asr	r0, r0, #8
    8a18:	e0000093 	mul	r0, r3, r0
    8a1c:	e59d3014 	ldr	r3, [sp, #20]
    8a20:	e1a00440 	asr	r0, r0, #8
    8a24:	e0000093 	mul	r0, r3, r0
    8a28:	e5943004 	ldr	r3, [r4, #4]
    8a2c:	e1530002 	cmp	r3, r2
    8a30:	1a000006 	bne	8a50 <isp_get_cur_lum_factor+0xb0>
    8a34:	e594101c 	ldr	r1, [r4, #28]
    8a38:	ea000008 	b	8a60 <isp_get_cur_lum_factor+0xc0>
    8a3c:	e1a00005 	mov	r0, r5
    8a40:	e59f1058 	ldr	r1, [pc, #88]	@ 8aa0 <isp_get_cur_lum_factor+0x100>
    8a44:	e59f2044 	ldr	r2, [pc, #68]	@ 8a90 <isp_get_cur_lum_factor+0xf0>
    8a48:	e59f3054 	ldr	r3, [pc, #84]	@ 8aa4 <isp_get_cur_lum_factor+0x104>
    8a4c:	eaffffe4 	b	89e4 <isp_get_cur_lum_factor+0x44>
    8a50:	e5942008 	ldr	r2, [r4, #8]
    8a54:	e1530002 	cmp	r3, r2
    8a58:	1a000002 	bne	8a68 <isp_get_cur_lum_factor+0xc8>
    8a5c:	e5941014 	ldr	r1, [r4, #20]
    8a60:	e3510000 	cmp	r1, #0
    8a64:	1a000004 	bne	8a7c <isp_get_cur_lum_factor+0xdc>
    8a68:	e3a00001 	mov	r0, #1
    8a6c:	e59f1034 	ldr	r1, [pc, #52]	@ 8aa8 <isp_get_cur_lum_factor+0x108>
    8a70:	e59f2018 	ldr	r2, [pc, #24]	@ 8a90 <isp_get_cur_lum_factor+0xf0>
    8a74:	e59f3030 	ldr	r3, [pc, #48]	@ 8aac <isp_get_cur_lum_factor+0x10c>
    8a78:	eaffffd9 	b	89e4 <isp_get_cur_lum_factor+0x44>
    8a7c:	eb0007c6 	bl	a99c <isp_vi_stream_ctrl_off+0x148>
    8a80:	e28dd02c 	add	sp, sp, #44	@ 0x2c
    8a84:	e8bd8030 	pop	{r4, r5, pc}
    8a88:	00015fd8 	ldrdeq	r5, [r1], -r8
    8a8c:	0000ce9c 	muleq	r0, ip, lr
    8a90:	0000c78c 	andeq	ip, r0, ip, lsl #15
    8a94:	000007f4 	strdeq	r0, [r0], -r4
    8a98:	0000cebb 			@ <UNDEFINED> instruction: 0x0000cebb
    8a9c:	000007f9 	strdeq	r0, [r0], -r9
    8aa0:	0000cedd 	ldrdeq	ip, [r0], -sp
    8aa4:	000007ff 	strdeq	r0, [r0], -pc	@ <UNPREDICTABLE>
    8aa8:	0000ceff 	strdeq	ip, [r0], -pc	@ <UNPREDICTABLE>
    8aac:	00000816 	andeq	r0, r0, r6, lsl r8
    8ab0:	e92d4010 	push	{r4, lr}
    8ab4:	e59f4018 	ldr	r4, [pc, #24]	@ 8ad4 <isp_get_cur_lum_factor+0x134>
    8ab8:	e5940000 	ldr	r0, [r4]
    8abc:	e3500000 	cmp	r0, #0
    8ac0:	08bd8010 	popeq	{r4, pc}
    8ac4:	ebffeef2 	bl	4694 <fclose@plt>
    8ac8:	e3a03000 	mov	r3, #0
    8acc:	e5843000 	str	r3, [r4]
    8ad0:	e8bd8010 	pop	{r4, pc}
    8ad4:	00018b9c 	muleq	r1, ip, fp
    8ad8:	e92d4013 	push	{r0, r1, r4, lr}
    8adc:	e1a04000 	mov	r4, r0
    8ae0:	ebffef3f 	bl	47e4 <__errno_location@plt>
    8ae4:	e5900000 	ldr	r0, [r0]
    8ae8:	ebffed81 	bl	40f4 <strerror@plt>
    8aec:	e58d4000 	str	r4, [sp]
    8af0:	e59f101c 	ldr	r1, [pc, #28]	@ 8b14 <isp_get_cur_lum_factor+0x174>
    8af4:	e59f201c 	ldr	r2, [pc, #28]	@ 8b18 <isp_get_cur_lum_factor+0x178>
    8af8:	e3a0307f 	mov	r3, #127	@ 0x7f
    8afc:	e58d0004 	str	r0, [sp, #4]
    8b00:	e3a00001 	mov	r0, #1
    8b04:	ebffeec4 	bl	461c <ak_print@plt>
    8b08:	e3a00000 	mov	r0, #0
    8b0c:	e28dd008 	add	sp, sp, #8
    8b10:	e8bd8010 	pop	{r4, pc}
    8b14:	0000cfaa 	andeq	ip, r0, sl, lsr #31
    8b18:	0000cf20 	andeq	ip, r0, r0, lsr #30
    8b1c:	e92d4ff0 	push	{r4, r5, r6, r7, r8, r9, sl, fp, lr}
    8b20:	e59f43f8 	ldr	r4, [pc, #1016]	@ 8f20 <isp_get_cur_lum_factor+0x580>
    8b24:	e24ddf95 	sub	sp, sp, #596	@ 0x254
    8b28:	e253b000 	subs	fp, r3, #0
    8b2c:	e1a07000 	mov	r7, r0
    8b30:	e58d101c 	str	r1, [sp, #28]
    8b34:	e1a0a002 	mov	sl, r2
    8b38:	0a000001 	beq	8b44 <isp_get_cur_lum_factor+0x1a4>
    8b3c:	e3500003 	cmp	r0, #3
    8b40:	9a000007 	bls	8b64 <isp_get_cur_lum_factor+0x1c4>
    8b44:	e88d0810 	stm	sp, {r4, fp}
    8b48:	e59f13d4 	ldr	r1, [pc, #980]	@ 8f24 <isp_get_cur_lum_factor+0x584>
    8b4c:	e58d7008 	str	r7, [sp, #8]
    8b50:	e59f23d0 	ldr	r2, [pc, #976]	@ 8f28 <isp_get_cur_lum_factor+0x588>
    8b54:	e3a030a8 	mov	r3, #168	@ 0xa8
    8b58:	e3a00001 	mov	r0, #1
    8b5c:	ebffeeae 	bl	461c <ak_print@plt>
    8b60:	ea0000e2 	b	8ef0 <isp_get_cur_lum_factor+0x550>
    8b64:	e1a00004 	mov	r0, r4
    8b68:	e59f13bc 	ldr	r1, [pc, #956]	@ 8f2c <isp_get_cur_lum_factor+0x58c>
    8b6c:	ebffeeb6 	bl	464c <fopen@plt>
    8b70:	e3500000 	cmp	r0, #0
    8b74:	11a06000 	movne	r6, r0
    8b78:	1a000003 	bne	8b8c <isp_get_cur_lum_factor+0x1ec>
    8b7c:	e1a00004 	mov	r0, r4
    8b80:	ebffffd4 	bl	8ad8 <isp_get_cur_lum_factor+0x138>
    8b84:	e2506000 	subs	r6, r0, #0
    8b88:	0a0000d8 	beq	8ef0 <isp_get_cur_lum_factor+0x550>
    8b8c:	e3a01000 	mov	r1, #0
    8b90:	e3a02002 	mov	r2, #2
    8b94:	e1a00006 	mov	r0, r6
    8b98:	ebffee4b 	bl	44cc <fseek@plt>
    8b9c:	e1a00006 	mov	r0, r6
    8ba0:	ebffeeb2 	bl	4670 <ftell@plt>
    8ba4:	e3500c02 	cmp	r0, #512	@ 0x200
    8ba8:	e1a08000 	mov	r8, r0
    8bac:	9a0000d7 	bls	8f10 <isp_get_cur_lum_factor+0x570>
    8bb0:	e2804010 	add	r4, r0, #16
    8bb4:	e1a01004 	mov	r1, r4
    8bb8:	e3a00001 	mov	r0, #1
    8bbc:	ebffee24 	bl	4454 <calloc@plt>
    8bc0:	e2509000 	subs	r9, r0, #0
    8bc4:	1a000006 	bne	8be4 <isp_get_cur_lum_factor+0x244>
    8bc8:	e58d4000 	str	r4, [sp]
    8bcc:	e59f135c 	ldr	r1, [pc, #860]	@ 8f30 <isp_get_cur_lum_factor+0x590>
    8bd0:	e59f2350 	ldr	r2, [pc, #848]	@ 8f28 <isp_get_cur_lum_factor+0x588>
    8bd4:	e3a030bc 	mov	r3, #188	@ 0xbc
    8bd8:	e3a00001 	mov	r0, #1
    8bdc:	ebffee8e 	bl	461c <ak_print@plt>
    8be0:	ea0000ca 	b	8f10 <isp_get_cur_lum_factor+0x570>
    8be4:	e1a00006 	mov	r0, r6
    8be8:	ebffeef7 	bl	47cc <rewind@plt>
    8bec:	e1a03006 	mov	r3, r6
    8bf0:	e3a01001 	mov	r1, #1
    8bf4:	e1a02008 	mov	r2, r8
    8bf8:	e1a00009 	mov	r0, r9
    8bfc:	ebffee80 	bl	4604 <fread@plt>
    8c00:	e28d0024 	add	r0, sp, #36	@ 0x24
    8c04:	e3a01000 	mov	r1, #0
    8c08:	e3a0202c 	mov	r2, #44	@ 0x2c
    8c0c:	ebffee91 	bl	4658 <memset@plt>
    8c10:	e3a04000 	mov	r4, #0
    8c14:	e3e03000 	mvn	r3, #0
    8c18:	e28d5e25 	add	r5, sp, #592	@ 0x250
    8c1c:	e58d3028 	str	r3, [sp, #40]	@ 0x28
    8c20:	e58d302c 	str	r3, [sp, #44]	@ 0x2c
    8c24:	e58d3030 	str	r3, [sp, #48]	@ 0x30
    8c28:	e58d3034 	str	r3, [sp, #52]	@ 0x34
    8c2c:	e5253218 	str	r3, [r5, #-536]!	@ 0xfffffde8
    8c30:	e1a03004 	mov	r3, r4
    8c34:	e58d4018 	str	r4, [sp, #24]
    8c38:	e0891003 	add	r1, r9, r3
    8c3c:	e3a02c02 	mov	r2, #512	@ 0x200
    8c40:	e28d0050 	add	r0, sp, #80	@ 0x50
    8c44:	e58d3010 	str	r3, [sp, #16]
    8c48:	ebffed65 	bl	41e4 <memcpy@plt>
    8c4c:	e59d2050 	ldr	r2, [sp, #80]	@ 0x50
    8c50:	e5ddc070 	ldrb	ip, [sp, #112]	@ 0x70
    8c54:	e3520003 	cmp	r2, #3
    8c58:	e59d3010 	ldr	r3, [sp, #16]
    8c5c:	0a000006 	beq	8c7c <isp_get_cur_lum_factor+0x2dc>
    8c60:	e59f32b8 	ldr	r3, [pc, #696]	@ 8f20 <isp_get_cur_lum_factor+0x580>
    8c64:	e3a00001 	mov	r0, #1
    8c68:	e58d3000 	str	r3, [sp]
    8c6c:	e59f12c0 	ldr	r1, [pc, #704]	@ 8f34 <isp_get_cur_lum_factor+0x594>
    8c70:	e59f22b0 	ldr	r2, [pc, #688]	@ 8f28 <isp_get_cur_lum_factor+0x588>
    8c74:	e3a030d4 	mov	r3, #212	@ 0xd4
    8c78:	ea00001d 	b	8cf4 <isp_get_cur_lum_factor+0x354>
    8c7c:	e1dd26b8 	ldrh	r2, [sp, #104]	@ 0x68
    8c80:	e59f12b0 	ldr	r1, [pc, #688]	@ 8f38 <isp_get_cur_lum_factor+0x598>
    8c84:	e1520001 	cmp	r2, r1
    8c88:	9a000013 	bls	8cdc <isp_get_cur_lum_factor+0x33c>
    8c8c:	e5dd206a 	ldrb	r2, [sp, #106]	@ 0x6a
    8c90:	e2422001 	sub	r2, r2, #1
    8c94:	e352000b 	cmp	r2, #11
    8c98:	8a00000f 	bhi	8cdc <isp_get_cur_lum_factor+0x33c>
    8c9c:	e5dd206b 	ldrb	r2, [sp, #107]	@ 0x6b
    8ca0:	e2422001 	sub	r2, r2, #1
    8ca4:	e352001e 	cmp	r2, #30
    8ca8:	8a00000b 	bhi	8cdc <isp_get_cur_lum_factor+0x33c>
    8cac:	e5dd206c 	ldrb	r2, [sp, #108]	@ 0x6c
    8cb0:	e3520017 	cmp	r2, #23
    8cb4:	8a000008 	bhi	8cdc <isp_get_cur_lum_factor+0x33c>
    8cb8:	e5dd206d 	ldrb	r2, [sp, #109]	@ 0x6d
    8cbc:	e352003b 	cmp	r2, #59	@ 0x3b
    8cc0:	8a000005 	bhi	8cdc <isp_get_cur_lum_factor+0x33c>
    8cc4:	e5dd206e 	ldrb	r2, [sp, #110]	@ 0x6e
    8cc8:	e352003b 	cmp	r2, #59	@ 0x3b
    8ccc:	8a000002 	bhi	8cdc <isp_get_cur_lum_factor+0x33c>
    8cd0:	e5dd206f 	ldrb	r2, [sp, #111]	@ 0x6f
    8cd4:	e3520004 	cmp	r2, #4
    8cd8:	9a000007 	bls	8cfc <isp_get_cur_lum_factor+0x35c>
    8cdc:	e59f323c 	ldr	r3, [pc, #572]	@ 8f20 <isp_get_cur_lum_factor+0x580>
    8ce0:	e59f1254 	ldr	r1, [pc, #596]	@ 8f3c <isp_get_cur_lum_factor+0x59c>
    8ce4:	e59f223c 	ldr	r2, [pc, #572]	@ 8f28 <isp_get_cur_lum_factor+0x588>
    8ce8:	e58d3000 	str	r3, [sp]
    8cec:	e3a00001 	mov	r0, #1
    8cf0:	e3a030dc 	mov	r3, #220	@ 0xdc
    8cf4:	ebffee48 	bl	461c <ak_print@plt>
    8cf8:	ea000063 	b	8e8c <isp_get_cur_lum_factor+0x4ec>
    8cfc:	e59d2064 	ldr	r2, [sp, #100]	@ 0x64
    8d00:	e59d101c 	ldr	r1, [sp, #28]
    8d04:	e1510002 	cmp	r1, r2
    8d08:	0a000013 	beq	8d5c <isp_get_cur_lum_factor+0x3bc>
    8d0c:	e59f320c 	ldr	r3, [pc, #524]	@ 8f20 <isp_get_cur_lum_factor+0x580>
    8d10:	e59f1228 	ldr	r1, [pc, #552]	@ 8f40 <isp_get_cur_lum_factor+0x5a0>
    8d14:	e58d3000 	str	r3, [sp]
    8d18:	e59f2208 	ldr	r2, [pc, #520]	@ 8f28 <isp_get_cur_lum_factor+0x588>
    8d1c:	e3a030e1 	mov	r3, #225	@ 0xe1
    8d20:	e3a00002 	mov	r0, #2
    8d24:	e58dc014 	str	ip, [sp, #20]
    8d28:	ebffee3b 	bl	461c <ak_print@plt>
    8d2c:	e59d201c 	ldr	r2, [sp, #28]
    8d30:	e59d3064 	ldr	r3, [sp, #100]	@ 0x64
    8d34:	e59dc014 	ldr	ip, [sp, #20]
    8d38:	e58d2000 	str	r2, [sp]
    8d3c:	e98d0408 	stmib	sp, {r3, sl}
    8d40:	e59f11fc 	ldr	r1, [pc, #508]	@ 8f44 <isp_get_cur_lum_factor+0x5a4>
    8d44:	e58dc00c 	str	ip, [sp, #12]
    8d48:	e59f21d8 	ldr	r2, [pc, #472]	@ 8f28 <isp_get_cur_lum_factor+0x588>
    8d4c:	e3a030e3 	mov	r3, #227	@ 0xe3
    8d50:	e3a00004 	mov	r0, #4
    8d54:	ebffee30 	bl	461c <ak_print@plt>
    8d58:	ea00004b 	b	8e8c <isp_get_cur_lum_factor+0x4ec>
    8d5c:	e15a000c 	cmp	sl, ip
    8d60:	1affffe9 	bne	8d0c <isp_get_cur_lum_factor+0x36c>
    8d64:	e5952004 	ldr	r2, [r5, #4]
    8d68:	e2833c02 	add	r3, r3, #512	@ 0x200
    8d6c:	e2822c02 	add	r2, r2, #512	@ 0x200
    8d70:	e0630008 	rsb	r0, r3, r8
    8d74:	e28d1e25 	add	r1, sp, #592	@ 0x250
    8d78:	e5852004 	str	r2, [r5, #4]
    8d7c:	e5210230 	str	r0, [r1, #-560]!	@ 0xfffffdd0
    8d80:	e0890003 	add	r0, r9, r3
    8d84:	e58d2014 	str	r2, [sp, #20]
    8d88:	e58d3010 	str	r3, [sp, #16]
    8d8c:	ebffece7 	bl	4130 <isp_module_check_cfg@plt>
    8d90:	e59d2014 	ldr	r2, [sp, #20]
    8d94:	e59d3010 	ldr	r3, [sp, #16]
    8d98:	e3500000 	cmp	r0, #0
    8d9c:	aa000006 	bge	8dbc <isp_get_cur_lum_factor+0x41c>
    8da0:	e59f3178 	ldr	r3, [pc, #376]	@ 8f20 <isp_get_cur_lum_factor+0x580>
    8da4:	e3a00001 	mov	r0, #1
    8da8:	e58d3000 	str	r3, [sp]
    8dac:	e59f1194 	ldr	r1, [pc, #404]	@ 8f48 <isp_get_cur_lum_factor+0x5a8>
    8db0:	e59f2170 	ldr	r2, [pc, #368]	@ 8f28 <isp_get_cur_lum_factor+0x588>
    8db4:	e3a030ee 	mov	r3, #238	@ 0xee
    8db8:	eaffffcd 	b	8cf4 <isp_get_cur_lum_factor+0x354>
    8dbc:	e59d1020 	ldr	r1, [sp, #32]
    8dc0:	e59dc018 	ldr	ip, [sp, #24]
    8dc4:	e0822001 	add	r2, r2, r1
    8dc8:	e2810c02 	add	r0, r1, #512	@ 0x200
    8dcc:	e5a52004 	str	r2, [r5, #4]!
    8dd0:	e5dd206f 	ldrb	r2, [sp, #111]	@ 0x6f
    8dd4:	e3540000 	cmp	r4, #0
    8dd8:	e08cc000 	add	ip, ip, r0
    8ddc:	e0833001 	add	r3, r3, r1
    8de0:	15150018 	ldrne	r0, [r5, #-24]	@ 0xffffffe8
    8de4:	15151004 	ldrne	r1, [r5, #-4]
    8de8:	e58dc018 	str	ip, [sp, #24]
    8dec:	128dce25 	addne	ip, sp, #592	@ 0x250
    8df0:	108c2102 	addne	r2, ip, r2, lsl #2
    8df4:	e59dc018 	ldr	ip, [sp, #24]
    8df8:	028d1e25 	addeq	r1, sp, #592	@ 0x250
    8dfc:	00812102 	addeq	r2, r1, r2, lsl #2
    8e00:	10801001 	addne	r1, r0, r1
    8e04:	05024228 	streq	r4, [r2, #-552]	@ 0xfffffdd8
    8e08:	15021228 	strne	r1, [r2, #-552]	@ 0xfffffdd8
    8e0c:	e158000c 	cmp	r8, ip
    8e10:	e2844001 	add	r4, r4, #1
    8e14:	9a000001 	bls	8e20 <isp_get_cur_lum_factor+0x480>
    8e18:	e3540005 	cmp	r4, #5
    8e1c:	1affff85 	bne	8c38 <isp_get_cur_lum_factor+0x298>
    8e20:	e3570003 	cmp	r7, #3
    8e24:	03a03000 	moveq	r3, #0
    8e28:	058b3000 	streq	r3, [fp]
    8e2c:	0a00000d 	beq	8e68 <isp_get_cur_lum_factor+0x4c8>
    8e30:	e28d1e25 	add	r1, sp, #592	@ 0x250
    8e34:	e0813107 	add	r3, r1, r7, lsl #2
    8e38:	e5135228 	ldr	r5, [r3, #-552]	@ 0xfffffdd8
    8e3c:	e3750001 	cmn	r5, #1
    8e40:	12855c02 	addne	r5, r5, #512	@ 0x200
    8e44:	158b5000 	strne	r5, [fp]
    8e48:	1a000006 	bne	8e68 <isp_get_cur_lum_factor+0x4c8>
    8e4c:	e59f30cc 	ldr	r3, [pc, #204]	@ 8f20 <isp_get_cur_lum_factor+0x580>
    8e50:	e3a00001 	mov	r0, #1
    8e54:	e88d0088 	stm	sp, {r3, r7}
    8e58:	e59f10ec 	ldr	r1, [pc, #236]	@ 8f4c <isp_get_cur_lum_factor+0x5ac>
    8e5c:	e59f20c4 	ldr	r2, [pc, #196]	@ 8f28 <isp_get_cur_lum_factor+0x588>
    8e60:	e59f30e8 	ldr	r3, [pc, #232]	@ 8f50 <isp_get_cur_lum_factor+0x5b0>
    8e64:	ea000007 	b	8e88 <isp_get_cur_lum_factor+0x4e8>
    8e68:	e3540001 	cmp	r4, #1
    8e6c:	1a000008 	bne	8e94 <isp_get_cur_lum_factor+0x4f4>
    8e70:	e59f30a8 	ldr	r3, [pc, #168]	@ 8f20 <isp_get_cur_lum_factor+0x580>
    8e74:	e59f10d8 	ldr	r1, [pc, #216]	@ 8f54 <isp_get_cur_lum_factor+0x5b4>
    8e78:	e88d0018 	stm	sp, {r3, r4}
    8e7c:	e59f20a4 	ldr	r2, [pc, #164]	@ 8f28 <isp_get_cur_lum_factor+0x588>
    8e80:	e59f30d0 	ldr	r3, [pc, #208]	@ 8f58 <isp_get_cur_lum_factor+0x5b8>
    8e84:	e1a00004 	mov	r0, r4
    8e88:	ebffede3 	bl	461c <ak_print@plt>
    8e8c:	e3e04000 	mvn	r4, #0
    8e90:	ea000018 	b	8ef8 <isp_get_cur_lum_factor+0x558>
    8e94:	e59f10c0 	ldr	r1, [pc, #192]	@ 8f5c <isp_get_cur_lum_factor+0x5bc>
    8e98:	e28d2054 	add	r2, sp, #84	@ 0x54
    8e9c:	e59d3064 	ldr	r3, [sp, #100]	@ 0x64
    8ea0:	e58da000 	str	sl, [sp]
    8ea4:	e3a00003 	mov	r0, #3
    8ea8:	ebffeddb 	bl	461c <ak_print@plt>
    8eac:	e5dd106b 	ldrb	r1, [sp, #107]	@ 0x6b
    8eb0:	e59f30a8 	ldr	r3, [pc, #168]	@ 8f60 <isp_get_cur_lum_factor+0x5c0>
    8eb4:	e28dce25 	add	ip, sp, #592	@ 0x250
    8eb8:	e19c20b3 	ldrh	r2, [ip, r3]
    8ebc:	e58d1000 	str	r1, [sp]
    8ec0:	e5dd106c 	ldrb	r1, [sp, #108]	@ 0x6c
    8ec4:	e5dd306a 	ldrb	r3, [sp, #106]	@ 0x6a
    8ec8:	e58d1004 	str	r1, [sp, #4]
    8ecc:	e5dd106d 	ldrb	r1, [sp, #109]	@ 0x6d
    8ed0:	e3a00004 	mov	r0, #4
    8ed4:	e58d1008 	str	r1, [sp, #8]
    8ed8:	e5dd106e 	ldrb	r1, [sp, #110]	@ 0x6e
    8edc:	e3a04000 	mov	r4, #0
    8ee0:	e58d100c 	str	r1, [sp, #12]
    8ee4:	e59f1078 	ldr	r1, [pc, #120]	@ 8f64 <isp_get_cur_lum_factor+0x5c4>
    8ee8:	ebffedcb 	bl	461c <ak_print@plt>
    8eec:	ea000001 	b	8ef8 <isp_get_cur_lum_factor+0x558>
    8ef0:	e3e00000 	mvn	r0, #0
    8ef4:	ea000007 	b	8f18 <isp_get_cur_lum_factor+0x578>
    8ef8:	e1a00009 	mov	r0, r9
    8efc:	ebffee9b 	bl	4970 <free@plt>
    8f00:	e1a00006 	mov	r0, r6
    8f04:	ebffede2 	bl	4694 <fclose@plt>
    8f08:	e1a00004 	mov	r0, r4
    8f0c:	ea000001 	b	8f18 <isp_get_cur_lum_factor+0x578>
    8f10:	e3e04000 	mvn	r4, #0
    8f14:	eafffff9 	b	8f00 <isp_get_cur_lum_factor+0x560>
    8f18:	e28ddf95 	add	sp, sp, #596	@ 0x254
    8f1c:	e8bd8ff0 	pop	{r4, r5, r6, r7, r8, r9, sl, fp, pc}
    8f20:	00018ba0 	andeq	r8, r1, r0, lsr #23
    8f24:	0000cfc7 	andeq	ip, r0, r7, asr #31
    8f28:	0000cf35 	andeq	ip, r0, r5, lsr pc
    8f2c:	0000d002 	andeq	sp, r0, r2
    8f30:	0000d005 	andeq	sp, r0, r5
    8f34:	0000d02a 	andeq	sp, r0, sl, lsr #32
    8f38:	0000076b 	andeq	r0, r0, fp, ror #14
    8f3c:	0000d053 	andeq	sp, r0, r3, asr r0
    8f40:	0000d075 	andeq	sp, r0, r5, ror r0
    8f44:	0000d094 	muleq	r0, r4, r0
    8f48:	0000d0c3 	andeq	sp, r0, r3, asr #1
    8f4c:	0000d0de 	ldrdeq	sp, [r0], -lr
    8f50:	00000103 	andeq	r0, r0, r3, lsl #2
    8f54:	0000d106 	andeq	sp, r0, r6, lsl #2
    8f58:	0000010b 	andeq	r0, r0, fp, lsl #2
    8f5c:	0000d132 	andeq	sp, r0, r2, lsr r1
    8f60:	fffffe18 			@ <UNDEFINED> instruction: 0xfffffe18
    8f64:	0000d168 	andeq	sp, r0, r8, ror #2

00008f68 <isp_cfg_file_set_path>:
    8f68:	e92d4010 	push	{r4, lr}
    8f6c:	e2504000 	subs	r4, r0, #0
    8f70:	08bd8010 	popeq	{r4, pc}
    8f74:	ebffee41 	bl	4880 <strlen@plt>
    8f78:	e1a01004 	mov	r1, r4
    8f7c:	e8bd4010 	pop	{r4, lr}
    8f80:	e1a02000 	mov	r2, r0
    8f84:	e59f0000 	ldr	r0, [pc]	@ 8f8c <isp_cfg_file_set_path+0x24>
    8f88:	eaffed85 	b	45a4 <strncpy@plt>
    8f8c:	00018ba0 	andeq	r8, r1, r0, lsr #23

00008f90 <isp_cfg_file_clear_path>:
    8f90:	e59f0004 	ldr	r0, [pc, #4]	@ 8f9c <isp_cfg_file_clear_path+0xc>
    8f94:	e3a01c01 	mov	r1, #256	@ 0x100
    8f98:	eaffecf7 	b	437c <bzero@plt>
    8f9c:	00018ba0 	andeq	r8, r1, r0, lsr #23

00008fa0 <isp_cfg_file_get_style_id>:
    8fa0:	e92d4013 	push	{r0, r1, r4, lr}
    8fa4:	e59f003c 	ldr	r0, [pc, #60]	@ 8fe8 <isp_cfg_file_get_style_id+0x48>
    8fa8:	e3a03000 	mov	r3, #0
    8fac:	e59f1038 	ldr	r1, [pc, #56]	@ 8fec <isp_cfg_file_get_style_id+0x4c>
    8fb0:	e5cd3007 	strb	r3, [sp, #7]
    8fb4:	ebffeda4 	bl	464c <fopen@plt>
    8fb8:	e2504000 	subs	r4, r0, #0
    8fbc:	0a000006 	beq	8fdc <isp_cfg_file_get_style_id+0x3c>
    8fc0:	e3a01001 	mov	r1, #1
    8fc4:	e28d0007 	add	r0, sp, #7
    8fc8:	e1a02001 	mov	r2, r1
    8fcc:	e1a03004 	mov	r3, r4
    8fd0:	ebffed8b 	bl	4604 <fread@plt>
    8fd4:	e1a00004 	mov	r0, r4
    8fd8:	ebffedad 	bl	4694 <fclose@plt>
    8fdc:	e5dd0007 	ldrb	r0, [sp, #7]
    8fe0:	e28dd008 	add	sp, sp, #8
    8fe4:	e8bd8010 	pop	{r4, pc}
    8fe8:	0000d198 	muleq	r0, r8, r1
    8fec:	0000d002 	andeq	sp, r0, r2

00008ff0 <isp_cfg_file_set_style_id>:
    8ff0:	e92d4013 	push	{r0, r1, r4, lr}
    8ff4:	e59f1040 	ldr	r1, [pc, #64]	@ 903c <isp_cfg_file_set_style_id+0x4c>
    8ff8:	e5cd0007 	strb	r0, [sp, #7]
    8ffc:	e59f003c 	ldr	r0, [pc, #60]	@ 9040 <isp_cfg_file_set_style_id+0x50>
    9000:	ebffed91 	bl	464c <fopen@plt>
    9004:	e2504000 	subs	r4, r0, #0
    9008:	0a000008 	beq	9030 <isp_cfg_file_set_style_id+0x40>
    900c:	e3a01001 	mov	r1, #1
    9010:	e1a02001 	mov	r2, r1
    9014:	e1a03004 	mov	r3, r4
    9018:	e28d0007 	add	r0, sp, #7
    901c:	ebffede1 	bl	47a8 <fwrite@plt>
    9020:	e1a00004 	mov	r0, r4
    9024:	ebffed9a 	bl	4694 <fclose@plt>
    9028:	e3a00000 	mov	r0, #0
    902c:	ea000000 	b	9034 <isp_cfg_file_set_style_id+0x44>
    9030:	e3e00000 	mvn	r0, #0
    9034:	e28dd008 	add	sp, sp, #8
    9038:	e8bd8010 	pop	{r4, pc}
    903c:	0000d1ab 	andeq	sp, r0, fp, lsr #3
    9040:	0000d198 	muleq	r0, r8, r1

00009044 <isp_cfg_file_load>:
    9044:	e92d43f0 	push	{r4, r5, r6, r7, r8, r9, lr}
    9048:	e3a03000 	mov	r3, #0
    904c:	e24dd01c 	sub	sp, sp, #28
    9050:	e1a07000 	mov	r7, r0
    9054:	e1a08001 	mov	r8, r1
    9058:	e59f0254 	ldr	r0, [pc, #596]	@ 92b4 <isp_cfg_file_load+0x270>
    905c:	e59f1254 	ldr	r1, [pc, #596]	@ 92b8 <isp_cfg_file_load+0x274>
    9060:	e1a06002 	mov	r6, r2
    9064:	e58d300c 	str	r3, [sp, #12]
    9068:	ebffed77 	bl	464c <fopen@plt>
    906c:	e2505000 	subs	r5, r0, #0
    9070:	1a000007 	bne	9094 <isp_cfg_file_load+0x50>
    9074:	ebffedda 	bl	47e4 <__errno_location@plt>
    9078:	e5903000 	ldr	r3, [r0]
    907c:	e3530002 	cmp	r3, #2
    9080:	03a00001 	moveq	r0, #1
    9084:	059f1230 	ldreq	r1, [pc, #560]	@ 92bc <isp_cfg_file_load+0x278>
    9088:	059f2230 	ldreq	r2, [pc, #560]	@ 92c0 <isp_cfg_file_load+0x27c>
    908c:	059f3230 	ldreq	r3, [pc, #560]	@ 92c4 <isp_cfg_file_load+0x280>
    9090:	0a000014 	beq	90e8 <isp_cfg_file_load+0xa4>
    9094:	e3a04000 	mov	r4, #0
    9098:	e3a01008 	mov	r1, #8
    909c:	e3a02001 	mov	r2, #1
    90a0:	e1a03005 	mov	r3, r5
    90a4:	e28d0010 	add	r0, sp, #16
    90a8:	e58d4010 	str	r4, [sp, #16]
    90ac:	e58d4014 	str	r4, [sp, #20]
    90b0:	ebffed53 	bl	4604 <fread@plt>
    90b4:	e1a00005 	mov	r0, r5
    90b8:	ebffed75 	bl	4694 <fclose@plt>
    90bc:	e1a01004 	mov	r1, r4
    90c0:	e28d0010 	add	r0, sp, #16
    90c4:	e3a02010 	mov	r2, #16
    90c8:	ebffecc6 	bl	43e8 <strtol@plt>
    90cc:	e3500000 	cmp	r0, #0
    90d0:	a1a04000 	movge	r4, r0
    90d4:	aa000005 	bge	90f0 <isp_cfg_file_load+0xac>
    90d8:	e59f11e8 	ldr	r1, [pc, #488]	@ 92c8 <isp_cfg_file_load+0x284>
    90dc:	e59f21dc 	ldr	r2, [pc, #476]	@ 92c0 <isp_cfg_file_load+0x27c>
    90e0:	e59f31e4 	ldr	r3, [pc, #484]	@ 92cc <isp_cfg_file_load+0x288>
    90e4:	e3a00001 	mov	r0, #1
    90e8:	ebffed4b 	bl	461c <ak_print@plt>
    90ec:	e3e04000 	mvn	r4, #0
    90f0:	ebffedbe 	bl	47f0 <isp_cfg_file_get_style_id@plt>
    90f4:	e1a01004 	mov	r1, r4
    90f8:	e28d300c 	add	r3, sp, #12
    90fc:	e1a02000 	mov	r2, r0
    9100:	e1a00007 	mov	r0, r7
    9104:	ebfffe84 	bl	8b1c <isp_get_cur_lum_factor+0x17c>
    9108:	e2504000 	subs	r4, r0, #0
    910c:	0a000006 	beq	912c <isp_cfg_file_load+0xe8>
    9110:	e59f11b8 	ldr	r1, [pc, #440]	@ 92d0 <isp_cfg_file_load+0x28c>
    9114:	e59f21b8 	ldr	r2, [pc, #440]	@ 92d4 <isp_cfg_file_load+0x290>
    9118:	e59f31b8 	ldr	r3, [pc, #440]	@ 92d8 <isp_cfg_file_load+0x294>
    911c:	e3a00004 	mov	r0, #4
    9120:	ebffed3d 	bl	461c <ak_print@plt>
    9124:	ebffeca3 	bl	43b8 <isp_cfg_file_clear_path@plt>
    9128:	ea00005d 	b	92a4 <isp_cfg_file_load+0x260>
    912c:	e59f71a8 	ldr	r7, [pc, #424]	@ 92dc <isp_cfg_file_load+0x298>
    9130:	e3a02c01 	mov	r2, #256	@ 0x100
    9134:	e2875f41 	add	r5, r7, #260	@ 0x104
    9138:	e1a01004 	mov	r1, r4
    913c:	e1a00005 	mov	r0, r5
    9140:	ebffed44 	bl	4658 <memset@plt>
    9144:	e2871004 	add	r1, r7, #4
    9148:	e1a00005 	mov	r0, r5
    914c:	ebffebbe 	bl	404c <strcpy@plt>
    9150:	e58d5000 	str	r5, [sp]
    9154:	e3a00004 	mov	r0, #4
    9158:	e59f1180 	ldr	r1, [pc, #384]	@ 92e0 <isp_cfg_file_load+0x29c>
    915c:	e59f2170 	ldr	r2, [pc, #368]	@ 92d4 <isp_cfg_file_load+0x290>
    9160:	e59f317c 	ldr	r3, [pc, #380]	@ 92e4 <isp_cfg_file_load+0x2a0>
    9164:	ebffed2c 	bl	461c <ak_print@plt>
    9168:	e3560000 	cmp	r6, #0
    916c:	13580000 	cmpne	r8, #0
    9170:	e59d900c 	ldr	r9, [sp, #12]
    9174:	1a000005 	bne	9190 <isp_cfg_file_load+0x14c>
    9178:	e59f1168 	ldr	r1, [pc, #360]	@ 92e8 <isp_cfg_file_load+0x2a4>
    917c:	e59f2168 	ldr	r2, [pc, #360]	@ 92ec <isp_cfg_file_load+0x2a8>
    9180:	e59f3168 	ldr	r3, [pc, #360]	@ 92f0 <isp_cfg_file_load+0x2ac>
    9184:	e3a00001 	mov	r0, #1
    9188:	ebffed23 	bl	461c <ak_print@plt>
    918c:	ea000044 	b	92a4 <isp_cfg_file_load+0x260>
    9190:	e5973000 	ldr	r3, [r7]
    9194:	e3530000 	cmp	r3, #0
    9198:	0a000009 	beq	91c4 <isp_cfg_file_load+0x180>
    919c:	e5975000 	ldr	r5, [r7]
    91a0:	e3550000 	cmp	r5, #0
    91a4:	0a000011 	beq	91f0 <isp_cfg_file_load+0x1ac>
    91a8:	e1a00005 	mov	r0, r5
    91ac:	e3a01000 	mov	r1, #0
    91b0:	e3a02002 	mov	r2, #2
    91b4:	ebffecc4 	bl	44cc <fseek@plt>
    91b8:	e1a00005 	mov	r0, r5
    91bc:	ebffed2b 	bl	4670 <ftell@plt>
    91c0:	ea00000b 	b	91f4 <isp_cfg_file_load+0x1b0>
    91c4:	e1a00005 	mov	r0, r5
    91c8:	e59f1124 	ldr	r1, [pc, #292]	@ 92f4 <isp_cfg_file_load+0x2b0>
    91cc:	ebffed1e 	bl	464c <fopen@plt>
    91d0:	e3500000 	cmp	r0, #0
    91d4:	1a000001 	bne	91e0 <isp_cfg_file_load+0x19c>
    91d8:	e1a00005 	mov	r0, r5
    91dc:	ebfffe3d 	bl	8ad8 <isp_get_cur_lum_factor+0x138>
    91e0:	e3500000 	cmp	r0, #0
    91e4:	e5870000 	str	r0, [r7]
    91e8:	1affffeb 	bne	919c <isp_cfg_file_load+0x158>
    91ec:	ea00002c 	b	92a4 <isp_cfg_file_load+0x260>
    91f0:	e3e00000 	mvn	r0, #0
    91f4:	e5963000 	ldr	r3, [r6]
    91f8:	e0695000 	rsb	r5, r9, r0
    91fc:	e1530005 	cmp	r3, r5
    9200:	2a000009 	bcs	922c <isp_cfg_file_load+0x1e8>
    9204:	e88d0028 	stm	sp, {r3, r5}
    9208:	e59f10e8 	ldr	r1, [pc, #232]	@ 92f8 <isp_cfg_file_load+0x2b4>
    920c:	e59f20d8 	ldr	r2, [pc, #216]	@ 92ec <isp_cfg_file_load+0x2a8>
    9210:	e3a03f5f 	mov	r3, #380	@ 0x17c
    9214:	e3a00001 	mov	r0, #1
    9218:	ebffecff 	bl	461c <ak_print@plt>
    921c:	e3a03000 	mov	r3, #0
    9220:	e5863000 	str	r3, [r6]
    9224:	ebfffe21 	bl	8ab0 <isp_get_cur_lum_factor+0x110>
    9228:	ea00001d 	b	92a4 <isp_cfg_file_load+0x260>
    922c:	e5970000 	ldr	r0, [r7]
    9230:	e5865000 	str	r5, [r6]
    9234:	e3500000 	cmp	r0, #0
    9238:	1a000006 	bne	9258 <isp_cfg_file_load+0x214>
    923c:	e59f20b8 	ldr	r2, [pc, #184]	@ 92fc <isp_cfg_file_load+0x2b8>
    9240:	e59f10b8 	ldr	r1, [pc, #184]	@ 9300 <isp_cfg_file_load+0x2bc>
    9244:	e58d2000 	str	r2, [sp]
    9248:	e3a03068 	mov	r3, #104	@ 0x68
    924c:	e3a00001 	mov	r0, #1
    9250:	ebffecf1 	bl	461c <ak_print@plt>
    9254:	ea00000f 	b	9298 <isp_cfg_file_load+0x254>
    9258:	e1a01009 	mov	r1, r9
    925c:	e3a02000 	mov	r2, #0
    9260:	ebffec99 	bl	44cc <fseek@plt>
    9264:	e59f3070 	ldr	r3, [pc, #112]	@ 92dc <isp_cfg_file_load+0x298>
    9268:	e1a00008 	mov	r0, r8
    926c:	e3a01001 	mov	r1, #1
    9270:	e1a02005 	mov	r2, r5
    9274:	e5933000 	ldr	r3, [r3]
    9278:	ebffece1 	bl	4604 <fread@plt>
    927c:	e1550000 	cmp	r5, r0
    9280:	0a000005 	beq	929c <isp_cfg_file_load+0x258>
    9284:	e3a00001 	mov	r0, #1
    9288:	e59f1074 	ldr	r1, [pc, #116]	@ 9304 <isp_cfg_file_load+0x2c0>
    928c:	e59f2068 	ldr	r2, [pc, #104]	@ 92fc <isp_cfg_file_load+0x2b8>
    9290:	e3a0306e 	mov	r3, #110	@ 0x6e
    9294:	ebffece0 	bl	461c <ak_print@plt>
    9298:	e3e04000 	mvn	r4, #0
    929c:	ebfffe03 	bl	8ab0 <isp_get_cur_lum_factor+0x110>
    92a0:	ea000000 	b	92a8 <isp_cfg_file_load+0x264>
    92a4:	e3e04000 	mvn	r4, #0
    92a8:	e1a00004 	mov	r0, r4
    92ac:	e28dd01c 	add	sp, sp, #28
    92b0:	e8bd83f0 	pop	{r4, r5, r6, r7, r8, r9, pc}
    92b4:	0000d1ae 	andeq	sp, r0, lr, lsr #3
    92b8:	0000d1ca 	andeq	sp, r0, sl, asr #3
    92bc:	0000d1cc 	andeq	sp, r0, ip, asr #3
    92c0:	0000cf40 	andeq	ip, r0, r0, asr #30
    92c4:	0000012b 	andeq	r0, r0, fp, lsr #2
    92c8:	0000d205 	andeq	sp, r0, r5, lsl #4
    92cc:	00000135 	andeq	r0, r0, r5, lsr r1
    92d0:	0000d21f 	andeq	sp, r0, pc, lsl r2
    92d4:	0000cf56 	andeq	ip, r0, r6, asr pc
    92d8:	00000152 	andeq	r0, r0, r2, asr r1
    92dc:	00018b9c 	muleq	r1, ip, fp
    92e0:	0000d239 	andeq	sp, r0, r9, lsr r2
    92e4:	0000015b 	andeq	r0, r0, fp, asr r1
    92e8:	0000d257 	andeq	sp, r0, r7, asr r2
    92ec:	0000cf61 	andeq	ip, r0, r1, ror #30
    92f0:	0000016f 	andeq	r0, r0, pc, ror #2
    92f4:	0000d002 	andeq	sp, r0, r2
    92f8:	0000d26d 	andeq	sp, r0, sp, ror #4
    92fc:	0000cf6e 	andeq	ip, r0, lr, ror #30
    9300:	0000d2a5 	andeq	sp, r0, r5, lsr #5
    9304:	0000d2c6 	andeq	sp, r0, r6, asr #5

00009308 <isp_cfg_file_store>:
    9308:	e3510000 	cmp	r1, #0
    930c:	13500000 	cmpne	r0, #0
    9310:	e92d41f3 	push	{r0, r1, r4, r5, r6, r7, r8, lr}
    9314:	e1a06000 	mov	r6, r0
    9318:	e1a04001 	mov	r4, r1
    931c:	1a000006 	bne	933c <isp_cfg_file_store+0x34>
    9320:	e3a00001 	mov	r0, #1
    9324:	e59f10d0 	ldr	r1, [pc, #208]	@ 93fc <isp_cfg_file_store+0xf4>
    9328:	e59f20d0 	ldr	r2, [pc, #208]	@ 9400 <isp_cfg_file_store+0xf8>
    932c:	e59f30d0 	ldr	r3, [pc, #208]	@ 9404 <isp_cfg_file_store+0xfc>
    9330:	ebffecb9 	bl	461c <ak_print@plt>
    9334:	e3e04000 	mvn	r4, #0
    9338:	ea00002c 	b	93f0 <isp_cfg_file_store+0xe8>
    933c:	e59f30c4 	ldr	r3, [pc, #196]	@ 9408 <isp_cfg_file_store+0x100>
    9340:	e5930000 	ldr	r0, [r3]
    9344:	e1a08003 	mov	r8, r3
    9348:	e3500000 	cmp	r0, #0
    934c:	0a000000 	beq	9354 <isp_cfg_file_store+0x4c>
    9350:	ebffeccf 	bl	4694 <fclose@plt>
    9354:	e59f50ac 	ldr	r5, [pc, #172]	@ 9408 <isp_cfg_file_store+0x100>
    9358:	e59f10ac 	ldr	r1, [pc, #172]	@ 940c <isp_cfg_file_store+0x104>
    935c:	e2857f41 	add	r7, r5, #260	@ 0x104
    9360:	e1a00007 	mov	r0, r7
    9364:	ebffecb8 	bl	464c <fopen@plt>
    9368:	e3500000 	cmp	r0, #0
    936c:	e5880000 	str	r0, [r8]
    9370:	1a00000d 	bne	93ac <isp_cfg_file_store+0xa4>
    9374:	ebffed1a 	bl	47e4 <__errno_location@plt>
    9378:	e5900000 	ldr	r0, [r0]
    937c:	ebffeb5c 	bl	40f4 <strerror@plt>
    9380:	e59f1088 	ldr	r1, [pc, #136]	@ 9410 <isp_cfg_file_store+0x108>
    9384:	e59f2088 	ldr	r2, [pc, #136]	@ 9414 <isp_cfg_file_store+0x10c>
    9388:	e58d7000 	str	r7, [sp]
    938c:	e3a03044 	mov	r3, #68	@ 0x44
    9390:	e58d0004 	str	r0, [sp, #4]
    9394:	e3a00001 	mov	r0, #1
    9398:	ebffec9f 	bl	461c <ak_print@plt>
    939c:	e3a00001 	mov	r0, #1
    93a0:	e59f1070 	ldr	r1, [pc, #112]	@ 9418 <isp_cfg_file_store+0x110>
    93a4:	e59f2054 	ldr	r2, [pc, #84]	@ 9400 <isp_cfg_file_store+0xf8>
    93a8:	ea00000d 	b	93e4 <isp_cfg_file_store+0xdc>
    93ac:	e3a01000 	mov	r1, #0
    93b0:	e1a02001 	mov	r2, r1
    93b4:	ebffec44 	bl	44cc <fseek@plt>
    93b8:	e1a02004 	mov	r2, r4
    93bc:	e1a00006 	mov	r0, r6
    93c0:	e3a01001 	mov	r1, #1
    93c4:	e5953000 	ldr	r3, [r5]
    93c8:	ebffecf6 	bl	47a8 <fwrite@plt>
    93cc:	e1540000 	cmp	r4, r0
    93d0:	03a04000 	moveq	r4, #0
    93d4:	0a000004 	beq	93ec <isp_cfg_file_store+0xe4>
    93d8:	e59f103c 	ldr	r1, [pc, #60]	@ 941c <isp_cfg_file_store+0x114>
    93dc:	e59f203c 	ldr	r2, [pc, #60]	@ 9420 <isp_cfg_file_store+0x118>
    93e0:	e3a00001 	mov	r0, #1
    93e4:	ebffec8c 	bl	461c <ak_print@plt>
    93e8:	e3e04000 	mvn	r4, #0
    93ec:	ebfffdaf 	bl	8ab0 <isp_get_cur_lum_factor+0x110>
    93f0:	e1a00004 	mov	r0, r4
    93f4:	e28dd008 	add	sp, sp, #8
    93f8:	e8bd81f0 	pop	{r4, r5, r6, r7, r8, pc}
    93fc:	0000d257 	andeq	sp, r0, r7, asr r2
    9400:	0000cf78 	andeq	ip, r0, r8, ror pc
    9404:	000001fd 	strdeq	r0, [r0], -sp
    9408:	00018b9c 	muleq	r1, ip, fp
    940c:	0000d2dd 	ldrdeq	sp, [r0], -sp	@ <UNPREDICTABLE>
    9410:	0000cfaa 	andeq	ip, r0, sl, lsr #31
    9414:	0000cf8b 	andeq	ip, r0, fp, lsl #31
    9418:	0000d2e1 	andeq	sp, r0, r1, ror #5
    941c:	0000d2fe 	strdeq	sp, [r0], -lr
    9420:	0000cf9f 	muleq	r0, pc, pc	@ <UNPREDICTABLE>

00009424 <isp_device_open>:
    9424:	e92d4038 	push	{r3, r4, r5, lr}
    9428:	ebffeba6 	bl	42c8 <isp_dev_open@plt>
    942c:	e2504000 	subs	r4, r0, #0
    9430:	0a000006 	beq	9450 <isp_device_open+0x2c>
    9434:	e3a00001 	mov	r0, #1
    9438:	e59f1044 	ldr	r1, [pc, #68]	@ 9484 <isp_device_open+0x60>
    943c:	e59f2044 	ldr	r2, [pc, #68]	@ 9488 <isp_device_open+0x64>
    9440:	e3a03020 	mov	r3, #32
    9444:	ebffec74 	bl	461c <ak_print@plt>
    9448:	e3e04000 	mvn	r4, #0
    944c:	ea00000a 	b	947c <isp_device_open+0x58>
    9450:	ebffebf0 	bl	4418 <isp_vi_open@plt>
    9454:	e3700001 	cmn	r0, #1
    9458:	e1a05000 	mov	r5, r0
    945c:	1a000006 	bne	947c <isp_device_open+0x58>
    9460:	ebffec04 	bl	4478 <isp_dev_close@plt>
    9464:	e3a00001 	mov	r0, #1
    9468:	e59f101c 	ldr	r1, [pc, #28]	@ 948c <isp_device_open+0x68>
    946c:	e59f2014 	ldr	r2, [pc, #20]	@ 9488 <isp_device_open+0x64>
    9470:	e3a03027 	mov	r3, #39	@ 0x27
    9474:	ebffec68 	bl	461c <ak_print@plt>
    9478:	e1a04005 	mov	r4, r5
    947c:	e1a00004 	mov	r0, r4
    9480:	e8bd8038 	pop	{r3, r4, r5, pc}
    9484:	0000d35e 	andeq	sp, r0, lr, asr r3
    9488:	0000d31c 	andeq	sp, r0, ip, lsl r3
    948c:	0000d37d 	andeq	sp, r0, sp, ror r3

00009490 <isp_device_close>:
    9490:	e92d4010 	push	{r4, lr}
    9494:	ebffeb67 	bl	4238 <isp_vi_close@plt>
    9498:	ebffebf6 	bl	4478 <isp_dev_close@plt>
    949c:	e59f401c 	ldr	r4, [pc, #28]	@ 94c0 <isp_device_close+0x30>
    94a0:	e5940000 	ldr	r0, [r4]
    94a4:	e3500000 	cmp	r0, #0
    94a8:	0a000002 	beq	94b8 <isp_device_close+0x28>
    94ac:	ebffed2f 	bl	4970 <free@plt>
    94b0:	e3a03000 	mov	r3, #0
    94b4:	e5843000 	str	r3, [r4]
    94b8:	e3a00000 	mov	r0, #0
    94bc:	e8bd8010 	pop	{r4, pc}
    94c0:	00018da0 	andeq	r8, r1, r0, lsr #27

000094c4 <isp_init>:
    94c4:	e92d4038 	push	{r3, r4, r5, lr}
    94c8:	e59f4050 	ldr	r4, [pc, #80]	@ 9520 <isp_init+0x5c>
    94cc:	e5940000 	ldr	r0, [r4]
    94d0:	e3500000 	cmp	r0, #0
    94d4:	1a000005 	bne	94f0 <isp_init+0x2c>
    94d8:	e59f1044 	ldr	r1, [pc, #68]	@ 9524 <isp_init+0x60>
    94dc:	e59f2044 	ldr	r2, [pc, #68]	@ 9528 <isp_init+0x64>
    94e0:	e3a03047 	mov	r3, #71	@ 0x47
    94e4:	e3a00001 	mov	r0, #1
    94e8:	ebffec4b 	bl	461c <ak_print@plt>
    94ec:	ea000009 	b	9518 <isp_init+0x54>
    94f0:	e59f5034 	ldr	r5, [pc, #52]	@ 952c <isp_init+0x68>
    94f4:	e5951000 	ldr	r1, [r5]
    94f8:	ebffec8f 	bl	473c <isp_module_init@plt>
    94fc:	e3500000 	cmp	r0, #0
    9500:	08bd8038 	popeq	{r3, r4, r5, pc}
    9504:	e5940000 	ldr	r0, [r4]
    9508:	ebffed18 	bl	4970 <free@plt>
    950c:	e3a03000 	mov	r3, #0
    9510:	e5843000 	str	r3, [r4]
    9514:	e5853000 	str	r3, [r5]
    9518:	e3e00000 	mvn	r0, #0
    951c:	e8bd8038 	pop	{r3, r4, r5, pc}
    9520:	00018da0 	andeq	r8, r1, r0, lsr #27
    9524:	0000d39c 	muleq	r0, ip, r3
    9528:	0000d32c 	andeq	sp, r0, ip, lsr #6
    952c:	00015f80 	andeq	r5, r1, r0, lsl #31

00009530 <isp_main_match_sensor_cfgfile>:
    9530:	e92d4073 	push	{r0, r1, r4, r5, r6, lr}
    9534:	e2506000 	subs	r6, r0, #0
    9538:	1a000005 	bne	9554 <isp_main_match_sensor_cfgfile+0x24>
    953c:	e59f10b8 	ldr	r1, [pc, #184]	@ 95fc <isp_main_match_sensor_cfgfile+0xcc>
    9540:	e59f20b8 	ldr	r2, [pc, #184]	@ 9600 <isp_main_match_sensor_cfgfile+0xd0>
    9544:	e3a0305e 	mov	r3, #94	@ 0x5e
    9548:	e3a00001 	mov	r0, #1
    954c:	ebffec32 	bl	461c <ak_print@plt>
    9550:	ea000018 	b	95b8 <isp_main_match_sensor_cfgfile+0x88>
    9554:	e59f50a8 	ldr	r5, [pc, #168]	@ 9604 <isp_main_match_sensor_cfgfile+0xd4>
    9558:	e5953000 	ldr	r3, [r5]
    955c:	e3530000 	cmp	r3, #0
    9560:	0a000006 	beq	9580 <isp_main_match_sensor_cfgfile+0x50>
    9564:	e3a00004 	mov	r0, #4
    9568:	e59f1098 	ldr	r1, [pc, #152]	@ 9608 <isp_main_match_sensor_cfgfile+0xd8>
    956c:	e59f208c 	ldr	r2, [pc, #140]	@ 9600 <isp_main_match_sensor_cfgfile+0xd0>
    9570:	e3a03064 	mov	r3, #100	@ 0x64
    9574:	ebffec28 	bl	461c <ak_print@plt>
    9578:	e5950000 	ldr	r0, [r5]
    957c:	ebffecfb 	bl	4970 <free@plt>
    9580:	e3a00001 	mov	r0, #1
    9584:	e3a01a32 	mov	r1, #204800	@ 0x32000
    9588:	ebffebb1 	bl	4454 <calloc@plt>
    958c:	e59f4070 	ldr	r4, [pc, #112]	@ 9604 <isp_main_match_sensor_cfgfile+0xd4>
    9590:	e3500000 	cmp	r0, #0
    9594:	e5850000 	str	r0, [r5]
    9598:	1a000008 	bne	95c0 <isp_main_match_sensor_cfgfile+0x90>
    959c:	e3a03a32 	mov	r3, #204800	@ 0x32000
    95a0:	e58d3000 	str	r3, [sp]
    95a4:	e3a00001 	mov	r0, #1
    95a8:	e59f105c 	ldr	r1, [pc, #92]	@ 960c <isp_main_match_sensor_cfgfile+0xdc>
    95ac:	e59f204c 	ldr	r2, [pc, #76]	@ 9600 <isp_main_match_sensor_cfgfile+0xd0>
    95b0:	e3a0306b 	mov	r3, #107	@ 0x6b
    95b4:	ebffec18 	bl	461c <ak_print@plt>
    95b8:	e3e00000 	mvn	r0, #0
    95bc:	ea00000c 	b	95f4 <isp_main_match_sensor_cfgfile+0xc4>
    95c0:	e1a00006 	mov	r0, r6
    95c4:	ebffec53 	bl	4718 <isp_cfg_file_set_path@plt>
    95c8:	e3a00000 	mov	r0, #0
    95cc:	e5941000 	ldr	r1, [r4]
    95d0:	e59f2038 	ldr	r2, [pc, #56]	@ 9610 <isp_main_match_sensor_cfgfile+0xe0>
    95d4:	ebffec9a 	bl	4844 <isp_cfg_file_load@plt>
    95d8:	e2505000 	subs	r5, r0, #0
    95dc:	0a000003 	beq	95f0 <isp_main_match_sensor_cfgfile+0xc0>
    95e0:	e5940000 	ldr	r0, [r4]
    95e4:	ebffece1 	bl	4970 <free@plt>
    95e8:	e3a03000 	mov	r3, #0
    95ec:	e5843000 	str	r3, [r4]
    95f0:	e1a00005 	mov	r0, r5
    95f4:	e28dd008 	add	sp, sp, #8
    95f8:	e8bd8070 	pop	{r4, r5, r6, pc}
    95fc:	0000c020 	andeq	ip, r0, r0, lsr #32
    9600:	0000d335 	andeq	sp, r0, r5, lsr r3
    9604:	00018da0 	andeq	r8, r1, r0, lsr #27
    9608:	0000d3c4 	andeq	sp, r0, r4, asr #7
    960c:	0000d005 	andeq	sp, r0, r5
    9610:	00015f80 	andeq	r5, r1, r0, lsl #31

00009614 <isp_switch>:
    9614:	e92d4030 	push	{r4, r5, lr}
    9618:	e3a01a32 	mov	r1, #204800	@ 0x32000
    961c:	e24dd014 	sub	sp, sp, #20
    9620:	e3500002 	cmp	r0, #2
    9624:	e1a04000 	mov	r4, r0
    9628:	e58d100c 	str	r1, [sp, #12]
    962c:	9a000006 	bls	964c <isp_switch+0x38>
    9630:	e58d0000 	str	r0, [sp]
    9634:	e59f10f0 	ldr	r1, [pc, #240]	@ 972c <isp_switch+0x118>
    9638:	e59f20f0 	ldr	r2, [pc, #240]	@ 9730 <isp_switch+0x11c>
    963c:	e3a0308c 	mov	r3, #140	@ 0x8c
    9640:	e3a00001 	mov	r0, #1
    9644:	ebffebf4 	bl	461c <ak_print@plt>
    9648:	ea000008 	b	9670 <isp_switch+0x5c>
    964c:	e3a00001 	mov	r0, #1
    9650:	ebffeb7f 	bl	4454 <calloc@plt>
    9654:	e2505000 	subs	r5, r0, #0
    9658:	1a000006 	bne	9678 <isp_switch+0x64>
    965c:	e3a00001 	mov	r0, #1
    9660:	e59f10cc 	ldr	r1, [pc, #204]	@ 9734 <isp_switch+0x120>
    9664:	e59f20c4 	ldr	r2, [pc, #196]	@ 9730 <isp_switch+0x11c>
    9668:	e3a03093 	mov	r3, #147	@ 0x93
    966c:	ebffebea 	bl	461c <ak_print@plt>
    9670:	e3e00000 	mvn	r0, #0
    9674:	ea00002a 	b	9724 <isp_switch+0x110>
    9678:	e59f20b8 	ldr	r2, [pc, #184]	@ 9738 <isp_switch+0x124>
    967c:	e59f30b8 	ldr	r3, [pc, #184]	@ 973c <isp_switch+0x128>
    9680:	e3540001 	cmp	r4, #1
    9684:	11a03002 	movne	r3, r2
    9688:	e59f10b0 	ldr	r1, [pc, #176]	@ 9740 <isp_switch+0x12c>
    968c:	e59f209c 	ldr	r2, [pc, #156]	@ 9730 <isp_switch+0x11c>
    9690:	e58d3000 	str	r3, [sp]
    9694:	e3a00004 	mov	r0, #4
    9698:	e3a03098 	mov	r3, #152	@ 0x98
    969c:	ebffebde 	bl	461c <ak_print@plt>
    96a0:	e59f009c 	ldr	r0, [pc, #156]	@ 9744 <isp_switch+0x130>
    96a4:	ebffeb91 	bl	44f0 <ak_thread_mutex_lock@plt>
    96a8:	e1a00004 	mov	r0, r4
    96ac:	e1a01005 	mov	r1, r5
    96b0:	e28d200c 	add	r2, sp, #12
    96b4:	ebffec62 	bl	4844 <isp_cfg_file_load@plt>
    96b8:	e3500000 	cmp	r0, #0
    96bc:	aa000006 	bge	96dc <isp_switch+0xc8>
    96c0:	e3a00001 	mov	r0, #1
    96c4:	e59f107c 	ldr	r1, [pc, #124]	@ 9748 <isp_switch+0x134>
    96c8:	e59f2060 	ldr	r2, [pc, #96]	@ 9730 <isp_switch+0x11c>
    96cc:	e3a0309d 	mov	r3, #157	@ 0x9d
    96d0:	ebffebd1 	bl	461c <ak_print@plt>
    96d4:	e3e04000 	mvn	r4, #0
    96d8:	ea00000c 	b	9710 <isp_switch+0xfc>
    96dc:	e1a00005 	mov	r0, r5
    96e0:	e59d100c 	ldr	r1, [sp, #12]
    96e4:	ebffeb69 	bl	4490 <isp_switch_mode@plt>
    96e8:	e3500000 	cmp	r0, #0
    96ec:	01a04000 	moveq	r4, r0
    96f0:	0a000006 	beq	9710 <isp_switch+0xfc>
    96f4:	e3e04000 	mvn	r4, #0
    96f8:	e58d4000 	str	r4, [sp]
    96fc:	e3a00001 	mov	r0, #1
    9700:	e59f1044 	ldr	r1, [pc, #68]	@ 974c <isp_switch+0x138>
    9704:	e59f2024 	ldr	r2, [pc, #36]	@ 9730 <isp_switch+0x11c>
    9708:	e3a030a3 	mov	r3, #163	@ 0xa3
    970c:	ebffebc2 	bl	461c <ak_print@plt>
    9710:	e59f002c 	ldr	r0, [pc, #44]	@ 9744 <isp_switch+0x130>
    9714:	ebffea91 	bl	4160 <ak_thread_mutex_unlock@plt>
    9718:	e1a00005 	mov	r0, r5
    971c:	ebffec93 	bl	4970 <free@plt>
    9720:	e1a00004 	mov	r0, r4
    9724:	e28dd014 	add	sp, sp, #20
    9728:	e8bd8030 	pop	{r4, r5, pc}
    972c:	0000d3fd 	strdeq	sp, [r0], -sp	@ <UNPREDICTABLE>
    9730:	0000d353 	andeq	sp, r0, r3, asr r3
    9734:	0000d413 	andeq	sp, r0, r3, lsl r4
    9738:	0000d3f9 	strdeq	sp, [r0], -r9
    973c:	0000d3f3 	strdeq	sp, [r0], -r3
    9740:	0000d437 	andeq	sp, r0, r7, lsr r4
    9744:	00018da4 	andeq	r8, r1, r4, lsr #27
    9748:	0000d459 	andeq	sp, r0, r9, asr r4
    974c:	0000d474 	andeq	sp, r0, r4, ror r4
    9750:	e92d40f8 	push	{r3, r4, r5, r6, r7, lr}
    9754:	e1a05000 	mov	r5, r0
    9758:	e1a06001 	mov	r6, r1
    975c:	e1a07002 	mov	r7, r2
    9760:	e1a00005 	mov	r0, r5
    9764:	e1a01006 	mov	r1, r6
    9768:	e1a02007 	mov	r2, r7
    976c:	ebffea42 	bl	407c <ioctl@plt>
    9770:	e3700001 	cmn	r0, #1
    9774:	e1a04000 	mov	r4, r0
    9778:	1a000003 	bne	978c <isp_switch+0x178>
    977c:	ebffec18 	bl	47e4 <__errno_location@plt>
    9780:	e5903000 	ldr	r3, [r0]
    9784:	e3530004 	cmp	r3, #4
    9788:	0afffff4 	beq	9760 <isp_switch+0x14c>
    978c:	e1a00004 	mov	r0, r4
    9790:	e8bd80f8 	pop	{r3, r4, r5, r6, r7, pc}
    9794:	e92d41f0 	push	{r4, r5, r6, r7, r8, lr}
    9798:	e59f80a4 	ldr	r8, [pc, #164]	@ 9844 <isp_switch+0x230>
    979c:	e24dd050 	sub	sp, sp, #80	@ 0x50
    97a0:	e1a06000 	mov	r6, r0
    97a4:	e3a04000 	mov	r4, #0
    97a8:	e3a07001 	mov	r7, #1
    97ac:	e3a01000 	mov	r1, #0
    97b0:	e3a02044 	mov	r2, #68	@ 0x44
    97b4:	e28d000c 	add	r0, sp, #12
    97b8:	ebffeba6 	bl	4658 <memset@plt>
    97bc:	e3a03002 	mov	r3, #2
    97c0:	e58d303c 	str	r3, [sp, #60]	@ 0x3c
    97c4:	e5983000 	ldr	r3, [r8]
    97c8:	e58d7010 	str	r7, [sp, #16]
    97cc:	e0832184 	add	r2, r3, r4, lsl #3
    97d0:	e58d400c 	str	r4, [sp, #12]
    97d4:	e7933184 	ldr	r3, [r3, r4, lsl #3]
    97d8:	e1a00006 	mov	r0, r6
    97dc:	e58d3040 	str	r3, [sp, #64]	@ 0x40
    97e0:	e5923004 	ldr	r3, [r2, #4]
    97e4:	e59f105c 	ldr	r1, [pc, #92]	@ 9848 <isp_switch+0x234>
    97e8:	e28d200c 	add	r2, sp, #12
    97ec:	e58d3044 	str	r3, [sp, #68]	@ 0x44
    97f0:	ebffffd6 	bl	9750 <isp_switch+0x13c>
    97f4:	e3700001 	cmn	r0, #1
    97f8:	e1a05000 	mov	r5, r0
    97fc:	1a00000a 	bne	982c <isp_switch+0x218>
    9800:	ebffebf7 	bl	47e4 <__errno_location@plt>
    9804:	e5900000 	ldr	r0, [r0]
    9808:	ebffea39 	bl	40f4 <strerror@plt>
    980c:	e59f1038 	ldr	r1, [pc, #56]	@ 984c <isp_switch+0x238>
    9810:	e59f2038 	ldr	r2, [pc, #56]	@ 9850 <isp_switch+0x23c>
    9814:	e59f3038 	ldr	r3, [pc, #56]	@ 9854 <isp_switch+0x240>
    9818:	e88d0011 	stm	sp, {r0, r4}
    981c:	e3a00001 	mov	r0, #1
    9820:	ebffeb7d 	bl	461c <ak_print@plt>
    9824:	e1a00005 	mov	r0, r5
    9828:	ea000003 	b	983c <isp_switch+0x228>
    982c:	e2844001 	add	r4, r4, #1
    9830:	e3540004 	cmp	r4, #4
    9834:	1affffdc 	bne	97ac <isp_switch+0x198>
    9838:	e3a00000 	mov	r0, #0
    983c:	e28dd050 	add	sp, sp, #80	@ 0x50
    9840:	e8bd81f0 	pop	{r4, r5, r6, r7, r8, pc}
    9844:	00018dbc 			@ <UNDEFINED> instruction: 0x00018dbc
    9848:	c044560f 	subgt	r5, r4, pc, lsl #12
    984c:	0000d5a9 	andeq	sp, r0, r9, lsr #11
    9850:	0000d495 	muleq	r0, r5, r4
    9854:	00000165 	andeq	r0, r0, r5, ror #2
    9858:	e92d43f7 	push	{r0, r1, r2, r4, r5, r6, r7, r8, r9, lr}
    985c:	e59f6138 	ldr	r6, [pc, #312]	@ 999c <isp_switch+0x388>
    9860:	e1a07000 	mov	r7, r0
    9864:	e1a04001 	mov	r4, r1
    9868:	e5910034 	ldr	r0, [r1, #52]	@ 0x34
    986c:	e3a02b1f 	mov	r2, #31744	@ 0x7c00
    9870:	e3a01001 	mov	r1, #1
    9874:	ebffeb77 	bl	4658 <memset@plt>
    9878:	e5963000 	ldr	r3, [r6]
    987c:	e3a01002 	mov	r1, #2
    9880:	e2433004 	sub	r3, r3, #4
    9884:	e2832004 	add	r2, r3, #4
    9888:	e1560002 	cmp	r6, r2
    988c:	0a000007 	beq	98b0 <isp_switch+0x29c>
    9890:	e3530000 	cmp	r3, #0
    9894:	0a000002 	beq	98a4 <isp_switch+0x290>
    9898:	e5932000 	ldr	r2, [r3]
    989c:	e1520004 	cmp	r2, r4
    98a0:	0583100c 	streq	r1, [r3, #12]
    98a4:	e5933004 	ldr	r3, [r3, #4]
    98a8:	e2433004 	sub	r3, r3, #4
    98ac:	eafffff4 	b	9884 <isp_switch+0x270>
    98b0:	e59f00e8 	ldr	r0, [pc, #232]	@ 99a0 <isp_switch+0x38c>
    98b4:	ebffeb0d 	bl	44f0 <ak_thread_mutex_lock@plt>
    98b8:	e59f30dc 	ldr	r3, [pc, #220]	@ 999c <isp_switch+0x388>
    98bc:	e59f80e0 	ldr	r8, [pc, #224]	@ 99a4 <isp_switch+0x390>
    98c0:	e5933000 	ldr	r3, [r3]
    98c4:	e59f90dc 	ldr	r9, [pc, #220]	@ 99a8 <isp_switch+0x394>
    98c8:	e5935000 	ldr	r5, [r3]
    98cc:	e2434004 	sub	r4, r3, #4
    98d0:	e2455004 	sub	r5, r5, #4
    98d4:	e2843004 	add	r3, r4, #4
    98d8:	e1560003 	cmp	r6, r3
    98dc:	0a000029 	beq	9988 <isp_switch+0x374>
    98e0:	e594300c 	ldr	r3, [r4, #12]
    98e4:	e3530002 	cmp	r3, #2
    98e8:	1a000026 	bne	9988 <isp_switch+0x374>
    98ec:	e5943000 	ldr	r3, [r4]
    98f0:	e59f10b4 	ldr	r1, [pc, #180]	@ 99ac <isp_switch+0x398>
    98f4:	e5933000 	ldr	r3, [r3]
    98f8:	e59f20b0 	ldr	r2, [pc, #176]	@ 99b0 <isp_switch+0x39c>
    98fc:	e58d3000 	str	r3, [sp]
    9900:	e3a00006 	mov	r0, #6
    9904:	e59f30a8 	ldr	r3, [pc, #168]	@ 99b4 <isp_switch+0x3a0>
    9908:	ebffeb43 	bl	461c <ak_print@plt>
    990c:	e1a00007 	mov	r0, r7
    9910:	e59f10a0 	ldr	r1, [pc, #160]	@ 99b8 <isp_switch+0x3a4>
    9914:	e5942000 	ldr	r2, [r4]
    9918:	ebffff8c 	bl	9750 <isp_switch+0x13c>
    991c:	e3700001 	cmn	r0, #1
    9920:	1a000008 	bne	9948 <isp_switch+0x334>
    9924:	ebffebae 	bl	47e4 <__errno_location@plt>
    9928:	e5900000 	ldr	r0, [r0]
    992c:	ebffe9f0 	bl	40f4 <strerror@plt>
    9930:	e59f1084 	ldr	r1, [pc, #132]	@ 99bc <isp_switch+0x3a8>
    9934:	e59f2074 	ldr	r2, [pc, #116]	@ 99b0 <isp_switch+0x39c>
    9938:	e59f3080 	ldr	r3, [pc, #128]	@ 99c0 <isp_switch+0x3ac>
    993c:	e58d0000 	str	r0, [sp]
    9940:	e3a00001 	mov	r0, #1
    9944:	ebffeb34 	bl	461c <ak_print@plt>
    9948:	e994000c 	ldmib	r4, {r2, r3}
    994c:	e5823004 	str	r3, [r2, #4]
    9950:	e5832000 	str	r2, [r3]
    9954:	e5940000 	ldr	r0, [r4]
    9958:	e9840300 	stmib	r4, {r8, r9}
    995c:	e3500000 	cmp	r0, #0
    9960:	0a000002 	beq	9970 <isp_switch+0x35c>
    9964:	ebffec01 	bl	4970 <free@plt>
    9968:	e3a03000 	mov	r3, #0
    996c:	e5843000 	str	r3, [r4]
    9970:	e1a00004 	mov	r0, r4
    9974:	ebffebfd 	bl	4970 <free@plt>
    9978:	e5953004 	ldr	r3, [r5, #4]
    997c:	e1a04005 	mov	r4, r5
    9980:	e2435004 	sub	r5, r3, #4
    9984:	eaffffd2 	b	98d4 <isp_switch+0x2c0>
    9988:	e59f0010 	ldr	r0, [pc, #16]	@ 99a0 <isp_switch+0x38c>
    998c:	ebffe9f3 	bl	4160 <ak_thread_mutex_unlock@plt>
    9990:	e3a00000 	mov	r0, #0
    9994:	e28dd00c 	add	sp, sp, #12
    9998:	e8bd83f0 	pop	{r4, r5, r6, r7, r8, r9, pc}
    999c:	00015f84 	andeq	r5, r1, r4, lsl #31
    99a0:	00018dc0 	andeq	r8, r1, r0, asr #27
    99a4:	00100100 	andseq	r0, r0, r0, lsl #2
    99a8:	00200200 	eoreq	r0, r0, r0, lsl #4
    99ac:	0000d5ca 	andeq	sp, r0, sl, asr #11
    99b0:	0000d4a3 	andeq	sp, r0, r3, lsr #9
    99b4:	0000013d 	andeq	r0, r0, sp, lsr r1
    99b8:	c044560f 	subgt	r5, r4, pc, lsl #12
    99bc:	0000d5f0 	strdeq	sp, [r0], -r0
    99c0:	0000013f 	andeq	r0, r0, pc, lsr r1
    99c4:	e92d40f0 	push	{r4, r5, r6, r7, lr}
    99c8:	e3a03002 	mov	r3, #2
    99cc:	e24dd094 	sub	sp, sp, #148	@ 0x94
    99d0:	e58d3008 	str	r3, [sp, #8]
    99d4:	e3a03000 	mov	r3, #0
    99d8:	e1a02003 	mov	r2, r3
    99dc:	e58d300c 	str	r3, [sp, #12]
    99e0:	e28d1010 	add	r1, sp, #16
    99e4:	e7832001 	str	r2, [r3, r1]
    99e8:	e2833004 	add	r3, r3, #4
    99ec:	e3530080 	cmp	r3, #128	@ 0x80
    99f0:	1afffffa 	bne	99e0 <isp_switch+0x3cc>
    99f4:	e59f41cc 	ldr	r4, [pc, #460]	@ 9bc8 <isp_switch+0x5b4>
    99f8:	e28d2090 	add	r2, sp, #144	@ 0x90
    99fc:	e5940008 	ldr	r0, [r4, #8]
    9a00:	e3a05001 	mov	r5, #1
    9a04:	e1a032a0 	lsr	r3, r0, #5
    9a08:	e0823103 	add	r3, r2, r3, lsl #2
    9a0c:	e5332080 	ldr	r2, [r3, #-128]!	@ 0xffffff80
    9a10:	e200c01f 	and	ip, r0, #31
    9a14:	e1822c15 	orr	r2, r2, r5, lsl ip
    9a18:	e5832000 	str	r2, [r3]
    9a1c:	e28d3008 	add	r3, sp, #8
    9a20:	e3a02000 	mov	r2, #0
    9a24:	e58d3000 	str	r3, [sp]
    9a28:	e0800005 	add	r0, r0, r5
    9a2c:	e1a03002 	mov	r3, r2
    9a30:	ebffea27 	bl	42d4 <select@plt>
    9a34:	e1a06004 	mov	r6, r4
    9a38:	e3700001 	cmn	r0, #1
    9a3c:	0a000006 	beq	9a5c <isp_switch+0x448>
    9a40:	e3500000 	cmp	r0, #0
    9a44:	1a000009 	bne	9a70 <isp_switch+0x45c>
    9a48:	e1a00005 	mov	r0, r5
    9a4c:	e59f1178 	ldr	r1, [pc, #376]	@ 9bcc <isp_switch+0x5b8>
    9a50:	e59f2178 	ldr	r2, [pc, #376]	@ 9bd0 <isp_switch+0x5bc>
    9a54:	e59f3178 	ldr	r3, [pc, #376]	@ 9bd4 <isp_switch+0x5c0>
    9a58:	ea000045 	b	9b74 <isp_switch+0x560>
    9a5c:	e1a00005 	mov	r0, r5
    9a60:	e59f1170 	ldr	r1, [pc, #368]	@ 9bd8 <isp_switch+0x5c4>
    9a64:	e59f2164 	ldr	r2, [pc, #356]	@ 9bd0 <isp_switch+0x5bc>
    9a68:	e59f316c 	ldr	r3, [pc, #364]	@ 9bdc <isp_switch+0x5c8>
    9a6c:	ea000040 	b	9b74 <isp_switch+0x560>
    9a70:	e5947008 	ldr	r7, [r4, #8]
    9a74:	e59f4164 	ldr	r4, [pc, #356]	@ 9be0 <isp_switch+0x5cc>
    9a78:	e3a01000 	mov	r1, #0
    9a7c:	e3a02044 	mov	r2, #68	@ 0x44
    9a80:	e284001c 	add	r0, r4, #28
    9a84:	ebffeaf3 	bl	4658 <memset@plt>
    9a88:	e3a03002 	mov	r3, #2
    9a8c:	e59f1150 	ldr	r1, [pc, #336]	@ 9be4 <isp_switch+0x5d0>
    9a90:	e284201c 	add	r2, r4, #28
    9a94:	e1a00007 	mov	r0, r7
    9a98:	e584304c 	str	r3, [r4, #76]	@ 0x4c
    9a9c:	e5845020 	str	r5, [r4, #32]
    9aa0:	ebffff2a 	bl	9750 <isp_switch+0x13c>
    9aa4:	e3700001 	cmn	r0, #1
    9aa8:	15942050 	ldrne	r2, [r4, #80]	@ 0x50
    9aac:	15941000 	ldrne	r1, [r4]
    9ab0:	13a03000 	movne	r3, #0
    9ab4:	1a000014 	bne	9b0c <isp_switch+0x4f8>
    9ab8:	ebffeb49 	bl	47e4 <__errno_location@plt>
    9abc:	e5900000 	ldr	r0, [r0]
    9ac0:	e350000b 	cmp	r0, #11
    9ac4:	1a000005 	bne	9ae0 <isp_switch+0x4cc>
    9ac8:	e59f1118 	ldr	r1, [pc, #280]	@ 9be8 <isp_switch+0x5d4>
    9acc:	e59f2118 	ldr	r2, [pc, #280]	@ 9bec <isp_switch+0x5d8>
    9ad0:	e3a030bd 	mov	r3, #189	@ 0xbd
    9ad4:	e3a00004 	mov	r0, #4
    9ad8:	ebffeacf 	bl	461c <ak_print@plt>
    9adc:	ea00000e 	b	9b1c <isp_switch+0x508>
    9ae0:	ebffe983 	bl	40f4 <strerror@plt>
    9ae4:	e59f1104 	ldr	r1, [pc, #260]	@ 9bf0 <isp_switch+0x5dc>
    9ae8:	e59f20fc 	ldr	r2, [pc, #252]	@ 9bec <isp_switch+0x5d8>
    9aec:	e3a030c5 	mov	r3, #197	@ 0xc5
    9af0:	e58d0000 	str	r0, [sp]
    9af4:	e1a00005 	mov	r0, r5
    9af8:	ebffeac7 	bl	461c <ak_print@plt>
    9afc:	ea000006 	b	9b1c <isp_switch+0x508>
    9b00:	e2833008 	add	r3, r3, #8
    9b04:	e3530020 	cmp	r3, #32
    9b08:	0a000003 	beq	9b1c <isp_switch+0x508>
    9b0c:	e7910003 	ldr	r0, [r1, r3]
    9b10:	e1500002 	cmp	r0, r2
    9b14:	1afffff9 	bne	9b00 <isp_switch+0x4ec>
    9b18:	ea000004 	b	9b30 <isp_switch+0x51c>
    9b1c:	e3a00003 	mov	r0, #3
    9b20:	e59f10cc 	ldr	r1, [pc, #204]	@ 9bf4 <isp_switch+0x5e0>
    9b24:	e59f20a4 	ldr	r2, [pc, #164]	@ 9bd0 <isp_switch+0x5bc>
    9b28:	e59f30c8 	ldr	r3, [pc, #200]	@ 9bf8 <isp_switch+0x5e4>
    9b2c:	ea000010 	b	9b74 <isp_switch+0x560>
    9b30:	e3a00001 	mov	r0, #1
    9b34:	e3a01010 	mov	r1, #16
    9b38:	ebffea45 	bl	4454 <calloc@plt>
    9b3c:	e2504000 	subs	r4, r0, #0
    9b40:	0a000007 	beq	9b64 <isp_switch+0x550>
    9b44:	e3a00001 	mov	r0, #1
    9b48:	e3a01044 	mov	r1, #68	@ 0x44
    9b4c:	ebffea40 	bl	4454 <calloc@plt>
    9b50:	e3500000 	cmp	r0, #0
    9b54:	e5840000 	str	r0, [r4]
    9b58:	1a000008 	bne	9b80 <isp_switch+0x56c>
    9b5c:	e1a00004 	mov	r0, r4
    9b60:	ebffeb82 	bl	4970 <free@plt>
    9b64:	e59f1090 	ldr	r1, [pc, #144]	@ 9bfc <isp_switch+0x5e8>
    9b68:	e59f2090 	ldr	r2, [pc, #144]	@ 9c00 <isp_switch+0x5ec>
    9b6c:	e59f3090 	ldr	r3, [pc, #144]	@ 9c04 <isp_switch+0x5f0>
    9b70:	e3a00002 	mov	r0, #2
    9b74:	ebffeaa8 	bl	461c <ak_print@plt>
    9b78:	e3a00000 	mov	r0, #0
    9b7c:	ea00000f 	b	9bc0 <isp_switch+0x5ac>
    9b80:	e59f1080 	ldr	r1, [pc, #128]	@ 9c08 <isp_switch+0x5f4>
    9b84:	e3a02044 	mov	r2, #68	@ 0x44
    9b88:	ebffe995 	bl	41e4 <memcpy@plt>
    9b8c:	e3a03001 	mov	r3, #1
    9b90:	e584300c 	str	r3, [r4, #12]
    9b94:	e59f0070 	ldr	r0, [pc, #112]	@ 9c0c <isp_switch+0x5f8>
    9b98:	ebffea54 	bl	44f0 <ak_thread_mutex_lock@plt>
    9b9c:	e5963004 	ldr	r3, [r6, #4]
    9ba0:	e2842004 	add	r2, r4, #4
    9ba4:	e5862004 	str	r2, [r6, #4]
    9ba8:	e5846004 	str	r6, [r4, #4]
    9bac:	e5843008 	str	r3, [r4, #8]
    9bb0:	e59f0054 	ldr	r0, [pc, #84]	@ 9c0c <isp_switch+0x5f8>
    9bb4:	e5832000 	str	r2, [r3]
    9bb8:	ebffe968 	bl	4160 <ak_thread_mutex_unlock@plt>
    9bbc:	e5940000 	ldr	r0, [r4]
    9bc0:	e28dd094 	add	sp, sp, #148	@ 0x94
    9bc4:	e8bd80f0 	pop	{r4, r5, r6, r7, pc}
    9bc8:	00015f84 	andeq	r5, r1, r4, lsl #31
    9bcc:	0000d621 	andeq	sp, r0, r1, lsr #12
    9bd0:	0000d4b4 			@ <UNDEFINED> instruction: 0x0000d4b4
    9bd4:	00000199 	muleq	r0, r9, r1
    9bd8:	0000d60a 	andeq	sp, r0, sl, lsl #12
    9bdc:	00000195 	muleq	r0, r5, r1
    9be0:	00018dbc 			@ <UNDEFINED> instruction: 0x00018dbc
    9be4:	c0445611 	subgt	r5, r4, r1, lsl r6
    9be8:	0000d63b 	andeq	sp, r0, fp, lsr r6
    9bec:	0000d4c1 	andeq	sp, r0, r1, asr #9
    9bf0:	0000d64e 	andeq	sp, r0, lr, asr #12
    9bf4:	0000d669 	andeq	sp, r0, r9, ror #12
    9bf8:	000001a2 	andeq	r0, r0, r2, lsr #3
    9bfc:	0000d684 	andeq	sp, r0, r4, lsl #13
    9c00:	0000d4cc 	andeq	sp, r0, ip, asr #9
    9c04:	0000010e 	andeq	r0, r0, lr, lsl #2
    9c08:	00018dd8 	ldrdeq	r8, [r1], -r8	@ <UNPREDICTABLE>
    9c0c:	00018dc0 	andeq	r8, r1, r0, asr #27

00009c10 <isp_vi_open>:
    9c10:	e92d4070 	push	{r4, r5, r6, lr}
    9c14:	e59f510c 	ldr	r5, [pc, #268]	@ 9d28 <isp_vi_open+0x118>
    9c18:	e24dd060 	sub	sp, sp, #96	@ 0x60
    9c1c:	e1a00005 	mov	r0, r5
    9c20:	e28d1008 	add	r1, sp, #8
    9c24:	ebffeadc 	bl	479c <stat@plt>
    9c28:	e3700001 	cmn	r0, #1
    9c2c:	e1a04000 	mov	r4, r0
    9c30:	1a000009 	bne	9c5c <isp_vi_open+0x4c>
    9c34:	ebffeaea 	bl	47e4 <__errno_location@plt>
    9c38:	e5900000 	ldr	r0, [r0]
    9c3c:	ebffe92c 	bl	40f4 <strerror@plt>
    9c40:	e58d5000 	str	r5, [sp]
    9c44:	e59f10e0 	ldr	r1, [pc, #224]	@ 9d2c <isp_vi_open+0x11c>
    9c48:	e59f20e0 	ldr	r2, [pc, #224]	@ 9d30 <isp_vi_open+0x120>
    9c4c:	e59f30e0 	ldr	r3, [pc, #224]	@ 9d34 <isp_vi_open+0x124>
    9c50:	e58d0004 	str	r0, [sp, #4]
    9c54:	e3a00001 	mov	r0, #1
    9c58:	ea00001d 	b	9cd4 <isp_vi_open+0xc4>
    9c5c:	e59d3018 	ldr	r3, [sp, #24]
    9c60:	e2033a0f 	and	r3, r3, #61440	@ 0xf000
    9c64:	e3530a02 	cmp	r3, #8192	@ 0x2000
    9c68:	0a000007 	beq	9c8c <isp_vi_open+0x7c>
    9c6c:	e58d5000 	str	r5, [sp]
    9c70:	e3a00003 	mov	r0, #3
    9c74:	e59f10bc 	ldr	r1, [pc, #188]	@ 9d38 <isp_vi_open+0x128>
    9c78:	e59f20b0 	ldr	r2, [pc, #176]	@ 9d30 <isp_vi_open+0x120>
    9c7c:	e59f30b8 	ldr	r3, [pc, #184]	@ 9d3c <isp_vi_open+0x12c>
    9c80:	ebffea65 	bl	461c <ak_print@plt>
    9c84:	e3e04000 	mvn	r4, #0
    9c88:	ea000023 	b	9d1c <isp_vi_open+0x10c>
    9c8c:	e1a00005 	mov	r0, r5
    9c90:	e59f10a8 	ldr	r1, [pc, #168]	@ 9d40 <isp_vi_open+0x130>
    9c94:	e3a02000 	mov	r2, #0
    9c98:	ebffeafb 	bl	488c <open@plt>
    9c9c:	e59f60a0 	ldr	r6, [pc, #160]	@ 9d44 <isp_vi_open+0x134>
    9ca0:	e3700001 	cmn	r0, #1
    9ca4:	e1a04000 	mov	r4, r0
    9ca8:	e5860008 	str	r0, [r6, #8]
    9cac:	1a00000a 	bne	9cdc <isp_vi_open+0xcc>
    9cb0:	ebffeacb 	bl	47e4 <__errno_location@plt>
    9cb4:	e5900000 	ldr	r0, [r0]
    9cb8:	ebffe90d 	bl	40f4 <strerror@plt>
    9cbc:	e59f1084 	ldr	r1, [pc, #132]	@ 9d48 <isp_vi_open+0x138>
    9cc0:	e59f2068 	ldr	r2, [pc, #104]	@ 9d30 <isp_vi_open+0x120>
    9cc4:	e59f3080 	ldr	r3, [pc, #128]	@ 9d4c <isp_vi_open+0x13c>
    9cc8:	e58d5000 	str	r5, [sp]
    9ccc:	e58d0004 	str	r0, [sp, #4]
    9cd0:	e3a00001 	mov	r0, #1
    9cd4:	ebffea50 	bl	461c <ak_print@plt>
    9cd8:	ea00000f 	b	9d1c <isp_vi_open+0x10c>
    9cdc:	e3a01002 	mov	r1, #2
    9ce0:	e3a02001 	mov	r2, #1
    9ce4:	ebffeb03 	bl	48f8 <fcntl@plt>
    9ce8:	e3700001 	cmn	r0, #1
    9cec:	e1a04000 	mov	r4, r0
    9cf0:	15964008 	ldrne	r4, [r6, #8]
    9cf4:	1a000008 	bne	9d1c <isp_vi_open+0x10c>
    9cf8:	ebffeab9 	bl	47e4 <__errno_location@plt>
    9cfc:	e5900000 	ldr	r0, [r0]
    9d00:	ebffe8fb 	bl	40f4 <strerror@plt>
    9d04:	e59f1044 	ldr	r1, [pc, #68]	@ 9d50 <isp_vi_open+0x140>
    9d08:	e59f2020 	ldr	r2, [pc, #32]	@ 9d30 <isp_vi_open+0x120>
    9d0c:	e3a03f7d 	mov	r3, #500	@ 0x1f4
    9d10:	e58d0000 	str	r0, [sp]
    9d14:	e3a00003 	mov	r0, #3
    9d18:	ebffea3f 	bl	461c <ak_print@plt>
    9d1c:	e1a00004 	mov	r0, r4
    9d20:	e28dd060 	add	sp, sp, #96	@ 0x60
    9d24:	e8bd8070 	pop	{r4, r5, r6, pc}
    9d28:	0000d69f 	muleq	r0, pc, r6	@ <UNPREDICTABLE>
    9d2c:	0000d6ab 	andeq	sp, r0, fp, lsr #13
    9d30:	0000d4dc 	ldrdeq	sp, [r0], -ip
    9d34:	000001e2 	andeq	r0, r0, r2, ror #3
    9d38:	0000d6ce 	andeq	sp, r0, lr, asr #13
    9d3c:	000001e7 	andeq	r0, r0, r7, ror #3
    9d40:	00000802 	andeq	r0, r0, r2, lsl #16
    9d44:	00015f84 	andeq	r5, r1, r4, lsl #31
    9d48:	0000d6e7 	andeq	sp, r0, r7, ror #13
    9d4c:	000001ee 	andeq	r0, r0, lr, ror #3
    9d50:	0000d706 	andeq	sp, r0, r6, lsl #14

00009d54 <isp_vi_close>:
    9d54:	e92d4010 	push	{r4, lr}
    9d58:	e59f4018 	ldr	r4, [pc, #24]	@ 9d78 <isp_vi_close+0x24>
    9d5c:	e5940008 	ldr	r0, [r4, #8]
    9d60:	e3700001 	cmn	r0, #1
    9d64:	08bd8010 	popeq	{r4, pc}
    9d68:	ebffeaee 	bl	4928 <close@plt>
    9d6c:	e3e03000 	mvn	r3, #0
    9d70:	e5843008 	str	r3, [r4, #8]
    9d74:	e8bd8010 	pop	{r4, pc}
    9d78:	00015f84 	andeq	r5, r1, r4, lsl #31

00009d7c <isp_vi_get_sensor_attr>:
    9d7c:	e92d4030 	push	{r4, r5, lr}
    9d80:	e24dd034 	sub	sp, sp, #52	@ 0x34
    9d84:	e28d2030 	add	r2, sp, #48	@ 0x30
    9d88:	e3a03001 	mov	r3, #1
    9d8c:	e522302c 	str	r3, [r2, #-44]!	@ 0xffffffd4
    9d90:	e59f303c 	ldr	r3, [pc, #60]	@ 9dd4 <isp_vi_get_sensor_attr+0x58>
    9d94:	e1a05000 	mov	r5, r0
    9d98:	e1a04001 	mov	r4, r1
    9d9c:	e5930008 	ldr	r0, [r3, #8]
    9da0:	e59f1030 	ldr	r1, [pc, #48]	@ 9dd8 <isp_vi_get_sensor_attr+0x5c>
    9da4:	ebfffe69 	bl	9750 <isp_switch+0x13c>
    9da8:	e3500000 	cmp	r0, #0
    9dac:	1a000005 	bne	9dc8 <isp_vi_get_sensor_attr+0x4c>
    9db0:	e59d3014 	ldr	r3, [sp, #20]
    9db4:	e3530000 	cmp	r3, #0
    9db8:	c59d2010 	ldrgt	r2, [sp, #16]
    9dbc:	c5852000 	strgt	r2, [r5]
    9dc0:	c5843000 	strgt	r3, [r4]
    9dc4:	ca000000 	bgt	9dcc <isp_vi_get_sensor_attr+0x50>
    9dc8:	e3e00000 	mvn	r0, #0
    9dcc:	e28dd034 	add	sp, sp, #52	@ 0x34
    9dd0:	e8bd8030 	pop	{r4, r5, pc}
    9dd4:	00015f84 	andeq	r5, r1, r4, lsl #31
    9dd8:	c02c563a 	eorgt	r5, ip, sl, lsr r6

00009ddc <isp_vi_set_main_attr>:
    9ddc:	e92d4070 	push	{r4, r5, r6, lr}
    9de0:	e24dd0d8 	sub	sp, sp, #216	@ 0xd8
    9de4:	e1a05000 	mov	r5, r0
    9de8:	e1a06001 	mov	r6, r1
    9dec:	e3a020cc 	mov	r2, #204	@ 0xcc
    9df0:	e3a01000 	mov	r1, #0
    9df4:	e28d000c 	add	r0, sp, #12
    9df8:	ebffea16 	bl	4658 <memset@plt>
    9dfc:	e59f3074 	ldr	r3, [pc, #116]	@ 9e78 <isp_vi_set_main_attr+0x9c>
    9e00:	e3550d05 	cmp	r5, #320	@ 0x140
    9e04:	e58d3018 	str	r3, [sp, #24]
    9e08:	e3a03004 	mov	r3, #4
    9e0c:	e58d301c 	str	r3, [sp, #28]
    9e10:	e59f3064 	ldr	r3, [pc, #100]	@ 9e7c <isp_vi_set_main_attr+0xa0>
    9e14:	03a05d0a 	moveq	r5, #640	@ 0x280
    9e18:	03a06d05 	moveq	r6, #320	@ 0x140
    9e1c:	e3a04001 	mov	r4, #1
    9e20:	e5930008 	ldr	r0, [r3, #8]
    9e24:	e59f1054 	ldr	r1, [pc, #84]	@ 9e80 <isp_vi_set_main_attr+0xa4>
    9e28:	e28d200c 	add	r2, sp, #12
    9e2c:	e58d5010 	str	r5, [sp, #16]
    9e30:	e58d400c 	str	r4, [sp, #12]
    9e34:	e58d6014 	str	r6, [sp, #20]
    9e38:	ebfffe44 	bl	9750 <isp_switch+0x13c>
    9e3c:	e3700001 	cmn	r0, #1
    9e40:	e1a05000 	mov	r5, r0
    9e44:	1a000008 	bne	9e6c <isp_vi_set_main_attr+0x90>
    9e48:	ebffea65 	bl	47e4 <__errno_location@plt>
    9e4c:	e5900000 	ldr	r0, [r0]
    9e50:	ebffe8a7 	bl	40f4 <strerror@plt>
    9e54:	e59f1028 	ldr	r1, [pc, #40]	@ 9e84 <isp_vi_set_main_attr+0xa8>
    9e58:	e59f2028 	ldr	r2, [pc, #40]	@ 9e88 <isp_vi_set_main_attr+0xac>
    9e5c:	e59f3028 	ldr	r3, [pc, #40]	@ 9e8c <isp_vi_set_main_attr+0xb0>
    9e60:	e58d0000 	str	r0, [sp]
    9e64:	e1a00004 	mov	r0, r4
    9e68:	ebffe9eb 	bl	461c <ak_print@plt>
    9e6c:	e1a00005 	mov	r0, r5
    9e70:	e28dd0d8 	add	sp, sp, #216	@ 0xd8
    9e74:	e8bd8070 	pop	{r4, r5, r6, pc}
    9e78:	56595559 			@ <UNDEFINED> instruction: 0x56595559
    9e7c:	00015f84 	andeq	r5, r1, r4, lsl #31
    9e80:	c0cc5605 	sbcgt	r5, ip, r5, lsl #12
    9e84:	0000d719 	andeq	sp, r0, r9, lsl r7
    9e88:	0000d4e8 	andeq	sp, r0, r8, ror #9
    9e8c:	00000241 	andeq	r0, r0, r1, asr #4

00009e90 <isp_vi_set_sub_attr>:
    9e90:	e92d4070 	push	{r4, r5, r6, lr}
    9e94:	e24dd0d0 	sub	sp, sp, #208	@ 0xd0
    9e98:	e1a06000 	mov	r6, r0
    9e9c:	e1a05001 	mov	r5, r1
    9ea0:	e3a020cc 	mov	r2, #204	@ 0xcc
    9ea4:	e3a01000 	mov	r1, #0
    9ea8:	e28d0004 	add	r0, sp, #4
    9eac:	ebffe9e9 	bl	4658 <memset@plt>
    9eb0:	e59f3048 	ldr	r3, [pc, #72]	@ 9f00 <isp_vi_set_sub_attr+0x70>
    9eb4:	e3a04001 	mov	r4, #1
    9eb8:	e5930008 	ldr	r0, [r3, #8]
    9ebc:	e59f1040 	ldr	r1, [pc, #64]	@ 9f04 <isp_vi_set_sub_attr+0x74>
    9ec0:	e28d2004 	add	r2, sp, #4
    9ec4:	e58d4004 	str	r4, [sp, #4]
    9ec8:	e58d4008 	str	r4, [sp, #8]
    9ecc:	e58d600c 	str	r6, [sp, #12]
    9ed0:	e58d5010 	str	r5, [sp, #16]
    9ed4:	ebfffe1d 	bl	9750 <isp_switch+0x13c>
    9ed8:	e3500000 	cmp	r0, #0
    9edc:	0a000005 	beq	9ef8 <isp_vi_set_sub_attr+0x68>
    9ee0:	e1a00004 	mov	r0, r4
    9ee4:	e59f101c 	ldr	r1, [pc, #28]	@ 9f08 <isp_vi_set_sub_attr+0x78>
    9ee8:	e59f201c 	ldr	r2, [pc, #28]	@ 9f0c <isp_vi_set_sub_attr+0x7c>
    9eec:	e59f301c 	ldr	r3, [pc, #28]	@ 9f10 <isp_vi_set_sub_attr+0x80>
    9ef0:	ebffe9c9 	bl	461c <ak_print@plt>
    9ef4:	e3e00000 	mvn	r0, #0
    9ef8:	e28dd0d0 	add	sp, sp, #208	@ 0xd0
    9efc:	e8bd8070 	pop	{r4, r5, r6, pc}
    9f00:	00015f84 	andeq	r5, r1, r4, lsl #31
    9f04:	c0cc5616 	sbcgt	r5, ip, r6, lsl r6
    9f08:	0000d734 	andeq	sp, r0, r4, lsr r7
    9f0c:	0000d4fd 	strdeq	sp, [r0], -sp	@ <UNPREDICTABLE>
    9f10:	0000026b 	andeq	r0, r0, fp, ror #4

00009f14 <isp_vi_set_crop_attr>:
    9f14:	e92d43f0 	push	{r4, r5, r6, r7, r8, r9, lr}
    9f18:	e59f413c 	ldr	r4, [pc, #316]	@ a05c <isp_vi_set_crop_attr+0x148>
    9f1c:	e24dd08c 	sub	sp, sp, #140	@ 0x8c
    9f20:	e1a09000 	mov	r9, r0
    9f24:	e1a08001 	mov	r8, r1
    9f28:	e1a07002 	mov	r7, r2
    9f2c:	e5940008 	ldr	r0, [r4, #8]
    9f30:	e59f1128 	ldr	r1, [pc, #296]	@ a060 <isp_vi_set_crop_attr+0x14c>
    9f34:	e28d2020 	add	r2, sp, #32
    9f38:	e1a05003 	mov	r5, r3
    9f3c:	ebfffe03 	bl	9750 <isp_switch+0x13c>
    9f40:	e1a06004 	mov	r6, r4
    9f44:	e3700001 	cmn	r0, #1
    9f48:	1a000011 	bne	9f94 <isp_vi_set_crop_attr+0x80>
    9f4c:	ebffea24 	bl	47e4 <__errno_location@plt>
    9f50:	e5900000 	ldr	r0, [r0]
    9f54:	e3500016 	cmp	r0, #22
    9f58:	1a000006 	bne	9f78 <isp_vi_set_crop_attr+0x64>
    9f5c:	e59f3100 	ldr	r3, [pc, #256]	@ a064 <isp_vi_set_crop_attr+0x150>
    9f60:	e3a00004 	mov	r0, #4
    9f64:	e58d3000 	str	r3, [sp]
    9f68:	e59f10f8 	ldr	r1, [pc, #248]	@ a068 <isp_vi_set_crop_attr+0x154>
    9f6c:	e59f20f8 	ldr	r2, [pc, #248]	@ a06c <isp_vi_set_crop_attr+0x158>
    9f70:	e3a030ed 	mov	r3, #237	@ 0xed
    9f74:	ea00000f 	b	9fb8 <isp_vi_set_crop_attr+0xa4>
    9f78:	ebffe85d 	bl	40f4 <strerror@plt>
    9f7c:	e59f10ec 	ldr	r1, [pc, #236]	@ a070 <isp_vi_set_crop_attr+0x15c>
    9f80:	e59f20e4 	ldr	r2, [pc, #228]	@ a06c <isp_vi_set_crop_attr+0x158>
    9f84:	e3a030f0 	mov	r3, #240	@ 0xf0
    9f88:	e58d0000 	str	r0, [sp]
    9f8c:	e3a00004 	mov	r0, #4
    9f90:	ea000008 	b	9fb8 <isp_vi_set_crop_attr+0xa4>
    9f94:	e59d3074 	ldr	r3, [sp, #116]	@ 0x74
    9f98:	e3130001 	tst	r3, #1
    9f9c:	1a000006 	bne	9fbc <isp_vi_set_crop_attr+0xa8>
    9fa0:	e59f30bc 	ldr	r3, [pc, #188]	@ a064 <isp_vi_set_crop_attr+0x150>
    9fa4:	e59f10c8 	ldr	r1, [pc, #200]	@ a074 <isp_vi_set_crop_attr+0x160>
    9fa8:	e59f20bc 	ldr	r2, [pc, #188]	@ a06c <isp_vi_set_crop_attr+0x158>
    9fac:	e58d3000 	str	r3, [sp]
    9fb0:	e3a00004 	mov	r0, #4
    9fb4:	e3a030f8 	mov	r3, #248	@ 0xf8
    9fb8:	ebffe997 	bl	461c <ak_print@plt>
    9fbc:	e3a01000 	mov	r1, #0
    9fc0:	e3a0202c 	mov	r2, #44	@ 0x2c
    9fc4:	e28d0020 	add	r0, sp, #32
    9fc8:	ebffe9a2 	bl	4658 <memset@plt>
    9fcc:	e3a04001 	mov	r4, #1
    9fd0:	e5960008 	ldr	r0, [r6, #8]
    9fd4:	e59f109c 	ldr	r1, [pc, #156]	@ a078 <isp_vi_set_crop_attr+0x164>
    9fd8:	e28d2020 	add	r2, sp, #32
    9fdc:	e58d4020 	str	r4, [sp, #32]
    9fe0:	ebfffdda 	bl	9750 <isp_switch+0x13c>
    9fe4:	e2506000 	subs	r6, r0, #0
    9fe8:	1a000018 	bne	a050 <isp_vi_set_crop_attr+0x13c>
    9fec:	e59f3068 	ldr	r3, [pc, #104]	@ a05c <isp_vi_set_crop_attr+0x148>
    9ff0:	e59f1084 	ldr	r1, [pc, #132]	@ a07c <isp_vi_set_crop_attr+0x168>
    9ff4:	e5930008 	ldr	r0, [r3, #8]
    9ff8:	e28d200c 	add	r2, sp, #12
    9ffc:	e58d501c 	str	r5, [sp, #28]
    a000:	e58d400c 	str	r4, [sp, #12]
    a004:	e58d9010 	str	r9, [sp, #16]
    a008:	e58d8014 	str	r8, [sp, #20]
    a00c:	e58d7018 	str	r7, [sp, #24]
    a010:	ebfffdce 	bl	9750 <isp_switch+0x13c>
    a014:	e3700001 	cmn	r0, #1
    a018:	e1a05000 	mov	r5, r0
    a01c:	1a000006 	bne	a03c <isp_vi_set_crop_attr+0x128>
    a020:	e1a00004 	mov	r0, r4
    a024:	e59f1054 	ldr	r1, [pc, #84]	@ a080 <isp_vi_set_crop_attr+0x16c>
    a028:	e59f2054 	ldr	r2, [pc, #84]	@ a084 <isp_vi_set_crop_attr+0x170>
    a02c:	e59f3054 	ldr	r3, [pc, #84]	@ a088 <isp_vi_set_crop_attr+0x174>
    a030:	ebffe979 	bl	461c <ak_print@plt>
    a034:	e1a00005 	mov	r0, r5
    a038:	ea000005 	b	a054 <isp_vi_set_crop_attr+0x140>
    a03c:	e3a00004 	mov	r0, #4
    a040:	e59f1044 	ldr	r1, [pc, #68]	@ a08c <isp_vi_set_crop_attr+0x178>
    a044:	e59d2018 	ldr	r2, [sp, #24]
    a048:	e59d301c 	ldr	r3, [sp, #28]
    a04c:	ebffe972 	bl	461c <ak_print@plt>
    a050:	e3a00000 	mov	r0, #0
    a054:	e28dd08c 	add	sp, sp, #140	@ 0x8c
    a058:	e8bd83f0 	pop	{r4, r5, r6, r7, r8, r9, pc}
    a05c:	00015f84 	andeq	r5, r1, r4, lsl #31
    a060:	80685600 	rsbhi	r5, r8, r0, lsl #12
    a064:	0000d69f 	muleq	r0, pc, r6	@ <UNPREDICTABLE>
    a068:	0000d754 	andeq	sp, r0, r4, asr r7
    a06c:	0000d511 	andeq	sp, r0, r1, lsl r5
    a070:	0000d772 	andeq	sp, r0, r2, ror r7
    a074:	0000d78f 	andeq	sp, r0, pc, lsl #15
    a078:	c02c563a 	eorgt	r5, ip, sl, lsr r6
    a07c:	4014563c 	andsmi	r5, r4, ip, lsr r6
    a080:	0000d7b6 			@ <UNDEFINED> instruction: 0x0000d7b6
    a084:	0000d521 	andeq	sp, r0, r1, lsr #10
    a088:	00000293 	muleq	r0, r3, r2
    a08c:	0000d7d2 	ldrdeq	sp, [r0], -r2

0000a090 <isp_vi_get_fps>:
    a090:	e3a00000 	mov	r0, #0
    a094:	e12fff1e 	bx	lr

0000a098 <isp_vi_set_fps>:
    a098:	e3a00000 	mov	r0, #0
    a09c:	e12fff1e 	bx	lr

0000a0a0 <isp_vi_capture_on>:
    a0a0:	e92d4ff0 	push	{r4, r5, r6, r7, r8, r9, sl, fp, lr}
    a0a4:	e59f7348 	ldr	r7, [pc, #840]	@ a3f4 <isp_vi_capture_on+0x354>
    a0a8:	e24dd02c 	sub	sp, sp, #44	@ 0x2c
    a0ac:	e597300c 	ldr	r3, [r7, #12]
    a0b0:	e1a08000 	mov	r8, r0
    a0b4:	e58d3000 	str	r3, [sp]
    a0b8:	e1a06001 	mov	r6, r1
    a0bc:	e3a00005 	mov	r0, #5
    a0c0:	e59f1330 	ldr	r1, [pc, #816]	@ a3f8 <isp_vi_capture_on+0x358>
    a0c4:	e59f2330 	ldr	r2, [pc, #816]	@ a3fc <isp_vi_capture_on+0x35c>
    a0c8:	e59f3330 	ldr	r3, [pc, #816]	@ a400 <isp_vi_capture_on+0x360>
    a0cc:	ebffe952 	bl	461c <ak_print@plt>
    a0d0:	e597400c 	ldr	r4, [r7, #12]
    a0d4:	e3540000 	cmp	r4, #0
    a0d8:	0a0000c2 	beq	a3e8 <isp_vi_capture_on+0x348>
    a0dc:	e5979008 	ldr	r9, [r7, #8]
    a0e0:	e3a0308f 	mov	r3, #143	@ 0x8f
    a0e4:	e59f1318 	ldr	r1, [pc, #792]	@ a404 <isp_vi_capture_on+0x364>
    a0e8:	e59f2318 	ldr	r2, [pc, #792]	@ a408 <isp_vi_capture_on+0x368>
    a0ec:	e3a00005 	mov	r0, #5
    a0f0:	ebffe949 	bl	461c <ak_print@plt>
    a0f4:	e3a01000 	mov	r1, #0
    a0f8:	e3a02014 	mov	r2, #20
    a0fc:	e28d0014 	add	r0, sp, #20
    a100:	ebffe954 	bl	4658 <memset@plt>
    a104:	e3a04004 	mov	r4, #4
    a108:	e3a03002 	mov	r3, #2
    a10c:	e3a05001 	mov	r5, #1
    a110:	e1a00009 	mov	r0, r9
    a114:	e59f12f0 	ldr	r1, [pc, #752]	@ a40c <isp_vi_capture_on+0x36c>
    a118:	e28d2014 	add	r2, sp, #20
    a11c:	e58d4014 	str	r4, [sp, #20]
    a120:	e58d5018 	str	r5, [sp, #24]
    a124:	e58d301c 	str	r3, [sp, #28]
    a128:	ebfffd88 	bl	9750 <isp_switch+0x13c>
    a12c:	e3700001 	cmn	r0, #1
    a130:	1a000015 	bne	a18c <isp_vi_capture_on+0xec>
    a134:	e59f12d4 	ldr	r1, [pc, #724]	@ a410 <isp_vi_capture_on+0x370>
    a138:	e59f22c8 	ldr	r2, [pc, #712]	@ a408 <isp_vi_capture_on+0x368>
    a13c:	e3a0309a 	mov	r3, #154	@ 0x9a
    a140:	e1a00004 	mov	r0, r4
    a144:	ebffe934 	bl	461c <ak_print@plt>
    a148:	ebffe9a5 	bl	47e4 <__errno_location@plt>
    a14c:	e5900000 	ldr	r0, [r0]
    a150:	e3500016 	cmp	r0, #22
    a154:	1a000004 	bne	a16c <isp_vi_capture_on+0xcc>
    a158:	e1a00004 	mov	r0, r4
    a15c:	e59f12b0 	ldr	r1, [pc, #688]	@ a414 <isp_vi_capture_on+0x374>
    a160:	e59f22b0 	ldr	r2, [pc, #688]	@ a418 <isp_vi_capture_on+0x378>
    a164:	ebffe92c 	bl	461c <ak_print@plt>
    a168:	ea00005f 	b	a2ec <isp_vi_capture_on+0x24c>
    a16c:	ebffe7e0 	bl	40f4 <strerror@plt>
    a170:	e59f12a4 	ldr	r1, [pc, #676]	@ a41c <isp_vi_capture_on+0x37c>
    a174:	e59f228c 	ldr	r2, [pc, #652]	@ a408 <isp_vi_capture_on+0x368>
    a178:	e3a0309e 	mov	r3, #158	@ 0x9e
    a17c:	e58d0000 	str	r0, [sp]
    a180:	e1a00005 	mov	r0, r5
    a184:	ebffe924 	bl	461c <ak_print@plt>
    a188:	ea000057 	b	a2ec <isp_vi_capture_on+0x24c>
    a18c:	e3580001 	cmp	r8, #1
    a190:	1a000050 	bne	a2d8 <isp_vi_capture_on+0x238>
    a194:	e1a00004 	mov	r0, r4
    a198:	e3a01008 	mov	r1, #8
    a19c:	ebffe8ac 	bl	4454 <calloc@plt>
    a1a0:	e59f5278 	ldr	r5, [pc, #632]	@ a420 <isp_vi_capture_on+0x380>
    a1a4:	e1a08005 	mov	r8, r5
    a1a8:	e3500000 	cmp	r0, #0
    a1ac:	e5850000 	str	r0, [r5]
    a1b0:	01a00004 	moveq	r0, r4
    a1b4:	059f1268 	ldreq	r1, [pc, #616]	@ a424 <isp_vi_capture_on+0x384>
    a1b8:	059f2268 	ldreq	r2, [pc, #616]	@ a428 <isp_vi_capture_on+0x388>
    a1bc:	03a03060 	moveq	r3, #96	@ 0x60
    a1c0:	0a000038 	beq	a2a8 <isp_vi_capture_on+0x208>
    a1c4:	e2861eff 	add	r1, r6, #4080	@ 0xff0
    a1c8:	e281100f 	add	r1, r1, #15
    a1cc:	e281beff 	add	fp, r1, #4080	@ 0xff0
    a1d0:	e3510000 	cmp	r1, #0
    a1d4:	b28b100f 	addlt	r1, fp, #15
    a1d8:	e1a0b641 	asr	fp, r1, #12
    a1dc:	e1a0660b 	lsl	r6, fp, #12
    a1e0:	e1a0b70b 	lsl	fp, fp, #14
    a1e4:	e1a0000b 	mov	r0, fp
    a1e8:	ebffe830 	bl	42b0 <akuio_alloc_pmem@plt>
    a1ec:	e3500000 	cmp	r0, #0
    a1f0:	e1a0a000 	mov	sl, r0
    a1f4:	e5850060 	str	r0, [r5, #96]	@ 0x60
    a1f8:	1a000009 	bne	a224 <isp_vi_capture_on+0x184>
    a1fc:	e59f1228 	ldr	r1, [pc, #552]	@ a42c <isp_vi_capture_on+0x38c>
    a200:	e59f2220 	ldr	r2, [pc, #544]	@ a428 <isp_vi_capture_on+0x388>
    a204:	e3a03068 	mov	r3, #104	@ 0x68
    a208:	e58db000 	str	fp, [sp]
    a20c:	e1a00004 	mov	r0, r4
    a210:	ebffe901 	bl	461c <ak_print@plt>
    a214:	e5950000 	ldr	r0, [r5]
    a218:	ebffe9d4 	bl	4970 <free@plt>
    a21c:	e585a000 	str	sl, [r5]
    a220:	ea00002c 	b	a2d8 <isp_vi_capture_on+0x238>
    a224:	ebffe941 	bl	4730 <akuio_vaddr2paddr@plt>
    a228:	e5954060 	ldr	r4, [r5, #96]	@ 0x60
    a22c:	e2600000 	rsb	r0, r0, #0
    a230:	e2005007 	and	r5, r0, #7
    a234:	e1a00004 	mov	r0, r4
    a238:	ebffe93c 	bl	4730 <akuio_vaddr2paddr@plt>
    a23c:	e58d4000 	str	r4, [sp]
    a240:	e59f11e8 	ldr	r1, [pc, #488]	@ a430 <isp_vi_capture_on+0x390>
    a244:	e59f21dc 	ldr	r2, [pc, #476]	@ a428 <isp_vi_capture_on+0x388>
    a248:	e3a03073 	mov	r3, #115	@ 0x73
    a24c:	e0845005 	add	r5, r4, r5
    a250:	e3a04000 	mov	r4, #0
    a254:	e58d0004 	str	r0, [sp, #4]
    a258:	e3a00003 	mov	r0, #3
    a25c:	ebffe8ee 	bl	461c <ak_print@plt>
    a260:	e5983000 	ldr	r3, [r8]
    a264:	e3a00003 	mov	r0, #3
    a268:	e0832184 	add	r2, r3, r4, lsl #3
    a26c:	e5826004 	str	r6, [r2, #4]
    a270:	e59f11bc 	ldr	r1, [pc, #444]	@ a434 <isp_vi_capture_on+0x394>
    a274:	e7835184 	str	r5, [r3, r4, lsl #3]
    a278:	e59f21a8 	ldr	r2, [pc, #424]	@ a428 <isp_vi_capture_on+0x388>
    a27c:	e3a0307a 	mov	r3, #122	@ 0x7a
    a280:	e88d0070 	stm	sp, {r4, r5, r6}
    a284:	ebffe8e4 	bl	461c <ak_print@plt>
    a288:	e5983000 	ldr	r3, [r8]
    a28c:	e7933184 	ldr	r3, [r3, r4, lsl #3]
    a290:	e3530000 	cmp	r3, #0
    a294:	1a000005 	bne	a2b0 <isp_vi_capture_on+0x210>
    a298:	e59f1184 	ldr	r1, [pc, #388]	@ a424 <isp_vi_capture_on+0x384>
    a29c:	e59f2184 	ldr	r2, [pc, #388]	@ a428 <isp_vi_capture_on+0x388>
    a2a0:	e3a00004 	mov	r0, #4
    a2a4:	e3a0307c 	mov	r3, #124	@ 0x7c
    a2a8:	ebffe8db 	bl	461c <ak_print@plt>
    a2ac:	ea000009 	b	a2d8 <isp_vi_capture_on+0x238>
    a2b0:	e2844001 	add	r4, r4, #1
    a2b4:	e3540004 	cmp	r4, #4
    a2b8:	e0855006 	add	r5, r5, r6
    a2bc:	1affffe7 	bne	a260 <isp_vi_capture_on+0x1c0>
    a2c0:	e58d6000 	str	r6, [sp]
    a2c4:	e1a00004 	mov	r0, r4
    a2c8:	e59f1168 	ldr	r1, [pc, #360]	@ a438 <isp_vi_capture_on+0x398>
    a2cc:	e59f2154 	ldr	r2, [pc, #340]	@ a428 <isp_vi_capture_on+0x388>
    a2d0:	e3a03080 	mov	r3, #128	@ 0x80
    a2d4:	ebffe8d0 	bl	461c <ak_print@plt>
    a2d8:	e3a00005 	mov	r0, #5
    a2dc:	e59f1158 	ldr	r1, [pc, #344]	@ a43c <isp_vi_capture_on+0x39c>
    a2e0:	e59f2120 	ldr	r2, [pc, #288]	@ a408 <isp_vi_capture_on+0x368>
    a2e4:	e3a030a7 	mov	r3, #167	@ 0xa7
    a2e8:	ebffe8cb 	bl	461c <ak_print@plt>
    a2ec:	e1a00009 	mov	r0, r9
    a2f0:	ebfffd27 	bl	9794 <isp_switch+0x180>
    a2f4:	e3a05001 	mov	r5, #1
    a2f8:	e5970008 	ldr	r0, [r7, #8]
    a2fc:	e59f113c 	ldr	r1, [pc, #316]	@ a440 <isp_vi_capture_on+0x3a0>
    a300:	e28d2014 	add	r2, sp, #20
    a304:	e58d5014 	str	r5, [sp, #20]
    a308:	ebfffd10 	bl	9750 <isp_switch+0x13c>
    a30c:	e59f60e0 	ldr	r6, [pc, #224]	@ a3f4 <isp_vi_capture_on+0x354>
    a310:	e3700001 	cmn	r0, #1
    a314:	e1a04000 	mov	r4, r0
    a318:	1a000009 	bne	a344 <isp_vi_capture_on+0x2a4>
    a31c:	ebffe930 	bl	47e4 <__errno_location@plt>
    a320:	e5900000 	ldr	r0, [r0]
    a324:	ebffe772 	bl	40f4 <strerror@plt>
    a328:	e59f1114 	ldr	r1, [pc, #276]	@ a444 <isp_vi_capture_on+0x3a4>
    a32c:	e59f20c8 	ldr	r2, [pc, #200]	@ a3fc <isp_vi_capture_on+0x35c>
    a330:	e59f3110 	ldr	r3, [pc, #272]	@ a448 <isp_vi_capture_on+0x3a8>
    a334:	e58d0000 	str	r0, [sp]
    a338:	e1a00005 	mov	r0, r5
    a33c:	ebffe8b6 	bl	461c <ak_print@plt>
    a340:	ea000028 	b	a3e8 <isp_vi_capture_on+0x348>
    a344:	e596300c 	ldr	r3, [r6, #12]
    a348:	e3a00003 	mov	r0, #3
    a34c:	e58d3000 	str	r3, [sp]
    a350:	e59f10f4 	ldr	r1, [pc, #244]	@ a44c <isp_vi_capture_on+0x3ac>
    a354:	e59f20a0 	ldr	r2, [pc, #160]	@ a3fc <isp_vi_capture_on+0x35c>
    a358:	e59f30f0 	ldr	r3, [pc, #240]	@ a450 <isp_vi_capture_on+0x3b0>
    a35c:	ebffe8ae 	bl	461c <ak_print@plt>
    a360:	e1a04006 	mov	r4, r6
    a364:	e597300c 	ldr	r3, [r7, #12]
    a368:	e3530000 	cmp	r3, #0
    a36c:	da000015 	ble	a3c8 <isp_vi_capture_on+0x328>
    a370:	e59f00dc 	ldr	r0, [pc, #220]	@ a454 <isp_vi_capture_on+0x3b4>
    a374:	ebffe85d 	bl	44f0 <ak_thread_mutex_lock@plt>
    a378:	ebfffd91 	bl	99c4 <isp_switch+0x3b0>
    a37c:	e2501000 	subs	r1, r0, #0
    a380:	1a000008 	bne	a3a8 <isp_vi_capture_on+0x308>
    a384:	e59f10cc 	ldr	r1, [pc, #204]	@ a458 <isp_vi_capture_on+0x3b8>
    a388:	e59f206c 	ldr	r2, [pc, #108]	@ a3fc <isp_vi_capture_on+0x35c>
    a38c:	e59f30c8 	ldr	r3, [pc, #200]	@ a45c <isp_vi_capture_on+0x3bc>
    a390:	e3a00001 	mov	r0, #1
    a394:	ebffe8a0 	bl	461c <ak_print@plt>
    a398:	e59f00b4 	ldr	r0, [pc, #180]	@ a454 <isp_vi_capture_on+0x3b4>
    a39c:	ebffe76f 	bl	4160 <ak_thread_mutex_unlock@plt>
    a3a0:	e3e04000 	mvn	r4, #0
    a3a4:	ea00000f 	b	a3e8 <isp_vi_capture_on+0x348>
    a3a8:	e5940008 	ldr	r0, [r4, #8]
    a3ac:	ebfffd29 	bl	9858 <isp_switch+0x244>
    a3b0:	e594300c 	ldr	r3, [r4, #12]
    a3b4:	e59f0098 	ldr	r0, [pc, #152]	@ a454 <isp_vi_capture_on+0x3b4>
    a3b8:	e2433001 	sub	r3, r3, #1
    a3bc:	e584300c 	str	r3, [r4, #12]
    a3c0:	ebffe766 	bl	4160 <ak_thread_mutex_unlock@plt>
    a3c4:	eaffffe6 	b	a364 <isp_vi_capture_on+0x2c4>
    a3c8:	e59f0090 	ldr	r0, [pc, #144]	@ a460 <isp_vi_capture_on+0x3c0>
    a3cc:	ebffe8dd 	bl	4748 <ak_get_ostime@plt>
    a3d0:	e3a00005 	mov	r0, #5
    a3d4:	e59f1060 	ldr	r1, [pc, #96]	@ a43c <isp_vi_capture_on+0x39c>
    a3d8:	e59f201c 	ldr	r2, [pc, #28]	@ a3fc <isp_vi_capture_on+0x35c>
    a3dc:	e59f3080 	ldr	r3, [pc, #128]	@ a464 <isp_vi_capture_on+0x3c4>
    a3e0:	ebffe88d 	bl	461c <ak_print@plt>
    a3e4:	e3a04000 	mov	r4, #0
    a3e8:	e1a00004 	mov	r0, r4
    a3ec:	e28dd02c 	add	sp, sp, #44	@ 0x2c
    a3f0:	e8bd8ff0 	pop	{r4, r5, r6, r7, r8, r9, sl, fp, pc}
    a3f4:	00015f84 	andeq	r5, r1, r4, lsl #31
    a3f8:	0000d7ff 	strdeq	sp, [r0], -pc	@ <UNPREDICTABLE>
    a3fc:	0000d536 	andeq	sp, r0, r6, lsr r5
    a400:	000002be 			@ <UNDEFINED> instruction: 0x000002be
    a404:	0000bf2b 	andeq	fp, r0, fp, lsr #30
    a408:	0000d548 	andeq	sp, r0, r8, asr #10
    a40c:	c0145608 	andsgt	r5, r4, r8, lsl #12
    a410:	0000d827 	andeq	sp, r0, r7, lsr #16
    a414:	0000d840 	andeq	sp, r0, r0, asr #16
    a418:	0000d69f 	muleq	r0, pc, r6	@ <UNPREDICTABLE>
    a41c:	0000d866 	andeq	sp, r0, r6, ror #16
    a420:	00018dbc 			@ <UNDEFINED> instruction: 0x00018dbc
    a424:	0000d883 	andeq	sp, r0, r3, lsl #17
    a428:	0000d558 	andeq	sp, r0, r8, asr r5
    a42c:	0000d89a 	muleq	r0, sl, r8
    a430:	0000d8bc 			@ <UNDEFINED> instruction: 0x0000d8bc
    a434:	0000d8de 	ldrdeq	sp, [r0], -lr
    a438:	0000d90c 	andeq	sp, r0, ip, lsl #18
    a43c:	0000d92c 	andeq	sp, r0, ip, lsr #18
    a440:	40045612 	andmi	r5, r4, r2, lsl r6
    a444:	0000d93e 	andeq	sp, r0, lr, lsr r9
    a448:	000002ca 	andeq	r0, r0, sl, asr #5
    a44c:	0000d95c 	andeq	sp, r0, ip, asr r9
    a450:	000002cf 	andeq	r0, r0, pc, asr #5
    a454:	00018e20 	andeq	r8, r1, r0, lsr #28
    a458:	0000d985 	andeq	sp, r0, r5, lsl #19
    a45c:	000002d5 	ldrdeq	r0, [r0], -r5
    a460:	00018e38 	andeq	r8, r1, r8, lsr lr
    a464:	000002e6 	andeq	r0, r0, r6, ror #5

0000a468 <isp_vi_capture_off>:
    a468:	e92d407f 	push	{r0, r1, r2, r3, r4, r5, r6, lr}
    a46c:	e59f50bc 	ldr	r5, [pc, #188]	@ a530 <isp_vi_capture_off+0xc8>
    a470:	e28d2010 	add	r2, sp, #16
    a474:	e3a03001 	mov	r3, #1
    a478:	e1a06000 	mov	r6, r0
    a47c:	e5223004 	str	r3, [r2, #-4]!
    a480:	e5950008 	ldr	r0, [r5, #8]
    a484:	e59f10a8 	ldr	r1, [pc, #168]	@ a534 <isp_vi_capture_off+0xcc>
    a488:	ebfffcb0 	bl	9750 <isp_switch+0x13c>
    a48c:	e1a04000 	mov	r4, r0
    a490:	e3740001 	cmn	r4, #1
    a494:	e3a00004 	mov	r0, #4
    a498:	1a000002 	bne	a4a8 <isp_vi_capture_off+0x40>
    a49c:	e59f1094 	ldr	r1, [pc, #148]	@ a538 <isp_vi_capture_off+0xd0>
    a4a0:	ebffe85d 	bl	461c <ak_print@plt>
    a4a4:	ea00001e 	b	a524 <isp_vi_capture_off+0xbc>
    a4a8:	e3a03fbe 	mov	r3, #760	@ 0x2f8
    a4ac:	e59f1088 	ldr	r1, [pc, #136]	@ a53c <isp_vi_capture_off+0xd4>
    a4b0:	e59f2088 	ldr	r2, [pc, #136]	@ a540 <isp_vi_capture_off+0xd8>
    a4b4:	ebffe858 	bl	461c <ak_print@plt>
    a4b8:	e3a03005 	mov	r3, #5
    a4bc:	e3560003 	cmp	r6, #3
    a4c0:	e585300c 	str	r3, [r5, #12]
    a4c4:	0a000001 	beq	a4d0 <isp_vi_capture_off+0x68>
    a4c8:	e3a04000 	mov	r4, #0
    a4cc:	ea000014 	b	a524 <isp_vi_capture_off+0xbc>
    a4d0:	e59f406c 	ldr	r4, [pc, #108]	@ a544 <isp_vi_capture_off+0xdc>
    a4d4:	e5940000 	ldr	r0, [r4]
    a4d8:	e3500000 	cmp	r0, #0
    a4dc:	0a000002 	beq	a4ec <isp_vi_capture_off+0x84>
    a4e0:	ebffe922 	bl	4970 <free@plt>
    a4e4:	e3a03000 	mov	r3, #0
    a4e8:	e5843000 	str	r3, [r4]
    a4ec:	e5943060 	ldr	r3, [r4, #96]	@ 0x60
    a4f0:	e59f504c 	ldr	r5, [pc, #76]	@ a544 <isp_vi_capture_off+0xdc>
    a4f4:	e3530000 	cmp	r3, #0
    a4f8:	0afffff2 	beq	a4c8 <isp_vi_capture_off+0x60>
    a4fc:	e58d3000 	str	r3, [sp]
    a500:	e59f1040 	ldr	r1, [pc, #64]	@ a548 <isp_vi_capture_off+0xe0>
    a504:	e59f2034 	ldr	r2, [pc, #52]	@ a540 <isp_vi_capture_off+0xd8>
    a508:	e59f303c 	ldr	r3, [pc, #60]	@ a54c <isp_vi_capture_off+0xe4>
    a50c:	e3a00003 	mov	r0, #3
    a510:	ebffe841 	bl	461c <ak_print@plt>
    a514:	e3a04000 	mov	r4, #0
    a518:	e5950060 	ldr	r0, [r5, #96]	@ 0x60
    a51c:	ebffe8bf 	bl	4820 <akuio_free_pmem@plt>
    a520:	e5854060 	str	r4, [r5, #96]	@ 0x60
    a524:	e1a00004 	mov	r0, r4
    a528:	e28dd010 	add	sp, sp, #16
    a52c:	e8bd8070 	pop	{r4, r5, r6, pc}
    a530:	00015f84 	andeq	r5, r1, r4, lsl #31
    a534:	40045613 	andmi	r5, r4, r3, lsl r6
    a538:	0000d9aa 	andeq	sp, r0, sl, lsr #19
    a53c:	0000d9bc 			@ <UNDEFINED> instruction: 0x0000d9bc
    a540:	0000d56f 	andeq	sp, r0, pc, ror #10
    a544:	00018dbc 			@ <UNDEFINED> instruction: 0x00018dbc
    a548:	0000d9da 	ldrdeq	sp, [r0], -sl
    a54c:	00000302 	andeq	r0, r0, r2, lsl #6

0000a550 <isp_vi_reset_drop_frame>:
    a550:	e59f3008 	ldr	r3, [pc, #8]	@ a560 <isp_vi_reset_drop_frame+0x10>
    a554:	e3a02003 	mov	r2, #3
    a558:	e5832010 	str	r2, [r3, #16]
    a55c:	e12fff1e 	bx	lr
    a560:	00015f84 	andeq	r5, r1, r4, lsl #31

0000a564 <isp_vi_release_frame>:
    a564:	e59f3008 	ldr	r3, [pc, #8]	@ a574 <isp_vi_release_frame+0x10>
    a568:	e1a01000 	mov	r1, r0
    a56c:	e5930008 	ldr	r0, [r3, #8]
    a570:	eafffcb8 	b	9858 <isp_switch+0x244>
    a574:	00015f84 	andeq	r5, r1, r4, lsl #31

0000a578 <isp_vi_get_frame>:
    a578:	e92d40f0 	push	{r4, r5, r6, r7, lr}
    a57c:	e2504000 	subs	r4, r0, #0
    a580:	e24dd01c 	sub	sp, sp, #28
    a584:	03a00004 	moveq	r0, #4
    a588:	059f1148 	ldreq	r1, [pc, #328]	@ a6d8 <isp_vi_get_frame+0x160>
    a58c:	059f2148 	ldreq	r2, [pc, #328]	@ a6dc <isp_vi_get_frame+0x164>
    a590:	059f3148 	ldreq	r3, [pc, #328]	@ a6e0 <isp_vi_get_frame+0x168>
    a594:	0a00000f 	beq	a5d8 <isp_vi_get_frame+0x60>
    a598:	e59f5144 	ldr	r5, [pc, #324]	@ a6e4 <isp_vi_get_frame+0x16c>
    a59c:	e2850064 	add	r0, r5, #100	@ 0x64
    a5a0:	ebffe7d2 	bl	44f0 <ak_thread_mutex_lock@plt>
    a5a4:	ebfffd06 	bl	99c4 <isp_switch+0x3b0>
    a5a8:	e5953084 	ldr	r3, [r5, #132]	@ 0x84
    a5ac:	e2833001 	add	r3, r3, #1
    a5b0:	e5853084 	str	r3, [r5, #132]	@ 0x84
    a5b4:	e1a06000 	mov	r6, r0
    a5b8:	e2850064 	add	r0, r5, #100	@ 0x64
    a5bc:	ebffe6e7 	bl	4160 <ak_thread_mutex_unlock@plt>
    a5c0:	e3560000 	cmp	r6, #0
    a5c4:	1a000005 	bne	a5e0 <isp_vi_get_frame+0x68>
    a5c8:	e59f1118 	ldr	r1, [pc, #280]	@ a6e8 <isp_vi_get_frame+0x170>
    a5cc:	e59f2108 	ldr	r2, [pc, #264]	@ a6dc <isp_vi_get_frame+0x164>
    a5d0:	e59f3114 	ldr	r3, [pc, #276]	@ a6ec <isp_vi_get_frame+0x174>
    a5d4:	e3a00001 	mov	r0, #1
    a5d8:	ebffe80f 	bl	461c <ak_print@plt>
    a5dc:	ea00003a 	b	a6cc <isp_vi_get_frame+0x154>
    a5e0:	e5846000 	str	r6, [r4]
    a5e4:	e5963034 	ldr	r3, [r6, #52]	@ 0x34
    a5e8:	e3a02ffa 	mov	r2, #1000	@ 0x3e8
    a5ec:	e5843010 	str	r3, [r4, #16]
    a5f0:	e5960018 	ldr	r0, [r6, #24]
    a5f4:	e3a03000 	mov	r3, #0
    a5f8:	e1a01fc0 	asr	r1, r0, #31
    a5fc:	eb000346 	bl	b31c <isp_vi_stream_ctrl_off+0xac8>
    a600:	e5967014 	ldr	r7, [r6, #20]
    a604:	e3a03ffa 	mov	r3, #1000	@ 0x3e8
    a608:	e59f60e0 	ldr	r6, [pc, #224]	@ a6f0 <isp_vi_get_frame+0x178>
    a60c:	e0e10793 	smlal	r0, r1, r3, r7
    a610:	e5953084 	ldr	r3, [r5, #132]	@ 0x84
    a614:	e1c400f8 	strd	r0, [r4, #8]
    a618:	e5843014 	str	r3, [r4, #20]
    a61c:	e2840018 	add	r0, r4, #24
    a620:	ebffe848 	bl	4748 <ak_get_ostime@plt>
    a624:	e5960010 	ldr	r0, [r6, #16]
    a628:	e3500000 	cmp	r0, #0
    a62c:	0a000019 	beq	a698 <isp_vi_get_frame+0x120>
    a630:	e2850088 	add	r0, r5, #136	@ 0x88
    a634:	ebffe843 	bl	4748 <ak_get_ostime@plt>
    a638:	e285107c 	add	r1, r5, #124	@ 0x7c
    a63c:	e2850088 	add	r0, r5, #136	@ 0x88
    a640:	ebffe849 	bl	476c <ak_diff_ms_time@plt>
    a644:	e59f10a8 	ldr	r1, [pc, #168]	@ a6f4 <isp_vi_get_frame+0x17c>
    a648:	e59f208c 	ldr	r2, [pc, #140]	@ a6dc <isp_vi_get_frame+0x164>
    a64c:	e59f30a4 	ldr	r3, [pc, #164]	@ a6f8 <isp_vi_get_frame+0x180>
    a650:	e58d0000 	str	r0, [sp]
    a654:	e3a00003 	mov	r0, #3
    a658:	ebffe7ef 	bl	461c <ak_print@plt>
    a65c:	e5943014 	ldr	r3, [r4, #20]
    a660:	e3a00005 	mov	r0, #5
    a664:	e58d3000 	str	r3, [sp]
    a668:	e1c420d8 	ldrd	r2, [r4, #8]
    a66c:	e59f1088 	ldr	r1, [pc, #136]	@ a6fc <isp_vi_get_frame+0x184>
    a670:	e1cd20f8 	strd	r2, [sp, #8]
    a674:	e5963010 	ldr	r3, [r6, #16]
    a678:	e59f205c 	ldr	r2, [pc, #92]	@ a6dc <isp_vi_get_frame+0x164>
    a67c:	e58d3010 	str	r3, [sp, #16]
    a680:	e3a03fd3 	mov	r3, #844	@ 0x34c
    a684:	ebffe7e4 	bl	461c <ak_print@plt>
    a688:	e5963010 	ldr	r3, [r6, #16]
    a68c:	e2433001 	sub	r3, r3, #1
    a690:	e5863010 	str	r3, [r6, #16]
    a694:	ea00000a 	b	a6c4 <isp_vi_get_frame+0x14c>
    a698:	e1c420d8 	ldrd	r2, [r4, #8]
    a69c:	e1921003 	orrs	r1, r2, r3
    a6a0:	1a00000a 	bne	a6d0 <isp_vi_get_frame+0x158>
    a6a4:	e5941014 	ldr	r1, [r4, #20]
    a6a8:	e3a00005 	mov	r0, #5
    a6ac:	e1cd20f8 	strd	r2, [sp, #8]
    a6b0:	e59f2024 	ldr	r2, [pc, #36]	@ a6dc <isp_vi_get_frame+0x164>
    a6b4:	e58d1000 	str	r1, [sp]
    a6b8:	e59f3040 	ldr	r3, [pc, #64]	@ a700 <isp_vi_get_frame+0x188>
    a6bc:	e59f1040 	ldr	r1, [pc, #64]	@ a704 <isp_vi_get_frame+0x18c>
    a6c0:	ebffe7d5 	bl	461c <ak_print@plt>
    a6c4:	e5940000 	ldr	r0, [r4]
    a6c8:	ebffe6e9 	bl	4274 <isp_vi_release_frame@plt>
    a6cc:	e3e00000 	mvn	r0, #0
    a6d0:	e28dd01c 	add	sp, sp, #28
    a6d4:	e8bd80f0 	pop	{r4, r5, r6, r7, pc}
    a6d8:	0000d9f0 	strdeq	sp, [r0], -r0
    a6dc:	0000d582 	andeq	sp, r0, r2, lsl #11
    a6e0:	00000315 	andeq	r0, r0, r5, lsl r3
    a6e4:	00018dbc 			@ <UNDEFINED> instruction: 0x00018dbc
    a6e8:	0000da0a 	andeq	sp, r0, sl, lsl #20
    a6ec:	00000339 	andeq	r0, r0, r9, lsr r3
    a6f0:	00015f84 	andeq	r5, r1, r4, lsl #31
    a6f4:	0000da23 	andeq	sp, r0, r3, lsr #20
    a6f8:	0000034a 	andeq	r0, r0, sl, asr #6
    a6fc:	0000da53 	andeq	sp, r0, r3, asr sl
    a700:	0000035d 	andeq	r0, r0, sp, asr r3
    a704:	0000da8a 	andeq	sp, r0, sl, lsl #21

0000a708 <isp_vi_stream_ctrl_on>:
    a708:	e59f3118 	ldr	r3, [pc, #280]	@ a828 <isp_vi_stream_ctrl_on+0x120>
    a70c:	e92d40f0 	push	{r4, r5, r6, r7, lr}
    a710:	e59f7114 	ldr	r7, [pc, #276]	@ a82c <isp_vi_stream_ctrl_on+0x124>
    a714:	e24dd024 	sub	sp, sp, #36	@ 0x24
    a718:	e5930000 	ldr	r0, [r3]
    a71c:	e3a05001 	mov	r5, #1
    a720:	e58d5008 	str	r5, [sp, #8]
    a724:	ebffe6ff 	bl	4328 <fflush@plt>
    a728:	e3a01000 	mov	r1, #0
    a72c:	e3a02014 	mov	r2, #20
    a730:	e28d000c 	add	r0, sp, #12
    a734:	ebffe7c7 	bl	4658 <memset@plt>
    a738:	e3a06004 	mov	r6, #4
    a73c:	e3a03002 	mov	r3, #2
    a740:	e5970008 	ldr	r0, [r7, #8]
    a744:	e59f10e4 	ldr	r1, [pc, #228]	@ a830 <isp_vi_stream_ctrl_on+0x128>
    a748:	e28d200c 	add	r2, sp, #12
    a74c:	e58d600c 	str	r6, [sp, #12]
    a750:	e58d5010 	str	r5, [sp, #16]
    a754:	e58d3014 	str	r3, [sp, #20]
    a758:	ebfffbfc 	bl	9750 <isp_switch+0x13c>
    a75c:	e3700001 	cmn	r0, #1
    a760:	e1a04000 	mov	r4, r0
    a764:	1a000015 	bne	a7c0 <isp_vi_stream_ctrl_on+0xb8>
    a768:	e59f10c4 	ldr	r1, [pc, #196]	@ a834 <isp_vi_stream_ctrl_on+0x12c>
    a76c:	e59f20c4 	ldr	r2, [pc, #196]	@ a838 <isp_vi_stream_ctrl_on+0x130>
    a770:	e3a03e39 	mov	r3, #912	@ 0x390
    a774:	e1a00006 	mov	r0, r6
    a778:	ebffe7a7 	bl	461c <ak_print@plt>
    a77c:	ebffe818 	bl	47e4 <__errno_location@plt>
    a780:	e5900000 	ldr	r0, [r0]
    a784:	e3500016 	cmp	r0, #22
    a788:	1a000004 	bne	a7a0 <isp_vi_stream_ctrl_on+0x98>
    a78c:	e1a00006 	mov	r0, r6
    a790:	e59f10a4 	ldr	r1, [pc, #164]	@ a83c <isp_vi_stream_ctrl_on+0x134>
    a794:	e59f20a4 	ldr	r2, [pc, #164]	@ a840 <isp_vi_stream_ctrl_on+0x138>
    a798:	ebffe79f 	bl	461c <ak_print@plt>
    a79c:	ea00001e 	b	a81c <isp_vi_stream_ctrl_on+0x114>
    a7a0:	ebffe653 	bl	40f4 <strerror@plt>
    a7a4:	e59f1098 	ldr	r1, [pc, #152]	@ a844 <isp_vi_stream_ctrl_on+0x13c>
    a7a8:	e59f2088 	ldr	r2, [pc, #136]	@ a838 <isp_vi_stream_ctrl_on+0x130>
    a7ac:	e59f3094 	ldr	r3, [pc, #148]	@ a848 <isp_vi_stream_ctrl_on+0x140>
    a7b0:	e58d0000 	str	r0, [sp]
    a7b4:	e1a00005 	mov	r0, r5
    a7b8:	ebffe797 	bl	461c <ak_print@plt>
    a7bc:	ea000016 	b	a81c <isp_vi_stream_ctrl_on+0x114>
    a7c0:	e5970008 	ldr	r0, [r7, #8]
    a7c4:	ebfffbf2 	bl	9794 <isp_switch+0x180>
    a7c8:	e2504000 	subs	r4, r0, #0
    a7cc:	1a000011 	bne	a818 <isp_vi_stream_ctrl_on+0x110>
    a7d0:	e5970008 	ldr	r0, [r7, #8]
    a7d4:	e59f1070 	ldr	r1, [pc, #112]	@ a84c <isp_vi_stream_ctrl_on+0x144>
    a7d8:	e28d2008 	add	r2, sp, #8
    a7dc:	ebfffbdb 	bl	9750 <isp_switch+0x13c>
    a7e0:	e3700001 	cmn	r0, #1
    a7e4:	e1a06000 	mov	r6, r0
    a7e8:	1a00000b 	bne	a81c <isp_vi_stream_ctrl_on+0x114>
    a7ec:	ebffe7fc 	bl	47e4 <__errno_location@plt>
    a7f0:	e1a04006 	mov	r4, r6
    a7f4:	e5900000 	ldr	r0, [r0]
    a7f8:	ebffe63d 	bl	40f4 <strerror@plt>
    a7fc:	e59f104c 	ldr	r1, [pc, #76]	@ a850 <isp_vi_stream_ctrl_on+0x148>
    a800:	e59f2030 	ldr	r2, [pc, #48]	@ a838 <isp_vi_stream_ctrl_on+0x130>
    a804:	e3a03e3a 	mov	r3, #928	@ 0x3a0
    a808:	e58d0000 	str	r0, [sp]
    a80c:	e1a00005 	mov	r0, r5
    a810:	ebffe781 	bl	461c <ak_print@plt>
    a814:	ea000000 	b	a81c <isp_vi_stream_ctrl_on+0x114>
    a818:	e3e04000 	mvn	r4, #0
    a81c:	e1a00004 	mov	r0, r4
    a820:	e28dd024 	add	sp, sp, #36	@ 0x24
    a824:	e8bd80f0 	pop	{r4, r5, r6, r7, pc}
    a828:	00000000 	andeq	r0, r0, r0
    a82c:	00015f84 	andeq	r5, r1, r4, lsl #31
    a830:	c0145608 	andsgt	r5, r4, r8, lsl #12
    a834:	0000d827 	andeq	sp, r0, r7, lsr #16
    a838:	0000d593 	muleq	r0, r3, r5
    a83c:	0000d840 	andeq	sp, r0, r0, asr #16
    a840:	0000d69f 	muleq	r0, pc, r6	@ <UNPREDICTABLE>
    a844:	0000d866 	andeq	sp, r0, r6, ror #16
    a848:	00000395 	muleq	r0, r5, r3
    a84c:	40045612 	andmi	r5, r4, r2, lsl r6
    a850:	0000d93e 	andeq	sp, r0, lr, lsr r9

0000a854 <isp_vi_stream_ctrl_off>:
    a854:	e92d4037 	push	{r0, r1, r2, r4, r5, lr}
    a858:	e59f5060 	ldr	r5, [pc, #96]	@ a8c0 <isp_vi_stream_ctrl_off+0x6c>
    a85c:	e28d4008 	add	r4, sp, #8
    a860:	e3a03001 	mov	r3, #1
    a864:	e5243004 	str	r3, [r4, #-4]!
    a868:	e59f3054 	ldr	r3, [pc, #84]	@ a8c4 <isp_vi_stream_ctrl_off+0x70>
    a86c:	e5930000 	ldr	r0, [r3]
    a870:	ebffe6ac 	bl	4328 <fflush@plt>
    a874:	e1a02004 	mov	r2, r4
    a878:	e5950008 	ldr	r0, [r5, #8]
    a87c:	e59f1044 	ldr	r1, [pc, #68]	@ a8c8 <isp_vi_stream_ctrl_off+0x74>
    a880:	ebfffbb2 	bl	9750 <isp_switch+0x13c>
    a884:	e1a04000 	mov	r4, r0
    a888:	e3740001 	cmn	r4, #1
    a88c:	e3a00004 	mov	r0, #4
    a890:	1a000002 	bne	a8a0 <isp_vi_stream_ctrl_off+0x4c>
    a894:	e59f1030 	ldr	r1, [pc, #48]	@ a8cc <isp_vi_stream_ctrl_off+0x78>
    a898:	ebffe75f 	bl	461c <ak_print@plt>
    a89c:	ea000004 	b	a8b4 <isp_vi_stream_ctrl_off+0x60>
    a8a0:	e59f1028 	ldr	r1, [pc, #40]	@ a8d0 <isp_vi_stream_ctrl_off+0x7c>
    a8a4:	ebffe75c 	bl	461c <ak_print@plt>
    a8a8:	e3a04000 	mov	r4, #0
    a8ac:	e3a03005 	mov	r3, #5
    a8b0:	e585300c 	str	r3, [r5, #12]
    a8b4:	e1a00004 	mov	r0, r4
    a8b8:	e28dd00c 	add	sp, sp, #12
    a8bc:	e8bd8030 	pop	{r4, r5, pc}
    a8c0:	00015f84 	andeq	r5, r1, r4, lsl #31
    a8c4:	00000000 	andeq	r0, r0, r0
    a8c8:	40045613 	andmi	r5, r4, r3, lsl r6
    a8cc:	0000dac2 	andeq	sp, r0, r2, asr #21
    a8d0:	0000dad5 	ldrdeq	sp, [r0], -r5
    a8d4:	e2512001 	subs	r2, r1, #1
    a8d8:	012fff1e 	bxeq	lr
    a8dc:	3a000023 	bcc	a970 <isp_vi_stream_ctrl_off+0x11c>
    a8e0:	e1500001 	cmp	r0, r1
    a8e4:	9a00001a 	bls	a954 <isp_vi_stream_ctrl_off+0x100>
    a8e8:	e1110002 	tst	r1, r2
    a8ec:	0a00001b 	beq	a960 <isp_vi_stream_ctrl_off+0x10c>
    a8f0:	e16f3f11 	clz	r3, r1
    a8f4:	e16f2f10 	clz	r2, r0
    a8f8:	e0432002 	sub	r2, r3, r2
    a8fc:	e3a03001 	mov	r3, #1
    a900:	e1a01211 	lsl	r1, r1, r2
    a904:	e1a03213 	lsl	r3, r3, r2
    a908:	e3a02000 	mov	r2, #0
    a90c:	e1500001 	cmp	r0, r1
    a910:	20400001 	subcs	r0, r0, r1
    a914:	21822003 	orrcs	r2, r2, r3
    a918:	e15000a1 	cmp	r0, r1, lsr #1
    a91c:	204000a1 	subcs	r0, r0, r1, lsr #1
    a920:	218220a3 	orrcs	r2, r2, r3, lsr #1
    a924:	e1500121 	cmp	r0, r1, lsr #2
    a928:	20400121 	subcs	r0, r0, r1, lsr #2
    a92c:	21822123 	orrcs	r2, r2, r3, lsr #2
    a930:	e15001a1 	cmp	r0, r1, lsr #3
    a934:	204001a1 	subcs	r0, r0, r1, lsr #3
    a938:	218221a3 	orrcs	r2, r2, r3, lsr #3
    a93c:	e3500000 	cmp	r0, #0
    a940:	11b03223 	lsrsne	r3, r3, #4
    a944:	11a01221 	lsrne	r1, r1, #4
    a948:	1affffef 	bne	a90c <isp_vi_stream_ctrl_off+0xb8>
    a94c:	e1a00002 	mov	r0, r2
    a950:	e12fff1e 	bx	lr
    a954:	03a00001 	moveq	r0, #1
    a958:	13a00000 	movne	r0, #0
    a95c:	e12fff1e 	bx	lr
    a960:	e16f2f11 	clz	r2, r1
    a964:	e262201f 	rsb	r2, r2, #31
    a968:	e1a00230 	lsr	r0, r0, r2
    a96c:	e12fff1e 	bx	lr
    a970:	e3500000 	cmp	r0, #0
    a974:	13e00000 	mvnne	r0, #0
    a978:	ea000276 	b	b358 <isp_vi_stream_ctrl_off+0xb04>
    a97c:	e3510000 	cmp	r1, #0
    a980:	0afffffa 	beq	a970 <isp_vi_stream_ctrl_off+0x11c>
    a984:	e92d4003 	push	{r0, r1, lr}
    a988:	ebffffd1 	bl	a8d4 <isp_vi_stream_ctrl_off+0x80>
    a98c:	e8bd4006 	pop	{r1, r2, lr}
    a990:	e0030092 	mul	r3, r2, r0
    a994:	e0411003 	sub	r1, r1, r3
    a998:	e12fff1e 	bx	lr
    a99c:	e3510000 	cmp	r1, #0
    a9a0:	0a000030 	beq	aa68 <isp_vi_stream_ctrl_off+0x214>
    a9a4:	e020c001 	eor	ip, r0, r1
    a9a8:	42611000 	rsbmi	r1, r1, #0
    a9ac:	e2512001 	subs	r2, r1, #1
    a9b0:	0a00001f 	beq	aa34 <isp_vi_stream_ctrl_off+0x1e0>
    a9b4:	e1b03000 	movs	r3, r0
    a9b8:	42603000 	rsbmi	r3, r0, #0
    a9bc:	e1530001 	cmp	r3, r1
    a9c0:	9a00001e 	bls	aa40 <isp_vi_stream_ctrl_off+0x1ec>
    a9c4:	e1110002 	tst	r1, r2
    a9c8:	0a000020 	beq	aa50 <isp_vi_stream_ctrl_off+0x1fc>
    a9cc:	e16f2f11 	clz	r2, r1
    a9d0:	e16f0f13 	clz	r0, r3
    a9d4:	e0420000 	sub	r0, r2, r0
    a9d8:	e3a02001 	mov	r2, #1
    a9dc:	e1a01011 	lsl	r1, r1, r0
    a9e0:	e1a02012 	lsl	r2, r2, r0
    a9e4:	e3a00000 	mov	r0, #0
    a9e8:	e1530001 	cmp	r3, r1
    a9ec:	20433001 	subcs	r3, r3, r1
    a9f0:	21800002 	orrcs	r0, r0, r2
    a9f4:	e15300a1 	cmp	r3, r1, lsr #1
    a9f8:	204330a1 	subcs	r3, r3, r1, lsr #1
    a9fc:	218000a2 	orrcs	r0, r0, r2, lsr #1
    aa00:	e1530121 	cmp	r3, r1, lsr #2
    aa04:	20433121 	subcs	r3, r3, r1, lsr #2
    aa08:	21800122 	orrcs	r0, r0, r2, lsr #2
    aa0c:	e15301a1 	cmp	r3, r1, lsr #3
    aa10:	204331a1 	subcs	r3, r3, r1, lsr #3
    aa14:	218001a2 	orrcs	r0, r0, r2, lsr #3
    aa18:	e3530000 	cmp	r3, #0
    aa1c:	11b02222 	lsrsne	r2, r2, #4
    aa20:	11a01221 	lsrne	r1, r1, #4
    aa24:	1affffef 	bne	a9e8 <isp_vi_stream_ctrl_off+0x194>
    aa28:	e35c0000 	cmp	ip, #0
    aa2c:	42600000 	rsbmi	r0, r0, #0
    aa30:	e12fff1e 	bx	lr
    aa34:	e13c0000 	teq	ip, r0
    aa38:	42600000 	rsbmi	r0, r0, #0
    aa3c:	e12fff1e 	bx	lr
    aa40:	33a00000 	movcc	r0, #0
    aa44:	01a00fcc 	asreq	r0, ip, #31
    aa48:	03800001 	orreq	r0, r0, #1
    aa4c:	e12fff1e 	bx	lr
    aa50:	e16f2f11 	clz	r2, r1
    aa54:	e262201f 	rsb	r2, r2, #31
    aa58:	e35c0000 	cmp	ip, #0
    aa5c:	e1a00233 	lsr	r0, r3, r2
    aa60:	42600000 	rsbmi	r0, r0, #0
    aa64:	e12fff1e 	bx	lr
    aa68:	e3500000 	cmp	r0, #0
    aa6c:	c3e00102 	mvngt	r0, #-2147483648	@ 0x80000000
    aa70:	b3a00102 	movlt	r0, #-2147483648	@ 0x80000000
    aa74:	ea000237 	b	b358 <isp_vi_stream_ctrl_off+0xb04>
    aa78:	e3510000 	cmp	r1, #0
    aa7c:	0afffff9 	beq	aa68 <isp_vi_stream_ctrl_off+0x214>
    aa80:	e92d4003 	push	{r0, r1, lr}
    aa84:	ebffffc6 	bl	a9a4 <isp_vi_stream_ctrl_off+0x150>
    aa88:	e8bd4006 	pop	{r1, r2, lr}
    aa8c:	e0030092 	mul	r3, r2, r0
    aa90:	e0411003 	sub	r1, r1, r3
    aa94:	e12fff1e 	bx	lr
    aa98:	e2211102 	eor	r1, r1, #-2147483648	@ 0x80000000
    aa9c:	ea000000 	b	aaa4 <isp_vi_stream_ctrl_off+0x250>
    aaa0:	e2233102 	eor	r3, r3, #-2147483648	@ 0x80000000
    aaa4:	e92d4030 	push	{r4, r5, lr}
    aaa8:	e1a04081 	lsl	r4, r1, #1
    aaac:	e1a05083 	lsl	r5, r3, #1
    aab0:	e1340005 	teq	r4, r5
    aab4:	01300002 	teqeq	r0, r2
    aab8:	1194c000 	orrsne	ip, r4, r0
    aabc:	1195c002 	orrsne	ip, r5, r2
    aac0:	11f0cac4 	mvnsne	ip, r4, asr #21
    aac4:	11f0cac5 	mvnsne	ip, r5, asr #21
    aac8:	0a000079 	beq	acb4 <isp_vi_stream_ctrl_off+0x460>
    aacc:	e1a04aa4 	lsr	r4, r4, #21
    aad0:	e0745aa5 	rsbs	r5, r4, r5, lsr #21
    aad4:	b2655000 	rsblt	r5, r5, #0
    aad8:	da000006 	ble	aaf8 <isp_vi_stream_ctrl_off+0x2a4>
    aadc:	e0844005 	add	r4, r4, r5
    aae0:	e0202002 	eor	r2, r0, r2
    aae4:	e0213003 	eor	r3, r1, r3
    aae8:	e0220000 	eor	r0, r2, r0
    aaec:	e0231001 	eor	r1, r3, r1
    aaf0:	e0202002 	eor	r2, r0, r2
    aaf4:	e0213003 	eor	r3, r1, r3
    aaf8:	e3550036 	cmp	r5, #54	@ 0x36
    aafc:	88bd8030 	pophi	{r4, r5, pc}
    ab00:	e3110102 	tst	r1, #-2147483648	@ 0x80000000
    ab04:	e1a01601 	lsl	r1, r1, #12
    ab08:	e3a0c601 	mov	ip, #1048576	@ 0x100000
    ab0c:	e18c1621 	orr	r1, ip, r1, lsr #12
    ab10:	0a000001 	beq	ab1c <isp_vi_stream_ctrl_off+0x2c8>
    ab14:	e2700000 	rsbs	r0, r0, #0
    ab18:	e2e11000 	rsc	r1, r1, #0
    ab1c:	e3130102 	tst	r3, #-2147483648	@ 0x80000000
    ab20:	e1a03603 	lsl	r3, r3, #12
    ab24:	e18c3623 	orr	r3, ip, r3, lsr #12
    ab28:	0a000001 	beq	ab34 <isp_vi_stream_ctrl_off+0x2e0>
    ab2c:	e2722000 	rsbs	r2, r2, #0
    ab30:	e2e33000 	rsc	r3, r3, #0
    ab34:	e1340005 	teq	r4, r5
    ab38:	0a000057 	beq	ac9c <isp_vi_stream_ctrl_off+0x448>
    ab3c:	e2444001 	sub	r4, r4, #1
    ab40:	e275e020 	rsbs	lr, r5, #32
    ab44:	ba000005 	blt	ab60 <isp_vi_stream_ctrl_off+0x30c>
    ab48:	e1a0ce12 	lsl	ip, r2, lr
    ab4c:	e0900532 	adds	r0, r0, r2, lsr r5
    ab50:	e2a11000 	adc	r1, r1, #0
    ab54:	e0900e13 	adds	r0, r0, r3, lsl lr
    ab58:	e0b11553 	adcs	r1, r1, r3, asr r5
    ab5c:	ea000006 	b	ab7c <isp_vi_stream_ctrl_off+0x328>
    ab60:	e2455020 	sub	r5, r5, #32
    ab64:	e28ee020 	add	lr, lr, #32
    ab68:	e3520001 	cmp	r2, #1
    ab6c:	e1a0ce13 	lsl	ip, r3, lr
    ab70:	238cc002 	orrcs	ip, ip, #2
    ab74:	e0900553 	adds	r0, r0, r3, asr r5
    ab78:	e0b11fc3 	adcs	r1, r1, r3, asr #31
    ab7c:	e2015102 	and	r5, r1, #-2147483648	@ 0x80000000
    ab80:	5a000002 	bpl	ab90 <isp_vi_stream_ctrl_off+0x33c>
    ab84:	e27cc000 	rsbs	ip, ip, #0
    ab88:	e2f00000 	rscs	r0, r0, #0
    ab8c:	e2e11000 	rsc	r1, r1, #0
    ab90:	e3510601 	cmp	r1, #1048576	@ 0x100000
    ab94:	3a00000e 	bcc	abd4 <isp_vi_stream_ctrl_off+0x380>
    ab98:	e3510602 	cmp	r1, #2097152	@ 0x200000
    ab9c:	3a000006 	bcc	abbc <isp_vi_stream_ctrl_off+0x368>
    aba0:	e1b010a1 	lsrs	r1, r1, #1
    aba4:	e1b00060 	rrxs	r0, r0
    aba8:	e1a0c06c 	rrx	ip, ip
    abac:	e2844001 	add	r4, r4, #1
    abb0:	e1a02a84 	lsl	r2, r4, #21
    abb4:	e3720501 	cmn	r2, #4194304	@ 0x400000
    abb8:	2a000055 	bcs	ad14 <isp_vi_stream_ctrl_off+0x4c0>
    abbc:	e35c0102 	cmp	ip, #-2147483648	@ 0x80000000
    abc0:	01b0c0a0 	lsrseq	ip, r0, #1
    abc4:	e2b00000 	adcs	r0, r0, #0
    abc8:	e0a11a04 	adc	r1, r1, r4, lsl #20
    abcc:	e1811005 	orr	r1, r1, r5
    abd0:	e8bd8030 	pop	{r4, r5, pc}
    abd4:	e1b0c08c 	lsls	ip, ip, #1
    abd8:	e0b00000 	adcs	r0, r0, r0
    abdc:	e0a11001 	adc	r1, r1, r1
    abe0:	e3110601 	tst	r1, #1048576	@ 0x100000
    abe4:	e2444001 	sub	r4, r4, #1
    abe8:	1afffff3 	bne	abbc <isp_vi_stream_ctrl_off+0x368>
    abec:	e3310000 	teq	r1, #0
    abf0:	01a01000 	moveq	r1, r0
    abf4:	03a00000 	moveq	r0, #0
    abf8:	e16f3f11 	clz	r3, r1
    abfc:	02833020 	addeq	r3, r3, #32
    ac00:	e243300b 	sub	r3, r3, #11
    ac04:	e2532020 	subs	r2, r3, #32
    ac08:	aa000007 	bge	ac2c <isp_vi_stream_ctrl_off+0x3d8>
    ac0c:	e292200c 	adds	r2, r2, #12
    ac10:	da000004 	ble	ac28 <isp_vi_stream_ctrl_off+0x3d4>
    ac14:	e282c014 	add	ip, r2, #20
    ac18:	e262200c 	rsb	r2, r2, #12
    ac1c:	e1a00c11 	lsl	r0, r1, ip
    ac20:	e1a01231 	lsr	r1, r1, r2
    ac24:	ea000004 	b	ac3c <isp_vi_stream_ctrl_off+0x3e8>
    ac28:	e2822014 	add	r2, r2, #20
    ac2c:	d262c020 	rsble	ip, r2, #32
    ac30:	e1a01211 	lsl	r1, r1, r2
    ac34:	d1811c30 	orrle	r1, r1, r0, lsr ip
    ac38:	d1a00210 	lslle	r0, r0, r2
    ac3c:	e0544003 	subs	r4, r4, r3
    ac40:	a0811a04 	addge	r1, r1, r4, lsl #20
    ac44:	a1811005 	orrge	r1, r1, r5
    ac48:	a8bd8030 	popge	{r4, r5, pc}
    ac4c:	e1e04004 	mvn	r4, r4
    ac50:	e254401f 	subs	r4, r4, #31
    ac54:	aa00000d 	bge	ac90 <isp_vi_stream_ctrl_off+0x43c>
    ac58:	e294400c 	adds	r4, r4, #12
    ac5c:	ca000005 	bgt	ac78 <isp_vi_stream_ctrl_off+0x424>
    ac60:	e2844014 	add	r4, r4, #20
    ac64:	e2642020 	rsb	r2, r4, #32
    ac68:	e1a00430 	lsr	r0, r0, r4
    ac6c:	e1800211 	orr	r0, r0, r1, lsl r2
    ac70:	e1851431 	orr	r1, r5, r1, lsr r4
    ac74:	e8bd8030 	pop	{r4, r5, pc}
    ac78:	e264400c 	rsb	r4, r4, #12
    ac7c:	e2642020 	rsb	r2, r4, #32
    ac80:	e1a00230 	lsr	r0, r0, r2
    ac84:	e1800411 	orr	r0, r0, r1, lsl r4
    ac88:	e1a01005 	mov	r1, r5
    ac8c:	e8bd8030 	pop	{r4, r5, pc}
    ac90:	e1a00431 	lsr	r0, r1, r4
    ac94:	e1a01005 	mov	r1, r5
    ac98:	e8bd8030 	pop	{r4, r5, pc}
    ac9c:	e3340000 	teq	r4, #0
    aca0:	e2233601 	eor	r3, r3, #1048576	@ 0x100000
    aca4:	02211601 	eoreq	r1, r1, #1048576	@ 0x100000
    aca8:	02844001 	addeq	r4, r4, #1
    acac:	12455001 	subne	r5, r5, #1
    acb0:	eaffffa1 	b	ab3c <isp_vi_stream_ctrl_off+0x2e8>
    acb4:	e1f0cac4 	mvns	ip, r4, asr #21
    acb8:	11f0cac5 	mvnsne	ip, r5, asr #21
    acbc:	0a000018 	beq	ad24 <isp_vi_stream_ctrl_off+0x4d0>
    acc0:	e1340005 	teq	r4, r5
    acc4:	01300002 	teqeq	r0, r2
    acc8:	0a000003 	beq	acdc <isp_vi_stream_ctrl_off+0x488>
    accc:	e194c000 	orrs	ip, r4, r0
    acd0:	01a01003 	moveq	r1, r3
    acd4:	01a00002 	moveq	r0, r2
    acd8:	e8bd8030 	pop	{r4, r5, pc}
    acdc:	e1310003 	teq	r1, r3
    ace0:	13a01000 	movne	r1, #0
    ace4:	13a00000 	movne	r0, #0
    ace8:	18bd8030 	popne	{r4, r5, pc}
    acec:	e1b0caa4 	lsrs	ip, r4, #21
    acf0:	1a000003 	bne	ad04 <isp_vi_stream_ctrl_off+0x4b0>
    acf4:	e1b00080 	lsls	r0, r0, #1
    acf8:	e0b11001 	adcs	r1, r1, r1
    acfc:	23811102 	orrcs	r1, r1, #-2147483648	@ 0x80000000
    ad00:	e8bd8030 	pop	{r4, r5, pc}
    ad04:	e2944501 	adds	r4, r4, #4194304	@ 0x400000
    ad08:	32811601 	addcc	r1, r1, #1048576	@ 0x100000
    ad0c:	38bd8030 	popcc	{r4, r5, pc}
    ad10:	e2015102 	and	r5, r1, #-2147483648	@ 0x80000000
    ad14:	e385147f 	orr	r1, r5, #2130706432	@ 0x7f000000
    ad18:	e381160f 	orr	r1, r1, #15728640	@ 0xf00000
    ad1c:	e3a00000 	mov	r0, #0
    ad20:	e8bd8030 	pop	{r4, r5, pc}
    ad24:	e1f0cac4 	mvns	ip, r4, asr #21
    ad28:	11a01003 	movne	r1, r3
    ad2c:	11a00002 	movne	r0, r2
    ad30:	01f0cac5 	mvnseq	ip, r5, asr #21
    ad34:	11a03001 	movne	r3, r1
    ad38:	11a02000 	movne	r2, r0
    ad3c:	e1904601 	orrs	r4, r0, r1, lsl #12
    ad40:	01925603 	orrseq	r5, r2, r3, lsl #12
    ad44:	01310003 	teqeq	r1, r3
    ad48:	13811702 	orrne	r1, r1, #524288	@ 0x80000
    ad4c:	e8bd8030 	pop	{r4, r5, pc}
    ad50:	e3300000 	teq	r0, #0
    ad54:	03a01000 	moveq	r1, #0
    ad58:	012fff1e 	bxeq	lr
    ad5c:	e92d4030 	push	{r4, r5, lr}
    ad60:	e3a04b01 	mov	r4, #1024	@ 0x400
    ad64:	e2844032 	add	r4, r4, #50	@ 0x32
    ad68:	e3a05000 	mov	r5, #0
    ad6c:	e3a01000 	mov	r1, #0
    ad70:	eaffff9d 	b	abec <isp_vi_stream_ctrl_off+0x398>
    ad74:	e3300000 	teq	r0, #0
    ad78:	03a01000 	moveq	r1, #0
    ad7c:	012fff1e 	bxeq	lr
    ad80:	e92d4030 	push	{r4, r5, lr}
    ad84:	e3a04b01 	mov	r4, #1024	@ 0x400
    ad88:	e2844032 	add	r4, r4, #50	@ 0x32
    ad8c:	e2105102 	ands	r5, r0, #-2147483648	@ 0x80000000
    ad90:	42600000 	rsbmi	r0, r0, #0
    ad94:	e3a01000 	mov	r1, #0
    ad98:	eaffff93 	b	abec <isp_vi_stream_ctrl_off+0x398>
    ad9c:	e1b02080 	lsls	r2, r0, #1
    ada0:	e1a011c2 	asr	r1, r2, #3
    ada4:	e1a01061 	rrx	r1, r1
    ada8:	e1a00e02 	lsl	r0, r2, #28
    adac:	121234ff 	andsne	r3, r2, #-16777216	@ 0xff000000
    adb0:	133304ff 	teqne	r3, #-16777216	@ 0xff000000
    adb4:	1221130e 	eorne	r1, r1, #939524096	@ 0x38000000
    adb8:	112fff1e 	bxne	lr
    adbc:	e3320000 	teq	r2, #0
    adc0:	133304ff 	teqne	r3, #-16777216	@ 0xff000000
    adc4:	012fff1e 	bxeq	lr
    adc8:	e92d4030 	push	{r4, r5, lr}
    adcc:	e3a04d0e 	mov	r4, #896	@ 0x380
    add0:	e2015102 	and	r5, r1, #-2147483648	@ 0x80000000
    add4:	e3c11102 	bic	r1, r1, #-2147483648	@ 0x80000000
    add8:	eaffff83 	b	abec <isp_vi_stream_ctrl_off+0x398>
    addc:	e1902001 	orrs	r2, r0, r1
    ade0:	012fff1e 	bxeq	lr
    ade4:	e92d4030 	push	{r4, r5, lr}
    ade8:	e3a05000 	mov	r5, #0
    adec:	ea000006 	b	ae0c <isp_vi_stream_ctrl_off+0x5b8>
    adf0:	e1902001 	orrs	r2, r0, r1
    adf4:	012fff1e 	bxeq	lr
    adf8:	e92d4030 	push	{r4, r5, lr}
    adfc:	e2115102 	ands	r5, r1, #-2147483648	@ 0x80000000
    ae00:	5a000001 	bpl	ae0c <isp_vi_stream_ctrl_off+0x5b8>
    ae04:	e2700000 	rsbs	r0, r0, #0
    ae08:	e2e11000 	rsc	r1, r1, #0
    ae0c:	e3a04b01 	mov	r4, #1024	@ 0x400
    ae10:	e2844032 	add	r4, r4, #50	@ 0x32
    ae14:	e1b0cb21 	lsrs	ip, r1, #22
    ae18:	0affff5c 	beq	ab90 <isp_vi_stream_ctrl_off+0x33c>
    ae1c:	e3a02003 	mov	r2, #3
    ae20:	e1b0c1ac 	lsrs	ip, ip, #3
    ae24:	12822003 	addne	r2, r2, #3
    ae28:	e1b0c1ac 	lsrs	ip, ip, #3
    ae2c:	12822003 	addne	r2, r2, #3
    ae30:	e08221ac 	add	r2, r2, ip, lsr #3
    ae34:	e2623020 	rsb	r3, r2, #32
    ae38:	e1a0c310 	lsl	ip, r0, r3
    ae3c:	e1a00230 	lsr	r0, r0, r2
    ae40:	e1800311 	orr	r0, r0, r1, lsl r3
    ae44:	e1a01231 	lsr	r1, r1, r2
    ae48:	e0844002 	add	r4, r4, r2
    ae4c:	eaffff4f 	b	ab90 <isp_vi_stream_ctrl_off+0x33c>
    ae50:	e92d4070 	push	{r4, r5, r6, lr}
    ae54:	e3a0c0ff 	mov	ip, #255	@ 0xff
    ae58:	e38ccc07 	orr	ip, ip, #1792	@ 0x700
    ae5c:	e01c4a21 	ands	r4, ip, r1, lsr #20
    ae60:	101c5a23 	andsne	r5, ip, r3, lsr #20
    ae64:	1134000c 	teqne	r4, ip
    ae68:	1135000c 	teqne	r5, ip
    ae6c:	0b00006f 	bleq	b030 <isp_vi_stream_ctrl_off+0x7dc>
    ae70:	e0844005 	add	r4, r4, r5
    ae74:	e0216003 	eor	r6, r1, r3
    ae78:	e1c11a8c 	bic	r1, r1, ip, lsl #21
    ae7c:	e1c33a8c 	bic	r3, r3, ip, lsl #21
    ae80:	e1905601 	orrs	r5, r0, r1, lsl #12
    ae84:	11925603 	orrsne	r5, r2, r3, lsl #12
    ae88:	e3811601 	orr	r1, r1, #1048576	@ 0x100000
    ae8c:	e3833601 	orr	r3, r3, #1048576	@ 0x100000
    ae90:	0a00001c 	beq	af08 <isp_vi_stream_ctrl_off+0x6b4>
    ae94:	e08ec290 	umull	ip, lr, r0, r2
    ae98:	e3a05000 	mov	r5, #0
    ae9c:	e0a5e291 	umlal	lr, r5, r1, r2
    aea0:	e2062102 	and	r2, r6, #-2147483648	@ 0x80000000
    aea4:	e0a5e390 	umlal	lr, r5, r0, r3
    aea8:	e3a06000 	mov	r6, #0
    aeac:	e0a65391 	umlal	r5, r6, r1, r3
    aeb0:	e33c0000 	teq	ip, #0
    aeb4:	138ee001 	orrne	lr, lr, #1
    aeb8:	e24440ff 	sub	r4, r4, #255	@ 0xff
    aebc:	e3560c02 	cmp	r6, #512	@ 0x200
    aec0:	e2c44c03 	sbc	r4, r4, #768	@ 0x300
    aec4:	2a000002 	bcs	aed4 <isp_vi_stream_ctrl_off+0x680>
    aec8:	e1b0e08e 	lsls	lr, lr, #1
    aecc:	e0b55005 	adcs	r5, r5, r5
    aed0:	e0a66006 	adc	r6, r6, r6
    aed4:	e1821586 	orr	r1, r2, r6, lsl #11
    aed8:	e1811aa5 	orr	r1, r1, r5, lsr #21
    aedc:	e1a00585 	lsl	r0, r5, #11
    aee0:	e1800aae 	orr	r0, r0, lr, lsr #21
    aee4:	e1a0e58e 	lsl	lr, lr, #11
    aee8:	e254c0fd 	subs	ip, r4, #253	@ 0xfd
    aeec:	835c0c07 	cmphi	ip, #1792	@ 0x700
    aef0:	8a00000f 	bhi	af34 <isp_vi_stream_ctrl_off+0x6e0>
    aef4:	e35e0102 	cmp	lr, #-2147483648	@ 0x80000000
    aef8:	01b0e0a0 	lsrseq	lr, r0, #1
    aefc:	e2b00000 	adcs	r0, r0, #0
    af00:	e0a11a04 	adc	r1, r1, r4, lsl #20
    af04:	e8bd8070 	pop	{r4, r5, r6, pc}
    af08:	e2066102 	and	r6, r6, #-2147483648	@ 0x80000000
    af0c:	e1861001 	orr	r1, r6, r1
    af10:	e1800002 	orr	r0, r0, r2
    af14:	e0211003 	eor	r1, r1, r3
    af18:	e05440ac 	subs	r4, r4, ip, lsr #1
    af1c:	c074500c 	rsbsgt	r5, r4, ip
    af20:	c1811a04 	orrgt	r1, r1, r4, lsl #20
    af24:	c8bd8070 	popgt	{r4, r5, r6, pc}
    af28:	e3811601 	orr	r1, r1, #1048576	@ 0x100000
    af2c:	e3a0e000 	mov	lr, #0
    af30:	e2544001 	subs	r4, r4, #1
    af34:	ca000058 	bgt	b09c <isp_vi_stream_ctrl_off+0x848>
    af38:	e3740036 	cmn	r4, #54	@ 0x36
    af3c:	d3a00000 	movle	r0, #0
    af40:	d2011102 	andle	r1, r1, #-2147483648	@ 0x80000000
    af44:	d8bd8070 	pople	{r4, r5, r6, pc}
    af48:	e2644000 	rsb	r4, r4, #0
    af4c:	e2544020 	subs	r4, r4, #32
    af50:	aa000018 	bge	afb8 <isp_vi_stream_ctrl_off+0x764>
    af54:	e294400c 	adds	r4, r4, #12
    af58:	ca00000b 	bgt	af8c <isp_vi_stream_ctrl_off+0x738>
    af5c:	e2844014 	add	r4, r4, #20
    af60:	e2645020 	rsb	r5, r4, #32
    af64:	e1a03510 	lsl	r3, r0, r5
    af68:	e1a00430 	lsr	r0, r0, r4
    af6c:	e1800511 	orr	r0, r0, r1, lsl r5
    af70:	e2012102 	and	r2, r1, #-2147483648	@ 0x80000000
    af74:	e3c11102 	bic	r1, r1, #-2147483648	@ 0x80000000
    af78:	e0900fa3 	adds	r0, r0, r3, lsr #31
    af7c:	e0a21431 	adc	r1, r2, r1, lsr r4
    af80:	e19ee083 	orrs	lr, lr, r3, lsl #1
    af84:	01c00fa3 	biceq	r0, r0, r3, lsr #31
    af88:	e8bd8070 	pop	{r4, r5, r6, pc}
    af8c:	e264400c 	rsb	r4, r4, #12
    af90:	e2645020 	rsb	r5, r4, #32
    af94:	e1a03410 	lsl	r3, r0, r4
    af98:	e1a00530 	lsr	r0, r0, r5
    af9c:	e1800411 	orr	r0, r0, r1, lsl r4
    afa0:	e2011102 	and	r1, r1, #-2147483648	@ 0x80000000
    afa4:	e0900fa3 	adds	r0, r0, r3, lsr #31
    afa8:	e2a11000 	adc	r1, r1, #0
    afac:	e19ee083 	orrs	lr, lr, r3, lsl #1
    afb0:	01c00fa3 	biceq	r0, r0, r3, lsr #31
    afb4:	e8bd8070 	pop	{r4, r5, r6, pc}
    afb8:	e2645020 	rsb	r5, r4, #32
    afbc:	e18ee510 	orr	lr, lr, r0, lsl r5
    afc0:	e1a03430 	lsr	r3, r0, r4
    afc4:	e1833511 	orr	r3, r3, r1, lsl r5
    afc8:	e1a00431 	lsr	r0, r1, r4
    afcc:	e2011102 	and	r1, r1, #-2147483648	@ 0x80000000
    afd0:	e1c00431 	bic	r0, r0, r1, lsr r4
    afd4:	e0800fa3 	add	r0, r0, r3, lsr #31
    afd8:	e19ee083 	orrs	lr, lr, r3, lsl #1
    afdc:	01c00fa3 	biceq	r0, r0, r3, lsr #31
    afe0:	e8bd8070 	pop	{r4, r5, r6, pc}
    afe4:	e3340000 	teq	r4, #0
    afe8:	1a000008 	bne	b010 <isp_vi_stream_ctrl_off+0x7bc>
    afec:	e2016102 	and	r6, r1, #-2147483648	@ 0x80000000
    aff0:	e1b00080 	lsls	r0, r0, #1
    aff4:	e0a11001 	adc	r1, r1, r1
    aff8:	e3110601 	tst	r1, #1048576	@ 0x100000
    affc:	02444001 	subeq	r4, r4, #1
    b000:	0afffffa 	beq	aff0 <isp_vi_stream_ctrl_off+0x79c>
    b004:	e1811006 	orr	r1, r1, r6
    b008:	e3350000 	teq	r5, #0
    b00c:	112fff1e 	bxne	lr
    b010:	e2036102 	and	r6, r3, #-2147483648	@ 0x80000000
    b014:	e1b02082 	lsls	r2, r2, #1
    b018:	e0a33003 	adc	r3, r3, r3
    b01c:	e3130601 	tst	r3, #1048576	@ 0x100000
    b020:	02455001 	subeq	r5, r5, #1
    b024:	0afffffa 	beq	b014 <isp_vi_stream_ctrl_off+0x7c0>
    b028:	e1833006 	orr	r3, r3, r6
    b02c:	e12fff1e 	bx	lr
    b030:	e134000c 	teq	r4, ip
    b034:	e00c5a23 	and	r5, ip, r3, lsr #20
    b038:	1135000c 	teqne	r5, ip
    b03c:	0a000006 	beq	b05c <isp_vi_stream_ctrl_off+0x808>
    b040:	e1906081 	orrs	r6, r0, r1, lsl #1
    b044:	11926083 	orrsne	r6, r2, r3, lsl #1
    b048:	1affffe5 	bne	afe4 <isp_vi_stream_ctrl_off+0x790>
    b04c:	e0211003 	eor	r1, r1, r3
    b050:	e2011102 	and	r1, r1, #-2147483648	@ 0x80000000
    b054:	e3a00000 	mov	r0, #0
    b058:	e8bd8070 	pop	{r4, r5, r6, pc}
    b05c:	e1906081 	orrs	r6, r0, r1, lsl #1
    b060:	01a00002 	moveq	r0, r2
    b064:	01a01003 	moveq	r1, r3
    b068:	11926083 	orrsne	r6, r2, r3, lsl #1
    b06c:	0a00000f 	beq	b0b0 <isp_vi_stream_ctrl_off+0x85c>
    b070:	e134000c 	teq	r4, ip
    b074:	1a000001 	bne	b080 <isp_vi_stream_ctrl_off+0x82c>
    b078:	e1906601 	orrs	r6, r0, r1, lsl #12
    b07c:	1a00000b 	bne	b0b0 <isp_vi_stream_ctrl_off+0x85c>
    b080:	e135000c 	teq	r5, ip
    b084:	1a000003 	bne	b098 <isp_vi_stream_ctrl_off+0x844>
    b088:	e1926603 	orrs	r6, r2, r3, lsl #12
    b08c:	11a00002 	movne	r0, r2
    b090:	11a01003 	movne	r1, r3
    b094:	1a000005 	bne	b0b0 <isp_vi_stream_ctrl_off+0x85c>
    b098:	e0211003 	eor	r1, r1, r3
    b09c:	e2011102 	and	r1, r1, #-2147483648	@ 0x80000000
    b0a0:	e381147f 	orr	r1, r1, #2130706432	@ 0x7f000000
    b0a4:	e381160f 	orr	r1, r1, #15728640	@ 0xf00000
    b0a8:	e3a00000 	mov	r0, #0
    b0ac:	e8bd8070 	pop	{r4, r5, r6, pc}
    b0b0:	e381147f 	orr	r1, r1, #2130706432	@ 0x7f000000
    b0b4:	e381173e 	orr	r1, r1, #16252928	@ 0xf80000
    b0b8:	e8bd8070 	pop	{r4, r5, r6, pc}
    b0bc:	e92d4070 	push	{r4, r5, r6, lr}
    b0c0:	e3a0c0ff 	mov	ip, #255	@ 0xff
    b0c4:	e38ccc07 	orr	ip, ip, #1792	@ 0x700
    b0c8:	e01c4a21 	ands	r4, ip, r1, lsr #20
    b0cc:	101c5a23 	andsne	r5, ip, r3, lsr #20
    b0d0:	1134000c 	teqne	r4, ip
    b0d4:	1135000c 	teqne	r5, ip
    b0d8:	0b00005c 	bleq	b250 <isp_vi_stream_ctrl_off+0x9fc>
    b0dc:	e0444005 	sub	r4, r4, r5
    b0e0:	e021e003 	eor	lr, r1, r3
    b0e4:	e1925603 	orrs	r5, r2, r3, lsl #12
    b0e8:	e1a01601 	lsl	r1, r1, #12
    b0ec:	0a00004b 	beq	b220 <isp_vi_stream_ctrl_off+0x9cc>
    b0f0:	e1a03603 	lsl	r3, r3, #12
    b0f4:	e3a05201 	mov	r5, #268435456	@ 0x10000000
    b0f8:	e1853223 	orr	r3, r5, r3, lsr #4
    b0fc:	e1833c22 	orr	r3, r3, r2, lsr #24
    b100:	e1a02402 	lsl	r2, r2, #8
    b104:	e1855221 	orr	r5, r5, r1, lsr #4
    b108:	e1855c20 	orr	r5, r5, r0, lsr #24
    b10c:	e1a06400 	lsl	r6, r0, #8
    b110:	e20e1102 	and	r1, lr, #-2147483648	@ 0x80000000
    b114:	e1550003 	cmp	r5, r3
    b118:	01560002 	cmpeq	r6, r2
    b11c:	e2a440fd 	adc	r4, r4, #253	@ 0xfd
    b120:	e2844c03 	add	r4, r4, #768	@ 0x300
    b124:	2a000001 	bcs	b130 <isp_vi_stream_ctrl_off+0x8dc>
    b128:	e1b030a3 	lsrs	r3, r3, #1
    b12c:	e1a02062 	rrx	r2, r2
    b130:	e0566002 	subs	r6, r6, r2
    b134:	e0c55003 	sbc	r5, r5, r3
    b138:	e1b030a3 	lsrs	r3, r3, #1
    b13c:	e1a02062 	rrx	r2, r2
    b140:	e3a00601 	mov	r0, #1048576	@ 0x100000
    b144:	e3a0c702 	mov	ip, #524288	@ 0x80000
    b148:	e056e002 	subs	lr, r6, r2
    b14c:	e0d5e003 	sbcs	lr, r5, r3
    b150:	20466002 	subcs	r6, r6, r2
    b154:	21a0500e 	movcs	r5, lr
    b158:	2180000c 	orrcs	r0, r0, ip
    b15c:	e1b030a3 	lsrs	r3, r3, #1
    b160:	e1a02062 	rrx	r2, r2
    b164:	e056e002 	subs	lr, r6, r2
    b168:	e0d5e003 	sbcs	lr, r5, r3
    b16c:	20466002 	subcs	r6, r6, r2
    b170:	21a0500e 	movcs	r5, lr
    b174:	218000ac 	orrcs	r0, r0, ip, lsr #1
    b178:	e1b030a3 	lsrs	r3, r3, #1
    b17c:	e1a02062 	rrx	r2, r2
    b180:	e056e002 	subs	lr, r6, r2
    b184:	e0d5e003 	sbcs	lr, r5, r3
    b188:	20466002 	subcs	r6, r6, r2
    b18c:	21a0500e 	movcs	r5, lr
    b190:	2180012c 	orrcs	r0, r0, ip, lsr #2
    b194:	e1b030a3 	lsrs	r3, r3, #1
    b198:	e1a02062 	rrx	r2, r2
    b19c:	e056e002 	subs	lr, r6, r2
    b1a0:	e0d5e003 	sbcs	lr, r5, r3
    b1a4:	20466002 	subcs	r6, r6, r2
    b1a8:	21a0500e 	movcs	r5, lr
    b1ac:	218001ac 	orrcs	r0, r0, ip, lsr #3
    b1b0:	e195e006 	orrs	lr, r5, r6
    b1b4:	0a00000d 	beq	b1f0 <isp_vi_stream_ctrl_off+0x99c>
    b1b8:	e1a05205 	lsl	r5, r5, #4
    b1bc:	e1855e26 	orr	r5, r5, r6, lsr #28
    b1c0:	e1a06206 	lsl	r6, r6, #4
    b1c4:	e1a03183 	lsl	r3, r3, #3
    b1c8:	e1833ea2 	orr	r3, r3, r2, lsr #29
    b1cc:	e1a02182 	lsl	r2, r2, #3
    b1d0:	e1b0c22c 	lsrs	ip, ip, #4
    b1d4:	1affffdb 	bne	b148 <isp_vi_stream_ctrl_off+0x8f4>
    b1d8:	e3110601 	tst	r1, #1048576	@ 0x100000
    b1dc:	1a000006 	bne	b1fc <isp_vi_stream_ctrl_off+0x9a8>
    b1e0:	e1811000 	orr	r1, r1, r0
    b1e4:	e3a00000 	mov	r0, #0
    b1e8:	e3a0c102 	mov	ip, #-2147483648	@ 0x80000000
    b1ec:	eaffffd5 	b	b148 <isp_vi_stream_ctrl_off+0x8f4>
    b1f0:	e3110601 	tst	r1, #1048576	@ 0x100000
    b1f4:	01811000 	orreq	r1, r1, r0
    b1f8:	03a00000 	moveq	r0, #0
    b1fc:	e254c0fd 	subs	ip, r4, #253	@ 0xfd
    b200:	835c0c07 	cmphi	ip, #1792	@ 0x700
    b204:	8affff4a 	bhi	af34 <isp_vi_stream_ctrl_off+0x6e0>
    b208:	e055c003 	subs	ip, r5, r3
    b20c:	0056c002 	subseq	ip, r6, r2
    b210:	01b0c0a0 	lsrseq	ip, r0, #1
    b214:	e2b00000 	adcs	r0, r0, #0
    b218:	e0a11a04 	adc	r1, r1, r4, lsl #20
    b21c:	e8bd8070 	pop	{r4, r5, r6, pc}
    b220:	e20ee102 	and	lr, lr, #-2147483648	@ 0x80000000
    b224:	e18e1621 	orr	r1, lr, r1, lsr #12
    b228:	e09440ac 	adds	r4, r4, ip, lsr #1
    b22c:	c074500c 	rsbsgt	r5, r4, ip
    b230:	c1811a04 	orrgt	r1, r1, r4, lsl #20
    b234:	c8bd8070 	popgt	{r4, r5, r6, pc}
    b238:	e3811601 	orr	r1, r1, #1048576	@ 0x100000
    b23c:	e3a0e000 	mov	lr, #0
    b240:	e2544001 	subs	r4, r4, #1
    b244:	eaffff3a 	b	af34 <isp_vi_stream_ctrl_off+0x6e0>
    b248:	e185e006 	orr	lr, r5, r6
    b24c:	eaffff38 	b	af34 <isp_vi_stream_ctrl_off+0x6e0>
    b250:	e00c5a23 	and	r5, ip, r3, lsr #20
    b254:	e134000c 	teq	r4, ip
    b258:	0135000c 	teqeq	r5, ip
    b25c:	0affff93 	beq	b0b0 <isp_vi_stream_ctrl_off+0x85c>
    b260:	e134000c 	teq	r4, ip
    b264:	1a000006 	bne	b284 <isp_vi_stream_ctrl_off+0xa30>
    b268:	e1904601 	orrs	r4, r0, r1, lsl #12
    b26c:	1affff8f 	bne	b0b0 <isp_vi_stream_ctrl_off+0x85c>
    b270:	e135000c 	teq	r5, ip
    b274:	1affff87 	bne	b098 <isp_vi_stream_ctrl_off+0x844>
    b278:	e1a00002 	mov	r0, r2
    b27c:	e1a01003 	mov	r1, r3
    b280:	eaffff8a 	b	b0b0 <isp_vi_stream_ctrl_off+0x85c>
    b284:	e135000c 	teq	r5, ip
    b288:	1a000004 	bne	b2a0 <isp_vi_stream_ctrl_off+0xa4c>
    b28c:	e1925603 	orrs	r5, r2, r3, lsl #12
    b290:	0affff6d 	beq	b04c <isp_vi_stream_ctrl_off+0x7f8>
    b294:	e1a00002 	mov	r0, r2
    b298:	e1a01003 	mov	r1, r3
    b29c:	eaffff83 	b	b0b0 <isp_vi_stream_ctrl_off+0x85c>
    b2a0:	e1906081 	orrs	r6, r0, r1, lsl #1
    b2a4:	11926083 	orrsne	r6, r2, r3, lsl #1
    b2a8:	1affff4d 	bne	afe4 <isp_vi_stream_ctrl_off+0x790>
    b2ac:	e1904081 	orrs	r4, r0, r1, lsl #1
    b2b0:	1affff78 	bne	b098 <isp_vi_stream_ctrl_off+0x844>
    b2b4:	e1925083 	orrs	r5, r2, r3, lsl #1
    b2b8:	1affff63 	bne	b04c <isp_vi_stream_ctrl_off+0x7f8>
    b2bc:	eaffff7b 	b	b0b0 <isp_vi_stream_ctrl_off+0x85c>
    b2c0:	e1a02081 	lsl	r2, r1, #1
    b2c4:	e2922602 	adds	r2, r2, #2097152	@ 0x200000
    b2c8:	2a00000c 	bcs	b300 <isp_vi_stream_ctrl_off+0xaac>
    b2cc:	5a000009 	bpl	b2f8 <isp_vi_stream_ctrl_off+0xaa4>
    b2d0:	e3e03e3e 	mvn	r3, #992	@ 0x3e0
    b2d4:	e0532ac2 	subs	r2, r3, r2, asr #21
    b2d8:	9a00000a 	bls	b308 <isp_vi_stream_ctrl_off+0xab4>
    b2dc:	e1a03581 	lsl	r3, r1, #11
    b2e0:	e3833102 	orr	r3, r3, #-2147483648	@ 0x80000000
    b2e4:	e1833aa0 	orr	r3, r3, r0, lsr #21
    b2e8:	e3110102 	tst	r1, #-2147483648	@ 0x80000000
    b2ec:	e1a00233 	lsr	r0, r3, r2
    b2f0:	12600000 	rsbne	r0, r0, #0
    b2f4:	e12fff1e 	bx	lr
    b2f8:	e3a00000 	mov	r0, #0
    b2fc:	e12fff1e 	bx	lr
    b300:	e1900601 	orrs	r0, r0, r1, lsl #12
    b304:	1a000002 	bne	b314 <isp_vi_stream_ctrl_off+0xac0>
    b308:	e2110102 	ands	r0, r1, #-2147483648	@ 0x80000000
    b30c:	03e00102 	mvneq	r0, #-2147483648	@ 0x80000000
    b310:	e12fff1e 	bx	lr
    b314:	e3a00000 	mov	r0, #0
    b318:	e12fff1e 	bx	lr
    b31c:	e3530000 	cmp	r3, #0
    b320:	03520000 	cmpeq	r2, #0
    b324:	1a000004 	bne	b33c <isp_vi_stream_ctrl_off+0xae8>
    b328:	e3510000 	cmp	r1, #0
    b32c:	03500000 	cmpeq	r0, #0
    b330:	13e01000 	mvnne	r1, #0
    b334:	13e00000 	mvnne	r0, #0
    b338:	ea000006 	b	b358 <isp_vi_stream_ctrl_off+0xb04>
    b33c:	e24dd008 	sub	sp, sp, #8
    b340:	e92d6000 	push	{sp, lr}
    b344:	eb000016 	bl	b3a4 <isp_vi_stream_ctrl_off+0xb50>
    b348:	e59de004 	ldr	lr, [sp, #4]
    b34c:	e28dd008 	add	sp, sp, #8
    b350:	e8bd000c 	pop	{r2, r3}
    b354:	e12fff1e 	bx	lr
    b358:	e92d4002 	push	{r1, lr}
    b35c:	e3a00008 	mov	r0, #8
    b360:	ebffe57f 	bl	4964 <raise@plt>
    b364:	e8bd8002 	pop	{r1, pc}
    b368:	e92d41f0 	push	{r4, r5, r6, r7, r8, lr}
    b36c:	e1a08002 	mov	r8, r2
    b370:	e1a04003 	mov	r4, r3
    b374:	e1a06000 	mov	r6, r0
    b378:	e1a07001 	mov	r7, r1
    b37c:	eb000017 	bl	b3e0 <isp_vi_stream_ctrl_off+0xb8c>
    b380:	e0030198 	mul	r3, r8, r1
    b384:	e0233490 	mla	r3, r0, r4, r3
    b388:	e0854098 	umull	r4, r5, r8, r0
    b38c:	e0835005 	add	r5, r3, r5
    b390:	e59d3018 	ldr	r3, [sp, #24]
    b394:	e0564004 	subs	r4, r6, r4
    b398:	e0c75005 	sbc	r5, r7, r5
    b39c:	e1c340f0 	strd	r4, [r3]
    b3a0:	e8bd81f0 	pop	{r4, r5, r6, r7, r8, pc}
    b3a4:	e92d41f0 	push	{r4, r5, r6, r7, r8, lr}
    b3a8:	e1a08002 	mov	r8, r2
    b3ac:	e1a06000 	mov	r6, r0
    b3b0:	e1a07001 	mov	r7, r1
    b3b4:	e1a04003 	mov	r4, r3
    b3b8:	eb00012e 	bl	b878 <isp_vi_stream_ctrl_off+0x1024>
    b3bc:	e0040490 	mul	r4, r0, r4
    b3c0:	e0234198 	mla	r3, r8, r1, r4
    b3c4:	e0854890 	umull	r4, r5, r0, r8
    b3c8:	e0835005 	add	r5, r3, r5
    b3cc:	e59d3018 	ldr	r3, [sp, #24]
    b3d0:	e0564004 	subs	r4, r6, r4
    b3d4:	e0c75005 	sbc	r5, r7, r5
    b3d8:	e1c340f0 	strd	r4, [r3]
    b3dc:	e8bd81f0 	pop	{r4, r5, r6, r7, r8, pc}
    b3e0:	e3510000 	cmp	r1, #0
    b3e4:	e92d4ff0 	push	{r4, r5, r6, r7, r8, r9, sl, fp, lr}
    b3e8:	e1a0c002 	mov	ip, r2
    b3ec:	e24dd014 	sub	sp, sp, #20
    b3f0:	e1a05000 	mov	r5, r0
    b3f4:	e1a07001 	mov	r7, r1
    b3f8:	e1a08003 	mov	r8, r3
    b3fc:	a3a04000 	movge	r4, #0
    b400:	aa000004 	bge	b418 <isp_vi_stream_ctrl_off+0xbc4>
    b404:	e2700000 	rsbs	r0, r0, #0
    b408:	e2e11000 	rsc	r1, r1, #0
    b40c:	e1a05000 	mov	r5, r0
    b410:	e1a07001 	mov	r7, r1
    b414:	e3e04000 	mvn	r4, #0
    b418:	e3530000 	cmp	r3, #0
    b41c:	aa000004 	bge	b434 <isp_vi_stream_ctrl_off+0xbe0>
    b420:	e2722000 	rsbs	r2, r2, #0
    b424:	e2e33000 	rsc	r3, r3, #0
    b428:	e1e04004 	mvn	r4, r4
    b42c:	e1a0c002 	mov	ip, r2
    b430:	e1a08003 	mov	r8, r3
    b434:	e3580000 	cmp	r8, #0
    b438:	e1a0600c 	mov	r6, ip
    b43c:	e1a09005 	mov	r9, r5
    b440:	e1a0a007 	mov	sl, r7
    b444:	1a0000a8 	bne	b6ec <isp_vi_stream_ctrl_off+0xe98>
    b448:	e15c0007 	cmp	ip, r7
    b44c:	9a000032 	bls	b51c <isp_vi_stream_ctrl_off+0xcc8>
    b450:	e16f3f1c 	clz	r3, ip
    b454:	e3530000 	cmp	r3, #0
    b458:	12632020 	rsbne	r2, r3, #32
    b45c:	11a02235 	lsrne	r2, r5, r2
    b460:	11a0631c 	lslne	r6, ip, r3
    b464:	1182a317 	orrne	sl, r2, r7, lsl r3
    b468:	11a09315 	lslne	r9, r5, r3
    b46c:	e1a05826 	lsr	r5, r6, #16
    b470:	e1a0000a 	mov	r0, sl
    b474:	e1a01005 	mov	r1, r5
    b478:	ebfffd15 	bl	a8d4 <isp_vi_stream_ctrl_off+0x80>
    b47c:	e1a08806 	lsl	r8, r6, #16
    b480:	e1a08828 	lsr	r8, r8, #16
    b484:	e1a01005 	mov	r1, r5
    b488:	e1a07000 	mov	r7, r0
    b48c:	e00b0098 	mul	fp, r8, r0
    b490:	e1a0000a 	mov	r0, sl
    b494:	ebfffd38 	bl	a97c <isp_vi_stream_ctrl_off+0x128>
    b498:	e1a03829 	lsr	r3, r9, #16
    b49c:	e1831801 	orr	r1, r3, r1, lsl #16
    b4a0:	e151000b 	cmp	r1, fp
    b4a4:	21a0a007 	movcs	sl, r7
    b4a8:	2a000005 	bcs	b4c4 <isp_vi_stream_ctrl_off+0xc70>
    b4ac:	e0911006 	adds	r1, r1, r6
    b4b0:	e247a001 	sub	sl, r7, #1
    b4b4:	2a000002 	bcs	b4c4 <isp_vi_stream_ctrl_off+0xc70>
    b4b8:	e151000b 	cmp	r1, fp
    b4bc:	3247a002 	subcc	sl, r7, #2
    b4c0:	30811006 	addcc	r1, r1, r6
    b4c4:	e06bb001 	rsb	fp, fp, r1
    b4c8:	e1a0000b 	mov	r0, fp
    b4cc:	e1a01005 	mov	r1, r5
    b4d0:	ebfffcff 	bl	a8d4 <isp_vi_stream_ctrl_off+0x80>
    b4d4:	e1a01005 	mov	r1, r5
    b4d8:	e1a09809 	lsl	r9, r9, #16
    b4dc:	e1a09829 	lsr	r9, r9, #16
    b4e0:	e1a07000 	mov	r7, r0
    b4e4:	e0080890 	mul	r8, r0, r8
    b4e8:	e1a0000b 	mov	r0, fp
    b4ec:	ebfffd22 	bl	a97c <isp_vi_stream_ctrl_off+0x128>
    b4f0:	e1891801 	orr	r1, r9, r1, lsl #16
    b4f4:	e1510008 	cmp	r1, r8
    b4f8:	21a0c007 	movcs	ip, r7
    b4fc:	2a000004 	bcs	b514 <isp_vi_stream_ctrl_off+0xcc0>
    b500:	e0916006 	adds	r6, r1, r6
    b504:	e247c001 	sub	ip, r7, #1
    b508:	2a000001 	bcs	b514 <isp_vi_stream_ctrl_off+0xcc0>
    b50c:	e1560008 	cmp	r6, r8
    b510:	3247c002 	subcc	ip, r7, #2
    b514:	e18cc80a 	orr	ip, ip, sl, lsl #16
    b518:	ea0000ca 	b	b848 <isp_vi_stream_ctrl_off+0xff4>
    b51c:	e35c0000 	cmp	ip, #0
    b520:	1a000003 	bne	b534 <isp_vi_stream_ctrl_off+0xce0>
    b524:	e3a00001 	mov	r0, #1
    b528:	e1a01008 	mov	r1, r8
    b52c:	ebfffce8 	bl	a8d4 <isp_vi_stream_ctrl_off+0x80>
    b530:	e1a06000 	mov	r6, r0
    b534:	e16f3f16 	clz	r3, r6
    b538:	e3530000 	cmp	r3, #0
    b53c:	00663007 	rsbeq	r3, r6, r7
    b540:	03a05001 	moveq	r5, #1
    b544:	0a000038 	beq	b62c <isp_vi_stream_ctrl_off+0xdd8>
    b548:	e1a06316 	lsl	r6, r6, r3
    b54c:	e2631020 	rsb	r1, r3, #32
    b550:	e1a02137 	lsr	r2, r7, r1
    b554:	e1a01135 	lsr	r1, r5, r1
    b558:	e1a08826 	lsr	r8, r6, #16
    b55c:	e1817317 	orr	r7, r1, r7, lsl r3
    b560:	e1a00002 	mov	r0, r2
    b564:	e1a01008 	mov	r1, r8
    b568:	e1a09315 	lsl	r9, r5, r3
    b56c:	e58d2004 	str	r2, [sp, #4]
    b570:	ebfffcd7 	bl	a8d4 <isp_vi_stream_ctrl_off+0x80>
    b574:	e1a0b806 	lsl	fp, r6, #16
    b578:	e59d2004 	ldr	r2, [sp, #4]
    b57c:	e1a0b82b 	lsr	fp, fp, #16
    b580:	e1a01008 	mov	r1, r8
    b584:	e00c009b 	mul	ip, fp, r0
    b588:	e1a0a000 	mov	sl, r0
    b58c:	e1a00002 	mov	r0, r2
    b590:	e58dc00c 	str	ip, [sp, #12]
    b594:	ebfffcf8 	bl	a97c <isp_vi_stream_ctrl_off+0x128>
    b598:	e59dc00c 	ldr	ip, [sp, #12]
    b59c:	e1a03827 	lsr	r3, r7, #16
    b5a0:	e1831801 	orr	r1, r3, r1, lsl #16
    b5a4:	e151000c 	cmp	r1, ip
    b5a8:	21a0500a 	movcs	r5, sl
    b5ac:	2a000005 	bcs	b5c8 <isp_vi_stream_ctrl_off+0xd74>
    b5b0:	e0911006 	adds	r1, r1, r6
    b5b4:	e24a5001 	sub	r5, sl, #1
    b5b8:	2a000002 	bcs	b5c8 <isp_vi_stream_ctrl_off+0xd74>
    b5bc:	e151000c 	cmp	r1, ip
    b5c0:	324a5002 	subcc	r5, sl, #2
    b5c4:	30811006 	addcc	r1, r1, r6
    b5c8:	e06c3001 	rsb	r3, ip, r1
    b5cc:	e1a00003 	mov	r0, r3
    b5d0:	e1a01008 	mov	r1, r8
    b5d4:	e58d3008 	str	r3, [sp, #8]
    b5d8:	ebfffcbd 	bl	a8d4 <isp_vi_stream_ctrl_off+0x80>
    b5dc:	e59d3008 	ldr	r3, [sp, #8]
    b5e0:	e1a01008 	mov	r1, r8
    b5e4:	e1a07807 	lsl	r7, r7, #16
    b5e8:	e1a07827 	lsr	r7, r7, #16
    b5ec:	e1a0a000 	mov	sl, r0
    b5f0:	e00b0b90 	mul	fp, r0, fp
    b5f4:	e1a00003 	mov	r0, r3
    b5f8:	ebfffcdf 	bl	a97c <isp_vi_stream_ctrl_off+0x128>
    b5fc:	e1871801 	orr	r1, r7, r1, lsl #16
    b600:	e151000b 	cmp	r1, fp
    b604:	21a0200a 	movcs	r2, sl
    b608:	2a000005 	bcs	b624 <isp_vi_stream_ctrl_off+0xdd0>
    b60c:	e0911006 	adds	r1, r1, r6
    b610:	e24a2001 	sub	r2, sl, #1
    b614:	2a000002 	bcs	b624 <isp_vi_stream_ctrl_off+0xdd0>
    b618:	e151000b 	cmp	r1, fp
    b61c:	324a2002 	subcc	r2, sl, #2
    b620:	30811006 	addcc	r1, r1, r6
    b624:	e06b3001 	rsb	r3, fp, r1
    b628:	e1825805 	orr	r5, r2, r5, lsl #16
    b62c:	e1a08826 	lsr	r8, r6, #16
    b630:	e1a00003 	mov	r0, r3
    b634:	e1a01008 	mov	r1, r8
    b638:	e58d3008 	str	r3, [sp, #8]
    b63c:	ebfffca4 	bl	a8d4 <isp_vi_stream_ctrl_off+0x80>
    b640:	e59d3008 	ldr	r3, [sp, #8]
    b644:	e1a0a806 	lsl	sl, r6, #16
    b648:	e1a0a82a 	lsr	sl, sl, #16
    b64c:	e1a01008 	mov	r1, r8
    b650:	e1a0b000 	mov	fp, r0
    b654:	e007009a 	mul	r7, sl, r0
    b658:	e1a00003 	mov	r0, r3
    b65c:	ebfffcc6 	bl	a97c <isp_vi_stream_ctrl_off+0x128>
    b660:	e1a03829 	lsr	r3, r9, #16
    b664:	e1831801 	orr	r1, r3, r1, lsl #16
    b668:	e1510007 	cmp	r1, r7
    b66c:	21a0200b 	movcs	r2, fp
    b670:	2a000005 	bcs	b68c <isp_vi_stream_ctrl_off+0xe38>
    b674:	e0911006 	adds	r1, r1, r6
    b678:	e24b2001 	sub	r2, fp, #1
    b67c:	2a000002 	bcs	b68c <isp_vi_stream_ctrl_off+0xe38>
    b680:	e1510007 	cmp	r1, r7
    b684:	324b2002 	subcc	r2, fp, #2
    b688:	30811006 	addcc	r1, r1, r6
    b68c:	e067b001 	rsb	fp, r7, r1
    b690:	e1a0000b 	mov	r0, fp
    b694:	e1a01008 	mov	r1, r8
    b698:	e58d2004 	str	r2, [sp, #4]
    b69c:	ebfffc8c 	bl	a8d4 <isp_vi_stream_ctrl_off+0x80>
    b6a0:	e1a01008 	mov	r1, r8
    b6a4:	e1a09809 	lsl	r9, r9, #16
    b6a8:	e1a09829 	lsr	r9, r9, #16
    b6ac:	e1a07000 	mov	r7, r0
    b6b0:	e00a0a90 	mul	sl, r0, sl
    b6b4:	e1a0000b 	mov	r0, fp
    b6b8:	ebfffcaf 	bl	a97c <isp_vi_stream_ctrl_off+0x128>
    b6bc:	e59d2004 	ldr	r2, [sp, #4]
    b6c0:	e1891801 	orr	r1, r9, r1, lsl #16
    b6c4:	e151000a 	cmp	r1, sl
    b6c8:	21a0c007 	movcs	ip, r7
    b6cc:	2a000004 	bcs	b6e4 <isp_vi_stream_ctrl_off+0xe90>
    b6d0:	e0916006 	adds	r6, r1, r6
    b6d4:	e247c001 	sub	ip, r7, #1
    b6d8:	2a000001 	bcs	b6e4 <isp_vi_stream_ctrl_off+0xe90>
    b6dc:	e156000a 	cmp	r6, sl
    b6e0:	3247c002 	subcc	ip, r7, #2
    b6e4:	e18cc802 	orr	ip, ip, r2, lsl #16
    b6e8:	ea00005a 	b	b858 <isp_vi_stream_ctrl_off+0x1004>
    b6ec:	e1580007 	cmp	r8, r7
    b6f0:	8a000056 	bhi	b850 <isp_vi_stream_ctrl_off+0xffc>
    b6f4:	e16f9f18 	clz	r9, r8
    b6f8:	e3590000 	cmp	r9, #0
    b6fc:	1a000007 	bne	b720 <isp_vi_stream_ctrl_off+0xecc>
    b700:	e1570008 	cmp	r7, r8
    b704:	9155000c 	cmpls	r5, ip
    b708:	33a05000 	movcc	r5, #0
    b70c:	23a05001 	movcs	r5, #1
    b710:	23a0c001 	movcs	ip, #1
    b714:	21a05009 	movcs	r5, r9
    b718:	2a00004e 	bcs	b858 <isp_vi_stream_ctrl_off+0x1004>
    b71c:	ea00004c 	b	b854 <isp_vi_stream_ctrl_off+0x1000>
    b720:	e2693020 	rsb	r3, r9, #32
    b724:	e1a0633c 	lsr	r6, ip, r3
    b728:	e1866918 	orr	r6, r6, r8, lsl r9
    b72c:	e1a02337 	lsr	r2, r7, r3
    b730:	e1a0a826 	lsr	sl, r6, #16
    b734:	e1a03335 	lsr	r3, r5, r3
    b738:	e1a00002 	mov	r0, r2
    b73c:	e1a0100a 	mov	r1, sl
    b740:	e1837917 	orr	r7, r3, r7, lsl r9
    b744:	e1a0891c 	lsl	r8, ip, r9
    b748:	e58d2004 	str	r2, [sp, #4]
    b74c:	ebfffc60 	bl	a8d4 <isp_vi_stream_ctrl_off+0x80>
    b750:	e1a0b806 	lsl	fp, r6, #16
    b754:	e59d2004 	ldr	r2, [sp, #4]
    b758:	e1a0b82b 	lsr	fp, fp, #16
    b75c:	e1a0100a 	mov	r1, sl
    b760:	e00c009b 	mul	ip, fp, r0
    b764:	e1a03000 	mov	r3, r0
    b768:	e1a00002 	mov	r0, r2
    b76c:	e58d3008 	str	r3, [sp, #8]
    b770:	e58dc00c 	str	ip, [sp, #12]
    b774:	ebfffc80 	bl	a97c <isp_vi_stream_ctrl_off+0x128>
    b778:	e59dc00c 	ldr	ip, [sp, #12]
    b77c:	e1a02827 	lsr	r2, r7, #16
    b780:	e59d3008 	ldr	r3, [sp, #8]
    b784:	e1821801 	orr	r1, r2, r1, lsl #16
    b788:	e151000c 	cmp	r1, ip
    b78c:	21a02003 	movcs	r2, r3
    b790:	2a000005 	bcs	b7ac <isp_vi_stream_ctrl_off+0xf58>
    b794:	e0911006 	adds	r1, r1, r6
    b798:	e2432001 	sub	r2, r3, #1
    b79c:	2a000002 	bcs	b7ac <isp_vi_stream_ctrl_off+0xf58>
    b7a0:	e151000c 	cmp	r1, ip
    b7a4:	32432002 	subcc	r2, r3, #2
    b7a8:	30811006 	addcc	r1, r1, r6
    b7ac:	e06cc001 	rsb	ip, ip, r1
    b7b0:	e1a0000c 	mov	r0, ip
    b7b4:	e1a0100a 	mov	r1, sl
    b7b8:	e58d2004 	str	r2, [sp, #4]
    b7bc:	e58dc00c 	str	ip, [sp, #12]
    b7c0:	ebfffc43 	bl	a8d4 <isp_vi_stream_ctrl_off+0x80>
    b7c4:	e59dc00c 	ldr	ip, [sp, #12]
    b7c8:	e1a0100a 	mov	r1, sl
    b7cc:	e1a07807 	lsl	r7, r7, #16
    b7d0:	e1a07827 	lsr	r7, r7, #16
    b7d4:	e1a03000 	mov	r3, r0
    b7d8:	e00b0b90 	mul	fp, r0, fp
    b7dc:	e1a0000c 	mov	r0, ip
    b7e0:	e58d3008 	str	r3, [sp, #8]
    b7e4:	ebfffc64 	bl	a97c <isp_vi_stream_ctrl_off+0x128>
    b7e8:	e99d000c 	ldmib	sp, {r2, r3}
    b7ec:	e1871801 	orr	r1, r7, r1, lsl #16
    b7f0:	e151000b 	cmp	r1, fp
    b7f4:	21a0c003 	movcs	ip, r3
    b7f8:	2a000005 	bcs	b814 <isp_vi_stream_ctrl_off+0xfc0>
    b7fc:	e0911006 	adds	r1, r1, r6
    b800:	e243c001 	sub	ip, r3, #1
    b804:	2a000002 	bcs	b814 <isp_vi_stream_ctrl_off+0xfc0>
    b808:	e151000b 	cmp	r1, fp
    b80c:	3243c002 	subcc	ip, r3, #2
    b810:	30811006 	addcc	r1, r1, r6
    b814:	e18cc802 	orr	ip, ip, r2, lsl #16
    b818:	e083289c 	umull	r2, r3, ip, r8
    b81c:	e06bb001 	rsb	fp, fp, r1
    b820:	e153000b 	cmp	r3, fp
    b824:	8a000006 	bhi	b844 <isp_vi_stream_ctrl_off+0xff0>
    b828:	13a03000 	movne	r3, #0
    b82c:	03a03001 	moveq	r3, #1
    b830:	e1520915 	cmp	r2, r5, lsl r9
    b834:	93a05000 	movls	r5, #0
    b838:	82035001 	andhi	r5, r3, #1
    b83c:	e3550000 	cmp	r5, #0
    b840:	0a000004 	beq	b858 <isp_vi_stream_ctrl_off+0x1004>
    b844:	e24cc001 	sub	ip, ip, #1
    b848:	e3a05000 	mov	r5, #0
    b84c:	ea000001 	b	b858 <isp_vi_stream_ctrl_off+0x1004>
    b850:	e3a05000 	mov	r5, #0
    b854:	e1a0c005 	mov	ip, r5
    b858:	e3540000 	cmp	r4, #0
    b85c:	e1a0000c 	mov	r0, ip
    b860:	e1a01005 	mov	r1, r5
    b864:	0a000001 	beq	b870 <isp_vi_stream_ctrl_off+0x101c>
    b868:	e2700000 	rsbs	r0, r0, #0
    b86c:	e2e11000 	rsc	r1, r1, #0
    b870:	e28dd014 	add	sp, sp, #20
    b874:	e8bd8ff0 	pop	{r4, r5, r6, r7, r8, r9, sl, fp, pc}
    b878:	e3530000 	cmp	r3, #0
    b87c:	e92d4ff7 	push	{r0, r1, r2, r4, r5, r6, r7, r8, r9, sl, fp, lr}
    b880:	e1a06000 	mov	r6, r0
    b884:	e1a05001 	mov	r5, r1
    b888:	e1a04002 	mov	r4, r2
    b88c:	e1a07000 	mov	r7, r0
    b890:	e1a08001 	mov	r8, r1
    b894:	1a00009e 	bne	bb14 <isp_vi_stream_ctrl_off+0x12c0>
    b898:	e1520001 	cmp	r2, r1
    b89c:	9a000032 	bls	b96c <isp_vi_stream_ctrl_off+0x1118>
    b8a0:	e16f3f12 	clz	r3, r2
    b8a4:	e3530000 	cmp	r3, #0
    b8a8:	12638020 	rsbne	r8, r3, #32
    b8ac:	11a08830 	lsrne	r8, r0, r8
    b8b0:	11a04312 	lslne	r4, r2, r3
    b8b4:	11888311 	orrne	r8, r8, r1, lsl r3
    b8b8:	e1a05824 	lsr	r5, r4, #16
    b8bc:	11a07310 	lslne	r7, r0, r3
    b8c0:	e1a01005 	mov	r1, r5
    b8c4:	e1a00008 	mov	r0, r8
    b8c8:	ebfffc01 	bl	a8d4 <isp_vi_stream_ctrl_off+0x80>
    b8cc:	e1a09804 	lsl	r9, r4, #16
    b8d0:	e1a09829 	lsr	r9, r9, #16
    b8d4:	e1a01005 	mov	r1, r5
    b8d8:	e1a06000 	mov	r6, r0
    b8dc:	e00a0099 	mul	sl, r9, r0
    b8e0:	e1a00008 	mov	r0, r8
    b8e4:	ebfffc24 	bl	a97c <isp_vi_stream_ctrl_off+0x128>
    b8e8:	e1a03827 	lsr	r3, r7, #16
    b8ec:	e1831801 	orr	r1, r3, r1, lsl #16
    b8f0:	e151000a 	cmp	r1, sl
    b8f4:	21a08006 	movcs	r8, r6
    b8f8:	2a000005 	bcs	b914 <isp_vi_stream_ctrl_off+0x10c0>
    b8fc:	e0911004 	adds	r1, r1, r4
    b900:	e2468001 	sub	r8, r6, #1
    b904:	2a000002 	bcs	b914 <isp_vi_stream_ctrl_off+0x10c0>
    b908:	e151000a 	cmp	r1, sl
    b90c:	32468002 	subcc	r8, r6, #2
    b910:	30811004 	addcc	r1, r1, r4
    b914:	e06aa001 	rsb	sl, sl, r1
    b918:	e1a0000a 	mov	r0, sl
    b91c:	e1a01005 	mov	r1, r5
    b920:	ebfffbeb 	bl	a8d4 <isp_vi_stream_ctrl_off+0x80>
    b924:	e1a01005 	mov	r1, r5
    b928:	e1a07807 	lsl	r7, r7, #16
    b92c:	e1a07827 	lsr	r7, r7, #16
    b930:	e1a06000 	mov	r6, r0
    b934:	e0090990 	mul	r9, r0, r9
    b938:	e1a0000a 	mov	r0, sl
    b93c:	ebfffc0e 	bl	a97c <isp_vi_stream_ctrl_off+0x128>
    b940:	e1871801 	orr	r1, r7, r1, lsl #16
    b944:	e1510009 	cmp	r1, r9
    b948:	21a00006 	movcs	r0, r6
    b94c:	2a000004 	bcs	b964 <isp_vi_stream_ctrl_off+0x1110>
    b950:	e0914004 	adds	r4, r1, r4
    b954:	e2460001 	sub	r0, r6, #1
    b958:	2a000001 	bcs	b964 <isp_vi_stream_ctrl_off+0x1110>
    b95c:	e1540009 	cmp	r4, r9
    b960:	32460002 	subcc	r0, r6, #2
    b964:	e1800808 	orr	r0, r0, r8, lsl #16
    b968:	ea0000bc 	b	bc60 <isp_vi_stream_ctrl_off+0x140c>
    b96c:	e3520000 	cmp	r2, #0
    b970:	1a000003 	bne	b984 <isp_vi_stream_ctrl_off+0x1130>
    b974:	e3a00001 	mov	r0, #1
    b978:	e1a01002 	mov	r1, r2
    b97c:	ebfffbd4 	bl	a8d4 <isp_vi_stream_ctrl_off+0x80>
    b980:	e1a04000 	mov	r4, r0
    b984:	e16f3f14 	clz	r3, r4
    b988:	e3530000 	cmp	r3, #0
    b98c:	0064a005 	rsbeq	sl, r4, r5
    b990:	03a05001 	moveq	r5, #1
    b994:	0a000032 	beq	ba64 <isp_vi_stream_ctrl_off+0x1210>
    b998:	e1a04314 	lsl	r4, r4, r3
    b99c:	e2639020 	rsb	r9, r3, #32
    b9a0:	e1a0b935 	lsr	fp, r5, r9
    b9a4:	e1a07316 	lsl	r7, r6, r3
    b9a8:	e1a09936 	lsr	r9, r6, r9
    b9ac:	e1a06824 	lsr	r6, r4, #16
    b9b0:	e1a0000b 	mov	r0, fp
    b9b4:	e1a01006 	mov	r1, r6
    b9b8:	e1899315 	orr	r9, r9, r5, lsl r3
    b9bc:	ebfffbc4 	bl	a8d4 <isp_vi_stream_ctrl_off+0x80>
    b9c0:	e1a0a804 	lsl	sl, r4, #16
    b9c4:	e1a0a82a 	lsr	sl, sl, #16
    b9c8:	e1a01006 	mov	r1, r6
    b9cc:	e1a08000 	mov	r8, r0
    b9d0:	e005009a 	mul	r5, sl, r0
    b9d4:	e1a0000b 	mov	r0, fp
    b9d8:	ebfffbe7 	bl	a97c <isp_vi_stream_ctrl_off+0x128>
    b9dc:	e1a03829 	lsr	r3, r9, #16
    b9e0:	e1831801 	orr	r1, r3, r1, lsl #16
    b9e4:	e1510005 	cmp	r1, r5
    b9e8:	21a0b008 	movcs	fp, r8
    b9ec:	2a000005 	bcs	ba08 <isp_vi_stream_ctrl_off+0x11b4>
    b9f0:	e0911004 	adds	r1, r1, r4
    b9f4:	e248b001 	sub	fp, r8, #1
    b9f8:	2a000002 	bcs	ba08 <isp_vi_stream_ctrl_off+0x11b4>
    b9fc:	e1510005 	cmp	r1, r5
    ba00:	3248b002 	subcc	fp, r8, #2
    ba04:	30811004 	addcc	r1, r1, r4
    ba08:	e0655001 	rsb	r5, r5, r1
    ba0c:	e1a00005 	mov	r0, r5
    ba10:	e1a01006 	mov	r1, r6
    ba14:	ebfffbae 	bl	a8d4 <isp_vi_stream_ctrl_off+0x80>
    ba18:	e1a01006 	mov	r1, r6
    ba1c:	e1a09809 	lsl	r9, r9, #16
    ba20:	e1a09829 	lsr	r9, r9, #16
    ba24:	e1a08000 	mov	r8, r0
    ba28:	e00a0a90 	mul	sl, r0, sl
    ba2c:	e1a00005 	mov	r0, r5
    ba30:	ebfffbd1 	bl	a97c <isp_vi_stream_ctrl_off+0x128>
    ba34:	e1891801 	orr	r1, r9, r1, lsl #16
    ba38:	e151000a 	cmp	r1, sl
    ba3c:	21a05008 	movcs	r5, r8
    ba40:	2a000005 	bcs	ba5c <isp_vi_stream_ctrl_off+0x1208>
    ba44:	e0911004 	adds	r1, r1, r4
    ba48:	e2485001 	sub	r5, r8, #1
    ba4c:	2a000002 	bcs	ba5c <isp_vi_stream_ctrl_off+0x1208>
    ba50:	e151000a 	cmp	r1, sl
    ba54:	32485002 	subcc	r5, r8, #2
    ba58:	30811004 	addcc	r1, r1, r4
    ba5c:	e06aa001 	rsb	sl, sl, r1
    ba60:	e185580b 	orr	r5, r5, fp, lsl #16
    ba64:	e1a06824 	lsr	r6, r4, #16
    ba68:	e1a0000a 	mov	r0, sl
    ba6c:	e1a01006 	mov	r1, r6
    ba70:	ebfffb97 	bl	a8d4 <isp_vi_stream_ctrl_off+0x80>
    ba74:	e1a09804 	lsl	r9, r4, #16
    ba78:	e1a09829 	lsr	r9, r9, #16
    ba7c:	e1a01006 	mov	r1, r6
    ba80:	e1a08000 	mov	r8, r0
    ba84:	e00b0099 	mul	fp, r9, r0
    ba88:	e1a0000a 	mov	r0, sl
    ba8c:	ebfffbba 	bl	a97c <isp_vi_stream_ctrl_off+0x128>
    ba90:	e1a03827 	lsr	r3, r7, #16
    ba94:	e1831801 	orr	r1, r3, r1, lsl #16
    ba98:	e151000b 	cmp	r1, fp
    ba9c:	21a0a008 	movcs	sl, r8
    baa0:	2a000005 	bcs	babc <isp_vi_stream_ctrl_off+0x1268>
    baa4:	e0911004 	adds	r1, r1, r4
    baa8:	e248a001 	sub	sl, r8, #1
    baac:	2a000002 	bcs	babc <isp_vi_stream_ctrl_off+0x1268>
    bab0:	e151000b 	cmp	r1, fp
    bab4:	3248a002 	subcc	sl, r8, #2
    bab8:	30811004 	addcc	r1, r1, r4
    babc:	e06bb001 	rsb	fp, fp, r1
    bac0:	e1a0000b 	mov	r0, fp
    bac4:	e1a01006 	mov	r1, r6
    bac8:	ebfffb81 	bl	a8d4 <isp_vi_stream_ctrl_off+0x80>
    bacc:	e1a01006 	mov	r1, r6
    bad0:	e1a07807 	lsl	r7, r7, #16
    bad4:	e1a07827 	lsr	r7, r7, #16
    bad8:	e1a08000 	mov	r8, r0
    badc:	e0090990 	mul	r9, r0, r9
    bae0:	e1a0000b 	mov	r0, fp
    bae4:	ebfffba4 	bl	a97c <isp_vi_stream_ctrl_off+0x128>
    bae8:	e1871801 	orr	r1, r7, r1, lsl #16
    baec:	e1510009 	cmp	r1, r9
    baf0:	21a00008 	movcs	r0, r8
    baf4:	2a000004 	bcs	bb0c <isp_vi_stream_ctrl_off+0x12b8>
    baf8:	e0914004 	adds	r4, r1, r4
    bafc:	e2480001 	sub	r0, r8, #1
    bb00:	2a000001 	bcs	bb0c <isp_vi_stream_ctrl_off+0x12b8>
    bb04:	e1540009 	cmp	r4, r9
    bb08:	32480002 	subcc	r0, r8, #2
    bb0c:	e180080a 	orr	r0, r0, sl, lsl #16
    bb10:	ea000056 	b	bc70 <isp_vi_stream_ctrl_off+0x141c>
    bb14:	e1530001 	cmp	r3, r1
    bb18:	8a000052 	bhi	bc68 <isp_vi_stream_ctrl_off+0x1414>
    bb1c:	e16f8f13 	clz	r8, r3
    bb20:	e3580000 	cmp	r8, #0
    bb24:	1a000007 	bne	bb48 <isp_vi_stream_ctrl_off+0x12f4>
    bb28:	e1510003 	cmp	r1, r3
    bb2c:	91500002 	cmpls	r0, r2
    bb30:	33a05000 	movcc	r5, #0
    bb34:	23a05001 	movcs	r5, #1
    bb38:	23a00001 	movcs	r0, #1
    bb3c:	21a05008 	movcs	r5, r8
    bb40:	2a00004a 	bcs	bc70 <isp_vi_stream_ctrl_off+0x141c>
    bb44:	ea000048 	b	bc6c <isp_vi_stream_ctrl_off+0x1418>
    bb48:	e2681020 	rsb	r1, r8, #32
    bb4c:	e1a04132 	lsr	r4, r2, r1
    bb50:	e1844813 	orr	r4, r4, r3, lsl r8
    bb54:	e1a03135 	lsr	r3, r5, r1
    bb58:	e1a01130 	lsr	r1, r0, r1
    bb5c:	e1a09824 	lsr	r9, r4, #16
    bb60:	e1815815 	orr	r5, r1, r5, lsl r8
    bb64:	e1a00003 	mov	r0, r3
    bb68:	e1a01009 	mov	r1, r9
    bb6c:	e1a07812 	lsl	r7, r2, r8
    bb70:	e58d3000 	str	r3, [sp]
    bb74:	ebfffb56 	bl	a8d4 <isp_vi_stream_ctrl_off+0x80>
    bb78:	e1a0a804 	lsl	sl, r4, #16
    bb7c:	e59d3000 	ldr	r3, [sp]
    bb80:	e1a0a82a 	lsr	sl, sl, #16
    bb84:	e1a01009 	mov	r1, r9
    bb88:	e002009a 	mul	r2, sl, r0
    bb8c:	e1a0b000 	mov	fp, r0
    bb90:	e1a00003 	mov	r0, r3
    bb94:	e58d2004 	str	r2, [sp, #4]
    bb98:	ebfffb77 	bl	a97c <isp_vi_stream_ctrl_off+0x128>
    bb9c:	e59d2004 	ldr	r2, [sp, #4]
    bba0:	e1a0c825 	lsr	ip, r5, #16
    bba4:	e18c1801 	orr	r1, ip, r1, lsl #16
    bba8:	e1510002 	cmp	r1, r2
    bbac:	21a0300b 	movcs	r3, fp
    bbb0:	2a000005 	bcs	bbcc <isp_vi_stream_ctrl_off+0x1378>
    bbb4:	e0911004 	adds	r1, r1, r4
    bbb8:	e24b3001 	sub	r3, fp, #1
    bbbc:	2a000002 	bcs	bbcc <isp_vi_stream_ctrl_off+0x1378>
    bbc0:	e1510002 	cmp	r1, r2
    bbc4:	324b3002 	subcc	r3, fp, #2
    bbc8:	30811004 	addcc	r1, r1, r4
    bbcc:	e062c001 	rsb	ip, r2, r1
    bbd0:	e1a0000c 	mov	r0, ip
    bbd4:	e1a01009 	mov	r1, r9
    bbd8:	e88d1008 	stm	sp, {r3, ip}
    bbdc:	ebfffb3c 	bl	a8d4 <isp_vi_stream_ctrl_off+0x80>
    bbe0:	e59dc004 	ldr	ip, [sp, #4]
    bbe4:	e1a01009 	mov	r1, r9
    bbe8:	e1a05805 	lsl	r5, r5, #16
    bbec:	e1a05825 	lsr	r5, r5, #16
    bbf0:	e1a0b000 	mov	fp, r0
    bbf4:	e00a0a90 	mul	sl, r0, sl
    bbf8:	e1a0000c 	mov	r0, ip
    bbfc:	ebfffb5e 	bl	a97c <isp_vi_stream_ctrl_off+0x128>
    bc00:	e59d3000 	ldr	r3, [sp]
    bc04:	e1851801 	orr	r1, r5, r1, lsl #16
    bc08:	e151000a 	cmp	r1, sl
    bc0c:	21a0000b 	movcs	r0, fp
    bc10:	2a000005 	bcs	bc2c <isp_vi_stream_ctrl_off+0x13d8>
    bc14:	e0911004 	adds	r1, r1, r4
    bc18:	e24b0001 	sub	r0, fp, #1
    bc1c:	2a000002 	bcs	bc2c <isp_vi_stream_ctrl_off+0x13d8>
    bc20:	e151000a 	cmp	r1, sl
    bc24:	324b0002 	subcc	r0, fp, #2
    bc28:	30811004 	addcc	r1, r1, r4
    bc2c:	e1800803 	orr	r0, r0, r3, lsl #16
    bc30:	e0854790 	umull	r4, r5, r0, r7
    bc34:	e06aa001 	rsb	sl, sl, r1
    bc38:	e155000a 	cmp	r5, sl
    bc3c:	8a000006 	bhi	bc5c <isp_vi_stream_ctrl_off+0x1408>
    bc40:	13a05000 	movne	r5, #0
    bc44:	03a05001 	moveq	r5, #1
    bc48:	e1540816 	cmp	r4, r6, lsl r8
    bc4c:	93a05000 	movls	r5, #0
    bc50:	82055001 	andhi	r5, r5, #1
    bc54:	e3550000 	cmp	r5, #0
    bc58:	0a000004 	beq	bc70 <isp_vi_stream_ctrl_off+0x141c>
    bc5c:	e2400001 	sub	r0, r0, #1
    bc60:	e3a05000 	mov	r5, #0
    bc64:	ea000001 	b	bc70 <isp_vi_stream_ctrl_off+0x141c>
    bc68:	e3a05000 	mov	r5, #0
    bc6c:	e1a00005 	mov	r0, r5
    bc70:	e1a01005 	mov	r1, r5
    bc74:	e28dd00c 	add	sp, sp, #12
    bc78:	e8bd8ff0 	pop	{r4, r5, r6, r7, r8, r9, sl, fp, pc}

Disassembly of section .fini:

0000bc7c <_fini>:
    bc7c:	e1a0c00d 	mov	ip, sp
    bc80:	e92ddff0 	push	{r4, r5, r6, r7, r8, r9, sl, fp, ip, lr, pc}
    bc84:	e24cb004 	sub	fp, ip, #4
    bc88:	e91baff0 	ldmdb	fp, {r4, r5, r6, r7, r8, r9, sl, fp, sp, pc}
